ETF_Ticker,Holding_Ticker,Shares_Today,Shares_Prev,Delta_Shares,Price,Market_Value_Delta
PXH,IDR,5588245648.0,0.0,5588245648.0,49.09,274326978860.32
IPKW,IDR,673613235.1,0.0,673613235.1,49.09,33067673711.059002
RSP,USD,1498568.16,45938406.46,-44439838.3,95.3,-4235116589.99
PRF,USD,0.0,6794265.86,-6794265.86,95.3,-647493536.4580001
EFAA,JPM,2502000.0,916000.0,1586000.0,302.1,479130600.00000006
QQA,TD,3901000.0,0.0,3901000.0,107.46,419201460.0
PBUS,USD,587.15,4299722.85,-4299135.7,95.3,-409707632.21
QQQM,USD,2687561.63,0.0,2687561.63,95.3,256124623.339
IDMO,JPY,6454572.0,0.0,6454572.0,36.4638,235358222.49359998
EFAA,BMO,2291000.0,912000.0,1379000.0,152.9,210849100.0
OMFL,USD,114134.84,2279134.61,-2164999.77,95.3,-206324478.081
QQQ,NVDA,186624586.0,187496154.0,-871568.0,215.2,-187561433.6
QQQ,USD,431102874.84,433047068.1,-1944193.26,95.3,-185281617.678
IMFL,JPY,4754348.0,0.0,4754348.0,36.4638,173361594.6024
RSP,CVNA,2722020.0,544820.0,2177200.0,77.94,169690968.0
QQQ,AAPL,112751517.0,113278069.0,-526552.0,293.32,-154448232.64
EFAA,TD,1392000.0,0.0,1392000.0,107.46,149584320.0
RSPA,USD,2236079.36,806406.91,1429672.45,95.3,136247784.48499998
QQQ,MSFT,57029026.0,57295352.0,-266326.0,415.12,-110557249.12
SPHD,USD,41525.89,1186118.12,-1144592.23,95.3,-109079639.519
QQQ,AMZN,82444452.0,82829484.0,-385032.0,272.68,-104990525.76
QQQ,GOOGL,44713104.0,44921907.0,-208803.0,400.8,-83688242.4
BUG,PANW,293058.0,694460.0,-401402.0,207.88,-83443447.76
QQQ,MU,23863220.0,23974667.0,-111447.0,746.81,-83229734.07
BUG,BB,0.0,12370982.0,-12370982.0,6.37,-78803155.34
QQQ,GOOG,41763986.0,41959003.0,-195017.0,397.05,-77431499.85000001
QQQ,TSLA,38331701.0,38510736.0,-179035.0,428.35,-76689642.25
QQQ,AMD,34568259.0,34729665.0,-161406.0,455.19,-73470397.14
QQQ,AVGO,36413097.0,36583165.0,-170068.0,430.0,-73129240.0
QQQM,NVDA,36217633.0,35898937.0,318696.0,215.2,68583379.2
PXF,JPY,2339480.0,563650.0,1775830.0,36.4638,64753509.953999996
QQQ,META,22651188.0,22756962.0,-105774.0,609.63,-64483003.62
QQQ,WMT,103619970.0,104103883.0,-483913.0,130.43,-63116772.59
QQQ,INTC,105904789.0,106399377.0,-494588.0,124.92,-61783932.96
QQQM,AAPL,21880360.0,21687950.0,192410.0,293.32,56437701.199999996
PXH,INR,2285795.86,5830198.86,-3544403.0,15.45,-54761026.349999994
IPKW,JPY,131972.0,1541588.0,-1409616.0,36.4638,-51399955.9008
QQA,USD,0.0,533881.85,-533881.85,95.3,-50878940.305
IGPT,JPY,1326568.0,85279.0,1241289.0,36.4638,45262113.838199995
BKCH,CRCL,397216.0,0.0,397216.0,113.67,45151542.72
QQQ,COST,9411019.0,9454939.0,-43920.0,1008.79,-44306056.8
BUG,CVLT,398599.0,0.0,398599.0,105.09,41888768.910000004
QQQM,MSFT,11067109.0,10969820.0,97289.0,415.12,40386609.68
BUG,AKAM,510298.0,783033.0,-272735.0,147.71,-40285686.85
QQQM,AMZN,15998764.0,15858115.0,140649.0,272.68,38352169.32
QQQ,CSCO,83746289.0,84137360.0,-391071.0,96.57,-37765726.47
BUG,FTNT,623305.0,945938.0,-322633.0,114.07,-36802746.309999995
QQQ,NFLX,89518987.0,89937020.0,-418033.0,87.49,-36573707.169999994
QQQ,LRCX,26476645.0,26600292.0,-123647.0,294.05,-36358400.35
EQAL,USD,0.0,367248.9,-367248.9,95.3,-34998820.17
QQQ,AMAT,16826262.0,16904830.0,-78568.0,435.44,-34211649.92
QQQ,PLTR,48584082.0,48810941.0,-226859.0,137.8,-31261170.200000003
BUG,NTSK,3957139.0,1288079.0,2669060.0,11.62,31014477.2
QQQM,GOOGL,8677661.0,8601239.0,76422.0,400.8,30629937.6
QQQM,MU,4630144.0,4589494.0,40650.0,746.81,30357826.499999996
QQQM,GOOG,8104450.0,8033177.0,71273.0,397.05,28298944.650000002
QQQM,TSLA,7439262.0,7373680.0,65582.0,428.35,28092049.700000003
BKCH,APLD,406885.0,1084178.0,-677293.0,41.25,-27938336.25
QQQM,AMD,6707868.0,6648790.0,59078.0,455.19,26891714.82
QQQM,AVGO,7065524.0,7003465.0,62059.0,430.0,26685370.0
QQQ,TXN,19242037.0,19331890.0,-89853.0,287.8,-25859693.400000002
QQA,UBS,8868000.0,8314000.0,554000.0,45.23,25057420.0
BUG,ZS,402130.0,239421.0,162709.0,152.13,24752920.169999998
QQQ,KLAC,2779095.0,2792088.0,-12993.0,1869.19,-24286385.67
QQQM,META,4396001.0,4357248.0,38753.0,609.63,23624991.39
QQQ,QCOM,22622698.0,22728350.0,-105652.0,219.09,-23147296.68
QQQM,WMT,20107544.0,19930581.0,176963.0,130.43,23081284.09
QQQ,SNDK,3129436.0,3144076.0,-14640.0,1562.34,-22872657.599999998
QQQ,LIN,9824965.0,9870837.0,-45872.0,493.16,-22622235.52
QQQM,INTC,20549664.0,20368907.0,180757.0,124.92,22580164.44
QQQ,TMUS,23361855.0,23470984.0,-109129.0,193.63,-21130648.27
QQQ,PEP,28975922.0,29111220.0,-135298.0,154.62,-20919776.76
QQQ,ADI,10351010.0,10399322.0,-48312.0,416.52,-20122914.24
KLMN,USD,629.48,209525.94,-208896.46,95.3,-19907832.638
ERTH,INR,3887626.97,2718717.97,1168909.0,15.45,18059644.05
SPLV,USD,188009.33,0.0,188009.33,95.3,17917289.148999996
QQQ,AMGN,11429398.0,11482773.0,-53375.0,331.7,-17704487.5
IDMO,USD,819310.72,1002699.35,-183388.63,95.3,-17476936.439
QQQ,STX,4623625.0,4645219.0,-21594.0,782.64,-16900328.16
QQQ,PANW,17300938.0,17381763.0,-80825.0,207.88,-16801901.0
RPV,USD,171818.25,0.0,171818.25,95.3,16374279.225
QQQ,GILD,26320803.0,26443718.0,-122915.0,131.33,-16142426.950000001
QQQM,COST,1825800.0,1809811.0,15989.0,1008.79,16129543.309999999
QQQ,WDC,7188350.0,7221900.0,-33550.0,480.0,-16104000.0
QQQ,ISRG,7529551.0,7564687.0,-35136.0,450.06,-15813308.16
QQQ,MRVL,18471057.0,18557311.0,-86254.0,170.13,-14674393.02
QQQ,APP,6510568.0,6540946.0,-30378.0,468.55,-14233611.9
QQQ,ASML,1863741.0,1872464.0,-8723.0,1592.02,-13887190.459999999
QQQM,CSCO,16250581.0,16107493.0,143088.0,96.57,13818008.159999998
QQQ,HON,13477688.0,13540640.0,-62952.0,213.12,-13416330.24
QQQ,SHOP,25994657.0,26116047.0,-121390.0,110.41,-13402669.9
QQQM,NFLX,17370400.0,17217556.0,152844.0,87.49,13372321.559999999
QQQM,LRCX,5137748.0,5092491.0,45257.0,294.05,13307820.85
BUG,CRWD,117892.0,142927.0,-25035.0,527.77,-13212721.95
QQQ,CRWD,5345035.0,5369984.0,-24949.0,527.77,-13167333.73
QQQ,BKNG,16788592.0,16866977.0,-78385.0,165.93,-13006423.05
CQQQ,USD,138178.4,2138.66,136039.74,95.3,12964587.222
SPMO,NVDA,7659415.0,7601021.0,58394.0,215.2,12566388.799999999
QQQM,AMAT,3264964.0,3236238.0,28726.0,435.44,12508449.44
BKCH,WULF,711286.0,1226833.0,-515547.0,23.39,-12058644.33
SPMO,MU,2112089.0,2095987.0,16102.0,746.81,12025134.62
QQQ,SBUX,24155640.0,24268429.0,-112789.0,104.93,-11834949.770000001
BUG,S,2783414.0,3493790.0,-710376.0,16.59,-11785137.84
QQQM,PLTR,9427274.0,9344348.0,82926.0,137.8,11427202.8
SPHB,CVNA,174595.0,33879.0,140716.0,77.94,10967405.04
QQQ,CEG,7674960.0,7710828.0,-35868.0,303.63,-10890600.84
QQQ,INTU,5863459.0,5890848.0,-27389.0,396.31,-10854534.59
QQQ,VRTX,5386086.0,5411218.0,-25132.0,429.82,-10802236.24
SPMO,AVGO,3243335.0,3218600.0,24735.0,430.0,10636050.0
QQQ,ADBE,8642774.0,8683156.0,-40382.0,253.04,-10218261.28
QQQ,CDNS,5853762.0,5881090.0,-27328.0,362.7,-9911865.6
QQQ,SNPS,4061531.0,4080502.0,-18971.0,516.48,-9798142.08
IMFL,NOK,716.82,757238.82,-756522.0,12.82,-9698612.040000001
BUG,ATEN,1337387.0,1681324.0,-343937.0,27.8,-9561448.6
QQQM,TXN,3733489.0,3700698.0,32791.0,287.8,9437249.8
QQQ,MAR,5618243.0,5644473.0,-26230.0,353.18,-9263911.4
BKCH,IREN,781724.0,932139.0,-150415.0,61.2,-9205398.0
QQQM,KLAC,539788.0,534910.0,4878.0,1869.19,9117908.82
RWL,CVNA,145610.0,29102.0,116508.0,77.94,9080633.52
QQQ,CMCSA,76081864.0,76437189.0,-355325.0,25.4,-9025255.0
BKCH,BLSH,203995.0,0.0,203995.0,43.66,8906421.7
QQQ,ADP,8536914.0,8576808.0,-39894.0,212.995,-8497222.53
QQQM,QCOM,4390230.0,4351477.0,38753.0,219.09,8490394.77
QQQM,SNDK,607547.0,602127.0,5420.0,1562.34,8467882.799999999
BKCH,ETOR,218716.0,0.0,218716.0,38.38,8394320.08
QQQ,MNST,20741460.0,20838328.0,-96868.0,86.29,-8358739.720000001
QQQ,FTNT,15687986.0,15761247.0,-73261.0,114.07,-8356882.27
QQQM,LIN,1906548.0,1889746.0,16802.0,493.16,8286074.32
QQQ,CSX,39426652.0,39610750.0,-184098.0,44.83,-8253113.34
QQQ,MELI,1074911.0,1079913.0,-5002.0,1632.52,-8165865.04
IDLV,NOK,743.49,622539.99,-621796.5,12.82,-7971431.13
QQQ,MDLZ,27177879.0,27304820.0,-126941.0,61.55,-7813218.55
QQQ,MPWR,1041391.0,1046271.0,-4880.0,1600.84,-7812099.199999999
BUG,GRRR,515645.0,0.0,515645.0,15.1,7786239.5
QQQ,ORLY,17777746.0,17860767.0,-83021.0,92.96,-7717632.159999999
QQQM,TMUS,4532951.0,4493114.0,39837.0,193.63,7713638.31
QQQM,PEP,5622981.0,5573388.0,49593.0,154.62,7668069.66
SPMO,GOOGL,2417583.0,2399153.0,18430.0,400.8,7386744.0
QQQ,NXPI,5357635.0,5382645.0,-25010.0,294.75,-7371697.5
QQQ,REGN,2202941.0,2213250.0,-10309.0,714.89,-7369801.01
QQQM,ADI,2008281.0,1990666.0,17615.0,416.52,7336999.8
PBUS,CVNA,116825.0,23361.0,93464.0,77.94,7284584.16
QQQ,ROST,6857723.0,6889748.0,-32025.0,225.81,-7231565.25
BUG,SAIL,3451234.0,2866099.0,585135.0,12.23,7156201.05
BKCH,RIOT,764795.0,1060252.0,-295457.0,24.08,-7114604.56
QQQ,AEP,11467425.0,11520983.0,-53558.0,130.16,-6971109.28
EFAA,JPY,184293.0,0.0,184293.0,36.4638,6720023.0934
QQQ,WBD,52579894.0,52825419.0,-245525.0,27.11,-6656182.75
QQQ,DASH,8692208.0,8732773.0,-40565.0,163.93,-6649820.45
QQQ,CTAS,8478525.0,8518114.0,-39589.0,166.97,-6610175.33
KLMT,NOK,1640.15,515405.15,-513765.0,12.82,-6586467.3
QQQ,PDD,14161518.0,14227642.0,-66124.0,98.78,-6531728.72
QQQ,DDOG,6964562.0,6997075.0,-32513.0,200.16,-6507802.08
QQQM,AMGN,2217759.0,2198247.0,19512.0,331.7,6472130.399999999
KBWB,USD,67049.66,0.0,67049.66,95.3,6389832.598
QQQ,BKR,20952749.0,21050593.0,-97844.0,63.89,-6251253.16
QQQM,STX,897030.0,889171.0,7859.0,782.64,6150767.76
QQQM,PANW,3357089.0,3327550.0,29539.0,207.88,6140567.32
PGF,JPM,4128011.0,4148316.0,-20305.0,302.1,-6134140.5
BUG,QLYS,453390.0,388601.0,64789.0,94.28,6108306.92
QQQ,PCAR,11150090.0,11202184.0,-52094.0,114.31,-5954865.14
QQQ,ABNB,8980651.0,9022619.0,-41968.0,141.49,-5938052.32
QQQM,GILD,5107488.0,5062502.0,44986.0,131.33,5908011.380000001
SPMO,GOOG,1937314.0,1922570.0,14744.0,397.05,5854105.2
QQQM,WDC,1394519.0,1382324.0,12195.0,480.0,5853600.0
QQQ,MSTR,6659864.0,6690974.0,-31110.0,187.59,-5835924.9
QQQM,ISRG,1460643.0,1447906.0,12737.0,450.06,5732414.22
RSPD,CVNA,91885.0,18414.0,73471.0,77.94,5726329.74
BKCH,BTDR,663645.0,1088327.0,-424682.0,13.47,-5720466.54
RWJ,AGNT,865175.0,0.0,865175.0,6.6,5710155.0
PGX,JPM,14364321.0,14345970.0,18351.0,302.1,5543837.100000001
SPMO,JNJ,3268264.0,3243335.0,24929.0,221.32,5517286.28
BUG,RDWR,804516.0,1000152.0,-195636.0,27.48,-5376077.28
QQQM,MRVL,3583811.0,3552375.0,31436.0,170.13,5348206.68
SPMO,AMD,1533757.0,1522020.0,11737.0,455.19,5342565.03
QQQ,MCHP,11473264.0,11526822.0,-53558.0,99.09,-5307062.22
BKCH,CORZ,681649.0,911687.0,-230038.0,22.92,-5272470.96
QQQ,FANG,5980684.0,6008622.0,-27938.0,188.7,-5271900.6
QQQM,APP,1263291.0,1252180.0,11111.0,468.55,5206059.05
QQQM,ASML,361922.0,358670.0,3252.0,1592.02,5177249.04
QQQ,ADSK,4494873.0,4515857.0,-20984.0,244.5,-5130588.0
PDN,JPY,39121828.0,38983146.0,138682.0,36.4638,5056872.7116
BKCH,CIFR,782024.0,1027704.0,-245680.0,20.55,-5048724.0
BUG,VRNS,1498595.0,1675396.0,-176801.0,28.53,-5044132.53
QQQ,FAST,24347041.0,24460745.0,-113704.0,44.17,-5022305.680000001
QQQ,FER,15254050.0,15325298.0,-71248.0,70.42,-5017284.16
TAN,FSLR,809608.0,786998.0,22610.0,219.95,4973069.5
QQQ,EA,5305923.0,5330689.0,-24766.0,200.44,-4964097.04
QQQM,HON,2615314.0,2592279.0,23035.0,213.12,4909219.2
QQQM,SHOP,5044262.0,4999818.0,44444.0,110.41,4907062.04
QQQ,XEL,13227515.0,13289308.0,-61793.0,79.39,-4905746.2700000005
QQQM,CRWD,1037503.0,1028289.0,9214.0,527.77,4862872.78
QQQM,BKNG,3257912.0,3229186.0,28726.0,165.93,4766505.180000001
SPMO,LRCX,2125385.0,2109186.0,16199.0,294.05,4763315.95
SPMO,INTC,4924087.0,4886548.0,37539.0,124.92,4689371.88
TAN,NXT,1326801.0,1289751.0,37050.0,125.91,4664965.5
BUG,GEN,2043186.0,2245927.0,-202741.0,22.68,-4598165.88
QQQ,EXC,21687551.0,21788811.0,-101260.0,43.91,-4446326.6
QQQ,IDXX,1688221.0,1696090.0,-7869.0,560.11,-4407505.59
BUG,TENB,1886697.0,2087094.0,-200397.0,21.83,-4374666.51
QQQM,SBUX,4686970.0,4645778.0,41192.0,104.93,4322276.5600000005
BUG,CHKP,350431.0,387798.0,-37367.0,114.93,-4294589.3100000005
QQQ,CCEP,9714821.0,9760205.0,-45384.0,94.57,-4291964.88
QQQ,PYPL,19520097.0,19611231.0,-91134.0,45.37,-4134749.5799999996
QQQ,ODFL,4419082.0,4439700.0,-20618.0,198.33,-4089167.9400000004
QQQ,TTWO,3926097.0,3944458.0,-18361.0,220.45,-4047682.4499999997
BUG,OKTA,713524.0,665385.0,48139.0,83.9,4038862.1
SPMO,XOM,3657450.0,3629514.0,27936.0,144.57,4038707.52
QQQ,TRI,9285994.85,9329365.85,-43371.0,92.94,-4030900.7399999998
QQQM,INTU,1137812.0,1127785.0,10027.0,396.31,3973800.37
PGF,FCNCA,413010.0,415040.0,-2030.0,1951.93,-3962417.9
QQQM,VRTX,1045188.0,1035974.0,9214.0,429.82,3960361.48
QQQM,CEG,1488876.0,1475868.0,13008.0,303.63,3949619.04
SPMO,CAT,567876.0,563511.0,4365.0,897.45,3917369.25
QQQ,KDP,28806668.0,28941173.0,-134505.0,28.83,-3877779.15
QQQ,ALNY,2811920.0,2825035.0,-13115.0,295.05,-3869580.75
BKCH,CLSK,1115426.0,1385260.0,-269834.0,14.2,-3831642.8
CQQQ,PDD,2365498.0,2326762.0,38736.0,98.78,3826342.08
TAN,ENLT,1488549.4,1446979.4,41570.0,90.51,3762500.7
PXF,NOK,729.94,291542.44,-290812.5,12.82,-3728216.25
QQQM,ADBE,1676645.0,1662011.0,14634.0,253.04,3702987.36
QQQM,SNPS,788544.23,781498.23,7046.0,516.48,3639118.08
QQQM,CDNS,1135996.0,1125969.0,10027.0,362.7,3636792.9
BUG,RBRK,741126.0,798994.0,-57868.0,62.34,-3607491.12
QQQ,ROP,2182294.0,2192481.0,-10187.0,343.32,-3497400.84
PGX,FCNCA,1387710.0,1385937.0,1773.0,1951.93,3460771.89
QQQM,MAR,1089741.0,1080256.0,9485.0,353.18,3349912.3000000003
QQQ,PAYX,7610875.0,7646438.0,-35563.0,93.93,-3340432.5900000003
SPMO,SNDK,277289.0,275155.0,2134.0,1562.34,3334033.56
QQQM,CMCSA,14766062.0,14636253.0,129809.0,25.4,3297148.5999999996
QQQ,CPRT,20524078.0,20619909.0,-95831.0,33.94,-3252504.1399999997
QQQ,AXON,1704640.0,1712631.0,-7991.0,403.54,-3224688.14
TAN,USD,68.93,33279.45,-33210.52,95.3,-3164962.5559999994
QQQM,ADP,1656743.0,1642109.0,14634.0,212.995,3116968.83
QQQM,MELI,208817.0,206920.0,1897.0,1632.52,3096890.44
QQQM,MNST,4027569.0,3992068.0,35501.0,86.29,3063381.29
QQQM,FTNT,3044279.0,3017450.0,26829.0,114.07,3060384.03
QQQM,MPWR,202548.0,200651.0,1897.0,1600.84,3036793.48
QQQM,CSX,7650017.0,7582809.0,67208.0,44.83,3012934.6399999997
PGF,MS,3166030.0,3181585.0,-15555.0,193.09,-3003514.95
BKCH,MARA,1222752.0,1453046.0,-230294.0,12.94,-2980004.36
QQQ,ARM,2960831.0,2974678.0,-13847.0,213.27,-2953149.69
GNOM,MRNA,38589.0,92250.0,-53661.0,54.35,-2916475.35
BKCH,BTBT,1637909.0,3232804.0,-1594895.0,1.8,-2870811.0
QQQ,GEHC,9662879.0,9708019.0,-45140.0,63.47,-2865035.8
QQQM,MDLZ,5276744.0,5230403.0,46341.0,61.55,2852288.55
QQQM,ORLY,3449598.0,3419246.0,30352.0,92.96,2821521.92
QQQ,KHC,25097976.0,25215157.0,-117181.0,23.96,-2807656.7600000002
TAN,ENPH,2708338.0,2632708.0,75630.0,36.45,2756713.5
PGX,MS,11022299.0,11008223.0,14076.0,193.09,2717934.84
QQQM,NXPI,1039863.0,1030649.0,9214.0,294.75,2715826.5
QQQM,REGN,427594.0,423800.0,3794.0,714.89,2712292.66
QQQ,WDAY,4516049.0,4537155.0,-21106.0,127.83,-2697979.98
QQQM,ROST,1330767.0,1319114.0,11653.0,225.81,2631363.93
BUG,ARQQ,182975.0,358200.0,-175225.0,14.96,-2621366.0
BKCH,BMNR,1285712.0,1400643.0,-114931.0,22.17,-2548020.27
PGX,PSA,6398551.0,6390370.0,8181.0,311.04,2544618.24
QQQM,AEP,2224881.0,2205369.0,19512.0,130.16,2539681.92
铀矿核能ura,OKLO,7909386.0,7874666.0,34720.0,72.51,2517547.2
TAN,RUN,6108275.0,5937705.0,170570.0,14.61,2492027.6999999997
SPMO,AMAT,753283.0,747560.0,5723.0,435.44,2492023.12
QQQ,CTSH,10139884.0,10187220.0,-47336.0,51.68,-2446324.48
QQQM,DASH,1687940.0,1673035.0,14905.0,163.93,2443376.65
QQQM,WBD,10208739.0,10119038.0,89701.0,27.11,2431794.11
SPMO,STX,409011.0,405907.0,3104.0,782.64,2429314.56
QQQ,ZS,3409115.0,3425036.0,-15921.0,152.13,-2422061.73
QQQM,CTAS,1645977.0,1631614.0,14363.0,166.97,2398190.11
QQQM,DDOG,1353481.0,1341557.0,11924.0,200.16,2386707.84
QQQM,PDD,2747669.0,2723550.0,24119.0,98.78,2382474.82
SPMO,CSCO,3205741.0,3181297.0,24444.0,96.57,2360557.0799999996
BUG,OSPN,698621.0,891240.0,-192619.0,12.23,-2355730.37
QQQ,VRSK,2924664.0,2938328.0,-13664.0,171.87,-2348431.68
EELV,USD,24455.2,0.0,24455.2,95.3,2330580.56
SPMO,WDC,636221.0,631371.0,4850.0,480.0,2328000.0
QQQ,DXCM,8159959.0,8198084.0,-38125.0,60.61,-2310756.25
QQQM,BKR,4065676.0,4029904.0,35772.0,63.89,2285473.08
SOXQ,NVDA,882392.0,872072.0,10320.0,215.2,2220864.0
SOXQ,MU,252688.0,249736.0,2952.0,746.81,2204583.1199999996
SPMO,GE,965523.0,958151.0,7372.0,297.15,2190589.8
QQQM,ABNB,1743066.0,1727619.0,15447.0,141.49,2185596.0300000003
QQQM,PCAR,2164878.0,2145908.0,18970.0,114.31,2168460.7
QQQ,INSM,4570165.0,4591515.0,-21350.0,101.35,-2163822.5
QQQM,MSTR,1292320.0,1280938.0,11382.0,187.59,2135149.38
IDMO,NOK,561.0,166803.0,-166242.0,12.82,-2131222.44
SPMO,GEV,262170.0,260133.0,2037.0,1040.15,2118785.5500000003
SOXQ,AVGO,407654.0,402890.0,4764.0,430.0,2048520.0
TAN,HASI,1785979.0,1736109.0,49870.0,41.05,2047163.4999999998
铀矿核能ura,UEC,30510133.0,30376089.0,134044.0,15.16,2032107.04
TAN,SEDG,1749838.0,1700978.0,48860.0,41.3,2017917.9999999998
GNOM,ARWR,29025.0,56555.0,-27530.0,72.69,-2001155.7
SPMO,RTX,1485570.0,1474221.0,11349.0,176.09,1998445.4100000001
SPMO,KLAC,138140.0,137073.0,1067.0,1869.19,1994425.73
QQQ,CHTR,2684836.0,2697402.0,-12566.0,154.86,-1945970.7600000002
QQQM,FANG,1160840.0,1150542.0,10298.0,188.7,1943232.5999999999
QQQM,MCHP,2225969.0,2206457.0,19512.0,99.09,1933444.08
SPMO,GS,265822.0,263785.0,2037.0,936.48,1907609.76
BUG,RPD,1245060.0,1517441.0,-272381.0,6.9,-1879428.9000000001
QQQM,ADSK,871842.0,864254.0,7588.0,244.5,1855266.0
QQQM,FER,2960200.0,2934184.0,26016.0,70.42,1832046.72
QQQM,FAST,4723973.0,4682510.0,41463.0,44.17,1831420.71
SPMO,PM,1394632.0,1383962.0,10670.0,170.99,1824463.3
QQQM,EA,1029103.0,1020160.0,8943.0,200.44,1792534.92
QQQM,XEL,2566317.0,2543824.0,22493.0,79.39,1785719.27
SPMO,PLTR,1696553.0,1683652.0,12901.0,137.8,1777757.8
SPMO,KO,2929352.0,2907042.0,22310.0,78.42,1749550.2
GNOM,PRAX,6361.0,11632.0,-5271.0,330.02,-1739535.42
MTRA,FERG,11266.0,18444.0,-7178.0,241.34,-1732338.52
BKCH,COIN,198160.0,189627.0,8533.0,201.16,1716498.28
SPMO,NEM,1907036.0,1892486.0,14550.0,116.51,1695220.5
SOXQ,INTC,1142614.0,1129246.0,13368.0,124.92,1669930.56
QQQM,IDXX,327951.0,324970.0,2981.0,560.11,1669687.9100000001
PGF,COF,1767156.0,1775846.0,-8690.0,189.48,-1646581.2
QQQM,EXC,4208054.0,4170927.0,37127.0,43.91,1630246.5699999998
SPMO,APH,1669539.0,1656832.0,12707.0,128.03,1626877.21
QQQM,CCEP,1884849.0,1868318.0,16531.0,94.57,1563336.67
QQQM,PYPL,3787931.0,3754598.0,33333.0,45.37,1512318.21
QQQM,ODFL,857473.0,849885.0,7588.0,198.33,1504928.04
QQQM,TTWO,763463.0,756688.0,6775.0,220.45,1493548.75
QQQM,TRI,1800392.26,1784674.26,15718.0,92.94,1460830.92
QQQM,ALNY,546983.0,542105.0,4878.0,295.05,1439253.9000000001
SPMO,GLW,1003521.0,995858.0,7663.0,186.94,1432521.22
PBD,ITM,2075424.0,2044827.0,30597.0,46.785,1431480.6449999998
TAN,SHLS,5750594.0,5590004.0,160590.0,8.84,1419615.6
QQQM,KDP,5578839.0,5529788.0,49051.0,28.83,1414140.3299999998
PGX,COF,5836676.0,5829215.0,7461.0,189.48,1413710.28
SPMO,C,1477329.0,1466077.0,11252.0,125.55,1412688.5999999999
GNOM,ALNY,0.0,4726.0,-4726.0,295.05,-1394406.3
SOXQ,AMD,260346.0,257298.0,3048.0,455.19,1387419.1199999999
TAN,CWEN,1291828.0,1255758.0,36070.0,38.16,1376431.2
QQQ,CSGP,8900547.0,8942088.0,-41541.0,32.77,-1361298.57
TAN,ARRY,5640576.0,5483066.0,157510.0,8.57,1349860.7
SPMO,MS,885763.0,878973.0,6790.0,193.09,1311081.1
PRF,GOOGL,1185011.0,1188275.0,-3264.0,400.8,-1308211.2
QQQM,ROP,424368.0,420574.0,3794.0,343.32,1302556.08
QVML,CVNA,20535.0,4107.0,16428.0,77.94,1280398.32
SOXQ,MRVL,638056.0,630592.0,7464.0,170.13,1269850.32
QQQM,PAYX,1476874.0,1463866.0,13008.0,93.93,1221841.4400000002
SPMO,ADI,376494.0,373584.0,2910.0,416.52,1212073.2
QQQM,AXON,331409.0,328428.0,2981.0,403.54,1202952.74
PGF,ALL,1135469.0,1141054.0,-5585.0,213.15,-1190442.75
QQQM,CPRT,3982252.0,3947293.0,34959.0,33.94,1186508.46
SPMO,GILD,1174763.0,1165839.0,8924.0,131.33,1171988.9200000002
PRF,AAPL,1432652.0,1436630.0,-3978.0,293.32,-1166826.96
SPMO,WELL,708737.0,703305.0,5432.0,214.63,1165870.16
BKCH,GEMI,232456.0,0.0,232456.0,5.0,1162280.0
PRFZ,AGNT,174438.0,0.0,174438.0,6.6,1151290.8
RSPA,CVNA,18115.0,3623.0,14492.0,77.94,1129506.48
PPA,BA,3149510.0,3154179.0,-4669.0,237.36,-1108233.84
QQQM,ARM,574124.0,568975.0,5149.0,213.27,1098127.23
GNOM,CAI,67458.0,0.0,67458.0,16.15,1089446.7
BUG,TLS,1461405.0,1704239.0,-242834.0,4.48,-1087896.32
PRFZ,CVNA,17305.0,3461.0,13844.0,77.94,1079001.3599999999
GNOM,ILMN,16441.0,23985.0,-7544.0,141.88,-1070342.72
QQQM,GEHC,1870922.0,1854391.0,16531.0,63.47,1049222.57
BKCH,BKKT,115690.0,221774.0,-106084.0,9.85,-1044927.3999999999
GNOM,BLLN,11073.0,0.0,11073.0,92.96,1029346.08
QQQM,KHC,4866485.0,4823667.0,42818.0,23.96,1025919.28
铀矿核能ura,LEU,1114168.0,1109270.0,4898.0,207.33,1015502.3400000001
OMFL,AAPL,1305616.0,1302232.0,3384.0,293.32,992594.88
QQQM,WDAY,875556.0,867968.0,7588.0,127.83,969974.04
PGF,WFC,2601018.0,2613808.0,-12790.0,75.64,-967435.6
PGX,BAC,14539508.0,14520950.0,18558.0,51.31,952210.9800000001
PPA,GE,2143423.0,2146601.0,-3178.0,297.15,-944342.7
XLG,NVDA,7010324.0,7014702.0,-4378.0,215.2,-942145.6
PGF,BAC,3731902.0,3750247.0,-18345.0,51.31,-941281.9500000001
SOXQ,QCOM,366144.0,361860.0,4284.0,219.09,938581.56
TAN,DQ,1782865.0,1733075.0,49790.0,18.64,928085.6
BKCH,GLXY,547311.0,577469.0,-30158.0,30.23,-911676.34
PRF,INTC,2637632.0,2644925.0,-7293.0,124.92,-911041.56
TAN,CSIQ,1618419.0,1573229.0,45190.0,20.06,906511.3999999999
KBWB,MS,2441042.0,2445734.0,-4692.0,193.09,-905978.28
QQQM,CTSH,1967189.0,1949845.0,17344.0,51.68,896337.92
PGX,WFC,9051704.0,9040139.0,11565.0,75.64,874776.6
GNOM,BMY,11224.0,26723.0,-15499.0,56.16,-870423.84
QQQM,ZS,660133.0,654442.0,5691.0,152.13,865771.83
KBWB,GS,472849.0,473761.0,-912.0,936.48,-854069.76
SPMO,CIEN,207755.0,206203.0,1552.0,548.11,850666.72
RSPH,VEEV,74291.0,79351.0,-5060.0,166.34,-841680.4
SPMO,HWM,407384.0,404280.0,3104.0,270.56,839818.24
QQQM,VRSK,566812.0,561934.0,4878.0,171.87,838381.86
QQQM,DXCM,1581031.0,1567210.0,13821.0,60.61,837690.8099999999
PPA,RTX,3207550.0,3212303.0,-4753.0,176.09,-836955.77
PGF,MTB,802459.0,806399.0,-3940.0,212.14,-835831.6
XMMO,FLEX,1926040.0,1920216.0,5824.0,142.17,827998.08
SOXQ,TXN,245617.0,242749.0,2868.0,287.8,825410.4
XMMO,CW,374439.0,373308.0,1131.0,729.2,824725.2000000001
BKCH,CANG,2062142.0,871045.0,1191097.0,0.6909,822928.9173
PGX,ALL,3011172.0,3007329.0,3843.0,213.15,819135.4500000001
SPMO,SCHW,1206159.0,1196944.0,9215.0,88.61,816541.15
BKCH,ABTC,884919.0,1569718.0,-684799.0,1.19,-814910.8099999999
KBWB,BAC,8156821.0,8172517.0,-15696.0,51.31,-805361.76
TAN,JKS,1168205.0,1135585.0,32620.0,24.56,801147.2
QQQM,INSM,887261.0,879402.0,7859.0,101.35,796509.6499999999
SPMO,CMI,149828.0,148664.0,1164.0,679.55,790996.2
KBWB,JPM,1353497.0,1356101.0,-2604.0,302.1,-786668.4
PHO,WAT,557195.0,555011.0,2184.0,355.13,775603.92
XLG,AAPL,4235503.0,4238143.0,-2640.0,293.32,-774364.7999999999
SOXQ,LRCX,222786.0,220182.0,2604.0,294.05,765706.2000000001
SPMO,FIX,49418.0,49030.0,388.0,1952.37,757519.5599999999
SOXQ,KLAC,34122.0,33726.0,396.0,1869.19,740199.24
XMMO,STRL,288567.0,287696.0,871.0,844.8,735820.7999999999
PPA,LMT,976378.0,977827.0,-1449.0,506.51,-733932.99
CQQQ,TME,4813808.0,4734968.0,78840.0,9.24,728481.6
KBWB,WFC,4990243.0,4999843.0,-9600.0,75.64,-726144.0
GNOM,GH,23956.0,31526.0,-7570.0,95.7,-724449.0
SPMO,PWR,129658.0,128688.0,970.0,745.0,722650.0
SOXQ,ADI,146540.0,144824.0,1716.0,416.52,714748.32
QQQM,CHTR,521053.0,516446.0,4607.0,154.86,713440.02
SPHQ,AAPL,2864670.0,2867100.0,-2430.0,293.32,-712767.6
MLPX,TRP,4683203.0,4672225.0,10978.0,64.75,710825.5
SOXQ,MPWR,37660.0,37216.0,444.0,1600.84,710772.96
SOXQ,AMAT,139901.0,138269.0,1632.0,435.44,710638.08
LIT,RIO,3911719.0,3905087.0,6632.0,105.38,698880.1599999999
PGX,AMG,1801001.0,1798697.0,2304.0,302.8,697651.2000000001
MLPX,ENB,5546849.0,5533847.0,13002.0,53.59,696777.18
XMMO,FTI,3282318.0,3272399.0,9919.0,70.15,695817.8500000001
IDMO,HKD,0.0,421434.4,-421434.4,1.65,-695366.76
SPHQ,COST,818625.0,819309.0,-684.0,1008.79,-690012.36
SPMO,LMT,178488.0,177130.0,1358.0,506.51,687840.58
PHO,ROP,508822.0,506830.0,1992.0,343.32,683893.44
SPMO,BK,687816.0,682578.0,5238.0,130.5,683559.0
SPHQ,LRCX,2739181.0,2741503.0,-2322.0,294.05,-682784.1
MLPX,WMB,4042471.0,4033000.0,9471.0,71.96,681533.1599999999
GNOM,STOK,26120.0,5437.0,20683.0,32.89,680263.87
EFAA,NOK,187.14,52927.14,-52740.0,12.82,-676126.8
SPMO,MO,1302484.0,1292590.0,9894.0,68.12,673979.28
SPHB,AMD,49592.0,48112.0,1480.0,455.19,673681.2
SPMO,GD,249879.0,247939.0,1940.0,346.53,672268.2
SOXQ,TSM,139222.0,137590.0,1632.0,411.68,671861.76
SOXQ,ASML,35924.0,35504.0,420.0,1592.02,668648.4
SOXQ,NXPI,193297.0,191041.0,2256.0,294.75,664956.0
IDHQ,NOK,1687.02,53239.02,-51552.0,12.82,-660896.64
SPHQ,V,2451474.0,2453544.0,-2070.0,318.79,-659895.3
PBP,USD,0.0,6779.06,-6779.06,95.3,-646044.4180000001
PHO,FERG,682462.0,679786.0,2676.0,241.34,645825.84
SPMO,MCK,117722.0,116849.0,873.0,736.09,642606.5700000001
SPHB,MU,28442.0,27582.0,860.0,746.81,642256.6
SPMO,MNST,967284.0,959912.0,7372.0,86.29,636129.88
SPMO,JCI,593927.0,589368.0,4559.0,139.52,636071.68
OMFL,NVDA,1136604.0,1133652.0,2952.0,215.2,635270.4
IQSZ,NOK,391.52,49671.02,-49279.5,12.82,-631763.1900000001
PBD,MCY,429474.0,423144.0,6330.0,99.67,630911.1
PRF,AMZN,832570.0,834865.0,-2295.0,272.68,-625800.6
SPHQ,MA,1482125.0,1483385.0,-1260.0,495.48,-624304.8
SPHQ,GE,2475729.0,2477817.0,-2088.0,297.15,-620449.2
PGF,RNR,415780.0,417825.0,-2045.0,300.16,-613827.2000000001
SPHB,INTC,163477.0,158577.0,4900.0,124.92,612108.0
人工智能与机器人botz,NVDA,1452968.0,1450124.0,2844.0,215.2,612028.7999999999
GNOM,DHR,3558.0,0.0,3558.0,171.16,608987.28
SPMO,CME,283728.0,281594.0,2134.0,281.25,600187.5
SPHB,DELL,76470.0,74170.0,2300.0,260.46,599058.0
SPMO,PH,88867.0,88188.0,679.0,878.83,596725.5700000001
MLPX,KMI,8065428.0,8046530.0,18898.0,31.41,593586.18
PRF,MSFT,505792.0,507220.0,-1428.0,415.12,-592791.36
SPMO,LHX,253271.0,251331.0,1940.0,299.64,581301.6
XMMO,NVT,1119914.0,1116534.0,3380.0,169.95,574431.0
PHO,ECL,577081.0,574825.0,2256.0,254.22,573520.32
OMFL,GOOGL,548092.0,546670.0,1422.0,400.8,569937.6
SPMO,GM,935180.0,928002.0,7178.0,78.8,565626.4
SOXQ,COHR,143289.0,141609.0,1680.0,335.26,563236.7999999999
SPMO,FCX,1192821.0,1183703.0,9118.0,61.65,562124.7
铀矿核能ura,SMR,10138660.0,10094144.0,44516.0,12.55,558675.8
RWL,USD,8676.75,14535.8,-5859.05,95.3,-558367.465
PHO,AWK,1139893.0,1135429.0,4464.0,125.05,558223.2
XMMO,ATI,1168015.0,1164492.0,3523.0,158.39,558007.97
XMMO,RGLD,767838.0,765524.0,2314.0,238.91,552837.74
XLG,MSFT,2142437.0,2143768.0,-1331.0,415.12,-552524.72
SPHQ,CAT,732665.0,733277.0,-612.0,897.45,-549239.4
XMMO,WWD,490656.0,489174.0,1482.0,369.93,548236.26
SPHQ,CSCO,6676254.0,6681906.0,-5652.0,96.57,-545813.64
PPA,HWM,1360510.0,1362526.0,-2016.0,270.56,-545448.96
GXPC,GOOGL,71240.0,69880.0,1360.0,400.8,545088.0
PTF,SNDK,31737.0,31389.0,348.0,1562.34,543694.32
IGPT,MU,140839.0,140113.0,726.0,746.81,542184.0599999999
XMMO,TTMI,1138611.0,1135166.0,3445.0,157.31,541932.95
XMMO,FN,288702.0,287831.0,871.0,621.28,541134.88
CSD,SNDK,14424.0,14079.0,345.0,1562.34,539007.2999999999
MLPX,LNG,953919.0,951686.0,2233.0,240.11,536165.63
PPA,GD,1040036.0,1041576.0,-1540.0,346.53,-533656.2
TAN,RNW,3381837.0,3287397.0,94440.0,5.62,530752.8
MLPX,OKE,2643530.0,2637337.0,6193.0,85.16,527395.88
PGX,SO,4450512.0,4444824.0,5688.0,91.8,522158.39999999997
IGPT,USD,5915.36,474.06,5441.3,95.3,518555.89
PPA,HON,1619998.0,1622399.0,-2401.0,213.12,-511701.12
SPMO,HCA,152306.0,151142.0,1164.0,435.19,506561.16
SOXQ,TER,119677.0,118273.0,1404.0,359.77,505117.07999999996
SPHQ,KLAC,322276.0,322546.0,-270.0,1869.19,-504681.3
SPHQ,PG,4060002.0,4063440.0,-3438.0,146.42,-503391.95999999996
SPHB,WDC,34544.0,33504.0,1040.0,480.0,499200.0
QQQM,CSGP,1736330.0,1721154.0,15176.0,32.77,497317.52
PPA,NOC,608571.0,609474.0,-903.0,549.52,-496216.56
XMMO,MTZ,395775.0,394579.0,1196.0,414.29,495490.84
DTCR,EQIX,223965.0,223508.0,457.0,1072.08,489940.55999999994
HEAL,MASI,5706.0,8444.0,-2738.0,178.31,-488212.78
XMMO,NXT,1282270.0,1278396.0,3874.0,125.91,487775.33999999997
SPHQ,KO,7308033.0,7314207.0,-6174.0,78.42,-484165.08
XLG,AMZN,2818201.0,2819961.0,-1760.0,272.68,-479916.8
SPMO,NOC,118007.0,117134.0,873.0,549.52,479730.95999999996
SOXQ,MCHP,413253.0,408417.0,4836.0,99.09,479199.24
SPGP,MPWR,42302.0,42601.0,-299.0,1600.84,-478651.16
PGX,MTB,1758365.0,1756115.0,2250.0,212.14,477314.99999999994
人工智能与机器人botz,ISRG,536252.0,535208.0,1044.0,450.06,469862.64
SPHB,STX,19795.0,19195.0,600.0,782.64,469584.0
SPMO,MPWR,39396.0,39105.0,291.0,1600.84,465844.44
PRF,XOM,1160322.0,1163535.0,-3213.0,144.57,-464503.41
EQAL,CVNA,7375.0,1475.0,5900.0,77.94,459846.0
XMMO,MLI,1078303.0,1075040.0,3263.0,140.83,459528.29000000004
OMFL,GOOG,446280.0,445128.0,1152.0,397.05,457401.60000000003
KBWB,STT,1580077.0,1583113.0,-3036.0,149.49,-453851.64
SPMO,WMB,829399.0,823094.0,6305.0,71.96,453707.8
GXPC,GOOG,59543.0,58408.0,1135.0,397.05,450651.75
SPHQ,GEV,501945.0,502377.0,-432.0,1040.15,-449344.80000000005
SPHB,MPWR,9544.0,9264.0,280.0,1600.84,448235.19999999995
SPHQ,AMAT,1222733.0,1223759.0,-1026.0,435.44,-446761.44
KBWB,C,1844322.0,1847874.0,-3552.0,125.55,-445953.6
SPMO,CAH,315948.0,313523.0,2425.0,183.65,445351.25
SPGP,NVDA,296792.0,298859.0,-2067.0,215.2,-444818.39999999997
SPHB,ON,143537.0,139237.0,4300.0,103.2,443760.0
SPMO,AEP,446754.0,443359.0,3395.0,130.16,441893.2
SPMO,TEL,276033.0,273899.0,2134.0,206.2,440030.8
XMMO,MKSI,466065.0,464661.0,1404.0,313.21,439746.83999999997
SPHB,COIN,72887.0,70707.0,2180.0,201.16,438528.8
XMMO,BWXT,704949.0,702817.0,2132.0,205.33,437763.56
IGPT,INTC,675933.0,672441.0,3492.0,124.92,436220.64
PGX,TMUS,1747739.0,1745507.0,2232.0,193.63,432182.16
SPGP,HST,2776636.0,2795993.0,-19357.0,22.27,-431080.39
SPHB,MCHP,144844.0,140504.0,4340.0,99.09,430050.60000000003
KBWB,BK,1706339.0,1709627.0,-3288.0,130.5,-429084.0
SPHQ,MRK,4531841.0,4535675.0,-3834.0,111.38,-427030.92
PPA,PH,325600.0,326083.0,-483.0,878.83,-424474.89
PGX,RNR,1097058.0,1095654.0,1404.0,300.16,421424.64
XLG,GOOGL,1679768.0,1680813.0,-1045.0,400.8,-418836.0
SPMO,TER,155265.0,154101.0,1164.0,359.77,418772.27999999997
PPA,RKLB,2658296.0,2662237.0,-3941.0,105.47,-415657.27
XMMO,HL,7383318.0,7361010.0,22308.0,18.61,415151.88
PPA,LHX,929526.0,930905.0,-1379.0,299.64,-413203.56
RZV,AGNT,62206.0,0.0,62206.0,6.6,410559.6
PBW,SGML,579524.0,560746.0,18778.0,21.71,407670.38
XMMO,APG,3057984.0,3048741.0,9243.0,44.04,407061.72
BKCH,CAN,3351483.0,4148495.0,-797012.0,0.5095,-406077.61399999994
SPMO,COR,199057.0,197505.0,1552.0,261.08,405196.16
PRF,JPM,471383.0,472709.0,-1326.0,302.1,-400584.60000000003
SPHB,HOOD,173400.0,168200.0,5200.0,77.03,400556.0
XMMO,ROIV,4637472.0,4623458.0,14014.0,28.56,400239.83999999997
KBWB,PNC,957062.0,958898.0,-1836.0,216.85,-398136.6
XMMO,MTSI,365091.0,363986.0,1105.0,359.88,397667.4
PGX,DTE,2214839.0,2212013.0,2826.0,140.6,397335.6
KBWB,USB,3718035.0,3725187.0,-7152.0,55.53,-397150.56
PBW,FCEL,893827.0,864840.0,28987.0,13.7,397121.89999999997
DTCR,DLR,1123659.0,1121628.0,2031.0,195.31,396674.61
SPHB,FIX,6670.0,6470.0,200.0,1952.37,390474.0
KBWB,FITB,4108077.59,4115985.59,-7908.0,49.33,-390101.64
IGPT,GOOGL,188072.0,187100.0,972.0,400.8,389577.60000000003
KBWB,TFC,4121415.0,4129347.0,-7932.0,49.11,-389540.52
PPA,ESLT,337486.0,337983.0,-497.0,782.205,-388755.885
PBW,NVTS,653338.0,632141.0,21197.0,18.2,385785.39999999997
PWB,AMD,279417.0,278573.0,844.0,455.19,384180.36
PGF,MET,997170.0,1002070.0,-4900.0,78.08,-382592.0
IGPT,AMD,162405.0,161565.0,840.0,455.19,382359.6
SPHB,LRCX,43581.0,42281.0,1300.0,294.05,382265.0
MLPX,TRGP,656764.0,655224.0,1540.0,248.12,382104.8
KBWB,MTB,936627.0,938427.0,-1800.0,212.14,-381852.0
KBWB,COF,1038761.0,1040765.0,-2004.0,189.48,-379717.92
PGX,NEE,3171342.0,3167292.0,4050.0,93.1,377055.0
PHO,MLI,679205.0,676541.0,2664.0,140.83,375171.12000000005
KBWB,HBAN,12096897.0,12120165.0,-23268.0,16.12,-375080.16000000003
KBWB,NTRS,1207482.0,1209810.0,-2328.0,160.41,-373434.48
PRF,META,220453.0,221065.0,-612.0,609.63,-373093.56
DTCR,AMT,1008295.0,1006186.0,2109.0,176.53,372301.77
XMMO,RBC,204223.0,203612.0,611.0,605.99,370259.89
XLG,AVGO,1367643.0,1368501.0,-858.0,430.0,-368940.0
SPGP,DAL,721382.0,726413.0,-5031.0,73.33,-368923.23
SOXQ,GFS,424522.0,419554.0,4968.0,74.12,368228.16000000003
MLPX,DTM,1090521.0,1087958.0,2563.0,142.8,365996.4
SPHB,QCOM,55153.0,53493.0,1660.0,219.09,363689.4
SOXQ,ON,300829.0,297313.0,3516.0,103.2,362851.2
SPHQ,QCOM,1951446.0,1953102.0,-1656.0,219.09,-362813.04
PBW,LAR,956624.0,925628.0,30996.0,11.68,362033.27999999997
PHO,IEX,424801.0,423133.0,1668.0,216.92,361822.56
XMMO,CRS,280140.0,279295.0,845.0,427.85,361533.25
OMFL,MSFT,331580.0,330716.0,864.0,415.12,358663.68
MLPX,ET,7850788.0,7832341.0,18447.0,19.34,356764.98
XMMO,KTOS,2034185.0,2028036.0,6149.0,57.89,355965.61
MLPX,EPD,4047371.0,4037856.0,9515.0,37.19,353862.85
SPHB,XYZ,157477.0,152757.0,4720.0,74.85,353292.0
PBW,BE,41465.0,40112.0,1353.0,261.03,353173.58999999997
MLPX,PBA,3287108.0,3279386.0,7722.0,45.72,353049.83999999997
XMMO,AEIS,328772.0,327784.0,988.0,357.24,352953.12
SPHB,AVGO,27204.0,26384.0,820.0,430.0,352600.0
SPMO,ROK,101965.0,101189.0,776.0,453.89,352218.64
SPHB,TSLA,27322.0,26502.0,820.0,428.35,351247.0
SPMO,HOOD,602988.0,598429.0,4559.0,77.03,351179.77
PBW,LZM,1804408.0,1745901.0,58507.0,5.96,348701.72
PGX,DUK,2201535.0,2198727.0,2808.0,124.17,348669.36
PTF,NVDA,147988.0,146368.0,1620.0,215.2,348624.0
SPHB,SMCI,328326.0,318486.0,9840.0,35.37,348040.8
SPGP,FTNT,436631.0,439673.0,-3042.0,114.07,-347000.94
SPHB,APP,24499.0,23759.0,740.0,468.55,346727.0
IGPT,NVDA,311676.0,310068.0,1608.0,215.2,346041.6
SPHQ,WDC,854797.0,855517.0,-720.0,480.0,-345600.0
XMMO,DY,266202.0,265396.0,806.0,428.31,345217.86
SPGP,ABNB,349520.0,351951.0,-2431.0,141.49,-343962.19
PGF,USB,1259816.0,1266006.0,-6190.0,55.53,-343730.7
PRF,MU,165321.0,165780.0,-459.0,746.81,-342785.79
BKCH,EXOD,120690.0,78882.0,41808.0,8.18,341989.44
XMMO,ARWR,1542995.0,1538328.0,4667.0,72.69,339244.23
XMMO,WPC,1512796.0,1508220.0,4576.0,74.1,339081.6
KBWB,CFG,2761515.0,2766831.0,-5316.0,63.73,-338788.68
PBW,AMSC,188859.0,182750.0,6109.0,55.19,337155.70999999996
SPHB,KLAC,6211.0,6031.0,180.0,1869.19,336454.2
XLG,GOOG,1349216.0,1350063.0,-847.0,397.05,-336301.35000000003
SPHB,NXPI,37926.0,36786.0,1140.0,294.75,336015.0
SPHB,HPE,355040.0,344400.0,10640.0,31.35,333564.0
SPGP,UBER,634196.0,638616.0,-4420.0,75.45,-333489.0
PRF,CVX,656990.0,658826.0,-1836.0,181.62,-333454.32
SPHQ,GILD,2998426.0,3000964.0,-2538.0,131.33,-333315.54000000004
SPHB,GEV,10590.0,10270.0,320.0,1040.15,332848.0
GNOM,LEGN,82743.0,70925.0,11818.0,28.12,332322.16000000003
SPHB,TER,30490.0,29570.0,920.0,359.77,330988.39999999997
SPHB,AMAT,25458.0,24698.0,760.0,435.44,330934.4
PBW,POWL,32307.0,31241.0,1066.0,309.39,329809.74
MLPX,MPLX,2599418.0,2593313.0,6105.0,54.0,329670.0
RSP,INTC,3511273.0,3513897.0,-2624.0,124.92,-327790.08
PTF,AAPL,102166.0,101050.0,1116.0,293.32,327345.12
HEAL,DXCM,16599.0,21988.0,-5389.0,60.61,-326627.29
SPHB,PLTR,78721.0,76361.0,2360.0,137.8,325208.0
PGF,SCHW,747017.0,750687.0,-3670.0,88.61,-325198.7
铀矿核能ura,NNE,2699259.0,2687417.0,11842.0,27.45,325062.89999999997
SPGP,ANET,328565.0,330853.0,-2288.0,141.77,-324369.76
SPGP,EME,50256.0,50607.0,-351.0,921.64,-323495.64
SPGP,EBAY,431227.0,434230.0,-3003.0,107.69,-323393.07
PPA,TDG,178867.0,179133.0,-266.0,1215.08,-323211.27999999997
PWB,MU,142949.0,142517.0,432.0,746.81,322621.92
PTF,WDC,61405.0,60733.0,672.0,480.0,322560.0
SPGP,RCL,167351.0,168521.0,-1170.0,275.24,-322030.8
SPGP,SMCI,1305893.0,1314993.0,-9100.0,35.37,-321867.0
BKCH,MATH,202213.0,538040.0,-335827.0,0.9514,-319505.8078
PTF,STX,37466.0,37058.0,408.0,782.64,319317.12
SPHB,KEYS,29443.0,28563.0,880.0,360.3,317064.0
SPGP,NTRS,283498.0,285474.0,-1976.0,160.41,-316970.16
PHO,CNM,1642827.0,1636395.0,6432.0,49.09,315746.88
SPHB,NVDA,48839.0,47379.0,1460.0,215.2,314192.0
HEAL,PODD,5818.0,3782.0,2036.0,154.16,313869.76
PBW,BLDP,2336502.0,2260775.0,75727.0,4.13,312752.51
SPHB,DDOG,51959.0,50399.0,1560.0,200.16,312249.6
SPHB,APA,293019.0,284239.0,8780.0,35.56,312216.80000000005
MLPX,WES,3045569.0,3038408.0,7161.0,43.49,311431.89
GXPC,META,26665.0,26155.0,510.0,609.63,310911.3
PHO,VLTO,913229.0,909653.0,3576.0,86.84,310539.84
XMMO,RBA,992845.0,989842.0,3003.0,103.28,310149.84
PRF,UNH,300452.0,301268.0,-816.0,379.98,-310063.68
OMFL,V,377521.0,376549.0,972.0,318.79,309863.88
SPMO,F,3291089.0,3265966.0,25123.0,12.32,309515.36
XMMO,WCC,288329.0,287458.0,871.0,355.31,309475.01
SPHB,ADI,24727.0,23987.0,740.0,416.52,308224.8
PHO,XYL,686745.0,684057.0,2688.0,113.73,305706.24
SPHB,JBL,28728.0,27868.0,860.0,355.15,305429.0
PBW,MYRG,21836.0,21139.0,697.0,437.86,305188.42
SOXQ,ALAB,130029.0,128505.0,1524.0,199.79,304479.95999999996
PTF,LITE,30585.0,30249.0,336.0,903.8,303676.8
SPHB,CEG,33328.0,32328.0,1000.0,303.63,303630.0
SPHB,DAL,138225.0,134085.0,4140.0,73.33,303586.2
HEAL,VEEV,5934.0,4110.0,1824.0,166.34,303404.16000000003
SPHB,ALB,49586.0,48106.0,1480.0,203.52,301209.60000000003
PBD,VBK,59410.0,58534.0,876.0,343.58,300976.07999999996
PBW,ASPN,1839751.0,1780096.0,59655.0,5.04,300661.2
MLPX,PAA,5887391.0,5873564.0,13827.0,21.72,300322.44
RSP,SNDK,257038.0,257230.0,-192.0,1562.34,-299969.27999999997
CSD,GEV,12033.0,11745.0,288.0,1040.15,299563.2
KBWB,RF,5611014.0,5621814.0,-10800.0,27.63,-298404.0
PBW,CSIQ,457639.0,442797.0,14842.0,20.06,297730.51999999996
SPGP,CCL,1612712.0,1623957.0,-11245.0,26.38,-296643.1
PBW,FLNC,378700.0,366441.0,12259.0,24.16,296177.44
PTF,CIEN,49387.0,48847.0,540.0,548.11,295979.4
OMFL,QCOM,521621.0,520271.0,1350.0,219.09,295771.5
SPHB,CRWD,18847.0,18287.0,560.0,527.77,295551.2
PBW,USAR,337191.0,326244.0,10947.0,26.96,295131.12
KBWB,KEY,7080497.0,7094117.0,-13620.0,21.6,-294192.0
SPGP,BKR,658535.0,663124.0,-4589.0,63.89,-293191.21
PGF,BHF,971544.0,976319.0,-4775.0,61.38,-293089.5
SOXQ,CRDO,132141.0,130593.0,1548.0,188.505,291805.74
SPHB,UAL,97583.0,94663.0,2920.0,99.58,290773.6
SPHB,IBKR,114695.0,111255.0,3440.0,84.42,290404.8
GNOM,NTRA,10326.0,11812.0,-1486.0,194.24,-288640.64
RWL,AMZN,1497483.0,1496431.0,1052.0,272.68,286859.36
PHO,ACM,908074.0,904522.0,3552.0,80.59,286255.68
PBW,MWH,204378.0,197736.0,6642.0,43.09,286203.78
PDN,LKFT,9993.0,0.0,9993.0,28.59,285699.87
PRF,BAC,2011342.0,2016901.0,-5559.0,51.31,-285232.29000000004
SPHB,AMZN,34521.0,33481.0,1040.0,272.68,283587.2
PBW,EOSE,1089160.0,1053859.0,35301.0,8.01,282761.01
PTF,MU,34738.0,34360.0,378.0,746.81,282294.18
PRF,JNJ,450882.0,452157.0,-1275.0,221.32,-282183.0
CSD,Q,79799.0,77885.0,1914.0,147.33,281989.62
IGPT,META,89458.0,88996.0,462.0,609.63,281649.06
PBW,IONQ,175647.0,169948.0,5699.0,49.24,280618.76
SPHB,SWKS,140259.0,136059.0,4200.0,66.78,280476.0
XMMO,NLY,4074260.0,4061949.0,12311.0,22.61,278351.71
PGX,DLR,1107217.0,1105795.0,1422.0,195.31,277730.82
SPHB,VST,62671.0,60791.0,1880.0,147.72,277713.6
RSP,AMD,822465.0,823073.0,-608.0,455.19,-276755.52
PGX,RGA,1026120.0,1024806.0,1314.0,210.6,276728.39999999997
PBW,SHLS,961162.0,930002.0,31160.0,8.84,275454.4
PBW,LAC,1522163.0,1472840.0,49323.0,5.57,274729.11
SPHB,ORCL,46777.0,45377.0,1400.0,195.95,274330.0
XMMO,ELAN,3837464.0,3825868.0,11596.0,23.65,274245.39999999997
XMMO,AHR,1751876.0,1746585.0,5291.0,51.71,273597.61
PGF,C,442007.0,444182.0,-2175.0,125.55,-273071.25
SPHB,MRNA,167618.0,162598.0,5020.0,54.35,272837.0
SPHB,KKR,88514.0,85854.0,2660.0,102.52,272703.2
XMMO,FIVE,403034.0,401812.0,1222.0,223.13,272664.86
PTF,DOCN,151535.0,149873.0,1662.0,163.95,272484.89999999997
SPGP,UAL,391186.0,393916.0,-2730.0,99.58,-271853.4
SPMO,IDXX,63891.0,63406.0,485.0,560.11,271653.35000000003
SPMO,VTR,410370.0,407266.0,3104.0,87.26,270855.04000000004
PHO,WTRG,1844898.0,1837674.0,7224.0,37.47,270683.27999999997
SPMO,ETR,314016.0,311591.0,2425.0,111.59,270605.75
PBW,IONR,2019412.0,1953935.0,65477.0,4.13,270420.01
PHO,PNR,897050.0,893534.0,3516.0,76.82,270099.12
SPHB,GNRC,33111.0,32111.0,1000.0,269.41,269410.0
SPHB,APO,67369.0,65349.0,2020.0,133.2,269064.0
SPMO,EME,38728.0,38437.0,291.0,921.64,268197.24
SOXQ,ARM,106646.0,105398.0,1248.0,213.27,266160.96
SPHB,TXN,30750.0,29830.0,920.0,287.8,264776.0
PTF,AEHR,248339.0,245621.0,2718.0,97.23,264271.14
PGX,MET,2645605.0,2642221.0,3384.0,78.08,264222.72
PBW,MPWR,5545.0,5381.0,164.0,1600.84,262537.76
PRF,C,752361.0,754452.0,-2091.0,125.55,-262525.05
SPHB,WBD,322372.0,312712.0,9660.0,27.11,261882.6
PBW,QBTS,356569.0,345007.0,11562.0,22.57,260954.34
XMMO,BWA,1402490.0,1398252.0,4238.0,61.32,259874.16
XMMO,AA,1355187.0,1351092.0,4095.0,63.18,258722.1
GNOM,QGEN,53678.0,45878.0,7800.0,33.04,257712.0
PGX,PRU,2005304.0,2002748.0,2556.0,100.81,257670.36000000002
PBW,PLUG,2538760.0,2456473.0,82287.0,3.12,256735.44
PBW,BELFB,27145.0,26284.0,861.0,297.98,256560.78000000003
PBW,ENVX,1194716.0,1155971.0,38745.0,6.61,256104.45
PHO,WMS,457833.0,456045.0,1788.0,143.2,256041.59999999998
HEAL,NVCR,19272.0,33575.0,-14303.0,17.89,-255880.67
PPA,ETN,430077.0,430714.0,-637.0,401.51,-255761.87
SPHQ,TJX,1968404.0,1970060.0,-1656.0,153.36,-253964.16000000003
SPMO,DG,291886.0,289655.0,2231.0,113.29,252749.99000000002
SPHB,ANET,59551.0,57771.0,1780.0,141.77,252350.6
PBW,CDLR,263564.0,255036.0,8528.0,29.57,252172.96
SPGP,XYZ,483513.0,486880.0,-3367.0,74.85,-252019.94999999998
PBW,HYLN,3156712.0,3054376.0,102336.0,2.46,251746.56
XMMO,TLN,215457.0,214807.0,650.0,386.37,251140.5
SPMO,EBAY,310197.0,307869.0,2328.0,107.69,250702.32
RSP,STX,436463.0,436783.0,-320.0,782.64,-250444.8
PBW,NRGV,1695570.0,1640589.0,54981.0,4.53,249063.93000000002
OMFL,LRCX,324198.0,323352.0,846.0,294.05,248766.30000000002
PGF,SYF,691576.0,694976.0,-3400.0,73.14,-248676.0
SPHB,IVZ,300034.0,291034.0,9000.0,27.59,248310.0
CQQQ,JOYY,257333.0,253121.0,4212.0,58.88,248002.56
SPGP,SLB,667800.0,672454.0,-4654.0,53.27,-247918.58000000002
SPHB,SNPS,16077.0,15597.0,480.0,516.48,247910.40000000002
PHO,TTEK,2090722.0,2082538.0,8184.0,30.29,247893.36
SPHB,SYF,112663.0,109283.0,3380.0,73.14,247213.2
SPHB,DOW,223621.0,216921.0,6700.0,36.87,247028.99999999997
PBW,ARRY,888590.0,859767.0,28823.0,8.57,247013.11000000002
XMMO,ORA,669787.0,667759.0,2028.0,121.67,246746.76
SPHB,CDNS,22616.0,21936.0,680.0,362.7,246636.0
PBP,CVNA,3955.0,791.0,3164.0,77.94,246602.16
PRF,WMT,677793.0,679680.0,-1887.0,130.43,-246121.41
PBW,REX,152220.0,147300.0,4920.0,49.68,244425.6
PBW,PWR,10268.0,9940.0,328.0,745.0,244360.0
PGX,BHF,3116076.0,3112098.0,3978.0,61.38,244169.64
SPHB,LYB,112742.0,109362.0,3380.0,71.76,242548.80000000002
XMMO,OHI,1701562.0,1696427.0,5135.0,47.19,242320.65
SOXQ,MTSI,57308.0,56636.0,672.0,359.88,241839.36
XLG,META,630893.0,631289.0,-396.0,609.63,-241413.48
PBW,PLPC,21839.0,21142.0,697.0,346.25,241336.25
RSP,MS,1046739.0,1047987.0,-1248.0,193.09,-240976.32
PBW,MP,110080.0,106513.0,3567.0,67.43,240522.81000000003
SPHB,FCX,130170.0,126270.0,3900.0,61.65,240435.0
SPGP,ACGL,367427.0,369988.0,-2561.0,93.8,-240221.8
SPHB,EME,8639.0,8379.0,260.0,921.64,239626.4
SPHB,ZBRA,35143.0,34083.0,1060.0,226.03,239591.8
GNOM,VRTX,4902.0,5459.0,-557.0,429.82,-239409.74
SPGP,EXPE,148452.0,149492.0,-1040.0,229.98,-239179.19999999998
XMMO,SGI,1140434.0,1136989.0,3445.0,69.31,238772.95
PPA,APH,1255900.0,1257762.0,-1862.0,128.03,-238391.86000000002
PGX,USB,3343117.0,3338842.0,4275.0,55.53,237390.75
PWB,AVGO,183469.0,182917.0,552.0,430.0,237360.0
SPMO,CBOE,88105.0,87426.0,679.0,348.56,236672.24
DTCR,CCI,1513655.0,1511043.0,2612.0,90.57,236568.84
SPHQ,APP,602891.0,603395.0,-504.0,468.55,-236149.2
PBW,SQM,79545.0,76962.0,2583.0,91.39,236060.37
PWB,AMZN,286434.0,285570.0,864.0,272.68,235595.52000000002
OMFL,CVX,497493.0,496197.0,1296.0,181.62,235379.52000000002
XMMO,RMBS,601638.0,599818.0,1820.0,129.245,235225.9
RWL,WMT,2565007.0,2563205.0,1802.0,130.43,235034.86000000002
SPHB,ARES,61963.0,60103.0,1860.0,126.25,234825.0
PBW,ALB,35848.0,34700.0,1148.0,203.52,233640.96000000002
XMMO,ENS,336321.0,335307.0,1014.0,229.82,233037.47999999998
SPHB,MGM,200324.0,194324.0,6000.0,38.79,232740.0
XMMO,LECO,283460.0,282602.0,858.0,271.11,232612.38
PWB,GOOGL,192163.0,191583.0,580.0,400.8,232464.0
SPMO,STT,204790.0,203238.0,1552.0,149.49,232008.48
GNOM,BMRN,39622.0,43907.0,-4285.0,54.06,-231647.1
SPGP,URI,35079.0,35326.0,-247.0,937.0,-231439.0
XMMO,CACI,160678.0,160197.0,481.0,480.99,231356.19
CSD,VLTO,110746.0,108088.0,2658.0,86.84,230820.72
PBW,BETA,381095.0,368754.0,12341.0,18.68,230529.88
RSP,WDC,626774.0,627254.0,-480.0,480.0,-230400.0
SPHB,SWK,94541.0,91701.0,2840.0,81.07,230238.8
SPHB,EXPE,33425.0,32425.0,1000.0,229.98,229980.0
SPGP,SYF,449029.0,452162.0,-3133.0,73.14,-229147.62
HEAL,HNGE,7869.0,3779.0,4090.0,56.02,229121.80000000002
OMFL,MU,115861.0,115555.0,306.0,746.81,228523.86
XMMO,DTM,528062.0,526463.0,1599.0,142.8,228337.2
CSD,GEHC,149491.0,145903.0,3588.0,63.47,227730.36
SPHB,CRL,42456.0,41176.0,1280.0,177.62,227353.6
SPHB,CPAY,21924.0,21264.0,660.0,343.99,227033.4
SPHB,NRG,54834.0,53194.0,1640.0,138.11,226500.40000000002
PTF,NVTS,1134779.0,1122353.0,12426.0,18.2,226153.19999999998
IDHQ,HKD,0.0,136903.04,-136903.04,1.65,-225890.016
SPGP,TPL,82015.0,82587.0,-572.0,394.2,-225482.4
PBW,FSLR,31577.0,30552.0,1025.0,219.95,225448.75
GNOM,BNTC,18350.0,0.0,18350.0,12.28,225338.0
OMFL,MCK,115786.0,115480.0,306.0,736.09,225243.54
RSP,DELL,1143221.0,1144085.0,-864.0,260.46,-225037.43999999997
SPHB,URI,7842.0,7602.0,240.0,937.0,224880.0
SPHB,NTAP,63534.0,61634.0,1900.0,118.0,224200.0
PGX,SCHW,1978154.0,1975625.0,2529.0,88.61,224094.69
SPHQ,ETN,655969.0,656527.0,-558.0,401.51,-224042.58
SPHB,MS,38726.0,37566.0,1160.0,193.09,223984.4
GNOM,LLY,1164.0,1400.0,-236.0,948.45,-223834.2
SPHB,CCL,282327.0,273867.0,8460.0,26.38,223174.8
PBW,JOBY,631892.0,611392.0,20500.0,10.87,222834.99999999997
PBW,RUN,470985.0,455733.0,15252.0,14.61,222831.72
SPHB,RL,20631.0,20011.0,620.0,358.45,222239.0
PHO,AOS,969135.0,965343.0,3792.0,58.6,222211.2
SPGP,CAT,35430.0,35677.0,-247.0,897.45,-221670.15000000002
SPGP,HAL,799159.0,804723.0,-5564.0,39.83,-221614.12
XMMO,NYT,919654.0,916872.0,2782.0,79.41,220918.62
SPHB,BX,59143.0,57363.0,1780.0,123.77,220310.6
LIT,ALB,636870.0,635790.0,1080.0,203.52,219801.6
OMFL,META,138285.0,137925.0,360.0,609.63,219466.8
PGX,ETR,1537126.0,1535164.0,1962.0,111.59,218939.58000000002
SPGP,KLAC,17149.0,17266.0,-117.0,1869.19,-218695.23
SPHQ,ADBE,1012360.0,1013224.0,-864.0,253.04,-218626.56
SPMO,ADM,369510.0,366697.0,2813.0,77.66,218457.58
PKW,C,687739.0,689479.0,-1740.0,125.55,-218457.0
XMMO,DCI,837099.0,834564.0,2535.0,86.0,218010.0
RSP,ON,2843819.0,2845931.0,-2112.0,103.2,-217958.4
PBW,DAR,106236.0,102792.0,3444.0,63.12,217385.28
PHO,ITRI,677562.0,674910.0,2652.0,81.87,217119.24000000002
PGF,CFG,692971.0,696376.0,-3405.0,63.73,-217000.65
SPHB,ETN,17838.0,17298.0,540.0,401.51,216815.4
HEAL,HIMS,37152.0,29484.0,7668.0,28.27,216774.36
XLG,TSLA,811393.0,811899.0,-506.0,428.35,-216745.1
GNOM,BNTX,19756.0,22044.0,-2288.0,94.125,-215358.0
RSP,MU,402327.0,402615.0,-288.0,746.81,-215081.27999999997
PBW,ORA,54970.0,53207.0,1763.0,121.67,214504.21
PHO,VMI,107101.0,106681.0,420.0,510.55,214431.0
OMFL,MA,169801.0,169369.0,432.0,495.48,214047.36000000002
SPGP,APP,66214.0,66669.0,-455.0,468.55,-213190.25
XMMO,FCFS,309369.0,308433.0,936.0,227.68,213108.48
XMMO,AMG,233121.0,232419.0,702.0,302.8,212565.6
PGF,ACGL,460127.0,462392.0,-2265.0,93.8,-212457.0
PBW,SLI,1666087.0,1612090.0,53997.0,3.93,212208.21000000002
PBW,OPAL,2883520.0,2790040.0,93480.0,2.27,212199.6
SPGP,CMI,44756.0,45068.0,-312.0,679.55,-212019.59999999998
PRF,CSCO,794835.0,797028.0,-2193.0,96.57,-211778.00999999998
PBW,ESE,21861.0,21164.0,697.0,303.11,211267.67
SPHB,AAPL,24244.0,23524.0,720.0,293.32,211190.4
KBWB,EWBC,894285.0,896001.0,-1716.0,122.99,-211050.84
PBW,TSLA,15710.0,15218.0,492.0,428.35,210748.2
RSP,CIEN,495629.0,496013.0,-384.0,548.11,-210474.24
PBW,AMRC,216395.0,209384.0,7011.0,29.96,210049.56
PBW,THRM,204760.0,198118.0,6642.0,31.57,209687.94
PRF,PFE,2935227.0,2943387.0,-8160.0,25.68,-209548.8
PGX,KKR,1602661.0,1600618.0,2043.0,102.52,209448.36
PBW,ACHR,995696.0,963429.0,32267.0,6.48,209090.16
SPHB,NCLH,408439.0,396199.0,12240.0,17.08,209059.19999999998
OMFL,MO,1177158.0,1174098.0,3060.0,68.12,208447.2
PBW,NIU,2026268.0,1960586.0,65682.0,3.17,208211.94
PBW,QS,850703.0,823110.0,27593.0,7.54,208051.22
SPHB,META,11152.0,10812.0,340.0,609.63,207274.2
SPMO,JBL,77047.0,76465.0,582.0,355.15,206697.3
CSD,ECG,52728.0,51462.0,1266.0,163.24,206661.84000000003
PBW,NXT,51168.0,49528.0,1640.0,125.91,206492.4
SPGP,DECK,294774.0,296828.0,-2054.0,100.42,-206262.68
OMFL,AMZN,290073.0,289317.0,756.0,272.68,206146.08000000002
SPHB,GS,7358.0,7138.0,220.0,936.48,206025.6
PGX,EIX,2335261.0,2332273.0,2988.0,68.95,206022.6
SPHB,DD,137913.0,133773.0,4140.0,49.76,206006.4
PBW,AEIS,17794.0,17220.0,574.0,357.24,205055.76
PKW,ADBE,320376.0,321186.0,-810.0,253.04,-204962.4
RSP,MPWR,157330.0,157458.0,-128.0,1600.84,-204907.52
SPHB,COF,35899.0,34819.0,1080.0,189.48,204638.4
PPA,CW,190121.0,190401.0,-280.0,729.2,-204176.0
PGF,STT,277184.0,278549.0,-1365.0,149.49,-204053.85
SPHB,RCL,24589.0,23849.0,740.0,275.24,203677.6
RSP,QCOM,1256079.0,1257007.0,-928.0,219.09,-203315.52
GNOM,GILD,8072.0,9615.0,-1543.0,131.33,-202642.19000000003
RSP,HUM,985496.0,986232.0,-736.0,274.96,-202370.56
PRF,VZ,1550174.0,1554458.0,-4284.0,47.22,-202290.47999999998
SOXQ,ENTG,116044.0,114688.0,1356.0,149.11,202193.16000000003
PGX,T,6271279.0,6263269.0,8010.0,25.16,201531.6
IGPT,QCOM,177626.0,176708.0,918.0,219.09,201124.62
SPHB,BBY,112921.0,109541.0,3380.0,59.4,200772.0
PWB,NVDA,309672.0,308740.0,932.0,215.2,200566.4
PGF,TFC,829874.0,833954.0,-4080.0,49.11,-200368.8
XMMO,DINO,912264.0,909508.0,2756.0,72.43,199617.08000000002
SPMO,CHRW,155287.0,154123.0,1164.0,171.39,199497.96
SPHB,TRMB,109365.0,106085.0,3280.0,60.8,199424.0
PBW,JKS,250885.0,242767.0,8118.0,24.56,199378.08
SPHQ,PGR,1205040.0,1206066.0,-1026.0,194.0,-199044.0
PIE,T,535340.0,527440.0,7900.0,25.16,198764.0
RSP,DDOG,1321461.0,1322453.0,-992.0,200.16,-198558.72
PTF,ONDS,1998905.0,1977017.0,21888.0,9.06,198305.28
SPHB,TTD,286014.0,277434.0,8580.0,23.08,198026.4
HEAL,DOCS,29929.0,22311.0,7618.0,25.98,197915.64
PPA,AXON,329636.0,330126.0,-490.0,403.54,-197734.6
SPHB,TPL,16751.0,16251.0,500.0,394.2,197100.0
PRF,WFC,942700.0,945301.0,-2601.0,75.64,-196739.64
HEAL,BFLY,47113.0,0.0,47113.0,4.16,195990.08000000002
PBW,NIO,1030503.0,997088.0,33415.0,5.85,195477.75
PBW,EVGO,3060138.0,2960959.0,99179.0,1.97,195382.63
RSP,CNC,4697928.0,4701416.0,-3488.0,55.96,-195188.48
SPGP,PNC,128509.0,129406.0,-897.0,216.85,-194514.44999999998
SPMO,TPR,194682.0,193227.0,1455.0,133.48,194213.4
PWB,AAPL,219427.0,218767.0,660.0,293.32,193591.19999999998
QQA,NVDA,224699.0,223800.0,899.0,215.2,193464.8
PWB,MSFT,153601.0,153137.0,464.0,415.12,192615.68
PRF,T,2753828.0,2761478.0,-7650.0,25.16,-192474.0
SPGP,GWW,21753.0,21909.0,-156.0,1233.71,-192458.76
PWB,PLTR,463560.0,462164.0,1396.0,137.8,192368.80000000002
SPHB,GPN,92606.0,89826.0,2780.0,69.19,192348.19999999998
MLPX,SOBO,2348359.0,2342837.0,5522.0,34.71,191668.62
RSP,NVR,25466.0,25498.0,-32.0,5974.07,-191170.24
PTF,VSAT,249168.0,246438.0,2730.0,70.01,191127.30000000002
PBW,SLDP,1916240.0,1854125.0,62115.0,3.075,191003.625
PDN,HKD,11708.86,127339.58,-115630.72,1.65,-190790.688
IUS,CVNA,3055.0,611.0,2444.0,77.94,190485.36
RSP,MCHP,2560762.0,2562682.0,-1920.0,99.09,-190252.80000000002
XMMO,MP,935657.0,932836.0,2821.0,67.43,190220.03000000003
SPHB,DASH,38908.0,37748.0,1160.0,163.93,190158.80000000002
SPGP,DRI,138724.0,139686.0,-962.0,196.23,-188773.25999999998
PGX,C,1176039.0,1174536.0,1503.0,125.55,188701.65
RSP,NXPI,842942.0,843582.0,-640.0,294.75,-188640.0
DTCR,MU,89271.0,89019.0,252.0,746.81,188196.12
PBW,OLED,63785.0,61735.0,2050.0,91.75,188087.5
SPGP,TT,58416.0,58819.0,-403.0,466.17,-187866.51
PRF,MRK,605966.0,607649.0,-1683.0,111.38,-187452.53999999998
PWB,V,194508.0,193920.0,588.0,318.79,187448.52000000002
PKW,WFC,979733.0,982211.0,-2478.0,75.64,-187435.92
RSP,FIX,119736.0,119832.0,-96.0,1952.37,-187427.52
SPHQ,NEM,1890582.0,1892184.0,-1602.0,116.51,-186649.02000000002
HEAL,ASTH,9010.0,13753.0,-4743.0,39.3,-186399.9
CQQQ,ATHM,599025.0,589215.0,9810.0,19.0,186390.0
RWL,UNH,696899.0,696409.0,490.0,379.98,186190.2
SPHB,WSM,34249.0,33229.0,1020.0,182.1,185742.0
KBWB,PNFP,982468.0,984364.0,-1896.0,97.89,-185599.44
PWB,WMT,471244.0,469824.0,1420.0,130.43,185210.6
HEAL,EVH,0.0,44072.0,-44072.0,4.18,-184220.96
RSP,TXN,848018.0,848658.0,-640.0,287.8,-184192.0
SPMO,WEC,216201.0,214552.0,1649.0,111.66,184127.34
MLPX,AM,3749062.0,3740273.0,8789.0,20.92,183865.88
PKW,JCI,520203.0,521520.0,-1317.0,139.52,-183747.84000000003
RSP,HPE,7861377.0,7867233.0,-5856.0,31.35,-183585.6
PTF,LRCX,56759.0,56135.0,624.0,294.05,183487.2
SPLV,EVRG,1156261.0,1158503.0,-2242.0,81.78,-183350.76
SPHB,AXP,19518.0,18938.0,580.0,316.03,183297.4
SPLV,CNP,2255324.0,2259713.0,-4389.0,41.72,-183109.08
PGX,CMS,1967266.0,1964746.0,2520.0,72.61,182977.2
SPLV,PNW,945262.0,947105.0,-1843.0,99.25,-182917.75
SPGP,DIS,242645.0,244335.0,-1690.0,108.02,-182553.8
CSD,SOLV,103629.0,101142.0,2487.0,73.38,182496.06
SPLV,AEE,857469.0,859141.0,-1672.0,109.07,-182365.03999999998
SPLV,ATO,514959.0,515966.0,-1007.0,180.87,-182136.09
SPMO,CNP,572249.0,567884.0,4365.0,41.72,182107.8
PWB,COST,59813.0,59633.0,180.0,1008.79,181582.19999999998
OMFL,COST,66832.0,66652.0,180.0,1008.79,181582.19999999998
SPLV,SO,1012032.0,1014008.0,-1976.0,91.8,-181396.8
SPLV,LNT,1302798.0,1305325.0,-2527.0,71.76,-181337.52000000002
SPHB,EL,70112.0,68012.0,2100.0,86.2,181020.0
SPHB,EMR,42761.0,41481.0,1280.0,141.31,180876.8
SPGP,GOOG,65694.0,66149.0,-455.0,397.05,-180657.75
SPHB,NOW,66151.0,64171.0,1980.0,91.18,180536.40000000002
PBW,BEPC,151247.0,146327.0,4920.0,36.68,180465.6
SPLV,WEC,832050.0,833665.0,-1615.0,111.66,-180330.9
DTCR,SBAC,349404.0,348578.0,826.0,218.17,180208.41999999998
RSP,GLW,1278637.0,1279597.0,-960.0,186.94,-179462.4
RSP,KLAC,115037.0,115133.0,-96.0,1869.19,-179442.24
SPHB,APH,46778.0,45378.0,1400.0,128.03,179242.0
GNOM,BRKR,4056.0,0.0,4056.0,44.16,179112.96
SPHB,TPR,44913.0,43573.0,1340.0,133.48,178863.19999999998
PWB,MA,119883.0,119523.0,360.0,495.48,178372.80000000002
PGF,BK,277184.0,278549.0,-1365.0,130.5,-178132.5
SPMO,ALB,111088.0,110215.0,873.0,203.52,177672.96000000002
PTF,FORM,109662.0,108462.0,1200.0,147.87,177444.0
铀矿核能ura,URG,23218426.0,23116498.0,101928.0,1.74,177354.72
SPGP,CMG,780916.0,786363.0,-5447.0,32.49,-176973.03
SPLV,DUK,728565.0,729990.0,-1425.0,124.17,-176942.25
SPHB,DECK,58538.0,56778.0,1760.0,100.42,176739.2
HEAL,CLOV,87051.0,143682.0,-56631.0,3.12,-176688.72
SPLV,DTE,640941.0,642195.0,-1254.0,140.6,-176312.4
DJD,VZ,925573.0,929305.0,-3732.0,47.22,-176225.04
SPHQ,TT,453721.0,454099.0,-378.0,466.17,-176212.26
CVY,USD,1848.42,0.0,1848.42,95.3,176154.426
SPGP,USB,455181.0,458353.0,-3172.0,55.53,-176141.16
SPHB,PH,6825.0,6625.0,200.0,878.83,175766.0
PBW,RIVN,380300.0,367959.0,12341.0,14.22,175489.02000000002
SPMO,ATO,123044.0,122074.0,970.0,180.87,175443.9
PRF,AVGO,151561.0,151969.0,-408.0,430.0,-175440.0
PBW,TE,876901.0,848488.0,28413.0,6.16,175024.08000000002
RSP,AKAM,1582338.0,1583522.0,-1184.0,147.71,-174888.64
PGF,NTRS,221750.0,222840.0,-1090.0,160.41,-174846.9
PBW,AMPX,321074.0,310660.0,10414.0,16.7,173913.8
IGPT,STX,42404.0,42182.0,222.0,782.64,173746.08
SPGP,MTB,117781.0,118600.0,-819.0,212.14,-173742.65999999997
RSP,LITE,250719.0,250911.0,-192.0,903.8,-173529.59999999998
XMMO,AMKR,748169.0,745907.0,2262.0,76.61,173291.82
人工智能与机器人botz,GOOGL,221327.0,220895.0,432.0,400.8,173145.6
PTF,MPWR,9681.0,9573.0,108.0,1600.84,172890.72
SPGP,LLY,25858.0,26040.0,-182.0,948.45,-172617.9
CSD,RAL,152284.0,148630.0,3654.0,47.23,172578.41999999998
SPGP,RL,69669.0,70150.0,-481.0,358.45,-172414.44999999998
PTF,ICHR,211764.0,209448.0,2316.0,74.42,172356.72
RSP,CAT,238146.0,238338.0,-192.0,897.45,-172310.40000000002
SPLV,CBOE,257701.0,258195.0,-494.0,348.56,-172188.64
DTCR,AMD,133181.0,132803.0,378.0,455.19,172061.82
PBW,SES,5712210.0,5527054.0,185156.0,0.9292,172046.9552
PRF,PG,426494.0,427667.0,-1173.0,146.42,-171750.65999999997
RSP,COHR,670148.0,670660.0,-512.0,335.26,-171653.12
RSP,FTNT,2018083.0,2019587.0,-1504.0,114.07,-171561.28
PBW,ITRI,64181.0,62090.0,2091.0,81.87,171190.17
SPMO,NTRS,143257.0,142190.0,1067.0,160.41,171157.47
PGX,SYF,1834344.0,1832004.0,2340.0,73.14,171147.6
SPLV,CMS,1211458.0,1213814.0,-2356.0,72.61,-171069.16
PWB,META,93369.0,93089.0,280.0,609.63,170696.4
RSP,JBL,659430.0,659910.0,-480.0,355.15,-170472.0
PBW,ENPH,143846.0,139172.0,4674.0,36.45,170367.30000000002
RSP,UNH,590634.0,591082.0,-448.0,379.98,-170231.04
人工智能与机器人botz,AUR,12251212.0,12227200.0,24012.0,7.08,170004.96
RSP,ELV,581408.0,581856.0,-448.0,378.07,-169375.36
RSP,LRCX,769733.0,770309.0,-576.0,294.05,-169372.80000000002
SPHB,LUV,136917.0,132817.0,4100.0,41.31,169371.0
PGF,JXN,304905.0,306405.0,-1500.0,112.78,-169170.0
SPHB,ALGN,33353.0,32353.0,1000.0,168.78,168780.0
SPGP,AXP,76488.0,77021.0,-533.0,316.03,-168443.99
PTF,TER,42859.0,42391.0,468.0,359.77,168372.36
SPHQ,FTNT,1747912.0,1749388.0,-1476.0,114.07,-168367.31999999998
SPLV,AEP,661712.0,663004.0,-1292.0,130.16,-168166.72
PGX,AFG,999963.0,998685.0,1278.0,131.32,167826.96
SPHQ,MMM,1376541.0,1377711.0,-1170.0,143.29,-167649.3
PBW,SEDG,125542.0,121483.0,4059.0,41.3,167636.69999999998
SPHB,GEHC,88194.0,85554.0,2640.0,63.47,167560.8
MLPX,AROC,1925450.0,1920918.0,4532.0,36.96,167502.72
RSP,NUE,980578.0,981314.0,-736.0,227.5,-167440.0
RSP,PWR,296764.0,296988.0,-224.0,745.0,-166880.0
RSP,WST,707054.0,707566.0,-512.0,325.92,-166871.04
GNOM,ARCT,0.0,18090.0,-18090.0,9.22,-166789.80000000002
SPGP,HUBB,47970.0,48308.0,-338.0,492.58,-166492.04
SPGP,PGR,123222.0,124080.0,-858.0,194.0,-166452.0
RSP,GEV,198795.0,198955.0,-160.0,1040.15,-166424.0
SPLV,PPL,2368620.0,2373237.0,-4617.0,35.91,-165796.46999999997
SPGP,HBAN,1474353.0,1484636.0,-10283.0,16.12,-165761.96000000002
SPLV,KO,1080523.0,1082632.0,-2109.0,78.42,-165387.78
SPGP,PHM,202293.0,203697.0,-1404.0,117.55,-165040.19999999998
SPLV,VICI,2939083.0,2944802.0,-5719.0,28.84,-164935.96
SPGP,CI,81750.0,82322.0,-572.0,288.06,-164770.32
SPLV,O,1371317.0,1373977.0,-2660.0,61.92,-164707.2
PRF,NVDA,268956.0,269721.0,-765.0,215.2,-164628.0
CSD,VSNT,166573.0,162574.0,3999.0,41.14,164518.86000000002
CSD,SOLS,87515.0,85415.0,2100.0,78.25,164325.0
IGPT,WDC,65912.0,65570.0,342.0,480.0,164160.0
SPHB,SW,131260.0,127320.0,3940.0,41.55,163707.0
XMMO,PEN,169182.0,168675.0,507.0,322.23,163370.61000000002
HEAL,PHR,0.0,16049.0,-16049.0,10.17,-163218.33
RSP,VRT,628055.0,628535.0,-480.0,339.97,-163185.6
SPLV,TJX,547713.0,548777.0,-1064.0,153.36,-163175.04
PPA,ATI,692285.0,693314.0,-1029.0,158.39,-162983.31
BKCH,CD,189954.0,215863.0,-25909.0,6.29,-162967.61000000002
PRF,AMD,120266.0,120623.0,-357.0,455.19,-162502.83
SPMO,HSY,115438.0,114565.0,873.0,185.94,162325.62
XMMO,WTS,180824.0,180278.0,546.0,296.9,162107.4
SPGP,PCAR,202833.0,204250.0,-1417.0,114.31,-161977.27
RSP,KEYS,592685.0,593133.0,-448.0,360.3,-161414.4
PBW,XPEV,317883.0,307592.0,10291.0,15.62,160745.41999999998
CSD,KNF,73906.0,72133.0,1773.0,90.43,160332.39
RSP,Q,1448983.0,1450071.0,-1088.0,147.33,-160295.04
SPLV,EXC,1879309.0,1882957.0,-3648.0,43.91,-160183.68
RSP,ADI,527717.0,528101.0,-384.0,416.52,-159943.68
CSD,CR,36749.0,35867.0,882.0,181.32,159924.24
RSP,PANW,1021487.0,1022255.0,-768.0,207.88,-159651.84
人工智能与机器人botz,CGNX,1237201.0,1234771.0,2430.0,65.66,159553.8
SPLV,LIN,168389.0,168712.0,-323.0,493.16,-159290.68000000002
QQA,AAPL,135755.0,135212.0,543.0,293.32,159272.76
RSP,DVA,1088191.0,1088991.0,-800.0,198.65,-158920.0
PPA,CRS,249901.0,250272.0,-371.0,427.85,-158732.35
RSP,FFIV,581949.0,582397.0,-448.0,354.03,-158605.44
SPHQ,PH,205708.0,205888.0,-180.0,878.83,-158189.4
RSP,STLD,914267.0,914939.0,-672.0,235.1,-157987.19999999998
PTF,LSCC,113697.0,112455.0,1242.0,127.19,157969.98
RSP,GWW,151699.0,151827.0,-128.0,1233.71,-157914.88
SPGP,FITB,459403.0,462601.0,-3198.0,49.33,-157757.34
XMMO,CMC,735345.0,733122.0,2223.0,70.96,157744.08
RSP,APO,1587840.0,1589024.0,-1184.0,133.2,-157708.8
PPA,HEI,361600.0,362139.0,-539.0,292.52,-157668.28
RSP,AMZN,792182.0,792758.0,-576.0,272.68,-157063.68
MLPX,KGS,958679.0,956424.0,2255.0,69.65,157060.75
RSP,VRSN,714716.0,715260.0,-544.0,288.21,-156786.24
PHO,WTS,134653.0,134125.0,528.0,296.9,156763.19999999998
PRF,GM,716580.0,718569.0,-1989.0,78.8,-156733.19999999998
IGPT,ISRG,67009.0,66661.0,348.0,450.06,156620.88
SPGP,WRB,342234.0,344613.0,-2379.0,65.68,-156252.72000000003
RSP,CBOE,593226.0,593674.0,-448.0,348.56,-156154.88
PTF,LASR,192640.0,190528.0,2112.0,73.91,156097.91999999998
RSP,BEN,6746862.0,6751886.0,-5024.0,31.05,-155995.2
XMMO,SPXC,251851.0,251084.0,767.0,202.84,155578.28
RSP,GNRC,792294.0,792870.0,-576.0,269.41,-155180.16
SPGP,TRV,74237.0,74757.0,-520.0,298.04,-154980.80000000002
RSP,DAL,2848614.0,2850726.0,-2112.0,73.33,-154872.96
人工智能与机器人botz,BIDU,564636.0,563538.0,1098.0,141.05,154872.90000000002
SPLV,REG,1025959.0,1027954.0,-1995.0,77.59,-154792.05000000002
SPLV,ETR,717307.0,718694.0,-1387.0,111.59,-154775.33000000002
SPGP,MA,44874.0,45186.0,-312.0,495.48,-154589.76
PWB,GE,172781.0,172261.0,520.0,297.15,154518.0
RSP,CSCO,2157071.0,2158671.0,-1600.0,96.57,-154512.0
SPLV,NI,1702319.0,1705625.0,-3306.0,46.72,-154456.32
RSP,IBKR,2463319.0,2465143.0,-1824.0,84.42,-153982.08000000002
SPLV,ICE,512083.0,513071.0,-988.0,155.82,-153950.16
PTF,GOOGL,34926.0,34542.0,384.0,400.8,153907.2
RSP,HPQ,9126126.0,9132910.0,-6784.0,22.68,-153861.12
SPLV,XEL,992343.0,994281.0,-1938.0,79.39,-153857.82
RSP,VTRS,12059274.0,12068234.0,-8960.0,17.17,-153843.2
CSD,LLYVK,66864.0,65259.0,1605.0,95.75,153678.75
RSP,ARES,1628364.0,1629580.0,-1216.0,126.25,-153520.0
PWB,STX,64689.0,64493.0,196.0,782.64,153397.44
SPMO,HII,57893.0,57408.0,485.0,316.28,153395.8
RSP,AMAT,479853.0,480205.0,-352.0,435.44,-153274.88
PPA,WWD,280524.0,280937.0,-413.0,369.93,-152781.09
SPHQ,ACN,1006683.0,1007529.0,-846.0,180.42,-152635.31999999998
OMFL,WMT,452492.0,451322.0,1170.0,130.43,152603.1
RWL,AAPL,741854.0,741334.0,520.0,293.32,152526.4
PRF,CVS,610046.0,611729.0,-1683.0,90.55,-152395.65
RSP,CMI,302920.0,303144.0,-224.0,679.55,-152219.19999999998
RSP,CRWD,381142.0,381430.0,-288.0,527.77,-151997.76
PRF,BMY,971369.0,974072.0,-2703.0,56.16,-151800.47999999998
SPMO,ULTA,38429.0,38138.0,291.0,521.58,151779.78
PTF,DIOD,124376.0,123014.0,1362.0,111.41,151740.41999999998
RSP,SWKS,3043728.0,3046000.0,-2272.0,66.78,-151724.16
PTF,AMAT,32043.0,31695.0,348.0,435.44,151533.12
PBW,GEVO,2552243.0,2469505.0,82738.0,1.83,151410.54
RSP,AVGO,493160.0,493512.0,-352.0,430.0,-151360.0
RSP,NTAP,1726450.0,1727730.0,-1280.0,118.0,-151040.0
DTCR,APLD,1858930.0,1855269.0,3661.0,41.25,151016.25
PRF,COP,471181.0,472507.0,-1326.0,113.87,-150991.62
RSP,CDNS,572672.0,573088.0,-416.0,362.7,-150883.19999999998
PSI,MXL,2334562.0,2333051.0,1511.0,99.83,150843.13
PIE,MTN,81732.0,80530.0,1202.0,125.42,150754.84
RSP,CVS,2224924.0,2226588.0,-1664.0,90.55,-150675.19999999998
SPGP,META,36224.0,36471.0,-247.0,609.63,-150578.61
RSP,ORCL,1032789.0,1033557.0,-768.0,195.95,-150489.59999999998
PBUS,NVDA,4216582.0,4215884.0,698.0,215.2,150209.6
SOXQ,NVMI,24329.0,24041.0,288.0,521.16,150094.08
RWL,CVS,2358646.0,2356990.0,1656.0,90.55,149950.8
RSP,URI,215826.0,215986.0,-160.0,937.0,-149920.0
PGX,APO,877671.0,876546.0,1125.0,133.2,149850.0
RSP,GS,204543.0,204703.0,-160.0,936.48,-149836.8
RSP,ALB,1002751.0,1003487.0,-736.0,203.52,-149790.72
PGX,CFG,1835812.0,1833463.0,2349.0,63.73,149701.77
RSP,TER,557866.0,558282.0,-416.0,359.77,-149664.32
SPGP,CB,66993.0,67461.0,-468.0,319.64,-149591.52
RSP,JBHT,800907.0,801515.0,-608.0,245.4,-149203.2
PGF,AXS,304905.0,306405.0,-1500.0,99.39,-149085.0
GNOM,VIR,64622.0,48278.0,16344.0,9.12,149057.28
RSP,SNPS,389085.0,389373.0,-288.0,516.48,-148746.24
KBWB,FHN,3139760.0,3145796.0,-6036.0,24.61,-148545.96
SPGP,PH,23424.0,23593.0,-169.0,878.83,-148522.27000000002
RSP,IRM,1565789.0,1566941.0,-1152.0,128.84,-148423.68
XMMO,UGI,1518408.0,1513819.0,4589.0,32.32,148316.48
RSP,TROW,1885933.0,1887341.0,-1408.0,105.33,-148304.63999999998
RSP,STT,1337042.0,1338034.0,-992.0,149.49,-148294.08000000002
RSP,EBAY,1837608.0,1838984.0,-1376.0,107.69,-148181.44
XMHQ,FTI,3404612.0,3402503.0,2109.0,70.15,147946.35
GNOM,DGX,789.0,0.0,789.0,187.39,147850.71
RSP,IFF,2451524.0,2453348.0,-1824.0,81.05,-147835.19999999998
RSP,WAT,566185.0,566601.0,-416.0,355.13,-147734.08
RSP,KKR,1933538.0,1934978.0,-1440.0,102.52,-147628.8
PTF,ENTG,90236.0,89246.0,990.0,149.11,147618.90000000002
PKW,HCA,134506.0,134845.0,-339.0,435.19,-147529.41
RSP,EME,233871.0,234031.0,-160.0,921.64,-147462.4
SPLV,ED,712373.0,713760.0,-1387.0,106.31,-147451.97
SPMO,NRG,140130.0,139063.0,1067.0,138.11,147363.37000000002
SPGP,FISV,380946.0,383598.0,-2652.0,55.48,-147132.96
SPLV,L,726174.0,727580.0,-1406.0,104.5,-146927.0
RSP,SBAC,893477.0,894149.0,-672.0,218.17,-146610.24
RSP,BX,1570864.0,1572048.0,-1184.0,123.77,-146543.68
SPGP,FOXA,333772.0,336099.0,-2327.0,62.94,-146461.38
XLG,JPM,777511.0,777995.0,-484.0,302.1,-146216.40000000002
RSP,XYZ,2606714.0,2608666.0,-1952.0,74.85,-146107.19999999998
PGX,ACGL,1217383.0,1215826.0,1557.0,93.8,146046.6
XMMO,VMI,94914.0,94628.0,286.0,510.55,146017.30000000002
SPGP,FSLR,95383.0,96046.0,-663.0,219.95,-145826.85
SPLV,CB,232695.0,233151.0,-456.0,319.64,-145755.84
SPHQ,JCI,1244190.0,1245234.0,-1044.0,139.52,-145658.88
LIT,TSLA,200308.0,199968.0,340.0,428.35,145639.0
RSP,HST,8778971.0,8785499.0,-6528.0,22.27,-145378.56
PRF,QCOM,232644.0,233307.0,-663.0,219.09,-145256.67
RSP,ROK,451451.0,451771.0,-320.0,453.89,-145244.8
RSP,IVZ,7034241.0,7039489.0,-5248.0,27.59,-144792.32
RSP,C,1542911.0,1544063.0,-1152.0,125.55,-144633.6
RSP,MAS,2695971.0,2697987.0,-2016.0,71.74,-144627.84
RSP,NVDA,905593.0,906265.0,-672.0,215.2,-144614.4
PHO,ZWS,719910.0,717090.0,2820.0,51.19,144355.8
SPLV,CME,262128.0,262641.0,-513.0,281.25,-144281.25
XMMO,IDA,332861.0,331860.0,1001.0,144.0,144144.0
RSP,DOC,9869229.0,9876557.0,-7328.0,19.64,-143921.92
RSP,NTRS,1195687.0,1196583.0,-896.0,160.41,-143727.36
SPLV,DOC,3761491.0,3768806.0,-7315.0,19.64,-143666.6
PHO,BMI,309478.0,308266.0,1212.0,118.52,143646.24
MLPX,VG,5340017.0,5327499.0,12518.0,11.45,143331.09999999998
RSP,CARR,2870517.0,2872661.0,-2144.0,66.83,-143283.52
PRF,GS,59444.0,59597.0,-153.0,936.48,-143281.44
SPLV,INVH,2558261.0,2563239.0,-4978.0,28.73,-143017.94
SPLV,JNJ,327639.0,328285.0,-646.0,221.32,-142972.72
PKW,GM,716500.0,718312.0,-1812.0,78.8,-142785.6
PPA,PLTR,700170.0,701206.0,-1036.0,137.8,-142760.80000000002
SPLV,WELL,341100.0,341765.0,-665.0,214.63,-142728.94999999998
RSP,BXP,3230451.0,3232851.0,-2400.0,59.43,-142632.0
PKW,MPC,230613.0,231195.0,-582.0,244.87,-142514.34
RSP,INVH,6682568.0,6687528.0,-4960.0,28.73,-142500.8
SPGP,HIG,154522.0,155601.0,-1079.0,132.02,-142449.58000000002
RSP,SATS,1501782.0,1502902.0,-1120.0,127.15,-142408.0
RSP,TSN,2816670.0,2818750.0,-2080.0,68.38,-142230.4
RSP,RVTY,1879639.0,1881047.0,-1408.0,101.0,-142208.0
SPHQ,CEG,546297.0,546765.0,-468.0,303.63,-142098.84
SPLV,PG,498131.0,499100.0,-969.0,146.42,-141880.97999999998
SPLV,ADP,340314.0,340979.0,-665.0,212.995,-141641.67500000002
SPGP,LULU,155734.0,156813.0,-1079.0,131.18,-141543.22
RSP,PFG,1910025.0,1911433.0,-1408.0,100.5,-141504.0
RSP,ETN,473505.0,473857.0,-352.0,401.51,-141331.52
OMFL,AMAT,125926.0,125602.0,324.0,435.44,141082.56
SPGP,V,63868.0,64310.0,-442.0,318.79,-140905.18000000002
RSP,MNST,2173131.0,2174763.0,-1632.0,86.29,-140825.28
RSP,AAPL,645942.0,646422.0,-480.0,293.32,-140793.6
RSP,FSLR,841347.0,841987.0,-640.0,219.95,-140768.0
SPLV,RSG,357264.0,357967.0,-703.0,200.02,-140614.06
RPG,SNDK,104236.0,104146.0,90.0,1562.34,140610.6
RSP,CBRE,1271612.0,1272572.0,-960.0,146.33,-140476.80000000002
RSP,SYF,2583472.0,2585392.0,-1920.0,73.14,-140428.8
RSP,EXPD,1196449.0,1197345.0,-896.0,156.69,-140394.24
OMFL,BKNG,323187.0,322341.0,846.0,165.93,140376.78
PGX,STT,732343.0,731407.0,936.0,149.49,139922.64
RSP,MET,2408074.0,2409866.0,-1792.0,78.08,-139919.36
RSP,MDLZ,3043180.0,3045452.0,-2272.0,61.55,-139841.6
RSP,PSKY,16948556.0,16961164.0,-12608.0,11.09,-139822.72
SPLV,MO,1055191.0,1057243.0,-2052.0,68.12,-139782.24000000002
SPLV,VTR,820209.0,821805.0,-1596.0,87.26,-139266.96000000002
RSP,SMCI,5299398.0,5303334.0,-3936.0,35.37,-139216.31999999998
SPGP,AMP,42455.0,42754.0,-299.0,465.56,-139202.44
RSP,CSX,4176208.0,4179312.0,-3104.0,44.83,-139152.32
SPLV,WM,333611.0,334257.0,-646.0,215.37,-139129.02
SPLV,FE,1607306.0,1610441.0,-3135.0,44.33,-138974.55
RSP,HAL,4688802.0,4692290.0,-3488.0,39.83,-138927.04
RSP,BLK,177103.0,177231.0,-128.0,1084.83,-138858.24
SPLV,BK,543293.0,544357.0,-1064.0,130.5,-138852.0
RSP,IEX,866235.0,866875.0,-640.0,216.92,-138828.8
人工智能与机器人botz,TSLA,164241.0,163917.0,324.0,428.35,138785.4
RSP,HWM,669511.0,670023.0,-512.0,270.56,-138526.72
SPLV,FRT,612190.0,613387.0,-1197.0,115.68,-138468.96000000002
SPGP,RJF,127907.0,128804.0,-897.0,154.33,-138434.01
RSP,CRH,1619934.0,1621150.0,-1216.0,113.76,-138332.16
SPLV,KIM,3023476.0,3029366.0,-5890.0,23.48,-138297.2
RSP,CI,645794.0,646274.0,-480.0,288.06,-138268.8
SPLV,GD,200782.0,201181.0,-399.0,346.53,-138265.47
PDN,ILS,0.0,6955.84,-6955.84,19.87,-138212.54080000002
RSP,SLB,3497339.0,3499931.0,-2592.0,53.27,-138075.84
RSP,AIZ,777419.0,777995.0,-576.0,239.67,-138049.91999999998
RSP,BK,1438373.0,1439429.0,-1056.0,130.5,-137808.0
XMMO,MEDP,108794.0,108469.0,325.0,424.0,137800.0
RSP,RL,497087.0,497471.0,-384.0,358.45,-137644.8
SPHQ,ITW,630554.0,631094.0,-540.0,254.76,-137570.4
RSP,KEY,8573430.0,8579798.0,-6368.0,21.6,-137548.80000000002
SPLV,AFL,626008.0,627224.0,-1216.0,113.1,-137529.6
RSP,CASY,223858.0,224018.0,-160.0,859.49,-137518.4
RSP,DLR,932918.0,933622.0,-704.0,195.31,-137498.24
RSP,SWK,2284617.0,2286313.0,-1696.0,81.07,-137494.72
PGX,TFC,2195847.0,2193048.0,2799.0,49.11,137458.88999999998
RSP,FITB,3738773.0,3741557.0,-2784.0,49.33,-137334.72
PRF,CAT,61871.0,62024.0,-153.0,897.45,-137309.85
RSP,EQIX,173064.0,173192.0,-128.0,1072.08,-137226.24
RSP,TSLA,413145.0,413465.0,-320.0,428.35,-137072.0
RSP,UAL,1857813.0,1859189.0,-1376.0,99.58,-137022.08
RSP,FRT,1574523.0,1575707.0,-1184.0,115.68,-136965.12
XMHQ,STRL,262792.0,262630.0,162.0,844.8,136857.6
SPMO,EXPD,114984.0,114111.0,873.0,156.69,136790.37
RSP,BA,786832.0,787408.0,-576.0,237.36,-136719.36000000002
SPLV,AON,220951.0,221388.0,-437.0,312.79,-136689.23
RSP,ADM,2378456.0,2380216.0,-1760.0,77.66,-136681.6
RSP,CFG,2879322.0,2881466.0,-2144.0,63.73,-136637.12
PPA,BWXT,446695.0,447360.0,-665.0,205.33,-136544.45
GNOM,WVE,86886.0,67892.0,18994.0,7.18,136376.91999999998
PPA,TXT,1013319.0,1014817.0,-1498.0,91.01,-136332.98
RSP,EQR,2800331.0,2802411.0,-2080.0,65.54,-136323.2
PWB,WDC,94567.0,94283.0,284.0,480.0,136320.0
SPLV,MCD,252109.0,252603.0,-494.0,275.75,-136220.5
RSP,SOLV,2491413.0,2493269.0,-1856.0,73.38,-136193.28
RSP,VMC,631954.0,632434.0,-480.0,283.72,-136185.6
RSP,WAB,684925.0,685437.0,-512.0,265.71,-136043.52
SPLV,ORLY,752553.0,754016.0,-1463.0,92.96,-136000.47999999998
RSP,FDS,819632.0,820240.0,-608.0,223.61,-135954.88
SPLV,PSA,225759.0,226196.0,-437.0,311.04,-135924.48
SPLV,TRV,232514.0,232970.0,-456.0,298.04,-135906.24000000002
RSP,SPG,888778.0,889450.0,-672.0,202.12,-135824.64
RSP,ETR,1622734.0,1623950.0,-1216.0,111.59,-135693.44
XLG,LLY,228595.0,228738.0,-143.0,948.45,-135628.35
RSP,MAR,516173.0,516557.0,-384.0,353.18,-135621.12
RSP,UNP,670946.0,671458.0,-512.0,264.65,-135500.8
RSP,AVB,980521.0,981257.0,-736.0,184.08,-135482.88
RSP,APA,5109783.0,5113591.0,-3808.0,35.56,-135412.48
RSP,GL,1194926.0,1195822.0,-896.0,151.08,-135367.68000000002
RSP,FTV,2991863.0,2994103.0,-2240.0,60.43,-135363.2
RSP,DD,3663139.0,3665859.0,-2720.0,49.76,-135347.19999999998
RSP,JPM,585984.0,586432.0,-448.0,302.1,-135340.80000000002
OMFL,TJX,339843.0,338961.0,882.0,153.36,135263.52000000002
PRF,VLO,204681.0,205242.0,-561.0,241.06,-135234.66
XLG,AMD,470212.0,470509.0,-297.0,455.19,-135191.43
RSP,TFC,3690467.0,3693219.0,-2752.0,49.11,-135150.72
SPHQ,MNST,1845632.0,1847198.0,-1566.0,86.29,-135130.14
SPLV,MAA,538558.0,539603.0,-1045.0,129.31,-135128.95
RSP,EG,524018.0,524402.0,-384.0,351.52,-134983.68
RSP,TRGP,712336.0,712880.0,-544.0,248.12,-134977.28
RSP,ESS,673326.0,673838.0,-512.0,263.55,-134937.6
RSP,BKR,2856802.0,2858914.0,-2112.0,63.89,-134935.68
SPGP,ADBE,77271.0,77804.0,-533.0,253.04,-134870.32
SPLV,PEG,897426.0,899174.0,-1748.0,77.13,-134823.24
RSP,DIS,1669848.0,1671096.0,-1248.0,108.02,-134808.96
SPLV,CSX,1543451.0,1546453.0,-3002.0,44.83,-134579.66
DJD,UNH,87821.0,88175.0,-354.0,379.98,-134512.92
RSP,DOW,4901626.0,4905274.0,-3648.0,36.87,-134501.75999999998
SPLV,MNST,802253.0,803811.0,-1558.0,86.29,-134439.82
RSP,TT,389588.0,389876.0,-288.0,466.17,-134256.96
SPLV,COST,69966.0,70099.0,-133.0,1008.79,-134169.07
RSP,AMP,373840.0,374128.0,-288.0,465.56,-134081.28
RSP,MGM,4642299.0,4645755.0,-3456.0,38.79,-134058.24
RSP,TTWO,798145.0,798753.0,-608.0,220.45,-134033.6
RSP,PLD,1253470.0,1254398.0,-928.0,144.09,-133715.52
RSP,DOV,800983.0,801591.0,-608.0,219.83,-133656.64
PGX,XEL,1316408.0,1314725.0,1683.0,79.39,133613.37
RSP,WMT,1364265.0,1365289.0,-1024.0,130.43,-133560.32
RSP,GEN,7931621.0,7937509.0,-5888.0,22.68,-133539.84
SPGP,ADSK,77745.0,78291.0,-546.0,244.5,-133497.0
RSP,LII,331238.0,331494.0,-256.0,521.25,-133440.0
RSP,COF,925611.0,926315.0,-704.0,189.48,-133393.91999999998
SPMO,FE,396700.0,393693.0,3007.0,44.33,133300.31
RSP,PPG,1618692.0,1619908.0,-1216.0,109.61,-133285.76
RSP,ODFL,892439.0,893111.0,-672.0,198.33,-133277.76
PTF,TDS,261892.0,259024.0,2868.0,46.47,133275.96
RSP,USB,3225517.0,3227917.0,-2400.0,55.53,-133272.0
RSP,FDX,466189.0,466541.0,-352.0,378.58,-133260.16
PRF,AMAT,104719.0,105025.0,-306.0,435.44,-133244.63999999998
RSP,MPC,742970.0,743514.0,-544.0,244.87,-133209.28
RSP,LYB,2500631.0,2502487.0,-1856.0,71.76,-133186.56
RSP,BAC,3472184.0,3474776.0,-2592.0,51.31,-132995.52000000002
SPLV,AVB,375813.0,376535.0,-722.0,184.08,-132905.76
SPLV,AZO,17154.0,17192.0,-38.0,3496.19,-132855.22
RSP,FANG,953719.0,954423.0,-704.0,188.7,-132844.8
RSP,MSFT,416136.0,416456.0,-320.0,415.12,-132838.4
RSP,V,545317.0,545733.0,-416.0,318.79,-132616.64
SPLV,TSN,998514.0,1000452.0,-1938.0,68.38,-132520.44
RSP,APD,606666.0,607114.0,-448.0,295.41,-132343.68000000002
RSP,TGT,1418329.0,1419385.0,-1056.0,125.25,-132264.0
RSP,PRU,1774444.0,1775756.0,-1312.0,100.81,-132262.72
RSP,MLM,281823.0,282047.0,-224.0,590.38,-132245.12
RSP,CPAY,509773.0,510157.0,-384.0,343.99,-132092.16
RSP,PNC,819235.0,819843.0,-608.0,216.85,-131844.8
RSP,HLT,567497.0,567913.0,-416.0,316.78,-131780.47999999998
RSP,RF,6427595.0,6432363.0,-4768.0,27.63,-131739.84
RSP,SNA,455655.0,456007.0,-352.0,374.0,-131648.0
SPGP,PTC,129062.0,129959.0,-897.0,146.65,-131545.05000000002
RSP,IQV,981888.0,982624.0,-736.0,178.71,-131530.56
SPLV,WTW,261144.0,261657.0,-513.0,256.36,-131512.68
DTCR,MRVL,367262.0,366489.0,773.0,170.13,131510.49
PGX,SF,1340189.0,1338470.0,1719.0,76.5,131503.5
RSP,AXP,550594.0,551010.0,-416.0,316.03,-131468.47999999998
RSP,HAS,1787144.0,1788488.0,-1344.0,97.78,-131416.32
XMHQ,TWLO,1052271.0,1051620.0,651.0,201.7,131306.69999999998
RSP,ABNB,1262933.0,1263861.0,-928.0,141.49,-131302.72
GNOM,SRPT,55893.0,49321.0,6572.0,19.955,131144.25999999998
HEAL,PRVA,26763.0,32450.0,-5687.0,23.06,-131142.22
RSP,VLO,729150.0,729694.0,-544.0,241.06,-131136.64
RSP,MSCI,307933.0,308157.0,-224.0,585.42,-131134.08
RSP,GM,2252510.0,2254174.0,-1664.0,78.8,-131123.19999999998
RSP,GDDY,1946682.0,1948122.0,-1440.0,91.02,-131068.79999999999
RSP,KDP,6092944.0,6097488.0,-4544.0,28.83,-131003.51999999999
RSP,SBUX,1660820.0,1662068.0,-1248.0,104.93,-130952.64000000001
RSP,NDAQ,1970418.0,1971890.0,-1472.0,88.91,-130875.51999999999
SPGP,NFLX,214767.0,216262.0,-1495.0,87.49,-130797.54999999999
SPLV,UNP,254639.0,255133.0,-494.0,264.65,-130737.09999999999
RSP,CRL,997364.0,998100.0,-736.0,177.62,-130728.32
RSP,GRMN,713630.0,714174.0,-544.0,240.09,-130608.96
RSP,WELL,820468.0,821076.0,-608.0,214.63,-130495.04
SPLV,ROP,193133.0,193513.0,-380.0,343.32,-130461.59999999999
RSP,CCI,1924071.0,1925511.0,-1440.0,90.57,-130420.79999999999
RSP,AFL,1540941.0,1542093.0,-1152.0,113.1,-130291.2
SPLV,MRSH,407588.0,408386.0,-798.0,163.25,-130273.5
RSP,ZBRA,788411.0,788987.0,-576.0,226.03,-130193.28
MLPX,HESM,1448240.0,1444830.0,3410.0,38.17,130159.70000000001
PGX,SRE,1110787.0,1109365.0,1422.0,91.53,130155.66
RSP,ROST,791366.0,791942.0,-576.0,225.81,-130066.56
RSP,BIIB,884498.0,885170.0,-672.0,193.45,-129998.4
RSP,MCO,377819.0,378107.0,-288.0,451.32,-129980.16
SPLV,MDLZ,1086948.0,1089057.0,-2109.0,61.55,-129808.95
RSP,CTVA,2142573.0,2144173.0,-1600.0,81.13,-129808.0
PPA,PL,2243714.0,2247039.0,-3325.0,39.04,-129808.0
RSP,NSC,566147.0,566563.0,-416.0,312.01,-129796.16
RSP,ALL,819434.0,820042.0,-608.0,213.15,-129595.2
RSP,KHC,7280377.0,7285785.0,-5408.0,23.96,-129575.68000000001
SPLV,EQR,1011452.0,1013428.0,-1976.0,65.54,-129507.04000000001
RSP,JCI,1248007.0,1248935.0,-928.0,139.52,-129474.56000000001
RSP,PSA,561723.0,562139.0,-416.0,311.04,-129392.64000000001
RSP,PKG,756941.0,757517.0,-576.0,224.59,-129363.84
SPLV,D,1070242.0,1072332.0,-2090.0,61.89,-129350.1
RSP,INCY,1779677.0,1780989.0,-1312.0,98.56,-129310.72
RSP,COST,169795.0,169923.0,-128.0,1008.79,-129125.12
RSP,MTB,829003.0,829611.0,-608.0,212.14,-128981.12
RSP,HBAN,10771602.0,10779602.0,-8000.0,16.12,-128960.00000000001
SPGP,ULTA,36176.0,36423.0,-247.0,521.58,-128830.26000000001
RSP,DE,283649.0,283873.0,-224.0,574.84,-128764.16
RSP,COIN,848188.0,848828.0,-640.0,201.16,-128742.4
RSP,UDR,4671947.0,4675435.0,-3488.0,36.91,-128742.07999999999
RSP,MO,2539469.0,2541357.0,-1888.0,68.12,-128610.56000000001
RSP,VTR,1963320.0,1964792.0,-1472.0,87.26,-128446.72
PPA,HII,274019.0,274425.0,-406.0,316.28,-128409.68
RSP,RJF,1135795.0,1136627.0,-832.0,154.33,-128402.56000000001
RSP,EXR,1190464.0,1191360.0,-896.0,143.3,-128396.80000000002
HEAL,IQV,6454.0,5736.0,718.0,178.71,128313.78
RSP,EA,842732.0,843372.0,-640.0,200.44,-128281.6
RSP,MAA,1317032.0,1318024.0,-992.0,129.31,-128275.52
SPLV,CPT,631769.0,633004.0,-1235.0,103.77,-128155.95
XMHQ,ILMN,1455071.0,1454168.0,903.0,141.88,128117.64
RSP,NEE,1838008.0,1839384.0,-1376.0,93.1,-128105.59999999999
SPLV,AME,279664.0,280215.0,-551.0,232.4,-128052.40000000001
RSP,BG,1372800.0,1373824.0,-1024.0,124.94,-127938.56
SPLV,HIG,502047.0,503016.0,-969.0,132.02,-127927.38
RSP,WYNN,1683491.0,1684739.0,-1248.0,102.42,-127820.16
RSP,VEEV,1051865.0,1052633.0,-768.0,166.34,-127749.12
PGF,EQH,608315.0,611310.0,-2995.0,42.6,-127587.0
RSP,DHI,1180771.0,1181635.0,-864.0,147.63,-127552.31999999999
RSP,CCL,6487073.0,6491905.0,-4832.0,26.38,-127468.15999999999
RSP,VICI,5927845.0,5932261.0,-4416.0,28.84,-127357.44
RSP,F,13911482.0,13921818.0,-10336.0,12.32,-127339.52
QQHG,USD,12591.88,11256.6,1335.28,95.3,127252.184
RSP,WY,7252253.0,7257661.0,-5408.0,23.53,-127250.24
XMHQ,UTHR,361596.0,361371.0,225.0,564.94,127111.50000000001
PGX,WRB,1516029.0,1514094.0,1935.0,65.68,127090.80000000002
RSP,NI,3641820.0,3644540.0,-2720.0,46.72,-127078.4
RSP,ANET,1218715.0,1219611.0,-896.0,141.77,-127025.92000000001
RSP,NDSN,615507.0,615955.0,-448.0,283.53,-127021.43999999999
CSD,MRP,196502.0,191786.0,4716.0,26.93,127001.88
RSP,KIM,7270978.0,7276386.0,-5408.0,23.48,-126979.84
SPMO,EVRG,198995.0,197443.0,1552.0,81.78,126922.56
RSP,MA,334292.0,334548.0,-256.0,495.48,-126842.88
RSP,NEM,1449729.0,1450817.0,-1088.0,116.51,-126762.88
RSP,EMR,1207047.0,1207943.0,-896.0,141.31,-126613.76000000001
RSP,AME,751029.0,751573.0,-544.0,232.4,-126425.6
RSP,CEG,560270.0,560686.0,-416.0,303.63,-126310.08
RSP,LNT,2379126.0,2380886.0,-1760.0,71.76,-126297.6
RSP,PSX,993902.0,994638.0,-736.0,171.56,-126268.16
RSP,FCX,2737592.0,2739640.0,-2048.0,61.65,-126259.2
RSP,LIN,349830.0,350086.0,-256.0,493.16,-126248.96
RSP,PAYX,1792262.0,1793606.0,-1344.0,93.93,-126241.92000000001
RSP,CPT,1654191.0,1655407.0,-1216.0,103.77,-126184.31999999999
RSP,AES,11838950.0,11847750.0,-8800.0,14.33,-126104.0
RSP,HUBB,352443.0,352699.0,-256.0,492.58,-126100.48
SPLV,EW,813992.0,815569.0,-1577.0,79.96,-126096.91999999998
SPLV,AWK,520586.0,521593.0,-1007.0,125.05,-125925.34999999999
RSP,PM,1009703.0,1010439.0,-736.0,170.99,-125848.64000000001
RSP,A,1459623.0,1460711.0,-1088.0,115.62,-125794.56
RSP,UPS,1671334.0,1672582.0,-1248.0,100.78,-125773.44
RSP,AEE,1540660.0,1541812.0,-1152.0,109.07,-125648.63999999998
RSP,EVRG,2079304.0,2080840.0,-1536.0,81.78,-125614.08
RSP,UBER,2247118.0,2248782.0,-1664.0,75.45,-125548.8
RSP,DVN,3714016.8,3716768.8,-2752.0,45.61,-125518.72
RSP,KO,2170093.0,2171693.0,-1600.0,78.42,-125472.0
RSP,IDXX,280427.0,280651.0,-224.0,560.11,-125464.64
RSP,LYV,1015960.0,1016728.0,-768.0,163.28,-125399.04000000001
SPLV,VLTO,738756.0,740200.0,-1444.0,86.84,-125396.96
RSP,TEL,821226.0,821834.0,-608.0,206.2,-125369.59999999999
RSP,OKE,1964462.0,1965934.0,-1472.0,85.16,-125355.51999999999
RSP,ADSK,668670.0,669182.0,-512.0,244.5,-125184.0
RSP,EXPE,731359.0,731903.0,-544.0,229.98,-125109.12
RSP,WEC,1486980.0,1488100.0,-1120.0,111.66,-125059.2
RSP,KVUE,9544980.0,9552084.0,-7104.0,17.59,-124959.36
RSP,AEP,1283493.0,1284453.0,-960.0,130.16,-124953.59999999999
RSP,BAX,9333446.0,9340390.0,-6944.0,17.99,-124922.55999999998
RSP,PYPL,3696927.0,3699679.0,-2752.0,45.37,-124858.23999999999
RSP,EOG,1271421.0,1272381.0,-960.0,130.03,-124828.8
RSP,D,2708070.0,2710086.0,-2016.0,61.89,-124770.24
RSP,ICE,1072919.0,1073719.0,-800.0,155.82,-124656.0
SPLV,NSC,208220.0,208619.0,-399.0,312.01,-124491.98999999999
RSP,LUV,4025588.0,4028596.0,-3008.0,41.31,-124260.48000000001
人工智能与机器人botz,AVAV,372817.0,372079.0,738.0,168.29,124198.01999999999
CSD,NATL,116825.0,114020.0,2805.0,44.27,124177.35
RSP,REG,2169117.0,2170717.0,-1600.0,77.59,-124144.0
SPLV,KMI,2031702.0,2035654.0,-3952.0,31.41,-124132.32
PGF,HIG,191260.0,192200.0,-940.0,132.02,-124098.8
SOXQ,RMBS,82269.0,81309.0,960.0,129.245,124075.20000000001
PTF,YOU,199596.0,197412.0,2184.0,56.81,124073.04000000001
RSP,CINF,1027263.0,1028031.0,-768.0,161.5,-124032.0
RSP,TRV,562677.0,563093.0,-416.0,298.04,-123984.64000000001
PTF,DGII,171950.0,170066.0,1884.0,65.78,123929.52
RSP,PNW,1674481.0,1675729.0,-1248.0,99.25,-123864.0
PBUS,AAPL,2550465.0,2550043.0,422.0,293.32,123781.04
RSP,SW,3992172.0,3995148.0,-2976.0,41.55,-123652.79999999999
SPGP,RMD,86517.0,87115.0,-598.0,206.76,-123642.48
PPA,KEYS,230117.0,230460.0,-343.0,360.3,-123582.90000000001
SPGP,ERIE,82563.0,83135.0,-572.0,215.9,-123494.8
RSP,WFC,2191327.0,2192959.0,-1632.0,75.64,-123444.48
CSD,RXO,236413.0,230740.0,5673.0,21.75,123387.75
PRF,ABBV,218706.0,219318.0,-612.0,201.55,-123348.6
RSP,STZ,1123409.0,1124241.0,-832.0,148.21,-123310.72
GNOM,TWST,32945.0,30776.0,2169.0,56.85,123307.65000000001
RSP,RCL,588024.0,588472.0,-448.0,275.24,-123307.52
RSP,CL,1880058.0,1881466.0,-1408.0,87.55,-123270.4
RSP,HOOD,2140944.0,2142544.0,-1600.0,77.03,-123248.0
SPGP,GPN,256210.0,257991.0,-1781.0,69.19,-123227.39
RSP,ACGL,1776870.0,1778182.0,-1312.0,93.8,-123065.59999999999
RSP,SRE,1815565.0,1816909.0,-1344.0,91.53,-123016.32
PTF,APH,87695.0,86735.0,960.0,128.03,122908.8
HEAL,WAY,39156.0,33412.0,5744.0,21.38,122806.72
RSP,CB,521946.0,522330.0,-384.0,319.64,-122741.76
SPLV,CINF,391265.0,392025.0,-760.0,161.5,-122740.0
RSP,KMB,1683994.0,1685242.0,-1248.0,98.31,-122690.88
RSP,TJX,1067092.0,1067892.0,-800.0,153.36,-122688.00000000001
RSP,ADP,790884.0,791460.0,-576.0,212.995,-122685.12
DTCR,GDS,1527258.0,1524489.0,2769.0,44.25,122528.25
RSP,HIG,1248283.0,1249211.0,-928.0,132.02,-122514.56000000001
PTF,NET,57157.0,56533.0,624.0,196.13,122385.12
RSP,WSM,906857.0,907529.0,-672.0,182.1,-122371.2
RSP,LVS,3075274.0,3077578.0,-2304.0,53.11,-122365.44
SPMO,NI,347768.0,345149.0,2619.0,46.72,122359.68
RSP,WBD,6057866.0,6062378.0,-4512.0,27.11,-122320.31999999999
RSP,TXT,1806248.0,1807592.0,-1344.0,91.01,-122317.44
RSP,AIG,2160657.0,2162257.0,-1600.0,76.36,-122176.0
PGX,BK,731411.0,730475.0,936.0,130.5,122148.0
RSP,BKNG,974432.0,975168.0,-736.0,165.93,-122124.48000000001
RSP,DECK,1640061.0,1641277.0,-1216.0,100.42,-122110.72
RSP,WMB,2264409.0,2266105.0,-1696.0,71.96,-122044.15999999999
RSP,GD,476093.0,476445.0,-352.0,346.53,-121978.56
RSP,ORLY,1784753.0,1786065.0,-1312.0,92.96,-121963.51999999999
RSP,XEL,2079816.0,2081352.0,-1536.0,79.39,-121943.04000000001
GNOM,NTLA,62864.0,54210.0,8654.0,14.09,121934.86
RSP,WRB,2482627.0,2484483.0,-1856.0,65.68,-121902.08000000002
SPHQ,MCO,321621.0,321891.0,-270.0,451.32,-121856.4
RSP,IT,1050317.0,1051085.0,-768.0,158.65,-121843.20000000001
RSP,PG,1098861.0,1099693.0,-832.0,146.42,-121821.43999999999
PRF,CMCSA,1732730.0,1737524.0,-4794.0,25.4,-121767.59999999999
RSP,MRNA,3009985.0,3012225.0,-2240.0,54.35,-121744.0
RSP,SHW,521978.0,522362.0,-384.0,316.82,-121658.88
RSP,YUM,1075788.0,1076588.0,-800.0,151.95,-121559.99999999999
RSP,ATO,914069.0,914741.0,-672.0,180.87,-121544.64
RSP,CNP,3922413.0,3925325.0,-2912.0,41.72,-121488.64
RSP,DTE,1149834.0,1150698.0,-864.0,140.6,-121478.4
RSP,CF,1402436.0,1403492.0,-1056.0,115.02,-121461.12
SPLV,CL,711621.0,713008.0,-1387.0,87.55,-121431.84999999999
RSP,LLY,168506.0,168634.0,-128.0,948.45,-121401.6
RSP,EIX,2355248.0,2357008.0,-1760.0,68.95,-121352.0
PGX,NTRS,588468.0,587712.0,756.0,160.41,121269.95999999999
DTCR,UNIT,5641883.0,5631137.0,10746.0,11.28,121214.87999999999
SPMO,BG,125846.0,124876.0,970.0,124.94,121191.8
RSP,MRK,1449729.0,1450817.0,-1088.0,111.38,-121181.44
SPLV,V,197163.0,197543.0,-380.0,318.79,-121140.20000000001
RSP,SPGI,392721.0,393009.0,-288.0,420.12,-120994.56
DJD,CVX,165200.0,165866.0,-666.0,181.62,-120958.92
RSP,AJG,802885.0,803493.0,-608.0,198.87,-120912.96
RSP,O,2603343.0,2605295.0,-1952.0,61.92,-120867.84
RSP,ROP,478250.0,478602.0,-352.0,343.32,-120848.64
RSP,OMC,2104290.0,2105858.0,-1568.0,77.06,-120830.08
RSP,CMS,2221414.0,2223078.0,-1664.0,72.61,-120823.04
SPLV,CHD,660571.0,661863.0,-1292.0,93.44,-120724.48
RSP,PCAR,1426231.0,1427287.0,-1056.0,114.31,-120711.36
RSP,CHRW,958371.0,959075.0,-704.0,171.39,-120658.56
PRN,TTMI,136462.0,135695.0,767.0,157.31,120656.77
RSP,DASH,994019.0,994755.0,-736.0,163.93,-120652.48000000001
RSP,GPC,1542770.0,1543922.0,-1152.0,104.72,-120637.44
RSP,CMG,4976955.0,4980667.0,-3712.0,32.49,-120602.88
RSP,ROL,3004098.0,3006338.0,-2240.0,53.83,-120579.2
PTF,FSLY,536299.0,530425.0,5874.0,20.51,120475.74
RSP,SO,1750181.0,1751493.0,-1312.0,91.8,-120441.59999999999
RSP,L,1548709.0,1549861.0,-1152.0,104.5,-120384.0
RSP,PHM,1365478.0,1366502.0,-1024.0,117.55,-120371.2
RSP,XOM,1111438.0,1112270.0,-832.0,144.57,-120282.23999999999
RSP,COP,1439476.0,1440532.0,-1056.0,113.87,-120246.72
XMMO,ALV,327342.0,326354.0,988.0,121.62,120160.56
RSP,MRSH,968439.0,969175.0,-736.0,163.25,-120152.0
RSP,AON,531570.0,531954.0,-384.0,312.79,-120111.36000000002
PGX,WTFC,622139.0,621347.0,792.0,151.64,120098.87999999999
RSP,APP,365024.0,365280.0,-256.0,468.55,-119948.8
RSP,DGX,840050.0,840690.0,-640.0,187.39,-119929.59999999999
RSP,BALL,2738923.0,2740971.0,-2048.0,58.52,-119848.96
RSP,GPN,2312572.0,2314300.0,-1728.0,69.19,-119560.31999999999
LIT,SQM,770571.0,769263.0,1308.0,91.39,119538.12
PXF,HKD,208912.5,136480.0,72432.5,1.65,119513.625
RSP,PPL,4475782.0,4479110.0,-3328.0,35.91,-119508.47999999998
RSP,VLTO,1843824.0,1845200.0,-1376.0,86.84,-119491.84000000001
RSP,STE,760450.0,761026.0,-576.0,207.45,-119491.2
RSP,CPRT,4738901.0,4742421.0,-3520.0,33.94,-119468.79999999999
SPGP,UHS,100593.0,101295.0,-702.0,169.96,-119311.92000000001
RSP,DRI,828069.0,828677.0,-608.0,196.23,-119307.84
RSP,TDY,257062.0,257254.0,-192.0,621.38,-119304.95999999999
SPLV,BR,405597.0,406395.0,-798.0,149.5,-119301.0
SPLV,UDR,1663732.0,1666962.0,-3230.0,36.91,-119219.29999999999
RSP,DUK,1295599.0,1296559.0,-960.0,124.17,-119203.2
PRN,FIX,10872.0,10811.0,61.0,1952.37,119094.56999999999
RSP,SCHW,1817909.0,1819253.0,-1344.0,88.61,-119091.84
RSP,ED,1507678.0,1508798.0,-1120.0,106.31,-119067.2
RSP,TMO,339859.0,340115.0,-256.0,465.0,-119040.0
RSP,FISV,2879813.0,2881957.0,-2144.0,55.48,-118949.12
RSP,ALGN,963674.0,964378.0,-704.0,168.78,-118821.12
RSP,APH,1252169.0,1253097.0,-928.0,128.03,-118811.84
RSP,OXY,3031044.0,3033284.0,-2240.0,53.03,-118787.2
RSP,PEP,1051886.0,1052654.0,-768.0,154.62,-118748.16
RSP,FAST,3615975.0,3618663.0,-2688.0,44.17,-118728.96
SPGP,MSFT,41969.0,42255.0,-286.0,415.12,-118724.32
RSP,APTV,2753938.0,2755986.0,-2048.0,57.94,-118661.12
RSP,AMT,921297.0,921969.0,-672.0,176.53,-118628.16
MLPX,PAGP,2170410.0,2165295.0,5115.0,23.19,118616.85
RSP,EL,1840410.0,1841786.0,-1376.0,86.2,-118611.2
RSP,KMI,5092716.0,5096492.0,-3776.0,31.41,-118604.16
RSP,PEG,2046810.0,2048346.0,-1536.0,77.13,-118471.68
OMFL,MRK,412515.0,411453.0,1062.0,111.38,118285.56
RSP,VST,1058535.0,1059335.0,-800.0,147.72,-118176.0
PRF,MS,219106.0,219718.0,-612.0,193.09,-118171.08
RSP,TAP,3746234.0,3749018.0,-2784.0,42.41,-118069.43999999999
RSP,PGR,837178.0,837786.0,-608.0,194.0,-117952.0
RSP,BBY,2667752.0,2669736.0,-1984.0,59.4,-117849.59999999999
RSP,EW,1979884.0,1981356.0,-1472.0,79.96,-117701.12
RSP,IBM,676967.0,677479.0,-512.0,229.76,-117637.12
RSP,AMCR,3963949.0,3966893.0,-2944.0,39.93,-117553.92
RSP,PFE,6170956.0,6175532.0,-4576.0,25.68,-117511.68
SPLV,PEP,394039.0,394799.0,-760.0,154.62,-117511.2
RSP,LOW,682408.0,682920.0,-512.0,229.2,-117350.4
RSP,PTC,1058734.0,1059534.0,-800.0,146.65,-117320.0
SPLV,WRB,917375.0,919161.0,-1786.0,65.68,-117304.48000000001
RSP,WM,712396.0,712940.0,-544.0,215.37,-117161.28
PTF,ADEA,362482.0,358516.0,3966.0,29.53,117115.98000000001
RSP,META,257261.0,257453.0,-192.0,609.63,-117048.95999999999
RSP,CME,555408.0,555824.0,-416.0,281.25,-117000.0
PTF,ADTN,715317.0,707487.0,7830.0,14.94,116980.2
XMMO,NFG,486278.0,484809.0,1469.0,79.52,116814.87999999999
RSP,BMY,2808710.0,2810790.0,-2080.0,56.16,-116812.79999999999
SPLV,MSI,154486.0,154790.0,-304.0,383.99,-116732.96
RSP,TDG,133868.0,133964.0,-96.0,1215.08,-116647.68
RSP,CHD,1690228.0,1691476.0,-1248.0,93.44,-116613.12
RSP,XYL,1376939.0,1377963.0,-1024.0,113.73,-116459.52
RSP,CRM,867792.0,868432.0,-640.0,181.82,-116364.79999999999
RSP,VZ,3324130.0,3326594.0,-2464.0,47.22,-116350.08
SPHQ,MDLZ,2236442.0,2238332.0,-1890.0,61.55,-116329.5
PGF,KEY,1094887.0,1100272.0,-5385.0,21.6,-116316.00000000001
RSP,CVX,878349.38,878989.38,-640.0,181.62,-116236.8
RSP,ALLE,1148895.0,1149759.0,-864.0,134.37,-116095.68000000001
RSP,AWK,1254028.0,1254956.0,-928.0,125.05,-116046.4
RSP,LEN,1744579.0,1745891.0,-1312.0,88.38,-115954.56
RSP,T,6202798.0,6207406.0,-4608.0,25.16,-115937.28
SPLV,ECL,238621.0,239077.0,-456.0,254.22,-115924.31999999999
IMFL,DTE,326679.0,325856.0,823.0,140.6,115713.79999999999
PGX,JXN,804132.0,803106.0,1026.0,112.78,115712.28
PRF,ELV,110265.0,110571.0,-306.0,378.07,-115689.42
IMFL,SHEL,564678.0,563301.0,1377.0,83.97,115626.69
RSP,HSIC,2202180.0,2203812.0,-1632.0,70.82,-115578.23999999999
KBWB,ZION,960979.0,962827.0,-1848.0,62.5,-115500.0
CSD,PHIN,60246.0,58800.0,1446.0,79.87,115492.02
RSP,ARE,3357948.0,3360444.0,-2496.0,46.26,-115464.95999999999
RSP,TPR,1158506.0,1159370.0,-864.0,133.48,-115326.71999999999
PTF,CRCL,92635.0,91621.0,1014.0,113.67,115261.38
RSP,ISRG,341818.0,342074.0,-256.0,450.06,-115215.36
RSP,RSG,752860.0,753436.0,-576.0,200.02,-115211.52
RSP,AVY,965050.0,965754.0,-704.0,163.51,-115111.04
RSP,NRG,1133433.0,1134265.0,-832.0,138.11,-114907.52000000002
RSP,WTW,581188.0,581636.0,-448.0,256.36,-114849.28
RSP,NFLX,1775376.0,1776688.0,-1312.0,87.49,-114786.87999999999
RSP,BDX,1032473.0,1033241.0,-768.0,149.43,-114762.24
RSP,PLTR,1111292.0,1112124.0,-832.0,137.8,-114649.6
RSP,MMM,1085674.0,1086474.0,-800.0,143.29,-114632.0
RSP,WDAY,1222153.0,1223049.0,-896.0,127.83,-114535.68
RSP,DXCM,2540614.0,2542502.0,-1888.0,60.61,-114431.68
RSP,REGN,217467.0,217627.0,-160.0,714.89,-114382.4
RSP,SJM,1565354.0,1566506.0,-1152.0,99.25,-114336.0
PGX,AIZ,370009.0,369532.0,477.0,239.67,114322.59
SPHQ,UPS,1348095.0,1349229.0,-1134.0,100.78,-114284.52
RSP,TYL,483630.0,483982.0,-352.0,324.58,-114252.15999999999
RSP,UHS,904575.0,905247.0,-672.0,169.96,-114213.12000000001
SPLV,CTAS,350223.0,350907.0,-684.0,166.97,-114207.48
RSP,POOL,798938.0,799546.0,-608.0,187.77,-114164.16
QQA,MSFT,68663.0,68388.0,275.0,415.12,114158.0
RSP,INTU,382506.0,382794.0,-288.0,396.31,-114137.28
RSP,ITW,620412.0,620860.0,-448.0,254.76,-114132.48
RSP,GE,518120.0,518504.0,-384.0,297.15,-114105.59999999999
RSP,CPB,7343917.0,7349389.0,-5472.0,20.84,-114036.48
RSP,ECL,608173.0,608621.0,-448.0,254.22,-113890.56
OMFL,ADBE,171663.0,171213.0,450.0,253.04,113868.0
SPLV,LHX,193215.0,193595.0,-380.0,299.64,-113863.2
RSP,LH,622929.0,623377.0,-448.0,254.12,-113845.76000000001
SPLV,T,2320737.0,2325259.0,-4522.0,25.16,-113773.52
RSP,TKO,833831.0,834439.0,-608.0,186.79,-113568.31999999999
RSP,GILD,1153917.0,1154781.0,-864.0,131.33,-113469.12000000001
RSP,KR,2333653.0,2335381.0,-1728.0,65.64,-113425.92
RSP,ADBE,615473.0,615921.0,-448.0,253.04,-113361.92
PRF,HD,130758.0,131115.0,-357.0,317.45,-113329.65
RSP,JNJ,693300.0,693812.0,-512.0,221.32,-113315.84
SPLV,MA,120285.0,120513.0,-228.0,495.48,-112969.44
RSP,TECH,3141895.0,3144231.0,-2336.0,48.36,-112968.95999999999
RSP,TRMB,2492148.0,2494004.0,-1856.0,60.8,-112844.79999999999
CSD,AMTM,191624.0,187025.0,4599.0,24.53,112813.47
RSP,ES,2278455.0,2280151.0,-1696.0,66.51,-112800.96
GNOM,RARE,52202.0,47885.0,4317.0,26.12,112760.04000000001
RSP,EFX,879447.0,880087.0,-640.0,175.83,-112531.20000000001
RSP,PH,179110.0,179238.0,-128.0,878.83,-112490.24
RSP,EXC,3449376.0,3451936.0,-2560.0,43.91,-112409.59999999999
PRF,MPC,158895.0,159354.0,-459.0,244.87,-112395.33
KBWB,WAL,714014.0,715382.0,-1368.0,81.9,-112039.20000000001
RSP,AZO,45373.0,45405.0,-32.0,3496.19,-111878.08
PRF,F,3281746.0,3290824.0,-9078.0,12.32,-111840.96
RSP,HD,480166.0,480518.0,-352.0,317.45,-111742.4
GNOM,SANA,0.0,31811.0,-31811.0,3.51,-111656.60999999999
CSD,VGNT,111117.0,108450.0,2667.0,41.83,111560.61
RSP,TMUS,789259.0,789835.0,-576.0,193.63,-111530.88
RSP,IR,1978030.0,1979502.0,-1472.0,75.75,-111504.0
SPLV,ROL,1061387.0,1063458.0,-2071.0,53.83,-111481.93
PKW,AFL,388663.0,389647.0,-984.0,113.1,-111290.4
RSP,HRL,7315175.0,7320615.0,-5440.0,20.44,-111193.6
SPHB,EPAM,37269.0,36149.0,1120.0,99.23,111137.6
RSP,PCG,9287149.0,9294061.0,-6912.0,16.07,-111075.84
SPLV,JKHY,393850.0,394610.0,-760.0,145.84,-110838.40000000001
RSP,CDW,1416782.0,1417838.0,-1056.0,104.79,-110658.24
RSP,ZBH,1796471.0,1797815.0,-1344.0,82.33,-110651.52
RSP,ERIE,694127.0,694639.0,-512.0,215.9,-110540.8
RSP,EXE,1551554.0,1552706.0,-1152.0,95.94,-110522.88
XMMO,BKH,487940.0,486471.0,1469.0,75.23,110512.87000000001
SPLV,DGX,306403.0,306992.0,-589.0,187.39,-110372.70999999999
RSP,OTIS,1991319.0,1992791.0,-1472.0,74.82,-110135.04
RSP,VRTX,341976.0,342232.0,-256.0,429.82,-110033.92
RSP,J,1267481.0,1268409.0,-928.0,118.43,-109903.04000000001
SPMO,DLTR,152802.0,151638.0,1164.0,94.24,109695.36
RSP,ACN,836101.0,836709.0,-608.0,180.42,-109695.35999999999
RSP,GEHC,2318919.0,2320647.0,-1728.0,63.47,-109676.16
RSP,ABBV,739911.0,740455.0,-544.0,201.55,-109643.20000000001
RSP,DHR,863666.0,864306.0,-640.0,171.16,-109542.4
RSP,EQT,2639289.0,2641241.0,-1952.0,55.96,-109233.92
RSP,FE,3326093.0,3328557.0,-2464.0,44.33,-109229.12
RSP,HON,703550.0,704062.0,-512.0,213.12,-109117.44
OMFL,CI,143903.0,143525.0,378.0,288.06,108886.68000000001
RSP,AOS,2473384.0,2475240.0,-1856.0,58.6,-108761.6
RSP,FIS,3358616.0,3361112.0,-2496.0,43.49,-108551.04000000001
PHO,FELE,279553.0,278461.0,1092.0,99.34,108479.28
QQA,AMZN,99262.0,98865.0,397.0,272.68,108253.96
XLG,XOM,1205822.0,1206570.0,-748.0,144.57,-108138.36
RSP,FICO,144535.0,144631.0,-96.0,1126.0,-108096.0
RSP,MTD,137062.0,137158.0,-96.0,1124.46,-107948.16
DTCR,AVGO,87748.0,87497.0,251.0,430.0,107930.0
XMMO,CELH,1106253.0,1102912.0,3341.0,32.29,107880.89
PPA,KTOS,1257457.0,1259319.0,-1862.0,57.89,-107791.18000000001
PRF,RTX,222788.0,223400.0,-612.0,176.09,-107767.08
PGF,UMBF,166308.0,167128.0,-820.0,131.36,-107715.20000000001
OMFL,NVR,3774.0,3756.0,18.0,5974.07,107533.26
PRN,AGX,28117.0,27959.0,158.0,680.26,107481.08
PSI,AMD,365184.0,364948.0,236.0,455.19,107424.84
RSP,JKHY,1008678.0,1009414.0,-736.0,145.84,-107338.24
RSP,MDT,1893542.0,1894950.0,-1408.0,76.15,-107219.20000000001
SPHQ,CL,1437366.0,1438590.0,-1224.0,87.55,-107161.2
RSP,HSY,773327.0,773903.0,-576.0,185.94,-107101.44
RSP,RTX,812351.0,812959.0,-608.0,176.09,-107062.72
RSP,CTAS,849425.0,850065.0,-640.0,166.97,-106860.8
RSP,IP,4357661.0,4360893.0,-3232.0,33.03,-106752.96
GNOM,BEAM,52082.0,48779.0,3303.0,32.32,106752.96
RSP,SYY,1992258.0,1993730.0,-1472.0,72.44,-106631.68
XMMO,TXNM,598750.0,596943.0,1807.0,58.99,106594.93000000001
RSP,GIS,4143311.0,4146383.0,-3072.0,34.68,-106536.95999999999
RSP,BLDR,1849071.0,1850447.0,-1376.0,77.4,-106502.40000000001
SPLV,ITW,219007.0,219425.0,-418.0,254.76,-106489.68
PRN,STRL,22478.0,22352.0,126.0,844.8,106444.79999999999
SPLV,STE,265496.0,266009.0,-513.0,207.45,-106421.84999999999
RSP,TTD,6175435.0,6180043.0,-4608.0,23.08,-106352.63999999998
RSP,AMGN,446063.0,446383.0,-320.0,331.7,-106144.0
RSP,MCD,518025.0,518409.0,-384.0,275.75,-105888.0
QVMS,AGNT,16043.0,0.0,16043.0,6.6,105883.79999999999
RSP,RMD,701476.0,701988.0,-512.0,206.76,-105861.12
RSP,CAH,782025.0,782601.0,-576.0,183.65,-105782.40000000001
RSP,PNR,1853940.0,1855316.0,-1376.0,76.82,-105704.31999999999
RSP,DLTR,1487634.0,1488754.0,-1120.0,94.24,-105548.79999999999
PGF,RF,776118.0,779938.0,-3820.0,27.63,-105546.59999999999
RSP,LHX,462527.0,462879.0,-352.0,299.64,-105473.28
人工智能与机器人botz,JBTM,388040.0,387284.0,756.0,139.45,105424.2
SPGP,IT,95011.0,95674.0,-663.0,158.65,-105184.95
人工智能与机器人botz,XPEV,3432620.0,3425888.0,6732.0,15.62,105153.84
DTCR,INTC,612195.0,611354.0,841.0,124.92,105057.72
PRF,LRCX,129480.0,129837.0,-357.0,294.05,-104975.85
RSP,NCLH,8237980.0,8244124.0,-6144.0,17.08,-104939.51999999999
IGPT,ADBE,79796.0,79382.0,414.0,253.04,104758.56
RSP,VRSK,829329.0,829937.0,-608.0,171.87,-104496.96
RSP,CAG,9921637.0,9929029.0,-7392.0,14.13,-104448.96
RSP,CTSH,2696889.0,2698905.0,-2016.0,51.68,-104186.88
RSP,CMCSA,5510900.0,5514996.0,-4096.0,25.4,-104038.4
PTF,ASTS,126548.0,125162.0,1386.0,75.05,104019.3
PBW,ATLX,496128.0,480056.0,16072.0,6.46,103825.12
GNOM,VCYT,43620.0,41052.0,2568.0,40.42,103798.56
XMMO,WFRD,335451.0,334437.0,1014.0,102.32,103752.48
RSP,DPZ,428109.0,428429.0,-320.0,323.48,-103513.6
PWB,VRT,101093.0,100789.0,304.0,339.97,103350.88
RSP,AXON,325553.0,325809.0,-256.0,403.54,-103306.24
XLG,WMT,1264525.0,1265317.0,-792.0,130.43,-103300.56000000001
PBD,USD,2657.33,3741.18,-1083.85,95.3,-103290.90499999998
SPLV,SYY,731548.0,732973.0,-1425.0,72.44,-103227.0
RSP,CLX,1502182.0,1503302.0,-1120.0,92.16,-103219.2
PHO,SBS,4148303.0,4132055.0,16248.0,6.35,103174.79999999999
PPA,DRS,1680317.0,1682809.0,-2492.0,41.36,-103069.12
SPLV,SYK,188403.0,188764.0,-361.0,285.47,-103054.67000000001
RSP,BRO,2463678.0,2465502.0,-1824.0,56.45,-102964.8
IGPT,EQIX,19093.0,18997.0,96.0,1072.08,102919.68
PPA,LDOS,533221.0,534012.0,-791.0,130.11,-102917.01000000001
PRF,COST,42014.0,42116.0,-102.0,1008.79,-102896.58
PGX,AXS,807500.0,806465.0,1035.0,99.39,102868.65
XMMO,POR,701937.0,699818.0,2119.0,48.51,102792.69
PRF,TXN,134996.0,135353.0,-357.0,287.8,-102744.6
SPLV,MDT,692201.0,693550.0,-1349.0,76.15,-102726.35
PRN,PL,467649.0,465022.0,2627.0,39.04,102558.08
SPLV,HD,163653.0,163976.0,-323.0,317.45,-102536.34999999999
PRF,PEP,237390.0,238053.0,-663.0,154.62,-102513.06
PWB,MPWR,21110.0,21046.0,64.0,1600.84,102453.76
PRN,PWR,24448.0,24311.0,137.0,745.0,102065.0
RSP,NWSA,5060106.0,5063882.0,-3776.0,27.02,-102027.52
RSP,COO,2284308.0,2286004.0,-1696.0,60.0,-101760.0
XSMO,VIAV,2119784.0,2117798.0,1986.0,51.21,101703.06
PRF,AMGN,105262.0,105568.0,-306.0,331.7,-101500.2
SPMO,L,131301.0,130331.0,970.0,104.5,101365.0
PWB,PWR,45061.0,44925.0,136.0,745.0,101320.0
SPMO,LDOS,103208.0,102432.0,776.0,130.11,100965.36000000002
OMFL,MNST,450297.0,449127.0,1170.0,86.29,100959.3
OMFL,KLAC,23924.0,23870.0,54.0,1869.19,100936.26000000001
RSP,LULU,1034876.0,1035644.0,-768.0,131.18,-100746.24
HEAL,TDOC,38614.0,52510.0,-13896.0,7.25,-100746.0
OMFL,AVGO,91333.0,91099.0,234.0,430.0,100620.0
RSP,MKC,2811047.0,2813127.0,-2080.0,48.32,-100505.6
RSP,SYK,487173.0,487525.0,-352.0,285.47,-100485.44
RSP,BR,919942.0,920614.0,-672.0,149.5,-100464.0
XMMO,NXST,163224.0,162730.0,494.0,202.79,100178.26
RSP,ULTA,258132.0,258324.0,-192.0,521.58,-100143.36000000002
KBWY,IIPR,322783.0,321037.0,1746.0,57.29,100028.34
SPHQ,ALL,558794.0,559262.0,-468.0,213.15,-99754.2
SPMO,ROL,240011.0,238168.0,1843.0,53.83,99208.69
RSP,NOW,1456979.0,1458067.0,-1088.0,91.18,-99203.84000000001
PRF,DIS,336212.0,337130.0,-918.0,108.02,-99162.36
RSP,NKE,3024533.0,3026773.0,-2240.0,44.14,-98873.6
SPHQ,EBAY,1095642.0,1096560.0,-918.0,107.69,-98859.42
XMMO,AM,1556965.0,1552259.0,4706.0,20.92,98449.52
RSP,MSI,364151.0,364407.0,-256.0,383.99,-98301.44
XLG,V,485063.0,485371.0,-308.0,318.79,-98187.32
PNQI,AMZN,207627.0,207987.0,-360.0,272.68,-98164.8
PWV,UNH,173639.0,173381.0,258.0,379.98,98034.84000000001
RWL,MSFT,335124.0,334888.0,236.0,415.12,97968.32
XMMO,NEU,45725.0,45582.0,143.0,684.91,97942.12999999999
SPLV,MCK,69288.0,69421.0,-133.0,736.09,-97899.97
RSP,DG,1163131.0,1163995.0,-864.0,113.29,-97882.56000000001
OMFL,PGR,196159.0,195655.0,504.0,194.0,97776.0
DTCR,NVDA,162852.0,162398.0,454.0,215.2,97700.79999999999
PPA,CACI,135665.0,135868.0,-203.0,480.99,-97640.97
RSP,HCA,313522.0,313746.0,-224.0,435.19,-97482.56
RSP,LMT,259222.0,259414.0,-192.0,506.51,-97249.92
PWB,KLAC,17023.0,16971.0,52.0,1869.19,97197.88
RWL,MCK,189215.0,189083.0,132.0,736.09,97163.88
RSP,ABT,1528120.0,1529272.0,-1152.0,84.32,-97136.63999999998
PRF,CNC,616957.0,618691.0,-1734.0,55.96,-97034.64
SPHQ,MSI,289977.0,290229.0,-252.0,383.99,-96765.48
PRF,LLY,27627.0,27729.0,-102.0,948.45,-96741.90000000001
RSP,BSX,2419453.0,2421245.0,-1792.0,53.93,-96642.56
PGX,TDS,1625510.0,1623431.0,2079.0,46.47,96611.13
RWL,XOM,947859.0,947193.0,666.0,144.57,96283.62
PTF,ZD,214171.0,211825.0,2346.0,41.02,96232.92000000001
PNQI,GOOG,140006.0,140248.0,-242.0,397.05,-96086.1
人工智能与机器人botz,SYM,938808.0,936972.0,1836.0,52.29,96004.44
XSMO,VSAT,1463132.0,1461761.0,1371.0,70.01,95983.71
SPHQ,EOG,865052.0,865790.0,-738.0,130.03,-95962.14
RSP,LDOS,971780.0,972516.0,-736.0,130.11,-95760.96
PPA,TDY,105089.0,105243.0,-154.0,621.38,-95692.52
PKW,EBAY,350813.0,351701.0,-888.0,107.69,-95628.72
PTF,IDCC,31092.0,30750.0,342.0,279.61,95626.62000000001
GNOM,TXG,63392.0,58973.0,4419.0,21.6,95450.40000000001
PRF,KLAC,9276.0,9327.0,-51.0,1869.19,-95328.69
PRN,JBL,47650.0,47382.0,268.0,355.15,95180.2
RSP,MOS,5779326.0,5783614.0,-4288.0,22.19,-95150.72
PWB,GLW,168834.0,168326.0,508.0,186.94,94965.52
XLG,JNJ,695465.0,695894.0,-429.0,221.32,-94946.28
SPMO,HAS,125303.0,124333.0,970.0,97.78,94846.6
RWL,CNC,2412510.0,2410816.0,1694.0,55.96,94796.24
RWL,CI,468134.0,467806.0,328.0,288.06,94483.68000000001
SPLV,COR,186748.0,187109.0,-361.0,261.08,-94249.87999999999
RSP,MCK,180293.0,180421.0,-128.0,736.09,-94219.52
DTCR,MCHP,399372.0,398422.0,950.0,99.09,94135.5
PRF,GILD,251349.0,252063.0,-714.0,131.33,-93769.62000000001
PKW,CARR,550486.0,551878.0,-1392.0,66.83,-93027.36
OMFL,CL,408759.0,407697.0,1062.0,87.55,92978.09999999999
PWB,LRCX,104814.0,104498.0,316.0,294.05,92919.8
DTCR,VNET,5620405.0,5610014.0,10391.0,8.9,92479.90000000001
PGX,GL,480215.0,479603.0,612.0,151.08,92460.96
OMFL,NEM,302436.0,301644.0,792.0,116.51,92275.92
RSP,COR,480904.0,481256.0,-352.0,261.08,-91900.15999999999
RWL,JPM,432421.0,432117.0,304.0,302.1,91838.40000000001
PWB,APP,65093.0,64897.0,196.0,468.55,91835.8
AIQ,INTC,3821503.0,3820768.0,735.0,124.92,91816.2
BKCH,SLNH,824719.0,874767.0,-50048.0,1.83,-91587.84
PWB,GEV,29111.0,29023.0,88.0,1040.15,91533.20000000001
IMFL,HKD,46580.0,101996.16,-55416.16,1.65,-91436.664
PHO,STN,267052.0,266008.0,1044.0,87.41,91256.04
PHO,MWA,881016.0,877560.0,3456.0,26.37,91134.72
RSP,HII,407166.0,407454.0,-288.0,316.28,-91088.63999999998
OMFL,ACN,197595.0,197091.0,504.0,180.42,90931.68
RWL,COST,128141.0,128051.0,90.0,1008.79,90791.09999999999
PKW,PYPL,791279.0,793280.0,-2001.0,45.37,-90785.37
SPHQ,IDXX,187234.0,187396.0,-162.0,560.11,-90737.82
PPA,CAE,2271594.0,2274961.0,-3367.0,26.94,-90706.98000000001
PSI,MU,186876.0,186755.0,121.0,746.81,90364.01
XMMO,SR,348538.0,347485.0,1053.0,85.7,90242.1
RSP,CSGP,3715627.0,3718379.0,-2752.0,32.77,-90183.04000000001
PWB,ADI,71862.0,71646.0,216.0,416.52,89968.31999999999
PRF,ORCL,170538.0,170997.0,-459.0,195.95,-89941.04999999999
RSP,GOOGL,302753.0,302977.0,-224.0,400.8,-89779.2
SOXQ,SWKS,114839.0,113495.0,1344.0,66.78,89752.32
XMHQ,CSL,400793.0,400544.0,249.0,360.39,89737.11
AIQ,MU,623043.0,622923.0,120.0,746.81,89617.2
PTF,CACI,16904.0,16718.0,186.0,480.99,89464.14
PRF,TGT,257350.0,258064.0,-714.0,125.25,-89428.5
OMFL,MCO,78740.0,78542.0,198.0,451.32,89361.36
SPHQ,ABNB,734531.0,735161.0,-630.0,141.49,-89138.70000000001
RSP,EPAM,1186618.0,1187514.0,-896.0,99.23,-88910.08
PWB,AMAT,67729.0,67525.0,204.0,435.44,88829.76
SPHQ,GWW,81592.0,81664.0,-72.0,1233.71,-88827.12
XMMO,CNX,821477.0,818994.0,2483.0,35.72,88692.76
PWB,CRWV,257758.0,256982.0,776.0,114.15,88580.40000000001
PKW,EA,174457.0,174898.0,-441.0,200.44,-88394.04
PPA,AVAV,353904.0,354429.0,-525.0,168.29,-88352.25
RSP,TPL,320939.0,321163.0,-224.0,394.2,-88300.8
SPLV,GIS,1310567.0,1313113.0,-2546.0,34.68,-88295.28
DJD,MRK,196369.0,197161.0,-792.0,111.38,-88212.95999999999
PRF,CI,119105.0,119411.0,-306.0,288.06,-88146.36
DJD,KO,278265.0,279387.0,-1122.0,78.42,-87987.24
RSP,NOC,229735.0,229895.0,-160.0,549.52,-87923.2
GNOM,CRSP,38028.0,36425.0,1603.0,54.83,87892.48999999999
PGX,EQH,1613198.0,1611137.0,2061.0,42.6,87798.6
OMFL,JNJ,153066.0,152670.0,396.0,221.32,87642.72
PRF,PSX,186042.0,186552.0,-510.0,171.56,-87495.6
DJD,CSCO,224978.0,225884.0,-906.0,96.57,-87492.42
RSP,ZTS,1406405.0,1407461.0,-1056.0,82.83,-87468.48
PRF,TSLA,73443.0,73647.0,-204.0,428.35,-87383.40000000001
PGF,FITB,360346.0,362116.0,-1770.0,49.33,-87314.09999999999
XMHQ,CRS,329753.0,329549.0,204.0,427.85,87281.40000000001
PWV,CSCO,608757.0,607854.0,903.0,96.57,87202.70999999999
SPHQ,CTAS,608496.0,609018.0,-522.0,166.97,-87158.34
PWB,ROK,63228.0,63036.0,192.0,453.89,87146.88
IGPT,CDNS,46046.0,45806.0,240.0,362.7,87048.0
HEAL,IRTC,7672.0,6951.0,721.0,120.66,86995.86
PRF,COF,162041.0,162500.0,-459.0,189.48,-86971.31999999999
DJD,IBM,93417.0,93795.0,-378.0,229.76,-86849.28
PPA,VSAT,834128.0,835367.0,-1239.0,70.01,-86742.39
GXPC,NFLX,51846.0,50856.0,990.0,87.49,86615.09999999999
OMFL,WDC,68922.0,68742.0,180.0,480.0,86400.0
QQA,GOOGL,53835.0,53620.0,215.0,400.8,86172.0
XMHQ,NXT,1102262.0,1101578.0,684.0,125.91,86122.44
PPA,SARO,2309567.0,2312990.0,-3423.0,25.14,-86054.22
AIQ,AMD,976355.0,976166.0,189.0,455.19,86030.91
QQA,MU,28733.0,28618.0,115.0,746.81,85883.15
PGX,HIG,505940.0,505292.0,648.0,132.02,85548.96
SPMO,FOXA,172843.0,171485.0,1358.0,62.94,85472.52
XMMO,FHI,501921.0,500400.0,1521.0,55.95,85099.95
PWB,ANET,198834.0,198234.0,600.0,141.77,85062.0
PRF,ADI,71996.0,72200.0,-204.0,416.52,-84970.08
PWB,NDAQ,315644.0,314692.0,952.0,88.91,84642.31999999999
PBUS,MSFT,1225387.0,1225184.0,203.0,415.12,84269.36
OMFL,EOG,249307.0,248659.0,648.0,130.03,84259.44
RSP,CHTR,750828.0,751372.0,-544.0,154.86,-84243.84000000001
PNQI,AAPL,165046.0,165332.0,-286.0,293.32,-83889.52
SPHQ,AMP,220156.0,220336.0,-180.0,465.56,-83800.8
CSD,CURB,124227.0,121245.0,2982.0,27.88,83138.16
OMFL,PM,186557.0,186071.0,486.0,170.99,83101.14
PRN,VICR,57631.0,57307.0,324.0,256.47,83096.28000000001
OMFL,EME,32061.0,31971.0,90.0,921.64,82947.6
PWB,TTWO,125295.0,124919.0,376.0,220.45,82889.2
XMHQ,MEDP,314899.0,314704.0,195.0,424.0,82680.0
RSP,FOXA,1774592.0,1775904.0,-1312.0,62.94,-82577.28
IGPT,NXT,126688.0,126034.0,654.0,125.91,82345.14
PRF,IBM,135849.0,136206.0,-357.0,229.76,-82024.31999999999
PRN,HWM,53977.0,53674.0,303.0,270.56,81979.68000000001
PGF,TCBI,166308.0,167128.0,-820.0,99.96,-81967.2
PRF,LOW,133525.0,133882.0,-357.0,229.2,-81824.4
SPHQ,CTVA,1182011.0,1183019.0,-1008.0,81.13,-81779.04
RWL,GOOGL,289949.0,289745.0,204.0,400.8,81763.2
OMFL,CSCO,328364.0,327518.0,846.0,96.57,81698.22
OMFL,TROW,298828.0,298054.0,774.0,105.33,81525.42
OMFL,ROST,142077.0,141717.0,360.0,225.81,81291.6
PRF,V,93547.0,93802.0,-255.0,318.79,-81291.45000000001
PRF,NUE,122796.0,123153.0,-357.0,227.5,-81217.5
PRN,MTZ,34892.0,34696.0,196.0,414.29,81200.84000000001
PKW,AIG,420163.0,421225.0,-1062.0,76.36,-81094.31999999999
RWL,GOOG,290212.0,290008.0,204.0,397.05,80998.2
PRF,UNP,115044.0,115350.0,-306.0,264.65,-80982.9
PWV,C,434177.0,433532.0,645.0,125.55,80979.75
RWL,ELV,305217.0,305003.0,214.0,378.07,80906.98
DJD,PG,137039.0,137591.0,-552.0,146.42,-80823.84
PRN,ITT,69761.0,69369.0,392.0,206.15,80810.8
PWV,MS,281818.0,281401.0,417.0,193.09,80518.53
PHO,HWKN,123195.0,122715.0,480.0,167.16,80236.8
PWB,HWM,98114.0,97818.0,296.0,270.56,80085.76
PRF,KO,374538.0,375558.0,-1020.0,78.42,-79988.40000000001
SPHQ,COR,370346.0,370652.0,-306.0,261.08,-79890.48
PRF,STX,37664.0,37766.0,-102.0,782.64,-79829.28
PTF,VISN,621904.0,615094.0,6810.0,11.72,79813.2
QQA,GOOG,50285.0,50084.0,201.0,397.05,79807.05
PNQI,MSFT,111020.0,111212.0,-192.0,415.12,-79703.04000000001
PRN,CMI,20790.0,20673.0,117.0,679.55,79507.34999999999
QQA,TSLA,46150.0,45965.0,185.0,428.35,79244.75
XLG,CAT,134044.0,134132.0,-88.0,897.45,-78975.6
RSP,PODD,705371.0,705883.0,-512.0,154.16,-78929.92
HEAL,TEM,18515.0,16934.0,1581.0,49.86,78828.66
DJD,GS,21127.0,21211.0,-84.0,936.48,-78664.32
PRF,PM,159668.0,160127.0,-459.0,170.99,-78484.41
PGX,FITB,1246978.0,1245394.0,1584.0,49.33,78138.72
XMHQ,RGLD,529563.0,529236.0,327.0,238.91,78123.56999999999
PRN,CAT,15537.0,15450.0,87.0,897.45,78078.15000000001
PWB,MNST,299351.0,298447.0,904.0,86.29,78006.16
RWL,NVDA,515512.0,515150.0,362.0,215.2,77902.4
XLG,COST,128185.0,128262.0,-77.0,1008.79,-77676.83
PRF,LMT,58798.0,58951.0,-153.0,506.51,-77496.03
RSP,TSCO,3405450.0,3407978.0,-2528.0,30.65,-77483.2
PBD,TRN,143172.0,141060.0,2112.0,36.63,77362.56000000001
PRF,FDX,82091.0,82295.0,-204.0,378.58,-77230.31999999999
LIT,ENS,197383.0,197047.0,336.0,229.82,77219.52
PRF,DOW,755882.0,757973.0,-2091.0,36.87,-77095.17
PPA,TTMI,332460.0,332950.0,-490.0,157.31,-77081.9
PGX,BIP,1629984.0,1627896.0,2088.0,36.77,76775.76000000001
PPA,HXL,544524.0,545329.0,-805.0,95.32,-76732.59999999999
DJD,AMGN,57147.0,57378.0,-231.0,331.7,-76622.7
RWJ,MOH,338242.0,337830.0,412.0,185.94,76607.28
RSP,GOOG,243032.0,243224.0,-192.0,397.05,-76233.6
PRF,WBD,1016035.0,1018840.0,-2805.0,27.11,-76043.55
HEAL,OSCR,51677.0,55241.0,-3564.0,21.31,-75948.84
HEAL,PRCT,13227.0,16212.0,-2985.0,25.4,-75819.0
RWL,COR,413062.0,412772.0,290.0,261.08,75713.2
QQA,AMD,41618.0,41452.0,166.0,455.19,75561.54
SPHQ,FAST,2019287.0,2020997.0,-1710.0,44.17,-75530.7
PPA,BAH,663423.0,664403.0,-980.0,77.04,-75499.20000000001
PRF,LIN,52988.0,53141.0,-153.0,493.16,-75453.48000000001
SPHQ,AME,388239.0,388563.0,-324.0,232.4,-75297.6
PBUS,AMZN,1669731.0,1669455.0,276.0,272.68,75259.68000000001
QQA,AVGO,43839.0,43664.0,175.0,430.0,75250.0
SOXQ,QRVO,70790.0,69962.0,828.0,90.53,74958.84
OMFL,GEV,26861.0,26789.0,72.0,1040.15,74890.8
PWB,EW,310658.0,309722.0,936.0,79.96,74842.56
PWB,TJX,162315.0,161827.0,488.0,153.36,74839.68000000001
MLPX,CQP,512833.0,511634.0,1199.0,62.37,74781.62999999999
XSMO,SANM,321003.0,320703.0,300.0,248.35,74505.0
PGX,UMBF,440475.0,439908.0,567.0,131.36,74481.12000000001
XMMO,SBRA,1186874.0,1183286.0,3588.0,20.75,74451.0
XMHQ,EXEL,2490868.0,2489323.0,1545.0,48.16,74407.2
DJD,HD,57985.0,58219.0,-234.0,317.45,-74283.3
PWB,JCI,176854.0,176322.0,532.0,139.52,74224.64
KBWY,CHCT,779011.0,774790.0,4221.0,17.58,74205.18
XMHQ,TLN,310301.0,310109.0,192.0,386.37,74183.04000000001
PGX,VNO,1798226.0,1795922.0,2304.0,32.16,74096.63999999998
HEAL,SDGR,14754.0,20394.0,-5640.0,13.13,-74053.20000000001
SPHQ,ROK,192742.0,192904.0,-162.0,453.89,-73530.18
PRF,WDC,59218.0,59371.0,-153.0,480.0,-73440.0
PWB,SCHW,274885.0,274057.0,828.0,88.61,73369.08
HEAL,TMDX,9067.0,10148.0,-1081.0,67.84,-73335.04000000001
OMFL,EXPD,179357.0,178889.0,468.0,156.69,73330.92
PWV,GS,52720.0,52642.0,78.0,936.48,73045.44
人工智能与机器人botz,PATH,3437529.0,3430797.0,6732.0,10.79,72638.28
XMMO,BCO,225164.0,224488.0,676.0,107.22,72480.72
PGX,RF,2050757.0,2048138.0,2619.0,27.63,72362.97
OMFL,EA,136436.0,136076.0,360.0,200.44,72158.4
PWV,DIS,448547.0,447881.0,666.0,108.02,71941.31999999999
PWV,BAC,943628.0,942227.0,1401.0,51.31,71885.31
PWV,JPM,160000.0,159763.0,237.0,302.1,71597.70000000001
XMHQ,BWXT,563242.0,562894.0,348.0,205.33,71454.84000000001
IMFL,TSCO,1629213.0,1626887.0,2326.0,30.65,71291.9
PRF,NEE,278772.0,279537.0,-765.0,93.1,-71221.5
PRF,TMO,56285.0,56438.0,-153.0,465.0,-71145.0
PKW,KR,427039.0,428119.0,-1080.0,65.64,-70891.2
XLG,MA,235113.0,235256.0,-143.0,495.48,-70853.64
PNQI,META,67269.0,67385.0,-116.0,609.63,-70717.08
DJD,JPM,57748.0,57982.0,-234.0,302.1,-70691.40000000001
PRF,HUM,87708.0,87963.0,-255.0,274.96,-70114.79999999999
DJD,NKE,393513.0,395100.0,-1587.0,44.14,-70050.18000000001
PWB,FCX,377102.0,375966.0,1136.0,61.65,70034.4
XMMO,AVAV,138862.0,138446.0,416.0,168.29,70008.64
SPMO,IVZ,334161.0,331639.0,2522.0,27.59,69581.98
HEAL,ALHC,44152.0,48032.0,-3880.0,17.93,-69568.4
SPMO,RL,27394.0,27200.0,194.0,358.45,69539.3
PWV,CVX,256655.0,256274.0,381.0,181.62,69197.22
XLG,CSCO,1139712.0,1140427.0,-715.0,96.57,-69047.54999999999
SPHQ,ZTS,985547.0,986375.0,-828.0,82.83,-68583.24
PWV,XOM,318694.0,318220.0,474.0,144.57,68526.18
PWB,SPOT,54907.0,54743.0,164.0,417.83,68524.12
EFAA,ILS,0.0,3447.02,-3447.02,19.87,-68492.2874
PWB,RTX,128960.0,128572.0,388.0,176.09,68322.92
PSI,TXN,366122.0,365885.0,237.0,287.8,68208.6
PKW,JBL,75628.0,75820.0,-192.0,355.15,-68188.79999999999
PRF,USB,442819.0,444043.0,-1224.0,55.53,-67968.72
PRN,MKSI,38625.0,38408.0,217.0,313.21,67966.56999999999
PRN,VRT,35364.0,35165.0,199.0,339.97,67654.03
PBD,BLX,85332.0,84075.0,1257.0,53.79,67614.03
XMMO,EPR,384657.0,383500.0,1157.0,58.28,67429.96
GNOM,MLAB,1589.0,2233.0,-644.0,104.65,-67394.6
PWB,IDXX,39478.0,39358.0,120.0,560.11,67213.2
PGF,WAL,166308.0,167128.0,-820.0,81.9,-67158.0
KBWY,SLG,271065.0,269598.0,1467.0,45.75,67115.25
PBUS,GOOGL,1010114.0,1009947.0,167.0,400.8,66933.6
PGF,VOYA,166308.0,167128.0,-820.0,81.59,-66903.8
PWV,VZ,954036.0,952620.0,1416.0,47.22,66863.52
PRF,UPS,230981.0,231644.0,-663.0,100.78,-66817.14
PWB,PH,25047.0,24971.0,76.0,878.83,66791.08
PSI,AVGO,239907.0,239752.0,155.0,430.0,66650.0
OMFL,GWW,17858.0,17804.0,54.0,1233.71,66620.34
QQA,META,27273.0,27164.0,109.0,609.63,66449.67
XLG,NFLX,1218130.0,1218889.0,-759.0,87.49,-66404.90999999999
SPHQ,EME,91747.0,91819.0,-72.0,921.64,-66358.08
PRF,PNC,104272.0,104578.0,-306.0,216.85,-66356.09999999999
PRF,EOG,186438.0,186948.0,-510.0,130.03,-66315.3
DTCR,SMCI,1055030.0,1053161.0,1869.0,35.37,66106.53
PRF,MO,342241.0,343210.0,-969.0,68.12,-66008.28
PWB,TEL,106045.0,105725.0,320.0,206.2,65984.0
XMHQ,LECO,390226.0,389983.0,243.0,271.11,65879.73000000001
XSMO,ESE,230597.0,230381.0,216.0,303.11,65471.76
OMFL,ABT,295226.0,294452.0,774.0,84.32,65263.67999999999
PRF,HON,118961.0,119267.0,-306.0,213.12,-65214.72
PRF,CB,65417.0,65621.0,-204.0,319.64,-65206.56
PRF,DVN,517525.0,518953.0,-1428.0,45.61,-65131.08
QQA,WMT,124761.0,124262.0,499.0,130.43,65084.57000000001
IGPT,SNPS,24694.0,24568.0,126.0,516.48,65076.48
PWB,APH,168921.0,168413.0,508.0,128.03,65039.24
RWL,CAH,504448.0,504094.0,354.0,183.65,65012.1
KBWY,HIW,471029.0,468473.0,2556.0,25.42,64973.520000000004
SPHQ,EA,386242.0,386566.0,-324.0,200.44,-64942.56
RWL,HUM,336820.0,336584.0,236.0,274.96,64890.56
PWV,PEP,280574.0,280157.0,417.0,154.62,64476.54
IGPT,DLR,63449.0,63119.0,330.0,195.31,64452.3
RWL,BAC,1788787.0,1787531.0,1256.0,51.31,64445.36
RPG,FIX,38597.0,38564.0,33.0,1952.37,64428.21
PWB,NU,1548681.0,1544013.0,4668.0,13.8,64418.4
PWB,HEI,73005.0,72785.0,220.0,292.52,64354.399999999994
XLG,ABBV,509848.0,510167.0,-319.0,201.55,-64294.450000000004
PKW,DHI,171525.0,171960.0,-435.0,147.63,-64219.049999999996
KBWY,GOOD,916334.0,911366.0,4968.0,12.84,63789.12
PWV,JNJ,193148.0,192860.0,288.0,221.32,63740.159999999996
DJD,JNJ,71586.0,71874.0,-288.0,221.32,-63740.159999999996
QQA,INTC,127511.0,127001.0,510.0,124.92,63709.200000000004
PSI,KLAC,51941.0,51907.0,34.0,1869.19,63552.46
XSMO,FORM,457249.0,456820.0,429.0,147.87,63436.23
PRF,DUK,189709.0,190219.0,-510.0,124.17,-63326.700000000004
OMFL,PG,168014.0,167582.0,432.0,146.42,63253.439999999995
OMFL,MSCI,42395.0,42287.0,108.0,585.42,63225.35999999999
AIQ,AVGO,761072.0,760925.0,147.0,430.0,63210.0
PWV,WFC,562472.0,561638.0,834.0,75.64,63083.76
PKW,FISV,449408.0,450545.0,-1137.0,55.48,-63080.759999999995
PGF,SF,166308.0,167128.0,-820.0,76.5,-62730.0
XLG,UNH,261245.0,261410.0,-165.0,379.98,-62696.700000000004
PHO,HTO,275806.0,274726.0,1080.0,57.97,62607.6
RWL,DELL,342713.0,342473.0,240.0,260.46,62510.399999999994
PRF,HPE,714648.0,716637.0,-1989.0,31.35,-62355.15
DJD,MCD,55743.0,55968.0,-225.0,275.75,-62043.75
KBWY,DEI,925579.0,920566.0,5013.0,12.37,62010.81
XLG,CVX,540634.0,540975.0,-341.0,181.62,-61932.42
XMHQ,PEN,307765.0,307573.0,192.0,322.23,61868.16
XMHQ,AA,1576391.0,1575413.0,978.0,63.18,61790.04
EQWL,INTC,499150.0,499644.0,-494.0,124.92,-61710.48
AIQ,CSCO,3332320.0,3331681.0,639.0,96.57,61708.229999999996
XLG,BAC,1914112.0,1915311.0,-1199.0,51.31,-61520.69
XMHQ,EVR,291791.0,291611.0,180.0,341.19,61414.2
RWL,C,694691.0,694203.0,488.0,125.55,61268.4
PRN,POWL,35241.0,35043.0,198.0,309.39,61259.219999999994
PRN,CW,14897.0,14813.0,84.0,729.2,61252.8
XLG,PG,670484.0,670902.0,-418.0,146.42,-61203.56
OMFL,UTHR,43915.0,43807.0,108.0,564.94,61013.520000000004
PXE,MPC,28610.0,28859.0,-249.0,244.87,-60972.630000000005
PSI,LRCX,319801.0,319594.0,207.0,294.05,60868.350000000006
RWL,GM,1098486.0,1097714.0,772.0,78.8,60833.6
MLPX,USAC,911713.0,909557.0,2156.0,28.14,60669.840000000004
GNOM,PSNL,38475.0,28334.0,10141.0,5.98,60643.18000000001
PKW,IQV,134509.0,134848.0,-339.0,178.71,-60582.69
XLG,ORCL,489085.0,489393.0,-308.0,195.95,-60352.6
XSMO,POWL,206745.0,206550.0,195.0,309.39,60331.049999999996
PRF,ABT,254616.0,255330.0,-714.0,84.32,-60204.479999999996
PRF,TFC,440252.0,441476.0,-1224.0,49.11,-60110.64
PRF,BK,164128.0,164587.0,-459.0,130.5,-59899.5
IGPT,MSTR,61075.0,60757.0,318.0,187.59,59653.62
XMHQ,MANH,673150.0,672733.0,417.0,143.02,59639.340000000004
OMFL,FAST,519495.0,518145.0,1350.0,44.17,59629.5
PGX,KEY,2158558.0,2155804.0,2754.0,21.6,59486.4
RWL,F,6866425.0,6861603.0,4822.0,12.32,59407.04
PXE,VLO,28088.0,28334.0,-246.0,241.06,-59300.76
PHO,AWR,197081.0,196313.0,768.0,77.2,59289.600000000006
AIQ,TSM,756516.0,756372.0,144.0,411.68,59281.92
KBWY,AHRT,1707745.0,1698493.0,9252.0,6.37,58935.24
PWB,MCK,26715.0,26635.0,80.0,736.09,58887.200000000004
PPA,MRCY,440755.0,441406.0,-651.0,90.34,-58811.340000000004
PWB,LMT,38523.0,38407.0,116.0,506.51,58755.159999999996
PRF,DE,45673.0,45775.0,-102.0,574.84,-58633.68
RWL,META,136261.0,136165.0,96.0,609.63,58524.479999999996
DJD,MMM,101074.0,101482.0,-408.0,143.29,-58462.32
PRF,AIG,281679.0,282444.0,-765.0,76.36,-58415.4
SPHQ,KMB,702152.0,702746.0,-594.0,98.31,-58396.14
PSI,AMAT,206731.0,206597.0,134.0,435.44,58348.96
PPA,KRMN,647887.0,648846.0,-959.0,60.84,-58345.560000000005
PRN,DY,24283.0,24147.0,136.0,428.31,58250.16
KBWY,APLE,760822.0,756700.0,4122.0,14.13,58243.86
DJD,HON,67821.0,68094.0,-273.0,213.12,-58181.76
XSMO,KRYS,202778.0,202589.0,189.0,305.71,57779.189999999995
RPV,BG,377043.0,377505.0,-462.0,124.94,-57722.28
AIQ,GOOGL,749380.0,749236.0,144.0,400.8,57715.200000000004
PWB,EL,221994.0,221326.0,668.0,86.2,57581.6
SPHD,CVX,373806.0,374122.0,-316.0,181.62,-57391.92
PRN,GE,34320.0,34127.0,193.0,297.15,57349.95
SPHD,EXR,475219.0,475619.0,-400.0,143.3,-57320.00000000001
PRF,GLW,117476.0,117782.0,-306.0,186.94,-57203.64
PRF,CSX,466251.0,467526.0,-1275.0,44.83,-57158.25
KBWY,PK,931258.0,926209.0,5049.0,11.32,57154.68
SPHD,BMY,1176280.0,1177297.0,-1017.0,56.16,-57114.719999999994
PRF,SLB,392025.0,393096.0,-1071.0,53.27,-57052.170000000006
PKW,AER,149800.0,150178.0,-378.0,150.0,-56700.0
PGX,TCBI,443026.0,442459.0,567.0,99.96,56677.32
PSI,SITM,105228.0,105160.0,68.0,833.08,56649.44
PKW,MTB,105293.0,105560.0,-267.0,212.14,-56641.38
PRF,MDLZ,332187.0,333105.0,-918.0,61.55,-56502.899999999994
PRN,AEIS,28082.0,27924.0,158.0,357.24,56443.92
XMMO,TNL,282508.0,281650.0,858.0,65.78,56439.24
RWJ,WKC,1711801.0,1709717.0,2084.0,27.07,56413.88
PSI,NVDA,405000.0,404738.0,262.0,215.2,56382.399999999994
AIQ,AAPL,997412.0,997220.0,192.0,293.32,56317.44
PRF,MCD,70111.0,70315.0,-204.0,275.75,-56253.0
XLG,PLTR,659213.0,659620.0,-407.0,137.8,-56084.600000000006
PRF,NOC,28781.0,28883.0,-102.0,549.52,-56051.04
OMFL,PSA,70189.0,70009.0,180.0,311.04,55987.200000000004
XLG,HD,287346.0,287522.0,-176.0,317.45,-55871.2
PRF,CRM,112115.0,112421.0,-306.0,181.82,-55636.92
AIQ,AMZN,1057087.0,1056883.0,204.0,272.68,55626.72
PBUS,GOOG,844568.0,844428.0,140.0,397.05,55587.0
XLG,GE,302660.0,302847.0,-187.0,297.15,-55567.049999999996
AIQ,NVDA,1340120.0,1339862.0,258.0,215.2,55521.6
PBUS,AVGO,781606.0,781477.0,129.0,430.0,55470.0
PRF,ADM,251667.0,252381.0,-714.0,77.66,-55449.24
SPHD,PSA,222441.0,222619.0,-178.0,311.04,-55365.12
PRF,BLK,17712.0,17763.0,-51.0,1084.83,-55326.329999999994
PRF,ACN,117435.0,117741.0,-306.0,180.42,-55208.52
KBWY,XRN,297993.0,296382.0,1611.0,33.99,54757.89000000001
PRN,NXT,77143.0,76710.0,433.0,125.91,54519.03
RWL,CVX,427267.18,426967.18,300.0,181.62,54486.0
SPMO,TKO,43822.0,43531.0,291.0,186.79,54355.89
XLG,KO,1117078.0,1117771.0,-693.0,78.42,-54345.06
PKW,NRG,155720.0,156113.0,-393.0,138.11,-54277.23
RWJ,UNFI,851511.0,850475.0,1036.0,52.32,54203.52
HEAL,NRIX,22874.0,19594.0,3280.0,16.52,54185.6
PXE,PSX,36196.0,36511.0,-315.0,171.56,-54041.4
XMHQ,RNR,290423.0,290243.0,180.0,300.16,54028.8
RPV,DOW,1193106.0,1194570.0,-1464.0,36.87,-53977.67999999999
KBWY,RLJ,1111215.0,1105194.0,6021.0,8.95,53887.95
RPG,MU,82937.0,82865.0,72.0,746.81,53770.31999999999
PRF,NFLX,216924.0,217536.0,-612.0,87.49,-53543.88
RPV,CNC,779221.0,780177.0,-956.0,55.96,-53497.76
PRF,NEM,157449.0,157908.0,-459.0,116.51,-53478.090000000004
PXE,FANG,32390.0,32672.0,-282.0,188.7,-53213.399999999994
PHO,CWT,313066.0,311842.0,1224.0,43.47,53207.28
KBWY,MRP,363384.0,361413.0,1971.0,26.93,53079.03
PRF,GD,46147.0,46300.0,-153.0,346.53,-53019.09
PKW,TPR,156610.0,157006.0,-396.0,133.48,-52858.079999999994
EQWL,AMD,116921.0,117037.0,-116.0,455.19,-52802.04
XMHQ,TXRH,479006.0,478709.0,297.0,177.38,52681.86
XSMO,SNEX,462927.0,462495.0,432.0,121.92,52669.44
PRF,MRNA,353188.0,354157.0,-969.0,54.35,-52665.15
RSP,FOX,1250182.0,1251110.0,-928.0,56.6,-52524.8
KBWY,CTO,477156.0,474573.0,2583.0,20.29,52409.07
AIQ,ORCL,1390156.0,1389889.0,267.0,195.95,52318.649999999994
KBWY,NSA,221460.0,220263.0,1197.0,43.67,52272.990000000005
GNOM,QURE,31054.0,29165.0,1889.0,27.66,52249.74
PGX,BOH,507069.0,506421.0,648.0,80.46,52138.079999999994
IGPT,SNOW,66513.0,66171.0,342.0,152.45,52137.899999999994
MLPX,GEL,1351650.0,1348482.0,3168.0,16.37,51860.16
MLPX,KNTK,461713.0,460624.0,1089.0,47.54,51771.06
PRF,ADBE,70092.0,70296.0,-204.0,253.04,-51620.159999999996
XLG,GS,86433.0,86488.0,-55.0,936.48,-51506.4
PRF,SO,202644.0,203205.0,-561.0,91.8,-51499.799999999996
KBWY,NXRT,317788.0,316069.0,1719.0,29.95,51484.049999999996
OMFL,REGN,31008.0,30936.0,72.0,714.89,51472.08
HEAL,OMCL,8959.0,10133.0,-1174.0,43.82,-51444.68
PRF,PLD,129846.0,130203.0,-357.0,144.09,-51440.130000000005
IGPT,ADSK,41201.0,40991.0,210.0,244.5,51345.0
CSD,FTRE,138413.0,135092.0,3321.0,15.43,51243.03
GRPM,LNTH,212385.0,212935.0,-550.0,93.06,-51183.0
KBWY,GNL,1020244.0,1014718.0,5526.0,9.23,51004.98
RPG,CIEN,108227.0,108134.0,93.0,548.11,50974.23
DJD,DIS,116512.0,116983.0,-471.0,108.02,-50877.42
GNOM,A,1553.0,1992.0,-439.0,115.62,-50757.18
PRF,MA,37277.0,37379.0,-102.0,495.48,-50538.96
RPV,ADM,529900.0,530550.0,-650.0,77.66,-50479.0
RSPG,PSX,167186.0,166893.0,293.0,171.56,50267.08
XLG,MRK,715869.0,716320.0,-451.0,111.38,-50232.38
PXE,COP,50559.0,51000.0,-441.0,113.87,-50216.670000000006
PRN,CLH,30651.0,30479.0,172.0,291.15,50077.799999999996
KBWY,DEA,395642.0,393500.0,2142.0,23.35,50015.700000000004
RSPG,KMI,906864.0,905273.0,1591.0,31.41,49973.31
RSPG,WMB,395375.0,394681.0,694.0,71.96,49940.24
AIQ,NFLX,2965067.0,2964497.0,570.0,87.49,49869.299999999996
PXE,OXY,107635.0,108574.0,-939.0,53.03,-49795.17
IMFL,ROP,62930.0,62785.0,145.0,343.32,49781.4
XSMO,INDV,1346242.0,1344982.0,1260.0,39.5,49770.0
PGX,F,3155356.0,3151324.0,4032.0,12.32,49674.24
PRN,GVA,62154.0,61805.0,349.0,141.88,49516.119999999995
KBWY,DOC,464951.0,462431.0,2520.0,19.64,49492.8
OMFL,HUM,72364.0,72184.0,180.0,274.96,49492.799999999996
SPMO,FOX,109142.0,108269.0,873.0,56.6,49411.8
RSPG,CVX,155179.0,154907.0,272.0,181.62,49400.64
PBD,BLDP,810361.0,798415.0,11946.0,4.13,49336.979999999996
RSPG,XOM,194144.0,193803.0,341.0,144.57,49298.369999999995
RSPG,OKE,329228.0,328650.0,578.0,85.16,49222.479999999996
SPHD,CAG,5676494.0,5679977.0,-3483.0,14.13,-49214.79
PGX,MBIN,833129.0,832067.0,1062.0,46.33,49202.46
XMHQ,ELAN,3353965.0,3351886.0,2079.0,23.65,49168.35
KBWY,COLD,611255.0,607943.0,3312.0,14.84,49150.08
SPHQ,ACGL,626751.0,627273.0,-522.0,93.8,-48963.6
PGF,LNC,277184.0,278549.0,-1365.0,35.8,-48866.99999999999
XSMO,BTSG,950073.0,949182.0,891.0,54.83,48853.53
SPHQ,NTAP,498124.0,498538.0,-414.0,118.0,-48852.0
PPA,AIR,280534.0,280947.0,-413.0,117.78,-48643.14
KBWY,AAT,425181.0,422877.0,2304.0,21.04,48476.159999999996
PRF,AXP,58782.0,58935.0,-153.0,316.03,-48352.59
PRN,PH,9858.0,9803.0,55.0,878.83,48335.65
PRF,SBUX,166853.0,167312.0,-459.0,104.93,-48162.87
RSPG,EOG,210705.0,210335.0,370.0,130.03,48111.1
PRN,WWD,23091.0,22961.0,130.0,369.93,48090.9
RPG,MPWR,34057.0,34027.0,30.0,1600.84,48025.2
SPHD,EVRG,671924.0,672511.0,-587.0,81.78,-48004.86
人工智能与机器人botz,PONY,2631248.0,2626100.0,5148.0,9.29,47824.92
HEAL,LFST,39973.0,33772.0,6201.0,7.7,47747.700000000004
PRF,NSC,50266.0,50419.0,-153.0,312.01,-47737.53
RSPG,COP,238875.0,238456.0,419.0,113.87,47711.53
KBWY,SILA,287892.0,286335.0,1557.0,30.58,47613.06
XMHQ,SEIC,841874.0,841352.0,522.0,91.18,47595.96000000001
OMFL,GRMN,75396.0,75198.0,198.0,240.09,47537.82
XLG,TXN,261753.0,261918.0,-165.0,287.8,-47487.0
PGX,CG,733802.0,732866.0,936.0,50.63,47389.68
DJD,TRV,39569.0,39728.0,-159.0,298.04,-47388.36
XSMO,MYRG,116874.0,116766.0,108.0,437.86,47288.880000000005
XMHQ,GGG,980726.0,980117.0,609.0,77.59,47252.310000000005
PRN,ECG,51485.0,51196.0,289.0,163.24,47176.36
PDN,NOK,6.19,3684.19,-3678.0,12.82,-47151.96
SPHD,MO,1607783.0,1608474.0,-691.0,68.12,-47070.920000000006
XLG,PM,449238.0,449513.0,-275.0,170.99,-47022.25
PRF,TJX,101323.0,101629.0,-306.0,153.36,-46928.16
PRF,KR,253370.0,254084.0,-714.0,65.64,-46866.96
XMHQ,CCK,744233.0,743771.0,462.0,101.19,46749.78
PXE,EQT,95699.0,96533.0,-834.0,55.96,-46670.64
RSPG,EXE,277059.0,276573.0,486.0,95.94,46626.84
XSMO,PRIM,473614.0,473170.0,444.0,104.8,46531.2
GXPC,VZ,51595.0,50610.0,985.0,47.22,46511.7
DVVY,EMR,0.0,329.0,-329.0,141.31,-46490.99
RSPG,EQT,472345.0,471516.0,829.0,55.96,46390.840000000004
RWL,HD,208542.0,208396.0,146.0,317.45,46347.7
XSMO,MRCY,549262.0,548749.0,513.0,90.34,46344.42
PGF,OZK,194029.0,194984.0,-955.0,48.5,-46317.5
PSI,TSEM,338150.0,337931.0,219.0,211.02,46213.380000000005
PBD,BE,12086.0,11909.0,177.0,261.03,46202.31
PRF,LITE,10289.0,10340.0,-51.0,903.8,-46093.799999999996
RSPG,OXY,495257.0,494388.0,869.0,53.03,46083.07
SPHQ,KVUE,3096316.0,3098926.0,-2610.0,17.59,-45909.9
PGX,UNM,441526.0,440959.0,567.0,80.88,45858.96
PRF,LHX,52613.0,52766.0,-153.0,299.64,-45844.92
SPHD,CLX,613021.0,613518.0,-497.0,92.16,-45803.52
PRF,TRV,51109.0,51262.0,-153.0,298.04,-45600.12
PGX,VOYA,440196.0,439638.0,558.0,81.59,45527.22
SPHD,FE,1152497.0,1153523.0,-1026.0,44.33,-45482.58
PRF,GE,50833.0,50986.0,-153.0,297.15,-45463.95
PRN,R,33875.0,33685.0,190.0,239.14,45436.6
OMFL,CSL,49030.0,48904.0,126.0,360.39,45409.14
QQA,COST,11328.0,11283.0,45.0,1008.79,45395.549999999996
XMHQ,ACM,905487.0,904926.0,561.0,80.59,45210.990000000005
PXE,EXE,54129.0,54600.0,-471.0,95.94,-45187.74
PRN,VSEC,41734.0,41500.0,234.0,193.05,45173.700000000004
GNOM,RCKT,57609.0,45191.0,12418.0,3.63,45077.34
SPHD,O,1285031.0,1285758.0,-727.0,61.92,-45015.840000000004
AIQ,TSLA,551149.0,551044.0,105.0,428.35,44976.75
RWL,GS,68048.0,68000.0,48.0,936.48,44951.04
XMHQ,BLD,171362.0,171257.0,105.0,428.03,44943.149999999994
SPHD,PAYX,487376.0,487854.0,-478.0,93.93,-44898.54
PRN,APG,181309.0,180290.0,1019.0,44.04,44876.76
PRF,KMI,508688.0,510116.0,-1428.0,31.41,-44853.48
SPHD,CCI,851956.0,852451.0,-495.0,90.57,-44832.149999999994
GXPC,DIS,21816.0,21401.0,415.0,108.02,44828.299999999996
PRF,PH,9569.0,9620.0,-51.0,878.83,-44820.33
RWL,MS,330608.0,330376.0,232.0,193.09,44796.88
SPHQ,RMD,261103.0,261319.0,-216.0,206.76,-44660.159999999996
RWL,MPC,259585.0,259403.0,182.0,244.87,44566.340000000004
XMHQ,PRI,258946.0,258784.0,162.0,274.55,44477.1
RPV,TSN,530090.0,530740.0,-650.0,68.38,-44447.0
PRF,HCA,30185.0,30287.0,-102.0,435.19,-44389.38
PSI,DIOD,614896.0,614498.0,398.0,111.41,44341.18
PRF,EBAY,149225.0,149633.0,-408.0,107.69,-43937.52
GRPM,STRL,20179.0,20231.0,-52.0,844.8,-43929.6
PRF,LYB,226104.0,226716.0,-612.0,71.76,-43917.12
AIQ,META,382343.0,382271.0,72.0,609.63,43893.36
PRF,MMM,104678.0,104984.0,-306.0,143.29,-43846.74
PRF,MET,206160.0,206721.0,-561.0,78.08,-43802.88
PRF,DHR,85331.0,85586.0,-255.0,171.16,-43645.799999999996
AIQ,MSFT,549010.0,548905.0,105.0,415.12,43587.6
PSI,AMKR,877878.0,877310.0,568.0,76.61,43514.48
PRF,ALL,68460.0,68664.0,-204.0,213.15,-43482.6
XLG,LIN,134536.0,134624.0,-88.0,493.16,-43398.08
PRN,ATRO,102728.0,102151.0,577.0,75.08,43321.159999999996
OMFL,ABNB,121456.0,121150.0,306.0,141.49,43295.94
IGPT,EMR,58867.0,58561.0,306.0,141.31,43240.86
PKW,SYF,232358.0,232946.0,-588.0,73.14,-43006.32
RWL,INTC,489267.0,488923.0,344.0,124.92,42972.48
XSMO,PTGX,460680.0,460248.0,432.0,99.36,42923.52
PRF,SPGI,32244.0,32346.0,-102.0,420.12,-42852.24
OMFL,ODFL,80223.0,80007.0,216.0,198.33,42839.280000000006
OMFL,INTU,39302.0,39194.0,108.0,396.31,42801.48
GNOM,RNA,0.0,3274.0,-3274.0,13.07,-42791.18
OMFL,EBAY,153086.0,152690.0,396.0,107.69,42645.24
RPV,LYB,484812.0,485406.0,-594.0,71.76,-42625.44
XSMO,LUMN,5362902.0,5357880.0,5022.0,8.48,42586.560000000005
PBD,PLUG,923347.0,909736.0,13611.0,3.12,42466.32
XLG,WFC,892015.0,892576.0,-561.0,75.64,-42434.04
PRF,BKR,239570.0,240233.0,-663.0,63.89,-42359.07
RPV,CVS,379178.0,379644.0,-466.0,90.55,-42196.299999999996
OMFL,CTAS,98472.0,98220.0,252.0,166.97,42076.44
SPHD,CMCSA,2090686.0,2092339.0,-1653.0,25.4,-41986.2
SPHD,AMCR,2012708.0,2013758.0,-1050.0,39.93,-41926.5
PPA,AMTM,1154453.0,1156161.0,-1708.0,24.53,-41897.240000000005
RWL,KR,908762.0,908124.0,638.0,65.64,41878.32
RWL,PSX,346413.0,346169.0,244.0,171.56,41860.64
EQWL,MU,57199.0,57255.0,-56.0,746.81,-41821.36
GXPC,T,86737.0,85077.0,1660.0,25.16,41765.6
XSMO,GVA,313595.0,313301.0,294.0,141.88,41712.72
PXE,PARR,74322.0,74970.0,-648.0,64.37,-41711.76
PRF,PYPL,330969.0,331887.0,-918.0,45.37,-41649.659999999996
PGX,PNFP,330188.0,329765.0,423.0,97.89,41407.47
SPHQ,EXPE,219548.0,219728.0,-180.0,229.98,-41396.4
XMHQ,VMI,130378.0,130297.0,81.0,510.55,41354.55
OMFL,ITW,61844.0,61682.0,162.0,254.76,41271.119999999995
人工智能与机器人botz,HSAI,971666.0,969758.0,1908.0,21.6,41212.8
PRF,D,241846.0,242509.0,-663.0,61.89,-41033.07
PRF,SYF,203169.0,203730.0,-561.0,73.14,-41031.54
PKW,FCNCA,8168.0,8189.0,-21.0,1951.93,-40990.53
RPG,AMD,104078.0,103988.0,90.0,455.19,40967.1
PRF,ETN,35586.0,35688.0,-102.0,401.51,-40954.02
PRF,FCX,236961.0,237624.0,-663.0,61.65,-40873.95
RPG,VRT,141849.0,141729.0,120.0,339.97,40796.4
KBWY,GLPI,155371.0,154525.0,846.0,48.22,40794.12
XMHQ,DCI,767133.0,766659.0,474.0,86.0,40764.0
PSI,ON,608443.0,608049.0,394.0,103.2,40660.8
PRF,CRH,126966.0,127323.0,-357.0,113.76,-40612.32
PSI,FORM,423564.0,423290.0,274.0,147.87,40516.380000000005
KBWY,UMH,471453.0,468897.0,2556.0,15.82,40435.92
OMFL,SNA,38924.0,38816.0,108.0,374.0,40392.0
PRF,AFL,131681.0,132038.0,-357.0,113.1,-40376.7
OMFL,IDXX,27242.0,27170.0,72.0,560.11,40327.92
RWL,VZ,1211786.0,1210936.0,850.0,47.22,40137.0
RWL,VLO,235753.0,235587.0,166.0,241.06,40015.96
PSI,MTSI,171584.0,171473.0,111.0,359.88,39946.68
RPV,F,2637272.0,2640508.0,-3236.0,12.32,-39867.520000000004
KBWY,EPR,125555.0,124871.0,684.0,58.28,39863.520000000004
IGPT,MCHP,77424.0,77022.0,402.0,99.09,39834.18
PRF,AEP,107774.0,108080.0,-306.0,130.16,-39828.96
PKW,JBHT,64144.0,64306.0,-162.0,245.4,-39754.8
PSI,KLIC,598331.0,597944.0,387.0,102.66,39729.42
AIQ,PLTR,1493161.0,1492873.0,288.0,137.8,39686.4
SPHQ,DOV,210293.0,210473.0,-180.0,219.83,-39569.4
PKW,L,149547.0,149925.0,-378.0,104.5,-39501.0
PRF,TMUS,70515.0,70719.0,-204.0,193.63,-39500.52
PRF,BIIB,68201.0,68405.0,-204.0,193.45,-39463.799999999996
DVVY,RTX,224.0,0.0,224.0,176.09,39444.16
SPHQ,WSM,264073.0,264289.0,-216.0,182.1,-39333.6
PRF,HPQ,626404.0,628138.0,-1734.0,22.68,-39327.12
RPG,KLAC,23217.0,23196.0,21.0,1869.19,39252.99
RPV,GM,406022.0,406520.0,-498.0,78.8,-39242.4
RPV,CI,110582.0,110718.0,-136.0,288.06,-39176.16
XMHQ,FLR,1458111.0,1457208.0,903.0,43.31,39108.93
RSP,NWS,1666070.0,1667318.0,-1248.0,31.31,-39074.88
XMHQ,ALV,519627.0,519306.0,321.0,121.62,39040.020000000004
SPHD,KIM,3307688.0,3309349.0,-1661.0,23.48,-39000.28
XMHQ,TTC,656293.0,655885.0,408.0,95.5,38964.0
PSI,PLAB,1121528.0,1120802.0,726.0,53.64,38942.64
QQA,CSCO,100835.0,100432.0,403.0,96.57,38917.71
XMHQ,GME,2583444.0,2581842.0,1602.0,24.28,38896.560000000005
PXE,DINO,61470.0,62007.0,-537.0,72.43,-38894.91
SPHD,GIS,1643331.0,1644450.0,-1119.0,34.68,-38806.92
RSPG,TPL,55868.0,55770.0,98.0,394.2,38631.6
EQWL,QCOM,178560.0,178736.0,-176.0,219.09,-38559.840000000004
SPHD,VICI,3072477.0,3073814.0,-1337.0,28.84,-38559.08
KBWY,PINE,367587.0,365598.0,1989.0,19.36,38507.04
RPV,HUM,114007.0,114147.0,-140.0,274.96,-38494.399999999994
SPHD,VZ,2365610.0,2366425.0,-815.0,47.22,-38484.299999999996
PGX,FG,1062648.0,1061289.0,1359.0,28.3,38459.700000000004
PNQI,DIS,205591.0,205947.0,-356.0,108.02,-38455.119999999995
PBUS,META,377919.0,377856.0,63.0,609.63,38406.69
PRF,TSN,196500.0,197061.0,-561.0,68.38,-38361.18
KBWY,GTY,214543.0,213382.0,1161.0,33.02,38336.22
RWL,WFC,719568.0,719062.0,506.0,75.64,38273.840000000004
PRF,BG,107915.0,108221.0,-306.0,124.94,-38231.64
PWV,MPC,104345.0,104189.0,156.0,244.87,38199.72
PKW,LUV,365789.0,366713.0,-924.0,41.31,-38170.44
RPG,HWM,166548.0,166407.0,141.0,270.56,38148.96
PWV,EBAY,238811.0,238457.0,354.0,107.69,38122.26
PRF,STT,91505.0,91760.0,-255.0,149.49,-38119.950000000004
PRF,PWR,10606.0,10657.0,-51.0,745.0,-37995.0
XLG,IBM,269815.0,269980.0,-165.0,229.76,-37910.4
PRF,KHC,565041.0,566622.0,-1581.0,23.96,-37880.76
PRF,OXY,249913.0,250627.0,-714.0,53.03,-37863.42
AIQ,BABA,1398130.0,1397860.0,270.0,140.06,37816.2
PNQI,UBER,289061.0,289561.0,-500.0,75.45,-37725.0
QQA,NFLX,107780.0,107349.0,431.0,87.49,37708.189999999995
IGPT,AME,31352.0,31190.0,162.0,232.4,37648.8
PRF,DHI,94091.0,94346.0,-255.0,147.63,-37645.65
OMFL,CBOE,39772.0,39664.0,108.0,348.56,37644.48
XSMO,PLXS,151029.0,150888.0,141.0,266.55,37583.55
OMFL,ULTA,27390.0,27318.0,72.0,521.58,37553.76
PRF,MCK,13294.0,13345.0,-51.0,736.09,-37540.590000000004
PGX,CFR,210926.0,210656.0,270.0,138.85,37489.5
XLG,PEP,394454.0,394696.0,-242.0,154.62,-37418.04
QQA,LRCX,31875.0,31748.0,127.0,294.05,37344.35
PSI,SMTC,472544.0,472238.0,306.0,121.81,37273.86
PRF,CTVA,174280.0,174739.0,-459.0,81.13,-37238.67
OMFL,RMD,71635.0,71455.0,180.0,206.76,37216.799999999996
DJD,AXP,28837.0,28954.0,-117.0,316.03,-36975.509999999995
PWV,CVS,274633.0,274225.0,408.0,90.55,36944.4
PWV,VLO,102235.0,102082.0,153.0,241.06,36882.18
RPV,MOS,1353337.0,1354997.0,-1660.0,22.19,-36835.4
PSI,MPWR,35165.0,35142.0,23.0,1600.84,36819.32
CSD,MBC,201468.0,196632.0,4836.0,7.61,36801.96
KBWY,FVR,373123.0,371098.0,2025.0,18.17,36794.25
GNOM,WGS,14420.0,13523.0,897.0,40.77,36570.69
PSCF,AGNT,5536.0,0.0,5536.0,6.6,36537.6
SPHD,DOC,5483154.0,5485011.0,-1857.0,19.64,-36471.48
KBWY,FCPT,268139.0,266690.0,1449.0,25.17,36471.33
PRF,REGN,25263.0,25314.0,-51.0,714.89,-36459.39
PPA,LOAR,412329.0,412938.0,-609.0,59.8,-36418.2
XLG,MCD,205284.0,205416.0,-132.0,275.75,-36399.0
RWL,T,2056082.0,2054638.0,1444.0,25.16,36331.04
XMHQ,SFM,706695.0,706257.0,438.0,82.83,36279.54
PGF,HBAN,457357.0,459607.0,-2250.0,16.12,-36270.0
XMHQ,HLI,383793.0,383556.0,237.0,152.87,36230.19
GRPM,FTI,198638.0,199153.0,-515.0,70.15,-36127.25
GRPM,VAL,146694.0,147074.0,-380.0,95.02,-36107.6
SDIV,NAT,2735713.0,2741807.0,-6094.0,5.92,-36076.48
PRF,EMR,100994.0,101249.0,-255.0,141.31,-36034.05
SPHD,PRU,606767.0,607124.0,-357.0,100.81,-35989.17
PRF,PRU,122319.0,122676.0,-357.0,100.81,-35989.17
PRF,STLD,59002.0,59155.0,-153.0,235.1,-35970.299999999996
PSI,MCHP,561082.0,560719.0,363.0,99.09,35969.67
XMHQ,BYD,676742.0,676322.0,420.0,85.64,35968.8
XMHQ,AFG,440651.0,440378.0,273.0,131.32,35850.36
PKW,NVR,2148.0,2154.0,-6.0,5974.07,-35844.42
XLG,VZ,1216599.0,1217358.0,-759.0,47.22,-35839.979999999996
SPHD,PFE,3705235.0,3706630.0,-1395.0,25.68,-35823.6
RPV,TGT,233542.0,233828.0,-286.0,125.25,-35821.5
XSMO,PTCT,518227.0,517741.0,486.0,73.69,35813.34
RPG,PWR,54677.0,54629.0,48.0,745.0,35760.0
XMHQ,KNSL,191163.0,191046.0,117.0,304.87,35669.79
PSI,LSCC,433084.0,432804.0,280.0,127.19,35613.2
PRF,JCI,90330.0,90585.0,-255.0,139.52,-35577.600000000006
人工智能与机器人botz,WRD,2420088.0,2415354.0,4734.0,7.51,35552.34
XMHQ,GMED,736525.0,736069.0,456.0,77.95,35545.200000000004
PGX,HBAN,1727219.0,1725014.0,2205.0,16.12,35544.600000000006
OMFL,EXEL,283039.0,282301.0,738.0,48.16,35542.079999999994
SPHD,HRL,2782308.0,2784046.0,-1738.0,20.44,-35524.72
SPHQ,PPG,382005.0,382329.0,-324.0,109.61,-35513.64
SPHQ,HUBB,93555.0,93627.0,-72.0,492.58,-35465.76
PHO,LNN,81904.0,81580.0,324.0,109.37,35435.880000000005
GRPM,RNR,45625.0,45743.0,-118.0,300.16,-35418.880000000005
PSI,LASR,739079.0,738601.0,478.0,73.91,35328.979999999996
SPHQ,CHD,447304.0,447682.0,-378.0,93.44,-35320.32
QQA,AMAT,20262.0,20181.0,81.0,435.44,35270.64
PNQI,BKNG,122279.0,122491.0,-212.0,165.93,-35177.16
RWJ,KMX,715888.0,715016.0,872.0,40.34,35176.48
OMFL,FIX,5345.0,5327.0,18.0,1952.37,35142.659999999996
SPHD,TFC,1173501.0,1174216.0,-715.0,49.11,-35113.65
PRF,VTRS,731870.0,733910.0,-2040.0,17.17,-35026.8
DJD,CAT,9549.0,9588.0,-39.0,897.45,-35000.55
PRF,PCAR,116044.0,116350.0,-306.0,114.31,-34978.86
SDIV,FLNG,477888.0,478955.0,-1067.0,32.72,-34912.24
PXE,SM,135806.0,136991.0,-1185.0,29.44,-34886.4
PKW,CF,120294.0,120597.0,-303.0,115.02,-34851.06
AIQ,QCOM,821158.0,820999.0,159.0,219.09,34835.31
PXE,CHRD,29118.0,29373.0,-255.0,136.44,-34792.2
RPV,ELV,74771.0,74863.0,-92.0,378.07,-34782.44
PKW,TLN,35547.0,35637.0,-90.0,386.37,-34773.3
PRF,MRVL,80926.0,81130.0,-204.0,170.13,-34706.52
PBUS,TSLA,490192.0,490111.0,81.0,428.35,34696.35
PRN,SPXC,30385.0,30214.0,171.0,202.84,34685.64
SDIV,IIPR,270420.0,271025.0,-605.0,57.29,-34660.45
PRF,CMI,26585.0,26636.0,-51.0,679.55,-34657.049999999996
RPV,DD,567815.0,568511.0,-696.0,49.76,-34632.96
RWL,TGT,392089.0,391813.0,276.0,125.25,34569.0
EQWL,TXN,120544.0,120664.0,-120.0,287.8,-34536.0
PSI,CAMT,260058.0,259890.0,168.0,205.54,34530.72
PRN,DXPE,39390.0,39169.0,221.0,156.18,34515.78
XLG,DIS,511074.0,511393.0,-319.0,108.02,-34458.38
PSI,MKSI,169537.0,169427.0,110.0,313.21,34453.1
PNQI,SHOP,180576.0,180888.0,-312.0,110.41,-34447.92
PRN,DRS,147882.0,147051.0,831.0,41.36,34370.159999999996
RWJ,GPI,78849.0,78753.0,96.0,357.83,34351.68
KBWY,PSTL,271660.0,270184.0,1476.0,23.27,34346.52
RPG,SATS,316180.0,315910.0,270.0,127.15,34330.5
PNQI,NFLX,226527.0,226919.0,-392.0,87.49,-34296.079999999994
PBD,ENLT,25649.0,25271.0,378.0,90.51,34212.78
PKW,DLTR,143192.0,143555.0,-363.0,94.24,-34209.119999999995
HEAL,ISRG,2224.0,2148.0,76.0,450.06,34204.56
GRPM,PR,668382.0,670114.0,-1732.0,19.72,-34155.04
SPHQ,TROW,372955.0,373279.0,-324.0,105.33,-34126.92
PKW,FTV,223436.0,224000.0,-564.0,60.43,-34082.52
PHDG,CVNA,545.0,109.0,436.0,77.94,33981.84
PKW,CHTR,86284.0,86503.0,-219.0,154.86,-33914.340000000004
PRF,BKNG,71339.0,71543.0,-204.0,165.93,-33849.72
PRF,NKE,284932.0,285697.0,-765.0,44.14,-33767.1
RPV,EG,77670.0,77766.0,-96.0,351.52,-33745.92
GRPM,RMBS,100553.0,100814.0,-261.0,129.245,-33732.945
XSMO,PSMT,228124.0,227911.0,213.0,158.26,33709.38
XSMO,MSGS,108232.0,108130.0,102.0,330.13,33673.26
PWV,BK,174751.0,174493.0,258.0,130.5,33669.0
SPHQ,STE,196873.0,197035.0,-162.0,207.45,-33606.9
PRF,EXC,267824.0,268589.0,-765.0,43.91,-33591.149999999994
OMFL,TT,30634.0,30562.0,72.0,466.17,33564.24
DVVY,PEP,217.0,0.0,217.0,154.62,33552.54
PGX,LNC,731551.0,730615.0,936.0,35.8,33508.799999999996
PWV,PSX,131950.0,131755.0,195.0,171.56,33454.2
RPG,IBKR,464613.0,464217.0,396.0,84.42,33430.32
RPV,SW,654766.0,655570.0,-804.0,41.55,-33406.2
SPHD,BXP,1048814.0,1049376.0,-562.0,59.43,-33399.659999999996
GRPM,CRS,30023.0,30101.0,-78.0,427.85,-33372.3
PGX,TPG,586096.0,585349.0,747.0,44.62,33331.14
OMFL,RS,34541.0,34451.0,90.0,369.29,33236.1
XSMO,LGND,160636.0,160486.0,150.0,221.41,33211.5
OMFL,GILD,95414.0,95162.0,252.0,131.33,33095.16
PGX,BC,313921.0,313516.0,405.0,81.71,33092.549999999996
SDIV,ZIM,560510.0,561753.0,-1243.0,26.61,-33076.229999999996
PXE,APA,106571.0,107501.0,-930.0,35.56,-33070.8
PRF,WMB,165826.0,166285.0,-459.0,71.96,-33029.64
XSMO,AWI,219145.0,218941.0,204.0,161.76,32999.04
PKW,VIK,157920.0,158319.0,-399.0,82.67,-32985.33
XMHQ,CRUS,311432.0,311240.0,192.0,171.67,32960.64
PPA,SAIC,236786.0,237136.0,-350.0,93.93,-32875.5
PRF,WELL,49787.0,49940.0,-153.0,214.63,-32838.39
OMFL,SEIC,141362.0,141002.0,360.0,91.18,32824.8
OMFL,WSM,67745.0,67565.0,180.0,182.1,32778.0
PRF,FITB,244445.0,245108.0,-663.0,49.33,-32705.789999999997
PWV,TGT,176328.0,176067.0,261.0,125.25,32690.25
PRF,SRE,133845.0,134202.0,-357.0,91.53,-32676.21
PSI,CRUS,293619.0,293429.0,190.0,171.67,32617.3
XMHQ,INGR,489422.0,489119.0,303.0,107.39,32539.170000000002
PGX,SR,297575.0,297197.0,378.0,85.7,32394.600000000002
DJD,MSFT,19020.0,19098.0,-78.0,415.12,-32379.36
PBD,GPRE,120724.0,118945.0,1779.0,18.19,32360.010000000002
PBD,SQM,23970.0,23616.0,354.0,91.39,32352.06
SPHD,KHC,4090517.0,4091865.0,-1348.0,23.96,-32298.08
PGX,FRT,220040.0,219761.0,279.0,115.68,32274.72
QQA,PLTR,58501.0,58267.0,234.0,137.8,32245.200000000004
RSPE,INTC,4919.0,4661.0,258.0,124.92,32229.36
SDIV,SFL,1205827.0,1208511.0,-2684.0,12.0,-32208.0
SPHD,CPB,2966915.0,2968460.0,-1545.0,20.84,-32197.8
PKW,ROIV,444252.0,445377.0,-1125.0,28.56,-32130.0
PWV,DAL,294216.0,293778.0,438.0,73.33,32118.54
PGX,FHN,1020051.0,1018746.0,1305.0,24.61,32116.05
RWL,CMCSA,1798936.0,1797672.0,1264.0,25.4,32105.6
PSI,ADI,119552.0,119475.0,77.0,416.52,32072.039999999997
PGX,SIGI,293534.0,293156.0,378.0,84.78,32046.84
SPHQ,STZ,264050.0,264266.0,-216.0,148.21,-32013.36
RWL,DIS,420985.0,420689.0,296.0,108.02,31973.92
SPHQ,WAT,107781.0,107871.0,-90.0,355.13,-31961.7
PPA,FLY,542781.0,543586.0,-805.0,39.68,-31942.4
SPHQ,INCY,377800.0,378124.0,-324.0,98.56,-31933.440000000002
XMHQ,HALO,805772.0,805274.0,498.0,64.12,31931.760000000002
EQWL,UNH,83955.0,84039.0,-84.0,379.98,-31918.32
PXE,CRGY,295200.0,297774.0,-2574.0,12.4,-31917.600000000002
PRF,AON,28047.0,28149.0,-102.0,312.79,-31904.58
PGX,OZK,513994.0,513337.0,657.0,48.5,31864.5
XLG,T,2019433.0,2020698.0,-1265.0,25.16,-31827.4
EQWL,LRCX,109418.0,109526.0,-108.0,294.05,-31757.4
RPG,LRCX,125549.0,125441.0,108.0,294.05,31757.4
OMFL,PHM,102655.0,102385.0,270.0,117.55,31738.5
AIQ,IBM,716616.0,716478.0,138.0,229.76,31706.879999999997
PPA,KBR,657839.0,658812.0,-973.0,32.54,-31661.42
PRF,SCHW,130766.0,131123.0,-357.0,88.61,-31633.77
PRF,CHTR,82708.0,82912.0,-204.0,154.86,-31591.440000000002
OMFL,FTI,175456.0,175006.0,450.0,70.15,31567.500000000004
PBD,BLBD,30031.0,29587.0,444.0,71.02,31532.879999999997
XSMO,ACMR,559860.0,559335.0,525.0,59.85,31421.25
PKW,TXT,136331.0,136676.0,-345.0,91.01,-31398.45
DWAS,SNDK,7361.0,7381.0,-20.0,1562.34,-31246.8
RPG,GEV,33761.0,33731.0,30.0,1040.15,31204.500000000004
PXE,MUR,96772.0,97615.0,-843.0,36.98,-31174.139999999996
OMFL,VRSN,41571.0,41463.0,108.0,288.21,31126.679999999997
PWV,CI,72506.0,72398.0,108.0,288.06,31110.48
PWV,ET,1083586.0,1081978.0,1608.0,19.34,31098.72
PKW,LVS,230992.0,231577.0,-585.0,53.11,-31069.35
SPHQ,CF,314170.0,314440.0,-270.0,115.02,-31055.399999999998
PBD,DAR,33402.0,32910.0,492.0,63.12,31055.039999999997
SPHQ,EXPD,234601.0,234799.0,-198.0,156.69,-31024.62
XSMO,DAN,951249.0,950358.0,891.0,34.7,30917.7
PNQI,CRM,97712.0,97882.0,-170.0,181.82,-30909.399999999998
PPA,OSK,153401.0,153625.0,-224.0,137.97,-30905.28
RWL,BA,185606.0,185476.0,130.0,237.36,30856.800000000003
SPHQ,CHRW,202840.0,203020.0,-180.0,171.39,-30850.199999999997
RWL,TSLA,103284.0,103212.0,72.0,428.35,30841.2
OMFL,UPS,116800.0,116494.0,306.0,100.78,30838.68
PWV,AMP,43724.0,43658.0,66.0,465.56,30726.96
PGX,CRBG,879602.0,878477.0,1125.0,27.31,30723.75
PSI,SWKS,711201.0,710741.0,460.0,66.78,30718.8
PXE,OVV,60885.0,61416.0,-531.0,57.83,-30707.73
PPA,OSIS,87606.0,87739.0,-133.0,230.83,-30700.390000000003
PWV,ALL,97087.0,96943.0,144.0,213.15,30693.600000000002
PRF,EA,51347.0,51500.0,-153.0,200.44,-30667.32
OMFL,CTVA,143766.0,143388.0,378.0,81.13,30667.14
SDIV,PLTK,3775138.0,3783553.0,-8415.0,3.63,-30546.45
EQWL,AMZN,112619.0,112731.0,-112.0,272.68,-30540.16
RPV,PSX,145244.0,145422.0,-178.0,171.56,-30537.68
PWV,AFL,181175.0,180905.0,270.0,113.1,30537.0
EQWL,CAT,33845.0,33879.0,-34.0,897.45,-30513.300000000003
SDIV,TWO,1089498.0,1091929.0,-2431.0,12.55,-30509.050000000003
PWV,USB,370179.0,369630.0,549.0,55.53,30485.97
PRF,BDX,67875.0,68079.0,-204.0,149.43,-30483.72
PRF,HAL,271218.0,271983.0,-765.0,39.83,-30469.949999999997
RPG,EME,39610.0,39577.0,33.0,921.64,30414.12
PRF,OKE,127621.0,127978.0,-357.0,85.16,-30402.12
PXE,TALO,232244.0,234269.0,-2025.0,14.99,-30354.75
PRF,MCHP,112497.0,112803.0,-306.0,99.09,-30321.54
PWV,CBRE,139372.0,139165.0,207.0,146.33,30290.31
PSI,TER,129511.0,129427.0,84.0,359.77,30220.68
PRF,APD,33887.0,33989.0,-102.0,295.41,-30131.820000000003
EQWL,AVGO,70113.0,70183.0,-70.0,430.0,-30100.0
RPG,CRWD,65520.0,65463.0,57.0,527.77,30082.89
IGPT,EA,29569.0,29419.0,150.0,200.44,30066.0
RZV,ICHR,78039.0,78443.0,-404.0,74.42,-30065.68
SPHD,OMC,634690.0,635080.0,-390.0,77.06,-30053.4
XLG,CRM,270486.0,270651.0,-165.0,181.82,-30000.3
HEAL,RMD,4967.0,4822.0,145.0,206.76,29980.199999999997
IGPT,ALAB,29536.0,29386.0,150.0,199.79,29968.5
CSD,VSTS,134960.0,131720.0,3240.0,9.24,29937.600000000002
PWV,PNC,93465.0,93327.0,138.0,216.85,29925.3
SDIV,ADAM,1530860.0,1534248.0,-3388.0,8.83,-29916.04
PWV,TFC,410225.0,409616.0,609.0,49.11,29907.989999999998
PWV,BKR,314785.0,314317.0,468.0,63.89,29900.52
RPV,VLO,100677.0,100801.0,-124.0,241.06,-29891.44
SPHD,OKE,1026702.0,1027053.0,-351.0,85.16,-29891.16
PRF,DLR,46607.0,46760.0,-153.0,195.31,-29882.43
PWV,MO,294134.0,293696.0,438.0,68.12,29836.56
SPHD,ES,869761.0,870209.0,-448.0,66.51,-29796.480000000003
SDIV,ALX,53223.0,53344.0,-121.0,246.0,-29766.0
PRN,KRMN,87086.0,86597.0,489.0,60.84,29750.760000000002
XSMO,AX,363901.0,363559.0,342.0,86.98,29747.16
PBD,SEDG,48837.0,48117.0,720.0,41.3,29735.999999999996
PRN,DBD,67768.0,67387.0,381.0,78.01,29721.81
EART,ALB,9656.0,9802.0,-146.0,203.52,-29713.920000000002
XLG,ISRG,102361.0,102427.0,-66.0,450.06,-29703.96
PRF,PGR,60802.0,60955.0,-153.0,194.0,-29682.0
XSMO,AIR,269250.0,268998.0,252.0,117.78,29680.56
PWV,AEP,153864.0,153636.0,228.0,130.16,29676.48
RPG,AVGO,80992.0,80923.0,69.0,430.0,29670.0
EQWL,AMAT,68215.0,68283.0,-68.0,435.44,-29609.92
KBWY,ARE,117481.0,116842.0,639.0,46.26,29560.14
PRF,DINO,141592.0,142000.0,-408.0,72.43,-29551.440000000002
IGPT,HPE,181749.0,180807.0,942.0,31.35,29531.7
RWL,FDX,110748.0,110670.0,78.0,378.58,29529.239999999998
PWV,FDX,52693.0,52615.0,78.0,378.58,29529.239999999998
PWV,TRV,66697.0,66598.0,99.0,298.04,29505.960000000003
PPA,LASR,269375.0,269774.0,-399.0,73.91,-29490.09
DJD,SHW,22720.0,22813.0,-93.0,316.82,-29464.26
PXE,PR,171392.0,172886.0,-1494.0,19.72,-29461.679999999997
OMFL,CRM,59444.0,59282.0,162.0,181.82,29454.84
IGPT,ARM,26825.0,26687.0,138.0,213.27,29431.260000000002
IGPT,CRDO,30020.0,29864.0,156.0,188.505,29406.78
EQWL,CSCO,306637.0,306941.0,-304.0,96.57,-29357.28
PNQI,INTU,42706.0,42780.0,-74.0,396.31,-29326.94
PWV,NEE,212887.0,212572.0,315.0,93.1,29326.5
PWV,GM,250604.0,250232.0,372.0,78.8,29313.6
PSI,AEIS,126873.0,126791.0,82.0,357.24,29293.68
OMFL,AME,51500.0,51374.0,126.0,232.4,29282.4
PBD,NIO,339493.0,334489.0,5004.0,5.85,29273.399999999998
PKW,CSL,31619.0,31700.0,-81.0,360.39,-29191.59
人工智能与机器人botz,OMCL,339229.0,338563.0,666.0,43.82,29184.12
AIQ,SAP,872895.0,872727.0,168.0,173.7,29181.6
PXE,CLMT,104254.0,105163.0,-909.0,32.08,-29160.719999999998
PGF,WAFD,166308.0,167128.0,-820.0,35.55,-29150.999999999996
EQWL,GEV,28253.0,28281.0,-28.0,1040.15,-29124.200000000004
SPHD,UDR,1723687.0,1724476.0,-789.0,36.91,-29121.989999999998
PRF,SYK,29699.0,29801.0,-102.0,285.47,-29117.940000000002
MLPX,NEXT,1644502.0,1640652.0,3850.0,7.56,29106.0
SDIV,EFC,959805.0,961939.0,-2134.0,13.62,-29065.079999999998
PWV,DUK,158547.0,158313.0,234.0,124.17,29055.78
RPG,NVDA,159234.0,159099.0,135.0,215.2,29052.0
PXE,MTDR,60310.0,60835.0,-525.0,55.26,-29011.5
XMHQ,CHWY,2039250.0,2037987.0,1263.0,22.97,29011.109999999997
PRF,FLEX,68235.0,68439.0,-204.0,142.17,-29002.679999999997
SPHD,PNW,602301.0,602593.0,-292.0,99.25,-28981.0
PRN,NVRI,267595.0,266092.0,1503.0,19.26,28947.780000000002
OMFL,ETN,29001.0,28929.0,72.0,401.51,28908.72
PRF,DG,99486.0,99741.0,-255.0,113.29,-28888.95
SPHQ,DLTR,363421.0,363727.0,-306.0,94.24,-28837.44
SDIV,BRSP,2153116.0,2157945.0,-4829.0,5.97,-28829.129999999997
OMFL,MPWR,8458.0,8440.0,18.0,1600.84,28815.12
PFM,AVGO,95156.0,95223.0,-67.0,430.0,-28810.0
RPG,APH,263715.0,263490.0,225.0,128.03,28806.75
PWV,CB,60482.0,60392.0,90.0,319.64,28767.6
XSMO,NPO,98829.0,98736.0,93.0,309.22,28757.460000000003
RPV,KR,356302.0,356740.0,-438.0,65.64,-28750.32
DJD,V,22515.0,22605.0,-90.0,318.79,-28691.100000000002
PRF,CME,38417.0,38519.0,-102.0,281.25,-28687.5
SDIV,ARI,1169508.0,1172115.0,-2607.0,11.0,-28677.0
MLPX,DKL,236811.0,236250.0,561.0,51.05,28639.05
PKW,BALL,193165.0,193654.0,-489.0,58.52,-28616.280000000002
EQWL,ORCL,146812.0,146958.0,-146.0,195.95,-28608.699999999997
PWV,XEL,242768.0,242408.0,360.0,79.39,28580.4
XSMO,PARR,475042.0,474598.0,444.0,64.37,28580.280000000002
EQWL,MS,148848.0,148996.0,-148.0,193.09,-28577.32
SPHD,HBAN,2643906.0,2642144.0,1762.0,16.12,28403.440000000002
XMHQ,LOPE,274666.0,274495.0,171.0,166.09,28401.39
SDIV,FBRT,1403400.0,1406524.0,-3124.0,9.09,-28397.16
SPHD,BEN,2944169.0,2945083.0,-914.0,31.05,-28379.7
RSPE,MU,725.0,687.0,38.0,746.81,28378.78
XMHQ,THG,240788.0,240638.0,150.0,189.14,28370.999999999996
DJD,CRM,38673.0,38829.0,-156.0,181.82,-28363.92
XSMO,AZZ,206005.0,205813.0,192.0,147.6,28339.199999999997
PBD,HASI,46900.0,46210.0,690.0,41.05,28324.499999999996
PWV,NEM,164151.0,163908.0,243.0,116.51,28311.93
RPV,VTRS,1342810.0,1344458.0,-1648.0,17.17,-28296.160000000003
EQWL,CVS,316274.0,316586.0,-312.0,90.55,-28251.6
PXE,AR,90137.0,90923.0,-786.0,35.94,-28248.839999999997
SPHQ,ULTA,71960.0,72014.0,-54.0,521.58,-28165.320000000003
SPHQ,LII,72277.0,72331.0,-54.0,521.25,-28147.5
RWL,PEP,260513.0,260331.0,182.0,154.62,28140.84
PRF,EIX,141761.0,142169.0,-408.0,68.95,-28131.600000000002
RSPU,ETR,175509.0,175761.0,-252.0,111.59,-28120.68
PBD,ATKR,25556.0,25178.0,378.0,74.29,28081.620000000003
SDIV,TFSL,831915.0,833774.0,-1859.0,15.1,-28070.899999999998
OMFL,ANET,76616.0,76418.0,198.0,141.77,28070.460000000003
PXE,DVN,70477.0,71092.0,-615.0,45.61,-28050.15
SPMO,LUV,94479.0,93800.0,679.0,41.31,28049.49
SDIV,PK,1108960.0,1111435.0,-2475.0,11.32,-28017.0
MLPX,EE,349220.0,348395.0,825.0,33.89,27959.25
PXE,RRC,79143.0,79833.0,-690.0,40.52,-27958.800000000003
PRF,CIEN,21654.0,21705.0,-51.0,548.11,-27953.61
PWV,REGN,26377.0,26338.0,39.0,714.89,27880.71
PNQI,ADBE,62949.0,63059.0,-110.0,253.04,-27834.399999999998
GNOM,LAB,170786.0,143532.0,27254.0,1.02,27799.08
OMFL,FCX,170785.0,170335.0,450.0,61.65,27742.5
SDIV,MFA,1255816.0,1258610.0,-2794.0,9.9,-27660.600000000002
SDIV,CHCT,705446.0,707019.0,-1573.0,17.58,-27653.339999999997
PWV,BMY,330737.0,330245.0,492.0,56.16,27630.719999999998
RWL,UPS,390636.0,390362.0,274.0,100.78,27613.72
RSPE,QCOM,2404.0,2278.0,126.0,219.09,27605.34
XSMO,REZI,738897.0,738204.0,693.0,39.75,27546.75
EQWL,NVDA,128731.0,128859.0,-128.0,215.2,-27545.6
RWL,ADM,503214.0,502860.0,354.0,77.66,27491.64
OMFL,CMG,323556.0,322710.0,846.0,32.49,27486.54
HEAL,INSP,6123.0,6743.0,-620.0,44.26,-27441.199999999997
PXE,MNR,228646.0,230641.0,-1995.0,13.75,-27431.25
CSD,EHAB,82871.0,80882.0,1989.0,13.79,27428.309999999998
GRPM,EWBC,85951.0,86174.0,-223.0,122.99,-27426.77
XSMO,CENX,495900.0,495435.0,465.0,58.91,27393.149999999998
PTH,PRAX,19242.0,19159.0,83.0,330.02,27391.66
DJD,WMT,52061.0,52271.0,-210.0,130.43,-27390.300000000003
SDIV,BDN,3916649.0,3925438.0,-8789.0,3.11,-27333.789999999997
SDIV,LADR,1196534.0,1199196.0,-2662.0,10.26,-27312.12
RSPE,AMD,1145.0,1085.0,60.0,455.19,27311.4
XSMO,HCC,340081.0,339763.0,318.0,85.87,27306.66
PWV,EXC,419220.0,418599.0,621.0,43.91,27268.109999999997
IQSZ,AMZN,15925.0,15825.0,100.0,272.68,27268.0
PXE,MGY,112157.0,113135.0,-978.0,27.8,-27188.4
OMFL,UBER,137185.0,136825.0,360.0,75.45,27162.0
SDIV,BXMT,635640.0,637059.0,-1419.0,19.13,-27145.469999999998
SDIV,STWD,687328.0,688857.0,-1529.0,17.75,-27139.75
EQWL,C,219328.0,219544.0,-216.0,125.55,-27118.8
SDIV,NLY,537695.0,538894.0,-1199.0,22.61,-27109.39
PRF,ED,91176.0,91431.0,-255.0,106.31,-27109.05
PRF,LEN,106616.0,106922.0,-306.0,88.38,-27044.28
RPV,BEN,708537.0,709407.0,-870.0,31.05,-27013.5
PRF,AMT,46227.0,46380.0,-153.0,176.53,-27009.09
SDIV,DEA,519356.0,520511.0,-1155.0,23.35,-26969.25
GRPM,HALO,161927.0,162347.0,-420.0,64.12,-26930.4
SPHQ,SNA,86604.0,86676.0,-72.0,374.0,-26928.0
RWL,CAT,42377.0,42347.0,30.0,897.45,26923.5
RWJ,LNC,619288.0,618536.0,752.0,35.8,26921.6
XSMO,MCY,287788.0,287518.0,270.0,99.67,26910.9
QYLG,NVDA,61717.0,61842.0,-125.0,215.2,-26900.0
PWV,T,718537.0,717469.0,1068.0,25.16,26870.88
PXE,CRC,52314.0,52770.0,-456.0,58.92,-26867.52
RWL,MET,489484.0,489140.0,344.0,78.08,26859.52
PRF,TROW,95643.0,95898.0,-255.0,105.33,-26859.149999999998
SDIV,CIM,882126.0,884095.0,-1969.0,13.64,-26857.16
PGF,FHN,222038.0,223128.0,-1090.0,24.61,-26824.899999999998
PGX,BPOP,142136.0,141956.0,180.0,149.01,26821.8
PWV,GILD,137959.0,137755.0,204.0,131.33,26791.320000000003
PRF,CL,104929.0,105235.0,-306.0,87.55,-26790.3
SDIV,TRTX,1403400.0,1406524.0,-3124.0,8.57,-26772.68
QQA,TXN,23174.0,23081.0,93.0,287.8,26765.4
EART,FCX,28875.0,29309.0,-434.0,61.65,-26756.1
SPHD,PFG,532327.0,532593.0,-266.0,100.5,-26733.0
XMHQ,CHE,102361.0,102298.0,63.0,424.26,26728.38
PGX,ASB,730475.0,729539.0,936.0,28.55,26722.8
PRF,XYZ,119807.0,120164.0,-357.0,74.85,-26721.449999999997
EART,SCCO,9603.0,9747.0,-144.0,185.29,-26681.76
GRPM,OZK,212382.0,212932.0,-550.0,48.5,-26675.0
RWL,AVGO,88805.0,88743.0,62.0,430.0,26660.0
SPHD,RF,1842308.0,1843272.0,-964.0,27.63,-26635.32
RWJ,SAH,269468.0,269140.0,328.0,81.2,26633.600000000002
OMFL,LIN,23170.0,23116.0,54.0,493.16,26630.640000000003
IMFL,SAP,76922.0,76769.0,153.0,173.7,26576.1
SDIV,ARR,678678.0,680185.0,-1507.0,17.63,-26568.41
PRF,DELL,44165.0,44267.0,-102.0,260.46,-26566.92
RWL,JNJ,171976.0,171856.0,120.0,221.32,26558.399999999998
PRF,OVV,174436.0,174895.0,-459.0,57.83,-26543.969999999998
XSMO,OUT,836334.0,835551.0,783.0,33.9,26543.699999999997
RSPU,NEE,198781.0,199066.0,-285.0,93.1,-26533.5
RSPU,LNT,257312.0,257681.0,-369.0,71.76,-26479.440000000002
IMFL,TTE,145665.0,145366.0,299.0,88.48,26455.52
OMFL,MRSH,59319.0,59157.0,162.0,163.25,26446.5
RSPU,CEG,60593.0,60680.0,-87.0,303.63,-26415.81
RSPU,EVRG,224891.0,225214.0,-323.0,81.78,-26414.94
SDIV,DX,885670.0,887639.0,-1969.0,13.41,-26404.29
SDIV,AGNC,1092340.0,1094771.0,-2431.0,10.86,-26400.66
EQWL,AAPL,91823.0,91913.0,-90.0,293.32,-26398.8
RSPU,NI,393877.0,394442.0,-565.0,46.72,-26396.8
RWL,PGR,193488.0,193352.0,136.0,194.0,26384.0
HEAL,HTFL,16031.0,16925.0,-894.0,29.51,-26381.940000000002
RPG,ANET,217442.0,217256.0,186.0,141.77,26369.22
EQWL,BK,204477.0,204679.0,-202.0,130.5,-26361.0
PRF,CTSH,178858.0,179368.0,-510.0,51.68,-26356.8
EQWL,MDLZ,432590.0,433018.0,-428.0,61.55,-26343.399999999998
PRF,SNPS,11758.0,11809.0,-51.0,516.48,-26340.48
RSPU,AES,1280419.0,1282256.0,-1837.0,14.33,-26324.21
PRF,ON,94724.0,94979.0,-255.0,103.2,-26316.0
GNOM,CDNA,25624.0,26830.0,-1206.0,21.82,-26314.920000000002
SPHD,XOM,345486.0,345668.0,-182.0,144.57,-26311.739999999998
PKW,THC,53979.0,54117.0,-138.0,190.38,-26272.44
PWV,F,1434560.0,1432430.0,2130.0,12.32,26241.600000000002
PWV,MMM,122417.0,122234.0,183.0,143.29,26222.07
EQWL,GS,29073.0,29101.0,-28.0,936.48,-26221.440000000002
RPG,NEM,264290.0,264065.0,225.0,116.51,26214.75
XMHQ,AM,2018095.0,2016844.0,1251.0,20.92,26170.920000000002
SDIV,IVR,1428678.0,1431857.0,-3179.0,8.23,-26163.170000000002
RPG,COHR,91106.0,91028.0,78.0,335.26,26150.28
RWJ,MAN,718161.0,717285.0,876.0,29.84,26139.84
SDIV,WU,1293759.0,1296641.0,-2882.0,9.07,-26139.74
XSMO,INSW,304711.0,304426.0,285.0,91.62,26111.7
EQWL,BA,111856.0,111966.0,-110.0,237.36,-26109.600000000002
RSPU,AEE,166622.0,166861.0,-239.0,109.07,-26067.73
EQWL,BLK,25179.0,25203.0,-24.0,1084.83,-26035.92
PRF,CFG,151732.0,152140.0,-408.0,63.73,-26001.84
RSPU,D,292882.0,293302.0,-420.0,61.89,-25993.8
PRF,ITW,39191.0,39293.0,-102.0,254.76,-25985.52
XLG,ABT,501885.0,502193.0,-308.0,84.32,-25970.559999999998
RPV,MPC,86364.0,86470.0,-106.0,244.87,-25956.22
PGX,ATLC,240926.0,240620.0,306.0,84.81,25951.86
RWL,AXP,116859.0,116777.0,82.0,316.03,25914.46
RSPU,AEP,138811.0,139010.0,-199.0,130.16,-25901.84
SDIV,ORC,1652550.0,1656224.0,-3674.0,7.05,-25901.7
SDIV,GNL,1255736.0,1258541.0,-2805.0,9.23,-25890.15
SDIV,ABR,1611882.0,1615468.0,-3586.0,7.21,-25855.06
RSPU,SRE,196367.0,196649.0,-282.0,91.53,-25811.46
RSPU,PNW,181107.0,181367.0,-260.0,99.25,-25805.0
RSPU,WEC,160822.0,161053.0,-231.0,111.66,-25793.46
XMHQ,WFRD,404387.0,404135.0,252.0,102.32,25784.64
RPG,TKO,160836.0,160698.0,138.0,186.79,25777.02
SDIV,RITM,1167230.0,1169848.0,-2618.0,9.84,-25761.12
XSMO,IBP,125429.0,125312.0,117.0,219.99,25738.83
SPHD,DUK,418862.0,419069.0,-207.0,124.17,-25703.19
RSPE,AKAM,3322.0,3148.0,174.0,147.71,25701.54
XSMO,ABCB,318061.0,317764.0,297.0,86.52,25696.44
RSPU,ATO,98858.0,99000.0,-142.0,180.87,-25683.54
RSPU,XEL,224948.0,225271.0,-323.0,79.39,-25642.97
RPG,LLY,31175.0,31148.0,27.0,948.45,25608.15
SPHQ,J,253458.0,253674.0,-216.0,118.43,-25580.88
SDIV,AHRT,1802628.0,1806643.0,-4015.0,6.37,-25575.55
RPV,HPE,663178.0,663992.0,-814.0,31.35,-25518.9
SPHQ,FFIV,85860.0,85932.0,-72.0,354.03,-25490.159999999996
RWL,PG,246697.0,246523.0,174.0,146.42,25477.079999999998
RPG,INCY,301948.0,301690.0,258.0,98.56,25428.48
RSPU,CNP,424222.0,424831.0,-609.0,41.72,-25407.48
PRF,DD,193017.0,193527.0,-510.0,49.76,-25377.6
XSMO,MIR,1427066.0,1425731.0,1335.0,18.99,25351.649999999998
QQQJ,LITE,34951.0,34923.0,28.0,903.8,25306.399999999998
PXE,CNX,81176.0,81884.0,-708.0,35.72,-25289.76
EQWL,DIS,237368.0,237602.0,-234.0,108.02,-25276.68
XSMO,OPLN,710235.0,709569.0,666.0,37.89,25234.74
XSMO,YOU,472895.0,472451.0,444.0,56.81,25223.64
RWL,LOW,155276.0,155166.0,110.0,229.2,25212.0
EQWL,USB,458512.0,458966.0,-454.0,55.53,-25210.62
PBD,ORA,13958.0,13751.0,207.0,121.67,25185.69
RWL,TMUS,183811.0,183681.0,130.0,193.63,25171.899999999998
PBD,RIVN,120035.0,118265.0,1770.0,14.22,25169.4
RSPU,EIX,254723.0,255088.0,-365.0,68.95,-25166.75
AIQ,CRM,718323.0,718185.0,138.0,181.82,25091.16
EQWL,SPG,126336.0,126460.0,-124.0,202.12,-25062.88
RSPU,CMS,240252.0,240597.0,-345.0,72.61,-25050.45
EQWL,WMT,193927.0,194119.0,-192.0,130.43,-25042.56
EQWL,BAC,493574.0,494062.0,-488.0,51.31,-25039.280000000002
RSPU,DTE,124358.0,124536.0,-178.0,140.6,-25026.8
RSPH,HUM,69938.0,69847.0,91.0,274.96,25021.359999999997
PRF,KDP,306732.0,307599.0,-867.0,28.83,-24995.609999999997
EQWL,FDX,66266.0,66332.0,-66.0,378.58,-24986.28
PRF,MRSH,57029.0,57182.0,-153.0,163.25,-24977.25
PBD,CSIQ,84447.0,83202.0,1245.0,20.06,24974.699999999997
RSPU,SO,189286.0,189558.0,-272.0,91.8,-24969.6
SPHD,FITB,864316.0,863810.0,506.0,49.33,24960.98
RSPU,DUK,140121.0,140322.0,-201.0,124.17,-24958.170000000002
OMFL,GD,29004.0,28932.0,72.0,346.53,24950.159999999996
RSPU,PPL,484064.0,484758.0,-694.0,35.91,-24921.539999999997
EQWL,GM,320205.0,320521.0,-316.0,78.8,-24900.8
EQWL,UNP,95369.0,95463.0,-94.0,264.65,-24877.1
RSPU,ED,163055.0,163289.0,-234.0,106.31,-24876.54
IQSZ,GOOGL,9898.0,9836.0,62.0,400.8,24849.600000000002
EQWL,TSLA,58721.0,58779.0,-58.0,428.35,-24844.300000000003
SPHD,EXC,1132761.0,1133326.0,-565.0,43.91,-24809.149999999998
RPG,HCA,65288.0,65231.0,57.0,435.19,24805.829999999998
OMFL,KMB,95259.0,95007.0,252.0,98.31,24774.12
EQWL,JPM,83292.0,83374.0,-82.0,302.1,-24772.2
XSMO,HASI,643092.0,642489.0,603.0,41.05,24753.149999999998
PRF,GPN,134070.0,134427.0,-357.0,69.19,-24700.829999999998
PGX,ADC,254929.0,254605.0,324.0,76.22,24695.28
EQWL,LIN,49730.0,49780.0,-50.0,493.16,-24658.0
EQWL,AXP,78264.0,78342.0,-78.0,316.03,-24650.339999999997
EQWL,COF,131569.0,131699.0,-130.0,189.48,-24632.399999999998
PRF,FERG,35094.0,35196.0,-102.0,241.34,-24616.68
EQWL,SBUX,236080.0,236314.0,-234.0,104.93,-24553.620000000003
HEAL,KMTS,6186.0,5020.0,1166.0,21.05,24544.3
RSPU,PEG,221365.0,221683.0,-318.0,77.13,-24527.34
RSPE,CNC,8323.0,7885.0,438.0,55.96,24510.48
RWL,DAL,475298.0,474964.0,334.0,73.33,24492.22
PRF,LNG,29020.0,29122.0,-102.0,240.11,-24491.22
IGPT,GRMN,19488.0,19386.0,102.0,240.09,24489.18
XMHQ,MSA,232046.0,231902.0,144.0,169.94,24471.36
XSMO,SXT,220112.0,219905.0,207.0,118.2,24467.4
PBD,FSLR,7621.0,7510.0,111.0,219.95,24414.449999999997
RPG,LITE,33108.0,33081.0,27.0,903.8,24402.6
RPG,PLTR,208054.0,207877.0,177.0,137.8,24390.600000000002
EQWL,MO,360992.0,361350.0,-358.0,68.12,-24386.960000000003
PRF,SNX,34589.0,34691.0,-102.0,239.07,-24385.14
RSPU,AWK,135634.0,135829.0,-195.0,125.05,-24384.75
RSPH,CNC,333545.0,333110.0,435.0,55.96,24342.600000000002
RPV,CMCSA,780954.0,781912.0,-958.0,25.4,-24333.199999999997
RSPU,NRG,122583.0,122759.0,-176.0,138.11,-24307.36
QQA,KLAC,3343.0,3330.0,13.0,1869.19,24299.47
PRF,XEL,115083.0,115389.0,-306.0,79.39,-24293.34
EQWL,PM,143538.0,143680.0,-142.0,170.99,-24280.58
EQWL,V,77512.0,77588.0,-76.0,318.79,-24228.04
RSPU,VST,114479.0,114643.0,-164.0,147.72,-24226.079999999998
SPHQ,BR,193635.0,193797.0,-162.0,149.5,-24219.0
EQWL,COST,24136.0,24160.0,-24.0,1008.79,-24210.96
RPV,SWK,243506.0,243804.0,-298.0,81.07,-24158.859999999997
XSMO,ENVA,147799.0,147661.0,138.0,174.9,24136.2
PTH,ROIV,196862.0,196017.0,845.0,28.56,24133.2
PKW,EXEL,198410.0,198911.0,-501.0,48.16,-24128.16
PPA,PSN,330058.0,330548.0,-490.0,49.18,-24098.2
PXE,NFG,34805.0,35108.0,-303.0,79.52,-24094.559999999998
SDIV,PMT,976075.0,978264.0,-2189.0,11.0,-24079.0
EQWL,MSFT,59149.0,59207.0,-58.0,415.12,-24076.96
SPHQ,TRMB,468098.0,468494.0,-396.0,60.8,-24076.8
PXE,GPOR,15518.0,15653.0,-135.0,178.28,-24067.8
PFM,AAPL,115097.0,115179.0,-82.0,293.32,-24052.239999999998
RWJ,ABG,98498.0,98378.0,120.0,200.39,24046.8
PBD,QS,216417.0,213228.0,3189.0,7.54,24045.06
SPHD,DTE,348373.0,348544.0,-171.0,140.6,-24042.6
EQWL,EMR,171584.0,171754.0,-170.0,141.31,-24022.7
EQWL,NEE,261271.0,261529.0,-258.0,93.1,-24019.8
EQWL,KO,308489.0,308795.0,-306.0,78.42,-23996.52
PBD,RXL,37534.0,36982.0,552.0,43.47,23995.44
PKW,TOL,68735.0,68909.0,-174.0,137.89,-23992.859999999997
PRF,PHM,67392.0,67596.0,-204.0,117.55,-23980.2
RPG,WYNN,274492.0,274258.0,234.0,102.42,23966.28
OMFL,SOLS,117711.0,117405.0,306.0,78.25,23944.5
RWL,MU,44924.0,44892.0,32.0,746.81,23897.92
PBUS,MU,195009.0,194977.0,32.0,746.81,23897.92
QQA,QCOM,27240.0,27131.0,109.0,219.09,23880.81
PRF,CARR,119800.0,120157.0,-357.0,66.83,-23858.309999999998
EQWL,UBER,319433.0,319749.0,-316.0,75.45,-23842.2
RWJ,SANM,80168.0,80072.0,96.0,248.35,23841.6
PRF,ICE,61299.0,61452.0,-153.0,155.82,-23840.46
SPHD,WMB,731346.0,731677.0,-331.0,71.96,-23818.76
RPG,FSLR,127771.0,127663.0,108.0,219.95,23754.6
PRF,AMP,16336.0,16387.0,-51.0,465.56,-23743.56
GRPM,DT,224781.0,225363.0,-582.0,40.7,-23687.4
RWL,AMD,75008.0,74956.0,52.0,455.19,23669.88
GRPM,NOV,474298.0,475527.0,-1229.0,19.25,-23658.25
PBD,HUBB,3256.0,3208.0,48.0,492.58,23643.84
RPG,TPR,206374.0,206197.0,177.0,133.48,23625.96
DWAS,SEZL,89223.0,89468.0,-245.0,96.34,-23603.3
RWL,RTX,189976.0,189842.0,134.0,176.09,23596.06
RZV,ACHC,180897.0,181834.0,-937.0,25.18,-23593.66
EQWL,UPS,237579.0,237813.0,-234.0,100.78,-23582.52
PBUS,JPM,472602.0,472524.0,78.0,302.1,23563.800000000003
RSPU,ES,246421.0,246775.0,-354.0,66.51,-23544.54
GRPM,UMBF,69173.0,69352.0,-179.0,131.36,-23513.440000000002
SPHQ,DECK,275448.0,275682.0,-234.0,100.42,-23498.28
RSPU,EXC,373054.0,373589.0,-535.0,43.91,-23491.85
GRPM,APPF,54326.0,54467.0,-141.0,166.59,-23489.19
RSPE,STX,581.0,551.0,30.0,782.64,23479.2
AIQ,STX,163594.0,163564.0,30.0,782.64,23479.2
GRPM,MSA,53123.0,53261.0,-138.0,169.94,-23451.72
QQA,SNDK,3768.0,3753.0,15.0,1562.34,23435.1
SPHQ,LDOS,209523.0,209703.0,-180.0,130.11,-23419.800000000003
SDIV,RWT,1884705.0,1888907.0,-4202.0,5.57,-23405.14
PNQI,SPOT,31785.0,31841.0,-56.0,417.83,-23398.48
SPHQ,TYL,77407.0,77479.0,-72.0,324.58,-23369.76
XSMO,AMTM,1014766.0,1013815.0,951.0,24.53,23328.030000000002
RPV,CAG,1343796.0,1345446.0,-1650.0,14.13,-23314.5
EQWL,WFC,311499.0,311807.0,-308.0,75.64,-23297.12
IQSZ,NVDA,40819.0,40711.0,108.0,215.2,23241.6
XSMO,CWEN,649872.0,649263.0,609.0,38.16,23239.44
RPV,KHC,788630.0,789598.0,-968.0,23.96,-23193.280000000002
QQA,LIN,11826.0,11779.0,47.0,493.16,23178.52
RSPU,PCG,1004426.0,1005867.0,-1441.0,16.07,-23156.87
PRF,ROK,12712.0,12763.0,-51.0,453.89,-23148.39
人工智能与机器人botz,OUST,468872.0,467954.0,918.0,25.2,23133.6
EQWL,CL,267246.0,267510.0,-264.0,87.55,-23113.2
XMHQ,MTG,1392102.0,1391238.0,864.0,26.75,23112.0
XMHQ,LSTR,202043.0,201917.0,126.0,183.39,23107.14
AIQ,UBER,1592904.0,1592598.0,306.0,75.45,23087.7
RSPE,FTNT,3825.0,3623.0,202.0,114.07,23042.14
PRF,ROST,31160.0,31262.0,-102.0,225.81,-23032.62
QQQJ,TER,76623.0,76559.0,64.0,359.77,23025.28
PRF,MCO,9639.0,9690.0,-51.0,451.32,-23017.32
GRPM,VOYA,108870.0,109152.0,-282.0,81.59,-23008.38
EQWL,COP,204633.0,204835.0,-202.0,113.87,-23001.74
EQWL,DE,40314.0,40354.0,-40.0,574.84,-22993.600000000002
PHO,NWPX,52746.0,52542.0,204.0,112.52,22954.079999999998
PRF,ISRG,13420.0,13471.0,-51.0,450.06,-22953.06
RPG,CCL,1023651.0,1022781.0,870.0,26.38,22950.6
EQWL,AMT,130971.0,131101.0,-130.0,176.53,-22948.9
PRF,PCG,522296.0,523724.0,-1428.0,16.07,-22947.96
EQWL,BKNG,138569.0,138707.0,-138.0,165.93,-22898.34
PXE,NOG,112188.0,113166.0,-978.0,23.4,-22885.199999999997
EQWL,PEP,149534.0,149682.0,-148.0,154.62,-22883.760000000002
RSPU,FE,359735.0,360251.0,-516.0,44.33,-22874.28
EQWL,GD,67680.0,67746.0,-66.0,346.53,-22870.98
PSCH,MOH,36001.0,35878.0,123.0,185.94,22870.62
PNQI,MELI,7829.0,7843.0,-14.0,1632.52,-22855.28
PFM,MSFT,77421.0,77476.0,-55.0,415.12,-22831.6
RPG,DDOG,133621.0,133507.0,114.0,200.16,22818.239999999998
RWJ,BTSG,341232.0,340816.0,416.0,54.83,22809.28
PKW,UNM,111027.0,111309.0,-282.0,80.88,-22808.16
EQWL,MA,47516.0,47562.0,-46.0,495.48,-22792.08
RWL,CSCO,335435.0,335199.0,236.0,96.57,22790.519999999997
RWL,QCOM,148393.0,148289.0,104.0,219.09,22785.36
PRF,ETR,79581.0,79785.0,-204.0,111.59,-22764.36
EQWL,LLY,23952.0,23976.0,-24.0,948.45,-22762.800000000003
GRPM,VC,76622.0,76821.0,-199.0,114.35,-22755.649999999998
PIE,RES,227383.0,224039.0,3344.0,6.8,22739.2
RWL,ORCL,165929.0,165813.0,116.0,195.95,22730.199999999997
XSMO,KALU,134113.0,133987.0,126.0,180.33,22721.58
EQWL,MRK,206074.0,206278.0,-204.0,111.38,-22721.52
IBBQ,LKFT,794.0,0.0,794.0,28.59,22700.46
RPV,APA,520314.0,520952.0,-638.0,35.56,-22687.280000000002
EQWL,SCHW,258422.0,258678.0,-256.0,88.61,-22684.16
PBD,SHLS,173964.0,171399.0,2565.0,8.84,22674.6
RSPE,DVA,2173.0,2059.0,114.0,198.65,22646.100000000002
PRF,FISV,154333.0,154741.0,-408.0,55.48,-22635.84
PRN,RHLD,36231.0,36027.0,204.0,110.94,22631.76
OMFL,CPRT,260243.0,259577.0,666.0,33.94,22604.039999999997
EQWL,DUK,184173.0,184355.0,-182.0,124.17,-22598.94
EQWL,SO,248784.0,249030.0,-246.0,91.8,-22582.8
RPG,RL,74910.0,74847.0,63.0,358.45,22582.35
PRF,ALLY,177193.0,177703.0,-510.0,44.24,-22562.4
GRPM,KNSL,28408.0,28482.0,-74.0,304.87,-22560.38
EQWL,XOM,157990.0,158146.0,-156.0,144.57,-22552.92
EQWL,PG,156195.0,156349.0,-154.0,146.42,-22548.679999999997
EDGQ,QQQM,14140.0,14063.0,77.0,292.82,22547.14
PRF,Q,60345.0,60498.0,-153.0,147.33,-22541.49
XSMO,MRP,892335.0,891498.0,837.0,26.93,22540.41
XMHQ,ESNT,573588.0,573231.0,357.0,63.13,22537.41
EQWL,CVX,124866.0,124990.0,-124.0,181.62,-22520.88
RPG,APP,55954.0,55906.0,48.0,468.55,22490.4
PKW,FHN,360329.0,361241.0,-912.0,24.61,-22444.32
PRF,CBRE,53898.0,54051.0,-153.0,146.33,-22388.49
RPV,PRU,180699.0,180921.0,-222.0,100.81,-22379.82
BKCH,FUFU,466822.0,476508.0,-9686.0,2.31,-22374.66
OMFL,ZTS,102368.0,102098.0,270.0,82.83,22364.1
RWL,COF,168825.0,168707.0,118.0,189.48,22358.64
OMFL,TXRH,49723.0,49597.0,126.0,177.38,22349.88
EQWL,TMO,48308.0,48356.0,-48.0,465.0,-22320.0
PPA,RDW,1359887.0,1361903.0,-2016.0,11.07,-22317.12
EQWL,PFE,877212.0,878080.0,-868.0,25.68,-22290.239999999998
PGX,HWC,255391.0,255067.0,324.0,68.76,22278.24
GXPC,TMUS,6184.0,6069.0,115.0,193.63,22267.45
PBD,JKS,61532.0,60626.0,906.0,24.56,22251.36
RWL,BG,254282.0,254104.0,178.0,124.94,22239.32
RPG,AMAT,60669.0,60618.0,51.0,435.44,22207.44
EQWL,CRM,123360.0,123482.0,-122.0,181.82,-22182.04
RPV,PSKY,1629089.0,1631089.0,-2000.0,11.09,-22180.0
GRPM,MTDR,154894.0,155295.0,-401.0,55.26,-22159.26
EQWL,BMY,399266.0,399660.0,-394.0,56.16,-22127.039999999997
PRF,O,136544.0,136901.0,-357.0,61.92,-22105.440000000002
EQWL,VZ,472529.0,472997.0,-468.0,47.22,-22098.96
OMFL,JBHT,35498.0,35408.0,90.0,245.4,22086.0
SPHQ,JBHT,113934.0,114024.0,-90.0,245.4,-22086.0
PGX,AD,310683.0,310287.0,396.0,55.77,22084.920000000002
EQWL,IBM,96225.0,96321.0,-96.0,229.76,-22056.96
SPHD,USB,957136.0,956739.0,397.0,55.53,22045.41
RWJ,KSS,1247653.0,1246133.0,1520.0,14.5,22040.0
GRPM,UTHR,15036.0,15075.0,-39.0,564.94,-22032.660000000003
RWL,SYY,433561.0,433257.0,304.0,72.44,22021.76
EQWL,LOW,97001.0,97097.0,-96.0,229.2,-22003.199999999997
QYLG,AAPL,37277.0,37352.0,-75.0,293.32,-21999.0
PRF,WM,44113.0,44215.0,-102.0,215.37,-21967.74
EQWL,META,36569.0,36605.0,-36.0,609.63,-21946.68
EQWL,T,881734.0,882606.0,-872.0,25.16,-21939.52
PRF,VRTX,24823.0,24874.0,-51.0,429.82,-21920.82
PBD,XPEV,94944.0,93543.0,1401.0,15.62,21883.62
EQWL,NFLX,252374.0,252624.0,-250.0,87.49,-21872.5
RPV,ARE,385336.0,385808.0,-472.0,46.26,-21834.719999999998
XMHQ,FHI,627521.0,627131.0,390.0,55.95,21820.5
PBUS,LLY,139470.0,139447.0,23.0,948.45,21814.350000000002
DVVY,LLY,23.0,0.0,23.0,948.45,21814.350000000002
XLG,INTU,80061.0,80116.0,-55.0,396.31,-21797.05
EQWL,MMM,154334.0,154486.0,-152.0,143.29,-21780.079999999998
GRPM,EXEL,174461.0,174913.0,-452.0,48.16,-21768.32
PRF,APA,217910.0,218522.0,-612.0,35.56,-21762.72
EQWL,ADBE,87496.0,87582.0,-86.0,253.04,-21761.44
RWL,ALL,146038.0,145936.0,102.0,213.15,21741.3
PRF,ADP,43365.0,43467.0,-102.0,212.995,-21725.49
EQWL,JNJ,98554.0,98652.0,-98.0,221.32,-21689.36
QQA,TMUS,28127.0,28015.0,112.0,193.63,21686.559999999998
QQA,PEP,34886.0,34746.0,140.0,154.62,21646.8
PRF,MTB,38209.0,38311.0,-102.0,212.14,-21638.28
PKW,RNR,28435.0,28507.0,-72.0,300.16,-21611.52
EQWL,ISRG,48588.0,48636.0,-48.0,450.06,-21602.88
GXPC,CMCSA,44485.0,43635.0,850.0,25.4,21590.0
EQWL,HD,68257.0,68325.0,-68.0,317.45,-21586.6
RWL,HPQ,1353649.0,1352699.0,950.0,22.68,21546.0
RPG,CAT,29514.0,29490.0,24.0,897.45,21538.800000000003
GRPM,PNFP,85110.0,85330.0,-220.0,97.89,-21535.8
XMVM,SNX,59358.0,59268.0,90.0,239.07,21516.3
IGPT,RDDT,27142.0,27004.0,138.0,155.8,21500.4
EQWL,PLTR,157967.0,158123.0,-156.0,137.8,-21496.800000000003
RPG,RCL,93015.0,92937.0,78.0,275.24,21468.72
RSPE,HUM,1497.0,1419.0,78.0,274.96,21446.879999999997
AIQ,MRVL,647913.0,647787.0,126.0,170.13,21436.38
EQWL,INTU,54370.0,54424.0,-54.0,396.31,-21400.74
EQWL,GE,73652.0,73724.0,-72.0,297.15,-21394.8
PBUS,AMD,282459.0,282412.0,47.0,455.19,21393.93
PHO,GRC,69892.0,69616.0,276.0,77.28,21329.28
RPV,GPN,251347.0,251655.0,-308.0,69.19,-21310.52
EQWL,TMUS,112199.0,112309.0,-110.0,193.63,-21299.3
EQWL,ACN,118859.0,118977.0,-118.0,180.42,-21289.559999999998
EQWL,GILD,164026.0,164188.0,-162.0,131.33,-21275.460000000003
SPHQ,LULU,182681.0,182843.0,-162.0,131.18,-21251.16
PRF,GIS,219445.0,220057.0,-612.0,34.68,-21224.16
OMFL,Q,54699.0,54555.0,144.0,147.33,21215.52
PRF,BBY,134636.0,134993.0,-357.0,59.4,-21205.8
OMFL,MTG,303937.0,303145.0,792.0,26.75,21186.0
RSPH,WST,50179.0,50114.0,65.0,325.92,21184.8
XMHQ,VVV,955974.0,955380.0,594.0,35.62,21158.28
SPHQ,SOLV,332486.0,332774.0,-288.0,73.38,-21133.44
PPA,DCO,104701.0,104855.0,-154.0,137.23,-21133.42
PGX,KIM,709076.0,708176.0,900.0,23.48,21132.0
PBD,ITRI,17551.0,17293.0,258.0,81.87,21122.460000000003
RSPE,WDC,848.0,804.0,44.0,480.0,21120.0
PPA,VVX,204849.0,205150.0,-301.0,70.08,-21094.079999999998
AIQ,APP,235784.0,235739.0,45.0,468.55,21084.75
PBD,CNM,29159.0,28730.0,429.0,49.09,21059.61
IQSZ,GOOG,8373.0,8320.0,53.0,397.05,21043.65
QQQJ,FLEX,179937.0,179789.0,148.0,142.17,21041.16
PRF,TEL,45825.0,45927.0,-102.0,206.2,-21032.399999999998
人工智能与机器人botz,PRCT,421030.0,420202.0,828.0,25.4,21031.199999999997
RWJ,LUMN,2036545.0,2034065.0,2480.0,8.48,21030.4
EQWL,ABBV,105182.0,105286.0,-104.0,201.55,-20961.2
RWJ,ADNT,756073.0,755153.0,920.0,22.78,20957.600000000002
GRPM,WTFC,53141.0,53279.0,-138.0,151.64,-20926.32
DVVY,CBOE,0.0,60.0,-60.0,348.56,-20913.6
RSPH,UNH,41924.0,41869.0,55.0,379.98,20898.9
EQWL,HON,100016.0,100114.0,-98.0,213.12,-20885.760000000002
EQWL,DHR,122771.0,122893.0,-122.0,171.16,-20881.52
RPG,LVS,461249.0,460856.0,393.0,53.11,20872.23
RSPE,PWR,537.0,509.0,28.0,745.0,20860.0
QQA,ADI,12466.0,12416.0,50.0,416.52,20826.0
GRPM,WAL,98116.0,98370.0,-254.0,81.9,-20802.600000000002
RZV,PTEN,351186.0,353006.0,-1820.0,11.42,-20784.4
GRPM,CHH,75117.0,75312.0,-195.0,106.58,-20783.1
XSMO,TDS,477299.0,476852.0,447.0,46.47,20772.09
GRPM,WFRD,78165.0,78368.0,-203.0,102.32,-20770.96
PRF,ALB,37985.0,38087.0,-102.0,203.52,-20759.04
XMHQ,G,1026272.0,1025636.0,636.0,32.56,20708.16
PRF,SWK,84775.0,85030.0,-255.0,81.07,-20672.85
PRF,IFF,93854.0,94109.0,-255.0,81.05,-20667.75
XSMO,MDU,980771.0,979853.0,918.0,22.49,20645.82
PRF,SPG,32008.0,32110.0,-102.0,202.12,-20616.24
RSPE,URI,405.0,383.0,22.0,937.0,20614.0
RPG,RTX,138402.0,138285.0,117.0,176.09,20602.53
GRPM,VVV,223081.0,223659.0,-578.0,35.62,-20588.359999999997
EQWL,AMGN,63415.0,63477.0,-62.0,331.7,-20565.399999999998
PRF,HBAN,461620.0,462895.0,-1275.0,16.12,-20553.0
QQQJ,CRWV,216820.0,216640.0,180.0,114.15,20547.0
PRF,PFG,79927.0,80131.0,-204.0,100.5,-20502.0
PFM,WMT,222217.0,222374.0,-157.0,130.43,-20477.510000000002
RSPE,DOC,19796.0,18754.0,1042.0,19.64,20464.88
PBD,ENPH,38071.0,37510.0,561.0,36.45,20448.45
RSPE,ON,3749.0,3551.0,198.0,103.2,20433.600000000002
RSPH,ELV,41251.0,41197.0,54.0,378.07,20415.78
RSPE,PANW,1862.0,1764.0,98.0,207.88,20372.239999999998
PKW,MEDP,18428.0,18476.0,-48.0,424.0,-20352.0
PGX,WBS,221525.0,221246.0,279.0,72.91,20341.89
XSMO,MTRN,108470.0,108368.0,102.0,199.37,20335.74
RSPN,EME,17277.0,17299.0,-22.0,921.64,-20276.079999999998
EQWL,MDT,269165.0,269431.0,-266.0,76.15,-20255.9
OMFL,MTD,6931.0,6913.0,18.0,1124.46,20240.28
PRF,ODFL,28048.0,28150.0,-102.0,198.33,-20229.66
RSPE,CBOE,1091.0,1033.0,58.0,348.56,20216.48
PRF,INTU,22313.0,22364.0,-51.0,396.31,-20211.81
PRF,HIG,57294.0,57447.0,-153.0,132.02,-20199.06
RWL,PRU,283977.0,283777.0,200.0,100.81,20162.0
XMHQ,FCN,198240.0,198117.0,123.0,163.9,20159.7
XMHQ,RLI,665178.0,664767.0,411.0,49.05,20159.55
DVVY,SUNB,0.0,275.0,-275.0,73.21,-20132.75
OMFL,FDS,33163.0,33073.0,90.0,223.61,20124.9
RWL,UAL,288962.0,288760.0,202.0,99.58,20115.16
RSPE,CVS,4215.0,3993.0,222.0,90.55,20102.1
OMFL,ORLY,85536.0,85320.0,216.0,92.96,20079.359999999997
EQWL,RTX,115543.0,115657.0,-114.0,176.09,-20074.260000000002
RSPH,DVA,77248.0,77147.0,101.0,198.65,20063.65
PGF,FLG,285501.0,286906.0,-1405.0,14.28,-20063.399999999998
GRPM,CART,192007.0,192504.0,-497.0,40.35,-20053.95
XMHQ,MSM,311474.0,311282.0,192.0,104.28,20021.760000000002
PKW,IT,49785.0,49911.0,-126.0,158.65,-19989.9
SPHQ,IT,152392.0,152518.0,-126.0,158.65,-19989.9
XMVM,LEA,94079.0,93936.0,143.0,139.69,19975.67
DWAS,BELFB,24479.0,24546.0,-67.0,297.98,-19964.66
PRF,FIS,173738.0,174197.0,-459.0,43.49,-19961.91
RPG,HLT,74199.0,74136.0,63.0,316.78,19957.14
SDIV,ALIT,9572120.0,9593416.0,-21296.0,0.9354,-19920.2784
PBD,RUN,92335.0,90973.0,1362.0,14.61,19898.82
PNQI,BABA,82060.0,82202.0,-142.0,140.06,-19888.52
PRF,ARW,39062.0,39164.0,-102.0,194.95,-19884.899999999998
AIQ,SHOP,937265.0,937085.0,180.0,110.41,19873.8
EQWL,MCD,73638.0,73710.0,-72.0,275.75,-19854.0
PBD,ARRY,157201.0,154885.0,2316.0,8.57,19848.12
XLG,ACN,177548.0,177658.0,-110.0,180.42,-19846.199999999997
RWL,ACN,155730.0,155620.0,110.0,180.42,19846.199999999997
RZV,HZO,111644.0,112222.0,-578.0,34.32,-19836.96
RPV,C,128800.0,128958.0,-158.0,125.55,-19836.899999999998
RPV,CAH,87946.0,88054.0,-108.0,183.65,-19834.2
PGX,SLG,340423.0,339991.0,432.0,45.75,19764.0
XSMO,BTU,894275.0,893438.0,837.0,23.59,19744.829999999998
RSPN,CAT,17589.0,17611.0,-22.0,897.45,-19743.9
RSPE,CAT,408.0,386.0,22.0,897.45,19743.9
PRF,KVUE,408807.0,409929.0,-1122.0,17.59,-19735.98
XSMO,HE,1417954.0,1416625.0,1329.0,14.83,19709.07
RWL,TSN,408919.0,408631.0,288.0,68.38,19693.44
PRF,PEG,96345.0,96600.0,-255.0,77.13,-19668.149999999998
RSPE,ELV,993.0,941.0,52.0,378.07,19659.64
EQWL,CMCSA,783373.0,784147.0,-774.0,25.4,-19659.6
PRF,OMC,99557.0,99812.0,-255.0,77.06,-19650.3
XSMO,SIG,240691.0,240466.0,225.0,87.3,19642.5
SPVM,BG,26499.0,26342.0,157.0,124.94,19615.579999999998
QQQJ,EBAY,219334.0,219152.0,182.0,107.69,19599.579999999998
PRF,APH,51545.0,51698.0,-153.0,128.03,-19588.59
PRF,MSI,11303.0,11354.0,-51.0,383.99,-19583.49
RSPM,NUE,39474.0,39388.0,86.0,227.5,19565.0
PKW,EQH,182052.0,182511.0,-459.0,42.6,-19553.4
RSPE,GEN,16376.0,15514.0,862.0,22.68,19550.16
RSPN,FIX,8843.0,8853.0,-10.0,1952.37,-19523.699999999997
PGX,WAFD,433023.0,432474.0,549.0,35.55,19516.949999999997
XLG,ADBE,118289.0,118366.0,-77.0,253.04,-19484.079999999998
OMFL,PEP,47290.0,47164.0,126.0,154.62,19482.12
PRF,LUMN,818999.0,821294.0,-2295.0,8.48,-19461.600000000002
PRF,SATS,46400.0,46553.0,-153.0,127.15,-19453.95
RSPE,GLW,1970.0,1866.0,104.0,186.94,19441.76
EART,MP,19198.0,19486.0,-288.0,67.43,-19419.840000000004
PRF,MDT,88422.0,88677.0,-255.0,76.15,-19418.25
RSPE,LRCX,1260.0,1194.0,66.0,294.05,19407.3
RSPN,GNRC,58612.0,58684.0,-72.0,269.41,-19397.52
SPHQ,GNRC,89367.0,89439.0,-72.0,269.41,-19397.52
RWL,MRK,247950.0,247776.0,174.0,111.38,19380.12
RSPN,PWR,21923.0,21949.0,-26.0,745.0,-19370.0
IQSZ,AAPL,25773.0,25707.0,66.0,293.32,19359.12
SPHQ,RL,72600.0,72654.0,-54.0,358.45,-19356.3
OMFL,RL,19814.0,19760.0,54.0,358.45,19356.3
GRPM,GHC,6621.0,6638.0,-17.0,1136.35,-19317.949999999997
RWL,IBM,120372.0,120288.0,84.0,229.76,19299.84
GRPM,FN,12145.0,12176.0,-31.0,621.28,-19259.68
PRF,FOXA,113572.0,113878.0,-306.0,62.94,-19259.64
PRF,FANG,40967.0,41069.0,-102.0,188.7,-19247.399999999998
PRF,UBER,97889.0,98144.0,-255.0,75.45,-19239.75
GRPM,VLY,552559.0,553991.0,-1432.0,13.41,-19203.12
PRF,WY,299259.0,300075.0,-816.0,23.53,-19200.48
RPG,HOOD,292880.0,292631.0,249.0,77.03,19180.47
PHO,MSEX,95288.0,94916.0,372.0,51.56,19180.32
RSPH,VTRS,856131.0,855014.0,1117.0,17.17,19178.890000000003
RPG,MNST,261538.0,261316.0,222.0,86.29,19156.38
RWL,HCA,62550.0,62506.0,44.0,435.19,19148.36
RPV,MCK,21575.0,21601.0,-26.0,736.09,-19138.34
GRPM,WBS,101080.0,101342.0,-262.0,72.91,-19102.42
PRF,SNA,10748.0,10799.0,-51.0,374.0,-19074.0
RPG,MAR,62784.0,62730.0,54.0,353.18,19071.72
PKW,MUSA,13428.0,13461.0,-33.0,577.87,-19069.71
RSPE,ROK,795.0,753.0,42.0,453.89,19063.38
RSPN,VRT,46292.0,46348.0,-56.0,339.97,-19038.32
RSPN,CMI,22380.0,22408.0,-28.0,679.55,-19027.399999999998
XSMO,EZPW,605455.0,604888.0,567.0,33.54,19017.18
RWL,LLY,28913.0,28893.0,20.0,948.45,18969.0
XMHQ,BSY,932501.0,931922.0,579.0,32.76,18968.039999999997
PRF,MOH,29884.0,29986.0,-102.0,185.94,-18965.88
PRF,ORLY,78032.0,78236.0,-204.0,92.96,-18963.84
PSCH,KRYS,18042.0,17980.0,62.0,305.71,18954.02
PRF,BX,49763.0,49916.0,-153.0,123.77,-18936.809999999998
RPV,IVZ,557152.0,557836.0,-684.0,27.59,-18871.56
OMFL,BR,46081.0,45955.0,126.0,149.5,18837.0
RSPE,MDLZ,5809.0,5503.0,306.0,61.55,18834.3
PRF,RS,22639.0,22690.0,-51.0,369.29,-18833.79
RSPE,IRM,2767.0,2621.0,146.0,128.84,18810.64
RSPM,STLD,36802.0,36722.0,80.0,235.1,18808.0
EQWL,NKE,429932.0,430358.0,-426.0,44.14,-18803.64
GRPM,UBSI,167289.0,167722.0,-433.0,43.41,-18796.53
RPG,UBER,291387.0,291138.0,249.0,75.45,18787.05
PKW,BPOP,49649.0,49775.0,-126.0,149.01,-18775.26
RSPN,DAL,210280.0,210536.0,-256.0,73.33,-18772.48
PRF,BWA,112950.0,113256.0,-306.0,61.32,-18763.920000000002
GRPM,PPC,248694.0,249338.0,-644.0,29.1,-18740.4
RSPN,URI,15946.0,15966.0,-20.0,937.0,-18740.0
DWAS,PL,174546.0,175026.0,-480.0,39.04,-18739.2
PRF,CAH,38473.0,38575.0,-102.0,183.65,-18732.3
PRF,KEY,318342.0,319209.0,-867.0,21.6,-18727.2
RSPN,GEV,14692.0,14710.0,-18.0,1040.15,-18722.7
RSPE,GEV,330.0,312.0,18.0,1040.15,18722.7
RSPE,KLAC,183.0,173.0,10.0,1869.19,18691.9
RSPE,KHC,14832.0,14052.0,780.0,23.96,18688.8
PRF,PBF,161157.0,161616.0,-459.0,40.71,-18685.89
RSPE,HPE,11327.0,10731.0,596.0,31.35,18684.600000000002
RSPE,KDP,12329.0,11681.0,648.0,28.83,18681.84
GRPM,MEDP,17141.0,17185.0,-44.0,424.0,-18656.0
RSPH,CVS,157964.0,157758.0,206.0,90.55,18653.3
GRPM,COKE,41158.0,41265.0,-107.0,174.31,-18651.170000000002
OMFL,CF,60641.0,60479.0,162.0,115.02,18633.239999999998
RPG,EXPE,95430.0,95349.0,81.0,229.98,18628.379999999997
EQWL,NOW,207104.0,207308.0,-204.0,91.18,-18600.72
OMFL,SNPS,13017.0,12981.0,36.0,516.48,18593.28
RPV,CHTR,97930.0,98050.0,-120.0,154.86,-18583.2
RSPE,CARR,5283.0,5005.0,278.0,66.83,18578.739999999998
XMHQ,MORN,171800.0,171695.0,105.0,176.7,18553.5
RSPE,CSCO,3633.0,3441.0,192.0,96.57,18541.44
RWL,CB,82176.0,82118.0,58.0,319.64,18539.12
IMFL,AD,225068.0,224736.0,332.0,55.77,18515.64
RZV,ARCB,29457.0,29610.0,-153.0,120.97,-18508.41
RSPE,NVDA,1630.0,1544.0,86.0,215.2,18507.2
PRF,CDNS,14557.0,14608.0,-51.0,362.7,-18497.7
PRF,CCI,77815.0,78019.0,-204.0,90.57,-18476.28
PRF,SYY,92038.0,92293.0,-255.0,72.44,-18472.2
RSPE,JBL,978.0,926.0,52.0,355.15,18467.8
RSPH,WAT,40203.0,40151.0,52.0,355.13,18466.76
RSPE,WAT,974.0,922.0,52.0,355.13,18466.76
RSPE,HPQ,15460.0,14646.0,814.0,22.68,18461.52
RZV,NWL,784533.0,788598.0,-4065.0,4.54,-18455.1
GRPM,LOPE,42800.0,42911.0,-111.0,166.09,-18435.99
PKW,SWKS,109160.0,109436.0,-276.0,66.78,-18431.28
PSCH,GKOS,40152.0,40014.0,138.0,133.52,18425.760000000002
RWL,TJX,169646.0,169526.0,120.0,153.36,18403.2
RSPE,CL,3985.0,3775.0,210.0,87.55,18385.5
PBD,EOSE,155744.0,153449.0,2295.0,8.01,18382.95
RSPE,HAS,3579.0,3391.0,188.0,97.78,18382.64
PRF,KEYS,25394.0,25445.0,-51.0,360.3,-18375.3
PKW,UHS,42157.0,42265.0,-108.0,169.96,-18355.68
PRF,TER,25180.0,25231.0,-51.0,359.77,-18348.27
RWL,PFE,1016872.0,1016158.0,714.0,25.68,18335.52
XSMO,AMRX,1484669.0,1483280.0,1389.0,13.2,18334.8
XSMO,AAMI,283779.0,283512.0,267.0,68.63,18324.21
XSMO,EYE,851494.0,850696.0,798.0,22.96,18322.08
RSPE,SWK,4277.0,4051.0,226.0,81.07,18321.82
PRF,RF,236292.0,236955.0,-663.0,27.63,-18318.69
PRF,PPL,186641.0,187151.0,-510.0,35.91,-18314.1
RPG,META,35267.0,35237.0,30.0,609.63,18288.9
GRPM,TXRH,39841.0,39944.0,-103.0,177.38,-18270.14
RZV,KOP,80095.0,80510.0,-415.0,43.99,-18255.850000000002
QQA,AMGN,13763.0,13708.0,55.0,331.7,18243.5
OMFL,LMT,14955.0,14919.0,36.0,506.51,18234.36
RWL,LMT,51279.0,51243.0,36.0,506.51,18234.36
EQWL,LMT,36872.0,36908.0,-36.0,506.51,-18234.36
PRF,IQV,30312.0,30414.0,-102.0,178.71,-18228.420000000002
RSPE,EQR,5272.0,4994.0,278.0,65.54,18220.120000000003
SPHQ,RVTY,213924.0,214104.0,-180.0,101.0,-18180.0
RSPE,NEM,2981.0,2825.0,156.0,116.51,18175.56
RSPE,NTAP,2917.0,2763.0,154.0,118.0,18172.0
RPV,FDX,39761.0,39809.0,-48.0,378.58,-18171.84
PGX,BANC,749248.0,748294.0,954.0,19.04,18164.16
XMHQ,HLNE,326789.0,326585.0,204.0,89.0,18156.0
RSPN,ROK,33307.0,33347.0,-40.0,453.89,-18155.6
PRF,WCC,15885.0,15936.0,-51.0,355.31,-18120.81
PRF,JBL,20894.0,20945.0,-51.0,355.15,-18112.649999999998
PRF,WAT,14663.0,14714.0,-51.0,355.13,-18111.63
RSPE,PFG,3408.0,3228.0,180.0,100.5,18090.0
RSPE,HST,15438.0,14626.0,812.0,22.27,18083.239999999998
OMFL,DECK,67416.0,67236.0,180.0,100.42,18075.6
HEAL,RXRX,121959.0,116517.0,5442.0,3.32,18067.44
PRF,FFIV,9243.0,9294.0,-51.0,354.03,-18055.53
PRF,NTAP,46938.0,47091.0,-153.0,118.0,-18054.0
EQWL,ABT,217212.0,217426.0,-214.0,84.32,-18044.48
RPV,DAL,200544.0,200790.0,-246.0,73.33,-18039.18
IGPT,SMCI,99176.0,98666.0,510.0,35.37,18038.699999999997
RPG,GOOGL,53454.0,53409.0,45.0,400.8,18036.0
PNQI,DASH,63309.0,63419.0,-110.0,163.93,-18032.3
GRPM,IBOC,95063.0,95309.0,-246.0,73.27,-18024.42
PFM,LLY,26292.0,26311.0,-19.0,948.45,-18020.55
RZV,EPC,163734.0,164582.0,-848.0,21.25,-18020.0
RSPE,KEYS,960.0,910.0,50.0,360.3,18015.0
PRF,MAR,13025.0,13076.0,-51.0,353.18,-18012.18
RSPE,UNP,1297.0,1229.0,68.0,264.65,17996.199999999997
XSMO,WT,1007489.0,1006547.0,942.0,19.1,17992.2
XSMO,PHIN,239742.0,239517.0,225.0,79.87,17970.75
RPV,PCG,911128.0,912246.0,-1118.0,16.07,-17966.260000000002
XMHQ,VNT,962954.0,962357.0,597.0,30.09,17963.73
RSPE,PRU,3380.0,3202.0,178.0,100.81,17944.18
RPV,UAL,147147.0,147327.0,-180.0,99.58,-17924.4
RSPM,ALB,40364.0,40276.0,88.0,203.52,17909.760000000002
PBD,OLED,13255.0,13060.0,195.0,91.75,17891.25
RSPE,CI,1179.0,1117.0,62.0,288.06,17859.72
RSPE,V,1053.0,997.0,56.0,318.79,17852.24
PKW,MOH,37806.0,37902.0,-96.0,185.94,-17850.239999999998
RSPE,APO,2560.0,2426.0,134.0,133.2,17848.8
PIE,BAP,3688.0,3634.0,54.0,330.5,17847.0
RSPE,FRT,2931.0,2777.0,154.0,115.68,17814.72
GRPM,ZION,110048.0,110333.0,-285.0,62.5,-17812.5
RPV,TAP,341703.0,342123.0,-420.0,42.41,-17812.199999999997
PRF,VTR,65554.0,65758.0,-204.0,87.26,-17801.04
DWAS,KOD,157995.0,158429.0,-434.0,41.01,-17798.34
RWL,COP,222557.0,222401.0,156.0,113.87,17763.72
XSMO,AVA,463100.0,462665.0,435.0,40.82,17756.7
RSPE,CSX,7518.0,7122.0,396.0,44.83,17752.68
RSPE,AIZ,1421.0,1347.0,74.0,239.67,17735.579999999998
RSPE,LII,660.0,626.0,34.0,521.25,17722.5
RPV,AIG,189547.0,189779.0,-232.0,76.36,-17715.52
RSPE,DIS,3125.0,2961.0,164.0,108.02,17715.28
RSPE,ADBE,1320.0,1250.0,70.0,253.04,17712.8
IGPT,NTAP,28661.0,28511.0,150.0,118.0,17700.0
XMHQ,PEGA,792308.0,791816.0,492.0,35.975,17699.7
GRPM,TCBI,68515.0,68692.0,-177.0,99.96,-17692.92
PRF,A,46218.0,46371.0,-153.0,115.62,-17689.86
RSPN,JBHT,59123.0,59195.0,-72.0,245.4,-17668.8
RSPE,CMI,509.0,483.0,26.0,679.55,17668.3
RZV,MOH,18336.0,18431.0,-95.0,185.94,-17664.3
GRPM,EEFT,98929.0,99185.0,-256.0,68.83,-17620.48
RSPE,RCL,1202.0,1138.0,64.0,275.24,17615.36
OMFL,WST,17558.0,17504.0,54.0,325.92,17599.68
PRF,CF,59722.0,59875.0,-153.0,115.02,-17598.059999999998
RSPH,RVTY,133449.0,133275.0,174.0,101.0,17574.0
IGPT,LSCC,26595.0,26457.0,138.0,127.19,17552.22
GRPM,BLD,15723.0,15764.0,-41.0,428.03,-17549.23
PRF,CPAY,11836.0,11887.0,-51.0,343.99,-17543.49
PTH,UTHR,7261.0,7230.0,31.0,564.94,17513.140000000003
PRF,ROP,13636.0,13687.0,-51.0,343.32,-17509.32
RSPE,KMB,3375.0,3197.0,178.0,98.31,17499.18
PRFZ,SITM,5482.0,5461.0,21.0,833.08,17494.68
PBUS,XOM,731052.0,730931.0,121.0,144.57,17492.969999999998
RPV,MET,182691.0,182915.0,-224.0,78.08,-17489.92
PRF,CHRW,35013.0,35115.0,-102.0,171.39,-17481.78
RSPE,BXP,5574.0,5280.0,294.0,59.43,17472.42
XMVM,DINO,158572.0,158331.0,241.0,72.43,17455.63
RSPE,SBAC,1529.0,1449.0,80.0,218.17,17453.6
RSPE,KVUE,18846.0,17854.0,992.0,17.59,17449.28
RSPE,EBAY,3090.0,2928.0,162.0,107.69,17445.78
RSPE,NDAQ,3722.0,3526.0,196.0,88.91,17426.36
RSPM,IFF,98690.0,98475.0,215.0,81.05,17425.75
PHO,ERII,486035.0,484127.0,1908.0,9.13,17420.04
RPG,WELL,96541.0,96460.0,81.0,214.63,17385.03
PSCH,BTSG,92540.0,92223.0,317.0,54.83,17381.11
RPV,EIX,204541.0,204793.0,-252.0,68.95,-17375.4
RSPN,MAS,198965.0,199207.0,-242.0,71.74,-17361.079999999998
RSPE,LUV,7968.0,7548.0,420.0,41.31,17350.2
RPV,CFG,221812.0,222084.0,-272.0,63.73,-17334.559999999998
RWJ,LKQ,491497.0,490897.0,600.0,28.89,17334.0
RSPE,MET,4209.0,3987.0,222.0,78.08,17333.76
XSMO,TMDX,271251.0,270996.0,255.0,67.84,17299.2
RSPE,PLD,2296.0,2176.0,120.0,144.09,17290.8
RSPH,CI,45829.0,45769.0,60.0,288.06,17283.6
RPG,VST,138113.0,137996.0,117.0,147.72,17283.24
RSPE,GWW,277.0,263.0,14.0,1233.71,17271.940000000002
RSPN,GWW,11203.0,11217.0,-14.0,1233.71,-17271.940000000002
RSPE,EW,4091.0,3875.0,216.0,79.96,17271.359999999997
GRPM,HLNE,74897.0,75091.0,-194.0,89.0,-17266.0
QQA,PANW,20829.0,20746.0,83.0,207.88,17254.04
RWJ,OGN,1061486.0,1060194.0,1292.0,13.35,17248.2
RSPE,DE,556.0,526.0,30.0,574.84,17245.2
RSPN,CARR,211898.0,212156.0,-258.0,66.83,-17242.14
RSPE,LYB,4565.0,4325.0,240.0,71.76,17222.4
QQA,STX,5565.0,5543.0,22.0,782.64,17218.079999999998
RSPE,WMT,2515.0,2383.0,132.0,130.43,17216.760000000002
RSPE,TTWO,1495.0,1417.0,78.0,220.45,17195.1
XSMO,RUN,1254871.0,1253695.0,1176.0,14.61,17181.36
RSPE,MRNA,6012.0,5696.0,316.0,54.35,17174.600000000002
RSPE,MCO,710.0,672.0,38.0,451.32,17150.16
RSPE,DOV,1479.0,1401.0,78.0,219.83,17146.74
RPV,L,133172.0,133336.0,-164.0,104.5,-17138.0
RSPE,APD,1106.0,1048.0,58.0,295.41,17133.780000000002
RSPE,ADSK,1327.0,1257.0,70.0,244.5,17115.0
XSMO,LCII,154042.0,153898.0,144.0,118.82,17110.079999999998
RPV,IP,422522.0,423040.0,-518.0,33.03,-17109.54
SPHQ,BBY,344414.0,344702.0,-288.0,59.4,-17107.2
PRF,COHR,15708.0,15759.0,-51.0,335.26,-17098.26
RSPE,CPB,15592.0,14772.0,820.0,20.84,17088.8
PRF,WEC,57179.0,57332.0,-153.0,111.66,-17083.98
PKW,MTCH,182175.0,182637.0,-462.0,36.96,-17075.52
OMFL,LLY,5613.0,5595.0,18.0,948.45,17072.100000000002
RSPE,ALL,1507.0,1427.0,80.0,213.15,17052.0
XLG,NOW,301826.0,302013.0,-187.0,91.18,-17050.66
PRFZ,WRBY,37337.0,36760.0,577.0,29.55,17050.350000000002
RSPE,TMUS,1667.0,1579.0,88.0,193.63,17039.44
XSMO,GOLF,199227.0,199041.0,186.0,91.55,17028.3
RSPE,ES,4878.0,4622.0,256.0,66.51,17026.56
RSPE,JCI,2331.0,2209.0,122.0,139.52,17021.440000000002
RSPE,PEP,2102.0,1992.0,110.0,154.62,17008.2
RSPE,KIM,13762.0,13038.0,724.0,23.48,16999.52
RSPE,GIS,9303.0,8813.0,490.0,34.68,16993.2
XMHQ,DOCS,1053502.0,1052848.0,654.0,25.98,16990.920000000002
XMHQ,CBT,320464.0,320266.0,198.0,85.68,16964.640000000003
PRF,ES,99914.0,100169.0,-255.0,66.51,-16960.050000000003
RSPH,SOLV,176860.0,176629.0,231.0,73.38,16950.78
PTH,THC,20721.0,20632.0,89.0,190.38,16943.82
RSPE,ABBV,1590.0,1506.0,84.0,201.55,16930.2
RWL,ABBV,119168.0,119084.0,84.0,201.55,16930.2
RSPE,MRK,2895.0,2743.0,152.0,111.38,16929.76
RSPN,EXPD,88393.0,88501.0,-108.0,156.69,-16922.52
RSPN,IEX,63969.0,64047.0,-78.0,216.92,-16919.76
XMHQ,LPX,360694.0,360469.0,225.0,75.15,16908.75
RSPE,WDAY,2523.0,2391.0,132.0,127.83,16873.56
RSPN,ETN,34973.0,35015.0,-42.0,401.51,-16863.42
RSPE,GS,351.0,333.0,18.0,936.48,16856.64
RSPN,CSX,308388.0,308764.0,-376.0,44.83,-16856.079999999998
PRFZ,XPER,58213.0,56115.0,2098.0,8.03,16846.94
RSPE,MA,638.0,604.0,34.0,495.48,16846.32
PRF,IP,176836.0,177346.0,-510.0,33.03,-16845.3
RSPE,SRE,3500.0,3316.0,184.0,91.53,16841.52
EQWL,GOOGL,43036.0,43078.0,-42.0,400.8,-16833.600000000002
RSPE,ICE,2055.0,1947.0,108.0,155.82,16828.559999999998
PRF,JLL,15004.0,15055.0,-51.0,329.87,-16823.37
RSPE,GILD,2444.0,2316.0,128.0,131.33,16810.24
RPG,IDXX,35304.0,35274.0,30.0,560.11,16803.3
RSPE,RSG,1587.0,1503.0,84.0,200.02,16801.68
QQA,WDC,8659.0,8624.0,35.0,480.0,16800.0
RSPE,AIG,4183.0,3963.0,220.0,76.36,16799.2
RSPE,DLR,1620.0,1534.0,86.0,195.31,16796.66
RSPE,TT,681.0,645.0,36.0,466.17,16782.12
RSPN,TT,28786.0,28822.0,-36.0,466.17,-16782.12
PRF,PPG,59097.0,59250.0,-153.0,109.61,-16770.329999999998
RSPE,USB,5736.0,5434.0,302.0,55.53,16770.06
RSPE,LIN,658.0,624.0,34.0,493.16,16767.440000000002
PRF,AVT,66133.0,66337.0,-204.0,82.09,-16746.36
RSPE,STT,2122.0,2010.0,112.0,149.49,16742.88
RSPE,AFL,2811.0,2663.0,148.0,113.1,16738.8
RSPE,HSY,1725.0,1635.0,90.0,185.94,16734.6
RSPN,UAL,137304.0,137472.0,-168.0,99.58,-16729.44
RSPE,CRM,1741.0,1649.0,92.0,181.82,16727.44
PBD,EVGO,575511.0,567027.0,8484.0,1.97,16713.48
RSPE,T,12599.0,11935.0,664.0,25.16,16706.24
RSPN,SWK,168755.0,168961.0,-206.0,81.07,-16700.42
RSPE,CRL,1781.0,1687.0,94.0,177.62,16696.28
PRF,AEE,50122.0,50275.0,-153.0,109.07,-16687.71
RSPE,JBHT,1297.0,1229.0,68.0,245.4,16687.2
PRF,EVRG,67067.0,67271.0,-204.0,81.78,-16683.12
RSPE,CBRE,2175.0,2061.0,114.0,146.33,16681.620000000003
QQA,GILD,31695.0,31568.0,127.0,131.33,16678.91
RSPE,EMR,2251.0,2133.0,118.0,141.31,16674.58
RSPE,VLTO,3636.0,3444.0,192.0,86.84,16673.28
PRFZ,SONO,272379.0,271274.0,1105.0,15.06,16641.3
PRFZ,DKNG,153635.0,152983.0,652.0,25.52,16639.04
RWJ,HTZ,2256262.0,2253514.0,2748.0,6.05,16625.399999999998
RSPN,BA,58101.0,58171.0,-70.0,237.36,-16615.2
RSPE,CRH,2777.0,2631.0,146.0,113.76,16608.96
RSPE,MSFT,768.0,728.0,40.0,415.12,16604.8
QQQJ,GFS,272052.0,271828.0,224.0,74.12,16602.88
RWJ,AMTM,554969.0,554293.0,676.0,24.53,16582.280000000002
RSPE,FITB,6381.0,6045.0,336.0,49.33,16574.88
RSPE,CCL,11917.0,11289.0,628.0,26.38,16566.64
PRFZ,ATMU,67750.0,67452.0,298.0,55.59,16565.82
RSPE,ARE,6818.0,6460.0,358.0,46.26,16561.079999999998
GRPM,FNB,357221.0,358146.0,-925.0,17.9,-16557.5
RSPE,MTB,1487.0,1409.0,78.0,212.14,16546.92
RSPE,F,25511.0,24169.0,1342.0,12.32,16533.44
RSPE,DOW,8510.0,8062.0,448.0,36.87,16517.76
QQQJ,ON,192855.0,192695.0,160.0,103.2,16512.0
XSMO,LXP,337244.0,336929.0,315.0,52.4,16506.0
PRFZ,PRAX,11585.0,11535.0,50.0,330.02,16501.0
RSPN,WAB,50628.0,50690.0,-62.0,265.71,-16474.02
PRF,CINF,34773.0,34875.0,-102.0,161.5,-16473.0
RSPE,BDX,2082.0,1972.0,110.0,149.43,16437.3
PBUS,WMT,760527.0,760401.0,126.0,130.43,16434.18
RSPE,AXP,988.0,936.0,52.0,316.03,16433.559999999998
RPG,VRSN,67750.0,67693.0,57.0,288.21,16427.969999999998
RSPE,BAC,6095.0,5775.0,320.0,51.31,16419.2
RSPE,KR,4739.0,4489.0,250.0,65.64,16410.0
RSPE,MSCI,545.0,517.0,28.0,585.42,16391.76
RSPE,PSKY,28082.0,26604.0,1478.0,11.09,16391.02
OMFL,AMD,13786.0,13750.0,36.0,455.19,16386.84
RSPE,HIG,2342.0,2218.0,124.0,132.02,16370.480000000001
RSPE,WM,1458.0,1382.0,76.0,215.37,16368.12
XMHQ,NVST,1089947.0,1089272.0,675.0,24.24,16361.999999999998
PRF,NTRS,39996.0,40098.0,-102.0,160.41,-16361.82
PRFZ,ALGT,51129.0,50932.0,197.0,83.03,16356.91
RZV,MAN,105775.0,106323.0,-548.0,29.84,-16352.32
RSPH,CRL,70803.0,70711.0,92.0,177.62,16341.04
RSPE,APTV,5362.0,5080.0,282.0,57.94,16339.08
RSPE,NKE,7029.0,6659.0,370.0,44.14,16331.800000000001
RSPN,FTV,221027.0,221297.0,-270.0,60.43,-16316.1
GRPM,PCTY,56621.0,56768.0,-147.0,110.98,-16314.060000000001
RSPE,HBAN,19214.0,18202.0,1012.0,16.12,16313.44
PRF,EW,76833.0,77037.0,-204.0,79.96,-16311.839999999998
RSPE,OTIS,4134.0,3916.0,218.0,74.82,16310.759999999998
RWL,HPE,741477.0,740957.0,520.0,31.35,16302.0
RWL,UBER,307791.0,307575.0,216.0,75.45,16297.2
PRF,AMCR,153886.0,154294.0,-408.0,39.93,-16291.44
RSPE,TGT,2468.0,2338.0,130.0,125.25,16282.5
SPHQ,ZBRA,80144.0,80216.0,-72.0,226.03,-16274.16
RSPE,ECL,1203.0,1139.0,64.0,254.22,16270.08
RSPH,IQV,69731.0,69640.0,91.0,178.71,16262.61
RSPH,INCY,126348.0,126183.0,165.0,98.56,16262.4
PGX,EPR,220567.0,220288.0,279.0,58.28,16260.12
RSPE,AWK,2469.0,2339.0,130.0,125.05,16256.5
PRFZ,TKO,21071.0,20984.0,87.0,186.79,16250.73
RSPE,EXC,7046.0,6676.0,370.0,43.91,16246.699999999999
RSPE,MAR,869.0,823.0,46.0,353.18,16246.28
PBUS,INTC,784083.0,783953.0,130.0,124.92,16239.6
AIQ,ACN,471653.0,471563.0,90.0,180.42,16237.8
RSPE,WY,13100.0,12410.0,690.0,23.53,16235.7
RSPN,HWM,49394.0,49454.0,-60.0,270.56,-16233.6
RPV,FANG,70881.0,70967.0,-86.0,188.7,-16228.199999999999
RSPN,NSC,41822.0,41874.0,-52.0,312.01,-16224.52
QQA,ISRG,9064.0,9028.0,36.0,450.06,16202.16
RPV,COR,51162.0,51224.0,-62.0,261.08,-16186.96
RSPE,A,2669.0,2529.0,140.0,115.62,16186.800000000001
PRF,GEHC,94075.0,94330.0,-255.0,63.47,-16184.85
PRFZ,NOVT,26654.0,26537.0,117.0,138.31,16182.27
RSPE,BK,2364.0,2240.0,124.0,130.5,16182.0
PRF,VICI,198156.0,198717.0,-561.0,28.84,-16179.24
RSPE,BMY,5488.0,5200.0,288.0,56.16,16174.079999999998
PRF,SHW,14198.0,14249.0,-51.0,316.82,-16157.82
RSPE,VRSK,1789.0,1695.0,94.0,171.87,16155.78
PRF,HLT,11807.0,11858.0,-51.0,316.78,-16155.779999999999
OMFL,CAT,9801.0,9783.0,18.0,897.45,16154.1
RSPM,CRH,65212.0,65070.0,142.0,113.76,16153.92
RSPE,XYL,2715.0,2573.0,142.0,113.73,16149.66
PRFZ,DORM,30468.0,30338.0,130.0,124.13,16136.9
PRF,HII,9784.0,9835.0,-51.0,316.28,-16130.279999999999
PNQI,ABNB,65410.0,65524.0,-114.0,141.49,-16129.86
RSPE,RMD,1473.0,1395.0,78.0,206.76,16127.279999999999
PRF,AA,90232.0,90487.0,-255.0,63.18,-16110.9
RSPE,CHRW,1775.0,1681.0,94.0,171.39,16110.659999999998
RSPE,YUM,2030.0,1924.0,106.0,151.95,16106.699999999999
PKW,AXS,63569.0,63731.0,-162.0,99.39,-16101.18
PRFZ,TRN,102964.0,102525.0,439.0,36.63,16080.570000000002
XMHQ,FFIN,801849.0,801351.0,498.0,32.26,16065.48
RWJ,CWK,931012.0,929880.0,1132.0,14.19,16063.08
PRFZ,WSFS,53566.0,53342.0,224.0,71.7,16060.800000000001
PRFZ,RGEN,31659.0,31529.0,130.0,123.46,16049.8
RSPE,NTRS,1897.0,1797.0,100.0,160.41,16041.0
PRFZ,PATH,355697.0,354211.0,1486.0,10.79,16033.939999999999
PRFZ,WAFD,84135.0,83684.0,451.0,35.55,16033.05
XSMO,KMT,473761.0,473317.0,444.0,36.1,16028.400000000001
PFM,JPM,75171.0,75224.0,-53.0,302.1,-16011.300000000001
PRFZ,LEVI,168786.0,168080.0,706.0,22.67,16005.02
GRPM,TOL,44813.0,44929.0,-116.0,137.89,-15995.239999999998
RSPE,MDT,3977.0,3767.0,210.0,76.15,15991.500000000002
XSMO,PATK,178773.0,178605.0,168.0,95.17,15988.56
PRFZ,LINE,107520.0,107120.0,400.0,39.96,15984.0
PRF,EXPD,44954.0,45056.0,-102.0,156.69,-15982.38
DWAS,TNGX,252674.0,253368.0,-694.0,23.02,-15975.88
PRF,MKSI,13377.0,13428.0,-51.0,313.21,-15973.71
RSPM,DD,147468.0,147147.0,321.0,49.76,15972.96
PRFZ,BBIO,54465.0,54228.0,237.0,67.39,15971.43
OMFL,INCY,65555.0,65393.0,162.0,98.56,15966.720000000001
RSPE,SPGI,732.0,694.0,38.0,420.12,15964.56
RSPE,MKC,6272.0,5942.0,330.0,48.32,15945.6
RWL,GD,65876.0,65830.0,46.0,346.53,15940.38
PRFZ,KAI,10636.0,10589.0,47.0,338.82,15924.539999999999
IMFL,ASML,4980.0,4970.0,10.0,1592.02,15920.2
RPV,BBY,218555.0,218823.0,-268.0,59.4,-15919.199999999999
PRFZ,CUBI,47210.0,47004.0,206.0,77.26,15915.560000000001
RPV,BAX,719896.0,720780.0,-884.0,17.99,-15903.159999999998
RSPN,FDX,34428.0,34470.0,-42.0,378.58,-15900.359999999999
PRFZ,BANC,202295.0,201461.0,834.0,19.04,15879.359999999999
RSPN,UNP,49480.0,49540.0,-60.0,264.65,-15878.999999999998
RSPN,NDSN,45543.0,45599.0,-56.0,283.53,-15877.679999999998
RSPE,ACN,1675.0,1587.0,88.0,180.42,15876.96
XMHQ,DUOL,235895.0,235748.0,147.0,107.99,15874.529999999999
RSPE,HD,948.0,898.0,50.0,317.45,15872.5
RSPN,ODFL,65846.0,65926.0,-80.0,198.33,-15866.400000000001
PRF,PSA,15317.0,15368.0,-51.0,311.04,-15863.04
RSPH,BIIB,62806.0,62724.0,82.0,193.45,15862.9
XSMO,NHC,89802.0,89718.0,84.0,188.82,15860.88
PKW,ENS,27097.0,27166.0,-69.0,229.82,-15857.58
RSPM,DOW,197297.0,196867.0,430.0,36.87,15854.099999999999
RSPE,BR,2013.0,1907.0,106.0,149.5,15847.0
PRF,MOS,260650.0,261364.0,-714.0,22.19,-15843.660000000002
RSPE,HLT,957.0,907.0,50.0,316.78,15838.999999999998
OMFL,EW,79666.0,79468.0,198.0,79.96,15832.079999999998
RSPN,DOV,59128.0,59200.0,-72.0,219.83,-15827.76
PRF,FE,133675.0,134032.0,-357.0,44.33,-15825.81
PBD,LCID,169403.0,166907.0,2496.0,6.34,15824.64
RPV,TFC,262138.0,262460.0,-322.0,49.11,-15813.42
PRFZ,WHD,67926.0,67634.0,292.0,54.14,15808.880000000001
RSPN,AME,55521.0,55589.0,-68.0,232.4,-15803.2
RSPE,BALL,5145.0,4875.0,270.0,58.52,15800.400000000001
RZV,OGN,228354.0,229537.0,-1183.0,13.35,-15793.05
XSMO,JOE,256787.0,256547.0,240.0,65.79,15789.600000000002
PRF,BLDR,64757.0,64961.0,-204.0,77.4,-15789.6
QYLG,MSFT,18851.0,18889.0,-38.0,415.12,-15774.56
RSPE,RL,842.0,798.0,44.0,358.45,15771.8
RSPN,HUBB,26068.0,26100.0,-32.0,492.58,-15762.56
RSPE,HUBB,595.0,563.0,32.0,492.58,15762.56
RSPE,MOS,13474.0,12764.0,710.0,22.19,15754.900000000001
SPHQ,JKHY,125390.0,125498.0,-108.0,145.84,-15750.720000000001
PRFZ,HAYW,246583.0,245503.0,1080.0,14.58,15746.4
PTH,TNGX,159302.0,158618.0,684.0,23.02,15745.68
RSPE,NRG,2173.0,2059.0,114.0,138.11,15744.54
PKW,CRBG,227540.0,228116.0,-576.0,27.31,-15730.56
RSPE,REGN,435.0,413.0,22.0,714.89,15727.58
RSPM,LYB,100670.0,100451.0,219.0,71.76,15715.44
RSPN,SNA,33649.0,33691.0,-42.0,374.0,-15708.0
PRFZ,FUN,198740.0,198027.0,713.0,22.01,15693.130000000001
PRFZ,SXI,13503.0,13443.0,60.0,261.42,15685.2
RSPE,ABT,3517.0,3331.0,186.0,84.32,15683.519999999999
RSPE,NOW,3256.0,3084.0,172.0,91.18,15682.960000000001
OMFL,HCA,12372.0,12336.0,36.0,435.19,15666.84
RSPE,FCX,4825.0,4571.0,254.0,61.65,15659.1
RSPM,APD,24424.0,24371.0,53.0,295.41,15656.730000000001
RPG,ULTA,34827.0,34797.0,30.0,521.58,15647.400000000001
RSPE,ULTA,572.0,542.0,30.0,521.58,15647.400000000001
PRFZ,CCC,705761.0,702711.0,3050.0,5.13,15646.5
RSPN,LII,24485.0,24515.0,-30.0,521.25,-15637.5
RSPN,JCI,92103.0,92215.0,-112.0,139.52,-15626.240000000002
RSPE,IBM,1275.0,1207.0,68.0,229.76,15623.68
RSPH,A,103607.0,103472.0,135.0,115.62,15608.7
RSPM,VMC,25441.0,25386.0,55.0,283.72,15604.600000000002
PKW,MGM,158810.0,159212.0,-402.0,38.79,-15593.58
RSPE,LOW,1296.0,1228.0,68.0,229.2,15585.599999999999
QQQJ,NBIS,107398.0,107310.0,88.0,177.05,15580.400000000001
GRPM,DOCU,125486.0,125811.0,-325.0,47.9,-15567.5
RSPM,PPG,65161.0,65019.0,142.0,109.61,15564.62
PRFZ,SOFI,234026.0,233038.0,988.0,15.75,15561.0
RZV,VSTS,324765.0,326448.0,-1683.0,9.24,-15550.92
RSPE,PCAR,2583.0,2447.0,136.0,114.31,15546.16
RSPH,BAX,662648.0,661784.0,864.0,17.99,15543.359999999999
RSPE,BSX,5477.0,5189.0,288.0,53.93,15531.84
RZV,VSH,87406.0,87859.0,-453.0,34.26,-15519.779999999999
PRF,YUM,30732.0,30834.0,-102.0,151.95,-15498.9
PKW,DVA,31259.0,31337.0,-78.0,198.65,-15494.7
PRF,CEG,20215.0,20266.0,-51.0,303.63,-15485.13
RPV,NUE,55463.0,55531.0,-68.0,227.5,-15470.0
OMFL,VRSK,33402.0,33312.0,90.0,171.87,15468.300000000001
PRF,AMG,9812.0,9863.0,-51.0,302.8,-15442.800000000001
RWJ,ANDE,177492.0,177276.0,216.0,71.45,15433.2
RSPE,CAH,1590.0,1506.0,84.0,183.65,15426.6
EFAA,HKD,9347.5,0.0,9347.5,1.65,15423.375
GRPM,SSB,61865.0,62025.0,-160.0,96.28,-15404.8
SPVM,ADM,33433.0,33235.0,198.0,77.66,15376.679999999998
PKW,WYNN,59615.0,59765.0,-150.0,102.42,-15363.0
PRFZ,AAON,34143.0,34033.0,110.0,139.66,15362.6
PRFZ,PSN,70459.0,70147.0,312.0,49.18,15344.16
RSPN,ADP,58527.0,58599.0,-72.0,212.995,-15335.64
RSPE,PYPL,6409.0,6071.0,338.0,45.37,15335.06
PRFZ,AXON,9388.0,9350.0,38.0,403.54,15334.52
RSPE,BBY,4897.0,4639.0,258.0,59.4,15325.199999999999
PBUS,V,292365.0,292317.0,48.0,318.79,15301.920000000002
RSPE,IR,3844.0,3642.0,202.0,75.75,15301.5
RSPE,WSM,1609.0,1525.0,84.0,182.1,15296.4
RSPM,LIN,14078.0,14047.0,31.0,493.16,15287.960000000001
OMFL,CHE,14363.0,14327.0,36.0,424.26,15273.36
PBUS,JNJ,417535.0,417466.0,69.0,221.32,15271.08
RSPN,EMR,89026.0,89134.0,-108.0,141.31,-15261.48
RSPM,CTVA,86251.0,86063.0,188.0,81.13,15252.439999999999
RSPN,UBER,165887.0,166089.0,-202.0,75.45,-15240.900000000001
GRPM,DUOL,54249.0,54390.0,-141.0,107.99,-15226.59
XSMO,ANDE,227304.0,227091.0,213.0,71.45,15218.85
RSPE,TPR,2167.0,2053.0,114.0,133.48,15216.72
RSPN,PAYX,132444.0,132606.0,-162.0,93.93,-15216.660000000002
RWL,KO,276529.0,276335.0,194.0,78.42,15213.48
PRFZ,GTM,588886.0,586502.0,2384.0,6.38,15209.92
SPHD,T,2640719.0,2640115.0,604.0,25.16,15196.64
AIQ,ADBE,314658.0,314598.0,60.0,253.04,15182.4
RSPE,NCLH,16867.0,15979.0,888.0,17.08,15167.039999999999
RSPH,MRNA,213709.0,213430.0,279.0,54.35,15163.65
RPV,DVN,270024.6,270356.6,-332.0,45.61,-15142.52
QQA,MRVL,22242.0,22153.0,89.0,170.13,15141.57
SPHD,KMB,693607.0,693453.0,154.0,98.31,15139.74
PRF,STZ,41720.0,41822.0,-102.0,148.21,-15117.42
RSPN,UPS,123345.0,123495.0,-150.0,100.78,-15117.0
RSPE,AJG,1450.0,1374.0,76.0,198.87,15114.12
PRFZ,CDE,215226.0,214412.0,814.0,18.56,15107.839999999998
RSPE,GEHC,4513.0,4275.0,238.0,63.47,15105.86
RSPE,FISV,5155.0,4883.0,272.0,55.48,15090.56
RZV,SM,98849.0,99361.0,-512.0,29.44,-15073.28
OMFL,JCI,42532.0,42424.0,108.0,139.52,15068.160000000002
PRF,VST,32665.0,32767.0,-102.0,147.72,-15067.44
PRF,AKAM,39220.0,39322.0,-102.0,147.71,-15066.42
RSPE,DHR,1674.0,1586.0,88.0,171.16,15062.08
PRF,KMB,60952.0,61105.0,-153.0,98.31,-15041.43
RZV,VAC,37674.0,37869.0,-195.0,77.12,-15038.400000000001
PRF,EMN,78126.0,78330.0,-204.0,73.65,-15024.6
RSPH,ALGN,68410.0,68321.0,89.0,168.78,15021.42
RPV,HPQ,539617.0,540279.0,-662.0,22.68,-15014.16
QYLG,AMZN,27246.0,27301.0,-55.0,272.68,-14997.4
PRF,LAD,15560.0,15611.0,-51.0,293.99,-14993.49
DJD,AAPL,12539.0,12590.0,-51.0,293.32,-14959.32
RSPN,LUV,297194.0,297556.0,-362.0,41.31,-14954.220000000001
OMFL,LOPE,32641.0,32551.0,90.0,166.09,14948.1
RSPN,DE,21013.0,21039.0,-26.0,574.84,-14945.84
RSPH,MRK,102940.0,102806.0,134.0,111.38,14924.92
RPV,VZ,256699.0,257015.0,-316.0,47.22,-14921.52
PPA,BKSY,255285.0,255663.0,-378.0,39.45,-14912.1
GXPC,WBD,28905.0,28355.0,550.0,27.11,14910.5
PRF,M,281871.0,282636.0,-765.0,19.48,-14902.2
RWL,TRV,72507.0,72457.0,50.0,298.04,14902.000000000002
XSMO,SXI,60155.0,60098.0,57.0,261.42,14900.94
RZV,ASTH,73091.0,73470.0,-379.0,39.3,-14894.699999999999
PRF,CNP,119611.0,119968.0,-357.0,41.72,-14894.039999999999
IGPT,FTV,48114.0,47868.0,246.0,60.43,14865.78
RWJ,NSP,372988.0,372532.0,456.0,32.59,14861.04
RZV,UNFI,54763.0,55047.0,-284.0,52.32,-14858.88
RSPM,PKG,30472.0,30406.0,66.0,224.59,14822.94
PKW,HALO,91643.0,91874.0,-231.0,64.12,-14811.720000000001
IMFL,AZN,54296.0,54215.0,81.0,182.85,14810.85
PPA,IRDM,241277.0,241634.0,-357.0,41.46,-14801.220000000001
RSPM,NEM,58361.0,58234.0,127.0,116.51,14796.77
RSPM,FCX,110190.0,109950.0,240.0,61.65,14796.0
PGX,WSBC,339748.0,339316.0,432.0,34.24,14791.68
XSMO,SPNT,673077.0,672447.0,630.0,23.45,14773.5
OMFL,AOS,94370.0,94118.0,252.0,58.6,14767.2
IGPT,ROKU,21784.0,21670.0,114.0,129.53,14766.42
RSPM,MLM,11344.0,11319.0,25.0,590.38,14759.5
XSMO,SEDG,381772.0,381415.0,357.0,41.3,14744.099999999999
RSPN,TXT,133282.0,133444.0,-162.0,91.01,-14743.62
XMHQ,ANF,303557.0,303368.0,189.0,77.99,14740.109999999999
RSPN,CHRW,70729.0,70815.0,-86.0,171.39,-14739.539999999999
RSPH,LH,44226.0,44168.0,58.0,254.12,14738.960000000001
XMVM,BHF,158342.0,158102.0,240.0,61.38,14731.2
RSPD,AMZN,26746.0,26800.0,-54.0,272.68,-14724.720000000001
RWJ,CZR,431649.0,431125.0,524.0,28.04,14692.96
PRF,BAX,297887.0,298703.0,-816.0,17.99,-14679.839999999998
PRF,EXE,57977.0,58130.0,-153.0,95.94,-14678.82
RPV,PFG,119025.0,119171.0,-146.0,100.5,-14673.0
XSMO,CALY,894735.0,893898.0,837.0,17.52,14664.24
RSPH,PFE,438131.0,437560.0,571.0,25.68,14663.28
RPV,SYY,164493.0,164695.0,-202.0,72.44,-14632.88
RSPH,EW,140580.0,140397.0,183.0,79.96,14632.679999999998
RSPN,PCAR,105258.0,105386.0,-128.0,114.31,-14631.68
IQSZ,META,3721.0,3697.0,24.0,609.63,14631.119999999999
PRF,EXR,29038.0,29140.0,-102.0,143.3,-14616.6
RSPH,DGX,59628.0,59550.0,78.0,187.39,14616.419999999998
PRF,CLF,485591.0,486917.0,-1326.0,11.02,-14612.519999999999
RSPH,BMY,199397.0,199137.0,260.0,56.16,14601.599999999999
RSPE,PNR,3622.0,3432.0,190.0,76.82,14595.8
RSPN,TDG,9878.0,9890.0,-12.0,1215.08,-14580.96
RPG,TDG,13707.0,13695.0,12.0,1215.08,14580.96
PRF,CE,99994.0,100249.0,-255.0,57.17,-14578.35
RSPM,SHW,21008.0,20962.0,46.0,316.82,14573.72
RSPH,IDXX,19916.0,19890.0,26.0,560.11,14562.86
RWL,GEV,19963.0,19949.0,14.0,1040.15,14562.100000000002
RSPN,GD,35161.0,35203.0,-42.0,346.53,-14554.259999999998
OMFL,SPG,25944.0,25872.0,72.0,202.12,14552.64
RZV,GIII,88412.0,88870.0,-458.0,31.77,-14550.66
RSPM,SW,160711.0,160361.0,350.0,41.55,14542.499999999998
XSMO,OSIS,66839.0,66776.0,63.0,230.83,14542.29
PKW,AMG,19368.0,19416.0,-48.0,302.8,-14534.400000000001
RSPN,ROL,221759.0,222029.0,-270.0,53.83,-14534.1
RSPN,CPRT,350150.0,350578.0,-428.0,33.94,-14526.32
QQA,APP,7836.0,7805.0,31.0,468.55,14525.050000000001
RSPH,STE,54003.0,53933.0,70.0,207.45,14521.5
RPV,ALL,55132.0,55200.0,-68.0,213.15,-14494.2
EART,HXL,10066.0,10218.0,-152.0,95.32,-14488.64
PRF,ILMN,33991.0,34093.0,-102.0,141.88,-14471.76
PRF,VMC,12709.0,12760.0,-51.0,283.72,-14469.720000000001
RZV,AHCO,247026.0,248306.0,-1280.0,11.3,-14464.0
PRF,ANET,29718.0,29820.0,-102.0,141.77,-14460.54
RSPH,HSIC,156370.0,156166.0,204.0,70.82,14447.279999999999
GRPM,MANH,38793.0,38894.0,-101.0,143.02,-14445.02
RPV,UNH,31052.0,31090.0,-38.0,379.98,-14439.240000000002
RSPE,TEL,1340.0,1270.0,70.0,206.2,14434.0
RPV,IFF,144937.0,145115.0,-178.0,81.05,-14426.9
XMHQ,QLYS,244995.0,244842.0,153.0,94.28,14424.84
SPHQ,SWKS,248920.0,249136.0,-216.0,66.78,-14424.48
PRF,DLTR,62356.0,62509.0,-153.0,94.24,-14418.72
RSPN,VLTO,136155.0,136321.0,-166.0,86.84,-14415.44
RSPH,TMO,24120.0,24089.0,31.0,465.0,14415.0
RSPH,ISRG,24264.0,24232.0,32.0,450.06,14401.92
RSPN,FAST,267089.0,267415.0,-326.0,44.17,-14399.42
PTH,HCA,7720.0,7687.0,33.0,435.19,14361.27
PTH,AXSM,15367.0,15301.0,66.0,217.38,14347.08
RSPH,BDX,73302.0,73206.0,96.0,149.43,14345.28
PRF,DTE,39382.0,39484.0,-102.0,140.6,-14341.199999999999
RPV,HAL,293358.0,293718.0,-360.0,39.83,-14338.8
QQA,ASML,2244.0,2235.0,9.0,1592.02,14328.18
RSPH,REGN,15437.0,15417.0,20.0,714.89,14297.8
RPG,GOOG,42618.0,42582.0,36.0,397.05,14293.800000000001
PRF,VSAT,68645.0,68849.0,-204.0,70.01,-14282.04
RSPH,UHS,64217.0,64133.0,84.0,169.96,14276.640000000001
RZV,SCSC,59961.0,60272.0,-311.0,45.9,-14274.9
PRF,EQT,98838.0,99093.0,-255.0,55.96,-14269.800000000001
RSPN,ITW,45839.0,45895.0,-56.0,254.76,-14266.56
XSVM,SNEX,108388.0,108505.0,-117.0,121.92,-14264.64
RPG,DASH,102887.0,102800.0,87.0,163.93,14261.91
RSPE,EXPE,1188.0,1126.0,62.0,229.98,14258.76
GRPM,KBR,169008.0,169446.0,-438.0,32.54,-14252.52
PRF,LEA,45777.0,45879.0,-102.0,139.69,-14248.38
PRF,PFGC,51444.0,51597.0,-153.0,93.12,-14247.36
RSPH,DXCM,180385.0,180150.0,235.0,60.61,14243.35
RWL,USB,364503.0,364247.0,256.0,55.53,14215.68
RPV,AMCR,290562.0,290918.0,-356.0,39.93,-14215.08
OMFL,NFLX,63774.0,63612.0,162.0,87.49,14173.38
RSPH,JNJ,49232.0,49168.0,64.0,221.32,14164.48
PTH,CELC,25152.0,25044.0,108.0,131.06,14154.48
PSCH,PTCT,56125.0,55933.0,192.0,73.69,14148.48
RSPM,CF,56455.0,56332.0,123.0,115.02,14147.46
AIQ,CDNS,208582.0,208543.0,39.0,362.7,14145.3
PGX,AMH,341812.0,341371.0,441.0,32.03,14125.230000000001
RWJ,MHK,110762.0,110626.0,136.0,103.83,14120.88
RPV,OXY,216197.0,216463.0,-266.0,53.03,-14105.98
PSCH,TFX,30895.0,30789.0,106.0,133.06,14104.36
RSPN,XYL,101684.0,101808.0,-124.0,113.73,-14102.52
RWL,BK,153662.0,153554.0,108.0,130.5,14094.0
QQQJ,ESLT,22683.0,22665.0,18.0,782.205,14079.69
RSPH,TECH,223086.0,222795.0,291.0,48.36,14072.76
IGPT,P,34439.0,34259.0,180.0,78.16,14068.8
RSPN,EFX,65071.0,65151.0,-80.0,175.83,-14066.400000000001
RSPN,PH,13208.0,13224.0,-16.0,878.83,-14061.28
RSPH,GILD,81916.0,81809.0,107.0,131.33,14052.310000000001
RPV,DG,101343.0,101467.0,-124.0,113.29,-14047.960000000001
RWL,CBRE,135785.0,135689.0,96.0,146.33,14047.68
RSPM,BALL,110259.0,110019.0,240.0,58.52,14044.800000000001
RSPN,MMM,80212.0,80310.0,-98.0,143.29,-14042.42
RWL,BMY,356510.0,356260.0,250.0,56.16,14040.0
PSCH,PTGX,41081.0,40940.0,141.0,99.36,14009.76
RPV,MTB,53868.0,53934.0,-66.0,212.14,-14001.24
XSMO,CSGS,184703.0,184529.0,174.0,80.38,13986.119999999999
RSPN,ALLE,84923.0,85027.0,-104.0,134.37,-13974.48
PSCH,TGTX,95049.0,94723.0,326.0,42.86,13972.36
RPV,LUV,275663.0,276001.0,-338.0,41.31,-13962.78
RZV,SCHL,67130.0,67478.0,-348.0,40.1,-13954.800000000001
AIQ,NOW,796057.0,795904.0,153.0,91.18,13950.54
RWJ,CE,200850.0,200606.0,244.0,57.17,13949.48
AIQ,SNPS,146567.0,146540.0,27.0,516.48,13944.960000000001
PRF,TXT,53766.0,53919.0,-153.0,91.01,-13924.53
RWJ,JBLU,2238921.0,2236197.0,2724.0,5.11,13919.640000000001
PRF,CHRD,30590.0,30692.0,-102.0,136.44,-13916.88
PKW,BROS,104345.0,104609.0,-264.0,52.71,-13915.44
RPV,AIZ,47143.0,47201.0,-58.0,239.67,-13900.859999999999
RSPM,AVY,38843.0,38758.0,85.0,163.51,13898.349999999999
RSPM,AMCR,159573.0,159225.0,348.0,39.93,13895.64
PKW,JXN,48599.0,48722.0,-123.0,112.78,-13871.94
QQA,HON,16231.0,16166.0,65.0,213.12,13852.800000000001
PRF,QRVO,50361.0,50514.0,-153.0,90.53,-13851.09
PSCH,ALKS,115426.0,115031.0,395.0,34.99,13821.050000000001
PKW,HSIC,76675.0,76870.0,-195.0,70.82,-13809.899999999998
人工智能与机器人botz,APPN,320105.0,319475.0,630.0,21.92,13809.6
QQA,SHOP,31298.0,31173.0,125.0,110.41,13801.25
PRF,HWM,15508.0,15559.0,-51.0,270.56,-13798.56
RWL,DE,34986.0,34962.0,24.0,574.84,13796.16
RZV,CRGY,214678.0,215790.0,-1112.0,12.4,-13788.800000000001
RSPN,WM,52582.0,52646.0,-64.0,215.37,-13783.68
GRPM,EXLS,171171.0,171614.0,-443.0,31.08,-13768.439999999999
OMFL,HLI,37983.0,37893.0,90.0,152.87,13758.300000000001
RSPH,VRTX,24289.0,24257.0,32.0,429.82,13754.24
PRF,BSX,93314.0,93569.0,-255.0,53.93,-13752.15
PRF,GNRC,10432.0,10483.0,-51.0,269.41,-13739.910000000002
RZV,ADNT,116291.0,116894.0,-603.0,22.78,-13736.34
RPV,MGM,288896.0,289250.0,-354.0,38.79,-13731.66
QQA,CRWD,6439.0,6413.0,26.0,527.77,13722.02
RZV,ANDE,36993.0,37185.0,-192.0,71.45,-13718.400000000001
RSPH,ABBV,52512.0,52444.0,68.0,201.55,13705.400000000001
RSPH,DHR,61295.0,61215.0,80.0,171.16,13692.8
PRF,PVH,47910.0,48063.0,-153.0,89.48,-13690.44
XMVM,VAL,94880.0,94736.0,144.0,95.02,13682.88
RSPN,GE,38252.0,38298.0,-46.0,297.15,-13668.9
RSPH,ZBH,127633.0,127467.0,166.0,82.33,13666.779999999999
RSPH,GEHC,164640.0,164425.0,215.0,63.47,13646.05
RSPN,HON,52056.0,52120.0,-64.0,213.12,-13639.68
QQQJ,STLD,70899.0,70841.0,58.0,235.1,13635.8
PRF,SWKS,67439.0,67643.0,-204.0,66.78,-13623.12
PBD,SES,994374.0,979716.0,14658.0,0.9292,13620.213600000001
PRF,TPR,35102.0,35204.0,-102.0,133.48,-13614.96
RSPN,RSG,55624.0,55692.0,-68.0,200.02,-13601.36
RSPH,AMGN,31687.0,31646.0,41.0,331.7,13599.699999999999
XMVM,PBF,220169.0,219835.0,334.0,40.71,13597.14
XSMO,FBNC,246386.0,246155.0,231.0,58.86,13596.66
RZV,KMX,65053.0,65390.0,-337.0,40.34,-13594.580000000002
PRF,APO,28032.0,28134.0,-102.0,133.2,-13586.4
QQQJ,ALAB,83293.0,83225.0,68.0,199.79,13585.72
RSPD,EBAY,62040.0,62166.0,-126.0,107.69,-13568.94
RZV,MLKN,160448.0,161279.0,-831.0,16.32,-13561.92
RZV,AMN,90409.0,90877.0,-468.0,28.97,-13557.96
DWAS,LITE,5478.0,5493.0,-15.0,903.8,-13557.0
PRF,VFC,264009.0,264723.0,-714.0,18.98,-13551.720000000001
PRF,WAB,24977.0,25028.0,-51.0,265.71,-13551.21
PRF,FAST,112502.0,112808.0,-306.0,44.17,-13516.02
PRF,SM,173090.0,173549.0,-459.0,29.44,-13512.960000000001
XMVM,RNR,29398.0,29353.0,45.0,300.16,13507.2
RSPN,J,93583.0,93697.0,-114.0,118.43,-13501.02
EQWL,GOOG,34569.0,34603.0,-34.0,397.05,-13499.7
RWL,JBL,54029.0,53991.0,38.0,355.15,13495.699999999999
RSPN,IR,146054.0,146232.0,-178.0,75.75,-13483.5
RSPM,ECL,24486.0,24433.0,53.0,254.22,13473.66
RSPN,OTIS,147160.0,147340.0,-180.0,74.82,-13467.599999999999
GNOM,PRME,53111.0,48922.0,4189.0,3.21,13446.69
PRF,ESS,10551.0,10602.0,-51.0,263.55,-13441.050000000001
QQA,BKNG,20217.0,20136.0,81.0,165.93,13440.33
RSPH,RMD,49828.0,49763.0,65.0,206.76,13439.4
XSMO,GNL,1554520.0,1553065.0,1455.0,9.23,13429.650000000001
RZV,OXM,56943.0,57238.0,-295.0,45.48,-13416.599999999999
SPVM,GM,28665.0,28495.0,170.0,78.8,13396.0
PRF,AFG,30040.0,30142.0,-102.0,131.32,-13394.64
RWL,V,59434.0,59392.0,42.0,318.79,13389.18
RPG,ORLY,170037.0,169893.0,144.0,92.96,13386.24
DWAS,TTMI,30836.0,30921.0,-85.0,157.31,-13371.35
PRF,EQR,80622.0,80826.0,-204.0,65.54,-13370.160000000002
RWL,DOW,515858.0,515496.0,362.0,36.87,13346.939999999999
OMFL,SCCO,25129.0,25057.0,72.0,185.29,13340.88
PKW,MIDD,31990.0,32071.0,-81.0,164.67,-13338.269999999999
RSPH,MDT,134408.0,134233.0,175.0,76.15,13326.250000000002
PRF,COR,14465.0,14516.0,-51.0,261.08,-13315.08
PRF,KSS,337537.0,338455.0,-918.0,14.5,-13311.0
RWL,MDLZ,308790.0,308574.0,216.0,61.55,13294.8
SPVM,F,182262.0,181184.0,1078.0,12.32,13280.960000000001
PRF,LKQ,159690.0,160149.0,-459.0,28.89,-13260.51
XSMO,BXMT,739472.0,738779.0,693.0,19.13,13257.09
PGX,CNO,227551.0,227263.0,288.0,46.02,13253.76
PKW,LAD,18023.0,18068.0,-45.0,293.99,-13229.550000000001
RSPH,CAH,55521.0,55449.0,72.0,183.65,13222.800000000001
GNOM,RGNX,25888.0,24637.0,1251.0,10.55,13198.050000000001
QQQJ,CRDO,84655.0,84585.0,70.0,188.505,13195.35
RWL,NUE,83883.0,83825.0,58.0,227.5,13195.0
PRF,EL,59296.0,59449.0,-153.0,86.2,-13188.6
QQQJ,KMB,162432.0,162298.0,134.0,98.31,13173.54
SPHD,TROW,649273.0,649148.0,125.0,105.33,13166.25
PRF,IRM,29004.0,29106.0,-102.0,128.84,-13141.68
OMFL,JKHY,36298.0,36208.0,90.0,145.84,13125.6
RPG,NFLX,176834.0,176684.0,150.0,87.49,13123.5
PBUS,COST,77012.0,76999.0,13.0,1008.79,13114.27
RWL,GE,62563.0,62519.0,44.0,297.15,13074.599999999999
PRF,WTW,15968.0,16019.0,-51.0,256.36,-13074.36
PRF,KNX,75831.0,76035.0,-204.0,64.05,-13066.199999999999
RWJ,RXO,492328.0,491728.0,600.0,21.75,13050.0
RSPN,RTX,60149.0,60223.0,-74.0,176.09,-13030.66
PKW,RVTY,51249.0,51378.0,-129.0,101.0,-13029.0
RWL,TMO,39872.0,39844.0,28.0,465.0,13020.0
RSPN,AOS,182542.0,182764.0,-222.0,58.6,-13009.2
RZV,GNW,274888.0,276312.0,-1424.0,9.13,-13001.12
RWL,PM,107796.0,107720.0,76.0,170.99,12995.240000000002
DWAS,CELC,36162.0,36261.0,-99.0,131.06,-12974.94
PRF,ECL,21710.0,21761.0,-51.0,254.22,-12965.22
PRF,LH,27165.0,27216.0,-51.0,254.12,-12960.12
GNOM,MRVI,58810.0,56140.0,2670.0,4.85,12949.499999999998
RWL,NFLX,211645.0,211497.0,148.0,87.49,12948.519999999999
GRPM,ANF,64180.0,64346.0,-166.0,77.99,-12946.339999999998
QQQJ,UAL,158280.0,158150.0,130.0,99.58,12945.4
RWJ,DXC,1128106.0,1126734.0,1372.0,9.43,12937.96
XSMO,NGVT,183303.0,183132.0,171.0,75.63,12932.73
PNQI,EBAY,69183.0,69303.0,-120.0,107.69,-12922.8
RZV,SCL,47167.0,47411.0,-244.0,52.93,-12914.92
PRF,USFD,60836.0,60989.0,-153.0,84.4,-12913.2
OMFL,MAS,70383.0,70203.0,180.0,71.74,12913.199999999999
PPA,VOYG,293835.0,294269.0,-434.0,29.74,-12907.16
RSPN,PNR,137070.0,137238.0,-168.0,76.82,-12905.759999999998
OMFL,RGLD,23299.0,23245.0,54.0,238.91,12901.14
XMHQ,EXPO,340665.0,340455.0,210.0,61.42,12898.2
RPG,CASY,16023.0,16008.0,15.0,859.49,12892.35
PTH,NKTR,36526.0,36369.0,157.0,81.89,12856.73
RSPN,BLDR,136466.0,136632.0,-166.0,77.4,-12848.400000000001
RSPH,SYK,34567.0,34522.0,45.0,285.47,12846.150000000001
PKW,AVT,61759.0,61915.0,-156.0,82.09,-12806.04
RWL,APO,135736.0,135640.0,96.0,133.2,12787.199999999999
RZV,DCH,371138.0,373061.0,-1923.0,6.64,-12768.72
PRF,AWK,28754.0,28856.0,-102.0,125.05,-12755.1
XSMO,RRR,250244.0,250010.0,234.0,54.48,12748.32
OMFL,FFIV,15034.0,14998.0,36.0,354.03,12745.079999999998
RWL,CRH,159727.0,159615.0,112.0,113.76,12741.12
RSPH,COO,162179.0,161967.0,212.0,60.0,12720.0
RSPN,VRSK,61141.0,61215.0,-74.0,171.87,-12718.380000000001
RPV,CVX,57288.0,57358.0,-70.0,181.62,-12713.4
RSPE,NWSA,8941.0,8471.0,470.0,27.02,12699.4
RPV,AES,721501.0,722387.0,-886.0,14.33,-12696.38
IQSZ,MU,2717.0,2700.0,17.0,746.81,12695.769999999999
XMHQ,VC,180766.0,180655.0,111.0,114.35,12692.849999999999
RSPN,CTAS,62651.0,62727.0,-76.0,166.97,-12689.72
PKW,CHRD,36267.0,36360.0,-93.0,136.44,-12688.92
PRF,NLY,197836.0,198397.0,-561.0,22.61,-12684.21
PRF,ZTS,49778.0,49931.0,-153.0,82.83,-12672.99
PRF,BEN,155781.0,156189.0,-408.0,31.05,-12668.4
RWJ,EMN,140995.0,140823.0,172.0,73.65,12667.800000000001
PRF,SANM,17864.0,17915.0,-51.0,248.35,-12665.85
PRF,IVZ,172932.0,173391.0,-459.0,27.59,-12663.81
PRF,TRGP,22863.0,22914.0,-51.0,248.12,-12654.12
RSPH,HCA,22264.0,22235.0,29.0,435.19,12620.51
RSPM,IP,175427.0,175045.0,382.0,33.03,12617.460000000001
RWJ,PARR,159738.0,159542.0,196.0,64.37,12616.52
PKW,GTX,172345.0,172780.0,-435.0,29.0,-12615.0
PRF,ZBH,58703.0,58856.0,-153.0,82.33,-12596.49
RSPN,LHX,34208.0,34250.0,-42.0,299.64,-12584.88
XSMO,CUBI,174063.0,173901.0,162.0,77.26,12516.12
PRF,JBHT,21348.0,21399.0,-51.0,245.4,-12515.4
RSPH,MCK,12790.0,12773.0,17.0,736.09,12513.53
RZV,HLX,249970.0,251265.0,-1295.0,9.66,-12509.7
IGPT,PINS,113656.0,113068.0,588.0,21.27,12506.76
XMVM,GHC,7224.0,7213.0,11.0,1136.35,12499.849999999999
XMVM,ACI,514289.0,513509.0,780.0,16.02,12495.6
PRF,HST,195623.0,196184.0,-561.0,22.27,-12493.47
XSVM,HZO,337801.0,338165.0,-364.0,34.32,-12492.48
PTH,IONS,38347.0,38182.0,165.0,75.71,12492.15
DWAS,GHM,46208.0,46335.0,-127.0,98.19,-12470.13
PRF,ADSK,15024.0,15075.0,-51.0,244.5,-12469.5
OMFL,SLB,93279.0,93045.0,234.0,53.27,12465.18
IQSZ,MSFT,11784.0,11754.0,30.0,415.12,12453.6
RZV,GBX,47472.0,47718.0,-246.0,50.55,-12435.3
IQSZ,TSLA,4588.0,4559.0,29.0,428.35,12422.150000000001
PRF,OC,37097.0,37199.0,-102.0,121.67,-12410.34
GRPM,CHWY,208272.0,208812.0,-540.0,22.97,-12403.8
PRF,UNM,47444.0,47597.0,-153.0,80.88,-12374.64
RSPD,MGM,156738.0,157057.0,-319.0,38.79,-12374.01
RSPD,MAR,17425.0,17460.0,-35.0,353.18,-12361.300000000001
RSPD,HLT,19161.0,19200.0,-39.0,316.78,-12354.419999999998
XMVM,PAG,46650.0,46579.0,71.0,173.81,12340.51
OMFL,FTNT,44533.0,44425.0,108.0,114.07,12319.56
RSPD,ABNB,42643.0,42730.0,-87.0,141.49,-12309.630000000001
RZV,JBLU,464814.0,467222.0,-2408.0,5.11,-12304.880000000001
RPV,VICI,347269.0,347695.0,-426.0,28.84,-12285.84
OMFL,EVR,17202.0,17166.0,36.0,341.19,12282.84
RSPN,BR,67804.0,67886.0,-82.0,149.5,-12259.0
RZV,FDP,64354.0,64687.0,-333.0,36.81,-12257.730000000001
PRF,OGN,339891.0,340809.0,-918.0,13.35,-12255.3
RWL,SLB,328683.0,328453.0,230.0,53.27,12252.1
RZV,NX,116783.0,117388.0,-605.0,20.25,-12251.25
RWL,BBY,292872.0,292666.0,206.0,59.4,12236.4
RWL,CMI,26843.0,26825.0,18.0,679.55,12231.9
RPV,KEY,461875.0,462441.0,-566.0,21.6,-12225.6
PRF,AIZ,10014.0,10065.0,-51.0,239.67,-12223.17
RSPD,GM,76054.0,76209.0,-155.0,78.8,-12214.0
PRF,HUN,297856.0,298672.0,-816.0,14.96,-12207.36
PRF,R,17994.0,18045.0,-51.0,239.14,-12196.14
RSPD,ROST,26718.0,26772.0,-54.0,225.81,-12193.74
SPHD,D,1038835.0,1038638.0,197.0,61.89,12192.33
RSPD,RL,16780.0,16814.0,-34.0,358.45,-12187.3
RPV,HSIC,139784.0,139956.0,-172.0,70.82,-12181.039999999999
QQA,SBUX,29083.0,28967.0,116.0,104.93,12171.880000000001
RWL,SBUX,164789.0,164673.0,116.0,104.93,12171.880000000001
RSPN,LMT,19146.0,19170.0,-24.0,506.51,-12156.24
XMVM,M,410347.0,409724.0,623.0,19.48,12136.04
RSPN,AXON,24142.0,24172.0,-30.0,403.54,-12106.2
PRF,BA,27186.0,27237.0,-51.0,237.36,-12105.36
RSPH,BSX,171792.0,171568.0,224.0,53.93,12080.32
PRF,J,29721.0,29823.0,-102.0,118.43,-12079.86
SPHQ,FDS,61078.0,61132.0,-54.0,223.61,-12074.94
PKW,NOV,247803.0,248430.0,-627.0,19.25,-12069.75
PNQI,COIN,34443.0,34503.0,-60.0,201.16,-12069.6
RPV,HRL,480941.0,481531.0,-590.0,20.44,-12059.6
RZV,WKC,85864.0,86309.0,-445.0,27.07,-12046.15
QQQJ,CASY,18142.0,18128.0,14.0,859.49,12032.86
RSPD,HAS,60338.0,60461.0,-123.0,97.78,-12026.94
QYLG,GOOGL,14768.0,14798.0,-30.0,400.8,-12024.0
RPV,LEN,110287.0,110423.0,-136.0,88.38,-12019.68
RZV,RXO,106528.0,107080.0,-552.0,21.75,-12006.0
RWL,CRM,94879.0,94813.0,66.0,181.82,12000.119999999999
RSPD,TSLA,13945.0,13973.0,-28.0,428.35,-11993.800000000001
QQQJ,FISV,261731.0,261515.0,216.0,55.48,11983.679999999998
PRF,AGCO,29639.0,29741.0,-102.0,117.34,-11968.68
RSPD,SBUX,56072.0,56186.0,-114.0,104.93,-11962.02
RPV,STT,65888.0,65968.0,-80.0,149.49,-11959.2
RSPD,DHI,39867.0,39948.0,-81.0,147.63,-11958.029999999999
QYLG,MU,7876.0,7892.0,-16.0,746.81,-11948.96
RSPD,NVR,861.0,863.0,-2.0,5974.07,-11948.14
RZV,SEM,140536.0,141264.0,-728.0,16.41,-11946.48
PRF,BALL,79795.0,79999.0,-204.0,58.52,-11938.08
OMFL,SFM,54871.0,54727.0,144.0,82.83,11927.52
RWL,PWR,22273.0,22257.0,16.0,745.0,11920.0
PRF,NI,83224.0,83479.0,-255.0,46.72,-11913.6
RWJ,AAP,175728.0,175516.0,212.0,56.15,11903.8
RZV,CBRL,72974.0,73352.0,-378.0,31.49,-11903.22
PBUS,MA,146690.0,146666.0,24.0,495.48,11891.52
RSPH,ABT,108478.0,108337.0,141.0,84.32,11889.119999999999
RSPD,WYNN,56842.0,56958.0,-116.0,102.42,-11880.72
RPV,FISV,173735.0,173949.0,-214.0,55.48,-11872.72
PRF,MGM,106737.0,107043.0,-306.0,38.79,-11869.74
PFM,XOM,116135.0,116217.0,-82.0,144.57,-11854.74
PRF,AME,21471.0,21522.0,-51.0,232.4,-11852.4
RPV,TXT,106498.0,106628.0,-130.0,91.01,-11831.300000000001
PSCH,INDV,87280.0,86981.0,299.0,39.5,11810.5
OMFL,LULU,37699.0,37609.0,90.0,131.18,11806.2
XSMO,NWN,250523.0,250289.0,234.0,50.44,11802.96
PRF,ARE,87578.0,87833.0,-255.0,46.26,-11796.3
QQQJ,ZM,130186.0,130078.0,108.0,109.21,11794.679999999998
RWL,CHTR,108299.0,108223.0,76.0,154.86,11769.36
RSPD,F,469693.0,470648.0,-955.0,12.32,-11765.6
DWAS,AEHR,44062.0,44183.0,-121.0,97.23,-11764.83
RSPD,GRMN,24092.0,24141.0,-49.0,240.09,-11764.41
RSPH,COR,34166.0,34121.0,45.0,261.08,11748.599999999999
RSPD,CCL,219019.0,219464.0,-445.0,26.38,-11739.1
PTH,BTSG,49764.0,49550.0,214.0,54.83,11733.619999999999
PRF,EXPE,18780.0,18831.0,-51.0,229.98,-11728.98
PRF,ENS,10359.0,10410.0,-51.0,229.82,-11720.82
DWAS,HRTG,190338.0,190861.0,-523.0,22.41,-11720.43
XSVM,UNFI,207563.0,207787.0,-224.0,52.32,-11719.68
PSCH,CORT,65444.0,65220.0,224.0,52.28,11710.720000000001
RZV,KMPR,74492.0,74878.0,-386.0,30.29,-11691.94
PTH,MRNA,50019.0,49804.0,215.0,54.35,11685.25
PBUS,CAT,81044.0,81031.0,13.0,897.45,11666.85
OMFL,DIS,38529.0,38421.0,108.0,108.02,11666.16
RWJ,DAN,274906.0,274570.0,336.0,34.7,11659.2
SPHQ,ERIE,55011.0,55065.0,-54.0,215.9,-11658.6
XSMO,DGII,189069.0,188892.0,177.0,65.78,11643.06
XMVM,OZK,158035.0,157795.0,240.0,48.5,11640.0
PRF,FTNT,38160.0,38262.0,-102.0,114.07,-11635.14
RPV,ACGL,100706.0,100830.0,-124.0,93.8,-11631.199999999999
OMFL,ROL,84461.0,84245.0,216.0,53.83,11627.279999999999
RPG,ROL,252597.0,252381.0,216.0,53.83,11627.279999999999
XSMO,REX,250838.0,250604.0,234.0,49.68,11625.12
QQQJ,BIIB,71826.0,71766.0,60.0,193.45,11607.0
PRF,XYL,28953.0,29055.0,-102.0,113.73,-11600.460000000001
XMHQ,IPGP,179637.0,179526.0,111.0,104.49,11598.39
PRF,IR,46906.0,47059.0,-153.0,75.75,-11589.75
PKW,ETSY,70771.0,70951.0,-180.0,64.38,-11588.4
RPG,PODD,88790.0,88715.0,75.0,154.16,11562.0
PRF,CAG,292163.0,292979.0,-816.0,14.13,-11530.08
PRF,ZBRA,10863.0,10914.0,-51.0,226.03,-11527.53
PRF,DKS,14595.0,14646.0,-51.0,225.81,-11516.31
PRF,JAZZ,18711.0,18762.0,-51.0,225.79,-11515.289999999999
PRF,JXN,29087.0,29189.0,-102.0,112.78,-11503.56
RSPD,EXPE,24691.0,24741.0,-50.0,229.98,-11499.0
RWL,NKE,370849.0,370589.0,260.0,44.14,11476.4
SPVM,VZ,41094.0,40851.0,243.0,47.22,11474.46
PKW,CHE,10779.0,10806.0,-27.0,424.26,-11455.02
PRF,AAP,70390.0,70594.0,-204.0,56.15,-11454.6
PRF,PKG,19598.0,19649.0,-51.0,224.59,-11454.09
RSPN,LDOS,71835.0,71923.0,-88.0,130.11,-11449.68
RPG,BKNG,79738.0,79669.0,69.0,165.93,11449.17
PRF,OMF,76128.0,76332.0,-204.0,56.09,-11442.36
PKW,FLR,103860.0,104124.0,-264.0,43.31,-11433.84
RWJ,ABM,233162.0,232878.0,284.0,40.2,11416.800000000001
RSPN,HII,30053.0,30089.0,-36.0,316.28,-11386.079999999998
RZV,UVV,40905.0,41117.0,-212.0,53.7,-11384.400000000001
DWAS,MYRG,9362.0,9388.0,-26.0,437.86,-11384.36
QQQJ,FTAI,50194.0,50152.0,42.0,270.29,11352.18
RSPD,DECK,55375.0,55488.0,-113.0,100.42,-11347.460000000001
QQQJ,RVMD,96976.0,96896.0,80.0,141.81,11344.8
DWAS,VSAT,59084.0,59246.0,-162.0,70.01,-11341.62
RSPD,ORLY,60257.0,60379.0,-122.0,92.96,-11341.119999999999
XMHQ,YETI,440006.0,439733.0,273.0,41.53,11337.69
RWL,WBD,594587.0,594169.0,418.0,27.11,11331.98
OMFL,FOXA,72220.0,72040.0,180.0,62.94,11329.199999999999
RPV,T,366757.0,367207.0,-450.0,25.16,-11322.0
RWL,AMAT,35714.0,35688.0,26.0,435.44,11321.44
SPHQ,TECH,282832.0,283066.0,-234.0,48.36,-11316.24
RSPD,WSM,30617.0,30679.0,-62.0,182.1,-11290.199999999999
RWJ,REZI,234205.0,233921.0,284.0,39.75,11289.0
RWL,PNC,73227.0,73175.0,52.0,216.85,11276.199999999999
RPV,RF,333041.0,333449.0,-408.0,27.63,-11273.039999999999
RWJ,CVI,275032.0,274696.0,336.0,33.55,11272.8
PGX,NRUC,364993.0,364525.0,468.0,24.08,11269.439999999999
QQQJ,NTRA,69355.0,69297.0,58.0,194.24,11265.92
RSPM,MOS,232641.0,232134.0,507.0,22.19,11250.33
RSPD,YUM,36322.0,36396.0,-74.0,151.95,-11244.3
PRF,TTWO,11808.0,11859.0,-51.0,220.45,-11242.949999999999
QQA,CEG,9243.0,9206.0,37.0,303.63,11234.31
PRF,SOLV,63525.0,63678.0,-153.0,73.38,-11227.14
RSPE,GOOGL,544.0,516.0,28.0,400.8,11222.4
GRPM,QLYS,45816.0,45935.0,-119.0,94.28,-11219.32
RZV,PRGO,184801.0,185759.0,-958.0,11.71,-11218.18
PRF,FSLR,11034.0,11085.0,-51.0,219.95,-11217.449999999999
PRF,DOV,21648.0,21699.0,-51.0,219.83,-11211.33
RPG,MSFT,31003.0,30976.0,27.0,415.12,11208.24
RSPD,LVS,103832.0,104043.0,-211.0,53.11,-11206.21
DWAS,APEI,72447.0,72646.0,-199.0,56.3,-11203.699999999999
RSPD,TJX,36025.0,36098.0,-73.0,153.36,-11195.28
PTH,VTRS,151829.0,151177.0,652.0,17.17,11194.840000000002
RSPD,DRI,27959.0,28016.0,-57.0,196.23,-11185.109999999999
PRF,CNH,367550.0,368570.0,-1020.0,10.96,-11179.2
QQA,VRTX,6486.0,6460.0,26.0,429.82,11175.32
PFM,ORCL,80078.0,80135.0,-57.0,195.95,-11169.15
PNQI,PYPL,142175.0,142421.0,-246.0,45.37,-11161.019999999999
RSPD,DASH,33560.0,33628.0,-68.0,163.93,-11147.24
PRF,ZM,35330.0,35432.0,-102.0,109.21,-11139.42
QYLG,TSLA,12660.0,12686.0,-26.0,428.35,-11137.1
PRF,SBAC,10693.0,10744.0,-51.0,218.17,-11126.67
RPV,HBAN,562230.0,562920.0,-690.0,16.12,-11122.800000000001
PKW,AN,20978.0,21032.0,-54.0,205.97,-11122.38
QYLG,GOOG,13793.0,13821.0,-28.0,397.05,-11117.4
RSPD,BKNG,32989.0,33056.0,-67.0,165.93,-11117.310000000001
RSPD,CMG,168036.0,168378.0,-342.0,32.49,-11111.58
PRF,CMS,56124.0,56277.0,-153.0,72.61,-11109.33
RSPD,GPC,52088.0,52194.0,-106.0,104.72,-11100.32
QQA,INTU,7059.0,7031.0,28.0,396.31,11096.68
SPVM,VLO,7695.0,7649.0,46.0,241.06,11088.76
RWL,HON,74776.0,74724.0,52.0,213.12,11082.24
PPA,CDRE,250891.0,251262.0,-371.0,29.85,-11074.35
PTH,JAZZ,11412.0,11363.0,49.0,225.79,11063.71
PRF,IEX,12216.0,12267.0,-51.0,216.92,-11062.92
RWJ,NSIT,108395.0,108263.0,132.0,83.79,11060.28
DWAS,NUVL,38096.0,38201.0,-105.0,105.28,-11054.4
SPVM,BEN,60169.0,59813.0,356.0,31.05,11053.800000000001
RSPD,PHM,46102.0,46196.0,-94.0,117.55,-11049.699999999999
QQQJ,EXPE,57264.0,57216.0,48.0,229.98,11039.039999999999
IGPT,CGNX,32220.0,32052.0,168.0,65.66,11030.88
LIT,SGML,299494.0,298986.0,508.0,21.71,11028.68
GXPC,EA,2903.0,2848.0,55.0,200.44,11024.2
PRF,NWSA,141896.0,142304.0,-408.0,27.02,-11024.16
SPVM,MPC,7547.0,7502.0,45.0,244.87,11019.15
RSPD,RCL,19850.0,19890.0,-40.0,275.24,-11009.6
RSPD,APTV,93602.0,93792.0,-190.0,57.94,-11008.6
XSVM,ANDE,142786.0,142940.0,-154.0,71.45,-11003.300000000001
RPV,USB,160762.0,160960.0,-198.0,55.53,-10994.94
RWJ,RUSHA,125364.0,125212.0,152.0,72.31,10991.12
RSPN,NOC,16978.0,16998.0,-20.0,549.52,-10990.4
PKW,TMHC,71755.0,71938.0,-183.0,60.0,-10980.0
PRF,LNT,49013.0,49166.0,-153.0,71.76,-10979.28
PRF,MAS,47418.0,47571.0,-153.0,71.74,-10976.22
OMFL,NBIX,26729.0,26657.0,72.0,152.25,10962.0
DVVY,CVS,633.0,754.0,-121.0,90.55,-10956.55
QQQJ,VRSN,44882.0,44844.0,38.0,288.21,10951.98
PRF,OLN,153541.0,153949.0,-408.0,26.84,-10950.72
RZV,CCS,38375.0,38574.0,-199.0,55.01,-10946.99
PRF,RRX,18343.0,18394.0,-51.0,214.36,-10932.36
RPV,COP,78404.0,78500.0,-96.0,113.87,-10931.52
OMFL,LPLA,15446.0,15410.0,36.0,303.52,10926.72
RWL,DHI,104251.0,104177.0,74.0,147.63,10924.619999999999
XMVM,AN,35017.0,34964.0,53.0,205.97,10916.41
PBUS,CSCO,685383.0,685270.0,113.0,96.57,10912.41
XMVM,VLY,534926.0,534114.0,812.0,13.41,10888.92
RSPD,BBY,90070.0,90253.0,-183.0,59.4,-10870.199999999999
PRF,FAF,46413.0,46566.0,-153.0,71.04,-10869.12
OMFL,T,163924.0,163492.0,432.0,25.16,10869.12
SPVM,CVS,20280.0,20160.0,120.0,90.55,10866.0
GNOM,PACB,151435.0,143730.0,7705.0,1.41,10864.05
PRF,CMC,48026.0,48179.0,-153.0,70.96,-10856.88
RWL,LIN,31383.0,31361.0,22.0,493.16,10849.52
AIQ,NOK,4385933.0,4385087.0,846.0,12.82,10845.72
PRF,HSIC,46557.0,46710.0,-153.0,70.82,-10835.46
PRF,TAP,97126.0,97381.0,-255.0,42.41,-10814.55
RPG,ISRG,27204.0,27180.0,24.0,450.06,10801.44
QQQJ,MTSI,36703.0,36673.0,30.0,359.88,10796.4
RSPD,LOW,23040.0,23087.0,-47.0,229.2,-10772.4
RSPH,ZTS,99843.0,99713.0,130.0,82.83,10767.9
PRF,RGA,15899.0,15950.0,-51.0,210.6,-10740.6
PRF,FTI,52015.0,52168.0,-153.0,70.15,-10732.95
XSMO,RCUS,451684.0,451261.0,423.0,25.36,10727.28
RPV,PNW,88739.0,88847.0,-108.0,99.25,-10719.0
OMFL,BBY,68403.0,68223.0,180.0,59.4,10692.0
XSVM,VSH,289143.0,289455.0,-312.0,34.26,-10689.119999999999
PRF,CDW,28055.0,28157.0,-102.0,104.79,-10688.58
PRF,GPC,38225.0,38327.0,-102.0,104.72,-10681.44
PBUS,NFLX,735154.0,735032.0,122.0,87.49,10673.779999999999
PKW,MTG,158165.0,158564.0,-399.0,26.75,-10673.25
PRF,L,40666.0,40768.0,-102.0,104.5,-10659.0
IGPT,HUBS,10256.0,10202.0,54.0,197.34,10656.36
RZV,HTLD,155576.0,156382.0,-806.0,13.22,-10655.32
XSMO,HCSG,492279.0,491817.0,462.0,23.06,10653.72
SPVM,PSX,10397.0,10335.0,62.0,171.56,10636.72
XMVM,VC,61291.0,61198.0,93.0,114.35,10634.55
QQA,ADBE,10412.0,10370.0,42.0,253.04,10627.68
RWL,ABT,178373.0,178247.0,126.0,84.32,10624.32
PFM,JNJ,67166.0,67214.0,-48.0,221.32,-10623.36
OMFL,MKTX,26143.0,26071.0,72.0,147.53,10622.16
OMFL,PYPL,88272.0,88038.0,234.0,45.37,10616.58
AIQ,NXPI,192093.0,192057.0,36.0,294.75,10611.0
RSPD,LEN,58901.0,59021.0,-120.0,88.38,-10605.599999999999
PTH,CAPR,81307.0,80958.0,349.0,30.38,10602.619999999999
PRF,PANW,20211.0,20262.0,-51.0,207.88,-10601.88
LIT,LCID,986558.0,984886.0,1672.0,6.34,10600.48
PRF,MHK,31524.0,31626.0,-102.0,103.83,-10590.66
PBUS,LRCX,217912.0,217876.0,36.0,294.05,10585.800000000001
PRF,STE,13008.0,13059.0,-51.0,207.45,-10579.949999999999
RPV,SLB,161937.0,162135.0,-198.0,53.27,-10547.460000000001
RSPD,TPR,39111.0,39190.0,-79.0,133.48,-10544.92
PRF,RMD,11169.0,11220.0,-51.0,206.76,-10544.76
DVVY,CVX,285.0,343.0,-58.0,181.62,-10533.960000000001
PTH,ALMS,103752.0,103307.0,445.0,23.66,10528.7
IGPT,IOT,68204.0,67850.0,354.0,29.74,10527.96
XMVM,R,28853.0,28809.0,44.0,239.14,10522.16
PFM,V,46855.0,46888.0,-33.0,318.79,-10520.070000000002
PRF,ITT,10905.0,10956.0,-51.0,206.15,-10513.65
DWAS,ONDS,422202.0,423362.0,-1160.0,9.06,-10509.6
PRF,AN,19906.0,19957.0,-51.0,205.97,-10504.47
PGX,ONB,336750.0,336318.0,432.0,24.3,10497.6
RZV,LNC,56512.0,56805.0,-293.0,35.8,-10489.4
RSPD,AZO,1531.0,1534.0,-3.0,3496.19,-10488.57
RSPD,HD,16212.0,16245.0,-33.0,317.45,-10475.85
IGPT,U,71559.0,71187.0,372.0,28.16,10475.52
QYLG,AMD,11404.0,11427.0,-23.0,455.19,-10469.37
SPHD,KMI,2059243.0,2058910.0,333.0,31.41,10459.53
PRF,KKR,45554.0,45656.0,-102.0,102.52,-10457.039999999999
RZV,WGO,63429.0,63758.0,-329.0,31.75,-10445.75
SPVM,ALL,8322.0,8273.0,49.0,213.15,10444.35
DVVY,HON,244.0,195.0,49.0,213.12,10442.880000000001
PRF,PII,46250.0,46403.0,-153.0,68.24,-10440.72
RPV,ED,80032.0,80130.0,-98.0,106.31,-10418.380000000001
PSCH,LGND,13758.0,13711.0,47.0,221.41,10406.27
SPHD,EOG,482849.0,482769.0,80.0,130.03,10402.4
RZV,SAH,24789.0,24917.0,-128.0,81.2,-10393.6
RWL,OKE,173950.0,173828.0,122.0,85.16,10389.52
RWJ,PENN,510115.0,509495.0,620.0,16.74,10378.8
PTH,GILD,18339.0,18260.0,79.0,131.33,10375.070000000002
XSMO,MD,471533.0,471092.0,441.0,23.51,10367.91
SPVM,HPE,55829.0,55499.0,330.0,31.35,10345.5
RWL,PYPL,324546.0,324318.0,228.0,45.37,10344.359999999999
PRF,NXST,14929.0,14980.0,-51.0,202.79,-10342.289999999999
XMVM,PFGC,73179.0,73068.0,111.0,93.12,10336.32
QQA,SNPS,4894.0,4874.0,20.0,516.48,10329.6
RSPD,POOL,26973.0,27028.0,-55.0,187.77,-10327.35
RPV,OMC,108878.0,109012.0,-134.0,77.06,-10326.04
QYLG,AVGO,12026.0,12050.0,-24.0,430.0,-10320.0
PRF,FNF,74766.0,74970.0,-204.0,50.58,-10318.32
PGX,PBI,514650.0,513993.0,657.0,15.7,10314.9
RZV,AOSL,52458.0,52730.0,-272.0,37.9,-10308.8
PRF,RVTY,32026.0,32128.0,-102.0,101.0,-10302.0
PRF,KMX,85164.0,85419.0,-255.0,40.34,-10286.7
PRF,TWLO,25919.0,25970.0,-51.0,201.7,-10286.699999999999
PBUS,ABBV,306634.0,306583.0,51.0,201.55,10279.050000000001
RWJ,GNW,922512.0,921388.0,1124.0,9.13,10262.12
PRF,COIN,9889.0,9940.0,-51.0,201.16,-10259.16
IGPT,TTD,85610.0,85166.0,444.0,23.08,10247.519999999999
PRF,AES,258343.0,259057.0,-714.0,14.33,-10231.62
RPV,CB,25337.0,25369.0,-32.0,319.64,-10228.48
PRF,ABG,9988.0,10039.0,-51.0,200.39,-10219.89
RWL,TFC,296462.0,296254.0,208.0,49.11,10214.88
PRF,RSG,18776.0,18827.0,-51.0,200.02,-10201.02
RWL,DG,128987.0,128897.0,90.0,113.29,10196.1
RPV,XYZ,111174.0,111310.0,-136.0,74.85,-10179.599999999999
OMFL,EMR,28157.0,28085.0,72.0,141.31,10174.32
SPVM,KR,26171.0,26016.0,155.0,65.64,10174.2
QQQJ,UTHR,21448.0,21430.0,18.0,564.94,10168.920000000002
QQA,CDNS,7046.0,7018.0,28.0,362.7,10155.6
PRF,AJG,19016.0,19067.0,-51.0,198.87,-10142.37
OMFL,MLI,25163.0,25091.0,72.0,140.83,10139.76
SPHQ,POOL,64190.0,64244.0,-54.0,187.77,-10139.58
RZV,KSS,135006.0,135705.0,-699.0,14.5,-10135.5
XMVM,WBS,91450.0,91311.0,139.0,72.91,10134.49
PRF,DVA,17857.0,17908.0,-51.0,198.65,-10131.15
OMFL,ACGL,42032.0,41924.0,108.0,93.8,10130.4
RZV,LGIH,41929.0,42146.0,-217.0,46.67,-10127.390000000001
PRF,PNW,32785.0,32887.0,-102.0,99.25,-10123.5
PRF,SJM,44918.0,45020.0,-102.0,99.25,-10123.5
RPV,XOM,57174.0,57244.0,-70.0,144.57,-10119.9
RWJ,NWL,1829673.0,1827445.0,2228.0,4.54,10115.12
PBUS,BAC,1188754.0,1188557.0,197.0,51.31,10108.07
RZV,UPBD,103804.0,104342.0,-538.0,18.78,-10103.640000000001
RPV,BALL,140471.0,140643.0,-172.0,58.52,-10065.44
PNQI,SE,67226.0,67342.0,-116.0,86.73,-10060.68
PRF,INCY,39642.0,39744.0,-102.0,98.56,-10053.12
PSCH,APLS,71642.0,71397.0,245.0,41.03,10052.35
RWL,PSKY,1289378.0,1288472.0,906.0,11.09,10047.539999999999
RWL,LYB,198556.0,198416.0,140.0,71.76,10046.400000000001
OMFL,HSY,23077.0,23023.0,54.0,185.94,10040.76
RZV,DLX,72710.0,73087.0,-377.0,26.58,-10020.66
RSPH,PODD,50057.0,49992.0,65.0,154.16,10020.4
XMVM,FAF,92942.0,92801.0,141.0,71.04,10016.640000000001
PRF,DOC,188507.0,189017.0,-510.0,19.64,-10016.4
PBUS,AMAT,137574.0,137551.0,23.0,435.44,10015.12
PRF,ORI,90759.0,91014.0,-255.0,39.26,-10011.3
PRF,DRI,19965.0,20016.0,-51.0,196.23,-10007.73
OMFL,NYT,46104.0,45978.0,126.0,79.41,10005.66
XMVM,ZION,105581.0,105421.0,160.0,62.5,10000.0
PBUS,CVX,331867.0,331812.0,55.0,181.62,9989.1
RZV,DXC,204361.0,205420.0,-1059.0,9.43,-9986.369999999999
XMVM,UBSI,151422.0,151192.0,230.0,43.41,9984.3
PRF,HAS,33975.0,34077.0,-102.0,97.78,-9973.56
OMFL,MDLZ,60519.0,60357.0,162.0,61.55,9971.1
RWJ,CC,353740.0,353308.0,432.0,23.04,9953.279999999999
RWL,AMGN,43258.0,43228.0,30.0,331.7,9951.0
OMFL,NRG,26069.0,25997.0,72.0,138.11,9943.920000000002
RSPD,MCD,17492.0,17528.0,-36.0,275.75,-9927.0
PTH,COR,8818.0,8780.0,38.0,261.08,9921.039999999999
SPVM,C,13380.0,13301.0,79.0,125.55,9918.449999999999
RWL,MA,28896.0,28876.0,20.0,495.48,9909.6
DWAS,LASR,48958.0,49092.0,-134.0,73.91,-9903.939999999999
OMFL,NOC,4250.0,4232.0,18.0,549.52,9891.36
RWL,NOC,25473.0,25455.0,18.0,549.52,9891.36
PBUS,UNH,157157.0,157131.0,26.0,379.98,9879.48
PKW,STNG,45970.0,46087.0,-117.0,84.41,-9875.97
XMVM,UNM,80177.0,80055.0,122.0,80.88,9867.359999999999
PKW,MATX,21205.0,21259.0,-54.0,182.72,-9866.88
RZV,AESI,101724.0,102251.0,-527.0,18.71,-9860.17
OMFL,BAM,75248.0,75050.0,198.0,49.76,9852.48
OMFL,DVN,81285.0,81069.0,216.0,45.61,9851.76
XSVM,PARR,142012.0,142165.0,-153.0,64.37,-9848.61
PTH,PTGX,23139.0,23040.0,99.0,99.36,9836.64
DWAS,NKTR,43622.0,43742.0,-120.0,81.89,-9826.8
RZV,ABG,9442.0,9491.0,-49.0,200.39,-9819.109999999999
PRF,NOV,185659.0,186169.0,-510.0,19.25,-9817.5
PBUS,PG,405406.0,405339.0,67.0,146.42,9810.14
PRF,ACI,227017.0,227629.0,-612.0,16.02,-9804.24
XMVM,FNB,360548.0,360001.0,547.0,17.9,9791.3
IGPT,DOCU,38943.0,38739.0,204.0,47.9,9771.6
RZV,TPH,40088.0,40296.0,-208.0,46.95,-9765.6
SPVM,UAL,16551.0,16453.0,98.0,99.58,9758.84
PRF,DOX,46526.0,46679.0,-153.0,63.75,-9753.75
PKW,CNX,108477.0,108750.0,-273.0,35.72,-9751.56
RPV,APTV,137697.0,137865.0,-168.0,57.94,-9733.92
RWL,LEN,156785.0,156675.0,110.0,88.38,9721.8
PTH,KOD,55157.0,54920.0,237.0,41.01,9719.369999999999
PSCH,RDNT,48693.0,48526.0,167.0,58.19,9717.73
PRF,THC,13857.0,13908.0,-51.0,190.38,-9709.38
PTH,ANAB,32671.0,32531.0,140.0,69.33,9706.199999999999
RWL,SMCI,391504.0,391230.0,274.0,35.37,9691.38
RWL,DUK,110055.0,109977.0,78.0,124.17,9685.26
QQQJ,FSLR,52518.0,52474.0,44.0,219.95,9677.8
RPV,BIIB,40372.0,40422.0,-50.0,193.45,-9672.5
SPVM,T,64860.0,64476.0,384.0,25.16,9661.44
PRF,DAR,59116.0,59269.0,-153.0,63.12,-9657.359999999999
RSPD,NCLH,278138.0,278703.0,-565.0,17.08,-9650.199999999999
PRF,ELAN,138083.0,138491.0,-408.0,23.65,-9649.199999999999
RWL,ETN,34222.0,34198.0,24.0,401.51,9636.24
人工智能与机器人botz,SERV,556167.0,555069.0,1098.0,8.77,9629.46
PRF,PSKY,307666.0,308533.0,-867.0,11.09,-9615.03
AIQ,DDOG,248581.0,248533.0,48.0,200.16,9607.68
PBUS,ORCL,298975.0,298926.0,49.0,195.95,9601.55
RZV,GO,225957.0,227128.0,-1171.0,8.19,-9590.49
QQQJ,MDB,39836.0,39804.0,32.0,299.47,9583.04
PRF,PAYX,39143.0,39245.0,-102.0,93.93,-9580.86
PRF,KIM,140664.0,141072.0,-408.0,23.48,-9579.84
DWAS,PRAX,10655.0,10684.0,-29.0,330.02,-9570.58
OMFL,WAB,14261.0,14225.0,36.0,265.71,9565.56
PRF,ZION,60575.0,60728.0,-153.0,62.5,-9562.5
PRF,DGX,24030.0,24081.0,-51.0,187.39,-9556.89
RWL,SW,327754.0,327524.0,230.0,41.55,9556.5
RWJ,VSNT,190266.0,190034.0,232.0,41.14,9544.48
RPV,PNC,35786.0,35830.0,-44.0,216.85,-9541.4
RZV,CRI,52044.0,52314.0,-270.0,35.33,-9539.1
RPV,OKE,91974.0,92086.0,-112.0,85.16,-9537.92
RPV,TRV,26521.0,26553.0,-32.0,298.04,-9537.28
QQA,MAR,6765.0,6738.0,27.0,353.18,9535.86
XMVM,ESNT,99406.0,99255.0,151.0,63.13,9532.630000000001
PRF,CHD,35141.0,35243.0,-102.0,93.44,-9530.88
RSPE,GOOG,439.0,415.0,24.0,397.05,9529.2
XMVM,CNO,136575.0,136368.0,207.0,46.02,9526.140000000001
RPV,UHS,46357.0,46413.0,-56.0,169.96,-9517.76
PRF,HSY,19312.0,19363.0,-51.0,185.94,-9482.94
RWJ,JXN,67931.0,67847.0,84.0,112.78,9473.52
PKW,ESNT,59252.0,59402.0,-150.0,63.13,-9469.5
OMFL,LPX,48653.0,48527.0,126.0,75.15,9468.900000000001
PRF,SCCO,9848.0,9899.0,-51.0,185.29,-9449.789999999999
RWL,MDT,176916.0,176792.0,124.0,76.15,9442.6
OMFL,CART,92217.0,91983.0,234.0,40.35,9441.9
QQQJ,NTAP,96563.0,96483.0,80.0,118.0,9440.0
RZV,ZD,44402.0,44632.0,-230.0,41.02,-9434.6
PRF,MUR,94310.0,94565.0,-255.0,36.98,-9429.9
RZV,LEG,180372.0,181307.0,-935.0,10.06,-9406.1
QQQJ,EXE,117667.0,117569.0,98.0,95.94,9402.119999999999
PRF,AMR,9244.0,9295.0,-51.0,184.11,-9389.61
QQQJ,ULTA,21714.0,21696.0,18.0,521.58,9388.44
RSPD,ULTA,8716.0,8734.0,-18.0,521.58,-9388.44
PRF,AVB,25069.0,25120.0,-51.0,184.08,-9388.08
QQQJ,ARGX,13886.0,13874.0,12.0,782.17,9386.039999999999
RSPD,DPZ,14460.0,14489.0,-29.0,323.48,-9380.92
PKW,YOU,65196.0,65361.0,-165.0,56.81,-9373.65
PKW,RDN,97602.0,97848.0,-246.0,38.06,-9362.76
PRF,LSTR,14361.0,14412.0,-51.0,183.39,-9352.89
OMFL,VZ,75753.0,75555.0,198.0,47.22,9349.56
XSVM,SAH,106486.0,106601.0,-115.0,81.2,-9338.0
RWL,BKR,208639.0,208493.0,146.0,63.89,9327.94
QQQJ,JBHT,46299.0,46261.0,38.0,245.4,9325.2
PRF,MATX,15625.0,15676.0,-51.0,182.72,-9318.72
PRF,PTEN,296423.0,297239.0,-816.0,11.42,-9318.72
RSPD,LULU,34940.0,35011.0,-71.0,131.18,-9313.78
OMFL,CTSH,69650.0,69470.0,180.0,51.68,9302.4
PRF,NOW,29859.0,29961.0,-102.0,91.18,-9300.36
QQA,CMCSA,91606.0,91240.0,366.0,25.4,9296.4
PRF,WSM,13754.0,13805.0,-51.0,182.1,-9287.1
OMFL,CRUS,19789.0,19735.0,54.0,171.67,9270.179999999998
DWAS,ENVA,19164.0,19217.0,-53.0,174.9,-9269.7
DTCR,WYFI,235986.0,235550.0,436.0,21.25,9265.0
RZV,IAC,40612.0,40822.0,-210.0,44.06,-9252.6
XSVM,DCH,1291040.0,1292433.0,-1393.0,6.64,-9249.52
PKW,BYD,43149.0,43257.0,-108.0,85.64,-9249.12
PRF,FTV,60454.0,60607.0,-153.0,60.43,-9245.789999999999
RWJ,DCH,1141757.0,1140365.0,1392.0,6.64,9242.88
RWJ,VSAT,108419.0,108287.0,132.0,70.01,9241.320000000002
SPVM,CFG,24539.0,24394.0,145.0,63.73,9240.85
RZV,FOXF,100220.0,100739.0,-519.0,17.8,-9238.2
XMVM,WCC,17242.0,17216.0,26.0,355.31,9238.06
RWJ,SNDR,245931.0,245631.0,300.0,30.75,9225.0
PRF,ATO,22236.0,22287.0,-51.0,180.87,-9224.37
RWJ,VSCO,158085.0,157893.0,192.0,48.04,9223.68
SPVM,GL,10346.0,10285.0,61.0,151.08,9215.880000000001
PBUS,HD,172721.0,172692.0,29.0,317.45,9206.05
PTH,DNTH,24697.0,24591.0,106.0,86.71,9191.26
OMFL,VMI,5978.0,5960.0,18.0,510.55,9189.9
RSPD,NKE,102120.0,102328.0,-208.0,44.14,-9181.12
PRF,TMHC,48641.0,48794.0,-153.0,60.0,-9180.0
RPV,ES,111851.0,111989.0,-138.0,66.51,-9178.380000000001
PBUS,KO,708882.0,708765.0,117.0,78.42,9175.14
OMFL,CPNG,209864.0,209324.0,540.0,16.98,9169.2
PTH,INCY,21739.0,21646.0,93.0,98.56,9166.08
PRF,ST,67682.0,67886.0,-204.0,44.93,-9165.72
PRF,AR,83559.0,83814.0,-255.0,35.94,-9164.699999999999
QYLG,META,7482.0,7497.0,-15.0,609.63,-9144.45
PRF,LNC,90143.0,90398.0,-255.0,35.8,-9129.0
SPVM,STT,10228.0,10167.0,61.0,149.49,9118.890000000001
PBUS,PLTR,396324.0,396258.0,66.0,137.8,9094.800000000001
PRF,BXP,51231.0,51384.0,-153.0,59.43,-9092.789999999999
RWJ,SIG,86931.0,86827.0,104.0,87.3,9079.199999999999
PFM,COST,12371.0,12380.0,-9.0,1008.79,-9079.11
XMVM,HWC,86831.0,86699.0,132.0,68.76,9076.320000000002
PRF,NDAQ,42601.0,42703.0,-102.0,88.91,-9068.82
GRPM,DOCS,134823.0,135172.0,-349.0,25.98,-9067.02
PRF,CRL,9741.0,9792.0,-51.0,177.62,-9058.62
RZV,NSIT,20760.0,20868.0,-108.0,83.79,-9049.320000000002
SPVM,TFC,31031.0,30847.0,184.0,49.11,9036.24
IQSZ,AVGO,3317.0,3296.0,21.0,430.0,9030.0
RWJ,LYFT,517045.0,516417.0,628.0,14.35,9011.8
XSMO,ARI,873837.0,873018.0,819.0,11.0,9009.0
QYLG,WMT,34213.0,34282.0,-69.0,130.43,-8999.67
SPVM,VICI,52722.0,52410.0,312.0,28.84,8998.08
SPVM,IVZ,55130.0,54804.0,326.0,27.59,8994.34
PRF,EFX,11049.0,11100.0,-51.0,175.83,-8967.33
XMVM,UMBF,45033.0,44965.0,68.0,131.36,8932.480000000001
PKW,WEX,25483.0,25546.0,-63.0,141.64,-8923.32
XMVM,ONB,241643.0,241276.0,367.0,24.3,8918.1
PBUS,GE,182998.0,182968.0,30.0,297.15,8914.5
PRF,BFH,29648.0,29750.0,-102.0,87.34,-8908.68
XMVM,COLB,195346.0,195050.0,296.0,30.04,8891.84
PKW,FBIN,92702.0,92936.0,-234.0,37.98,-8887.32
QQQJ,WWD,29172.0,29148.0,24.0,369.93,8878.32
QYLG,INTC,34898.0,34969.0,-71.0,124.92,-8869.32
OMFL,HUBB,8876.0,8858.0,18.0,492.58,8866.44
RWJ,URBN,103443.0,103319.0,124.0,71.5,8866.0
SPVM,AIG,19652.0,19536.0,116.0,76.36,8857.76
RPV,HII,22043.0,22071.0,-28.0,316.28,-8855.84
OMFL,FCN,19322.0,19268.0,54.0,163.9,8850.6
RZV,WERN,46985.0,47228.0,-243.0,36.42,-8850.060000000001
PRF,DAN,87543.0,87798.0,-255.0,34.7,-8848.5
RWL,NRG,91544.0,91480.0,64.0,138.11,8839.04
RZV,PENN,101875.0,102403.0,-528.0,16.74,-8838.72
QQQJ,RPRX,209652.0,209478.0,174.0,50.79,8837.46
RZV,PEB,115850.0,116450.0,-600.0,14.72,-8832.0
XMVM,OSK,42262.0,42198.0,64.0,137.97,8830.08
SPVM,MET,19028.0,18915.0,113.0,78.08,8823.039999999999
RWL,LRCX,41844.0,41814.0,30.0,294.05,8821.5
XMVM,BYD,67794.0,67691.0,103.0,85.64,8820.92
GXPC,TTWO,2278.0,2238.0,40.0,220.45,8818.0
RWL,SO,136272.0,136176.0,96.0,91.8,8812.8
PRF,MNST,41326.0,41428.0,-102.0,86.29,-8801.58
QQQJ,ILMN,74808.0,74746.0,62.0,141.88,8796.56
PRF,INVH,109568.0,109874.0,-306.0,28.73,-8791.380000000001
PRF,FHN,124148.0,124505.0,-357.0,24.61,-8785.77
RWJ,MCY,73679.0,73591.0,88.0,99.67,8770.960000000001
PRF,VRSK,12805.0,12856.0,-51.0,171.87,-8765.37
RZV,UAA,263020.0,264383.0,-1363.0,6.43,-8764.09
RZV,ABM,42079.0,42297.0,-218.0,40.2,-8763.6
RWJ,MYRG,14832.0,14812.0,20.0,437.86,8757.2
DWAS,LWLG,193985.0,194518.0,-533.0,16.43,-8757.19
PRF,CRUS,14247.0,14298.0,-51.0,171.67,-8755.17
PRF,VSH,94351.0,94606.0,-255.0,34.26,-8736.3
QQA,ADP,10279.0,10238.0,41.0,212.995,8732.795
OMFL,CINF,17910.0,17856.0,54.0,161.5,8721.0
RWL,HIG,93253.0,93187.0,66.0,132.02,8713.320000000002
RPV,HIG,54185.0,54251.0,-66.0,132.02,-8713.320000000002
PKW,CROX,33581.0,33665.0,-84.0,103.63,-8704.92
XMVM,THG,30094.0,30048.0,46.0,189.14,8700.439999999999
PSCH,MMSI,41447.0,41305.0,142.0,61.27,8700.34
RPV,PHM,59930.0,60004.0,-74.0,117.55,-8698.699999999999
RWL,XYZ,166052.0,165936.0,116.0,74.85,8682.599999999999
PKW,AB,88129.0,88351.0,-222.0,39.11,-8682.42
RZV,VSNT,40637.0,40848.0,-211.0,41.14,-8680.54
RWL,BLK,11620.0,11612.0,8.0,1084.83,8678.64
SPVM,L,14058.0,13975.0,83.0,104.5,8673.5
QQA,FTNT,18886.0,18810.0,76.0,114.07,8669.32
PRF,UHS,24594.0,24645.0,-51.0,169.96,-8667.960000000001
PRF,NVT,20387.0,20438.0,-51.0,169.95,-8667.449999999999
RZV,CZR,59730.0,60039.0,-309.0,28.04,-8664.36
RZV,SMP,41319.0,41533.0,-214.0,40.4,-8645.6
IQSZ,JNJ,6181.0,6142.0,39.0,221.32,8631.48
QQA,MNST,24976.0,24876.0,100.0,86.29,8629.0
PSCH,CPRX,80769.0,80492.0,277.0,31.15,8628.55
SPVM,AIZ,6061.0,6025.0,36.0,239.67,8628.119999999999
RZV,FMC,124094.0,124737.0,-643.0,13.4,-8616.2
DWAS,ALMS,132577.0,132941.0,-364.0,23.66,-8612.24
XSMO,HTH,244334.0,244106.0,228.0,37.76,8609.279999999999
PRF,ALGN,18891.0,18942.0,-51.0,168.78,-8607.78
OMFL,TTC,33178.0,33088.0,90.0,95.5,8595.0
RWL,LUV,297453.0,297245.0,208.0,41.31,8592.48
RPV,CPB,336377.0,336789.0,-412.0,20.84,-8586.08
PRF,CZR,105194.0,105500.0,-306.0,28.04,-8580.24
PKW,ALK,83320.0,83530.0,-210.0,40.84,-8576.400000000001
QQQJ,AKAM,70881.0,70823.0,58.0,147.71,8567.18
AIQ,HUT,447810.0,447723.0,87.0,98.46,8566.019999999999
RPV,DHI,47203.0,47261.0,-58.0,147.63,-8562.539999999999
QQQJ,SMCI,293071.0,292829.0,242.0,35.37,8559.539999999999
QQQJ,ASTS,138963.0,138849.0,114.0,75.05,8555.699999999999
SPVM,USB,26048.0,25894.0,154.0,55.53,8551.62
XSMO,HMN,206151.0,205959.0,192.0,44.51,8545.92
XMHQ,MZTI,123338.0,123263.0,75.0,113.69,8526.75
QQA,CSX,47473.0,47283.0,190.0,44.83,8517.699999999999
PRF,CTAS,24820.0,24871.0,-51.0,166.97,-8515.47
RWL,CEG,39610.0,39582.0,28.0,303.63,8501.64
QQQJ,FWONK,109654.0,109564.0,90.0,94.45,8500.5
SPVM,RF,51849.0,51542.0,307.0,27.63,8482.41
RWJ,BCC,97085.0,96965.0,120.0,70.67,8480.4
RWL,MAR,35575.0,35551.0,24.0,353.18,8476.32
RZV,KALU,9131.0,9178.0,-47.0,180.33,-8475.51
OMFL,KO,41472.0,41364.0,108.0,78.42,8469.36
RWL,PCAR,106772.0,106698.0,74.0,114.31,8458.94
XMVM,NLY,246377.0,246003.0,374.0,22.61,8456.14
XSVM,GIII,246226.0,246492.0,-266.0,31.77,-8450.82
PRF,LBRT,86764.0,87019.0,-255.0,33.11,-8443.05
RWL,CCL,454740.0,454420.0,320.0,26.38,8441.6
XSVM,ADNT,343358.0,343728.0,-370.0,22.78,-8428.6
PBUS,GS,52042.0,52033.0,9.0,936.48,8428.32
PTH,CGON,28079.0,27958.0,121.0,69.62,8424.02
PFM,MA,24674.0,24691.0,-17.0,495.48,-8423.16
RPV,PFE,268083.0,268411.0,-328.0,25.68,-8423.039999999999
PTH,ERAS,193869.0,193037.0,832.0,10.12,8419.84
OMFL,SWKS,48466.0,48340.0,126.0,66.78,8414.28
XSVM,GNW,853807.0,854728.0,-921.0,9.13,-8408.730000000001
PRF,MIDD,12215.0,12266.0,-51.0,164.67,-8398.17
PKW,ENVA,18389.0,18437.0,-48.0,174.9,-8395.2
RWL,NEE,128454.0,128364.0,90.0,93.1,8379.0
XMVM,JHG,106980.0,106818.0,162.0,51.69,8373.779999999999
OMFL,BJ,34073.0,33983.0,90.0,92.97,8367.3
PRF,DASH,12441.0,12492.0,-51.0,163.93,-8360.43
PRF,CRBG,104117.0,104423.0,-306.0,27.31,-8356.859999999999
XMVM,IBOC,75294.0,75180.0,114.0,73.27,8352.779999999999
SPVM,TRV,4726.0,4698.0,28.0,298.04,8345.12
XSVM,SCHL,192606.0,192814.0,-208.0,40.1,-8340.800000000001
PRF,AVY,16146.0,16197.0,-51.0,163.51,-8339.01
PRF,BC,41697.0,41799.0,-102.0,81.71,-8334.42
RWL,SCHW,132464.0,132370.0,94.0,88.61,8329.34
DWAS,AMRX,229719.0,230350.0,-631.0,13.2,-8329.199999999999
RWJ,RHI,253250.0,252942.0,308.0,27.03,8325.24
PBUS,GEV,47075.0,47067.0,8.0,1040.15,8321.2
SPVM,CB,4336.0,4310.0,26.0,319.64,8310.64
PSCH,OGN,181742.0,181120.0,622.0,13.35,8303.699999999999
RPV,KDP,233996.0,234284.0,-288.0,28.83,-8303.039999999999
PRF,SIRI,119415.0,119721.0,-306.0,27.1,-8292.6
RPV,FITB,136966.0,137134.0,-168.0,49.33,-8287.44
PRF,CMG,86294.0,86549.0,-255.0,32.49,-8284.95
QQQJ,ROIV,350186.0,349896.0,290.0,28.56,8282.4
XMVM,ENS,23496.0,23460.0,36.0,229.82,8273.52
XMVM,WAL,66352.0,66251.0,101.0,81.9,8271.900000000001
RPV,EXC,153941.0,154129.0,-188.0,43.91,-8255.08
PRF,UGI,84818.0,85073.0,-255.0,32.32,-8241.6
RWJ,LW,162360.0,162164.0,196.0,42.01,8233.96
RZV,GPI,4418.0,4441.0,-23.0,357.83,-8230.09
PTH,ENSG,11210.0,11162.0,48.0,171.45,8229.599999999999
QQQJ,CHRW,58051.0,58003.0,48.0,171.39,8226.72
PRF,CC,129981.0,130338.0,-357.0,23.04,-8225.279999999999
RWJ,GO,823997.0,822993.0,1004.0,8.19,8222.76
XMVM,NJR,97798.0,97650.0,148.0,55.55,8221.4
PRF,ACM,27662.0,27764.0,-102.0,80.59,-8220.18
DWAS,WULF,127779.0,128130.0,-351.0,23.39,-8209.89
RPV,DIS,61180.0,61256.0,-76.0,108.02,-8209.52
OMFL,YUM,19273.0,19219.0,54.0,151.95,8205.3
QQQJ,IREN,162546.0,162412.0,134.0,61.2,8200.800000000001
PTH,LGND,8508.0,8471.0,37.0,221.41,8192.17
XSVM,SCSC,165129.0,165307.0,-178.0,45.9,-8170.2
OMFL,ROK,4924.0,4906.0,18.0,453.89,8170.0199999999995
QQA,MELI,1292.0,1287.0,5.0,1632.52,8162.6
OMFL,FOX,53221.0,53077.0,144.0,56.6,8150.400000000001
FDIQ,USD,41335.42,41420.88,-85.46,95.3,-8144.337999999999
RWL,GILD,89554.0,89492.0,62.0,131.33,8142.460000000001
XMVM,MTG,200554.0,200250.0,304.0,26.75,8132.0
DWAS,AROC,80180.0,80400.0,-220.0,36.96,-8131.2
QQQJ,RGLD,41500.0,41466.0,34.0,238.91,8122.94
PRF,JEF,53341.0,53494.0,-153.0,52.98,-8105.94
OMFL,ISRG,8583.0,8565.0,18.0,450.06,8101.08
RWL,AIG,152320.0,152214.0,106.0,76.36,8094.16
PTH,KYMR,21807.0,21713.0,94.0,86.08,8091.5199999999995
PRF,IT,11695.0,11746.0,-51.0,158.65,-8091.150000000001
PFM,CAT,12969.0,12978.0,-9.0,897.45,-8077.05
SPVM,DELL,5182.0,5151.0,31.0,260.46,8074.259999999999
RWL,STT,76025.0,75971.0,54.0,149.49,8072.460000000001
PRF,CCL,101192.0,101498.0,-306.0,26.38,-8072.28
PNQI,TWLO,23398.0,23438.0,-40.0,201.7,-8068.0
QQA,MDLZ,32725.0,32594.0,131.0,61.55,8063.049999999999
RWL,TXN,39486.0,39458.0,28.0,287.8,8058.400000000001
PKW,FHI,56583.0,56727.0,-144.0,55.95,-8056.8
PRF,LAMR,12363.0,12414.0,-51.0,157.93,-8054.43
XSVM,UFCS,154426.0,154593.0,-167.0,48.22,-8052.74
RWL,KHC,478159.0,477823.0,336.0,23.96,8050.56
OMFL,BKR,47976.0,47850.0,126.0,63.89,8050.14
XMVM,WTFC,35144.0,35091.0,53.0,151.64,8036.919999999999
OMFL,FIVE,10490.0,10454.0,36.0,223.13,8032.68
XMVM,ARMK,117197.0,117019.0,178.0,45.08,8024.24
SPVM,PNC,6199.0,6162.0,37.0,216.85,8023.45
RZV,CRSR,196072.0,197088.0,-1016.0,7.88,-8006.08
PRF,UNFI,60120.0,60273.0,-153.0,52.32,-8004.96
QQA,MPWR,1254.0,1249.0,5.0,1600.84,8004.2
XSMO,WOR,158102.0,157955.0,147.0,54.44,8002.679999999999
OMFL,GNTX,132146.0,131804.0,342.0,23.39,7999.38
PKW,CACC,5850.0,5865.0,-15.0,533.15,-7997.25
QQA,ORLY,21402.0,21316.0,86.0,92.96,7994.5599999999995
DWAS,ERAS,287021.0,287810.0,-789.0,10.12,-7984.679999999999
XSVM,DAN,213347.0,213577.0,-230.0,34.7,-7981.000000000001
XSVM,AHCO,654578.0,655284.0,-706.0,11.3,-7977.8
DWAS,NBN,23240.0,23304.0,-64.0,124.65,-7977.6
人工智能与机器人botz,EH,391809.0,391035.0,774.0,10.3,7972.200000000001
OMFL,DHI,21961.0,21907.0,54.0,147.63,7972.0199999999995
XMVM,ASB,184155.0,183876.0,279.0,28.55,7965.45
RWJ,PRIM,61771.0,61695.0,76.0,104.8,7964.8
RWL,BKNG,69053.0,69005.0,48.0,165.93,7964.64
DWAS,AAMI,42277.0,42393.0,-116.0,68.63,-7961.08
PKW,CRC,53386.0,53521.0,-135.0,58.92,-7954.2
RWJ,VSH,191078.0,190846.0,232.0,34.26,7948.32
GNOM,FLGT,11030.0,10532.0,498.0,15.96,7948.080000000001
RWL,UNP,43293.0,43263.0,30.0,264.65,7939.499999999999
XSVM,KALU,41232.0,41276.0,-44.0,180.33,-7934.52
PGX,FULT,290340.0,289971.0,369.0,21.5,7933.5
SPVM,HIG,10121.0,10061.0,60.0,132.02,7921.200000000001
RZV,AAP,27141.0,27282.0,-141.0,56.15,-7917.15
PRF,REG,32478.0,32580.0,-102.0,77.59,-7914.18
PTH,LQDA,43616.0,43429.0,187.0,42.3,7910.099999999999
PBUS,MRK,430610.0,430539.0,71.0,111.38,7907.98
PTH,TYRA,53527.0,53297.0,230.0,34.32,7893.6
RWL,FCX,181195.0,181067.0,128.0,61.65,7891.2
PKW,SAIC,33171.0,33255.0,-84.0,93.93,-7890.120000000001
PRF,SON,47738.0,47891.0,-153.0,51.56,-7888.68
PTH,SLS,366760.0,365186.0,1574.0,5.01,7885.74
QQQJ,INCY,97377.0,97297.0,80.0,98.56,7884.8
PRF,THO,33310.0,33412.0,-102.0,77.2,-7874.400000000001
PKW,HRB,84737.0,84950.0,-213.0,36.96,-7872.4800000000005
PRF,RJF,26649.0,26700.0,-51.0,154.33,-7870.830000000001
PKW,CNO,67128.0,67299.0,-171.0,46.02,-7869.420000000001
XSMO,DCH,1265198.0,1264013.0,1185.0,6.64,7868.4
PKW,FCN,18690.0,18738.0,-48.0,163.9,-7867.200000000001
AIQ,TWLO,195383.0,195344.0,39.0,201.7,7866.299999999999
PRF,VAC,27706.0,27808.0,-102.0,77.12,-7866.240000000001
QQA,REGN,2657.0,2646.0,11.0,714.89,7863.79
PNQI,ZM,41072.0,41144.0,-72.0,109.21,-7863.12
XMVM,AGCO,44420.0,44353.0,67.0,117.34,7861.780000000001
IQSZ,JPM,4129.0,4103.0,26.0,302.1,7854.6
RWL,LYV,67426.0,67378.0,48.0,163.28,7837.4400000000005
RWL,MRSH,68880.0,68832.0,48.0,163.25,7836.0
SPVM,HBAN,82207.0,81721.0,486.0,16.12,7834.320000000001
DWAS,LINC,63841.0,64016.0,-175.0,44.75,-7831.25
XMVM,ALLY,116873.0,116696.0,177.0,44.24,7830.4800000000005
IGPT,SLAB,6414.0,6378.0,36.0,217.45,7828.2
RWJ,MTH,97852.0,97732.0,120.0,65.16,7819.2
PTH,ORKA,28285.0,28164.0,121.0,64.59,7815.39
XSVM,EZPW,216320.0,216553.0,-233.0,33.54,-7814.82
PRF,AMKR,43043.0,43145.0,-102.0,76.61,-7814.22
RWL,JCI,78881.0,78825.0,56.0,139.52,7813.120000000001
SPVM,CVX,7234.0,7191.0,43.0,181.62,7809.66
OMFL,XOM,22135.0,22081.0,54.0,144.57,7806.78
RPV,BAC,123297.0,123449.0,-152.0,51.31,-7799.120000000001
QQQJ,FFIV,27650.0,27628.0,22.0,354.03,7788.66
OMFL,BMRN,57647.0,57503.0,144.0,54.06,7784.64
RZV,JXN,13377.0,13446.0,-69.0,112.78,-7781.82
AIQ,SNOW,261447.0,261396.0,51.0,152.45,7774.95
PTH,EWTX,51147.0,50927.0,220.0,35.32,7770.4
PRF,NBIX,10564.0,10615.0,-51.0,152.25,-7764.75
XSMO,HCI,55869.0,55818.0,51.0,152.24,7764.240000000001
RPV,WBD,232958.0,233244.0,-286.0,27.11,-7753.46
RWL,CARR,164384.0,164268.0,116.0,66.83,7752.28
PKW,ADT,445851.0,446979.0,-1128.0,6.87,-7749.36
DWAS,AIP,88273.0,88516.0,-243.0,31.86,-7741.98
PRF,WTFC,11298.0,11349.0,-51.0,151.64,-7733.639999999999
OMFL,INGR,26408.0,26336.0,72.0,107.39,7732.08
PTH,SYRE,24088.0,23985.0,103.0,75.045,7729.635
PRF,HP,71274.0,71478.0,-204.0,37.78,-7707.12
PRF,GL,14873.0,14924.0,-51.0,151.08,-7705.080000000001
OMFL,BLD,10051.0,10033.0,18.0,428.03,7704.539999999999
PBUS,PM,270072.0,270027.0,45.0,170.99,7694.55
QQQJ,EVRG,112670.0,112576.0,94.0,81.78,7687.32
OMFL,KEX,19314.0,19260.0,54.0,142.24,7680.960000000001
RWL,ROST,47451.0,47417.0,34.0,225.81,7677.54
RZV,MNRO,83639.0,84072.0,-433.0,17.72,-7672.759999999999
RZV,PRG,40692.0,40903.0,-211.0,36.34,-7667.740000000001
QQA,NXPI,6454.0,6428.0,26.0,294.75,7663.5
RWL,HAL,273947.0,273755.0,192.0,39.83,7647.36
PSCH,VCYT,55259.0,55070.0,189.0,40.42,7639.38
OMFL,MEDP,7281.0,7263.0,18.0,424.0,7632.0
PRF,OTIS,41545.0,41647.0,-102.0,74.82,-7631.639999999999
PRF,BR,10191.0,10242.0,-51.0,149.5,-7624.5
XSMO,ANIP,98739.0,98646.0,93.0,81.86,7612.98
XSVM,BHE,82797.0,82886.0,-89.0,85.51,-7610.39
PNQI,CPNG,257950.0,258398.0,-448.0,16.98,-7607.04
PRF,ENTG,18804.0,18855.0,-51.0,149.11,-7604.610000000001
XMVM,FHN,203855.0,203546.0,309.0,24.61,7604.49
XMVM,TCBI,50020.0,49944.0,76.0,99.96,7596.959999999999
RWJ,PSMT,40260.0,40212.0,48.0,158.26,7596.48
XSVM,LPG,174075.0,174263.0,-188.0,40.29,-7574.5199999999995
GNOM,MYGN,48961.0,47196.0,1765.0,4.29,7571.85
OMFL,SPGI,6846.0,6828.0,18.0,420.12,7562.16
PRF,WPC,43481.0,43583.0,-102.0,74.1,-7558.2
QQQJ,NXT,72637.0,72577.0,60.0,125.91,7554.599999999999
QQQJ,AFRM,143074.0,142956.0,118.0,64.01,7553.18
XSVM,LBRT,211533.0,211761.0,-228.0,33.11,-7549.08
RPV,GPC,58625.0,58697.0,-72.0,104.72,-7539.84
QQQJ,DLTR,97303.0,97223.0,80.0,94.24,7539.2
PFM,CSCO,110089.0,110167.0,-78.0,96.57,-7532.459999999999
GNOM,CRBU,68184.0,72064.0,-3880.0,1.94,-7527.2
IQSZ,XOM,8324.0,8272.0,52.0,144.57,7517.639999999999
XMVM,USFD,58898.0,58809.0,89.0,84.4,7511.6
XSMO,FDP,217058.0,216854.0,204.0,36.81,7509.240000000001
DWAS,SATS,21443.0,21502.0,-59.0,127.15,-7501.85
PKW,TNL,45287.0,45401.0,-114.0,65.78,-7498.92
OMFL,ADI,8029.0,8011.0,18.0,416.52,7497.36
PBUS,TXN,157638.0,157612.0,26.0,287.8,7482.8
PBUS,KLAC,22799.0,22795.0,4.0,1869.19,7476.76
RZV,MHK,13928.0,14000.0,-72.0,103.83,-7475.76
OMFL,STE,10454.0,10418.0,36.0,207.45,7468.2
PTH,EXEL,36204.0,36049.0,155.0,48.16,7464.799999999999
RWJ,PLXS,23043.0,23015.0,28.0,266.55,7463.400000000001
QQQJ,LNT,125823.0,125719.0,104.0,71.76,7463.040000000001
PNQI,RBLX,102173.0,102351.0,-178.0,41.91,-7459.98
PSCH,ICUI,17257.0,17198.0,59.0,126.43,7459.370000000001
RWL,TT,21883.0,21867.0,16.0,466.17,7458.72
QQA,ROST,8259.0,8226.0,33.0,225.81,7451.7300000000005
SPVM,FITB,25523.0,25372.0,151.0,49.33,7448.83
RWJ,PTEN,535535.0,534883.0,652.0,11.42,7445.84
SPVM,PNW,12716.0,12641.0,75.0,99.25,7443.75
IGPT,SNAP,237031.0,235807.0,1224.0,6.08,7441.92
SPVM,ED,11751.0,11681.0,70.0,106.31,7441.7
PRF,JKHY,10874.0,10925.0,-51.0,145.84,-7437.84
PRF,WBS,41782.0,41884.0,-102.0,72.91,-7436.82
PRF,LBTYA,218058.0,218670.0,-612.0,12.15,-7435.8
DWAS,COGT,77761.0,77975.0,-214.0,34.74,-7434.360000000001
PRF,CAR,18627.0,18678.0,-51.0,145.75,-7433.25
RPV,BLDR,77622.0,77718.0,-96.0,77.4,-7430.400000000001
RWL,OXY,199002.0,198862.0,140.0,53.03,7424.2
OMFL,ITT,12458.0,12422.0,36.0,206.15,7421.400000000001
IQSZ,TD,11031.0,10962.0,69.0,107.46,7414.74
RWJ,VAC,79533.0,79437.0,96.0,77.12,7403.52
RWL,GWW,7182.0,7176.0,6.0,1233.71,7402.26
PSCH,ITGR,24494.0,24410.0,84.0,88.12,7402.08
OMFL,PAYC,17573.0,17519.0,54.0,136.87,7390.9800000000005
PTH,CYTK,22427.0,22331.0,96.0,76.91,7383.36
DWAS,CAPR,88585.0,88828.0,-243.0,30.38,-7382.34
RWL,KKR,103122.0,103050.0,72.0,102.52,7381.44
RWL,EME,10473.0,10465.0,8.0,921.64,7373.12
PRF,EXEL,50032.0,50185.0,-153.0,48.16,-7368.48
RWJ,RITM,613016.0,612268.0,748.0,9.84,7360.32
PNQI,EXPE,18069.0,18101.0,-32.0,229.98,-7359.36
RWJ,ASO,113292.0,113156.0,136.0,54.11,7358.96
RZV,BHE,16586.0,16672.0,-86.0,85.51,-7353.860000000001
PSCC,LW,101380.0,101205.0,175.0,42.01,7351.75
RWJ,SEM,366756.0,366308.0,448.0,16.41,7351.68
XMHQ,GEF,174004.0,173896.0,108.0,68.07,7351.5599999999995
PFM,LRCX,34804.0,34829.0,-25.0,294.05,-7351.25
PRF,IDA,9876.0,9927.0,-51.0,144.0,-7344.0
RWJ,BFH,69060.0,68976.0,84.0,87.34,7336.56
PTH,TWST,30028.0,29899.0,129.0,56.85,7333.650000000001
RWL,GPC,98726.0,98656.0,70.0,104.72,7330.4
RWL,WM,47336.0,47302.0,34.0,215.37,7322.58
DWAS,CENX,45208.0,45332.0,-124.0,58.91,-7304.839999999999
PRF,WMS,9765.0,9816.0,-51.0,143.2,-7303.2
HEAL,GEHC,16686.0,16571.0,115.0,63.47,7299.05
DWAS,ORKA,41112.0,41225.0,-113.0,64.59,-7298.67
XMVM,KRC,137901.0,137692.0,209.0,34.9,7294.099999999999
PFM,BAC,200024.0,200166.0,-142.0,51.31,-7286.02
PRF,DTM,13245.0,13296.0,-51.0,142.8,-7282.8
PKW,DBX,99692.0,99944.0,-252.0,28.9,-7282.799999999999
RZV,BCC,19875.0,19978.0,-103.0,70.67,-7279.01
SPVM,CINF,7632.0,7587.0,45.0,161.5,7267.5
XMVM,JLL,14344.0,14322.0,22.0,329.87,7257.14
PRF,KEX,11837.0,11888.0,-51.0,142.24,-7254.240000000001
RPV,ZBH,71209.0,71297.0,-88.0,82.33,-7245.04
PRF,OGE,51864.0,52017.0,-153.0,47.35,-7244.55
XMVM,STWD,268909.0,268501.0,408.0,17.75,7242.0
SPVM,SYF,16778.0,16679.0,99.0,73.14,7240.86
XSMO,UFCS,159381.0,159231.0,150.0,48.22,7233.0
RZV,SHEN,86228.0,86675.0,-447.0,16.16,-7223.52
PRF,ABNB,22198.0,22249.0,-51.0,141.49,-7215.990000000001
DWAS,DOCN,16112.0,16156.0,-44.0,163.95,-7213.799999999999
RWJ,EAT,42935.0,42883.0,52.0,138.68,7211.360000000001
XSMO,TILE,260103.0,259860.0,243.0,29.66,7207.38
XSVM,DLX,251302.0,251573.0,-271.0,26.58,-7203.179999999999
XMVM,SWX,52989.0,52909.0,80.0,89.95,7196.0
PRF,HR,121889.0,122246.0,-357.0,20.15,-7193.549999999999
RZV,RITM,141132.0,141863.0,-731.0,9.84,-7193.04
XMHQ,COLM,183455.0,183341.0,114.0,63.04,7186.5599999999995
XMVM,CCK,46902.0,46831.0,71.0,101.19,7184.49
PRF,TPH,57196.0,57349.0,-153.0,46.95,-7183.35
RWJ,ECG,34889.0,34845.0,44.0,163.24,7182.56
PRF,MLI,17061.0,17112.0,-51.0,140.83,-7182.330000000001
PRF,NWL,567999.0,569580.0,-1581.0,4.54,-7177.74
RSPD,TSCO,114979.0,115213.0,-234.0,30.65,-7172.099999999999
RWL,MCD,36676.0,36650.0,26.0,275.75,7169.5
RWL,MMM,71321.0,71271.0,50.0,143.29,7164.5
RZV,VTOL,32539.0,32708.0,-169.0,42.36,-7158.84
QQA,AEP,13806.0,13751.0,55.0,130.16,7158.8
XMVM,EWBC,38004.0,37946.0,58.0,122.99,7133.42
RWJ,ADT,851796.0,850760.0,1036.0,6.87,7117.32
PHO,CWCO,55324.0,55108.0,216.0,32.92,7110.72
QQQJ,RIVN,605289.0,604789.0,500.0,14.22,7110.0
PHO,YORW,60978.0,60738.0,240.0,29.62,7108.8
SPVM,BKR,18828.0,18717.0,111.0,63.89,7091.79
PTH,TRVI,113975.0,113486.0,489.0,14.5,7090.5
PKW,IRDM,68158.0,68329.0,-171.0,41.46,-7089.66
RWL,ADBE,38538.0,38510.0,28.0,253.04,7085.12
PFM,CVX,55616.0,55655.0,-39.0,181.62,-7083.18
XMVM,POR,96075.0,95929.0,146.0,48.51,7082.46
PRF,CFR,10245.0,10296.0,-51.0,138.85,-7081.349999999999
XMVM,GAP,199476.0,199173.0,303.0,23.37,7081.110000000001
人工智能与机器人botz,RR,1371122.0,1368440.0,2682.0,2.64,7080.4800000000005
DWAS,SNEX,21211.0,21269.0,-58.0,121.92,-7071.36
PRF,PB,28773.0,28875.0,-102.0,69.26,-7064.52
PSCH,SUPN,40082.0,39945.0,137.0,51.53,7059.610000000001
PFM,ABBV,49281.0,49316.0,-35.0,201.55,-7054.25
XMVM,ALV,38149.0,38091.0,58.0,121.62,7053.96
SPVM,STLD,5002.0,4972.0,30.0,235.1,7053.0
RWL,STLD,43749.0,43719.0,30.0,235.1,7053.0
PRF,DK,46310.0,46463.0,-153.0,46.04,-7044.12
PRF,NRG,22869.0,22920.0,-51.0,138.11,-7043.610000000001
PKW,POST,27479.0,27548.0,-69.0,102.05,-7041.45
QQQJ,PTC,58223.0,58175.0,48.0,146.65,7039.200000000001
PRF,OSK,22636.0,22687.0,-51.0,137.97,-7036.47
PRF,TOL,27312.0,27363.0,-51.0,137.89,-7032.389999999999
XSMO,EFC,552449.0,551933.0,516.0,13.62,7027.919999999999
PRF,RITM,249572.0,250286.0,-714.0,9.84,-7025.76
RWL,EOG,75798.0,75744.0,54.0,130.03,7021.62
RZV,LKQ,46828.0,47071.0,-243.0,28.89,-7020.27
OMFL,GMED,37485.0,37395.0,90.0,77.95,7015.5
PRF,SSNC,44439.0,44541.0,-102.0,68.76,-7013.52
XMVM,HOMB,172479.0,172217.0,262.0,26.76,7011.120000000001
RZV,MBIN,29091.0,29242.0,-151.0,46.33,-6995.83
RWL,AZO,2348.0,2346.0,2.0,3496.19,6992.38
RWL,NEM,84474.0,84414.0,60.0,116.51,6990.6
RWJ,OI,616888.0,616136.0,752.0,9.29,6986.079999999999
PRF,GNW,271901.0,272666.0,-765.0,9.13,-6984.450000000001
XSVM,UVV,120330.0,120460.0,-130.0,53.7,-6981.0
OMFL,TMUS,12279.0,12243.0,36.0,193.63,6970.68
RWL,SHW,32391.0,32369.0,22.0,316.82,6970.04
PRF,GT,379579.0,380650.0,-1071.0,6.505,-6966.855
AIQ,HPE,1155268.0,1155046.0,222.0,31.35,6959.700000000001
DWAS,AXSM,11579.0,11611.0,-32.0,217.38,-6956.16
QQQJ,TLN,22353.0,22335.0,18.0,386.37,6954.66
IQSZ,MS,5735.0,5699.0,36.0,193.09,6951.24
RZV,AMWD,34830.0,35010.0,-180.0,38.58,-6944.4
PRF,GEN,116360.0,116666.0,-306.0,22.68,-6940.08
PRF,WU,275966.0,276731.0,-765.0,9.07,-6938.55
PKW,BBWI,138293.0,138644.0,-351.0,19.73,-6925.2300000000005
XSVM,FDP,174447.0,174635.0,-188.0,36.81,-6920.280000000001
PNQI,VRSN,14161.0,14185.0,-24.0,288.21,-6917.039999999999
RWJ,ASTH,143324.0,143148.0,176.0,39.3,6916.799999999999
RWL,APH,76156.0,76102.0,54.0,128.03,6913.62
OMFL,MSI,5814.0,5796.0,18.0,383.99,6911.82
PTH,AXGN,38259.0,38095.0,164.0,42.06,6897.84
PRF,ARMK,47014.0,47167.0,-153.0,45.08,-6897.24
XMVM,NXST,22543.0,22509.0,34.0,202.79,6894.86
PRF,RHI,90476.0,90731.0,-255.0,27.03,-6892.650000000001
PSCH,CON,83326.0,83041.0,285.0,24.16,6885.6
QQA,DASH,10468.0,10426.0,42.0,163.93,6885.06
PKW,WSFS,37767.0,37863.0,-96.0,71.7,-6883.200000000001
PRF,WHR,63447.0,63600.0,-153.0,44.96,-6878.88
RWL,PCG,609816.0,609388.0,428.0,16.07,6877.96
DWAS,DXPE,16156.0,16200.0,-44.0,156.18,-6871.92
XSVM,INSW,69823.0,69898.0,-75.0,91.62,-6871.5
RWJ,CHEF,69988.0,69904.0,84.0,81.71,6863.639999999999
XSVM,VTOL,150636.0,150798.0,-162.0,42.36,-6862.32
QQA,WBD,63309.0,63056.0,253.0,27.11,6858.83
OMFL,CMCSA,101098.0,100828.0,270.0,25.4,6858.0
RWL,DHR,55885.0,55845.0,40.0,171.16,6846.4
QQA,CTAS,10212.0,10171.0,41.0,166.97,6845.7699999999995
PFM,UNH,25247.0,25265.0,-18.0,379.98,-6839.64
OMFL,UNH,4398.0,4380.0,18.0,379.98,6839.64
RPV,COF,28780.0,28816.0,-36.0,189.48,-6821.28
XSVM,NE,125750.0,125886.0,-136.0,50.14,-6819.04
PKW,TDW,32663.0,32747.0,-84.0,81.16,-6817.44
RWL,ADP,44197.0,44165.0,32.0,212.995,6815.84
OMFL,FDX,3537.0,3519.0,18.0,378.58,6814.44
XSVM,ABG,31692.0,31726.0,-34.0,200.39,-6813.259999999999
RWJ,GVA,38574.0,38526.0,48.0,141.88,6810.24
PBUS,WFC,544608.0,544518.0,90.0,75.64,6807.6
DWAS,POWL,7839.0,7861.0,-22.0,309.39,-6806.58
QQA,DDOG,8383.0,8349.0,34.0,200.16,6805.44
XMVM,CFR,32215.0,32166.0,49.0,138.85,6803.65
RZV,DFH,91764.0,92239.0,-475.0,14.32,-6802.0
SPVM,DG,10205.0,10145.0,60.0,113.29,6797.400000000001
XMVM,OGS,52651.0,52571.0,80.0,84.91,6792.799999999999
PBUS,QCOM,184435.0,184404.0,31.0,219.09,6791.79
PRF,TFX,17166.0,17217.0,-51.0,133.06,-6786.06
RZV,VGNT,31243.0,31405.0,-162.0,41.83,-6776.46
RWJ,ARCB,47523.0,47467.0,56.0,120.97,6774.32
RWL,AEP,74346.0,74294.0,52.0,130.16,6768.32
RWL,EXC,220407.0,220253.0,154.0,43.91,6762.139999999999
AIQ,CLS,87998.0,87980.0,18.0,375.55,6759.900000000001
RWJ,PRGO,472409.0,471833.0,576.0,11.71,6744.960000000001
QQQJ,SSNC,118147.0,118049.0,98.0,68.76,6738.4800000000005
SPVM,NTRS,7031.0,6989.0,42.0,160.41,6737.22
XSMO,SCHL,178924.0,178756.0,168.0,40.1,6736.8
PFM,PG,64773.0,64819.0,-46.0,146.42,-6735.32
RWL,GLW,52672.0,52636.0,36.0,186.94,6729.84
RWL,SYF,130052.0,129960.0,92.0,73.14,6728.88
PTH,KRYS,5066.0,5044.0,22.0,305.71,6725.62
PRF,MHO,10765.0,10816.0,-51.0,131.87,-6725.37
XSVM,BFH,71038.0,71115.0,-77.0,87.34,-6725.18
XMHQ,PPC,375093.0,374862.0,231.0,29.1,6722.1
PSCH,ACAD,87519.0,87219.0,300.0,22.4,6720.0
QQA,PDD,17049.0,16981.0,68.0,98.78,6717.04
PRF,ESI,48424.0,48577.0,-153.0,43.9,-6716.7
XMVM,FHI,79162.0,79042.0,120.0,55.95,6714.0
RZV,PHIN,16271.0,16355.0,-84.0,79.87,-6709.08
PRF,WRB,42271.0,42373.0,-102.0,65.68,-6699.360000000001
PRF,CGNX,30916.0,31018.0,-102.0,65.66,-6697.32
SPVM,DIS,10422.0,10360.0,62.0,108.02,6697.24
XMVM,BKH,58878.0,58789.0,89.0,75.23,6695.47
PBUS,RTX,232508.0,232470.0,38.0,176.09,6691.42
OMFL,BX,18478.0,18424.0,54.0,123.77,6683.58
IGPT,BSY,39718.0,39514.0,204.0,32.76,6683.04
DWAS,SYRE,32326.0,32415.0,-89.0,75.045,-6679.005
DWAS,EZPW,72279.0,72478.0,-199.0,33.54,-6674.46
SPVM,CCL,42804.0,42551.0,253.0,26.38,6674.139999999999
RWJ,AEO,329609.0,329209.0,400.0,16.68,6672.0
XSVM,AOSL,162827.0,163003.0,-176.0,37.9,-6670.4
DWAS,GVA,17024.0,17071.0,-47.0,141.88,-6668.36
PFM,KO,119867.0,119952.0,-85.0,78.42,-6665.7
RWJ,KMPR,179627.0,179407.0,220.0,30.29,6663.8
XMVM,NWE,60592.0,60500.0,92.0,72.39,6659.88
OMFL,WWD,4528.0,4510.0,18.0,369.93,6658.74
DWAS,VIAV,47329.0,47459.0,-130.0,51.21,-6657.3
PRF,MTH,36126.0,36228.0,-102.0,65.16,-6646.32
PRF,AGNC,227237.0,227849.0,-612.0,10.86,-6646.32
XMVM,THO,56756.0,56670.0,86.0,77.2,6639.2
PRF,LDOS,25080.0,25131.0,-51.0,130.11,-6635.610000000001
PRF,ACA,10565.0,10616.0,-51.0,129.94,-6626.94
SPVM,MCK,1513.0,1504.0,9.0,736.09,6624.81
PKW,TPH,55283.0,55424.0,-141.0,46.95,-6619.950000000001
PTH,BKD,118775.0,118265.0,510.0,12.98,6619.8
PRF,CPRI,120950.0,121307.0,-357.0,18.53,-6615.21
RZV,SAFE,84437.0,84874.0,-437.0,15.13,-6611.81
PRF,ROKU,16452.0,16503.0,-51.0,129.53,-6606.03
RWL,IP,285662.0,285462.0,200.0,33.03,6606.0
RZV,CWK,89711.0,90176.0,-465.0,14.19,-6598.349999999999
PRF,MAA,21536.0,21587.0,-51.0,129.31,-6594.81
OMFL,SYF,35787.0,35697.0,90.0,73.14,6582.6
XSMO,COLL,186659.0,186485.0,174.0,37.8,6577.2
人工智能与机器人botz,CRNC,336174.0,335508.0,666.0,9.87,6573.419999999999
PGX,CTVA,62268.0,62187.0,81.0,81.13,6571.53
RZV,SNCY,74571.0,74957.0,-386.0,17.02,-6569.72
PRF,ETSY,28834.0,28936.0,-102.0,64.38,-6566.759999999999
PBUS,MS,205978.0,205944.0,34.0,193.09,6565.06
QQQJ,LOGI,71714.0,71654.0,60.0,109.39,6563.4
PRF,FLG,166806.0,167265.0,-459.0,14.28,-6554.5199999999995
PKW,ANF,33464.0,33548.0,-84.0,77.99,-6551.16
PKW,BFH,29232.0,29307.0,-75.0,87.34,-6550.5
XSVM,PHIN,75879.0,75961.0,-82.0,79.87,-6549.34
QQHG,CVNA,105.0,21.0,84.0,77.94,6546.96
SPVM,EXC,25202.0,25053.0,149.0,43.91,6542.589999999999
XSVM,JXN,54003.0,54061.0,-58.0,112.78,-6541.24
PRF,RIVN,157424.0,157883.0,-459.0,14.22,-6526.9800000000005
PRF,WDAY,18804.0,18855.0,-51.0,127.83,-6519.33
RWL,AMP,18616.0,18602.0,14.0,465.56,6517.84
PRF,EQH,56388.0,56541.0,-153.0,42.6,-6517.8
XMVM,ORI,109504.0,109338.0,166.0,39.26,6517.16
SPVM,BAC,21415.0,21288.0,127.0,51.31,6516.37
XMHQ,SAM,52624.0,52591.0,33.0,197.34,6512.22
XMVM,BJ,46348.0,46278.0,70.0,92.97,6507.9
AIQ,CRWV,295143.0,295086.0,57.0,114.15,6506.55
QQQJ,TSCO,257508.0,257296.0,212.0,30.65,6497.799999999999
XSVM,WKC,222339.0,222579.0,-240.0,27.07,-6496.8
RWJ,KALU,28821.0,28785.0,36.0,180.33,6491.88
OMFL,TER,7559.0,7541.0,18.0,359.77,6475.86
XSVM,SHEN,370832.0,371232.0,-400.0,16.16,-6464.0
SPVM,UHS,6475.0,6437.0,38.0,169.96,6458.4800000000005
QQA,BKR,25230.0,25129.0,101.0,63.89,6452.89
XSVM,GPI,16767.0,16785.0,-18.0,357.83,-6440.94
RZV,MTUS,67407.0,67756.0,-349.0,18.45,-6439.05
RZV,RES,182632.0,183578.0,-946.0,6.8,-6432.8
XSMO,WS,168464.0,168305.0,159.0,40.43,6428.37
SPVM,CAH,5853.0,5818.0,35.0,183.65,6427.75
PRF,SUI,22584.0,22635.0,-51.0,125.94,-6422.94
PBUS,LIN,80799.0,80786.0,13.0,493.16,6411.08
OMFL,HLNE,30375.0,30303.0,72.0,89.0,6408.0
RWL,MO,134785.0,134691.0,94.0,68.12,6403.280000000001
IQSZ,C,8298.0,8247.0,51.0,125.55,6403.05
PBUS,C,310419.0,310368.0,51.0,125.55,6403.05
XSMO,ASTE,129188.0,129068.0,120.0,53.34,6400.8
PRF,SYNA,14021.0,14072.0,-51.0,125.43,-6396.93
PRF,MTN,10916.0,10967.0,-51.0,125.42,-6396.42
PSCH,PRVA,80827.0,80550.0,277.0,23.06,6387.62
PTH,ELAN,62870.0,62600.0,270.0,23.65,6385.5
RWJ,UPBD,279539.0,279199.0,340.0,18.78,6385.200000000001
SPVM,ES,16230.0,16134.0,96.0,66.51,6384.960000000001
XSVM,KSS,407418.0,407858.0,-440.0,14.5,-6380.0
OMFL,MAR,5579.0,5561.0,18.0,353.18,6357.24
PFM,HD,27745.0,27765.0,-20.0,317.45,-6349.0
PRF,ICLR,9957.0,10008.0,-51.0,124.49,-6348.99
PRF,STWD,137896.0,138253.0,-357.0,17.75,-6336.75
XSVM,LNC,163616.0,163793.0,-177.0,35.8,-6336.599999999999
DWAS,SMTC,19092.0,19144.0,-52.0,121.81,-6334.12
PRF,ALSN,21636.0,21687.0,-51.0,124.18,-6333.18
RPV,NWSA,191099.0,191333.0,-234.0,27.02,-6322.68
DWAS,RSI,82461.0,82688.0,-227.0,27.74,-6296.98
PRF,VSNT,49957.0,50110.0,-153.0,41.14,-6294.42
RWL,SYK,32212.0,32190.0,22.0,285.47,6280.34
PKW,MAT,161611.0,162019.0,-408.0,15.39,-6279.12
RWL,BDX,59604.0,59562.0,42.0,149.43,6276.06
PRF,EWBC,24351.0,24402.0,-51.0,122.99,-6272.49
XSVM,GEO,267043.0,267331.0,-288.0,21.76,-6266.88
XSVM,SMP,143974.0,144129.0,-155.0,40.4,-6262.0
RWL,STX,11652.0,11644.0,8.0,782.64,6261.12
RZV,LBRT,36568.0,36757.0,-189.0,33.11,-6257.79
OMFL,APTV,39623.0,39515.0,108.0,57.94,6257.5199999999995
PRF,HRL,117281.0,117587.0,-306.0,20.44,-6254.64
PRF,TSCO,80151.0,80355.0,-204.0,30.65,-6252.599999999999
RWL,SNDK,6044.0,6040.0,4.0,1562.34,6249.36
OMFL,RYN,115783.0,115477.0,306.0,20.42,6248.52
QQQJ,NDSN,27289.0,27267.0,22.0,283.53,6237.66
DWAS,GTX,78409.0,78624.0,-215.0,29.0,-6235.0
XSVM,PLAB,107165.0,107281.0,-116.0,53.64,-6222.24
SPVM,AFL,9370.0,9315.0,55.0,113.1,6220.5
PRF,SNEX,20158.0,20209.0,-51.0,121.92,-6217.92
RWL,FISV,160694.0,160582.0,112.0,55.48,6213.759999999999
XSMO,ACT,151664.0,151523.0,141.0,44.04,6209.64
QQQJ,BIDU,53732.0,53688.0,44.0,141.05,6206.200000000001
PBUS,IBM,162173.0,162146.0,27.0,229.76,6203.5199999999995
PRF,TRMB,39627.0,39729.0,-102.0,60.8,-6201.599999999999
PRF,RRC,53580.0,53733.0,-153.0,40.52,-6199.56
OMFL,DCI,29010.0,28938.0,72.0,86.0,6192.0
RZV,WS,29587.0,29740.0,-153.0,40.43,-6185.79
DWAS,VSEC,11806.0,11838.0,-32.0,193.05,-6177.6
IQSZ,LRCX,3221.0,3200.0,21.0,294.05,6175.05
SPVM,NEM,8906.0,8853.0,53.0,116.51,6175.030000000001
QQA,PCAR,13429.0,13375.0,54.0,114.31,6172.74
PRF,ATR,11746.0,11797.0,-51.0,120.99,-6170.49
XMVM,SR,47267.0,47195.0,72.0,85.7,6170.400000000001
PRF,ARCB,16147.0,16198.0,-51.0,120.97,-6169.47
OMFL,DHR,13560.0,13524.0,36.0,171.16,6161.76
PRF,VLY,156662.0,157121.0,-459.0,13.41,-6155.1900000000005
PKW,DAN,70097.0,70274.0,-177.0,34.7,-6141.900000000001
OMFL,XYL,20348.0,20294.0,54.0,113.73,6141.42
RWL,CL,100885.0,100815.0,70.0,87.55,6128.5
PRF,COO,34866.0,34968.0,-102.0,60.0,-6120.0
OMFL,DG,21818.0,21764.0,54.0,113.29,6117.660000000001
SPVM,LUV,24959.0,24811.0,148.0,41.31,6113.88
QQQJ,NBIX,49090.0,49050.0,40.0,152.25,6090.0
PRF,MAN,77099.0,77303.0,-204.0,29.84,-6087.36
QQA,ABNB,10811.0,10768.0,43.0,141.49,6084.070000000001
PRF,REZI,56113.0,56266.0,-153.0,39.75,-6081.75
PKW,AGO,32131.0,32212.0,-81.0,75.05,-6079.05
RWL,CDW,83644.0,83586.0,58.0,104.79,6077.820000000001
OMFL,ALGN,12672.0,12636.0,36.0,168.78,6076.08
OMFL,TSCO,79419.0,79221.0,198.0,30.65,6068.7
PRF,LCII,11108.0,11159.0,-51.0,118.82,-6059.82
QYLG,COST,3105.0,3111.0,-6.0,1008.79,-6052.74
XMVM,AFG,30348.0,30302.0,46.0,131.32,6040.719999999999
PRF,PR,113812.0,114118.0,-306.0,19.72,-6034.32
QQQJ,LULU,54903.0,54857.0,46.0,131.18,6034.280000000001
PBUS,PEP,237220.0,237181.0,39.0,154.62,6030.18
PKW,OPCH,116534.0,116828.0,-294.0,20.51,-6029.9400000000005
DWAS,HWKN,13127.0,13163.0,-36.0,167.16,-6017.76
PRF,TKR,20623.0,20674.0,-51.0,117.97,-6016.47
PRF,BTU,87875.0,88130.0,-255.0,23.59,-6015.45
SPVM,HII,3148.0,3129.0,19.0,316.28,6009.32
RWL,ACGL,90891.0,90827.0,64.0,93.8,6003.2
SPVM,BK,7802.0,7756.0,46.0,130.5,6003.0
QQA,MSTR,8019.0,7987.0,32.0,187.59,6002.88
XMVM,AR,109779.0,109612.0,167.0,35.94,6001.98
XSMO,PAHC,160532.0,160382.0,150.0,40.0,6000.0
OMFL,VEEV,13530.0,13494.0,36.0,166.34,5988.24
PFM,MS,44257.0,44288.0,-31.0,193.09,-5985.79
XSMO,INVX,240931.0,240706.0,225.0,26.6,5985.0
PRF,AOS,28332.0,28434.0,-102.0,58.6,-5977.2
RZV,HE,77815.0,78218.0,-403.0,14.83,-5976.49
DWAS,PNRG,9060.0,9085.0,-25.0,239.05,-5976.25
OMFL,AMGN,8730.0,8712.0,18.0,331.7,5970.599999999999
SPVM,EVRG,12270.0,12197.0,73.0,81.78,5969.9400000000005
QQQJ,GRAB,1939780.0,1938176.0,1604.0,3.72,5966.88
XMVM,OGE,83172.0,83046.0,126.0,47.35,5966.1
RZV,EIG,27480.0,27622.0,-142.0,42.01,-5965.42
PRF,GNTX,90236.0,90491.0,-255.0,23.39,-5964.45
QQQJ,LECO,26811.0,26789.0,22.0,271.11,5964.42
PRF,GAP,82801.0,83056.0,-255.0,23.37,-5959.35
GNOM,TECH,36626.0,36749.0,-123.0,48.36,-5948.28
PSCH,PBH,33078.0,32965.0,113.0,52.54,5937.0199999999995
XSVM,GO,671047.0,671771.0,-724.0,8.19,-5929.5599999999995
RWJ,FTRE,315009.0,314625.0,384.0,15.43,5925.12
AIQ,BIDU,212639.0,212597.0,42.0,141.05,5924.1
DWAS,BTSG,39375.0,39483.0,-108.0,54.83,-5921.639999999999
PNQI,RDDT,21565.0,21603.0,-38.0,155.8,-5920.400000000001
AIQ,ERIC,2576095.0,2575597.0,498.0,11.88,5916.240000000001
DWAS,FORM,14495.0,14535.0,-40.0,147.87,-5914.8
XSVM,VIRT,106206.0,106321.0,-115.0,51.31,-5900.650000000001
PRF,FRT,16557.0,16608.0,-51.0,115.68,-5899.68
RWJ,FUN,218793.0,218525.0,268.0,22.01,5898.68
PRF,DBX,65153.0,65357.0,-204.0,28.9,-5895.599999999999
RWL,NXPI,27244.0,27224.0,20.0,294.75,5895.0
RWJ,HP,128144.0,127988.0,156.0,37.78,5893.68
XSMO,TRST,128237.0,128117.0,120.0,49.06,5887.200000000001
RWJ,CALY,274701.0,274365.0,336.0,17.52,5886.72
XMVM,WTRG,103660.0,103503.0,157.0,37.47,5882.79
PSCH,WAY,80246.0,79971.0,275.0,21.38,5879.5
PKW,GNW,253822.0,254464.0,-642.0,9.13,-5861.460000000001
SPVM,AEP,7583.0,7538.0,45.0,130.16,5857.2
AIQ,TRI,335050.62,334987.62,63.0,92.94,5855.22
IQSZ,BAC,18285.0,18171.0,114.0,51.31,5849.34
PKW,ADEA,78231.0,78429.0,-198.0,29.53,-5846.9400000000005
PTH,DYN,77259.0,76927.0,332.0,17.61,5846.5199999999995
QQQJ,JD,234048.0,233854.0,194.0,30.13,5845.22
RWJ,NATL,106814.0,106682.0,132.0,44.27,5843.64
PRF,VC,9292.0,9343.0,-51.0,114.35,-5831.849999999999
PBUS,ADI,84950.0,84936.0,14.0,416.52,5831.28
RWJ,LBRT,145826.0,145650.0,176.0,33.11,5827.36
OMFL,DPZ,6037.0,6019.0,18.0,323.48,5822.64
RWL,MGM,214371.0,214221.0,150.0,38.79,5818.5
PRF,FBIN,47877.0,48030.0,-153.0,37.98,-5810.94
PRF,ADNT,87588.0,87843.0,-255.0,22.78,-5808.900000000001
RWJ,MHO,36976.0,36932.0,44.0,131.87,5802.280000000001
PRF,MPT,412252.0,413374.0,-1122.0,5.17,-5800.74
OMFL,PEN,6110.0,6092.0,18.0,322.23,5800.14
IQSZ,CSCO,9434.0,9374.0,60.0,96.57,5794.2
RWJ,QRVO,51830.0,51766.0,64.0,90.53,5793.92
PKW,PARR,35905.0,35995.0,-90.0,64.37,-5793.3
PKW,PLAB,42796.0,42904.0,-108.0,53.64,-5793.12
RWL,EIX,119879.0,119795.0,84.0,68.95,5791.8
PTH,RLAY,105441.0,104988.0,453.0,12.76,5780.28
RWL,TEL,39138.0,39110.0,28.0,206.2,5773.599999999999
XSVM,MARA,413092.0,413538.0,-446.0,12.94,-5771.24
RWL,WDC,17738.0,17726.0,12.0,480.0,5760.0
XSVM,FFBC,174017.0,174205.0,-188.0,30.6,-5752.8
RWJ,PHIN,58509.0,58437.0,72.0,79.87,5750.64
RWL,AMCR,204670.0,204526.0,144.0,39.93,5749.92
DWAS,TRVI,144248.0,144644.0,-396.0,14.5,-5742.0
DWAS,LUNR,72195.0,72393.0,-198.0,28.97,-5736.0599999999995
SPVM,PSKY,87365.0,86848.0,517.0,11.09,5733.53
PRF,WTRG,55195.0,55348.0,-153.0,37.47,-5732.91
PRF,WSC,76040.0,76244.0,-204.0,28.1,-5732.400000000001
RZV,CNXN,16581.0,16667.0,-86.0,66.65,-5731.900000000001
PKW,YETI,54937.0,55075.0,-138.0,41.53,-5731.14
PRF,SLM,87292.0,87547.0,-255.0,22.47,-5729.849999999999
DWAS,BHE,24339.0,24406.0,-67.0,85.51,-5729.17
QQQJ,ASND,30113.0,30089.0,24.0,238.66,5727.84
XSVM,ARI,482421.0,482941.0,-520.0,11.0,-5720.0
QQQJ,TRMB,114444.0,114350.0,94.0,60.8,5715.2
GXPC,LYV,2008.0,1973.0,35.0,163.28,5714.8
PBUS,VZ,731521.0,731400.0,121.0,47.22,5713.62
SPVM,DUK,7805.0,7759.0,46.0,124.17,5711.82
QQQJ,OKTA,82942.0,82874.0,68.0,83.9,5705.200000000001
OMFL,SHW,3528.0,3510.0,18.0,316.82,5702.76
OMFL,HLT,7028.0,7010.0,18.0,316.78,5702.039999999999
IQSZ,LLY,1142.0,1136.0,6.0,948.45,5690.700000000001
PRF,DIOD,20785.0,20836.0,-51.0,111.41,-5681.91
RWL,CTVA,98262.0,98192.0,70.0,81.13,5679.099999999999
QQQJ,SMMT,379331.0,379017.0,314.0,18.08,5677.12
XMVM,CMC,52759.0,52679.0,80.0,70.96,5676.799999999999
PSCH,NHC,8678.0,8648.0,30.0,188.82,5664.599999999999
RWJ,HUBG,109529.0,109397.0,132.0,42.88,5660.160000000001
GXPC,RBLX,7238.0,7103.0,135.0,41.91,5657.849999999999
RZV,SBH,77825.0,78228.0,-403.0,14.03,-5654.09
RWL,EMR,57780.0,57740.0,40.0,141.31,5652.4
PRF,UDR,59148.0,59301.0,-153.0,36.91,-5647.23
DWAS,VICR,7903.0,7925.0,-22.0,256.47,-5642.34
PRF,MTDR,34038.0,34140.0,-102.0,55.26,-5636.5199999999995
OMFL,AON,8535.0,8517.0,18.0,312.79,5630.22
RWL,PFG,78602.0,78546.0,56.0,100.5,5628.0
RWL,EG,24126.0,24110.0,16.0,351.52,5624.32
RWL,URI,9193.0,9187.0,6.0,937.0,5622.0
SPVM,GS,932.0,926.0,6.0,936.48,5618.88
PFM,GS,8271.0,8277.0,-6.0,936.48,-5618.88
RWJ,MTCH,124176.0,124024.0,152.0,36.96,5617.92
PNQI,AKAM,22375.0,22413.0,-38.0,147.71,-5612.9800000000005
PRF,ASH,35359.0,35461.0,-102.0,55.01,-5611.0199999999995
PRF,XRAY,184950.0,185460.0,-510.0,11.0,-5610.0
PFM,KLAC,3652.0,3655.0,-3.0,1869.19,-5607.57
RZV,MBC,141819.0,142554.0,-735.0,7.61,-5593.35
PKW,MMS,34903.0,34990.0,-87.0,64.27,-5591.49
XMVM,UGI,114130.0,113957.0,173.0,32.32,5591.36
SPVM,KMI,30040.0,29862.0,178.0,31.41,5590.9800000000005
OMFL,GGG,29155.0,29083.0,72.0,77.59,5586.4800000000005
RWL,GEHC,125932.0,125844.0,88.0,63.47,5585.36
DWAS,ICHR,27264.0,27339.0,-75.0,74.42,-5581.5
RZV,CENTA,31412.0,31575.0,-163.0,34.24,-5581.12
PRF,WERN,47054.0,47207.0,-153.0,36.42,-5572.26
RZV,RUSHA,14888.0,14965.0,-77.0,72.31,-5567.87
SPVM,NWSA,34805.0,34599.0,206.0,27.02,5566.12
XSVM,CFFN,657196.0,657905.0,-709.0,7.85,-5565.65
PSCH,ACHC,64494.0,64273.0,221.0,25.18,5564.78
PSCH,TMDX,23890.0,23808.0,82.0,67.84,5562.88
RWL,DVA,39102.0,39074.0,28.0,198.65,5562.2
RZV,HOPE,86411.0,86859.0,-448.0,12.41,-5559.68
OMFL,AIT,5783.0,5765.0,18.0,308.87,5559.66
PKW,IAC,49577.0,49703.0,-126.0,44.06,-5551.56
PRF,REXR,47070.0,47223.0,-153.0,36.27,-5549.31
RWL,INTU,20261.0,20247.0,14.0,396.31,5548.34
XSVM,ADAM,582096.0,582724.0,-628.0,8.83,-5545.24
RWJ,VIRT,87799.0,87691.0,108.0,51.31,5541.4800000000005
DWAS,PLPC,5778.0,5794.0,-16.0,346.25,-5540.0
QQQJ,GEN,296230.0,295986.0,244.0,22.68,5533.92
XMVM,THC,19001.0,18972.0,29.0,190.38,5521.0199999999995
PRF,ASO,39083.0,39185.0,-102.0,54.11,-5519.22
PBUS,MCD,123546.0,123526.0,20.0,275.75,5515.0
PRF,BMRN,39160.0,39262.0,-102.0,54.06,-5514.12
PKW,PHIN,26792.0,26861.0,-69.0,79.87,-5511.030000000001
PBUS,DIS,309731.0,309680.0,51.0,108.02,5509.0199999999995
PRF,FTRE,134891.0,135248.0,-357.0,15.43,-5508.51
RZV,CC,46188.0,46427.0,-239.0,23.04,-5506.5599999999995
RWL,RCL,27775.0,27755.0,20.0,275.24,5504.8
PKW,SIG,24487.0,24550.0,-63.0,87.3,-5499.9
PBUS,NEE,357271.0,357212.0,59.0,93.1,5492.9
OMFL,KNSL,7346.0,7328.0,18.0,304.87,5487.66
SPVM,DTE,6668.0,6629.0,39.0,140.6,5483.4
DWAS,ROAD,14202.0,14241.0,-39.0,140.48,-5478.719999999999
RWL,CTSH,149998.0,149892.0,106.0,51.68,5478.08
PRF,FNB,109051.0,109357.0,-306.0,17.9,-5477.4
PRF,INGR,23161.0,23212.0,-51.0,107.39,-5476.89
RWJ,BHE,52868.0,52804.0,64.0,85.51,5472.64
QQA,FANG,7203.0,7174.0,29.0,188.7,5472.299999999999
PRF,FMC,154751.0,155159.0,-408.0,13.4,-5467.2
PRF,CNX,58724.0,58877.0,-153.0,35.72,-5465.16
PTH,ELVN,31301.0,31167.0,134.0,40.75,5460.5
RWL,VTRS,453912.0,453594.0,318.0,17.17,5460.06
RWL,TRGP,32421.0,32399.0,22.0,248.12,5458.64
PFM,MRK,68909.0,68958.0,-49.0,111.38,-5457.62
PRF,MTG,79066.0,79270.0,-204.0,26.75,-5457.0
QQA,MCHP,13813.0,13758.0,55.0,99.09,5449.95
QQQJ,CDW,63104.0,63052.0,52.0,104.79,5449.08
SPVM,WFC,12207.0,12135.0,72.0,75.64,5446.08
DWAS,AGX,2991.0,2999.0,-8.0,680.26,-5442.08
RWL,L,75242.0,75190.0,52.0,104.5,5434.0
RWL,AFL,69628.0,69580.0,48.0,113.1,5428.799999999999
PRF,PINS,89815.0,90070.0,-255.0,21.27,-5423.849999999999
RWL,KDP,266359.0,266171.0,188.0,28.83,5420.04
PRF,LVS,38545.0,38647.0,-102.0,53.11,-5417.22
RZV,BFH,12039.0,12101.0,-62.0,87.34,-5415.08
PKW,WU,236478.0,237075.0,-597.0,9.07,-5414.79
PRF,SMCI,49261.0,49414.0,-153.0,35.37,-5411.61
PRF,EHC,11527.0,11578.0,-51.0,106.1,-5411.099999999999
QYLG,CSCO,27594.0,27650.0,-56.0,96.57,-5407.92
PSCH,LMAT,14590.0,14540.0,50.0,107.94,5397.0
RWJ,GEO,203303.0,203055.0,248.0,21.76,5396.4800000000005
GXPC,OMC,3864.0,3794.0,70.0,77.06,5394.2
RWL,LHX,26662.0,26644.0,18.0,299.64,5393.5199999999995
RWL,ORLY,83560.0,83502.0,58.0,92.96,5391.679999999999
PKW,DK,46836.0,46953.0,-117.0,46.04,-5386.68
QQA,ADSK,5417.0,5395.0,22.0,244.5,5379.0
SPVM,SMCI,25640.0,25488.0,152.0,35.37,5376.24
XSVM,PFS,222411.0,222651.0,-240.0,22.4,-5376.0
XSVM,CRSR,632421.0,633103.0,-682.0,7.88,-5374.16
RZV,PRAA,53998.0,54278.0,-280.0,19.18,-5370.4
RWJ,SNEX,37159.0,37115.0,44.0,121.92,5364.4800000000005
RWL,IQV,42159.0,42129.0,30.0,178.71,5361.3
PSCH,AMRX,118668.0,118262.0,406.0,13.2,5359.2
PTH,PCVX,23631.0,23530.0,101.0,53.01,5354.01
SPVM,FOXA,14377.0,14292.0,85.0,62.94,5349.9
PKW,KBH,42267.0,42375.0,-108.0,49.52,-5348.160000000001
RZV,MTH,15772.0,15854.0,-82.0,65.16,-5343.12
RWL,SATS,59341.0,59299.0,42.0,127.15,5340.3
PRF,KRC,51248.0,51401.0,-153.0,34.9,-5339.7
OMFL,STZ,12270.0,12234.0,36.0,148.21,5335.56
DWAS,IESC,3002.0,3010.0,-8.0,666.7,-5333.6
RZV,DNOW,78795.0,79203.0,-408.0,13.07,-5332.56
XSVM,CNXN,74001.0,74081.0,-80.0,66.65,-5332.0
RWJ,DFH,307029.0,306657.0,372.0,14.32,5327.04
PRF,GTES,64422.0,64626.0,-204.0,26.09,-5322.36
OMFL,HRB,52809.0,52665.0,144.0,36.96,5322.24
PRF,MSM,16633.0,16684.0,-51.0,104.28,-5318.28
RZV,MRTN,65737.0,66078.0,-341.0,15.58,-5312.78
RZV,UA,164058.0,164908.0,-850.0,6.25,-5312.5
RWL,KMB,76422.0,76368.0,54.0,98.31,5308.74
XSVM,WSFS,68181.0,68255.0,-74.0,71.7,-5305.8
RZV,ASO,18893.0,18991.0,-98.0,54.11,-5302.78
XSVM,ASO,90514.0,90612.0,-98.0,54.11,-5302.78
DWAS,FTK,120788.0,121120.0,-332.0,15.97,-5302.04
PFM,PM,43386.0,43417.0,-31.0,170.99,-5300.6900000000005
PRF,COLD,126695.0,127052.0,-357.0,14.84,-5297.88
RWJ,SKYW,48695.0,48635.0,60.0,88.23,5293.8
QYLG,LRCX,8723.0,8741.0,-18.0,294.05,-5292.900000000001
PRF,CPT,20325.0,20376.0,-51.0,103.77,-5292.2699999999995
PRF,CROX,18288.0,18339.0,-51.0,103.63,-5285.13
OMFL,DAL,24473.0,24401.0,72.0,73.33,5279.76
SPVM,FE,20160.0,20041.0,119.0,44.33,5275.2699999999995
RWL,PH,9639.0,9633.0,6.0,878.83,5272.9800000000005
PRF,JHG,36385.0,36487.0,-102.0,51.69,-5272.38
QQQJ,TCOM,120438.0,120338.0,100.0,52.68,5268.0
AIQ,AMBA,357312.0,357243.0,69.0,76.3,5264.7
PRF,GXO,34404.0,34506.0,-102.0,51.61,-5264.22
RZV,EFOR,49896.0,50155.0,-259.0,20.32,-5262.88
RWL,PPG,67670.0,67622.0,48.0,109.61,5261.28
SPVM,D,14420.0,14335.0,85.0,61.89,5260.65
QQQJ,BBIO,94850.0,94772.0,78.0,67.39,5256.42
QYLG,NFLX,29529.0,29589.0,-60.0,87.49,-5249.4
RWL,RJF,48141.0,48107.0,34.0,154.33,5247.22
RWL,OMC,95715.0,95647.0,68.0,77.06,5240.08
PKW,NTB,36240.0,36333.0,-93.0,56.34,-5239.62
RZV,OI,108872.0,109436.0,-564.0,9.29,-5239.5599999999995
SPVM,AEE,8114.0,8066.0,48.0,109.07,5235.36
DVVY,CRH,266.0,220.0,46.0,113.76,5232.96
DVVY,FITB,544.0,650.0,-106.0,49.33,-5228.98
RWJ,LCII,35712.0,35668.0,44.0,118.82,5228.08
DWAS,ECG,11649.0,11681.0,-32.0,163.24,-5223.68
PBUS,BA,135751.0,135729.0,22.0,237.36,5221.92
SPVM,COR,3349.0,3329.0,20.0,261.08,5221.599999999999
PRF,WFRD,15926.0,15977.0,-51.0,102.32,-5218.32
DWAS,PVLA,15744.0,15787.0,-43.0,121.29,-5215.47
RWL,APTV,128674.0,128584.0,90.0,57.94,5214.599999999999
PKW,CARG,58766.0,58916.0,-150.0,34.745,-5211.75
QQA,EA,6394.0,6368.0,26.0,200.44,5211.44
PRF,RYN,83446.0,83701.0,-255.0,20.42,-5207.1
PRF,POST,15389.0,15440.0,-51.0,102.05,-5204.55
DWAS,DSGN,133179.0,133545.0,-366.0,14.22,-5204.52
RWL,DVN,163609.0,163495.0,114.0,45.61,5199.54
AIQ,SMCI,760557.0,760410.0,147.0,35.37,5199.389999999999
RWL,D,119281.0,119197.0,84.0,61.89,5198.76
PRF,CPRT,53480.0,53633.0,-153.0,33.94,-5192.82
RWJ,LEG,422325.0,421809.0,516.0,10.06,5190.96
RWL,SWK,91023.0,90959.0,64.0,81.07,5188.48
DWAS,MOD,6791.0,6810.0,-19.0,273.0,-5187.0
PRF,HOG,79329.0,79533.0,-204.0,25.42,-5185.68
PRF,RPRX,42737.0,42839.0,-102.0,50.79,-5180.58
PFM,TXN,25295.0,25313.0,-18.0,287.8,-5180.400000000001
OMFL,TXN,4108.0,4090.0,18.0,287.8,5180.400000000001
DWAS,ESI,42899.0,43017.0,-118.0,43.9,-5180.2
DWAS,UNFI,35990.0,36089.0,-99.0,52.32,-5179.68
RWJ,CAKE,67447.0,67363.0,84.0,61.65,5178.599999999999
DWAS,WT,98801.0,99072.0,-271.0,19.1,-5176.1
RWJ,WS,104034.0,103906.0,128.0,40.43,5175.04
RWL,PHM,62249.0,62205.0,44.0,117.55,5172.2
XMVM,NFG,42801.0,42736.0,65.0,79.52,5168.8
QQA,FAST,29315.0,29198.0,117.0,44.17,5167.89
QQQJ,GH,64155.0,64101.0,54.0,95.7,5167.8
PRF,CG,44369.0,44471.0,-102.0,50.63,-5164.26
QQQJ,FOXA,98236.0,98154.0,82.0,62.94,5161.08
PRF,FLUT,19901.0,19952.0,-51.0,101.19,-5160.69
PRF,CCK,25186.0,25237.0,-51.0,101.19,-5160.69
XSVM,NTCT,122523.0,122655.0,-132.0,39.09,-5159.88
RZV,EMN,13463.0,13533.0,-70.0,73.65,-5155.5
DWAS,CVLG,56245.0,56400.0,-155.0,33.25,-5153.75
RWJ,FDP,114735.0,114595.0,140.0,36.81,5153.400000000001
OMFL,MANH,12908.0,12872.0,36.0,143.02,5148.72
SPVM,EQT,15531.0,15439.0,92.0,55.96,5148.32
PSCH,RCUS,59260.0,59057.0,203.0,25.36,5148.08
PRF,RPM,21348.0,21399.0,-51.0,100.81,-5141.31
RWJ,SCSC,91101.0,90989.0,112.0,45.9,5140.8
PKW,BANC,107204.0,107474.0,-270.0,19.04,-5140.8
QQA,FER,18364.0,18291.0,73.0,70.42,5140.66
DVVY,JPM,360.0,377.0,-17.0,302.1,-5135.700000000001
SPVM,PPL,24139.0,23996.0,143.0,35.91,5135.129999999999
RWL,NTRS,45087.0,45055.0,32.0,160.41,5133.12
PBUS,T,1229981.0,1229777.0,204.0,25.16,5132.64
SPHD,GPC,341543.0,341592.0,-49.0,104.72,-5131.28
PRF,PENN,101873.0,102179.0,-306.0,16.74,-5122.44
PRF,DECK,21926.0,21977.0,-51.0,100.42,-5121.42
DVVY,XYL,210.0,165.0,45.0,113.73,5117.85
DWAS,RLAY,146092.0,146493.0,-401.0,12.76,-5116.76
RWJ,MATX,23665.0,23637.0,28.0,182.72,5116.16
PBUS,TMO,65186.0,65175.0,11.0,465.0,5115.0
PRF,NE,32586.0,32688.0,-102.0,50.14,-5114.28
QQQJ,DKNG,241110.0,240910.0,200.0,25.52,5104.0
RWL,ED,67295.0,67247.0,48.0,106.31,5102.88
IQSZ,V,2575.0,2559.0,16.0,318.79,5100.64
QQQJ,MDGL,11223.0,11213.0,10.0,510.04,5100.400000000001
RWL,UHS,41376.0,41346.0,30.0,169.96,5098.8
RWJ,AMN,145891.0,145715.0,176.0,28.97,5098.719999999999
BKCH,BTCS,526416.0,528819.0,-2403.0,2.12,-5094.360000000001
QQQJ,FOX,109933.0,109843.0,90.0,56.6,5094.0
SPVM,RJF,5642.0,5609.0,33.0,154.33,5092.89
DWAS,AXGN,44113.0,44234.0,-121.0,42.06,-5089.26
QQQJ,MEDP,13884.0,13872.0,12.0,424.0,5088.0
OMFL,PFE,75474.0,75276.0,198.0,25.68,5084.64
QQA,XEL,15932.0,15868.0,64.0,79.39,5080.96
PRF,UAL,12460.0,12511.0,-51.0,99.58,-5078.58
XSVM,FULT,219186.0,219422.0,-236.0,21.5,-5074.0
XSVM,ACT,106588.0,106703.0,-115.0,44.04,-5064.599999999999
DWAS,PLXS,6773.0,6792.0,-19.0,266.55,-5064.45
PSCC,PSMT,18429.0,18397.0,32.0,158.26,5064.32
XSMO,CFFN,689461.0,688816.0,645.0,7.85,5063.25
XSVM,DCOM,126270.0,126406.0,-136.0,37.22,-5061.92
RWJ,CCS,75531.0,75439.0,92.0,55.01,5060.92
PRF,EPAM,11157.0,11208.0,-51.0,99.23,-5060.7300000000005
QQQJ,NTNX,132242.0,132132.0,110.0,46.0,5060.0
XSVM,HTH,124634.0,124768.0,-134.0,37.76,-5059.84
QQQJ,CHKP,52574.0,52530.0,44.0,114.93,5056.92
PBUS,AXP,95612.0,95596.0,16.0,316.03,5056.48
DWAS,ENS,8092.0,8114.0,-22.0,229.82,-5056.04
PRF,KBH,32388.0,32490.0,-102.0,49.52,-5051.04
IGPT,AVAV,5679.0,5649.0,30.0,168.29,5048.7
OMFL,CHD,19652.0,19598.0,54.0,93.44,5045.76
RWL,SPGI,15873.0,15861.0,12.0,420.12,5041.4400000000005
RWJ,CBRL,131451.0,131291.0,160.0,31.49,5038.4
OMFL,EXLS,62152.0,61990.0,162.0,31.08,5034.96
DWAS,IDCC,6497.0,6515.0,-18.0,279.61,-5032.9800000000005
AIQ,TDC,825084.0,824925.0,159.0,31.59,5022.81
RWL,VST,47316.0,47282.0,34.0,147.72,5022.48
SPVM,MS,4345.0,4319.0,26.0,193.09,5020.34
RWJ,JBTM,29078.0,29042.0,36.0,139.45,5020.2
XSVM,SPNT,198133.0,198347.0,-214.0,23.45,-5018.3
IGPT,ESTC,18429.0,18333.0,96.0,52.25,5016.0
DWAS,MKSI,5808.0,5824.0,-16.0,313.21,-5011.36
RWJ,GTES,157175.0,156983.0,192.0,26.09,5009.28
XSVM,SBH,330772.0,331129.0,-357.0,14.03,-5008.71
PSCH,SRPT,73253.0,73002.0,251.0,19.955,5008.705
XSVM,HFWA,168672.0,168854.0,-182.0,27.52,-5008.64
IGPT,NICE,10033.0,9979.0,54.0,92.73,5007.42
RWL,AON,24185.0,24169.0,16.0,312.79,5004.64
DWAS,ILPT,223483.0,224097.0,-614.0,8.15,-5004.1
RWL,ADI,16346.0,16334.0,12.0,416.52,4998.24
IQSZ,ADI,1868.0,1856.0,12.0,416.52,4998.24
QQQJ,IONS,80798.0,80732.0,66.0,75.71,4996.86
QQQJ,RYAAY,105164.0,105078.0,86.0,58.07,4994.02
RWL,GIS,204860.0,204716.0,144.0,34.68,4993.92
PRF,PNFP,26870.0,26921.0,-51.0,97.89,-4992.39
SPVM,WRB,12850.0,12774.0,76.0,65.68,4991.68
RWJ,REYN,188473.0,188245.0,228.0,21.88,4988.639999999999
OMFL,PINS,86834.0,86600.0,234.0,21.27,4977.18
OMFL,CLX,21031.0,20977.0,54.0,92.16,4976.639999999999
PBUS,AMGN,93415.0,93400.0,15.0,331.7,4975.5
XSVM,NWBI,331852.0,332210.0,-358.0,13.89,-4972.62
RWJ,AHCO,362606.0,362166.0,440.0,11.3,4972.0
OMFL,OSK,15121.0,15085.0,36.0,137.97,4966.92
OMFL,MCD,8433.0,8415.0,18.0,275.75,4963.5
XSVM,MTUS,249672.0,249941.0,-269.0,18.45,-4963.05
RWL,KMI,225499.0,225341.0,158.0,31.41,4962.78
PKW,HAE,35057.0,35147.0,-90.0,55.12,-4960.8
XSVM,ASTE,85891.0,85984.0,-93.0,53.34,-4960.62
PRF,ONB,70336.0,70540.0,-204.0,24.3,-4957.2
IQSZ,WMT,6165.0,6127.0,38.0,130.43,4956.34
PKW,EEFT,28922.0,28994.0,-72.0,68.83,-4955.76
PKW,ASH,35836.0,35926.0,-90.0,55.01,-4950.9
RWL,BX,57995.0,57955.0,40.0,123.77,4950.8
PRF,TROX,197756.0,198317.0,-561.0,8.82,-4948.02
PRF,POR,33936.0,34038.0,-102.0,48.51,-4948.0199999999995
PRF,OZK,35247.0,35349.0,-102.0,48.5,-4947.0
PRF,NVST,69679.0,69883.0,-204.0,24.24,-4944.96
DWAS,GKOS,13364.0,13401.0,-37.0,133.52,-4940.240000000001
RWJ,WU,447912.0,447368.0,544.0,9.07,4934.08
RZV,MTX,12035.0,12097.0,-62.0,79.51,-4929.62
PRF,MKC,45253.0,45355.0,-102.0,48.32,-4928.64
XSMO,ADAM,597179.0,596621.0,558.0,8.83,4927.14
OMFL,NOW,18083.0,18029.0,54.0,91.18,4923.72
XMVM,SLM,144026.0,143807.0,219.0,22.47,4920.929999999999
PRF,VNO,52887.0,53040.0,-153.0,32.16,-4920.48
PRF,GLPI,42574.0,42676.0,-102.0,48.22,-4918.44
RWJ,CRGY,326386.0,325990.0,396.0,12.4,4910.400000000001
PRF,SSB,18011.0,18062.0,-51.0,96.28,-4910.28
XSVM,CWK,320291.0,320637.0,-346.0,14.19,-4909.74
PBUS,CRM,162565.0,162538.0,27.0,181.82,4909.139999999999
PBUS,TJX,192660.0,192628.0,32.0,153.36,4907.52
XSVM,STEL,121801.0,121932.0,-131.0,37.46,-4907.26
RWL,FANG,37923.0,37897.0,26.0,188.7,4906.2
SPVM,NI,17805.0,17700.0,105.0,46.72,4905.599999999999
PRF,AMH,52401.0,52554.0,-153.0,32.03,-4900.59
RWL,DLTR,74269.0,74217.0,52.0,94.24,4900.48
PRF,VSCO,36737.0,36839.0,-102.0,48.04,-4900.08
RWJ,FUL,66002.0,65922.0,80.0,61.25,4900.0
RWJ,ENVA,24608.0,24580.0,28.0,174.9,4897.2
RSPE,NWS,2952.0,2796.0,156.0,31.31,4884.36
RWJ,SPNT,171432.0,171224.0,208.0,23.45,4877.599999999999
RWJ,BGC,350828.0,350400.0,428.0,11.39,4874.92
XSVM,RDN,118751.0,118879.0,-128.0,38.06,-4871.68
PRF,TTC,23282.0,23333.0,-51.0,95.5,-4870.5
OMFL,HWM,10381.0,10363.0,18.0,270.56,4870.08
RWJ,CALM,52068.0,52004.0,64.0,76.09,4869.76
PTH,RCUS,44630.0,44438.0,192.0,25.36,4869.12
DWAS,PTGX,17860.0,17909.0,-49.0,99.36,-4868.64
XSVM,RNST,112326.0,112447.0,-121.0,40.19,-4862.99
SPVM,SNA,2145.0,2132.0,13.0,374.0,4862.0
PRF,HXL,15197.0,15248.0,-51.0,95.32,-4861.32
DWAS,CMPR,19382.0,19435.0,-53.0,91.67,-4858.51
RWL,BSX,127900.0,127810.0,90.0,53.93,4853.7
PRF,BKU,34169.0,34271.0,-102.0,47.5,-4845.0
RWL,CSX,154952.0,154844.0,108.0,44.83,4841.639999999999
QQQJ,PSKY,528379.0,527943.0,436.0,11.09,4835.24
SPVM,JPM,2691.0,2675.0,16.0,302.1,4833.6
PRF,TDC,49602.0,49755.0,-153.0,31.59,-4833.2699999999995
DWAS,BLBD,24735.0,24803.0,-68.0,71.02,-4829.36
IQSZ,BK,5868.0,5831.0,37.0,130.5,4828.5
RWJ,SM,134092.0,133928.0,164.0,29.44,4828.16
DWAS,PRIM,16712.0,16758.0,-46.0,104.8,-4820.8
SPVM,GPC,7790.0,7744.0,46.0,104.72,4817.12
PRF,FWONK,17059.0,17110.0,-51.0,94.45,-4816.95
RWJ,NE,78972.0,78876.0,96.0,50.14,4813.4400000000005
PRF,OHI,39249.0,39351.0,-102.0,47.19,-4813.38
RWJ,WERN,109476.0,109344.0,132.0,36.42,4807.4400000000005
DWAS,ATRO,23163.0,23227.0,-64.0,75.08,-4805.12
RWL,RSG,32903.0,32879.0,24.0,200.02,4800.4800000000005
PBUS,WDC,59320.0,59310.0,10.0,480.0,4800.0
RWL,CHRW,40954.0,40926.0,28.0,171.39,4798.92
PRF,SAIC,21530.0,21581.0,-51.0,93.93,-4790.43
RWJ,TFX,28903.0,28867.0,36.0,133.06,4790.16
QYLG,AMAT,5542.0,5553.0,-11.0,435.44,-4789.84
PRF,WLK,18827.0,18878.0,-51.0,93.85,-4786.349999999999
RZV,MATW,32870.0,33040.0,-170.0,28.14,-4783.8
PRF,ACGL,18295.0,18346.0,-51.0,93.8,-4783.8
DWAS,R,7421.0,7441.0,-20.0,239.14,-4782.799999999999
PBUS,PANW,140192.0,140169.0,23.0,207.88,4781.24
DWAS,OUT,51306.0,51447.0,-141.0,33.9,-4779.9
PTH,STOK,33673.0,33528.0,145.0,32.89,4769.05
PGX,NAVI,437079.0,436521.0,558.0,8.54,4765.32
OMFL,UNP,9878.0,9860.0,18.0,264.65,4763.7
AIQ,DT,601179.0,601062.0,117.0,40.7,4761.900000000001
XSVM,CXW,217165.0,217399.0,-234.0,20.33,-4757.219999999999
RWJ,CNR,47354.0,47298.0,56.0,84.91,4754.96
IQSZ,TJX,4971.0,4940.0,31.0,153.36,4754.160000000001
PSCH,MD,58849.0,58647.0,202.0,23.51,4749.02
DWAS,CMP,62049.0,62219.0,-170.0,27.93,-4748.1
RZV,MHO,6857.0,6893.0,-36.0,131.87,-4747.32
XSVM,DNOW,336811.0,337174.0,-363.0,13.07,-4744.41
PRF,BJ,18184.0,18235.0,-51.0,92.97,-4741.47
XSVM,TRMK,98556.0,98662.0,-106.0,44.73,-4741.38
RZV,ARI,83133.0,83564.0,-431.0,11.0,-4741.0
PRF,TDS,42324.0,42426.0,-102.0,46.47,-4739.94
PBUS,GILD,215256.0,215220.0,36.0,131.33,4727.88
OMFL,CGNX,29389.0,29317.0,72.0,65.66,4727.5199999999995
XSMO,AORT,197286.0,197100.0,186.0,25.41,4726.26
RWJ,LTH,122497.0,122349.0,148.0,31.93,4725.64
GXPC,FWONK,2608.0,2558.0,50.0,94.45,4722.5
PSCH,NEOG,152064.0,151543.0,521.0,9.05,4715.05
SPVM,CNP,19129.0,19016.0,113.0,41.72,4714.36
RWJ,KTB,51789.0,51725.0,64.0,73.65,4713.6
DWAS,ADTN,114628.0,114943.0,-315.0,14.94,-4706.099999999999
DWAS,ESQ,16145.0,16189.0,-44.0,106.83,-4700.5199999999995
PRF,CLX,20217.0,20268.0,-51.0,92.16,-4700.16
RZV,IIPR,15788.0,15870.0,-82.0,57.29,-4697.78
RZV,ECPG,10720.0,10776.0,-56.0,83.88,-4697.28
OMFL,FIS,40240.0,40132.0,108.0,43.49,4696.92
PBUS,STX,37795.0,37789.0,6.0,782.64,4695.84
RWJ,TPH,81540.0,81440.0,100.0,46.95,4695.0
PRF,CNO,42780.0,42882.0,-102.0,46.02,-4694.04
PSCH,OMCL,31370.0,31263.0,107.0,43.82,4688.74
SPVM,DGX,4246.0,4221.0,25.0,187.39,4684.75
IQSZ,GS,908.0,903.0,5.0,936.48,4682.4
RWJ,SABR,1867664.0,1865392.0,2272.0,2.06,4680.32
QQQJ,COO,95450.0,95372.0,78.0,60.0,4680.0
RZV,NOG,38529.0,38729.0,-200.0,23.4,-4680.0
RWL,KVUE,380082.0,379816.0,266.0,17.59,4678.94
RWJ,ACA,28489.0,28453.0,36.0,129.94,4677.84
RZV,HUBG,20967.0,21076.0,-109.0,42.88,-4673.92
PKW,HGV,38024.0,38120.0,-96.0,48.67,-4672.32
OMFL,VICI,59303.0,59141.0,162.0,28.84,4672.08
PRF,SLG,31392.0,31494.0,-102.0,45.75,-4666.5
SPVM,LNT,10957.0,10892.0,65.0,71.76,4664.400000000001
PRF,AVTR,200780.0,201341.0,-561.0,8.31,-4661.91
PSCH,ADMA,166376.0,165806.0,570.0,8.17,4656.9
PKW,AEO,109824.0,110103.0,-279.0,16.68,-4653.72
PKW,HOG,72634.0,72817.0,-183.0,25.42,-4651.860000000001
PRF,SEIC,24381.0,24432.0,-51.0,91.18,-4650.18
SPVM,O,12685.0,12610.0,75.0,61.92,4644.0
PRF,GDDY,24751.0,24802.0,-51.0,91.02,-4642.0199999999995
PRF,NVAX,160363.0,160822.0,-459.0,10.11,-4640.49
DWAS,NPO,5580.0,5595.0,-15.0,309.22,-4638.3
RWJ,ETSY,59623.0,59551.0,72.0,64.38,4635.36
DWAS,PARR,26300.0,26372.0,-72.0,64.37,-4634.64
RWJ,ACHC,151089.0,150905.0,184.0,25.18,4633.12
XSVM,STBA,96756.0,96860.0,-104.0,44.52,-4630.08
DWAS,RUSHA,23405.0,23469.0,-64.0,72.31,-4627.84
PRF,PK,152002.0,152410.0,-408.0,11.32,-4618.56
PRF,PFSI,11766.0,11817.0,-51.0,90.54,-4617.54
RZV,SNDR,29021.0,29171.0,-150.0,30.75,-4612.5
RZV,AMTM,36374.0,36562.0,-188.0,24.53,-4611.64
PTH,ANNX,188689.0,187879.0,810.0,5.69,4608.900000000001
RWJ,SBH,270500.0,270172.0,328.0,14.03,4601.84
PFM,QCOM,29739.0,29760.0,-21.0,219.09,-4600.89
XSVM,TDS,92187.0,92286.0,-99.0,46.47,-4600.53
XSVM,OFG,92481.0,92581.0,-100.0,46.0,-4600.0
RWL,EXPE,28374.0,28354.0,20.0,229.98,4599.599999999999
DWAS,KGS,23950.0,24016.0,-66.0,69.65,-4596.900000000001
PRF,COLB,56539.0,56692.0,-153.0,30.04,-4596.12
XSVM,CATY,74145.0,74225.0,-80.0,57.45,-4596.0
DWAS,DNTH,19180.0,19233.0,-53.0,86.71,-4595.63
OMFL,DOX,27603.0,27531.0,72.0,63.75,4590.0
PRF,SWX,18590.0,18641.0,-51.0,89.95,-4587.45
RWL,ITW,26206.0,26188.0,18.0,254.76,4585.68
XSVM,FCF,228719.0,228966.0,-247.0,18.56,-4584.32
PSCC,COCO,37689.0,37625.0,64.0,71.6,4582.4
PFM,RTX,37413.0,37439.0,-26.0,176.09,-4578.34
DWAS,NBR,17113.0,17160.0,-47.0,97.4,-4577.8
OMFL,ECL,7515.0,7497.0,18.0,254.22,4575.96
RWL,ECL,25752.0,25734.0,18.0,254.22,4575.96
DWAS,AZZ,11272.0,11303.0,-31.0,147.6,-4575.599999999999
SPVM,LH,2993.0,2975.0,18.0,254.12,4574.16
RZV,FBRT,97064.0,97567.0,-503.0,9.09,-4572.2699999999995
DWAS,BIOA,92592.0,92846.0,-254.0,17.99,-4569.46
RZV,MATX,4880.0,4905.0,-25.0,182.72,-4568.0
AIQ,WIX,291939.0,291882.0,57.0,80.12,4566.84
QQA,EXC,26108.0,26004.0,104.0,43.91,4566.639999999999
RWJ,ESI,85295.0,85191.0,104.0,43.9,4565.599999999999
PRF,BRX,58633.0,58786.0,-153.0,29.84,-4565.5199999999995
RWJ,RUN,255106.0,254794.0,312.0,14.61,4558.32
OMFL,USFD,19073.0,19019.0,54.0,84.4,4557.6
RZV,TALO,58673.0,58977.0,-304.0,14.99,-4556.96
GNOM,EDIT,54725.0,56190.0,-1465.0,3.11,-4556.15
PSCH,PGNY,56049.0,55857.0,192.0,23.72,4554.24
RWL,TXT,70395.0,70345.0,50.0,91.01,4550.5
XSVM,TMP,48780.0,48833.0,-53.0,85.77,-4545.8099999999995
RWL,FITB,131648.0,131556.0,92.0,49.33,4538.36
DWAS,SPHR,12547.0,12581.0,-34.0,133.33,-4533.22
DWAS,NHC,8649.0,8673.0,-24.0,188.82,-4531.68
QQQJ,DPZ,16452.0,16438.0,14.0,323.48,4528.72
SPVM,UBER,10199.0,10139.0,60.0,75.45,4527.0
XSVM,HAFC,138119.0,138268.0,-149.0,30.37,-4525.13
PRF,NNN,35232.0,35334.0,-102.0,44.36,-4524.72
SPVM,ATO,4262.0,4237.0,25.0,180.87,4521.75
QQQJ,ZBRA,24060.0,24040.0,20.0,226.03,4520.6
PKW,LBTYA,146733.0,147105.0,-372.0,12.15,-4519.8
DWAS,ULS,16368.0,16413.0,-45.0,100.44,-4519.8
RZV,DEA,37176.0,37369.0,-193.0,23.35,-4506.55
XSVM,AGO,55624.0,55684.0,-60.0,75.05,-4503.0
SPVM,CMS,10534.0,10472.0,62.0,72.61,4501.82
DWAS,MIRM,15221.0,15263.0,-42.0,107.16,-4500.72
PBUS,ISRG,61499.0,61489.0,10.0,450.06,4500.6
PRF,SKYW,10646.0,10697.0,-51.0,88.23,-4499.7300000000005
RWL,DTE,46310.0,46278.0,32.0,140.6,4499.2
PBUS,UNP,102909.0,102892.0,17.0,264.65,4499.049999999999
DWAS,UVE,41527.0,41641.0,-114.0,39.44,-4496.16
RWJ,WSC,129897.0,129737.0,160.0,28.1,4496.0
DWAS,LIND,77374.0,77587.0,-213.0,21.1,-4494.3
PRF,IAC,37566.0,37668.0,-102.0,44.06,-4494.12
RZV,APLE,61296.0,61614.0,-318.0,14.13,-4493.34
PRF,APG,29816.0,29918.0,-102.0,44.04,-4492.08
PBUS,APH,212363.0,212328.0,35.0,128.03,4481.05
XSVM,EFC,304933.0,305262.0,-329.0,13.62,-4480.98
QQA,IDXX,2032.0,2024.0,8.0,560.11,4480.88
RWJ,NAVI,429788.0,429264.0,524.0,8.54,4474.959999999999
DWAS,STOK,49678.0,49814.0,-136.0,32.89,-4473.04
RZV,APOG,23531.0,23653.0,-122.0,36.65,-4471.3
IQSZ,TRV,2294.0,2279.0,15.0,298.04,4470.6
OMFL,DUK,11082.0,11046.0,36.0,124.17,4470.12
RWL,WRB,96154.0,96086.0,68.0,65.68,4466.240000000001
XSMO,TR,111760.0,111655.0,105.0,42.5,4462.5
PRF,MAC,64973.0,65177.0,-204.0,21.87,-4461.4800000000005
IQSZ,MA,1494.0,1485.0,9.0,495.48,4459.32
PRF,AXTA,46823.0,46976.0,-153.0,29.13,-4456.889999999999
XSVM,PMT,375867.0,376272.0,-405.0,11.0,-4455.0
PRF,SIG,20303.0,20354.0,-51.0,87.3,-4452.3
GXPC,SATS,1721.0,1686.0,35.0,127.15,4450.25
RWL,XEL,80347.0,80291.0,56.0,79.39,4445.84
SPVM,XEL,9508.0,9452.0,56.0,79.39,4445.84
QQA,CCEP,11701.0,11654.0,47.0,94.57,4444.79
DWAS,DAN,46716.0,46844.0,-128.0,34.7,-4441.6
DWAS,LQDA,38143.0,38248.0,-105.0,42.3,-4441.5
PFM,LIN,12916.0,12925.0,-9.0,493.16,-4438.4400000000005
XSVM,SBSI,123434.0,123567.0,-133.0,33.37,-4438.21
XSVM,UCB,123489.0,123622.0,-133.0,33.36,-4436.88
RWJ,VSTS,394346.0,393866.0,480.0,9.24,4435.2
RZV,BTU,36357.0,36545.0,-188.0,23.59,-4434.92
DWAS,ENTA,105025.0,105314.0,-289.0,15.34,-4433.26
PRF,AMN,59732.0,59885.0,-153.0,28.97,-4432.41
PRF,VLTO,20162.0,20213.0,-51.0,86.84,-4428.84
PRF,UBSI,38720.0,38822.0,-102.0,43.41,-4427.82
RWJ,PENG,81493.0,81393.0,100.0,44.23,4423.0
PRF,FLR,41413.0,41515.0,-102.0,43.31,-4417.62
XSVM,BKU,86419.0,86512.0,-93.0,47.5,-4417.5
RWL,JBHT,25307.0,25289.0,18.0,245.4,4417.2
PBUS,ETN,67382.0,67371.0,11.0,401.51,4416.61
QYLG,PLTR,16007.0,16039.0,-32.0,137.8,-4409.6
OMFL,MPC,5504.0,5486.0,18.0,244.87,4407.66
XSVM,HMN,92118.0,92217.0,-99.0,44.51,-4406.49
PNQI,ROKU,20187.0,20221.0,-34.0,129.53,-4404.02
DWAS,CUBI,20775.0,20832.0,-57.0,77.26,-4403.820000000001
XSVM,AUB,107112.0,107228.0,-116.0,37.96,-4403.36
DWAS,GPRE,88194.0,88436.0,-242.0,18.19,-4401.9800000000005
DWAS,JXN,14158.0,14197.0,-39.0,112.78,-4398.42
PBUS,ANET,185710.0,185679.0,31.0,141.77,4394.87
IQSZ,PH,907.0,902.0,5.0,878.83,4394.150000000001
DWAS,PPIH,47314.0,47444.0,-130.0,33.78,-4391.400000000001
PSCH,CRVL,21814.0,21739.0,75.0,58.52,4389.0
PRF,DCI,19057.0,19108.0,-51.0,86.0,-4386.0
DWAS,MATX,8803.0,8827.0,-24.0,182.72,-4385.28
PSCH,ADUS,12751.0,12707.0,44.0,99.57,4381.08
PRF,HCC,16730.0,16781.0,-51.0,85.87,-4379.37
DWAS,YOU,27985.0,28062.0,-77.0,56.81,-4374.37
PRF,HUBG,38518.0,38620.0,-102.0,42.88,-4373.76
PRF,SR,15162.0,15213.0,-51.0,85.7,-4370.7
PRF,CBT,16526.0,16577.0,-51.0,85.68,-4369.68
PRF,ASB,48050.0,48203.0,-153.0,28.55,-4368.150000000001
PKW,ANAB,24432.0,24495.0,-63.0,69.33,-4367.79
PRF,BYD,15754.0,15805.0,-51.0,85.64,-4367.64
RZV,SSTK,49401.0,49657.0,-256.0,17.06,-4367.36
DWAS,PACS,47187.0,47317.0,-130.0,33.59,-4366.700000000001
PFM,IBM,26143.0,26162.0,-19.0,229.76,-4365.44
IQSZ,CVX,3703.0,3679.0,24.0,181.62,4358.88
XSVM,NMIH,103822.0,103934.0,-112.0,38.87,-4353.44
RZV,RHI,31023.0,31184.0,-161.0,27.03,-4351.83
OMFL,FERG,10311.0,10293.0,18.0,241.34,4344.12
RWJ,FMC,265315.0,264991.0,324.0,13.4,4341.6
PRF,SNAP,261718.0,262432.0,-714.0,6.08,-4341.12
PBUS,BLK,25464.0,25460.0,4.0,1084.83,4339.32
XSVM,CALM,52851.0,52908.0,-57.0,76.09,-4337.13
PRF,GPK,138799.0,139207.0,-408.0,10.63,-4337.04
PSCH,SEM,77036.0,76772.0,264.0,16.41,4332.24
PRF,OGS,15792.0,15843.0,-51.0,84.91,-4330.41
PRF,CNR,12923.0,12974.0,-51.0,84.91,-4330.41
QQQJ,BNTX,55762.0,55716.0,46.0,94.125,4329.75
RWJ,CNK,130499.0,130339.0,160.0,27.06,4329.599999999999
DWAS,KYTX,168497.0,168960.0,-463.0,9.35,-4329.05
PRF,SIGI,13323.0,13374.0,-51.0,84.78,-4323.78
RWJ,GIII,111468.0,111332.0,136.0,31.77,4320.72
XSVM,TRST,81417.0,81505.0,-88.0,49.06,-4317.280000000001
QQQJ,PODD,34432.0,34404.0,28.0,154.16,4316.48
RWL,AIZ,26227.0,26209.0,18.0,239.67,4314.0599999999995
RWL,EL,71088.0,71038.0,50.0,86.2,4310.0
PRF,U,60971.0,61124.0,-153.0,28.16,-4308.4800000000005
PRF,UFPI,26976.0,27027.0,-51.0,84.38,-4303.38
QQQJ,WYNN,50852.0,50810.0,42.0,102.42,4301.64
PBUS,UBER,342471.0,342414.0,57.0,75.45,4300.650000000001
RWJ,ENR,187313.0,187085.0,228.0,18.86,4300.08
PBUS,GLW,141302.0,141279.0,23.0,186.94,4299.62
PBUS,WELL,119078.0,119058.0,20.0,214.63,4292.6
XSVM,FHB,145184.0,145341.0,-157.0,27.34,-4292.38
DWAS,GNW,170981.0,171451.0,-470.0,9.13,-4291.1
RWL,REGN,8217.0,8211.0,6.0,714.89,4289.34
DWAS,AEIS,4367.0,4379.0,-12.0,357.24,-4286.88
DWAS,MCY,15512.0,15555.0,-43.0,99.67,-4285.81
PRF,LW,33182.0,33284.0,-102.0,42.01,-4285.0199999999995
QQQJ,KTOS,90289.0,90215.0,74.0,57.89,4283.86
DWAS,BKD,119957.0,120287.0,-330.0,12.98,-4283.400000000001
AIQ,OKTA,269700.0,269649.0,51.0,83.9,4278.900000000001
PRF,OKTA,17667.0,17718.0,-51.0,83.9,-4278.900000000001
RWJ,TDS,73974.0,73882.0,92.0,46.47,4275.24
RWJ,VYX,419448.0,418936.0,512.0,8.35,4275.2
RWJ,SLVM,83966.0,83862.0,104.0,41.1,4274.400000000001
PRF,NSIT,16497.0,16548.0,-51.0,83.79,-4273.29
PKW,PENN,100750.0,101005.0,-255.0,16.74,-4268.7
RWJ,CNXN,51983.0,51919.0,64.0,66.65,4265.6
QQA,PYPL,23504.0,23410.0,94.0,45.37,4264.78
PTH,BIOA,55277.0,55040.0,237.0,17.99,4263.629999999999
OMFL,J,12031.0,11995.0,36.0,118.43,4263.4800000000005
RWL,DASH,35916.0,35890.0,26.0,163.93,4262.18
PSCC,CALM,32699.0,32643.0,56.0,76.09,4261.04
DWAS,MCB,16929.0,16976.0,-47.0,90.53,-4254.91
PRF,MGY,46311.0,46464.0,-153.0,27.8,-4253.400000000001
PRF,AEO,85947.0,86202.0,-255.0,16.68,-4253.4
PBUS,SCHW,292766.0,292718.0,48.0,88.61,4253.28
PRF,CPB,73052.0,73256.0,-204.0,20.84,-4251.36
XSVM,CUBI,51305.0,51360.0,-55.0,77.26,-4249.3
OMFL,NTAP,15833.0,15797.0,36.0,118.0,4248.0
PTH,MLTX,58016.0,57767.0,249.0,17.06,4247.94
QQQJ,SNY,119703.0,119605.0,98.0,43.31,4244.38
DWAS,ESE,5240.0,5254.0,-14.0,303.11,-4243.54
RWJ,MLKN,212754.0,212494.0,260.0,16.32,4243.2
RWL,MTB,28730.0,28710.0,20.0,212.14,4242.799999999999
RWJ,CRC,59015.0,58943.0,72.0,58.92,4242.24
XSMO,SMP,112458.0,112353.0,105.0,40.4,4242.0
RWL,ETR,55090.0,55052.0,38.0,111.59,4240.42
RWJ,AIR,29847.0,29811.0,36.0,117.78,4240.08
DWAS,FDMT,152149.0,152567.0,-418.0,10.14,-4238.52
PRF,SW,33957.0,34059.0,-102.0,41.55,-4238.099999999999
DWAS,RCUS,60854.0,61021.0,-167.0,25.36,-4235.12
OMFL,STLD,5287.0,5269.0,18.0,235.1,4231.8
DWAS,SEI,20947.0,21005.0,-58.0,72.96,-4231.679999999999
PNQI,BIDU,16961.0,16991.0,-30.0,141.05,-4231.5
SPVM,APTV,12401.0,12328.0,73.0,57.94,4229.62
PRF,Z,29165.0,29267.0,-102.0,41.43,-4225.86
PRF,SFM,15985.0,16036.0,-51.0,82.83,-4224.33
DWAS,ALSN,12342.0,12376.0,-34.0,124.18,-4222.12
PRF,WH,16488.0,16539.0,-51.0,82.67,-4216.17
PBUS,ABT,301684.0,301634.0,50.0,84.32,4216.0
PRF,LUV,33648.0,33750.0,-102.0,41.31,-4213.62
RWL,SRE,65669.0,65623.0,46.0,91.53,4210.38
DWAS,OPY,16166.0,16210.0,-44.0,95.6,-4206.4
XSVM,INVX,146489.0,146647.0,-158.0,26.6,-4202.8
DWAS,CLMT,47524.0,47655.0,-131.0,32.08,-4202.48
DWAS,SEPN,63957.0,64133.0,-176.0,23.87,-4201.12
IGPT,NEM,7509.0,7473.0,36.0,116.51,4194.360000000001
DWAS,HWC,22274.0,22335.0,-61.0,68.76,-4194.360000000001
IGPT,RDNT,14270.0,14198.0,72.0,58.19,4189.68
AIQ,GEHC,347787.0,347721.0,66.0,63.47,4189.0199999999995
QQA,TTWO,4729.0,4710.0,19.0,220.45,4188.55
RWJ,PATK,37402.0,37358.0,44.0,95.17,4187.4800000000005
XSVM,MCY,38857.0,38899.0,-42.0,99.67,-4186.14
PBUS,PFE,986429.0,986266.0,163.0,25.68,4185.84
PRF,ZD,33153.0,33255.0,-102.0,41.02,-4184.04
RWJ,STC,50547.0,50487.0,60.0,69.73,4183.8
RWJ,DNOW,263734.0,263414.0,320.0,13.07,4182.4
QQA,TRI,11177.13,11132.13,45.0,92.94,4182.3
RWJ,UCTT,38982.0,38934.0,48.0,87.1,4180.799999999999
XSVM,ARR,219589.0,219826.0,-237.0,17.63,-4178.3099999999995
RZV,GEO,36995.0,37187.0,-192.0,21.76,-4177.92
PRF,WAL,21043.0,21094.0,-51.0,81.9,-4176.900000000001
DWAS,CGEM,104311.0,104598.0,-287.0,14.55,-4175.85
PFM,PEP,38091.0,38118.0,-27.0,154.62,-4174.74
RWJ,AMRX,258791.0,258475.0,316.0,13.2,4171.2
DWAS,MBIN,32682.0,32772.0,-90.0,46.33,-4169.7
PRF,ALK,38735.0,38837.0,-102.0,40.84,-4165.68
PFM,ADI,13606.0,13616.0,-10.0,416.52,-4165.2
QQA,ODFL,5318.0,5297.0,21.0,198.33,4164.93
OMFL,A,10430.0,10394.0,36.0,115.62,4162.32
PRF,VOYA,22104.0,22155.0,-51.0,81.59,-4161.09
XSVM,CVI,115075.0,115199.0,-124.0,33.55,-4160.2
SPVM,GD,2081.0,2069.0,12.0,346.53,4158.36
PRF,SPB,26129.0,26180.0,-51.0,81.47,-4154.97
RZV,ABR,111091.0,111667.0,-576.0,7.21,-4152.96
RWJ,HE,228506.0,228226.0,280.0,14.83,4152.4
PSCH,UFPT,5390.0,5372.0,18.0,230.55,4149.900000000001
XSVM,INDB,49174.0,49227.0,-53.0,78.2,-4144.6
PRF,SHOO,33135.0,33237.0,-102.0,40.61,-4142.22
PRF,WKC,53875.0,54028.0,-153.0,27.07,-4141.71
OMFL,EXPE,5788.0,5770.0,18.0,229.98,4139.639999999999
RWL,APD,19506.0,19492.0,14.0,295.41,4135.740000000001
DWAS,ALNT,22663.0,22725.0,-62.0,66.69,-4134.78
DWAS,DBD,19110.0,19163.0,-53.0,78.01,-4134.530000000001
QQA,ALNY,3390.0,3376.0,14.0,295.05,4130.7
GXPC,ASTS,2728.0,2673.0,55.0,75.05,4127.75
PRF,CUBE,35811.0,35913.0,-102.0,40.46,-4126.92
DWAS,GLRE,84006.0,84237.0,-231.0,17.86,-4125.66
OMFL,LOW,6809.0,6791.0,18.0,229.2,4125.599999999999
XSVM,AVA,93671.0,93772.0,-101.0,40.82,-4122.82
IQSZ,INTC,5140.0,5107.0,33.0,124.92,4122.36
XSVM,BANC,200601.0,200817.0,-216.0,19.04,-4112.639999999999
OMFL,MDT,23977.0,23923.0,54.0,76.15,4112.1
XSVM,BBT,131484.0,131626.0,-142.0,28.93,-4108.06
PRF,ABM,34646.0,34748.0,-102.0,40.2,-4100.400000000001
OMFL,NUE,4601.0,4583.0,18.0,227.5,4095.0
PRF,CUZ,58145.0,58298.0,-153.0,26.76,-4094.28
RWL,EBAY,54169.0,54131.0,38.0,107.69,4092.22
DWAS,ANAB,21448.0,21507.0,-59.0,69.33,-4090.47
PBUS,MRVL,147133.0,147109.0,24.0,170.13,4083.12
RWL,VRT,16918.0,16906.0,12.0,339.97,4079.6400000000003
RWL,CFG,91478.0,91414.0,64.0,63.73,4078.72
RWL,FE,132177.0,132085.0,92.0,44.33,4078.3599999999997
PRF,KRG,46830.0,46983.0,-153.0,26.63,-4074.39
PRF,PHIN,20993.0,21044.0,-51.0,79.87,-4073.3700000000003
XSVM,BANR,57898.0,57960.0,-62.0,65.67,-4071.54
AIQ,ZBRA,99820.0,99802.0,18.0,226.03,4068.54
RWJ,KFY,50414.0,50354.0,60.0,67.78,4066.8
XSVM,ABCB,43772.0,43819.0,-47.0,86.52,-4066.4399999999996
RWL,LH,22885.0,22869.0,16.0,254.12,4065.92
OMFL,DKS,6983.0,6965.0,18.0,225.81,4064.58
RWJ,SHOO,81124.0,81024.0,100.0,40.61,4061.0
PRF,NFG,18161.0,18212.0,-51.0,79.52,-4055.52
QQQJ,NWSA,181063.0,180913.0,150.0,27.02,4053.0
RWL,IFF,70308.0,70258.0,50.0,81.05,4052.5
RWL,IBKR,67648.0,67600.0,48.0,84.42,4052.16
PRF,NYT,20669.0,20720.0,-51.0,79.41,-4049.91
PSCH,VCEL,35354.0,35233.0,121.0,33.46,4048.6600000000003
PSCH,ASTH,30159.0,30056.0,103.0,39.3,4047.8999999999996
DWAS,KYMR,17194.0,17241.0,-47.0,86.08,-4045.7599999999998
DWAS,PUMP,93996.0,94254.0,-258.0,15.68,-4045.44
XSVM,STC,53918.0,53976.0,-58.0,69.73,-4044.34
OMFL,PKG,8504.0,8486.0,18.0,224.59,4042.62
XSVM,CPF,107896.0,108012.0,-116.0,34.79,-4035.64
RZV,CFFN,99222.0,99736.0,-514.0,7.85,-4034.8999999999996
OMFL,CSX,33401.0,33311.0,90.0,44.83,4034.7
XSVM,GRBK,56574.0,56635.0,-61.0,66.09,-4031.4900000000002
SPVM,EXE,7052.0,7010.0,42.0,95.94,4029.48
RWL,BLDR,73963.0,73911.0,52.0,77.4,4024.8
IQSZ,NFLX,7334.0,7288.0,46.0,87.49,4024.54
PBUS,DE,44395.0,44388.0,7.0,574.84,4023.88
IQSZ,PEP,4060.0,4034.0,26.0,154.62,4020.12
DWAS,CWCO,44548.0,44670.0,-122.0,32.92,-4016.2400000000002
QQQJ,TTD,211714.0,211540.0,174.0,23.08,4015.9199999999996
RWJ,UNIT,291587.0,291231.0,356.0,11.28,4015.68
DWAS,IONS,19126.0,19179.0,-53.0,75.71,-4012.6299999999997
SPVM,WBD,24958.0,24810.0,148.0,27.11,4012.2799999999997
QQA,KDP,34688.0,34549.0,139.0,28.83,4007.37
DWAS,PRDO,40271.0,40382.0,-111.0,36.04,-4000.44
XSVM,MATW,131209.0,131351.0,-142.0,28.14,-3995.88
DWAS,NPKI,97028.0,97295.0,-267.0,14.95,-3991.6499999999996
PRF,SOLS,24215.0,24266.0,-51.0,78.25,-3990.75
PRF,NTCT,35057.0,35159.0,-102.0,39.09,-3987.1800000000003
PRF,P,19577.0,19628.0,-51.0,78.16,-3986.16
PBUS,COP,214283.0,214248.0,35.0,113.87,3985.4500000000003
DWAS,LGND,6511.0,6529.0,-18.0,221.41,-3985.38
XSVM,NWN,72888.0,72967.0,-79.0,50.44,-3984.7599999999998
RWJ,HZO,93989.0,93873.0,116.0,34.32,3981.12
RWJ,RHP,29484.0,29448.0,36.0,110.55,3979.7999999999997
PRF,ANF,12410.0,12461.0,-51.0,77.99,-3977.49
RWL,AJG,29462.0,29442.0,20.0,198.87,3977.4
PRF,GMED,15514.0,15565.0,-51.0,77.95,-3975.4500000000003
PRF,STAG,33867.0,33969.0,-102.0,38.95,-3972.9
DWAS,CGON,20856.0,20913.0,-57.0,69.62,-3968.34
DWAS,NVRI,74962.0,75168.0,-206.0,19.26,-3967.5600000000004
RWL,HBAN,350125.0,349879.0,246.0,16.12,3965.5200000000004
PRF,SCI,23865.0,23916.0,-51.0,77.72,-3963.72
OMFL,SOLV,21927.0,21873.0,54.0,73.38,3962.5199999999995
RWL,ABNB,40914.0,40886.0,28.0,141.49,3961.7200000000003
OMFL,FSLR,4063.0,4045.0,18.0,219.95,3959.1
PRF,GGG,19639.0,19690.0,-51.0,77.59,-3957.09
RWJ,CRI,91753.0,91641.0,112.0,35.33,3956.96
OMFL,DOV,3859.0,3841.0,18.0,219.83,3956.94
PKW,PBI,100065.0,100317.0,-252.0,15.7,-3956.3999999999996
PNQI,GRAB,612297.0,613359.0,-1062.0,3.72,-3950.6400000000003
DWAS,LBRT,43378.0,43497.0,-119.0,33.11,-3940.09
DWAS,AMG,4907.0,4920.0,-13.0,302.8,-3936.4
OMFL,ZM,12013.0,11977.0,36.0,109.21,3931.56
RWL,LVS,105411.0,105337.0,74.0,53.11,3930.14
PRF,BAH,26501.0,26552.0,-51.0,77.04,-3929.0400000000004
PRF,HOOD,19255.0,19306.0,-51.0,77.03,-3928.53
OMFL,SBAC,7590.0,7572.0,18.0,218.17,3927.06
RWJ,PRG,89519.0,89411.0,108.0,36.34,3924.7200000000003
RWL,DRI,27435.0,27415.0,20.0,196.23,3924.6
PRF,MAT,84622.0,84877.0,-255.0,15.39,-3924.4500000000003
DWAS,SXI,5328.0,5343.0,-15.0,261.42,-3921.3
XSVM,LCII,30846.0,30879.0,-33.0,118.82,-3921.06
DWAS,ANNX,250821.0,251510.0,-689.0,5.69,-3920.4100000000003
PFM,VZ,117554.0,117637.0,-83.0,47.22,-3919.2599999999998
IQSZ,AMAT,1624.0,1615.0,9.0,435.44,3918.96
PRF,PNR,21485.0,21536.0,-51.0,76.82,-3917.8199999999997
DWAS,AX,16437.0,16482.0,-45.0,86.98,-3914.1000000000004
RZV,NSP,23104.0,23224.0,-120.0,32.59,-3910.8
RWL,FIX,2858.0,2856.0,2.0,1952.37,3904.74
RWL,LDOS,43930.0,43900.0,30.0,130.11,3903.3
PRF,BXMT,81986.0,82190.0,-204.0,19.13,-3902.52
PRF,SF,22061.0,22112.0,-51.0,76.5,-3901.5
GXPC,RDDT,1195.0,1170.0,25.0,155.8,3895.0000000000005
PRFZ,ULCC,178151.0,177415.0,736.0,5.29,3893.44
XSVM,BTU,152874.0,153039.0,-165.0,23.59,-3892.35
PSCH,INVA,49654.0,49484.0,170.0,22.89,3891.3
RWL,OTIS,75333.0,75281.0,52.0,74.82,3890.6399999999994
PBUS,PLD,161158.0,161131.0,27.0,144.09,3890.4300000000003
PRF,ADC,15285.0,15336.0,-51.0,76.22,-3887.22
PRF,RDN,45472.0,45574.0,-102.0,38.06,-3882.1200000000003
PRF,CALM,12233.0,12284.0,-51.0,76.09,-3880.59
DWAS,CVCO,2900.0,2908.0,-8.0,484.54,-3876.32
RWL,CINF,34166.0,34142.0,24.0,161.5,3876.0
RWJ,GFF,37262.0,37218.0,44.0,88.02,3872.8799999999997
PKW,SPNT,64797.0,64962.0,-165.0,23.45,-3869.25
DWAS,DK,30650.0,30734.0,-84.0,46.04,-3867.36
DWAS,FET,26086.0,26158.0,-72.0,53.71,-3867.12
RWJ,UVV,60664.0,60592.0,72.0,53.7,3866.4
AIQ,SOUN,2263895.0,2263460.0,435.0,8.88,3862.8
RWL,BALL,95056.0,94990.0,66.0,58.52,3862.32
XMVM,KD,207263.0,206948.0,315.0,12.26,3861.9
PFM,MCD,19800.0,19814.0,-14.0,275.75,-3860.5
DWAS,WTS,4651.0,4664.0,-13.0,296.9,-3859.7
PNQI,OKTA,26168.0,26214.0,-46.0,83.9,-3859.4
RWL,ES,81292.0,81234.0,58.0,66.51,3857.5800000000004
PNQI,JD,73888.0,74016.0,-128.0,30.13,-3856.64
PSCH,PRGO,96205.0,95876.0,329.0,11.71,3852.59
PRF,ACHC,60299.0,60452.0,-153.0,25.18,-3852.54
XSMO,NPK,30180.0,30153.0,27.0,142.48,3846.9599999999996
DWAS,GOLF,15144.0,15186.0,-42.0,91.55,-3845.1
RWL,KEY,252161.0,251983.0,178.0,21.6,3844.8
RWJ,GBX,62137.0,62061.0,76.0,50.55,3841.7999999999997
RWL,AES,381358.0,381090.0,268.0,14.33,3840.44
DWAS,MLTX,81905.0,82130.0,-225.0,17.06,-3838.4999999999995
PRF,BKH,21976.0,22027.0,-51.0,75.23,-3836.73
PBUS,HON,110144.0,110126.0,18.0,213.12,3836.16
AIQ,WDAY,162515.0,162485.0,30.0,127.83,3834.9
OMFL,ADP,8602.0,8584.0,18.0,212.995,3833.91
RWJ,RNG,70487.0,70403.0,84.0,45.63,3832.92
PRF,LPX,16939.0,16990.0,-51.0,75.15,-3832.65
DWAS,SLS,278284.0,279049.0,-765.0,5.01,-3832.6499999999996
QQQJ,DOCU,97939.0,97859.0,80.0,47.9,3832.0
DWAS,SLDB,191650.0,192177.0,-527.0,7.27,-3831.29
RWJ,PBI,198838.0,198594.0,244.0,15.7,3830.7999999999997
RZV,CRC,12583.0,12648.0,-65.0,58.92,-3829.8
IQSZ,ABBV,2985.0,2966.0,19.0,201.55,3829.4500000000003
RWL,HSIC,76456.0,76402.0,54.0,70.82,3824.2799999999997
PFM,NEE,58071.0,58112.0,-41.0,93.1,-3817.1
PBUS,BKNG,139705.0,139682.0,23.0,165.93,3816.3900000000003
XSVM,CVBF,173345.0,173532.0,-187.0,20.33,-3801.7099999999996
AIQ,QUBT,2056482.0,2056086.0,396.0,9.6,3801.6
RWL,HLT,17981.0,17969.0,12.0,316.78,3801.3599999999997
RWJ,OII,85835.0,85731.0,104.0,36.54,3800.16
XSVM,ETD,172104.0,172290.0,-186.0,20.39,-3792.54
PRF,ATKR,21805.0,21856.0,-51.0,74.29,-3788.7900000000004
PTH,SNDX,40957.0,40781.0,176.0,21.49,3782.24
RWL,DD,107028.0,106952.0,76.0,49.76,3781.7599999999998
PRF,HE,93908.0,94163.0,-255.0,14.83,-3781.65
PBUS,SPGI,53777.0,53768.0,9.0,420.12,3781.08
PRF,HELE,50131.0,50284.0,-153.0,24.71,-3780.63
OMFL,SBUX,15889.0,15853.0,36.0,104.93,3777.4800000000005
AIQ,SNAP,3221723.0,3221102.0,621.0,6.08,3775.68
DWAS,LAUR,41749.0,41864.0,-115.0,32.81,-3773.15
PRF,MTCH,36462.0,36564.0,-102.0,36.96,-3769.92
PRF,AVNT,35482.0,35584.0,-102.0,36.89,-3762.78
PKW,TBBK,26595.0,26661.0,-66.0,57.0,-3762.0
PKW,FRSH,168888.0,169314.0,-426.0,8.83,-3761.58
RWL,EXPD,34864.0,34840.0,24.0,156.69,3760.56
DWAS,NGS,35193.0,35290.0,-97.0,38.75,-3758.75
IMFL,SAN,158047.0,157741.0,306.0,12.28,3757.68
OMFL,MSM,11889.0,11853.0,36.0,104.28,3754.08
PRF,KD,113914.0,114220.0,-306.0,12.26,-3751.56
RWL,NSC,18146.0,18134.0,12.0,312.01,3744.12
RWL,PANW,26599.0,26581.0,18.0,207.88,3741.84
OMFL,PANW,7083.0,7065.0,18.0,207.88,3741.84
QYLG,TXN,6322.0,6335.0,-13.0,287.8,-3741.4
PGX,VLY,221534.0,221255.0,279.0,13.41,3741.39
PRF,DAL,27552.0,27603.0,-51.0,73.33,-3739.83
RWL,ICE,34451.0,34427.0,24.0,155.82,3739.68
QYLG,KLAC,914.0,916.0,-2.0,1869.19,-3738.38
IQSZ,KLAC,335.0,333.0,2.0,1869.19,3738.38
RWL,KLAC,3867.0,3865.0,2.0,1869.19,3738.38
OMFL,YETI,35061.0,34971.0,90.0,41.53,3737.7000000000003
DWAS,SENEA,9791.0,9818.0,-27.0,138.4,-3736.8
OMFL,SFD,57209.0,57065.0,144.0,25.95,3736.7999999999997
QQQJ,ICLR,37388.0,37358.0,30.0,124.49,3734.7
OMFL,CROX,10832.0,10796.0,36.0,103.63,3730.68
RWL,WAB,20137.0,20123.0,14.0,265.71,3719.9399999999996
DWAS,RIG,211318.0,211899.0,-581.0,6.4,-3718.4
PRF,ENPH,29034.0,29136.0,-102.0,36.45,-3717.9
PRF,FIBK,33772.0,33874.0,-102.0,36.42,-3714.84
PRF,CNXC,46077.0,46230.0,-153.0,24.27,-3713.31
PRF,PRG,31523.0,31625.0,-102.0,36.34,-3706.6800000000003
DWAS,BDC,11942.0,11975.0,-33.0,112.3,-3705.9
XSVM,SKYW,38487.0,38529.0,-42.0,88.23,-3705.6600000000003
PTH,VRDN,52033.0,51810.0,223.0,16.61,3704.0299999999997
RWJ,IAC,68659.0,68575.0,84.0,44.06,3701.04
PBUS,CRWD,43733.0,43726.0,7.0,527.77,3694.39
AIQ,EFX,115122.0,115101.0,21.0,175.83,3692.4300000000003
XSVM,BXMT,178576.0,178769.0,-193.0,19.13,-3692.0899999999997
PRF,NWE,18896.0,18947.0,-51.0,72.39,-3691.89
PRF,RUSHA,26954.0,27005.0,-51.0,72.31,-3687.81
PRF,LBRDK,29143.0,29245.0,-102.0,36.1,-3682.2000000000003
PRF,KMT,39564.0,39666.0,-102.0,36.1,-3682.2000000000003
DWAS,TYRA,38843.0,38950.0,-107.0,34.32,-3672.2400000000002
PRF,TRU,21414.0,21465.0,-51.0,72.0,-3672.0
PNQI,CSGP,64827.0,64939.0,-112.0,32.77,-3670.2400000000002
DWAS,LMAT,12550.0,12584.0,-34.0,107.94,-3669.96
IQSZ,LOW,2435.0,2419.0,16.0,229.2,3667.2
PBUS,LOW,97319.0,97303.0,16.0,229.2,3667.2
RWJ,ALGT,34585.0,34541.0,44.0,83.03,3653.32
AIQ,ZS,121868.0,121844.0,24.0,152.13,3651.12
DWAS,CTRN,28817.0,28896.0,-79.0,46.21,-3650.59
IQSZ,AMGN,1703.0,1692.0,11.0,331.7,3648.7
PFM,AMGN,15024.0,15035.0,-11.0,331.7,-3648.7
PRF,URBN,17361.0,17412.0,-51.0,71.5,-3646.5
PRF,ANDE,21237.0,21288.0,-51.0,71.45,-3643.9500000000003
PSCH,ENOV,39978.0,39841.0,137.0,26.52,3633.24
PRF,VVV,38236.0,38338.0,-102.0,35.62,-3633.24
RWL,ROK,10193.0,10185.0,8.0,453.89,3631.12
OMFL,TWLO,3584.0,3566.0,18.0,201.7,3630.6
OMFL,ABBV,6746.0,6728.0,18.0,201.55,3627.9
PRF,FLS,22126.0,22177.0,-51.0,71.13,-3627.6299999999997
DWAS,FLS,18461.0,18512.0,-51.0,71.13,-3627.6299999999997
DWAS,EE,39075.0,39182.0,-107.0,33.89,-3626.23
RZV,HTH,18474.0,18570.0,-96.0,37.76,-3624.96
DWAS,JOE,19938.0,19993.0,-55.0,65.79,-3618.4500000000003
PRF,CWK,90907.0,91162.0,-255.0,14.19,-3618.45
AIQ,AI,1902634.0,1902268.0,366.0,9.87,3612.4199999999996
RWJ,PLUS,33645.0,33605.0,40.0,90.31,3612.4
PBUS,NEM,189223.0,189192.0,31.0,116.51,3611.81
XSVM,PFBC,34897.0,34935.0,-38.0,95.04,-3611.5200000000004
RZV,FFBC,22700.0,22818.0,-118.0,30.6,-3610.8
PRF,UAA,197050.0,197611.0,-561.0,6.43,-3607.23
PRF,BCC,26627.0,26678.0,-51.0,70.67,-3604.17
PRF,CRI,40904.0,41006.0,-102.0,35.33,-3603.66
PRF,APLE,91833.0,92088.0,-255.0,14.13,-3603.15
XSVM,ALG,20299.0,20321.0,-22.0,163.76,-3602.72
OMFL,RSG,9586.0,9568.0,18.0,200.02,3600.36
SPVM,COF,3196.0,3177.0,19.0,189.48,3600.12
RWJ,SCL,54495.0,54427.0,68.0,52.93,3599.24
RWL,WMB,70511.0,70461.0,50.0,71.96,3597.9999999999995
PKW,TALO,94946.0,95186.0,-240.0,14.99,-3597.6
RWJ,MXL,30421.0,30385.0,36.0,99.83,3593.88
PKW,COLM,21995.0,22052.0,-57.0,63.04,-3593.2799999999997
PRF,LEG,134143.0,134500.0,-357.0,10.06,-3591.42
SPVM,WTW,2448.0,2434.0,14.0,256.36,3589.04
PSCH,LFST,136190.0,135724.0,466.0,7.7,3588.2000000000003
PKW,SHO,135467.0,135809.0,-342.0,10.49,-3587.58
PRF,VISN,112635.0,112941.0,-306.0,11.72,-3586.32
IQSZ,MCD,1939.0,1926.0,13.0,275.75,3584.75
RWL,CMG,156291.0,156181.0,110.0,32.49,3573.9
DWAS,FIVE,5883.0,5899.0,-16.0,223.13,-3570.08
DWAS,TCMD,50452.0,50591.0,-139.0,25.65,-3565.35
RWJ,DIOD,25650.0,25618.0,32.0,111.41,3565.12
DWAS,LXU,93177.0,93433.0,-256.0,13.91,-3560.96
RWJ,WGO,91213.0,91101.0,112.0,31.75,3556.0
OMFL,SAM,6790.0,6772.0,18.0,197.34,3552.12
DWAS,RHLD,11689.0,11721.0,-32.0,110.94,-3550.08
RWL,PEG,66154.0,66108.0,46.0,77.13,3547.9799999999996
PKW,KMPR,46040.0,46157.0,-117.0,30.29,-3543.93
DWAS,GCT,32022.0,32110.0,-88.0,40.18,-3535.84
PRF,SGI,18832.0,18883.0,-51.0,69.31,-3534.81
OMFL,DRI,5371.0,5353.0,18.0,196.23,3532.14
PBD,LAND,24668.0,24305.0,363.0,9.73,3531.9900000000002
DWAS,ELAN,54326.0,54475.0,-149.0,23.65,-3523.85
PTH,PAHC,20521.0,20433.0,88.0,40.0,3520.0
PSCH,ANIP,12567.0,12524.0,43.0,81.86,3519.98
RWJ,IBP,11520.0,11504.0,16.0,219.99,3519.84
RWJ,LRN,32208.0,32168.0,40.0,87.93,3517.2000000000003
PBUS,CB,64869.0,64858.0,11.0,319.64,3516.04
PBUS,PH,21898.0,21894.0,4.0,878.83,3515.32
PRF,EEFT,14646.0,14697.0,-51.0,68.83,-3510.33
PRF,HWC,20387.0,20438.0,-51.0,68.76,-3506.76
IQSZ,QCOM,2397.0,2381.0,16.0,219.09,3505.44
PRF,ADT,176609.0,177119.0,-510.0,6.87,-3503.7000000000003
XSVM,SIG,36916.0,36956.0,-40.0,87.3,-3492.0
RWJ,BTU,121880.0,121732.0,148.0,23.59,3491.32
QQQJ,TEM,84955.0,84885.0,70.0,49.86,3490.2
RWL,BAX,276340.0,276146.0,194.0,17.99,3490.0599999999995
RWJ,OPLN,74915.0,74823.0,92.0,37.89,3485.88
OMFL,BIIB,4386.0,4368.0,18.0,193.45,3482.1
XSVM,SBCF,104287.0,104399.0,-112.0,31.09,-3482.08
PNQI,TCOM,38017.0,38083.0,-66.0,52.68,-3476.88
DWAS,RCKY,33852.0,33945.0,-93.0,37.38,-3476.34
RWJ,DORM,22184.0,22156.0,28.0,124.13,3475.64
QQA,PAYX,9167.0,9130.0,37.0,93.93,3475.4100000000003
PRF,CPNG,67253.0,67457.0,-204.0,16.98,-3463.92
PBUS,SBUX,197285.0,197252.0,33.0,104.93,3462.69
PRF,KFY,17197.0,17248.0,-51.0,67.78,-3456.78
AIQ,PEGA,492428.0,492332.0,96.0,35.975,3453.6000000000004
IGPT,PEGA,18071.0,17975.0,96.0,35.975,3453.6000000000004
RZV,SLVM,16233.0,16317.0,-84.0,41.1,-3452.4
QYLG,LIN,3231.0,3238.0,-7.0,493.16,-3452.1200000000003
RWL,VRTX,10884.0,10876.0,8.0,429.82,3438.56
RWL,WELL,23390.0,23374.0,16.0,214.63,3434.08
QQA,ROP,2624.0,2614.0,10.0,343.32,3433.2
XSVM,IIIN,117267.0,117394.0,-127.0,26.97,-3425.19
PKW,ADNT,59093.0,59243.0,-150.0,22.78,-3417.0
RWL,BEN,157345.0,157235.0,110.0,31.05,3415.5
RWJ,CXW,137753.0,137585.0,168.0,20.33,3415.4399999999996
PBUS,COF,110291.0,110273.0,18.0,189.48,3410.64
OMFL,COF,4433.0,4415.0,18.0,189.48,3410.64
PSCH,FTRE,64592.0,64371.0,221.0,15.43,3410.0299999999997
IQSZ,FDX,1354.0,1345.0,9.0,378.58,3407.22
OMFL,COLM,18224.0,18170.0,54.0,63.04,3404.16
PBUS,VRT,63009.0,62999.0,10.0,339.97,3399.7000000000003
AIQ,PATH,1629066.0,1628751.0,315.0,10.79,3398.85
OMFL,SSD,7754.0,7736.0,18.0,188.61,3394.9800000000005
PRF,HTZ,200508.0,201069.0,-561.0,6.05,-3394.0499999999997
DWAS,CNX,34534.0,34629.0,-95.0,35.72,-3393.4
OMFL,POOL,6710.0,6692.0,18.0,187.77,3379.86
IQSZ,VLO,2257.0,2243.0,14.0,241.06,3374.84
RWL,DGX,24421.0,24403.0,18.0,187.39,3373.0199999999995
RWJ,TRN,77008.0,76916.0,92.0,36.63,3369.96
PNQI,DKNG,76131.0,76263.0,-132.0,25.52,-3368.64
PRF,DXC,122458.0,122815.0,-357.0,9.43,-3366.5099999999998
QQQJ,AVAV,24415.0,24395.0,20.0,168.29,3365.7999999999997
QQA,CPRT,24715.0,24616.0,99.0,33.94,3360.06
RZV,PFS,28994.0,29144.0,-150.0,22.4,-3360.0
IQSZ,WDC,1211.0,1204.0,7.0,480.0,3360.0
SPVM,CTSH,10904.0,10839.0,65.0,51.68,3359.2
DWAS,LMND,22357.0,22418.0,-61.0,55.01,-3355.6099999999997
PRF,TNL,20256.0,20307.0,-51.0,65.78,-3354.78
DWAS,SNDX,56878.0,57034.0,-156.0,21.49,-3352.4399999999996
RWL,HRL,233929.0,233765.0,164.0,20.44,3352.1600000000003
OMFL,NEE,12348.0,12312.0,36.0,93.1,3351.6
OMFL,MOH,9075.0,9057.0,18.0,185.94,3346.92
PRF,LAUR,41993.0,42095.0,-102.0,32.81,-3346.6200000000003
DWAS,FSLY,59483.0,59646.0,-163.0,20.51,-3343.13
PTH,CATX,207197.0,206308.0,889.0,3.76,3342.64
PRF,CSGP,32565.0,32667.0,-102.0,32.77,-3342.5400000000004
PTH,ZBIO,39629.0,39459.0,170.0,19.64,3338.8
PRF,TDOC,165923.0,166382.0,-459.0,7.25,-3327.75
RWJ,UA,435725.0,435193.0,532.0,6.25,3325.0
AIQ,G,534155.0,534053.0,102.0,32.56,3321.1200000000003
PRF,G,45908.0,46010.0,-102.0,32.56,-3321.1200000000003
PRF,KBR,34488.0,34590.0,-102.0,32.54,-3319.08
PRF,MC,16569.0,16620.0,-51.0,65.08,-3319.08
IQSZ,BKNG,3130.0,3110.0,20.0,165.93,3318.6000000000004
RWL,J,41195.0,41167.0,28.0,118.43,3316.04
RWJ,FSS,21639.0,21611.0,28.0,118.33,3313.24
RZV,CNR,7527.0,7566.0,-39.0,84.91,-3311.49
OMFL,BWA,18202.0,18148.0,54.0,61.32,3311.28
RWL,TAP,109912.0,109834.0,78.0,42.41,3307.9799999999996
OMFL,SO,16327.0,16291.0,36.0,91.8,3304.7999999999997
RWL,ON,44903.0,44871.0,32.0,103.2,3302.4
RWJ,CENX,47416.0,47360.0,56.0,58.91,3298.96
SPVM,DLTR,5850.0,5815.0,35.0,94.24,3298.3999999999996
PBUS,PGR,101704.0,101687.0,17.0,194.0,3298.0
RWJ,GOLF,29270.0,29234.0,36.0,91.55,3295.7999999999997
RWJ,UAA,421004.0,420492.0,512.0,6.43,3292.16
IQSZ,STT,3469.0,3447.0,22.0,149.49,3288.78
QYLG,QCOM,7409.0,7424.0,-15.0,219.09,-3286.35
PFM,GILD,34599.0,34624.0,-25.0,131.33,-3283.2500000000005
RWL,NOW,50944.0,50908.0,36.0,91.18,3282.4800000000005
DWAS,PAHC,29837.0,29919.0,-82.0,40.0,-3280.0
PBUS,APP,40030.0,40023.0,7.0,468.55,3279.85
DWAS,IRMD,13687.0,13725.0,-38.0,86.285,-3278.83
PRF,MMS,19545.0,19596.0,-51.0,64.27,-3277.77
PNQI,GDDY,20593.0,20629.0,-36.0,91.02,-3276.72
DWAS,AMPX,71459.0,71655.0,-196.0,16.7,-3273.2
RWJ,SRPT,136265.0,136101.0,164.0,19.955,3272.62
PBUS,MO,291235.0,291187.0,48.0,68.12,3269.76
PNQI,U,66864.0,66980.0,-116.0,28.16,-3266.56
OMFL,CR,4703.0,4685.0,18.0,181.32,3263.7599999999998
RWL,EXE,47330.0,47296.0,34.0,95.94,3261.96
DWAS,ZBIO,60385.0,60551.0,-166.0,19.64,-3260.2400000000002
OMFL,CVS,13194.0,13158.0,36.0,90.55,3259.7999999999997
PBUS,CVS,220230.0,220194.0,36.0,90.55,3259.7999999999997
PBUS,BMY,353182.0,353124.0,58.0,56.16,3257.2799999999997
RWJ,MBC,353024.0,352596.0,428.0,7.61,3257.08
PFM,BLK,4335.0,4338.0,-3.0,1084.83,-3254.49
PRF,SFNC,57586.0,57739.0,-153.0,21.27,-3254.31
SPVM,LDOS,4264.0,4239.0,25.0,130.11,3252.7500000000005
PBUS,ACN,106757.0,106739.0,18.0,180.42,3247.56
DWAS,STRT,19075.0,19127.0,-52.0,62.45,-3247.4
PRF,TEX,25565.0,25616.0,-51.0,63.6,-3243.6
PRF,WGO,33114.0,33216.0,-102.0,31.75,-3238.5
RZV,ALGT,7582.0,7621.0,-39.0,83.03,-3238.17
PSCC,FRPT,35628.0,35567.0,61.0,53.08,3237.88
DWAS,PATK,12367.0,12401.0,-34.0,95.17,-3235.78
RZV,CXW,30658.0,30817.0,-159.0,20.33,-3232.47
IQSZ,MRK,4616.0,4587.0,29.0,111.38,3230.02
QQA,AXON,2051.0,2043.0,8.0,403.54,3228.32
PRF,ELS,18768.0,18819.0,-51.0,63.24,-3225.2400000000002
IQSZ,USB,9296.0,9238.0,58.0,55.53,3220.7400000000002
IQSZ,T,20299.0,20171.0,128.0,25.16,3220.48
PRF,ESNT,23980.0,24031.0,-51.0,63.13,-3219.63
PBUS,EQIX,17037.0,17034.0,3.0,1072.08,3216.24
PRF,COLM,16845.0,16896.0,-51.0,63.04,-3215.04
PFM,ETN,10810.0,10818.0,-8.0,401.51,-3212.08
RWJ,CVSA,20540.0,20516.0,24.0,133.73,3209.5199999999995
RWJ,SKY,36576.0,36532.0,44.0,72.84,3204.96
IGPT,AMBA,8350.0,8308.0,42.0,76.3,3204.6
PRF,AM,50270.0,50423.0,-153.0,20.92,-3200.76
PRF,FR,18949.0,19000.0,-51.0,62.75,-3200.25
RZV,VYX,73913.0,74296.0,-383.0,8.35,-3198.0499999999997
PKW,AIN,20269.0,20320.0,-51.0,62.55,-3190.0499999999997
RWJ,MTRN,13573.0,13557.0,16.0,199.37,3189.92
PKW,CENTA,36513.0,36606.0,-93.0,34.24,-3184.32
RWJ,ENOV,99530.0,99410.0,120.0,26.52,3182.4
PGX,PCG,154873.0,154675.0,198.0,16.07,3181.86
OMFL,LEN,13726.0,13690.0,36.0,88.38,3181.68
OMFL,MORN,9060.0,9042.0,18.0,176.7,3180.6
RWJ,MTX,33453.0,33413.0,40.0,79.51,3180.4
RWJ,FELE,25053.0,25021.0,32.0,99.34,3178.88
RWL,AMT,25822.0,25804.0,18.0,176.53,3177.54
PKW,SPB,15953.0,15992.0,-39.0,81.47,-3177.33
PKW,GTM,196394.0,196892.0,-498.0,6.38,-3177.24
PSCH,STAA,34772.0,34653.0,119.0,26.69,3176.11
PFM,UNP,16538.0,16550.0,-12.0,264.65,-3175.7999999999997
PRF,SBRA,57597.0,57750.0,-153.0,20.75,-3174.75
RWJ,IART,186941.0,186713.0,228.0,13.92,3173.7599999999998
PBUS,INTU,48278.0,48270.0,8.0,396.31,3170.48
OMFL,RTX,6793.0,6775.0,18.0,176.09,3169.62
IQSZ,PLTR,3674.0,3651.0,23.0,137.8,3169.4
IQSZ,HIG,3722.0,3698.0,24.0,132.02,3168.4800000000005
RWL,HII,13312.0,13302.0,10.0,316.28,3162.7999999999997
RWJ,NVRI,136223.0,136059.0,164.0,19.26,3158.6400000000003
PRF,DEI,85069.0,85324.0,-255.0,12.37,-3154.35
RWL,RF,161794.0,161680.0,114.0,27.63,3149.8199999999997
QQQJ,Z,91835.0,91759.0,76.0,41.43,3148.68
GXPC,FOXA,2543.0,2493.0,50.0,62.94,3147.0
OMFL,DLB,18824.0,18770.0,54.0,58.15,3140.1
IGPT,DLB,10951.0,10897.0,54.0,58.15,3140.1
DWAS,AMPY,215831.0,216424.0,-593.0,5.29,-3136.97
IGPT,IPGP,6122.0,6092.0,30.0,104.49,3134.7
PRF,BHF,17356.0,17407.0,-51.0,61.38,-3130.38
RWL,ULTA,8148.0,8142.0,6.0,521.58,3129.4800000000005
PRF,JBLU,222265.0,222877.0,-612.0,5.11,-3127.32
QYLG,SNDK,1037.0,1039.0,-2.0,1562.34,-3124.68
PRF,FUL,18225.0,18276.0,-51.0,61.25,-3123.75
RWJ,DXPE,16293.0,16273.0,20.0,156.18,3123.6000000000004
OMFL,DBX,44017.0,43909.0,108.0,28.9,3121.2
IQSZ,GEV,463.0,460.0,3.0,1040.15,3120.4500000000003
PSCC,CHEF,22053.0,22015.0,38.0,81.71,3104.9799999999996
RWL,SNPS,8202.0,8196.0,6.0,516.48,3098.88
QYLG,TMUS,7682.0,7698.0,-16.0,193.63,-3098.08
GXPC,CHTR,1034.0,1014.0,20.0,154.86,3097.2000000000003
DWAS,RYAM,123174.0,123512.0,-338.0,9.16,-3096.08
RWL,BIIB,22208.0,22192.0,16.0,193.45,3095.2
RWJ,CON,106029.0,105901.0,128.0,24.16,3092.48
RWJ,HNI,75762.0,75670.0,92.0,33.61,3092.12
PRF,DXCM,26469.0,26520.0,-51.0,60.61,-3091.11
PRF,TTEK,33113.0,33215.0,-102.0,30.29,-3089.58
PRF,KMPR,30603.0,30705.0,-102.0,30.29,-3089.58
OMFL,CHRW,4297.0,4279.0,18.0,171.39,3085.0199999999995
XSVM,OI,308154.0,308486.0,-332.0,9.29,-3084.2799999999997
DWAS,FIGS,96438.0,96703.0,-265.0,11.63,-3081.9500000000003
PBUS,DHR,110288.0,110270.0,18.0,171.16,3080.88
DWAS,IBP,5027.0,5041.0,-14.0,219.99,-3079.86
AIQ,CCC,3115882.0,3115282.0,600.0,5.13,3078.0
IQSZ,HST,22045.0,21907.0,138.0,22.27,3073.2599999999998
PFM,APH,34261.0,34285.0,-24.0,128.03,-3072.7200000000003
RWL,MSI,11242.0,11234.0,8.0,383.99,3071.92
PRF,VNT,30084.0,30186.0,-102.0,30.09,-3069.18
RWJ,EPC,119686.0,119542.0,144.0,21.25,3060.0
OMFL,UHS,10086.0,10068.0,18.0,169.96,3059.28
PRF,SRPT,52052.0,52205.0,-153.0,19.955,-3053.115
PBUS,LMT,36131.0,36125.0,6.0,506.51,3039.06
PKW,ACT,26964.0,27033.0,-69.0,44.04,-3038.7599999999998
RWJ,AUB,64332.0,64252.0,80.0,37.96,3036.8
PBUS,ADBE,72624.0,72612.0,12.0,253.04,3036.48
DWAS,VISN,94200.0,94459.0,-259.0,11.72,-3035.48
PSCC,UNFI,34944.0,34886.0,58.0,52.32,3034.56
RWJ,ICUI,18358.0,18334.0,24.0,126.43,3034.32
IGPT,TDC,18107.0,18011.0,96.0,31.59,3032.64
RWJ,UNF,9798.0,9786.0,12.0,252.41,3028.92
RWJ,ECPG,28616.0,28580.0,36.0,83.88,3019.68
PRF,BBWI,62444.0,62597.0,-153.0,19.73,-3018.69
RWJ,MD,106355.0,106227.0,128.0,23.51,3009.28
PBUS,VRTX,44013.0,44006.0,7.0,429.82,3008.74
PRF,TXNM,19984.0,20035.0,-51.0,58.99,-3008.4900000000002
RWJ,WEN,338657.0,338245.0,412.0,7.3,3007.6
PRF,CRC,27415.0,27466.0,-51.0,58.92,-3004.92
RWL,TSCO,139211.0,139113.0,98.0,30.65,3003.7
RWJ,LZB,70519.0,70435.0,84.0,35.73,3001.3199999999997
DWAS,TE,177371.0,177858.0,-487.0,6.16,-2999.92
RZV,STC,8257.0,8300.0,-43.0,69.73,-2998.3900000000003
RWJ,KOP,54932.0,54864.0,68.0,43.99,2991.32
IQSZ,EXPE,2018.0,2005.0,13.0,229.98,2989.74
RWL,APA,120117.0,120033.0,84.0,35.56,2987.04
PKW,DV,106737.0,107007.0,-270.0,11.06,-2986.2000000000003
QQA,ARM,3563.0,3549.0,14.0,213.27,2985.78
IQSZ,ALL,2232.0,2218.0,14.0,213.15,2984.1
RWJ,OUT,73509.0,73421.0,88.0,33.9,2983.2
QQA,GEHC,11633.0,11586.0,47.0,63.47,2983.09
IMFL,III,383916.0,383178.0,738.0,4.04,2981.52
PBUS,PWR,25865.0,25861.0,4.0,745.0,2980.0
GXPC,PINS,6974.0,6834.0,140.0,21.27,2977.7999999999997
PBUS,HWM,66268.0,66257.0,11.0,270.56,2976.16
RWL,HSY,23824.0,23808.0,16.0,185.94,2975.04
PRF,EPR,17875.0,17926.0,-51.0,58.28,-2972.28
RWL,FTNT,36142.0,36116.0,26.0,114.07,2965.8199999999997
PRF,DLB,18137.0,18188.0,-51.0,58.15,-2965.65
RWL,STZ,27761.0,27741.0,20.0,148.21,2964.2000000000003
PKW,SAM,6402.0,6417.0,-15.0,197.34,-2960.1
PRF,APTV,23974.0,24025.0,-51.0,57.94,-2954.94
RWJ,PRVA,104778.0,104650.0,128.0,23.06,2951.68
RWJ,KWR,16183.0,16163.0,20.0,147.54,2950.7999999999997
OMFL,DASH,6585.0,6567.0,18.0,163.93,2950.7400000000002
RWJ,ITRI,28063.0,28027.0,36.0,81.87,2947.32
RWJ,AMR,12532.0,12516.0,16.0,184.11,2945.76
PKW,HTH,31226.0,31304.0,-78.0,37.76,-2945.2799999999997
PBUS,MCK,21421.0,21417.0,4.0,736.09,2944.36
PSCH,HRMY,27781.0,27686.0,95.0,30.99,2944.0499999999997
OMFL,AVY,3984.0,3966.0,18.0,163.51,2943.18
AIQ,DXC,1619301.0,1618989.0,312.0,9.43,2942.16
QYLG,PEP,9525.0,9544.0,-19.0,154.62,-2937.78
RZV,NAVI,66483.0,66827.0,-344.0,8.54,-2937.7599999999998
PBUS,SO,191041.0,191009.0,32.0,91.8,2937.6
IQSZ,ROST,2198.0,2185.0,13.0,225.81,2935.53
RWL,MNST,47474.0,47440.0,34.0,86.29,2933.86
OMFL,DT,24444.0,24372.0,72.0,40.7,2930.4
PRF,CATY,21619.0,21670.0,-51.0,57.45,-2929.9500000000003
PRF,LYFT,78956.0,79160.0,-204.0,14.35,-2927.4
RZV,ENR,29989.0,30144.0,-155.0,18.86,-2923.2999999999997
RWJ,PIPR,28960.0,28924.0,36.0,81.03,2917.08
QYLG,ADI,3396.0,3403.0,-7.0,416.52,-2915.64
RWL,CAG,293504.0,293298.0,206.0,14.13,2910.78
RWJ,GRBK,35199.0,35155.0,44.0,66.09,2907.96
PGX,GNL,430041.0,429726.0,315.0,9.23,2907.4500000000003
PSCH,AHCO,75021.0,74764.0,257.0,11.3,2904.1000000000004
RWL,WEC,38439.0,38413.0,26.0,111.66,2903.16
PBUS,CDNS,47228.0,47220.0,8.0,362.7,2901.6
QQA,KHC,30221.0,30100.0,121.0,23.96,2899.1600000000003
RWJ,STEP,42821.0,42769.0,52.0,55.74,2898.48
EART,EAF,20740.0,21052.0,-312.0,9.29,-2898.4799999999996
OMFL,CHWY,51577.0,51451.0,126.0,22.97,2894.22
RWL,LULU,30187.0,30165.0,22.0,131.18,2885.96
RWL,PLD,29007.0,28987.0,20.0,144.09,2881.8
IQSZ,PLD,3106.0,3086.0,20.0,144.09,2881.8
PRF,BRO,22966.0,23017.0,-51.0,56.45,-2878.9500000000003
PFM,PFE,158486.0,158598.0,-112.0,25.68,-2876.16
RWL,CPB,196434.0,196296.0,138.0,20.84,2875.92
PSCH,COLL,22099.0,22023.0,76.0,37.8,2872.7999999999997
RWL,FIS,94421.0,94355.0,66.0,43.49,2870.34
RWJ,VIAV,45416.0,45360.0,56.0,51.21,2867.76
RWL,RL,10264.0,10256.0,8.0,358.45,2867.6
PFM,ABT,48433.0,48467.0,-34.0,84.32,-2866.8799999999997
OMFL,NFG,16657.0,16621.0,36.0,79.52,2862.72
RWJ,HCSG,101026.0,100902.0,124.0,23.06,2859.44
OMFL,IT,4303.0,4285.0,18.0,158.65,2855.7000000000003
PBUS,SYK,59715.0,59705.0,10.0,285.47,2854.7000000000003
PRF,FHI,22037.0,22088.0,-51.0,55.95,-2853.4500000000003
PKW,YELP,40921.0,41026.0,-105.0,27.08,-2843.3999999999996
RWJ,FTDR,36094.0,36050.0,44.0,64.62,2843.28
RWL,MOS,183402.0,183274.0,128.0,22.19,2840.32
RWL,VMC,13224.0,13214.0,10.0,283.72,2837.2000000000003
RWL,CNP,96705.0,96637.0,68.0,41.72,2836.96
RWJ,SXT,19472.0,19448.0,24.0,118.2,2836.8
RWL,AEE,35806.0,35780.0,26.0,109.07,2835.8199999999997
RWL,ANET,28896.0,28876.0,20.0,141.77,2835.4
RWJ,NX,113683.0,113543.0,140.0,20.25,2835.0
RWJ,RAL,49244.0,49184.0,60.0,47.23,2833.7999999999997
IQSZ,CCK,4452.0,4424.0,28.0,101.19,2833.3199999999997
PRF,NJR,22485.0,22536.0,-51.0,55.55,-2833.0499999999997
PKW,DAC,8344.0,8365.0,-21.0,134.63,-2827.23
PBUS,MDT,222424.0,222387.0,37.0,76.15,2817.55
DWAS,SOC,79609.0,79828.0,-219.0,12.85,-2814.15
PBUS,CME,62555.0,62545.0,10.0,281.25,2812.5
RWL,WDAY,30690.0,30668.0,22.0,127.83,2812.2599999999998
QQA,WDAY,5440.0,5418.0,22.0,127.83,2812.2599999999998
PNQI,PINS,76615.0,76747.0,-132.0,21.27,-2807.64
PRF,CCS,20601.0,20652.0,-51.0,55.01,-2805.5099999999998
PBUS,TT,38464.0,38458.0,6.0,466.17,2797.02
RWJ,APLS,56949.0,56881.0,68.0,41.03,2790.04
PRF,FHB,41973.0,42075.0,-102.0,27.34,-2788.68
RWL,SOLV,54752.0,54714.0,38.0,73.38,2788.4399999999996
RWJ,AX,25517.0,25485.0,32.0,86.98,2783.36
PSCH,NEO,90450.0,90140.0,310.0,8.96,2777.6000000000004
RWJ,AVA,55493.0,55425.0,68.0,40.82,2775.76
OMFL,BAH,15867.0,15831.0,36.0,77.04,2773.44
PFM,HON,17716.0,17729.0,-13.0,213.12,-2770.56
RWL,FOXA,63705.0,63661.0,44.0,62.94,2769.3599999999997
RWJ,DLX,85879.0,85775.0,104.0,26.58,2764.3199999999997
RWJ,EFOR,112147.0,112011.0,136.0,20.32,2763.52
PNQI,HUBS,8145.0,8159.0,-14.0,197.34,-2762.76
PRF,YELP,39125.0,39227.0,-102.0,27.08,-2762.16
IGPT,ATS,14550.0,14472.0,78.0,35.38,2759.6400000000003
PSCH,AVNS,32449.0,32338.0,111.0,24.8,2752.8
IQSZ,BMY,7757.0,7708.0,49.0,56.16,2751.8399999999997
RWJ,SMP,54403.0,54335.0,68.0,40.4,2747.2
PRF,ROL,17453.0,17504.0,-51.0,53.83,-2745.33
PSCH,INSP,18180.0,18118.0,62.0,44.26,2744.12
OMFL,RPRX,17715.0,17661.0,54.0,50.79,2742.66
RWJ,BANC,118091.0,117947.0,144.0,19.04,2741.7599999999998
PRF,UVV,14927.0,14978.0,-51.0,53.7,-2738.7000000000003
RWL,TROW,36332.0,36306.0,26.0,105.33,2738.58
RWJ,PAYC,17306.0,17286.0,20.0,136.87,2737.4
PBUS,NOW,179987.0,179957.0,30.0,91.18,2735.4
DWAS,MAZE,38260.0,38365.0,-105.0,26.03,-2733.15
PBUS,CEG,53439.0,53430.0,9.0,303.63,2732.67
PBUS,DUK,134913.0,134891.0,22.0,124.17,2731.7400000000002
IQSZ,EOG,3264.0,3243.0,21.0,130.03,2730.63
PRF,HOMB,42972.0,43074.0,-102.0,26.76,-2729.52
RWL,MAS,53686.0,53648.0,38.0,71.74,2726.12
RWJ,AGX,2142.0,2138.0,4.0,680.26,2721.04
PSCH,CNMD,21648.0,21574.0,74.0,36.76,2720.24
PBUS,CMI,23949.0,23945.0,4.0,679.55,2718.2
IQSZ,CMI,734.0,730.0,4.0,679.55,2718.2
RWL,FOX,69665.0,69617.0,48.0,56.6,2716.8
RZV,LZB,14643.0,14719.0,-76.0,35.73,-2715.4799999999996
DWAS,UMAC,73351.0,73553.0,-202.0,13.42,-2710.84
PBUS,TMUS,87218.0,87204.0,14.0,193.63,2710.8199999999997
RWJ,CRSR,283789.0,283445.0,344.0,7.88,2710.72
RWL,MCO,7687.0,7681.0,6.0,451.32,2707.92
AIQ,GLOB,357413.0,357344.0,69.0,39.23,2706.87
RWL,HWM,14601.0,14591.0,10.0,270.56,2705.6
PRF,ENOV,35964.0,36066.0,-102.0,26.52,-2705.04
RWL,ISRG,9053.0,9047.0,6.0,450.06,2700.36
RWJ,MDU,97446.0,97326.0,120.0,22.49,2698.7999999999997
RWL,PKG,17907.0,17895.0,12.0,224.59,2695.08
RWJ,EXTR,91968.0,91856.0,112.0,24.04,2692.48
DVVY,DVN,500.0,441.0,59.0,45.61,2690.99
RWL,COHR,11109.0,11101.0,8.0,335.26,2682.08
AIQ,PONY,1488583.0,1488295.0,288.0,9.29,2675.5199999999995
RWJ,TRIP,211573.0,211317.0,256.0,10.45,2675.2
RWL,CTAS,24128.0,24112.0,16.0,166.97,2671.52
RWL,NDAQ,42639.0,42609.0,30.0,88.91,2667.2999999999997
RWJ,PRKS,56160.0,56092.0,68.0,39.22,2666.96
RWJ,FULT,103373.0,103249.0,124.0,21.5,2666.0
PSCH,AMN,26854.0,26762.0,92.0,28.97,2665.24
RWJ,BKU,47541.0,47485.0,56.0,47.5,2660.0
IQSZ,UNH,1089.0,1082.0,7.0,379.98,2659.86
DWAS,OIS,111926.0,112233.0,-307.0,8.66,-2658.62
RWL,PPL,106572.0,106498.0,74.0,35.91,2657.3399999999997
PKW,XHR,61602.0,61758.0,-156.0,17.03,-2656.6800000000003
QYLG,AMGN,3754.0,3762.0,-8.0,331.7,-2653.6
RWJ,PTCT,28725.0,28689.0,36.0,73.69,2652.84
PRF,CBSH,19723.0,19774.0,-51.0,51.89,-2646.39
PBUS,CMCSA,630449.0,630345.0,104.0,25.4,2641.6
IQSZ,CM,3919.0,3895.0,24.0,110.01,2640.2400000000002
OMFL,PTC,4749.0,4731.0,18.0,146.65,2639.7000000000003
RWJ,TALO,144398.0,144222.0,176.0,14.99,2638.2400000000002
PRF,FND,14279.0,14330.0,-51.0,51.73,-2638.23
RWL,DOV,17067.0,17055.0,12.0,219.83,2637.96
QQQJ,HTHT,66869.0,66813.0,56.0,47.08,2636.48
IQSZ,PG,2762.0,2744.0,18.0,146.42,2635.56
PRF,VIRT,25765.0,25816.0,-51.0,51.31,-2616.81
RWL,AVY,22507.0,22491.0,16.0,163.51,2616.16
RWL,CMS,50029.0,49993.0,36.0,72.61,2613.96
RWJ,LGIH,45376.0,45320.0,56.0,46.67,2613.52
RWJ,BOOT,13950.0,13934.0,16.0,163.3,2612.8
PBUS,BK,119408.0,119388.0,20.0,130.5,2610.0
OMFL,GLPI,18176.0,18122.0,54.0,48.22,2603.88
PBUS,BX,128113.0,128092.0,21.0,123.77,2599.17
RWL,NTAP,30499.0,30477.0,22.0,118.0,2596.0
PFM,PLD,25909.0,25927.0,-18.0,144.09,-2593.62
PRF,HIW,43820.0,43922.0,-102.0,25.42,-2592.84
PNQI,DOCU,30927.0,30981.0,-54.0,47.9,-2586.6
PBUS,WM,69902.0,69890.0,12.0,215.37,2584.44
PRF,FLO,116356.0,116662.0,-306.0,8.44,-2582.64
PBUS,SNPS,33086.0,33081.0,5.0,516.48,2582.4
RWL,SJM,36798.0,36772.0,26.0,99.25,2580.5
OMFL,MMM,3659.0,3641.0,18.0,143.29,2579.22
RWJ,IOSP,27763.0,27731.0,32.0,80.55,2577.6
PTH,MAZE,23038.0,22939.0,99.0,26.03,2576.9700000000003
RWL,IRM,28522.0,28502.0,20.0,128.84,2576.8
RZV,ETD,24367.0,24493.0,-126.0,20.39,-2569.14
PSCH,AORT,29432.0,29331.0,101.0,25.41,2566.41
RWJ,SCHL,51835.0,51771.0,64.0,40.1,2566.4
RWL,WTW,14853.0,14843.0,10.0,256.36,2563.6000000000004
RWL,NCLH,213189.0,213039.0,150.0,17.08,2561.9999999999995
RWJ,RDNT,36324.0,36280.0,44.0,58.19,2560.3599999999997
IQSZ,FLEX,2844.0,2826.0,18.0,142.17,2559.06
RZV,CABO,8008.0,8049.0,-41.0,62.39,-2557.9900000000002
PFM,CB,10873.0,10881.0,-8.0,319.64,-2557.12
PBUS,ADP,70175.0,70163.0,12.0,212.995,2555.94
OMFL,ILMN,4435.0,4417.0,18.0,141.88,2553.84
PNQI,NTES,12441.0,12463.0,-22.0,115.91,-2550.02
OMFL,HSIC,12058.0,12022.0,36.0,70.82,2549.5199999999995
RWL,WSM,18904.0,18890.0,14.0,182.1,2549.4
RWJ,ACIW,46815.0,46759.0,56.0,45.51,2548.56
IQSZ,ORCL,2212.0,2199.0,13.0,195.95,2547.35
RWJ,WWW,125815.0,125663.0,152.0,16.7,2538.4
PFM,LMT,6411.0,6416.0,-5.0,506.51,-2532.55
QQA,CTSH,12212.0,12163.0,49.0,51.68,2532.32
IQSZ,AXP,1312.0,1304.0,8.0,316.03,2528.24
PBUS,FCX,249120.0,249079.0,41.0,61.65,2527.65
RWJ,TDC,66934.0,66854.0,80.0,31.59,2527.2
RWL,ARES,27707.0,27687.0,20.0,126.25,2525.0
IQSZ,KEYS,1123.0,1116.0,7.0,360.3,2522.1
PFM,LOW,15635.0,15646.0,-11.0,229.2,-2521.2
PFM,SPGI,8328.0,8334.0,-6.0,420.12,-2520.7200000000003
IQSZ,AIG,5303.0,5270.0,33.0,76.36,2519.88
RWJ,ALKS,57922.0,57850.0,72.0,34.99,2519.28
PBUS,WMB,211872.0,211837.0,35.0,71.96,2518.6
OMFL,LEA,5839.0,5821.0,18.0,139.69,2514.42
PBUS,JCI,106196.0,106178.0,18.0,139.52,2511.36
PSCH,TNDM,47397.0,47235.0,162.0,15.48,2507.76
RWJ,UFCS,41466.0,41414.0,52.0,48.22,2507.44
PRF,CNM,20485.0,20536.0,-51.0,49.09,-2503.59
RWL,XYL,32706.0,32684.0,22.0,113.73,2502.06
PKW,MQ,237268.0,237868.0,-600.0,4.17,-2502.0
PSCC,ANDE,21011.0,20976.0,35.0,71.45,2500.75
PBUS,USB,269690.0,269645.0,45.0,55.53,2498.85
QYLG,PANW,5664.0,5676.0,-12.0,207.88,-2494.56
PBUS,ICE,98916.0,98900.0,16.0,155.82,2493.12
RWJ,HMN,44404.0,44348.0,56.0,44.51,2492.56
RWL,GPN,50388.0,50352.0,36.0,69.19,2490.84
IGPT,NOVT,3585.0,3567.0,18.0,138.31,2489.58
QQQJ,LLYVK,31199.0,31173.0,26.0,95.75,2489.5
PRF,GBCI,22709.0,22760.0,-51.0,48.79,-2488.29
OMFL,PR,49290.0,49164.0,126.0,19.72,2484.72
RWJ,WLY,50361.0,50301.0,60.0,41.39,2483.4
OMFL,TOL,4436.0,4418.0,18.0,137.89,2482.0199999999995
RWJ,POWL,7125.0,7117.0,8.0,309.39,2475.12
PKW,WEN,134524.0,134863.0,-339.0,7.3,-2474.7
RWJ,PJT,13732.0,13716.0,16.0,154.64,2474.24
RWJ,NPO,4948.0,4940.0,8.0,309.22,2473.76
PBUS,MAR,39581.0,39574.0,7.0,353.18,2472.26
RWJ,KNTK,41396.0,41344.0,52.0,47.54,2472.08
RWJ,ITGR,23532.0,23504.0,28.0,88.12,2467.36
PSCH,VIR,78906.0,78636.0,270.0,9.12,2462.3999999999996
PKW,ZD,24211.0,24271.0,-60.0,41.02,-2461.2000000000003
RWJ,ZWS,39630.0,39582.0,48.0,51.19,2457.12
PSCC,IPAR,15169.0,15143.0,26.0,94.48,2456.48
RWJ,KMT,54908.0,54840.0,68.0,36.1,2454.8
PKW,MCB,10330.0,10357.0,-27.0,90.53,-2444.31
RPV,NWS,63867.0,63945.0,-78.0,31.31,-2442.18
QQA,ZS,4101.0,4085.0,16.0,152.13,2434.08
RWL,YUM,23279.0,23263.0,16.0,151.95,2431.2
PBUS,TDG,9777.0,9775.0,2.0,1215.08,2430.16
RWL,TDG,3207.0,3205.0,2.0,1215.08,2430.16
PBUS,GD,39841.0,39834.0,7.0,346.53,2425.71
GXPC,TTD,5054.0,4949.0,105.0,23.08,2423.3999999999996
RWJ,ABCB,24342.0,24314.0,28.0,86.52,2422.56
OMFL,ALLE,4617.0,4599.0,18.0,134.37,2418.66
PPA,AIRO,221419.0,221748.0,-329.0,7.34,-2414.86
RWL,COIN,16033.0,16021.0,12.0,201.16,2413.92
PRF,RAL,12989.0,13040.0,-51.0,47.23,-2408.73
QQA,VRSK,3521.0,3507.0,14.0,171.87,2406.1800000000003
RWL,EA,16243.0,16231.0,12.0,200.44,2405.2799999999997
RWL,GRMN,13621.0,13611.0,10.0,240.09,2400.9
QYLG,WDC,2350.0,2355.0,-5.0,480.0,-2400.0
RWJ,RRR,37139.0,37095.0,44.0,54.48,2397.12
PFM,DHR,19709.0,19723.0,-14.0,171.16,-2396.24
PRF,LILAK,101731.0,102037.0,-306.0,7.82,-2392.92
RWJ,CWST,22955.0,22927.0,28.0,85.44,2392.3199999999997
RWJ,VCTR,21411.0,21383.0,28.0,85.33,2389.24
PBUS,PNC,67659.0,67648.0,11.0,216.85,2385.35
RWL,FAST,78066.0,78012.0,54.0,44.17,2385.1800000000003
PRF,JBGS,52941.0,53094.0,-153.0,15.56,-2380.6800000000003
PRF,LGIH,17794.0,17845.0,-51.0,46.67,-2380.17
IQSZ,DIS,3357.0,3335.0,22.0,108.02,2376.44
PBUS,CSX,323060.0,323007.0,53.0,44.83,2375.99
RWJ,PGNY,80863.0,80763.0,100.0,23.72,2372.0
PRF,OI,85117.0,85372.0,-255.0,9.29,-2368.95
RWJ,OXM,43880.0,43828.0,52.0,45.48,2364.96
QYLG,GILD,8637.0,8655.0,-18.0,131.33,-2363.94
QQA,DXCM,9823.0,9784.0,39.0,60.61,2363.79
RWJ,AZZ,14094.0,14078.0,16.0,147.6,2361.6
RWL,MLM,4866.0,4862.0,4.0,590.38,2361.52
IQSZ,VZ,8005.0,7955.0,50.0,47.22,2361.0
DWAS,BTU,36475.0,36575.0,-100.0,23.59,-2359.0
PKW,BRBR,90712.0,90940.0,-228.0,10.31,-2350.6800000000003
QYLG,STX,1511.0,1514.0,-3.0,782.64,-2347.92
IGPT,BRZE,20781.0,20673.0,108.0,21.72,2345.7599999999998
OMFL,G,28183.0,28111.0,72.0,32.56,2344.32
PBUS,DELL,55034.0,55025.0,9.0,260.46,2344.14
RWJ,MC,30289.0,30253.0,36.0,65.08,2342.88
OMFL,AEP,7200.0,7182.0,18.0,130.16,2342.88
IQSZ,MET,4784.0,4754.0,30.0,78.08,2342.4
RWJ,NOG,80612.0,80512.0,100.0,23.4,2340.0
PNQI,SNAP,221570.0,221954.0,-384.0,6.08,-2334.7200000000003
RWL,AME,14633.0,14623.0,10.0,232.4,2324.0
HEAL,TNDM,17223.0,17073.0,150.0,15.48,2322.0
PBUS,BSX,257201.0,257158.0,43.0,53.93,2318.99
OMFL,ETSY,13083.0,13047.0,36.0,64.38,2317.68
RWL,IVZ,120610.0,120526.0,84.0,27.59,2317.56
QQQJ,NWS,90491.0,90417.0,74.0,31.31,2316.94
RWL,A,27168.0,27148.0,20.0,115.62,2312.4
RWJ,RES,280045.0,279705.0,340.0,6.8,2312.0
PKW,CCS,16909.0,16951.0,-42.0,55.01,-2310.42
PFM,SBUX,31756.0,31778.0,-22.0,104.93,-2308.46
RWL,ZBH,38968.0,38940.0,28.0,82.33,2305.24
OMFL,APH,6109.0,6091.0,18.0,128.03,2304.54
PBUS,CI,46350.0,46342.0,8.0,288.06,2304.48
RWJ,CATY,31739.0,31699.0,40.0,57.45,2298.0
GXPC,NWSA,4546.0,4461.0,85.0,27.02,2296.7
RWJ,PEB,128042.0,127886.0,156.0,14.72,2296.32
RWJ,EYE,82109.0,82009.0,100.0,22.96,2296.0
PBUS,AMT,81212.0,81199.0,13.0,176.53,2294.89
PBUS,SLB,259187.0,259144.0,43.0,53.27,2290.61
PBUS,MRSH,84995.0,84981.0,14.0,163.25,2285.5
PFM,SYK,10665.0,10673.0,-8.0,285.47,-2283.76
RWJ,EZPW,56067.0,55999.0,68.0,33.54,2280.72
PBUS,MDLZ,223868.0,223831.0,37.0,61.55,2277.35
PBUS,FDX,38745.0,38739.0,6.0,378.58,2271.48
PSCH,PCRX,28730.0,28632.0,98.0,23.15,2268.7
PRF,XRX,293079.0,293895.0,-816.0,2.78,-2268.48
RWJ,UCB,55531.0,55463.0,68.0,33.36,2268.48
PBUS,ELV,38550.0,38544.0,6.0,378.07,2268.42
RWJ,NHC,10607.0,10595.0,12.0,188.82,2265.84
RWJ,HTH,49965.0,49905.0,60.0,37.76,2265.6
PBUS,EMR,97466.0,97450.0,16.0,141.31,2260.96
PRF,NATL,26822.0,26873.0,-51.0,44.27,-2257.77
PBUS,MCO,27862.0,27857.0,5.0,451.32,2256.6
OMFL,TGT,5733.0,5715.0,18.0,125.25,2254.5
RWL,WYNN,31639.0,31617.0,22.0,102.42,2253.2400000000002
PRF,BRKR,27422.0,27473.0,-51.0,44.16,-2252.16
DWAS,KRMN,13343.0,13380.0,-37.0,60.84,-2251.08
QYLG,ISRG,2470.0,2475.0,-5.0,450.06,-2250.3
RWL,MTD,1468.0,1466.0,2.0,1124.46,2248.92
PFM,MO,46598.0,46631.0,-33.0,68.12,-2247.96
PFM,BMY,56760.0,56800.0,-40.0,56.16,-2246.3999999999996
RWJ,PZZA,58279.0,58207.0,72.0,31.14,2242.08
RWL,EQT,58069.0,58029.0,40.0,55.96,2238.4
PRF,RUN,53618.0,53771.0,-153.0,14.61,-2235.33
OMFL,ALSN,4977.0,4959.0,18.0,124.18,2235.2400000000002
RWJ,LAUR,56332.0,56264.0,68.0,32.81,2231.08
PBUS,ORLY,146442.0,146418.0,24.0,92.96,2231.04
QQA,INSM,5503.0,5481.0,22.0,101.35,2229.7
RWJ,KGS,25348.0,25316.0,32.0,69.65,2228.8
PSCH,IART,46827.0,46667.0,160.0,13.92,2227.2
RWL,HST,141347.0,141247.0,100.0,22.27,2227.0
RWJ,BJRI,43510.0,43458.0,52.0,42.7,2220.4
PBUS,SHW,40861.0,40854.0,7.0,316.82,2217.74
PBUS,HLT,40331.0,40324.0,7.0,316.78,2217.46
OMFL,KVUE,47874.0,47748.0,126.0,17.59,2216.34
RWJ,FOXF,100324.0,100200.0,124.0,17.8,2207.2000000000003
PRF,ABR,111685.0,111991.0,-306.0,7.21,-2206.2599999999998
RWL,TTWO,13789.0,13779.0,10.0,220.45,2204.5
RWJ,APLE,128127.0,127971.0,156.0,14.13,2204.28
PBUS,MPC,52158.0,52149.0,9.0,244.87,2203.83
PRF,QDEL,69081.0,69285.0,-204.0,10.8,-2203.2000000000003
PSCH,XNCR,49920.0,49749.0,171.0,12.86,2199.06
PBUS,NOC,23524.0,23520.0,4.0,549.52,2198.08
PBUS,CIEN,24436.0,24432.0,4.0,548.11,2192.44
RWL,CIEN,6676.0,6672.0,4.0,548.11,2192.44
RWJ,CENTA,52825.0,52761.0,64.0,34.24,2191.36
PRF,TNET,17618.0,17669.0,-51.0,42.8,-2182.7999999999997
OMFL,DXCM,11399.0,11363.0,36.0,60.61,2181.96
OMFL,TTEK,30375.0,30303.0,72.0,30.29,2180.88
RWL,MCHP,30073.0,30051.0,22.0,99.09,2179.98
OMFL,ATR,9249.0,9231.0,18.0,120.99,2177.8199999999997
RWL,CDNS,7993.0,7987.0,6.0,362.7,2176.2
PBUS,HCA,27720.0,27715.0,5.0,435.19,2175.95
PBUS,VLO,52921.0,52912.0,9.0,241.06,2169.54
RWJ,YELP,65165.0,65085.0,80.0,27.08,2166.3999999999996
PFM,ACN,17150.0,17162.0,-12.0,180.42,-2165.04
RWL,WY,131851.0,131759.0,92.0,23.53,2164.76
RWJ,CUBI,24270.0,24242.0,28.0,77.26,2163.28
PKW,TRIP,82191.0,82398.0,-207.0,10.45,-2163.1499999999996
RWL,KEYS,8918.0,8912.0,6.0,360.3,2161.8
PBUS,CRH,116283.0,116264.0,19.0,113.76,2161.44
RWJ,QDEL,165229.0,165029.0,200.0,10.8,2160.0
PSCC,CENTA,37505.0,37442.0,63.0,34.24,2157.1200000000003
RWJ,PMT,161807.0,161611.0,196.0,11.0,2156.0
PBUS,MMM,92159.0,92144.0,15.0,143.29,2149.35
RWJ,THRM,56493.0,56425.0,68.0,31.57,2146.76
PBUS,REGN,17919.0,17916.0,3.0,714.89,2144.67
PFM,EQIX,2738.0,2740.0,-2.0,1072.08,-2144.16
RWL,EQIX,4225.0,4223.0,2.0,1072.08,2144.16
PKW,WABC,15245.0,15284.0,-39.0,54.85,-2139.15
RWJ,CENT,46123.0,46067.0,56.0,38.14,2135.84
RWL,TPR,22983.0,22967.0,16.0,133.48,2135.68
PSCH,USPH,10627.0,10591.0,36.0,59.29,2134.44
RWJ,SPHR,11815.0,11799.0,16.0,133.33,2133.28
RWJ,WAFD,49863.0,49803.0,60.0,35.55,2133.0
PBUS,GM,161849.0,161822.0,27.0,78.8,2127.6
RWL,IR,39850.0,39822.0,28.0,75.75,2121.0
PBUS,UPS,128206.0,128185.0,21.0,100.78,2116.38
RWL,GL,18872.0,18858.0,14.0,151.08,2115.1200000000003
RWL,CRWD,4838.0,4834.0,4.0,527.77,2111.08
QYLG,CRWD,1744.0,1748.0,-4.0,527.77,-2111.08
PKW,CLVT,299801.0,300560.0,-759.0,2.78,-2110.02
PRF,SLVM,19040.0,19091.0,-51.0,41.1,-2096.1
RWJ,AESI,91257.0,91145.0,112.0,18.71,2095.52
PRF,OPCH,31469.0,31571.0,-102.0,20.51,-2092.02
RWL,CBOE,7392.0,7386.0,6.0,348.56,2091.36
RWJ,TNC,20701.0,20677.0,24.0,87.12,2090.88
RWJ,RNST,43650.0,43598.0,52.0,40.19,2089.88
PRF,CIM,48040.0,48193.0,-153.0,13.64,-2086.92
RWL,LII,4543.0,4539.0,4.0,521.25,2085.0
RWJ,ICHR,23221.0,23193.0,28.0,74.42,2083.76
PRF,AVA,26911.0,26962.0,-51.0,40.82,-2081.82
PSCC,WDFC,6248.0,6238.0,10.0,208.05,2080.5
PBUS,EOG,94144.0,94128.0,16.0,130.03,2080.48
PRF,CXW,45866.0,45968.0,-102.0,20.33,-2073.66
PRF,EFOR,34540.0,34642.0,-102.0,20.32,-2072.64
PNQI,Z,29004.0,29054.0,-50.0,41.43,-2071.5
RWL,CF,26192.0,26174.0,18.0,115.02,2070.36
RWJ,AROC,45522.0,45466.0,56.0,36.96,2069.76
IGPT,FRSH,45056.0,44822.0,234.0,8.83,2066.22
RWJ,BXMT,88177.0,88069.0,108.0,19.13,2066.04
PBUS,NXPI,43660.0,43653.0,7.0,294.75,2063.25
RWJ,PFS,74045.0,73953.0,92.0,22.4,2060.7999999999997
RWL,ROP,9935.0,9929.0,6.0,343.32,2059.92
PBUS,PSX,69911.0,69899.0,12.0,171.56,2058.7200000000003
PRF,CART,26045.0,26096.0,-51.0,40.35,-2057.85
PKW,DFIN,19329.0,19377.0,-48.0,42.84,-2056.32
RWL,NI,63753.0,63709.0,44.0,46.72,2055.68
RWJ,INDV,41545.0,41493.0,52.0,39.5,2054.0
PRF,SLGN,26384.0,26435.0,-51.0,40.26,-2053.2599999999998
PBUS,FTNT,109662.0,109644.0,18.0,114.07,2053.2599999999998
RWJ,APOG,45047.0,44991.0,56.0,36.65,2052.4
PSCH,BLFS,27262.0,27169.0,93.0,22.04,2049.72
OMFL,COP,3482.0,3464.0,18.0,113.87,2049.66
RWJ,SONO,111656.0,111520.0,136.0,15.06,2048.16
QYLG,MRVL,6036.0,6048.0,-12.0,170.13,-2041.56
RWJ,FIBK,45914.0,45858.0,56.0,36.42,2039.52
PFM,CMI,3850.0,3853.0,-3.0,679.55,-2038.6499999999999
RWJ,MBIN,35833.0,35789.0,44.0,46.33,2038.52
PBUS,ITW,47815.0,47807.0,8.0,254.76,2038.08
OMFL,AFL,5231.0,5213.0,18.0,113.1,2035.8
RWL,ALB,13682.0,13672.0,10.0,203.52,2035.2
IGPT,MGNI,27568.0,27424.0,144.0,14.13,2034.72
PBUS,ROST,56110.0,56101.0,9.0,225.81,2032.29
RWJ,MATW,58636.0,58564.0,72.0,28.14,2026.08
PKW,BLKB,21494.0,21548.0,-54.0,37.5,-2025.0
OMFL,BMY,14906.0,14870.0,36.0,56.16,2021.7599999999998
RWL,SPG,14885.0,14875.0,10.0,202.12,2021.2
RWJ,FBP,68208.0,68124.0,84.0,24.05,2020.2
PFM,SO,31199.0,31221.0,-22.0,91.8,-2019.6
RWJ,TILE,54754.0,54686.0,68.0,29.66,2016.88
QQA,CHTR,3235.0,3222.0,13.0,154.86,2013.1800000000003
OMFL,SN,5212.0,5194.0,18.0,111.67,2010.06
OMFL,WEC,3701.0,3683.0,18.0,111.66,2009.8799999999999
OMFL,ETR,4955.0,4937.0,18.0,111.59,2008.6200000000001
RWJ,WSFS,23835.0,23807.0,28.0,71.7,2007.6000000000001
RWJ,AMWD,41096.0,41044.0,52.0,38.58,2006.1599999999999
OMFL,PCTY,6385.0,6367.0,18.0,110.98,1997.64
PKW,PFBC,8036.0,8057.0,-21.0,95.04,-1995.8400000000001
RWJ,ADUS,15180.0,15160.0,20.0,99.57,1991.3999999999999
RWJ,IRDM,38623.0,38575.0,48.0,41.46,1990.08
RWL,ZTS,35048.0,35024.0,24.0,82.83,1987.92
PNQI,W,16796.0,16826.0,-30.0,66.26,-1987.8000000000002
RWL,ODFL,12930.0,12920.0,10.0,198.33,1983.3000000000002
PFM,INTU,7709.0,7714.0,-5.0,396.31,-1981.55
GXPC,FOX,1792.0,1757.0,35.0,56.6,1981.0
RWJ,RDN,41767.0,41715.0,52.0,38.06,1979.1200000000001
RWL,HUBB,5427.0,5423.0,4.0,492.58,1970.32
RWJ,ZD,39158.0,39110.0,48.0,41.02,1968.96
PFM,CME,9996.0,10003.0,-7.0,281.25,-1968.75
RWJ,WD,28506.0,28470.0,36.0,54.61,1965.96
RWJ,ALG,10013.0,10001.0,12.0,163.76,1965.12
PSCH,PAHC,14416.0,14367.0,49.0,40.0,1960.0
OMFL,TW,7460.0,7442.0,18.0,108.81,1958.58
RWJ,FFBC,51345.0,51281.0,64.0,30.6,1958.4
RWJ,ACLS,10693.0,10681.0,12.0,163.03,1956.3600000000001
RWL,ADSK,12669.0,12661.0,8.0,244.5,1956.0
RWL,DLR,15238.0,15228.0,10.0,195.31,1953.1
PBUS,DLR,59597.0,59587.0,10.0,195.31,1953.1
PBUS,AEP,92656.0,92641.0,15.0,130.16,1952.3999999999999
PFM,FIX,979.0,980.0,-1.0,1952.37,-1952.37
PBUS,FIX,6119.0,6118.0,1.0,1952.37,1952.37
RWJ,SMTC,13142.0,13126.0,16.0,121.81,1948.96
RWJ,TDW,19429.0,19405.0,24.0,81.16,1947.84
OMFL,RHI,24886.0,24814.0,72.0,27.03,1946.16
OMFL,NWSA,28198.0,28126.0,72.0,27.02,1945.44
RWJ,AWI,10609.0,10597.0,12.0,161.76,1941.12
RWJ,CVCO,4743.0,4739.0,4.0,484.54,1938.16
RWJ,OMCL,34775.0,34731.0,44.0,43.82,1928.08
PBUS,RCL,44940.0,44933.0,7.0,275.24,1926.68
PBUS,CL,132854.0,132832.0,22.0,87.55,1926.1
PRF,NOMD,82142.0,82346.0,-204.0,9.44,-1925.76
PBUS,MSI,28899.0,28894.0,5.0,383.99,1919.95
RWL,VTR,30220.0,30198.0,22.0,87.26,1919.72
QYLG,HON,4416.0,4425.0,-9.0,213.12,-1918.08
PRF,UPBD,44962.0,45064.0,-102.0,18.78,-1915.5600000000002
OMFL,ED,5160.0,5142.0,18.0,106.31,1913.58
PKW,WMK,10159.0,10186.0,-27.0,70.86,-1913.22
OMFL,EHC,3481.0,3463.0,18.0,106.1,1909.8
RWL,IT,17960.0,17948.0,12.0,158.65,1903.8000000000002
PFM,MDT,35785.0,35810.0,-25.0,76.15,-1903.7500000000002
RWJ,IPAR,17404.0,17384.0,20.0,94.48,1889.6000000000001
PSCH,AZTA,28657.0,28559.0,98.0,19.22,1883.56
RWJ,BRC,19842.0,19818.0,24.0,78.33,1879.92
PSCC,UVV,21420.0,21385.0,35.0,53.7,1879.5
RWL,PAYX,28475.0,28455.0,20.0,93.93,1878.6000000000001
PRF,FDP,24043.0,24094.0,-51.0,36.81,-1877.3100000000002
QYLG,SHOP,8523.0,8540.0,-17.0,110.41,-1876.97
PBUS,AON,35427.0,35421.0,6.0,312.79,1876.7400000000002
QYLG,APP,2133.0,2137.0,-4.0,468.55,-1874.2
RWL,APP,5582.0,5578.0,4.0,468.55,1874.2
PBUS,URI,11042.0,11040.0,2.0,937.0,1874.0
PBUS,NSC,38922.0,38916.0,6.0,312.01,1872.06
RWJ,TRUP,61531.0,61455.0,76.0,24.61,1870.36
OMFL,MHK,3906.0,3888.0,18.0,103.83,1868.94
RWL,CHD,27618.0,27598.0,20.0,93.44,1868.8
RWL,PSA,7150.0,7144.0,6.0,311.04,1866.2400000000002
PFM,TT,6170.0,6174.0,-4.0,466.17,-1864.68
RWJ,VTOL,36595.0,36551.0,44.0,42.36,1863.84
RWJ,MARA,116687.0,116543.0,144.0,12.94,1863.36
PFM,DUK,21676.0,21691.0,-15.0,124.17,-1862.55
OMFL,FND,11316.0,11280.0,36.0,51.73,1862.28
PKW,TK,52208.0,52340.0,-132.0,14.09,-1859.8799999999999
EART,ABAT,38988.0,39574.0,-586.0,3.17,-1857.62
RWJ,HLX,156271.0,156079.0,192.0,9.66,1854.72
RWJ,OSIS,7088.0,7080.0,8.0,230.83,1846.64
PBUS,KKR,108252.0,108234.0,18.0,102.52,1845.36
PBUS,WBD,408591.0,408523.0,68.0,27.11,1843.48
RWJ,PRAA,79718.0,79622.0,96.0,19.18,1841.28
RWJ,JJSF,20719.0,20695.0,24.0,76.17,1828.08
PFM,BK,19144.0,19158.0,-14.0,130.5,-1827.0
QYLG,BKNG,5507.0,5518.0,-11.0,165.93,-1825.23
RWJ,APAM,38910.0,38862.0,48.0,38.02,1824.96
PBUS,KMI,347490.0,347432.0,58.0,31.41,1821.78
PBUS,SPG,56632.0,56623.0,9.0,202.12,1819.08
RWJ,SEDG,36163.0,36119.0,44.0,41.3,1817.1999999999998
PBUS,TFC,221945.0,221908.0,37.0,49.11,1817.07
RWJ,NGVT,21176.0,21152.0,24.0,75.63,1815.12
PBUS,MNST,127129.0,127108.0,21.0,86.29,1812.0900000000001
PKW,NBBK,35367.0,35457.0,-90.0,20.12,-1810.8000000000002
RWL,ZBRA,11285.0,11277.0,8.0,226.03,1808.24
PBUS,LITE,12300.0,12298.0,2.0,903.8,1807.6
PFM,MCO,4942.0,4946.0,-4.0,451.32,-1805.28
RWJ,CRK,104389.0,104261.0,128.0,14.1,1804.8
PSCH,CERT,83506.0,83220.0,286.0,6.31,1804.6599999999999
PFM,CMCSA,100014.0,100085.0,-71.0,25.4,-1803.3999999999999
PBUS,DASH,66970.0,66959.0,11.0,163.93,1803.23
PBUS,KEYS,29810.0,29805.0,5.0,360.3,1801.5
PBUS,DDOG,53641.0,53632.0,9.0,200.16,1801.44
RWL,EVRG,32499.0,32477.0,22.0,81.78,1799.16
RWL,BR,17391.0,17379.0,12.0,149.5,1794.0
RWJ,MWA,56355.0,56287.0,68.0,26.37,1793.16
OMFL,UAL,5382.0,5364.0,18.0,99.58,1792.44
PBUS,BKR,171193.0,171165.0,28.0,63.89,1788.92
PGX,NMFC,169676.0,169460.0,216.0,8.28,1788.4799999999998
PBUS,TRV,38693.0,38687.0,6.0,298.04,1788.2400000000002
RWJ,AVNS,57560.0,57488.0,72.0,24.8,1785.6000000000001
PBUS,ECL,44220.0,44213.0,7.0,254.22,1779.54
RWJ,FWRD,147831.0,147651.0,180.0,9.87,1776.6
RWJ,FORM,9397.0,9385.0,12.0,147.87,1774.44
RWL,AKAM,17545.0,17533.0,12.0,147.71,1772.52
PBUS,APD,38611.0,38605.0,6.0,295.41,1772.46
RWJ,MTUS,80002.0,79906.0,96.0,18.45,1771.1999999999998
RWL,Q,18172.0,18160.0,12.0,147.33,1767.96
PKW,FCEL,50590.0,50719.0,-129.0,13.7,-1767.3
PBUS,NET,54812.0,54803.0,9.0,196.13,1765.17
RWJ,CNMD,39325.0,39277.0,48.0,36.76,1764.48
RWJ,ACT,33564.0,33524.0,40.0,44.04,1761.6
RWJ,OTTR,16695.0,16675.0,20.0,88.03,1760.6
PSCH,QDEL,47490.0,47327.0,163.0,10.8,1760.4
RWL,FSLR,11560.0,11552.0,8.0,219.95,1759.6
PSCH,SDGR,39228.0,39094.0,134.0,13.13,1759.42
RWL,EW,31629.0,31607.0,22.0,79.96,1759.12
RWL,EFX,14069.0,14059.0,10.0,175.83,1758.3000000000002
RWJ,AIN,23226.0,23198.0,28.0,62.55,1751.3999999999999
RWJ,FHB,53663.0,53599.0,64.0,27.34,1749.76
RWJ,WOR,27899.0,27867.0,32.0,54.44,1742.08
OMFL,TECH,17238.0,17202.0,36.0,48.36,1740.96
RWL,MKC,50639.0,50603.0,36.0,48.32,1739.52
PBUS,SRE,113240.0,113221.0,19.0,91.53,1739.07
PFM,PNC,11242.0,11250.0,-8.0,216.85,-1734.8
RWL,O,39573.0,39545.0,28.0,61.92,1733.76
PFM,GD,7537.0,7542.0,-5.0,346.53,-1732.6499999999999
PSCC,FDP,28332.0,28285.0,47.0,36.81,1730.0700000000002
IGPT,FIVN,15004.0,14926.0,78.0,22.1,1723.8000000000002
PFM,WM,11241.0,11249.0,-8.0,215.37,-1722.96
PFM,USB,43303.0,43334.0,-31.0,55.53,-1721.43
QYLG,VRTX,1759.0,1763.0,-4.0,429.82,-1719.28
RWJ,HCC,16975.0,16955.0,20.0,85.87,1717.4
RWJ,PLAB,27557.0,27525.0,32.0,53.64,1716.48
OMFL,HXL,7714.0,7696.0,18.0,95.32,1715.7599999999998
RWJ,MMSI,23737.0,23709.0,28.0,61.27,1715.5600000000002
PBUS,PCAR,91118.0,91103.0,15.0,114.31,1714.65
RWJ,SAFT,19246.0,19222.0,24.0,71.43,1714.3200000000002
PFM,ICE,15829.0,15840.0,-11.0,155.82,-1714.02
RWJ,ASTE,27532.0,27500.0,32.0,53.34,1706.88
PBUS,ALL,45408.0,45400.0,8.0,213.15,1705.2
PFM,ADP,11222.0,11230.0,-8.0,212.995,-1703.96
PBUS,ABNB,74658.0,74646.0,12.0,141.49,1697.88
PBUS,HOOD,130078.0,130056.0,22.0,77.03,1694.66
RWJ,ARR,80445.0,80349.0,96.0,17.63,1692.48
RWL,FTV,40506.0,40478.0,28.0,60.43,1692.04
RWJ,ROG,8507.0,8495.0,12.0,140.66,1687.92
RWL,CME,9647.0,9641.0,6.0,281.25,1687.5
RWJ,FIZZ,38305.0,38257.0,48.0,35.14,1686.72
RWJ,GTM,218446.0,218182.0,264.0,6.38,1684.32
RWJ,DRH,128492.0,128336.0,156.0,10.79,1683.2399999999998
OMFL,GAP,27652.0,27580.0,72.0,23.37,1682.64
RWJ,DEI,111191.0,111055.0,136.0,12.37,1682.32
PNQI,OTEX,38699.0,38767.0,-68.0,24.72,-1680.96
QYLG,SBUX,7885.0,7901.0,-16.0,104.93,-1678.88
RWJ,BKE,27794.0,27762.0,32.0,52.41,1677.12
PSCC,JJSF,13072.0,13050.0,22.0,76.17,1675.74
PRF,HPP,57719.0,57872.0,-153.0,10.95,-1675.35
PNQI,ETSY,14863.0,14889.0,-26.0,64.38,-1673.8799999999999
RWJ,CORT,24828.0,24796.0,32.0,52.28,1672.96
PBUS,CTAS,62434.0,62424.0,10.0,166.97,1669.7
RWJ,MGY,49574.0,49514.0,60.0,27.8,1668.0
RWJ,AOSL,34929.0,34885.0,44.0,37.9,1667.6
PRF,MLKN,36247.0,36349.0,-102.0,16.32,-1664.64
RWJ,VECO,23069.0,23041.0,28.0,59.42,1663.76
PSCC,REYN,47002.0,46926.0,76.0,21.88,1662.8799999999999
RWL,STE,11666.0,11658.0,8.0,207.45,1659.6
RWL,CLX,26719.0,26701.0,18.0,92.16,1658.8799999999999
PFM,CSX,51828.0,51865.0,-37.0,44.83,-1658.71
PKW,CTOS,67088.0,67259.0,-171.0,9.7,-1658.6999999999998
PKW,SCSC,14771.0,14807.0,-36.0,45.9,-1652.3999999999999
PBUS,TEL,51032.0,51024.0,8.0,206.2,1649.6
PFM,NOC,3955.0,3958.0,-3.0,549.52,-1648.56
RWJ,SLG,30004.0,29968.0,36.0,45.75,1647.0
RWJ,BOX,52501.0,52437.0,64.0,25.72,1646.08
RWJ,KLIC,11531.0,11515.0,16.0,102.66,1642.56
RWL,GDDY,25375.0,25357.0,18.0,91.02,1638.36
RWJ,QNST,102769.0,102645.0,124.0,13.21,1638.0400000000002
RWJ,XHR,80126.0,80030.0,96.0,17.03,1634.88
QYLG,MELI,350.0,351.0,-1.0,1632.52,-1632.52
PBUS,MELI,7848.0,7847.0,1.0,1632.52,1632.52
PFM,MRSH,13492.0,13502.0,-10.0,163.25,-1632.5
RWJ,MNRO,75344.0,75252.0,92.0,17.72,1630.2399999999998
PBUS,TGT,78558.0,78545.0,13.0,125.25,1628.25
PBUS,AME,39945.0,39938.0,7.0,232.4,1626.8
RWJ,SMPL,107412.0,107280.0,132.0,12.26,1618.32
RWL,GNRC,8836.0,8830.0,6.0,269.41,1616.46
PSCH,AMPH,24736.0,24651.0,85.0,19.0,1615.0
RWJ,NWN,27480.0,27448.0,32.0,50.44,1614.08
RWJ,TRMK,29326.0,29290.0,36.0,44.73,1610.28
PBUS,O,159590.0,159564.0,26.0,61.92,1609.92
RWJ,BOH,15893.0,15873.0,20.0,80.46,1609.1999999999998
RWJ,CSGS,16832.0,16812.0,20.0,80.38,1607.6
RWL,DECK,23167.0,23151.0,16.0,100.42,1606.72
RWJ,ENPH,37325.0,37281.0,44.0,36.45,1603.8000000000002
RWJ,STRA,17651.0,17631.0,20.0,80.18,1603.6000000000001
PSCC,ENR,52372.0,52287.0,85.0,18.86,1603.1
RWL,DDOG,11919.0,11911.0,8.0,200.16,1601.28
QYLG,MPWR,357.0,358.0,-1.0,1600.84,-1600.84
PBUS,MPWR,8213.0,8212.0,1.0,1600.84,1600.84
RWJ,PAHC,32138.0,32098.0,40.0,40.0,1600.0
PFM,EPD,60251.0,60294.0,-43.0,37.19,-1599.1699999999998
PBUS,APO,75418.0,75406.0,12.0,133.2,1598.3999999999999
PBUS,NUE,39712.0,39705.0,7.0,227.5,1592.5
QYLG,ASML,610.0,611.0,-1.0,1592.02,-1592.02
RWJ,YOU,22104.0,22076.0,28.0,56.81,1590.68
PNQI,VIPS,63229.0,63339.0,-110.0,14.46,-1590.6000000000001
RWJ,SFBS,15134.0,15114.0,20.0,79.48,1589.6000000000001
OMFL,NKE,16931.0,16895.0,36.0,44.14,1589.04
PFM,AMT,12991.0,13000.0,-9.0,176.53,-1588.77
RWL,PNW,23614.0,23598.0,16.0,99.25,1588.0
RWL,GEN,98736.0,98666.0,70.0,22.68,1587.6
PBUS,MCHP,93772.0,93756.0,16.0,99.09,1585.44
QYLG,INTU,1914.0,1918.0,-4.0,396.31,-1585.24
PFM,SHW,6894.0,6899.0,-5.0,316.82,-1584.1
PBUS,AFL,86378.0,86364.0,14.0,113.1,1583.3999999999999
OMFL,EXC,13731.0,13695.0,36.0,43.91,1580.7599999999998
RWL,INCY,24079.0,24063.0,16.0,98.56,1576.96
RWJ,PAYO,250052.0,249748.0,304.0,5.16,1568.64
PBUS,BE,38973.0,38967.0,6.0,261.03,1566.1799999999998
RWJ,SNCY,74756.0,74664.0,92.0,17.02,1565.84
RWL,HAS,22125.0,22109.0,16.0,97.78,1564.48
RWJ,INDB,16984.0,16964.0,20.0,78.2,1564.0
PBUS,FLEX,64162.0,64151.0,11.0,142.17,1563.87
RWL,VLTO,26705.0,26687.0,18.0,86.84,1563.1200000000001
IGPT,DSY,143561.0,142817.0,744.0,2.1,1562.4
RWJ,JBSS,16523.0,16503.0,20.0,77.95,1559.0
PBUS,PSA,27405.0,27400.0,5.0,311.04,1555.2
PFM,EMR,15664.0,15675.0,-11.0,141.31,-1554.41
PNQI,PCTY,8320.0,8334.0,-14.0,110.98,-1553.72
PRF,MBC,79288.0,79492.0,-204.0,7.61,-1552.44
GXPC,SNAP,12246.0,11991.0,255.0,6.08,1550.4
QYLG,SNPS,1321.0,1324.0,-3.0,516.48,-1549.44
PBUS,D,148156.0,148131.0,25.0,61.89,1547.25
RWJ,VSEC,5692.0,5684.0,8.0,193.05,1544.4
OMFL,BYD,4624.0,4606.0,18.0,85.64,1541.52
PBUS,CTVA,117130.0,117111.0,19.0,81.13,1541.4699999999998
PKW,JBGS,38880.0,38979.0,-99.0,15.56,-1540.44
PFM,MDLZ,35728.0,35753.0,-25.0,61.55,-1538.75
PKW,BJRI,14576.0,14612.0,-36.0,42.7,-1537.2
RWJ,CBU,19288.0,19264.0,24.0,63.96,1535.04
RWJ,CLSK,88025.0,87917.0,108.0,14.2,1533.6
PBUS,OKE,109166.0,109148.0,18.0,85.16,1532.8799999999999
PFM,ITW,8032.0,8038.0,-6.0,254.76,-1528.56
IGPT,DV,26197.0,26059.0,138.0,11.06,1526.28
PFM,ECL,7858.0,7864.0,-6.0,254.22,-1525.32
PNQI,LYFT,61479.0,61585.0,-106.0,14.35,-1521.1
QYLG,ADBE,2821.0,2827.0,-6.0,253.04,-1518.24
QYLG,CEG,2505.0,2510.0,-5.0,303.63,-1518.15
RWJ,HAYW,84876.0,84772.0,104.0,14.58,1516.32
PKW,NCDL,43388.0,43499.0,-111.0,13.66,-1516.26
RWJ,WHD,24421.0,24393.0,28.0,54.14,1515.92
RWL,NWSA,78921.0,78865.0,56.0,27.02,1513.12
PFM,ELV,6152.0,6156.0,-4.0,378.07,-1512.28
PFM,UPS,20731.0,20746.0,-15.0,100.78,-1511.7
OMFL,VGNT,13206.0,13170.0,36.0,41.83,1505.8799999999999
PKW,FIHL,28025.0,28097.0,-72.0,20.91,-1505.52
RWL,NWS,69719.0,69671.0,48.0,31.31,1502.8799999999999
RWL,POOL,11129.0,11121.0,8.0,187.77,1502.16
PBUS,NKE,206713.0,206679.0,34.0,44.14,1500.76
RWL,AWK,16974.0,16962.0,12.0,125.05,1500.6
IGPT,DJT,32159.0,31991.0,168.0,8.93,1500.24
PBUS,LHX,32446.0,32441.0,5.0,299.64,1498.1999999999998
RWL,SNA,6180.0,6176.0,4.0,374.0,1496.0
RWJ,MRTN,80428.0,80332.0,96.0,15.58,1495.68
RWL,TKO,10585.0,10577.0,8.0,186.79,1494.32
RWJ,OSW,50625.0,50565.0,60.0,24.82,1489.2
RWJ,HOPE,98678.0,98558.0,120.0,12.41,1489.2
PBUS,TRGP,37239.0,37233.0,6.0,248.12,1488.72
RWJ,PRA,49179.0,49119.0,60.0,24.7,1482.0
RWJ,HTLD,90978.0,90866.0,112.0,13.22,1480.64
OMFL,OLLI,5107.0,5089.0,18.0,82.21,1479.78
PBUS,VST,58788.0,58778.0,10.0,147.72,1477.2
PBUS,RKLB,83408.0,83394.0,14.0,105.47,1476.58
PFM,MCK,3414.0,3416.0,-2.0,736.09,-1472.18
OMFL,EVRG,4264.0,4246.0,18.0,81.78,1472.04
RWJ,OFG,25472.0,25440.0,32.0,46.0,1472.0
PKW,ENR,31387.0,31465.0,-78.0,18.86,-1471.08
RWJ,ABR,166890.0,166686.0,204.0,7.21,1470.84
PBUS,CARR,131510.0,131488.0,22.0,66.83,1470.26
PNQI,CHWY,36834.0,36898.0,-64.0,22.97,-1470.08
RWL,SWKS,32477.0,32455.0,22.0,66.78,1469.16
RWJ,ROCK,30630.0,30594.0,36.0,40.81,1469.16
RWJ,SHO,114155.0,114015.0,140.0,10.49,1468.6000000000001
RWL,BRO,38275.0,38249.0,26.0,56.45,1467.7
PBUS,ADSK,36779.0,36773.0,6.0,244.5,1467.0
RWJ,INSW,13157.0,13141.0,16.0,91.62,1465.92
PNQI,ESTC,15983.0,16011.0,-28.0,52.25,-1463.0
PBUS,DVN,190985.0,190953.0,32.0,45.61,1459.52
PBUS,FAST,199177.0,199144.0,33.0,44.17,1457.6100000000001
QYLG,CDNS,1904.0,1908.0,-4.0,362.7,-1450.8
PBUS,ETR,77484.0,77471.0,13.0,111.59,1450.67
RWL,CCI,21620.0,21604.0,16.0,90.57,1449.12
PBUS,FERG,33932.0,33926.0,6.0,241.34,1448.04
RWL,ATO,11928.0,11920.0,8.0,180.87,1446.96
RWJ,MRCY,12053.0,12037.0,16.0,90.34,1445.44
PBUS,LNG,37338.0,37332.0,6.0,240.11,1440.66
RWL,TER,4800.0,4796.0,4.0,359.77,1439.08
PBUS,TER,27064.0,27060.0,4.0,359.77,1439.08
RWJ,ACMR,20671.0,20647.0,24.0,59.85,1436.4
RWL,LNT,27376.0,27356.0,20.0,71.76,1435.2
PSCC,SMPL,73196.0,73079.0,117.0,12.26,1434.42
RWJ,ACAD,53623.0,53559.0,64.0,22.4,1433.6
PFM,AEP,15074.0,15085.0,-11.0,130.16,-1431.76
OMFL,CAVA,4656.0,4638.0,18.0,79.4,1429.2
OMFL,XEL,4243.0,4225.0,18.0,79.39,1429.02
RWL,CRL,10554.0,10546.0,8.0,177.62,1420.96
RWL,WAT,4729.0,4725.0,4.0,355.13,1420.52
OMFL,GM,9643.0,9625.0,18.0,78.8,1418.3999999999999
RWL,FFIV,4826.0,4822.0,4.0,354.03,1416.12
QYLG,MAR,1831.0,1835.0,-4.0,353.18,-1412.72
QQA,CSGP,10719.0,10676.0,43.0,32.77,1409.1100000000001
RWJ,MCW,165458.0,165258.0,200.0,7.04,1408.0
RWJ,NTCT,31185.0,31149.0,36.0,39.09,1407.2400000000002
OMFL,P,7639.0,7621.0,18.0,78.16,1406.8799999999999
RWJ,CRVL,19936.0,19912.0,24.0,58.52,1404.48
PBUS,EA,41225.0,41218.0,7.0,200.44,1403.08
RWJ,SHAK,17143.0,17123.0,20.0,70.14,1402.8
PSCC,EPC,40151.0,40085.0,66.0,21.25,1402.5
PFM,CL,22340.0,22356.0,-16.0,87.55,-1400.8
PBUS,EBAY,78419.0,78406.0,13.0,107.69,1399.97
RWJ,MAC,53715.0,53651.0,64.0,21.87,1399.68
PBUS,AMP,16124.0,16121.0,3.0,465.56,1396.68
OMFL,BLDR,5853.0,5835.0,18.0,77.4,1393.2
PBUS,AJG,44546.0,44539.0,7.0,198.87,1392.0900000000001
RWJ,CWT,24973.0,24941.0,32.0,43.47,1391.04
RWJ,CARG,32897.0,32857.0,40.0,34.745,1389.8
OMFL,OMC,4076.0,4058.0,18.0,77.06,1387.08
RWL,HOOD,25399.0,25381.0,18.0,77.03,1386.54
PKW,EIG,13210.0,13243.0,-33.0,42.01,-1386.33
RWJ,INVX,41188.0,41136.0,52.0,26.6,1383.2
OMFL,PNR,5826.0,5808.0,18.0,76.82,1382.7599999999998
PBUS,F,678986.0,678874.0,112.0,12.32,1379.8400000000001
RWL,PLTR,13108.0,13098.0,10.0,137.8,1378.0
RWL,CPAY,6074.0,6070.0,4.0,343.99,1375.96
PFM,PSX,11169.0,11177.0,-8.0,171.56,-1372.48
PBUS,SNOW,55836.0,55827.0,9.0,152.45,1372.05
PNQI,GLBE,26210.0,26256.0,-46.0,29.8,-1370.8
RWJ,TBBK,18362.0,18338.0,24.0,57.0,1368.0
PSCH,HSTM,16592.0,16535.0,57.0,23.96,1365.72
RWJ,MPT,216827.0,216563.0,264.0,5.17,1364.8799999999999
RWJ,SSTK,66736.0,66656.0,80.0,17.06,1364.8
PBUS,ROK,19502.0,19499.0,3.0,453.89,1361.67
PBUS,EW,100684.0,100667.0,17.0,79.96,1359.32
RWJ,RWT,200303.0,200059.0,244.0,5.57,1359.0800000000002
RWL,CPRT,57563.0,57523.0,40.0,33.94,1357.6
RWJ,BANF,9659.0,9647.0,12.0,112.95,1355.4
RWJ,TWO,88255.0,88147.0,108.0,12.55,1355.4
RWJ,KAI,3476.0,3472.0,4.0,338.82,1355.28
RWL,ALGN,10251.0,10243.0,8.0,168.78,1350.24
PBUS,XEL,102628.0,102611.0,17.0,79.39,1349.63
PKW,WRLD,3441.0,3450.0,-9.0,149.7,-1347.3
OMFL,OTIS,7567.0,7549.0,18.0,74.82,1346.7599999999998
PBUS,COHR,27023.0,27019.0,4.0,335.26,1341.04
RWJ,HWKN,7886.0,7878.0,8.0,167.16,1337.28
PFM,CTAS,11145.0,11153.0,-8.0,166.97,-1335.76
RWJ,NWBI,79084.0,78988.0,96.0,13.89,1333.44
RWL,DXCM,30863.0,30841.0,22.0,60.61,1333.42
RWJ,ALRM,22763.0,22735.0,28.0,47.6,1332.8
PRF,BRSL,28904.0,29006.0,-102.0,13.05,-1331.1000000000001
PBUS,WAB,29661.0,29656.0,5.0,265.71,1328.55
RWJ,MSGS,3713.0,3709.0,4.0,330.13,1320.52
PBUS,CBRE,51638.0,51629.0,9.0,146.33,1316.97
RWJ,BANR,16398.0,16378.0,20.0,65.67,1313.4
PBUS,MSTR,45185.0,45178.0,7.0,187.59,1313.13
RZV,FWRD,25686.0,25819.0,-133.0,9.87,-1312.7099999999998
OMFL,LBTYA,42067.0,41959.0,108.0,12.15,1312.2
RWJ,ANIP,12739.0,12723.0,16.0,81.86,1309.76
PRF,NAVI,58029.0,58182.0,-153.0,8.54,-1306.62
PBUS,COR,31968.0,31963.0,5.0,261.08,1305.3999999999999
RWL,WST,5724.0,5720.0,4.0,325.92,1303.68
RWL,IEX,7893.0,7887.0,6.0,216.92,1301.52
RWJ,FBK,18424.0,18400.0,24.0,54.12,1298.8799999999999
RWL,ERIE,7446.0,7440.0,6.0,215.9,1295.4
QYLG,CMCSA,24827.0,24878.0,-51.0,25.4,-1295.3999999999999
RWL,DPZ,5575.0,5571.0,4.0,323.48,1293.92
QQHG,NVDA,6008.0,6014.0,-6.0,215.2,-1291.1999999999998
PKW,FET,8978.0,9002.0,-24.0,53.71,-1289.04
RWJ,BCPC,6665.0,6657.0,8.0,160.97,1287.76
PBUS,CAH,41224.0,41217.0,7.0,183.65,1285.55
RWJ,WAY,49204.0,49144.0,60.0,21.38,1282.8
PBUS,FITB,156002.0,155976.0,26.0,49.33,1282.58
QYLG,ADP,2773.0,2779.0,-6.0,212.995,-1277.97
RWJ,NBTB,24219.0,24191.0,28.0,45.59,1276.52
PBUS,EXC,175278.0,175249.0,29.0,43.91,1273.3899999999999
RWJ,BBT,34943.0,34899.0,44.0,28.93,1272.92
RWL,VICI,62533.0,62489.0,44.0,28.84,1268.96
OMFL,ONON,14883.0,14847.0,36.0,35.24,1268.64
RWJ,PBH,18739.0,18715.0,24.0,52.54,1260.96
PBUS,MET,97165.0,97149.0,16.0,78.08,1249.28
RWJ,SBCF,33628.0,33588.0,40.0,31.09,1243.6
RWL,TDY,4200.0,4198.0,2.0,621.38,1242.76
OMFL,EIX,5722.0,5704.0,18.0,68.95,1241.1000000000001
RWL,RMD,9954.0,9948.0,6.0,206.76,1240.56
RWJ,HRMY,33170.0,33130.0,40.0,30.99,1239.6
OMFL,EEFT,7665.0,7647.0,18.0,68.83,1238.94
PBUS,ON,69817.0,69805.0,12.0,103.2,1238.4
PRF,GME,15898.0,15949.0,-51.0,24.28,-1238.28
PFM,TEL,8178.0,8184.0,-6.0,206.2,-1237.1999999999998
PBUS,CMG,229407.0,229369.0,38.0,32.49,1234.6200000000001
PBUS,GWW,7737.0,7736.0,1.0,1233.71,1233.71
PFM,GWW,1320.0,1321.0,-1.0,1233.71,-1233.71
OMFL,TSN,6202.0,6184.0,18.0,68.38,1230.84
RWJ,KRYS,1695.0,1691.0,4.0,305.71,1222.84
RWJ,HIW,40928.0,40880.0,48.0,25.42,1220.16
RWJ,HCI,6179.0,6171.0,8.0,152.24,1217.92
RWJ,MMI,31843.0,31803.0,40.0,30.42,1216.8000000000002
PBUS,YUM,48171.0,48163.0,8.0,151.95,1215.6
PNQI,DBX,24309.0,24351.0,-42.0,28.9,-1213.8
RWJ,ESE,4870.0,4866.0,4.0,303.11,1212.44
PSCH,CTKB,76871.0,76608.0,263.0,4.61,1212.43
RWJ,CALX,21578.0,21550.0,28.0,43.24,1210.72
QYLG,MNST,7083.0,7097.0,-14.0,86.29,-1208.0600000000002
PBUS,COIN,37688.0,37682.0,6.0,201.16,1206.96
PKW,SCHL,12184.0,12214.0,-30.0,40.1,-1203.0
OMFL,HST,23081.0,23027.0,54.0,22.27,1202.58
RWJ,VRRM,68457.0,68373.0,84.0,14.3,1201.2
RWJ,AGO,12089.0,12073.0,16.0,75.05,1200.8
PBUS,GRMN,28368.0,28363.0,5.0,240.09,1200.45
PBUS,RSG,37591.0,37585.0,6.0,200.02,1200.1200000000001
PFM,RSG,8607.0,8613.0,-6.0,200.02,-1200.1200000000001
RWJ,TGTX,24149.0,24121.0,28.0,42.86,1200.08
PFM,LHX,5205.0,5209.0,-4.0,299.64,-1198.56
PBUS,XYZ,95021.0,95005.0,16.0,74.85,1197.6
PBUS,STT,48458.0,48450.0,8.0,149.49,1195.92
PBUS,BDX,49444.0,49436.0,8.0,149.43,1195.44
PRF,PRGO,40176.0,40278.0,-102.0,11.71,-1194.42
PRF,NOG,10727.0,10778.0,-51.0,23.4,-1193.3999999999999
PFM,TRV,6028.0,6032.0,-4.0,298.04,-1192.16
PBUS,HPE,231527.0,231489.0,38.0,31.35,1191.3
RWJ,DCOM,25161.0,25129.0,32.0,37.22,1191.04
RWL,EPAM,17050.0,17038.0,12.0,99.23,1190.76
PFM,SRE,18208.0,18221.0,-13.0,91.53,-1189.89
RWL,BXP,29609.0,29589.0,20.0,59.43,1188.6
RWL,ROL,30493.0,30471.0,22.0,53.83,1184.26
OMFL,WRB,4679.0,4661.0,18.0,65.68,1182.2400000000002
PKW,AGRO,35123.0,35213.0,-90.0,13.13,-1181.7
PFM,APD,6207.0,6211.0,-4.0,295.41,-1181.64
OMFL,KR,7595.0,7577.0,18.0,65.64,1181.52
PBUS,DHI,45611.0,45603.0,8.0,147.63,1181.04
PBUS,MLM,10467.0,10465.0,2.0,590.38,1180.76
RWJ,MKTX,5233.0,5225.0,8.0,147.53,1180.24
PBUS,ALNY,22924.0,22920.0,4.0,295.05,1180.2
OMFL,EQR,5273.0,5255.0,18.0,65.54,1179.72
PBUS,PYPL,154221.0,154195.0,26.0,45.37,1179.62
RWJ,GOGO,218639.0,218371.0,268.0,4.4,1179.2
QYLG,NXPI,1822.0,1826.0,-4.0,294.75,-1179.0
PBUS,CCI,75659.0,75646.0,13.0,90.57,1177.4099999999999
PRF,TTD,25045.0,25096.0,-51.0,23.08,-1177.08
RWJ,EIG,23832.0,23804.0,28.0,42.01,1176.28
PKW,RGR,11724.0,11754.0,-30.0,39.04,-1171.2
PBUS,MSCI,13033.0,13031.0,2.0,585.42,1170.84
RWL,MSCI,2545.0,2543.0,2.0,585.42,1170.84
QYLG,CSX,12800.0,12826.0,-26.0,44.83,-1165.58
RWJ,HTO,15683.0,15663.0,20.0,57.97,1159.4
PBUS,NDAQ,79249.0,79236.0,13.0,88.91,1155.83
OMFL,HALO,5093.0,5075.0,18.0,64.12,1154.16
RWJ,PRDO,27022.0,26990.0,32.0,36.04,1153.28
PFM,MSI,4618.0,4621.0,-3.0,383.99,-1151.97
RWJ,VRTS,7086.0,7078.0,8.0,143.93,1151.44
PNQI,MMYT,13832.0,13856.0,-24.0,47.84,-1148.16
RWL,EXR,10596.0,10588.0,8.0,143.3,1146.4
PBUS,AIG,93506.0,93491.0,15.0,76.36,1145.4
QYLG,FTNT,5382.0,5392.0,-10.0,114.07,-1140.6999999999998
OMFL,ELS,8778.0,8760.0,18.0,63.24,1138.32
PBUS,VMC,22927.0,22923.0,4.0,283.72,1134.88
PBUS,VTR,81389.0,81376.0,13.0,87.26,1134.38
RWL,NDSN,4624.0,4620.0,4.0,283.53,1134.12
PFM,AFL,14393.0,14403.0,-10.0,113.1,-1131.0
QYLG,ROST,2355.0,2360.0,-5.0,225.81,-1129.05
RWJ,KN,25665.0,25633.0,32.0,35.28,1128.96
PFM,TGT,12620.0,12629.0,-9.0,125.25,-1127.25
PBUS,FICO,4118.0,4117.0,1.0,1126.0,1126.0
PBUS,MTD,3551.0,3550.0,1.0,1124.46,1124.46
PNQI,WIX,8448.0,8462.0,-14.0,80.12,-1121.68
RWL,IDXX,3175.0,3173.0,2.0,560.11,1120.22
PBUS,IDXX,13848.0,13846.0,2.0,560.11,1120.22
PBUS,KR,104301.0,104284.0,17.0,65.64,1115.88
QYLG,ORLY,5772.0,5784.0,-12.0,92.96,-1115.52
PFM,O,25990.0,26008.0,-18.0,61.92,-1114.56
OMFL,D,6535.0,6517.0,18.0,61.89,1114.02
PBUS,OXY,128192.0,128171.0,21.0,53.03,1113.63
RWJ,FCF,48029.0,47969.0,60.0,18.56,1113.6
OMFL,BRBR,43498.0,43390.0,108.0,10.31,1113.48
QYLG,MDLZ,8810.0,8828.0,-18.0,61.55,-1107.8999999999999
RWL,AVB,7794.0,7788.0,6.0,184.08,1104.48
PBUS,TTWO,32052.0,32047.0,5.0,220.45,1102.25
PNQI,LMND,11796.0,11816.0,-20.0,55.01,-1100.2
RWJ,AAMI,13032.0,13016.0,16.0,68.63,1098.08
PBUS,IBKR,77271.0,77258.0,13.0,84.42,1097.46
PRF,ACH,104877.0,105183.0,-306.0,3.58,-1095.48
OMFL,TRMB,9885.0,9867.0,18.0,60.8,1094.3999999999999
RWJ,RAMP,30601.0,30565.0,36.0,30.38,1093.68
PKW,OXM,9240.0,9264.0,-24.0,45.48,-1091.52
PFM,MCHP,15081.0,15092.0,-11.0,99.09,-1089.99
OMFL,FTV,5843.0,5825.0,18.0,60.43,1087.74
PBUS,ADM,83379.0,83365.0,14.0,77.66,1087.24
RWJ,CSW,4110.0,4106.0,4.0,271.52,1086.08
RWJ,NEOG,98087.0,97967.0,120.0,9.05,1086.0
PFM,MPLX,28295.0,28315.0,-20.0,54.0,-1080.0
RWL,COO,24981.0,24963.0,18.0,60.0,1080.0
PBUS,PEG,86594.0,86580.0,14.0,77.13,1079.82
PKW,TCMD,16293.0,16335.0,-42.0,25.65,-1077.3
PBUS,ZTS,76463.0,76450.0,13.0,82.83,1076.79
RWL,PNR,20381.0,20367.0,14.0,76.82,1075.48
RWJ,PRGS,29511.0,29475.0,36.0,29.87,1075.32
RWL,ALLE,12294.0,12286.0,8.0,134.37,1074.96
PRF,JHX,20814.0,20865.0,-51.0,20.98,-1069.98
RWJ,GKOS,5439.0,5431.0,8.0,133.52,1068.16
PBUS,KDP,223919.0,223882.0,37.0,28.83,1066.71
PFM,ALL,7234.0,7239.0,-5.0,213.15,-1065.75
PBUS,JBL,18319.0,18316.0,3.0,355.15,1065.4499999999998
PBUS,WAT,17064.0,17061.0,3.0,355.13,1065.3899999999999
PKW,OIS,48289.0,48412.0,-123.0,8.66,-1065.18
PKW,CNNE,29640.0,29715.0,-75.0,14.19,-1064.25
OMFL,LBTYK,32919.0,32829.0,90.0,11.82,1063.8
RWJ,MIR,47082.0,47026.0,56.0,18.99,1063.4399999999998
PBUS,ED,62613.0,62603.0,10.0,106.31,1063.1
PBUS,WCN,44412.0,44405.0,7.0,151.82,1062.74
RWJ,DV,77715.0,77619.0,96.0,11.06,1061.76
RWJ,FRPT,15102.0,15082.0,20.0,53.08,1061.6
PFM,NKE,33207.0,33231.0,-24.0,44.14,-1059.3600000000001
RWJ,COLL,24087.0,24059.0,28.0,37.8,1058.3999999999999
RWJ,EVTC,35896.0,35852.0,44.0,24.01,1056.44
PBUS,HIG,48344.0,48336.0,8.0,132.02,1056.16
RWL,AOS,24954.0,24936.0,18.0,58.6,1054.8
PRF,ALIT,411797.0,412919.0,-1122.0,0.9354,-1049.5188
RWL,EQR,22908.0,22892.0,16.0,65.54,1048.64
RWJ,SXI,3636.0,3632.0,4.0,261.42,1045.68
PBUS,CBOE,18155.0,18152.0,3.0,348.56,1045.68
PFM,COR,5421.0,5425.0,-4.0,261.08,-1044.32
QYLG,AEP,3718.0,3726.0,-8.0,130.16,-1041.28
OMFL,NOV,21428.0,21374.0,54.0,19.25,1039.5
PNQI,GTLB,23133.0,23173.0,-40.0,25.98,-1039.2
PBUS,IRM,51274.0,51266.0,8.0,128.84,1030.72
RWJ,SUPN,14854.0,14834.0,20.0,51.53,1030.6
PBUS,ROP,18672.0,18669.0,3.0,343.32,1029.96
PKW,BSRR,10830.0,10857.0,-27.0,37.98,-1025.4599999999998
RWL,DOC,73358.0,73306.0,52.0,19.64,1021.28
RWJ,TR,19639.0,19615.0,24.0,42.5,1020.0
RWJ,PCRX,35005.0,34961.0,44.0,23.15,1018.5999999999999
OMFL,BRO,7004.0,6986.0,18.0,56.45,1016.1
PFM,FAST,32005.0,32028.0,-23.0,44.17,-1015.9100000000001
PFM,MET,18173.0,18186.0,-13.0,78.08,-1015.04
PBUS,SYY,83083.0,83069.0,14.0,72.44,1014.16
PBUS,PCG,381321.0,381258.0,63.0,16.07,1012.41
RWJ,ARI,74137.0,74045.0,92.0,11.0,1012.0
RWJ,CPK,7938.0,7930.0,8.0,126.42,1011.36
RWL,RVTY,14136.0,14126.0,10.0,101.0,1010.0
PBUS,PRU,60721.0,60711.0,10.0,100.81,1008.1
PBUS,EQT,108273.0,108255.0,18.0,55.96,1007.28
PBUS,WEC,56430.0,56421.0,9.0,111.66,1004.9399999999999
PFM,ETR,12625.0,12634.0,-9.0,111.59,-1004.3100000000001
RWJ,NEO,93536.0,93424.0,112.0,8.96,1003.5200000000001
RWJ,QTWO,17292.0,17272.0,20.0,50.13,1002.6
RWJ,CXM,154836.0,154648.0,188.0,5.33,1002.04
QYLG,CTAS,2747.0,2753.0,-6.0,166.97,-1001.8199999999999
QYLG,DDOG,2357.0,2362.0,-5.0,200.16,-1000.8
RWJ,CCOI,50274.0,50214.0,60.0,16.65,998.9999999999999
OMFL,FISV,9081.0,9063.0,18.0,55.48,998.64
RWJ,CABO,14403.0,14387.0,16.0,62.39,998.24
RWJ,CPRX,26512.0,26480.0,32.0,31.15,996.8
PFM,AJG,7166.0,7171.0,-5.0,198.87,-994.35
RWJ,REX,18020.0,18000.0,20.0,49.68,993.6
PBUS,ODFL,32642.0,32637.0,5.0,198.33,991.6500000000001
RZV,CENT,4926.0,4952.0,-26.0,38.14,-991.64
RWJ,COHU,17382.0,17362.0,20.0,49.54,990.8
RWJ,ADAM,92745.0,92633.0,112.0,8.83,988.96
RWJ,AMPH,42185.0,42133.0,52.0,19.0,988.0
RWJ,CTS,12356.0,12340.0,16.0,61.75,988.0
PKW,ERII,42882.0,42990.0,-108.0,9.13,-986.0400000000001
PBUS,HUBB,9228.0,9226.0,2.0,492.58,985.16
QYLG,DASH,2947.0,2953.0,-6.0,163.93,-983.58
PBUS,KMB,57583.0,57573.0,10.0,98.31,983.1
RWJ,LZ,132178.0,132018.0,160.0,6.13,980.8
PFM,NDAQ,15844.0,15855.0,-11.0,88.91,-978.01
PNQI,BOX,22118.0,22156.0,-38.0,25.72,-977.3599999999999
RWL,INVH,48609.0,48575.0,34.0,28.73,976.82
IGPT,GENI,42951.0,42729.0,222.0,4.4,976.8000000000001
PBUS,CCL,222259.0,222222.0,37.0,26.38,976.06
RWJ,CVBF,37924.0,37876.0,48.0,20.33,975.8399999999999
PKW,NAVI,45405.0,45519.0,-114.0,8.54,-973.56
RWL,TRMB,23532.0,23516.0,16.0,60.8,972.8
PBUS,KVUE,332415.0,332360.0,55.0,17.59,967.45
QQHG,EXEL,331.0,351.0,-20.0,48.16,-963.1999999999999
PKW,IBTA,11143.0,11170.0,-27.0,35.5,-958.5
OMFL,LVS,4907.0,4889.0,18.0,53.11,955.98
PBUS,HAL,146014.0,145990.0,24.0,39.83,955.92
RWJ,PECO,20938.0,20914.0,24.0,39.72,953.28
PFM,XEL,17389.0,17401.0,-12.0,79.39,-952.6800000000001
RWJ,EGBN,28509.0,28473.0,36.0,26.38,949.68
RWJ,MCRI,6061.0,6053.0,8.0,118.61,948.88
QYLG,WBD,17946.0,17981.0,-35.0,27.11,-948.85
RWJ,BMI,6863.0,6855.0,8.0,118.52,948.16
PKW,NATR,15885.0,15924.0,-39.0,24.23,-944.97
PBUS,FANG,32305.0,32300.0,5.0,188.7,943.5
PBUS,CRDO,28210.0,28205.0,5.0,188.505,942.525
OMFL,CORT,6358.0,6340.0,18.0,52.28,941.04
PBUS,STLD,24069.0,24065.0,4.0,235.1,940.4
PBUS,ACGL,62906.0,62896.0,10.0,93.8,938.0
QQQJ,LLYVA,12533.0,12523.0,10.0,93.59,935.9000000000001
RWJ,SFNC,36106.0,36062.0,44.0,21.27,935.88
PKW,JBSS,4861.0,4873.0,-12.0,77.95,-935.4000000000001
PBUS,HBAN,351682.0,351624.0,58.0,16.12,934.96
RWJ,NMIH,20960.0,20936.0,24.0,38.87,932.8799999999999
PFM,AMP,2541.0,2543.0,-2.0,465.56,-931.12
OMFL,JHG,5854.0,5836.0,18.0,51.69,930.42
RWJ,TNDM,50296.0,50236.0,60.0,15.48,928.8000000000001
RWJ,AWR,9922.0,9910.0,12.0,77.2,926.4000000000001
PBUS,A,49182.0,49174.0,8.0,115.62,924.96
QQHG,OKTA,154.0,165.0,-11.0,83.9,-922.9000000000001
QQHG,KKR,121.0,130.0,-9.0,102.52,-922.68
RWJ,HLIT,60247.0,60175.0,72.0,12.81,922.32
RWJ,UFPT,3165.0,3161.0,4.0,230.55,922.2
PBUS,EME,7761.0,7760.0,1.0,921.64,921.64
PFM,CAH,6558.0,6563.0,-5.0,183.65,-918.25
QQHG,CNP,328.0,350.0,-22.0,41.72,-917.8399999999999
RWJ,CWEN,21058.0,21034.0,24.0,38.16,915.8399999999999
QQHG,MDT,190.0,202.0,-12.0,76.15,-913.8000000000001
PKW,CARS,30798.0,30876.0,-78.0,11.68,-911.04
QQHG,AMD,1072.0,1074.0,-2.0,455.19,-910.38
PFM,NUE,6346.0,6350.0,-4.0,227.5,-910.0
QQHG,IONS,167.0,179.0,-12.0,75.71,-908.52
PFM,ROK,3130.0,3132.0,-2.0,453.89,-907.78
RWJ,PLMR,8015.0,8007.0,8.0,113.36,906.88
PBUS,ATO,28068.0,28063.0,5.0,180.87,904.35
RWJ,SPSC,13127.0,13111.0,16.0,56.47,903.52
RWJ,STEL,18256.0,18232.0,24.0,37.46,899.04
QQHG,PFE,520.0,555.0,-35.0,25.68,-898.8
PFM,BDX,7935.0,7941.0,-6.0,149.43,-896.58
OMFL,DD,5832.0,5814.0,18.0,49.76,895.68
QYLG,BKR,7124.0,7138.0,-14.0,63.89,-894.46
RWL,FDS,5101.0,5097.0,4.0,223.61,894.44
PBUS,VICI,185437.0,185406.0,31.0,28.84,894.04
PBUS,IQV,29547.0,29542.0,5.0,178.71,893.5500000000001
QQHG,PINS,571.0,613.0,-42.0,21.27,-893.34
RWJ,STBA,15617.0,15597.0,20.0,44.52,890.4000000000001
QYLG,PDD,4828.0,4837.0,-9.0,98.78,-889.02
PFM,FITB,25134.0,25152.0,-18.0,49.33,-887.9399999999999
PFM,DHI,8074.0,8080.0,-6.0,147.63,-885.78
RWJ,INSP,16720.0,16700.0,20.0,44.26,885.1999999999999
PBUS,Q,36340.0,36334.0,6.0,147.33,883.98
RWJ,MGEE,11016.0,11004.0,12.0,73.65,883.8000000000001
OMFL,RLI,5476.0,5458.0,18.0,49.05,882.9
PBUS,CPRT,159540.0,159514.0,26.0,33.94,882.4399999999999
QQHG,AAPL,3465.0,3468.0,-3.0,293.32,-879.96
RWL,PTC,7978.0,7972.0,6.0,146.65,879.9000000000001
RWJ,POWI,10394.0,10382.0,12.0,73.28,879.36
PBUS,DOV,23796.0,23792.0,4.0,219.83,879.32
RWJ,LNN,5852.0,5844.0,8.0,109.37,874.96
RWJ,CNS,9950.0,9938.0,12.0,72.76,873.1200000000001
PKW,IBEX,11139.0,11166.0,-27.0,32.33,-872.91
RWL,SBAC,6612.0,6608.0,4.0,218.17,872.68
PBUS,AEE,46933.0,46925.0,8.0,109.07,872.56
PKW,RBB,14506.0,14542.0,-36.0,24.05,-865.8000000000001
OMFL,LAZ,6664.0,6646.0,18.0,48.08,865.4399999999999
OMFL,DOCU,9095.0,9077.0,18.0,47.9,862.1999999999999
PBUS,EXR,36821.0,36815.0,6.0,143.3,859.8000000000001
QQQJ,FWONA,11624.0,11614.0,10.0,85.95,859.5
PFM,CASY,1032.0,1033.0,-1.0,859.49,-859.49
PBUS,CASY,6429.0,6428.0,1.0,859.49,859.49
RWJ,NBHC,16319.0,16299.0,20.0,42.85,857.0
PKW,FPI,31664.0,31745.0,-81.0,10.58,-856.98
RWJ,DFIN,17154.0,17134.0,20.0,42.84,856.8000000000001
RWJ,EPAC,18411.0,18387.0,24.0,35.52,852.48
PFM,VMC,3638.0,3641.0,-3.0,283.72,-851.1600000000001
QYLG,ABNB,3078.0,3084.0,-6.0,141.49,-848.94
PBUS,MTB,26657.0,26653.0,4.0,212.14,848.56
PBUS,PAYX,56045.0,56036.0,9.0,93.93,845.3700000000001
PBUS,DTE,36032.0,36026.0,6.0,140.6,843.5999999999999
RWJ,WT,34628.0,34584.0,44.0,19.1,840.4000000000001
QQHG,JCI,99.0,105.0,-6.0,139.52,-837.1200000000001
PBUS,IR,68543.0,68532.0,11.0,75.75,833.25
QQHG,APPF,78.0,83.0,-5.0,166.59,-832.95
RWL,ARE,26748.0,26730.0,18.0,46.26,832.68
RWJ,WDFC,2999.0,2995.0,4.0,208.05,832.2
PBUS,FISV,93208.0,93193.0,15.0,55.48,832.1999999999999
RWJ,PRLB,10037.0,10025.0,12.0,69.3,831.5999999999999
QQHG,GWRE,88.0,94.0,-6.0,138.45,-830.6999999999999
QQHG,MSFT,1815.0,1817.0,-2.0,415.12,-830.24
PBUS,NRG,35007.0,35001.0,6.0,138.11,828.6600000000001
PBUS,RMD,25320.0,25316.0,4.0,206.76,827.04
QQHG,VIK,152.0,162.0,-10.0,82.67,-826.7
QQHG,OLED,140.0,149.0,-9.0,91.75,-825.75
PBUS,GEHC,79028.0,79015.0,13.0,63.47,825.11
PBUS,HUM,20858.0,20855.0,3.0,274.96,824.8799999999999
PBUS,OTIS,67609.0,67598.0,11.0,74.82,823.02
PNQI,FSLY,23442.0,23482.0,-40.0,20.51,-820.4000000000001
QQHG,AMZN,2586.0,2589.0,-3.0,272.68,-818.04
RWJ,EFC,49717.0,49657.0,60.0,13.62,817.1999999999999
PBUS,LYV,28206.0,28201.0,5.0,163.28,816.4
PBUS,FTAI,17796.0,17793.0,3.0,270.29,810.8700000000001
RWJ,VCYT,17509.0,17489.0,20.0,40.42,808.4000000000001
PBUS,AXON,13003.0,13001.0,2.0,403.54,807.08
RWL,AXON,2387.0,2385.0,2.0,403.54,807.08
PBUS,TWLO,26297.0,26293.0,4.0,201.7,806.8
PKW,TWI,39740.0,39842.0,-102.0,7.9,-805.8000000000001
PRF,SOFI,15827.0,15878.0,-51.0,15.75,-803.25
QQHG,ETN,33.0,35.0,-2.0,401.51,-803.02
PBUS,NTRS,32803.0,32798.0,5.0,160.41,802.05
QYLG,EA,1809.0,1813.0,-4.0,200.44,-801.76
PBUS,TPR,35507.0,35501.0,6.0,133.48,800.8799999999999
PRF,RKT,20315.0,20366.0,-51.0,15.69,-800.1899999999999
QYLG,PCAR,3804.0,3811.0,-7.0,114.31,-800.1700000000001
IGPT,CCOI,8866.0,8818.0,48.0,16.65,799.1999999999999
PBUS,ALAB,23073.0,23069.0,4.0,199.79,799.16
PBUS,CRWV,40705.0,40698.0,7.0,114.15,799.0500000000001
RWJ,TFIN,9993.0,9981.0,12.0,66.52,798.24
PBUS,XYL,42240.0,42233.0,7.0,113.73,796.11
RWJ,TRNO,8372.0,8360.0,12.0,66.21,794.52
QQHG,GOOG,2509.0,2511.0,-2.0,397.05,-794.1
RWJ,ARLO,41555.0,41503.0,52.0,15.25,793.0
QYLG,MCHP,3888.0,3896.0,-8.0,99.09,-792.72
PBUS,CNP,113272.0,113253.0,19.0,41.72,792.68
RWJ,DGII,9765.0,9753.0,12.0,65.78,789.36
PBUS,TPL,10171.0,10169.0,2.0,394.2,788.4
PFM,KR,17640.0,17652.0,-12.0,65.64,-787.6800000000001
PKW,BXC,6161.0,6176.0,-15.0,52.39,-785.85
QQHG,DRI,68.0,72.0,-4.0,196.23,-784.92
RWL,TTD,47111.0,47077.0,34.0,23.08,784.7199999999999
PBUS,CNC,85273.0,85259.0,14.0,55.96,783.44
PBUS,NTRA,22801.0,22797.0,4.0,194.24,776.96
RWL,MAA,7670.0,7664.0,6.0,129.31,775.86
PBUS,BIIB,25448.0,25444.0,4.0,193.45,773.8
PBUS,RJF,32540.0,32535.0,5.0,154.33,771.6500000000001
PFM,PEG,13900.0,13910.0,-10.0,77.13,-771.3
RWJ,SEZL,7145.0,7137.0,8.0,96.34,770.72
PBUS,WTW,16616.0,16613.0,3.0,256.36,769.08
PBUS,WDAY,36952.0,36946.0,6.0,127.83,766.98
PBUS,CFG,74507.0,74495.0,12.0,63.73,764.76
PBUS,ZM,43987.0,43980.0,7.0,109.21,764.4699999999999
RWJ,FBRT,67391.0,67307.0,84.0,9.09,763.56
PKW,FDMT,30228.0,30303.0,-75.0,10.14,-760.5
RWJ,PFBC,6242.0,6234.0,8.0,95.04,760.32
PBUS,EIX,66757.0,66746.0,11.0,68.95,758.45
PBUS,ARES,37618.0,37612.0,6.0,126.25,757.5
RWJ,AAT,28128.0,28092.0,36.0,21.04,757.4399999999999
RWJ,IIIN,22740.0,22712.0,28.0,26.97,755.16
QQQJ,ZG,22467.0,22449.0,18.0,41.94,754.92
QYLG,FANG,2082.0,2086.0,-4.0,188.7,-754.8
PBUS,PPL,128335.0,128314.0,21.0,35.91,754.1099999999999
RWJ,MRP,22331.0,22303.0,28.0,26.93,754.04
RWJ,EPRT,18852.0,18828.0,24.0,31.4,753.5999999999999
PKW,ZUMZ,11342.0,11372.0,-30.0,25.08,-752.4
QYLG,MSTR,2298.0,2302.0,-4.0,187.59,-750.36
PBUS,AWK,33868.0,33862.0,6.0,125.05,750.3
PFM,STT,7765.0,7770.0,-5.0,149.49,-747.45
OMFL,DRS,6519.0,6501.0,18.0,41.36,744.48
PFM,ED,10070.0,10077.0,-7.0,106.31,-744.1700000000001
PBUS,HSY,25702.0,25698.0,4.0,185.94,743.76
RWJ,UPWK,69803.0,69719.0,84.0,8.82,740.88
OMFL,VSNT,4044.0,4026.0,18.0,41.14,740.52
PBUS,AMRZ,86355.0,86341.0,14.0,52.89,740.46
PBUS,RS,9177.0,9175.0,2.0,369.29,738.58
PBUS,DOW,123306.0,123286.0,20.0,36.87,737.4
PBUS,AVB,24564.0,24560.0,4.0,184.08,736.32
OMFL,HRL,11751.0,11715.0,36.0,20.44,735.84
RWJ,BL,21285.0,21261.0,24.0,30.63,735.12
RWJ,ETD,30081.0,30045.0,36.0,20.39,734.04
QYLG,ADSK,1534.0,1537.0,-3.0,244.5,-733.5
PBUS,ES,65096.0,65085.0,11.0,66.51,731.61
PBUS,SYF,62481.0,62471.0,10.0,73.14,731.4
PRF,NUS,37152.0,37254.0,-102.0,7.16,-730.32
PBUS,CW,6396.0,6395.0,1.0,729.2,729.2
RWJ,HAFC,19429.0,19405.0,24.0,30.37,728.88
OMFL,CUBE,9982.0,9964.0,18.0,40.46,728.28
RWJ,SKT,18007.0,17987.0,20.0,36.37,727.4
RWJ,LQDT,16738.0,16718.0,20.0,36.19,723.8
PBUS,CTSH,83738.0,83724.0,14.0,51.68,723.52
RWL,CSGP,31765.0,31743.0,22.0,32.77,720.94
QQHG,KEYS,40.0,42.0,-2.0,360.3,-720.6
OMFL,HAL,8870.0,8852.0,18.0,39.83,716.9399999999999
QYLG,REGN,749.0,750.0,-1.0,714.89,-714.89
QYLG,XEL,4576.0,4585.0,-9.0,79.39,-714.51
PBUS,RBLX,102253.0,102236.0,17.0,41.91,712.4699999999999
RWJ,USPH,10747.0,10735.0,12.0,59.29,711.48
PBUS,FE,95214.0,95198.0,16.0,44.33,709.28
RWJ,ADEA,20884.0,20860.0,24.0,29.53,708.72
PBUS,FFIV,10083.0,10081.0,2.0,354.03,708.06
PBUS,NTAP,34367.0,34361.0,6.0,118.0,708.0
QYLG,FAST,8302.0,8318.0,-16.0,44.17,-706.72
RWJ,FBNC,11038.0,11026.0,12.0,58.86,706.3199999999999
PNQI,BILI,18178.0,18210.0,-32.0,22.06,-705.92
PFM,PRU,9689.0,9696.0,-7.0,100.81,-705.6700000000001
PBUS,PHM,33823.0,33817.0,6.0,117.55,705.3
PFM,STLD,4033.0,4036.0,-3.0,235.1,-705.3
RWJ,LIF,11955.0,11939.0,16.0,44.05,704.8
RWL,KIM,41349.0,41319.0,30.0,23.48,704.4
QYLG,FER,5306.0,5316.0,-10.0,70.42,-704.2
PBUS,P,54418.0,54409.0,9.0,78.16,703.4399999999999
PBUS,EFX,21242.0,21238.0,4.0,175.83,703.32
PFM,ADM,13403.0,13412.0,-9.0,77.66,-698.9399999999999
PFM,CBOE,2915.0,2917.0,-2.0,348.56,-697.12
RWJ,XPEL,13448.0,13432.0,16.0,43.55,696.8
PFM,A,7882.0,7888.0,-6.0,115.62,-693.72
PBUS,OMC,54581.0,54572.0,9.0,77.06,693.54
RWJ,PRK,4633.0,4629.0,4.0,173.24,692.96
RWJ,AZTA,28632.0,28596.0,36.0,19.22,691.92
PRF,OPTU,228762.0,229374.0,-612.0,1.13,-691.56
RWJ,UE,25086.0,25054.0,32.0,21.61,691.52
PBUS,RF,152031.0,152006.0,25.0,27.63,690.75
PBUS,EXPE,20294.0,20291.0,3.0,229.98,689.9399999999999
PFM,KMB,9250.0,9257.0,-7.0,98.31,-688.1700000000001
PBUS,CPAY,11531.0,11529.0,2.0,343.99,687.98
RWL,VRSK,6699.0,6695.0,4.0,171.87,687.48
PBUS,VRSK,24180.0,24176.0,4.0,171.87,687.48
PFM,ROP,2869.0,2871.0,-2.0,343.32,-686.64
RWJ,TMP,5816.0,5808.0,8.0,85.77,686.16
RWJ,JBGS,37439.0,37395.0,44.0,15.56,684.64
PKW,DIN,9669.0,9693.0,-24.0,28.38,-681.12
PBUS,DG,38183.0,38177.0,6.0,113.29,679.74
RWJ,PRSU,13248.0,13232.0,16.0,42.32,677.12
RWJ,NABL,116942.0,116798.0,144.0,4.69,675.36
PKW,KREF,40512.0,40614.0,-102.0,6.61,-674.22
PBUS,PKG,15617.0,15614.0,3.0,224.59,673.77
PBUS,EXE,41323.0,41316.0,7.0,95.94,671.5799999999999
PFM,WEC,9067.0,9073.0,-6.0,111.66,-669.96
RWJ,SBSI,15464.0,15444.0,20.0,33.37,667.4
PBUS,DXCM,67661.0,67650.0,11.0,60.61,666.71
PNQI,ALRM,7669.0,7683.0,-14.0,47.6,-666.4
PBUS,VEEV,27085.0,27081.0,4.0,166.34,665.36
RWJ,GNL,57954.0,57882.0,72.0,9.23,664.5600000000001
PFM,ZTS,11766.0,11774.0,-8.0,82.83,-662.64
QYLG,TTWO,1335.0,1338.0,-3.0,220.45,-661.3499999999999
RWJ,KW,50717.0,50657.0,60.0,11.02,661.1999999999999
PFM,HIG,7685.0,7690.0,-5.0,132.02,-660.1
PBUS,FSLR,17687.0,17684.0,3.0,219.95,659.8499999999999
PFM,DOV,3758.0,3761.0,-3.0,219.83,-659.49
RWJ,CFFN,67568.0,67484.0,84.0,7.85,659.4
PBUS,PPG,38924.0,38918.0,6.0,109.61,657.66
PFM,PAYX,9996.0,10003.0,-7.0,93.93,-657.51
RWJ,HASI,12200.0,12184.0,16.0,41.05,656.8
PBUS,EQR,62702.0,62692.0,10.0,65.54,655.4000000000001
PBUS,SBAC,18484.0,18481.0,3.0,218.17,654.51
PBUS,NI,82893.0,82879.0,14.0,46.72,654.0799999999999
PBUS,CHD,41662.0,41655.0,7.0,93.44,654.0799999999999
PBUS,CMS,52801.0,52792.0,9.0,72.61,653.49
PBUS,FIS,89846.0,89831.0,15.0,43.49,652.35
PFM,SYY,13339.0,13348.0,-9.0,72.44,-651.96
PBUS,WST,12480.0,12478.0,2.0,325.92,651.84
RWL,TYL,2969.0,2967.0,2.0,324.58,649.16
OMFL,PPL,8362.0,8344.0,18.0,35.91,646.3799999999999
PBUS,CINF,26962.0,26958.0,4.0,161.5,646.0
DJD,NVDA,1005.0,1008.0,-3.0,215.2,-645.5999999999999
RWJ,LPG,14045.0,14029.0,16.0,40.29,644.64
OMFL,SMCI,9655.0,9637.0,18.0,35.37,636.66
PRF,CRGY,26839.0,26890.0,-51.0,12.4,-632.4
PBUS,TROW,37858.0,37852.0,6.0,105.33,631.98
PKW,ASLE,37443.0,37539.0,-96.0,6.55,-628.8
PKW,WNC,33198.0,33282.0,-84.0,7.47,-627.48
PBUS,EXPD,23254.0,23250.0,4.0,156.69,626.76
OMFL,GIS,6313.0,6295.0,18.0,34.68,624.24
PBUS,SW,90596.0,90581.0,15.0,41.55,623.25
PBUS,STE,17030.0,17027.0,3.0,207.45,622.3499999999999
PKW,GDRX,84011.0,84224.0,-213.0,2.92,-621.96
PBUS,TDY,8139.0,8138.0,1.0,621.38,621.38
PFM,RMD,4060.0,4063.0,-3.0,206.76,-620.28
PFM,RJF,5487.0,5491.0,-4.0,154.33,-617.32
RWL,PODD,5037.0,5033.0,4.0,154.16,616.64
QYLG,EXC,7500.0,7514.0,-14.0,43.91,-614.74
RWJ,PI,4000.0,3996.0,4.0,152.91,611.64
RWJ,AKR,21929.0,21901.0,28.0,21.77,609.56
PBUS,RPRX,70424.0,70412.0,12.0,50.79,609.48
PBUS,BURL,10920.0,10918.0,2.0,304.51,609.02
RWJ,UTL,11299.0,11287.0,12.0,50.75,609.0
PBUS,INSM,36999.0,36993.0,6.0,101.35,608.0999999999999
PBUS,VLTO,43075.0,43068.0,7.0,86.84,607.88
PBUS,LPLA,13880.0,13878.0,2.0,303.52,607.04
PBUS,FTV,58704.0,58694.0,10.0,60.43,604.3
PBUS,EL,42652.0,42645.0,7.0,86.2,603.4
PBUS,PFG,38110.0,38104.0,6.0,100.5,603.0
PNQI,DLO,25585.0,25629.0,-44.0,13.7,-602.8
PKW,AVIR,44129.0,44240.0,-111.0,5.43,-602.73
PBUS,KHC,154009.0,153984.0,25.0,23.96,599.0
PBUS,MDB,14115.0,14113.0,2.0,299.47,598.94
RWJ,WRLD,4651.0,4647.0,4.0,149.7,598.8
PBUS,DD,72689.0,72677.0,12.0,49.76,597.12
PBUS,ENTG,26295.0,26291.0,4.0,149.11,596.44
QYLG,ODFL,1543.0,1546.0,-3.0,198.33,-594.99
OMFL,QGEN,5105.0,5087.0,18.0,33.04,594.72
OMFL,IP,6784.0,6766.0,18.0,33.03,594.54
PBUS,STZ,25565.0,25561.0,4.0,148.21,592.84
PFM,MLM,1682.0,1683.0,-1.0,590.38,-590.38
QYLG,ALNY,955.0,957.0,-2.0,295.05,-590.1
QYLG,PYPL,6769.0,6782.0,-13.0,45.37,-589.81
PBUS,HPQ,159160.0,159134.0,26.0,22.68,589.68
PBUS,DRI,19970.0,19967.0,3.0,196.23,588.6899999999999
RWJ,GDYN,68422.0,68338.0,84.0,6.975,585.9
PFM,MSCI,2049.0,2050.0,-1.0,585.42,-585.42
RWL,JKHY,6537.0,6533.0,4.0,145.84,583.36
RWJ,EMBC,131928.0,131768.0,160.0,3.64,582.4
OMFL,UGI,5924.0,5906.0,18.0,32.32,581.76
OMFL,PCG,15329.0,15293.0,36.0,16.07,578.52
RWJ,CLB,35274.0,35230.0,44.0,13.13,577.72
PBUS,VRSN,14467.0,14465.0,2.0,288.21,576.42
RWL,VRSN,3085.0,3083.0,2.0,288.21,576.42
PBUS,EVRG,39947.0,39940.0,7.0,81.78,572.46
RWJ,NPK,3937.0,3933.0,4.0,142.48,569.92
PFM,XYL,6776.0,6781.0,-5.0,113.73,-568.65
PBUS,ILMN,26503.0,26499.0,4.0,141.88,567.52
QYLG,CCEP,3323.0,3329.0,-6.0,94.57,-567.42
PBUS,IFF,44425.0,44418.0,7.0,81.05,567.35
PBUS,RVMD,25152.0,25148.0,4.0,141.81,567.24
PBUS,NDSN,9208.0,9206.0,2.0,283.53,567.06
PBUS,SOFI,219231.0,219195.0,36.0,15.75,567.0
PBUS,FWONK,36856.0,36850.0,6.0,94.45,566.7
QQHG,UTHR,27.0,28.0,-1.0,564.94,-564.94
PBUS,UTHR,7093.0,7092.0,1.0,564.94,564.94
PNQI,SPSC,5774.0,5784.0,-10.0,56.47,-564.7
OMFL,NWS,8791.0,8773.0,18.0,31.31,563.5799999999999
PFM,DTE,5787.0,5791.0,-4.0,140.6,-562.4
PBUS,DGX,19296.0,19293.0,3.0,187.39,562.17
PBUS,KEY,160031.0,160005.0,26.0,21.6,561.6
QYLG,IDXX,590.0,591.0,-1.0,560.11,-560.11
PBUS,CDE,179762.0,179732.0,30.0,18.56,556.8
RWJ,CPF,13030.0,13014.0,16.0,34.79,556.64
RWJ,ATEN,15281.0,15261.0,20.0,27.8,556.0
OMFL,MAT,11790.0,11754.0,36.0,15.39,554.04
PFM,EIX,10711.0,10719.0,-8.0,68.95,-551.6
PBUS,IREN,56957.0,56948.0,9.0,61.2,550.8000000000001
RWJ,INVA,20821.0,20797.0,24.0,22.89,549.36
QYLG,KDP,9776.0,9795.0,-19.0,28.83,-547.77
PBUS,TSN,49104.0,49096.0,8.0,68.38,547.04
PBUS,WSM,20606.0,20603.0,3.0,182.1,546.3
PFM,AEE,7534.0,7539.0,-5.0,109.07,-545.3499999999999
RWJ,SAFE,29049.0,29013.0,36.0,15.13,544.6800000000001
RWL,MRNA,15432.0,15422.0,10.0,54.35,543.5
RWJ,TMDX,5180.0,5172.0,8.0,67.84,542.72
PFM,ATO,4608.0,4611.0,-3.0,180.87,-542.61
RWJ,CSR,6216.0,6208.0,8.0,67.65,541.2
RWJ,STAA,14923.0,14903.0,20.0,26.69,533.8000000000001
PBUS,SMCI,93206.0,93191.0,15.0,35.37,530.55
PBUS,LEN,35562.0,35556.0,6.0,88.38,530.28
RWJ,CERT,69159.0,69075.0,84.0,6.31,530.04
PBUS,ESS,11176.0,11174.0,2.0,263.55,527.1
RWL,ESS,3367.0,3365.0,2.0,263.55,527.1
RWJ,JOE,7952.0,7944.0,8.0,65.79,526.32
OMFL,PPC,9087.0,9069.0,18.0,29.1,523.8000000000001
PBUS,L,30475.0,30470.0,5.0,104.5,522.5
PBUS,ULTA,7691.0,7690.0,1.0,521.58,521.58
PFM,LII,969.0,970.0,-1.0,521.25,-521.25
PBUS,LII,5478.0,5477.0,1.0,521.25,521.25
PKW,RPAY,58230.0,58377.0,-147.0,3.54,-520.38
PBUS,GIS,92567.0,92552.0,15.0,34.68,520.2
PRF,JELD,108824.0,109130.0,-306.0,1.7,-520.1999999999999
OMFL,LKQ,7570.0,7552.0,18.0,28.89,520.02
PBUS,AMCR,80161.0,80148.0,13.0,39.93,519.09
OMFL,KDP,8104.0,8086.0,18.0,28.83,518.9399999999999
RWJ,SHEN,27076.0,27044.0,32.0,16.16,517.12
PSCH,EMBC,41399.0,41257.0,142.0,3.64,516.88
RWL,UDR,21052.0,21038.0,14.0,36.91,516.74
OMFL,LYFT,16943.0,16907.0,36.0,14.35,516.6
PBUS,CHRW,20489.0,20486.0,3.0,171.39,514.17
PBUS,AFRM,47694.0,47686.0,8.0,64.01,512.08
PBUS,SATS,24415.0,24411.0,4.0,127.15,508.6
PBUS,LH,14376.0,14374.0,2.0,254.12,508.24
PBUS,FLUT,28995.0,28990.0,5.0,101.19,505.95
PBUS,SUI,21463.0,21459.0,4.0,125.94,503.76
PRF,KELYA,23541.0,23592.0,-51.0,9.87,-503.36999999999995
PBUS,LNT,44590.0,44583.0,7.0,71.76,502.32000000000005
PBUS,LYB,44667.0,44660.0,7.0,71.76,502.32000000000005
RWJ,VITL,47385.0,47329.0,56.0,8.94,500.64
PFM,AWK,5434.0,5438.0,-4.0,125.05,-500.2
PBUS,BG,23484.0,23480.0,4.0,124.94,499.76
PBUS,WY,125069.0,125048.0,21.0,23.53,494.13
PBUS,ZBH,34388.0,34382.0,6.0,82.33,493.98
PBUS,INCY,28955.0,28950.0,5.0,98.56,492.8
PFM,HUBB,1482.0,1483.0,-1.0,492.58,-492.58
RWJ,LKFN,8154.0,8146.0,8.0,61.55,492.4
RWJ,CHCO,3715.0,3711.0,4.0,123.01,492.04
PBUS,JBHT,13212.0,13210.0,2.0,245.4,490.8
PFM,JBHT,2633.0,2635.0,-2.0,245.4,-490.8
RWJ,GSHD,9110.0,9098.0,12.0,40.86,490.32
PBUS,INVH,101042.0,101025.0,17.0,28.73,488.41
PFM,CINF,4333.0,4336.0,-3.0,161.5,-484.5
PBUS,GPN,41289.0,41282.0,7.0,69.19,484.33
RWJ,HSTM,16306.0,16286.0,20.0,23.96,479.20000000000005
PBUS,LVS,52791.0,52782.0,9.0,53.11,477.99
PFM,RGLD,2363.0,2365.0,-2.0,238.91,-477.82
QYLG,CPRT,6954.0,6968.0,-14.0,33.94,-475.15999999999997
PBUS,DLTR,32669.0,32664.0,5.0,94.24,471.2
PFM,EXPD,3714.0,3717.0,-3.0,156.69,-470.07
PFM,RF,24045.0,24062.0,-17.0,27.63,-469.71
QYLG,PAYX,2585.0,2590.0,-5.0,93.93,-469.65000000000003
OMFL,DOCS,8601.0,8583.0,18.0,25.98,467.64
PBUS,RDDT,17532.0,17529.0,3.0,155.8,467.40000000000003
PFM,CHD,6588.0,6593.0,-5.0,93.44,-467.2
RWJ,DEA,16782.0,16762.0,20.0,23.35,467.0
PFM,ES,10459.0,10466.0,-7.0,66.51,-465.57000000000005
RWL,REG,8935.0,8929.0,6.0,77.59,465.54
QYLG,TRI,3169.0,3174.0,-5.0,92.94,-464.7
PKW,PLAY,17915.0,17960.0,-45.0,10.31,-463.95000000000005
RWL,FRT,5306.0,5302.0,4.0,115.68,462.72
PBUS,IP,87023.0,87009.0,14.0,33.03,462.42
PBUS,CF,26954.0,26950.0,4.0,115.02,460.08
PFM,WRB,10431.0,10438.0,-7.0,65.68,-459.76000000000005
PBUS,WRB,42853.0,42846.0,7.0,65.68,459.76000000000005
PBUS,TSCO,91671.0,91656.0,15.0,30.65,459.75
RWJ,IIPR,5457.0,5449.0,8.0,57.29,458.32
PBUS,TEAM,29157.0,29152.0,5.0,91.6,458.0
PBUS,NBIX,17300.0,17297.0,3.0,152.25,456.75
PBUS,ZS,17984.0,17981.0,3.0,152.13,456.39
PBUS,TXT,30572.0,30567.0,5.0,91.01,455.05
PBUS,NLY,118508.0,118488.0,20.0,22.61,452.2
PBUS,DKS,11521.0,11519.0,2.0,225.81,451.62
PBUS,BRO,50343.0,50335.0,8.0,56.45,451.6
PBUS,ASTS,39021.0,39015.0,6.0,75.05,450.29999999999995
PBUS,BR,20245.0,20242.0,3.0,149.5,448.5
PBUS,KIM,117481.0,117462.0,19.0,23.48,446.12
PFM,STZ,4831.0,4834.0,-3.0,148.21,-444.63
PBUS,WPC,38015.0,38009.0,6.0,74.1,444.59999999999997
OMFL,AMTM,9967.0,9949.0,18.0,24.53,441.54
RWJ,HFWA,14622.0,14606.0,16.0,27.52,440.32
PBUS,PTC,20624.0,20621.0,3.0,146.65,439.95000000000005
RWJ,WABC,5992.0,5984.0,8.0,54.85,438.8
PFM,PPG,6226.0,6230.0,-4.0,109.61,-438.44
PFM,CMS,8532.0,8538.0,-6.0,72.61,-435.65999999999997
PKW,ZIP,47035.0,47155.0,-120.0,3.62,-434.40000000000003
PBUS,IEX,12983.0,12981.0,2.0,216.92,433.84
PNQI,YELP,9142.0,9158.0,-16.0,27.08,-433.28
PBUS,TRU,33699.0,33693.0,6.0,72.0,432.0
RWJ,LMAT,2541.0,2537.0,4.0,107.94,431.76
OMFL,KHC,9192.0,9174.0,18.0,23.96,431.28000000000003
PKW,LOVE,10328.0,10355.0,-27.0,15.96,-430.92
PBUS,ROL,50443.0,50435.0,8.0,53.83,430.64
PFM,LYB,8973.0,8979.0,-6.0,71.76,-430.56000000000006
PBUS,MAS,36034.0,36028.0,6.0,71.74,430.43999999999994
QYLG,ARM,980.0,982.0,-2.0,213.27,-426.54
PBUS,TRMB,41280.0,41273.0,7.0,60.8,425.59999999999997
RWJ,BFS,9567.0,9555.0,12.0,35.19,422.28
PFM,TROW,6074.0,6078.0,-4.0,105.33,-421.32
PBUS,WSO,6059.0,6058.0,1.0,420.6,420.6
PFM,WSO,973.0,974.0,-1.0,420.6,-420.6
PFM,NI,13328.0,13337.0,-9.0,46.72,-420.48
PBUS,OKTA,29402.0,29397.0,5.0,83.9,419.5
RWJ,LXP,8096.0,8088.0,8.0,52.4,419.2
PBUS,CDW,22592.0,22588.0,4.0,104.79,419.16
PBUS,GPC,24134.0,24130.0,4.0,104.72,418.88
RWL,CPT,6953.0,6949.0,4.0,103.77,415.08
PFM,STE,2730.0,2732.0,-2.0,207.45,-414.9
RWJ,PDFS,7190.0,7182.0,8.0,51.63,413.04
PBUS,SSNC,38098.0,38092.0,6.0,68.76,412.56000000000006
PFM,ITT,2392.0,2394.0,-2.0,206.15,-412.3
PFM,BWXT,2544.0,2546.0,-2.0,205.33,-410.66
PFM,TSN,7850.0,7856.0,-6.0,68.38,-410.28
PBUS,BALL,44164.0,44157.0,7.0,58.52,409.64000000000004
PFM,EVRG,6408.0,6413.0,-5.0,81.78,-408.9
PFM,HPQ,25466.0,25484.0,-18.0,22.68,-408.24
PBUS,RKT,159375.0,159349.0,26.0,15.69,407.94
QYLG,KHC,8482.0,8499.0,-17.0,23.96,-407.32
PFM,ALB,3284.0,3286.0,-2.0,203.52,-407.04
RWJ,AORT,13351.0,13335.0,16.0,25.41,406.56
QYLG,AXON,582.0,583.0,-1.0,403.54,-403.54
PBUS,RPM,22225.0,22221.0,4.0,100.81,403.24
RWJ,FCPT,12710.0,12694.0,16.0,25.17,402.72
PFM,PFG,6040.0,6044.0,-4.0,100.5,-402.0
PBUS,DECK,25282.0,25278.0,4.0,100.42,401.68
RWJ,VCEL,9247.0,9235.0,12.0,33.46,401.52
PFM,BRO,9476.0,9483.0,-7.0,56.45,-395.15000000000003
PFM,TPL,1922.0,1923.0,-1.0,394.2,-394.2
PBUS,IONQ,51226.0,51218.0,8.0,49.24,393.92
PBUS,LULU,18490.0,18487.0,3.0,131.18,393.54
PBUS,CSGP,73527.0,73515.0,12.0,32.77,393.24
PBUS,DOC,120570.0,120550.0,20.0,19.64,392.8
RWJ,TRST,7080.0,7072.0,8.0,49.06,392.48
PBUS,PNFP,26226.0,26222.0,4.0,97.89,391.56
PBUS,LDOS,21064.0,21061.0,3.0,130.11,390.33000000000004
PBUS,REG,30145.0,30140.0,5.0,77.59,387.95000000000005
PBUS,GGG,28768.0,28763.0,5.0,77.59,387.95000000000005
PBUS,MAA,20306.0,20303.0,3.0,129.31,387.93
RWL,TECH,10071.0,10063.0,8.0,48.36,386.88
PBUS,GLPI,49097.0,49089.0,8.0,48.22,385.76
PBUS,PNR,28395.0,28390.0,5.0,76.82,384.09999999999997
QYLG,WDAY,1578.0,1581.0,-3.0,127.83,-383.49
QYLG,GEHC,3272.0,3278.0,-6.0,63.47,-380.82
RWJ,VRE,16788.0,16768.0,20.0,18.97,379.4
PBUS,FOXA,36149.0,36143.0,6.0,62.94,377.64
PFM,DGX,3060.0,3062.0,-2.0,187.39,-374.78
PBUS,SNA,8916.0,8915.0,1.0,374.0,374.0
PFM,SNA,1445.0,1446.0,-1.0,374.0,-374.0
PFM,RS,1440.0,1441.0,-1.0,369.29,-369.29
RWJ,SDGR,22114.0,22086.0,28.0,13.13,367.64000000000004
PBUS,DAL,28326.0,28321.0,5.0,73.33,366.65
RWJ,AMSF,10596.0,10584.0,12.0,30.36,364.32
PFM,WSM,3327.0,3329.0,-2.0,182.1,-364.2
PBUS,GDDY,23448.0,23444.0,4.0,91.02,364.08
QYLG,CTSH,3460.0,3467.0,-7.0,51.68,-361.76
PBUS,PINS,103372.0,103355.0,17.0,21.27,361.59
PFM,CSL,1136.0,1137.0,-1.0,360.39,-360.39
PBUS,CSL,7246.0,7245.0,1.0,360.39,360.39
PBUS,COO,34007.0,34001.0,6.0,60.0,360.0
RWJ,ADMA,35808.0,35764.0,44.0,8.17,359.48
RWJ,NXRT,10493.0,10481.0,12.0,29.95,359.4
PFM,LNT,7160.0,7165.0,-5.0,71.76,-358.8
PBUS,BBY,34540.0,34534.0,6.0,59.4,356.4
PBUS,J,20480.0,20477.0,3.0,118.43,355.29
PBUS,CG,40794.0,40787.0,7.0,50.63,354.41
PBUS,FNF,44679.0,44672.0,7.0,50.58,354.06
PBUS,EG,7279.0,7278.0,1.0,351.52,351.52
PNQI,TDOC,27403.0,27451.0,-48.0,7.25,-348.0
PBUS,APTV,37484.0,37478.0,6.0,57.94,347.64
QYLG,VRSK,1016.0,1018.0,-2.0,171.87,-343.74
QYLG,ROP,695.0,696.0,-1.0,343.32,-343.32
PFM,CHRW,3305.0,3307.0,-2.0,171.39,-342.78
PNQI,ATHM,10379.0,10397.0,-18.0,19.0,-342.0
PFM,EVR,1101.0,1102.0,-1.0,341.19,-341.19
PBUS,EQH,49609.0,49601.0,8.0,42.6,340.8
PBUS,GEN,90945.0,90930.0,15.0,22.68,340.2
PBUS,UHS,9589.0,9587.0,2.0,169.96,339.92
PBUS,MKC,43930.0,43923.0,7.0,48.32,338.24
PBUS,UDR,54470.0,54461.0,9.0,36.91,332.18999999999994
PBUS,DKNG,77726.0,77713.0,13.0,25.52,331.76
PFM,BIP,12844.0,12853.0,-9.0,36.77,-330.93
PBUS,RIVN,137809.0,137786.0,23.0,14.22,327.06
PFM,AVY,2136.0,2138.0,-2.0,163.51,-327.02
PBUS,AVY,13406.0,13404.0,2.0,163.51,327.02
RWJ,NSSC,4976.0,4968.0,8.0,40.82,326.56
PBUS,TW,20204.0,20201.0,3.0,108.81,326.43
PFM,WST,2008.0,2009.0,-1.0,325.92,-325.92
PBUS,TOST,80409.0,80396.0,13.0,25.05,325.65000000000003
PBUS,TYL,7461.0,7460.0,1.0,324.58,324.58
PBUS,DPZ,5569.0,5568.0,1.0,323.48,323.48
PFM,DPZ,936.0,937.0,-1.0,323.48,-323.48
PBUS,ACM,22875.0,22871.0,4.0,80.59,322.36
PBUS,IT,12503.0,12501.0,2.0,158.65,317.3
PFM,HII,1093.0,1094.0,-1.0,316.28,-316.28
PFM,CDW,3588.0,3591.0,-3.0,104.79,-314.37
PFM,GPC,3871.0,3874.0,-3.0,104.72,-314.15999999999997
PNQI,TRIP,17642.0,17672.0,-30.0,10.45,-313.5
PKW,EGAN,16213.0,16255.0,-42.0,7.46,-313.32
RWJ,LTC,7505.0,7497.0,8.0,39.12,312.96
PFM,BEN,14503.0,14513.0,-10.0,31.05,-310.5
PFM,REG,5090.0,5094.0,-4.0,77.59,-310.36
PBUS,CHTR,14586.0,14584.0,2.0,154.86,309.72
QYLG,CHTR,940.0,942.0,-2.0,154.86,-309.72
PFM,AIT,1036.0,1037.0,-1.0,308.87,-308.87
PBUS,PODD,12204.0,12202.0,2.0,154.16,308.32
PFM,TSCO,14659.0,14669.0,-10.0,30.65,-306.5
RWJ,RCUS,11097.0,11085.0,12.0,25.36,304.32
QYLG,ZS,1173.0,1175.0,-2.0,152.13,-304.26
QYLG,INSM,1575.0,1578.0,-3.0,101.35,-304.04999999999995
QYLG,DXCM,2836.0,2841.0,-5.0,60.61,-303.05
PFM,RPM,3562.0,3565.0,-3.0,100.81,-302.43
PFM,GL,2186.0,2188.0,-2.0,151.08,-302.16
PFM,RNR,1209.0,1210.0,-1.0,300.16,-300.16
PBUS,TTD,76398.0,76385.0,13.0,23.08,300.03999999999996
PFM,BR,3253.0,3255.0,-2.0,149.5,-299.0
PBUS,IOT,60056.0,60046.0,10.0,29.74,297.4
PBUS,NWSA,64974.0,64963.0,11.0,27.02,297.21999999999997
PFM,WTS,763.0,764.0,-1.0,296.9,-296.9
RWJ,CTKB,53259.0,53195.0,64.0,4.61,295.04
PBUS,SOLV,27074.0,27070.0,4.0,73.38,293.52
PBUS,HEI,7649.0,7648.0,1.0,292.52,292.52
PFM,HEI,1536.0,1537.0,-1.0,292.52,-292.52
PBUS,JKHY,12555.0,12553.0,2.0,145.84,291.68
PKW,TASK,17302.0,17347.0,-45.0,6.445,-290.02500000000003
PFM,MAS,5669.0,5673.0,-4.0,71.74,-286.96
PFM,WMS,2165.0,2167.0,-2.0,143.2,-286.4
RWJ,AGYS,4696.0,4692.0,4.0,71.59,286.36
PFM,NDSN,1554.0,1555.0,-1.0,283.53,-283.53
PFM,WLK,3557.0,3560.0,-3.0,93.85,-281.54999999999995
PBUS,CLX,21056.0,21053.0,3.0,92.16,276.48
PFM,PRI,878.0,879.0,-1.0,274.55,-274.55
PBUS,CNH,151369.0,151344.0,25.0,10.96,274.0
PFM,LECO,1526.0,1527.0,-1.0,271.11,-271.11
PBUS,ALLE,14917.0,14915.0,2.0,134.37,268.74
PFM,ALLE,2396.0,2398.0,-2.0,134.37,-268.74
RWJ,GTY,7219.0,7211.0,8.0,33.02,264.16
PFM,ESS,1797.0,1798.0,-1.0,263.55,-263.55
PFM,UMBF,2118.0,2120.0,-2.0,131.36,-262.72
PFM,AFG,2316.0,2318.0,-2.0,131.32,-262.64
PFM,MAA,3257.0,3259.0,-2.0,129.31,-258.62
PFM,ELS,5398.0,5402.0,-4.0,63.24,-252.96
PFM,FNF,7552.0,7557.0,-5.0,50.58,-252.89999999999998
PKW,ACNT,7207.0,7225.0,-18.0,13.84,-249.12
PFM,OC,2235.0,2237.0,-2.0,121.67,-243.34
PFM,SWK,4318.0,4321.0,-3.0,81.07,-243.20999999999998
PFM,UNM,4561.0,4564.0,-3.0,80.88,-242.64
PFM,MKC,7061.0,7066.0,-5.0,48.32,-241.6
PFM,AIZ,1383.0,1384.0,-1.0,239.67,-239.67
PFM,R,1096.0,1097.0,-1.0,239.14,-239.14
QQHG,NYT,157.0,160.0,-3.0,79.41,-238.23
PFM,BBY,5835.0,5839.0,-4.0,59.4,-237.6
PFM,SCI,3874.0,3877.0,-3.0,77.72,-233.16
PFM,GGG,4606.0,4609.0,-3.0,77.59,-232.77
PBUS,BLDR,19182.0,19179.0,3.0,77.4,232.20000000000002
PFM,FRT,2400.0,2402.0,-2.0,115.68,-231.36
PNQI,CRTO,8124.0,8138.0,-14.0,16.49,-230.85999999999999
RWJ,WSR,10695.0,10683.0,12.0,18.98,227.76
PBUS,FOX,26559.0,26555.0,4.0,56.6,226.4
PBUS,ZBRA,8781.0,8780.0,1.0,226.03,226.03
PFM,DKS,1851.0,1852.0,-1.0,225.81,-225.81
PFM,HRL,15321.0,15332.0,-11.0,20.44,-224.84
PFM,FDS,1030.0,1031.0,-1.0,223.61,-223.61
RWJ,CURB,7537.0,7529.0,8.0,27.88,223.04
PFM,UDR,9153.0,9159.0,-6.0,36.91,-221.45999999999998
PRF,GTN,22574.0,22625.0,-51.0,4.33,-220.83
PBUS,CRBG,48129.0,48121.0,8.0,27.31,218.48
PBUS,OKLO,19203.0,19200.0,3.0,72.51,217.53000000000003
PFM,IEX,2073.0,2074.0,-1.0,216.92,-216.92
PBUS,ERIE,4412.0,4411.0,1.0,215.9,215.9
PFM,ERIE,1285.0,1286.0,-1.0,215.9,-215.9
PFM,RGA,1827.0,1828.0,-1.0,210.6,-210.6
PBUS,Z,29077.0,29072.0,5.0,41.43,207.15
RWJ,MSEX,4157.0,4153.0,4.0,51.56,206.24
PFM,EGP,1485.0,1486.0,-1.0,205.32,-205.32
PFM,BEP,8520.0,8526.0,-6.0,34.03,-204.18
PFM,NXST,841.0,842.0,-1.0,202.79,-202.79
PFM,AES,19829.0,19843.0,-14.0,14.33,-200.62
PFM,SWKS,4186.0,4189.0,-3.0,66.78,-200.34
PBUS,UAL,14036.0,14034.0,2.0,99.58,199.16
PFM,PNW,3369.0,3371.0,-2.0,99.25,-198.5
PFM,SJM,2970.0,2972.0,-2.0,99.25,-198.5
PBUS,HUBS,8626.0,8625.0,1.0,197.34,197.34
PFM,CGNX,4616.0,4619.0,-3.0,65.66,-196.98
QYLG,CSGP,3018.0,3024.0,-6.0,32.77,-196.62
PFM,ORI,6841.0,6846.0,-5.0,39.26,-196.29999999999998
PKW,FOA,3184.0,3193.0,-9.0,21.49,-193.41
PFM,SSB,2730.0,2732.0,-2.0,96.28,-192.56
PFM,TTC,2713.0,2715.0,-2.0,95.5,-191.0
PFM,OGE,5743.0,5747.0,-4.0,47.35,-189.4
PFM,THG,976.0,977.0,-1.0,189.14,-189.14
PFM,SSD,1151.0,1152.0,-1.0,188.61,-188.61
PBUS,SNAP,186812.0,186781.0,31.0,6.08,188.48
PFM,FR,3687.0,3690.0,-3.0,62.75,-188.25
PFM,POOL,1022.0,1023.0,-1.0,187.77,-187.77
PFM,ZION,4117.0,4120.0,-3.0,62.5,-187.5
PNQI,CARS,9003.0,9019.0,-16.0,11.68,-186.88
PFM,GATX,986.0,987.0,-1.0,186.43,-186.43
PFM,CLX,3369.0,3371.0,-2.0,92.16,-184.32
PBUS,HRL,52497.0,52488.0,9.0,20.44,183.96
PFM,LSTR,945.0,946.0,-1.0,183.39,-183.39
PFM,MATX,844.0,845.0,-1.0,182.72,-182.72
PFM,SEIC,3407.0,3409.0,-2.0,91.18,-182.36
PFM,REXR,6452.0,6457.0,-5.0,36.27,-181.35000000000002
PFM,NNN,5286.0,5290.0,-4.0,44.36,-177.44
PFM,MORN,1100.0,1101.0,-1.0,176.7,-176.7
RWJ,BLFS,5578.0,5570.0,8.0,22.04,176.32
PFM,DCI,3227.0,3229.0,-2.0,86.0,-172.0
PFM,ENSG,1619.0,1620.0,-1.0,171.45,-171.45
PFM,MSA,1077.0,1078.0,-1.0,169.94,-169.94
PRF,HAIN,87694.0,87949.0,-255.0,0.66,-168.3
PBUS,H,7251.0,7250.0,1.0,167.6,167.6
PFM,CTRE,6219.0,6223.0,-4.0,41.6,-166.4
PFM,AVT,2276.0,2278.0,-2.0,82.09,-164.18
PKW,GPMT,43327.0,43438.0,-111.0,1.47,-163.17
RWJ,UHT,2556.0,2552.0,4.0,40.61,162.44
PFM,CUBE,6327.0,6331.0,-4.0,40.46,-161.84
PFM,BCPC,888.0,889.0,-1.0,160.97,-160.97
PKW,TZOO,6890.0,6908.0,-18.0,8.93,-160.74
PFM,NFG,2645.0,2647.0,-2.0,79.52,-159.04
PFM,STAG,5317.0,5321.0,-4.0,38.95,-155.8
PFM,CBSH,4089.0,4092.0,-3.0,51.89,-155.67000000000002
RWJ,XNCR,11453.0,11441.0,12.0,12.86,154.32
PFM,BAH,3361.0,3363.0,-2.0,77.04,-154.08
PFM,HLI,1516.0,1517.0,-1.0,152.87,-152.87
PFM,ADC,3345.0,3347.0,-2.0,76.22,-152.44
PFM,WTFC,1875.0,1876.0,-1.0,151.64,-151.64
PFM,TTEK,7263.0,7268.0,-5.0,30.29,-151.45
PFM,MKTX,984.0,985.0,-1.0,147.53,-147.53
PFM,EMN,3179.0,3181.0,-2.0,73.65,-147.3
PKW,XTIA,32954.0,33038.0,-84.0,1.75,-147.0
PFM,JKHY,2012.0,2013.0,-1.0,145.84,-145.84
PFM,IDA,1529.0,1530.0,-1.0,144.0,-144.0
PFM,FAF,2837.0,2839.0,-2.0,71.04,-142.08
PFM,CFR,1761.0,1762.0,-1.0,138.85,-138.85
PFM,PB,2828.0,2830.0,-2.0,69.26,-138.52
PFM,OSK,1743.0,1744.0,-1.0,137.97,-137.97
PNQI,CCSI,2884.0,2888.0,-4.0,34.0,-136.0
PKW,BARK,6190.0,6205.0,-15.0,9.05,-135.75
PFM,BOKF,1691.0,1692.0,-1.0,132.47,-132.47
PFM,TRNO,2901.0,2903.0,-2.0,66.21,-132.42
PFM,UBSI,3880.0,3883.0,-3.0,43.41,-130.23
PNQI,BMBL,20028.0,20062.0,-34.0,3.62,-123.08
PFM,NNI,706.0,707.0,-1.0,122.38,-122.38
PFM,ATR,1794.0,1795.0,-1.0,120.99,-120.99
PFM,BMI,809.0,810.0,-1.0,118.52,-118.52
PFM,TKR,1939.0,1940.0,-1.0,117.97,-117.97
PFM,AOS,3132.0,3134.0,-2.0,58.6,-117.2
PNQI,SFIX,18223.0,18255.0,-32.0,3.57,-114.24
PFM,AUB,3967.0,3970.0,-3.0,37.96,-113.88
PFM,MZTI,759.0,760.0,-1.0,113.69,-113.69
PFM,BANF,931.0,932.0,-1.0,112.95,-112.95
PFM,NJR,2808.0,2810.0,-2.0,55.55,-111.1
PFM,HRB,3530.0,3533.0,-3.0,36.96,-110.88
PFM,MAIN,2507.0,2509.0,-2.0,54.01,-108.02
PFM,INGR,1754.0,1755.0,-1.0,107.39,-107.39
PFM,HOMB,5474.0,5478.0,-4.0,26.76,-107.04
PFM,SON,2746.0,2748.0,-2.0,51.56,-103.12
PFM,FELE,1229.0,1230.0,-1.0,99.34,-99.34
PFM,RLI,2558.0,2560.0,-2.0,49.05,-98.1
PFM,POR,3220.0,3222.0,-2.0,48.51,-97.02
PFM,OZK,3116.0,3118.0,-2.0,48.5,-97.0
PFM,FFIN,3986.0,3989.0,-3.0,32.26,-96.78
PNQI,LE,4696.0,4704.0,-8.0,11.53,-92.24
PFM,CNO,2624.0,2626.0,-2.0,46.02,-92.04
PFM,CHDN,1943.0,1944.0,-1.0,88.13,-88.13
PFM,OTTR,1166.0,1167.0,-1.0,88.03,-88.03
PFM,GFF,1296.0,1297.0,-1.0,88.02,-88.02
PFM,NSA,2143.0,2145.0,-2.0,43.67,-87.34
PFM,SR,1646.0,1647.0,-1.0,85.7,-85.7
PFM,CBT,1454.0,1455.0,-1.0,85.68,-85.68
PFM,ASB,4623.0,4626.0,-3.0,28.55,-85.65
PFM,OGS,1747.0,1748.0,-1.0,84.91,-84.91
PFM,SIGI,1674.0,1675.0,-1.0,84.78,-84.78
PFM,UFPI,1576.0,1577.0,-1.0,84.38,-84.38
PKW,DH,34920.0,35007.0,-87.0,0.9527,-82.8849
PFM,BC,1808.0,1809.0,-1.0,81.71,-81.71
PFM,AVA,2287.0,2289.0,-2.0,40.82,-81.64
PFM,SLGN,2936.0,2938.0,-2.0,40.26,-80.52
PFM,SFBS,1522.0,1523.0,-1.0,79.48,-79.48
PFM,MWA,4355.0,4358.0,-3.0,26.37,-79.11
PFM,BRC,1215.0,1216.0,-1.0,78.33,-78.33
PFM,INDB,1363.0,1364.0,-1.0,78.2,-78.2
PFM,GRC,728.0,729.0,-1.0,77.28,-77.28
PFM,AWR,1086.0,1087.0,-1.0,77.2,-77.2
PFM,THO,1471.0,1472.0,-1.0,77.2,-77.2
PFM,BKH,2105.0,2106.0,-1.0,75.23,-75.23
PFM,AGO,1250.0,1251.0,-1.0,75.05,-75.05
PFM,AVNT,2549.0,2551.0,-2.0,36.89,-73.78
PFM,MGEE,1015.0,1016.0,-1.0,73.65,-73.65
PFM,POWI,1546.0,1547.0,-1.0,73.28,-73.28
PFM,IBOC,1733.0,1734.0,-1.0,73.27,-73.27
PFM,TRN,2219.0,2221.0,-2.0,36.63,-73.26
RWJ,VIR,7567.0,7559.0,8.0,9.12,72.96
PFM,CNS,1431.0,1432.0,-1.0,72.76,-72.76
PFM,SYBT,817.0,818.0,-1.0,71.99,-71.99
PFM,ANDE,940.0,941.0,-1.0,71.45,-71.45
PFM,TOWN,2555.0,2557.0,-2.0,34.99,-69.98
PFM,WSBC,2673.0,2675.0,-2.0,34.24,-68.48
PFM,PII,1579.0,1580.0,-1.0,68.24,-68.24
PFM,UCB,3333.0,3335.0,-2.0,33.36,-66.72
PFM,CBU,1468.0,1469.0,-1.0,63.96,-63.96
PFM,SFNC,4032.0,4035.0,-3.0,21.27,-63.81
PFM,LKFN,706.0,707.0,-1.0,61.55,-61.55
PFM,EXPO,1371.0,1372.0,-1.0,61.42,-61.42
PFM,FUL,1512.0,1513.0,-1.0,61.25,-61.25
PFM,EFSC,1022.0,1023.0,-1.0,59.83,-59.83
PNQI,EGAN,4196.0,4204.0,-8.0,7.46,-59.68
PFM,DLB,1696.0,1697.0,-1.0,58.15,-58.15
PFM,HTO,1004.0,1005.0,-1.0,57.97,-57.97
PFM,ASH,1273.0,1274.0,-1.0,55.01,-55.01
PFM,RHI,2816.0,2818.0,-2.0,27.03,-54.06
PFM,DKL,1490.0,1491.0,-1.0,51.05,-51.05
PFM,TCBK,902.0,903.0,-1.0,50.95,-50.95
PFM,NWN,1155.0,1156.0,-1.0,50.44,-50.44
SPHD,DVN,0.4,1.4,-1.0,45.61,-45.61
PFM,NBTB,1453.0,1454.0,-1.0,45.59,-45.59
PFM,STBA,1015.0,1016.0,-1.0,44.52,-44.52
PFM,HMN,1124.0,1125.0,-1.0,44.51,-44.51
PFM,GABC,1042.0,1043.0,-1.0,43.59,-43.59
PFM,CWT,1662.0,1663.0,-1.0,43.47,-43.47
PFM,NBHC,1252.0,1253.0,-1.0,42.85,-42.85
PFM,TR,1163.0,1164.0,-1.0,42.5,-42.5
PFM,WLY,1218.0,1219.0,-1.0,41.39,-41.39
PFM,FRME,1767.0,1768.0,-1.0,40.41,-40.41
PFM,ABM,1640.0,1641.0,-1.0,40.2,-40.2
PFM,WAFD,2116.0,2117.0,-1.0,35.55,-35.55
PFM,PRGO,3830.0,3833.0,-3.0,11.71,-35.13
PFM,PEBO,997.0,998.0,-1.0,34.32,-34.32
PFM,FLO,5892.0,5896.0,-4.0,8.44,-33.76
PFM,HNI,1980.0,1981.0,-1.0,33.61,-33.61
PFM,GTY,1667.0,1668.0,-1.0,33.02,-33.02
PFM,NSP,1048.0,1049.0,-1.0,32.59,-32.59
PFM,NXRT,706.0,707.0,-1.0,29.95,-29.95
PFM,MATW,863.0,864.0,-1.0,28.14,-28.14
PFM,HFWA,1143.0,1144.0,-1.0,27.52,-27.52
PFM,ALRS,706.0,707.0,-1.0,26.86,-26.86
PFM,SCVL,758.0,759.0,-1.0,17.94,-17.94
PFM,CHCT,792.0,793.0,-1.0,17.58,-17.58
PFM,DGICA,861.0,862.0,-1.0,17.21,-17.21
PFM,LAND,1152.0,1153.0,-1.0,9.73,-9.73
PKW,HCTI,1352.0,1355.0,-3.0,2.26,-6.779999999999999
PBW,USD,0.0,0.01,-0.01,95.3,-0.953
PXF,USD,0.01,0.0,0.01,95.3,0.953
PGX,USD,97402.27,97402.28,-0.01,95.3,-0.953
CQQQ,9898,824040.0,810520.0,13520.0,,0.0
DWAS,MOG/A,4835.0,4848.0,-13.0,,-0.0
PSI,AGPXX,390020.32,390772.93,-752.61,,-0.0
CQQQ,688728,1713828.0,1685828.0,28000.0,,0.0
QQHG,XND 260821P00282000,34.0,0.0,34.0,,0.0
PFM,BF/B,8201.0,8207.0,-6.0,,-0.0
PXE,AGPXX,172347.55,172669.41,-321.86,,-0.0
CQQQ,688798,158951.0,156351.0,2600.0,,0.0
QQQJ,AGPXX,313624.9,311013.79,2611.11,,0.0
CQQQ,9626,2784716.0,2739116.0,45600.0,,0.0
CQQQ,688126,2239553.0,2202753.0,36800.0,,0.0
CQQQ,900926,7006629.0,6891929.0,114700.0,,0.0
CQQQ,772,3946613.0,3882013.0,64600.0,,0.0
CQQQ,688153,245841.0,242041.0,3800.0,,0.0
CQQQ,700,3857007.0,3793907.0,63100.0,,0.0
CQQQ,696,9065226.0,8916226.0,149000.0,,0.0
CQQQ,688172,591204.0,581520.0,9684.0,,0.0
PWV,BRK/B,96158.0,96014.0,144.0,,0.0
CQQQ,688183,533970.0,525370.0,8600.0,,0.0
DTCR,MAQ AU,313109.0,312209.0,900.0,,0.0
QQHG,XND 260821P00260000,0.0,34.0,-34.0,,-0.0
DTCR,000660 KS,59413.0,59233.0,180.0,,0.0
CSTK,IUGXX,4626546.63,4611045.39,15501.24,,0.0
PWV,AGPXX,1110791.24,1019006.21,91785.03,,0.0
CQQQ,688702,188432.0,185354.0,3078.0,,0.0
CQQQ,9888,12095381.0,11897331.0,198050.0,,0.0
DIVG,AGPXX,7653.44,7302.05,351.39,,0.0
DTCR,KDCREIT SP,38284368.0,38172768.0,111600.0,,0.0
CQQQ,688361,239173.0,235249.0,3924.0,,0.0
PXF,CHF,7482.11,52617.1,-45134.99,,-0.0
DTCR,1686 HK,14825200.0,14782000.0,43200.0,,0.0
CQQQ,688375,235671.0,231819.0,3852.0,,0.0
CQQQ,688385,366882.0,360882.0,6000.0,,0.0
CQQQ,688396,854309.0,840109.0,14200.0,,0.0
CQQQ,688469,5725641.0,5631861.0,93780.0,,0.0
CQQQ,688498,58229.0,57593.0,636.0,,0.0
CQQQ,688629,314879.0,309713.0,5166.0,,0.0
DTCR,2330 TT,553700.0,551900.0,1800.0,,0.0
CQQQ,688568,553400.0,544200.0,9200.0,,0.0
DTCR,788 HK,31068250.0,30978250.0,90000.0,,0.0
CQQQ,688516,215145.0,211545.0,3600.0,,0.0
CQQQ,688521,357361.0,351361.0,6000.0,,0.0
CSD,UHAL/B,145008.0,141528.0,3480.0,,0.0
CQQQ,CNY,1157266.56,0.0,1157266.56,,0.0
CSD,AGPXX,111379.43,108943.46,2435.97,,0.0
PXF,EUR,531146.71,867684.64,-336537.93,,-0.0
CQQQ,AGPXX,20890299.82,7189483.81,13700816.01,,0.0
PXF,GBP,45621.98,178065.18,-132443.2,,-0.0
QQA,IUGXX,124832606.42,124415880.75,416725.67,,0.0
CQQQ,688608,115099.0,113099.0,2000.0,,0.0
XSMO,AGPXX,1690407.28,1689379.0,1028.28,,0.0
CQQQ,9660,88123625.0,86680025.0,1443600.0,,0.0
CQQQ,9698,8053436.0,7921536.0,131900.0,,0.0
CQQQ,688249,1358254.0,1336006.0,22248.0,,0.0
PXF,CAD,21071.14,24733.72,-3662.58,,-0.0
CQQQ,688313,308600.0,303600.0,5000.0,,0.0
DWAS,AGPXX,316122.54,309260.35,6862.19,,0.0
RWK,AGPXX,810941.74,437033.0,373908.74,,0.0
QOWZ,AGPXX,3388.03,2393.62,994.41,,0.0
DTCR,NXT AU,9502824.0,9475410.0,27414.0,,0.0
PXF,AGPXX,403031.07,0.0,403031.07,,0.0
CQQQ,688347,278506.0,273952.0,4554.0,,0.0
DVVY,AGPXX,15335.5,16465.32,-1129.82,,-0.0
CQQQ,688256,427990.58,282442.0,145548.58,,0.0
EART,AAL LN,38796.0,39380.0,-584.0,,-0.0
EART,688779 C1,130387.0,132347.0,-1960.0,,-0.0
EART,688778 C1,33738.0,34246.0,-508.0,,-0.0
EART,688707 C1,59157.0,60047.0,-890.0,,-0.0
EART,688295 C1,13643.0,13849.0,-206.0,,-0.0
EART,603799 C1,181830.0,184630.0,-2800.0,,-0.0
EART,601168 C1,201900.0,204900.0,-3000.0,,-0.0
EART,5301 JP,25321.0,25703.0,-382.0,,-0.0
EART,300777 C2,40000.0,40600.0,-600.0,,-0.0
EART,300699 C2,111460.0,113060.0,-1600.0,,-0.0
EART,300618 C2,41500.0,42100.0,-600.0,,-0.0
PSCI,AGPXX,107179.79,104318.09,2861.7,,0.0
EART,1208 HK,529020.0,537020.0,-8000.0,,-0.0
EART,002738 C2,96700.0,98100.0,-1400.0,,-0.0
EART,002340 C2,613400.0,622600.0,-9200.0,,-0.0
PNQI,AGPXX,385856.87,385177.94,678.93,,0.0
EART,002192 C2,25000.0,25400.0,-400.0,,-0.0
EART,002125 C2,57100.0,57900.0,-800.0,,-0.0
XMMO,AGPXX,6042830.34,5791197.48,251632.86,,0.0
EART,GMEXICOB MM,152105.0,154305.0,-2200.0,,-0.0
EART,ERA FP,2031.0,2061.0,-30.0,,-0.0
EART,BOL SS,24480.0,24848.0,-368.0,,-0.0
EART,600516 C1,339100.0,344100.0,-5000.0,,-0.0
EART,600497 C1,395900.0,401900.0,-6000.0,,-0.0
EART,300014 C2,153500.0,155900.0,-2400.0,,-0.0
EELV,AGPXX,379573.33,339875.01,39698.32,,0.0
EQAL,AGPXX,404888.15,0.0,404888.15,,0.0
EFAA,WISE,0.0,11625.0,-11625.0,,-0.0
EFAA,SOCGEN,6512000.0,5808000.0,704000.0,,0.0
EFAA,SGD,52405.49,1034.88,51370.61,,0.0
EFAA,SEK,9.77,15884.86,-15875.09,,-0.0
EFAA,IUGXX,81374944.66,81033616.77,341327.89,,0.0
EART,VAL SJ,18369.0,18645.0,-276.0,,-0.0
EART,SSW SJ,378199.0,383887.0,-5688.0,,-0.0
EART,SLP LN,97768.0,99238.0,-1470.0,,-0.0
EART,RIO LN,18039.0,18311.0,-272.0,,-0.0
EART,ANTO LN,34647.0,35169.0,-522.0,,-0.0
EART,NPH SJ,48854.0,49588.0,-734.0,,-0.0
EART,NIC AU,268487.0,272525.0,-4038.0,,-0.0
EART,MRN FP,4257.0,4321.0,-64.0,,-0.0
EART,LYC AU,110964.0,112632.0,-1668.0,,-0.0
EART,LAC CN,43162.0,43812.0,-650.0,,-0.0
EART,IMP SJ,108534.0,110166.0,-1632.0,,-0.0
EART,IGO AU,79411.0,80605.0,-1194.0,,-0.0
EART,HBM CN,51092.0,51860.0,-768.0,,-0.0
EFAA,EUR,91316.51,79641.29,11675.22,,0.0
EFAA,CHF,0.0,3069.72,-3069.72,,-0.0
EFAA,2655007D,11625.0,0.0,11625.0,,0.0
EART,ARI SJ,12021.0,12201.0,-180.0,,-0.0
EART,PLS AU,417463.0,423741.0,-6278.0,,-0.0
PPA,AGPXX,4366505.16,2694923.03,1671582.13,,0.0
CQQQ,688120,238919.0,235013.0,3906.0,,0.0
PTF,AGPXX,767881.09,766534.98,1346.11,,0.0
PSCH,AGPXX,72741.01,72604.23,136.78,,0.0
PSCF,EXPI,0.0,5536.0,-5536.0,,-0.0
PSCC,AGPXX,0.0,40677.8,-40677.8,,-0.0
PRFZ,CTLP,0.0,48178.0,-48178.0,,-0.0
PRFZ,AGPXX,3436785.42,3405327.13,31458.29,,0.0
PRFZ,EXPI,0.0,174438.0,-174438.0,,-0.0
PRN,AGPXX,315062.32,315055.1,7.22,,0.0
PRN,MOG/A,20454.0,20339.0,115.0,,0.0
EART,600392 C1,232300.0,235700.0,-3400.0,,-0.0
PFM,AGPXX,877595.8,828269.4,49326.4,,0.0
PDN,MXN,1828.57,0.0,1828.57,,0.0
PXI,AGPXX,213679.45,203145.65,10533.8,,0.0
PXH,THB,26300780.5,9227316.1,17073464.4,,0.0
PXH,AGPXX,12064560.78,11876740.69,187820.09,,0.0
PXF,SGD,284924.71,0.01,284924.7,,0.0
PXF,SEK,1673546.06,1777120.9,-103574.84,,-0.0
PXF,KRW,180825469.02,185020091.02,-4194622.0,,-0.0
XMVM,AGPXX,520614.24,434492.32,86121.92,,0.0
PSL,AGPXX,199947.53,197299.53,2648.0,,0.0
PTH,AGPXX,317197.78,317085.33,112.45,,0.0
PWB,AGPXX,928963.2,832048.92,96914.28,,0.0
PRF,UHAL/B,31796.0,31898.0,-102.0,,-0.0
EART,600111 C1,225000.0,228400.0,-3400.0,,-0.0
EART,5713 JP,25520.0,25904.0,-384.0,,-0.0
EART,5302 JP,4023.0,4083.0,-60.0,,-0.0
POWA,AGPXX,182497.57,164886.73,17610.84,,0.0
PPA,MOG/A,162429.0,162667.0,-238.0,,-0.0
PBW,AGPXX,543690.74,489276.18,54414.56,,0.0
PDN,GLPG,0.0,9993.0,-9993.0,,-0.0
PDN,GBP,27816.76,463.82,27352.94,,0.0
PDN,EUR,26631.52,14074.26,12557.26,,0.0
PDN,CNY,0.0,27404.15,-27404.15,,-0.0
PDN,CHF,3241.36,8123.38,-4882.02,,-0.0
PRF,AGPXX,6944304.81,0.0,6944304.81,,0.0
PDN,BWPAM,1993.0,0.0,1993.0,,0.0
EART,002068 C2,86000.0,87200.0,-1200.0,,-0.0
EART,000831 C2,95800.0,97200.0,-1400.0,,-0.0
PFI,AGPXX,142594.01,138162.68,4431.33,,0.0
PEY,AGPXX,1051663.14,895385.94,156277.2,,0.0
PDP,AGPXX,1844802.99,1800893.55,43909.44,,0.0
PDN,SEK,536375.01,633274.7,-96899.69,,-0.0
RSPD,AGPXX,143550.33,143037.15,513.18,,0.0
RSPA,SOCGEN,8832000.0,9323000.0,-491000.0,,-0.0
RSPA,IUGXX,146782998.1,147982454.35,-1199456.25,,-0.0
PRF,BF/B,70844.0,71048.0,-204.0,,-0.0
PRF,BRK/B,340412.0,341381.0,-969.0,,-0.0
PDN,CAD,13875.95,20923.55,-7047.6,,-0.0
BKCH,HUT CN,185151.0,291886.0,-106735.0,,-0.0
BKCH,HIVE CN,934820.0,2157744.0,-1222924.0,,-0.0
BUG,4704 JP,1127904.0,1125712.0,2192.0,,0.0
BUG,4475 JP,431112.0,412929.0,18183.0,,0.0
BUG,4258 JP,141287.0,157188.0,-15901.0,,-0.0
BUG,3692 JP,152871.0,192000.0,-39129.0,,-0.0
BUG,2326 JP,329607.0,330167.0,-560.0,,-0.0
BUG,053800 KS,208335.0,255402.0,-47067.0,,-0.0
BMVP,AGPXX,49125.2,36347.51,12777.69,,0.0
BKCH,WNDR CN,3983829.0,6652412.0,-2668583.0,,-0.0
BKCH,NDA CN,1368183.0,2929550.0,-1561367.0,,-0.0
BKCH,NB2 GR,73388.0,85516.0,-12128.0,,-0.0
人工智能与机器人botz,6258 JP,241003.0,240535.0,468.0,,0.0
人工智能与机器人botz,6104 JP,185392.0,185032.0,360.0,,0.0
CQQQ,688041,1583597.0,1557659.0,25938.0,,0.0
人工智能与机器人botz,454910 KS,481413.0,480477.0,936.0,,0.0
人工智能与机器人botz,388720 KS,88039.0,87859.0,180.0,,0.0
人工智能与机器人botz,300757 C2,1070745.0,1068945.0,1800.0,,0.0
人工智能与机器人botz,300124 C2,14647824.0,14619024.0,28800.0,,0.0
人工智能与机器人botz,300024 C2,10033984.0,10014184.0,19800.0,,0.0
人工智能与机器人botz,277810 KS,144165.0,143877.0,288.0,,0.0
人工智能与机器人botz,2498 HK,3617100.0,3609900.0,7200.0,,0.0
人工智能与机器人botz,2432 HK,2935400.0,2930000.0,5400.0,,0.0
人工智能与机器人botz,2431 HK,2477800.0,2472400.0,5400.0,,0.0
人工智能与机器人botz,2252 HK,7641900.0,7627500.0,14400.0,,0.0
人工智能与机器人botz,2121 HK,4217300.0,4208300.0,9000.0,,0.0
人工智能与机器人botz,1810 HK,16183200.0,16150800.0,32400.0,,0.0
人工智能与机器人botz,108490 KS,108962.0,108746.0,216.0,,0.0
BKCH,863 HK,2103500.0,3412000.0,-1308500.0,,-0.0
人工智能与机器人botz,455900 KS,113081.0,112865.0,216.0,,0.0
CQQQ,002841,475415.0,467615.0,7800.0,,0.0
CQQQ,002600,4966512.0,4885112.0,81400.0,,0.0
CQQQ,002056,1111030.0,1092930.0,18100.0,,0.0
CQQQ,002049,575585.0,566085.0,9500.0,,0.0
CQQQ,001309,154600.0,151700.0,2900.0,,0.0
CQQQ,000997,692087.0,680687.0,11400.0,,0.0
CQQQ,000988,684036.0,672736.0,11300.0,,0.0
CQQQ,000977,1000200.0,983900.0,16300.0,,0.0
CQQQ,000938,1941386.0,1909586.0,31800.0,,0.0
CQQQ,000733,378360.0,372260.0,6100.0,,0.0
BUG,NCC LN,5300436.0,0.0,5300436.0,,0.0
CQQQ,000681,478682.0,470882.0,7800.0,,0.0
CQQQ,000555,666449.0,655614.0,10835.0,,0.0
CQQQ,000158,1091914.0,1074014.0,17900.0,,0.0
BKCH,KEEL CN,1874248.0,7028776.0,-5154528.0,,-0.0
CQQQ,000066,2172712.0,2161312.0,11400.0,,0.0
CQQQ,000062,714599.0,702799.0,11800.0,,0.0
CQQQ,000050,1678824.0,1651324.0,27500.0,,0.0
CQQQ,000021,1065898.0,1048498.0,17400.0,,0.0
CQQQ,002185,2188776.0,2152876.0,35900.0,,0.0
CQQQ,002180,972141.0,956141.0,16000.0,,0.0
CQQQ,002156,1029225.0,1009625.0,19600.0,,0.0
CQQQ,002153,1527900.0,1502800.0,25100.0,,0.0
CQQQ,002152,1696122.0,1668437.0,27685.0,,0.0
CQQQ,002127,1676787.0,1649287.0,27500.0,,0.0
CQQQ,002065,2189455.0,2153555.0,35900.0,,0.0
人工智能与机器人botz,090360 KS,72866.0,72722.0,144.0,,0.0
人工智能与机器人botz,002747 C2,5571334.0,5560534.0,10800.0,,0.0
RPG,BRK/B,87593.0,87518.0,75.0,,0.0
CQQQ,000100,14135546.0,13904046.0,231500.0,,0.0
AIQ,005930 KS,2390446.0,2389987.0,459.0,,0.0
铀矿核能ura,7011 JP,4904528.0,4883014.0,21514.0,,0.0
铀矿核能ura,1164 HK,175732500.0,174963700.0,768800.0,,0.0
铀矿核能ura,052690 KS,1227831.0,1222437.0,5394.0,,0.0
铀矿核能ura,047040 KS,13502553.0,13443219.0,59334.0,,0.0
铀矿核能ura,034020 KS,2438891.0,2428165.0,10726.0,,0.0
铀矿核能ura,028260 KS,763161.0,759813.0,3348.0,,0.0
铀矿核能ura,006360 KS,4330115.0,4311081.0,19034.0,,0.0
铀矿核能ura,000720 KS,2184962.0,2175352.0,9610.0,,0.0
铀矿核能ura,BHP AU,4489590.0,4469874.0,19716.0,,0.0
铀矿核能ura,SASK CN,20645600.0,20554956.0,90644.0,,0.0
铀矿核能ura,PEN AU,19317939.0,19233123.0,84816.0,,0.0
铀矿核能ura,PDN AU,29228398.0,29100058.0,128340.0,,0.0
铀矿核能ura,NXE CN,39236353.0,39063993.0,172360.0,,0.0
BKCH,1611 HK,2701500.0,3089500.0,-388000.0,,-0.0
AIQ,3690 HK,4236115.0,4235215.0,900.0,,0.0
AIQ,2395 TT,2740057.0,2739457.0,600.0,,0.0
RFG,AGPXX,176515.89,167853.39,8662.5,,0.0
RPV,AGPXX,6154933.71,6252030.26,-97096.55,,-0.0
RSP,AGPXX,140765564.81,89903267.88,50862296.93,,0.0
RSP,BF/B,6955803.0,6960987.0,-5184.0,,-0.0
RSP,BRK/B,341335.0,341591.0,-256.0,,-0.0
铀矿核能ura,FSY CN,10182234.0,10133626.0,48608.0,,0.0
铀矿核能ura,EU CN,11969239.0,11916663.0,52576.0,,0.0
铀矿核能ura,EL8 AU,26527138.0,26410640.0,116498.0,,0.0
铀矿核能ura,EFR CN,15422640.0,15354936.0,67704.0,,0.0
铀矿核能ura,DYL AU,59828081.0,59565387.0,262694.0,,0.0
铀矿核能ura,DML CN,58946693.0,58687843.0,258850.0,,0.0
铀矿核能ura,CVV CN,13427209.0,13368247.0,58962.0,,0.0
AIQ,700 HK,3230818.0,3230218.0,600.0,,0.0
AIQ,WKL NA,252406.0,252358.0,48.0,,0.0
人工智能与机器人botz,ABBN SW,3128348.0,3122210.0,6138.0,,0.0
人工智能与机器人botz,9880 HK,3239027.0,3231827.0,7200.0,,0.0
人工智能与机器人botz,9660 HK,93531000.0,93347400.0,183600.0,,0.0
人工智能与机器人botz,6954 JP,6714338.0,6701180.0,13158.0,,0.0
人工智能与机器人botz,688297 C1,4325400.0,4316922.0,8478.0,,0.0
人工智能与机器人botz,688169 C1,1660392.0,1657134.0,3258.0,,0.0
人工智能与机器人botz,688165 C1,3343550.0,3336998.0,6552.0,,0.0
人工智能与机器人botz,6861 JP,684845.0,683495.0,1350.0,,0.0
人工智能与机器人botz,6645 JP,1540449.0,1537425.0,3024.0,,0.0
人工智能与机器人botz,6600 HK,1685700.0,1682100.0,3600.0,,0.0
人工智能与机器人botz,6506 JP,1991902.0,1987996.0,3906.0,,0.0
人工智能与机器人botz,6383 JP,2836924.0,2831362.0,5562.0,,0.0
人工智能与机器人botz,6273 JP,342560.0,341894.0,666.0,,0.0
BKCH,ADE GR,28162.0,42307.0,-14145.0,,-0.0
铀矿核能ura,BOE AU,25885393.0,25771747.0,113646.0,,0.0
铀矿核能ura,BMN AU,12244878.0,12191124.0,53754.0,,0.0
铀矿核能ura,BKY SM,29507756.0,29382578.0,125178.0,,0.0
铀矿核能ura,YCA LN,15870727.0,15801039.0,69688.0,,0.0
铀矿核能ura,WUC CN,4414299.0,4394893.0,19406.0,,0.0
铀矿核能ura,URC CN,7771872.0,7737772.0,34100.0,,0.0
铀矿核能ura,U-U CN,16223548.0,16152310.0,71238.0,,0.0
铀矿核能ura,SYH CN,13204260.0,13146290.0,57970.0,,0.0
铀矿核能ura,SSW SJ,34207510.0,34057284.0,150226.0,,0.0
铀矿核能ura,SLX AU,14982884.0,14917102.0,65782.0,,0.0
人工智能与机器人botz,ATS CN,735298.0,733858.0,1440.0,,0.0
AIQ,TIETO FH,1094181.0,1093971.0,210.0,,0.0
AIQ,TEMN SW,264635.0,264584.0,51.0,,0.0
BKCH,BTM,0.0,104791.0,-104791.0,,-0.0
铀矿核能ura,CCO CN,14790309.0,14725333.0,64976.0,,0.0
CQQQ,600718,812314.0,799014.0,13300.0,,0.0
CQQQ,600707,2418322.0,2411022.0,7300.0,,0.0
CQQQ,600703,3388213.0,3332813.0,55400.0,,0.0
CQQQ,600601,2919300.0,2871400.0,47900.0,,0.0
CQQQ,600588,2334240.0,2295940.0,38300.0,,0.0
CQQQ,600584,1214627.0,1194727.0,19900.0,,0.0
CQQQ,600570,1292034.0,1270934.0,21100.0,,0.0
CQQQ,600563,153609.0,151109.0,2500.0,,0.0
CQQQ,600536,637831.0,627431.0,10400.0,,0.0
EELV,CLP,0.0,58362767.5,-58362767.5,,-0.0
CQQQ,688012,424491.0,417491.0,7000.0,,0.0
CQQQ,688008,779684.0,766684.0,13000.0,,0.0
CQQQ,688002,314053.0,309053.0,5000.0,,0.0
CQQQ,3888,9710923.0,9551723.0,159200.0,,0.0
CQQQ,002916,453674.0,446274.0,7400.0,,0.0
CQQQ,3396,5245364.0,5159464.0,85900.0,,0.0
CQQQ,301377,149100.0,146700.0,2400.0,,0.0
CQQQ,301308,282809.0,277809.0,5000.0,,0.0
CQQQ,301269,370985.0,364885.0,6100.0,,0.0
CQQQ,301236,650847.0,640147.0,10700.0,,0.0
CQQQ,301200,121300.0,119400.0,1900.0,,0.0
CQQQ,300857,328140.0,322740.0,5400.0,,0.0
CQQQ,300782,365184.0,359184.0,6000.0,,0.0
CQQQ,300726,281545.0,276845.0,4700.0,,0.0
CQQQ,300682,737864.0,725764.0,12100.0,,0.0
CQQQ,603185,464055.0,456355.0,7700.0,,0.0
CQQQ,603160,315691.0,310491.0,5200.0,,0.0
CQQQ,603000,755471.0,743071.0,12400.0,,0.0
CQQQ,601360,4752618.0,4674718.0,77900.0,,0.0
CQQQ,3690,22243520.0,21879220.0,364300.0,,0.0
CQQQ,688111,313762.0,308762.0,5000.0,,0.0
CQQQ,688110,302000.0,297000.0,5000.0,,0.0
CQQQ,688099,285071.0,280271.0,4800.0,,0.0
CQQQ,688082,152223.0,149823.0,2400.0,,0.0
CQQQ,688072,190402.0,187202.0,3200.0,,0.0
CQQQ,688052,97006.0,95606.0,1400.0,,0.0
CQQQ,688047,271396.0,266950.0,4446.0,,0.0
CQQQ,688561,467517.0,459917.0,7600.0,,0.0
CQQQ,688538,9061385.0,8912785.0,148600.0,,0.0
CQQQ,688536,92677.0,91277.0,1400.0,,0.0
CQQQ,688525,318777.0,313557.0,5220.0,,0.0
CQQQ,6613,2753830.0,2708630.0,45200.0,,0.0
CQQQ,605358,458708.0,451108.0,7600.0,,0.0
CQQQ,603986,451972.0,444372.0,7600.0,,0.0
CQQQ,600845,1475191.0,1451091.0,24100.0,,0.0
CQQQ,603893,284263.0,279563.0,4700.0,,0.0
CQQQ,603688,366381.0,364081.0,2300.0,,0.0
CQQQ,603613,484565.0,476665.0,7900.0,,0.0
CQQQ,603501,827429.0,813829.0,13600.0,,0.0
CQQQ,603296,596527.0,586827.0,9700.0,,0.0
CQQQ,603290,163336.0,160736.0,2600.0,,0.0
CQQQ,603267,155179.0,152679.0,2500.0,,0.0
CQQQ,603228,666700.0,655800.0,10900.0,,0.0
CQQQ,688234,293532.0,288732.0,4800.0,,0.0
CQQQ,688220,283390.0,278790.0,4600.0,,0.0
CQQQ,688213,274471.0,269971.0,4500.0,,0.0
CQQQ,688188,196990.0,193590.0,3400.0,,0.0
CQQQ,601231,1622784.0,1596284.0,26500.0,,0.0
CQQQ,601179,3481462.0,3424462.0,57000.0,,0.0
CQQQ,603927,567466.0,558266.0,9200.0,,0.0
QQQM,AGPXX,139241456.32,138876882.06,364574.26,,0.0
CQQQ,268,27621686.0,27169686.0,452000.0,,0.0
RWL,AGPXX,2233028.11,1810476.38,422551.73,,0.0
CQQQ,2577,2888588.0,2841288.0,47300.0,,0.0
RWL,BF/B,71864.0,71814.0,50.0,,0.0
XSVM,AGPXX,614150.05,614846.39,-696.34,,-0.0
CQQQ,300168,984906.0,968706.0,16200.0,,0.0
CQQQ,300166,777883.0,764683.0,13200.0,,0.0
CQQQ,300115,925872.0,910772.0,15100.0,,0.0
CQQQ,300113,466908.0,459208.0,7700.0,,0.0
CQQQ,300085,482640.0,474740.0,7900.0,,0.0
CQQQ,300033,512336.0,503936.0,8400.0,,0.0
CQQQ,300017,1669566.0,1642166.0,27400.0,,0.0
CQQQ,300001,721341.0,709441.0,11900.0,,0.0
QVMT,AGPXX,70882.58,54135.59,16746.99,,0.0
CQQQ,002373,1079401.0,1061801.0,17600.0,,0.0
CQQQ,002371,490808.0,482808.0,8000.0,,0.0
CQQQ,002368,426031.0,418931.0,7100.0,,0.0
CQQQ,002273,949732.0,934132.0,15600.0,,0.0
CQQQ,002261,857988.0,843988.0,14000.0,,0.0
CQQQ,002236,2234435.0,2197835.0,36600.0,,0.0
CQQQ,002230,1572597.0,1546797.0,25800.0,,0.0
CQQQ,002212,805596.0,792396.0,13200.0,,0.0
CQQQ,002195,3880792.0,3817192.0,63600.0,,0.0
RWL,BRK/B,334315.0,334081.0,234.0,,0.0
CQQQ,000725,24749161.0,24343761.0,405400.0,,0.0
CQQQ,1347,6877625.0,6764625.0,113000.0,,0.0
CQQQ,1024,21422193.0,21071293.0,350900.0,,0.0
CQQQ,002938,1557565.0,1531965.0,25600.0,,0.0
CQQQ,002463,1306160.0,1284660.0,21500.0,,0.0
QVMS,EXPI,0.0,16043.0,-16043.0,,-0.0
QVMS,AGPXX,120295.19,119454.29,840.9,,0.0
QVMM,AGPXX,192839.51,177493.01,15346.5,,0.0
QQQS,AGPXX,14111.29,12477.79,1633.5,,0.0
CQQQ,300433,3391618.0,3336018.0,55600.0,,0.0
CQQQ,300408,1303412.0,1282012.0,21400.0,,0.0
CQQQ,300383,1215903.0,1196003.0,19900.0,,0.0
CQQQ,300339,543986.0,535086.0,8900.0,,0.0
CQQQ,300316,887582.0,873082.0,14500.0,,0.0
CQQQ,300296,1852602.0,1822213.0,30389.0,,0.0
CQQQ,300223,325970.0,320570.0,5400.0,,0.0
CQQQ,600460,1136706.0,1118106.0,18600.0,,0.0
CQQQ,600446,646423.0,635723.0,10700.0,,0.0
CQQQ,600183,1653304.0,1626304.0,27000.0,,0.0
CQQQ,300454,288196.0,283496.0,4700.0,,0.0
CQQQ,2382,6451786.0,6346086.0,105700.0,,0.0
CQQQ,200725,6760299.0,6649499.0,110800.0,,0.0
CQQQ,20,281657064.0,277044064.0,4613000.0,,0.0
CQQQ,1888,9046389.0,8898389.0,148000.0,,0.0
CQQQ,1385,2766611.0,2720611.0,46000.0,,0.0
CQQQ,1357,32943473.0,32403973.0,539500.0,,0.0
CQQQ,300672,148272.0,145872.0,2400.0,,0.0
CQQQ,300661,420534.0,413734.0,6800.0,,0.0
CQQQ,300604,428148.0,421048.0,7100.0,,0.0
CQQQ,300496,314376.0,309176.0,5200.0,,0.0
CQQQ,300476,587223.0,577623.0,9600.0,,0.0
CQQQ,300475,316900.0,311600.0,5300.0,,0.0
CQQQ,300458,668900.8,658000.8,10900.0,,0.0
CQQQ,300456,500300.0,492000.0,8300.0,,0.0
CQQQ,600100,2288472.0,2251072.0,37400.0,,0.0
PHO,AGPXX,1996368.59,1994450.97,1917.62,,0.0
PHDG,UXM6,58.0,55.0,3.0,,0.0
PIE,2208,543956.0,535956.0,8000.0,,0.0
PIE,2059,9459.0,9330.0,129.0,,0.0
PIE,1898,1664320.0,1640320.0,24000.0,,0.0
PIE,2486,189829.0,186829.0,3000.0,,0.0
PIE,2451,149418.0,147418.0,2000.0,,0.0
PIE,2449,117157.0,115157.0,2000.0,,0.0
PIE,2419,96551.0,95151.0,1400.0,,0.0
PIE,2408,388443.0,382443.0,6000.0,,0.0
PIE,2404,183795.0,180795.0,3000.0,,0.0
PIE,2368,59963.0,58963.0,1000.0,,0.0
PIE,2367,486105.0,479105.0,7000.0,,0.0
PIE,2360,39844.0,38844.0,1000.0,,0.0
HEAL,4DX AU,146738.0,0.0,146738.0,,0.0
PIE,2344,716368.0,705368.0,11000.0,,0.0
PIE,2338,286778.0,282778.0,4000.0,,0.0
PGX,OAK,607783.0,607009.0,774.0,,0.0
PGX,TRTN,1430576.0,1428749.0,1827.0,,0.0
PGX,TRPCN,542986.0,542293.0,693.0,,0.0
PHDG,UXK6,24.0,27.0,-3.0,,-0.0
SPMO,AGPXX,6414883.98,5682844.16,732039.82,,0.0
PIE,1157,930599.0,916999.0,13600.0,,0.0
PIE,1138,443901.0,437901.0,6000.0,,0.0
PIE,1088,424031.0,418031.0,6000.0,,0.0
SDIV,MVC SM,963443.0,965588.0,-2145.0,,-0.0
SDIV,MMT FP,905295.0,907308.0,-2013.0,,-0.0
SDIV,MMS AU,1049066.0,1051409.0,-2343.0,,-0.0
SDIV,MBRF3 BZ,3445800.0,3453500.0,-7700.0,,-0.0
SDIV,LGEN LN,3396775.0,3404343.0,-7568.0,,-0.0
PIE,2345,110781.0,108781.0,2000.0,,0.0
SDIV,WPP LN,3349593.0,3357040.0,-7447.0,,-0.0
SDIV,WAWI NO,998919.0,1001152.0,-2233.0,,-0.0
SDIV,VULC3 BZ,3628760.0,3636460.0,-7700.0,,-0.0
SDIV,VAR NO,3514049.0,3521870.0,-7821.0,,-0.0
SDIV,VALE3 BZ,740900.0,743100.0,-2200.0,,-0.0
SPLV,BRK/B,163504.0,163827.0,-323.0,,-0.0
SPLV,AGPXX,15869825.19,15333704.83,536120.36,,0.0
PIE,1681,1451182.0,1430182.0,21000.0,,0.0
PIE,1378,416856.0,410856.0,6000.0,,0.0
PIE,1303,390734.0,384734.0,6000.0,,0.0
SDIV,UNIP6 BZ,976300.0,978500.0,-2200.0,,-0.0
SDIV,TW/ LN,7782082.0,7799539.0,-17457.0,,-0.0
SDIV,TGMA3 BZ,1625100.0,1628400.0,-3300.0,,-0.0
SDIV,TGA SJ,1752654.0,1756581.0,-3927.0,,-0.0
SDIV,TFG-R TB,75091900.0,75259100.0,-167200.0,,-0.0
PHDG,IUGXX,16176922.35,16218916.87,-41994.52,,-0.0
PGF,ANGINC,166308.0,167128.0,-820.0,,-0.0
PGF,AHL,277192.0,278552.0,-1360.0,,-0.0
PGF,AGPXX,234298.42,242428.95,-8130.53,,-0.0
PGX,AEGON,1355089.0,1353361.0,1728.0,,0.0
PGX,BEPUCN,1408653.0,1406862.0,1791.0,,0.0
PGX,ATH,4195042.0,4189678.0,5364.0,,0.0
PGX,ANGINC,441499.0,440932.0,567.0,,0.0
SDIV,SPK NZ,9520291.0,9541653.0,-21362.0,,-0.0
SDIV,SIRI-R TB,263306000.0,263895600.0,-589600.0,,-0.0
SDIV,SDLF LN,1227607.0,1230357.0,-2750.0,,-0.0
SDIV,SAUD3 BZ,5490400.0,5502500.0,-12100.0,,-0.0
SDIV,RECV3 BZ,5995100.0,6008300.0,-13200.0,,-0.0
SDIV,PTBA IJ,81972900.0,82155500.0,-182600.0,,-0.0
SDIV,POMO4 BZ,10229600.0,10252700.0,-23100.0,,-0.0
SDIV,PETR4 BZ,1765200.0,1769600.0,-4400.0,,-0.0
PGF,ATH,1263769.0,1269984.0,-6215.0,,-0.0
PIE,6515,13711.0,13292.0,419.0,,0.0
PIE,631,649432.0,639432.0,10000.0,,0.0
PIE,6257,977929.0,963929.0,14000.0,,0.0
PIE,6196,507588.0,500588.0,7000.0,,0.0
PIE,598,2228714.0,2195714.0,33000.0,,0.0
OMFL,BRK/B,154752.0,154356.0,396.0,,0.0
LIT,EUR AU,7775960.0,8232987.0,-457027.0,,-0.0
LIT,ERA FP,46214.0,46220.0,-6.0,,-0.0
LIT,VUL AU,1718621.0,1718944.0,-323.0,,-0.0
MTRA,7974,8301.0,13901.0,-5600.0,,-0.0
MTRA,298040,180.0,0.0,180.0,,0.0
MTRA,RS1,0.0,151995.0,-151995.0,,-0.0
MTRA,RR/,57922.0,0.0,57922.0,,0.0
MTRA,PRY,8516.0,4735.0,3781.0,,0.0
SDIV,KIO SJ,543070.0,544280.0,-1210.0,,-0.0
MTRA,IUGXX,3400204.52,3925788.29,-525583.77,,-0.0
MTRA,IFX,12366.0,0.0,12366.0,,0.0
MTRA,HLMA,22710.0,0.0,22710.0,,0.0
MTRA,EUR,40519.98,0.0,40519.98,,0.0
MTRA,CAD,2225.6,123.48,2102.12,,0.0
OMFL,AGPXX,2481218.36,0.0,2481218.36,,0.0
PIE,2885,826807.0,814807.0,12000.0,,0.0
LIT,300207 C2,7156691.0,7144691.0,12000.0,,0.0
LIT,300014 C2,7274972.0,7262572.0,12400.0,,0.0
LIT,247540 KS,286934.0,286991.0,-57.0,,-0.0
LIT,1211 HK,5395721.0,5386521.0,9200.0,,0.0
LIT,066970 KS,154543.0,154571.0,-28.0,,-0.0
LIT,006400 KS,240005.0,240056.0,-51.0,,-0.0
LIT,002812 C2,2914059.0,2909259.0,4800.0,,0.0
LIT,SLI CN,1175054.0,1173058.0,1996.0,,0.0
MTRA,NOVOB,62464.0,27718.0,34746.0,,0.0
SDIV,ITSA4 BZ,4455600.0,4465500.0,-9900.0,,-0.0
SDIV,ITMG IJ,9433400.0,9454300.0,-20900.0,,-0.0
SDIV,ITH LN,4790166.0,4800913.0,-10747.0,,-0.0
SDIV,INTB3 BZ,5218600.0,5230700.0,-12100.0,,-0.0
SDIV,ICAD FP,505852.0,506974.0,-1122.0,,-0.0
PIE,1072,334111.0,329111.0,5000.0,,0.0
PIE,2337,575387.0,567387.0,8000.0,,0.0
PIE,2330,86961.0,85961.0,1000.0,,0.0
PIE,2313,199526.0,196526.0,3000.0,,0.0
PIE,2276,536450.0,528550.0,7900.0,,0.0
RSPN,AGPXX,299341.56,225845.55,73496.01,,0.0
PIE,3576,1731751.0,1717751.0,14000.0,,0.0
PIE,3443,11568.0,11346.0,222.0,,0.0
PIE,3189,139871.0,137871.0,2000.0,,0.0
PIE,3044,256888.0,252888.0,4000.0,,0.0
PIE,6531,54978.0,53978.0,1000.0,,0.0
PIE,3036,125000.0,123000.0,2000.0,,0.0
PIE,3030,118155.0,116155.0,2000.0,,0.0
PIE,3006,180053.0,177053.0,3000.0,,0.0
PIE,2891,645244.0,636244.0,9000.0,,0.0
PIE,2890,1621629.0,1597629.0,24000.0,,0.0
PIE,2887,1563907.0,1540907.0,23000.0,,0.0
PIE,2880,1006595.0,991595.0,15000.0,,0.0
PIE,2855,1136133.0,1119133.0,17000.0,,0.0
PIE,2628,275151.0,271151.0,4000.0,,0.0
PIE,2616,2630903.0,2592403.0,38500.0,,0.0
PIE,8150,490794.0,487794.0,3000.0,,0.0
PIE,8112,1274092.0,1255092.0,19000.0,,0.0
PIE,8046,103712.0,101712.0,2000.0,,0.0
PIE,6944,96996.0,95996.0,1000.0,,0.0
PIE,6691,222161.0,219161.0,3000.0,,0.0
PIE,3037,132036.0,130036.0,2000.0,,0.0
PBD,TWD,12812268.0,251745.0,12560523.0,,0.0
PBD,SPIE,28961.0,28535.0,426.0,,0.0
铀矿核能ura,FUU CN,39851814.0,39676850.0,174964.0,,0.0
铀矿核能ura,ASN AU,74501427.0,74119011.0,382416.0,,0.0
铀矿核能ura,ARE CN,4088081.0,4070101.0,17980.0,,0.0
铀矿核能ura,AGE AU,266220961.0,265051951.0,1169010.0,,0.0
铀矿核能ura,AEU AU,14174408.0,14098396.0,76012.0,,0.0
铀矿核能ura,AEE AU,49350934.0,49106716.0,244218.0,,0.0
铀矿核能ura,AEC CN,678851.0,675875.0,2976.0,,0.0
PBD,ELI,10986.0,10824.0,162.0,,0.0
PBD,EDPR,106154.0,104588.0,1566.0,,0.0
PBD,CWR,424973.0,418709.0,6264.0,,0.0
PBD,ANE,66632.0,65651.0,981.0,,0.0
PBD,ANA,7596.0,7485.0,111.0,,0.0
SIL,SOSI SS,6041917.0,5786218.0,255699.0,,0.0
PBD,AGPXX,825851.29,114823.06,711028.23,,0.0
PBD,KEMPOWR,119522.0,117761.0,1761.0,,0.0
PBD,GRE,13888.0,13684.0,204.0,,0.0
PBD,EUR,7868.32,0.0,7868.32,,0.0
PBD,ERG,64683.0,63729.0,954.0,,0.0
PBD,ENRG,238116.0,234606.0,3510.0,,0.0
PBD,ORSTED,72189.0,71124.0,1065.0,,0.0
PBD,NOFR,30766.0,30313.0,453.0,,0.0
PBD,NKT,12562.0,12376.0,186.0,,0.0
PBD,NIBEB,383915.0,378254.0,5661.0,,0.0
PBD,9863,294142.0,289842.0,4300.0,,0.0
PBD,968,3657739.0,3603739.0,54000.0,,0.0
PBD,9519,341818.0,336778.0,5040.0,,0.0
PBD,819,1674890.0,1650890.0,24000.0,,0.0
PBD,6869,512928.0,504928.0,8000.0,,0.0
PBD,ALFEN,147010.0,144844.0,2166.0,,0.0
AIQ,6701 JP,1039677.0,1039476.0,201.0,,0.0
AIQ,6702 JP,1578004.0,1577701.0,303.0,,0.0
AIQ,AMP IM,1527357.0,1527063.0,294.0,,0.0
铀矿核能ura,8001 JP,11205791.0,11156563.0,49228.0,,0.0
RPG,AGPXX,724964.44,736182.34,-11217.9,,-0.0
RFV,AGPXX,244622.14,204773.12,39849.02,,0.0
AIQ,6954 JP,748573.0,748429.0,144.0,,0.0
铀矿核能ura,MGA CN,22013509.0,21916851.0,96658.0,,0.0
AIQ,000660 KS,482240.0,482147.0,93.0,,0.0
AIQ,4755 JP,4151566.0,4150765.0,801.0,,0.0
铀矿核能ura,LOT AU,14267976.0,14202752.0,65224.0,,0.0
铀矿核能ura,LI CN,15548614.0,15479794.0,68820.0,,0.0
铀矿核能ura,LAM CN,13416753.0,13357853.0,58900.0,,0.0
铀矿核能ura,KAP LI,4295995.0,4277147.0,18848.0,,0.0
铀矿核能ura,ISO CN,2254939.0,2245019.0,9920.0,,0.0
SPHQ,AGPXX,12829674.23,11590402.24,1239271.99,,0.0
人工智能与机器人botz,TECN SW,95876.0,95696.0,180.0,,0.0
人工智能与机器人botz,RSW LN,544999.0,543937.0,1062.0,,0.0
AIQ,IFX GR,995134.0,994942.0,192.0,,0.0
AIQ,EXPN LN,697901.0,697766.0,135.0,,0.0
AIQ,SIE GR,611812.0,611695.0,117.0,,0.0
人工智能与机器人botz,HIAB FH,413260.0,412450.0,810.0,,0.0
人工智能与机器人botz,EXA FP,76473.0,76329.0,144.0,,0.0
人工智能与机器人botz,AUTO NO,25669338.0,25619028.0,50310.0,,0.0
AIQ,2317 TT,10709000.0,10706900.0,2100.0,,0.0
PBD,NFI,132631.0,130675.0,1956.0,,0.0
PBD,NEX,10079.0,9929.0,150.0,,0.0
PBD,NDX1,44352.0,43698.0,654.0,,0.0
PBD,LR,9490.0,9349.0,141.0,,0.0
PBD,LIGHT,71161.0,70111.0,1050.0,,0.0
PBD,KSP,16814.0,16565.0,249.0,,0.0
铀矿核能ura,GLO CN,25596484.0,25484078.0,112406.0,,0.0
PBD,267260,2504.0,2468.0,36.0,,0.0
PBUS,BRK/B,238537.0,238498.0,39.0,,0.0
SPHD,AGPXX,10666174.41,3953729.22,6712445.19,,0.0
PBD,SLR,78443.0,77288.0,1155.0,,0.0
PBD,SCATC,136994.0,134975.0,2019.0,,0.0
PBD,S92,43057.0,42421.0,636.0,,0.0
PBD,PRY,13895.0,13691.0,204.0,,0.0
PBP,AGPXX,25131.82,0.0,25131.82,,0.0
PBJ,AGPXX,233625.2,206663.62,26961.58,,0.0
PBD,WCH,17510.0,17252.0,258.0,,0.0
PBD,VWS,67723.0,66724.0,999.0,,0.0
PBD,VER,23409.0,23064.0,345.0,,0.0
PBUS,AGPXX,7505145.72,2758574.31,4746571.41,,0.0
PBD,1211,133240.0,131240.0,2000.0,,0.0
PBD,6865,1134083.0,1117083.0,17000.0,,0.0
PBD,1513,322540.0,317540.0,5000.0,,0.0
PBD,1504,655086.0,652086.0,3000.0,,0.0
PBD,1503,249204.0,245204.0,4000.0,,0.0
PBD,1407,149185.0,146986.0,2199.0,,0.0
RWJ,AGPXX,2070997.39,2066867.68,4129.71,,0.0
PBUS,HEI/A,13146.0,13144.0,2.0,,0.0
SOXQ,AGPXX,723008.3,715405.98,7602.32,,0.0
SPGP,AGPXX,3015018.81,2914797.72,100221.09,,0.0
RSPS,AGPXX,102583.82,24251.78,78332.04,,0.0
SPHB,AGPXX,322158.64,283242.14,38916.5,,0.0
PGX,AHL,1062547.0,1061188.0,1359.0,,0.0
PGX,AGPXX,1642797.51,1623560.34,19237.17,,0.0
PGX,CTL,2407561.0,2404483.0,3078.0,,0.0
PGX,BPY,2047162.0,2044552.0,2610.0,,0.0
PGX,BNCN,925032.0,923853.0,1179.0,,0.0
PBD,1514,431956.0,425956.0,6000.0,,0.0
PBD,6768,381473.0,375848.0,5625.0,,0.0
PBD,6674,57261.0,56418.0,843.0,,0.0
PBD,666,941493.0,927693.0,13800.0,,0.0
PBD,6516,53848.0,53053.0,795.0,,0.0
PBD,6409,58305.0,57305.0,1000.0,,0.0
PBD,6282,1099680.0,1083680.0,16000.0,,0.0
PBD,6244,2052105.0,2040105.0,12000.0,,0.0
PBD,5483,464829.0,457829.0,7000.0,,0.0
PBD,5310,42762.0,42132.0,630.0,,0.0
PBD,3931,490039.0,482839.0,7200.0,,0.0
PBD,247540,11691.0,11520.0,171.0,,0.0
PBD,2457,1876404.0,1848404.0,28000.0,,0.0
PBD,2308,42502.0,41502.0,1000.0,,0.0
PBD,1798,6345800.0,6251800.0,94000.0,,0.0
PBD,1772,209717.0,206717.0,3000.0,,0.0
PBD,2865,325216.0,320416.0,4800.0,,0.0
PBD,1585,1141091.0,1125091.0,16000.0,,0.0
PBD,1519,54380.0,53380.0,1000.0,,0.0
PBD,112610,54945.0,54135.0,810.0,,0.0
PBD,020150,55260.0,54444.0,816.0,,0.0
PBD,010120,18032.0,17765.0,267.0,,0.0
PBD,006400,6278.0,6185.0,93.0,,0.0
PBD,006260,9660.0,9519.0,141.0,,0.0
OMFS,CTLP,0.0,7265.0,-7265.0,,-0.0
OMFS,AGPXX,245264.21,161889.41,83374.8,,0.0
PBD,3868,10340586.0,10188586.0,152000.0,,0.0
PBD,3750,24823.0,24423.0,400.0,,0.0
PBD,373220,5903.0,5816.0,87.0,,0.0
PBD,3393,496468.0,488468.0,8000.0,,0.0
PBD,336260,65590.0,64624.0,966.0,,0.0
PBD,3015,974056.0,960056.0,14000.0,,0.0
PBD,1609,1350634.0,1330634.0,20000.0,,0.0
TAN,S92,590098.0,573618.0,16480.0,,0.0
TAN,NOFR,890971.0,866091.0,24880.0,,0.0
TAN,GRE,331947.0,322677.0,9270.0,,0.0
TAN,ENRG,5530302.0,5375872.0,154430.0,,0.0
TAN,DORL,2917702.0,2836222.0,81480.0,,0.0
IGPT,CNY,5685.66,0.0,5685.66,,0.0
IGPT,IFCN,3564.0,3546.0,18.0,,0.0
IGPT,HLMA,53770.0,53494.0,276.0,,0.0
IGPT,HEXAB,372015.0,370095.0,1920.0,,0.0
TAN,AGPXX,6939254.2,821536.9,6117717.3,,0.0
TAN,968,130205139.0,126569139.0,3636000.0,,0.0
TAN,6865,18818240.0,18292240.0,526000.0,,0.0
TAN,6244,19898000.0,19614000.0,284000.0,,0.0
IGPT,2408,270150.0,267310.0,2840.0,,0.0
LIT,PMET CN,827781.0,826377.0,1404.0,,0.0
IGPT,000660,91225.0,90462.0,763.0,,0.0
IDMO,SGD,186416.58,0.0,186416.58,,0.0
XLG,AGPXX,4402694.62,4189531.59,213163.03,,0.0
UPGD,AGPXX,31473.49,15198.94,16274.55,,0.0
TAN,TWD,60382823.0,0.0,60382823.0,,0.0
TAN,SLR,2373142.0,2306872.0,66270.0,,0.0
TAN,SCATC,2434715.0,2366725.0,67990.0,,0.0
IGPT,AGPXX,1428127.5,1598786.56,-170659.06,,-0.0
IGPT,9888,237275.0,236075.0,1200.0,,0.0
IGPT,9880,48761.0,48511.0,250.0,,0.0
IGPT,9698,183869.0,182969.0,900.0,,0.0
IGPT,9660,2139570.0,2128770.0,10800.0,,0.0
IGPT,688256,7086.44,4756.0,2330.44,,0.0
IGPT,6861,40221.0,40011.0,210.0,,0.0
IDLV,GBP,28472.08,26604.71,1867.37,,0.0
IGPT,2344,655938.0,648418.0,7520.0,,0.0
IGPT,TWD,10308211.0,16257986.0,-5949775.0,,-0.0
IMFL,SAMPO,953521.0,952098.0,1423.0,,0.0
IMFL,SAF,32563.0,32486.0,77.0,,0.0
IMFL,REL,85424.0,85007.0,417.0,,0.0
IMFL,NOVOB,208281.0,207957.0,324.0,,0.0
IMFL,NOVN,179596.0,179192.0,404.0,,0.0
RWJ,EXPI,0.0,864123.0,-864123.0,,-0.0
SDIV,ADRO IJ,94159400.0,94369500.0,-210100.0,,-0.0
SDIV,A3M SM,2055200.0,2059776.0,-4576.0,,-0.0
SDIV,9979 HK,33375300.0,33450100.0,-74800.0,,-0.0
SDIV,6808 HK,56071100.0,56196500.0,-125400.0,,-0.0
SDIV,327 HK,20611600.0,20657800.0,-46200.0,,-0.0
SDIV,316 HK,712200.0,713300.0,-1100.0,,-0.0
SDIV,303 HK,1520520.0,1523820.0,-3300.0,,-0.0
SDIV,2609 TT,7313000.0,7329500.0,-16500.0,,-0.0
IGPT,6526,32204.0,32036.0,168.0,,0.0
SDIV,1919 HK,7058500.0,7073900.0,-15400.0,,-0.0
SDIV,1908 HK,6269532.0,6283832.0,-14300.0,,-0.0
SDIV,1516 HK,71532200.0,71691700.0,-159500.0,,-0.0
SDIV,1114 HK,23241400.0,23293100.0,-51700.0,,-0.0
RZV,EXPI,0.0,62528.0,-62528.0,,-0.0
PKW,LEN/B,8912.0,8936.0,-24.0,,-0.0
TAN,3868,101370047.0,98538047.0,2832000.0,,0.0
TAN,3800,597600563.0,580912563.0,16688000.0,,0.0
TAN,3576,49821458.0,49097458.0,724000.0,,0.0
TAN,322000,219093.0,212943.0,6150.0,,0.0
TAN,2406,17023000.0,16547000.0,476000.0,,0.0
TAN,1407,1158437.0,1126087.0,32350.0,,0.0
IGPT,KDCREIT,380401.0,378433.0,1968.0,,0.0
IGPT,6669,23106.0,22867.0,239.0,,0.0
IGPT,6594,130243.0,129571.0,672.0,,0.0
SDIV,2603 TT,2103000.0,2107400.0,-4400.0,,-0.0
HEAL,DEMANT DC,19938.0,23914.0,-3976.0,,-0.0
AIQ,5803 JP,1351860.0,1351608.0,252.0,,0.0
HEAL,458870 KS,7129.0,0.0,7129.0,,0.0
HEAL,241 HK,1475400.0,1679400.0,-204000.0,,-0.0
HEAL,PME AU,10364.0,7409.0,2955.0,,0.0
HEAL,PHIA NA,38650.0,43079.0,-4429.0,,-0.0
EFAA,GBP,5633.24,20232.56,-14599.32,,-0.0
EQWL,AGPXX,171991.95,0.0,171991.95,,0.0
EQWL,BRK/B,48520.0,48568.0,-48.0,,-0.0
ERTH,8954,1151.0,1160.0,-9.0,,-0.0
ERTH,8953,1577.0,1591.0,-14.0,,-0.0
ERTH,8952,1404.0,1419.0,-15.0,,-0.0
ERTH,8951,1707.0,1723.0,-16.0,,-0.0
ERTH,3481,310.0,313.0,-3.0,,-0.0
IDLV,AGPXX,588999.74,554994.32,34005.42,,0.0
ERTH,3309,898.0,907.0,-9.0,,-0.0
ERTH,3292,350.0,353.0,-3.0,,-0.0
ERTH,3283,1471.0,1488.0,-17.0,,-0.0
ERTH,3281,999.0,1010.0,-11.0,,-0.0
ERTH,3234,316.0,319.0,-3.0,,-0.0
GNOM,AZN LN,5467.0,6848.0,-1381.0,,-0.0
GNOM,1548 HK,636818.0,598818.0,38000.0,,0.0
EEMO,TRY,979.47,109.49,869.98,,0.0
EEMO,MYR,891.0,0.0,891.0,,0.0
EEMO,CNY,0.0,620.3,-620.3,,-0.0
EEMO,CLP,0.0,518508.02,-518508.02,,-0.0
EEMO,AGPXX,6177.49,5358.01,819.48,,0.0
EELV,TWD,1940184.0,3811518.0,-1871334.0,,-0.0
EELV,THB,8165397.19,5583028.2,2582368.99,,0.0
EELV,MYR,219753.0,0.0,219753.0,,0.0
ERTH,3466,394.0,397.0,-3.0,,-0.0
IDHQ,WISE,0.0,99876.0,-99876.0,,-0.0
IDHQ,AGPXX,1588382.8,1565368.33,23014.47,,0.0
IDHQ,2655007D,99876.0,0.0,99876.0,,0.0
XLG,BRK/B,529032.0,529362.0,-330.0,,-0.0
IGPT,6506,45941.0,45701.0,240.0,,0.0
IGPT,6479,45894.0,45654.0,240.0,,0.0
IGPT,6324,11276.0,11216.0,60.0,,0.0
IGPT,601138,101000.0,100500.0,500.0,,0.0
IGPT,3706,194449.0,193449.0,1000.0,,0.0
IGPT,3661,14516.0,14412.0,104.0,,0.0
IGPT,285A,42357.0,42141.0,216.0,,0.0
IGPT,277810,2084.0,2072.0,12.0,,0.0
IGPT,2498,80568.0,80168.0,400.0,,0.0
IGPT,2454,312616.0,310616.0,2000.0,,0.0
IBBQ,GLPG,0.0,794.0,-794.0,,-0.0
GRPZ,AGPXX,3555.57,3532.47,23.1,,0.0
RZV,AGPXX,50980.45,51289.83,-309.38,,-0.0
HEAL,WELL CN,0.0,61440.0,-61440.0,,-0.0
HEAL,RAYB SS,0.0,6197.0,-6197.0,,-0.0
IDMO,GBP,3.55,509647.54,-509643.99,,-0.0
IDMO,EUR,499433.39,5582.56,493850.83,,0.0
IDMO,AGPXX,13901213.53,12953803.97,947409.56,,0.0
IDLV,SGD,126604.64,9942.99,116661.65,,0.0
IDLV,SEK,44379.13,223052.73,-178673.6,,-0.0
GGME,CNY,813.94,0.0,813.94,,0.0
GGME,AGPXX,148239.43,147059.68,1179.75,,0.0
GGME,688256,1013.2,680.0,333.2,,0.0
ERTH,AGPXX,47615.67,640759.29,-593143.62,,-0.0
ERTH,8967,543.0,549.0,-6.0,,-0.0
GRPM,AGPXX,64495.74,54488.95,10006.79,,0.0
XMHQ,AGPXX,1528492.79,1527499.28,993.51,,0.0
HEAL,XVIVO SS,6320.0,0.0,6320.0,,0.0
PIE,BRL,12.55,12.51,0.04,,0.0
PIE,ASELS,451959.0,445313.0,6646.0,,0.0
KBWY,AGPXX,80493.31,78547.64,1945.67,,0.0
LIT,002738 C2,3196256.0,3190656.0,5600.0,,0.0
LIT,002709 C2,6805285.0,6793685.0,11600.0,,0.0
LIT,002466 C2,5227173.0,5218373.0,8800.0,,0.0
LIT,002460 C2,5765832.0,5756232.0,9600.0,,0.0
PIE,SOL,88443.0,87143.0,1300.0,,0.0
PIE,SBSP3,259606.0,255806.0,3800.0,,0.0
PIE,RHBBANK,446856.0,440256.0,6600.0,,0.0
PIE,OTP,12154.0,11976.0,178.0,,0.0
PIE,MTM,462615.0,455811.0,6804.0,,0.0
PIE,MDKA,4918124.0,4845798.0,72326.0,,0.0
PIE,KTB-R,1132499.0,1115845.0,16654.0,,0.0
IMFL,000660,27236.0,27166.0,70.0,,0.0
PIE,KPJ,1436916.0,1415816.0,21100.0,,0.0
KBWB,AGPXX,9697559.57,8877749.73,819809.84,,0.0
IUS,AGPXX,255699.39,218141.84,37557.55,,0.0
PIE,5434,469439.0,462439.0,7000.0,,0.0
PIE,3808,277088.0,273088.0,4000.0,,0.0
PIE,3711,162808.0,160808.0,2000.0,,0.0
PIE,3665,46495.0,45495.0,1000.0,,0.0
PIE,3653,10521.0,10338.0,183.0,,0.0
SDIV,CYRE3 BZ,2121900.0,2126300.0,-4400.0,,-0.0
SDIV,CMIG4 BZ,5566900.0,5579000.0,-12100.0,,-0.0
PIE,VKE,1641322.0,1617184.0,24138.0,,0.0
PIE,VIVT3,125383.0,123583.0,1800.0,,0.0
PIE,UGPA3,188001.0,185201.0,2800.0,,0.0
PIE,TWD,63323825.0,2432006.0,60891819.0,,0.0
PIE,TISCO-R,1341632.0,1321902.0,19730.0,,0.0
PIE,KST,734600.0,723798.0,10802.0,,0.0
LIT,PLS AU,15905730.0,15905792.0,-62.0,,-0.0
LIT,MIN AU,920713.0,920759.0,-46.0,,-0.0
LIT,LTR AU,11056965.0,11059069.0,-2104.0,,-0.0
LIT,LAR CN,742308.0,741048.0,1260.0,,0.0
LIT,LAC CN,1745538.0,1742574.0,2964.0,,0.0
LIT,INR AU,12997858.0,12973146.0,24712.0,,0.0
LIT,IGO AU,3649790.0,3650487.0,-697.0,,-0.0
LIT,002371 C2,1124940.0,1122940.0,2000.0,,0.0
LIT,002176 C2,7334040.0,7321640.0,12400.0,,0.0
KNCT,EUR,3859.53,7019.08,-3159.55,,-0.0
KNCT,AGPXX,234644.05,230932.49,3711.56,,0.0
KLMT,THB,0.0,2167344.0,-2167344.0,,-0.0
KLMT,SGD,109629.08,0.0,109629.08,,0.0
KLMT,EUR,191170.54,148837.54,42333.0,,0.0
KLMN,AGPXX,278952.53,0.0,278952.53,,0.0
PIE,CPI,4033.0,3973.0,60.0,,0.0
LIT,AMG NA,186516.0,187834.0,-1318.0,,-0.0
LIT,6762 JP,4884477.0,4885485.0,-1008.0,,-0.0
LIT,6752 JP,4148073.0,4141045.0,7028.0,,0.0
LIT,603659 C1,5139908.0,5131108.0,8800.0,,0.0
LIT,373220 KS,256023.0,255591.0,432.0,,0.0
LIT,300750 C2,1173209.0,1171209.0,2000.0,,0.0
LIT,300450 C2,5620710.0,5611110.0,9600.0,,0.0
RSPM,AGPXX,22144.23,22130.7,13.53,,0.0
PIE,ICT,177206.0,174596.0,2610.0,,0.0
PIE,GMEXICOB,153178.0,150926.0,2252.0,,0.0
PIE,GENTERA*,1427969.0,1406969.0,21000.0,,0.0
PIE,FUNO11,629801.0,620539.0,9262.0,,0.0
PIE,FIBRAPL,238260.0,234756.0,3504.0,,0.0
PIE,DIRR3,759349.0,748149.0,11200.0,,0.0
PIE,CSMG3,97638.0,96238.0,1400.0,,0.0
LIT,ELV AU,806802.0,806825.0,-23.0,,-0.0
IQSZ,EUR,19494.9,9028.24,10466.66,,0.0
PIE,KBANK-R,166426.0,163978.0,2448.0,,0.0
PIE,ITUB4,131096.0,129196.0,1900.0,,0.0
PIZ,SGD,316886.98,100.22,316786.76,,0.0
PIZ,EUR,337282.74,0.0,337282.74,,0.0
PIZ,CHF,36099.53,0.0,36099.53,,0.0
PIO,AGPXX,483167.63,508869.59,-25701.96,,-0.0
IMFL,NESN,246932.0,246336.0,596.0,,0.0
IMFL,INVEB,429379.0,428527.0,852.0,,0.0
IMFL,IBE,496156.0,494996.0,1160.0,,0.0
IMFL,GBP,24412.44,15841.38,8571.06,,0.0
IMFL,EUR,336818.76,501432.08,-164613.32,,-0.0
IQSZ,AGPXX,153300.66,327265.95,-173965.29,,-0.0
IPKW,TWD,17309.0,106153.0,-88844.0,,-0.0
SPVM,BRK/B,2173.0,2160.0,13.0,,0.0
IPKW,EUR,494311.39,59.05,494252.34,,0.0
IPKW,AGPXX,0.0,31360.65,-31360.65,,-0.0
IMFL,SGD,25575.53,452.0,25123.53,,0.0
IQSZ,BRK/B,1932.0,1919.0,13.0,,0.0
PIE,THB,1752653.13,21348.33,1731304.8,,0.0
PIE,TGA,95223.0,93823.0,1400.0,,0.0
RSPH,AGPXX,576510.2,566748.59,9761.61,,0.0
PKW,AGPXX,1305805.91,1286024.93,19780.98,,0.0
IMFL,CHF,0.0,847.13,-847.13,,-0.0
IMFL,AGPXX,1536793.23,1141857.37,394935.86,,0.0
IMFL,ACS,18322.0,18231.0,91.0,,0.0
IMFL,ABBN,118844.0,118589.0,255.0,,0.0
IMFL,388,21502.0,21002.0,500.0,,0.0
IMFL,2,162280.0,160780.0,1500.0,,0.0
IMFL,005930,304178.0,303200.0,978.0,,0.0
IPKW,MXN,0.0,98581.9,-98581.9,,-0.0
SPVM,AGPXX,158620.39,152049.47,6570.92,,0.0
PIE,AMM,604997.0,596097.0,8900.0,,0.0
PIE,AGPXX,0.0,18035.76,-18035.76,,-0.0
PIE,ABMB,784950.0,773450.0,11500.0,,0.0
PIE,8996,46472.0,45472.0,1000.0,,0.0
PIE,857,1645251.0,1621251.0,24000.0,,0.0
PIE,TCAP-R,606463.0,597545.0,8918.0,,0.0
PIE,SWB,932278.0,918578.0,13700.0,,0.0
PIO,9551,33154.0,32854.0,300.0,,0.0
PIO,6370,108216.0,108116.0,100.0,,0.0
PIO,6361,660928.0,660828.0,100.0,,0.0
PIO,6328,16696.0,16296.0,400.0,,0.0
PIO,6005,112483.0,112183.0,300.0,,0.0
SDIV,HSBK LI,385855.0,386713.0,-858.0,,-0.0
SDIV,HBR LN,4080177.0,4089329.0,-9152.0,,-0.0
IQSZ,GBP,693.14,0.0,693.14,,0.0
SDIV,GRP ID,15103179.0,15136839.0,-33660.0,,-0.0
SDIV,GRND3 BZ,13611200.0,13642000.0,-30800.0,,-0.0
SDIV,GQG AU,10158174.0,10180768.0,-22594.0,,-0.0
SDIV,EXX SJ,1064996.0,1067361.0,-2365.0,,-0.0
SDIV,EREIT SP,6366100.0,6380400.0,-14300.0,,-0.0
SDIV,ENOG LN,1060430.0,1062784.0,-2354.0,,-0.0
SDIV,DNO NO,7726763.0,7743978.0,-17215.0,,-0.0
SDIV,DIRR3 BZ,4017500.0,4026300.0,-8800.0,,-0.0
PKB,AGPXX,545435.01,519115.29,26319.72,,0.0
RSPF,AGPXX,289189.23,256807.48,32381.75,,0.0
SDIV,BRAP4 BZ,2704200.0,2710800.0,-6600.0,,-0.0
SDIV,BBSE3 BZ,1908100.0,1912500.0,-4400.0,,-0.0
SDIV,BBAJIOO MM,3855600.0,3864400.0,-8800.0,,-0.0
SDIV,ALWN GA,632732.0,634140.0,-1408.0,,-0.0
SDIV,AKRBP NO,432863.0,433831.0,-968.0,,-0.0
SDIV,HAUTO NO,1053275.0,1055618.0,-2343.0,,-0.0
