Holding_Ticker,Shares_Change,Change_Pct,Price,Price_Change_Pct,VWAP,Volume,Volume_Change_Pct,Shares_T0,Shares_T1
CCL,24427456.479999997,49.8572%,27.0,-1.89%,27.3074,26335112.274106,-48.16%,73422262.0,48994805.52
DVN,15469380.010000005,21.2705%,45.31,-2.77%,45.1253,26624593.884846,-35.14%,88196439.31,72727059.3
CVNA,10738880.64,127.1704%,80.004,-79.45%,79.3576,9935234.30516,283.90%,19183359.02,8444478.379999999
NVDA,3544944.6700000763,0.2625%,211.5,1.77%,211.5569,168307873.522931,-10.65%,1354052888.5,1350507943.83
SBS,3310251.0,402.8030%,6.37,-3.95%,6.452,5048137.238425,-49.51%,4132055.0,821804.0
1816 HK,2499000.0,0.4893%,0.0,0.00%,0.0,0.0,0.00%,513211000.0,510712000.0
MSFUT,2403307.0,2.0314%,0.0,0.00%,0.0,0.0,0.00%,120712433.0,118309126.0
AAPL,2143370.9300000668,0.2757%,287.44,-0.02%,288.7495,45224300.521764,-22.46%,779600021.44,777456650.51
1164 HK,1863200.0,0.4165%,0.0,0.00%,0.0,0.0,0.00%,449253700.0,447390500.0
2477,1334400.0,100.0000%,0.0,0.00%,0.0,0.0,0.00%,1334400.0,0.0
MSFT,1232312.8100000024,0.3079%,420.77,1.65%,422.6818,34942445.178621,15.38%,401482128.77,400249815.96
VEEV,1213487.9000000004,13.9078%,168.25,0.54%,169.259,4101742.757153,-88.56%,9938702.25,8725214.35
AMZN,876604.1800000072,0.1767%,271.17,-1.39%,272.536,35892879.99976,-19.44%,497108465.17,496231860.99
CSCO,851332.5200000405,0.2572%,92.16,0.57%,92.1172,17062273.445797,-36.87%,331908284.16,331056951.64
AGE AU,810765.0,0.3068%,0.0,0.00%,0.0,0.0,0.00%,265051951.0,264241186.0
CNH,808044.0,1.2735%,10.84,0.18%,10.8889,18322495.280642,17.52%,64259424.0,63451380.0
GOOGL,778453.9499999881,0.2642%,397.99,-0.01%,396.7549,24433490.335438,-22.58%,295440097.99,294661644.04
GOOG,769716.1600000262,0.3156%,395.3,0.04%,394.1744,15153626.608104,-34.39%,244658322.3,243888606.14
20,769000.0,0.2783%,0.0,0.00%,0.0,0.0,0.00%,277044064.0,276275064.0
KDCREIT SP,744000.0,1.9878%,0.0,0.00%,0.0,0.0,0.00%,38172768.0,37428768.0
INTC,723387.6100000143,0.1629%,109.62,-3.00%,111.1434,122699875.288571,-21.99%,444684704.62,443961317.01
VZ,694034.650000006,0.2978%,47.09,-0.74%,47.2686,18839581.29477,-2.57%,233721470.09,233027435.44
AVGO,669598.1200000048,0.2458%,412.56,-3.03%,415.3434,22791741.333754,10.07%,273093314.56,272423716.44
KO,662539.2000000179,0.3222%,78.43,-1.01%,78.6236,16531418.981069,17.58%,206273229.43,205610690.23
BNP,654996.0,16.2084%,0.0,0.00%,0.0,0.0,0.00%,4696085.0,4041089.0
HPE,646441.3299999982,0.7260%,29.7,-2.21%,29.6504,15708626.05962,22.04%,89688840.7,89042399.37
LTR AU,624813.0,0.5066%,0.0,0.00%,0.0,0.0,0.00%,123962852.0,123338039.0
SOSI SS,620549.0,12.0129%,0.0,0.00%,0.0,0.0,0.00%,5786218.0,5165669.0
WMT,619228.1200000048,0.1925%,130.2,0.09%,129.9188,14935414.820057,-8.75%,322293750.2,321674522.08
PFE,609974.9500000477,0.2078%,26.48,-0.19%,26.3886,48345971.211233,19.80%,294111117.48,293501142.53
NI,609789.5100000054,1.4175%,47.02,-1.03%,47.0841,6155398.675688,-49.53%,43627345.02,43017555.51
788 HK,600000.0,1.9751%,0.0,0.00%,0.0,0.0,0.00%,30978250.0,30378250.0
CLF,551966.0,0.8495%,10.65,-4.48%,10.7688,16028843.274605,-13.55%,65529455.0,64977489.0
URG,528553.0,1.1707%,1.82,-1.62%,1.835,6949034.0197,-19.37%,45676764.0,45148211.0
GILD,510677.76000000536,0.4840%,134.06,-1.64%,134.2897,8901045.972637,40.15%,106016472.06,105505794.3
UEC,507707.0,0.6463%,15.59,-1.14%,15.7033,9841339.034621,-10.76%,79069560.0,78561853.0
PG,485602.1599999964,0.4071%,146.06,-1.24%,146.4453,9545761.972401,1.56%,119756494.06,119270891.9
PLTR,471098.26000002027,0.2487%,137.05,2.44%,137.8683,50184874.681749,-9.62%,189871787.05,189400688.79
WBD,468527.9200000167,0.2201%,27.12,-0.29%,27.1445,18148953.113417,-16.85%,213352142.12,212883614.2
CRM,465559.15000000596,0.8112%,186.34,2.84%,186.4853,13955115.768692,23.46%,57860446.34,57394887.19
JNJ,464688.8899999857,0.3397%,222.51,-0.94%,222.1995,7269708.61212,-8.93%,137247298.51,136782609.62
TSCO,456621.2100000009,1.2326%,31.74,-2.43%,31.7002,14934320.759371,-11.67%,37502839.74,37046218.53
MRK,452658.74000000954,0.3177%,112.3,-1.11%,112.091,7329028.161626,1.01%,142930904.3,142478245.56
GIS,449829.6400000006,0.9109%,35.71,1.82%,35.4701,10248996.220271,-25.07%,49830563.71,49380734.07
HIG,448137.1800000034,1.9343%,132.67,-0.61%,132.6761,1877254.863554,33.30%,23615643.67,23167506.49
NOW,436096.54000000656,0.7164%,93.59,5.10%,93.9336,27960738.741423,20.95%,61309530.59,60873434.05
DYL AU,424972.0,0.3896%,0.0,0.00%,0.0,0.0,0.00%,109491218.0,109066246.0
ORCL,408905.5600000024,0.4094%,194.59,0.29%,195.8042,31803162.347873,14.87%,100288853.59,99879948.03
NFLX,388834.9800000191,0.1281%,88.25,-0.02%,88.5437,30627603.315781,-26.96%,304024318.25,303635483.27
TSLA,382365.0599999726,0.2313%,411.79,3.28%,409.402,64294224.963981,20.41%,165665810.79,165283445.73000002
ADT,380797.0,0.6364%,6.9,-1.15%,6.9181,20141870.090235,-49.66%,60218009.0,59837212.0
BKR,374607.8599999994,0.3722%,63.53,-4.71%,63.6162,12148283.625829,27.48%,101031968.53,100657360.67
OKE,368667.2700000033,0.6897%,85.87,0.32%,85.3749,5861462.776762,7.52%,53822902.870000005,53454235.6
T,348195.6899999976,0.0927%,25.26,-1.21%,25.2686,42986644.511429,25.18%,375805772.26,375457576.57
PCG,344193.99000000954,0.2131%,16.19,-0.06%,16.1455,26315508.941606,49.93%,161855891.19,161511697.2
EXC,334984.3900000006,0.3177%,44.41,-1.35%,44.4014,9412748.77241,-18.37%,105773084.41,105438100.02
PANW,333530.8500000015,0.5085%,196.53,7.00%,195.6723,10556602.403373,88.66%,65922391.53,65588860.68
MMM,332228.2100000009,1.0878%,143.75,-1.90%,144.5668,2764418.890594,-46.43%,30873593.75,30541365.54
CRH,331871.7199999988,1.0453%,112.63,-1.98%,113.2372,4504290.873449,-20.27%,32081706.63,31749834.91
IBM,330851.5700000003,0.5859%,231.31,2.47%,230.0881,5485545.069762,-28.51%,56798863.31,56468011.74
KOS,330342.0,0.8806%,2.89,0.00%,2.857,17186078.876335,-22.39%,37843814.0,37513472.0
2668,330000.0,100.0000%,0.0,0.00%,0.0,0.0,0.00%,330000.0,0.0
HD,325971.5900000036,0.6287%,322.64,-0.13%,323.5987,4411673.687295,-19.42%,52176029.64,51850058.05
PLS AU,322626.0,0.4586%,0.0,0.00%,0.0,0.0,0.00%,70667671.0,70345045.0
KDP,320569.95999999344,0.2884%,28.52,-0.14%,28.4461,9434530.316959,-20.13%,111493925.52,111173355.56
EW,318163.5600000024,0.9996%,82.76,-0.53%,83.2389,3332532.136424,-34.45%,32146653.76,31828490.2
WMB,315015.1900000125,0.3881%,72.95,-1.10%,72.7178,7202168.260122,-11.76%,81488713.95,81173698.75999999
PRU,309497.2800000012,0.8948%,99.44,-0.72%,99.6044,2133155.380294,-42.68%,34897084.44,34587587.16
UNIT,305711.0,1.0593%,11.12,-1.85%,11.222,1557956.501843,-0.89%,29165086.0,28859375.0
BK,305426.049999997,0.6828%,130.69,-2.21%,131.4161,3942758.208347,-2.51%,45037431.69,44732005.64
MS,298541.82000000775,0.2677%,190.17,-1.64%,190.8657,5761867.569324,-8.82%,111825582.17,111527040.35
RIVN,295645.0,2.2831%,14.18,-2.07%,14.2973,26127553.142194,5.42%,13244795.0,12949150.0
1686 HK,288000.0,1.9870%,0.0,0.00%,0.0,0.0,0.00%,14782000.0,14494000.0
LRCX,286792.34999999404,0.2271%,286.52,-3.58%,287.3124,9704518.206214,-34.38%,126574752.52,126287960.17
LLOY,281239.0,0.5925%,0.0,0.00%,0.0,0.0,0.00%,47750301.0,47469062.0
DNN,276654.0,0.4887%,3.74,-3.11%,3.8008,33592317.59379,9.57%,56891597.0,56614943.0
AMD,276433.07000002265,0.1909%,408.46,-3.07%,410.4536,44885481.088958,-48.83%,145109924.46,144833491.39
V,272110.4800000042,0.2903%,321.28,0.78%,321.6006,7186066.731514,-7.97%,94013986.28,93741875.8
PNR,270171.05000000075,2.0983%,78.96,-1.19%,79.7349,1899453.829873,-18.39%,13145786.96,12875615.91
9660,268080.0,0.2972%,0.0,0.00%,0.0,0.0,0.00%,90484595.0,90216515.0
ASN AU,265224.0,0.3591%,0.0,0.00%,0.0,0.0,0.00%,74119011.0,73853787.0
F,260071.00999999046,0.0962%,12.18,0.08%,12.1746,38986729.420387,-25.19%,270635383.18,270375312.17
KMB,259367.36999999732,0.8707%,99.56,0.37%,99.4725,4621245.461054,19.32%,30048937.56,29789570.19
NEE,254191.93000000715,0.1780%,93.32,-2.17%,93.6513,9681769.995983,16.38%,143020090.32,142765898.39
KHC,251259.57000000775,0.2632%,23.64,2.47%,23.4727,19910110.873008,-24.51%,95729761.64,95478502.07
ES,243260.51999999583,0.6575%,67.04,-2.16%,67.0497,3670909.335266,86.46%,37240312.04,36997051.52
HL,235346.0,0.2538%,18.07,-0.44%,18.8702,20351514.986217,-13.79%,92977763.0,92742417.0
KVUE,234420.03999999166,0.1739%,17.72,0.23%,17.7391,27034732.553028,13.00%,135066053.72,134831633.68
VLTO,234185.84999999963,1.3993%,88.73,2.13%,88.6854,2659180.756293,70.33%,16969862.73,16735676.88
WFFUT,233000.0,2.3873%,0.0,0.00%,0.0,0.0,0.00%,9992999.0,9759999.0
AXP,230697.79000000283,0.7606%,318.69,-1.00%,319.4304,3350456.195225,14.19%,30561568.69,30330870.9
ANET,227898.68999999762,0.3993%,141.75,-3.61%,142.5164,18255654.720293,-48.76%,57303066.75,57075168.06
ZTS,227211.08999999985,0.9361%,87.31,-21.50%,88.7897,29922904.989769,467.32%,24499978.31,24272767.22
CMG,226365.5299999863,0.2911%,33.27,1.62%,32.9613,17020180.522246,1.93%,77996448.27,77770082.74000001
UNH,225760.4600000009,0.4419%,369.74,0.67%,368.0901,5235407.961336,-21.81%,51317648.74,51091888.28
AMGN,223334.98000000417,0.4707%,329.09,-0.61%,328.9653,3296982.608057,14.69%,47675342.09,47452007.11
CCI,222730.83000000194,0.7573%,91.07,0.92%,90.8183,3134026.953577,23.59%,29633274.07,29410543.24
BMY,218094.65999999642,0.2170%,56.25,-0.60%,56.1294,10419792.423516,-0.19%,100714103.25,100496008.59
NKE,216847.5300000012,0.2914%,44.41,1.21%,44.3703,17177730.915445,-12.17%,74625164.41,74408316.88
AMAT,214772.01999999583,0.2779%,410.64,-4.19%,412.4864,7741791.673193,6.91%,77506214.64,77291442.62
PDN AU,213729.0,0.3919%,0.0,0.00%,0.0,0.0,0.00%,54748052.0,54534323.0
DIS,213681.59999999404,0.2542%,108.66,0.56%,109.0927,14309207.46051,-38.44%,84277859.66,84064178.06
CRBG,207718.0,0.9864%,27.45,-2.14%,27.7186,11608061.312298,-55.08%,21265912.0,21058194.0
NEM,205051.3900000006,0.3231%,113.49,-1.40%,115.6044,7961989.017142,12.09%,63665116.49,63460065.1
USAR,201569.0,1.2761%,26.38,-7.76%,26.8695,17947804.697426,3.12%,15997575.0,15796006.0
EXPD,195275.61999999918,1.9453%,151.86,0.41%,151.951,1095009.754046,-21.12%,10233583.86,10038308.24
DLR,193843.1000000015,0.8062%,194.78,-2.45%,195.2214,2483066.289103,52.73%,24237596.78,24043753.68
601958 C1,193500.0,0.5101%,0.0,0.00%,0.0,0.0,0.00%,38125815.0,37932315.0
ABAT,189439.0,1.4124%,3.09,-9.52%,3.1831,5282819.662274,1.75%,13602116.0,13412677.0
COO,185850.99000000022,1.5079%,61.11,-0.02%,61.161,2096270.200914,-37.11%,12510612.11,12324761.12
ABBV,185276.67999999225,0.2001%,202.71,-1.13%,202.9672,6681070.67602,-8.35%,92780425.71,92595149.03
NXT AU,182760.0,1.9667%,0.0,0.00%,0.0,0.0,0.00%,9475410.0,9292650.0
DML CN,179525.0,0.3068%,0.0,0.00%,0.0,0.0,0.00%,58687843.0,58508318.0
MO,179111.87000000477,0.1919%,69.04,-1.61%,69.2238,8693353.110853,-21.95%,93499852.04,93320740.17
TRV,178051.3500000015,0.9107%,298.94,-0.88%,299.4821,1205929.329003,7.63%,19728407.94,19550356.59
BA,176661.1000000015,0.3091%,231.03,0.48%,232.3746,8489752.48272,18.46%,57338828.03,57162166.93
MCD,176041.6000000015,0.4538%,283.7,-0.14%,285.131,6613751.359648,37.37%,38968658.7,38792617.1
AUR,169797.0,0.4839%,7.14,-1.79%,7.1857,48561697.171312,15.30%,35259870.0,35090073.0
AEE AU,169377.0,0.3461%,0.0,0.00%,0.0,0.0,0.00%,49106716.0,48937339.0
AMT,168625.6099999994,0.6818%,179.77,-0.22%,179.5982,2589507.981538,22.38%,24902330.77,24733705.16
MDLZ,168303.43999999762,0.1505%,61.31,-0.91%,61.3875,5462552.596924,-9.57%,111974447.31,111806143.87
BG,167095.69999999925,1.4225%,123.75,-1.82%,123.929,1897414.249672,36.46%,11913991.75,11746896.05
CAT,166532.76000000164,0.5495%,895.69,-3.37%,900.4494,2957310.630889,-1.77%,30471588.69,30305055.93
IE,166232.0,1.0172%,13.72,0.59%,13.8383,1620469.245188,17.63%,16508995.0,16342763.0
UAMY,165881.0,0.9452%,11.02,-12.61%,11.4858,14340118.60621,-16.95%,17715628.0,17549747.0
MU,165286.03999999166,0.1642%,646.63,-2.99%,653.1587,47527514.952753,-14.94%,100825104.63,100659818.59
ADBE,165269.33999999613,0.4346%,256.51,2.53%,256.7217,4479879.404414,0.62%,38195447.51,38030178.17
J,165088.13999999966,2.0743%,122.76,-3.05%,122.0274,1844941.380131,-51.94%,8123751.76,7958663.62
PGR,165031.95000000298,0.4913%,195.75,-0.53%,196.1154,3226019.204667,5.31%,33753816.75,33588784.8
EA,164407.06000000238,0.5823%,200.85,0.03%,200.8494,2215058.19095,-22.16%,28400828.85,28236421.79
FTNT,163637.01999999583,0.2536%,107.97,20.03%,108.8991,18110086.621912,124.95%,64694340.97,64530703.95
600392 C1,163200.0,0.5060%,0.0,0.00%,0.0,0.0,0.00%,32417181.0,32253981.0
VTRS,161657.43999999762,0.1930%,17.39,9.03%,16.9686,34754321.080302,54.44%,83909444.39,83747786.95
ADP,161652.8900000006,0.4756%,214.09,3.33%,213.5416,3462763.772877,54.75%,34153564.09,33991911.2
4704 JP,161150.0,16.7071%,0.0,0.00%,0.0,0.0,0.00%,1125712.0,964562.0
META,160754.93000000715,0.1318%,616.81,0.64%,618.7661,12307372.767222,-38.20%,122149217.81,121988462.88
SNAP,159084.0,1.0533%,5.98,-2.13%,5.9988,89579591.002767,18.75%,15262460.0,15103376.0
CDE,158686.0,0.2078%,18.12,-3.36%,18.8544,35883973.167507,44.76%,76507041.0,76348355.0
HON,157487.2100000009,0.3059%,216.07,-0.36%,215.9543,3573133.203687,-16.85%,51647648.07,51490160.86
XOM,156968.8900000155,0.0638%,146.58,-1.42%,146.0742,22509403.196732,9.66%,246141371.58,245984402.69
CMCSA,154934.80000001192,0.0532%,26.24,-0.76%,26.3385,34373784.900824,14.21%,291530562.24,291375627.44
ECL,153649.13000000082,1.1441%,256.55,-2.61%,258.2993,1860110.054122,9.98%,13583082.55,13429433.42
PM,152384.5799999982,0.2065%,171.11,0.34%,170.8496,4316247.547491,-5.33%,73940967.11,73788582.53
XYL,151776.05000000075,1.0414%,115.64,-2.49%,116.9021,2957171.40281,18.20%,14726632.64,14574856.59
APH,151676.15000000596,0.2117%,136.62,-1.34%,136.1502,9002706.582922,-14.54%,71801882.62,71650206.47
FCX,149943.7199999988,0.2008%,60.61,-0.46%,61.1703,18316123.648868,3.74%,74817728.61,74667784.89
BKNG,149275.9600000009,0.2570%,171.28,1.76%,171.7681,8120929.716692,-10.20%,58239038.28,58089762.32
CHD,148690.91999999806,0.8176%,93.88,-1.14%,94.0103,1518680.690425,-11.59%,18334473.88,18185782.96
WELL,148541.48000000417,0.3685%,212.95,-1.63%,212.2291,2732851.425604,17.35%,40458870.95,40310329.47
JCI,148383.1099999994,0.4494%,139.25,-2.72%,138.981,5939640.786985,-15.24%,33167568.25,33019185.14
CLX,147218.09999999963,1.3075%,92.11,2.33%,91.7899,3876888.764225,-21.80%,11406698.11,11259480.01
BBY,146906.84999999776,0.6266%,58.54,-0.26%,58.4869,3322803.555941,15.28%,23592617.54,23445710.69
BSX,146605.56999999285,0.1998%,56.57,1.02%,57.0475,25541289.598749,36.73%,73536345.57,73389740.0
VLY,145616.0,0.2303%,13.4,-1.90%,13.4962,4344383.205189,-28.42%,63383885.0,63238269.0
ADSK,143743.9600000009,0.7437%,251.04,3.27%,251.8902,2026633.574344,-2.25%,19471223.04,19327479.08
GEN,143312.62999999523,0.2928%,20.19,3.22%,20.0647,14260297.950506,51.13%,49094917.19,48951604.56
DAL,139390.76999999583,0.3804%,73.11,-0.31%,73.609,8301296.843515,-12.65%,36780588.11,36641197.34
PEP,139381.3300000131,0.1346%,156.29,0.21%,156.2837,4464045.085625,-15.72%,103676984.29,103537602.96
BTU,138815.0,0.6125%,24.07,-3.57%,24.2285,3466842.781113,-38.42%,22804001.0,22665186.0
SMCI,138464.9600000009,0.3558%,33.62,-3.00%,34.1183,61495297.79798,-51.70%,39055080.62,38916615.66
LLY,137925.91000000387,0.3500%,974.96,-1.22%,975.2174,3494856.183097,-10.87%,39546024.96,39408099.05
GS,136638.51999999955,0.4528%,925.87,-1.22%,928.8358,1715327.709028,-26.68%,30315896.87,30179258.35
CBRE,134950.5399999991,0.7279%,146.7,1.06%,146.7914,1828102.134407,4.23%,18674093.7,18539143.16
CVX,133152.34000000358,0.1099%,182.5,-1.44%,181.7621,12194041.220902,10.03%,121317092.87,121183940.53
STE,132900.23999999836,1.5296%,213.7,-0.35%,213.5426,557791.607762,-9.62%,8821734.7,8688834.46
600111 C1,132900.0,0.5036%,0.0,0.00%,0.0,0.0,0.00%,26522884.0,26389984.0
YCA LN,132899.0,0.4020%,0.0,0.00%,0.0,0.0,0.00%,33191080.0,33058181.0
WDC,132535.76000000164,0.4315%,463.91,-3.98%,462.2801,7162853.317041,-14.07%,30847199.91,30714664.15
BAC,131744.14999997616,0.0357%,52.75,-1.59%,53.0212,28682052.086555,4.14%,369633359.75,369501615.6
SLX AU,130799.0,0.4049%,0.0,0.00%,0.0,0.0,0.00%,32432934.0,32302135.0
SO,130489.92000001669,0.1465%,92.43,-1.15%,92.3811,6068099.660322,-4.25%,89218686.43,89088196.50999999
DHR,129510.73999999836,0.4579%,175.66,0.42%,175.0953,4481988.320436,-25.09%,28411210.66,28281699.92
MDT,129036.3600000143,0.1798%,77.96,0.46%,78.1376,10008263.957877,-12.80%,71904366.96000001,71775330.6
CVS,128575.5,0.1895%,87.36,0.58%,86.957,9388716.523553,-38.18%,67962127.36,67833551.86
RTX,126472.03999999166,0.1518%,176.78,0.02%,175.8705,5658926.266204,-7.22%,83429500.78,83303028.74000001
NDAQ,126444.80000000075,0.4793%,89.0,-0.22%,89.0076,2938976.98586,-25.64%,26507270.0,26380825.2
ABT,126410.71000000834,0.1366%,87.01,0.82%,87.2469,13272930.177989,6.56%,92678942.01,92552531.3
LOW,126131.50999999791,0.4840%,230.88,-1.07%,231.394,2175198.427257,-29.73%,26187445.88,26061314.37
CRGY,123164.0,0.3107%,12.44,-5.04%,12.4263,16675652.102067,108.19%,39766348.0,39643184.0
FLG,122959.0,0.3512%,14.29,-0.63%,14.3029,4121067.039111,-17.04%,35135894.0,35012935.0
A,122560.9600000009,0.7870%,118.65,0.82%,118.5926,2281358.095887,-16.57%,15695615.65,15573054.69
SHW,122549.58000000007,0.7308%,320.21,-1.06%,320.534,1828288.140795,-30.44%,16892488.21,16769938.63
SXC,121770.0,1.5291%,7.32,0.97%,7.2956,1880515.242342,-3.06%,8085275.0,7963505.0
FUU CN,121346.0,0.3068%,0.0,0.00%,0.0,0.0,0.00%,39676850.0,39555504.0
GEVO,119833.0,0.7307%,2.03,-0.98%,2.0063,4715213.843407,66.23%,16518965.0,16399132.0
NXE CN,119540.0,0.3070%,0.0,0.00%,0.0,0.0,0.00%,39063993.0,38944453.0
TXN,119387.80000001192,0.1401%,285.24,-1.45%,284.1157,7017919.187158,-31.07%,85340904.24000001,85221516.44
VG,116979.0,0.8098%,11.69,-2.58%,11.5056,18783022.238029,-0.43%,14562540.0,14445561.0
DECK,116416.80000000075,0.9464%,102.72,-1.15%,103.3011,1791317.127858,-16.26%,12417498.72,12301081.92
MNST,115431.76999999583,0.1646%,75.97,-1.59%,76.2518,6626134.955015,54.33%,70264009.97,70148578.2
LNG,114914.0,2.5238%,246.78,-5.60%,246.7632,5014903.946698,106.56%,4668075.0,4553161.0
SMR,114264.0,0.3532%,12.58,-6.95%,12.633,39193525.211994,-14.06%,32464307.0,32350043.0
INTU,113450.23000000045,0.4948%,406.78,4.69%,406.5987,2200436.938208,-2.58%,23040011.78,22926561.55
CARR,113027.3200000003,0.2951%,67.22,-1.00%,67.3366,7627351.113128,-0.48%,38412776.22,38299748.9
VICI,111571.1399999857,0.1371%,28.79,0.49%,28.7473,9162861.980015,55.73%,81493564.78999999,81381993.65
SYF,110625.85000000149,0.4048%,74.0,-1.53%,74.2618,2951779.639672,-22.08%,27440636.0,27330010.15
LAC,108768.0,0.5703%,5.66,-5.51%,5.804,13622578.721082,-22.46%,19181603.0,19072835.0
HBAN,108707.55000001192,0.0681%,16.19,-2.70%,16.2441,37697332.245448,150.87%,159709943.19,159601235.64
VNET,108600.0,1.9278%,8.96,-0.55%,8.8581,5129541.159325,-38.41%,5741858.0,5633258.0
DC,108592.0,1.3110%,5.83,2.82%,5.9258,1124412.780416,-15.93%,8391674.0,8283082.0
ACN,106813.61999999732,0.2780%,180.19,3.22%,179.254,6330372.323549,-7.27%,38532790.19,38425976.57
GE,105517.80000000447,0.1645%,302.63,-1.05%,304.2865,5477769.033046,-40.25%,64238588.63,64133070.83
BUKA,105213.0,0.5525%,0.0,0.00%,0.0,0.0,0.00%,19148753.0,19043540.0
SSW SJ,104189.0,0.3034%,0.0,0.00%,0.0,0.0,0.00%,34441171.0,34336982.0
MP,103826.0,0.6180%,69.13,-4.85%,70.2897,8668859.204961,0.82%,16904911.0,16801085.0
NXPI,103660.66999999806,0.3989%,290.22,-4.39%,291.4909,4957326.725442,10.44%,26089732.22,25986071.55
WDAY,103454.25,0.5411%,130.88,6.73%,130.7575,6015541.125198,28.54%,19223096.88,19119642.63
WY,102019.66000000387,0.2282%,23.7,-1.41%,23.829,5891688.696875,36.78%,44809115.7,44707096.04
STT,101798.54000000283,0.4984%,148.78,-1.63%,149.1535,2166531.599523,-8.11%,20526108.78,20424310.24
FAST,101621.65000000596,0.0944%,44.36,-0.78%,44.6098,7490899.546118,-31.79%,107755886.36,107654264.71
VOD,101182.0,0.3549%,15.69,-2.73%,15.7831,4758472.902713,9.57%,28614127.0,28512945.0
DUK,100794.33000000566,0.1615%,124.87,-0.53%,124.6812,3296394.476572,-44.57%,62503313.870000005,62402519.54
TGT,98833.68999999762,0.3280%,125.88,-3.31%,125.6609,7538992.2486,70.44%,30233278.88,30134445.19
VUL AU,98499.0,0.4849%,0.0,0.00%,0.0,0.0,0.00%,20413399.0,20314900.0
HYMC,98159.0,1.5387%,38.88,-2.21%,40.5219,3015524.840651,47.55%,6477362.0,6379203.0
GLW,97483.82999999821,0.2112%,182.4,0.46%,182.1684,20243072.55229,-38.62%,46253198.4,46155714.57
O,97032.77999998629,0.1328%,61.79,-3.47%,62.0526,13525038.839719,165.24%,73155009.78999999,73057977.01
SBUX,96892.81999999285,0.1228%,104.26,-2.05%,104.3757,9179250.751136,4.91%,78969673.25999999,78872780.44
AA,96739.0,0.3963%,62.64,-0.98%,63.3777,3682326.269633,-9.29%,24506398.0,24409659.0
CCC,96731.0,0.6283%,5.21,1.76%,5.26,11403485.964296,-3.33%,15492964.0,15396233.0
PPL,96546.8900000006,0.1605%,36.77,-0.30%,36.7146,7125698.671893,-24.80%,60240662.77,60144115.88
NTAP,96177.25999999978,0.6253%,113.0,1.13%,113.223,2029942.249865,-5.33%,15476859.0,15380681.74
PLD,95181.3900000006,0.1909%,142.29,-0.43%,142.8006,3902365.444346,17.47%,49944377.29,49849195.9
D,94984.96999999881,0.1599%,61.61,-0.05%,61.4872,3190756.011226,-37.92%,59482131.61,59387146.64
FNB,94572.0,0.2543%,17.92,-1.48%,17.9787,3450706.302973,-26.72%,37285375.0,37190803.0
WSM,94219.94999999925,1.0195%,183.42,-1.64%,183.183,819667.524648,-40.41%,9336144.42,9241924.47
ILU AU,93597.0,0.5093%,0.0,0.00%,0.0,0.0,0.00%,18470161.0,18376564.0
CDNS,93408.0,0.3449%,356.9,0.56%,358.0688,1870810.891092,-22.72%,27173641.9,27080233.9
CL,93185.20000000298,0.1859%,87.36,-0.91%,87.5587,5012868.98224,-13.10%,50229968.36,50136783.16
AES,93126.94999999553,0.1440%,14.29,-0.35%,14.2819,24319388.862251,70.45%,64768261.29,64675134.34
CNP,92802.91000000387,0.1821%,42.24,-0.21%,42.2465,4982436.51659,-29.70%,51055832.24,50963029.33
IRM,92799.75,0.4718%,126.81,-3.98%,127.5754,2182457.081107,30.10%,19760369.81,19667570.06
SAN,92594.0,0.3222%,12.18,-1.77%,12.2937,6624539.557181,-12.21%,28829322.0,28736728.0
BB,92350.0,0.5361%,6.1,1.84%,6.0138,27323907.883041,-0.73%,17317721.0,17225371.0
MKC,92223.41000000015,0.4666%,47.9,-1.22%,48.0351,4843560.723206,22.44%,19857564.9,19765341.49
ERIC,92049.0,2.8999%,11.76,-2.16%,11.8051,6652496.598686,-1.17%,3266218.0,3174169.0
PLUG,90961.0,0.1391%,3.13,-5.44%,3.1493,79475864.463197,33.25%,65464575.0,65373614.0
TRGP,90197.93999999762,0.5354%,252.44,1.18%,251.7511,1636937.527249,10.47%,16937447.439999998,16847249.5
1772 HK,90000.0,0.5376%,0.0,0.00%,0.0,0.0,0.00%,16831373.0,16741373.0
1357,90000.0,0.2737%,0.0,0.00%,0.0,0.0,0.00%,32967473.0,32877473.0
PR,88471.0,0.1594%,20.08,-5.33%,20.0331,26595731.055462,53.88%,55584521.0,55496050.0
ONB,88463.0,0.2468%,24.175,-1.61%,24.2714,1861357.432036,-49.73%,35925847.0,35837384.0
BR,88318.06000000052,1.0718%,152.89,0.04%,152.8356,1760619.735572,105.54%,8328523.890000001,8240205.83
IQV,88299.16999999993,0.9110%,178.64,1.23%,179.2397,1803269.223659,-1.86%,9780998.64,9692699.47
CHRW,88009.78000000119,1.0138%,171.37,1.65%,170.9337,1760656.36034,20.81%,8769108.370000001,8681098.59
TT,87765.63000000082,0.7098%,469.81,-3.76%,473.6868,1568178.556175,-14.25%,12451921.81,12364156.18
NXE,87549.0,0.4846%,12.38,-3.88%,12.4903,8514826.788663,14.96%,18152645.0,18065096.0
BKY SM,86817.0,0.2963%,0.0,0.00%,0.0,0.0,0.00%,29382578.0,29295761.0
SLI,86361.0,0.6000%,3.91,-2.98%,4.0413,1812166.987971,4.80%,14479561.0,14393200.0
DDOG,86226.01999999955,0.2787%,188.73,31.33%,185.8528,25969980.908747,215.57%,31021855.73,30935629.71
SVC,85243.0,0.3809%,1.54,-2.53%,1.5323,7956852.24323,30.72%,22465498.0,22380255.0
WALD,85213.0,6.7188%,1.4,15.70%,1.3187,771645.820092,0.24%,1353496.0,1268283.0
MA,84528.04999999702,0.1977%,500.94,1.84%,500.431,4964090.687256,13.77%,42837833.94,42753305.89
ACGL,84096.8200000003,0.3174%,94.52,-0.19%,94.5366,2236317.174486,-34.99%,26581447.52,26497350.7
CMI,83619.12000000011,1.0717%,682.88,-4.59%,689.2647,1169222.315308,-9.84%,7886304.88,7802685.76
HPQ,83573.58000001311,0.0934%,20.99,-1.96%,21.1583,19750866.864147,-2.75%,89606337.99000001,89522764.41
PEG,83301.47999999672,0.1986%,77.83,-1.92%,78.0232,3156815.256119,-6.30%,42027011.83,41943710.35
XEL,81417.88000001013,0.1213%,80.43,-0.15%,80.2938,6154870.242099,-8.18%,67225492.43,67144074.55
KEYS,81077.38000000082,0.8477%,355.06,-3.17%,357.6852,1190610.833086,25.91%,9645757.06,9564679.68
EL8 AU,80797.0,0.3069%,0.0,0.00%,0.0,0.0,0.00%,26410640.0,26329843.0
SRE,79520.89999999851,0.1767%,91.57,-2.24%,91.3122,4261043.592777,1.84%,45084204.57,45004683.67
HST,79509.99000000209,0.1402%,21.67,-0.05%,21.7775,13850148.111157,24.45%,56784531.67,56705021.68
600549 C1,79200.0,0.5106%,0.0,0.00%,0.0,0.0,0.00%,15591521.0,15512321.0
TWLO,78975.0,0.6462%,197.07,2.96%,197.7947,2588850.784955,-12.08%,12300885.0,12221910.0
BOE AU,78819.0,0.3068%,0.0,0.00%,0.0,0.0,0.00%,25771747.0,25692928.0
AEP,78769.19999999553,0.1558%,131.76,-0.60%,132.0345,3107193.36861,-26.82%,50624436.76,50545667.56
LYC AU,78660.0,0.5047%,0.0,0.00%,0.0,0.0,0.00%,15664196.0,15585536.0
CMC,78572.0,0.5409%,70.52,-2.26%,70.8123,761596.622224,-43.00%,14605228.0,14526656.0
TJX,78406.02999999374,0.1199%,154.48,-0.62%,154.8282,4674186.180588,-39.02%,65444852.48,65366446.45
GLO CN,77959.0,0.3069%,0.0,0.00%,0.0,0.0,0.00%,25484078.0,25406119.0
EBAY,75509.27000000328,0.2766%,106.42,-1.60%,107.0468,5680629.956575,-23.79%,27370354.42,27294845.15
BANC,75028.0,0.3238%,19.17,-1.13%,19.2405,2825800.11527,-10.12%,23247577.0,23172549.0
268,75000.0,0.2711%,0.0,0.00%,0.0,0.0,0.00%,27739686.0,27664686.0
WFC,74851.74000000954,0.0398%,79.16,-1.57%,79.1456,19094825.343165,33.09%,188103801.16,188028949.42
IP,74805.55999999493,0.1726%,33.08,-1.31%,33.3743,6412920.362963,-33.01%,43419452.08,43344646.52
PATH,73769.0,0.1988%,10.93,4.10%,10.9452,33927411.208107,6.64%,37181349.0,37107580.0
DOC,72673.15999999642,0.1090%,19.66,0.82%,19.4032,15362818.876368,-46.16%,66772876.66,66700203.5
DGX,72242.70999999996,1.0603%,190.84,0.90%,190.0536,739973.462265,-17.66%,6885713.84,6813471.13
SES,71683.0,0.8520%,0.921,-6.24%,0.9313,11076932.696173,-14.33%,8485377.0,8413694.0
APP,70756.04000000283,0.2830%,498.87,6.41%,488.8204,12597314.800746,58.36%,25077257.87,25006501.83
RIG,70338.0,0.1231%,6.17,-0.96%,6.1352,33872027.473439,-26.91%,57201534.0,57131196.0
SPGI,69393.1099999994,0.4685%,428.68,1.21%,428.6479,1840977.141399,-6.96%,14880750.68,14811357.57
TEAM,69226.0,2.4770%,92.37,4.02%,93.0826,12651813.188407,22.92%,2863998.0,2794772.0
KIM,69018.73000000417,0.1122%,23.53,-1.13%,23.5684,6439568.618116,50.01%,61596600.53,61527581.8
ELV,68907.20999999903,0.5901%,372.92,-0.48%,372.9727,1410408.33694,19.77%,11745240.92,11676333.71
FHN,68768.0,0.1314%,24.47,-2.39%,24.6122,3952124.301517,8.52%,52410034.0,52341266.0
ETR,68479.06000000238,0.1780%,112.02,-0.83%,112.1752,7808283.235172,-57.46%,38529366.02,38460886.96
RJF,68360.16000000015,0.6371%,153.53,-3.66%,154.0769,1423993.773882,39.97%,10797756.53,10729396.37
000725,67600.0,0.2339%,0.0,0.00%,0.0,0.0,0.00%,28971061.0,28903461.0
MGA CN,67037.0,0.3068%,0.0,0.00%,0.0,0.0,0.00%,21916851.0,21849814.0
MUX,66967.0,1.3186%,23.38,2.45%,24.2035,3432910.527399,123.09%,5145583.0,5078616.0
CSGP,66808.90999999642,0.1762%,34.98,2.67%,34.9917,7712372.112162,41.10%,37978740.98,37911932.07
UUUU,66752.0,0.3322%,23.35,-0.72%,24.4079,22692436.957893,63.51%,20159254.0,20092502.0
SOUN,66713.0,0.3656%,9.63,2.77%,9.296,50337392.488527,69.82%,18313176.0,18246463.0
1316 HK,66600.0,1.6692%,0.0,0.00%,0.0,0.0,0.00%,4056600.0,3990000.0
SM,66383.0,0.2017%,29.1,1.93%,28.6704,7112591.242636,10.61%,32981888.0,32915505.0
PNC,66096.86999999732,0.2969%,219.29,-1.41%,219.6102,1268578.511539,-4.40%,22330624.29,22264527.42
GM,66051.70999999344,0.1308%,78.41,-0.37%,78.5516,6735051.9656,23.92%,50581483.41,50515431.7
HOMB,65690.0,0.3257%,26.84,-0.70%,26.9307,1267602.594969,-8.86%,20233145.0,20167455.0
FE,65497.62000000477,0.1395%,45.17,-0.83%,45.0168,4963008.585207,-44.73%,47008428.17,46942930.55
CSX,65349.860000014305,0.0459%,44.46,-2.50%,44.6997,14880447.273879,51.80%,142383892.46,142318542.6
INVH,65338.22999999672,0.1349%,28.97,0.80%,28.9796,6316696.271542,16.80%,48507608.97,48442270.74
603067 C1,64900.0,0.5005%,0.0,0.00%,0.0,0.0,0.00%,13031035.0,12966135.0
TRMB,64499.4299999997,0.3780%,61.85,-2.48%,62.5513,3707238.541609,-16.06%,17126409.85,17061910.42
ASB,64333.0,0.3149%,28.47,-1.42%,28.5976,1583121.161844,-26.32%,20491546.0,20427213.0
HSBA,63984.0,0.5623%,0.0,0.00%,0.0,0.0,0.00%,11442507.0,11378523.0
ORLY,63234.79999999702,0.1001%,94.58,-0.21%,94.5828,4253096.289668,5.62%,63216154.58,63152919.78
NCLH,63185.46999999881,0.1904%,17.22,-2.99%,17.3631,25297222.825301,-19.89%,33245758.22,33182572.75
SASK CN,62866.0,0.3068%,0.0,0.00%,0.0,0.0,0.00%,20554956.0,20492090.0
SNPS,62840.77000000328,0.3429%,505.19,0.15%,509.146,1597072.921952,-14.47%,18391059.42,18328218.65
QBTS,62786.0,0.4112%,21.99,-7.72%,22.6165,25872971.045811,-34.72%,15330171.0,15267385.0
CRWD,62437.64999999851,0.3056%,505.72,8.04%,499.9293,5114477.805008,132.60%,20495103.72,20432666.07
EQT,61927.859999999404,0.1349%,56.22,-1.99%,56.1639,9948950.134692,29.43%,45974901.22,45912973.36
ISP,61602.0,0.2805%,0.0,0.00%,0.0,0.0,0.00%,22024982.0,21963380.0
CENX,60864.0,0.6048%,60.58,-3.26%,61.1107,1425606.666998,-29.32%,10124396.0,10063532.0
HWM,60711.109999999404,0.2039%,272.54,6.28%,273.2862,5793951.247324,35.13%,29829181.54,29768470.43
3690,60700.0,0.2565%,0.0,0.00%,0.0,0.0,0.00%,23722307.0,23661607.0
TALO,60197.0,0.2999%,14.92,-0.86%,14.8493,2548307.278454,-1.76%,20129796.0,20069599.0
BALL,60178.41000000015,0.3338%,58.41,-1.00%,58.8706,3658230.361441,-34.17%,18088880.41,18028702.0
SYY,60084.55000000447,0.1702%,72.88,-0.61%,72.6401,5008794.762853,15.74%,35366962.88,35306878.33
4475 JP,59400.0,16.8020%,0.0,0.00%,0.0,0.0,0.00%,412929.0,353529.0
PEN AU,58824.0,0.3068%,0.0,0.00%,0.0,0.0,0.00%,19233123.0,19174299.0
VRTX,58765.35000000149,0.2794%,425.0,-0.62%,426.015,1112655.539017,-7.46%,21094552.0,21035786.65
COLB,58669.0,0.2591%,29.56,-2.12%,29.7173,2331422.789024,-12.60%,22700294.0,22641625.0
1024,58500.0,0.2694%,0.0,0.00%,0.0,0.0,0.00%,21776726.0,21718226.0
HCC,58300.0,0.5199%,87.84,0.34%,88.1045,697171.995823,-9.09%,11271805.0,11213505.0
EBC,57956.0,0.5068%,19.96,-1.48%,20.048,1838806.657284,-14.80%,11494603.0,11436647.0
ICE,57681.710000000894,0.2051%,156.11,1.77%,155.3105,3549724.199745,14.34%,28177180.11,28119498.4
OKTA,57358.0,0.4213%,80.88,4.44%,81.2696,3695922.20135,24.49%,13671494.0,13614136.0
GDDY,57180.550000000745,0.5003%,89.75,5.34%,89.495,2636332.373938,54.40%,11487367.75,11430187.2
FULT,56910.0,0.2046%,21.45,-1.56%,21.5644,1377659.814446,-14.33%,27869735.0,27812825.0
RF,56635.739999994636,0.0681%,27.95,-0.92%,27.9414,14389146.827824,129.10%,83202553.95,83145918.21000001
EXTR,56574.0,0.3257%,23.52,-0.08%,23.4265,2485000.691068,-13.53%,17429128.0,17372554.0
NOG,54710.0,0.3435%,23.93,-3.23%,23.8781,2811920.806832,12.73%,15982670.0,15927960.0
U,54681.0,0.7070%,26.73,-2.02%,27.7945,32802150.887052,125.84%,7788625.0,7733944.0
EU,54477.0,0.3043%,1.87,-3.61%,1.9034,2094043.551493,-45.04%,17956193.0,17901716.0
IOT,54295.0,0.6145%,30.11,4.11%,30.339,5532891.952785,3.27%,8890337.0,8836042.0
PTC,53673.890000000596,0.5762%,147.65,7.96%,147.6943,3624178.702845,-11.65%,9368540.65,9314866.76
KR,53633.39999999851,0.1376%,66.41,0.61%,66.1211,4899061.168294,9.26%,39020392.41,38966759.01
VTR,52952.9299999997,0.1571%,86.55,-0.08%,86.3814,5148365.736554,13.63%,33764471.55,33711518.62
WAT,52806.95999999996,0.8206%,350.49,0.27%,347.4205,2014720.526163,8.03%,6487907.49,6435100.53
AEU AU,52718.0,0.3753%,0.0,0.00%,0.0,0.0,0.00%,14098396.0,14045678.0
CPRT,52364.489999994636,0.0767%,33.88,1.47%,33.8266,8767863.868236,49.49%,68304427.88,68252063.39
MRSH,52096.13000000268,0.2070%,166.03,1.30%,166.293,2928491.87788,-5.16%,25218965.03,25166868.9
CAG,52067.289999999106,0.0907%,14.36,2.06%,14.2881,14789406.688166,18.83%,57460390.36,57408323.07
DT,51982.0,0.2049%,40.37,5.65%,40.3455,5785587.021997,29.44%,25416187.0,25364205.0
THBEV,51696.0,0.6726%,0.0,0.00%,0.0,0.0,0.00%,7737428.0,7685732.0
ADM,51656.509999997914,0.1293%,77.53,-0.63%,77.6422,4879596.296125,-12.62%,40001212.53,39949556.02
CNC,51475.650000002235,0.1580%,54.98,-0.63%,55.1954,8815686.806917,10.35%,32620866.98,32569391.33
CNR,51439.0,0.5905%,88.56,0.90%,88.0647,1114962.035804,17.80%,8762352.0,8710913.0
S,51116.0,0.4417%,15.92,3.85%,15.902,9327463.175435,-2.28%,11624084.0,11572968.0
ADI,50949.890000000596,0.1093%,408.52,-1.71%,408.8246,3938176.129822,1.15%,46644803.52,46593853.63
MGY,50891.0,0.1941%,28.15,-1.75%,27.8265,4788555.879856,38.50%,26269044.0,26218153.0
SCHW,50460.34999999404,0.0603%,89.5,-2.88%,89.6273,14791981.790162,114.90%,83797779.5,83747319.15
CTSH,50393.609999999404,0.1136%,51.94,1.19%,52.0924,7547370.237687,-4.50%,44418130.94,44367737.33
LAR,50205.0,0.5967%,11.37,-0.52%,11.6211,4291840.016888,-11.40%,8463899.0,8413694.0
MUR,50111.0,0.3233%,38.27,-1.70%,37.7206,2802099.054809,-17.77%,15549297.0,15499186.0
CEG,50030.5,0.1750%,311.28,-3.56%,315.4837,2630163.667543,-15.15%,28634105.28,28584074.78
U-U CN,49407.0,0.3068%,0.0,0.00%,0.0,0.0,0.00%,16152310.0,16102903.0
METC,48969.0,1.2874%,14.77,-5.62%,15.0747,917572.611764,-0.98%,3852783.0,3803814.0
AUTL,48072.0,3.5709%,1.61,-5.29%,1.6251,1279697.392134,-41.11%,1394270.0,1346198.0
LI CN,47730.0,0.3093%,0.0,0.00%,0.0,0.0,0.00%,15479794.0,15432064.0
FORTUM FH,47649.0,0.4849%,0.0,0.00%,0.0,0.0,0.00%,9874336.0,9826687.0
NTNX,47482.0,0.2270%,45.93,6.49%,45.6371,4049419.048325,83.15%,20967592.0,20920110.0
2326 JP,47300.0,16.7216%,0.0,0.00%,0.0,0.0,0.00%,330167.0,282867.0
EQIX,47273.799999999814,0.9033%,1066.76,-1.95%,1068.9335,443884.860363,-18.63%,5280972.76,5233698.96
ZS,46961.0,0.6664%,152.79,10.06%,151.2421,3378967.80903,49.03%,7094239.0,7047278.0
EFR CN,46956.0,0.3067%,0.0,0.00%,0.0,0.0,0.00%,15354936.0,15307980.0
AR,46955.0,0.2080%,36.37,-1.28%,36.1827,5531099.746755,12.52%,22624064.0,22577109.0
PACB,46815.0,0.3582%,1.65,-3.51%,1.6819,6321819.228514,-15.96%,13116127.0,13069312.0
AUB,46599.0,0.2283%,37.82,-1.48%,37.9533,776848.344195,-23.82%,20458258.0,20411659.0
BARC,46377.0,0.5313%,0.0,0.00%,0.0,0.0,0.00%,8775989.0,8729612.0
PTEN,46214.0,0.0846%,11.41,-1.47%,11.3137,6521028.46595,-42.03%,54688663.0,54642449.0
FHB,46044.0,0.3089%,27.43,-0.69%,27.463,2522758.384782,-20.01%,14953899.0,14907855.0
OKLO,46036.0,0.2205%,71.83,-9.78%,74.5871,14637248.710074,-36.46%,20925257.0,20879221.0
FSLY,45717.0,0.7254%,19.5,-38.23%,19.9275,47577291.111146,182.67%,6347781.0,6302064.0
FFIV,45608.0,0.9685%,345.02,1.17%,344.2497,713653.239245,5.69%,4754583.02,4708975.02
CWAN,45446.0,0.3972%,24.3,0.12%,24.3158,7005633.61549,203.07%,11487298.0,11441852.0
EIX,45281.77000000328,0.1018%,68.57,-0.33%,68.5004,3172087.694013,54.57%,44531037.57,44485755.8
LOT AU,45236.0,0.3195%,0.0,0.00%,0.0,0.0,0.00%,14202752.0,14157516.0
CCO CN,45064.0,0.3070%,0.0,0.00%,0.0,0.0,0.00%,14725333.0,14680269.0
HOOD,44563.23000000417,0.0994%,76.28,-3.50%,76.8811,21873214.201004,-11.35%,44887603.28,44843040.05
TFC,44430.939999997616,0.0525%,49.74,-2.09%,49.9256,5339077.775792,6.87%,84658203.74,84613772.8
600456 C1,44400.0,0.5094%,0.0,0.00%,0.0,0.0,0.00%,8760973.0,8716573.0
GPC,44369.75999999978,0.3461%,105.25,-0.23%,105.5544,1342184.648821,0.14%,12863698.25,12819328.49
TTWO,44300.5,0.2205%,223.5,0.68%,224.3754,1901154.599787,2.77%,20136024.5,20091724.0
MSTR,44296.0,0.2391%,179.84,-3.74%,180.2659,15918054.991434,11.02%,18574132.0,18529836.0
IDXX,44004.96999999974,0.5641%,572.2,-1.21%,572.5366,758922.375343,14.08%,7845095.2,7801090.23
UBSI,43835.0,0.2281%,43.41,-0.71%,43.5304,769393.17846,4.39%,19258836.0,19215001.0
COST,43795.30999999866,0.1378%,1012.06,1.64%,1006.6188,2013993.436155,-23.11%,31823290.06,31779494.75
RRC,43395.0,0.2343%,40.86,-0.75%,40.6749,2881017.078581,-13.00%,18562246.0,18518851.0
CNX,43246.0,0.2644%,35.92,-1.72%,35.8831,1987899.478907,-5.20%,16397263.0,16354017.0
TMO,43187.51000000164,0.2585%,474.46,0.32%,472.9801,2533657.458876,36.11%,16752636.46,16709448.95
LTBR,43069.0,1.4070%,13.62,-4.95%,13.8977,940688.941439,-26.68%,3104074.0,3061005.0
VST,42992.66000000015,0.1855%,153.95,-2.74%,159.2476,7895796.858399,-3.87%,23213789.95,23170797.29
WEC,42793.83999999985,0.1422%,112.78,-1.02%,112.9354,1704495.860437,-14.04%,30130822.78,30088028.94
CRK,42772.0,0.3498%,14.8,-1.27%,14.7726,4066307.854996,-34.92%,12269790.0,12227018.0
C,42540.49000000954,0.0364%,129.09,1.17%,129.2009,18802331.98114,40.70%,116849876.09,116807335.6
ED,42418.51999999955,0.1386%,106.39,-0.45%,106.4036,3106227.983861,36.16%,30640843.39,30598424.87
NWBI,42262.0,0.2110%,13.83,-1.78%,13.8686,986507.625282,-1.99%,20069593.0,20027331.0
BAX,41964.510000005364,0.1096%,17.49,3.00%,17.434,6617783.815366,12.71%,38320834.49,38278869.98
QCOM,41823.98000000417,0.0366%,202.55,5.18%,205.3087,51092198.877716,69.50%,114222871.55,114181047.57
PYPL,41183.95000000298,0.0589%,46.22,-0.11%,46.5982,14081555.763538,-28.95%,70008816.22,69967632.27
FIBK,41162.0,0.3186%,36.25,-0.37%,36.3611,1480224.596217,21.36%,12962555.0,12921393.0
047040 KS,41151.0,0.3070%,0.0,0.00%,0.0,0.0,0.00%,13443219.0,13402068.0
9888,41135.0,0.2851%,0.0,0.00%,0.0,0.0,0.00%,14469896.0,14428761.0
CMS,41106.91000000015,0.1267%,73.96,-0.12%,73.9372,3132252.418995,-2.63%,32483713.96,32442607.05
NUVB,41071.0,0.3109%,4.81,-4.56%,4.876,4432489.01047,-30.00%,13250562.0,13209491.0
CVV CN,40893.0,0.3068%,0.0,0.00%,0.0,0.0,0.00%,13368247.0,13327354.0
MCO,40867.45999999903,0.4811%,457.1,1.89%,454.7796,1033490.569565,-15.06%,8535317.1,8494449.64
LAM CN,40850.0,0.3068%,0.0,0.00%,0.0,0.0,0.00%,13357853.0,13317003.0
3750,40700.0,45.1640%,0.0,0.00%,0.0,0.0,0.00%,130816.0,90116.0
GEHC,40412.610000006855,0.1041%,61.34,-0.64%,61.5223,3828357.850353,-28.56%,38858191.34,38817778.73
PBF,40301.0,0.3765%,40.59,-2.40%,40.0835,3183885.363182,-19.59%,10745322.0,10705021.0
EQR,40289.699999999255,0.1427%,65.86,-0.45%,65.9994,3924247.142417,40.09%,28270603.86,28230314.16
SFNC,40242.0,0.1957%,21.36,-1.07%,21.4578,876158.553938,5.58%,20601095.0,20560853.0
SYH CN,40205.0,0.3068%,0.0,0.00%,0.0,0.0,0.00%,13146290.0,13106085.0
326,40000.0,9.0909%,0.0,0.00%,0.0,0.0,0.00%,480000.0,440000.0
FERG,39604.0,1.1596%,246.53,-2.25%,248.5777,1265042.345108,-6.94%,3454821.0,3415217.0
BIIB,39499.70000000112,0.3845%,191.38,0.37%,190.8489,735692.697378,-0.99%,10313653.38,10274153.68
HYLN,39204.0,0.5139%,2.47,3.35%,2.4206,1515109.335866,0.02%,7667738.0,7628534.0
RMNI,39114.0,2.1822%,3.94,1.55%,3.9239,561304.215551,45.17%,1831547.0,1792433.0
RYZ,39049.0,1.1968%,26.43,-6.38%,26.6892,621489.737576,59.28%,3301785.0,3262736.0
TE,38858.0,0.3643%,5.15,-2.28%,5.135,10600601.98302,1.81%,10706228.0,10667370.0
CASY,38674.810000000056,1.6651%,850.95,-0.84%,844.2813,422876.668683,15.65%,2361321.95,2322647.14
000100,38600.0,0.2705%,0.0,0.00%,0.0,0.0,0.00%,14305934.0,14267334.0
ADRO,38421.0,0.1640%,0.0,0.00%,0.0,0.0,0.00%,23462055.0,23423634.0
BCP,38367.0,0.2964%,0.0,0.00%,0.0,0.0,0.00%,12983137.0,12944770.0
ABNB,37893.58000000194,0.1193%,140.46,0.41%,140.2554,7248337.019847,65.51%,31801967.46,31764073.88
CVBF,37852.0,0.1627%,20.51,-0.58%,20.562,1150546.21362,-19.75%,23303824.0,23265972.0
LNT,37767.38000000268,0.1408%,71.69,-0.86%,71.788,2914694.882335,-5.31%,26857450.69,26819683.31
FBP,37640.0,0.1742%,23.99,-1.19%,24.0773,1137760.429091,39.08%,21640623.0,21602983.0
GBCI,37532.0,0.2820%,48.79,-1.93%,49.0349,786860.93236,-20.98%,13347442.0,13309910.0
VISN,37473.0,0.4009%,11.9,-2.54%,11.8534,11525037.199568,17.70%,9385518.0,9348045.0
ELAN,37333.0,0.0871%,24.01,-8.29%,24.231,11810925.457791,-4.48%,42883789.0,42846456.0
VNOM,37294.0,0.2564%,46.98,-1.49%,46.7292,1651197.227726,-42.16%,14585356.0,14548062.0
BMN AU,37281.0,0.3067%,0.0,0.00%,0.0,0.0,0.00%,12191124.0,12153843.0
AEE,37018.1799999997,0.1791%,108.77,-0.75%,108.6255,1494861.00265,-42.49%,20701154.77,20664136.59
MRVL,36945.0,0.0675%,160.01,-7.05%,162.5157,23683553.592367,2.06%,54759189.0,54722244.0
CLNE,36719.0,0.4067%,2.31,3.12%,2.2688,1659138.681119,8.82%,9064521.0,9027802.0
OPAL,36626.0,1.0728%,2.34,2.63%,2.2994,140185.385444,5.59%,3450595.0,3413969.0
FRSH,36562.0,0.4070%,9.03,1.57%,9.0983,10571904.716195,-50.15%,9019662.0,8983100.0
BLND,36541.0,0.3443%,1.62,1.25%,1.6246,2931237.26351,44.89%,10648646.0,10612105.0
EU CN,36464.0,0.3069%,0.0,0.00%,0.0,0.0,0.00%,11916663.0,11880199.0
HOPE,36431.0,0.2141%,12.52,-0.87%,12.5775,917358.071717,17.97%,17055562.0,17019131.0
CMP,36356.0,1.1999%,28.24,6.73%,27.0647,1217881.191771,148.64%,3066207.0,3029851.0
GEV,36337.669999999925,0.2648%,1045.63,-6.55%,1065.4184,2588259.715762,13.38%,13756718.63,13720380.96
WKC,36296.0,0.3361%,26.9,0.34%,26.9426,800243.955509,-21.23%,10836624.0,10800328.0
EL,36072.61999999918,0.2416%,85.29,-1.59%,85.4967,3023316.744928,-19.29%,14965889.29,14929816.67
DCH,35948.0,0.1070%,5.78,-0.34%,5.7723,5750654.44607,35.06%,33626028.0,33590080.0
LVS,35821.560000002384,0.1709%,53.78,1.05%,53.8514,6454127.248002,9.30%,21001423.78,20965602.22
MCHP,35700.659999996424,0.0512%,101.58,-1.30%,101.1676,15859603.617345,15.22%,69830926.58,69795225.92
RR/,35648.0,0.4896%,0.0,0.00%,0.0,0.0,0.00%,7316384.0,7280736.0
CIEN,35550.97000000067,0.3853%,538.76,-6.59%,531.6529,3546930.875842,58.01%,9262254.76,9226703.79
CFFN,35494.0,0.1998%,7.82,-0.13%,7.8236,773696.39565,-3.92%,17802513.0,17767019.0
DASH,35399.38000000268,0.1246%,171.35,2.01%,171.7824,12003071.321051,32.06%,28435595.35,28400195.97
CAH,34946.789999999106,0.2106%,185.28,-3.24%,186.5463,3102882.818663,-29.95%,16628827.28,16593880.49
ZM,34902.0,0.5641%,108.36,3.07%,107.9468,4750595.896731,-23.18%,6221888.0,6186986.0
DOCU,34808.0,0.2118%,48.19,3.57%,48.3664,4380851.887488,74.51%,16469325.0,16434517.0
OTEX,34718.0,1.3774%,23.69,2.87%,23.8779,3502830.647223,94.68%,2555293.0,2520575.0
TSN,34614.85000000149,0.1603%,67.94,-0.22%,67.6569,2560225.608619,-1.26%,21624508.94,21589894.09
EXE,34513.490000002086,0.1786%,97.42,0.51%,96.9625,3046439.307834,-11.41%,19361664.42,19327150.93
LUMN,34152.0,0.0278%,8.46,-13.76%,8.8431,20863410.214117,-26.88%,122931271.0,122897119.0
8001 JP,34142.0,0.3070%,0.0,0.00%,0.0,0.0,0.00%,11156563.0,11122421.0
HRL,34121.04999999702,0.0960%,20.75,0.24%,20.7323,3622646.374237,-37.70%,35561280.75,35527159.7
BBVA,33877.0,0.3400%,21.87,-1.31%,22.0777,1693149.073396,75.88%,9997686.0,9963809.0
OZK,33803.0,0.2507%,48.33,-1.63%,48.5081,1009145.872728,11.32%,13515913.0,13482110.0
FSY CN,33712.0,0.3338%,0.0,0.00%,0.0,0.0,0.00%,10133626.0,10099914.0
CBSH,33407.0,0.2628%,52.48,-0.09%,52.5827,1134068.553688,-16.92%,12746364.0,12712957.0
LH,33366.109999999404,0.6788%,258.05,0.43%,257.6697,745962.194633,-30.04%,4948620.05,4915253.94
SBAC,33349.1799999997,0.4638%,218.62,0.08%,218.1814,553583.00395,-34.67%,7224498.62,7191149.44
HUM,33184.79000000004,0.4173%,247.12,0.32%,245.8252,1178544.47242,-23.71%,7985152.12,7951967.33
IT,33168.73000000045,0.5290%,157.78,4.46%,157.2901,2434222.70341,-5.26%,6303302.78,6270134.05
MTUS,33096.0,0.5119%,18.32,-3.93%,18.4013,320538.730688,-12.04%,6497846.0,6464750.0
WST,32864.45999999996,0.7304%,322.01,3.03%,321.172,1610527.352667,104.07%,4532437.01,4499572.55
WCC,32826.0,0.8107%,350.88,-3.37%,353.7493,728963.390208,-12.99%,4081951.0,4049125.0
FCF,32805.0,0.2377%,18.6,0.05%,18.6285,481896.955957,-39.69%,13831991.0,13799186.0
AXON,32702.030000001192,0.3970%,426.89,10.63%,421.813,2560580.715143,14.01%,8270571.890000001,8237869.859999999
NRG,32582.219999998808,0.1997%,141.86,-5.83%,143.2554,4355253.670844,12.04%,16344785.86,16312203.64
UBER,32515.560000002384,0.0318%,76.73,-3.08%,77.3825,26972252.996582,-24.62%,102319786.73,102287271.17
ZETA,32295.0,0.3816%,17.28,0.29%,17.3724,6822243.432639,-33.83%,8495255.0,8462960.0
OVV,32208.0,0.1486%,58.31,-2.65%,57.8977,6166220.163,-13.28%,21704406.0,21672198.0
LEU,32174.0,0.8376%,206.3,-10.82%,213.381,1286037.974121,-4.67%,3873489.0,3841315.0
KMI,32029.939999997616,0.0206%,31.52,-0.19%,31.3466,12182067.206794,-4.84%,155203993.51999998,155171963.57999998
STX,31897.019999999553,0.1934%,766.44,-2.54%,758.2092,4900945.750256,-12.04%,16528564.44,16496667.42
SOC,31835.0,0.4839%,12.83,-4.33%,12.8,3831682.516263,60.55%,6610015.0,6578180.0
DINO,31763.0,0.1837%,70.5,-0.82%,70.1377,2779226.361493,0.47%,17320460.0,17288697.0
FFIN,31511.0,0.2102%,32.39,-0.64%,32.4973,696891.061146,-23.83%,15025732.0,14994221.0
CBOE,31209.650000000373,0.4159%,338.65,-2.12%,337.7636,1030975.52119,0.36%,7535226.65,7504017.0
AWK,31165.519999999553,0.2044%,126.2,0.41%,125.9231,2098617.819104,26.49%,15275703.2,15244537.68
TROX,31031.0,0.2925%,8.42,-16.80%,8.8136,6198422.279992,12.36%,10639258.0,10608227.0
TMUS,30957.040000006557,0.0541%,194.2,0.54%,194.5056,3540086.757947,-38.47%,57200855.2,57169898.16
INR AU,30890.0,0.2387%,0.0,0.00%,0.0,0.0,0.00%,12973146.0,12942256.0
DXCM,30666.54999999702,0.0856%,60.91,0.91%,60.982,5080786.045167,-13.96%,35838403.91,35807737.36
175 HK,30600.0,0.7924%,0.0,0.00%,0.0,0.0,0.00%,3892100.0,3861500.0
DBX,30238.0,0.2199%,25.13,1.78%,25.248,4404271.149914,6.56%,13779631.0,13749393.0
HUBS,30204.0,2.0522%,243.72,3.64%,238.5379,2938517.008993,89.41%,1501974.0,1471770.0
ISRG,30055.759999997914,0.1091%,453.49,0.39%,455.3574,1563343.701814,-21.15%,27585780.49,27555724.73
UDR,30014.890000000596,0.0994%,36.93,-0.30%,37.0277,3582616.058618,-6.87%,30240227.93,30210213.04
DELL,29980.469999998808,0.1861%,230.27,-3.57%,231.5132,4848341.154481,-47.23%,16137670.27,16107689.8
MGM,29808.89999999851,0.2027%,38.11,-0.26%,38.0333,4898071.933715,16.19%,14737771.11,14707962.21
NLY,29697.0,0.0439%,22.38,-0.71%,22.355,5018575.525516,17.13%,67601583.0,67571886.0
WULF,29684.0,0.1672%,24.02,-6.68%,24.1534,36739288.235966,-18.55%,17778865.0,17749181.0
GDS,29520.0,1.8923%,43.62,-5.19%,43.7539,1558578.601956,-55.89%,1589495.0,1559975.0
BMNR,29518.0,0.4992%,22.0,-3.97%,22.0621,36938688.894822,0.85%,5942364.0,5912846.0
ALM,29235.0,0.5092%,19.82,-7.21%,20.2211,4862369.40332,1.28%,5771011.0,5741776.0
EVRG,29016.740000002086,0.1241%,82.73,2.15%,82.6093,3524477.753233,21.18%,23409369.73,23380352.99
2812,29000.0,0.9011%,0.0,0.00%,0.0,0.0,0.00%,3247236.0,3218236.0
DK,28975.0,0.7012%,44.7,-0.67%,44.3334,1557669.315656,8.43%,4161053.0,4132078.0
HLX,28814.0,0.1293%,9.83,-0.20%,9.7118,1996960.524157,4.57%,22309846.0,22281032.0
MTDR,28714.0,0.2866%,55.57,-3.79%,55.3938,2854091.4169,25.30%,10048995.0,10020281.0
MRNA,28499.75,0.1117%,48.54,-0.51%,49.4385,8496638.534259,93.53%,25545561.54,25517061.79
CXM,28383.0,0.1745%,5.45,3.81%,5.473,4612303.412165,6.39%,16297804.0,16269421.0
ATEN,28367.0,0.2437%,27.27,2.06%,27.2635,1561419.160302,83.38%,11669814.0,11641447.0
NOV,28021.0,0.0865%,19.3,-4.36%,19.5365,8825282.987399,53.41%,32419584.0,32391563.0
SLDP,28017.0,0.3079%,2.92,-12.71%,3.0291,13343835.151138,23.58%,9127727.0,9099710.0
CI,27943.05999999866,0.1977%,284.04,0.73%,283.6691,1201206.90903,-53.43%,14161615.04,14133671.98
WS,27776.0,0.5028%,40.43,-3.46%,40.8862,279832.685405,-6.43%,5552163.0,5524387.0
GPRE,27733.0,0.5845%,16.46,-3.01%,16.7613,3059773.358911,33.22%,4772097.0,4744364.0
LIN,27729.980000000447,0.0828%,493.85,-1.60%,495.5983,1937999.92264,-15.35%,33537941.85,33510211.87
CLMT,27659.0,0.5021%,34.61,0.32%,34.3072,1033685.504948,-28.20%,5535877.0,5508218.0
ROP,27589.179999999702,0.2603%,352.44,0.62%,353.585,966251.870344,-38.78%,10625501.44,10597912.26
3692 JP,27500.0,16.7173%,0.0,0.00%,0.0,0.0,0.00%,192000.0,164500.0
VYX,27384.0,0.1432%,8.09,15.08%,8.2223,5601301.808127,59.48%,19155060.0,19127676.0
NWG,27167.0,0.5499%,15.37,-1.54%,15.5003,3981243.131983,-1.27%,4967906.0,4940739.0
SGML,27034.0,0.5719%,23.65,3.50%,23.8996,2844321.317396,-37.52%,4754371.0,4727337.0
CANG,27000.0,2.7856%,0.55,0.92%,0.5236,638451.342278,-66.05%,996269.0,969269.0
SBCF,26922.0,0.2028%,31.04,-1.02%,31.1622,862741.13403,15.88%,13302550.0,13275628.0
USB,26878.15000000596,0.0255%,55.31,-1.51%,55.3563,11680379.475795,26.71%,105292079.31,105265201.16
MCHB,26801.0,1.0557%,14.62,-1.42%,14.7192,536112.87934,20.60%,2565464.0,2538663.0
BSY,26630.0,0.1980%,33.62,4.83%,33.8198,2763746.326019,-14.11%,13477172.0,13450542.0
3888,26600.0,0.2726%,0.0,0.00%,0.0,0.0,0.00%,9784778.0,9758178.0
KAP LI,26554.0,0.3781%,0.0,0.00%,0.0,0.0,0.00%,7048973.0,7022419.0
NABL,26521.0,0.2411%,5.15,-3.01%,5.2419,1263910.953222,28.08%,11025040.0,10998519.0
UCB,26405.0,0.1574%,33.56,-1.12%,33.6337,513145.45652,-20.43%,16798775.0,16772370.0
SHLS,26357.0,0.1753%,7.84,-5.88%,7.9491,6477436.422975,-3.82%,15059783.0,15033426.0
JBI,26298.0,0.5349%,5.23,-1.32%,5.2776,1115393.033077,-18.02%,4942986.0,4916688.0
EGY,25967.0,0.4669%,5.97,-1.16%,5.9213,1865102.86739,-9.96%,5587198.0,5561231.0
BLDP,25942.0,0.2519%,4.7,-1.67%,4.7268,9590862.213002,-36.89%,10324056.0,10298114.0
NIO,25806.0,0.4735%,5.87,-0.51%,5.9204,20374824.953269,-21.48%,5476228.0,5450422.0
AI,25787.0,0.3222%,9.58,-0.21%,9.6317,3573061.418332,-10.43%,8029334.0,8003547.0
TAP,25763.370000001043,0.1699%,43.13,0.87%,43.0404,3582901.085245,28.91%,15188122.13,15162358.76
NIU,25632.0,1.2475%,3.14,-1.57%,3.1459,190384.409645,13.92%,2080261.0,2054629.0
ENEL,25558.0,0.2072%,0.0,0.00%,0.0,0.0,0.00%,12362080.0,12336522.0
IONR,25552.0,1.3250%,4.01,-0.99%,4.0759,74149.078434,107.36%,1953935.0,1928383.0
SRTA,25531.0,1.0329%,5.34,0.19%,5.2868,1448202.749044,-33.50%,2497334.0,2471803.0
TEL,25460.890000000596,0.1626%,210.06,-2.83%,211.5569,2406179.595857,-20.87%,15685093.06,15659632.17
ASPN,25442.0,0.4737%,5.12,24.27%,5.2158,5397573.859882,192.63%,5395971.0,5370529.0
RGLD,25374.0,0.3083%,232.68,-1.77%,237.1692,1299165.983367,-4.72%,8256033.0,8230659.0
ROST,25323.570000000298,0.1017%,224.48,-1.94%,224.7861,2747291.309128,12.11%,24915829.48,24890505.91
DG,25247.10000000149,0.1772%,116.47,0.09%,116.1354,3211126.712839,9.57%,14269701.47,14244454.37
AVPT,25244.0,0.4017%,10.32,0.58%,10.4879,5164570.307401,150.43%,6309093.0,6283849.0
WBS,25101.0,0.1887%,72.69,-0.89%,72.9091,1482617.482805,-19.68%,13329130.0,13304029.0
BOX,25057.0,0.1318%,25.69,5.98%,25.6861,3735458.1796,99.55%,19039738.0,19014681.0
696,25000.0,0.2749%,0.0,0.00%,0.0,0.0,0.00%,9119226.0,9094226.0
TECH,24962.5,0.1944%,50.91,7.39%,49.6295,5147270.493349,-56.91%,12868137.91,12843175.41
FTI,24939.0,0.0659%,71.03,-3.94%,71.0246,3986927.033897,-10.78%,37892547.0,37867608.0
Q,24870.150000000373,0.1993%,143.59,-3.91%,145.0013,1953360.49226,5.03%,12505055.59,12480185.44
SYK,24826.900000002235,0.1445%,294.23,0.65%,295.3605,2648766.789747,-12.68%,17210007.23,17185180.33
688538,24800.0,0.2790%,0.0,0.00%,0.0,0.0,0.00%,8912785.0,8887985.0
NNE,24798.0,0.3403%,26.7,-8.15%,26.918,3695311.741501,-47.91%,7310947.0,7286149.0
TFSL,24682.0,0.8145%,15.05,-0.33%,15.0474,756228.45659,-10.93%,3054972.0,3030290.0
RCL,24643.789999999106,0.1608%,280.87,-2.16%,283.5785,3989535.977102,8.32%,15353923.87,15329280.08
SPG,24632.88999999687,0.1160%,201.4,-2.00%,201.8859,1409520.999642,24.74%,21255676.4,21231043.51
7201 JP,24570.0,1.6718%,0.0,0.00%,0.0,0.0,0.00%,1494203.0,1469633.0
1888,24500.0,0.2668%,0.0,0.00%,0.0,0.0,0.00%,9206591.0,9182091.0
AVTR,24188.0,0.0530%,8.31,-1.42%,8.3355,11258347.739651,36.36%,45675730.0,45651542.0
GWW,24178.240000000224,0.8187%,1234.1,5.49%,1249.3619,639744.636817,55.57%,2977335.1,2953156.86
FFBC,23982.0,0.1636%,30.43,-0.78%,30.5297,729387.654268,-21.18%,14681661.0,14657679.0
TPR,23925.68999999948,0.1799%,130.52,-12.30%,133.5247,6457815.84203,90.06%,13322120.52,13298194.83
NET,23925.0,0.3680%,256.79,3.30%,248.4211,8959550.337029,88.75%,6525710.0,6501785.0
ABX,23869.0,0.8105%,9.38,-0.64%,9.451,619600.05685,13.82%,2968760.0,2944891.0
PB,23855.0,0.2569%,69.42,-0.97%,69.5285,868071.099806,5.64%,9310517.0,9286662.0
BBT,23831.0,0.1953%,28.88,0.10%,28.9093,700658.087981,-13.64%,12224591.0,12200760.0
COR,23676.919999999925,0.1687%,255.66,1.16%,255.2884,3701204.256544,-52.90%,14060140.66,14036463.74
URC CN,23650.0,0.3066%,0.0,0.00%,0.0,0.0,0.00%,7737772.0,7714122.0
GTLB,23478.0,0.5933%,25.92,6.71%,25.765,5932910.200848,71.69%,3980489.0,3957011.0
ESRT,23423.0,0.3769%,5.61,-1.06%,5.645,3665828.540523,211.58%,6237323.0,6213900.0
WSBC,23255.0,0.3823%,34.2,-0.70%,34.2843,561370.407483,-22.29%,6105828.0,6082573.0
RBRK,23205.0,0.5368%,61.49,6.42%,61.6533,4841936.916504,52.07%,4346336.0,4323131.0
LZM,23140.0,0.8207%,5.63,1.08%,5.8053,865126.110403,33.58%,2842823.0,2819683.0
ATO,23094.099999999627,0.1427%,181.86,-1.57%,182.25,1868767.994291,106.06%,16208585.86,16185491.76
EXR,22951.419999999925,0.1508%,143.27,-0.40%,143.2202,1262556.048554,10.44%,15238590.27,15215638.85
CRC,22942.0,0.2053%,61.12,-0.55%,60.609,1402839.834915,-26.78%,11198880.0,11175938.0
ALVO,22892.0,2.5745%,3.2,-10.36%,3.2257,716609.670217,51.52%,912073.0,889181.0
PCAR,22859.539999999106,0.0596%,114.05,-2.11%,114.5703,2358444.876732,-17.82%,38387844.05,38364984.51
3858 HK,22800.0,0.5143%,0.0,0.00%,0.0,0.0,0.00%,4456400.0,4433600.0
EMR,22779.10000000149,0.0855%,141.09,-4.66%,142.1807,3938065.142399,-32.61%,26668799.09,26646019.99
KVYO,22699.0,1.6138%,15.77,-0.25%,15.9706,17366894.999436,-13.58%,1429215.0,1406516.0
BKU,22677.0,0.2078%,47.28,-1.36%,47.4728,469472.564348,-29.86%,10936198.0,10913521.0
4258 JP,22550.0,16.7486%,0.0,0.00%,0.0,0.0,0.00%,157188.0,134638.0
DTE,22403.55999999866,0.0808%,142.0,-0.31%,141.5565,2117956.958396,-15.69%,27758208.0,27735804.44
PARR,22376.0,0.2602%,62.25,-0.06%,61.1467,1442225.87659,-50.76%,8623462.0,8601086.0
LUV,22303.890000000596,0.0752%,41.39,-0.27%,41.4815,7481352.07591,-19.00%,29696409.39,29674105.5
COHR,22300.519999999553,0.2058%,319.19,-7.39%,322.0785,12673311.996783,30.38%,10856659.19,10834358.67
HPK,22205.0,2.6862%,5.59,-9.55%,5.3881,1893019.848686,120.50%,848838.0,826633.0
FTV,22185.5,0.1177%,60.9,0.83%,60.7456,2809928.76996,-33.41%,18873362.9,18851177.4
9698,21955.0,0.2579%,0.0,0.00%,0.0,0.0,0.00%,8534203.0,8512248.0
BBAI,21892.0,0.0947%,4.17,-4.58%,4.2276,39108638.750241,-40.93%,23134603.0,23112711.0
PFS,21889.0,0.1231%,22.48,-0.62%,22.5521,929481.545752,-38.04%,17800323.0,17778434.0
SNOW,21656.0,0.5427%,153.72,10.00%,152.882,13709339.790991,84.48%,4011826.0,3990170.0
CRWV,21536.0,1.3423%,128.84,-6.62%,128.6833,41365344.151812,29.93%,1625911.0,1604375.0
CPB,21507.289999999106,0.0746%,21.25,1.38%,21.1059,6256405.198057,2.81%,28841100.25,28819592.96
SOLV,21491.66000000015,0.2035%,71.65,0.93%,71.7507,1698578.27835,-36.78%,10581720.65,10560228.99
ROL,21452.199999999255,0.0883%,54.39,0.37%,54.3078,1994764.078708,-21.59%,24310076.39,24288624.19
VLO,21355.66000000015,0.0940%,236.35,-0.14%,232.8357,3826249.98695,-13.91%,22728183.35,22706827.69
OIS,21333.0,0.7552%,8.9,-0.11%,8.8556,1168755.040546,-33.83%,2846154.0,2824821.0
DE,21296.89999999851,0.1863%,580.54,-1.88%,583.164,828920.052583,-15.73%,11451867.54,11430570.64
OCFC,21031.0,0.7089%,18.88,-0.84%,18.9638,481327.47214,-28.37%,2987592.0,2966561.0
BYND,21017.0,0.1327%,0.8928,-14.15%,0.8924,89479269.679825,-16.20%,15862529.0,15841512.0
WAL,21006.0,0.2023%,82.31,-1.22%,82.4752,761048.37078,-30.71%,10406922.0,10385916.0
EVC,20991.0,0.9492%,6.95,-9.62%,7.1641,5773172.750417,-85.69%,2232524.0,2211533.0
ALNY,20983.0,0.2838%,295.91,-2.34%,296.8598,1144021.111885,13.01%,7413596.0,7392613.0
ARE,20898.75,0.1398%,45.58,-0.55%,45.9073,3025499.550838,-24.07%,14966054.58,14945155.83
STLD,20893.070000000298,0.2084%,232.92,-3.69%,234.1938,1142248.612373,17.58%,10045545.92,10024652.85
BDX,20826.5,0.1250%,153.26,5.87%,152.3201,6344336.275509,83.64%,16676506.26,16655679.76
YUM,20819.230000000447,0.1255%,157.25,0.79%,157.0393,1597890.351817,-34.22%,16615039.25,16594220.02
ENVX,20796.0,0.2590%,6.42,-4.04%,6.4451,4951626.652638,-39.00%,8049908.0,8029112.0
TBBK,20785.0,0.3216%,59.5,-1.64%,59.8406,303165.44133,-34.72%,6483259.0,6462474.0
HWC,20709.0,0.2175%,68.11,-0.76%,68.1652,1099681.360744,105.98%,9540034.0,9519325.0
TTI,20667.0,0.2957%,9.77,-0.91%,9.842,1711885.522148,-1.03%,7008998.0,6988331.0
COTY,20603.0,0.0717%,2.5,-5.66%,2.5045,11078957.226404,-38.79%,28768321.0,28747718.0
BRK.B,20586.0,0.0544%,475.08,1.12%,474.4427,5899549.829048,3.52%,37878811.0,37858225.0
REGN,20352.049999999814,0.2471%,709.1,-1.66%,710.8493,774679.909094,4.71%,8255548.1,8235196.05
HSY,20330.650000000373,0.2187%,187.06,0.35%,186.1762,1833366.059122,-23.67%,9317280.06,9296949.41
PD,20243.0,0.4823%,7.41,8.18%,7.5054,2560258.975135,73.10%,4217078.0,4196835.0
TOWN,20233.0,0.5664%,34.83,0.20%,34.8707,399524.725287,-23.45%,3592509.0,3572276.0
FIS,20166.280000001192,0.0703%,47.25,2.78%,46.8492,9359122.013784,-16.63%,28719572.25,28699405.97
TENB,20145.0,0.2778%,21.54,1.80%,21.6615,3493835.817888,-11.21%,7271840.0,7251695.0
PAYX,20090.880000002682,0.0671%,94.26,3.15%,94.1332,3964920.45348,-4.24%,29958088.26,29937997.38
1519,20087.0,0.4570%,0.0,0.00%,0.0,0.0,0.00%,4415280.0,4395193.0
HCA,20063.569999999367,0.2408%,429.02,-0.10%,429.8893,774447.725317,-29.08%,8353336.02,8333272.45
MAR,20057.98999999836,0.1193%,352.05,-1.95%,352.9644,1209083.36253,-38.70%,16834057.05,16813999.060000002
SNDK,20042.980000000447,0.1659%,1339.96,-4.97%,1340.6082,16243342.531158,-23.08%,12103354.96,12083311.98
AIG,19969.73999999836,0.0666%,76.43,-1.62%,76.6673,2802837.40273,-36.12%,30012740.43,29992770.69
ASAN,19928.0,0.4733%,7.05,3.22%,7.0907,5029800.926245,-36.44%,4230695.0,4210767.0
PPG,19901.39999999851,0.1174%,108.93,-2.33%,109.6296,2139987.341656,-19.78%,16968187.93,16948286.53
RNST,19718.0,0.1525%,40.18,-1.11%,40.2171,525457.089199,-7.12%,12947893.0,12928175.0
RS,19703.0,0.4294%,369.1,-1.96%,370.3376,354094.452234,-7.93%,4608319.0,4588616.0
APG,19661.0,0.0653%,44.63,-3.65%,44.9515,2562359.411764,-16.58%,30141026.0,30121365.0
VRNS,19635.0,0.2926%,28.68,3.88%,28.6463,2622133.134265,-19.92%,6729639.0,6710004.0
BTBT,19592.0,0.0848%,1.83,-5.18%,1.8186,24631726.970663,-30.21%,23116194.0,23096602.0
RKLB,19512.0,0.0933%,78.58,-7.17%,80.8246,22942886.796072,16.00%,20929228.0,20909716.0
REG,19449.77999999933,0.1252%,77.86,-1.54%,77.8991,2779024.889942,116.77%,15549275.86,15529826.08
BKV,19421.0,1.0042%,28.95,-3.02%,28.8315,1911802.714226,77.50%,1953362.0,1933941.0
APLD,19399.0,0.1513%,41.53,-6.13%,41.6973,25434911.859266,-22.19%,12838246.0,12818847.0
CFG,19285.60000000149,0.0499%,64.22,-2.13%,64.5923,4656065.282933,-9.65%,38692100.22,38672814.62
CABK,19282.0,0.5807%,0.0,0.00%,0.0,0.0,0.00%,3339964.0,3320682.0
ACDC,19219.0,1.9433%,6.58,-7.71%,6.4894,2503269.670333,77.57%,1008182.0,988963.0
WAFD,19213.0,0.1581%,35.67,0.08%,35.7557,544756.76903,-12.05%,12172898.0,12153685.0
WTRG,19179.0,0.0759%,37.7,0.43%,37.506,2042511.533285,-39.31%,25287639.0,25268460.0
NUE,19160.479999998584,0.1243%,226.7,-3.21%,227.2072,1766982.164767,44.77%,15427890.7,15408730.22
SHOP,19142.0,0.0574%,111.74,5.97%,109.8211,22724846.532418,-7.78%,33396503.0,33377361.0
900926,19100.0,0.2751%,0.0,0.00%,0.0,0.0,0.00%,6961443.0,6942343.0
ADEA,19049.0,0.1281%,27.42,-5.97%,27.6924,2350140.079462,-19.02%,14889536.0,14870487.0
BUSE,19045.0,0.3933%,26.59,-0.51%,26.6775,668418.833266,6.67%,4861633.0,4842588.0
1347,19000.0,0.2770%,0.0,0.00%,0.0,0.0,0.00%,6879038.0,6860038.0
STZ,18944.960000000894,0.2125%,150.25,-1.34%,150.1387,1662304.491714,12.11%,8935902.25,8916957.29
BX,18745.640000000596,0.0498%,122.33,-1.89%,122.7498,5131408.074653,5.79%,37668094.33,37649348.69
ISO CN,18745.0,0.4001%,0.0,0.00%,0.0,0.0,0.00%,4703553.0,4684808.0
INGA,18708.0,0.3317%,0.0,0.00%,0.0,0.0,0.00%,5659592.0,5640884.0
VRT,18703.08999999985,0.0842%,340.01,-5.27%,342.961,5458124.305211,-2.24%,22223136.01,22204432.92
1211 HK,18700.0,0.2558%,0.0,0.00%,0.0,0.0,0.00%,7329659.0,7310959.0
KKR,18690.55000000447,0.0462%,100.34,-0.45%,100.3311,6282041.581154,22.69%,40504409.34,40485718.79
PNFP,18663.0,0.1276%,98.66,-1.01%,98.7714,1046357.397296,-28.29%,14649849.0,14631186.0
CALX,18624.0,0.2454%,43.52,-1.85%,43.7559,713419.38219,5.58%,7606423.0,7587799.0
UMBF,18621.0,0.1943%,131.17,-2.08%,132.1615,694719.484426,-6.56%,9600265.0,9581644.0
ACIW,18509.0,0.1364%,46.65,7.81%,46.5241,1323939.794133,51.89%,13592908.0,13574399.0
200725,18500.0,0.2743%,0.0,0.00%,0.0,0.0,0.00%,6762099.0,6743599.0
BF.B,18469.0,0.3311%,27.38,1.48%,27.3244,5589488.902398,35.80%,5597071.0,5578602.0
QS,18426.0,0.2531%,7.35,-7.55%,7.4954,22892249.194052,-0.06%,7299688.0,7281262.0
TTEK,18411.0,0.0848%,30.69,-1.06%,30.8719,2727734.799164,-24.04%,21733847.0,21715436.0
PINS,18410.0,0.0428%,21.55,1.84%,21.7017,27504447.575915,-14.07%,42985139.0,42966729.0
PLAB,18407.0,0.2151%,50.36,-3.32%,50.6907,690436.744723,-7.56%,8575057.0,8556650.0
CTKB,18394.0,0.1270%,4.92,-0.40%,4.9141,781097.333835,40.92%,14503088.0,14484694.0
BRKB,18336.25,0.0411%,0.0,0.00%,0.0,0.0,0.00%,44670857.08,44652520.83
PCOR,18262.0,0.5234%,53.51,1.04%,53.5252,4359645.826053,-11.56%,3507223.0,3488961.0
ADAM,18205.0,0.1048%,8.72,-1.25%,8.7563,706238.682051,6.32%,17392178.0,17373973.0
CEZ CP,18200.0,0.4849%,0.0,0.00%,0.0,0.0,0.00%,3771749.0,3753549.0
ZION,18160.0,0.1374%,62.73,-1.97%,63.0161,1383438.530393,-38.66%,13235090.0,13216930.0
AU,18107.0,0.3201%,100.23,1.65%,101.1467,4734967.663191,67.23%,5674449.0,5656342.0
PTT-R,18100.0,0.1239%,0.0,0.00%,0.0,0.0,0.00%,14629668.0,14611568.0
MDB,18074.0,1.5116%,293.42,10.62%,295.7643,3614403.656967,330.63%,1213800.0,1195726.0
SSB,18073.0,0.2299%,97.36,-1.31%,97.6442,761879.091466,-16.13%,7878501.0,7860428.0
IGO AU,18059.0,0.4124%,0.0,0.00%,0.0,0.0,0.00%,4396878.0,4378819.0
OTIS,18040.759999997914,0.0864%,77.47,0.99%,77.8986,5518603.733406,42.62%,20901445.47,20883404.71
TDC,18025.0,0.1431%,29.63,-2.15%,30.0826,4693459.449313,-9.49%,12613664.0,12595639.0
AKAM,18022.699999999255,0.1768%,116.69,-4.34%,120.2691,10595205.12728,77.20%,10211720.69,10193697.99
6285 TT,18000.0,1.6455%,0.0,0.00%,0.0,0.0,0.00%,1111900.0,1093900.0
NCNO,17954.0,0.7588%,17.78,1.95%,17.8828,1948813.964729,-22.87%,2384125.0,2366171.0
ETN,17751.759999997914,0.0952%,399.15,-5.28%,402.6669,3589987.63787,9.13%,18654790.15,18637038.39
CTAS,17705.679999999702,0.0604%,170.04,0.40%,170.2453,1837009.558596,-45.30%,29338864.04,29321158.36
AVB,17702.349999999627,0.1674%,185.79,-0.35%,185.8508,1560163.026036,66.47%,10591966.79,10574264.44
HLT,17619.79000000097,0.1361%,320.3,-0.38%,320.8108,1433280.494037,-20.33%,12961450.3,12943830.51
2382,17600.0,0.2358%,0.0,0.00%,0.0,0.0,0.00%,7481769.0,7464169.0
2317 TT,17500.0,0.1620%,0.0,0.00%,0.0,0.0,0.00%,10821900.0,10804400.0
SOFI,17411.0,0.0887%,16.0,-1.84%,16.1003,58428781.963423,4.28%,19647231.0,19629820.0
HTH,17391.0,0.2577%,38.25,0.34%,38.3401,322783.106119,41.57%,6765478.0,6748087.0
AM,17368.0,0.0521%,21.24,0.38%,21.0927,2708521.140289,-17.18%,33329724.0,33312356.0
AMKR,17219.0,0.1783%,72.27,-6.41%,73.1735,4569681.830787,-13.65%,9676084.0,9658865.0
PWR,17216.490000000224,0.1925%,750.73,-4.39%,751.6697,1979915.723946,63.18%,8962793.73,8945577.24
LSPD,17204.0,1.9880%,9.78,3.82%,9.7905,788577.547482,17.06%,882599.0,865395.0
IR,17203.85000000149,0.0902%,77.5,-1.46%,77.7832,3832950.325138,-20.95%,19096456.5,19079252.65
BRZE,17081.0,0.4367%,22.6,3.01%,22.5989,4280164.035295,-4.41%,3928580.0,3911499.0
CCJ,17052.0,0.4753%,118.71,-4.08%,120.2422,3121503.619769,-18.83%,3604474.0,3587422.0
GD,17049.48999999836,0.0965%,347.76,0.14%,346.5154,1361446.73742,-13.10%,17679241.759999998,17662192.27
EGBN,17041.0,0.4292%,26.21,-1.13%,26.2901,169772.509324,-33.65%,3987187.0,3970146.0
PEGA,17033.0,0.2008%,36.73,0.99%,36.9868,1930698.582342,7.00%,8498516.0,8481483.0
EOSE,17023.0,0.1317%,6.36,-2.75%,6.457,21734399.58473,19.11%,12943191.0,12926168.0
DLTR,17015.25,0.1363%,96.76,0.26%,96.6212,4145858.389699,9.54%,12499490.76,12482475.51
2886,17000.0,0.2799%,0.0,0.00%,0.0,0.0,0.00%,6090420.0,6073420.0
ACRS,16965.0,0.3812%,4.86,1.67%,4.7272,1136673.438922,13.97%,4467519.0,4450554.0
YOU,16920.0,0.1347%,58.17,-4.55%,58.0201,3089402.017564,3.38%,12574142.0,12557222.0
FISV,16844.699999999255,0.0598%,56.81,1.25%,57.0342,7149820.381173,-28.68%,28202817.81,28185973.11
NN,16839.0,0.3925%,19.51,0.93%,19.3742,1393968.822989,15.00%,4306815.0,4289976.0
NRGV,16776.0,0.2380%,4.15,-1.43%,4.0773,3916711.080611,-52.86%,7066231.0,7049455.0
ARI,16709.0,0.0800%,10.91,-0.37%,10.9401,1030919.119153,13.81%,20910958.0,20894249.0
AURA,16709.0,0.7621%,8.2,-1.09%,8.2153,404746.077173,-63.30%,2209269.0,2192560.0
HLMN,16663.0,0.2361%,7.88,-0.76%,7.9294,975457.5255,-3.42%,7075523.0,7058860.0
LHX,16541.980000000447,0.1076%,301.18,-0.34%,301.3189,1674154.345562,-26.65%,15385292.18,15368750.2
IRT,16531.0,0.0690%,16.37,-0.30%,16.4565,3509412.462037,47.07%,23984864.0,23968333.0
EUR AU,16490.0,0.2007%,0.0,0.00%,0.0,0.0,0.00%,8232987.0,8216497.0
MLI,16401.0,0.1589%,137.76,-0.98%,138.6928,664998.893393,4.61%,10334937.0,10318536.0
BF/B,16392.0,0.2150%,0.0,0.00%,0.0,0.0,0.00%,7640617.0,7624225.0
CIFR,16376.0,0.0952%,20.685,-5.59%,20.4695,25929762.065429,-40.12%,17216996.0,17200620.0
AX,16238.0,0.2040%,87.67,-0.41%,87.959,336431.044719,-25.41%,7976228.0,7959990.0
ON,16235.839999996126,0.0423%,100.61,-4.88%,102.071,19234105.838069,-14.05%,38374898.61,38358662.77
PSA,16205.349999997765,0.0562%,309.33,0.11%,308.3793,691393.946192,-27.43%,28831565.33,28815359.98
EFC,16202.0,0.0824%,13.59,0.15%,13.5335,1703247.81424,-41.88%,19679284.0,19663082.0
BXP,16191.620000001043,0.1080%,59.46,-0.64%,59.72,1861318.273235,-15.17%,15005095.46,14988903.84
AOS,16188.169999999925,0.1550%,60.23,-1.36%,60.2151,1973022.423185,6.20%,10460573.23,10444385.06
GMAB,16098.0,0.4575%,27.06,-2.98%,27.4762,3498109.723612,140.92%,3534683.0,3518585.0
RUM,16096.0,0.3566%,7.47,-7.20%,7.6247,2419011.652413,-36.63%,4530182.0,4514086.0
CNM,16078.0,0.1019%,49.66,-1.99%,50.1483,1538773.973927,-35.00%,15796856.0,15780778.0
ESI,15941.0,0.0698%,42.27,-4.45%,42.6988,4063896.366253,34.32%,22840457.0,22824516.0
FLEX,15906.0,0.0555%,133.01,-1.28%,134.7525,11002043.611843,-41.57%,28677555.0,28661649.0
AMPX,15873.0,0.3016%,16.11,-27.40%,16.6234,30554272.925638,299.41%,5279228.0,5263355.0
LII,15828.239999999758,0.5929%,526.61,-2.73%,531.625,494379.975283,28.86%,2685255.61,2669427.37
RYAM,15769.0,0.6087%,9.15,-6.82%,9.3076,1498754.84273,7.83%,2606225.0,2590456.0
MSI,15679.539999999106,0.1559%,433.2,-0.11%,432.8876,1121080.965232,-22.23%,10072123.2,10056443.66
KALU,15644.0,0.5211%,176.16,-2.36%,178.0188,268652.059591,41.01%,3017514.0,3001870.0
RIOT,15631.0,0.0910%,24.11,1.73%,23.6103,26355529.470761,-29.32%,17188854.0,17173223.0
688469,15630.0,0.2783%,0.0,0.00%,0.0,0.0,0.00%,5631861.0,5616231.0
053800 KS,15626.0,6.5169%,0.0,0.00%,0.0,0.0,0.00%,255402.0,239776.0
STWD,15619.0,0.0542%,18.05,-1.53%,18.0979,3768248.366445,48.76%,28844265.0,28828646.0
TIC,15598.0,0.2190%,10.01,-2.91%,10.2609,3587006.865869,-49.71%,7138740.0,7123142.0
RPD,15532.0,0.3216%,6.71,2.13%,6.7336,2010456.407592,-42.45%,4844758.0,4829226.0
IBE,15512.0,0.1510%,0.0,0.00%,0.0,0.0,0.00%,10287240.0,10271728.0
BILL,15510.0,0.2363%,37.66,1.59%,38.1656,5138875.312949,164.99%,6579729.0,6564219.0
300014 C2,15500.0,0.2094%,0.0,0.00%,0.0,0.0,0.00%,7418472.0,7402972.0
2382 TT,15500.0,8.5312%,0.0,0.00%,0.0,0.0,0.00%,197187.0,181687.0
002176 C2,15500.0,0.2122%,0.0,0.00%,0.0,0.0,0.00%,7321640.0,7306140.0
KRG,15486.0,0.0726%,26.72,0.26%,26.701,4715337.305918,99.74%,21332487.0,21317001.0
ALKT,15446.0,0.5074%,17.43,4.06%,17.5852,2582356.846842,8.83%,3059849.0,3044403.0
PDD,15335.0,0.0778%,101.51,-0.78%,101.6667,6191485.131819,-36.76%,19725596.0,19710261.0
MCK,15276.089999999851,0.2184%,754.76,1.49%,745.1038,2020750.741754,-29.77%,7011193.76,6995917.67
CDW,15275.199999999255,0.1702%,110.2,1.10%,110.5645,4067282.771398,-35.74%,8988591.2,8973316.0
ADTN,15256.0,0.3944%,14.55,-7.38%,14.6632,3014298.660247,9.37%,3883897.0,3868641.0
EWBC,15177.0,0.1303%,121.93,-2.63%,122.3498,1217073.945093,55.86%,11661147.0,11645970.0
KRNY,15117.0,0.4389%,8.08,-0.43%,8.116,202241.233681,-51.78%,3459649.0,3444532.0
GPGI,15093.0,0.2210%,12.94,-25.89%,13.2551,16474906.721265,403.18%,6845277.0,6830184.0
300207 C2,15000.0,0.2104%,0.0,0.00%,0.0,0.0,0.00%,7144691.0,7129691.0
ABCB,14986.0,0.1645%,86.33,-1.07%,86.5917,267105.09375,-37.97%,9127262.0,9112276.0
AROC,14983.0,0.0602%,38.1,-2.56%,37.8222,2007896.690817,-33.03%,24886430.0,24871447.0
7011 JP,14921.0,0.3065%,0.0,0.00%,0.0,0.0,0.00%,4883014.0,4868093.0
HLIT,14921.0,0.1065%,12.28,0.82%,12.2352,1879556.205177,-0.98%,14026005.0,14011084.0
RVTY,14866.759999999776,0.1917%,98.85,-0.24%,99.3608,2004990.027596,-33.48%,7771862.85,7756996.09
BNL,14739.0,0.0608%,19.86,-0.10%,19.8761,2195865.54127,11.92%,24267586.0,24252847.0
FRME,14690.0,0.4886%,40.51,-0.49%,40.6329,262903.301633,-19.70%,3021172.0,3006482.0
ATYR,14625.0,0.4556%,0.9218,-11.37%,0.9433,1257208.423479,-69.95%,3224940.0,3210315.0
NBHC,14563.0,0.2458%,42.81,-0.35%,42.9251,313224.018084,53.55%,5940077.0,5925514.0
LBRT,14538.0,0.0600%,31.68,-2.43%,31.4282,3233524.739568,9.55%,24228752.0,24214214.0
HBNC,14523.0,0.5826%,18.56,-0.32%,18.5837,247355.68573,2.08%,2507331.0,2492808.0
002709 C2,14500.0,0.2139%,0.0,0.00%,0.0,0.0,0.00%,6793685.0,6779185.0
FIVN,14448.0,0.4273%,22.2,1.37%,22.6468,3095467.759195,-43.28%,3395628.0,3381180.0
AMTB,14412.0,0.8337%,23.38,0.04%,23.4201,168481.63982,-35.77%,1742989.0,1728577.0
GWRE,14364.0,0.2062%,139.58,6.48%,140.2889,1290459.93181,-17.36%,6980468.0,6966104.0
ESTC,14344.0,0.5585%,51.62,5.11%,52.0152,2455792.393444,97.98%,2582593.0,2568249.0
3396,14300.0,0.2747%,0.0,0.00%,0.0,0.0,0.00%,5219164.0,5204864.0
CVI,14244.0,0.2760%,32.58,-0.64%,32.1928,928240.763614,-18.48%,5174858.0,5160614.0
PAGS,14116.0,0.2253%,10.12,-2.79%,10.2239,4056160.554532,17.12%,6278189.0,6264073.0
VERX,14086.0,0.4640%,14.67,15.88%,14.5125,3839085.375531,85.11%,3049597.0,3035511.0
SOLS,14006.0,0.1342%,77.76,-5.18%,79.4792,2444861.98246,-57.74%,10448421.0,10434415.0
OXY,13999.819999992847,0.0268%,53.94,-2.14%,53.8499,18219345.680413,-11.97%,52322282.94,52308283.120000005
COF,13949.190000005066,0.0286%,192.59,-0.42%,192.2874,5605384.604317,27.24%,48727690.59,48713741.4
GRMN,13938.080000000075,0.1357%,241.9,-0.38%,242.1231,988103.41675,19.15%,10284254.9,10270316.82
ADPT,13906.0,0.2019%,14.69,1.80%,14.5957,1950183.826592,-60.20%,6902192.0,6888286.0
AIBG,13886.0,0.4532%,0.0,0.00%,0.0,0.0,0.00%,3077940.0,3064054.0
CATY,13873.0,0.1534%,56.99,-0.58%,57.0357,408303.401899,-13.91%,9056985.0,9043112.0
OGN,13828.0,0.0476%,13.32,-0.67%,13.3537,8092588.314512,-2.07%,29034709.0,29020881.0
SJM,13799.609999999404,0.1482%,99.44,2.70%,98.945,2422464.816761,61.89%,9325117.44,9311317.83
LAB,13784.0,0.1020%,1.0,3.25%,1.0002,1656133.783353,-16.62%,13532281.0,13518497.0
TCBI,13680.0,0.2133%,100.56,-1.75%,101.107,345383.342984,-22.97%,6428501.0,6414821.0
LMT,13661.150000000373,0.0900%,512.41,-0.36%,509.4555,2056298.527995,29.30%,15199659.41,15185998.26
CPT,13602.259999999776,0.1448%,104.07,-0.71%,104.1745,2001120.41044,33.30%,9408203.07,9394600.81
002600,13600.0,0.2702%,0.0,0.00%,0.0,0.0,0.00%,5046512.0,5032912.0
LIF,13592.0,0.1655%,44.01,1.45%,43.7619,801529.617819,6.04%,8228094.0,8214502.0
QSI,13483.0,0.1651%,0.9806,-4.80%,0.9896,7220967.355947,-10.58%,8179821.0,8166338.0
SAB,13469.0,0.4584%,0.0,0.00%,0.0,0.0,0.00%,2951625.0,2938156.0
WUC CN,13459.0,0.3072%,0.0,0.00%,0.0,0.0,0.00%,4394893.0,4381434.0
MITK,13453.0,0.6910%,15.36,0.85%,15.4302,1419985.586397,18.22%,1960217.0,1946764.0
RNG,13422.0,0.1490%,45.39,-0.72%,46.4749,3902296.985451,73.98%,9020695.0,9007273.0
MTD,13421.25,1.1540%,1319.29,-0.58%,1322.5047,198735.362589,8.43%,1176414.29,1162993.04
MTRN,13399.0,0.4140%,191.06,-2.95%,192.5826,297629.96815,-13.88%,3249801.0,3236402.0
LMRI,13354.0,1.6636%,10.24,-0.39%,10.2748,295066.327373,-37.88%,816093.0,802739.0
CUBI,13324.0,0.2676%,77.91,-0.42%,78.4754,316050.707457,-31.71%,4993319.0,4979995.0
HSIC,13322.060000001453,0.1751%,70.5,-2.68%,70.5714,2949371.61633,18.19%,7619868.5,7606546.439999999
ACIC,13282.0,1.4002%,10.85,3.93%,10.8607,401484.656493,-53.16%,961843.0,948561.0
CORZ,13254.0,0.0905%,22.36,-9.22%,21.9563,37216766.982932,-5.53%,14655314.0,14642060.0
5020,13244.0,0.3833%,0.0,0.00%,0.0,0.0,0.00%,3468101.0,3454857.0
VTS,13213.0,0.6768%,18.16,-1.84%,17.9323,798122.253945,5.03%,1965407.0,1952194.0
006360 KS,13201.0,0.3072%,0.0,0.00%,0.0,0.0,0.00%,4311081.0,4297880.0
PNW,13199.359999999404,0.0940%,99.53,-0.64%,99.5841,1464843.263066,30.12%,14056178.53,14042979.17
IBOC,13176.0,0.2261%,73.26,0.96%,73.0743,295835.865615,23.98%,5840011.0,5826835.0
MAA,13148.059999998659,0.1320%,130.36,0.05%,130.6413,1113258.168034,-18.30%,9975399.36,9962251.3
NRIM,13076.0,1.1964%,24.66,0.00%,24.652,115190.97,26.85%,1106018.0,1092942.0
AMRX,13068.0,0.0548%,13.72,0.73%,13.6851,2009746.992192,54.28%,23872541.0,23859473.0
CHRD,13009.0,0.2271%,137.75,-2.19%,136.9339,913362.963749,-6.13%,5742553.0,5729544.0
601360,13000.0,0.2724%,0.0,0.00%,0.0,0.0,0.00%,4785518.0,4772518.0
JBGS,12941.0,0.1636%,15.41,-2.47%,15.5061,2434013.530226,94.80%,7925125.0,7912184.0
7267,12912.0,0.3449%,0.0,0.00%,0.0,0.0,0.00%,3756410.0,3743498.0
TXT,12910.5,0.0806%,91.59,-1.61%,91.9004,1192660.995426,1.26%,16033611.59,16020701.09
PEBO,12893.0,0.5098%,34.28,-0.09%,34.3581,185505.23593,-13.67%,2542138.0,2529245.0
OII,12881.0,0.0808%,36.58,-1.32%,36.5163,1157084.122808,2.43%,15964433.0,15951552.0
BOH,12871.0,0.1808%,79.87,-1.02%,80.1912,289601.517412,-30.10%,7132193.0,7119322.0
OHI,12863.0,0.0508%,46.13,0.13%,46.015,1971495.229115,-37.29%,25325250.0,25312387.0
WYNN,12856.27999999933,0.2094%,106.85,-0.66%,106.8451,1273171.61187,13.66%,6151808.85,6138952.57
GCMG,12834.0,0.5117%,11.16,-1.06%,11.1726,693788.00567,58.70%,2520806.0,2507972.0
TME,12810.0,0.2232%,9.27,-4.14%,9.3139,12444299.609633,-5.59%,5752864.0,5740054.0
NXT,12789.0,0.0717%,120.86,-4.14%,123.8236,1784783.901183,-3.44%,17855018.0,17842229.0
RPRX,12779.0,0.1532%,50.2,-1.03%,49.9966,5602102.137586,44.08%,8355810.0,8343031.0
FFIC,12779.0,0.5827%,16.05,-0.74%,16.1024,114883.084148,-29.75%,2205811.0,2193032.0
CALY,12767.0,0.0702%,14.77,-0.07%,14.721,4995941.979409,0.45%,18191852.0,18179085.0
APO,12743.259999997914,0.0475%,127.79,-1.34%,127.6139,4060947.769041,-9.80%,26831439.79,26818696.53
JBL,12716.259999999776,0.1688%,349.6,-6.11%,351.0298,1753465.761062,-32.11%,7548184.6,7535468.34
APPS,12685.0,0.2489%,3.99,0.25%,3.9873,1568457.415253,-7.74%,5109218.0,5096533.0
FCEL,12637.0,0.6814%,12.28,-4.14%,12.2216,6354017.183659,-34.82%,1867167.0,1854530.0
STEL,12620.0,0.2073%,37.52,-0.69%,37.5835,268389.57422,-13.20%,6100229.0,6087609.0
BWXT,12605.0,0.0973%,209.89,-2.47%,209.0974,1502358.429099,45.12%,12968658.0,12956053.0
EPRT,12589.0,0.0478%,31.47,0.22%,31.354,1680011.172104,-39.63%,26346331.0,26333742.0
LOB,12512.0,0.5940%,37.63,-0.29%,37.6698,225661.900551,23.52%,2118860.0,2106348.0
ZBH,12507.539999999106,0.0987%,83.37,0.65%,83.3258,2177691.917623,-8.46%,12682023.37,12669515.83
ARE CN,12470.0,0.3073%,0.0,0.00%,0.0,0.0,0.00%,4070101.0,4057631.0
WTFC,12320.0,0.1748%,151.18,-1.37%,151.5803,447277.161573,-10.11%,7061483.0,7049163.0
HP,12246.0,0.0816%,36.9,-7.36%,36.4923,2865620.464512,109.82%,15025168.0,15012922.0
RAMP,12154.0,0.1476%,30.17,2.48%,30.2515,416687.201465,-26.40%,8246786.0,8234632.0
1299,12100.0,0.1811%,0.0,0.00%,0.0,0.0,0.00%,6694446.0,6682346.0
CFR,12092.0,0.1897%,138.56,-1.55%,139.0895,466386.371939,-17.45%,6385139.0,6373047.0
TBCH,12085.0,1.8468%,12.4,-2.17%,12.5139,228994.009913,14.41%,666448.0,654363.0
RES,12056.0,0.0729%,7.13,-3.39%,7.0204,2240666.767213,1.88%,16541020.0,16528964.0
STAN,12051.0,0.5490%,0.0,0.00%,0.0,0.0,0.00%,2207033.0,2194982.0
002460 C2,12000.0,0.2079%,0.0,0.00%,0.0,0.0,0.00%,5784152.0,5772152.0
2330 TT,12000.0,2.0446%,0.0,0.00%,0.0,0.0,0.00%,598900.0,586900.0
300450 C2,12000.0,0.2143%,0.0,0.00%,0.0,0.0,0.00%,5611110.0,5599110.0
HAS,11998.910000000149,0.1024%,97.39,-0.09%,97.8405,2553250.893349,75.20%,11730534.39,11718535.48
AMR,11981.0,0.6242%,193.43,-1.89%,194.426,183037.09962,-29.56%,1931251.0,1919270.0
WEAV,11966.0,0.3783%,6.05,0.67%,6.1248,1408201.596711,-30.59%,3174790.0,3162824.0
MET,11886.660000003874,0.0279%,78.82,-1.67%,78.9307,4476055.979024,36.34%,42606721.82,42594835.16
RUN,11837.0,0.0323%,13.8,7.56%,14.4597,16935753.506654,33.49%,36684854.0,36673017.0
NE,11834.0,0.0634%,48.48,-1.22%,48.341,1261190.258032,-18.18%,18666393.0,18654559.0
WSFS,11792.0,0.1596%,72.06,-0.07%,72.1182,289143.38104,-6.39%,7400060.0,7388268.0
DSGX,11692.0,2.5326%,73.38,3.11%,73.7632,465867.732206,-7.17%,473347.0,461655.0
GTM,11688.0,0.0424%,6.63,2.00%,6.7198,7560399.697394,4.04%,27586638.0,27574950.0
OSBC,11654.0,0.4795%,21.08,-0.43%,21.1953,395629.87855,-4.44%,2441925.0,2430271.0
UGI,11649.0,0.0535%,32.32,-7.84%,32.321,5924610.367196,81.54%,21786581.0,21774932.0
UPS,11602.210000000894,0.0313%,100.1,0.21%,100.1823,5808740.089999,-21.12%,37027054.1,37015451.89
MAC,11587.0,0.0352%,21.37,-3.87%,21.4929,5403461.55383,21.57%,32889328.0,32877741.0
TK,11551.0,0.5760%,14.09,3.45%,14.0032,464942.481999,-22.93%,2016996.0,2005445.0
PUMP,11505.0,0.1456%,15.55,-1.40%,15.4406,4410288.774287,-42.62%,7913281.0,7901776.0
CNOB,11502.0,0.4431%,29.91,-0.83%,30.0278,341353.459632,22.69%,2607155.0,2595653.0
MIR,11485.0,0.0361%,19.75,-3.14%,19.8033,2305453.568659,-17.74%,31866286.0,31854801.0
MSBI,11477.0,0.8351%,28.34,1.98%,28.2706,223711.408463,3.39%,1385878.0,1374401.0
KD,11406.0,0.0677%,12.64,-3.66%,12.7821,7201768.086116,-37.93%,16848060.0,16836654.0
MTW,11396.0,0.8270%,13.62,2.56%,13.7201,380465.732572,-21.02%,1389333.0,1377937.0
CRDO,11367.0,0.1144%,188.29,-5.04%,191.2343,5514589.892646,-9.20%,9949872.0,9938505.0
SQM,11357.0,0.4108%,91.6,-1.99%,94.7673,1478027.594467,-2.01%,2775880.0,2764523.0
CADL,11257.0,0.5356%,7.79,2.10%,7.7316,2338482.504256,27.71%,2112957.0,2101700.0
EXPE,11213.129999999888,0.1396%,252.79,2.49%,248.9057,3292395.147205,83.24%,8043395.79,8032182.66
EHAB,11205.0,0.5754%,13.77,0.00%,13.7861,658865.713382,-48.50%,1958580.0,1947375.0
CBU,11192.0,0.1491%,63.87,-0.03%,63.929,167542.55375,9.79%,7519386.0,7508194.0
XERS,11143.0,0.1516%,6.63,4.08%,6.7134,5574051.47236,185.55%,7362398.0,7351255.0
QTWO,11089.0,0.1368%,50.69,2.74%,51.0213,645979.779425,6.08%,8118882.0,8107793.0
DLB,11047.0,0.2329%,57.47,-0.88%,57.9772,631997.216759,-17.77%,4754508.0,4743461.0
LAC CN,11043.0,0.4555%,0.0,0.00%,0.0,0.0,0.00%,2435222.0,2424179.0
SFBS,11039.0,0.1606%,79.39,-0.35%,79.5242,187132.50368,-6.96%,6884875.0,6873836.0
002466 C2,11000.0,0.2099%,0.0,0.00%,0.0,0.0,0.00%,5252473.0,5241473.0
603659 C1,11000.0,0.2148%,0.0,0.00%,0.0,0.0,0.00%,5131108.0,5120108.0
REX,10997.0,0.2556%,48.68,1.37%,48.4386,192812.0862,-7.41%,4313316.0,4302319.0
LASR,10965.0,0.3524%,66.19,-7.15%,68.877,2239599.465695,98.84%,3122654.0,3111689.0
GPN,10943.5,0.0746%,70.13,0.72%,70.0051,5242967.948628,-8.93%,14671324.13,14660380.63
AMLX,10905.0,0.2205%,15.2,-5.35%,15.1533,1452057.220204,5.47%,4956047.0,4945142.0
BRSL,10902.0,0.2927%,12.69,0.24%,12.7392,1001200.190819,-12.69%,3735116.0,3724214.0
RITM,10882.0,0.0166%,9.79,-0.51%,9.8143,4381869.442004,-3.78%,65567475.0,65556593.0
DCOM,10872.0,0.1842%,37.04,-0.40%,37.2992,491310.965335,12.20%,5914183.0,5903311.0
ALIT,10868.0,0.0342%,0.8703,-7.02%,0.8709,22628981.346606,-35.76%,31778721.0,31767853.0
LULU,10851.549999999814,0.1326%,133.59,1.17%,133.5451,3014143.373717,18.14%,8195585.59,8184734.04
UE,10851.0,0.0669%,22.03,-0.09%,22.0511,711089.383487,47.56%,16222413.0,16211562.0
APTV,10839.309999998659,0.0793%,57.11,0.55%,57.2105,4418405.424027,-11.28%,13686700.11,13675860.8
3323,10828.0,0.1484%,0.0,0.00%,0.0,0.0,0.00%,7306627.0,7295799.0
TYL,10823.430000000168,0.2925%,331.08,3.25%,331.2525,440261.081743,8.87%,3710978.08,3700154.65
BOKF,10800.0,1.1661%,133.45,-1.54%,133.7865,243572.340786,16.45%,936982.0,926182.0
772,10800.0,0.2737%,0.0,0.00%,0.0,0.0,0.00%,3957413.0,3946613.0
INCY,10787.919999999925,0.0706%,97.77,-2.08%,97.9065,1021629.967381,-13.34%,15285977.77,15275189.85
AFL,10773.20000000298,0.0403%,113.6,0.18%,113.2411,1888151.81151,-29.13%,26735383.6,26724610.4
CME,10756.51000000164,0.0529%,286.85,-0.52%,286.6091,2364014.960353,8.99%,20359089.85,20348333.34
NVT,10703.0,0.0862%,166.73,-3.34%,166.9095,2538023.743086,-18.33%,12420429.0,12409726.0
KTOS,10619.0,0.0396%,57.0,-7.35%,58.1253,5909384.76239,34.23%,26800716.0,26790097.0
BL,10605.0,0.1603%,31.17,5.48%,31.07,898810.331781,-43.14%,6627305.0,6616700.0
002195,10600.0,0.2754%,0.0,0.00%,0.0,0.0,0.00%,3859988.0,3849388.0
MAT,10597.0,0.0498%,15.0,-0.53%,15.0523,2997388.540728,-41.25%,21289452.0,21278855.0
VFC,10590.0,0.0467%,19.06,-1.80%,19.1187,5127508.643322,-19.27%,22693935.0,22683345.0
MWA,10582.0,0.0509%,26.89,-0.92%,27.034,1636370.065219,-5.96%,20805099.0,20794517.0
HRTX,10572.0,0.1758%,1.24,-5.34%,1.241,1344705.229396,-70.88%,6022548.0,6011976.0
EVN,10498.0,0.6628%,10.6,0.57%,10.5852,80106.3926,-40.44%,1594477.0,1583979.0
NVRI,10465.0,0.1009%,19.21,-0.16%,19.1878,850459.71587,-17.58%,10378754.0,10368289.0
ATI,10459.0,0.0684%,162.66,-1.47%,163.7322,3406533.489356,25.98%,15302230.0,15291771.0
FLR,10449.0,0.0627%,51.08,-5.76%,51.6295,4425423.404762,41.27%,16677524.0,16667075.0
HSHP,10442.0,1.0563%,15.79,5.62%,15.6291,484354.147218,2.08%,998949.0,988507.0
SD,10438.0,0.5354%,14.99,3.52%,15.0266,438550.652264,-0.51%,1960015.0,1949577.0
DFTX,10394.0,0.2083%,23.2,-0.94%,23.1695,1809367.935634,19.60%,4999808.0,4989414.0
P,10391.0,0.0432%,76.05,2.18%,75.9445,3177849.200228,23.39%,24071499.0,24061108.0
DRI,10374.46999999974,0.1364%,195.17,-0.27%,194.4637,1067199.682932,9.44%,7618659.17,7608284.7
BWA,10370.0,0.0657%,58.18,-2.07%,58.4739,3734894.916645,-20.17%,15796954.0,15786584.0
6762 JP,10365.0,0.2126%,0.0,0.00%,0.0,0.0,0.00%,4885485.0,4875120.0
FSLR,10353.570000000298,0.1192%,214.57,-1.57%,215.9545,3018870.029371,20.12%,8699706.57,8689353.0
MANH,10343.0,0.1836%,143.66,4.25%,143.8839,649286.445965,11.69%,5642932.0,5632589.0
MBLY,10334.0,0.8516%,8.87,-2.21%,8.9322,4874095.084465,2.05%,1223771.0,1213437.0
TCAP-R,10300.0,0.5426%,0.0,0.00%,0.0,0.0,0.00%,1908661.0,1898361.0
ARRY,10288.0,0.0753%,8.2,0.86%,8.464,8511657.990902,27.58%,13681249.0,13670961.0
INTA,10244.0,0.4033%,23.98,3.94%,24.1284,825211.470094,-26.55%,2550243.0,2539999.0
8058,10166.0,0.3372%,0.0,0.00%,0.0,0.0,0.00%,3024635.0,3014469.0
OFG,10157.0,0.1613%,45.62,-0.74%,45.7256,291856.202401,76.85%,6308601.0,6298444.0
VIAV,10157.0,0.0331%,51.05,-3.68%,50.9453,6220292.850232,-20.49%,30705701.0,30695544.0
LION,10095.0,0.1248%,12.38,-2.98%,12.462,4389580.576291,37.24%,8096008.0,8085913.0
7011,10081.0,0.4801%,0.0,0.00%,0.0,0.0,0.00%,2109884.0,2099803.0
NBTB,10070.0,0.1464%,45.07,-0.29%,45.2904,387563.945994,-5.25%,6886532.0,6876462.0
YEXT,10002.0,0.2126%,4.12,1.98%,4.1359,1130629.793039,36.07%,4715331.0,4705329.0
HR,9992.0,0.0366%,19.99,-1.24%,20.116,4602762.537476,-49.98%,27297471.0,27287479.0
LDI,9979.0,0.2365%,1.41,0.71%,1.4292,2056386.890802,-47.81%,4228856.0,4218877.0
AMG NA,9971.0,0.4828%,0.0,0.00%,0.0,0.0,0.00%,2075200.0,2065229.0
DXC,9957.0,0.0485%,12.01,4.71%,11.9206,6195529.246009,31.58%,20554737.0,20544780.0
BRX,9954.0,0.0407%,30.09,-0.66%,30.0762,2346507.137621,19.77%,24460657.0,24450703.0
TXG,9938.0,0.1975%,22.42,-1.41%,22.3855,2279522.09604,-18.64%,5041946.0,5032008.0
SWK,9926.169999999925,0.0767%,80.2,-1.02%,80.3181,1474061.176839,-38.57%,12943738.2,12933812.03
EPAM,9922.270000000484,0.2248%,104.24,-2.55%,103.1543,3575971.411209,89.21%,4423891.24,4413968.97
ULTA,9880.430000000168,0.3131%,526.53,-1.60%,527.9332,534248.307147,-22.76%,3165894.5300000003,3156014.1
WM,9878.929999999702,0.0498%,221.45,0.42%,221.1955,1616848.5792,-6.18%,19843568.45,19833689.52
FBNC,9861.0,0.1704%,59.18,0.15%,59.276,207851.694957,5.38%,5795989.0,5786128.0
BGC,9859.0,0.0218%,11.29,3.67%,11.1344,5805317.8547,111.28%,45332916.0,45323057.0
OBK,9828.0,0.6823%,46.64,-1.33%,46.853,174584.254324,34.59%,1450159.0,1440331.0
GPK,9803.0,0.0357%,11.03,-1.52%,11.1037,7162644.153435,-56.98%,27434510.0,27424707.0
TRMK,9802.0,0.1233%,44.92,0.01%,44.9545,399808.04709,66.92%,7960114.0,7950312.0
TER,9774.629999998957,0.0678%,354.11,-7.42%,355.5714,5001462.032521,30.39%,14436397.11,14426622.48
VRSN,9763.709999999963,0.1599%,278.47,0.98%,278.5205,1029768.202811,0.42%,6117746.47,6107982.76
ARR,9760.0,0.0555%,17.55,0.69%,17.5006,2158939.840462,-20.80%,17600307.0,17590547.0
VRSK,9746.75,0.0824%,174.69,2.19%,174.6588,1623498.582736,-26.37%,11838531.69,11828784.94
AME,9732.349999999627,0.0776%,234.73,-2.75%,235.4357,1136605.128258,-38.32%,12549067.73,12539335.38
PL,9728.0,0.0709%,35.24,-11.21%,36.4166,10605888.69455,40.07%,13726868.0,13717140.0
LXU,9708.0,0.4444%,13.57,-3.49%,13.6876,1537212.022899,8.78%,2194385.0,2184677.0
POR,9699.0,0.0806%,48.62,-0.41%,48.601,1171896.857898,-20.26%,12040319.0,12030620.0
OLN,9669.0,0.1134%,26.76,-7.08%,27.1249,2512290.561527,-11.97%,8537143.0,8527474.0
HAFC,9668.0,0.2267%,30.38,-0.13%,30.4254,285568.41681,12.09%,4273993.0,4264325.0
NBBK,9652.0,0.4977%,20.32,-0.78%,20.4102,302295.19427,-44.69%,1949045.0,1939393.0
EFSC,9630.0,0.5335%,59.56,0.13%,59.7038,398687.66257,99.15%,1814837.0,1805207.0
MPT,9626.0,0.0181%,5.33,1.91%,5.2968,9555950.76287,56.73%,53064004.0,53054378.0
INDB,9601.0,0.1433%,78.23,-0.50%,78.3192,327488.10793,27.05%,6709819.0,6700218.0
INDV,9574.0,0.0559%,39.6,-2.49%,39.6567,3516226.444252,24.52%,17122562.0,17112988.0
VREX,9561.0,0.5217%,11.83,-2.79%,11.9551,563502.044213,44.31%,1842316.0,1832755.0
FRT,9556.900000000373,0.1009%,115.67,-0.94%,115.7038,917780.523083,14.99%,9479594.67,9470037.77
MTB,9555.599999997765,0.0555%,213.02,-2.02%,213.8447,1069538.326076,34.31%,17211529.02,17201973.42
FBK,9525.0,0.1617%,54.01,-0.52%,54.1905,177452.066337,7.01%,5900399.0,5890874.0
KLAC,9502.960000000894,0.0707%,1763.25,-2.92%,1769.8234,1241562.027605,-7.41%,13452834.25,13443331.29
MLKN,9502.0,0.1082%,16.38,2.25%,16.338,865094.006053,32.30%,8792901.0,8783399.0
601179,9500.0,0.2782%,0.0,0.00%,0.0,0.0,0.00%,3424462.0,3414962.0
UVSP,9494.0,0.7040%,38.62,-0.36%,38.7411,195197.19551,35.49%,1358049.0,1348555.0
SWKS,9478.070000000298,0.0398%,65.04,0.12%,65.5436,6475204.322245,-37.66%,23806157.04,23796678.97
PRCH,9473.0,0.2580%,11.28,1.62%,11.2125,1876523.727312,-25.20%,3681253.0,3671780.0
MTCH,9473.0,0.0396%,35.83,-5.71%,36.3223,7289268.05102,-10.23%,23956987.0,23947514.0
UA,9472.0,0.0713%,6.22,-0.48%,6.2498,1570948.002572,16.71%,13291946.0,13282474.0
HFWA,9469.0,0.1784%,27.42,-0.15%,27.4529,239787.40776,18.69%,5316097.0,5306628.0
ARES,9429.290000000969,0.0602%,123.15,-0.57%,123.1093,3267917.739958,6.89%,15670893.15,15661463.86
FORM,9425.0,0.0891%,144.68,-2.98%,146.6792,2070566.691936,-5.86%,10587960.0,10578535.0
KLIC,9388.0,0.1327%,98.15,4.66%,97.2387,2711732.504982,128.21%,7082223.0,7072835.0
AESI,9356.0,0.0887%,18.28,-0.60%,18.0248,5825631.491489,-29.52%,10556293.0,10546937.0
ZVRA,9323.0,0.3278%,11.0,-2.22%,10.6343,2628920.844768,26.88%,2853007.0,2843684.0
300433,9300.0,0.2717%,0.0,0.00%,0.0,0.0,0.00%,3432018.0,3422718.0
ORA,9290.0,0.1055%,122.52,6.67%,122.6687,2390793.888027,87.71%,8816922.0,8807632.0
BRO,9288.490000002086,0.0502%,58.05,2.63%,58.0895,3431094.944961,5.34%,18506036.05,18496747.56
ILMN,9267.0,0.0709%,138.71,-2.71%,138.7895,1241144.519537,-6.83%,13080000.0,13070733.0
ACM,9258.0,0.0833%,81.47,-2.92%,81.7312,1607684.416501,19.92%,11122108.0,11112850.0
WVE,9221.0,0.1242%,7.24,-0.69%,7.2348,4242028.899502,4.39%,7435635.0,7426414.0
600703,9200.0,0.2713%,0.0,0.00%,0.0,0.0,0.00%,3400739.0,3391539.0
OGE,9199.0,0.0466%,47.33,-0.84%,47.3925,1599889.126175,-20.99%,19761704.0,19752505.0
FISI,9150.0,0.9528%,35.41,0.17%,35.4217,79736.24837,-2.88%,969514.0,960364.0
UNP,9146.660000000149,0.0319%,264.89,-1.25%,265.8786,2032529.158418,-32.70%,28713802.89,28704656.23
CRL,9132.950000000186,0.2323%,181.68,-0.03%,186.1666,1335642.549595,21.14%,3940195.68,3931062.73
MDU,9051.0,0.0407%,22.47,0.72%,22.3721,2990451.209843,30.30%,22269718.0,22260667.0
ALLY,9042.0,0.0465%,43.79,-1.15%,43.7614,3291901.248801,-7.68%,19465265.0,19456223.0
PHAT,9036.0,0.3441%,12.23,-3.47%,12.1154,808539.762031,-11.07%,2634888.0,2625852.0
9696 HK,9000.0,1.7361%,0.0,0.00%,0.0,0.0,0.00%,527400.0,518400.0
1216,9000.0,0.3537%,0.0,0.00%,0.0,0.0,0.00%,2553783.0,2544783.0
ORRF,8998.0,0.8144%,36.92,-0.11%,36.9409,84610.329158,7.45%,1113914.0,1104916.0
NOC,8954.669999999925,0.0972%,552.27,-1.31%,551.5582,841481.337118,8.89%,9223726.27,9214771.6
FSUN,8941.0,0.8462%,36.86,0.35%,36.9435,147934.145794,0.03%,1065539.0,1056598.0
BIOA,8935.0,0.4988%,17.82,-3.47%,17.7104,223667.684954,-61.94%,1800281.0,1791346.0
AMAL,8914.0,0.7688%,41.92,0.41%,42.078,198755.34269,52.42%,1168449.0,1159535.0
UCG,8901.0,0.3294%,0.0,0.00%,0.0,0.0,0.00%,2711287.0,2702386.0
ALRM,8901.0,0.1348%,47.0,3.43%,47.0798,621624.631289,72.00%,6612278.0,6603377.0
LC,8890.0,0.1966%,16.69,-2.17%,16.8889,1747758.258831,17.93%,4531546.0,4522656.0
ITW,8858.009999999776,0.0554%,255.53,-1.92%,256.6213,1413135.831852,10.44%,16005812.53,15996954.52
ST,8852.0,0.0607%,44.34,-3.08%,44.7289,2072206.832809,-41.33%,14589769.0,14580917.0
RYN,8803.0,0.0466%,20.41,-3.68%,20.8783,3887545.486326,75.10%,18916013.0,18907210.0
6752 JP,8785.0,0.2126%,0.0,0.00%,0.0,0.0,0.00%,4141045.0,4132260.0
8002,8740.0,0.5645%,0.0,0.00%,0.0,0.0,0.00%,1557135.0,1548395.0
FLYW,8740.0,0.1973%,17.73,1.26%,17.726,3142689.532627,-69.50%,4438065.0,4429325.0
SEM,8736.0,0.0619%,16.44,0.06%,16.4381,1583916.450866,65.65%,14125148.0,14116412.0
ZWS,8721.0,0.0459%,51.05,-0.20%,51.1806,868919.858075,13.57%,19012254.0,19003533.0
AVA,8712.0,0.0691%,40.98,0.99%,40.9843,588946.185116,14.27%,12613199.0,12604487.0
HUN,8704.0,0.2610%,14.74,-2.38%,14.8248,5948335.495691,-7.55%,3344157.0,3335453.0
WK,8650.0,0.3843%,52.29,1.47%,52.8107,1374057.473937,-43.08%,2259599.0,2250949.0
TTMI,8645.0,0.0762%,153.77,-6.60%,154.0701,2334882.232467,20.08%,11350499.0,11341854.0
TTAN,8622.0,1.3496%,65.3,3.91%,66.109,1307642.994344,59.48%,647458.0,638836.0
ALGN,8601.449999999255,0.2009%,168.39,-3.19%,169.3726,753268.941256,-1.98%,4289056.39,4280454.94
ARMK,8548.0,0.0480%,45.06,-1.57%,45.1645,2738145.375684,-24.28%,17821529.0,17812981.0
8267,8535.0,0.5965%,0.0,0.00%,0.0,0.0,0.00%,1439418.0,1430883.0
FMC,8528.0,0.0636%,13.68,-7.51%,13.8972,3443693.92863,53.20%,13416309.0,13407781.0
GDYN,8492.0,0.0946%,6.99,3.40%,6.9507,4569636.908557,-50.72%,8983310.0,8974818.0
PAR,8481.0,0.4730%,14.99,8.23%,14.9585,2577791.007126,72.95%,1801608.0,1793127.0
OPEN,8474.0,0.1676%,5.32,-2.56%,5.3943,43119469.430919,19.03%,5063513.0,5055039.0
NWL,8474.0,0.0190%,4.45,-3.68%,4.5003,6360214.211159,-22.71%,44701077.0,44692603.0
LITE,8465.299999999814,0.1955%,892.58,-5.48%,882.3149,7268188.438081,-26.60%,4338525.58,4330060.28
FER,8441.0,0.0456%,70.03,-2.32%,70.496,1479889.211607,-14.02%,18509326.0,18500885.0
EFOR,8436.0,0.1442%,20.87,1.26%,20.8249,1271545.971803,17.04%,5857634.0,5849198.0
PRGS,8434.0,0.1471%,29.37,4.22%,29.4068,680562.103984,25.91%,5741268.0,5732834.0
TD,8426.0,0.2003%,107.7,-0.83%,107.8046,937350.928181,-13.83%,4216048.0,4207622.0
LAUR,8372.0,0.0519%,32.17,-1.08%,32.1939,1329950.383563,-2.75%,16125007.0,16116635.0
TFIN,8358.0,0.2475%,67.45,0.34%,67.4612,227868.347974,-31.33%,3385195.0,3376837.0
DGICA,8306.0,1.1087%,17.22,3.86%,17.0736,193400.245013,88.15%,757484.0,749178.0
SPT,8277.0,0.3366%,6.8,6.75%,6.7734,1449685.578863,57.03%,2467238.0,2458961.0
DBK,8239.0,0.2905%,0.0,0.00%,0.0,0.0,0.00%,2844472.0,2836233.0
MPB,8239.0,0.8975%,32.44,-0.95%,32.4136,186780.147632,44.33%,926186.0,917947.0
CURB,8227.0,0.0658%,27.56,-0.36%,27.6227,584657.037775,2.73%,12503395.0,12495168.0
AKR,8213.0,0.0484%,21.94,-0.99%,21.9918,630452.799181,-28.39%,16983767.0,16975554.0
2498 HK,8200.0,0.1869%,0.0,0.00%,0.0,0.0,0.00%,4394928.0,4386728.0
CVLT,8197.0,0.1900%,103.38,2.14%,102.9122,948302.100675,98.95%,4321497.0,4313300.0
6902 JP,8166.0,1.8287%,0.0,0.00%,0.0,0.0,0.00%,454713.0,446547.0
CRNC,8130.0,0.2846%,10.54,3.43%,10.4741,1214788.272345,8.34%,2864569.0,2856439.0
EFX,8129.4199999999255,0.1191%,175.62,1.40%,175.9688,1814460.437946,42.20%,6834781.62,6826652.2
CXW,8127.0,0.0635%,21.82,3.07%,21.5919,2920563.767294,56.88%,12814424.0,12806297.0
DBRG,8115.0,0.0871%,15.64,0.06%,15.6414,6930850.874187,55.03%,9326353.0,9318238.0
BCAL,8094.0,0.7059%,19.07,0.10%,19.0357,281717.6656,153.04%,1154772.0,1146678.0
VSAT,8051.0,0.0417%,66.33,-1.44%,66.9967,1769249.35759,36.16%,19299729.0,19291678.0
8031,8047.0,0.3774%,0.0,0.00%,0.0,0.0,0.00%,2140256.0,2132209.0
TILE,8039.0,0.0985%,27.55,-1.08%,27.5805,571741.829605,31.93%,8172983.0,8164944.0
CHRS,8008.0,0.2061%,1.76,0.57%,1.7428,921646.271959,-28.46%,3893183.0,3885175.0
BZAI,8004.0,0.2478%,1.83,-2.14%,1.8149,9051830.934262,-67.00%,3238029.0,3230025.0
600601,8000.0,0.2764%,0.0,0.00%,0.0,0.0,0.00%,2902500.0,2894500.0
1385,8000.0,0.2863%,0.0,0.00%,0.0,0.0,0.00%,2801964.0,2793964.0
DAKT,7968.0,0.5171%,20.01,-0.30%,20.1094,327447.115318,12.93%,1548725.0,1540757.0
USFD,7955.0,0.0509%,86.88,-5.62%,86.7568,6095099.605103,100.52%,15648451.0,15640496.0
ITRI,7915.0,0.1203%,81.14,-2.21%,81.7153,781378.795586,-4.92%,6589361.0,6581446.0
2577,7900.0,0.2782%,0.0,0.00%,0.0,0.0,0.00%,2847688.0,2839788.0
PCRX,7875.0,0.1430%,23.64,-0.21%,23.7102,567820.61872,6.73%,5513558.0,5505683.0
BE,7823.0,0.0874%,258.64,-9.40%,266.5634,10704492.386707,26.85%,8962610.0,8954787.0
XPRO,7808.0,0.1333%,15.56,-3.71%,15.6448,1653630.999082,29.78%,5864329.0,5856521.0
5803,7803.0,0.3709%,0.0,0.00%,0.0,0.0,0.00%,2111484.0,2103681.0
BLKB,7798.0,0.2084%,37.81,7.05%,37.7018,800025.392312,6.88%,3749199.0,3741401.0
LCID,7792.0,0.1990%,6.05,-2.26%,6.0353,16000958.991321,-37.88%,3923084.0,3915292.0
PLX,7784.0,0.3186%,1.98,-1.98%,1.9368,1583598.649163,31.38%,2450685.0,2442901.0
WTTR,7759.0,0.1017%,16.82,-3.61%,16.8051,2447006.46478,-30.37%,7635121.0,7627362.0
KGS,7756.0,0.0654%,70.27,-1.58%,69.8636,2324961.456527,9.18%,11868223.0,11860467.0
5301 JP,7756.0,1.2724%,0.0,0.00%,0.0,0.0,0.00%,617293.0,609537.0
7267 JP,7740.0,1.6741%,0.0,0.00%,0.0,0.0,0.00%,470078.0,462338.0
IONQ,7738.0,0.0611%,47.68,-9.30%,48.7655,42874564.146621,-26.58%,12669034.0,12661296.0
RXO,7716.0,0.0361%,23.11,17.79%,22.7922,6564856.65652,92.13%,21408392.0,21400676.0
VSNT,7701.0,0.0550%,40.78,-0.46%,40.9025,1582520.884397,34.68%,14002621.0,13994920.0
CE,7688.0,0.0686%,58.4,-5.99%,59.1452,3037537.227249,-41.90%,11216100.0,11208412.0
SHBI,7677.0,0.4974%,19.76,0.05%,19.7849,126333.92825,-7.21%,1551234.0,1543557.0
CRNX,7656.0,0.1670%,43.49,4.27%,42.4959,2061807.815082,53.70%,4591925.0,4584269.0
GPOR,7656.0,0.7008%,178.8,-0.91%,178.5443,557769.010786,5.78%,1100162.0,1092506.0
AMH,7642.0,0.0276%,32.42,-0.06%,32.3903,6434609.583627,65.16%,27717659.0,27710017.0
EMN,7630.0,0.0531%,73.69,-2.71%,74.3856,1468132.906217,4.33%,14381213.0,14373583.0
4689,7623.0,0.4277%,0.0,0.00%,0.0,0.0,0.00%,1789907.0,1782284.0
HASI,7603.0,0.0428%,42.47,-1.94%,42.886,1242491.658774,51.49%,17762167.0,17754564.0
BY,7602.0,0.4905%,33.36,0.42%,33.3606,192983.469844,-22.66%,1557557.0,1549955.0
6613,7600.0,0.2792%,0.0,0.00%,0.0,0.0,0.00%,2729630.0,2722030.0
9626,7600.0,0.2736%,0.0,0.00%,0.0,0.0,0.00%,2785680.0,2778080.0
WRB,7596.410000000149,0.0304%,66.53,0.62%,66.4766,1493310.664274,-3.30%,24989988.53,24982392.12
APPN,7595.0,0.3564%,23.76,2.50%,23.2714,2206762.256635,60.52%,2138637.0,2131042.0
GLRE,7593.0,0.6870%,17.8,-0.22%,17.7485,208403.035262,-26.90%,1112900.0,1105307.0
IPX,7578.0,0.5100%,40.67,7.74%,39.842,788934.889812,97.42%,1493548.0,1485970.0
CTO,7552.0,0.3519%,20.3,-0.98%,20.3636,337356.432452,-17.21%,2153737.0,2146185.0
AMPL,7545.0,0.1903%,5.91,-21.41%,5.8947,8075126.943849,162.61%,3971813.0,3964268.0
ESS,7538.110000000335,0.1326%,267.37,0.04%,267.3919,408309.849657,26.51%,5693981.37,5686443.26
HE,7529.0,0.0333%,15.42,0.92%,15.3421,1961791.546143,-22.44%,22610462.0,22602933.0
TCBK,7522.0,0.5792%,50.82,0.04%,50.9557,88150.2119,8.18%,1306153.0,1298631.0
LDOS,7512.359999999404,0.0746%,131.26,-2.70%,131.5155,1447320.489622,-35.11%,10071804.26,10064291.9
3690 HK,7500.0,0.1397%,0.0,0.00%,0.0,0.0,0.00%,5375715.0,5368215.0
RIO,7458.0,0.1538%,103.11,-2.27%,104.1405,2780026.330855,-38.53%,4856679.0,4849221.0
CDP,7455.0,0.0645%,31.82,0.28%,31.8407,1535320.875522,109.32%,11559239.0,11551784.0
OCUL,7454.0,0.0847%,9.68,-0.31%,9.6898,2104529.581008,-44.50%,8811825.0,8804371.0
034020 KS,7439.0,0.3073%,0.0,0.00%,0.0,0.0,0.00%,2428165.0,2420726.0
MELI,7430.0,0.5329%,1870.01,1.57%,1853.8557,814640.124518,92.91%,1401561.0,1394131.0
EXPI,7416.0,0.0610%,6.74,3.37%,6.7449,1506409.873605,46.29%,12159999.0,12152583.0
TRVI,7408.0,0.1385%,14.05,-1.47%,13.8921,2118862.526127,22.54%,5356885.0,5349477.0
MRP,7383.0,0.0425%,26.9,-4.58%,27.3576,2788972.865679,-35.83%,17392088.0,17384705.0
CG,7360.0,0.0370%,49.01,-3.52%,49.3812,5645720.107902,40.88%,19923407.0,19916047.0
OPLN,7339.0,0.0530%,37.67,4.81%,37.4401,1706161.772848,17.26%,13847962.0,13840623.0
CNA,7325.0,0.1368%,43.72,0.67%,43.7115,639906.785449,-22.71%,5360814.0,5353489.0
2388,7300.0,0.2059%,0.0,0.00%,0.0,0.0,0.00%,3552316.0,3545016.0
ENGI,7254.0,0.4160%,0.0,0.00%,0.0,0.0,0.00%,1750975.0,1743721.0
ALMS,7232.0,0.1868%,23.76,-6.82%,24.1875,923935.269532,64.83%,3879154.0,3871922.0
SLM,7216.0,0.0474%,22.66,0.58%,22.6839,1738790.703535,9.75%,15241382.0,15234166.0
BPOP,7215.0,0.3146%,148.83,-0.81%,148.8295,451319.926955,3.48%,2300699.0,2293484.0
2015 HK,7200.0,0.8430%,0.0,0.00%,0.0,0.0,0.00%,861336.0,854136.0
TXNM,7173.0,0.0708%,59.24,0.08%,59.2075,2221034.278081,21.82%,10135042.0,10127869.0
REXR,7167.0,0.0409%,36.09,-0.39%,36.1776,1885280.366846,15.00%,17512074.0,17504907.0
AII,7154.0,1.7167%,19.67,1.86%,19.5766,62583.1527,17.54%,423879.0,416725.0
WAB,7148.089999999851,0.0800%,265.58,-1.82%,266.6562,895745.500531,-19.49%,8940614.58,8933466.49
ZBRA,7144.860000000335,0.1879%,228.62,-0.50%,230.2258,771077.962187,30.81%,3809030.62,3801885.76
WPC,7144.0,0.0386%,73.9,0.07%,73.7867,2535295.166936,130.20%,18528320.0,18521176.0
WHD,7144.0,0.0691%,56.13,2.97%,55.5419,935741.5614,92.72%,10348835.0,10341691.0
URI,7132.620000000112,0.2085%,944.12,-2.11%,945.7524,478513.54007,-30.08%,3427504.12,3420371.5
ADNT,7094.0,0.0656%,21.86,-2.06%,22.1184,1360990.220611,-48.70%,10818151.0,10811057.0
BANR,7057.0,0.1446%,65.58,-0.98%,65.7298,205704.78054,-42.60%,4887188.0,4880131.0
IART,7054.0,0.0807%,13.56,-3.14%,13.7905,1769488.522391,-22.91%,8750008.0,8742954.0
KFH,7044.0,0.4468%,0.0,0.00%,0.0,0.0,0.00%,1583541.0,1576497.0
STLAM IM,7002.0,1.6714%,0.0,0.00%,0.0,0.0,0.00%,425941.0,418939.0
002738 C2,7000.0,0.2133%,0.0,0.00%,0.0,0.0,0.00%,3288756.0,3281756.0
HBCFT,7000.0,5.6452%,0.0,0.00%,0.0,0.0,0.00%,131000.0,124000.0
PINE,6997.0,0.7865%,19.64,0.82%,19.6017,215539.864068,18.47%,896663.0,889666.0
CCSI,6992.0,0.8709%,28.29,5.84%,28.2198,116443.728969,-35.94%,809817.0,802825.0
SPSC,6957.0,0.1422%,57.16,2.31%,57.2418,730167.047861,72.33%,4900887.0,4893930.0
PRGO,6938.0,0.0342%,11.72,-4.40%,11.9639,2698843.179351,-38.86%,20284774.0,20277836.0
7201,6927.0,0.2106%,0.0,0.00%,0.0,0.0,0.00%,3295452.0,3288525.0
ESPR,6906.0,0.0583%,3.14,-0.32%,3.144,19958724.414062,-16.05%,11858196.0,11851290.0
IEX,6902.679999999702,0.1321%,214.87,-1.52%,214.908,1051154.884372,43.79%,5231192.87,5224290.19
7203 JP,6894.0,1.3927%,0.0,0.00%,0.0,0.0,0.00%,501921.0,495027.0
FIHL,6893.0,0.3516%,21.02,0.10%,21.0813,477613.592132,101.99%,1967511.0,1960618.0
STBA,6849.0,0.1363%,44.53,-0.02%,44.6428,313473.97671,-13.86%,5030093.0,5023244.0
CCB,6845.0,0.8911%,74.86,-0.12%,75.0113,162549.20029,-18.03%,775024.0,768179.0
AXTA,6844.0,0.0475%,28.57,0.07%,29.0092,2836344.133551,-31.42%,14401709.0,14394865.0
GT,6841.0,0.0252%,6.86,-6.03%,6.7907,12961812.590313,57.70%,27188020.0,27181179.0
UHS,6824.069999999832,0.1682%,170.56,1.23%,170.9954,1254646.617468,13.22%,4064706.56,4057882.49
XRAY,6767.0,0.0456%,10.96,-1.62%,11.1673,6611764.652538,-16.91%,14832435.0,14825668.0
SABR,6757.0,0.0138%,2.07,13.11%,2.0862,18714386.430593,220.72%,48963031.0,48956274.0
RSG,6754.860000001267,0.0567%,201.55,0.93%,201.0349,2782917.953895,16.59%,11910509.55,11903754.69
FLO,6737.0,0.0319%,8.57,-0.58%,8.5713,5444019.437642,-8.19%,21135407.0,21128670.0
RXT,6723.0,0.1910%,3.52,55.07%,3.8717,194434667.998754,1851.23%,3526601.0,3519878.0
EBF,6705.0,0.7179%,20.79,2.16%,20.6987,149589.327942,2.98%,940639.0,933934.0
600707,6700.0,0.2663%,0.0,0.00%,0.0,0.0,0.00%,2522222.0,2515522.0
IKT,6698.0,0.1896%,1.99,-1.00%,1.9541,796488.008938,19.07%,3538479.0,3531781.0
PH,6695.1899999994785,0.0993%,886.85,-1.75%,889.7166,757148.125281,-16.83%,6750594.85,6743899.66
AVNT,6684.0,0.0787%,36.52,-3.49%,36.9015,761198.65875,-0.71%,8495381.0,8488697.0
ODFL,6676.440000001341,0.0414%,198.06,-1.28%,199.2284,1644313.8496,-12.10%,16145280.06,16138603.62
4755 JP,6675.0,0.1530%,0.0,0.00%,0.0,0.0,0.00%,4368945.0,4362270.0
000720 KS,6665.0,0.3073%,0.0,0.00%,0.0,0.0,0.00%,2175352.0,2168687.0
7182,6651.0,0.5792%,0.0,0.00%,0.0,0.0,0.00%,1154961.0,1148310.0
DAN,6636.0,0.0429%,34.56,-2.92%,34.9919,937501.28764,25.74%,15468851.0,15462215.0
UAL,6609.660000000149,0.0345%,99.7,-0.34%,101.0612,8208165.874187,-6.17%,19141518.7,19134909.04
POWW,6603.0,0.1782%,1.99,-0.50%,1.9999,345825.027689,-24.48%,3712730.0,3706127.0
VERI,6594.0,3.2999%,2.08,-3.70%,2.0686,2490359.507639,10.29%,206416.0,199822.0
AMTM,6591.0,0.0316%,24.56,-1.33%,24.5835,1310002.427702,-20.40%,20836695.0,20830104.0
QLYS,6590.0,0.1560%,94.97,4.55%,94.291,1310147.759958,11.82%,4231512.0,4224922.0
GLPI,6540.0,0.0306%,47.925,-0.24%,47.9262,1282428.886544,-10.53%,21380092.0,21373552.0
TDS,6539.0,0.0374%,45.5,-0.04%,45.4743,677477.3342,3.98%,17485508.0,17478969.0
REZI,6534.0,0.0370%,40.3,-1.95%,40.5327,841401.761044,62.70%,17659055.0,17652521.0
OSPN,6531.0,0.2035%,12.15,2.97%,12.2353,576744.828669,-11.18%,3216431.0,3209900.0
IIIN,6523.0,0.2538%,27.12,1.54%,27.1159,267227.384743,69.30%,2576179.0,2569656.0
AUPH,6522.0,0.1322%,15.14,-6.80%,14.9641,2799757.685463,291.49%,4938226.0,4931704.0
NTST,6521.0,0.1743%,20.36,-1.02%,20.4261,1569368.314359,15.98%,3746820.0,3740299.0
FCPT,6512.0,0.0458%,25.47,0.24%,25.4829,498517.614349,6.57%,14217604.0,14211092.0
VRRM,6492.0,0.0334%,14.63,2.16%,14.2664,3913362.510618,95.71%,19439350.0,19432858.0
052690 KS,6483.0,0.2568%,0.0,0.00%,0.0,0.0,0.00%,2531349.0,2524866.0
RBA,6457.0,0.0437%,103.43,-2.31%,103.9222,1269919.495167,6.74%,14782793.0,14776336.0
CWEN,6448.0,0.0462%,38.14,-0.91%,38.2042,1270074.054381,-21.18%,13956700.0,13950252.0
IWM,6426.0,0.1407%,282.26,-1.58%,283.4914,28350394.231375,21.28%,4574988.0,4568562.0
NFBK,6417.0,0.3974%,14.07,0.14%,14.0682,132457.52495,-18.47%,1621085.0,1614668.0
600588,6400.0,0.2702%,0.0,0.00%,0.0,0.0,0.00%,2374791.0,2368391.0
BIRG,6392.0,0.4212%,0.0,0.00%,0.0,0.0,0.00%,1524115.0,1517723.0
DOV,6388.720000000671,0.0806%,220.9,-2.76%,221.6775,943677.695298,-5.42%,7928150.9,7921762.18
CELH,6383.0,0.0478%,34.26,4.45%,34.4542,24486322.803602,41.58%,13347098.0,13340715.0
RKT,6379.0,0.0320%,14.15,-3.41%,14.2661,28963513.762194,10.13%,19943129.0,19936750.0
TALK,6307.0,0.1201%,5.18,-0.19%,5.1895,1590344.020868,43.04%,5257942.0,5251635.0
PK,6290.0,0.0364%,11.19,-0.27%,11.2398,5366419.079751,-24.02%,17284377.0,17278087.0
DOUG,6282.0,0.2294%,2.06,-3.29%,2.0863,564922.127836,20.28%,2745078.0,2738796.0
ATLX,6272.0,1.3238%,5.92,5.71%,5.8482,1452044.836367,53.99%,480056.0,473784.0
CB,6266.380000002682,0.0340%,321.28,-0.19%,321.2168,1079314.627548,-18.99%,18429083.28,18422816.9
ESNT,6265.0,0.0632%,61.58,0.28%,61.5105,988209.39628,-21.61%,9923120.0,9916855.0
TRI,6239.090000001714,0.0535%,93.37,1.77%,94.3162,2097948.18517,-49.23%,11662668.71,11656429.62
TCBX,6238.0,1.0551%,38.3,1.06%,38.2551,85865.77719,5.06%,597470.0,591232.0
BRKR,6230.0,0.0699%,43.73,3.38%,43.6666,2816577.286075,-10.47%,8916115.0,8909885.0
VAL,6226.0,0.0812%,91.78,-1.10%,91.4733,594003.073115,-37.85%,7672077.0,7665851.0
KBR,6219.0,0.0618%,33.2,-5.44%,33.5819,2882495.786336,18.44%,10075704.0,10069485.0
WFRD,6217.0,0.0839%,102.3,-5.60%,103.413,1167215.312267,10.06%,7420376.0,7414159.0
KEP,6212.0,0.3757%,15.12,-3.39%,15.2469,626986.673545,-4.23%,1659721.0,1653509.0
688126,6200.0,0.2770%,0.0,0.00%,0.0,0.0,0.00%,2244320.0,2238120.0
3706 TT,6200.0,17.3059%,0.0,0.00%,0.0,0.0,0.00%,42026.0,35826.0
600100,6200.0,0.2663%,0.0,0.00%,0.0,0.0,0.00%,2333968.0,2327768.0
NYT,6193.0,0.0509%,80.18,-4.18%,80.9441,2553932.97219,-47.86%,12161840.0,12155647.0
ORGO,6184.0,0.2373%,2.53,-1.17%,2.539,1815796.01436,116.31%,2612442.0,2606258.0
SMBK,6176.0,0.8713%,42.32,0.17%,42.3806,52781.81815,4.49%,715037.0,708861.0
BPE,6156.0,0.4007%,0.0,0.00%,0.0,0.0,0.00%,1542462.0,1536306.0
ONT,6153.0,0.5293%,17.45,-20.68%,17.8417,1361393.659584,336.17%,1168528.0,1162375.0
ROK,6125.200000000186,0.0951%,448.55,-2.35%,450.9487,1108476.861817,-6.21%,6449024.55,6442899.35
LUMI,6119.0,0.5864%,0.0,0.00%,0.0,0.0,0.00%,1049662.0,1043543.0
002236,6100.0,0.2660%,0.0,0.00%,0.0,0.0,0.00%,2299350.0,2293250.0
AGNC,6082.0,0.0181%,10.72,-0.65%,10.7214,11235910.378069,-20.69%,33570436.0,33564354.0
K,6073.0,0.6006%,0.0,0.00%,0.0,0.0,0.00%,1017212.0,1011139.0
DV,6049.0,0.0425%,10.85,-2.69%,10.7634,3983564.466282,86.72%,14249671.0,14243622.0
CUBE,6020.0,0.0334%,40.25,-0.07%,40.2695,2412565.612586,-6.40%,18030657.0,18024637.0
AJG,6002.029999999329,0.0478%,201.94,2.55%,201.4717,3218124.432307,43.41%,12552667.94,12546665.91
XYZ,6000.310000002384,0.0191%,70.14,-0.97%,71.1048,10022258.776848,91.65%,31432012.14,31426011.83
002065,6000.0,0.2722%,0.0,0.00%,0.0,0.0,0.00%,2210386.0,2204386.0
002812 C2,6000.0,0.2067%,0.0,0.00%,0.0,0.0,0.00%,2909259.0,2903259.0
MAQ AU,6000.0,1.9594%,0.0,0.00%,0.0,0.0,0.00%,312209.0,306209.0
002185,6000.0,0.2685%,0.0,0.00%,0.0,0.0,0.00%,2240376.0,2234376.0
CIVB,5990.0,0.8381%,24.98,-0.08%,24.9732,73456.434622,30.95%,720673.0,714683.0
CMCL,5976.0,0.9962%,23.35,2.55%,23.6861,182647.678629,40.53%,605865.0,599889.0
TCMD,5970.0,0.6086%,26.01,2.81%,26.4685,597290.922161,23.90%,986953.0,980983.0
NJR,5967.0,0.0452%,55.53,1.22%,55.3798,595452.335557,0.30%,13204499.0,13198532.0
GNTX,5926.0,0.0381%,23.08,-2.00%,23.1818,2083809.317735,-1.68%,15567804.0,15561878.0
SDRL,5925.0,0.2085%,47.71,-1.26%,47.5316,627702.231915,48.82%,2847705.0,2841780.0
HUT,5902.0,0.1172%,101.18,-7.12%,98.8481,9280447.873954,-53.08%,5041815.0,5035913.0
SHC,5898.0,0.0313%,15.67,-0.82%,15.8583,3507041.791152,-20.38%,18872822.0,18866924.0
GTES,5897.0,0.0236%,25.98,-0.99%,26.1684,2262101.734507,-9.78%,25001473.0,24995576.0
TEX,5896.0,0.0561%,62.82,-2.21%,63.1361,1409054.818116,-5.20%,10506350.0,10500454.0
QUBT,5878.0,0.0633%,9.63,-7.93%,9.7647,13437648.566812,-31.32%,9287029.0,9281151.0
XLK,5877.0,1.7077%,169.69,-0.20%,170.017,11031513.417057,-2.39%,350025.0,344148.0
DAR,5857.0,0.0523%,62.27,-1.33%,62.0872,2724689.964903,2.76%,11208705.0,11202848.0
NSC,5817.140000000596,0.0543%,313.39,-1.22%,314.2636,862270.522418,-15.95%,10724520.39,10718703.25
EWTX,5813.0,0.1705%,35.58,-3.81%,35.7523,1169000.474123,-60.08%,3415819.0,3410006.0
EQH,5810.0,0.0216%,42.85,-1.99%,43.2985,4255741.426807,-16.18%,26843472.0,26837662.0
ALB,5790.7400000002235,0.0442%,198.35,2.98%,208.2545,4291240.533035,89.50%,13111381.35,13105590.61
VTOL,5769.0,0.1540%,42.55,-1.41%,41.8068,466855.230821,-18.57%,3752491.0,3746722.0
IRDM,5754.0,0.0436%,40.19,-0.99%,40.2736,1590869.193718,-14.68%,13204760.0,13199006.0
GTX,5684.0,0.0859%,27.03,0.30%,27.2229,3496858.971016,-19.31%,6625867.0,6620183.0
ENPH,5682.0,0.0321%,35.47,-0.92%,35.6453,4724456.373281,-2.11%,17689781.0,17684099.0
BLMN,5679.0,0.1612%,7.95,-2.09%,8.0498,4646690.57302,-58.52%,3527628.0,3521949.0
TRU,5663.0,0.0430%,72.95,3.18%,72.8391,2050268.826631,-28.40%,13185920.0,13180257.0
ARLO,5625.0,0.0402%,14.9,2.26%,14.9576,1665157.416348,43.24%,13981408.0,13975783.0
LKFN,5605.0,0.1607%,62.6,0.45%,62.445,120000.71484,1.58%,3493802.0,3488197.0
RL,5574.399999999907,0.2049%,353.55,-5.00%,355.6289,842245.866622,95.60%,2725777.55,2720203.15
QQQM,5532.0,64.8459%,286.12,-0.10%,286.6969,6151196.47626,66.66%,14063.0,8531.0
GGG,5529.0,0.0373%,78.67,-2.10%,79.0077,1146800.832808,-23.73%,14812023.0,14806494.0
ABM,5503.0,0.0684%,40.76,0.30%,40.816,311666.753632,-10.43%,8053457.0,8047954.0
EVLV,5498.0,0.0965%,7.13,0.28%,7.2116,2863494.863246,2.14%,5705155.0,5699657.0
CSIQ,5497.0,0.2074%,17.68,4.74%,17.4833,3722661.990208,125.20%,2656328.0,2650831.0
POLI,5496.0,0.4994%,0.0,0.00%,0.0,0.0,0.00%,1106044.0,1100548.0
6503,5492.0,0.3682%,0.0,0.00%,0.0,0.0,0.00%,1497027.0,1491535.0
MARA,5491.0,0.0103%,12.7,-2.53%,12.6846,40149559.17105,-24.35%,53474258.0,53468767.0
MNOV,5485.0,4.7666%,1.43,-1.38%,1.4313,12053.949578,-75.03%,120557.0,115072.0
DSGN,5473.0,0.4431%,14.1,-3.09%,14.2251,394077.387286,-49.70%,1240761.0,1235288.0
ENR,5445.0,0.0592%,18.56,-2.16%,18.6195,1167301.117673,-42.67%,9196870.0,9191425.0
6723 JP,5424.0,1.7168%,0.0,0.00%,0.0,0.0,0.00%,321354.0,315930.0
CRS,5416.0,0.0948%,445.14,-2.84%,449.5947,564818.487523,-17.49%,5716482.0,5711066.0
PODD,5402.120000000112,0.1039%,160.4,6.03%,160.2758,2827245.818042,-36.63%,5206980.4,5201578.28
NTCT,5394.0,0.0593%,38.29,7.80%,38.3066,1005880.490673,89.70%,9097856.0,9092462.0
EOAN,5385.0,0.3000%,0.0,0.00%,0.0,0.0,0.00%,1800365.0,1794980.0
FICO,5357.389999999898,0.3179%,1128.39,5.75%,1119.1467,324074.42953,-23.86%,1690351.39,1684994.0
SPCE,5354.0,0.7700%,2.51,-5.64%,2.554,4679308.133924,-0.87%,700640.0,695286.0
COMP,5342.0,0.0230%,8.74,-5.41%,8.784,20258185.450619,-44.59%,23206224.0,23200882.0
DCI,5324.0,0.0485%,85.91,-2.00%,86.2221,519172.680973,25.98%,10975519.0,10970195.0
CCEP,5318.0,0.0450%,93.5,-1.68%,93.7855,1894504.552318,16.18%,11810810.0,11805492.0
JEF,5310.0,0.0425%,51.46,-0.56%,51.4597,2896148.778323,15.83%,12501528.0,12496218.0
GNRC,5309.3300000000745,0.1376%,266.75,-0.25%,264.837,1063550.182301,45.17%,3864954.75,3859645.42
ENTG,5301.0,0.0389%,147.66,-5.26%,148.4126,2915250.934087,-3.07%,13640235.0,13634934.0
TISCO-R,5300.0,0.2170%,0.0,0.00%,0.0,0.0,0.00%,2448072.0,2442772.0
000938,5300.0,0.2685%,0.0,0.00%,0.0,0.0,0.00%,1979589.0,1974289.0
HNI,5285.0,0.0607%,34.7,4.24%,34.8496,1348318.678436,-5.61%,8711652.0,8706367.0
AMSC,5280.0,0.2304%,53.22,-6.75%,54.1273,1201571.560583,11.22%,2296534.0,2291254.0
MKSI,5269.0,0.1009%,300.79,2.39%,304.6189,2327555.139317,1.05%,5224800.0,5219531.0
NNN,5261.0,0.0317%,44.51,-0.45%,44.509,1743455.371491,-14.04%,16609483.0,16604222.0
AGYS,5259.0,0.1589%,72.93,6.37%,72.762,226084.836357,-36.18%,3314830.0,3309571.0
RZLT,5242.0,0.1948%,3.09,-1.59%,3.0862,933493.870354,-40.57%,2696669.0,2691427.0
HIMS,5225.0,0.0270%,25.65,-4.58%,25.871,18626961.297783,25.00%,19332149.0,19326924.0
SCB-R,5200.0,0.2724%,0.0,0.00%,0.0,0.0,0.00%,1914288.0,1909088.0
CPF,5197.0,0.1425%,34.67,-0.43%,34.733,100706.023825,-5.82%,3651337.0,3646140.0
IBCP,5179.0,0.4994%,33.95,0.41%,34.0218,220361.029852,87.66%,1042153.0,1036974.0
HKL,5166.0,0.5806%,0.0,0.00%,0.0,0.0,0.00%,894907.0,889741.0
SR,5154.0,0.0671%,85.52,-0.80%,85.6107,686464.438111,-40.87%,7681682.0,7676528.0
ALEC,5132.0,0.1544%,2.44,-5.06%,2.4557,276542.158553,-41.24%,3329389.0,3324257.0
ONL,5121.0,1.4502%,2.84,-2.07%,2.8423,324370.465425,1.79%,358243.0,353122.0
TKR,5101.0,0.1159%,116.34,-2.81%,117.1164,1121691.587978,-49.28%,4407070.0,4401969.0
300296,5100.0,0.2807%,0.0,0.00%,0.0,0.0,0.00%,1822213.0,1817113.0
QCRH,5068.0,0.6544%,91.46,-0.44%,92.1068,121365.46325,38.70%,779468.0,774400.0
TSEM,5060.0,1.1039%,210.0,-3.17%,207.3133,2779188.198475,19.85%,463418.0,458358.0
BHR,5049.0,0.2024%,2.75,7.42%,2.7205,490756.37526,7.10%,2499352.0,2494303.0
IHS,5035.0,1.6823%,8.23,0.37%,8.2278,1831207.445951,110.47%,304334.0,299299.0
8053,5033.0,0.5209%,0.0,0.00%,0.0,0.0,0.00%,971270.0,966237.0
ET,5031.0,0.0553%,19.92,0.25%,19.7422,12036298.037866,-25.17%,9108920.0,9103889.0
ALL,5010.75,0.0186%,213.67,-1.95%,213.0665,2837520.802443,61.21%,26967688.67,26962677.92
SEI,5001.0,0.1452%,73.07,-5.66%,72.9759,2766647.298974,8.75%,3449851.0,3444850.0
700 HK,5000.0,0.1348%,0.0,0.00%,0.0,0.0,0.00%,3714545.0,3709545.0
YNS,5000.0,0.5498%,0.0,0.00%,0.0,0.0,0.00%,914500.0,909500.0
2395 TT,5000.0,0.1829%,0.0,0.00%,0.0,0.0,0.00%,2739457.0,2734457.0
RBBN,4997.0,0.1354%,2.69,0.37%,2.7062,541263.699212,3.78%,3695748.0,3690751.0
7013,4986.0,0.4586%,0.0,0.00%,0.0,0.0,0.00%,1092165.0,1087179.0
PKOH,4985.0,1.4687%,30.84,1.98%,30.7816,176884.354568,142.40%,344412.0,339427.0
STAG,4982.0,0.0340%,38.67,0.31%,38.6081,2795307.781899,118.15%,14665639.0,14660657.0
TRIP,4975.0,0.0330%,11.23,0.45%,11.2864,4854794.363418,44.47%,15067399.0,15062424.0
BAMI,4968.0,0.6281%,0.0,0.00%,0.0,0.0,0.00%,795868.0,790900.0
GNLX,4963.0,5.0044%,2.83,-1.39%,2.785,188686.291462,-10.90%,104135.0,99172.0
WABC,4937.0,0.1540%,54.86,0.35%,54.8672,84791.615736,-30.81%,3210264.0,3205327.0
FLNC,4937.0,0.1396%,18.97,39.90%,18.1325,46080058.927957,305.16%,3540531.0,3535594.0
OSUR,4937.0,0.1571%,3.13,4.33%,3.1538,1595258.73435,173.04%,3148081.0,3143144.0
PBH,4935.0,0.0789%,54.59,0.52%,54.5645,700241.203979,34.87%,6257444.0,6252509.0
VNO,4878.0,0.0274%,32.04,1.52%,32.152,3822490.819131,87.40%,17794953.0,17790075.0
DTM,4860.0,0.0531%,144.13,-0.31%,143.5861,755486.883677,15.10%,9156537.0,9151677.0
CNK,4851.0,0.0373%,27.47,-0.94%,27.6159,1368307.525544,-41.45%,13016519.0,13011668.0
8802,4835.0,0.5772%,0.0,0.00%,0.0,0.0,0.00%,842445.0,837610.0
TDAY,4830.0,0.0894%,7.35,2.23%,7.3381,1731342.69294,-20.53%,5407283.0,5402453.0
BKH,4829.0,0.0472%,75.22,1.76%,75.2408,1275253.487553,-6.09%,10228615.0,10223786.0
PFGC,4814.0,0.0434%,92.71,-0.18%,92.7,2740673.941476,-26.49%,11104675.0,11099861.0
DRH,4811.0,0.0183%,10.66,-0.09%,10.7417,2405202.238345,31.14%,26238228.0,26233417.0
CORT,4800.0,0.0448%,51.05,-2.11%,50.9936,1117279.332673,-27.19%,10729736.0,10724936.0
OGS,4799.0,0.0720%,85.34,-0.77%,85.6064,688723.333666,0.76%,6668674.0,6663875.0
TROW,4790.460000000894,0.0208%,103.59,-2.39%,103.8016,2123145.668492,0.15%,23069002.59,23064212.13
LTC,4782.0,0.0780%,38.62,0.39%,38.4502,470075.107195,68.71%,6134855.0,6130073.0
MTG,4760.0,0.0251%,26.58,0.68%,26.5299,3048537.695924,9.16%,19004046.0,18999286.0
MGNX,4732.0,1.8171%,2.94,-2.33%,2.9376,499732.493276,-56.80%,265154.0,260422.0
ELVN,4731.0,0.2167%,40.29,-2.21%,40.2821,461012.768192,24.50%,2188055.0,2183324.0
NTRS,4719.75,0.0329%,160.03,-1.99%,160.3633,1060694.726699,10.11%,14366669.03,14361949.28
688041,4714.0,0.2943%,0.0,0.00%,0.0,0.0,0.00%,1606360.0,1601646.0
WGO,4703.0,0.1313%,31.89,-0.19%,31.9143,548354.005113,6.69%,3586649.0,3581946.0
CRMD,4701.0,0.1325%,7.92,-1.61%,7.9428,893174.521493,-23.33%,3552277.0,3547576.0
LZ,4695.0,0.0316%,6.07,-3.34%,6.0701,5705021.546056,72.85%,14846126.0,14841431.0
QNST,4692.0,0.0661%,13.36,2.61%,13.4695,848968.870459,17.97%,7107416.0,7102724.0
ZYME,4660.0,0.1902%,26.6,-3.66%,26.6719,707886.724388,65.62%,2454658.0,2449998.0
DVA,4656.379999999888,0.1453%,196.26,1.23%,193.7881,1817681.252969,-38.19%,3208639.26,3203982.88
NWN,4649.0,0.0795%,50.19,3.14%,49.9565,423316.433915,-5.10%,5855101.0,5850452.0
UPWK,4647.0,0.0289%,10.61,5.26%,10.294,8107728.13672,58.66%,16082871.0,16078224.0
JHG,4639.0,0.0512%,51.68,-0.06%,51.6773,1493260.066148,1.12%,9061847.0,9057208.0
CHCO,4637.0,0.2458%,122.73,-0.19%,123.1068,84899.213635,-19.65%,1890769.0,1886132.0
POOL,4636.350000000093,0.1778%,190.44,1.25%,192.8721,1574586.83768,38.60%,2612398.44,2607762.09
LKQ,4629.0,0.0149%,28.71,-0.21%,28.6858,4760800.038156,20.12%,31144548.0,31139919.0
KMT,4620.0,0.0473%,41.71,-3.61%,42.1132,2493705.559308,-27.36%,9781418.0,9776798.0
300017,4600.0,0.2809%,0.0,0.00%,0.0,0.0,0.00%,1642166.0,1637566.0
688728,4600.0,0.2668%,0.0,0.00%,0.0,0.0,0.00%,1728546.0,1723946.0
002127,4600.0,0.2307%,0.0,0.00%,0.0,0.0,0.00%,1998732.0,1994132.0
002152,4600.0,0.2765%,0.0,0.00%,0.0,0.0,0.00%,1668437.0,1663837.0
000050,4600.0,0.2617%,0.0,0.00%,0.0,0.0,0.00%,1762126.0,1757526.0
THRM,4599.0,0.1102%,30.81,-0.19%,30.9216,214796.586921,2.13%,4179547.0,4174948.0
WYFI,4598.0,0.7390%,20.28,-5.37%,20.4582,1186676.38812,-24.67%,626762.0,622164.0
RAL,4592.0,0.0402%,45.88,-2.42%,45.9902,1303675.240445,-14.52%,11416408.0,11411816.0
TPL,4581.3300000000745,0.0797%,399.08,-4.92%,409.1987,648898.772732,36.08%,5749255.08,5744673.75
LQDA,4562.0,0.1312%,42.28,0.33%,42.1376,1196651.567522,23.36%,3481736.0,3477174.0
HLLY,4561.0,0.1617%,2.53,-11.85%,2.6265,1886671.377189,49.54%,2824783.0,2820222.0
INVA,4550.0,0.0453%,22.8,1.24%,22.8425,1130742.646679,83.12%,10050809.0,10046259.0
BANF,4543.0,0.1460%,113.24,-1.11%,113.973,122048.372122,-17.73%,3116728.0,3112185.0
CUZ,4538.0,0.0345%,26.25,-2.02%,26.4215,4753252.8016,126.56%,13166265.0,13161727.0
IDCC,4511.0,0.1738%,278.77,0.28%,276.6911,464491.735356,2.48%,2599760.0,2595249.0
XENE,4501.0,0.1258%,56.0,-4.42%,56.7183,576369.068622,-20.40%,3581739.0,3577238.0
600183,4500.0,0.2693%,0.0,0.00%,0.0,0.0,0.00%,1675804.0,1671304.0
DBS,4491.0,0.3714%,0.0,0.00%,0.0,0.0,0.00%,1213598.0,1209107.0
LXP,4480.0,0.0547%,51.76,-0.94%,51.9633,392537.8863,16.85%,8195582.0,8191102.0
DHI,4474.79999999702,0.0221%,145.97,-2.15%,146.5899,1807183.987125,-31.25%,20280543.97,20276069.17
ACT,4470.0,0.1135%,43.22,0.37%,43.1218,376685.148434,-10.90%,3943533.0,3939063.0
MFA,4461.0,0.0458%,9.75,-0.20%,9.7556,1852159.44278,-21.02%,9751281.0,9746820.0
BTSG,4457.0,0.0247%,52.94,0.38%,52.9112,2346079.046536,5.94%,18050637.0,18046180.0
SBSI,4455.0,0.1175%,33.65,0.84%,33.6931,83499.36865,-8.29%,3796579.0,3792124.0
OMER,4452.0,0.1309%,14.64,-1.28%,14.6631,737861.037364,36.74%,3405304.0,3400852.0
CAI,4422.0,0.2032%,19.84,3.71%,19.5741,3377877.702531,102.09%,2180867.0,2176445.0
SCHL,4401.0,0.1460%,39.99,0.23%,40.1308,319527.016812,26.09%,3018098.0,3013697.0
601231,4400.0,0.2631%,0.0,0.00%,0.0,0.0,0.00%,1676584.0,1672184.0
LODE,4356.0,2.5051%,3.3,0.92%,3.3327,951978.078962,9.28%,178244.0,173888.0
TDY,4339.6500000003725,0.1366%,630.78,-2.07%,632.09,312356.658156,10.86%,3181377.7800000003,3177038.13
BHB,4307.0,0.6707%,34.92,-0.31%,35.0625,122120.23679,-12.76%,646440.0,642133.0
LEGN,4302.0,0.3645%,28.57,-1.35%,28.6097,1357991.765456,-60.86%,1184609.0,1180307.0
002938,4300.0,0.2737%,0.0,0.00%,0.0,0.0,0.00%,1575365.0,1571065.0
2454 TT,4300.0,4.9100%,0.0,0.00%,0.0,0.0,0.00%,91877.0,87577.0
002230,4300.0,0.2706%,0.0,0.00%,0.0,0.0,0.00%,1593478.0,1589178.0
SYBT,4291.0,0.3432%,72.26,-0.15%,72.3675,139582.44319,0.20%,1254603.0,1250312.0
EYPT,4290.0,0.1180%,13.41,0.45%,13.4884,1122341.143033,-7.61%,3638714.0,3634424.0
SCCO,4287.0,0.1756%,179.54,-2.38%,181.815,1380601.955297,-11.99%,2446110.0,2441823.0
CLB,4278.0,0.0643%,13.45,-1.61%,13.3625,542724.497562,14.81%,6655199.0,6650921.0
NAT,4257.0,0.0412%,5.86,1.56%,5.8409,2712420.73388,-0.41%,10338118.0,10333861.0
BABA,4254.0,0.2232%,141.0,-0.31%,141.6321,10698816.298728,-36.95%,1909834.0,1905580.0
NB,4253.0,0.1031%,5.99,-6.41%,6.166,5321070.225755,-1.16%,4131068.0,4126815.0
HEIA,4251.0,0.1740%,0.0,0.00%,0.0,0.0,0.00%,2447477.0,2443226.0
6526 JP,4248.0,1.6751%,0.0,0.00%,0.0,0.0,0.00%,257849.0,253601.0
APPF,4245.0,0.2107%,170.21,1.82%,171.4071,350512.881628,72.57%,2019158.0,2014913.0
ASPI,4233.0,0.0978%,5.33,-3.79%,5.3328,3123329.318531,-20.65%,4332443.0,4328210.0
LZB,4208.0,0.0781%,35.56,0.54%,35.4857,375246.25829,3.59%,5393725.0,5389517.0
BBL-R,4200.0,0.3106%,0.0,0.00%,0.0,0.0,0.00%,1356581.0,1352381.0
002153,4200.0,0.2657%,0.0,0.00%,0.0,0.0,0.00%,1584882.0,1580682.0
SKT,4185.0,0.0282%,36.33,-1.41%,36.4282,1257264.652025,-47.15%,14868724.0,14864539.0
SILA,4184.0,0.1514%,30.58,0.00%,30.5793,744231.039512,-67.86%,2768406.0,2764222.0
CERS,4182.0,0.0528%,2.61,0.77%,2.6154,2197569.729232,5.29%,7924243.0,7920061.0
LTH,4170.0,0.0227%,32.19,-4.17%,32.0036,5482921.225078,-18.03%,18359765.0,18355595.0
SGHT,4166.0,0.2511%,5.29,23.02%,5.1528,430862.741181,133.86%,1663127.0,1658961.0
WWD,4160.0,0.0674%,370.77,-3.05%,373.2513,817758.712412,8.84%,6175570.0,6171410.0
ACMR,4154.0,0.0583%,59.2,6.90%,60.1796,2981158.491816,102.60%,7129724.0,7125570.0
SCI,4148.0,0.0417%,78.48,0.05%,78.3802,1498826.656919,-7.02%,9962074.0,9957926.0
PRX,4131.0,0.2372%,0.0,0.00%,0.0,0.0,0.00%,1745536.0,1741405.0
INVX,4130.0,0.0622%,26.63,-1.84%,26.6092,389096.777745,-19.43%,6640412.0,6636282.0
CBK,4130.0,0.0925%,29.11,0.69%,29.1769,53561.429,193.21%,4471079.0,4466949.0
2454,4120.0,0.5378%,0.0,0.00%,0.0,0.0,0.00%,770250.0,766130.0
MPWR,4119.610000000335,0.0675%,1575.96,-4.62%,1583.6947,600299.88193,-29.75%,6108549.96,6104430.35
NKSH,4118.0,1.8912%,37.71,2.72%,37.5867,97889.5273,122.16%,221861.0,217743.0
SEDG,4118.0,0.0504%,38.61,-4.92%,38.6678,4562152.296616,-48.01%,8178541.0,8174423.0
BNS,4113.0,0.4174%,78.09,-0.46%,78.209,1039490.221774,-38.07%,989601.0,985488.0
UHT,4113.0,0.2288%,40.7,0.89%,40.598,60236.722784,-5.96%,1801480.0,1797367.0
GOGO,4103.0,0.0413%,4.67,8.60%,4.7018,2820991.948769,89.92%,9948373.0,9944270.0
AAF,4086.0,0.5803%,0.0,0.00%,0.0,0.0,0.00%,708190.0,704104.0
SWX,4072.0,0.0537%,90.76,-0.07%,90.9525,588828.490996,-24.85%,7592401.0,7588329.0
DHC,4069.0,0.0352%,8.09,-2.41%,8.1797,1737194.859591,-15.08%,11575461.0,11571392.0
DNL,4057.0,0.1016%,44.8204,-0.92%,44.9313,17024.7696,3.90%,3998947.0,3994890.0
ENS,4055.0,0.1009%,222.95,-0.51%,223.5505,483796.905377,76.96%,4023473.0,4019418.0
WASH,4050.0,0.3698%,32.2,0.66%,32.2428,178455.740927,-14.39%,1099091.0,1095041.0
SCSC,4035.0,0.1338%,43.29,5.77%,43.4592,460738.163327,62.87%,3019747.0,3015712.0
NATL,4032.0,0.0445%,44.25,-1.18%,44.1215,975552.665666,31.68%,9073765.0,9069733.0
LUN,4023.0,0.6719%,0.0,0.00%,0.0,0.0,0.00%,602786.0,598763.0
9959,4014.0,0.2718%,0.0,0.00%,0.0,0.0,0.00%,1480974.0,1476960.0
OPCH,4004.0,0.0266%,20.75,1.47%,20.7398,5147652.812211,-6.47%,15049176.0,15045172.0
600845,4000.0,0.2630%,0.0,0.00%,0.0,0.0,0.00%,1524833.0,1520833.0
GLE,3996.0,0.5785%,0.549,52.08%,0.6501,208925170.241995,1092.51%,694782.0,690786.0
ERA FP,3994.0,0.5563%,0.0,0.00%,0.0,0.0,0.00%,722001.0,718007.0
KW,3990.0,0.0266%,11.0,0.46%,11.0168,1534175.915339,121.92%,14981388.0,14977398.0
PFBC,3979.0,0.2551%,94.72,-1.42%,95.4286,87399.258032,30.32%,1563761.0,1559782.0
KRMD,3975.0,0.2689%,4.44,10.72%,4.4984,380747.511,140.46%,1482255.0,1478280.0
AEIS,3962.0,0.0994%,351.94,-2.46%,353.8769,1069497.531701,19.45%,3989281.0,3985319.0
IBKR,3957.670000001788,0.0164%,83.71,-3.83%,84.6083,5150288.912269,30.61%,24187128.71,24183171.04
TDG,3951.6099999998696,0.1162%,1241.98,0.70%,1245.823,357425.263892,-24.40%,3403890.98,3399939.37
KOP,3949.0,0.1526%,41.16,-1.08%,41.2985,176878.94587,72.08%,2591635.0,2587686.0
TOST,3944.0,0.0413%,29.38,3.78%,29.1836,16362462.038194,116.18%,9551720.0,9547776.0
NTSK,3936.0,0.2374%,11.4,8.06%,11.3136,4601524.229193,71.91%,1661613.0,1657677.0
ORC,3923.0,0.0289%,6.95,-0.14%,6.9389,4444368.388266,16.71%,13598668.0,13594745.0
ASH,3923.0,0.1187%,54.46,-0.24%,54.5717,1026692.33107,1.52%,3308741.0,3304818.0
TEM,3919.0,0.1354%,49.47,-7.53%,50.0375,10897561.691971,1.93%,2899031.0,2895112.0
RPM,3914.0,0.0379%,101.39,-1.00%,101.7737,691300.616798,-15.68%,10340991.0,10337077.0
UNFI,3907.0,0.0447%,50.09,-3.32%,50.1578,753103.244326,39.17%,8753349.0,8749442.0
SONO,3905.0,0.0261%,14.89,0.88%,14.8397,1595679.546748,-24.09%,14988350.0,14984445.0
BAYN,3898.0,0.2199%,0.0,0.00%,0.0,0.0,0.00%,1776759.0,1772861.0
ZLAB,3890.0,0.6153%,19.765,-5.93%,19.6462,1269113.397465,20.28%,636148.0,632258.0
QXO,3887.0,0.0463%,18.76,-4.96%,18.9693,18773110.360918,16.02%,8390508.0,8386621.0
EXLS,3874.0,0.0314%,31.34,1.19%,31.4054,1814164.53089,-21.70%,12333088.0,12329214.0
RR,3867.0,0.0436%,2.68,-2.55%,2.7076,19180453.11585,50.13%,8869938.0,8866071.0
CINF,3859.620000001043,0.0327%,162.05,1.01%,161.6642,777218.44182,32.04%,11813280.05,11809420.43
VNT,3859.0,0.0358%,30.67,-12.47%,31.3042,5339253.747956,170.30%,10780546.0,10776687.0
CLBK,3839.0,0.3413%,19.31,0.10%,19.3322,291255.32149,7.87%,1128591.0,1124752.0
CARG,3832.0,0.0380%,38.16,2.00%,37.911,1794573.749994,58.96%,10088299.0,10084467.0
CCK,3828.0,0.0446%,101.09,0.00%,101.2698,1494810.332081,80.51%,8583805.0,8579977.0
005930 KS,3825.0,0.1603%,0.0,0.00%,0.0,0.0,0.00%,2389987.0,2386162.0
SEPN,3820.0,0.3173%,23.98,-2.95%,24.0614,218327.20545,-29.22%,1207765.0,1203945.0
NBN,3817.0,0.8252%,125.63,-1.84%,127.0413,80020.142593,-14.25%,466385.0,462568.0
NCMI,3815.0,0.1468%,3.71,3.63%,3.6983,175540.08974,-7.10%,2602644.0,2598829.0
AON,3813.320000000298,0.0350%,313.59,1.73%,313.2467,1858930.082802,25.87%,10910453.59,10906640.27
HRB,3813.0,0.0287%,36.29,23.77%,35.9791,6670593.982001,108.91%,13276937.0,13273124.0
BRBS,3805.0,0.1680%,3.5,2.04%,3.4889,227118.21002,10.81%,2268452.0,2264647.0
PGC,3803.0,0.5000%,42.62,-1.32%,42.8514,83199.38204,-17.60%,764383.0,760580.0
TDW,3796.0,0.0532%,77.86,-4.72%,78.2738,1263878.87001,21.60%,7139264.0,7135468.0
RTO,3795.0,0.0957%,33.65,-1.61%,33.7138,771471.04173,17.44%,3970355.0,3966560.0
FMBH,3794.0,0.4407%,43.71,0.32%,43.753,88802.3263,-23.27%,864665.0,860871.0
FRVIA FP,3780.0,1.6763%,0.0,0.00%,0.0,0.0,0.00%,229270.0,225490.0
FTRE,3773.0,0.0298%,15.57,-0.45%,15.7454,1635154.563471,-43.00%,12662237.0,12658464.0
PAA,3771.0,0.0630%,22.09,-0.36%,22.0473,3392112.458988,-18.96%,5994205.0,5990434.0
SAIL,3771.0,0.0710%,12.19,4.91%,12.2376,3238033.368189,-9.42%,5311962.0,5308191.0
WMG,3763.0,0.0413%,31.04,2.27%,30.9224,5529102.976588,47.01%,9110097.0,9106334.0
TRNO,3738.0,0.0284%,66.54,0.68%,66.5333,635820.138122,24.61%,13171384.0,13167646.0
VSTS,3737.0,0.0267%,9.29,0.76%,9.3384,1275942.767534,48.03%,14021636.0,14017899.0
SMG,3731.0,0.1146%,62.34,-0.81%,62.5354,760688.692734,-23.79%,3258848.0,3255117.0
16,3725.0,0.2901%,0.0,0.00%,0.0,0.0,0.00%,1287729.0,1284004.0
GBTG,3720.0,0.0753%,9.44,0.11%,9.444,6219194.227484,-17.88%,4946608.0,4942888.0
TRST,3719.0,0.1404%,48.43,-0.39%,48.57,94863.444457,16.30%,2653138.0,2649419.0
TARS,3711.0,0.1809%,63.96,-1.24%,62.7507,1567842.337564,66.72%,2055445.0,2051734.0
688249,3708.0,0.2783%,0.0,0.00%,0.0,0.0,0.00%,1336006.0,1332298.0
FTAI,3699.0,0.0853%,272.54,-4.56%,275.638,1764013.196271,-27.21%,4340616.0,4336917.0
TMP,3698.0,0.2189%,85.75,-0.08%,85.8333,41707.69469,-19.40%,1692831.0,1689133.0
NMIH,3682.0,0.0371%,38.58,0.86%,38.5854,671009.926165,3.06%,9931294.0,9927612.0
SWBI,3674.0,0.1636%,14.73,-1.21%,14.6309,489789.632018,15.32%,2248785.0,2245111.0
UFI,3671.0,10.0249%,4.04,4.12%,3.999,132171.3247,12.07%,40290.0,36619.0
MXL,3670.0,0.0250%,82.37,1.40%,83.6084,5558371.078845,22.95%,14664640.0,14660970.0
JKHY,3668.1500000003725,0.0600%,146.03,2.20%,145.739,1202956.212238,-37.76%,6114704.03,6111035.88
CWT,3657.0,0.0439%,43.62,1.37%,43.5762,547250.196952,23.37%,8337782.0,8334125.0
NFG,3656.0,0.0421%,80.22,-1.58%,80.3455,1178486.188725,17.90%,8683157.0,8679501.0
FBRT,3645.0,0.0247%,9.04,-1.20%,9.0867,715461.878701,-19.67%,14777771.0,14774126.0
UVV,3642.0,0.0959%,53.76,-0.26%,54.1024,168546.918904,6.91%,3803210.0,3799568.0
AIP,3626.0,0.2544%,29.75,-5.28%,30.1408,857931.714638,-7.17%,1428737.0,1425111.0
PHIN,3621.0,0.0703%,78.45,0.11%,78.5076,329121.413033,-25.78%,5154717.0,5151096.0
G,3613.0,0.0283%,34.48,2.01%,34.4152,3379265.302769,-0.21%,12774754.0,12771141.0
NWE,3611.0,0.0592%,72.41,1.87%,72.3504,479592.733766,0.56%,6099805.0,6096194.0
300408,3600.0,0.2738%,0.0,0.00%,0.0,0.0,0.00%,1318512.0,1314912.0
002463,3600.0,0.2700%,0.0,0.00%,0.0,0.0,0.00%,1337164.0,1333564.0
LSCC,3593.0,0.0314%,119.92,-4.21%,120.3512,3173851.793009,1.36%,11446789.0,11443196.0
SRCE,3585.0,0.3938%,73.66,-0.22%,73.8437,109681.504897,38.92%,913937.0,910352.0
SNA,3579.3499999996275,0.1066%,370.67,-4.05%,371.719,668753.151382,126.13%,3361768.67,3358189.3200000003
ALTI,3554.0,0.2426%,3.82,1.60%,3.841,178783.613943,18.20%,1468371.0,1464817.0
AQST,3551.0,0.0793%,4.23,0.00%,4.2192,1307334.400473,-19.73%,4479043.0,4475492.0
CC,3544.0,0.0190%,22.41,-5.32%,22.8771,4777417.86886,-32.40%,18656902.0,18653358.0
CDZI,3540.0,0.1768%,4.79,1.48%,4.7763,696771.464472,19.83%,2005248.0,2001708.0
CAMT,3528.0,1.3762%,193.08,-4.67%,193.3966,228140.133916,-11.69%,259890.0,256362.0
KNF,3514.0,0.0641%,88.73,-3.04%,89.3934,424561.150288,-26.58%,5486117.0,5482603.0
HUBB,3510.7000000001863,0.1123%,493.04,-1.85%,493.7782,725261.022614,-8.97%,3129515.04,3126004.34
CAMP,3508.0,4.8182%,4.34,6.90%,4.23,46455.931722,45.88%,76316.0,72808.0
VECO,3502.0,0.0445%,57.72,-6.92%,58.9143,2941459.283568,-47.62%,7879260.0,7875758.0
600570,3500.0,0.2667%,0.0,0.00%,0.0,0.0,0.00%,1315775.0,1312275.0
RGEN,3488.0,0.0856%,126.43,0.53%,125.6364,935896.72257,-42.42%,4078925.0,4075437.0
AXSM,3481.0,0.1689%,220.22,-1.08%,219.4372,919211.254213,64.16%,2063906.0,2060425.0
ELDN,3474.0,0.1314%,3.86,1.58%,3.819,1332104.780956,-32.07%,2646716.0,2643242.0
FCBC,3473.0,0.5646%,43.25,0.16%,43.3334,65551.0072,-20.94%,618622.0,615149.0
IFX GR,3472.0,0.3148%,0.0,0.00%,0.0,0.0,0.00%,1106553.0,1103081.0
UAA,3470.0,0.0181%,6.39,-1.08%,6.4376,6670298.934285,40.35%,19204503.0,19201033.0
WEN,3461.0,0.0193%,6.95,4.51%,6.7888,14736908.815355,65.07%,17956382.0,17952921.0
LYC,3438.0,0.6801%,0.0,0.00%,0.0,0.0,0.00%,508954.0,505516.0
WHWK,3432.0,3.5958%,3.94,-5.06%,3.9732,136468.602516,-7.27%,98876.0,95444.0
HOG,3420.0,0.0401%,23.64,-0.84%,23.8022,3303224.298169,-34.57%,8530272.0,8526852.0
NAGE,3420.0,0.1727%,4.19,-15.69%,4.2196,2207871.396685,72.47%,1983778.0,1980358.0
WSC,3414.0,0.0187%,23.3,-0.43%,23.4429,3018421.848272,12.02%,18292997.0,18289583.0
BRBR,3413.0,0.0417%,10.46,-5.77%,10.8143,6850789.083783,-39.69%,8183176.0,8179763.0
BAH,3413.0,0.0345%,76.85,0.75%,76.8366,1544524.443114,4.35%,9905575.0,9902162.0
8015,3413.0,0.4874%,0.0,0.00%,0.0,0.0,0.00%,703704.0,700291.0
BFC,3412.0,0.7008%,145.0,-0.51%,146.3705,60751.374357,-35.13%,490314.0,486902.0
FR,3412.0,0.0324%,62.42,-0.16%,62.4496,885738.181003,-8.05%,10534825.0,10531413.0
BHRB,3410.0,0.4848%,63.48,0.21%,63.6942,101719.712846,-17.11%,706774.0,703364.0
OTTR,3409.0,0.0677%,87.84,-1.18%,88.0125,318688.022913,11.23%,5037830.0,5034421.0
KBANK-R,3400.0,0.2169%,0.0,0.00%,0.0,0.0,0.00%,1570727.0,1567327.0
VOYG,3369.0,0.1118%,25.62,-3.79%,26.0165,2238339.844826,-2.87%,3017944.0,3014575.0
JAZZ,3361.0,0.0762%,226.96,-0.70%,226.0487,1129460.136342,-47.42%,4412288.0,4408927.0
1605,3356.0,0.1070%,0.0,0.00%,0.0,0.0,0.00%,3139914.0,3136558.0
COIN,3354.0,0.0267%,192.96,-2.53%,192.4364,9158065.390993,17.94%,12554941.96,12551587.96
688256,3347.0,1.1451%,0.0,0.00%,0.0,0.0,0.00%,295624.0,292277.0
APD,3340.7799999993294,0.0281%,294.99,-1.74%,294.3746,1216430.485206,38.58%,11890435.99,11887095.21
BIPC,3329.0,0.0764%,39.14,-0.94%,39.2866,998731.217459,-52.43%,4360111.0,4356782.0
CDLR,3328.0,1.3222%,28.81,-0.48%,28.8522,55600.154709,18.59%,255036.0,251708.0
ELS,3321.0,0.0189%,63.29,-0.05%,63.2254,1341295.732648,22.83%,17590010.0,17586689.0
MBWM,3320.0,0.4404%,52.01,-0.33%,52.1703,77284.024264,20.10%,757155.0,753835.0
HCKT,3316.0,0.2905%,11.41,11.75%,11.283,731288.547871,-46.93%,1144782.0,1141466.0
UOL,3312.0,0.6088%,0.0,0.00%,0.0,0.0,0.00%,547313.0,544001.0
PII,3310.0,0.0569%,67.06,0.03%,67.1114,1035885.665962,33.13%,5824487.0,5821177.0
300383,3300.0,0.2767%,0.0,0.00%,0.0,0.0,0.00%,1196003.0,1192703.0
600584,3300.0,0.2706%,0.0,0.00%,0.0,0.0,0.00%,1222745.0,1219445.0
NIC,3299.0,0.2353%,146.69,-0.91%,146.9766,87857.290784,-39.77%,1405489.0,1402190.0
NBR,3295.0,0.3053%,96.52,-2.93%,96.198,356339.983317,-9.84%,1082709.0,1079414.0
RBLX,3283.0,0.0256%,44.78,2.33%,45.0285,10619796.310151,-24.09%,12818293.0,12815010.0
OSG,3279.0,0.2018%,6.05,43.36%,5.8011,7747062.679769,433.89%,1628140.0,1624861.0
KRC,3270.0,0.0380%,34.57,-1.48%,34.8005,2983138.823928,49.55%,8608392.0,8605122.0
5016,3267.0,0.3872%,0.0,0.00%,0.0,0.0,0.00%,847020.0,843753.0
SIGA,3258.0,0.2137%,4.73,0.64%,4.7725,615251.285502,44.27%,1527903.0,1524645.0
STNE,3255.0,0.0383%,11.04,-2.90%,11.0876,6117015.487524,46.56%,8510708.0,8507453.0
AGN,3255.0,0.4493%,0.0,0.00%,0.0,0.0,0.00%,727778.0,724523.0
DPZ,3252.8700000001118,0.1616%,332.53,2.42%,332.046,1035919.884981,-8.51%,2015675.53,2012422.66
VOXR,3250.0,0.1591%,5.825,-0.09%,5.9347,427235.608834,23.87%,2046164.0,2042914.0
TTC,3248.0,0.0391%,95.38,-0.57%,95.7542,575626.425993,1.27%,8305818.0,8302570.0
1929,3245.0,0.2000%,0.0,0.00%,0.0,0.0,0.00%,1625581.0,1622336.0
EQBK,3236.0,0.4209%,45.79,-0.15%,45.838,73351.395067,-44.80%,772120.0,768884.0
000660 KS,3235.0,0.5826%,0.0,0.00%,0.0,0.0,0.00%,558485.0,555250.0
CAC,3229.0,0.3905%,48.62,-1.00%,48.8109,123072.50247,-2.40%,830018.0,826789.0
ENOV,3228.0,0.0436%,27.25,9.66%,27.0087,1941036.339994,77.01%,7410885.0,7407657.0
GEO,3215.0,0.0188%,21.22,-4.41%,21.3271,3507824.47981,-36.65%,17103307.0,17100092.0
TRS,3212.0,0.2719%,41.88,0.65%,41.8272,885554.839077,43.79%,1184571.0,1181359.0
RDN,3212.0,0.0182%,37.62,5.29%,36.9755,3118011.884817,101.11%,17651036.0,17647824.0
NDSN,3209.189999999944,0.0876%,284.13,-0.98%,284.2817,353933.616874,35.63%,3666861.13,3663651.94
6857,3204.0,0.4700%,0.0,0.00%,0.0,0.0,0.00%,684884.0,681680.0
NDA FI,3201.0,0.1042%,0.0,0.00%,0.0,0.0,0.00%,3075132.0,3071931.0
FOSL,3194.0,0.2385%,4.49,0.67%,4.4829,434277.6039,-33.82%,1342300.0,1339106.0
BLK,3192.1699999999255,0.0459%,1067.74,-0.54%,1067.6369,477264.936515,-28.00%,6951673.74,6948481.57
SON,3189.0,0.0252%,51.71,-1.13%,51.9687,929928.564441,-37.72%,12671212.0,12668023.0
RGP,3182.0,0.2614%,4.46,2.76%,4.4437,436707.894757,121.49%,1220536.0,1217354.0
CGNX,3173.0,0.0248%,65.92,5.88%,67.8935,8013259.711301,15.53%,12802512.0,12799339.0
COLL,3171.0,0.0663%,39.33,7.72%,38.8448,913854.87292,1.44%,4783065.0,4779894.0
CPAY,3170.320000000298,0.0736%,305.75,0.10%,305.6388,731445.538099,0.71%,4312566.75,4309396.43
MED,3164.0,0.5498%,12.69,0.00%,12.7007,193609.275528,-35.99%,578636.0,575472.0
LRMR,3164.0,0.1533%,4.0,-3.61%,3.966,1557217.582861,-35.52%,2066476.0,2063312.0
WOR,3159.0,0.0749%,55.67,-0.41%,55.969,140407.99313,-3.17%,4219436.0,4216277.0
L1G,3141.0,0.5524%,0.0,0.00%,0.0,0.0,0.00%,571750.0,568609.0
VYGR,3124.0,0.1480%,3.96,-5.04%,3.9883,460251.265388,-44.83%,2113844.0,2110720.0
CLVT,3119.0,0.0520%,2.79,0.36%,2.8386,5322765.297341,19.71%,6004062.0,6000943.0
CTBI,3118.0,0.4135%,66.31,0.06%,66.471,70224.334731,-11.78%,757119.0,754001.0
RDW,3116.0,0.0279%,9.2,-4.56%,9.4169,32006983.964634,2.82%,11181314.0,11178198.0
FLS,3107.0,0.0355%,71.54,-2.51%,72.1818,3085871.581802,-21.99%,8750316.0,8747209.0
ADC,3103.0,0.0313%,76.33,-0.22%,76.2965,1051880.996585,-30.40%,9913590.0,9910487.0
2345 TT,3100.0,17.7671%,0.0,0.00%,0.0,0.0,0.00%,20548.0,17448.0
600460,3100.0,0.2709%,0.0,0.00%,0.0,0.0,0.00%,1147411.0,1144311.0
BROS,3095.0,0.0331%,53.54,-9.35%,53.2667,12790854.555069,28.24%,9362297.0,9359202.0
FNKO,3087.0,0.1825%,4.46,1.83%,4.5774,1165576.459671,141.57%,1694702.0,1691615.0
GLNG,3086.0,0.0956%,55.03,0.68%,54.6904,1834729.117603,40.61%,3229524.0,3226438.0
PTON,3079.0,0.0208%,5.66,8.85%,5.5991,39759591.22483,153.18%,14817049.0,14813970.0
CIT,3078.0,0.6057%,0.0,0.00%,0.0,0.0,0.00%,511286.0,508208.0
EME,3076.310000000056,0.0942%,924.06,-2.09%,925.4666,357960.691547,-36.36%,3270305.06,3267228.75
APEI,3073.0,0.4016%,54.71,-2.15%,54.6431,317157.649963,63.24%,768328.0,765255.0
FTDR,3072.0,0.0349%,67.92,2.72%,67.8816,759207.375606,62.91%,8798766.0,8795694.0
MTZ,3065.0,0.0610%,412.27,-4.85%,413.1558,1143052.641306,-0.60%,5029343.0,5026278.0
REP,3064.0,0.3272%,0.0,0.00%,0.0,0.0,0.00%,939542.0,936478.0
FIX,3062.529999999795,0.1226%,1942.02,-3.45%,1936.6557,506149.869007,16.98%,2500918.02,2497855.49
FDS,3059.189999999944,0.0928%,223.98,5.76%,222.6587,813909.821169,-1.14%,3300761.98,3297702.79
GABC,3047.0,0.2381%,44.08,0.82%,44.0764,106254.59502,32.40%,1282876.0,1279829.0
BATS,3044.0,0.2311%,0.0,0.00%,0.0,0.0,0.00%,1320465.0,1317421.0
CAVA,3034.0,0.0413%,84.47,-5.63%,83.7302,4948366.790976,137.27%,7355508.0,7352474.0
ABN,3033.0,0.5777%,0.0,0.00%,0.0,0.0,0.00%,528008.0,524975.0
CZR,3030.0,0.0148%,27.78,0.07%,27.7649,2419379.808071,15.25%,20450147.0,20447117.0
UFPI,3020.0,0.0528%,83.86,-0.47%,84.0,776141.806103,70.86%,5719026.0,5716006.0
ANGI,3013.0,0.2006%,5.24,9.17%,5.1077,3252528.503646,-54.36%,1504797.0,1501784.0
LFCR,3011.0,0.3172%,4.77,-3.83%,4.8164,195865.316965,-11.68%,952263.0,949252.0
AVT,3006.0,0.0483%,80.86,-3.39%,81.0967,1122778.210799,-44.10%,6231514.0,6228508.0
002056,3000.0,0.2615%,0.0,0.00%,0.0,0.0,0.00%,1150155.0,1147155.0
000158,3000.0,0.2696%,0.0,0.00%,0.0,0.0,0.00%,1115714.0,1112714.0
GCT,2984.0,0.3204%,42.84,-4.78%,43.7779,1594860.004019,53.91%,934243.0,931259.0
ACHV,2967.0,2.4631%,4.79,-0.21%,4.7685,761079.234602,-40.93%,123423.0,120456.0
BXMT,2965.0,0.0133%,19.15,-0.73%,19.1919,900611.184207,-29.95%,22290171.0,22287206.0
AIOT,2961.0,0.0551%,3.4,2.72%,3.3875,953913.960387,3.30%,5374454.0,5371493.0
DERM,2956.0,0.4633%,5.0,-4.03%,5.0571,149429.578,-35.17%,641032.0,638076.0
IDA,2952.0,0.0533%,143.17,-0.63%,143.2943,511127.5096,37.53%,5539661.0,5536709.0
JRVR,2942.0,0.2126%,4.3,-4.55%,4.4393,722957.030574,-27.41%,1386659.0,1383717.0
ITT,2942.0,0.0482%,207.79,-4.08%,208.9295,1045886.661127,-20.74%,6109065.0,6106123.0
PPTA,2939.0,0.0945%,28.51,-4.65%,29.1858,2485291.576583,87.92%,3112923.0,3109984.0
SAND,2936.0,0.4269%,0.0,0.00%,0.0,0.0,0.00%,690752.0,687816.0
JKS,2928.0,0.1475%,23.33,-1.56%,23.2973,522793.041127,13.91%,1988235.0,1985307.0
5802,2926.0,0.4678%,0.0,0.00%,0.0,0.0,0.00%,628391.0,625465.0
PLBC,2917.0,1.3485%,51.96,0.55%,51.9183,30138.618753,58.50%,219227.0,216310.0
CW,2914.0,0.0756%,724.43,-2.48%,727.3773,391848.570038,41.26%,3856022.0,3853108.0
PHM,2913.7200000006706,0.0186%,116.82,-2.73%,117.3233,1450700.712712,-33.84%,15698108.82,15695195.1
AVR,2913.0,0.1051%,6.51,1.88%,6.47,490675.012875,-23.01%,2773828.0,2770915.0
LFST,2909.0,0.0127%,8.85,20.24%,8.4798,13799881.954639,269.07%,22946992.0,22944083.0
KLAR,2908.0,2.4817%,14.72,3.01%,14.7333,3975509.059296,-0.57%,120086.0,117178.0
SATL,2906.0,0.0932%,6.62,-7.28%,6.7643,6790374.453417,-24.73%,3121567.0,3118661.0
EPR,2904.0,0.0387%,57.88,2.75%,58.1068,1004050.476941,37.19%,7502576.0,7499672.0
NEXT,2901.0,0.0385%,7.62,1.87%,7.4286,3949829.712529,23.23%,7540820.0,7537919.0
002373,2900.0,0.2520%,0.0,0.00%,0.0,0.0,0.00%,1153482.0,1150582.0
000021,2900.0,0.2657%,0.0,0.00%,0.0,0.0,0.00%,1094398.0,1091498.0
VGNT,2892.0,0.0414%,39.0,-6.14%,39.6187,1938534.937193,-31.78%,6987400.0,6984508.0
SCL,2887.0,0.1048%,51.9,-1.87%,52.3033,115976.313852,0.99%,2758347.0,2755460.0
RBC,2880.0,0.1178%,611.54,-1.87%,615.1071,180873.350431,-15.98%,2447554.0,2444674.0
PRK,2869.0,0.1384%,174.78,0.07%,174.9471,82027.007348,-37.00%,2075156.0,2072287.0
YELP,2867.0,0.0386%,28.5,0.67%,28.6865,1240786.131207,26.25%,7432205.0,7429338.0
RBCAA,2865.0,0.8194%,76.82,-0.19%,77.1473,128011.986931,67.59%,352522.0,349657.0
XPEV,2863.0,0.0624%,15.55,-2.39%,15.647,5520223.180901,-11.73%,4593383.0,4590520.0
MASS,2841.0,0.2566%,8.08,0.25%,8.0868,543613.817948,-13.77%,1109864.0,1107023.0
AWR,2840.0,0.0522%,76.84,1.32%,76.6895,346860.170472,17.35%,5447241.0,5444401.0
VUZI,2837.0,0.0327%,2.86,-0.69%,2.8742,1090696.051209,-1.61%,8681499.0,8678662.0
DIOD,2835.0,0.0411%,112.59,-2.98%,113.711,1058825.530685,39.36%,6903318.0,6900483.0
SDLF,2826.0,0.6157%,0.0,0.00%,0.0,0.0,0.00%,461792.0,458966.0
1812,2810.0,0.6297%,0.0,0.00%,0.0,0.0,0.00%,449044.0,446234.0
ALV,2788.0,0.0522%,121.01,-0.20%,121.3407,677738.080407,-20.52%,5341589.0,5338801.0
LTRX,2780.0,1.4577%,5.83,-13.88%,5.7895,1972830.061386,106.25%,193491.0,190711.0
CBT,2773.0,0.0515%,81.28,-1.37%,81.3712,516529.308089,-31.92%,5383033.0,5380260.0
GL,2770.05999999959,0.0385%,152.45,-1.26%,152.6073,569093.43172,51.04%,7199777.45,7197007.390000001
HUBG,2757.0,0.0361%,43.01,-0.51%,43.057,680397.082153,-2.39%,7646665.0,7643908.0
SUPN,2750.0,0.0370%,52.28,1.61%,52.0624,1055334.522391,-45.10%,7428689.0,7425939.0
PECO,2736.0,0.0168%,40.05,-0.57%,40.0657,2461484.222153,204.01%,16244457.0,16241721.0
IIPR,2730.0,0.0647%,56.59,-1.92%,57.6415,319079.943196,-40.58%,4220386.0,4217656.0
GOSS,2730.0,0.0297%,0.3437,-1.86%,0.3385,3894951.525258,-14.44%,9198538.0,9195808.0
WLK,2724.0,0.0991%,97.38,-2.54%,98.0433,1413971.176057,-34.87%,2752345.0,2749621.0
ALHC,2720.0,0.0379%,18.25,0.61%,18.1779,2564207.419897,-36.74%,7179803.0,7177083.0
AMP,2719.5499999998137,0.0408%,458.84,-3.46%,462.2,604538.561724,17.61%,6660560.84,6657841.29
1803,2715.0,0.5665%,0.0,0.00%,0.0,0.0,0.00%,481979.0,479264.0
PHVS,2715.0,1.3999%,29.68,-1.43%,29.5381,213772.49532,-47.79%,196658.0,193943.0
HTB,2714.0,0.3695%,46.0,0.11%,46.1032,42510.0,4.90%,737173.0,734459.0
EWCZ,2714.0,0.2447%,5.82,0.34%,5.8212,5669099.329245,1603.08%,1112005.0,1109291.0
UWMC,2712.0,0.0505%,3.38,-3.15%,3.3904,25863025.046841,-47.67%,5368413.0,5365701.0
BMI,2702.0,0.0606%,122.56,-0.96%,122.813,466706.236571,-12.03%,4463484.0,4460782.0
000977,2700.0,0.2683%,0.0,0.00%,0.0,0.0,0.00%,1009136.0,1006436.0
SPFI,2700.0,0.4410%,41.1,-0.12%,41.2498,138582.0048,38.67%,614953.0,612253.0
300168,2700.0,0.2417%,0.0,0.00%,0.0,0.0,0.00%,1120006.0,1117306.0
002180,2700.0,0.2778%,0.0,0.00%,0.0,0.0,0.00%,974509.0,971809.0
SAFT,2699.0,0.1438%,72.87,-1.92%,71.9054,159520.027584,91.70%,1879776.0,1877077.0
SLGN,2698.0,0.0386%,40.26,-0.59%,40.4345,740244.528059,-1.00%,6990906.0,6988208.0
VOYA,2689.0,0.0315%,79.69,-0.96%,79.9726,2102990.149662,1.28%,8542162.0,8539473.0
SNX,2688.0,0.0480%,232.45,-0.63%,233.0312,842547.64891,12.46%,5608426.0,5605738.0
SEIC,2687.0,0.0311%,89.89,-1.40%,90.2717,602507.595612,-22.01%,8637624.0,8634937.0
INSW,2683.0,0.0492%,90.18,5.14%,89.8414,1224867.517986,35.66%,5453533.0,5450850.0
ESQ,2678.0,0.6743%,107.3,-1.60%,108.4767,80118.8998,61.49%,399813.0,397135.0
BNTX,2677.0,0.3266%,93.02,-2.35%,93.6353,1118942.997134,7.73%,822449.0,819772.0
MD,2677.0,0.0237%,22.93,3.24%,22.7553,1127003.211934,-31.14%,11286053.0,11283376.0
HTO,2662.0,0.0543%,57.16,-0.76%,57.3849,434578.986319,1.45%,4908727.0,4906065.0
RVSB,2662.0,0.4676%,5.45,3.81%,5.4235,38335.9904,1.62%,571968.0,569306.0
IMCR,2660.0,0.9592%,30.62,-0.36%,30.8034,358192.337443,8.44%,279979.0,277319.0
GEF,2643.0,0.1059%,68.0,-0.32%,68.1616,169205.25511,-10.23%,2498329.0,2495686.0
ERII,2643.0,0.0867%,9.43,-18.78%,9.6379,3622287.156582,398.30%,3051488.0,3048845.0
DOCN,2633.0,0.0360%,150.43,-6.56%,150.9357,6112224.305277,-1.53%,7324069.0,7321436.0
KGEI,2625.0,0.2386%,5.25,-0.19%,5.1919,203657.461506,-33.78%,1102653.0,1100028.0
7167,2622.0,0.4623%,0.0,0.00%,0.0,0.0,0.00%,569838.0,567216.0
MWH,2622.0,1.1822%,42.07,-0.47%,41.5369,837499.649735,-30.40%,224411.0,221789.0
MCW,2618.0,0.0216%,7.04,-0.14%,7.0392,1423640.368328,58.61%,12119713.0,12117095.0
WAY,2618.0,0.0186%,21.01,5.58%,21.036,2921565.817097,18.34%,14112671.0,14110053.0
6674 JP,2610.0,1.6814%,0.0,0.00%,0.0,0.0,0.00%,157842.0,155232.0
HRMY,2607.0,0.0458%,31.42,-4.15%,30.6745,2229964.881002,197.51%,5697131.0,5694524.0
NAVI,2605.0,0.0251%,8.79,0.69%,8.8332,837929.020669,-22.15%,10371766.0,10369161.0
SAABB,2603.0,0.4666%,0.0,0.00%,0.0,0.0,0.00%,560457.0,557854.0
002273,2600.0,0.2579%,0.0,0.00%,0.0,0.0,0.00%,1010932.0,1008332.0
TRP,2598.0,0.0410%,65.1,-0.60%,64.9649,1976721.250013,-15.61%,6331711.0,6329113.0
EPD,2595.0,0.0606%,37.73,0.45%,37.5134,3434775.169472,-24.86%,4287248.0,4284653.0
FELE,2585.0,0.0476%,99.94,-1.03%,100.373,390527.933898,122.06%,5430416.0,5427831.0
IAC,2579.0,0.0385%,43.12,2.06%,43.0488,1959669.80543,-11.72%,6694113.0,6691534.0
PRVA,2554.0,0.0177%,23.99,0.00%,23.5437,2868795.831112,116.49%,14468279.0,14465725.0
PFIS,2549.0,0.7356%,58.97,0.12%,59.0842,38907.1981,-47.04%,349050.0,346501.0
XP,2546.0,0.0481%,18.79,-3.99%,18.9353,4748622.009342,-21.01%,5292431.0,5289885.0
FUN,2542.0,0.0206%,22.76,15.59%,22.8419,6998934.488861,130.69%,12369474.0,12366932.0
CCOI,2539.0,0.0426%,16.32,-1.66%,16.4258,1370618.979517,-29.39%,5961791.0,5959252.0
SSP,2527.0,0.1020%,4.68,-5.07%,4.7467,980003.369966,69.64%,2478883.0,2476356.0
6702 JP,2525.0,0.1603%,0.0,0.00%,0.0,0.0,0.00%,1577701.0,1575176.0
VRE,2525.0,0.0237%,18.98,0.16%,18.9731,843786.879386,5.19%,10642384.0,10639859.0
HII,2520.179999999702,0.0600%,314.72,-1.51%,315.181,653007.482767,-30.41%,4204968.72,4202448.54
CPRI,2513.0,0.0230%,18.69,-3.11%,18.7849,2390052.331339,-21.88%,10908867.0,10906354.0
ASTS,2511.0,0.0482%,65.35,-7.54%,68.11,19441288.73419,4.08%,5208427.0,5205916.0
FDX,2508.7400000002235,0.0225%,375.93,-0.33%,376.2967,1580376.659538,-30.51%,11131388.93,11128880.19
DMAC,2506.0,0.2125%,6.53,0.15%,6.2698,308958.578364,67.20%,1182071.0,1179565.0
AGCO,2505.0,0.0585%,117.71,-2.10%,118.5324,531114.956875,-52.76%,4285907.0,4283402.0
PAYS,2504.0,0.1918%,6.71,2.76%,6.5837,1950863.639807,294.52%,1307975.0,1305471.0
LECO,2502.0,0.0509%,271.12,-1.37%,272.3526,347448.757099,-6.07%,4917016.0,4914514.0
300750 C2,2500.0,0.2123%,0.0,0.00%,0.0,0.0,0.00%,1180309.0,1177809.0
300115,2500.0,0.2752%,0.0,0.00%,0.0,0.0,0.00%,910772.0,908272.0
002371 C2,2500.0,0.2231%,0.0,0.00%,0.0,0.0,0.00%,1122940.0,1120440.0
PGY,2492.0,0.1133%,15.5,4.52%,15.7414,12749257.360698,152.14%,2201804.0,2199312.0
VIRT,2483.0,0.0291%,49.54,-1.30%,49.4514,963736.240351,-32.48%,8530814.0,8528331.0
HLI,2480.0,0.0537%,153.5,4.26%,152.2739,2204425.239466,57.20%,4617775.0,4615295.0
IIIV,2475.0,0.2277%,22.91,4.14%,22.8681,340276.833458,54.16%,1089400.0,1086925.0
PACK,2472.0,0.1428%,6.38,2.08%,6.447,890161.371043,-43.27%,1733314.0,1730842.0
PLUS,2466.0,0.0557%,86.8,4.01%,86.0739,299719.496236,60.84%,4433017.0,4430551.0
TNL,2464.0,0.0487%,65.91,1.43%,65.7968,1199921.94167,13.38%,5058468.0,5056004.0
MBC,2463.0,0.0147%,7.82,1.56%,7.8517,4245503.796115,-54.71%,16802727.0,16800264.0
OI,2458.0,0.0125%,9.01,-0.88%,9.1052,1987326.856879,-31.93%,19610382.0,19607924.0
INGR,2453.0,0.0468%,107.36,0.93%,107.4082,657302.866627,-39.31%,5239313.0,5236860.0
AMPY,2453.0,0.5489%,5.44,-1.81%,5.3559,966961.712274,19.13%,449314.0,446861.0
TREX,2451.0,0.0305%,39.19,-1.80%,40.1457,4390456.613706,29.52%,8044337.0,8041886.0
AMP IM,2450.0,0.1583%,0.0,0.00%,0.0,0.0,0.00%,1550288.0,1547838.0
PBI,2444.0,0.0133%,15.58,3.66%,15.5982,4324065.634017,-41.51%,18321747.0,18319303.0
HCSG,2441.0,0.0264%,22.31,1.09%,22.3476,744479.145469,23.06%,9255080.0,9252639.0
TPC,2441.0,0.1211%,81.96,-15.49%,81.2634,1402725.090834,74.45%,2017939.0,2015498.0
SPXC,2434.0,0.0501%,205.27,-3.51%,207.5317,503316.594972,5.18%,4864573.0,4862139.0
CCO,2433.0,0.1512%,2.39,0.42%,2.3839,4041733.294842,-30.54%,1611736.0,1609303.0
STMPA FP,2430.0,1.6776%,0.0,0.00%,0.0,0.0,0.00%,147277.0,144847.0
DBI,2428.0,0.1446%,6.98,-1.27%,6.9679,256117.058563,-35.87%,1680989.0,1678561.0
300316,2400.0,0.2678%,0.0,0.00%,0.0,0.0,0.00%,898582.0,896182.0
688396,2400.0,0.2822%,0.0,0.00%,0.0,0.0,0.00%,852831.0,850431.0
NATGATE,2400.0,0.2458%,0.0,0.00%,0.0,0.0,0.00%,978800.0,976400.0
ONC,2396.0,0.4201%,317.0,1.17%,314.7183,441188.457004,14.29%,572776.0,570380.0
THFF,2372.0,0.4193%,67.68,0.43%,67.7599,88215.648894,16.26%,568128.0,565756.0
BC,2369.0,0.0436%,80.77,-0.85%,80.9376,604502.251441,4.77%,5441601.0,5439232.0
MTX,2366.0,0.0611%,77.81,-1.87%,78.1007,216647.459183,-38.27%,3873539.0,3871173.0
CNTA,2364.0,0.4542%,39.61,0.03%,39.6168,1724530.902921,97.30%,522826.0,520462.0
PRIM,2353.0,0.0325%,107.98,6.67%,107.688,5377476.839954,-59.15%,7239994.0,7237641.0
LNTH,2346.0,0.0375%,91.0,5.63%,90.6689,1729501.094398,60.17%,6252791.0,6250445.0
7211,2341.0,0.3159%,0.0,0.00%,0.0,0.0,0.00%,743325.0,740984.0
SANM,2332.0,0.0323%,237.09,-0.61%,237.2601,1194256.128877,-18.65%,7218171.0,7215839.0
HBCP,2326.0,0.8403%,65.4,1.52%,65.3109,74966.64305,18.79%,279137.0,276811.0
028260 KS,2322.0,0.3065%,0.0,0.00%,0.0,0.0,0.00%,759813.0,757491.0
UHAL/B,2320.0,1.2800%,0.0,0.00%,0.0,0.0,0.00%,183568.0,181248.0
GSBC,2316.0,0.5405%,69.76,-0.49%,70.0062,121789.5598,-20.31%,430809.0,428493.0
FM,2313.0,0.6094%,0.0,0.00%,0.0,0.0,0.00%,381877.0,379564.0
603501,2300.0,0.2768%,0.0,0.00%,0.0,0.0,0.00%,833224.0,830924.0
002261,2300.0,0.2683%,0.0,0.00%,0.0,0.0,0.00%,859588.0,857288.0
WLY,2296.0,0.0399%,40.7,0.07%,40.8309,439101.740136,-3.91%,5762412.0,5760116.0
NG,2284.0,0.0242%,8.52,-5.65%,8.7764,7160738.069208,-2.53%,9431217.0,9428933.0
HIW,2283.0,0.0187%,25.57,-0.97%,25.7599,1564686.807887,21.49%,12200815.0,12198532.0
CIA,2281.0,0.1330%,5.66,0.71%,5.6467,104476.571467,53.61%,1717598.0,1715317.0
COUR,2280.0,0.0403%,6.27,3.98%,6.2018,5348631.434385,10.23%,5662289.0,5660009.0
METSO,2280.0,0.5643%,0.0,0.00%,0.0,0.0,0.00%,406322.0,404042.0
RMD,2278.25,0.0238%,206.89,-1.31%,207.6317,1315641.354508,-9.62%,9570508.89,9568230.64
GENI,2277.0,0.0312%,4.78,8.64%,4.5851,17178142.239716,191.01%,7289161.0,7286884.0
HROW,2275.0,0.1568%,39.05,-3.03%,39.3609,431462.255941,-39.49%,1453332.0,1451057.0
FLOC,2267.0,0.1913%,24.56,1.28%,24.2839,852417.7905,-7.90%,1187106.0,1184839.0
WTW,2266.660000000149,0.0368%,258.07,2.24%,257.0097,1019122.160251,-19.95%,6156917.07,6154650.41
HEXAB SS,2266.0,2.1827%,0.0,0.00%,0.0,0.0,0.00%,106081.0,103815.0
EOLS,2260.0,0.1033%,6.39,1.11%,6.4497,938533.252655,-38.56%,2189979.0,2187719.0
9898,2260.0,0.2787%,0.0,0.00%,0.0,0.0,0.00%,813282.0,811022.0
GRNT,2257.0,0.1148%,5.6,-1.75%,5.5323,1175053.409581,74.12%,1967529.0,1965272.0
MGDL,2250.0,0.6507%,0.0,0.00%,0.0,0.0,0.00%,348030.0,345780.0
DOCS,2247.0,0.0193%,26.03,1.32%,26.0512,2173565.426991,-17.63%,11631550.0,11629303.0
NEOG,2242.0,0.0083%,9.25,0.76%,9.2279,1635637.089115,11.55%,27135089.0,27132847.0
PDM,2240.0,0.0408%,8.49,0.47%,8.5526,1940837.941155,68.21%,5485937.0,5483697.0
THC,2236.0,0.0346%,194.13,-0.20%,194.7214,1485927.18554,-27.44%,6467959.0,6465723.0
1972,2235.0,0.1114%,0.0,0.00%,0.0,0.0,0.00%,2009220.0,2006985.0
YETI,2227.0,0.0373%,41.68,-1.84%,41.8546,1238034.918968,-38.53%,5973020.0,5970793.0
IHRT,2226.0,0.0496%,5.67,-3.41%,5.7982,1669824.275549,7.90%,4491751.0,4489525.0
INSE,2224.0,0.2473%,8.1,12.50%,7.9199,142237.329871,124.19%,901663.0,899439.0
RRX,2223.0,0.0502%,206.26,-10.85%,209.5037,3478971.06934,57.66%,4431622.0,4429399.0
PLNT,2221.0,0.0349%,44.01,-31.19%,43.1955,17245859.364265,335.48%,6374535.0,6372314.0
EZPW,2216.0,0.0353%,32.88,-1.67%,33.14,1817256.697417,121.93%,6270980.0,6268764.0
SSTI,2215.0,0.6679%,7.04,4.76%,6.9901,95644.728875,-39.16%,333875.0,331660.0
LEA,2214.0,0.0594%,135.29,-1.66%,135.9501,648768.253536,9.29%,3728080.0,3725866.0
BEN,2211.3600000068545,0.0056%,30.52,-2.05%,30.6353,4076429.876474,-20.94%,39346690.52,39344479.16
ECG,2211.0,0.0416%,158.42,-6.35%,157.3686,949280.966773,-28.38%,5317194.0,5314983.0
PDYN,2210.0,0.1827%,6.15,-4.80%,6.2086,1127390.834927,-10.74%,1211724.0,1209514.0
LPX,2207.0,0.0435%,75.49,4.14%,75.3919,2401821.21399,-12.20%,5077438.0,5075231.0
BEPC,2206.0,0.1050%,37.15,-0.67%,37.1803,1281889.470775,-52.35%,2102336.0,2100130.0
1113,2205.0,0.1681%,0.0,0.00%,0.0,0.0,0.00%,1313622.0,1311417.0
002212,2200.0,0.2373%,0.0,0.00%,0.0,0.0,0.00%,929274.0,927074.0
600718,2200.0,0.2359%,0.0,0.00%,0.0,0.0,0.00%,934614.0,932414.0
055550 KS,2200.0,22.1239%,0.0,0.00%,0.0,0.0,0.00%,12144.0,9944.0
688008,2200.0,0.2805%,0.0,0.00%,0.0,0.0,0.00%,786636.0,784436.0
DANSKE,2188.0,0.5973%,0.0,0.00%,0.0,0.0,0.00%,368496.0,366308.0
ICFI,2182.0,0.3021%,74.5,1.25%,74.4795,527809.79513,2.45%,724366.0,722184.0
CPK,2181.0,0.0687%,127.23,1.11%,127.21,302687.531045,173.96%,3177283.0,3175102.0
LW,2177.0,0.0153%,43.03,-0.46%,42.9638,1236904.228064,10.04%,14202094.0,14199917.0
CV,2176.0,0.2491%,7.19,2.57%,7.2862,75245.5,-2.35%,875624.0,873448.0
POWL,2176.0,0.0569%,305.93,-4.49%,306.2935,897090.899176,-17.96%,3823405.0,3821229.0
COLD,2175.0,0.0330%,14.97,17.87%,14.5788,14524159.891702,185.86%,6600449.0,6598274.0
IVZ,2172.4799999967217,0.0054%,26.83,-1.90%,26.9563,4832083.276743,-4.17%,40262520.83,40260348.35
PENN,2164.0,0.0163%,16.77,0.12%,16.7664,2638133.695393,-20.80%,13319000.0,13316836.0
TWO,2161.0,0.0116%,12.38,1.06%,12.3604,1852064.001817,-14.39%,18692479.0,18690318.0
CR,2150.0,0.0626%,181.75,0.08%,181.0312,634378.976593,2.19%,3438763.0,3436613.0
CVRX,2142.0,0.3873%,7.32,3.54%,7.2472,162632.795317,-41.65%,555220.0,553078.0
AMRC,2140.0,0.1076%,29.69,-5.90%,30.0824,429062.844907,-33.85%,1990519.0,1988379.0
ATMU,2140.0,0.0218%,54.84,1.09%,54.7941,1244126.530208,-18.11%,9820010.0,9817870.0
PAHC,2133.0,0.0711%,43.16,-26.22%,45.0614,1573110.33993,421.13%,3003166.0,3001033.0
PRMB,2133.0,0.0662%,22.24,12.32%,22.1959,9928262.91749,58.05%,3225182.0,3223049.0
BRK/B,2117.0,0.0861%,0.0,0.00%,0.0,0.0,0.00%,2460703.0,2458586.0
AAOI,2115.0,0.0835%,157.55,-11.76%,157.694,14494594.255315,59.15%,2533628.0,2531513.0
HQY,2114.0,0.0266%,83.99,0.89%,83.8446,475228.392278,-39.72%,7955997.0,7953883.0
MSCI,2110.230000000447,0.0486%,588.37,1.07%,586.183,670714.990776,-19.60%,4340812.37,4338702.14
WWW,2110.0,0.0206%,17.01,-1.39%,17.0935,943967.935183,36.89%,10256499.0,10254389.0
PBA,2106.0,0.0607%,44.96,0.29%,44.7024,974567.135788,-6.18%,3473689.0,3471583.0
ULS,2104.0,0.0453%,99.41,-5.22%,99.9154,901509.329063,-43.78%,4646702.0,4644598.0
BLFS,2102.0,0.0423%,23.12,6.30%,22.8383,530347.041128,76.10%,4966482.0,4964380.0
SGHC,2101.0,0.0373%,12.97,0.31%,12.9659,2165444.790286,-56.96%,5635001.0,5632900.0
5803 JP,2100.0,0.1556%,0.0,0.00%,0.0,0.0,0.00%,1351608.0,1349508.0
601138,2100.0,0.6085%,0.0,0.00%,0.0,0.0,0.00%,347200.0,345100.0
603000,2100.0,0.2768%,0.0,0.00%,0.0,0.0,0.00%,760863.0,758763.0
CON,2085.0,0.0142%,23.6,3.42%,23.269,2089750.673197,313.32%,14715433.0,14713348.0
WTS,2081.0,0.0723%,294.14,0.74%,301.961,462908.065356,22.25%,2879885.0,2877804.0
IMMR,2079.0,0.1786%,6.49,-0.76%,6.5379,529345.337418,20.44%,1166270.0,1164191.0
ESAB,2077.0,0.0542%,102.39,0.85%,103.3578,807620.740812,12.27%,3831131.0,3829054.0
ALMB,2075.0,0.4126%,0.0,0.00%,0.0,0.0,0.00%,504923.0,502848.0
DNOW,2075.0,0.0088%,13.05,-3.33%,13.0651,8327600.573452,109.20%,23581144.0,23579069.0
HEXAB,2066.0,0.3535%,0.0,0.00%,0.0,0.0,0.00%,586484.0,584418.0
AEC CN,2064.0,0.3063%,0.0,0.00%,0.0,0.0,0.00%,675875.0,673811.0
PIPR,2060.0,0.0239%,80.46,-0.14%,80.5857,499514.250152,-29.00%,8634235.0,8632175.0
AIZ,2049.1899999994785,0.0385%,233.8,-1.19%,234.0978,439256.474113,-31.15%,5328286.8,5326237.61
EVTC,2040.0,0.0261%,23.36,-17.05%,23.7842,2218238.144016,589.16%,7822518.0,7820478.0
TLN,2039.0,0.0543%,390.55,-4.74%,392.0833,841089.39889,-28.92%,3755478.0,3753439.0
CERT,2030.0,0.0168%,6.31,0.80%,6.3172,2000418.735091,-6.94%,12102467.0,12100437.0
MQ,2028.0,0.0147%,4.19,1.33%,4.1947,4179009.998466,-44.77%,13781352.0,13779324.0
5831,2025.0,0.6302%,0.0,0.00%,0.0,0.0,0.00%,323349.0,321324.0
NPKI,2022.0,0.0569%,15.43,-1.78%,15.5661,1080686.492369,61.26%,3553995.0,3551973.0
SRI,2018.0,2.6937%,7.63,8.07%,7.455,261185.698716,16.72%,76933.0,74915.0
QUAD,2014.0,0.1933%,7.66,2.82%,7.6174,189478.748616,-18.38%,1044067.0,1042053.0
MTSI,2010.0,0.0299%,344.47,11.19%,334.7145,2801192.488191,49.75%,6719030.0,6717020.0
AVAH,2007.0,0.0937%,6.94,2.66%,6.8984,1480759.782958,-33.57%,2144375.0,2142368.0
RZLV,2004.0,0.0259%,2.39,0.84%,2.4362,15705634.122529,-20.03%,7729324.0,7727320.0
AMPH,2003.0,0.0390%,24.03,0.54%,24.0344,373521.186456,-4.90%,5139890.0,5137887.0
ATR,2003.0,0.0388%,125.11,2.02%,125.3463,749729.908048,-20.31%,5160446.0,5158443.0
GPCR,2002.0,0.4703%,39.15,-4.14%,39.4478,985103.005701,13.58%,427658.0,425656.0
000062,2000.0,0.2780%,0.0,0.00%,0.0,0.0,0.00%,721399.0,719399.0
2489,2000.0,0.3475%,0.0,0.00%,0.0,0.0,0.00%,577585.0,575585.0
300001,2000.0,0.2670%,0.0,0.00%,0.0,0.0,0.00%,751041.0,749041.0
300682,2000.0,0.2763%,0.0,0.00%,0.0,0.0,0.00%,725764.0,723764.0
FN,1990.0,0.0554%,626.12,-7.80%,628.9602,1405552.258005,29.15%,3593293.0,3591303.0
751,1981.0,0.1434%,0.0,0.00%,0.0,0.0,0.00%,1382987.0,1381006.0
STRL,1967.0,0.0560%,811.41,-8.44%,826.4488,1053642.553122,-21.83%,3514012.0,3512045.0
WH,1963.0,0.0345%,83.84,0.64%,84.3219,1254337.292598,2.80%,5698613.0,5696650.0
9532,1959.0,0.4802%,0.0,0.00%,0.0,0.0,0.00%,409897.0,407938.0
IPO,1957.0,0.0892%,50.366,-3.68%,50.7589,19506.310043,-6.59%,2196984.0,2195027.0
JBHT,1956.140000000596,0.0364%,242.19,-1.57%,242.8818,893485.613861,10.63%,5375469.19,5373513.05
MIN AU,1955.0,0.2128%,0.0,0.00%,0.0,0.0,0.00%,920759.0,918804.0
GVA,1946.0,0.0333%,141.23,-0.81%,141.3337,804167.11687,33.99%,5850437.0,5848491.0
THO,1946.0,0.0516%,76.94,-0.31%,76.8631,724617.984061,38.99%,3771868.0,3769922.0
SMBC,1943.0,0.4365%,69.58,0.56%,69.5361,76233.522241,56.67%,447110.0,445167.0
ILPT,1941.0,0.0686%,7.91,0.64%,7.936,304712.096355,-21.97%,2831656.0,2829715.0
WHR,1937.0,0.0284%,48.21,-11.91%,47.2862,13619395.421204,243.28%,6828453.0,6826516.0
2914,1934.0,0.2739%,0.0,0.00%,0.0,0.0,0.00%,708022.0,706088.0
PLTK,1932.0,0.0324%,3.6,0.84%,3.4626,3157436.336816,274.59%,5972795.0,5970863.0
MMS,1931.0,0.0383%,66.66,4.24%,67.4987,1534953.649039,39.86%,5049156.0,5047225.0
BOOM,1927.0,0.2605%,7.33,-0.81%,7.222,259081.249251,-23.77%,741690.0,739763.0
VESTA*,1923.0,0.5523%,0.0,0.00%,0.0,0.0,0.00%,350075.0,348152.0
FULC,1920.0,0.0609%,6.88,-3.23%,6.9465,459330.61986,-15.98%,3152349.0,3150429.0
UCTT,1917.0,0.0331%,79.9,-4.27%,79.9369,983847.851028,-27.12%,5791432.0,5789515.0
BCO,1916.0,0.0474%,107.75,-1.16%,106.5863,857853.648264,52.27%,4046746.0,4044830.0
SPHR,1910.0,0.0569%,136.73,-5.02%,137.8292,684240.691479,10.05%,3358739.0,3356829.0
SWEDA,1906.0,0.3031%,0.0,0.00%,0.0,0.0,0.00%,630648.0,628742.0
SMPL,1902.0,0.0180%,12.44,-1.50%,12.5027,2076874.539586,-9.60%,10579474.0,10577572.0
6845 JP,1900.0,2.1566%,0.0,0.00%,0.0,0.0,0.00%,90000.0,88100.0
000997,1900.0,0.2681%,0.0,0.00%,0.0,0.0,0.00%,710635.0,708735.0
000988,1900.0,0.2729%,0.0,0.00%,0.0,0.0,0.00%,698236.0,696336.0
HGV,1899.0,0.0331%,48.62,0.02%,48.5776,700994.276071,-32.80%,5733377.0,5731478.0
OSK,1898.0,0.0344%,153.06,-2.33%,154.2084,802323.302902,-11.19%,5522894.0,5520996.0
DTIL,1894.0,3.6245%,7.48,-0.53%,7.4292,152459.804198,-54.13%,54150.0,52256.0
PGNY,1891.0,0.0189%,19.16,2.46%,19.0922,1830105.240816,22.13%,10008234.0,10006343.0
ESE,1889.0,0.0546%,332.77,-0.84%,334.1437,300210.56164,18.84%,3458694.0,3456805.0
RHI,1886.0,0.0146%,27.4,4.70%,27.3964,1704368.404263,36.22%,12940347.0,12938461.0
ACVA,1869.0,0.0318%,6.5,24.52%,6.3689,13348421.861237,44.84%,5878428.0,5876559.0
GOOD,1860.0,0.0604%,12.72,2.75%,12.6436,541074.931023,-28.16%,3081768.0,3079908.0
RELY,1859.0,0.0310%,22.79,-3.96%,22.8358,8384870.721269,23.51%,5989827.0,5987968.0
9531,1858.0,0.4530%,0.0,0.00%,0.0,0.0,0.00%,412041.0,410183.0
HLIO,1855.0,0.1538%,67.98,-2.62%,68.7128,228216.988472,25.05%,1208105.0,1206250.0
LGND,1852.0,0.0684%,210.33,-9.55%,210.9625,644042.914826,247.38%,2708603.0,2706751.0
MGNI,1843.0,0.0357%,14.0,4.56%,13.4779,6173480.629061,120.36%,5161825.0,5159982.0
1802,1842.0,0.3630%,0.0,0.00%,0.0,0.0,0.00%,509348.0,507506.0
ATOM,1837.0,0.1733%,8.1,-11.28%,8.4471,2403059.86325,-74.97%,1061960.0,1060123.0
8359,1836.0,0.5405%,0.0,0.00%,0.0,0.0,0.00%,341538.0,339702.0
EHC,1834.0,0.0259%,107.15,2.04%,106.779,1329102.210257,26.94%,7088525.0,7086691.0
SAP,1830.0,0.0614%,174.71,0.91%,177.1432,4428844.088599,-29.09%,2982434.0,2980604.0
SMHI,1828.0,0.2219%,7.55,-0.66%,7.5505,62390.101696,-44.39%,825475.0,823647.0
LPTH,1827.0,0.8078%,12.03,-6.53%,12.0245,3032624.564724,29.38%,228006.0,226179.0
FSS,1825.0,0.0245%,120.46,-3.34%,121.8815,471821.762538,-5.50%,7462004.0,7460179.0
CWST,1820.0,0.0240%,85.45,1.03%,85.7353,609133.66462,-10.04%,7596899.0,7595079.0
COKE,1817.0,0.0443%,177.61,-15.63%,175.9922,2145168.611891,233.78%,4099618.0,4097801.0
SLDB,1814.0,0.0586%,7.07,-1.81%,7.056,752729.913989,-66.73%,3097103.0,3095289.0
SHO,1808.0,0.0073%,10.35,0.98%,10.3303,1659876.744502,16.91%,24778697.0,24776889.0
BEZQ,1804.0,0.0926%,0.0,0.00%,0.0,0.0,0.00%,1950344.0,1948540.0
PAL,1804.0,0.2116%,7.34,0.27%,7.3903,177381.446665,47.18%,854504.0,852700.0
DGII,1800.0,0.0351%,62.03,5.40%,64.3352,648934.674999,146.02%,5130812.0,5129012.0
300458,1800.0,0.2662%,0.0,0.00%,0.0,0.0,0.00%,677994.8,676194.8
NSA,1800.0,0.0293%,43.33,-0.07%,43.1634,872407.035162,-31.96%,6148514.0,6146714.0
6781 TT,1800.0,1.9272%,0.0,0.00%,0.0,0.0,0.00%,95200.0,93400.0
1384,1800.0,100.0000%,0.0,0.00%,0.0,0.0,0.00%,1800.0,0.0
603228,1800.0,0.2620%,0.0,0.00%,0.0,0.0,0.00%,688920.0,687120.0
000555,1800.0,0.2347%,0.0,0.00%,0.0,0.0,0.00%,768814.0,767014.0
600446,1800.0,0.2786%,0.0,0.00%,0.0,0.0,0.00%,647823.0,646023.0
301236,1800.0,0.2752%,0.0,0.00%,0.0,0.0,0.00%,655847.0,654047.0
ARW,1796.0,0.0485%,189.83,-1.05%,189.8521,1769296.26433,-19.58%,3708402.0,3706606.0
SXT,1791.0,0.0331%,117.85,-1.07%,118.2326,357179.048219,-26.36%,5408849.0,5407058.0
8630,1790.0,0.4147%,0.0,0.00%,0.0,0.0,0.00%,433427.0,431637.0
HY,1783.0,0.2773%,36.86,-0.08%,36.9715,84948.55797,-33.65%,644811.0,643028.0
NHI,1775.0,0.0855%,75.07,1.58%,74.6237,648706.38664,-3.59%,2077007.0,2075232.0
RWE,1774.0,0.2679%,0.0,0.00%,0.0,0.0,0.00%,663942.0,662168.0
AEM,1772.0,0.4046%,187.77,-1.07%,190.6464,3821925.115117,48.59%,439713.0,437941.0
FET,1766.0,0.3141%,54.42,-2.91%,54.6288,166045.524885,-19.88%,564011.0,562245.0
AAON,1766.0,0.0349%,129.25,31.49%,136.5494,7697620.425898,263.43%,5063293.0,5061527.0
VMI,1765.0,0.0999%,509.16,-2.61%,511.2896,171369.300514,-8.87%,1767976.0,1766211.0
PPC,1752.0,0.0353%,30.4,-2.88%,30.6644,1503032.871073,-19.45%,4964979.0,4963227.0
TIETO FH,1750.0,0.1602%,0.0,0.00%,0.0,0.0,0.00%,1093971.0,1092221.0
EXPO,1748.0,0.0346%,63.44,-1.20%,63.7806,306459.266846,-15.78%,5055666.0,5053918.0
7181,1746.0,0.4500%,0.0,0.00%,0.0,0.0,0.00%,389765.0,388019.0
DKNG,1739.0,0.0180%,25.22,5.43%,24.9768,21597538.227025,11.82%,9673549.0,9671810.0
SMTC,1737.0,0.0138%,121.5,1.94%,120.845,3230816.849639,16.15%,12595217.0,12593480.0
MOGA,1737.0,0.0703%,0.0,0.00%,0.0,0.0,0.00%,2472343.0,2470606.0
CLFD,1733.0,0.3718%,37.49,23.81%,35.8347,791764.595091,496.07%,467879.0,466146.0
COCO,1729.0,0.0309%,68.205,-0.63%,68.148,911206.16529,-8.63%,5605201.0,5603472.0
AFRM,1726.0,0.0358%,67.36,2.71%,67.916,7446691.7734,23.63%,4818650.0,4816924.0
SAIC,1721.0,0.0502%,94.12,-0.25%,94.1806,602677.67012,14.95%,3429070.0,3427349.0
NRDS,1718.0,0.1045%,9.77,-12.77%,9.5367,2459157.329361,195.05%,1644960.0,1643242.0
BVS,1716.0,0.1032%,10.65,-2.47%,10.8152,887139.540414,-18.48%,1663881.0,1662165.0
L,1713.120000001043,0.0137%,104.41,-0.84%,104.7164,866506.026521,3.19%,12471492.41,12469779.29
WSR,1712.0,0.0290%,18.96,0.05%,18.9809,333770.549787,-42.97%,5909765.0,5908053.0
OPFI,1711.0,0.1820%,9.89,1.44%,10.3388,1449105.245431,104.50%,941813.0,940102.0
ELV AU,1710.0,0.2124%,0.0,0.00%,0.0,0.0,0.00%,806825.0,805115.0
CRSR,1707.0,0.0240%,7.09,-2.34%,7.2655,2073039.32766,65.35%,7127920.0,7126213.0
MCB,1707.0,0.2803%,90.15,-0.63%,90.6504,69393.659132,-8.63%,610678.0,608971.0
CHDN,1707.0,0.0346%,88.85,-3.69%,89.4229,1261040.497866,14.68%,4940379.0,4938672.0
DY,1705.0,0.0559%,426.36,-6.86%,431.5178,580722.581025,15.69%,3050166.0,3048461.0
RNAC,1702.0,0.4611%,8.16,-2.16%,8.0967,181013.545936,-34.98%,370842.0,369140.0
SGMT,1700.0,0.6292%,7.64,-8.83%,7.8108,1036496.489559,-34.52%,271874.0,270174.0
600536,1700.0,0.2649%,0.0,0.00%,0.0,0.0,0.00%,643531.0,641831.0
ADVANC-R,1700.0,0.4924%,0.0,0.00%,0.0,0.0,0.00%,346915.0,345215.0
MGTX,1693.0,0.0771%,9.68,-2.22%,9.6706,435679.864726,-11.93%,2198913.0,2197220.0
GOLF,1693.0,0.0459%,89.53,4.17%,88.8655,509724.321442,-40.58%,3689118.0,3687425.0
LENZ,1692.0,0.1732%,9.72,0.41%,9.6279,565521.707979,-50.44%,978578.0,976886.0
CALM,1691.0,0.0299%,75.74,-0.41%,75.8252,623673.836425,10.42%,5649490.0,5647799.0
MEDP,1689.0,0.0708%,428.71,0.45%,429.7564,346709.011138,-2.75%,2388854.0,2387165.0
NWPX,1689.0,0.3763%,109.48,-1.55%,109.3456,146949.661011,-22.37%,450553.0,448864.0
RWT,1688.0,0.0079%,5.58,0.18%,5.5592,906101.019244,-18.61%,21307559.0,21305871.0
ONTO,1684.0,0.0477%,274.17,-6.76%,279.1085,1176666.117388,-37.10%,3530379.0,3528695.0
6701 JP,1675.0,0.1614%,0.0,0.00%,0.0,0.0,0.00%,1039476.0,1037801.0
ABVX,1673.0,0.4569%,124.65,-1.49%,126.5203,1181518.612799,-4.73%,367822.0,366149.0
HAIN,1669.0,0.0405%,0.7369,-1.46%,0.7396,411787.0175,-45.00%,4121230.0,4119561.0
JOE,1667.0,0.0328%,65.05,-0.99%,65.1962,277887.215715,-31.55%,5077106.0,5075439.0
KAR,1666.0,0.4903%,0.0,0.00%,0.0,0.0,0.00%,341431.0,339765.0
UPST,1666.0,0.0532%,29.0,1.05%,29.2293,7132884.208495,-27.07%,3136115.0,3134449.0
MPLX,1665.0,0.0621%,56.27,1.10%,55.6567,2043995.887393,-67.24%,2683291.0,2681626.0
PSN,1665.0,0.0276%,51.22,-0.89%,51.4888,1532891.216778,11.02%,6036021.0,6034356.0
ENB,1661.0,0.0236%,53.99,-0.39%,53.8789,4749344.040581,6.80%,7039254.0,7037593.0
7752,1660.0,0.3772%,0.0,0.00%,0.0,0.0,0.00%,441781.0,440121.0
RNO FP,1656.0,1.6674%,0.0,0.00%,0.0,0.0,0.00%,100974.0,99318.0
EPAC,1651.0,0.0252%,35.54,-0.64%,35.5419,429375.952633,28.34%,6557918.0,6556267.0
BYD,1648.0,0.0349%,85.24,0.11%,85.2528,858864.91319,-6.98%,4722192.0,4720544.0
ENSG,1647.0,0.0301%,174.3,-0.93%,174.8736,634300.163254,-2.93%,5468018.0,5466371.0
MMSI,1647.0,0.0227%,62.33,1.14%,62.3912,771907.104761,-30.56%,7257445.0,7255798.0
RRBI,1644.0,0.8242%,92.12,-0.01%,92.7783,100432.2119,-6.19%,201117.0,199473.0
IMMX,1642.0,1.8874%,9.54,-7.56%,9.7163,649592.524215,-41.99%,88641.0,86999.0
XMTR,1642.0,0.1040%,78.5,39.18%,77.6369,4629818.93625,258.12%,1580724.0,1579082.0
GATX,1641.0,0.0488%,183.02,-8.28%,183.9821,490752.750157,110.76%,3365809.0,3364168.0
HAE,1638.0,0.0379%,54.37,3.23%,56.4105,1823976.861873,43.19%,4319359.0,4317721.0
WRT1V,1638.0,0.3399%,0.0,0.00%,0.0,0.0,0.00%,483595.0,481957.0
PANL,1637.0,0.1446%,7.87,0.64%,7.8586,452899.253053,5.40%,1133933.0,1132296.0
RHP,1636.0,0.0205%,110.42,-0.48%,110.9676,643422.944957,-17.70%,7964847.0,7963211.0
ATHM,1635.0,0.2479%,19.33,-0.21%,19.4342,628557.45456,1.35%,661288.0,659653.0
MGEE,1632.0,0.0336%,74.65,-7.61%,75.4345,1939665.86633,1112.04%,4852440.0,4850808.0
CNXC,1629.0,0.0474%,25.46,7.34%,25.0194,2475530.190398,69.07%,3439526.0,3437897.0
BBCP,1625.0,0.2047%,8.04,-0.50%,8.0331,102147.180017,16.84%,795615.0,793990.0
TWI,1622.0,0.0851%,8.01,-1.23%,8.1033,531542.426094,-28.08%,1907129.0,1905507.0
GSIT,1619.0,1.9035%,8.14,-7.50%,8.1905,1523228.238169,37.14%,86673.0,85054.0
SKYH,1618.0,0.2291%,9.96,-2.16%,10.0292,121858.0061,-34.19%,707949.0,706331.0
FOUR,1617.0,0.0282%,46.85,9.26%,47.2743,2888905.034906,5.20%,5727625.0,5726008.0
IVR,1615.0,0.0204%,8.03,0.12%,8.0285,2808705.972935,9.96%,7931256.0,7929641.0
8410,1615.0,0.4041%,0.0,0.00%,0.0,0.0,0.00%,401231.0,399616.0
PMT,1614.0,0.0095%,11.08,0.45%,11.0906,1485315.870882,-53.02%,16988557.0,16986943.0
688172,1614.0,0.2783%,0.0,0.00%,0.0,0.0,0.00%,581520.0,579906.0
BMO,1609.0,0.1227%,152.48,-1.64%,152.756,1105667.673873,42.37%,1313225.0,1311616.0
SHOO,1606.0,0.0181%,39.64,-0.95%,39.7578,1699316.910439,-27.85%,8857983.0,8856377.0
ARCT,1606.0,0.1238%,8.9,-2.52%,8.7218,491384.765012,18.09%,1299113.0,1297507.0
ARGX,1605.0,0.3656%,787.31,-2.51%,791.8045,704293.997792,62.56%,440667.0,439062.0
688568,1600.0,0.2922%,0.0,0.00%,0.0,0.0,0.00%,549182.0,547582.0
300476,1600.0,0.2706%,0.0,0.00%,0.0,0.0,0.00%,592823.0,591223.0
002049,1600.0,0.2720%,0.0,0.00%,0.0,0.0,0.00%,589934.0,588334.0
603296,1600.0,0.2734%,0.0,0.00%,0.0,0.0,0.00%,586827.0,585227.0
300166,1600.0,0.1898%,0.0,0.00%,0.0,0.0,0.00%,844783.0,843183.0
LGN,1596.0,0.0884%,97.44,-4.72%,97.301,1893290.515749,-3.06%,1806143.0,1804547.0
RILY,1592.0,0.0551%,8.69,-2.91%,8.7031,905036.443619,-1.28%,2889531.0,2887939.0
AXTI,1581.0,0.6864%,108.42,3.42%,105.4973,11765635.899868,-22.28%,231903.0,230322.0
SSTK,1580.0,0.0490%,16.99,3.03%,16.9166,202321.245264,-0.58%,3227356.0,3225776.0
KPTI,1579.0,2.6584%,8.85,-1.88%,8.868,168967.058008,-6.34%,60975.0,59396.0
BFS,1576.0,0.0771%,34.2,-0.03%,34.1565,60831.83005,38.42%,2046091.0,2044515.0
4062,1575.0,0.6611%,0.0,0.00%,0.0,0.0,0.00%,239821.0,238246.0
DVLT,1575.0,0.1326%,0.5143,-1.89%,0.4963,77359080.507057,28.22%,1189517.0,1187942.0
ELF,1571.0,0.0396%,61.79,0.59%,62.1968,2354687.150373,-5.03%,3973185.0,3971614.0
CLPT,1567.0,0.1557%,11.68,1.83%,11.6724,366262.142627,5.34%,1008106.0,1006539.0
TRAK,1567.0,0.3964%,10.15,4.42%,10.1777,122062.085431,-12.97%,396868.0,395301.0
RAPP,1566.0,0.1037%,39.93,7.74%,39.5846,997414.121227,367.62%,1511974.0,1510408.0
ZEG,1566.0,0.7297%,0.0,0.00%,0.0,0.0,0.00%,216171.0,214605.0
Z,1566.0,0.0446%,43.68,-1.91%,43.6622,7140036.615139,54.67%,3514048.0,3512482.0
HESM,1564.0,0.0983%,38.61,1.02%,37.8021,3916318.464933,-16.15%,1592735.0,1591171.0
CLH,1563.0,0.0445%,282.37,-1.95%,286.1858,1409678.632391,-35.17%,3511237.0,3509674.0
CRDA,1561.0,0.2323%,0.0,0.00%,0.0,0.0,0.00%,673398.0,671837.0
ARVN,1554.0,0.0490%,10.19,-0.68%,10.1072,784440.624016,-31.33%,3172141.0,3170587.0
STN,1551.0,0.2384%,91.14,-1.04%,91.409,353984.189512,-13.20%,652082.0,650531.0
MOVI9,1547.0,7.9899%,0.0,0.00%,0.0,0.0,0.00%,20909.0,19362.0
ALGT,1544.0,0.0836%,82.18,2.62%,82.3147,751847.150319,55.67%,1848345.0,1846801.0
KFS,1540.0,0.2135%,10.7,0.75%,10.6734,58289.958,65.94%,722966.0,721426.0
CROX,1540.0,0.0438%,104.08,-1.58%,104.2535,929297.868574,-17.16%,3521158.0,3519618.0
ASND,1536.0,0.4152%,246.14,4.34%,238.2728,1491370.725966,69.87%,371475.0,369939.0
RRR,1536.0,0.0245%,53.74,1.53%,53.2019,924404.632399,-35.31%,6267640.0,6266104.0
HIFS,1536.0,1.4349%,286.91,-0.96%,288.4816,25275.005032,-17.01%,108579.0,107043.0
ARAY,1533.0,0.0393%,0.2931,-38.55%,0.3319,5325034.704854,182.53%,3906416.0,3904883.0
HAYW,1523.0,0.0073%,14.77,-1.01%,14.8293,3299689.17441,17.72%,20912976.0,20911453.0
204320 KS,1512.0,1.6753%,0.0,0.00%,0.0,0.0,0.00%,91765.0,90253.0
CLOV,1512.0,0.0099%,2.82,5.22%,2.8051,8332469.529774,52.16%,15332267.0,15330755.0
PVH,1509.0,0.0459%,88.62,-3.54%,88.439,1098191.748601,17.21%,3285797.0,3284288.0
SOBO,1506.0,0.0614%,35.11,1.18%,34.9015,1658531.855627,61.61%,2455401.0,2453895.0
CLYM,1505.0,1.9316%,11.91,-2.54%,11.9099,929956.4554,-30.30%,79419.0,77914.0
GTLS,1505.0,0.0364%,207.39,-0.18%,207.5028,1519245.625903,2.87%,4131179.0,4129674.0
ANTO,1504.0,0.6322%,0.0,0.00%,0.0,0.0,0.00%,239414.0,237910.0
300339,1500.0,0.2662%,0.0,0.00%,0.0,0.0,0.00%,564986.0,563486.0
603927,1500.0,0.2694%,0.0,0.00%,0.0,0.0,0.00%,558266.0,556766.0
MIDD,1498.0,0.0474%,158.23,11.04%,159.3092,1401534.748446,48.09%,3164128.0,3162630.0
JLL,1498.0,0.0436%,328.06,0.78%,328.7574,387201.549666,7.87%,3433519.0,3432021.0
ASUR,1494.0,0.1806%,9.18,5.64%,9.0921,74798.711056,11.91%,828637.0,827143.0
ALQ,1493.0,0.5182%,0.0,0.00%,0.0,0.0,0.00%,289619.0,288126.0
BKKT,1492.0,0.1758%,8.55,-6.46%,8.6317,1221573.495444,12.75%,850034.0,848542.0
TXRH,1486.0,0.0265%,157.93,-1.10%,158.574,2227654.534634,86.71%,5599038.0,5597552.0
PCT,1476.0,0.0320%,8.94,17.32%,9.024,8819078.338872,133.17%,4611091.0,4609615.0
CXT,1471.0,0.0429%,43.88,-3.88%,44.4386,1391431.70209,95.22%,3426474.0,3425003.0
SHEN,1470.0,0.0235%,16.23,0.06%,16.2845,318593.896637,-5.77%,6254880.0,6253410.0
FORTUM,1467.0,0.4736%,0.0,0.00%,0.0,0.0,0.00%,311232.0,309765.0
LEN,1465.2000000011176,0.0097%,87.74,-3.09%,88.1593,2406308.163891,-31.32%,15181205.74,15179740.54
SDGR,1461.0,0.0211%,13.28,2.31%,13.0994,1236328.552643,-51.78%,6928499.0,6927038.0
PHOE,1459.0,0.6658%,19.06,-33.36%,26.9308,61095.944021,8.67%,220608.0,219149.0
APAM,1453.0,0.0162%,37.61,-0.61%,37.6447,529697.322086,-9.84%,8982072.0,8980619.0
EAT,1451.0,0.0269%,146.3,-0.55%,144.9112,1311012.817347,31.49%,5390617.0,5389166.0
BFB,1449.3999999994412,0.0274%,0.0,0.00%,0.0,0.0,0.00%,5283827.38,5282377.98
MBX,1449.0,0.0946%,34.71,8.06%,32.9077,928562.362457,99.40%,1532456.0,1531007.0
LBRX,1443.0,0.1656%,31.98,-0.06%,31.6168,85753.288238,-60.74%,872897.0,871454.0
SERV,1439.0,0.0482%,9.09,-5.11%,9.1905,5265514.001731,25.97%,2986864.0,2985425.0
POST,1431.0,0.0454%,102.99,-0.72%,103.1392,953923.375619,-7.26%,3153298.0,3151867.0
CTRE,1430.0,0.0064%,39.5,0.05%,39.368,2164662.338031,49.36%,22188543.0,22187113.0
STNG,1428.0,0.0887%,84.69,2.58%,84.4774,1760432.704575,50.34%,1610814.0,1609386.0
FNWB,1425.0,6.9994%,9.97,-0.30%,9.9755,18972.453739,-55.55%,21784.0,20359.0
KN,1420.0,0.0131%,33.81,-0.44%,33.9816,934066.697348,-15.23%,10801626.0,10800206.0
MT,1419.0,0.3353%,61.14,-3.09%,62.3794,2180356.407259,-23.28%,424636.0,423217.0
TVE,1415.0,0.4497%,23.68,-0.75%,23.7298,16184.9248,751.42%,316087.0,314672.0
UNM,1415.0,0.0093%,80.32,0.04%,80.2741,1335623.369139,15.17%,15231928.0,15230513.0
NOVT,1412.0,0.0337%,136.28,-1.89%,137.3418,403501.225069,-13.59%,4190608.0,4189196.0
011790 KS,1408.0,2.7484%,0.0,0.00%,0.0,0.0,0.00%,52637.0,51229.0
BDC,1406.0,0.0387%,112.26,-2.08%,112.2378,474601.884661,-23.54%,3632872.0,3631466.0
VITL,1406.0,0.0307%,9.52,-20.67%,9.0578,19560673.83571,276.38%,4585743.0,4584337.0
INFU,1405.0,2.8746%,8.97,-11.54%,8.6303,728714.972544,673.96%,50281.0,48876.0
CVSA,1405.0,0.0329%,117.0,1.47%,117.0281,382982.110719,60.53%,4278402.0,4276997.0
RDDT,1403.0,0.0500%,163.95,-1.57%,163.216,5444650.112832,-24.17%,2807086.0,2805683.0
300456,1400.0,0.2765%,0.0,0.00%,0.0,0.0,0.00%,507700.0,506300.0
688183,1400.0,0.2638%,0.0,0.00%,0.0,0.0,0.00%,532193.0,530793.0
300033,1400.0,0.2752%,0.0,0.00%,0.0,0.0,0.00%,510116.0,508716.0
6113 JP,1400.0,2.1277%,0.0,0.00%,0.0,0.0,0.00%,67200.0,65800.0
ATH,1398.0,0.0103%,0.0,0.00%,0.0,0.0,0.00%,13639683.0,13638285.0
ZD,1397.0,0.0265%,43.31,-0.85%,43.5473,822900.335442,33.32%,5277987.0,5276590.0
PAGP,1395.0,0.0581%,23.63,-0.04%,23.5382,1789051.727504,-3.06%,2401836.0,2400441.0
5713,1395.0,0.5614%,0.0,0.00%,0.0,0.0,0.00%,249898.0,248503.0
DSP,1394.0,0.2610%,11.76,3.61%,11.8746,210699.701889,21.41%,535411.0,534017.0
LIND,1382.0,0.0920%,21.15,-2.53%,21.2443,1070970.063116,-11.97%,1504022.0,1502640.0
XHR,1376.0,0.0111%,16.85,0.66%,16.9109,692787.330033,-8.61%,12396359.0,12394983.0
APLE,1370.0,0.0047%,13.89,-0.86%,13.9467,3094581.194993,-23.39%,29446765.0,29445395.0
NEO,1368.0,0.0085%,9.07,2.02%,9.0104,1403044.82238,-17.22%,16159253.0,16157885.0
TBPH,1366.0,0.0516%,17.02,0.47%,16.9105,346754.740308,10.78%,2647026.0,2645660.0
NESR,1366.0,0.0522%,23.35,-5.81%,23.6215,1908777.899776,48.95%,2618758.0,2617392.0
LAMR,1361.0,0.0186%,151.2,7.12%,149.6006,1435550.574159,81.82%,7328746.0,7327385.0
NGVT,1359.0,0.0293%,74.07,-4.88%,74.9491,436673.512386,54.70%,4644575.0,4643216.0
KVHI,1358.0,4.2465%,10.2,-2.76%,10.4164,214697.764749,-45.19%,33337.0,31979.0
DEI,1357.0,0.0064%,12.03,-1.15%,12.1395,3587098.677055,-29.52%,21283849.0,21282492.0
SGE,1357.0,0.2056%,0.0,0.00%,0.0,0.0,0.00%,661385.0,660028.0
MAMA,1354.0,0.1032%,13.39,-4.63%,13.6397,666435.284507,130.36%,1313172.0,1311818.0
ACLS,1350.0,0.0347%,158.66,-7.22%,159.7499,1421698.280266,-24.56%,3893661.0,3892311.0
DEC,1350.0,0.0547%,15.57,1.43%,15.4947,1288728.885431,61.58%,2468078.0,2466728.0
MSM,1345.0,0.0303%,104.31,-0.67%,104.8562,637940.470323,24.17%,4438723.0,4437378.0
MBG,1342.0,0.1360%,0.0,0.00%,0.0,0.0,0.00%,988028.0,986686.0
MLTX,1340.0,0.6575%,17.2,-2.82%,17.1213,765295.949602,39.41%,205153.0,203813.0
LRN,1340.0,0.0257%,91.66,-1.44%,91.6923,752386.812513,72.42%,5217975.0,5216635.0
8795,1337.0,0.4643%,0.0,0.00%,0.0,0.0,0.00%,289294.0,287957.0
3706,1336.0,0.6954%,0.0,0.00%,0.0,0.0,0.00%,193449.0,192113.0
AAMI,1325.0,0.0353%,66.53,-2.00%,66.8685,245087.123326,-8.93%,3754575.0,3753250.0
CRUS,1318.0,0.0281%,171.68,2.38%,173.5264,1179261.65315,8.70%,4699971.0,4698653.0
REYN,1310.0,0.0217%,21.92,0.05%,21.9318,1662184.811987,-48.48%,6039397.0,6038087.0
FRES,1305.0,0.6135%,0.0,0.00%,0.0,0.0,0.00%,214024.0,212719.0
CRBP,1305.0,3.1706%,10.87,-0.46%,10.6016,274788.56456,-56.41%,42464.0,41159.0
SIRI,1303.0,0.0508%,26.75,0.26%,26.8536,3526486.852941,-32.04%,2564355.0,2563052.0
AHCO,1302.0,0.0092%,11.73,2.71%,11.7262,1953026.055773,-16.76%,14192057.0,14190755.0
603185,1300.0,0.2596%,0.0,0.00%,0.0,0.0,0.00%,502014.0,500714.0
603613,1300.0,0.2703%,0.0,0.00%,0.0,0.0,0.00%,482265.0,480965.0
AWI,1300.0,0.0277%,165.08,-0.69%,165.085,355789.553115,-22.14%,4700848.0,4699548.0
000681,1300.0,0.2667%,0.0,0.00%,0.0,0.0,0.00%,488829.0,487529.0
300085,1300.0,0.2714%,0.0,0.00%,0.0,0.0,0.00%,480340.0,479040.0
605358,1300.0,0.2794%,0.0,0.00%,0.0,0.0,0.00%,466508.0,465208.0
002371,1300.0,0.2660%,0.0,0.00%,0.0,0.0,0.00%,489954.0,488654.0
002841,1300.0,0.2699%,0.0,0.00%,0.0,0.0,0.00%,482915.0,481615.0
300113,1300.0,0.2839%,0.0,0.00%,0.0,0.0,0.00%,459208.0,457908.0
ANIP,1298.0,0.0503%,83.91,-0.18%,83.7857,400485.705241,48.74%,2584209.0,2582911.0
UDMY,1297.0,0.0368%,5.03,4.79%,4.9568,1698817.481591,134.90%,3528070.0,3526773.0
HTFL,1295.0,0.1634%,29.98,-1.02%,29.99,526267.34376,-10.46%,794054.0,792759.0
CRML,1285.0,0.0623%,12.85,-7.75%,13.0771,14402338.689281,-21.75%,2063260.0,2061975.0
ACCO,1280.0,0.0290%,4.06,0.74%,4.0862,745837.009931,-13.72%,4418392.0,4417112.0
CAKE,1279.0,0.0227%,60.8,0.30%,60.4582,1000734.673461,-1.87%,5630011.0,5628732.0
MAZE,1267.0,0.0877%,25.47,-3.78%,25.4613,468771.801976,44.21%,1445707.0,1444440.0
ALLE,1266.480000000447,0.0216%,136.81,1.09%,136.4836,1485418.075076,19.70%,5873603.8100000005,5872337.33
SPOK,1263.0,0.1804%,10.83,1.98%,10.7786,164308.174972,7.81%,701504.0,700241.0
FIP,1256.0,0.0286%,5.13,-7.40%,5.2436,1006856.266612,12.74%,4387750.0,4386494.0
BKD,1249.0,0.0134%,13.56,-4.37%,13.3434,9845276.220269,174.50%,9319440.0,9318191.0
REAX,1246.0,0.0252%,2.23,6.70%,2.2288,7887954.101047,30.63%,4945792.0,4944546.0
STAA,1246.0,0.0122%,27.28,-1.69%,27.3357,851904.228602,20.56%,10215531.0,10214285.0
KNTK,1243.0,0.0200%,48.5,0.58%,47.7458,1768105.338151,24.81%,6230073.0,6228830.0
IFX,1242.0,0.0948%,0.0,0.00%,0.0,0.0,0.00%,1311484.0,1310242.0
3659,1240.0,0.5620%,0.0,0.00%,0.0,0.0,0.00%,221892.0,220652.0
KTB,1240.0,0.0188%,78.07,4.18%,79.5587,2115038.803571,140.22%,6580190.0,6578950.0
MSEX,1239.0,0.0530%,51.41,0.51%,51.5489,138125.855342,22.67%,2338035.0,2336796.0
MYRG,1236.0,0.0577%,427.38,-6.02%,428.0652,663606.491691,27.73%,2141804.0,2140568.0
SPIR,1234.0,0.1145%,16.14,-11.80%,16.6519,1047805.900372,-5.72%,1078528.0,1077294.0
DBD,1232.0,0.0303%,78.91,-0.78%,79.5075,264325.086219,-18.28%,4072891.0,4071659.0
HNRG,1229.0,0.0963%,18.87,1.73%,19.6006,2990089.40914,11.62%,1277244.0,1276015.0
HWKN,1225.0,0.0417%,167.01,-0.06%,166.8994,103966.784741,-16.75%,2937214.0,2935989.0
LE,1225.0,0.2939%,11.56,2.94%,11.524,216075.622597,-2.12%,418063.0,416838.0
VC,1224.0,0.0412%,112.35,-1.20%,112.8756,446704.659302,-14.18%,2973724.0,2972500.0
EEFT,1224.0,0.0431%,71.58,2.74%,71.8127,490986.241358,-7.76%,2838745.0,2837521.0
RIO LN,1224.0,1.3460%,0.0,0.00%,0.0,0.0,0.00%,92163.0,90939.0
LLYVK,1219.0,0.1945%,97.41,-0.10%,96.9577,415455.995924,-43.59%,627864.0,626645.0
SHP,1218.0,0.4488%,0.0,0.00%,0.0,0.0,0.00%,272594.0,271376.0
FNF,1217.0,0.0051%,50.27,-1.99%,49.5245,2927327.85281,25.80%,23761740.0,23760523.0
LQDT,1216.0,0.0408%,36.25,-2.61%,36.6183,246380.76795,27.95%,2981738.0,2980522.0
AMRZ,1209.0,0.0558%,53.47,-2.69%,53.6933,2557987.664726,-9.55%,2169051.0,2167842.0
EG,1203.8300000000745,0.0366%,351.73,-0.05%,351.8186,354123.592259,32.29%,3294104.73,3292900.9
GLV,1203.0,0.4014%,6.22,0.16%,6.243,38590.7887,-62.56%,300912.0,299709.0
688561,1200.0,0.2533%,0.0,0.00%,0.0,0.0,0.00%,474920.0,473720.0
688012,1200.0,0.2821%,0.0,0.00%,0.0,0.0,0.00%,426523.0,425323.0
300604,1200.0,0.2705%,0.0,0.00%,0.0,0.0,0.00%,444848.0,443648.0
002916,1200.0,0.2646%,0.0,0.00%,0.0,0.0,0.00%,454790.0,453590.0
002368,1200.0,0.2675%,0.0,0.00%,0.0,0.0,0.00%,449719.0,448519.0
INOD,1199.0,0.1015%,45.64,-1.87%,51.8489,2627975.955416,80.12%,1182472.0,1181273.0
HOLN,1194.0,0.3532%,0.0,0.00%,0.0,0.0,0.00%,339243.0,338049.0
WSO,1192.0,0.0399%,429.24,-0.65%,431.911,386209.842848,46.04%,2986032.0,2984840.0
HRTG,1186.0,0.1005%,28.03,-2.40%,27.9073,381322.297941,72.69%,1181343.0,1180157.0
AZZ,1184.0,0.0305%,144.09,-1.60%,144.4777,106906.339264,-17.18%,3889270.0,3888086.0
AP,1184.0,0.1300%,11.49,-4.49%,11.722,124100.53539,-42.20%,912131.0,910947.0
3661 TT,1180.0,21.0114%,0.0,0.00%,0.0,0.0,0.00%,6796.0,5616.0
BDN,1180.0,0.0093%,3.11,2.98%,3.1092,2462510.471739,23.65%,12644255.0,12643075.0
POW,1179.0,0.2584%,32.26,-2.95%,32.6817,135159.780195,-77.47%,457456.0,456277.0
ICHR,1173.0,0.0250%,71.23,-1.77%,70.6574,1199141.650622,-1.10%,4699253.0,4698080.0
NXST,1172.0,0.0427%,194.52,-1.36%,200.2331,598989.911285,22.12%,2743150.0,2741978.0
PESI,1166.0,0.1915%,11.17,-5.18%,11.2698,279393.118091,-44.52%,610013.0,608847.0
UI,1165.0,0.8767%,926.69,-9.88%,948.4303,209083.450128,88.52%,134052.0,132887.0
OUST,1162.0,0.0385%,24.51,-16.62%,25.8761,5312533.978429,-12.18%,3021760.0,3020598.0
SHAK,1161.0,0.0242%,69.24,-28.26%,69.3892,14643753.665158,520.21%,4797864.0,4796703.0
PATK,1159.0,0.0274%,95.36,-0.56%,95.3437,413620.150316,-53.56%,4231579.0,4230420.0
MPAA,1159.0,0.2400%,11.47,-1.29%,11.457,41144.924033,4.69%,484126.0,482967.0
AIT,1159.0,0.0444%,310.37,-1.59%,311.2854,221392.860089,-51.39%,2609294.0,2608135.0
AEVA,1156.0,0.0694%,13.66,-17.56%,13.4638,5768044.0072,179.07%,1666159.0,1665003.0
SI,1155.0,0.3519%,12.77,-0.93%,12.8445,44781.110904,-24.67%,329339.0,328184.0
STGW,1150.0,0.0294%,6.46,0.94%,6.4565,1285142.407235,-19.37%,3913917.0,3912767.0
SG,1146.0,0.0311%,6.87,0.00%,6.9311,9285558.581318,210.18%,3687179.0,3686033.0
EVR,1143.0,0.0367%,331.28,-0.61%,332.0517,503040.560731,-13.25%,3119704.0,3118561.0
COLM,1142.0,0.0569%,63.32,-0.20%,63.4857,672140.121075,-12.55%,2009787.0,2008645.0
LDO,1141.0,0.3530%,0.0,0.00%,0.0,0.0,0.00%,324390.0,323249.0
IMXI,1139.0,0.1107%,15.86,0.06%,15.8811,297234.41974,4.35%,1030235.0,1029096.0
9107,1136.0,0.4294%,0.0,0.00%,0.0,0.0,0.00%,265669.0,264533.0
HLF,1133.0,0.0271%,14.49,-11.86%,14.7163,3419510.465372,183.30%,4180673.0,4179540.0
PCYO,1130.0,0.1619%,11.68,1.57%,11.6596,38734.1905,-22.51%,698990.0,697860.0
ANDE,1126.0,0.0237%,70.81,3.78%,70.4964,781617.257304,-5.42%,4761319.0,4760193.0
EXPN LN,1125.0,0.1615%,0.0,0.00%,0.0,0.0,0.00%,697766.0,696641.0
ELAL,1125.0,0.4957%,0.0,0.00%,0.0,0.0,0.00%,228080.0,226955.0
FPI,1125.0,0.0623%,10.58,-0.94%,10.663,356684.070904,8.92%,1805659.0,1804534.0
FLUT,1124.0,0.0384%,101.2,2.11%,100.867,5868146.471134,-16.24%,2926431.0,2925307.0
7259,1123.0,0.2144%,0.0,0.00%,0.0,0.0,0.00%,525014.0,523891.0
TRUP,1119.0,0.0262%,25.59,2.69%,25.5379,344170.051496,12.49%,4274108.0,4272989.0
OPCE,1116.0,0.4205%,0.0,0.00%,0.0,0.0,0.00%,266514.0,265398.0
RDVT,1106.0,0.2262%,49.09,12.59%,48.4191,272355.424142,-20.61%,490122.0,489016.0
HSTM,1105.0,0.0343%,23.54,1.68%,23.3128,347714.042464,-3.38%,3225982.0,3224877.0
ASST,1103.0,0.0566%,15.46,-5.04%,15.522,2463401.506083,-18.34%,1950665.0,1949562.0
TSSI,1102.0,0.1278%,15.84,-7.31%,14.7925,2679254.551448,59.20%,863530.0,862428.0
NSP,1101.0,0.0164%,32.69,13.70%,32.4461,991989.755529,20.38%,6711347.0,6710246.0
300661,1100.0,0.2592%,0.0,0.00%,0.0,0.0,0.00%,425506.0,424406.0
UTL,1097.0,0.0471%,50.97,3.43%,50.619,143552.91356,-13.74%,2328716.0,2327619.0
FINW,1095.0,0.3712%,14.0,3.02%,14.0003,19006.5564,13.52%,296045.0,294950.0
FIGS,1093.0,0.0318%,15.37,6.00%,15.2358,6492503.415106,61.53%,3436272.0,3435179.0
ETON,1093.0,0.1149%,31.02,2.89%,30.8342,607160.212271,23.05%,952568.0,951475.0
SLP,1090.0,0.1708%,16.06,1.13%,16.0305,372611.351172,-83.29%,639274.0,638184.0
SLQT,1089.0,0.0199%,1.14,-5.00%,1.1311,2308055.759175,-35.35%,5483970.0,5482881.0
CHEF,1086.0,0.0241%,80.34,0.22%,80.0561,345587.262149,-35.94%,4506704.0,4505618.0
ERIE,1083.1899999999441,0.0461%,216.75,1.49%,216.9623,224939.785422,2.60%,2350985.75,2349902.56
BBSI,1083.0,0.1107%,29.9,1.56%,29.2411,330560.174843,84.30%,979049.0,977966.0
SKYW,1081.0,0.0208%,87.67,-0.17%,88.3252,490146.560505,38.38%,5188570.0,5187489.0
OMCL,1078.0,0.0172%,43.33,-0.98%,43.58,384779.33006,-16.95%,6263728.0,6262650.0
BLBD,1075.0,0.0843%,70.84,8.92%,75.1844,1707968.030779,184.37%,1275901.0,1274826.0
NRC,1072.0,0.1994%,18.73,4.87%,18.0826,207073.966929,175.20%,538644.0,537572.0
CSGS,1070.0,0.0296%,80.39,0.06%,80.3752,418447.926946,60.68%,3612805.0,3611735.0
URGN,1068.0,0.0629%,26.59,1.30%,25.7583,1346733.448129,-52.49%,1698468.0,1697400.0
HLNE,1066.0,0.0301%,88.96,0.01%,89.2408,1139610.622699,7.18%,3546963.0,3545897.0
RUSHA,1062.0,0.0139%,71.3,-0.94%,71.3631,356355.29688,-36.48%,7627426.0,7626364.0
REFI,1057.0,0.1189%,11.62,-5.14%,11.7436,309223.470438,90.75%,889925.0,888868.0
PRKS,1054.0,0.0298%,37.06,3.64%,36.9994,1071865.186963,8.32%,3535920.0,3534866.0
SSBI,1054.0,8.4740%,13.63,0.81%,13.6195,1293.3378,2.21%,13492.0,12438.0
LOVE,1053.0,0.1733%,15.62,-1.01%,15.5362,103021.192809,-33.57%,608513.0,607460.0
1672,1050.0,0.4624%,0.0,0.00%,0.0,0.0,0.00%,228105.0,227055.0
LINC,1047.0,0.0876%,44.1,-2.00%,43.8285,684687.994209,14.50%,1196348.0,1195301.0
CTRI,1044.0,0.0331%,33.6,-19.62%,34.2587,5148857.34328,42.32%,3152240.0,3151196.0
DUOL,1044.0,0.0320%,113.61,8.18%,112.4078,2617006.280317,7.89%,3259045.0,3258001.0
CECO,1042.0,0.0932%,81.38,-5.65%,81.928,888728.702891,-19.42%,1119476.0,1118434.0
BAND,1036.0,0.0805%,48.58,4.59%,48.2501,1004558.300268,-13.96%,1287196.0,1286160.0
2498,1035.0,0.1634%,0.0,0.00%,0.0,0.0,0.00%,634465.0,633430.0
MDLN,1034.0,0.0302%,41.86,-0.36%,41.2735,13108351.244174,-28.33%,3429311.0,3428277.0
PCTY,1033.0,0.0309%,109.12,6.43%,108.5224,1610434.158903,101.21%,3342575.0,3341542.0
NSSC,1029.0,0.0229%,41.58,0.82%,41.6001,584304.02115,67.47%,4495686.0,4494657.0
OSB,1027.0,0.4188%,0.0,0.00%,0.0,0.0,0.00%,246280.0,245253.0
KBC,1026.0,0.6221%,0.0,0.00%,0.0,0.0,0.00%,165939.0,164913.0
PDFS,1026.0,0.0258%,47.7,-0.81%,47.4755,974600.443844,131.95%,3970870.0,3969844.0
BRC,1021.0,0.0232%,79.53,-1.50%,79.9541,275790.199663,57.94%,4403228.0,4402207.0
NPCE,1020.0,0.1135%,19.29,6.46%,18.88,369759.570935,-2.95%,899664.0,898644.0
CBLL,1017.0,0.1020%,20.38,1.14%,20.5228,239214.129406,9.21%,998251.0,997234.0
1801,1015.0,0.2549%,0.0,0.00%,0.0,0.0,0.00%,399197.0,398182.0
LMNR,1013.0,0.1754%,12.97,0.08%,12.9736,40939.33418,-22.26%,578495.0,577482.0
NKTR,1012.0,0.2848%,83.37,-2.02%,83.2396,764697.31833,34.62%,356310.0,355298.0
BRCC,1012.0,0.0346%,1.25,-0.79%,1.2153,1286609.130679,-48.47%,2926390.0,2925378.0
OLPX,1008.0,0.0179%,2.04,0.00%,2.0357,2330888.373049,8.82%,5624301.0,5623293.0
UFCS,1007.0,0.0326%,46.8,8.81%,46.4025,184505.42118,-5.97%,3085619.0,3084612.0
RDNW,1002.0,1.7721%,7.23,0.14%,7.1831,29156.0,-37.95%,57546.0,56544.0
000733,1000.0,0.2526%,0.0,0.00%,0.0,0.0,0.00%,396860.0,395860.0
HEI,1000.0,0.0399%,289.6,-2.29%,291.8607,1035369.220306,-38.58%,2510362.0,2509362.0
300782,1000.0,0.2713%,0.0,0.00%,0.0,0.0,0.00%,369629.0,368629.0
688521,1000.0,0.2779%,0.0,0.00%,0.0,0.0,0.00%,360824.0,359824.0
688385,1000.0,0.2709%,0.0,0.00%,0.0,0.0,0.00%,370201.0,369201.0
301269,1000.0,0.2709%,0.0,0.00%,0.0,0.0,0.00%,370185.0,369185.0
603688,1000.0,0.2715%,0.0,0.00%,0.0,0.0,0.00%,369381.0,368381.0
RSI,998.0,0.0304%,27.9,0.14%,27.7361,3003300.048098,-69.02%,3285879.0,3284881.0
LAND,998.0,0.0332%,9.75,-0.41%,9.7638,371383.344635,-41.41%,3008948.0,3007950.0
HXL,991.0,0.0109%,95.77,-0.74%,95.8849,889129.988362,0.08%,9124136.0,9123145.0
FRPT,990.0,0.0200%,55.87,1.72%,56.2429,2859699.107075,-41.77%,4957720.0,4956730.0
EVER,990.0,0.0912%,20.6,0.15%,20.4699,1234098.846029,-58.86%,1086209.0,1085219.0
PEB,990.0,0.0059%,14.52,-0.48%,14.6422,2402685.442867,-34.86%,16762525.0,16761535.0
VSH,989.0,0.0063%,32.59,-2.89%,32.9096,4594770.396283,-16.87%,15704181.0,15703192.0
SBK,988.0,0.1771%,0.0,0.00%,0.0,0.0,0.00%,558826.0,557838.0
DSY FP,988.0,2.1817%,0.0,0.00%,0.0,0.0,0.00%,46274.0,45286.0
AYI,986.0,0.0460%,295.42,-0.11%,295.7263,261233.943103,-36.65%,2145760.0,2144774.0
DRX,981.0,0.3919%,0.0,0.00%,0.0,0.0,0.00%,251298.0,250317.0
EMBC,980.0,0.0130%,3.6,1.12%,3.6331,5774320.58462,-32.09%,7552617.0,7551637.0
CACI,979.0,0.0525%,489.88,-1.91%,493.9824,360770.21984,-5.31%,1863970.0,1862991.0
MSA,979.0,0.0304%,171.9,-1.19%,173.5704,420833.270524,-5.58%,3219641.0,3218662.0
INCH,976.0,0.3936%,0.0,0.00%,0.0,0.0,0.00%,248934.0,247958.0
OSS,975.0,1.8778%,15.1,-1.50%,15.211,3890318.412674,-77.26%,52898.0,51923.0
SIE GR,975.0,0.1596%,0.0,0.00%,0.0,0.0,0.00%,611695.0,610720.0
AEHR,974.0,0.0707%,91.26,-5.65%,92.85,1960508.513788,-13.29%,1379204.0,1378230.0
MAN,969.0,0.0176%,30.45,4.03%,30.3556,811134.770703,14.37%,5520687.0,5519718.0
PRDO,966.0,0.0122%,34.44,0.97%,34.4237,386104.080321,5.43%,7895870.0,7894904.0
FND,963.0,0.0121%,51.52,0.98%,50.9241,3911177.078228,12.44%,7977759.0,7976796.0
ORN,960.0,0.0638%,14.75,-2.19%,14.7899,413987.320877,-25.77%,1506270.0,1505310.0
WEX,955.0,0.0403%,144.26,0.18%,144.4754,556940.020774,-17.09%,2369823.0,2368868.0
5830,954.0,0.6050%,0.0,0.00%,0.0,0.0,0.00%,158635.0,157681.0
MTN,954.0,0.0281%,125.26,-0.84%,125.5379,613230.667746,1.71%,3398239.0,3397285.0
GNE,954.0,0.1078%,14.68,2.80%,14.6556,41826.840885,-1.28%,885616.0,884662.0
ACNT,952.0,0.3506%,13.39,-8.22%,13.2505,236803.307008,156.73%,272459.0,271507.0
2582,950.0,100.0000%,0.0,0.00%,0.0,0.0,0.00%,950.0,0.0
DH,947.0,0.0570%,0.922,-2.43%,0.9402,332015.269793,16.87%,1660968.0,1660021.0
ENVA,947.0,0.0297%,172.5,-0.04%,172.9001,309646.228521,32.11%,3191813.0,3190866.0
PLXS,947.0,0.0272%,260.71,-1.63%,261.3945,372856.786173,-13.73%,3482358.0,3481411.0
USAU,946.0,0.2037%,16.59,-3.71%,17.1229,207127.080067,-4.30%,465328.0,464382.0
ACHC,944.0,0.0099%,24.46,-3.32%,24.6051,2268158.430038,-13.12%,9575449.0,9574505.0
2317,943.0,0.0116%,0.0,0.00%,0.0,0.0,0.00%,8103854.0,8102911.0
CHKP,942.0,0.0807%,115.56,1.13%,115.3008,3433178.322594,42.87%,1168822.0,1167880.0
FDSB,941.0,6.9735%,15.21,0.40%,15.1656,3627.0,-29.15%,14435.0,13494.0
GFS,941.0,0.0452%,70.93,-1.89%,72.3154,8995798.181802,11.35%,2081529.0,2080588.0
NTGR,941.0,0.0720%,25.89,1.29%,25.8706,333316.876229,-40.70%,1306985.0,1306044.0
NPO,939.0,0.0351%,300.76,-1.85%,301.8006,187270.988003,0.49%,2676723.0,2675784.0
GPMT,937.0,0.0745%,1.55,4.03%,1.525,117413.743773,12.67%,1258599.0,1257662.0
FBLA,937.0,0.1727%,14.18,1.07%,14.1328,81192.082101,-30.41%,543410.0,542473.0
ALLT,932.0,0.7153%,7.65,-1.42%,7.6909,293156.723661,-22.78%,131229.0,130297.0
TNXP,932.0,0.1863%,13.62,-7.28%,14.0754,455355.670973,-48.25%,501202.0,500270.0
2768,928.0,0.5241%,0.0,0.00%,0.0,0.0,0.00%,177996.0,177068.0
VTY,928.0,0.3925%,0.0,0.00%,0.0,0.0,0.00%,237332.0,236404.0
WEB,927.0,0.5527%,0.0,0.00%,0.0,0.0,0.00%,168658.0,167731.0
PRM,924.0,0.0160%,29.36,7.11%,28.8984,2709529.009748,-17.11%,5782229.0,5781305.0
PNTG,923.0,0.0688%,35.73,9.84%,34.4379,563993.106301,20.95%,1342980.0,1342057.0
SLG,920.0,0.0088%,45.28,1.27%,45.7637,1560638.257711,28.68%,10503519.0,10502599.0
MERC,919.0,0.1893%,1.11,0.00%,1.1261,529250.015774,64.31%,486501.0,485582.0
BFST,916.0,0.0771%,27.58,-0.25%,27.6209,131820.667709,20.18%,1188402.0,1187486.0
RGR,913.0,0.1267%,39.14,-3.38%,38.337,254574.30974,83.66%,721416.0,720503.0
TNET,903.0,0.0847%,42.87,4.84%,42.8298,421536.11853,24.34%,1066614.0,1065711.0
300475,900.0,0.2828%,0.0,0.00%,0.0,0.0,0.00%,319100.0,318200.0
603986,900.0,0.1959%,0.0,0.00%,0.0,0.0,0.00%,460425.0,459525.0
6141 JP,900.0,2.1327%,0.0,0.00%,0.0,0.0,0.00%,43100.0,42200.0
603160,900.0,0.2818%,0.0,0.00%,0.0,0.0,0.00%,320291.0,319391.0
300223,900.0,0.2769%,0.0,0.00%,0.0,0.0,0.00%,325970.0,325070.0
300496,900.0,0.2838%,0.0,0.00%,0.0,0.0,0.00%,318076.0,317176.0
ADCT,896.0,0.0210%,3.75,-2.85%,3.7707,1408378.457346,-46.46%,4271016.0,4270120.0
LYTS,896.0,0.0861%,24.42,0.49%,24.3719,314173.860638,-9.01%,1041457.0,1040561.0
SLDE,896.0,0.0325%,18.87,0.69%,18.8121,1782702.560396,60.84%,2761730.0,2760834.0
MSGS,895.0,0.0479%,332.52,-0.72%,332.2334,307520.252269,8.18%,1868511.0,1867616.0
FUSB,893.0,7.4448%,16.19,1.50%,16.0298,4803.6798,605.57%,12888.0,11995.0
BCPC,889.0,0.0222%,159.5,-1.16%,160.4624,173682.914054,1.26%,3997843.0,3996954.0
BJRI,888.0,0.0338%,40.88,2.07%,40.4666,557061.965682,-44.53%,2629672.0,2628784.0
TR,885.0,0.0337%,42.74,2.15%,42.3757,106974.786036,-14.53%,2627507.0,2626622.0
BWB,884.0,0.1068%,18.51,0.60%,18.5325,87034.36649,28.15%,828302.0,827418.0
XPEL,883.0,0.0282%,43.96,0.99%,44.2111,548822.646333,-18.29%,3128040.0,3127157.0
EGP,881.0,0.0207%,203.89,0.44%,203.6357,860124.672713,137.99%,4252269.23,4251388.23
300857,880.0,0.2709%,0.0,0.00%,0.0,0.0,0.00%,325680.0,324800.0
AZO,879.0899999999674,0.1081%,3554.88,0.37%,3540.924,230379.447547,-1.33%,814356.88,813477.79
ANIK,879.0,0.1875%,15.14,0.13%,15.1385,83658.989899,-23.79%,469592.0,468713.0
RELL,875.0,0.1999%,14.86,-1.72%,14.9267,70652.463701,-18.85%,438589.0,437714.0
LXFR,875.0,0.0833%,15.52,-1.90%,15.6104,141887.779238,0.34%,1051080.0,1050205.0
TIPT,874.0,0.0928%,17.1,1.79%,16.9895,305066.212944,-29.15%,942563.0,941689.0
285A,872.0,0.3865%,0.0,0.00%,0.0,0.0,0.00%,226514.0,225642.0
SCHG,870.0,55.8767%,33.89,0.24%,33.9353,11971904.022093,26.73%,2427.0,1557.0
688525,870.0,0.2753%,0.0,0.00%,0.0,0.0,0.00%,316935.0,316065.0
FBIN,867.0,0.0094%,39.08,-2.13%,39.2954,3577869.374127,55.94%,9261551.0,9260684.0
CTGO,867.0,0.1250%,24.65,0.28%,25.1447,338875.460776,35.34%,694528.0,693661.0
FCN,865.0,0.0368%,161.85,0.53%,162.1815,550852.963765,-26.09%,2349532.0,2348667.0
MAIR,864.0,0.0459%,42.2,6.51%,41.5276,2375997.375423,68.03%,1882263.0,1881399.0
GEL,864.0,0.0573%,16.48,0.37%,16.0884,433385.422349,59.22%,1507692.0,1506828.0
688629,861.0,0.2749%,0.0,0.00%,0.0,0.0,0.00%,314034.0,313173.0
EVEX,857.0,0.0276%,3.21,-0.93%,3.2641,1474587.732925,-25.30%,3108635.0,3107778.0
UVE,855.0,0.0756%,40.53,0.52%,40.624,318795.528678,58.75%,1132234.0,1131379.0
1808,855.0,0.1715%,0.0,0.00%,0.0,0.0,0.00%,499491.0,498636.0
FTK,854.0,0.1371%,16.2,-0.80%,16.1658,417406.853523,-37.63%,623604.0,622750.0
IPGP,845.0,0.0431%,101.53,-0.40%,101.8997,896209.710205,-20.22%,1963336.0,1962491.0
BID,843.0,0.4304%,0.0,0.00%,0.0,0.0,0.00%,196716.0,195873.0
5333,843.0,0.3886%,0.0,0.00%,0.0,0.0,0.00%,217799.0,216956.0
SKYX,843.0,0.0283%,1.46,12.31%,1.3785,4980776.728944,-38.29%,2982830.0,2981987.0
AVTX,839.0,0.9537%,22.87,4.86%,22.749,5742150.859662,-74.43%,88810.0,87971.0
KIDS,838.0,0.1284%,17.57,2.63%,17.514,200504.760386,-1.02%,653391.0,652553.0
KFY,838.0,0.0127%,67.14,1.73%,67.2786,456515.923058,34.48%,6618684.0,6617846.0
006400 KS,834.0,0.2959%,0.0,0.00%,0.0,0.0,0.00%,282651.0,281817.0
9101,834.0,0.2571%,0.0,0.00%,0.0,0.0,0.00%,325207.0,324373.0
PFG,833.480000000447,0.0048%,100.03,-1.50%,100.2229,1092606.084335,8.53%,17385244.03,17384410.55
PDLB,830.0,0.1015%,17.94,1.18%,17.8519,42422.39828,50.06%,818374.0,817544.0
PAYC,825.0,0.0163%,138.43,9.55%,136.2696,2189460.648497,58.85%,5059776.0,5058951.0
PFSI,824.0,0.0682%,88.66,1.83%,88.5231,747809.689231,-42.52%,1209515.0,1208691.0
CPBI,823.0,1.7209%,17.55,1.39%,17.4241,5930.0,246.78%,48648.0,47825.0
INTT,818.0,2.9111%,16.61,-4.60%,16.6164,260006.058815,-46.27%,28917.0,28099.0
AVNW,818.0,0.1711%,16.32,-0.91%,16.6451,274299.317388,-48.16%,478911.0,478093.0
LCNB,816.0,0.1749%,16.28,1.24%,16.1665,20594.5537,14.27%,467269.0,466453.0
RGA,812.0,0.0094%,212.81,-0.83%,213.8094,589807.85768,-18.87%,8654864.0,8654052.0
BMED,810.0,0.5050%,27.9569,-1.14%,28.1323,3942.305687,577.43%,161215.0,160405.0
DFIN,809.0,0.0232%,44.21,2.89%,44.7426,511032.442636,-16.00%,3481612.0,3480803.0
DORM,809.0,0.0238%,124.52,1.56%,124.6418,312748.21917,-48.88%,3400584.0,3399775.0
FMNB,808.0,0.0375%,14.18,-0.21%,14.2204,265371.727566,-18.54%,2152761.0,2151953.0
300454,800.0,0.2728%,0.0,0.00%,0.0,0.0,0.00%,294096.0,293296.0
688313,800.0,0.2580%,0.0,0.00%,0.0,0.0,0.00%,310841.0,310041.0
688002,800.0,0.2477%,0.0,0.00%,0.0,0.0,0.00%,323719.0,322919.0
688110,800.0,0.2664%,0.0,0.00%,0.0,0.0,0.00%,301086.0,300286.0
688111,800.0,0.2544%,0.0,0.00%,0.0,0.0,0.00%,315316.0,314516.0
300726,800.0,0.2898%,0.0,0.00%,0.0,0.0,0.00%,276845.0,276045.0
688234,800.0,0.2778%,0.0,0.00%,0.0,0.0,0.00%,288732.0,287932.0
688220,800.0,0.2842%,0.0,0.00%,0.0,0.0,0.00%,282259.0,281459.0
603893,800.0,0.2799%,0.0,0.00%,0.0,0.0,0.00%,286663.0,285863.0
688099,800.0,0.2783%,0.0,0.00%,0.0,0.0,0.00%,288273.0,287473.0
GLOB,800.0,0.0852%,40.97,0.69%,41.2446,1505863.778853,-9.43%,940308.0,939508.0
PNBK,799.0,0.0321%,1.19,13.33%,1.126,458935.404759,17.34%,2491025.0,2490226.0
KLTR,797.0,0.0280%,1.4,0.00%,1.4174,278307.49906,-1.48%,2851101.0,2850304.0
006800,796.0,0.2146%,0.0,0.00%,0.0,0.0,0.00%,371642.0,370846.0
373220 KS,792.0,0.2855%,0.0,0.00%,0.0,0.0,0.00%,278248.0,277456.0
AC,790.0,0.3954%,0.0,0.00%,0.0,0.0,0.00%,200564.0,199774.0
CNS,790.0,0.0203%,71.1,0.79%,71.2421,258283.500919,-37.88%,3893300.0,3892510.0
NX,789.0,0.0126%,20.08,-0.20%,20.103,250878.799277,5.47%,6256728.0,6255939.0
TWIN,788.0,2.1741%,18.41,1.77%,18.4148,112964.264649,-6.94%,37033.0,36245.0
CMCO,784.0,0.0702%,15.8,-2.41%,16.0009,230706.623275,-17.99%,1118164.0,1117380.0
ASYS,783.0,2.2827%,18.21,0.08%,17.924,244424.504104,13.66%,35084.0,34301.0
4004,783.0,0.4051%,0.0,0.00%,0.0,0.0,0.00%,194066.0,193283.0
NAKA,780.0,0.0617%,0.18,-7.46%,0.1836,4971296.451135,-7.37%,1264172.0,1263392.0
DOX,778.0,0.0490%,65.14,1.84%,65.0666,991714.646143,39.75%,1587397.0,1586619.0
JBTM,775.0,0.0115%,138.02,1.10%,139.3063,910092.277742,15.60%,6732680.0,6731905.0
MRBK,771.0,0.2269%,18.09,0.78%,18.2109,70381.070896,-60.23%,340626.0,339855.0
DSY,771.0,0.2205%,2.15,2.14%,2.1229,3134.35,-57.88%,350491.0,349720.0
INW,769.0,0.3749%,0.0,0.00%,0.0,0.0,0.00%,205892.0,205123.0
PRA,767.0,0.0122%,24.6,0.00%,24.6226,893675.623369,-18.42%,6313218.0,6312451.0
QUIK,767.0,1.8915%,17.56,-5.49%,17.4867,622901.881585,3.30%,41317.0,40550.0
REI,765.0,0.0784%,1.65,-8.33%,1.6425,5623149.343211,3.42%,976345.0,975580.0
WSBF,762.0,0.1200%,18.56,0.92%,18.5261,35108.63113,-60.32%,635621.0,634859.0
CHYM,761.0,0.1586%,19.01,-12.52%,19.696,15308221.527247,71.25%,480613.0,479852.0
688347,759.0,0.2778%,0.0,0.00%,0.0,0.0,0.00%,273952.0,273193.0
JBIO,757.0,0.0638%,24.22,-3.62%,24.0264,380696.206942,-40.34%,1186584.0,1185827.0
RNGR,756.0,0.0962%,15.85,-3.65%,15.891,179186.145145,-30.68%,786646.0,785890.0
PRSU,756.0,0.0279%,41.33,-1.36%,42.5631,406569.227212,126.64%,2708779.0,2708023.0
PSTL,756.0,0.0550%,22.84,-1.55%,22.849,431331.172886,26.87%,1374587.0,1373831.0
SRBK,752.0,0.3201%,18.46,-0.05%,18.4829,19007.426392,-53.40%,235659.0,234907.0
GFF,752.0,0.0146%,90.68,-2.05%,90.6546,405684.764575,-17.74%,5165645.0,5164893.0
ASTH,752.0,0.0137%,36.08,2.35%,35.7888,614331.23432,70.97%,5473482.0,5472730.0
688213,750.0,0.2786%,0.0,0.00%,0.0,0.0,0.00%,269971.0,269221.0
CWCO,750.0,0.1065%,33.18,0.36%,33.1311,70380.947739,-27.41%,705232.0,704482.0
FDP,750.0,0.0157%,37.55,0.13%,37.6942,313512.673158,-36.92%,4764657.0,4763907.0
JHX,749.0,0.0243%,20.47,-4.44%,20.7791,7100981.247161,16.89%,3087956.0,3087207.0
BUR,749.0,0.0109%,5.16,-2.64%,5.2532,3568745.859679,5.12%,6879141.0,6878392.0
LFUS,748.0,0.0440%,441.58,-0.02%,440.5651,357160.740494,-55.08%,1701972.0,1701224.0
THR,745.0,0.0499%,65.32,-4.99%,65.666,791686.217404,-33.41%,1494881.0,1494136.0
CGNT,742.0,0.2181%,11.0,4.07%,11.0706,945210.668031,-10.41%,340937.0,340195.0
688047,741.0,0.2722%,0.0,0.00%,0.0,0.0,0.00%,272980.0,272239.0
CBAN,737.0,0.0952%,19.8,0.41%,19.8385,227486.035374,47.59%,774838.0,774101.0
VICR,733.0,0.0340%,261.34,-6.78%,266.0118,674078.967776,-24.15%,2157305.0,2156572.0
FIZZ,730.0,0.0244%,35.16,0.57%,35.2366,282428.396106,15.40%,2990931.0,2990201.0
LILA,727.0,0.0439%,7.81,-4.17%,7.7865,771503.515645,308.69%,1655355.0,1654628.0
6594,727.0,0.2529%,0.0,0.00%,0.0,0.0,0.00%,288152.0,287425.0
ZIP,726.0,0.0302%,3.1,-0.64%,3.2311,1179512.69687,43.46%,2402321.0,2401595.0
SSNC,724.0,0.0173%,70.1,0.83%,70.2868,2346367.197737,5.71%,4179639.0,4178915.0
MZTI,722.0,0.0319%,116.96,-0.51%,117.2162,354030.227918,-16.35%,2263727.0,2263005.0
CMRC,721.0,0.0281%,3.56,23.61%,3.6253,3159324.222391,278.57%,2568237.0,2567516.0
RPT,721.0,0.3507%,15.12,2.44%,15.0068,18512.02599,-33.37%,206298.0,205577.0
FOXF,718.0,0.0135%,18.57,2.15%,18.4788,763191.805773,15.90%,5308423.0,5307705.0
PRG,717.0,0.0141%,35.71,-1.73%,35.7685,472394.373447,10.52%,5078055.0,5077338.0
PLOW,716.0,0.0781%,45.23,-0.42%,45.7632,245560.637573,-48.66%,917642.0,916926.0
LNN,716.0,0.0506%,112.34,-1.23%,113.3373,167861.796393,-11.03%,1415158.0,1414442.0
CENTA,714.0,0.0113%,34.74,3.21%,35.6289,819732.970254,117.38%,6345782.0,6345068.0
MCS,712.0,0.0780%,18.29,1.67%,18.2883,113847.649558,-25.12%,913472.0,912760.0
INSG,712.0,0.1548%,18.8,-1.16%,18.695,337427.814236,55.60%,460554.0,459842.0
UNF,708.0,0.0395%,256.41,0.81%,256.6202,290615.53825,67.56%,1791240.0,1790532.0
PJT,708.0,0.0234%,153.19,0.69%,154.237,397584.04037,45.72%,3030646.0,3029938.0
NPB,705.0,0.0984%,17.69,0.00%,17.6567,115261.10698,5.58%,717406.0,716701.0
5901,704.0,0.4505%,0.0,0.00%,0.0,0.0,0.00%,156970.0,156266.0
RJET,703.0,1.0555%,22.39,10.51%,21.6717,169711.141479,108.96%,67308.0,66605.0
NAVN,701.0,0.0476%,18.01,-1.58%,18.1882,3755677.341393,-21.44%,1472405.0,1471704.0
PWP,701.0,0.0254%,18.83,-2.64%,18.848,1410975.300103,32.98%,2759173.0,2758472.0
6134 JP,700.0,2.1672%,0.0,0.00%,0.0,0.0,0.00%,33000.0,32300.0
7731,690.0,0.3275%,0.0,0.00%,0.0,0.0,0.00%,211345.0,210655.0
VSVS,687.0,0.4371%,0.0,0.00%,0.0,0.0,0.00%,157852.0,157165.0
TOI,686.0,0.0245%,4.07,7.11%,3.9471,1950323.46654,63.39%,2799294.0,2798608.0
WING,685.0,0.0322%,134.88,-7.25%,136.4591,2281231.549245,55.28%,2128094.0,2127409.0
RTYM6,684.0,4.8483%,0.0,0.00%,0.0,0.0,0.00%,14792.0,14108.0
EVI,683.0,0.3074%,20.1,0.55%,20.1365,16919.821125,9.21%,222861.0,222178.0
8804,675.0,0.5921%,0.0,0.00%,0.0,0.0,0.00%,114685.0,114010.0
CVGW,673.0,0.1020%,27.7,-1.04%,27.7376,156586.954819,-58.94%,660393.0,659720.0
ASIX,672.0,0.0633%,23.94,-4.85%,23.6857,537286.033231,66.85%,1061495.0,1060823.0
ATS,671.0,1.3900%,34.64,1.76%,34.4461,131787.411168,-57.44%,48945.0,48274.0
GH,669.0,0.0141%,92.26,0.01%,91.2125,2403799.486903,42.84%,4758377.0,4757708.0
VEL,669.0,0.1605%,18.29,-6.54%,18.6281,233160.709629,204.00%,417525.0,416856.0
STRZ,669.0,0.1484%,20.1,-0.25%,20.2058,95799.23595,-6.79%,451478.0,450809.0
IMI LN,669.0,2.1823%,0.0,0.00%,0.0,0.0,0.00%,31325.0,30656.0
RPC,667.0,0.0260%,8.46,3.05%,8.4478,437956.57894,22.21%,2563759.0,2563092.0
WIX,667.0,0.1688%,80.34,7.41%,80.1317,1452589.973571,42.62%,395914.0,395247.0
TRC,666.0,0.0774%,20.48,3.85%,20.4547,164114.091891,154.50%,861628.0,860962.0
QGEN,666.0,0.0280%,33.51,-2.70%,33.5551,3134182.469417,90.65%,2380243.38,2379577.38
DLX,663.0,0.0108%,26.83,2.33%,26.7088,904132.830408,-23.62%,6153832.0,6153169.0
AZTA,662.0,0.0126%,18.57,1.03%,18.4231,2258001.179069,-67.96%,5246729.0,5246067.0
UMH,659.0,0.0136%,15.88,0.95%,15.9263,1015210.555029,-20.85%,4832278.0,4831619.0
TPB,659.0,0.0907%,90.22,11.03%,88.8466,923201.568945,146.05%,727555.0,726896.0
W,654.0,0.0436%,66.2,0.30%,65.9793,4268292.541865,-12.31%,1501072.0,1500418.0
NBIS,654.0,0.3522%,184.77,-5.29%,186.0571,19203361.693848,-0.66%,186336.0,185682.0
688361,654.0,0.2788%,0.0,0.00%,0.0,0.0,0.00%,235249.0,234595.0
KE,652.0,0.0675%,25.95,3.14%,26.0384,285253.663132,23.93%,966389.0,965737.0
688120,651.0,0.2715%,0.0,0.00%,0.0,0.0,0.00%,240455.0,239804.0
6473,650.0,0.3259%,0.0,0.00%,0.0,0.0,0.00%,200081.0,199431.0
HARL,648.0,0.3334%,0.0,0.00%,0.0,0.0,0.00%,195011.0,194363.0
LOPE,648.0,0.0284%,164.48,-0.02%,164.9057,237431.8374,-15.05%,2282550.0,2281902.0
MYE,647.0,0.0449%,22.4,8.11%,22.2781,461005.130997,105.23%,1442963.0,1442316.0
DRVN,646.0,0.0305%,13.75,3.15%,13.7273,1103024.1029,-20.85%,2121466.0,2120820.0
688375,642.0,0.2777%,0.0,0.00%,0.0,0.0,0.00%,231819.0,231177.0
CRVL,642.0,0.0169%,58.06,4.87%,57.7887,167153.650823,-10.59%,3804817.0,3804175.0
ENLT,639.0,0.0391%,85.09,-9.09%,86.0097,320617.348865,89.47%,1634372.0,1633733.0
CBL,638.0,0.0758%,43.95,-0.43%,43.941,148898.211141,0.30%,841969.0,841331.0
SXI,637.0,0.0406%,268.54,-0.21%,268.6006,145397.404085,17.81%,1568015.0,1567378.0
KCR FH,636.0,2.1813%,0.0,0.00%,0.0,0.0,0.00%,29793.0,29157.0
MORN,636.0,0.0318%,177.91,6.11%,176.286,647469.625453,-6.73%,2003753.0,2003117.0
7951,634.0,0.1508%,0.0,0.00%,0.0,0.0,0.00%,421026.0,420392.0
MNDY,634.0,0.7933%,76.39,3.27%,76.5789,1459626.061907,5.11%,80553.0,79919.0
SPB,634.0,0.0596%,78.63,-7.53%,78.7995,633653.703225,-7.73%,1063835.0,1063201.0
SKIN,633.0,0.0158%,0.91,-2.43%,0.8787,2659654.776313,200.89%,3997772.0,3997139.0
DUE GR,632.0,2.1831%,0.0,0.00%,0.0,0.0,0.00%,29581.0,28949.0
ESCA,630.0,0.1809%,19.8,-4.62%,19.805,63438.618049,24.38%,348898.0,348268.0
FWRG,630.0,0.0301%,11.95,-1.81%,11.876,1620033.758195,-32.90%,2096166.0,2095536.0
9880,630.0,0.7620%,0.0,0.00%,0.0,0.0,0.00%,83311.0,82681.0
PAX,627.0,0.0264%,12.04,-6.81%,12.0063,2269705.597841,37.87%,2378501.0,2377874.0
ANRO,627.0,0.1614%,24.07,-1.71%,23.6261,614864.914815,74.28%,389217.0,388590.0
GRC,627.0,0.0774%,76.52,-1.57%,76.8987,122039.53821,-4.65%,810286.0,809659.0
NEU,624.0,0.1043%,679.14,-1.39%,682.551,60345.397133,-40.78%,598940.0,598316.0
LEGH,622.0,0.2168%,21.57,-0.09%,21.6702,77899.710642,30.90%,287529.0,286907.0
EVMN,622.0,0.1739%,22.5,-5.58%,22.8259,289485.53454,-44.45%,358262.0,357640.0
6669 TT,620.0,17.7701%,0.0,0.00%,0.0,0.0,0.00%,4109.0,3489.0
GSAT,620.0,0.0350%,81.48,-0.60%,81.4217,1663823.127738,35.94%,1772051.0,1771431.0
MGYR,618.0,4.4666%,17.68,1.61%,17.6287,1116.0,-44.22%,14454.0,13836.0
ELMD,618.0,0.2687%,26.86,3.55%,26.6395,28037.651565,-3.53%,230638.0,230020.0
PZZA,617.0,0.0152%,32.85,-2.75%,32.7094,1930365.606283,-0.68%,4055294.0,4054677.0
GRRR,617.0,0.1962%,15.35,1.19%,15.6056,1414560.985911,21.80%,315128.0,314511.0
EPC,617.0,0.0101%,21.65,-3.31%,22.2874,1017995.864301,-25.98%,6102702.0,6102085.0
HVT,616.0,0.1198%,21.75,0.14%,21.8105,77255.145499,-34.63%,514997.0,514381.0
GCBC,614.0,0.2428%,23.99,-0.12%,24.0177,5316.4928,-19.37%,253446.0,252832.0
EQNR,613.0,0.0764%,36.91,-2.95%,36.6797,7367012.692418,14.27%,803009.0,802396.0
HIPO,612.0,0.0908%,27.46,0.26%,27.6427,92603.429165,-33.98%,674330.0,673718.0
VOW3 GR,612.0,1.6783%,0.0,0.00%,0.0,0.0,0.00%,37078.0,36466.0
MOON,611.0,0.5520%,0.0,0.00%,0.0,0.0,0.00%,111292.0,110681.0
247540 KS,610.0,0.2039%,0.0,0.00%,0.0,0.0,0.00%,299805.0,299195.0
CNDT,608.0,0.0098%,1.83,4.57%,1.8096,789839.908575,1.33%,6226831.0,6226223.0
5019,607.0,0.0683%,0.0,0.00%,0.0,0.0,0.00%,888768.0,888161.0
CSV,606.0,0.1132%,44.6,-4.23%,43.9638,352647.355401,149.62%,535776.0,535170.0
SEZL,604.0,0.0280%,99.82,16.04%,103.3117,3311698.548004,177.18%,2160234.0,2159630.0
CSTL,604.0,0.0426%,19.24,-22.26%,20.0876,1999196.615362,184.85%,1419341.0,1418737.0
8439,603.0,0.5570%,0.0,0.00%,0.0,0.0,0.00%,108868.0,108265.0
JOYY,602.0,0.1556%,59.0,-2.11%,58.7586,268977.77288,-25.49%,387466.0,386864.0
GEOS,602.0,0.5150%,8.5,-8.90%,8.7082,451130.712944,73.99%,117489.0,116887.0
ACS,601.0,0.2749%,0.0,0.00%,0.0,0.0,0.00%,219262.0,218661.0
688072,600.0,0.3156%,0.0,0.00%,0.0,0.0,0.00%,190724.0,190124.0
688153,600.0,0.2422%,0.0,0.00%,0.0,0.0,0.00%,248373.0,247773.0
688188,600.0,0.3037%,0.0,0.00%,0.0,0.0,0.00%,198195.0,197595.0
6841 JP,600.0,2.1127%,0.0,0.00%,0.0,0.0,0.00%,29000.0,28400.0
688516,600.0,0.2629%,0.0,0.00%,0.0,0.0,0.00%,228790.0,228190.0
TITN,599.0,0.0721%,21.5,0.51%,21.5251,102310.463126,1.99%,831940.0,831341.0
MOH,599.0,0.0104%,191.85,-2.83%,193.7826,738840.934706,-5.81%,5773108.0,5772509.0
ACR,599.0,0.0651%,22.73,-0.48%,22.6685,12769.23,-34.58%,921156.0,920557.0
AQN,598.0,0.0648%,6.28,-0.79%,6.2968,3208673.906342,-16.95%,923611.0,923013.0
OMF,597.0,0.0145%,55.69,-0.38%,55.7386,1308769.947987,-10.59%,4112585.0,4111988.0
TMCI,596.0,0.0363%,1.92,-0.52%,1.9269,378455.132968,105.62%,1642952.0,1642356.0
GTY,595.0,0.0082%,33.01,-0.21%,33.0937,458975.89258,13.48%,7298517.0,7297922.0
DJT,589.0,0.0175%,9.02,-0.88%,9.0804,3153992.287103,-11.31%,3371897.0,3371308.0
USAC,588.0,0.0647%,27.61,2.26%,27.3149,222261.042577,29.83%,909557.0,908969.0
ABEO,586.0,0.0332%,5.77,-3.99%,5.7539,1499037.860055,-18.43%,1765964.0,1765378.0
AVNS,585.0,0.0103%,24.77,0.20%,24.7704,1750473.951821,137.90%,5707900.0,5707315.0
XXI,585.0,0.1261%,8.36,-3.80%,8.3049,1275984.970044,-23.20%,464523.0,463938.0
SEG,584.0,0.2297%,22.24,-2.88%,22.6226,69756.354035,117.47%,254787.0,254203.0
FBRX,583.0,1.0349%,26.17,-1.32%,26.2129,120867.427164,10.88%,56917.0,56334.0
SIE,581.0,0.0746%,0.0,0.00%,0.0,0.0,0.00%,779467.0,778886.0
6525,576.0,0.4919%,0.0,0.00%,0.0,0.0,0.00%,117669.0,117093.0
BLZE,575.0,0.0293%,7.5,1.35%,7.4588,2313804.80525,-56.46%,1965038.0,1964463.0
HTZ,574.0,0.0033%,6.17,-4.78%,6.2164,13447971.595462,64.84%,17661463.0,17660889.0
CDXS,573.0,0.0143%,2.58,-3.01%,2.6493,1695134.59455,-6.42%,3997383.0,3996810.0
ALMU,573.0,0.1235%,23.97,-15.67%,24.6357,2020638.219746,-7.97%,464595.0,464022.0
ICUI,572.0,0.0189%,123.07,2.91%,122.964,352002.589203,52.51%,3024283.0,3023711.0
ROAD,571.0,0.0329%,131.36,-2.66%,131.8202,985167.188025,83.79%,1733773.0,1733202.0
LCII,569.0,0.0181%,116.43,-0.44%,116.5489,346891.174035,-38.02%,3150308.0,3149739.0
BWMN,568.0,0.1036%,34.75,-2.93%,35.3991,132632.683313,-40.40%,548688.0,548120.0
CZNC,568.0,0.0927%,21.78,0.23%,21.7753,36149.762479,21.66%,613296.0,612728.0
3563,567.0,0.3393%,0.0,0.00%,0.0,0.0,0.00%,167671.0,167104.0
NSIT,566.0,0.0145%,70.37,1.97%,72.3131,1347974.897029,-11.46%,3916106.0,3915540.0
BMW,566.0,0.1455%,0.0,0.00%,0.0,0.0,0.00%,389584.0,389018.0
KRT,565.0,0.1910%,30.41,2.46%,30.5528,122543.556109,143.60%,296394.0,295829.0
JAKK,565.0,0.1650%,23.28,1.09%,23.1379,61518.138843,31.60%,343078.0,342513.0
1942,564.0,0.2480%,0.0,0.00%,0.0,0.0,0.00%,228010.0,227446.0
ASTE,562.0,0.0182%,53.0,-1.12%,53.4996,319971.418651,-32.29%,3087883.0,3087321.0
ZGN,556.0,0.0276%,13.05,0.85%,13.0628,1082209.461187,-7.55%,2015007.0,2014451.0
COSO,555.0,0.1945%,25.83,0.04%,25.8295,79902.0,-28.54%,285854.0,285299.0
MCFT,555.0,0.0901%,25.57,5.92%,25.6449,432558.256992,164.94%,616277.0,615722.0
ETD,552.0,0.0167%,20.44,-0.29%,20.4318,449868.00477,10.54%,3312415.0,3311863.0
CARE,550.0,0.0620%,26.19,0.08%,26.1996,360868.047637,91.06%,887201.0,886651.0
ACEL,548.0,0.0300%,11.36,-0.09%,11.3506,512707.610676,-40.44%,1828533.0,1827985.0
VFF,548.0,0.2246%,2.76,2.60%,2.7144,1221711.40567,17.11%,244581.0,244033.0
TREE,548.0,0.1128%,39.83,0.40%,40.5043,349058.408688,12.88%,486288.0,485740.0
SITM,547.0,0.0240%,797.31,27.91%,797.3103,1266545.813537,95.15%,2281988.0,2281441.0
2376,544.0,0.6950%,0.0,0.00%,0.0,0.0,0.00%,78823.0,78279.0
AAL,544.0,0.0011%,13.18,1.85%,13.1302,82536884.58039,38.19%,48737236.0,48736692.0
BELFB,543.0,0.1187%,290.46,1.24%,287.6621,198045.289779,-32.61%,457809.0,457266.0
LUNG,541.0,0.0394%,1.27,-1.55%,1.2921,400495.01605,-34.34%,1372134.0,1371593.0
CMT,540.0,0.1843%,24.96,1.75%,24.0307,47269.313653,178.64%,293468.0,292928.0
8253,540.0,0.4527%,0.0,0.00%,0.0,0.0,0.00%,119814.0,119274.0
MCBS,539.0,0.0689%,32.485,0.39%,32.5182,58913.875216,-3.93%,783122.0,782583.0
WTBA,538.0,0.0914%,24.11,1.13%,24.0851,34504.607746,-15.04%,589118.0,588580.0
CBZ,537.0,0.0293%,31.67,6.74%,31.6209,874293.935233,4.42%,1831350.0,1830813.0
MPLT,536.0,0.0782%,29.2,0.55%,28.7103,210467.756813,-21.46%,685642.0,685106.0
LPG,534.0,0.0109%,39.81,1.95%,39.7524,465783.782295,-10.93%,4919547.0,4919013.0
STRS,534.0,0.1863%,29.8,-0.40%,29.8211,122134.037,1639.31%,287139.0,286605.0
OLP,530.0,0.0677%,23.32,1.52%,23.2552,53181.252808,1.32%,783222.0,782692.0
UTI,528.0,0.0312%,35.49,-3.98%,34.2913,1303862.020734,28.79%,1694652.0,1694124.0
IPAR,527.0,0.0234%,93.91,-0.95%,93.6599,276990.601087,-21.16%,2256039.0,2255512.0
BATRK,526.0,0.0323%,51.18,0.18%,51.311,363534.274851,-61.31%,1627228.0,1626702.0
SMP,526.0,0.0176%,39.34,1.18%,39.329,107099.982397,-6.31%,2981987.0,2981461.0
AGX,525.0,0.0296%,690.0,-5.16%,701.9231,333239.480632,1.05%,1774228.0,1773703.0
AMCX,523.0,0.0363%,8.56,1.06%,8.5642,244920.35282,-4.05%,1440047.0,1439524.0
CWBC,523.0,0.0666%,24.17,0.17%,24.3591,293125.4621,-0.44%,785922.0,785399.0
PRAA,522.0,0.0105%,20.88,-1.93%,21.0143,646784.70759,93.97%,4961250.0,4960728.0
ALDX,521.0,0.0241%,1.73,-0.57%,1.72,646040.76074,-43.73%,2165526.0,2165005.0
CHH,521.0,0.0307%,106.53,1.29%,106.4392,511716.24723,-0.48%,1696101.0,1695580.0
NATR,519.0,0.0816%,24.55,-6.42%,24.9514,79016.934496,42.40%,636173.0,635654.0
KULR,515.0,0.0331%,2.73,-4.21%,2.7511,1154669.387315,10.80%,1556756.0,1556241.0
SLVM,515.0,0.0124%,43.7,-2.52%,44.0888,431171.695017,95.62%,4157374.0,4156859.0
BMRC,514.0,0.0907%,26.07,-0.57%,26.0552,74765.722668,-16.28%,566926.0,566412.0
STXS,513.0,0.0246%,1.9,-1.04%,1.927,295320.367972,-1.49%,2085382.0,2084869.0
688702,513.0,0.2739%,0.0,0.00%,0.0,0.0,0.00%,187821.0,187308.0
HCI,512.0,0.0354%,152.82,-0.71%,150.232,263730.329668,7.46%,1446837.0,1446325.0
OSIS,512.0,0.0216%,241.11,0.35%,240.1743,567976.820848,19.06%,2369253.0,2368741.0
CFBK,512.0,0.3148%,27.36,2.28%,27.1893,24961.7625,3.81%,163152.0,162640.0
BIO,509.0,0.0413%,257.32,-0.66%,257.034,268574.728953,-46.12%,1231690.0,1231181.0
FA,505.0,0.0174%,15.76,23.12%,15.6858,3545092.889654,113.81%,2910968.0,2910463.0
LUG,504.0,0.3153%,0.0,0.00%,0.0,0.0,0.00%,160345.0,159841.0
NXSN,504.0,0.2126%,0.0,0.00%,0.0,0.0,0.00%,237555.0,237051.0
ALRS,503.0,0.0175%,26.91,-0.30%,26.893,250294.794071,-5.88%,2882704.0,2882201.0
FUL,502.0,0.0069%,60.67,-0.46%,60.7225,467316.625982,10.98%,7242175.0,7241673.0
4449 JP,500.0,6.9677%,0.0,0.00%,0.0,0.0,0.00%,7676.0,7176.0
301308,500.0,0.1768%,0.0,0.00%,0.0,0.0,0.00%,283309.0,282809.0
7911,496.0,0.2445%,0.0,0.00%,0.0,0.0,0.00%,203399.0,202903.0
CEU,496.0,0.4127%,0.0,0.00%,0.0,0.0,0.00%,120666.0,120170.0
PKE,495.0,0.0705%,33.41,-2.48%,33.8806,233647.633918,29.37%,702520.0,702025.0
PALI,495.0,0.1321%,1.99,-0.50%,1.9842,3957203.538894,114.25%,375129.0,374634.0
AGRO,494.0,0.1933%,13.37,-3.26%,13.2372,1301333.754608,-0.01%,256114.0,255620.0
WLDN,488.0,0.0866%,74.47,-1.64%,75.0012,376840.895547,-3.86%,564040.0,563552.0
BDTX,488.0,0.0621%,2.72,-3.55%,2.5858,1928044.435136,94.13%,785745.0,785257.0
8358,488.0,0.2035%,0.0,0.00%,0.0,0.0,0.00%,240266.0,239778.0
RBB,486.0,0.0766%,24.19,-0.45%,24.3405,93802.315639,37.12%,634630.0,634144.0
SWIM,484.0,0.0258%,5.75,-1.03%,5.7802,1030783.444657,-27.60%,1878853.0,1878369.0
ZVIA,482.0,0.0259%,1.3,9.24%,1.3745,1752632.737627,11.19%,1864017.0,1863535.0
BGS,482.0,0.0142%,5.42,0.74%,5.4032,1178275.71579,-37.08%,3400016.0,3399534.0
5101,477.0,0.5243%,0.0,0.00%,0.0,0.0,0.00%,91463.0,90986.0
RBI,477.0,0.5172%,0.0,0.00%,0.0,0.0,0.00%,92701.0,92224.0
AMSF,476.0,0.0197%,30.3,2.36%,30.2148,267689.222062,7.61%,2413667.0,2413191.0
TMV,476.0,0.4649%,38.25,1.38%,38.0001,498375.494015,-24.81%,102861.0,102385.0
JET2,472.0,0.4551%,0.0,0.00%,0.0,0.0,0.00%,104176.0,103704.0
FCCO,471.0,0.2078%,30.42,1.03%,30.4675,144946.697524,48.20%,227127.0,226656.0
RH,470.0,0.0451%,133.65,1.46%,133.3494,766877.083147,-13.47%,1043736.0,1043266.0
APOG,470.0,0.0166%,36.58,0.41%,36.5613,179102.102891,12.42%,2826681.0,2826211.0
IDT,469.0,0.0696%,53.54,1.77%,53.5768,132555.791863,48.98%,674448.0,673979.0
CLBT,468.0,0.2246%,13.81,4.86%,13.7828,1808844.425026,27.82%,208870.0,208402.0
VOE,468.0,0.4683%,191.51,-1.23%,191.8003,371296.476476,76.19%,100409.0,99941.0
AMBQ,467.0,0.0735%,38.0,-8.10%,38.6781,534160.120197,46.93%,636228.0,635761.0
SUNC,466.0,0.4215%,66.74,2.10%,65.829,843253.186416,5.79%,111036.0,110570.0
ZG,465.0,0.0588%,44.04,-1.76%,43.9556,2018450.596238,43.82%,791330.0,790865.0
LAZ,465.0,0.0114%,46.44,-0.26%,46.4187,1706405.817109,7.34%,4085769.0,4085304.0
GIII,464.0,0.0093%,31.3,-2.03%,31.508,299131.646521,-18.16%,4993197.0,4992733.0
NGG,462.0,0.2327%,85.91,-2.21%,86.4122,843151.651052,3.61%,199014.0,198552.0
UIS,462.0,0.0176%,3.05,-6.73%,3.1416,1266763.677082,-21.96%,2627813.0,2627351.0
JM,460.0,0.2681%,0.0,0.00%,0.0,0.0,0.00%,172018.0,171558.0
ISS,457.0,0.4371%,0.0,0.00%,0.0,0.0,0.00%,105013.0,104556.0
BKSY,456.0,0.0208%,32.24,-20.41%,31.9895,5321509.77225,160.75%,2188952.0,2188496.0
ASMB,455.0,1.6716%,30.93,-1.37%,31.2379,163651.828362,4.70%,27674.0,27219.0
NWFL,454.0,0.1157%,30.67,1.66%,30.6476,15123.513915,-28.84%,393000.0,392546.0
ALSN,454.0,0.0346%,123.02,-3.66%,123.9062,973211.834321,-0.12%,1311310.0,1310856.0
AAT,452.0,0.0065%,21.11,-0.09%,21.1639,435317.173525,26.86%,6905427.0,6904975.0
R,452.0,0.0134%,241.82,0.11%,242.3304,395822.376207,6.26%,3366820.0,3366368.0
BAS,450.0,0.0416%,0.0,0.00%,0.0,0.0,0.00%,1082107.0,1081657.0
BCML,449.0,0.0991%,30.48,1.26%,30.3992,52611.534043,-44.72%,453370.0,452921.0
CAR-U,449.0,0.4360%,0.0,0.00%,0.0,0.0,0.00%,103428.0,102979.0
NRDY,448.0,0.0207%,0.88,0.80%,0.901,547684.190654,24.54%,2168661.0,2168213.0
CSW,447.0,0.0225%,277.76,-1.20%,279.289,100878.390226,-24.07%,1986983.0,1986536.0
021240,444.0,0.3182%,0.0,0.00%,0.0,0.0,0.00%,139962.0,139518.0
RNR,443.0,0.0061%,300.84,-0.59%,301.1406,313321.42434,28.52%,7251787.0,7251344.0
CBFV,441.0,0.2608%,35.75,1.85%,35.5696,3904.0,-20.20%,169522.0,169081.0
ISTR,441.0,0.0994%,28.47,0.39%,28.5088,218293.832628,194.34%,444182.0,443741.0
AIN,441.0,0.0124%,61.63,1.35%,61.6683,274887.583114,82.70%,3545193.0,3544752.0
FMAO,438.0,0.0904%,27.67,1.84%,27.5458,64408.809583,-9.29%,484896.0,484458.0
SN,437.0,0.0365%,113.12,-2.05%,113.3939,2551436.701663,-42.34%,1197788.0,1197351.0
MSGE,436.0,0.0294%,66.74,-0.31%,66.939,917829.344977,109.68%,1484384.0,1483948.0
CCL/B,433.0,0.4744%,0.0,0.00%,0.0,0.0,0.00%,91707.0,91274.0
NIQ,432.0,0.0406%,11.2,6.97%,11.0643,1392322.017765,45.01%,1065085.0,1064653.0
BCC,432.0,0.0092%,72.76,-1.99%,73.5892,412807.049666,-41.99%,4701378.0,4700946.0
MATW,430.0,0.0108%,27.66,-1.46%,27.9073,165426.822029,-7.40%,3980036.0,3979606.0
CRI,429.0,0.0094%,35.75,-3.98%,36.2593,1453321.231914,-36.64%,4572844.0,4572415.0
HURA,429.0,0.0305%,2.4,-5.51%,2.4275,561646.312928,-56.66%,1408027.0,1407598.0
TGB,428.0,0.0029%,7.25,-3.59%,7.444,6712519.97911,22.53%,14695356.0,14694928.0
VTEX,427.0,0.0226%,3.97,3.12%,4.0744,1842698.701802,42.85%,1891789.0,1891362.0
PPIH,426.0,0.6461%,32.81,-2.06%,32.8612,70325.353072,24.65%,66358.0,65932.0
CTS,425.0,0.0118%,59.85,-0.25%,59.7983,479648.463391,19.86%,3589435.0,3589010.0
TEMN SW,425.0,0.1609%,0.0,0.00%,0.0,0.0,0.00%,264584.0,264159.0
MZTF,425.0,0.1420%,0.0,0.00%,0.0,0.0,0.00%,299624.0,299199.0
BBD/B,423.0,0.2811%,0.0,0.00%,0.0,0.0,0.00%,150910.0,150487.0
CBNK,422.0,0.1005%,31.53,-0.25%,31.6532,33399.3207,-48.42%,420378.0,419956.0
RXST,421.0,0.0321%,5.8,-14.45%,5.817,2140110.280567,53.03%,1312897.0,1312476.0
HBT,421.0,0.0931%,28.39,1.00%,28.4619,89284.08465,44.52%,452718.0,452297.0
4186,421.0,0.5359%,0.0,0.00%,0.0,0.0,0.00%,78985.0,78564.0
ECX,420.0,0.0288%,1.18,5.36%,1.2151,3616110.043885,104.70%,1457376.0,1456956.0
COHU,420.0,0.0072%,47.48,-4.31%,47.9036,1301772.306394,6.24%,5802866.0,5802446.0
SAFE,418.0,0.0064%,15.41,2.12%,15.4139,398640.8109,-28.67%,6568655.0,6568237.0
SRZN,418.0,3.4184%,30.75,-9.90%,31.8319,77123.867199,-43.37%,12646.0,12228.0
NVCR,415.0,0.0085%,16.83,2.03%,16.6494,1475874.324311,-2.34%,4901684.0,4901269.0
SSD,414.0,0.0132%,192.61,-0.86%,192.919,290359.823812,0.64%,3144856.0,3144442.0
BPRN,412.0,0.1904%,35.55,1.46%,35.3598,9209.707,-3.60%,216810.0,216398.0
JJSF,412.0,0.0199%,75.71,-3.75%,77.0314,398968.341059,-12.01%,2069157.0,2068745.0
WEYS,410.0,0.1923%,34.26,5.97%,33.7537,18583.9854,31.64%,213646.0,213236.0
CASS,409.0,0.0836%,47.62,1.13%,47.6235,69869.6896,15.33%,489621.0,489212.0
AS,409.0,0.0252%,36.49,-1.88%,36.5034,3669673.375979,-5.80%,1623217.0,1622808.0
ATEX,409.0,0.0978%,53.21,2.48%,52.9959,351721.631638,32.95%,418422.0,418013.0
LMB,408.0,0.0943%,74.13,-3.69%,74.6976,500598.469995,-61.06%,432951.0,432543.0
SNDA,407.0,0.2077%,36.55,-1.62%,36.368,714632.899415,36.73%,196335.0,195928.0
TSEOF,406.0,0.0333%,0.0,0.00%,0.0,0.0,0.00%,1219333.0,1218927.0
ATAI,405.0,0.0156%,4.01,-3.84%,4.0326,4338341.015963,10.10%,2594323.0,2593918.0
SMRT,405.0,0.0771%,1.14,-2.56%,1.151,957968.061352,-77.52%,525654.0,525249.0
INSM,404.0,0.0033%,105.0,-23.41%,110.4899,13718250.594523,495.87%,12149201.0,12148797.0
NGS,404.0,0.1013%,39.58,-1.84%,39.2744,61110.257273,4.55%,399229.0,398825.0
FSBC,404.0,0.0691%,41.24,-0.17%,41.2697,76655.7753,11.90%,585078.0,584674.0
CPS,402.0,0.0571%,30.49,-0.65%,31.4942,431454.950272,49.73%,704912.0,704510.0
688082,400.0,0.2619%,0.0,0.00%,0.0,0.0,0.00%,153158.0,152758.0
CBRL,400.0,0.0132%,31.15,1.40%,30.9013,950049.982638,-19.18%,3042182.0,3041782.0
300672,400.0,0.2629%,0.0,0.00%,0.0,0.0,0.00%,152572.0,152172.0
603290,400.0,0.2357%,0.0,0.00%,0.0,0.0,0.00%,170096.0,169696.0
600563,400.0,0.2480%,0.0,0.00%,0.0,0.0,0.00%,161709.0,161309.0
688608,400.0,0.3513%,0.0,0.00%,0.0,0.0,0.00%,114272.0,113872.0
WKL NA,400.0,0.1588%,0.0,0.00%,0.0,0.0,0.00%,252358.0,251958.0
301377,400.0,0.2734%,0.0,0.00%,0.0,0.0,0.00%,146700.0,146300.0
688798,400.0,0.2565%,0.0,0.00%,0.0,0.0,0.00%,156351.0,155951.0
603267,400.0,0.2444%,0.0,0.00%,0.0,0.0,0.00%,164079.0,163679.0
MG,399.0,0.0742%,18.74,1.13%,18.9248,206616.800985,-42.87%,538413.0,538014.0
IMAX,399.0,0.0268%,35.64,-0.14%,35.8438,981097.853433,21.22%,1490606.0,1490207.0
PKBK,396.0,0.0971%,30.86,0.46%,30.8713,100548.2554,-3.70%,408236.0,407840.0
FSTR,395.0,0.1114%,40.36,-1.85%,40.2179,123401.260153,0.65%,354990.0,354595.0
DXPE,391.0,0.0239%,150.02,-17.35%,151.6736,363227.303259,98.33%,1638884.0,1638493.0
NXRT,391.0,0.0121%,29.85,0.00%,30.0179,211199.745886,-8.87%,3225553.0,3225162.0
12,390.0,0.0331%,0.0,0.00%,0.0,0.0,0.00%,1178671.0,1178281.0
MCRI,390.0,0.0258%,117.28,-0.30%,117.5182,112805.265933,19.52%,1512057.0,1511667.0
5991,390.0,0.2468%,0.0,0.00%,0.0,0.0,0.00%,158400.0,158010.0
GBX,383.0,0.0096%,50.41,0.10%,50.3868,240211.690312,8.92%,3978390.0,3978007.0
COFS,382.0,0.0738%,31.5,1.09%,31.5495,72757.6726,-10.60%,518241.0,517859.0
PSX,381.589999999851,0.0013%,168.31,-1.99%,168.3696,2477480.342169,4.12%,30358618.31,30358236.72
WDFC,380.0,0.0228%,209.76,-0.53%,209.894,141847.787266,7.43%,1663712.0,1663332.0
KOMB,379.0,0.9031%,0.0,0.00%,0.0,0.0,0.00%,42344.0,41965.0
HNST,378.0,0.0104%,3.73,10.03%,3.7994,5052403.462486,142.47%,3649258.0,3648880.0
REPX,378.0,0.0692%,34.23,2.42%,33.8081,538194.023606,6.03%,546248.0,545870.0
STRO,378.0,0.9970%,39.83,5.68%,38.8229,258106.045134,73.03%,38291.0,37913.0
ADS,375.0,0.1889%,0.0,0.00%,0.0,0.0,0.00%,198884.0,198509.0
RDWR,374.0,0.0351%,28.36,5.58%,28.1749,274499.860579,73.02%,1065266.0,1064892.0
WEST,373.0,0.0316%,5.9,-2.80%,6.0903,566879.715142,23.51%,1181604.0,1181231.0
KAI,371.0,0.0259%,340.59,3.99%,345.4938,312006.851141,-20.89%,1435035.0,1434664.0
ODC,370.0,0.0986%,75.68,0.67%,75.6583,47540.364259,-6.25%,375532.0,375162.0
THRY,369.0,0.0274%,3.72,2.48%,3.7442,661543.041645,-10.43%,1346974.0,1346605.0
CCNE,368.0,0.0320%,30.97,0.10%,31.0084,76103.120045,-4.15%,1149464.0,1149096.0
DAVE,365.0,0.0934%,249.27,1.18%,252.0041,544592.272612,-44.43%,391155.0,390790.0
SIMO,364.0,1.0511%,242.71,-0.91%,242.948,1180943.035778,-9.84%,34996.0,34632.0
HRI,362.0,0.0302%,131.89,-3.03%,133.9121,607702.011941,-7.23%,1200903.0,1200541.0
EFSI,362.0,0.2646%,38.07,1.57%,38.3686,16434.0,-32.82%,137147.0,136785.0
IPI,362.0,0.0807%,38.61,2.50%,38.2862,371869.555118,59.96%,449148.0,448786.0
CEZ,362.0,0.9565%,0.0,0.00%,0.0,0.0,0.00%,38210.0,37848.0
2049,360.0,0.4652%,0.0,0.00%,0.0,0.0,0.00%,77741.0,77381.0
STIM,356.0,0.0258%,1.84,-3.66%,1.8,1826107.031064,-24.38%,1378806.0,1378450.0
JBSS,355.0,0.0307%,78.1,-1.93%,78.6915,98058.539364,-12.31%,1158584.0,1158229.0
HURN,355.0,0.0506%,124.78,3.89%,125.0974,360238.541005,-45.45%,702463.0,702108.0
MBIN,351.0,0.0059%,46.79,0.26%,46.7587,133419.60115,7.63%,5920045.0,5919694.0
AROW,351.0,0.0555%,37.07,0.27%,37.1346,52363.91251,-38.07%,632707.0,632356.0
FUNC,350.0,0.1704%,38.18,1.79%,38.0107,9023.0059,-3.25%,205806.0,205456.0
YORW,348.0,0.0583%,29.18,0.59%,29.1288,114404.23785,-25.10%,597193.0,596845.0
NEXA,348.0,0.1950%,13.93,-16.69%,14.411,2768713.170969,116.33%,178816.0,178468.0
4613,347.0,0.3011%,0.0,0.00%,0.0,0.0,0.00%,115602.0,115255.0
ATRL,346.0,0.3147%,0.0,0.00%,0.0,0.0,0.00%,110286.0,109940.0
UFPT,345.0,0.0370%,221.35,1.44%,223.3409,285284.43989,-38.98%,932753.0,932408.0
SBET,345.0,0.1031%,7.45,-3.62%,7.4817,4469812.445368,-27.06%,335065.0,334720.0
INMB,345.0,0.0516%,1.43,-5.92%,1.4767,312072.425445,-23.74%,668596.0,668251.0
BSRR,342.0,0.0717%,37.76,2.47%,37.6258,52338.544338,54.66%,477265.0,476923.0
CHE-U,337.0,0.4068%,0.0,0.00%,0.0,0.0,0.00%,83178.0,82841.0
CRCL,337.0,0.0157%,113.25,-7.02%,113.9106,21476759.09818,11.32%,2146746.0,2146409.0
ZIM,336.0,0.0409%,26.09,-6.29%,26.7073,2108408.679358,-37.53%,821809.0,821473.0
CLIS,333.0,0.6544%,0.0,0.00%,0.0,0.0,0.00%,51218.0,50885.0
066970 KS,330.0,0.2140%,0.0,0.00%,0.0,0.0,0.00%,154571.0,154241.0
BETA,329.0,0.0100%,17.99,-0.88%,18.1527,2263978.041258,-34.58%,3277076.0,3276747.0
DCO,328.0,0.0255%,137.74,-6.23%,138.8691,234000.811147,16.50%,1286547.0,1286219.0
TGA,328.0,0.0843%,0.0,0.00%,0.0,0.0,0.00%,389536.0,389208.0
CQP,327.0,0.0640%,63.19,-1.27%,62.0986,188839.179704,71.70%,511634.0,511307.0
FUBO,327.0,0.0294%,10.79,3.45%,10.7482,2015977.149898,-47.33%,1111288.0,1110961.0
HFBL,327.0,7.4966%,19.6,-1.80%,19.5379,1624.6192,-77.53%,4689.0,4362.0
PEBK,327.0,0.2005%,41.18,1.91%,41.1876,49245.01804,71.49%,163418.0,163091.0
TRNS,327.0,0.0936%,76.5,1.78%,75.8456,122043.179018,2.15%,349801.0,349474.0
VAC,326.0,0.0093%,77.15,-1.42%,77.0932,510934.054806,-24.14%,3514330.0,3514004.0
GHM,324.0,0.0748%,97.08,0.39%,96.4637,238364.172844,128.46%,433444.0,433120.0
MAX,323.0,0.0270%,9.28,3.46%,9.1768,513422.616304,-17.55%,1195038.0,1194715.0
ROG,323.0,0.0150%,137.26,-2.37%,138.9109,270287.959756,-47.03%,2151402.0,2151079.0
XRN,322.0,0.0359%,32.3,-9.24%,31.393,751570.884091,607.64%,898099.0,897777.0
1944,321.0,0.2665%,0.0,0.00%,0.0,0.0,0.00%,120782.0,120461.0
6479,320.0,0.2755%,0.0,0.00%,0.0,0.0,0.00%,116487.0,116167.0
6506,320.0,0.4543%,0.0,0.00%,0.0,0.0,0.00%,70762.0,70442.0
AMN,320.0,0.0063%,22.45,7.06%,22.4217,1755488.479392,66.89%,5083361.0,5083041.0
6727,319.0,0.3940%,0.0,0.00%,0.0,0.0,0.00%,81290.0,80971.0
ESTA,318.0,1.3394%,72.03,-3.37%,72.1779,553275.948832,-74.13%,24060.0,23742.0
OOMA,316.0,0.0325%,19.0,2.32%,18.9896,263271.539972,-9.38%,973155.0,972839.0
CHE,315.0,0.0279%,425.82,0.30%,426.0577,219157.218629,1.11%,1128732.0,1128417.0
JACK,314.0,0.0384%,13.87,1.76%,13.8239,493625.480266,-23.89%,819019.0,818705.0
BHE,312.0,0.0052%,83.78,-3.26%,84.2821,498870.600825,19.22%,5955125.0,5954813.0
9045,311.0,0.4509%,0.0,0.00%,0.0,0.0,0.00%,69289.0,68978.0
MYO,308.0,0.0280%,0.8716,2.18%,0.8839,402105.912563,49.12%,1101535.0,1101227.0
DCTH,308.0,0.0279%,11.24,-0.18%,11.4072,896190.931825,50.79%,1102515.0,1102207.0
MMI,307.0,0.0103%,29.52,1.76%,29.5075,222461.00406,1.13%,2984032.0,2983725.0
PSIX,304.0,0.0968%,71.99,-3.36%,71.8881,474029.825374,-14.52%,314281.0,313977.0
CURI,302.0,0.0201%,3.14,1.62%,3.1336,366614.566123,-21.03%,1505018.0,1504716.0
ABI,302.0,0.0272%,24.9,0.04%,24.9109,10.802358,275.10%,1112444.0,1112142.0
VMD,301.0,0.0252%,9.21,8.16%,9.0022,374018.743063,-50.36%,1195288.0,1194987.0
003230 KS,300.0,50.9338%,0.0,0.00%,0.0,0.0,0.00%,889.0,589.0
FSBW,300.0,0.1128%,41.31,-0.15%,41.2578,13529.1909,-10.24%,266339.0,266039.0
301200,300.0,0.2519%,0.0,0.00%,0.0,0.0,0.00%,119400.0,119100.0
PLPC,300.0,0.2211%,345.28,-5.68%,352.7227,100790.9265,-33.42%,136003.0,135703.0
TSBK,298.0,0.1007%,41.43,0.61%,41.3565,17548.9244,-8.03%,296261.0,295963.0
TGLS,293.0,0.0309%,42.44,-3.65%,42.5324,571019.632132,66.72%,947731.0,947438.0
ASTL,293.0,0.1031%,5.21,2.36%,5.1851,2150348.402271,4.03%,284438.0,284145.0
MIAX,292.0,0.0252%,49.77,4.36%,49.5277,1944611.090456,46.95%,1158598.0,1158306.0
LPLA,292.0,0.0174%,309.62,-4.65%,312.4347,862097.908712,33.50%,1674842.0,1674550.0
AORT,290.0,0.0051%,35.42,1.99%,35.4757,902248.166575,74.68%,5704406.0,5704116.0
TNC,289.0,0.0127%,86.91,-0.36%,87.3228,252047.826618,-36.96%,2274992.0,2274703.0
CRAI,289.0,0.1051%,139.12,-8.86%,139.9552,230754.87677,9.67%,275367.0,275078.0
OTB,287.0,0.5522%,0.0,0.00%,0.0,0.0,0.00%,52264.0,51977.0
FDBC,286.0,0.1623%,46.1,1.88%,46.0284,6997.79701,33.60%,176529.0,176243.0
7313,286.0,0.4373%,0.0,0.00%,0.0,0.0,0.00%,65694.0,65408.0
EPM,285.0,0.0276%,4.71,0.00%,4.6623,203349.405041,-35.95%,1034020.0,1033735.0
SMWB,284.0,0.2241%,3.28,6.84%,3.2194,629474.26662,-30.32%,127001.0,126717.0
CTRN,282.0,0.1350%,47.17,1.57%,46.8515,61787.866831,29.82%,209151.0,208869.0
KLC,281.0,0.0244%,3.92,-6.44%,4.019,484718.187041,-75.39%,1154173.0,1153892.0
CCBG,281.0,0.0512%,46.59,-0.03%,46.7436,82616.8078,-3.41%,549635.0,549354.0
UNTY,280.0,0.0976%,53.77,1.26%,53.8159,38227.607074,18.27%,287157.0,286877.0
FROG,280.0,0.1191%,57.02,5.97%,57.8717,4855840.791703,123.03%,235464.0,235184.0
PLAY,278.0,0.0247%,10.47,-2.70%,10.6233,1261012.627172,0.29%,1123570.0,1123292.0
TAYD,277.0,3.5508%,52.06,1.09%,51.5105,36527.862364,-11.26%,8078.0,7801.0
MNPR,276.0,0.1643%,62.43,-2.24%,62.6842,198465.616263,-31.22%,168233.0,167957.0
KNX,276.0,0.0024%,63.44,-1.29%,63.5828,3940439.989354,-69.63%,11531278.0,11531002.0
EXP,275.0,0.0115%,211.71,-2.46%,212.7059,353549.273992,-7.72%,2400404.0,2400129.0
IOSP,275.0,0.0090%,76.64,-1.33%,77.2235,197573.771636,-19.61%,3063568.0,3063293.0
SLI CN,274.0,0.0234%,0.0,0.00%,0.0,0.0,0.00%,1173058.0,1172784.0
NXXT,272.0,0.0198%,0.3515,0.57%,0.3625,1416380.455177,-6.65%,1373681.0,1373409.0
6920,270.0,0.5199%,0.0,0.00%,0.0,0.0,0.00%,52201.0,51931.0
GOLD,269.0,0.0341%,43.51,0.95%,44.1196,908236.316901,31.75%,789605.0,789336.0
ANDR AV,263.0,2.1857%,0.0,0.00%,0.0,0.0,0.00%,12296.0,12033.0
FFAI,262.0,0.0042%,0.3746,-5.88%,0.3719,9040261.637879,-43.63%,6257284.0,6257022.0
NC,261.0,0.1949%,52.11,2.70%,51.19,18312.702645,-11.78%,134158.0,133897.0
VPG,261.0,0.0516%,62.43,-1.79%,62.2081,254360.069638,-24.97%,506347.0,506086.0
USPH,258.0,0.0137%,59.0,-19.89%,60.9891,476989.1081,79.45%,1886061.0,1885803.0
ADUS,255.0,0.0112%,97.29,0.67%,97.7022,318418.749827,-0.25%,2272113.0,2271858.0
XPOF,254.0,0.0285%,6.54,-1.36%,6.5212,721835.855872,59.77%,892830.0,892576.0
MRX,254.0,0.0141%,51.88,3.59%,51.5884,1316087.002208,-48.61%,1806070.0,1805816.0
EQPT,253.0,0.1967%,20.6,-0.53%,20.8106,2392157.410026,-2.06%,128894.0,128641.0
RACE,252.0,0.1853%,337.46,0.36%,338.8393,696691.415125,3.46%,136245.0,135993.0
MATX,250.0,0.0063%,180.14,-1.95%,180.7596,318397.158642,4.69%,3970797.0,3970547.0
MLR,249.0,0.0586%,47.69,-2.41%,47.6263,123992.07714,-7.00%,425467.0,425218.0
NHC,249.0,0.0139%,171.42,1.19%,171.7338,64221.927429,-42.65%,1792800.0,1792551.0
BWFG,248.0,0.0940%,52.11,-0.44%,52.2996,45177.369679,124.27%,264039.0,263791.0
PRTH,248.0,0.0244%,5.51,4.75%,5.5089,144351.777544,30.92%,1018295.0,1018047.0
OWL,248.0,0.0017%,10.35,-1.80%,10.3813,27402315.395081,-45.07%,14434485.0,14434237.0
FUTR,246.0,0.3999%,0.0,0.00%,0.0,0.0,0.00%,61761.0,61515.0
STRA,241.0,0.0085%,79.09,0.65%,79.1951,260043.985634,-10.93%,2849308.0,2849067.0
AIR,241.0,0.0032%,117.82,-0.75%,118.5138,340074.778402,-33.82%,7553734.0,7553493.0
OXM,240.0,0.0126%,45.36,-0.46%,45.564,257870.773175,22.24%,1901119.0,1900879.0
GRDN,240.0,0.0310%,36.27,-0.85%,35.3077,1107026.737516,136.86%,773855.0,773615.0
FLXS,237.0,0.1788%,55.16,0.31%,54.5902,40536.810742,29.60%,132802.0,132565.0
9076,236.0,0.1907%,0.0,0.00%,0.0,0.0,0.00%,124008.0,123772.0
SAM,235.0,0.0271%,203.01,-1.62%,205.3141,236762.980818,-23.86%,868193.0,867958.0
ROKU,235.0,0.0109%,126.67,-1.02%,127.3178,2060673.687148,-17.76%,2159562.0,2159327.0
RHM,233.0,0.3382%,0.0,0.00%,0.0,0.0,0.00%,69131.0,68898.0
DRUG,233.0,0.0953%,88.815,-0.10%,88.9147,140146.592077,-3.19%,244736.0,244503.0
FRMI,231.0,0.0386%,5.12,-7.91%,5.247,19373677.922164,7.47%,598471.0,598240.0
2201,231.0,0.0548%,0.0,0.00%,0.0,0.0,0.00%,421874.0,421643.0
9533,226.0,0.0785%,0.0,0.00%,0.0,0.0,0.00%,287966.0,287740.0
MTAV,226.0,0.6304%,0.0,0.00%,0.0,0.0,0.00%,36078.0,35852.0
ROOT,226.0,0.0483%,56.91,3.38%,58.9519,853034.12289,103.77%,468063.0,467837.0
ALTO,225.0,0.1093%,4.54,-18.35%,4.8174,4927910.929519,52.01%,206140.0,205915.0
BXC,225.0,0.0709%,52.96,-9.78%,55.0014,149631.813302,-51.57%,317758.0,317533.0
6526,224.0,0.3447%,0.0,0.00%,0.0,0.0,0.00%,65207.0,64983.0
LUCD,224.0,0.0070%,1.05,-2.78%,1.0647,736009.726757,28.61%,3179433.0,3179209.0
KNOS,223.0,0.5528%,0.0,0.00%,0.0,0.0,0.00%,40560.0,40337.0
ENRG,222.0,0.0038%,0.0,0.00%,0.0,0.0,0.00%,5800717.0,5800495.0
MATV,222.0,0.0105%,9.4,1.18%,9.2977,803346.865665,127.91%,2118557.0,2118335.0
ELI,221.0,0.4715%,0.0,0.00%,0.0,0.0,0.00%,47090.0,46869.0
IMO,217.0,0.1218%,125.84,-1.56%,125.8079,490952.757398,-0.40%,178361.0,178144.0
5214,217.0,0.3509%,0.0,0.00%,0.0,0.0,0.00%,62057.0,61840.0
ACNB,215.0,0.0577%,53.0,-0.43%,53.3569,38230.374746,15.17%,372793.0,372578.0
FBIZ,213.0,0.0659%,56.72,0.60%,56.5296,28586.479501,23.87%,323398.0,323185.0
TTAM,213.0,0.0147%,16.75,-1.53%,16.7577,591413.1637,183.93%,1449907.0,1449694.0
KFRC,211.0,0.0310%,43.26,2.78%,43.4164,211782.136081,9.26%,680190.0,679979.0
FVRR,210.0,0.1987%,11.75,4.35%,11.7588,844413.333757,23.46%,105901.0,105691.0
9987,210.0,0.3965%,0.0,0.00%,0.0,0.0,0.00%,53168.0,52958.0
HO,209.0,0.4776%,0.0,0.00%,0.0,0.0,0.00%,43974.0,43765.0
GXO,208.0,0.0026%,51.88,3.95%,51.8085,1977938.052164,-36.61%,8101346.0,8101138.0
VIG,207.0,0.6222%,228.11,-0.74%,228.6937,969314.257976,-4.87%,33474.0,33267.0
CSR,207.0,0.0094%,67.45,0.37%,67.6106,63968.061805,-49.33%,2196957.0,2196750.0
PROT,207.0,0.5553%,0.0,0.00%,0.0,0.0,0.00%,37487.0,37280.0
SFST,206.0,0.0723%,56.85,-0.09%,56.985,201875.0,44.49%,285111.0,284905.0
6925,205.0,0.3912%,0.0,0.00%,0.0,0.0,0.00%,52605.0,52400.0
688052,200.0,0.2096%,0.0,0.00%,0.0,0.0,0.00%,95606.0,95406.0
012450 KS,200.0,0.0440%,0.0,0.00%,0.0,0.0,0.00%,454758.0,454558.0
GAMB,200.0,0.0280%,4.42,7.28%,4.3756,709642.432517,173.62%,714737.0,714537.0
688536,200.0,0.2160%,0.0,0.00%,0.0,0.0,0.00%,92802.0,92602.0
7595 JP,200.0,1.8182%,0.0,0.00%,0.0,0.0,0.00%,11200.0,11000.0
6622 JP,200.0,1.8182%,0.0,0.00%,0.0,0.0,0.00%,11200.0,11000.0
BYRN,199.0,0.0295%,5.53,0.36%,5.5548,375337.724208,-13.40%,674390.0,674191.0
ALSYDB,198.0,0.2155%,0.0,0.00%,0.0,0.0,0.00%,92070.0,91872.0
RDCM,196.0,0.2253%,15.85,-0.94%,16.0356,117155.383834,-27.34%,87208.0,87012.0
LSTR,195.0,0.0073%,181.95,0.34%,182.1413,345331.274137,-25.84%,2657673.0,2657478.0
PLSE,195.0,0.0292%,19.59,1.98%,19.5255,222176.437527,-5.79%,668466.0,668271.0
BW,195.0,0.0291%,14.84,-4.57%,15.0138,2673824.615216,30.31%,670585.0,670390.0
PHR,194.0,0.0091%,9.83,3.15%,9.8402,1382789.668666,41.43%,2130664.0,2130470.0
2782,190.0,0.4270%,0.0,0.00%,0.0,0.0,0.00%,44691.0,44501.0
OBE,187.0,0.5536%,12.77,-0.85%,12.2823,1863503.753198,3.38%,33963.0,33776.0
GCO,185.0,0.0354%,33.75,-2.57%,33.8943,146395.666495,16.36%,522530.0,522345.0
GHC,184.0,0.0574%,1131.1,0.75%,1131.2975,15482.235493,-16.40%,320765.0,320581.0
MGRC,184.0,0.0205%,114.33,1.12%,114.1279,192181.201875,4.11%,899485.0,899301.0
WLTH,183.0,0.0159%,11.39,0.09%,11.2936,619042.44214,-31.98%,1148701.0,1148518.0
ALNT,182.0,0.0268%,65.8,-15.12%,65.922,649536.592221,247.29%,679467.0,679285.0
NNOX,182.0,0.0071%,1.76,-1.68%,1.7742,1098570.653501,-6.81%,2552377.0,2552195.0
TLRY,182.0,0.1488%,5.66,-1.74%,5.6921,4027732.852766,-8.57%,122496.0,122314.0
PRLB,182.0,0.0059%,68.17,-1.05%,68.3179,169841.862665,-0.10%,3093344.0,3093162.0
ONEX,180.0,0.1242%,0.0,0.00%,0.0,0.0,0.00%,145053.0,144873.0
STUB,180.0,0.1362%,7.67,0.92%,7.692,2234630.195599,14.59%,132307.0,132127.0
IMSR,180.0,0.1191%,7.39,-14.27%,7.6701,4487023.573162,-51.13%,151356.0,151176.0
CFFI,179.0,0.1737%,77.48,4.70%,76.636,4573.2661,89.16%,103204.0,103025.0
NUTX,178.0,0.0935%,134.59,3.06%,134.032,109749.165755,-47.56%,190640.0,190462.0
BNTC,177.0,0.0274%,12.14,-3.42%,12.1859,60841.480125,-47.34%,645933.0,645756.0
BKTI,177.0,0.1700%,93.92,0.33%,94.0854,23540.84111,-6.72%,104290.0,104113.0
7276,177.0,0.0815%,0.0,0.00%,0.0,0.0,0.00%,217270.0,217093.0
8715,175.0,0.5535%,0.0,0.00%,0.0,0.0,0.00%,31791.0,31616.0
DB1,174.0,0.0822%,0.0,0.00%,0.0,0.0,0.00%,211746.0,211572.0
RCEL,170.0,0.0327%,4.18,-5.43%,4.2393,202820.182997,-2.29%,519538.0,519368.0
JYNT,168.0,0.0418%,8.67,-1.48%,8.7235,34249.056196,-52.75%,402223.0,402055.0
NEON,167.0,0.0380%,1.82,4.60%,1.828,155184.01657,20.12%,440010.0,439843.0
LEVI,167.0,0.0415%,22.75,-1.22%,22.8814,3312835.996022,45.51%,402549.0,402382.0
3608,165.0,0.3960%,0.0,0.00%,0.0,0.0,0.00%,41832.0,41667.0
MVST,165.0,0.0019%,1.89,-3.57%,1.8794,3387278.583747,30.78%,8621788.0,8621623.0
DMRC,164.0,0.0274%,8.58,4.89%,8.4595,168724.262971,-0.45%,597880.0,597716.0
CXDO,163.0,0.0284%,9.78,0.41%,9.6821,515989.014992,-55.76%,573139.0,572976.0
EXFY,163.0,0.0079%,1.11,0.91%,1.0952,480835.525922,-49.50%,2060227.0,2060064.0
BFAM,163.0,0.0204%,68.31,2.94%,68.0687,1973310.164625,-2.34%,801002.0,800839.0
6861,163.0,0.2609%,0.0,0.00%,0.0,0.0,0.00%,62651.0,62488.0
BOW,163.0,0.0261%,26.36,6.63%,25.8748,370675.618851,90.77%,623961.0,623798.0
GIC,163.0,0.0320%,30.22,1.58%,30.2064,112192.57156,-38.09%,510248.0,510085.0
YSS,162.0,0.0245%,33.38,-9.47%,34.2301,1508510.529273,-28.76%,661226.0,661064.0
6669,160.0,0.5169%,0.0,0.00%,0.0,0.0,0.00%,31115.0,30955.0
138040,159.0,0.4206%,0.0,0.00%,0.0,0.0,0.00%,37965.0,37806.0
CS,158.0,0.0083%,0.0,0.00%,0.0,0.0,0.00%,1906745.0,1906587.0
FIBI,158.0,0.1152%,0.0,0.00%,0.0,0.0,0.00%,137365.0,137207.0
GLBE,158.0,0.1329%,32.63,4.52%,32.4777,2399013.411682,68.65%,119050.0,118892.0
FHTX,155.0,0.0115%,4.2,-10.26%,4.2969,220227.695694,159.36%,1353531.0,1353376.0
DKL,153.0,0.0644%,51.02,-0.43%,50.5192,80671.293083,22.93%,237741.0,237588.0
CABO,153.0,0.0245%,60.77,9.06%,60.6418,297066.228615,20.11%,624633.0,624480.0
EP,153.0,0.0324%,2.74,0.74%,2.698,53688.889308,-8.45%,471887.0,471734.0
SLSN,152.0,0.0293%,1.3,3.17%,1.2983,15621.0,-80.05%,518303.0,518151.0
GWRS,152.0,0.0374%,7.16,2.14%,7.1056,77798.887422,-14.01%,406985.0,406833.0
MH,151.0,0.0158%,11.99,2.39%,11.9336,332449.59801,18.17%,955009.0,954858.0
ALG,151.0,0.0104%,166.2,-2.72%,167.5361,253414.810193,-31.05%,1451300.0,1451149.0
MTRX,150.0,0.0138%,12.16,-11.88%,12.0404,509136.880618,20.02%,1083822.0,1083672.0
RLMD,150.0,0.1103%,7.43,-5.47%,7.4968,680021.937947,-18.46%,136086.0,135936.0
NVCT,147.0,0.0285%,10.32,3.20%,10.2006,96970.023653,-44.93%,515289.0,515142.0
KWR,146.0,0.0087%,142.94,0.76%,143.7677,143181.569515,8.76%,1686706.0,1686560.0
3008,144.0,0.2606%,0.0,0.00%,0.0,0.0,0.00%,55396.0,55252.0
CNXN,142.0,0.0088%,65.35,0.86%,65.3999,87018.040923,-1.57%,1616829.0,1616687.0
NSTS,139.0,1.2427%,12.75,0.00%,12.7005,552.0,-43.21%,11324.0,11185.0
BFA,138.0,0.0192%,0.0,0.00%,0.0,0.0,0.00%,719701.0,719563.0
EE,138.0,0.0100%,33.06,-3.73%,32.7992,1041320.282183,69.55%,1376774.0,1376636.0
6810,137.0,0.5530%,0.0,0.00%,0.0,0.0,0.00%,24913.0,24776.0
AER,136.0,0.0438%,148.49,-1.69%,148.8543,1701652.630129,-19.72%,310529.0,310393.0
LAW,136.0,0.0146%,4.01,7.80%,3.9695,824260.765584,-17.51%,929678.0,929542.0
EVCM,135.0,0.0284%,11.79,6.89%,11.5858,84767.576611,-29.00%,474971.0,474836.0
FPS,135.0,0.1255%,39.69,-7.01%,40.5642,7476276.937703,52.64%,107666.0,107531.0
CLMB,135.0,0.0237%,20.26,3.21%,20.1038,161896.990769,27.94%,568675.0,568540.0
AREN,134.0,0.0296%,2.78,1.46%,2.7548,119733.440785,73.02%,452132.0,451998.0
4023,134.0,0.3864%,0.0,0.00%,0.0,0.0,0.00%,34813.0,34679.0
NGVC,133.0,0.0262%,27.76,2.40%,27.6101,159088.827625,22.58%,507881.0,507748.0
RHLD,133.0,0.0653%,107.92,-22.72%,114.2364,278459.580517,113.15%,203657.0,203524.0
7278,133.0,0.4210%,0.0,0.00%,0.0,0.0,0.00%,31724.0,31591.0
9247,132.0,0.5542%,0.0,0.00%,0.0,0.0,0.00%,23949.0,23817.0
ISPR,128.0,0.0198%,1.85,10.12%,1.7917,168017.431197,-10.76%,647317.0,647189.0
IBTA,128.0,0.0312%,36.78,-0.59%,38.0818,257910.291624,82.56%,410175.0,410047.0
RLJ,128.0,0.0016%,8.85,0.80%,8.849,4623823.806221,1.31%,7841490.0,7841362.0
3591,127.0,0.4230%,0.0,0.00%,0.0,0.0,0.00%,30151.0,30024.0
HHH,127.0,0.0294%,63.52,-0.94%,64.2062,656114.074548,75.24%,432142.0,432015.0
DJCO,126.0,0.2480%,492.33,0.86%,492.2407,29073.041311,22.70%,50927.0,50801.0
USLM,125.0,0.0245%,109.28,2.15%,109.1571,194913.923575,56.09%,510122.0,509997.0
PACS,125.0,0.0077%,33.63,-0.59%,33.6006,539339.954676,39.47%,1628649.0,1628524.0
MMYT,124.0,0.1640%,50.51,2.06%,50.5239,870764.000957,48.17%,75730.0,75606.0
SENEA,124.0,0.0631%,140.08,-1.84%,141.1102,120829.847106,-1.68%,196582.0,196458.0
IESC,122.0,0.0348%,665.63,-1.22%,664.4001,283566.901448,-7.59%,350823.0,350701.0
SFD,121.0,0.0162%,26.08,-0.34%,26.1267,1230702.752661,-6.28%,747835.0,747714.0
PAY,120.0,0.0626%,27.85,2.58%,27.8477,430152.582668,-40.96%,191667.0,191547.0
1926,118.0,0.4047%,0.0,0.00%,0.0,0.0,0.00%,29273.0,29155.0
MMHD,117.0,0.7417%,0.0,0.00%,0.0,0.0,0.00%,15892.0,15775.0
MI-U,117.0,0.5548%,0.0,0.00%,0.0,0.0,0.00%,21207.0,21090.0
STG,117.0,0.3447%,3.19,-3.04%,3.258,945.32893,-84.21%,34064.0,33947.0
BSL GR,117.0,2.1747%,0.0,0.00%,0.0,0.0,0.00%,5497.0,5380.0
ARX,116.0,0.0822%,13.56,5.36%,13.6083,1450829.308826,31.09%,141232.0,141116.0
KMTS,115.0,0.0112%,21.52,3.91%,21.3667,233778.326779,-41.38%,1028768.0,1028653.0
BIDU,114.0,0.0106%,139.87,-0.51%,139.4138,2387402.284538,-47.85%,1080484.0,1080370.0
NVR,113.05000000001746,0.0473%,6008.85,-1.49%,6030.1992,17759.637009,-8.98%,239140.85,239027.8
PNDORA,113.0,0.2116%,0.0,0.00%,0.0,0.0,0.00%,53511.0,53398.0
KNSA,113.0,0.1899%,56.93,-2.23%,56.6749,545395.736671,-36.35%,59628.0,59515.0
RNA,112.0,0.0266%,12.96,-0.99%,12.9434,189117.591717,-50.09%,420499.0,420387.0
FBYD,112.0,0.0217%,12.48,4.00%,12.47,65604.62629,-1.33%,517204.0,517092.0
OMDA,112.0,0.0101%,16.4,3.40%,16.3279,2112510.870899,110.02%,1113829.0,1113717.0
ATLN,110.0,0.0445%,1.49,-0.67%,1.4593,363767.573777,-94.81%,247246.0,247136.0
SITE,109.0,0.0170%,124.99,2.27%,125.3078,878521.381705,-20.41%,641743.0,641634.0
GYRE,109.0,0.0292%,7.07,-12.06%,7.223,167834.213871,27.57%,372953.0,372844.0
LFVN,108.0,0.0279%,5.02,-16.33%,5.0034,486773.650556,-42.04%,386693.0,386585.0
HLMA,108.0,0.0244%,0.0,0.00%,0.0,0.0,0.00%,442046.0,441938.0
BLX,105.0,0.0083%,54.16,-1.42%,54.5318,131456.482748,-28.51%,1267838.0,1267733.0
PETS,105.0,0.0528%,2.3,-0.43%,2.2825,45145.076141,11.10%,198944.0,198839.0
KRN GR,105.0,2.1820%,0.0,0.00%,0.0,0.0,0.00%,4917.0,4812.0
CBC,104.0,0.0407%,27.37,0.29%,27.3786,338294.077495,-8.43%,255826.0,255722.0
HMN,104.0,0.0012%,45.15,-1.10%,45.2363,233466.43904,7.11%,9032643.0,9032539.0
LADR,104.0,0.0015%,10.26,-0.29%,10.2527,537823.985579,13.70%,7016657.0,7016553.0
ESOA,103.0,0.0244%,17.23,-2.96%,17.1589,107411.550208,20.75%,422081.0,421978.0
7860,102.0,0.5543%,0.0,0.00%,0.0,0.0,0.00%,18505.0,18403.0
INGM,102.0,0.0347%,26.87,0.00%,27.0696,2710027.634194,-72.93%,294460.0,294358.0
EEX,102.0,0.0202%,4.8,4.35%,4.7713,26295.340869,13.68%,504472.0,504370.0
CRDF,102.0,0.0046%,1.6,-4.76%,1.6283,447520.840059,-57.50%,2203322.0,2203220.0
6914 JP,100.0,1.5625%,0.0,0.00%,0.0,0.0,0.00%,6500.0,6400.0
8035 JP,100.0,3.8462%,0.0,0.00%,0.0,0.0,0.00%,2700.0,2600.0
5032 JP,100.0,0.8328%,0.0,0.00%,0.0,0.0,0.00%,12108.0,12008.0
6857 JP,100.0,2.8571%,0.0,0.00%,0.0,0.0,0.00%,3600.0,3500.0
BALY,98.0,0.0309%,13.05,-0.91%,13.0431,26323.063711,-42.55%,316856.0,316758.0
FWONA,98.0,0.0307%,85.71,4.95%,84.7793,246164.089958,62.50%,319173.0,319075.0
ACTU,98.0,0.0345%,3.34,11.71%,3.2244,156869.901914,49.82%,284529.0,284431.0
AGM,97.0,0.0223%,182.63,2.08%,181.3648,83115.452397,-50.30%,434948.0,434851.0
FC,97.0,0.0248%,22.55,0.45%,22.687,120692.917304,54.24%,391832.0,391735.0
CTEV,96.0,0.0269%,24.21,-8.54%,24.3198,111119.898478,15.43%,356827.0,356731.0
SAIA,96.0,0.0052%,448.94,-0.10%,450.8479,336643.069248,-51.46%,1846530.0,1846434.0
AKTS,95.0,0.0132%,18.84,-5.94%,19.2138,171515.071331,5.16%,718384.0,718289.0
CMPR,93.0,0.0140%,91.98,2.75%,92.0228,118501.863001,-7.83%,662285.0,662192.0
FEIM,92.0,0.0356%,54.81,-4.09%,55.2226,109391.233477,-18.50%,258223.0,258131.0
7611,91.0,0.5501%,0.0,0.00%,0.0,0.0,0.00%,16632.0,16541.0
PTRN,90.0,0.1158%,16.95,18.95%,15.8404,4660710.24324,136.14%,77827.0,77737.0
TX,90.0,0.3877%,46.22,-4.54%,46.499,248064.488502,-77.67%,23305.0,23215.0
4205,90.0,0.0537%,0.0,0.00%,0.0,0.0,0.00%,167810.0,167720.0
CARS,90.0,0.0042%,12.33,10.19%,12.035,1839558.88902,78.94%,2158866.0,2158776.0
DIN,90.0,0.0146%,28.29,4.16%,28.2624,918435.447253,6.57%,615686.0,615596.0
TKNO,89.0,0.0200%,4.0,9.89%,4.083,269663.663178,124.00%,445372.0,445283.0
IBEX,88.0,0.0221%,32.76,16.54%,32.6313,223820.767846,109.07%,398251.0,398163.0
000880,87.0,0.3293%,0.0,0.00%,0.0,0.0,0.00%,26507.0,26420.0
LNSR,87.0,0.0259%,5.23,-2.88%,5.2929,55769.630453,6.93%,336503.0,336416.0
KINS,86.0,0.0184%,16.15,-1.82%,16.0753,102093.11136,-26.91%,466786.0,466700.0
000990,86.0,0.0957%,0.0,0.00%,0.0,0.0,0.00%,89953.0,89867.0
MLAB,85.0,0.0420%,106.12,0.16%,106.4771,121637.544257,24.70%,202613.0,202528.0
MUV2,85.0,0.0575%,0.0,0.00%,0.0,0.0,0.00%,147924.0,147839.0
KODK,85.0,0.0027%,14.15,-2.48%,13.9556,1460743.703282,35.38%,3178470.0,3178385.0
VRTS,84.0,0.0099%,141.85,-1.03%,142.5201,89125.464258,-8.57%,845021.0,844937.0
TIH,84.0,0.0467%,0.0,0.00%,0.0,0.0,0.00%,179831.0,179747.0
UMAC,84.0,0.0079%,13.5,-5.33%,13.61,2048763.678904,-7.71%,1058168.0,1058084.0
AIF,83.0,0.4556%,0.0,0.00%,0.0,0.0,0.00%,18299.0,18216.0
MDWD,83.0,0.0268%,17.27,-0.58%,17.3572,140814.277,120.05%,310015.0,309932.0
AEYE,81.0,0.0272%,8.09,5.61%,8.016,125333.375133,7.02%,297332.0,297251.0
3443,80.0,0.3472%,0.0,0.00%,0.0,0.0,0.00%,23120.0,23040.0
6324,80.0,0.7184%,0.0,0.00%,0.0,0.0,0.00%,11216.0,11136.0
081660,80.0,0.3887%,0.0,0.00%,0.0,0.0,0.00%,20664.0,20584.0
CGEO,77.0,0.1472%,0.0,0.00%,0.0,0.0,0.00%,52385.0,52308.0
8060,77.0,0.0471%,0.0,0.00%,0.0,0.0,0.00%,163522.0,163445.0
KRUS,76.0,0.0311%,56.3,1.22%,55.5068,201397.035117,37.26%,244268.0,244192.0
DOMO,75.0,0.0050%,3.92,2.89%,3.9598,945894.693735,34.60%,1503726.0,1503651.0
VELO,75.0,0.1280%,12.23,-9.94%,12.5229,1641022.181746,4.26%,58677.0,58602.0
MATR,75.0,0.5518%,0.0,0.00%,0.0,0.0,0.00%,13667.0,13592.0
SDEV,75.0,0.1317%,1.53,-7.27%,1.5572,87828.273406,-39.81%,57035.0,56960.0
LUCK,75.0,0.1430%,7.53,-1.70%,7.4364,80052.66682,-51.69%,52506.0,52431.0
TBRG,73.0,0.0188%,25.78,0.19%,25.7657,701380.983721,118.10%,388577.0,388504.0
BLLN,73.0,0.2045%,92.9,14.13%,87.5949,1295057.55171,80.57%,35768.0,35695.0
DSGR,73.0,0.0221%,27.49,-1.36%,27.6668,37954.009996,-20.08%,330350.0,330277.0
PMTS,73.0,0.0275%,15.53,2.37%,15.7473,48837.042268,-47.08%,265734.0,265661.0
AUGO,72.0,0.1334%,81.07,-9.62%,83.7347,1175705.359397,55.01%,54040.0,53968.0
EGAN,72.0,0.0119%,7.73,5.03%,7.6696,192268.782087,-24.06%,602905.0,602833.0
TWEKA NA,71.0,2.1833%,0.0,0.00%,0.0,0.0,0.00%,3323.0,3252.0
OPRX,70.0,0.0099%,6.63,2.47%,6.6233,246578.470369,-20.01%,708349.0,708279.0
ALK,70.0,0.0008%,40.59,0.20%,40.9738,3144938.683454,-36.20%,8432586.0,8432516.0
SNWV,69.0,0.0271%,16.65,4.59%,16.348,162342.7759,151.07%,254804.0,254735.0
3156,69.0,0.5563%,0.0,0.00%,0.0,0.0,0.00%,12472.0,12403.0
LLYVA,69.0,0.0282%,95.39,0.14%,94.8027,233480.311943,-14.01%,245168.0,245099.0
ELA,68.0,0.0347%,23.27,21.26%,23.3875,474170.216414,86.82%,195864.0,195796.0
CENT,68.0,0.0063%,38.53,4.62%,39.5895,104279.537774,65.64%,1076502.0,1076434.0
ADYEN,68.0,0.2064%,0.0,0.00%,0.0,0.0,0.00%,33013.0,32945.0
AISP,66.0,0.0080%,2.52,-1.56%,2.5101,413825.989887,-31.64%,821635.0,821569.0
BTGO,64.0,0.1410%,11.31,-4.72%,11.4207,359412.879797,-37.75%,45457.0,45393.0
BATRA,62.0,0.0236%,55.34,0.18%,55.5373,22132.87803,-74.17%,262534.0,262472.0
VIA,61.0,0.0180%,18.34,5.83%,18.3175,549738.339185,49.43%,338975.0,338914.0
AFRI,60.0,0.0639%,10.05,-1.28%,10.044,13067.0,-37.77%,93971.0,93911.0
CLS,60.0,0.0202%,385.21,-6.92%,385.6631,3171314.047668,39.99%,296774.0,296714.0
SENS,60.0,0.1191%,5.36,0.00%,5.2586,1697489.819309,-1.79%,50427.0,50367.0
NP,60.0,0.1180%,30.47,21.98%,28.9914,1431046.27893,490.13%,50928.0,50868.0
AFG,60.0,0.0007%,131.7,-0.42%,131.9872,551593.12219,2.35%,9109627.0,9109567.0
6908,59.0,0.5523%,0.0,0.00%,0.0,0.0,0.00%,10741.0,10682.0
OM,59.0,0.0093%,4.68,3.77%,4.5147,157730.330445,-14.51%,635902.0,635843.0
ESM6,58.5,0.2037%,0.0,0.00%,0.0,0.0,0.00%,28781.0,28722.5
OFLX,58.0,0.0518%,30.47,-0.72%,30.7722,48964.45667,-3.12%,112042.0,111984.0
GLSI,57.0,0.0254%,23.62,2.43%,23.1515,52987.238734,-40.99%,224246.0,224189.0
WLFC,57.0,0.0531%,225.47,-5.61%,225.7445,109992.172425,3.25%,107441.0,107384.0
056190,57.0,0.3757%,0.0,0.00%,0.0,0.0,0.00%,15230.0,15173.0
3288,57.0,0.1040%,0.0,0.00%,0.0,0.0,0.00%,54881.0,54824.0
MLP,55.0,0.0221%,15.78,0.77%,15.7918,9803.0,-33.08%,248455.0,248400.0
9065,55.0,0.1404%,0.0,0.00%,0.0,0.0,0.00%,39215.0,39160.0
WGS,55.0,0.0077%,40.5,16.68%,38.5941,4236532.04163,-0.67%,716152.0,716097.0
KRNT,54.0,0.0644%,16.29,-1.03%,16.4002,203584.5925,81.78%,83881.0,83827.0
FIBIH,54.0,0.5687%,0.0,0.00%,0.0,0.0,0.00%,9550.0,9496.0
SA,54.0,0.0519%,29.71,-2.14%,30.3245,1647232.875981,80.20%,104021.0,103967.0
TESB,53.0,0.4588%,0.0,0.00%,0.0,0.0,0.00%,11604.0,11551.0
CSPI,52.0,0.0219%,9.32,1.41%,9.4963,16923.3782,114.10%,237203.0,237151.0
RUSHB,51.0,0.0146%,68.33,-0.48%,69.2386,138253.2411,22.49%,349705.0,349654.0
AARD,50.0,0.0093%,5.6,-4.92%,5.5589,126182.988144,-8.11%,540147.0,540097.0
STRW,50.0,0.0190%,12.95,1.57%,12.9946,16801.725568,-29.73%,263877.0,263827.0
LWAY,49.0,0.0271%,25.64,-3.79%,25.9355,36437.198198,29.13%,180677.0,180628.0
UNB,48.0,0.0496%,24.55,-1.72%,24.6869,3268.6876,-70.30%,96877.0,96829.0
AMG,48.0,0.0006%,297.76,-2.70%,299.4478,317971.961125,13.37%,7484401.0,7484353.0
5269,48.0,0.7360%,0.0,0.00%,0.0,0.0,0.00%,6570.0,6522.0
WRLD,47.0,0.0132%,149.53,0.30%,152.12,212875.320012,10.49%,355242.0,355195.0
XZO,47.0,0.0225%,13.94,-19.28%,14.2483,873707.760632,267.87%,208875.0,208828.0
NVMI,47.0,0.0075%,504.54,-5.61%,505.954,330124.898626,-22.67%,626190.0,626143.0
6875,46.0,0.0811%,0.0,0.00%,0.0,0.0,0.00%,56752.0,56706.0
CTLP,46.0,0.0021%,11.2,0.00%,11.1983,3431524.1015,61.22%,2222298.0,2222252.0
KARN SW,46.0,2.1556%,0.0,0.00%,0.0,0.0,0.00%,2180.0,2134.0
CHPT,45.0,0.0321%,6.16,-3.14%,6.2188,436037.715528,-6.29%,140195.0,140150.0
3106,45.0,0.4223%,0.0,0.00%,0.0,0.0,0.00%,10702.0,10657.0
XOMA,45.0,0.0132%,41.29,-0.75%,41.36,194875.993193,18.72%,341864.0,341819.0
MUM GR,45.0,2.1994%,0.0,0.00%,0.0,0.0,0.00%,2091.0,2046.0
BH,45.0,0.1050%,300.72,-0.04%,298.5392,47683.750797,32.69%,42885.0,42840.0
ISSC,45.0,0.0578%,20.91,-3.73%,21.1184,232874.931637,-33.47%,77905.0,77860.0
INH,44.0,0.0036%,0.0,0.00%,0.0,0.0,0.00%,1232375.0,1232331.0
MYFW,44.0,0.0132%,29.24,-0.54%,28.9763,84720.062,199.53%,332365.0,332321.0
BELFA,44.0,0.0786%,259.66,1.95%,255.8119,35466.465831,-25.15%,56030.0,55986.0
RCMT,43.0,0.0260%,28.59,-4.73%,28.8949,77652.645493,97.26%,165384.0,165341.0
BIRK,43.0,0.0077%,39.04,-1.41%,39.398,1712078.617908,-18.09%,555956.0,555913.0
4203,42.0,0.0829%,0.0,0.00%,0.0,0.0,0.00%,50679.0,50637.0
181710,41.0,0.3111%,0.0,0.00%,0.0,0.0,0.00%,13222.0,13181.0
NUS,39.0,0.0021%,7.02,-4.36%,7.1094,640039.84277,17.91%,1881165.0,1881126.0
BRCB,39.0,0.0073%,11.46,-5.29%,11.524,459049.51586,183.39%,533589.0,533550.0
CACC,39.0,0.0474%,522.87,-3.16%,525.0446,154026.552961,-49.16%,82318.0,82279.0
FTLF,39.0,0.0356%,9.56,2.69%,9.4777,14807.179566,-81.77%,109566.0,109527.0
4887,37.0,0.0423%,0.0,0.00%,0.0,0.0,0.00%,87589.0,87552.0
097520,37.0,0.5522%,0.0,0.00%,0.0,0.0,0.00%,6738.0,6701.0
ARTNA,37.0,0.0784%,31.68,-0.69%,31.7756,17481.099013,-75.74%,47249.0,47212.0
CARL,36.0,0.0143%,9.75,-0.91%,9.7317,110446.039004,-55.21%,252011.0,251975.0
DLEKG,36.0,0.5583%,0.0,0.00%,0.0,0.0,0.00%,6484.0,6448.0
ALTG,36.0,0.0044%,8.19,-1.33%,8.3467,264456.807356,8.06%,813298.0,813262.0
TZOO,35.0,0.0155%,9.34,2.75%,9.4497,205415.112761,90.51%,225411.0,225376.0
USGO,34.0,0.0361%,13.43,-0.74%,13.5162,62058.269252,-43.68%,94098.0,94064.0
ICLR,34.0,0.0290%,125.0,0.70%,124.9813,1121630.958524,-8.87%,117363.0,117329.0
CDNL,34.0,0.0084%,51.3,-5.44%,52.0283,272937.408237,-33.12%,404578.0,404544.0
ARAI,32.0,0.0613%,0.688,-3.43%,0.6857,1562797.672283,45.93%,52236.0,52204.0
010130,31.0,0.4724%,0.0,0.00%,0.0,0.0,0.00%,6593.0,6562.0
ANDG,30.0,0.1088%,35.98,2.27%,35.8741,161925.476925,-20.70%,27613.0,27583.0
LESL,30.0,0.0703%,1.43,-5.92%,1.4548,137596.69627,167.94%,42727.0,42697.0
EAF,30.0,0.0345%,8.95,-5.29%,9.1812,207056.943557,-53.92%,87061.0,87031.0
MANE,30.0,0.1313%,107.85,-1.75%,109.6184,592324.216583,-34.30%,22872.0,22842.0
XPO,29.0,0.0003%,206.88,-2.22%,208.2037,1307044.702246,-1.17%,8518200.0,8518171.0
MPTI,28.0,0.0253%,76.66,4.70%,76.0323,73929.782487,58.45%,110849.0,110821.0
BARK,28.0,0.0153%,9.35,4.35%,9.3391,46686.759783,40.82%,182722.0,182694.0
PXED,28.0,0.0171%,30.62,2.20%,30.6408,90805.58646,-25.64%,163849.0,163821.0
RICK,27.0,0.0091%,26.4,2.13%,26.4387,51820.288357,29.02%,297327.0,297300.0
MPX,27.0,0.0100%,8.46,4.19%,8.4654,105429.404881,115.98%,269030.0,269003.0
006120,26.0,0.4039%,0.0,0.00%,0.0,0.0,0.00%,6464.0,6438.0
FLYX,26.0,0.0472%,2.32,-6.83%,2.3602,251375.944042,-62.19%,55077.0,55051.0
ADV,25.0,0.0168%,44.43,2.00%,44.5326,103528.189454,-7.85%,148685.0,148660.0
IFCN,24.0,0.5187%,0.0,0.00%,0.0,0.0,0.00%,4651.0,4627.0
NATH,24.0,0.0233%,101.48,0.24%,101.5118,18329.282,7.36%,102949.0,102925.0
SMID,23.0,0.0221%,35.02,1.21%,34.7589,4443.647756,-40.65%,104117.0,104094.0
SMTI,23.0,0.0211%,19.08,-0.37%,19.098,59855.4234,13.69%,108816.0,108793.0
CPA,22.0,0.0358%,122.9,0.29%,124.0383,326438.956214,-44.90%,61519.0,61497.0
AIRS,22.0,0.0049%,3.46,-3.08%,3.5644,1080746.406473,11.38%,452135.0,452113.0
041830,22.0,0.5525%,0.0,0.00%,0.0,0.0,0.00%,4004.0,3982.0
MRDN,21.0,0.0422%,10.98,-17.51%,10.8363,70859.275887,70.88%,49783.0,49762.0
NA9,21.0,0.5405%,0.0,0.00%,0.0,0.0,0.00%,3906.0,3885.0
LPA,20.0,0.0546%,3.27,0.00%,3.3176,8029.568965,-70.75%,36629.0,36609.0
USNA,20.0,0.0041%,19.46,-2.75%,19.7097,119201.731352,-41.08%,485499.0,485479.0
PDEX,17.0,0.0212%,57.42,-1.85%,57.8908,27128.517906,9.75%,80044.0,80027.0
AOMR,17.0,0.0026%,8.82,-0.56%,8.8773,64791.854079,-39.02%,647010.0,646993.0
004170,16.0,0.3386%,0.0,0.00%,0.0,0.0,0.00%,4741.0,4725.0
277810,16.0,0.1499%,0.0,0.00%,0.0,0.0,0.00%,10690.0,10674.0
KG,15.0,0.0169%,11.15,0.72%,10.9273,4771.0,-65.56%,88984.0,88969.0
PLCE,15.0,0.0170%,3.36,0.90%,3.392,206120.785606,-56.74%,88081.0,88066.0
EXOD,15.0,0.0132%,7.58,-7.33%,7.8465,35779.369154,9.99%,113322.0,113307.0
INBK,14.0,0.0049%,25.52,1.39%,25.4704,50752.137417,-44.12%,287958.0,287944.0
PPHC,14.0,0.0114%,13.47,0.52%,13.513,35102.0,-36.85%,123203.0,123189.0
ASM NA,14.0,2.1705%,0.0,0.00%,0.0,0.0,0.00%,659.0,645.0
000660,13.0,0.0054%,0.0,0.00%,0.0,0.0,0.00%,240339.0,240326.0
UHAL,13.0,0.0116%,52.12,0.04%,52.1191,182005.845516,-2.95%,112540.0,112527.0
GOCO,12.0,0.0054%,0.9917,-1.81%,1.0057,96695.431549,21.28%,224122.0,224110.0
060980,11.0,0.5342%,0.0,0.00%,0.0,0.0,0.00%,2070.0,2059.0
PCB,8.0,0.0016%,25.07,1.66%,25.0081,54099.2709,178.53%,491332.0,491324.0
IXSM6,7.0,0.0113%,0.0,0.00%,0.0,0.0,0.00%,61754.0,61747.0
CIX,7.0,0.0160%,23.75,-3.77%,24.0876,3861.426917,-33.61%,43831.0,43824.0
USCB,7.0,0.0018%,18.36,1.21%,18.1642,271139.6334,396.93%,381245.0,381238.0
RMS,6.0,0.0056%,0.0,0.00%,0.0,0.0,0.00%,106362.0,106356.0
SIEB,6.0,0.0013%,1.79,2.87%,1.778,23336.309,-19.38%,463725.0,463719.0
INRN SW,6.0,2.2556%,0.0,0.00%,0.0,0.0,0.00%,272.0,266.0
UXM6,5.0,10.0000%,0.0,0.00%,0.0,0.0,0.00%,55.0,50.0
FRHC,4.0,0.0013%,139.03,-1.47%,141.1481,55758.242435,19.91%,301491.0,301487.0
BEEP,4.0,0.0011%,1.86,2.20%,1.8759,15600.73224,3.09%,359640.0,359636.0
SETH,3.75789999999688,0.0018%,42.9007,2.44%,42.7197,51523.656912,194.95%,208793.4767,208789.7188
ASIC,3.0,0.0010%,19.43,-0.97%,19.639,60759.522547,-23.50%,289054.0,289051.0
VALU,3.0,0.0105%,34.68,-0.12%,34.8696,1187.62664,355.12%,28587.0,28584.0
VRM,2.0,0.0070%,12.45,4.18%,12.8742,7722.222859,-38.41%,28513.0,28511.0
RMBI,1.0,0.0004%,15.23,-0.39%,15.2868,50230.0626,35.12%,222276.0,222275.0
ARL,1.0,0.0015%,13.51,-0.73%,13.4986,2503.596402,-28.12%,66100.0,66099.0
FCNCA,1.0,0.0000%,1953.42,-1.90%,1959.992,77719.215207,16.34%,4590606.0,4590605.0
ALCO,1.0,0.0004%,41.3,1.00%,41.0883,10623.0858,-15.99%,233609.0,233608.0
ETH,-0.15630000000237487,-0.0002%,21.79,-2.29%,21.8338,2645889.708589,27.54%,73112.8532,73113.0095
IXAM6,-1.0,-0.0006%,0.0,0.00%,0.0,0.0,0.00%,155565.0,155566.0
AVBH,-2.0,-0.0024%,29.91,0.50%,29.949,80698.0,-11.91%,82931.0,82933.0
ITIC,-2.0,-0.0036%,241.5,2.61%,240.1646,16006.382331,-40.34%,55699.0,55701.0
IXTM6,-2.0,-0.0070%,0.0,0.00%,0.0,0.0,0.00%,28706.0,28708.0
PNRG,-3.0,-0.0108%,228.0,-1.21%,225.5218,26673.539329,-66.99%,27806.0,27809.0
UXK6,-3.0,-10.0000%,0.0,0.00%,0.0,0.0,0.00%,27.0,30.0
DMM6,-4.0,-9.5238%,0.0,0.00%,0.0,0.0,0.00%,38.0,42.0
RBKB,-4.0,-0.0034%,16.03,-0.19%,16.0675,5264.226238,-48.48%,117366.0,117370.0
SFBC,-4.0,-0.0072%,42.24,-0.31%,42.3544,2177.324947,-42.97%,55693.0,55697.0
COOK,-5.0,-0.0208%,42.24,-1.49%,43.5395,7698.306686,31.54%,24028.64,24033.64
CSTM,-5.0,-0.0001%,32.87,-1.38%,33.0477,1834619.158722,-5.04%,4697700.0,4697705.0
FIG,-5.0,-0.0195%,20.56,6.58%,20.7149,18444486.767884,19.62%,25649.0,25654.0
INNV,-6.0,-0.0009%,8.08,-0.49%,8.166,259462.666718,-53.75%,641054.0,641060.0
NICE,-6.0,-0.0304%,95.64,-1.25%,97.1965,1146155.118944,-58.33%,19726.0,19732.0
STR,-7.0,-0.0097%,0.0,0.00%,0.0,0.0,0.00%,71815.0,71822.0
CVLG,-8.0,-0.0011%,33.18,1.41%,33.0487,124226.418954,-33.44%,706348.0,706356.0
CBNA,-8.0,-0.0111%,37.3,0.27%,37.2004,2087.0,-38.45%,72002.0,72010.0
FAM6,-8.0,-0.1431%,0.0,0.00%,0.0,0.0,0.00%,5581.0,5589.0
SEAT,-8.0,-0.0048%,8.97,17.56%,8.662,230946.919717,19.84%,166285.0,166293.0
LISP,-8.0,-1.4787%,0.0,0.00%,0.0,0.0,0.00%,533.0,541.0
TCI,-8.0,-0.0167%,36.65,0.91%,36.5232,2398.268,-61.22%,48002.0,48010.0
FNWD,-10.0,-0.0099%,31.85,2.58%,31.6086,9573.2578,-24.63%,100863.0,100873.0
UTMD,-10.0,-0.0106%,65.4,1.54%,65.2353,9887.766299,0.87%,94560.0,94570.0
VABK,-10.0,-0.0055%,44.25,0.23%,44.4185,6920.5777,-8.22%,183202.0,183212.0
GEFB,-10.0,-0.0052%,0.0,0.00%,0.0,0.0,0.00%,191898.0,191908.0
TVGN,-10.0,-0.0583%,7.48,5.80%,7.2205,7533.0,-13.39%,17143.0,17153.0
ALH,-11.0,-0.0007%,25.12,-3.27%,25.3161,579015.757427,-45.99%,1524573.0,1524584.0
FXNC,-11.0,-0.0046%,27.96,1.67%,28.0273,122201.4811,47.48%,238524.0,238535.0
CYRX,-11.0,-0.0006%,12.76,0.55%,12.9807,962938.839987,-28.26%,1759479.0,1759490.0
BBUC,-11.0,-0.0013%,33.61,-3.94%,33.7993,226296.927132,-0.61%,833670.0,833681.0
ACU,-12.0,-0.0115%,41.82,-0.95%,42.0566,4383.697558,-70.36%,104565.0,104577.0
MKTW,-12.0,-0.0162%,16.63,-0.81%,16.3121,27817.569549,75.53%,74244.0,74256.0
HNVR,-12.0,-0.0089%,23.26,-0.17%,23.3002,16408.8646,87.11%,135054.0,135066.0
032830,-13.0,-0.1195%,0.0,0.00%,0.0,0.0,0.00%,10867.0,10880.0
005387,-13.0,-1.4365%,0.0,0.00%,0.0,0.0,0.00%,892.0,905.0
EBP,-13.0,-0.3582%,0.0,0.00%,0.0,0.0,0.00%,3616.0,3629.0
LONN,-13.0,-0.1049%,0.0,0.00%,0.0,0.0,0.00%,12381.0,12394.0
005385,-13.0,-2.0635%,0.0,0.00%,0.0,0.0,0.00%,617.0,630.0
005490,-13.0,-0.0442%,0.0,0.00%,0.0,0.0,0.00%,29432.0,29445.0
SPSN,-13.0,-0.0115%,0.0,0.00%,0.0,0.0,0.00%,113334.0,113347.0
071050,-13.0,-0.2001%,0.0,0.00%,0.0,0.0,0.00%,6485.0,6498.0
FNV,-13.0,-0.0149%,228.05,-2.75%,231.2668,909810.647471,6.35%,87496.0,87509.0
090430,-13.0,-0.2218%,0.0,0.00%,0.0,0.0,0.00%,5849.0,5862.0
207940,-13.0,-1.4857%,0.0,0.00%,0.0,0.0,0.00%,862.0,875.0
034730,-13.0,-0.1004%,0.0,0.00%,0.0,0.0,0.00%,12931.0,12944.0
051900,-13.0,-0.0895%,0.0,0.00%,0.0,0.0,0.00%,14515.0,14528.0
CAP,-13.0,-0.0184%,0.0,0.00%,0.0,0.0,0.00%,70483.0,70496.0
6201,-13.0,-1.3131%,0.0,0.00%,0.0,0.0,0.00%,977.0,990.0
028260,-13.0,-0.0625%,0.0,0.00%,0.0,0.0,0.00%,20777.0,20790.0
004370,-13.0,-1.0148%,0.0,0.00%,0.0,0.0,0.00%,1268.0,1281.0
ANA,-13.0,-0.1094%,0.0,0.00%,0.0,0.0,0.00%,11869.0,11882.0
BIG,-13.0,-0.8376%,0.0,0.00%,0.0,0.0,0.00%,1539.0,1552.0
TUB,-13.0,-0.9496%,0.0,0.00%,0.0,0.0,0.00%,1356.0,1369.0
011780,-13.0,-0.1984%,0.0,0.00%,0.0,0.0,0.00%,6538.0,6551.0
000720,-13.0,-0.0202%,0.0,0.00%,0.0,0.0,0.00%,64263.0,64276.0
329180,-13.0,-0.2179%,0.0,0.00%,0.0,0.0,0.00%,5952.0,5965.0
064350,-13.0,-0.1205%,0.0,0.00%,0.0,0.0,0.00%,10771.0,10784.0
AZRG,-13.0,-0.0251%,0.0,0.00%,0.0,0.0,0.00%,51746.0,51759.0
009150,-13.0,-0.0625%,0.0,0.00%,0.0,0.0,0.00%,20776.0,20789.0
HWBM6,-13.0,-22.4138%,0.0,0.00%,0.0,0.0,0.00%,45.0,58.0
UHR,-13.0,-0.1424%,0.0,0.00%,0.0,0.0,0.00%,9114.0,9127.0
3471,-13.0,-0.2435%,0.0,0.00%,0.0,0.0,0.00%,5326.0,5339.0
VOW3,-13.0,-0.0038%,0.0,0.00%,0.0,0.0,0.00%,341741.0,341754.0
QTRX,-14.0,-0.0007%,2.75,-16.41%,2.6973,3791933.884996,177.71%,1954259.0,1954273.0
JCAP,-14.0,-0.0019%,20.4,0.10%,20.4786,353379.262885,87.60%,719623.0,719637.0
MNSB,-14.0,-0.0063%,23.51,0.64%,23.4767,23327.188211,-46.82%,222746.0,222760.0
FUTU,-15.0,-0.0487%,144.89,-13.76%,152.5027,3482529.797927,132.88%,30811.0,30826.0
SE,-15.0,-0.0098%,88.64,-1.53%,89.8047,4340886.283804,14.05%,152745.0,152760.0
FCAP,-15.0,-0.0138%,57.28,2.90%,57.0983,3693.193,-27.55%,108993.0,109008.0
WHG,-16.0,-0.0075%,16.38,2.63%,16.1429,15268.6916,-17.91%,212047.0,212063.0
HWBK,-16.0,-0.0094%,37.0,2.07%,36.7351,11240.9959,-64.88%,170992.0,171008.0
HQI,-16.0,-0.0100%,12.22,2.69%,11.9323,20481.964,-45.30%,160217.0,160233.0
CHMG,-17.0,-0.0122%,68.9,2.76%,68.0927,33454.75,58.81%,138794.0,138811.0
NECB,-17.0,-0.0031%,24.51,0.57%,24.5775,25574.327668,-14.65%,544676.0,544693.0
OVBC,-18.0,-0.0142%,44.96,0.25%,44.9946,7931.0206,-56.27%,126829.0,126847.0
BSVN,-18.0,-0.0109%,43.95,0.78%,43.9564,7427.4861,-24.13%,164467.0,164485.0
SKIL,-18.0,-0.0090%,8.27,1.35%,8.2657,88482.597492,-42.98%,199023.0,199041.0
LARK,-18.0,-0.0128%,28.02,1.19%,28.0538,6035.6671,27.70%,140810.0,140828.0
OBT,-18.0,-0.0041%,35.09,1.15%,35.0174,47045.9581,14.14%,437978.0,437996.0
BETR,-18.0,-0.0079%,30.52,-28.51%,31.0848,2770546.66617,465.91%,227198.0,227216.0
AKE,-19.0,-0.0006%,0.0,0.00%,0.0,0.0,0.00%,3089480.0,3089499.0
FRAF,-19.0,-0.0128%,57.57,0.61%,57.6234,17270.7499,-30.66%,148197.0,148216.0
CZFS,-21.0,-0.0124%,65.89,3.11%,65.5181,5302.8002,-3.49%,169609.0,169630.0
RGCO,-21.0,-0.0079%,23.65,4.28%,23.7328,13988.1322,51.35%,266768.0,266789.0
VHI,-21.0,-0.0222%,14.28,-2.92%,14.4762,3627.391528,-56.92%,94613.0,94634.0
TCX,-23.0,-0.0098%,16.07,6.71%,15.8595,23451.093231,-0.21%,233851.0,233874.0
IXRM6,-23.0,-0.0563%,0.0,0.00%,0.0,0.0,0.00%,40827.0,40850.0
STRT,-24.0,-0.0130%,74.56,-1.70%,75.2487,45829.712467,-39.81%,185026.0,185050.0
SBFG,-24.0,-0.0135%,22.8,1.47%,22.6609,5519.6353,-41.84%,178205.0,178229.0
JMSB,-24.0,-0.0051%,21.47,0.28%,21.365,30455.2312,39.74%,472139.0,472163.0
KSPI,-25.0,-0.1150%,86.69,-0.72%,87.5248,326408.100585,33.82%,21723.0,21748.0
TM,-25.0,-0.0150%,189.0,-3.10%,190.1106,573298.607782,67.35%,166853.0,166878.0
EBMT,-26.0,-0.0115%,22.91,1.01%,22.9358,39992.516,-30.84%,226454.0,226480.0
005380,-26.0,-0.0586%,0.0,0.00%,0.0,0.0,0.00%,44331.0,44357.0
UHRN,-26.0,-1.9802%,0.0,0.00%,0.0,0.0,0.00%,1287.0,1313.0
HOT,-26.0,-0.1816%,0.0,0.00%,0.0,0.0,0.00%,14295.0,14321.0
REY,-26.0,-0.9782%,0.0,0.00%,0.0,0.0,0.00%,2632.0,2658.0
4626,-26.0,-0.3604%,0.0,0.00%,0.0,0.0,0.00%,7189.0,7215.0
BKW,-26.0,-0.7159%,0.0,0.00%,0.0,0.0,0.00%,3606.0,3632.0
001040,-26.0,-0.3683%,0.0,0.00%,0.0,0.0,0.00%,7034.0,7060.0
GIB/A,-26.0,-0.0397%,0.0,0.00%,0.0,0.0,0.00%,65400.0,65426.0
FHZN,-26.0,-0.0449%,0.0,0.00%,0.0,0.0,0.00%,57831.0,57857.0
PEO,-26.0,-0.1514%,25.45,-1.81%,25.3889,104023.016783,-18.35%,17142.0,17168.0
9104,-26.0,-0.0346%,0.0,0.00%,0.0,0.0,0.00%,75205.0,75231.0
FFH,-26.0,-0.8926%,0.0,0.00%,0.0,0.0,0.00%,2887.0,2913.0
OMV,-26.0,-0.0565%,0.0,0.00%,0.0,0.0,0.00%,45964.0,45990.0
7309,-26.0,-0.2172%,0.0,0.00%,0.0,0.0,0.00%,11947.0,11973.0
KRRO,-26.0,-0.0105%,12.89,-3.37%,13.0669,99859.423124,8.84%,246552.0,246578.0
PSPN,-26.0,-0.0400%,0.0,0.00%,0.0,0.0,0.00%,64977.0,65003.0
3349,-26.0,-0.2829%,0.0,0.00%,0.0,0.0,0.00%,9166.0,9192.0
EVO,-26.0,-0.0760%,3.05,-5.86%,3.1119,98251.020876,-29.48%,34187.0,34213.0
KBX,-26.0,-0.3633%,0.0,0.00%,0.0,0.0,0.00%,7131.0,7157.0
AGI,-26.0,-0.0010%,42.37,0.88%,43.0376,6206181.259895,29.94%,2714779.0,2714805.0
DSV,-26.0,-0.1299%,0.0,0.00%,0.0,0.0,0.00%,19990.0,20016.0
RM,-27.0,-0.0078%,34.97,0.00%,35.1872,61150.617964,28.09%,345391.0,345418.0
GBFH,-27.0,-0.0083%,29.42,1.41%,29.2195,42632.075036,-24.84%,323375.0,323402.0
BTMD,-27.0,-0.0027%,2.09,-5.00%,2.1135,236128.716709,41.94%,1003954.0,1003981.0
FRD,-27.0,-0.0125%,21.03,-0.05%,20.9585,29188.920728,60.73%,215234.0,215261.0
ATLC,-27.0,-0.0021%,78.34,0.67%,79.0774,125926.284664,318.22%,1310460.0,1310487.0
FRPH,-28.0,-0.0062%,21.26,0.76%,21.3059,58707.35,34.09%,455110.0,455138.0
BOC,-29.0,-0.0032%,11.21,-1.67%,11.2577,286524.439228,-11.56%,915040.0,915069.0
PHG,-30.0,-0.1160%,27.16,-0.26%,27.4488,1309131.296146,-60.66%,25823.0,25853.0
EML,-30.0,-0.0160%,22.57,0.29%,22.6619,12497.008305,6.05%,187122.0,187152.0
DJEM6,-30.0,-0.0410%,0.0,0.00%,0.0,0.0,0.00%,73185.0,73215.0
ULH,-31.0,-0.0128%,13.42,-4.01%,13.5456,103967.933304,-57.09%,242276.0,242307.0
FOA,-31.0,-0.0172%,21.05,0.19%,21.3368,52347.354066,-75.81%,180645.0,180676.0
CRMT,-32.0,-0.0113%,12.79,-1.01%,12.75,54536.082042,-64.37%,283568.0,283600.0
WFG,-33.0,-0.0111%,62.77,0.06%,62.7903,175562.010698,-23.06%,297380.0,297413.0
BSET,-33.0,-0.0125%,14.25,0.35%,14.2731,12918.567818,-10.00%,263329.0,263362.0
HELE,-33.0,-0.0039%,25.81,0.86%,26.2064,1142864.167529,14.68%,856464.0,856497.0
PAMT,-33.0,-0.0179%,10.33,4.77%,10.2619,6141.0,-13.56%,184595.0,184628.0
GRE,-34.0,-0.0100%,0.0,0.00%,0.0,0.0,0.00%,339499.0,339533.0
JOUT,-34.0,-0.0139%,53.5,1.04%,53.0542,60795.003034,-7.39%,244209.0,244243.0
FENC,-34.0,-0.0037%,6.9,-3.90%,6.9091,207025.76078,-14.03%,921443.0,921477.0
LAKE,-34.0,-0.0115%,10.84,12.56%,10.7357,315365.78986,405.28%,295966.0,296000.0
GENC,-35.0,-0.0107%,15.05,1.96%,15.0174,14994.689803,-26.25%,328280.0,328315.0
SHG,-35.0,-0.1183%,67.77,-1.08%,68.1265,205971.595896,0.43%,29559.0,29594.0
ONIT,-35.0,-0.0134%,38.31,-0.96%,38.6553,65315.765988,-53.72%,261438.0,261473.0
RCKY,-36.0,-0.0123%,36.29,0.17%,36.4111,66445.525995,71.61%,293748.0,293784.0
OVLY,-36.0,-0.0143%,33.2,0.33%,33.2231,34483.4677,8.29%,252070.0,252106.0
CZWI,-36.0,-0.0122%,21.08,0.19%,21.3095,21832.8025,55.27%,295682.0,295718.0
NL,-36.0,-0.0129%,6.01,1.52%,5.9814,14631.185432,-57.58%,278476.0,278512.0
6923,-36.0,-0.0274%,0.0,0.00%,0.0,0.0,0.00%,131474.0,131510.0
VGAS,-37.0,-0.0313%,1.84,8.24%,1.8074,6665.339509,-71.27%,118081.0,118118.0
LINE,-38.0,-0.0031%,39.97,5.71%,40.3286,1371521.861844,-9.52%,1238588.0,1238626.0
REC,-39.0,-0.3542%,0.0,0.00%,0.0,0.0,0.00%,10973.0,11012.0
MTLN,-39.0,-2.5574%,0.0,0.00%,0.0,0.0,0.00%,1486.0,1525.0
017670,-39.0,-0.1126%,0.0,0.00%,0.0,0.0,0.00%,34605.0,34644.0
4967,-39.0,-0.0734%,0.0,0.00%,0.0,0.0,0.00%,53093.0,53132.0
6806,-39.0,-0.6593%,0.0,0.00%,0.0,0.0,0.00%,5876.0,5915.0
8830,-39.0,-0.0614%,0.0,0.00%,0.0,0.0,0.00%,63500.0,63539.0
KGH,-39.0,-0.1898%,0.0,0.00%,0.0,0.0,0.00%,20513.0,20552.0
9983,-39.0,-0.2636%,0.0,0.00%,0.0,0.0,0.00%,14755.0,14794.0
9766,-39.0,-0.3963%,0.0,0.00%,0.0,0.0,0.00%,9803.0,9842.0
STMN,-39.0,-0.1220%,0.0,0.00%,0.0,0.0,0.00%,31921.0,31960.0
SOBI,-39.0,-0.2326%,0.0,0.00%,0.0,0.0,0.00%,16731.0,16770.0
271560,-39.0,-0.7896%,0.0,0.00%,0.0,0.0,0.00%,4900.0,4939.0
259960,-39.0,-0.7409%,0.0,0.00%,0.0,0.0,0.00%,5225.0,5264.0
4118,-39.0,-0.2761%,0.0,0.00%,0.0,0.0,0.00%,14088.0,14127.0
CTC/A,-39.0,-0.3041%,0.0,0.00%,0.0,0.0,0.00%,12784.0,12823.0
8035,-39.0,-0.0380%,0.0,0.00%,0.0,0.0,0.00%,102627.0,102666.0
4704,-39.0,-0.1068%,0.0,0.00%,0.0,0.0,0.00%,36465.0,36504.0
6856,-39.0,-0.5262%,0.0,0.00%,0.0,0.0,0.00%,7372.0,7411.0
SOON,-39.0,-0.3687%,0.0,0.00%,0.0,0.0,0.00%,10538.0,10577.0
DTG,-39.0,-0.0525%,17.17,-0.29%,17.1908,17345.156,83.39%,74300.0,74339.0
CLNX,-39.0,-0.0854%,0.0,0.00%,0.0,0.0,0.00%,45636.0,45675.0
HBB,-40.0,-0.0152%,20.61,1.63%,20.1758,27171.1308,90.92%,262968.0,263008.0
TECX,-40.0,-0.0086%,26.87,-7.41%,27.0965,242069.745476,1.97%,463346.0,463386.0
MKL,-40.0,-0.0216%,1799.97,0.81%,1791.4325,72970.789096,9.35%,185258.0,185298.0
AIRO,-40.0,-0.0042%,7.22,-2.83%,7.2882,211838.936762,-26.71%,958148.0,958188.0
BVFL,-40.0,-0.0159%,19.77,2.28%,19.9556,16828.0,60.94%,252106.0,252146.0
CMDB,-40.0,-0.0127%,18.75,0.75%,18.6473,50525.979098,35.01%,315204.0,315244.0
WMS,-40.0,-0.0007%,144.08,-3.12%,145.08,642382.98739,-51.13%,5898886.0,5898926.0
NTR,-40.0,-0.0105%,68.38,-7.36%,69.0109,6439682.597218,34.55%,381377.0,381417.0
LBTYK,-41.0,-0.0011%,11.93,-0.58%,11.8842,1201493.739462,-8.53%,3704081.0,3704122.0
NODK,-41.0,-0.0152%,12.92,0.16%,12.9102,13281.0,29.01%,269134.0,269175.0
SPX,-41.159999999999854,-0.4799%,0.0,0.00%,0.0,0.0,0.00%,8534.86,8576.02
PRI,-42.0,-0.0016%,273.26,-1.28%,274.1376,307384.285556,60.72%,2582624.0,2582666.0
RMAX,-42.0,-0.0055%,11.06,4.05%,11.1294,1358122.757351,1.73%,757065.0,757107.0
SMC,-42.0,-0.0130%,30.44,-2.50%,30.1655,54948.318742,31.04%,322183.0,322225.0
SBC,-42.0,-0.0125%,3.21,-0.31%,3.211,65732.101197,-39.03%,336443.0,336485.0
CLW,-43.0,-0.0028%,13.66,-4.01%,13.8706,134024.951516,-52.11%,1545526.0,1545569.0
BKG,-43.0,-0.0531%,0.0,0.00%,0.0,0.0,0.00%,80998.0,81041.0
CPSS,-43.0,-0.0132%,10.27,0.88%,10.2452,42873.396,34.55%,325967.0,326010.0
112610,-45.0,-0.0753%,0.0,0.00%,0.0,0.0,0.00%,59691.0,59736.0
OPBK,-45.0,-0.0110%,14.59,-0.55%,14.5783,31652.9728,-15.75%,410351.0,410396.0
NTES,-45.0,-0.0091%,117.11,-1.06%,117.8737,689793.50926,-5.84%,492187.0,492232.0
VLGEA,-45.0,-0.0130%,43.94,1.31%,43.6734,41595.158203,-1.35%,345792.0,345837.0
MDV,-46.0,-0.0153%,17.8,1.60%,17.7782,166972.582484,-32.12%,299999.0,300045.0
JILL,-46.0,-0.0179%,12.89,3.62%,12.906,75823.3355,1.22%,257014.0,257060.0
AOUT,-46.0,-0.0116%,9.605,0.58%,9.7039,30776.811748,9.79%,396999.0,397045.0
ONEW,-47.0,-0.0116%,11.94,5.76%,12.0762,340860.889851,232.93%,404920.0,404967.0
MGPI,-47.0,-0.0089%,19.09,-1.19%,19.1388,173550.465852,10.47%,526008.0,526055.0
TLSI,-47.0,-0.0050%,4.46,-1.98%,4.4198,129390.337207,147.39%,947746.0,947793.0
TVRD,-48.0,-0.0224%,4.21,15.03%,4.0716,107842.0,209.17%,214540.0,214588.0
BRSP,-49.0,-0.0006%,5.93,-0.34%,5.9362,791703.870099,26.83%,8491601.0,8491650.0
GRND,-50.0,-0.0033%,13.81,2.37%,13.7772,1860827.26462,-3.36%,1494797.0,1494847.0
MGA,-50.0,-0.0155%,61.24,-2.33%,61.6567,1347656.317893,-12.04%,322927.0,322977.0
CAR,-51.0,-0.0037%,154.06,-6.19%,157.9421,1072910.299847,-9.94%,1392569.0,1392620.0
GAIA,-51.0,-0.0098%,2.48,-0.80%,2.4612,69815.532171,-50.24%,519098.0,519149.0
SUNS,-51.0,-0.0136%,7.71,0.00%,7.7751,81966.439209,79.40%,375310.0,375361.0
9404,-52.0,-0.4366%,0.0,0.00%,0.0,0.0,0.00%,11859.0,11911.0
9706,-52.0,-0.8189%,0.0,0.00%,0.0,0.0,0.00%,6298.0,6350.0
DIE,-52.0,-0.1926%,0.0,0.00%,0.0,0.0,0.00%,26942.0,26994.0
000810,-52.0,-0.0457%,0.0,0.00%,0.0,0.0,0.00%,113776.0,113828.0
TOU,-52.0,-0.1124%,0.0,0.00%,0.0,0.0,0.00%,46215.0,46267.0
4716,-52.0,-0.4488%,0.0,0.00%,0.0,0.0,0.00%,11535.0,11587.0
SCHN,-52.0,-1.8375%,0.0,0.00%,0.0,0.0,0.00%,2778.0,2830.0
AMUN,-52.0,-0.5113%,26.025,0.12%,26.014,21.934,-99.88%,10119.0,10171.0
KNIN,-52.0,-0.3366%,0.0,0.00%,0.0,0.0,0.00%,15397.0,15449.0
2212,-52.0,-0.2033%,0.0,0.00%,0.0,0.0,0.00%,25521.0,25573.0
WTB,-52.0,-0.1744%,0.0,0.00%,0.0,0.0,0.00%,29757.0,29809.0
4307,-52.0,-0.0651%,0.0,0.00%,0.0,0.0,0.00%,79884.0,79936.0
INDT,-52.0,-0.2476%,0.0,0.00%,0.0,0.0,0.00%,20953.0,21005.0
PGHN,-52.0,-0.2847%,0.0,0.00%,0.0,0.0,0.00%,18215.0,18267.0
6273,-52.0,-0.3441%,0.0,0.00%,0.0,0.0,0.00%,15061.0,15113.0
9401,-52.0,-0.2201%,0.0,0.00%,0.0,0.0,0.00%,23572.0,23624.0
RRTL,-52.0,-0.4481%,0.0,0.00%,0.0,0.0,0.00%,11552.0,11604.0
066570,-52.0,-0.1155%,0.0,0.00%,0.0,0.0,0.00%,44961.0,45013.0
REA,-52.0,-0.4107%,22.69,19.42%,21.2119,1593176.678768,-53.09%,12608.0,12660.0
MQG,-52.0,-0.1205%,0.0,0.00%,0.0,0.0,0.00%,43096.0,43148.0
LIFCOB,-52.0,-0.4358%,0.0,0.00%,0.0,0.0,0.00%,11881.0,11933.0
5444,-52.0,-0.6836%,0.0,0.00%,0.0,0.0,0.00%,7555.0,7607.0
068270,-52.0,-0.6187%,0.0,0.00%,0.0,0.0,0.00%,8353.0,8405.0
RO,-52.0,-1.6399%,0.0,0.00%,0.0,0.0,0.00%,3119.0,3171.0
ATNI,-53.0,-0.0146%,25.71,-6.17%,25.6234,118431.82877,66.77%,362970.0,363023.0
ATLO,-55.0,-0.0167%,28.6,0.00%,28.6636,60669.435672,48.87%,328869.0,328924.0
SVCO,-56.0,-0.0180%,12.06,-3.21%,12.1638,539584.448191,8.75%,310976.0,311032.0
RMR,-56.0,-0.0088%,19.38,-1.22%,19.3017,203644.431811,-31.10%,637761.0,637817.0
SGC,-56.0,-0.0132%,12.0,0.33%,12.0257,22927.67873,-40.03%,424122.0,424178.0
PBFS,-56.0,-0.0140%,14.89,1.92%,14.8209,4804.0,-71.37%,401044.0,401100.0
MOV,-57.0,-0.0095%,27.59,-0.97%,27.7641,108084.919394,-4.27%,601568.0,601625.0
MBUU,-59.0,-0.0089%,25.4,-1.17%,25.688,620101.074935,166.12%,663302.0,663361.0
RDY,-60.0,-0.0324%,13.43,-0.22%,13.5059,3140549.011118,-27.61%,185291.0,185351.0
TU,-60.0,-0.0015%,12.89,0.55%,12.901,6188785.728342,-8.63%,3971462.0,3971522.0
STEP,-60.0,-0.0007%,54.18,1.03%,53.8602,805578.967945,12.82%,9136574.0,9136634.0
SCVL,-60.0,-0.0075%,17.8,-1.60%,17.7919,269172.715859,31.11%,798853.0,798913.0
SLND,-61.0,-0.0195%,1.1,7.84%,1.0827,75503.0,13.04%,312465.0,312526.0
MEC,-61.0,-0.0125%,25.99,11.31%,25.6653,436687.692051,41.12%,487622.0,487683.0
NREF,-62.0,-0.0158%,15.82,2.00%,15.7037,38167.016261,-43.29%,393063.0,393125.0
ESLT,-63.0,-0.0141%,794.96,-4.23%,795.3831,193776.092383,59.49%,446387.0,446450.0
SLHN,-64.0,-0.5567%,0.0,0.00%,0.0,0.0,0.00%,11432.0,11496.0
MLSR,-65.0,-0.1823%,0.0,0.00%,0.0,0.0,0.00%,35590.0,35655.0
5021,-65.0,-0.1728%,0.0,0.00%,0.0,0.0,0.00%,37561.0,37626.0
016360,-65.0,-0.5789%,0.0,0.00%,0.0,0.0,0.00%,11164.0,11229.0
282330,-65.0,-1.2084%,0.0,0.00%,0.0,0.0,0.00%,5314.0,5379.0
IPN,-65.0,-0.7731%,0.0,0.00%,0.0,0.0,0.00%,8343.0,8408.0
7747,-65.0,-0.1512%,0.0,0.00%,0.0,0.0,0.00%,42928.0,42993.0
PZU,-65.0,-0.0899%,0.0,0.00%,0.0,0.0,0.00%,72276.0,72341.0
OABI,-65.0,-0.0014%,1.47,2.80%,1.4511,415702.869706,-27.99%,4769861.0,4769926.0
4568,-65.0,-0.0141%,0.0,0.00%,0.0,0.0,0.00%,461669.0,461734.0
8282,-65.0,-0.0438%,0.0,0.00%,0.0,0.0,0.00%,148198.0,148263.0
SPIE,-65.0,-0.1623%,0.0,0.00%,0.0,0.0,0.00%,39974.0,40039.0
VOLVA,-65.0,-2.2398%,0.0,0.00%,0.0,0.0,0.00%,2837.0,2902.0
026960,-65.0,-2.0714%,0.0,0.00%,0.0,0.0,0.00%,3073.0,3138.0
KEX,-65.0,-0.0017%,142.22,-0.23%,142.5284,774462.085643,23.65%,3799085.0,3799150.0
COH,-65.0,-0.8744%,0.0,0.00%,0.0,0.0,0.00%,7369.0,7434.0
EDEN,-65.0,-0.3116%,110.8923,-1.95%,111.5919,6357.911127,184.55%,20795.0,20860.0
ESM26,-66.0,-100.0000%,0.0,0.00%,0.0,0.0,0.00%,0.0,66.0
TW,-67.0,-0.0029%,110.45,0.93%,110.3747,1596427.672775,44.07%,2287654.0,2287721.0
SNFCA,-69.0,-0.0127%,9.9,0.71%,9.861,25358.846013,4.53%,543072.0,543141.0
FORR,-69.0,-0.0160%,6.53,7.22%,6.3109,100932.686353,97.53%,432152.0,432221.0
KC,-70.0,-0.0897%,16.01,-3.73%,15.9652,1460985.848407,-19.28%,77965.0,78035.0
FNLC,-72.0,-0.0169%,29.15,0.10%,29.2227,11606.245213,-22.31%,425036.0,425108.0
EMBJ,-72.0,-0.0364%,67.75,-0.98%,68.0904,1364894.158597,-26.70%,197852.0,197924.0
MVBF,-72.0,-0.0169%,26.39,1.50%,26.3992,24412.746628,-54.73%,425484.0,425556.0
SAMG,-73.0,-0.0231%,13.7,3.95%,13.6554,22501.534229,-14.91%,315318.0,315391.0
NU,-73.0,-0.0003%,14.26,-1.52%,14.3431,38026641.699569,-2.35%,22443864.0,22443937.0
VIRC,-74.0,-0.0195%,6.17,1.65%,6.1454,14643.3534,-48.66%,379047.0,379121.0
TTEC,-76.0,-0.0087%,3.06,2.68%,3.0184,665716.045685,125.44%,874791.0,874867.0
FOR,-77.0,-0.0108%,27.26,0.52%,27.2123,139403.268675,11.11%,712828.0,712905.0
4182,-78.0,-0.1580%,0.0,0.00%,0.0,0.0,0.00%,49283.0,49361.0
BIM,-78.0,-0.9885%,0.0,0.00%,0.0,0.0,0.00%,7813.0,7891.0
078930,-78.0,-0.3585%,0.0,0.00%,0.0,0.0,0.00%,21682.0,21760.0
KOG,-78.0,-0.0190%,0.0,0.00%,0.0,0.0,0.00%,411021.0,411099.0
QBR/B,-78.0,-0.4091%,0.0,0.00%,0.0,0.0,0.00%,18986.0,19064.0
CVC,-78.0,-0.0101%,0.0,0.00%,0.0,0.0,0.00%,771370.0,771448.0
FGR,-78.0,-0.3616%,0.0,0.00%,0.0,0.0,0.00%,21493.0,21571.0
FRE,-78.0,-0.1023%,0.0,0.00%,0.0,0.0,0.00%,76154.0,76232.0
WDP,-78.0,-0.0286%,0.0,0.00%,0.0,0.0,0.00%,272474.0,272552.0
RXL,-78.0,-0.0808%,44.23,-1.10%,44.5573,4337.176997,-46.98%,96485.0,96563.0
024110,-78.0,-0.0323%,0.0,0.00%,0.0,0.0,0.00%,241753.0,241831.0
ZUMZ,-78.0,-0.0138%,25.03,0.24%,24.9377,95478.253747,7.93%,565306.0,565384.0
SREN,-78.0,-0.1052%,0.0,0.00%,0.0,0.0,0.00%,74091.0,74169.0
DHL,-78.0,-0.0071%,0.0,0.00%,0.0,0.0,0.00%,1090928.0,1091006.0
EVD,-78.0,-1.3149%,0.0,0.00%,0.0,0.0,0.00%,5854.0,5932.0
KMAR,-78.0,-0.5359%,31.1198,-0.65%,31.1799,1589.0,18.23%,14478.0,14556.0
SY1,-78.0,-0.5016%,0.0,0.00%,0.0,0.0,0.00%,15472.0,15550.0
RHC,-78.0,-0.2728%,0.0,0.00%,0.0,0.0,0.00%,28516.0,28594.0
SGH,-78.0,-0.4126%,0.0,0.00%,0.0,0.0,0.00%,18827.0,18905.0
ECMPA,-78.0,-0.4899%,0.0,0.00%,0.0,0.0,0.00%,15842.0,15920.0
SBGI,-79.0,-0.0055%,14.18,-4.38%,14.4134,521861.259159,53.94%,1433254.0,1433333.0
EMSN,-80.0,-2.0544%,0.0,0.00%,0.0,0.0,0.00%,3814.0,3894.0
8972,-80.0,-1.0229%,0.0,0.00%,0.0,0.0,0.00%,7741.0,7821.0
8960,-80.0,-1.2079%,0.0,0.00%,0.0,0.0,0.00%,6543.0,6623.0
DNUT,-80.0,-0.0025%,3.64,-1.09%,3.7207,5333037.729634,98.70%,3137696.0,3137776.0
UTZ,-81.0,-0.0030%,7.72,-6.99%,7.9094,2864771.221343,-17.36%,2675458.0,2675539.0
373220,-82.0,-0.4681%,0.0,0.00%,0.0,0.0,0.00%,17437.0,17519.0
RSVR,-82.0,-0.0118%,10.18,-0.20%,10.1772,48564.006708,-33.07%,696235.0,696317.0
HNGE,-82.0,-0.1595%,55.0,0.29%,54.7768,2753075.159866,-46.04%,51325.0,51407.0
WNEB,-84.0,-0.0139%,14.09,-0.07%,14.1463,30385.637329,-32.99%,604157.0,604241.0
FVCB,-84.0,-0.0151%,15.81,-0.32%,15.8436,333955.8192,28.98%,557906.0,557990.0
EPSN,-86.0,-0.0135%,5.88,-1.18%,5.8557,228301.282799,-21.01%,637089.0,637175.0
3269,-88.0,-1.3694%,0.0,0.00%,0.0,0.0,0.00%,6338.0,6426.0
EXA FP,-88.0,-0.0444%,0.0,0.00%,0.0,0.0,0.00%,198077.0,198165.0
3462,-88.0,-1.0319%,0.0,0.00%,0.0,0.0,0.00%,8440.0,8528.0
ENTA,-88.0,-0.0064%,15.09,-0.98%,15.1695,196492.769847,-43.03%,1379398.0,1379486.0
090360 KS,-88.0,-0.1209%,0.0,0.00%,0.0,0.0,0.00%,72722.0,72810.0
ATKR,-89.0,-0.0071%,73.97,-2.96%,74.5691,337856.120461,-30.60%,1251203.0,1251292.0
KELYA,-90.0,-0.0077%,9.7,-0.92%,9.5797,745136.992398,69.14%,1168392.0,1168482.0
NTB,-90.0,-0.0060%,56.21,0.02%,56.2666,152326.662753,-1.92%,1505939.0,1506029.0
2897,-91.0,-0.0101%,0.0,0.00%,0.0,0.0,0.00%,899302.0,899393.0
FPE,-91.0,-2.1605%,18.1,-0.28%,18.1174,954555.172236,-3.59%,4121.0,4212.0
ERF,-91.0,-0.5780%,0.0,0.00%,0.0,0.0,0.00%,15653.0,15744.0
GET,-91.0,-0.2731%,0.0,0.00%,0.0,0.0,0.00%,33231.0,33322.0
9684,-91.0,-0.2466%,0.0,0.00%,0.0,0.0,0.00%,36807.0,36898.0
086790,-91.0,-0.1959%,0.0,0.00%,0.0,0.0,0.00%,46363.0,46454.0
LOGN,-91.0,-0.2081%,0.0,0.00%,0.0,0.0,0.00%,43646.0,43737.0
MFT,-91.0,-2.0776%,0.0,0.00%,0.0,0.0,0.00%,4289.0,4380.0
003490,-91.0,-0.1644%,0.0,0.00%,0.0,0.0,0.00%,55246.0,55337.0
G24,-91.0,-1.0797%,0.0,0.00%,0.0,0.0,0.00%,8337.0,8428.0
4208,-91.0,-0.2450%,0.0,0.00%,0.0,0.0,0.00%,37053.0,37144.0
VALMT,-91.0,-0.4638%,0.0,0.00%,0.0,0.0,0.00%,19528.0,19619.0
6504,-91.0,-0.3935%,0.0,0.00%,0.0,0.0,0.00%,23034.0,23125.0
7282,-91.0,-0.3554%,0.0,0.00%,0.0,0.0,0.00%,25511.0,25602.0
4091,-91.0,-0.4463%,0.0,0.00%,0.0,0.0,0.00%,20297.0,20388.0
2206,-91.0,-0.0256%,0.0,0.00%,0.0,0.0,0.00%,355745.0,355836.0
267250,-91.0,-0.2722%,0.0,0.00%,0.0,0.0,0.00%,33345.0,33436.0
035420,-91.0,-0.5753%,0.0,0.00%,0.0,0.0,0.00%,15727.0,15818.0
PKO,-91.0,-0.2064%,0.0,0.00%,0.0,0.0,0.00%,43988.0,44079.0
SDZ,-91.0,-0.2130%,0.0,0.00%,0.0,0.0,0.00%,42642.0,42733.0
3099,-91.0,-0.2333%,0.0,0.00%,0.0,0.0,0.00%,38921.0,39012.0
2282,-91.0,-0.2650%,0.0,0.00%,0.0,0.0,0.00%,34249.0,34340.0
AKZA,-91.0,-0.1837%,0.0,0.00%,0.0,0.0,0.00%,49436.0,49527.0
5471,-91.0,-0.0721%,0.0,0.00%,0.0,0.0,0.00%,126196.0,126287.0
DWS,-91.0,-1.0687%,0.0,0.00%,0.0,0.0,0.00%,8424.0,8515.0
5711,-91.0,-0.1654%,0.0,0.00%,0.0,0.0,0.00%,54916.0,55007.0
BCBP,-92.0,-0.0160%,10.1,1.00%,10.109,69279.254984,-7.51%,574342.0,574434.0
CNNE,-93.0,-0.0060%,13.99,1.89%,13.94,595486.343553,21.65%,1558221.0,1558314.0
LBRDA,-93.0,-0.0114%,37.3,1.88%,37.3664,124653.90738,-75.99%,818479.0,818572.0
ERG,-94.0,-0.1132%,0.0,0.00%,0.0,0.0,0.00%,82912.0,83006.0
CLPR,-94.0,-0.0203%,3.12,0.32%,3.1296,31895.55496,-56.93%,462532.0,462626.0
8951,-96.0,-0.5760%,0.0,0.00%,0.0,0.0,0.00%,16572.0,16668.0
3281,-96.0,-0.9141%,0.0,0.00%,0.0,0.0,0.00%,10406.0,10502.0
SRAIL,-97.0,-0.4732%,0.0,0.00%,0.0,0.0,0.00%,20401.0,20498.0
BNED,-97.0,-0.0155%,10.69,2.30%,10.6292,285927.489432,11.60%,624598.0,624695.0
BRT,-98.0,-0.0215%,14.78,2.14%,14.6905,30989.5152,13.61%,454740.0,454838.0
TTGT,-99.0,-0.0096%,6.47,8.74%,6.4559,1028874.277574,177.49%,1026073.0,1026172.0
ING,-100.0,-0.0638%,29.78,-0.60%,30.0987,2920020.964768,-2.05%,156696.0,156796.0
2259,-100.0,-0.3351%,0.0,0.00%,0.0,0.0,0.00%,29743.0,29843.0
PKX,-100.0,-0.1230%,88.94,0.80%,89.7145,292392.09146,-2.50%,81225.0,81325.0
FLNG,-101.0,-0.0068%,32.24,0.94%,32.0935,412822.630052,-35.58%,1488554.0,1488655.0
AKER,-101.0,-0.5087%,0.0,0.00%,0.0,0.0,0.00%,19755.0,19856.0
FG,-101.0,-0.0023%,27.08,-8.11%,27.4057,960486.841395,40.46%,4431033.0,4431134.0
8953,-101.0,-0.5326%,0.0,0.00%,0.0,0.0,0.00%,18864.0,18965.0
CURV,-101.0,-0.0090%,1.53,0.00%,1.5494,136163.628548,-61.81%,1126297.0,1126398.0
MOG/A,-102.0,-0.0174%,0.0,0.00%,0.0,0.0,0.00%,587056.0,587158.0
105560,-104.0,-0.1726%,0.0,0.00%,0.0,0.0,0.00%,60161.0,60265.0
DPLM,-104.0,-0.1592%,0.0,0.00%,0.0,0.0,0.00%,65209.0,65313.0
NEWT,-104.0,-0.0104%,13.67,1.41%,13.6113,185767.183507,-19.39%,996283.0,996387.0
5411,-104.0,-0.0403%,0.0,0.00%,0.0,0.0,0.00%,258233.0,258337.0
9147,-104.0,-0.1374%,0.0,0.00%,0.0,0.0,0.00%,75565.0,75669.0
SIKA,-104.0,-0.3536%,0.0,0.00%,0.0,0.0,0.00%,29310.0,29414.0
018260,-104.0,-0.9166%,0.0,0.00%,0.0,0.0,0.00%,11242.0,11346.0
WTM,-104.0,-0.2725%,2092.5,0.60%,2087.4794,26154.258197,-31.64%,38059.0,38163.0
COLOB,-104.0,-0.3666%,0.0,0.00%,0.0,0.0,0.00%,28267.0,28371.0
8283,-104.0,-1.1676%,0.0,0.00%,0.0,0.0,0.00%,8803.0,8907.0
8111,-104.0,-0.2296%,0.0,0.00%,0.0,0.0,0.00%,45184.0,45288.0
SOL,-104.0,-0.0112%,0.0,0.00%,0.0,0.0,0.00%,925667.0,925771.0
6383,-104.0,-0.1212%,0.0,0.00%,0.0,0.0,0.00%,85736.0,85840.0
AMWD,-104.0,-0.0054%,39.53,1.72%,39.6159,469787.925823,-40.08%,1929430.0,1929534.0
3774,-104.0,-0.5724%,0.0,0.00%,0.0,0.0,0.00%,18064.0,18168.0
ANN,-104.0,-0.4395%,0.0,0.00%,0.0,0.0,0.00%,23557.0,23661.0
NST,-104.0,-0.1289%,0.0,0.00%,0.0,0.0,0.00%,80579.0,80683.0
TH,-105.0,-0.0082%,15.29,-3.17%,15.5917,1845679.633393,73.91%,1281099.0,1281204.0
NLOP,-107.0,-0.0153%,13.11,1.31%,13.1242,113310.732895,-65.25%,698202.0,698309.0
WBTN,-108.0,-0.0162%,13.21,1.23%,13.196,180086.138327,0.87%,667996.0,668104.0
388720 KS,-110.0,-0.1250%,0.0,0.00%,0.0,0.0,0.00%,87859.0,87969.0
CYH,-110.0,-0.0022%,2.9,1.05%,2.8956,1024090.790208,-6.64%,4898910.0,4899020.0
TECN SW,-110.0,-0.1148%,0.0,0.00%,0.0,0.0,0.00%,95696.0,95806.0
8952,-112.0,-0.7663%,0.0,0.00%,0.0,0.0,0.00%,14504.0,14616.0
GFC,-113.0,-0.1292%,0.0,0.00%,0.0,0.0,0.00%,87334.0,87447.0
SNBR,-113.0,-0.0145%,3.03,1.00%,3.0021,641157.879463,-56.09%,777383.0,777496.0
TNK,-114.0,-0.0133%,81.27,2.38%,81.1304,342647.760763,2.11%,859789.0,859903.0
SNN,-115.0,-0.1261%,30.05,-0.69%,30.2035,1239492.640426,-65.67%,91095.0,91210.0
TUSK,-116.0,-0.0154%,2.35,-6.00%,2.3994,145488.6207,-30.48%,753636.0,753752.0
ARDT,-116.0,-0.0136%,9.9,5.66%,9.7782,728208.458587,33.00%,853702.0,853818.0
BZU,-117.0,-0.7128%,0.0,0.00%,0.0,0.0,0.00%,16298.0,16415.0
WSP,-117.0,-0.3358%,0.0,0.00%,0.0,0.0,0.00%,34728.0,34845.0
4151,-117.0,-0.2836%,0.0,0.00%,0.0,0.0,0.00%,41137.0,41254.0
3626,-117.0,-0.3449%,0.0,0.00%,0.0,0.0,0.00%,33804.0,33921.0
CBA,-117.0,-0.0802%,0.0,0.00%,0.0,0.0,0.00%,145700.0,145817.0
UPB,-117.0,-0.0086%,8.985,-2.23%,8.9362,272845.500683,-33.32%,1359138.0,1359255.0
7453,-117.0,-0.2974%,0.0,0.00%,0.0,0.0,0.00%,39218.0,39335.0
2327,-117.0,-0.0180%,0.0,0.00%,0.0,0.0,0.00%,649191.0,649308.0
ORNBV,-117.0,-0.4551%,0.0,0.00%,0.0,0.0,0.00%,25593.0,25710.0
FLWS,-119.0,-0.0131%,4.58,16.54%,4.2215,2209824.914125,60.42%,905861.0,905980.0
AVD,-119.0,-0.0126%,2.98,2.41%,3.1504,441405.876797,100.98%,940981.0,941100.0
8984,-120.0,-1.2584%,0.0,0.00%,0.0,0.0,0.00%,9416.0,9536.0
TS,-120.0,-0.0047%,58.96,-5.56%,58.6063,4636561.014028,76.64%,2556130.0,2556250.0
MXCT,-120.0,-0.0031%,0.8715,2.93%,0.8657,376039.824681,-4.88%,3888718.0,3888838.0
E,-120.0,-0.0172%,52.59,-2.45%,52.7252,479808.690349,-19.83%,697224.0,697344.0
STVN,-120.0,-0.0249%,18.03,-5.11%,18.0823,903588.959764,75.07%,482128.0,482248.0
OR,-121.0,-0.0340%,37.48,-3.25%,38.0931,1803025.788902,112.76%,355531.0,355652.0
MFIN,-122.0,-0.0190%,9.56,1.59%,9.515,139565.5849,121.06%,643618.0,643740.0
AVIR,-123.0,-0.0038%,5.54,-1.95%,5.5379,192201.030499,-29.12%,3247678.0,3247801.0
HMC,-125.0,-0.1134%,24.06,-2.63%,24.1234,1741174.147941,23.37%,110089.0,110214.0
8954,-126.0,-0.8372%,0.0,0.00%,0.0,0.0,0.00%,14925.0,15051.0
FRST,-126.0,-0.0158%,14.59,-0.95%,14.6575,218437.939725,60.22%,797422.0,797548.0
INGN,-128.0,-0.0145%,7.19,1.13%,7.2134,448696.001359,66.97%,884748.0,884876.0
3283,-128.0,-0.8595%,0.0,0.00%,0.0,0.0,0.00%,14765.0,14893.0
SPWR,-129.0,-0.0034%,1.02,-0.97%,1.0224,1568975.841769,33.64%,3817165.0,3817294.0
HWRM6,-129.0,-36.7521%,0.0,0.00%,0.0,0.0,0.00%,222.0,351.0
ZURN,-130.0,-0.3485%,0.0,0.00%,0.0,0.0,0.00%,37178.0,37308.0
RI,-130.0,-0.3885%,0.0,0.00%,0.0,0.0,0.00%,33336.0,33466.0
IHG,-130.0,-1.0742%,146.95,0.95%,148.1212,278118.430043,55.63%,11972.0,12102.0
9022,-130.0,-0.0947%,0.0,0.00%,0.0,0.0,0.00%,137088.0,137218.0
3038,-130.0,-0.4155%,0.0,0.00%,0.0,0.0,0.00%,31158.0,31288.0
9201,-130.0,-0.2288%,0.0,0.00%,0.0,0.0,0.00%,56677.0,56807.0
MICC,-130.0,-0.2094%,14.67,-2.65%,14.6708,1130320.98221,41.20%,61944.0,62074.0
UMG,-130.0,-0.0678%,0.0,0.00%,0.0,0.0,0.00%,191540.0,191670.0
FF,-130.0,-0.0140%,4.8,0.21%,4.7594,267590.117033,9.41%,930854.0,930984.0
6770,-130.0,-0.0161%,0.0,0.00%,0.0,0.0,0.00%,807170.0,807300.0
1963,-130.0,-0.0459%,0.0,0.00%,0.0,0.0,0.00%,283355.0,283485.0
PHIA,-130.0,-0.0953%,0.0,0.00%,0.0,0.0,0.00%,136291.0,136421.0
055550,-130.0,-0.1330%,0.0,0.00%,0.0,0.0,0.00%,97604.0,97734.0
2871,-130.0,-0.2824%,0.0,0.00%,0.0,0.0,0.00%,45912.0,46042.0
AKRBP,-130.0,-0.1625%,0.0,0.00%,0.0,0.0,0.00%,79849.0,79979.0
COV,-131.0,-0.1403%,0.0,0.00%,0.0,0.0,0.00%,93221.0,93352.0
FRBA,-132.0,-0.0166%,15.42,1.72%,15.4216,98442.472733,20.57%,796975.0,797107.0
108490 KS,-132.0,-0.1212%,0.0,0.00%,0.0,0.0,0.00%,108746.0,108878.0
455900 KS,-132.0,-0.1168%,0.0,0.00%,0.0,0.0,0.00%,112865.0,112997.0
KRO,-135.0,-0.0178%,7.05,-6.87%,7.168,530503.681293,39.05%,759990.0,760125.0
EHTH,-135.0,-0.0128%,1.86,-7.00%,1.7722,465000.494683,-13.18%,1058559.0,1058694.0
MEI,-137.0,-0.0104%,9.25,-0.32%,9.2618,377742.103656,-11.15%,1315094.0,1315231.0
SEVN,-137.0,-0.0125%,8.42,-0.12%,8.4634,73180.089525,-54.28%,1098887.0,1099024.0
TG,-137.0,-0.0145%,10.2,1.09%,10.0943,196107.033183,-5.90%,941860.0,941997.0
PUBM,-140.0,-0.0098%,10.24,0.99%,10.2235,722418.811653,7.03%,1425717.0,1425857.0
WOOF,-142.0,-0.0041%,2.75,0.36%,2.7541,1090939.600778,-14.92%,3478492.0,3478634.0
AVO,-142.0,-0.0079%,13.3,-2.28%,13.3482,916749.428948,3.36%,1790749.0,1790891.0
INV,-142.0,-0.0078%,6.21,-10.90%,6.4845,1836524.653523,-45.91%,1810556.0,1810698.0
SGRO,-143.0,-0.0074%,0.0,0.00%,0.0,0.0,0.00%,1942927.0,1943070.0
3116,-143.0,-0.3795%,0.0,0.00%,0.0,0.0,0.00%,37539.0,37682.0
2784,-143.0,-0.4220%,0.0,0.00%,0.0,0.0,0.00%,33745.0,33888.0
6370,-143.0,-0.1130%,0.0,0.00%,0.0,0.0,0.00%,126431.0,126574.0
ANDR,-143.0,-0.6044%,0.0,0.00%,0.0,0.0,0.00%,23518.0,23661.0
9412,-143.0,-0.6202%,0.0,0.00%,0.0,0.0,0.00%,22914.0,23057.0
SKFB,-143.0,-0.2266%,0.0,0.00%,0.0,0.0,0.00%,62969.0,63112.0
005830,-143.0,-0.2986%,0.0,0.00%,0.0,0.0,0.00%,47744.0,47887.0
MNTK,-145.0,-0.0069%,1.42,-2.74%,1.3882,426078.143195,-10.17%,2104108.0,2104253.0
LFT,-145.0,-0.0107%,1.16,0.00%,1.1636,95441.963541,-31.38%,1360542.0,1360687.0
CLSK,-147.0,-0.0004%,13.98,-3.59%,13.934,19788642.349245,-27.11%,36910289.0,36910436.0
GIB,-148.0,-0.1482%,68.09,2.13%,68.672,502435.971402,52.28%,99714.0,99862.0
PSNL,-150.0,-0.0062%,5.99,-1.32%,5.9913,1510306.618332,-52.41%,2418089.0,2418239.0
HDSN,-152.0,-0.0098%,5.3,-18.96%,5.3388,1293648.065795,245.87%,1557129.0,1557281.0
AEBI,-152.0,-0.0106%,11.72,1.91%,11.7411,359478.043664,94.10%,1435143.0,1435295.0
SCMN,-153.0,-1.8363%,0.0,0.00%,0.0,0.0,0.00%,8179.0,8332.0
GEBN,-153.0,-0.5739%,0.0,0.00%,0.0,0.0,0.00%,26507.0,26660.0
TRDA,-154.0,-0.0128%,6.85,-57.27%,7.0073,4126695.842687,891.60%,1207205.0,1207359.0
SOF,-156.0,-0.3516%,0.0,0.00%,0.0,0.0,0.00%,44210.0,44366.0
6586,-156.0,-0.1969%,0.0,0.00%,0.0,0.0,0.00%,79078.0,79234.0
GLIBA,-156.0,-0.1191%,27.16,-18.32%,27.9896,195477.977769,411.69%,130813.0,130969.0
MBI,-156.0,-0.0088%,6.39,4.75%,6.325,640736.207141,13.04%,1763306.0,1763462.0
086280,-156.0,-1.1599%,0.0,0.00%,0.0,0.0,0.00%,13294.0,13450.0
FPE3,-156.0,-0.8097%,0.0,0.00%,0.0,0.0,0.00%,19110.0,19266.0
051600,-156.0,-1.4193%,0.0,0.00%,0.0,0.0,0.00%,10835.0,10991.0
HMB,-156.0,-0.1933%,0.0,0.00%,0.0,0.0,0.00%,80530.0,80686.0
IGM,-156.0,-0.7821%,150.4,-0.32%,150.6346,485212.864763,-4.36%,19790.0,19946.0
LOCO,-156.0,-0.0138%,13.51,0.97%,13.4059,256443.34062,38.97%,1130733.0,1130889.0
AIRJ,-158.0,-0.0151%,3.48,-0.57%,3.4997,440640.270668,-43.05%,1043264.0,1043422.0
NVGS,-158.0,-0.0136%,22.87,0.93%,22.7962,382707.086003,-39.05%,1161919.0,1162077.0
WNC,-158.0,-0.0096%,7.8,0.39%,7.8731,692674.43627,-7.28%,1642481.0,1642639.0
ZEPP,-160.0,-0.1254%,14.95,-16.99%,15.7323,126104.552827,378.38%,127428.0,127588.0
SALM,-162.0,-0.7290%,0.0,0.00%,0.0,0.0,0.00%,22059.0,22221.0
ACRE,-163.0,-0.0060%,5.05,-3.26%,5.086,517161.459032,32.95%,2730656.0,2730819.0
FVR,-164.0,-0.0142%,18.26,4.40%,18.0877,272500.95149,39.38%,1151420.0,1151584.0
SONY,-165.0,-0.0570%,19.89,-4.05%,19.9891,8648970.610733,-20.90%,289519.0,289684.0
CTOS,-166.0,-0.0044%,9.77,-2.01%,9.8619,749709.949459,-32.15%,3758477.0,3758643.0
MERY,-167.0,-0.5142%,0.0,0.00%,0.0,0.0,0.00%,32310.0,32477.0
LFMD,-168.0,-0.0096%,4.49,-14.80%,4.5896,2309859.510275,56.00%,1753618.0,1753786.0
TNE,-169.0,-2.1650%,0.0,0.00%,0.0,0.0,0.00%,7637.0,7806.0
009540,-169.0,-1.0824%,0.0,0.00%,0.0,0.0,0.00%,15444.0,15613.0
9513,-169.0,-0.3106%,0.0,0.00%,0.0,0.0,0.00%,54238.0,54407.0
6701,-169.0,-0.0903%,0.0,0.00%,0.0,0.0,0.00%,186941.0,187110.0
012750,-169.0,-1.6988%,0.0,0.00%,0.0,0.0,0.00%,9779.0,9948.0
RED,-169.0,-0.2631%,0.0,0.00%,0.0,0.0,0.00%,64065.0,64234.0
3197,-169.0,-0.5788%,0.0,0.00%,0.0,0.0,0.00%,29031.0,29200.0
LR,-169.0,-0.3792%,0.0,0.00%,0.0,0.0,0.00%,44402.0,44571.0
6724,-169.0,-0.1823%,0.0,0.00%,0.0,0.0,0.00%,92513.0,92682.0
7988,-169.0,-0.8053%,0.0,0.00%,0.0,0.0,0.00%,20818.0,20987.0
9697,-169.0,-0.1950%,0.0,0.00%,0.0,0.0,0.00%,86487.0,86656.0
RAND,-169.0,-0.3741%,10.73,-2.40%,11.0262,3497.683862,5.51%,45007.0,45176.0
MAGN,-170.0,-0.0139%,11.75,6.14%,11.9704,1225572.833905,222.78%,1226260.0,1226430.0
CHCT,-170.0,-0.0062%,17.68,0.97%,17.7046,220054.878959,-8.17%,2722734.0,2722904.0
KROS,-170.0,-0.0148%,11.64,-1.19%,11.634,157148.175968,-48.55%,1150121.0,1150291.0
SUNB,-172.0,-0.5581%,73.33,-4.31%,74.2735,2325231.105161,34.96%,30645.0,30817.0
NPK,-172.0,-0.0168%,137.45,-1.22%,137.3034,41939.3391,-12.93%,1022732.0,1022904.0
TBI,-175.0,-0.0160%,6.01,-0.66%,6.1711,586108.121599,-21.34%,1095626.0,1095801.0
BP,-175.0,-0.0587%,43.81,-1.84%,43.7769,9606810.213748,-19.81%,298153.0,298328.0
277810 KS,-176.0,-0.1222%,0.0,0.00%,0.0,0.0,0.00%,143877.0,144053.0
SLR,-177.0,-0.0074%,0.0,0.00%,0.0,0.0,0.00%,2400622.0,2400799.0
TEAD,-179.0,-0.0132%,0.8714,-24.23%,0.9096,873730.655505,-23.94%,1351567.0,1351746.0
OEC,-181.0,-0.0090%,7.16,-12.68%,7.0954,763844.310872,-2.48%,2003558.0,2003739.0
VER,-182.0,-0.4014%,0.0,0.00%,0.0,0.0,0.00%,45163.0,45345.0
AAK,-182.0,-0.7624%,0.0,0.00%,0.0,0.0,0.00%,23690.0,23872.0
5332,-182.0,-0.4846%,0.0,0.00%,0.0,0.0,0.00%,37372.0,37554.0
7867,-182.0,-0.9041%,0.0,0.00%,0.0,0.0,0.00%,19948.0,20130.0
6326,-182.0,-0.0725%,0.0,0.00%,0.0,0.0,0.00%,250827.0,251009.0
NSISB,-182.0,-0.3880%,0.0,0.00%,0.0,0.0,0.00%,46725.0,46907.0
RLGT,-182.0,-0.0144%,8.31,0.97%,8.2571,149947.509143,1.92%,1261639.0,1261821.0
HEN,-182.0,-1.8238%,0.0,0.00%,0.0,0.0,0.00%,9797.0,9979.0
2229,-182.0,-0.7659%,0.0,0.00%,0.0,0.0,0.00%,23581.0,23763.0
MITT,-183.0,-0.0127%,7.86,-0.38%,7.8073,219220.726131,18.23%,1446007.0,1446190.0
WAAREEEN,-185.0,-0.9669%,0.0,0.00%,0.0,0.0,0.00%,18948.0,19133.0
ASC,-186.0,-0.0141%,18.87,0.43%,18.8309,857250.593425,2.06%,1321634.0,1321820.0
ARQ,-186.0,-0.0159%,2.59,12.12%,2.5855,668434.373985,22.87%,1170141.0,1170327.0
NEXN,-188.0,-0.0168%,7.73,1.31%,7.7963,205322.784841,-14.44%,1119209.0,1119397.0
PSFE,-189.0,-0.0163%,9.4,1.51%,9.4155,258229.053146,18.47%,1158030.0,1158219.0
NGNE,-189.0,-0.0317%,31.26,-3.31%,30.9647,152690.201174,-55.29%,596477.0,596666.0
KDK,-190.0,-0.0400%,9.1,3.06%,6.9601,1544127.071665,270.58%,474491.0,474681.0
KNSL,-192.0,-0.0100%,308.83,1.72%,304.9648,599360.745213,9.68%,1926205.0,1926397.0
ASLE,-193.0,-0.0144%,7.33,0.27%,7.3792,458140.83739,19.34%,1340727.0,1340920.0
EIG,-193.0,-0.0070%,42.0,1.55%,42.0173,323191.1493,42.82%,2763612.0,2763805.0
XPER,-194.0,-0.0111%,7.72,11.88%,7.7195,1675747.827502,356.25%,1746614.0,1746808.0
8056,-195.0,-1.0421%,0.0,0.00%,0.0,0.0,0.00%,18517.0,18712.0
7974,-195.0,-0.1265%,0.0,0.00%,0.0,0.0,0.00%,153946.0,154141.0
5201,-195.0,-0.2665%,0.0,0.00%,0.0,0.0,0.00%,72979.0,73174.0
INF,-195.0,-0.0890%,0.0,0.00%,0.0,0.0,0.00%,218902.0,219097.0
TRELB,-195.0,-0.6041%,0.0,0.00%,0.0,0.0,0.00%,32086.0,32281.0
ALE,-195.0,-0.5450%,0.0,0.00%,0.0,0.0,0.00%,35584.0,35779.0
3635,-195.0,-0.4021%,0.0,0.00%,0.0,0.0,0.00%,48298.0,48493.0
IRMD,-195.0,-0.0543%,86.74,0.58%,87.248,77342.02847,20.17%,359056.0,359251.0
010140,-195.0,-0.0849%,0.0,0.00%,0.0,0.0,0.00%,229567.0,229762.0
CRCT,-198.0,-0.0101%,4.36,-1.80%,4.3691,650004.506045,-59.91%,1958916.0,1959114.0
ACTG,-200.0,-0.0163%,4.705,-7.20%,4.6792,550356.947938,87.13%,1229772.0,1229972.0
ACKB,-200.0,-2.7659%,0.0,0.00%,0.0,0.0,0.00%,7031.0,7231.0
DQ,-200.0,-0.0089%,18.39,-4.96%,18.2609,1313236.244749,43.05%,2249788.0,2249988.0
FCR-U,-200.0,-0.3656%,0.0,0.00%,0.0,0.0,0.00%,54509.0,54709.0
8963,-200.0,-1.2305%,0.0,0.00%,0.0,0.0,0.00%,16053.0,16253.0
300274,-200.0,-0.2952%,0.0,0.00%,0.0,0.0,0.00%,67540.0,67740.0
SRU-U,-200.0,-0.5532%,0.0,0.00%,0.0,0.0,0.00%,35954.0,36154.0
601127,-200.0,-0.4505%,0.0,0.00%,0.0,0.0,0.00%,44200.0,44400.0
HPP,-204.0,-0.0059%,11.77,10.72%,11.628,2355141.579832,25.84%,3446088.0,3446292.0
ONON,-205.0,-0.0056%,35.65,-1.14%,35.6656,6810986.657578,8.49%,3682576.0,3682781.0
LVWR,-207.0,-0.0384%,1.67,-4.02%,1.706,132295.75239,32.80%,539374.0,539581.0
KREF,-207.0,-0.0055%,6.58,0.15%,6.5766,763310.113388,-25.05%,3773247.0,3773454.0
4927,-208.0,-0.3760%,0.0,0.00%,0.0,0.0,0.00%,55106.0,55314.0
3405,-208.0,-0.2279%,0.0,0.00%,0.0,0.0,0.00%,91062.0,91270.0
2809,-208.0,-0.7433%,0.0,0.00%,0.0,0.0,0.00%,27775.0,27983.0
KYGA,-208.0,-0.7687%,0.0,0.00%,0.0,0.0,0.00%,26851.0,27059.0
4912,-208.0,-0.3744%,0.0,0.00%,0.0,0.0,0.00%,55346.0,55554.0
2433,-208.0,-0.4201%,0.0,0.00%,0.0,0.0,0.00%,49305.0,49513.0
SFL,-213.0,-0.0039%,11.91,1.10%,11.8721,1184041.484526,-11.97%,5437080.0,5437293.0
DLO,-215.0,-0.1086%,13.75,-2.00%,13.8781,1114857.869075,-59.26%,197787.0,198002.0
LIGHT,-217.0,-0.1553%,0.0,0.00%,0.0,0.0,0.00%,139511.0,139728.0
6104 JP,-220.0,-0.1188%,0.0,0.00%,0.0,0.0,0.00%,185032.0,185252.0
2875,-221.0,-0.7007%,0.0,0.00%,0.0,0.0,0.00%,31320.0,31541.0
ICG,-221.0,-0.3699%,1.31,-0.76%,1.2995,11633.0,-89.26%,59517.0,59738.0
2810,-221.0,-1.0940%,0.0,0.00%,0.0,0.0,0.00%,19980.0,20201.0
012330,-221.0,-0.9741%,0.0,0.00%,0.0,0.0,0.00%,22467.0,22688.0
6367,-221.0,-0.3908%,0.0,0.00%,0.0,0.0,0.00%,56325.0,56546.0
AMOT,-221.0,-0.0627%,0.0,0.00%,0.0,0.0,0.00%,352377.0,352598.0
6465,-221.0,-0.9752%,0.0,0.00%,0.0,0.0,0.00%,22440.0,22661.0
URW,-225.0,-0.1089%,0.0,0.00%,0.0,0.0,0.00%,206367.0,206592.0
STLA,-225.0,-0.1169%,7.48,-2.35%,7.522,15715140.558624,-11.86%,192189.0,192414.0
MKTX,-226.0,-0.0059%,152.66,2.57%,152.182,1052911.324149,87.53%,3828952.0,3829178.0
FLY,-230.0,-0.0168%,32.36,-6.34%,33.0768,3701811.871136,-53.44%,1371017.0,1371247.0
NPWR,-232.0,-0.0192%,2.05,-5.53%,2.1078,908220.738797,5.59%,1208301.0,1208533.0
FWRD,-233.0,-0.0078%,17.33,-5.61%,14.4914,2113715.793679,102.95%,3004164.0,3004397.0
011200,-234.0,-0.3009%,0.0,0.00%,0.0,0.0,0.00%,77526.0,77760.0
OPRT,-234.0,-0.0154%,5.75,-1.03%,5.8349,401462.656,28.70%,1524038.0,1524272.0
FLGT,-234.0,-0.0220%,15.11,1.27%,15.0051,592085.678709,-16.19%,1063491.0,1063725.0
9507,-234.0,-0.5364%,0.0,0.00%,0.0,0.0,0.00%,43388.0,43622.0
161390,-234.0,-0.8351%,0.0,0.00%,0.0,0.0,0.00%,27788.0,28022.0
316140,-234.0,-0.1302%,0.0,0.00%,0.0,0.0,0.00%,179484.0,179718.0
2267,-234.0,-0.5210%,0.0,0.00%,0.0,0.0,0.00%,44678.0,44912.0
SKAB,-234.0,-0.3570%,0.0,0.00%,0.0,0.0,0.00%,65311.0,65545.0
5105,-234.0,-0.7497%,0.0,0.00%,0.0,0.0,0.00%,30978.0,31212.0
4088,-234.0,-0.4913%,0.0,0.00%,0.0,0.0,0.00%,47390.0,47624.0
4751,-234.0,-0.2102%,0.0,0.00%,0.0,0.0,0.00%,111100.0,111334.0
BILI,-235.0,-0.0431%,21.98,-1.74%,22.1033,2740144.318157,-16.18%,545413.0,545648.0
SPOT,-235.0,-0.0227%,427.43,0.51%,430.5469,2464366.924334,-25.84%,1033094.0,1033329.0
ROCKB,-237.0,-0.5763%,0.0,0.00%,0.0,0.0,0.00%,40884.0,41121.0
HFFG,-237.0,-0.0174%,1.83,0.00%,1.8442,66138.139891,-14.50%,1358475.0,1358712.0
MHK,-238.0,-0.0043%,102.74,-1.57%,102.9314,797992.053016,-35.68%,5475396.0,5475634.0
IXCM6,-239.0,-0.4124%,0.0,0.00%,0.0,0.0,0.00%,57717.0,57956.0
BBBY,-242.0,-0.0095%,5.36,1.52%,5.3057,1990543.610499,-15.89%,2555395.0,2555637.0
SAFX,-245.0,-0.0151%,0.4108,-8.77%,0.4556,13275869.586493,124.30%,1619228.0,1619473.0
FDJU,-247.0,-1.1172%,0.0,0.00%,0.0,0.0,0.00%,21862.0,22109.0
OSW,-247.0,-0.0020%,24.58,-2.92%,24.8134,684305.719416,-21.54%,12228700.0,12228947.0
8801,-247.0,-0.0060%,0.0,0.00%,0.0,0.0,0.00%,4100451.0,4100698.0
9962,-247.0,-0.5205%,0.0,0.00%,0.0,0.0,0.00%,47205.0,47452.0
CHC,-247.0,-0.6183%,0.0,0.00%,0.0,0.0,0.00%,39704.0,39951.0
HEIO,-247.0,-0.7874%,0.0,0.00%,0.0,0.0,0.00%,31123.0,31370.0
8591,-247.0,-0.1545%,0.0,0.00%,0.0,0.0,0.00%,159631.0,159878.0
ITRK,-247.0,-0.5456%,0.0,0.00%,0.0,0.0,0.00%,45026.0,45273.0
NMAX,-251.0,-0.0161%,6.15,2.67%,6.1452,1199920.46095,-8.40%,1558050.0,1558301.0
TARA,-252.0,-0.0143%,5.37,-5.12%,5.414,440389.839986,-23.68%,1761549.0,1761801.0
CMTG,-253.0,-0.0057%,2.52,-4.18%,2.5658,820826.145861,208.26%,4418230.0,4418483.0
CMRE,-253.0,-0.0164%,17.39,0.69%,17.3881,641909.401213,27.24%,1538550.0,1538803.0
MYPS,-253.0,-0.0082%,0.44,8.08%,0.4241,858084.543625,277.56%,3082050.0,3082303.0
RPAY,-254.0,-0.0091%,3.49,1.16%,3.4988,498771.343622,-37.26%,2800712.0,2800966.0
PBYI,-257.0,-0.0159%,7.26,-2.55%,7.2007,352491.921016,-27.32%,1614843.0,1615100.0
RDNT,-258.0,-0.0030%,57.5,-1.94%,57.8391,900221.212734,26.46%,8473014.0,8473272.0
TIGO,-259.0,-0.0156%,80.5,-5.00%,81.2007,1650442.11246,63.55%,1660254.0,1660513.0
4528,-260.0,-0.2578%,0.0,0.00%,0.0,0.0,0.00%,100577.0,100837.0
FME,-260.0,-0.4227%,0.0,0.00%,0.0,0.0,0.00%,61247.0,61507.0
6869,-260.0,-0.0402%,0.0,0.00%,0.0,0.0,0.00%,646446.0,646706.0
MVNE,-260.0,-0.4363%,0.0,0.00%,0.0,0.0,0.00%,59327.0,59587.0
8088,-260.0,-0.4697%,0.0,0.00%,0.0,0.0,0.00%,55089.0,55349.0
CLDT,-260.0,-0.0109%,9.96,12.54%,9.8746,1110915.967508,173.87%,2386043.0,2386303.0
NKTX,-268.0,-0.0144%,3.15,-5.12%,3.1779,1029359.149264,-22.08%,1856624.0,1856892.0
SB,-270.0,-0.0142%,6.94,0.29%,6.9283,337892.675518,-25.30%,1898753.0,1899023.0
GDOT,-272.0,-0.0117%,12.64,0.64%,12.6142,214423.045645,-34.90%,2323946.0,2324218.0
IMI,-273.0,-0.9496%,0.0,0.00%,0.0,0.0,0.00%,28476.0,28749.0
417A,-273.0,-1.2307%,0.0,0.00%,0.0,0.0,0.00%,21909.0,22182.0
CCH,-273.0,-0.5410%,0.0,0.00%,0.0,0.0,0.00%,50193.0,50466.0
9506,-273.0,-0.1825%,0.0,0.00%,0.0,0.0,0.00%,149345.0,149618.0
6436,-273.0,-1.2705%,0.0,0.00%,0.0,0.0,0.00%,21215.0,21488.0
CTPNV,-273.0,-1.1952%,0.0,0.00%,0.0,0.0,0.00%,22568.0,22841.0
MONC,-273.0,-0.9526%,0.0,0.00%,0.0,0.0,0.00%,28385.0,28658.0
2802,-273.0,-0.3145%,0.0,0.00%,0.0,0.0,0.00%,86526.0,86799.0
EPIB,-273.0,-1.4201%,0.0,0.00%,0.0,0.0,0.00%,18951.0,19224.0
NDX1,-274.0,-0.3386%,0.0,0.00%,0.0,0.0,0.00%,80649.0,80923.0
ECVT,-275.0,-0.0063%,13.97,-4.84%,14.0611,2188276.849353,27.34%,4361039.0,4361314.0
IMTX,-275.0,-0.1255%,11.14,-3.21%,11.2182,735713.404234,-1.63%,218846.0,219121.0
JMIA,-275.0,-0.1120%,8.71,16.76%,9.0301,11242100.14917,232.31%,245236.0,245511.0
TRTX,-276.0,-0.0052%,8.5,-1.05%,8.515,335470.036618,-25.75%,5351496.0,5351772.0
SCHP,-280.0,-1.2764%,26.78,-0.11%,26.784,3233969.017589,12.05%,21656.0,21936.0
BV,-280.0,-0.0109%,12.99,-1.74%,13.0233,1077413.563708,-54.37%,2559483.0,2559763.0
HNR1,-281.0,-1.3991%,0.0,0.00%,0.0,0.0,0.00%,19803.0,20084.0
AGL,-284.0,-0.0443%,60.66,117.81%,54.5397,3892885.331249,1035.89%,640578.0,640862.0
7240,-286.0,-1.0016%,0.0,0.00%,0.0,0.0,0.00%,28267.0,28553.0
BEI,-286.0,-1.3624%,0.0,0.00%,0.0,0.0,0.00%,20706.0,20992.0
SGO,-286.0,-0.0546%,0.0,0.00%,0.0,0.0,0.00%,523490.0,523776.0
6258 JP,-286.0,-0.1188%,0.0,0.00%,0.0,0.0,0.00%,240535.0,240821.0
AMBP,-286.0,-0.0060%,3.96,-0.25%,3.969,810817.558657,-7.20%,4787889.0,4788175.0
PTLO,-286.0,-0.0113%,4.36,-2.90%,4.3635,5671342.335643,51.22%,2522300.0,2522586.0
MAP,-286.0,-0.1337%,0.0,0.00%,0.0,0.0,0.00%,213559.0,213845.0
TKA,-286.0,-0.1724%,0.0,0.00%,0.0,0.0,0.00%,165584.0,165870.0
8876,-286.0,-1.2733%,0.0,0.00%,0.0,0.0,0.00%,22175.0,22461.0
ROCK,-287.0,-0.0071%,37.59,-0.82%,37.789,844096.111043,130.83%,4050766.0,4051053.0
PRTA,-289.0,-0.0099%,10.52,-5.90%,10.667,443144.313597,32.73%,2913387.0,2913676.0
VIK,-290.0,-0.0094%,83.97,-2.42%,84.5037,4728470.779895,51.10%,3077777.0,3078067.0
2670,-299.0,-1.0373%,0.0,0.00%,0.0,0.0,0.00%,28526.0,28825.0
033780,-299.0,-1.2439%,0.0,0.00%,0.0,0.0,0.00%,23738.0,24037.0
MC,-299.0,-0.0031%,63.91,0.17%,64.5415,1350543.899776,15.89%,9541679.0,9541978.0
4684,-299.0,-0.9558%,0.0,0.00%,0.0,0.0,0.00%,30985.0,31284.0
7532,-299.0,-0.1915%,0.0,0.00%,0.0,0.0,0.00%,155810.0,156109.0
9024,-299.0,-0.3814%,0.0,0.00%,0.0,0.0,0.00%,78105.0,78404.0
6971,-299.0,-0.0814%,0.0,0.00%,0.0,0.0,0.00%,366987.0,367286.0
2588,-300.0,-2.4029%,0.0,0.00%,0.0,0.0,0.00%,12185.0,12485.0
LENB,-301.0,-0.1482%,0.0,0.00%,0.0,0.0,0.00%,202865.0,203166.0
RSW LN,-310.0,-0.0553%,0.0,0.00%,0.0,0.0,0.00%,559793.0,560103.0
5947,-312.0,-1.0243%,0.0,0.00%,0.0,0.0,0.00%,30147.0,30459.0
003550,-312.0,-0.9702%,0.0,0.00%,0.0,0.0,0.00%,31847.0,32159.0
EVK,-312.0,-0.3185%,0.0,0.00%,0.0,0.0,0.00%,97660.0,97972.0
007070,-312.0,-1.3119%,0.0,0.00%,0.0,0.0,0.00%,23471.0,23783.0
8227,-312.0,-0.5107%,0.0,0.00%,0.0,0.0,0.00%,60778.0,61090.0
QIA,-312.0,-1.0541%,0.0,0.00%,0.0,0.0,0.00%,29286.0,29598.0
HCAT,-313.0,-0.0122%,1.59,1.27%,1.5897,384352.107118,50.63%,2565210.0,2565523.0
NXDT,-314.0,-0.0205%,5.09,-1.55%,5.152,85310.906886,24.49%,1529196.0,1529510.0
INTR,-315.0,-0.1254%,6.7,-14.54%,6.874,11919985.180306,149.36%,250945.0,251260.0
CIM,-319.0,-0.0042%,13.54,-0.66%,13.4857,1114529.445137,123.91%,7653471.0,7653790.0
SMA,-323.0,-0.0138%,33.48,4.33%,33.2578,1112976.545125,39.42%,2341621.0,2341944.0
CNQ,-325.0,-0.0261%,44.74,-1.95%,44.4301,9442644.323789,-5.58%,1245018.0,1245343.0
015760,-325.0,-0.4038%,0.0,0.00%,0.0,0.0,0.00%,80161.0,80486.0
DSCT,-325.0,-0.0624%,0.0,0.00%,0.0,0.0,0.00%,520671.0,520996.0
7202,-325.0,-0.2016%,0.0,0.00%,0.0,0.0,0.00%,160915.0,161240.0
7741,-325.0,-0.3484%,0.0,0.00%,0.0,0.0,0.00%,92962.0,93287.0
PROP,-330.0,-0.0302%,0.9563,-8.92%,0.9888,7709608.2131,56.51%,1091787.0,1092117.0
GETY,-330.0,-0.0110%,0.834,4.51%,0.8309,539874.026356,-68.18%,2994243.0,2994573.0
FSP,-331.0,-0.0106%,0.5587,4.41%,0.5652,490431.499639,-33.81%,3116884.0,3117215.0
ACH,-334.0,-0.0121%,3.74,1.36%,3.8113,660228.843853,4.04%,2756382.0,2756716.0
SKM,-335.0,-0.1240%,36.3,-1.57%,36.4855,1985608.088323,19.30%,269823.0,270158.0
PIRC,-338.0,-0.3672%,0.0,0.00%,0.0,0.0,0.00%,91705.0,92043.0
PRY,-338.0,-0.3799%,0.0,0.00%,0.0,0.0,0.00%,88638.0,88976.0
ALC,-338.0,-0.6088%,63.88,-2.34%,64.486,4383380.600434,-36.56%,55181.0,55519.0
4021,-338.0,-0.7511%,0.0,0.00%,0.0,0.0,0.00%,44664.0,45002.0
5334,-338.0,-0.8523%,0.0,0.00%,0.0,0.0,0.00%,39319.0,39657.0
JBH,-338.0,-0.8346%,0.0,0.00%,0.0,0.0,0.00%,40159.0,40497.0
HUMA,-344.0,-0.0047%,1.08,9.83%,1.0476,9368957.27751,54.53%,7288870.0,7289214.0
QSR,-344.0,-0.0070%,79.14,2.51%,78.3975,5753666.943586,-20.90%,4912201.0,4912545.0
CCRN,-346.0,-0.0275%,13.09,29.48%,13.0583,5659434.776441,996.38%,1255601.0,1255947.0
9364,-351.0,-1.2802%,0.0,0.00%,0.0,0.0,0.00%,27067.0,27418.0
GTN,-358.0,-0.0111%,4.42,-20.07%,4.6424,3218343.842342,203.60%,3238337.0,3238695.0
SITC,-372.0,-0.0163%,5.6,-0.36%,5.6399,458426.070987,-3.24%,2281789.0,2282161.0
SAF,-374.0,-0.0863%,0.0,0.00%,0.0,0.0,0.00%,432950.0,433324.0
LILAK,-376.0,-0.0077%,7.99,-3.97%,7.9982,1664369.629863,235.79%,4902340.0,4902716.0
BNZL,-377.0,-0.5715%,0.0,0.00%,0.0,0.0,0.00%,65594.0,65971.0
VAR,-377.0,-0.1818%,0.0,0.00%,0.0,0.0,0.00%,206967.0,207344.0
3391,-377.0,-0.5995%,0.0,0.00%,0.0,0.0,0.00%,62512.0,62889.0
CODI,-378.0,-0.0099%,12.03,3.53%,12.0385,2451090.159319,364.26%,3801464.0,3801842.0
DOLE,-382.0,-0.0151%,14.8,-0.74%,14.7362,1447105.875799,79.89%,2524748.0,2525130.0
MRVI,-389.0,-0.0080%,3.94,0.00%,4.1056,4848737.183676,36.38%,4835054.0,4835443.0
4183,-390.0,-0.3145%,0.0,0.00%,0.0,0.0,0.00%,123630.0,124020.0
EPIA,-390.0,-0.3201%,0.0,0.00%,0.0,0.0,0.00%,121453.0,121843.0
GDRX,-390.0,-0.0448%,2.84,10.51%,2.7221,4689429.127461,133.52%,869687.0,870077.0
UPM,-390.0,-0.3170%,0.0,0.00%,0.0,0.0,0.00%,122642.0,123032.0
OPTU,-398.0,-0.0043%,1.18,-14.49%,1.233,9988127.470733,608.44%,9180635.0,9181033.0
2313,-400.0,-0.0653%,0.0,0.00%,0.0,0.0,0.00%,612618.0,613018.0
6841,-403.0,-0.3356%,0.0,0.00%,0.0,0.0,0.00%,119687.0,120090.0
4503,-403.0,-0.1115%,0.0,0.00%,0.0,0.0,0.00%,360899.0,361302.0
SNCY,-403.0,-0.0059%,16.86,1.81%,16.8592,924308.919636,95.58%,6774464.0,6774867.0
CA,-403.0,-0.1454%,24.99,-0.02%,25.0997,1340.3638,96.80%,276778.0,277181.0
7270,-403.0,-0.2025%,0.0,0.00%,0.0,0.0,0.00%,198658.0,199061.0
6448,-403.0,-0.5466%,0.0,0.00%,0.0,0.0,0.00%,73322.0,73725.0
GFL,-403.0,-0.2684%,37.19,2.20%,36.9248,3382110.97763,0.59%,149734.0,150137.0
KSP,-403.0,-0.6064%,0.0,0.00%,0.0,0.0,0.00%,66050.0,66453.0
CPR,-403.0,-0.5000%,0.0,0.00%,0.0,0.0,0.00%,80204.0,80607.0
6273 JP,-407.0,-0.1189%,0.0,0.00%,0.0,0.0,0.00%,341894.0,342301.0
EGHT,-416.0,-0.0080%,2.67,10.33%,2.5827,1552272.525151,-31.24%,5196845.0,5197261.0
BSL,-416.0,-0.3328%,13.26,0.00%,13.2565,14591.0743,-72.53%,124595.0,125011.0
8725,-416.0,-0.1319%,0.0,0.00%,0.0,0.0,0.00%,315037.0,315453.0
GRFS,-425.0,-0.0323%,8.06,-4.16%,8.2668,1135803.750099,220.63%,1316361.0,1316786.0
TTE,-426.0,-0.0144%,88.73,-1.37%,88.4992,988661.436015,-9.68%,2954835.0,2955261.0
9020,-429.0,-0.2716%,0.0,0.00%,0.0,0.0,0.00%,157527.0,157956.0
3092,-429.0,-0.2575%,0.0,0.00%,0.0,0.0,0.00%,166175.0,166604.0
034220,-429.0,-0.3029%,0.0,0.00%,0.0,0.0,0.00%,141188.0,141617.0
1721,-429.0,-1.0114%,0.0,0.00%,0.0,0.0,0.00%,41987.0,42416.0
EXPN,-429.0,-0.2539%,0.0,0.00%,0.0,0.0,0.00%,168527.0,168956.0
4681,-429.0,-1.2680%,0.0,0.00%,0.0,0.0,0.00%,33404.0,33833.0
ARCB,-437.0,-0.0152%,121.78,-0.03%,122.5218,277221.087832,-34.52%,2877528.0,2877965.0
SSE,-442.0,-0.2500%,0.0,0.00%,0.0,0.0,0.00%,176333.0,176775.0
4901,-442.0,-0.1547%,0.0,0.00%,0.0,0.0,0.00%,285245.0,285687.0
FPH,-442.0,-0.3299%,4.87,-1.81%,4.8946,126351.067233,8.12%,133519.0,133961.0
DFI,-449.0,-0.1360%,0.0,0.00%,0.0,0.0,0.00%,329755.0,330204.0
TMDX,-452.0,-0.0099%,72.9,-0.03%,74.3199,2656513.545797,-65.93%,4544725.0,4545177.0
THG,-452.0,-0.0118%,186.3,-0.04%,186.6374,279158.406828,-17.21%,3837524.0,3837976.0
PUB,-455.0,-1.0145%,0.0,0.00%,0.0,0.0,0.00%,44393.0,44848.0
7751,-455.0,-0.1948%,0.0,0.00%,0.0,0.0,0.00%,233142.0,233597.0
ONDS,-457.0,-0.0081%,8.89,-4.82%,8.947,45228604.28461,-17.13%,5646123.0,5646580.0
PEN,-465.0,-0.0125%,324.65,0.14%,325.1686,683301.497352,100.05%,3730245.0,3730710.0
LPRO,-465.0,-0.0114%,1.62,-5.26%,1.6674,901752.096383,0.33%,4065391.0,4065856.0
DCGO,-472.0,-0.0140%,0.6339,1.91%,0.6253,264286.579683,-58.77%,3374566.0,3375038.0
CARLB,-479.0,-1.9666%,0.0,0.00%,0.0,0.0,0.00%,23878.0,24357.0
CP,-481.0,-0.3503%,85.22,-0.88%,85.9874,3800421.873095,45.66%,136848.0,137329.0
030000,-481.0,-1.3185%,0.0,0.00%,0.0,0.0,0.00%,36001.0,36482.0
AHRT,-486.0,-0.0071%,6.4,-1.08%,6.4319,618205.950557,-11.52%,6805821.0,6806307.0
RY,-493.0,-0.0126%,181.35,-0.15%,181.3306,696696.339064,-7.09%,3924194.0,3924687.0
ABF,-494.0,-0.6167%,0.0,0.00%,0.0,0.0,0.00%,79612.0,80106.0
G1A,-494.0,-0.8332%,0.0,0.00%,0.0,0.0,0.00%,58792.0,59286.0
DNP,-494.0,-1.1158%,10.62,-0.56%,10.646,621913.563028,8.60%,43780.0,44274.0
4202,-494.0,-0.7433%,0.0,0.00%,0.0,0.0,0.00%,65964.0,66458.0
HIAB FH,-495.0,-0.1199%,0.0,0.00%,0.0,0.0,0.00%,412450.0,412945.0
300750,-500.0,-0.2947%,0.0,0.00%,0.0,0.0,0.00%,169177.0,169677.0
388,-500.0,-0.1436%,0.0,0.00%,0.0,0.0,0.00%,347713.0,348213.0
TDOC,-502.0,-0.0068%,6.96,2.35%,6.9861,7462365.835942,68.61%,7329026.0,7329528.0
GBLB,-504.0,-0.5710%,0.0,0.00%,0.0,0.0,0.00%,87769.0,88273.0
GALP,-507.0,-0.3368%,0.0,0.00%,0.0,0.0,0.00%,150012.0,150519.0
AMS,-507.0,-0.3082%,2.01,11.05%,1.9628,612732.647829,54.83%,164012.0,164519.0
YAR,-507.0,-0.6395%,0.0,0.00%,0.0,0.0,0.00%,78777.0,79284.0
LMAT,-511.0,-0.0194%,107.91,-2.10%,109.0736,363632.159935,14.72%,2628391.0,2628902.0
4536,-517.0,-0.1422%,0.0,0.00%,0.0,0.0,0.00%,363103.0,363620.0
4272,-520.0,-1.0497%,0.0,0.00%,0.0,0.0,0.00%,49018.0,49538.0
JMT,-520.0,-0.1162%,0.0,0.00%,0.0,0.0,0.00%,446828.0,447348.0
IVT,-521.0,-0.0167%,31.66,-0.94%,31.7771,402257.747561,-13.68%,3123625.0,3124146.0
SNDR,-529.0,-0.0096%,30.65,-0.81%,30.7033,1009707.658395,-10.69%,5525910.0,5526439.0
VOLVB,-533.0,-0.1710%,0.0,0.00%,0.0,0.0,0.00%,311241.0,311774.0
5929,-533.0,-0.7798%,0.0,0.00%,0.0,0.0,0.00%,67819.0,68352.0
4519,-533.0,-0.8560%,0.0,0.00%,0.0,0.0,0.00%,61735.0,62268.0
DNA,-539.0,-0.0219%,10.32,2.38%,10.1585,2063018.719165,8.14%,2460693.0,2461232.0
RC,-543.0,-0.0068%,2.16,5.88%,2.1086,2359609.906411,23.36%,7934868.0,7935411.0
4403,-546.0,-1.0778%,0.0,0.00%,0.0,0.0,0.00%,50112.0,50658.0
7701,-546.0,-1.0153%,0.0,0.00%,0.0,0.0,0.00%,53230.0,53776.0
UTHR,-546.0,-0.0130%,569.18,-4.62%,575.305,830890.719993,25.85%,4191845.0,4192391.0
SHL,-546.0,-0.3902%,0.0,0.00%,0.0,0.0,0.00%,139395.0,139941.0
EMA,-549.0,-0.0497%,52.19,-0.15%,52.1908,231825.312636,-20.08%,1103093.0,1103642.0
BMBL,-557.0,-0.0122%,3.46,0.87%,3.5274,4891874.808388,-48.32%,4564543.0,4565100.0
6752,-559.0,-0.0869%,0.0,0.00%,0.0,0.0,0.00%,642666.0,643225.0
3401,-559.0,-0.7247%,0.0,0.00%,0.0,0.0,0.00%,76573.0,77132.0
WB,-565.0,-0.0857%,8.46,-0.12%,8.4837,779220.093889,-66.98%,658965.0,659530.0
NMRK,-568.0,-0.0104%,16.87,1.63%,16.7941,1268250.057209,-5.42%,5475984.0,5476552.0
9143,-572.0,-0.4915%,0.0,0.00%,0.0,0.0,0.00%,115797.0,116369.0
454910 KS,-572.0,-0.1189%,0.0,0.00%,0.0,0.0,0.00%,480477.0,481049.0
6954,-572.0,-0.3744%,0.0,0.00%,0.0,0.0,0.00%,152206.0,152778.0
GSM,-578.0,-0.0132%,3.965,-16.17%,4.1708,1838529.84775,-25.49%,4394124.0,4394702.0
HLUNB,-585.0,-0.6845%,0.0,0.00%,0.0,0.0,0.00%,84875.0,85460.0
9508,-585.0,-0.4549%,0.0,0.00%,0.0,0.0,0.00%,128028.0,128613.0
8012,-585.0,-0.5006%,0.0,0.00%,0.0,0.0,0.00%,116272.0,116857.0
SGM,-587.0,-0.5627%,0.0,0.00%,0.0,0.0,0.00%,103724.0,104311.0
ARHS,-588.0,-0.0283%,7.075,-6.79%,7.0097,2953099.299068,23.43%,2078857.0,2079445.0
FATE,-593.0,-0.0142%,2.43,6.11%,2.3048,4386767.520576,-25.30%,4161329.0,4161922.0
1414,-598.0,-1.2171%,0.0,0.00%,0.0,0.0,0.00%,48535.0,49133.0
5393,-598.0,-1.1242%,0.0,0.00%,0.0,0.0,0.00%,52594.0,53192.0
4661,-598.0,-0.8166%,0.0,0.00%,0.0,0.0,0.00%,72635.0,73233.0
SIBN,-607.0,-0.0372%,12.95,-0.31%,13.0551,453416.596371,-50.32%,1632058.0,1632665.0
EDIT,-615.0,-0.0140%,3.03,-4.57%,3.0638,1441549.524238,15.77%,4401886.0,4402501.0
9602,-624.0,-0.8558%,0.0,0.00%,0.0,0.0,0.00%,72294.0,72918.0
GNK,-624.0,-0.0423%,25.24,-1.02%,25.4777,272876.286507,-31.94%,1473932.0,1474556.0
6861 JP,-625.0,-0.0902%,0.0,0.00%,0.0,0.0,0.00%,692295.0,692920.0
6098,-637.0,-0.0265%,0.0,0.00%,0.0,0.0,0.00%,2401874.0,2402511.0
EN,-648.0,-0.3420%,0.0,0.00%,0.0,0.0,0.00%,188843.0,189491.0
WTI,-651.0,-0.0160%,3.82,0.00%,3.7195,5526390.011897,-23.93%,4078301.0,4078952.0
IG,-663.0,-0.6726%,20.61,-0.29%,20.6467,18141.5928,-27.05%,97917.0,98580.0
FWONK,-663.0,-0.0145%,93.48,5.44%,92.7225,2565914.949505,45.24%,4579183.0,4579846.0
PST,-667.0,-0.1546%,22.7073,0.83%,22.5883,9853.1705,12.60%,430662.0,431329.0
DEA,-675.0,-0.0100%,23.3,0.04%,23.1682,470871.885423,8.43%,6779738.0,6780413.0
TEN,-676.0,-0.6594%,44.0,1.92%,43.3997,326589.402136,-7.13%,101844.0,102520.0
WKL,-676.0,-0.2652%,0.0,0.00%,0.0,0.0,0.00%,254267.0,254943.0
VMS,-676.0,-0.9075%,0.0,0.00%,0.0,0.0,0.00%,73812.0,74488.0
CX,-680.0,-0.1242%,13.14,-3.03%,13.2727,6662871.429481,-35.70%,546753.0,547433.0
9301,-689.0,-0.8238%,0.0,0.00%,0.0,0.0,0.00%,82952.0,83641.0
6592,-689.0,-0.3741%,0.0,0.00%,0.0,0.0,0.00%,183488.0,184177.0
HVN,-689.0,-0.5753%,0.0,0.00%,0.0,0.0,0.00%,119069.0,119758.0
INN,-695.0,-0.0132%,5.4,0.93%,5.4178,734769.645399,2.69%,5274087.0,5274782.0
HTLD,-698.0,-0.0117%,12.98,-0.92%,13.0163,358276.759876,14.83%,5961364.0,5962062.0
303,-700.0,-1.0362%,0.0,0.00%,0.0,0.0,0.00%,66857.0,67557.0
002594,-700.0,-0.5383%,0.0,0.00%,0.0,0.0,0.00%,129349.0,130049.0
6417,-702.0,-0.7740%,0.0,0.00%,0.0,0.0,0.00%,89998.0,90700.0
KDCREIT,-704.0,-0.1103%,0.0,0.00%,0.0,0.0,0.00%,637468.0,638172.0
NNI,-708.0,-0.1478%,141.36,0.66%,141.5634,74655.950517,1.30%,478207.0,478915.0
EDPR,-710.0,-0.3335%,0.0,0.00%,0.0,0.0,0.00%,212154.0,212864.0
HWDN,-715.0,-0.7296%,0.0,0.00%,0.0,0.0,0.00%,97283.0,97998.0
3088,-715.0,-0.5602%,0.0,0.00%,0.0,0.0,0.00%,126917.0,127632.0
SAE,-715.0,-1.3941%,0.0,0.00%,0.0,0.0,0.00%,50572.0,51287.0
DX,-718.0,-0.0063%,13.32,-0.22%,13.308,3246845.481872,1.48%,11331018.0,11331736.0
FINV,-720.0,-0.0126%,5.11,-2.11%,5.1501,1180616.091647,48.76%,5696365.0,5697085.0
LBRDK,-722.0,-0.0338%,37.37,2.24%,37.4933,1487801.469532,-9.69%,2135751.0,2136473.0
6762,-728.0,-0.2604%,0.0,0.00%,0.0,0.0,0.00%,278820.0,279548.0
FAF,-730.0,-0.0096%,69.82,-0.20%,69.723,642218.830781,-51.69%,7572137.0,7572867.0
DHT,-740.0,-0.0162%,19.02,0.42%,18.976,3660969.377583,-24.93%,4553882.0,4554622.0
TEF,-741.0,-0.0506%,0.0,0.00%,0.0,0.0,0.00%,1464344.0,1465085.0
010130 KS,-743.0,-0.5127%,0.0,0.00%,0.0,0.0,0.00%,144184.0,144927.0
ALO,-752.0,-0.5559%,0.0,0.00%,0.0,0.0,0.00%,134520.0,135272.0
9502,-754.0,-0.3421%,0.0,0.00%,0.0,0.0,0.00%,219644.0,220398.0
4042,-754.0,-0.7504%,0.0,0.00%,0.0,0.0,0.00%,99726.0,100480.0
TWE,-767.0,-0.5124%,0.0,0.00%,0.0,0.0,0.00%,148919.0,149686.0
6702,-767.0,-0.2718%,0.0,0.00%,0.0,0.0,0.00%,281409.0,282176.0
4114,-767.0,-0.2213%,0.0,0.00%,0.0,0.0,0.00%,345842.0,346609.0
GWO,-769.0,-0.4303%,0.0,0.00%,0.0,0.0,0.00%,177949.0,178718.0
7832,-780.0,-0.4883%,0.0,0.00%,0.0,0.0,0.00%,158948.0,159728.0
SYM,-791.0,-0.0625%,56.43,-7.73%,58.047,2810597.594311,-16.67%,1263981.0,1264772.0
SGSN,-794.0,-2.3314%,0.0,0.00%,0.0,0.0,0.00%,33263.0,34057.0
NXDR,-807.0,-0.0095%,1.92,17.79%,1.9155,9062804.012798,127.12%,8524403.0,8525210.0
7733,-819.0,-0.4800%,0.0,0.00%,0.0,0.0,0.00%,169812.0,170631.0
6113,-819.0,-0.9041%,0.0,0.00%,0.0,0.0,0.00%,89768.0,90587.0
INSP,-824.0,-0.0275%,45.57,-0.28%,46.106,2005805.628869,4.33%,2998339.0,2999163.0
BAM,-824.0,-0.0292%,48.79,0.33%,48.8893,4442870.623038,19.14%,2819670.0,2820494.0
SU,-831.0,-0.0610%,63.74,-0.90%,63.5487,3241800.781284,-45.05%,1360479.0,1361310.0
BVI,-845.0,-1.3710%,0.0,0.00%,0.0,0.0,0.00%,60790.0,61635.0
6301,-845.0,-0.3746%,0.0,0.00%,0.0,0.0,0.00%,224744.0,225589.0
PSON,-845.0,-0.7009%,0.0,0.00%,0.0,0.0,0.00%,119711.0,120556.0
032640,-845.0,-0.8029%,0.0,0.00%,0.0,0.0,0.00%,104404.0,105249.0
SGI,-846.0,-0.0048%,70.67,-10.11%,72.5098,7272836.428056,34.81%,17558710.0,17559556.0
SGRY,-868.0,-0.0297%,14.31,-1.92%,14.4138,1452392.685251,-67.89%,2924715.0,2925583.0
4768,-871.0,-0.6798%,0.0,0.00%,0.0,0.0,0.00%,127250.0,128121.0
7164,-871.0,-1.7079%,0.0,0.00%,0.0,0.0,0.00%,50128.0,50999.0
ATS CN,-880.0,-0.1198%,0.0,0.00%,0.0,0.0,0.00%,733858.0,734738.0
QUB,-884.0,-0.4545%,0.0,0.00%,0.0,0.0,0.00%,193619.0,194503.0
WD,-891.0,-0.0202%,54.83,3.12%,54.9405,365582.105737,-11.02%,4413338.0,4414229.0
035250,-897.0,-1.5573%,0.0,0.00%,0.0,0.0,0.00%,56701.0,57598.0
9863,-900.0,-0.1874%,0.0,0.00%,0.0,0.0,0.00%,479439.0,480339.0
MRTN,-904.0,-0.0120%,15.14,0.53%,15.1142,746672.53504,35.32%,7522863.0,7523767.0
9503,-910.0,-0.4023%,0.0,0.00%,0.0,0.0,0.00%,225305.0,226215.0
MKS,-910.0,-0.2854%,0.0,0.00%,0.0,0.0,0.00%,317910.0,318820.0
NHY,-923.0,-0.2813%,0.0,0.00%,0.0,0.0,0.00%,327228.0,328151.0
028050,-923.0,-1.0320%,0.0,0.00%,0.0,0.0,0.00%,88513.0,89436.0
SN/,-936.0,-0.6334%,0.0,0.00%,0.0,0.0,0.00%,146844.0,147780.0
ML,-936.0,-0.5156%,0.0,0.00%,0.0,0.0,0.00%,180589.0,181525.0
LU,-940.0,-0.0658%,1.95,-3.47%,1.9723,969442.959371,-59.30%,1427336.0,1428276.0
MOMO,-945.0,-0.0800%,6.34,-1.55%,6.3623,440093.336417,-29.10%,1180512.0,1181457.0
IFC,-945.0,-2.0318%,0.0,0.00%,0.0,0.0,0.00%,45565.0,46510.0
BEZ,-949.0,-0.9570%,2.575,19.21%,2.4474,12471970.273432,46.45%,98216.0,99165.0
HSX,-949.0,-1.8865%,0.0,0.00%,0.0,0.0,0.00%,49356.0,50305.0
BULL,-961.0,-0.0100%,7.21,-1.50%,7.2038,8524618.509883,-6.20%,9618594.0,9619555.0
CDRE,-974.0,-0.0407%,29.91,-3.02%,30.3138,459351.900241,39.69%,2393985.0,2394959.0
2801,-975.0,-0.0145%,0.0,0.00%,0.0,0.0,0.00%,6730045.0,6731020.0
CTEC,-975.0,-0.5022%,68.71,-3.05%,69.3689,3539.10057,6.27%,193168.0,194143.0
FCFS,-979.0,-0.0250%,224.89,-0.66%,224.2146,427638.105832,-0.52%,3915642.0,3916621.0
LWLG,-980.0,-0.0714%,14.825,-3.80%,14.9699,7012676.98957,-33.03%,1372208.0,1373188.0
WERN,-991.0,-0.0130%,36.38,-0.05%,36.3863,1268300.951219,-18.97%,7625801.0,7626792.0
BHC,-999.0,-0.3367%,5.73,1.42%,5.7557,2125071.539718,73.17%,295702.0,296701.0
551,-1000.0,-0.3205%,0.0,0.00%,0.0,0.0,0.00%,311020.0,312020.0
868,-1000.0,-0.0914%,0.0,0.00%,0.0,0.0,0.00%,1092740.0,1093740.0
1308,-1000.0,-0.1205%,0.0,0.00%,0.0,0.0,0.00%,828851.0,829851.0
669,-1000.0,-0.2762%,0.0,0.00%,0.0,0.0,0.00%,361095.0,362095.0
PONY,-1006.0,-0.0229%,9.63,-6.23%,9.6916,6108658.562486,48.86%,4384280.0,4385286.0
TAC,-1010.0,-0.0558%,12.76,-0.23%,12.7095,1362140.666078,-51.20%,1810191.0,1811201.0
4578,-1014.0,-0.9185%,0.0,0.00%,0.0,0.0,0.00%,109384.0,110398.0
ELE,-1020.0,-0.3192%,17.55,-4.88%,17.7752,1703325.923605,318.37%,318496.0,319516.0
INDUA,-1027.0,-0.8239%,0.0,0.00%,0.0,0.0,0.00%,123620.0,124647.0
5463,-1027.0,-1.4077%,0.0,0.00%,0.0,0.0,0.00%,71927.0,72954.0
SLF,-1031.0,-1.2105%,69.51,-4.91%,69.867,1132040.624276,43.08%,84142.0,85173.0
EVH,-1035.0,-0.0227%,4.27,11.49%,4.2029,6180177.675975,174.85%,4550871.0,4551906.0
ACA,-1039.0,-0.0166%,128.04,-2.55%,128.048,279152.83209,-20.67%,6273073.0,6274112.0
RYA,-1040.0,-0.4208%,0.0,0.00%,0.0,0.0,0.00%,246128.0,247168.0
7269,-1040.0,-0.2686%,0.0,0.00%,0.0,0.0,0.00%,386186.0,387226.0
BME,-1044.0,-0.2404%,39.16,-0.23%,39.2349,44304.0614,-8.59%,433208.0,434252.0
AGS,-1048.0,-2.0408%,0.0,0.00%,0.0,0.0,0.00%,50304.0,51352.0
OFIX,-1054.0,-0.0608%,12.07,-0.98%,12.1889,451678.475762,-10.16%,1732102.0,1733156.0
AXGN,-1081.0,-0.0509%,43.41,-0.16%,43.52,880539.659242,61.55%,2120954.0,2122035.0
HEN3,-1086.0,-1.6925%,0.0,0.00%,0.0,0.0,0.00%,63078.0,64164.0
NVEC,-1091.0,-0.4080%,88.59,2.68%,86.8497,124185.791796,7.41%,266306.0,267397.0
RMV,-1092.0,-1.4894%,0.0,0.00%,0.0,0.0,0.00%,72227.0,73319.0
300757 C2,-1100.0,-0.1028%,0.0,0.00%,0.0,0.0,0.00%,1068945.0,1070045.0
ITGR,-1101.0,-0.0247%,87.92,1.89%,87.968,486070.44645,-10.60%,4462570.0,4463671.0
7203,-1105.0,-0.0605%,0.0,0.00%,0.0,0.0,0.00%,1826476.0,1827581.0
8113,-1105.0,-0.5898%,0.0,0.00%,0.0,0.0,0.00%,186256.0,187361.0
QAN,-1105.0,-1.0574%,0.0,0.00%,0.0,0.0,0.00%,103400.0,104505.0
EVG,-1116.0,-0.8520%,10.92,-0.64%,10.9564,61370.4333,-77.72%,129870.0,130986.0
FLC,-1116.0,-0.8669%,17.11,-0.12%,17.1194,19423.724857,1.08%,127619.0,128735.0
8766,-1131.0,-0.2182%,0.0,0.00%,0.0,0.0,0.00%,517264.0,518395.0
LX,-1145.0,-0.1033%,2.06,-4.63%,2.0873,1424816.909207,32.96%,1106943.0,1108088.0
SIGI,-1147.0,-0.0173%,84.69,2.04%,84.692,620875.56197,23.51%,6645647.0,6646794.0
6645 JP,-1148.0,-0.0731%,0.0,0.00%,0.0,0.0,0.00%,1570125.0,1571273.0
CSL,-1151.0,-0.0283%,360.46,-3.61%,364.3248,508848.21729,1.83%,4063150.0,4064301.0
NOKIA,-1157.0,-0.0949%,0.0,0.00%,0.0,0.0,0.00%,1217448.0,1218605.0
005935,-1170.0,-1.9612%,0.0,0.00%,0.0,0.0,0.00%,58488.0,59658.0
ALFA,-1179.0,-1.4372%,0.0,0.00%,0.0,0.0,0.00%,80853.0,82032.0
RMBS,-1182.0,-0.0088%,126.6,-2.65%,126.2323,2227696.546325,-40.71%,13471997.0,13473179.0
VBF,-1188.0,-0.8642%,14.99,-0.40%,15.048,124234.655823,71.88%,136279.0,137467.0
WN,-1194.0,-2.1197%,0.0,0.00%,0.0,0.0,0.00%,55134.0,56328.0
GRAB,-1200.0,-0.0315%,3.79,0.53%,3.8179,54665560.746076,-13.02%,3810055.0,3811255.0
700,-1200.0,-0.0213%,0.0,0.00%,0.0,0.0,0.00%,5626555.0,5627755.0
ECPG,-1204.0,-0.0433%,82.22,-2.40%,82.2984,1008825.127156,295.46%,2777488.0,2778692.0
LEG,-1215.0,-0.0068%,10.3,-9.41%,10.5521,5712530.999558,48.79%,17897025.0,17898240.0
MASI,-1221.0,-0.0335%,178.5,0.01%,178.4988,1241492.299036,21.83%,3646382.0,3647603.0
VVX,-1222.0,-0.0483%,75.4,-1.48%,75.6993,645162.951539,-16.88%,2527758.0,2528980.0
322000,-1224.0,-0.5715%,0.0,0.00%,0.0,0.0,0.00%,212943.0,214167.0
H,-1233.0,-0.0423%,170.47,0.65%,170.1315,1478722.771863,112.09%,2910924.0,2912157.0
6981,-1235.0,-0.2270%,0.0,0.00%,0.0,0.0,0.00%,542852.0,544087.0
LIVN,-1236.0,-0.0227%,70.925,7.04%,70.2582,1788793.537633,-7.45%,5447868.0,5449104.0
TKC,-1240.0,-0.1246%,6.53,-0.15%,6.5681,771017.066512,24.55%,994262.0,995502.0
VSEC,-1244.0,-0.0237%,199.45,-3.86%,201.125,478294.317085,-48.32%,5251396.0,5252640.0
EXO,-1248.0,-2.1381%,0.0,0.00%,0.0,0.0,0.00%,57122.0,58370.0
IDE,-1260.0,-0.8549%,13.6,0.26%,13.5754,34545.545,81.10%,146126.0,147386.0
LI,-1260.0,-0.1274%,17.6,-0.68%,17.7321,1793644.688555,-35.49%,988085.0,989345.0
PSF,-1260.0,-0.8571%,19.94,-0.20%,19.9733,34709.4048,-39.59%,145742.0,147002.0
AXIA,-1275.0,-0.0620%,11.79,-6.58%,11.8728,3500623.109308,63.66%,2054530.0,2055805.0
MOS,-1294.6499999985099,-0.0051%,22.91,-2.76%,23.1094,6838448.532841,-13.60%,25324075.91,25325370.56
HOV,-1314.0,-0.3852%,108.28,-1.11%,108.8569,122031.402917,-12.53%,339848.0,341162.0
XNET,-1315.0,-0.1176%,6.3,-0.47%,6.2879,106384.06558,-62.64%,1117257.0,1118572.0
PLMR,-1318.0,-0.0397%,113.57,2.55%,112.2395,555035.266525,-12.36%,3314765.0,3316083.0
LUNDB,-1327.0,-3.3844%,0.0,0.00%,0.0,0.0,0.00%,37882.0,39209.0
HPF,-1332.0,-0.8695%,16.16,0.00%,16.1539,31188.70262,-11.79%,151857.0,153189.0
HSAI,-1336.0,-0.1169%,21.86,-2.63%,22.0694,1035883.069233,1.89%,1141601.0,1142937.0
WES,-1338.0,-0.0385%,43.3,4.97%,42.4196,1733252.524822,49.82%,3476801.0,3478139.0
4507,-1339.0,-0.7922%,0.0,0.00%,0.0,0.0,0.00%,167676.0,169015.0
MVIS,-1346.0,-0.0092%,0.6124,-6.53%,0.6321,5062994.884231,9.30%,14634508.0,14635854.0
CNMD,-1351.0,-0.0328%,38.1,2.09%,37.9998,457803.19357,-1.03%,4122615.0,4123966.0
MOG.A,-1351.0,-0.1329%,316.29,-0.71%,317.7328,220851.945048,0.46%,1015280.0,1016631.0
ANGO,-1378.0,-0.0676%,11.27,1.99%,11.2112,228360.931042,-13.51%,2036362.0,2037740.0
TEVA,-1400.0,-0.0897%,36.01,-0.91%,36.2096,10802320.29336,56.21%,1558789.0,1560189.0
SUZB3,-1400.0,-0.2278%,0.0,0.00%,0.0,0.0,0.00%,613083.0,614483.0
DBL,-1404.0,-0.6928%,14.5,0.14%,14.5063,58086.83,-7.12%,201261.0,202665.0
CVCO,-1409.0,-0.1236%,482.34,-3.55%,489.057,134809.194534,31.60%,1138482.0,1139891.0
ICL,-1417.0,-0.6420%,6.0,6.76%,6.0436,2908969.506481,113.54%,219290.0,220707.0
RLI,-1420.0,-0.0172%,49.62,1.24%,49.5293,731014.016832,-22.90%,8251613.0,8253033.0
NFE,-1421.0,-0.0191%,0.7301,-1.24%,0.7093,5474291.029947,-30.83%,7436372.0,7437793.0
IRTC,-1425.0,-0.1087%,124.87,6.09%,124.3781,704710.488838,25.31%,1309001.0,1310426.0
MRU,-1429.0,-2.0758%,0.0,0.00%,0.0,0.0,0.00%,67411.0,68840.0
6845,-1430.0,-0.7958%,0.0,0.00%,0.0,0.0,0.00%,178256.0,179686.0
CPG,-1430.0,-0.3593%,0.0,0.00%,0.0,0.0,0.00%,396570.0,398000.0
STK,-1440.0,-0.8622%,50.12,-1.73%,50.6045,72484.82871,20.58%,165571.0,167011.0
CAE,-1443.0,-0.0629%,27.01,-0.07%,27.0612,672509.673234,-34.46%,2292353.0,2293796.0
GLEN,-1443.0,-0.0360%,0.0,0.00%,0.0,0.0,0.00%,4001358.0,4002801.0
NETLINK,-1456.0,-0.4449%,0.0,0.00%,0.0,0.0,0.00%,325781.0,327237.0
GMG,-1456.0,-0.6501%,0.0,0.00%,0.0,0.0,0.00%,222506.0,223962.0
ATD,-1469.0,-0.8664%,0.0,0.00%,0.0,0.0,0.00%,168084.0,169553.0
GLIBK,-1486.0,-0.1070%,26.77,-18.80%,27.2702,2917454.656301,598.74%,1387324.0,1388810.0
MRL,-1494.0,-0.1970%,0.0,0.00%,0.0,0.0,0.00%,757021.0,758515.0
AGO,-1497.0,-0.0322%,82.43,0.51%,82.6229,453116.636102,31.88%,4640617.0,4642114.0
1876,-1500.0,-0.2101%,0.0,0.00%,0.0,0.0,0.00%,712276.0,713776.0
7984,-1508.0,-1.2851%,0.0,0.00%,0.0,0.0,0.00%,115838.0,117346.0
AVAV,-1515.0,-0.0255%,168.18,-3.55%,168.5164,1100541.326356,-22.64%,5934302.0,5935817.0
MRCY,-1530.0,-0.0142%,88.06,-3.93%,88.325,941407.055452,-34.48%,10737171.0,10738701.0
RCI/B,-1544.0,-0.6912%,0.0,0.00%,0.0,0.0,0.00%,221824.0,223368.0
BGX,-1548.0,-0.8635%,10.9,-0.27%,10.9397,52915.724232,-38.80%,177728.0,179276.0
BUI,-1548.0,-0.8679%,27.65,-0.82%,27.6576,80112.521633,3.37%,176805.0,178353.0
BORR,-1549.0,-0.0155%,5.84,-2.34%,5.8403,6462171.718829,10.77%,9996783.0,9998332.0
LIDR,-1570.0,-0.1154%,1.89,-8.25%,1.9628,1225482.524202,-13.67%,1358851.0,1360421.0
DGE,-1573.0,-0.4687%,0.0,0.00%,0.0,0.0,0.00%,334030.0,335603.0
ELISA,-1573.0,-2.0403%,0.0,0.00%,0.0,0.0,0.00%,75523.0,77096.0
PKN,-1573.0,-0.6908%,0.0,0.00%,0.0,0.0,0.00%,226140.0,227713.0
SVT,-1577.0,-0.7153%,0.0,0.00%,0.0,0.0,0.00%,218900.0,220477.0
IGA,-1584.0,-0.8583%,9.56,-1.04%,9.5978,66765.27664,7.19%,182977.0,184561.0
ATCOB,-1586.0,-1.6017%,0.0,0.00%,0.0,0.0,0.00%,97433.0,99019.0
3407,-1599.0,-0.4393%,0.0,0.00%,0.0,0.0,0.00%,362412.0,364011.0
LBTYA,-1603.0,-0.0347%,12.27,-0.16%,12.228,1527143.716695,-17.41%,4613657.0,4615260.0
BN,-1610.0,-0.1635%,46.51,0.13%,46.511,6423368.902763,-50.76%,983142.0,984752.0
GKOS,-1612.0,-0.0224%,134.15,-0.83%,134.0407,549156.309271,-38.25%,7193005.0,7194617.0
4204,-1612.0,-1.0277%,0.0,0.00%,0.0,0.0,0.00%,155239.0,156851.0
ITX,-1616.0,-0.1200%,0.0,0.00%,0.0,0.0,0.00%,1344691.0,1346307.0
HPI,-1620.0,-0.8637%,16.31,-0.18%,16.2906,60630.3149,24.21%,185942.0,187562.0
PAYO,-1630.0,-0.0046%,5.06,4.12%,5.0078,8177666.361063,97.74%,35111697.0,35113327.0
HIMX,-1630.0,-0.1168%,16.03,30.01%,16.5423,24838431.109103,516.21%,1393993.0,1395623.0
STC,-1632.0,-0.0335%,69.82,1.20%,69.5669,230208.893307,42.50%,4873609.0,4875241.0
AUTO,-1638.0,-0.0663%,0.0,0.00%,0.0,0.0,0.00%,2470766.0,2472404.0
ORG,-1638.0,-0.6053%,0.0,0.00%,0.0,0.0,0.00%,268982.0,270620.0
TFX,-1669.0,-0.0360%,131.68,6.86%,133.4766,1349622.912972,39.99%,4628056.0,4629725.0
EH,-1688.0,-0.1154%,10.41,-0.86%,10.4958,457184.339635,-13.43%,1460810.0,1462498.0
GBAB,-1692.0,-0.8589%,14.21,-0.63%,14.2272,135097.350416,-34.09%,195295.0,196987.0
BGH,-1692.0,-0.8034%,14.19,-0.77%,14.2611,81317.112047,82.04%,208926.0,210618.0
MSD,-1692.0,-0.8578%,7.39,-0.47%,7.408,80230.9324,-26.25%,195554.0,197246.0
ABR,-1696.0,-0.0055%,8.17,-1.45%,8.3903,7589744.581771,94.04%,30882561.0,30884257.0
000270,-1703.0,-1.2373%,0.0,0.00%,0.0,0.0,0.00%,135935.0,137638.0
TNDM,-1723.0,-0.0199%,18.47,2.44%,18.5547,2628867.368205,-16.06%,8673823.0,8675546.0
HOLMB,-1733.0,-2.8358%,0.0,0.00%,0.0,0.0,0.00%,59379.0,61112.0
FTS,-1733.0,-0.1844%,56.14,0.02%,56.0932,486971.386188,-40.25%,937893.0,939626.0
TEL2B,-1741.0,-0.3909%,0.0,0.00%,0.0,0.0,0.00%,443677.0,445418.0
ENI,-1741.0,-0.0721%,0.0,0.00%,0.0,0.0,0.00%,2413777.0,2415518.0
6758,-1755.0,-0.2386%,0.0,0.00%,0.0,0.0,0.00%,733723.0,735478.0
TRN,-1769.0,-0.0155%,36.64,1.08%,36.659,655337.525095,43.94%,11387013.0,11388782.0
SSYS,-1770.0,-0.1162%,8.2,-11.35%,8.2946,1837567.375953,129.17%,1521777.0,1523547.0
6506 JP,-1787.0,-0.0885%,0.0,0.00%,0.0,0.0,0.00%,2017396.0,2019183.0
KGF,-1794.0,-0.2650%,0.0,0.00%,0.0,0.0,0.00%,675187.0,676981.0
DDS,-1795.0,-0.2935%,553.46,-3.15%,554.4376,83020.485992,-42.02%,609834.0,611629.0
IHD,-1800.0,-0.8673%,7.29,-0.14%,7.3395,99541.4605,-54.37%,205750.0,207550.0
KNEBV,-1807.0,-1.2315%,0.0,0.00%,0.0,0.0,0.00%,144922.0,146729.0
FMG,-1820.0,-0.4282%,0.0,0.00%,0.0,0.0,0.00%,423177.0,424997.0
2702,-1823.0,-3.0426%,0.0,0.00%,0.0,0.0,0.00%,58093.0,59916.0
BT/A,-1846.0,-0.0978%,0.0,0.00%,0.0,0.0,0.00%,1884862.0,1886708.0
BURL,-1848.0,-0.0398%,306.6,-3.20%,307.3115,827321.823789,90.04%,4640286.0,4642134.0
BBNX,-1854.0,-0.1215%,10.5,-0.66%,10.5782,459621.611207,-55.74%,1524495.0,1526349.0
ASX,-1868.0,-0.0191%,33.34,-2.40%,33.4614,8238614.49277,-3.58%,9789495.0,9791363.0
DMRA,-1890.0,-1.8676%,24.99,1.22%,24.2876,1874387.19178,1395.27%,99311.0,101201.0
4543,-1898.0,-0.8868%,0.0,0.00%,0.0,0.0,0.00%,212125.0,214023.0
HPS,-1908.0,-0.8605%,14.83,-0.20%,14.8186,40849.01275,-10.38%,219835.0,221743.0
AVY,-1908.1499999994412,-0.0352%,165.53,-0.69%,165.9952,894994.499387,37.82%,5418320.53,5420228.68
AXFO,-1921.0,-3.0072%,0.0,0.00%,0.0,0.0,0.00%,61960.0,63881.0
REL,-1924.0,-0.4200%,0.0,0.00%,0.0,0.0,0.00%,456218.0,458142.0
SLAB,-1927.0,-0.0584%,217.64,0.51%,217.522,446188.179302,-31.70%,3295381.0,3297308.0
MAS,-1946.019999999553,-0.0132%,71.93,-0.03%,72.1491,3459430.589866,23.68%,14784068.93,14786014.95
SPK,-1950.0,-0.5286%,0.0,0.00%,0.0,0.0,0.00%,366930.0,368880.0
VWS,-1960.0,-0.4039%,0.0,0.00%,0.0,0.0,0.00%,483281.0,485241.0
NPFD,-1980.0,-0.8712%,19.32,-0.05%,19.3497,21113.3117,-60.55%,225282.0,227262.0
MUSA,-1991.0,-0.1528%,580.8,0.77%,576.5312,222063.45869,-39.87%,1301332.0,1303323.0
688169 C1,-1991.0,-0.1191%,0.0,0.00%,0.0,0.0,0.00%,1669703.0,1671694.0
992,-2000.0,-0.0334%,0.0,0.00%,0.0,0.0,0.00%,5987736.0,5989736.0
27,-2000.0,-0.8795%,0.0,0.00%,0.0,0.0,0.00%,225410.0,227410.0
142,-2000.0,-0.6685%,0.0,0.00%,0.0,0.0,0.00%,297174.0,299174.0
6988,-2015.0,-1.1059%,0.0,0.00%,0.0,0.0,0.00%,180188.0,182203.0
NHS,-2016.0,-0.8618%,6.49,-0.46%,6.5081,180276.58144,29.73%,231918.0,233934.0
AMC,-2041.0,-0.0113%,1.52,-7.32%,1.5604,40849963.823737,10.13%,18071716.46,18073757.46
4502,-2046.0,-0.4346%,0.0,0.00%,0.0,0.0,0.00%,468733.0,470779.0
CWK,-2054.0,-0.0094%,13.85,-4.22%,13.8634,2546950.203181,118.01%,21962716.0,21964770.0
DNB,-2065.0,-1.3543%,0.0,0.00%,0.0,0.0,0.00%,150409.0,152474.0
BLD,-2070.0,-0.0807%,428.03,-2.48%,430.5513,757282.655207,9.35%,2562537.0,2564607.0
JELD,-2070.0,-0.0584%,1.69,-2.31%,1.7249,2438276.07409,-9.11%,3541561.0,3543631.0
ULCC,-2082.0,-0.0852%,5.43,13.60%,5.3195,12515981.016687,60.89%,2441522.0,2443604.0
7912,-2106.0,-1.1521%,0.0,0.00%,0.0,0.0,0.00%,180686.0,182792.0
ISD,-2124.0,-0.8595%,13.46,-0.30%,13.5083,40868.4005,-4.04%,244989.0,247113.0
ALA,-2129.0,-1.6866%,0.0,0.00%,0.0,0.0,0.00%,124098.0,126227.0
4188,-2132.0,-0.4162%,0.0,0.00%,0.0,0.0,0.00%,510064.0,512196.0
CLAS,-2132.0,-0.5183%,0.0,0.00%,0.0,0.0,0.00%,409208.0,411340.0
EMBASSY,-2139.0,-1.1312%,0.0,0.00%,0.0,0.0,0.00%,186951.0,189090.0
1925,-2142.0,-1.0498%,0.0,0.00%,0.0,0.0,0.00%,201906.0,204048.0
SUI,-2146.0,-0.0515%,126.07,0.12%,126.1574,842093.739469,-12.37%,4167451.0,4169597.0
DFP,-2160.0,-0.8631%,21.04,-0.31%,21.0561,22779.4165,-35.73%,248100.0,250260.0
ATRC,-2176.0,-0.1086%,27.8,-0.75%,27.8561,1005701.830506,-13.80%,2001729.0,2003905.0
ERICB,-2197.0,-0.1929%,0.0,0.00%,0.0,0.0,0.00%,1136644.0,1138841.0
6600 HK,-2200.0,-0.1306%,0.0,0.00%,0.0,0.0,0.00%,1682100.0,1684300.0
2015,-2200.0,-0.2218%,0.0,0.00%,0.0,0.0,0.00%,989484.0,991684.0
MCN,-2232.0,-0.8643%,5.96,-0.17%,5.9406,56070.9273,125.72%,256010.0,258242.0
NAB,-2266.0,-0.5516%,0.0,0.00%,0.0,0.0,0.00%,408563.0,410829.0
IQ,-2270.0,-0.0688%,1.21,-1.63%,1.2095,8223482.571534,98.94%,3299441.0,3301711.0
2587,-2287.0,-0.8168%,0.0,0.00%,0.0,0.0,0.00%,277697.0,279984.0
3402,-2314.0,-0.5016%,0.0,0.00%,0.0,0.0,0.00%,459002.0,461316.0
WINA,-2317.0,-0.6141%,367.83,-1.00%,368.1449,41930.836822,38.51%,374966.0,377283.0
BLDR,-2328.6199999991804,-0.0262%,79.41,-0.77%,79.9169,3736814.475263,3.44%,8880196.41,8882525.03
WBC,-2329.0,-0.3552%,0.0,0.00%,0.0,0.0,0.00%,653293.0,655622.0
ANZ,-2330.0,-0.4703%,0.0,0.00%,0.0,0.0,0.00%,493079.0,495409.0
FFA,-2340.0,-0.8611%,22.3,-0.58%,22.37,15626.604624,-47.33%,269390.0,271730.0
ATCOA,-2353.0,-0.3569%,0.0,0.00%,0.0,0.0,0.00%,656860.0,659213.0
JCNC,-2353.0,-3.3244%,0.0,0.00%,0.0,0.0,0.00%,68427.0,70780.0
GJF,-2359.0,-1.6262%,0.0,0.00%,0.0,0.0,0.00%,142703.0,145062.0
AZN,-2374.0,-0.5214%,182.52,-1.30%,182.4118,2749511.339079,40.73%,452934.0,455308.0
ASSAB,-2377.0,-1.2471%,0.0,0.00%,0.0,0.0,0.00%,188230.0,190607.0
4452,-2389.0,-1.7245%,0.0,0.00%,0.0,0.0,0.00%,136143.0,138532.0
9868,-2400.0,-0.4657%,0.0,0.00%,0.0,0.0,0.00%,512974.0,515374.0
QDEL,-2412.0,-0.0275%,10.77,-1.73%,10.906,2792259.920168,-48.98%,8763792.0,8766204.0
NBB,-2412.0,-0.8268%,15.85,0.13%,15.8101,52563.5451,37.62%,289310.0,291722.0
IBP,-2414.0,-0.0712%,216.92,-27.57%,224.9087,1791503.277205,285.78%,3388226.0,3390640.0
LYFT,-2415.0,-0.0058%,14.16,-0.49%,14.1864,22928622.573657,39.87%,41788610.0,41791025.0
VIE,-2422.0,-0.5455%,0.0,0.00%,0.0,0.0,0.00%,441599.0,444021.0
EDP,-2431.0,-0.2566%,0.0,0.00%,0.0,0.0,0.00%,945121.0,947552.0
6501,-2444.0,-0.2119%,0.0,0.00%,0.0,0.0,0.00%,1150726.0,1153170.0
PCF,-2448.0,-0.8602%,5.69,0.35%,5.6908,45136.48197,-25.03%,282140.0,284588.0
BHF,-2468.0,-0.0173%,61.68,-1.42%,61.8556,765053.439938,38.17%,14226763.0,14229231.0
9042,-2481.0,-2.4939%,0.0,0.00%,0.0,0.0,0.00%,97001.0,99482.0
BGT,-2484.0,-0.8649%,10.92,-0.27%,10.9227,88039.766328,9.47%,284703.0,287187.0
RNW,-2490.0,-0.0425%,5.4,-0.92%,5.419,760440.124699,-41.84%,5862445.0,5864935.0
586,-2500.0,-0.3652%,0.0,0.00%,0.0,0.0,0.00%,681993.0,684493.0
INVZ,-2545.0,-0.1091%,0.6931,-7.77%,0.7023,2792813.412277,-15.19%,2329256.0,2331801.0
EHI,-2556.0,-0.8626%,6.12,-0.33%,6.1386,89495.7537,9.32%,293751.0,296307.0
SF,-2560.0,-0.0172%,76.16,-2.96%,76.3741,1890208.218115,48.61%,14887099.0,14889659.0
SDHY,-2592.0,-0.8624%,16.04,-0.31%,16.0783,45452.5482,-66.17%,297964.0,300556.0
6383 JP,-2599.0,-0.0906%,0.0,0.00%,0.0,0.0,0.00%,2867562.0,2870161.0
S32,-2600.0,-0.2595%,0.0,0.00%,0.0,0.0,0.00%,999220.0,1001820.0
IXPM6,-2608.0,-4.7763%,0.0,0.00%,0.0,0.0,0.00%,51995.0,54603.0
RGN,-2626.0,-0.1453%,0.0,0.00%,0.0,0.0,0.00%,1804831.0,1807457.0
SMIN,-2651.0,-1.6521%,68.33,-0.09%,68.6946,236064.363057,113.01%,157815.0,160466.0
INVEA,-2652.0,-2.2117%,0.0,0.00%,0.0,0.0,0.00%,117256.0,119908.0
ABBN,-2678.0,-0.4007%,0.0,0.00%,0.0,0.0,0.00%,665688.0,668366.0
UOB,-2690.0,-1.1823%,0.0,0.00%,0.0,0.0,0.00%,224837.0,227527.0
BKT,-2700.0,-0.7465%,10.62,-0.09%,10.6474,117645.407528,15.65%,359004.0,361704.0
JOBY,-2711.0,-0.0118%,10.01,-4.85%,10.0412,37208781.117067,-45.53%,23016805.0,23019516.0
MOD,-2712.0,-0.1247%,269.65,-1.67%,273.0654,1312797.344567,30.92%,2171662.0,2174374.0
UHALB,-2736.0,-0.1560%,0.0,0.00%,0.0,0.0,0.00%,1750808.0,1753544.0
CII,-2736.0,-0.8647%,24.53,-0.16%,24.5447,52863.087345,-10.62%,313677.0,316413.0
4063,-2743.0,-0.8004%,0.0,0.00%,0.0,0.0,0.00%,339971.0,342714.0
9433,-2743.0,-0.3913%,0.0,0.00%,0.0,0.0,0.00%,698308.0,701051.0
BGR,-2772.0,-0.8701%,15.94,-1.30%,15.8582,139520.096298,-9.25%,315820.0,318592.0
9989,-2798.0,-3.0781%,0.0,0.00%,0.0,0.0,0.00%,88102.0,90900.0
WCN,-2805.0,-0.1439%,153.57,0.06%,153.9145,2163073.751292,-8.57%,1946927.0,1949732.0
FIVE,-2815.0,-0.0668%,221.25,-5.52%,224.1973,1088367.761133,60.28%,4213186.0,4216001.0
MOWI,-2832.0,-1.6405%,0.0,0.00%,0.0,0.0,0.00%,169796.0,172628.0
ABBN SW,-2848.0,-0.0899%,0.0,0.00%,0.0,0.0,0.00%,3164638.0,3167486.0
1928,-2848.0,-0.6660%,0.0,0.00%,0.0,0.0,0.00%,424778.0,427626.0
MHO,-2867.0,-0.0774%,130.02,-1.25%,130.0051,226210.585459,20.46%,3700943.0,3703810.0
BLW,-2916.0,-0.8672%,12.79,-0.31%,12.8248,80639.449224,-31.77%,333351.0,336267.0
WDS,-2951.0,-0.6015%,21.91,-2.27%,21.7662,1132723.826685,18.08%,487685.0,490636.0
BST,-2952.0,-0.8602%,44.42,-0.09%,44.625,125361.830457,18.47%,340243.0,343195.0
PFL,-2952.0,-0.8633%,8.03,-0.12%,8.03,96081.36432,-45.10%,338985.0,341937.0
HIVE,-2955.0,-0.1151%,2.87,-2.38%,2.8678,13921199.491985,-8.40%,2564893.0,2567848.0
FANG,-2962.629999998957,-0.0124%,190.45,-2.37%,189.5219,2611080.470954,-33.71%,23849975.45,23852938.08
STO,-2964.0,-0.4268%,0.0,0.00%,0.0,0.0,0.00%,691477.0,694441.0
BTCS,-2965.0,-0.0957%,2.33,1.75%,2.2879,2013154.420588,43.32%,3096069.0,3099034.0
NTRA,-2972.0,-0.0702%,219.82,2.20%,216.6442,2765926.238003,29.47%,4231458.0,4234430.0
EOI,-2988.0,-0.8631%,19.9,-0.55%,20.0137,81587.1679,-17.32%,343192.0,346180.0
ERC,-2988.0,-0.8701%,9.16,0.00%,9.1745,31889.022212,-16.07%,340425.0,343413.0
WU,-2988.0,-0.0088%,9.05,0.67%,9.0613,5351025.109481,-28.32%,33821616.0,33824604.0
JGH,-2988.0,-0.8665%,12.73,-0.08%,12.7435,57682.476,8.66%,341850.0,344838.0
FRA,-2988.0,-0.8545%,11.08,-0.54%,11.0997,98337.420287,-11.02%,346706.0,349694.0
MDGL,-2995.0,-0.3019%,534.86,-0.90%,528.2859,384498.594419,-32.46%,989040.0,992035.0
9735,-3019.0,-1.5634%,0.0,0.00%,0.0,0.0,0.00%,190091.0,193110.0
INDUC,-3041.0,-2.5896%,0.0,0.00%,0.0,0.0,0.00%,114390.0,117431.0
SB1NO,-3056.0,-1.0817%,0.0,0.00%,0.0,0.0,0.00%,279464.0,282520.0
LDP,-3060.0,-0.8641%,20.95,0.14%,20.9557,35149.1364,-25.87%,351053.0,354113.0
8252,-3080.0,-3.1126%,0.0,0.00%,0.0,0.0,0.00%,95874.0,98954.0
EFT,-3096.0,-0.8615%,10.99,0.00%,10.9869,65830.642678,-58.09%,356267.0,359363.0
ETB,-3096.0,-0.8667%,15.34,-0.65%,15.3434,57752.0619,26.20%,354110.0,357206.0
FCT,-3100.0,-0.4965%,9.77,0.10%,9.7597,70287.5581,37.65%,621259.0,624359.0
NTGY,-3110.0,-2.6959%,0.0,0.00%,0.0,0.0,0.00%,112251.0,115361.0
BCE,-3113.0,-0.7217%,24.57,1.40%,24.4762,5760579.48503,38.27%,428239.0,431352.0
WOW,-3120.0,-1.0738%,0.0,0.00%,0.0,0.0,0.00%,287447.0,290567.0
9142,-3124.0,-3.1208%,0.0,0.00%,0.0,0.0,0.00%,96980.0,100104.0
9880 HK,-3150.0,-0.0956%,0.0,0.00%,0.0,0.0,0.00%,3290977.0,3294127.0
PRCT,-3216.0,-0.1178%,25.44,2.58%,25.3268,1040531.996363,-8.65%,2725813.0,2729029.0
KESKOB,-3217.0,-2.4266%,0.0,0.00%,0.0,0.0,0.00%,129357.0,132574.0
LUNR,-3222.0,-0.0296%,24.11,-8.43%,24.5132,10511667.888231,21.31%,10864258.0,10867480.0
BA/,-3224.0,-0.5041%,0.0,0.00%,0.0,0.0,0.00%,636348.0,639572.0
AENA,-3248.0,-1.3602%,0.0,0.00%,0.0,0.0,0.00%,235548.0,238796.0
KRMN,-3269.0,-0.0576%,60.45,-4.34%,60.2894,1843736.492552,1.99%,5670259.0,5673528.0
CPU,-3276.0,-1.3361%,0.0,0.00%,0.0,0.0,0.00%,241907.0,245183.0
GPI,-3278.0,-0.2102%,350.16,1.80%,348.8486,144846.511692,18.39%,1556547.0,1559825.0
9041,-3286.0,-2.7922%,0.0,0.00%,0.0,0.0,0.00%,114397.0,117683.0
2432 HK,-3300.0,-0.1125%,0.0,0.00%,0.0,0.0,0.00%,2930000.0,2933300.0
2431 HK,-3300.0,-0.1333%,0.0,0.00%,0.0,0.0,0.00%,2472400.0,2475700.0
4005,-3302.0,-0.4039%,0.0,0.00%,0.0,0.0,0.00%,814141.0,817443.0
9021,-3323.0,-2.1622%,0.0,0.00%,0.0,0.0,0.00%,150360.0,153683.0
ESSITYB,-3360.0,-1.3502%,0.0,0.00%,0.0,0.0,0.00%,245487.0,248847.0
LAD,-3370.0,-0.1901%,291.1,0.57%,290.8561,189119.684039,-14.17%,1769327.0,1772697.0
SBRY,-3393.0,-0.4014%,0.0,0.00%,0.0,0.0,0.00%,841818.0,845211.0
9202,-3436.0,-2.3336%,0.0,0.00%,0.0,0.0,0.00%,143803.0,147239.0
5401,-3445.0,-0.2234%,0.0,0.00%,0.0,0.0,0.00%,1538308.0,1541753.0
FAX,-3456.0,-0.8643%,14.5,-2.03%,14.6596,289894.204297,35.37%,396428.0,399884.0
GMED,-3472.0,-0.0391%,85.07,-4.65%,86.8692,2931862.640951,114.17%,8876454.0,8879926.0
2269,-3481.0,-0.2820%,0.0,0.00%,0.0,0.0,0.00%,1231131.0,1234612.0
NDA,-3488.0,-0.6635%,0.0,0.00%,0.0,0.0,0.00%,522224.0,525712.0
EFR,-3492.0,-0.8615%,10.53,-0.09%,10.5302,96942.62611,-52.37%,401866.0,405358.0
GHY,-3528.0,-0.8664%,11.83,-0.76%,11.883,155124.3401,13.28%,403672.0,407200.0
5108,-3614.0,-0.7887%,0.0,0.00%,0.0,0.0,0.00%,454617.0,458231.0
DKS,-3619.0,-0.0772%,222.2,-1.90%,222.0238,749939.793809,-38.55%,4682469.0,4686088.0
NVST,-3673.0,-0.0282%,24.29,-10.27%,25.0589,11904507.477032,141.02%,13028633.0,13032306.0
PRAX,-3680.0,-0.2410%,333.28,-1.42%,329.565,457696.018052,26.77%,1523252.0,1526932.0
NVS,-3685.0,-0.4782%,145.39,-2.00%,145.8672,1005070.804552,-9.89%,766865.0,770550.0
SABA,-3708.0,-0.8664%,8.49,-0.59%,8.5239,46787.40727,9.12%,424277.0,427985.0
HTD,-3744.0,-0.8638%,25.57,-0.81%,25.5763,58062.716466,13.94%,429667.0,433411.0
SECUB,-3750.0,-2.2816%,0.0,0.00%,0.0,0.0,0.00%,160605.0,164355.0
IMB,-3755.0,-1.0122%,0.0,0.00%,0.0,0.0,0.00%,367205.0,370960.0
STB,-3760.0,-2.6459%,0.0,0.00%,0.0,0.0,0.00%,138345.0,142105.0
XRX,-3778.0,-0.0416%,2.37,-9.54%,2.3805,6971369.111105,7.79%,9077008.0,9080786.0
9866,-3780.0,-0.8884%,0.0,0.00%,0.0,0.0,0.00%,421726.0,425506.0
ULVR,-3835.0,-0.5979%,0.0,0.00%,0.0,0.0,0.00%,637541.0,641376.0
REKR,-3845.0,-0.1082%,0.859,-3.68%,0.8735,1576206.908718,-73.41%,3550254.0,3554099.0
WRD,-3868.0,-0.1130%,7.39,-4.15%,7.4838,2921773.919724,7.59%,3419016.0,3422884.0
AD,-3898.0,-0.1632%,49.3,-0.90%,49.3719,136709.78746,50.02%,2385280.0,2389178.0
SRG,-3898.0,-0.2602%,2.68,0.00%,2.6687,94188.405846,-30.26%,1494114.0,1498012.0
3291,-3904.0,-3.0177%,0.0,0.00%,0.0,0.0,0.00%,125468.0,129372.0
CNO,-3905.0,-0.0387%,45.9,0.42%,45.8982,1100982.47773,-8.10%,10099158.0,10103063.0
GRBK,-3949.0,-0.0872%,65.64,-1.77%,65.6793,147307.948987,-9.37%,4526425.0,4530374.0
9001,-3950.0,-2.9253%,0.0,0.00%,0.0,0.0,0.00%,131078.0,135028.0
DSU,-3960.0,-0.8684%,9.91,-0.30%,9.9123,202563.26359,-41.28%,452034.0,455994.0
UU/,-3998.0,-0.7564%,0.0,0.00%,0.0,0.0,0.00%,524542.0,528540.0
2503,-3998.0,-1.4603%,0.0,0.00%,0.0,0.0,0.00%,269787.0,273785.0
JPFFT,-4000.0,-0.1243%,0.0,0.00%,0.0,0.0,0.00%,3214000.0,3218000.0
GSCFT,-4000.0,-0.1369%,0.0,0.00%,0.0,0.0,0.00%,2918000.0,2922000.0
688165 C1,-4004.0,-0.1198%,0.0,0.00%,0.0,0.0,0.00%,3336998.0,3341002.0
APM CN,-4017.0,-0.2383%,0.0,0.00%,0.0,0.0,0.00%,1681515.0,1685532.0
TEI,-4068.0,-0.7919%,6.4,-0.78%,6.4257,184285.792063,32.13%,509662.0,513730.0
CIK,-4104.0,-0.8674%,2.56,-0.78%,2.556,746409.6192,26.73%,469054.0,473158.0
7459,-4187.0,-2.8360%,0.0,0.00%,0.0,0.0,0.00%,143449.0,147636.0
KEEL,-4190.0,-0.0974%,4.01,-2.67%,3.9578,40270100.754252,-35.98%,4296308.0,4300498.0
RYAN,-4221.0,-0.0484%,31.71,7.89%,31.2892,4092443.665862,-20.62%,8719442.0,8723663.0
INBX,-4272.0,-0.5386%,124.52,-12.21%,128.3742,465295.6403,-39.91%,788895.0,793167.0
FTF,-4284.0,-0.8644%,5.89,0.00%,5.898,120339.964218,-56.70%,491341.0,495625.0
BXB,-4290.0,-0.8230%,0.0,0.00%,0.0,0.0,0.00%,516975.0,521265.0
TRYG,-4334.0,-2.6777%,0.0,0.00%,0.0,0.0,0.00%,157521.0,161855.0
MCR,-4356.0,-0.8626%,6.04,0.17%,6.0578,60804.85307,11.06%,500648.0,505004.0
PCN,-4356.0,-0.8643%,12.08,0.08%,12.0808,320035.272422,-14.14%,499658.0,504014.0
ABG,-4362.0,-0.1435%,200.45,1.39%,200.1299,216968.858043,-15.36%,3034364.0,3038726.0
ATRO,-4403.0,-0.1310%,77.95,-0.31%,78.3092,420644.908895,-18.35%,3357896.0,3362299.0
NOVN,-4451.0,-0.7448%,0.0,0.00%,0.0,0.0,0.00%,593150.0,597601.0
CD,-4480.0,-0.1984%,6.02,1.52%,6.0263,68808.101552,-16.41%,2253507.0,2257987.0
CIG,-4485.0,-0.0839%,2.39,-2.05%,2.415,6582045.956571,-13.10%,5344060.0,5348545.0
FHI,-4498.0,-0.0753%,54.34,-2.23%,54.494,745950.030125,-3.57%,5965683.0,5970181.0
OPK,-4505.0,-0.0245%,1.12,0.00%,1.1287,2027788.909695,18.50%,18412423.0,18416928.0
2181,-4524.0,-0.8877%,0.0,0.00%,0.0,0.0,0.00%,505120.0,509644.0
8001,-4576.0,-0.3311%,0.0,0.00%,0.0,0.0,0.00%,1377458.0,1382034.0
NG/,-4586.0,-0.5434%,0.0,0.00%,0.0,0.0,0.00%,839434.0,844020.0
1211,-4600.0,-0.2355%,0.0,0.00%,0.0,0.0,0.00%,1948731.0,1953331.0
NOVOB,-4693.0,-0.9603%,0.0,0.00%,0.0,0.0,0.00%,484012.0,488705.0
BFLY,-4712.0,-0.0490%,4.24,-6.81%,4.3107,5682715.996576,16.46%,9608396.0,9613108.0
KRYS,-4731.0,-0.1226%,296.7,2.67%,291.7511,602771.579182,108.80%,3852920.0,3857651.0
MCY,-4743.0,-0.1088%,98.01,2.07%,97.1007,296115.772349,-24.24%,4352937.0,4357680.0
CF,-4745.0800000000745,-0.0463%,118.68,-0.90%,117.5269,5444468.222184,1.20%,10252017.68,10256762.76
BHP,-4797.0,-0.4201%,82.55,-2.11%,83.5492,2113570.590743,-41.82%,1137208.0,1142005.0
OLED,-4813.0,-0.1300%,92.74,-1.32%,93.0296,1055082.444135,-20.52%,3696763.0,3701576.0
CCS,-4844.0,-0.1281%,54.51,0.44%,54.4516,404182.496898,34.47%,3776814.0,3781658.0
BIT,-4860.0,-0.8638%,12.81,-0.23%,12.8725,214794.996775,-14.51%,557765.0,562625.0
TW/,-4888.0,-0.4555%,0.0,0.00%,0.0,0.0,0.00%,1068306.0,1073194.0
MLM,-4912.989999999758,-0.1411%,600.49,-2.44%,602.2136,508572.774202,23.80%,3475986.49,3480899.48
AMAK AB,-4957.0,-0.2401%,0.0,0.00%,0.0,0.0,0.00%,2059926.0,2064883.0
EMD,-4968.0,-0.8054%,10.68,-0.56%,10.7141,290984.497048,-4.39%,611861.0,616829.0
AN,-4993.0,-0.2588%,205.29,0.25%,204.9391,272420.469646,-10.61%,1923932.0,1928925.0
1,-5000.0,-0.5931%,0.0,0.00%,0.0,0.0,0.00%,837986.0,842986.0
916,-5000.0,-0.3669%,0.0,0.00%,0.0,0.0,0.00%,1357910.0,1362910.0
2633,-5000.0,-0.1148%,0.0,0.00%,0.0,0.0,0.00%,4349165.0,4354165.0
EOD,-5004.0,-0.8676%,6.41,-0.85%,6.4492,115597.1545,-16.85%,571780.0,576784.0
BFH,-5005.0,-0.1015%,86.48,-2.06%,87.0103,547915.885487,-12.18%,4926910.0,4931915.0
TFPM CN,-5005.0,-0.2302%,0.0,0.00%,0.0,0.0,0.00%,2169024.0,2174029.0
GSHD,-5068.0,-0.1618%,42.12,2.56%,42.2626,328817.027476,29.21%,3126687.0,3131755.0
1878,-5088.0,-1.8994%,0.0,0.00%,0.0,0.0,0.00%,262780.0,267868.0
SNY,-5105.0,-0.3206%,43.18,-1.35%,43.3653,1775236.514925,0.29%,1587267.0,1592372.0
SGX,-5133.0,-0.5811%,0.0,0.00%,0.0,0.0,0.00%,878193.0,883326.0
FFC,-5148.0,-0.8371%,16.08,-0.31%,16.1085,125637.8063,24.64%,609866.0,615014.0
OC,-5154.0,-0.0748%,121.81,-0.99%,122.7797,1438367.294073,-38.61%,6883332.0,6888486.0
OCBC,-5178.0,-0.5076%,0.0,0.00%,0.0,0.0,0.00%,1014982.0,1020160.0
688297 C1,-5181.0,-0.1199%,0.0,0.00%,0.0,0.0,0.00%,4316922.0,4322103.0
FPF,-5184.0,-0.8643%,18.44,0.66%,18.3943,92777.33591,-0.88%,594593.0,599777.0
SKWD,-5186.0,-0.3294%,45.51,3.81%,45.3753,550020.550124,11.99%,1569156.0,1574342.0
PVLA,-5188.0,-0.8638%,113.26,-12.99%,115.714,571438.624765,108.22%,595440.0,600628.0
601816,-5200.0,-0.4239%,0.0,0.00%,0.0,0.0,0.00%,1221400.0,1226600.0
ATEC,-5251.0,-0.1094%,7.75,10.87%,7.6404,12495047.832781,-42.64%,4795345.0,4800596.0
JBLU,-5289.0,-0.0134%,5.13,1.79%,5.1477,26086944.800427,-0.83%,39438510.0,39443799.0
TOL,-5367.0,-0.0678%,137.09,-3.19%,137.9495,910888.548787,-45.26%,7915389.0,7920756.0
LREIT,-5400.0,-0.6637%,0.0,0.00%,0.0,0.0,0.00%,808199.0,813599.0
SYNA,-5457.0,-0.1285%,105.8,-1.35%,107.2938,1586921.530971,36.86%,4240394.0,4245851.0
EDD,-5472.0,-0.7759%,5.51,-0.90%,5.5419,296207.614664,-10.25%,699763.0,705235.0
BBOX,-5480.0,-0.1352%,0.0,0.00%,0.0,0.0,0.00%,4046932.0,4052412.0
2121 HK,-5500.0,-0.1305%,0.0,0.00%,0.0,0.0,0.00%,4208300.0,4213800.0
QQQX,-5544.0,-0.8632%,30.49,-0.26%,30.5798,91579.223731,20.92%,636714.0,642258.0
BP/,-5616.0,-0.1217%,0.0,0.00%,0.0,0.0,0.00%,4610432.0,4616048.0
3003,-5649.0,-0.4219%,0.0,0.00%,0.0,0.0,0.00%,1333407.0,1339056.0
BOOT,-5652.0,-0.1520%,163.37,-4.96%,163.4435,706121.663765,66.92%,3711565.0,3717217.0
LOAR,-5660.0,-0.1712%,60.1,-2.80%,61.0464,1633283.169956,14.77%,3300744.0,3306404.0
PI,-5714.0,-0.1481%,151.33,-2.45%,152.8168,443673.210075,-19.87%,3853305.0,3859019.0
EOS,-5724.0,-0.8669%,22.59,-0.31%,22.6993,160274.09507,-0.34%,654572.0,660296.0
6954 JP,-5741.0,-0.0765%,0.0,0.00%,0.0,0.0,0.00%,7499209.0,7504950.0
PDT,-5796.0,-0.8656%,12.97,-1.14%,13.0087,138669.725363,-5.56%,663830.0,669626.0
MMT,-5796.0,-0.8510%,4.57,0.55%,4.5599,114743.2949,-56.71%,675254.0,681050.0
9005,-5968.0,-2.5427%,0.0,0.00%,0.0,0.0,0.00%,228747.0,234715.0
371,-6000.0,-0.3252%,0.0,0.00%,0.0,0.0,0.00%,1839041.0,1845041.0
293,-6000.0,-0.8974%,0.0,0.00%,0.0,0.0,0.00%,662630.0,668630.0
SDF,-6006.0,-1.4810%,0.0,0.00%,0.0,0.0,0.00%,399522.0,405528.0
BHK,-6048.0,-0.8633%,9.14,-0.22%,9.1638,366359.029606,135.75%,694508.0,700556.0
SCZ CN,-6149.0,-0.2300%,0.0,0.00%,0.0,0.0,0.00%,2667860.0,2674009.0
9007,-6168.0,-3.0308%,0.0,0.00%,0.0,0.0,0.00%,197341.0,203509.0
PFN,-6192.0,-0.8668%,7.17,-0.28%,7.1827,422373.676721,-1.20%,708142.0,714334.0
NESN,-6196.0,-1.1307%,0.0,0.00%,0.0,0.0,0.00%,541781.0,547977.0
EAD,-6264.0,-0.8258%,6.61,-0.30%,6.6287,50081.87732,-60.49%,752309.0,758573.0
PAG,-6268.0,-0.3075%,171.61,1.11%,171.3629,302568.723086,11.54%,2032029.0,2038297.0
SNEX,-6313.0,-0.0671%,120.9,13.64%,120.5535,1748722.612322,166.03%,9400642.0,9406955.0
AOSL,-6324.0,-0.1612%,37.44,-24.10%,37.5588,2246101.707524,-18.39%,3915989.0,3922313.0
2502,-6397.0,-1.4709%,0.0,0.00%,0.0,0.0,0.00%,428505.0,434902.0
LGIH,-6406.0,-0.1994%,46.29,-1.09%,46.2327,374175.8197,-2.77%,3205429.0,3211835.0
BBN,-6408.0,-0.8648%,16.11,0.19%,16.1108,154671.94396,-84.91%,734574.0,740982.0
5938,-6420.0,-2.4692%,0.0,0.00%,0.0,0.0,0.00%,253579.0,259999.0
PKG,-6441.390000000596,-0.1037%,223.43,-1.49%,224.4476,566766.878907,-20.75%,6207269.43,6213710.82
PSMT,-6458.0,-0.1915%,156.54,-2.11%,156.9811,315853.216101,1.97%,3365286.0,3371744.0
QRVO,-6499.0,-0.0687%,88.97,0.03%,89.3599,1432940.350309,-41.02%,9459557.0,9466056.0
6902,-6578.0,-0.6276%,0.0,0.00%,0.0,0.0,0.00%,1041534.0,1048112.0
ORKA,-6586.0,-0.2285%,64.07,-8.20%,64.7782,3024255.762343,59.75%,2875285.0,2881871.0
BOE,-6588.0,-0.8643%,11.88,-0.25%,11.8909,124872.145681,6.11%,755658.0,762246.0
002747 C2,-6600.0,-0.1186%,0.0,0.00%,0.0,0.0,0.00%,5560534.0,5567134.0
CEVA,-6683.0,-0.3507%,33.72,-2.71%,33.3545,945711.632207,-9.14%,1899037.0,1905720.0
SBRA,-6728.0,-0.0250%,20.58,0.39%,20.5159,1632148.168429,-38.24%,26897093.0,26903821.0
BCX,-6732.0,-0.8640%,12.17,-1.62%,12.25,145072.943202,-23.49%,772439.0,779171.0
2002,-6781.0,-0.1108%,0.0,0.00%,0.0,0.0,0.00%,6112037.0,6118818.0
RCAT,-6783.0,-0.0600%,10.36,-2.45%,10.2807,8759290.396128,2.10%,11294882.0,11301665.0
ZBIO,-6799.0,-0.3209%,19.27,-7.49%,19.4463,448455.43252,27.09%,2111684.0,2118483.0
NVO,-6808.0,-0.3503%,45.8,0.09%,46.2933,16912603.700191,-45.26%,1936850.0,1943658.0
005930,-6838.0,-0.5058%,0.0,0.00%,0.0,0.0,0.00%,1344973.0,1351811.0
AXS,-6977.0,-0.1781%,99.31,-0.06%,99.2703,495717.422937,-10.98%,3910368.0,3917345.0
NUAG CN,-7072.0,-0.2301%,0.0,0.00%,0.0,0.0,0.00%,3066990.0,3074062.0
BRW,-7092.0,-0.8669%,6.88,-0.07%,6.8819,126268.210817,-30.72%,811023.0,818115.0
WIW,-7236.0,-0.8160%,8.52,-0.23%,8.5208,338993.271066,296.62%,879477.0,886713.0
SUN,-7340.0,-1.1617%,67.88,1.45%,67.2144,947357.667352,46.63%,624516.0,631856.0
4732,-7340.0,-2.5590%,0.0,0.00%,0.0,0.0,0.00%,279490.0,286830.0
IFF,-7342.6699999999255,-0.0458%,78.26,-5.63%,78.7204,3184969.785224,-34.64%,16014250.26,16021592.93
BLNK,-7345.0,-0.1190%,0.7932,-7.61%,0.8094,2340397.683038,-53.13%,6163158.0,6170503.0
JXN,-7403.0,-0.0647%,110.09,-4.19%,111.4429,706845.531058,-30.73%,11441749.0,11449152.0
AV/,-7448.0,-1.0467%,0.0,0.00%,0.0,0.0,0.00%,704138.0,711586.0
TPH,-7472.0,-0.0618%,46.95,0.00%,46.9539,2332538.103651,12.96%,12091959.0,12099431.0
IAG,-7486.0,-0.2159%,18.34,-0.86%,18.6987,8733395.579381,-20.22%,3460467.0,3467953.0
HIX,-7524.0,-0.7959%,3.94,-1.50%,3.9625,542941.15752,76.64%,937851.0,945375.0
COP,-7529.020000010729,-0.0098%,114.88,-3.38%,115.1257,10356589.896413,-22.03%,76489590.97,76497119.99000001
BHP AU,-7598.0,-0.0570%,0.0,0.00%,0.0,0.0,0.00%,13318033.0,13325631.0
BJ,-7602.0,-0.0835%,94.33,2.03%,93.8045,1874779.156701,-5.46%,9099307.0,9106909.0
SION,-7607.0,-0.6209%,43.31,0.05%,43.6715,777866.130417,149.89%,1217648.0,1225255.0
ASML,-7617.0,-0.1551%,1516.6,-1.82%,1524.6064,1726651.696565,-25.33%,4903978.0,4911595.0
BZH,-7678.0,-0.3941%,18.63,-1.48%,18.6638,417651.250069,-25.78%,1940356.0,1948034.0
8593,-7680.0,-2.1454%,0.0,0.00%,0.0,0.0,0.00%,350295.0,357975.0
COL,-7836.0,-0.8072%,0.0,0.00%,0.0,0.0,0.00%,962986.0,970822.0
NBIX,-7847.0,-0.0820%,149.59,1.75%,148.8512,1790205.316278,-26.55%,9557448.0,9565295.0
DRS,-7866.0,-0.1085%,41.44,-0.84%,41.365,1150864.332336,-0.97%,7241986.0,7249852.0
ETJ,-7884.0,-0.8641%,8.49,-0.24%,8.4797,192558.56211,19.34%,904541.0,912425.0
IGD,-7956.0,-0.8642%,5.95,-1.33%,5.956,283674.495804,70.83%,912702.0,920658.0
PPT,-7992.0,-0.8487%,3.51,0.57%,3.4994,345009.24126,203.26%,933677.0,941669.0
3896,-8000.0,-0.7960%,0.0,0.00%,0.0,0.0,0.00%,996990.0,1004990.0
968,-8000.0,-0.0061%,0.0,0.00%,0.0,0.0,0.00%,132086705.0,132094705.0
HG,-8155.0,-0.4451%,30.68,1.69%,30.7486,415136.330065,27.89%,1824001.0,1832156.0
BCAT,-8172.0,-0.8634%,15.45,-0.58%,15.4443,594894.619705,-59.26%,938279.0,946451.0
BMEZ,-8172.0,-0.8634%,14.08,-0.91%,14.1162,147525.621292,15.29%,938264.0,946436.0
3861,-8177.0,-0.7988%,0.0,0.00%,0.0,0.0,0.00%,1015449.0,1023626.0
1038,-8196.0,-2.8227%,0.0,0.00%,0.0,0.0,0.00%,282166.0,290362.0
BSTZ,-8244.0,-0.8635%,27.54,-1.96%,27.9282,225105.582126,-6.45%,946478.0,954722.0
TKO,-8340.959999999031,-0.0952%,187.51,-1.55%,188.2973,2043402.870998,-7.52%,8751524.51,8759865.469999999
QBE,-8346.0,-1.1980%,0.0,0.00%,0.0,0.0,0.00%,688291.0,696637.0
DFH,-8422.0,-0.1737%,14.35,-2.05%,14.3155,630746.099017,-33.76%,4840963.0,4849385.0
TYRA,-8423.0,-0.4137%,32.9,-2.66%,32.9384,565808.349529,7.51%,2027485.0,2035908.0
ECAT,-8496.0,-0.8649%,15.04,0.13%,15.1467,679086.583708,-1.22%,973818.0,982314.0
ANAB,-8548.0,-0.5489%,66.96,-0.59%,65.3257,1414855.626299,107.75%,1548836.0,1557384.0
FITB,-8560.170000001788,-0.0125%,49.67,-2.30%,49.8984,5097348.314565,0.59%,68318489.26,68327049.43
DHF,-8640.0,-0.8654%,2.4,-1.64%,2.4204,279378.71374,-31.76%,989775.0,998415.0
III,-8680.0,-0.3742%,4.17,0.72%,4.1785,149385.06505,-13.24%,2311130.0,2319810.0
PDO,-8784.0,-0.8658%,13.36,0.38%,13.3441,555420.5113,7.76%,1005796.0,1014580.0
2252 HK,-8800.0,-0.1152%,0.0,0.00%,0.0,0.0,0.00%,7627500.0,7636300.0
2331,-8823.0,-0.4441%,0.0,0.00%,0.0,0.0,0.00%,1977853.0,1986676.0
TMHC,-8836.0,-0.0816%,59.47,-1.46%,59.5007,949289.848764,-9.19%,10814869.0,10823705.0
TAK,-8841.0,-0.5465%,16.64,-0.48%,16.6573,5131996.987421,51.65%,1608986.0,1617827.0
MPC,-8881.519999999553,-0.0422%,242.26,-1.43%,239.7043,2458113.977116,-7.75%,21016140.26,21025021.78
RVMD,-8904.0,-0.1817%,142.51,-5.67%,143.4043,3175037.341266,7.76%,4892284.0,4901188.0
GSK,-8942.0,-0.4081%,50.5,-0.06%,50.5862,3403388.476298,-12.68%,2182081.0,2191023.0
ORK,-8969.0,-1.7631%,0.0,0.00%,0.0,0.0,0.00%,499749.0,508718.0
8YZ,-9191.0,-2.2064%,0.0,0.00%,0.0,0.0,0.00%,407378.0,416569.0
AWF,-9216.0,-0.8645%,10.21,-1.92%,10.2466,634144.45081,-44.41%,1056817.0,1066033.0
OLLI,-9227.0,-0.2198%,81.77,-2.15%,81.8526,1055384.763971,1.76%,4188874.0,4198101.0
LNC,-9290.0,-0.0408%,35.94,-4.47%,36.4279,3694248.312654,69.06%,22751015.0,22760305.0
SKY,-9403.0,-0.1117%,73.28,-3.48%,73.8381,519090.36943,1.96%,8408727.0,8418130.0
VCTR,-9408.0,-0.1580%,83.69,1.70%,84.434,764929.34963,21.07%,5945873.0,5955281.0
BLSH,-9520.0,-1.2165%,41.2,-7.02%,42.1829,815374.181392,-17.30%,773024.0,782544.0
TCL,-9644.0,-1.5100%,0.0,0.00%,0.0,0.0,0.00%,629034.0,638678.0
DSL,-9648.0,-0.8663%,11.16,-0.09%,11.1745,314906.231744,-49.66%,1104108.0,1113756.0
ARM,-9678.0,-0.1428%,213.31,-10.11%,217.6383,22382775.95483,-14.81%,6766366.0,6776044.0
MIN,-9684.0,-0.7788%,2.46,0.00%,2.4736,1518507.8255,458.88%,1233840.0,1243524.0
MATH,-9821.0,-1.7926%,1.03,-7.21%,1.0685,63975.725358,54.26%,538040.0,547861.0
AYA CN,-9841.0,-0.2300%,0.0,0.00%,0.0,0.0,0.00%,4269692.0,4279533.0
BGY,-9864.0,-0.8658%,5.79,-0.69%,5.7874,767552.793917,116.06%,1129429.0,1139293.0
HSLV CN,-9906.0,-0.2301%,0.0,0.00%,0.0,0.0,0.00%,4295491.0,4305397.0
BTZ,-9936.0,-0.8639%,10.35,0.10%,10.3538,313838.13855,101.66%,1140223.0,1150159.0
TRAX,-9977.0,-0.7828%,17.82,-12.00%,18.5272,542671.376488,-17.06%,1264595.0,1274572.0
SKYT,-9982.0,-0.4774%,33.06,-3.31%,33.075,989087.22099,-33.16%,2081090.0,2091072.0
CUK,-9998.0,-100.0000%,0.0,-100.00%,0.0,0.0,-100.00%,0.0,9998.0
257,-10000.0,-0.2411%,0.0,0.00%,0.0,0.0,0.00%,4137343.0,4147343.0
HIO,-10008.0,-0.8038%,3.67,-0.54%,3.6755,153116.8967,-40.48%,1235076.0,1245084.0
CHTR,-10064.27999999933,-0.0777%,160.24,2.38%,160.5468,2231989.962764,-24.47%,12939898.24,12949962.52
AMBA,-10096.0,-0.3325%,74.27,-1.60%,74.9628,1547226.569864,60.81%,3025959.0,3036055.0
PMET CN,-10123.0,-1.2102%,0.0,0.00%,0.0,0.0,0.00%,826377.0,836500.0
ABRA CN,-10127.0,-0.2301%,0.0,0.00%,0.0,0.0,0.00%,4390405.0,4400532.0
CAN,-10145.0,-0.0785%,0.515,-7.04%,0.5281,7490955.260362,-27.61%,12907772.0,12917917.0
PSKY,-10195.14999999106,-0.0194%,10.76,-1.37%,10.8292,13606360.242962,36.06%,52481553.760000005,52491748.91
KMPR,-10239.0,-0.1501%,29.4,-10.28%,29.5093,1687619.887299,12.89%,6809750.0,6819989.0
RIGL,-10246.0,-0.6417%,26.24,-1.61%,26.2402,349981.788088,-58.81%,1586538.0,1596784.0
LYB,-10264.969999998808,-0.0425%,71.51,-2.68%,71.6237,8511206.27926,14.05%,24134485.51,24144750.48
SIG,-10387.0,-0.1859%,87.99,0.53%,87.3919,639911.933215,-17.37%,5578242.0,5588629.0
EOG,-10625.79999999702,-0.0251%,130.89,-2.82%,130.481,5807885.609294,0.45%,42383963.89,42394589.69
DHY,-10656.0,-0.8659%,1.76,-0.56%,1.7636,461616.406322,-41.76%,1220035.0,1230691.0
KBH,-10702.0,-0.1436%,49.18,-0.99%,49.1784,1115676.961748,-0.18%,7441282.0,7451984.0
NFJ,-10728.0,-0.8647%,14.38,-0.83%,14.4182,167497.1755,26.82%,1229896.0,1240624.0
ANF,-10845.0,-0.2327%,78.51,-1.12%,78.5957,1196581.054735,9.03%,4650071.0,4660916.0
PE&OLES* MM,-10855.0,-0.2290%,0.0,0.00%,0.0,0.0,0.00%,4728739.0,4739594.0
DNTH,-10857.0,-0.5339%,85.47,-5.47%,86.2803,990146.684383,112.06%,2022787.0,2033644.0
PHK,-11160.0,-0.8663%,4.69,0.21%,4.6799,381562.454884,-30.27%,1277139.0,1288299.0
VMC,-11162.790000000037,-0.1458%,288.93,-2.30%,290.294,792797.230776,-9.48%,7643535.93,7654698.72
SSRM,-11302.0,-0.0865%,32.71,0.28%,33.3027,5126494.450164,-5.45%,13058254.0,13069556.0
SHEL,-11319.0,-0.4151%,84.24,-3.39%,84.7413,11303695.237486,6.29%,2715650.0,2726969.0
INVEB,-11320.0,-1.3584%,0.0,0.00%,0.0,0.0,0.00%,822002.0,833322.0
ASM CN,-11336.0,-0.2301%,0.0,0.00%,0.0,0.0,0.00%,4914287.0,4925623.0
DDD,-11353.0,-0.0785%,2.4,-4.76%,2.4341,2428651.421337,-29.89%,14453768.0,14465121.0
BWIN,-11431.0,-0.3068%,20.98,1.89%,21.0988,1423997.156561,-14.72%,3714592.0,3726023.0
LAR CN,-11452.0,-1.5219%,0.0,0.00%,0.0,0.0,0.00%,741048.0,752500.0
SFM,-11471.0,-0.1367%,81.01,3.51%,80.4006,1707068.920231,4.98%,8382461.0,8393932.0
GORO,-11531.0,-0.2301%,1.43,1.42%,1.4539,1337464.101438,5.38%,4999327.0,5010858.0
WOLF,-11640.0,-1.3514%,45.16,4.83%,45.98,10870389.245531,-26.79%,849675.0,861315.0
DOL,-11815.0,-39.6503%,73.2445,-1.87%,73.5989,12317.2275,-50.01%,17983.0,29798.0
9008,-11960.0,-3.0381%,0.0,0.00%,0.0,0.0,0.00%,381713.0,393673.0
300024 C2,-12100.0,-0.1207%,0.0,0.00%,0.0,0.0,0.00%,10014184.0,10026284.0
PTY,-12276.0,-0.8640%,12.35,0.16%,12.3316,687362.053966,-34.13%,1408502.0,1420778.0
EVV,-12276.0,-0.8660%,9.51,-0.94%,9.5262,299324.15206,-65.33%,1405263.0,1417539.0
NNDM,-12360.0,-0.1244%,1.85,-2.63%,1.8521,1939956.482658,-34.29%,9922576.0,9934936.0
ETV,-12384.0,-0.8657%,14.57,-0.75%,14.6167,200582.3036,53.61%,1418142.0,1430526.0
FRES LN,-12389.0,-0.2294%,0.0,0.00%,0.0,0.0,0.00%,5387679.0,5400068.0
HFRO,-12564.0,-0.8646%,6.22,0.97%,6.1949,125553.38865,24.72%,1440589.0,1453153.0
ALAB,-12599.0,-0.1566%,195.65,-8.54%,197.8967,6551405.938109,-23.40%,8032690.0,8045289.0
MTH,-12651.0,-0.1286%,64.44,-0.65%,64.5461,1290725.327215,-13.39%,9823585.0,9836236.0
PTGX,-12693.0,-0.1388%,98.85,-4.92%,99.8701,836858.700617,-15.46%,9134761.0,9147454.0
600053,-12700.0,-41.9142%,0.0,0.00%,0.0,0.0,0.00%,17600.0,30300.0
IMKTA,-12750.0,-1.8727%,85.78,-2.96%,84.9861,197903.367109,52.66%,668096.0,680846.0
AVBP,-12856.0,-0.5944%,28.85,-2.60%,28.826,342962.304934,-13.98%,2149970.0,2162826.0
POWI,-12939.0,-0.1622%,71.83,-8.18%,72.8224,1756899.893644,42.29%,7965829.0,7978768.0
GOF,-12996.0,-0.8641%,11.49,-0.09%,11.5022,1035737.33914,-16.02%,1490979.0,1503975.0
ASL AU,-13026.0,-0.2320%,0.0,0.00%,0.0,0.0,0.00%,5600748.0,5613774.0
ETW,-13032.0,-0.8653%,9.45,-0.63%,9.4939,344342.56833,12.47%,1493064.0,1506096.0
CELC,-13229.0,-0.6033%,130.71,-6.26%,131.0022,1649566.795097,105.80%,2179448.0,2192677.0
BVN,-13247.0,-0.2299%,33.93,-0.35%,34.3957,2079583.517288,84.69%,5748607.0,5761854.0
SARO,-13390.0,-0.0548%,26.03,-0.88%,26.2236,5787131.878413,8.31%,24419609.0,24432999.0
ITR CN,-13390.0,-0.2300%,0.0,0.00%,0.0,0.0,0.00%,5807612.0,5821002.0
6,-13408.0,-2.5468%,0.0,0.00%,0.0,0.0,0.00%,513062.0,526470.0
OR CN,-13429.0,-0.2300%,0.0,0.00%,0.0,0.0,0.00%,5824355.0,5837784.0
ETY,-13500.0,-0.8649%,14.88,-0.53%,14.9401,178103.7553,-19.58%,1547342.0,1560842.0
LYV,-13564.070000000298,-0.0857%,165.75,-1.23%,165.2631,4471699.804901,-32.33%,15816611.75,15830175.82
AIA,-13744.0,-2.8544%,133.53,-1.48%,134.0711,169819.619132,-44.45%,467756.0,481500.0
BCAX,-14270.0,-0.6654%,23.09,-2.90%,23.1204,345252.594739,6.23%,2130414.0,2144684.0
SATS,-14451.129999998957,-0.0719%,122.62,-2.49%,123.649,3522271.258598,-41.09%,20075509.62,20089960.75
ALGM,-14453.0,-0.1396%,47.93,-6.70%,47.6419,5318787.151104,48.76%,10336928.0,10351381.0
ORI,-14457.0,-0.0601%,39.48,0.71%,39.4653,1188538.261746,-0.33%,24059028.0,24073485.0
TELIA,-14468.0,-1.8223%,0.0,0.00%,0.0,0.0,0.00%,779452.0,793920.0
NUVL,-14508.0,-0.4643%,102.4,-1.78%,102.0849,593773.549966,23.89%,3110450.0,3124958.0
CEN,-14586.0,-3.1100%,0.0,0.00%,0.0,0.0,0.00%,454419.0,469005.0
688066,-14650.0,-100.0000%,0.0,0.00%,0.0,0.0,0.00%,0.0,14650.0
WMK,-14669.0,-2.4573%,70.7,-1.31%,70.3796,187174.660154,-18.12%,582288.0,596957.0
BDJ,-15120.0,-0.8660%,9.1,-1.19%,9.1395,756164.01186,69.12%,1730824.0,1745944.0
DXS,-15136.0,-0.7711%,0.0,0.00%,0.0,0.0,0.00%,1947647.0,1962783.0
SVM CN,-15197.0,-0.2300%,0.0,0.00%,0.0,0.0,0.00%,6592005.0,6607202.0
URBN,-15378.0,-0.2180%,70.44,-1.65%,70.6342,895834.053931,-9.79%,7039124.0,7054502.0
RYTM,-15577.0,-0.4577%,96.23,-0.39%,95.4789,818362.079684,-34.26%,3387789.0,3403366.0
USA CN,-15639.0,-0.2302%,0.0,0.00%,0.0,0.0,0.00%,6779181.0,6794820.0
IONS,-15794.0,-0.2621%,76.02,-1.08%,75.6417,1885704.202382,4.77%,6009130.0,6024924.0
300212,-15800.0,-3.2718%,0.0,0.00%,0.0,0.0,0.00%,467108.0,482908.0
BBIO,-15865.0,-0.1910%,67.45,-0.94%,67.8455,2875634.220016,8.77%,8288938.0,8304803.0
BTX,-15876.0,-0.8654%,8.1,-0.98%,8.1311,495763.480149,-18.36%,1818741.0,1834617.0
FIGR,-15917.0,-1.3147%,37.51,-1.29%,37.2043,2458462.644424,-3.10%,1194778.0,1210695.0
ASO,-15963.0,-0.1906%,53.55,-1.67%,53.6041,1327164.275653,13.90%,8359239.0,8375202.0
BMRN,-15998.0,-0.0997%,54.12,-0.88%,54.0257,2112469.286575,-10.48%,16033096.0,16049094.0
SYRE,-16009.0,-0.3676%,73.1,0.14%,73.0238,923853.686092,29.86%,4339585.0,4355594.0
BOL,-16045.0,-1.7127%,0.0,0.00%,0.0,0.0,0.00%,920806.0,936851.0
MIRM,-16067.0,-0.5507%,102.93,-6.50%,102.6958,1985319.08384,97.39%,2901719.0,2917786.0
SPXX,-16236.0,-0.8644%,17.7,-0.62%,17.7642,252290.784479,-36.40%,1862080.0,1878316.0
OSCR,-16247.0,-0.1987%,20.87,5.19%,20.4964,12390227.346556,-34.73%,8161883.0,8178130.0
OUT,-16310.0,-0.0819%,32.81,3.34%,32.6824,2704690.094931,117.11%,19890731.0,19907041.0
ROIV,-16387.0,-0.0380%,28.28,-1.87%,28.2884,3570597.822406,-3.23%,43075462.0,43091849.0
FOX,-16503.72000000067,-0.1052%,56.5,0.50%,56.5762,1325263.502517,22.06%,15669286.5,15685790.22
ARWR,-16539.0,-0.0972%,77.95,-1.50%,77.36,2351104.655962,40.58%,17002275.0,17018814.0
2,-16620.0,-2.1596%,0.0,0.00%,0.0,0.0,0.00%,752971.0,769591.0
AUTO NO,-16627.0,-0.0632%,0.0,0.00%,0.0,0.0,0.00%,26282534.0,26299161.0
AHR,-16865.0,-0.0870%,49.6,-0.84%,49.6891,1801726.673582,-33.05%,19360590.0,19377455.0
SIA,-17087.0,-2.3215%,0.0,0.00%,0.0,0.0,0.00%,718957.0,736044.0
CYTK,-17197.0,-0.1288%,74.29,-0.73%,74.3209,8401463.384138,74.91%,13330807.0,13348004.0
JQC,-17388.0,-0.7917%,4.85,0.21%,4.8452,563066.31395,3.88%,2178916.0,2196304.0
KPN,-17390.0,-1.4398%,0.0,0.00%,0.0,0.0,0.00%,1190427.0,1207817.0
IREN,-17431.0,-0.7154%,56.85,-6.77%,60.6461,81891800.869215,28.45%,2419078.0,2436509.0
GNL,-17520.0,-0.0561%,9.12,1.00%,9.1202,3252148.659988,-18.18%,31192701.0,31210221.0
300124 C2,-17600.0,-0.1202%,0.0,0.00%,0.0,0.0,0.00%,14619024.0,14636624.0
KYMR,-17620.0,-0.4744%,84.63,-1.89%,84.9,637459.774804,49.34%,3696537.0,3714157.0
SAH,-17691.0,-0.7713%,80.13,1.43%,80.0962,313171.285416,-0.47%,2275822.0,2293513.0
TLS,-17710.0,-0.2170%,4.42,5.24%,4.394,584839.197563,40.74%,8144574.0,8162284.0
AAP,-17799.0,-0.2343%,57.23,-1.45%,56.9249,1302207.227307,33.45%,7577752.0,7595551.0
HALO,-17842.0,-0.1407%,65.19,-1.75%,65.2437,1517270.311753,47.40%,12661854.0,12679696.0
WPM,-17912.0,-0.1993%,131.56,-2.24%,134.6264,3203585.492467,12.89%,8970098.0,8988010.0
FDMT,-17961.0,-0.4414%,9.93,-4.70%,10.0267,737281.801911,3.65%,4051460.0,4069421.0
66,-17994.0,-0.8912%,0.0,0.00%,0.0,0.0,0.00%,2001078.0,2019072.0
VVR,-18036.0,-0.8644%,3.08,0.00%,3.064,612363.662646,68.79%,2068403.0,2086439.0
STOK,-18117.0,-0.5217%,32.79,-1.47%,32.5428,407648.480717,-29.11%,3454880.0,3472997.0
ETSY,-18254.0,-0.1749%,64.02,-1.46%,63.7805,2462083.409114,-8.44%,10418969.0,10437223.0
VCEL,-18343.0,-0.2338%,35.13,-4.49%,35.9952,1192575.872367,43.92%,7825787.0,7844130.0
PENG,-18399.0,-0.2347%,38.98,-0.03%,38.5148,3350343.082734,-40.58%,7822027.0,7840426.0
IRON,-18569.0,-0.8061%,67.53,-1.63%,67.294,395193.320242,4.34%,2284977.0,2303546.0
JANX,-18589.0,-0.5274%,14.54,-0.55%,14.5215,622996.808547,-34.59%,3506271.0,3524860.0
VOR,-18720.0,-1.6557%,16.08,1.13%,16.1306,750482.479055,19.76%,1111940.0,1130660.0
JFR,-19188.0,-0.8046%,7.53,0.00%,7.5224,494871.295248,-40.39%,2365559.0,2384747.0
PTCT,-19432.0,-0.1556%,64.49,-3.12%,64.8288,1235286.855122,93.64%,12466935.0,12486367.0
GRAL,-19440.0,-0.7044%,62.92,0.27%,62.881,643195.0972,-48.85%,2740321.0,2759761.0
TLC,-19707.0,-3.0301%,0.0,0.00%,0.0,0.0,0.00%,630667.0,650374.0
1810 HK,-19800.0,-0.1191%,0.0,0.00%,0.0,0.0,0.00%,16600200.0,16620000.0
EBS,-19871.0,-0.4401%,9.13,0.33%,9.1834,654970.344867,-1.49%,4494767.0,4514638.0
FOXA,-20066.519999999553,-0.0862%,62.69,0.77%,62.7078,2534626.193878,-27.41%,23249308.69,23269375.21
LGEN,-20304.0,-1.6256%,0.0,0.00%,0.0,0.0,0.00%,1228716.0,1249020.0
KALV,-20329.0,-0.6793%,26.72,0.00%,26.7225,1504168.304253,-76.83%,2972114.0,2992443.0
APGE,-20378.0,-0.6439%,81.81,-3.23%,81.9788,376712.548307,-8.94%,3144562.0,3164940.0
HYT,-20448.0,-0.8652%,8.62,-0.69%,8.6669,409428.41996,-32.80%,2342829.0,2363277.0
CLDX,-20527.0,-0.5099%,33.32,-3.11%,33.4312,886620.250406,65.79%,4004895.0,4025422.0
BKE,-20926.0,-0.5363%,52.36,-4.01%,52.6144,509874.737087,143.64%,3880895.0,3901821.0
PCVX,-21040.0,-0.2960%,51.48,-9.84%,51.2076,5346426.23679,234.04%,7086635.0,7107675.0
EXK,-21229.0,-0.2284%,10.15,9.02%,10.6586,20953408.916181,74.59%,9274568.0,9295797.0
HLN,-21302.0,-0.4698%,9.3,0.76%,9.2369,25406760.766547,156.08%,4512892.0,4534194.0
BRC CN,-21476.0,-0.2300%,0.0,0.00%,0.0,0.0,0.00%,9314734.0,9336210.0
CAPR,-21703.0,-0.7123%,33.94,-1.28%,32.9156,816049.833387,14.82%,3025326.0,3047029.0
FVI CN,-21879.0,-0.2250%,0.0,0.00%,0.0,0.0,0.00%,9700419.0,9722298.0
ALX,-22115.0,-2.6643%,244.75,-3.63%,250.3915,65086.715757,96.54%,807944.0,830059.0
SUEL,-22585.0,-0.7640%,0.0,0.00%,0.0,0.0,0.00%,2933561.0,2956146.0
NWS,-22628.38000000082,-0.1503%,30.85,2.05%,30.5349,1716374.775725,0.70%,15029359.85,15051988.23
JPC,-22788.0,-0.8657%,8.0,-0.50%,8.019,828708.163955,0.69%,2609578.0,2632366.0
BBW,-22830.0,-3.7944%,37.42,0.67%,37.1154,378528.245692,73.43%,578850.0,601680.0
CGON,-22950.0,-0.5879%,69.18,1.72%,68.697,854733.810626,80.59%,3881062.0,3904012.0
KMX,-23271.0,-0.1572%,39.91,1.22%,39.6822,2463754.181765,-7.94%,14777703.0,14800974.0
VSCO,-23275.0,-0.2427%,47.55,-7.71%,48.0795,2772121.935629,66.15%,9567243.0,9590518.0
CART,-23388.0,-0.1789%,37.99,-5.40%,38.5259,5753692.529699,-43.06%,13052348.0,13075736.0
CDNA,-23554.0,-0.5295%,21.44,2.34%,21.4511,647171.281965,13.80%,4424393.0,4447947.0
EXEL,-23628.0,-0.0865%,46.21,-5.11%,46.3667,3519429.0878,-44.49%,27281464.0,27305092.0
EDV,-23687.0,-2.5864%,63.59,-0.81%,63.8591,872593.346644,-51.58%,892138.0,915825.0
VZLA CN,-23790.0,-0.2310%,0.0,0.00%,0.0,0.0,0.00%,10274579.0,10298369.0
SGP,-23877.0,-1.2916%,25.39,1.34%,25.1481,134541.196047,-16.75%,1824776.0,1848653.0
KOD,-23914.0,-0.6642%,43.68,-4.82%,43.8264,367623.698825,-5.24%,3576715.0,3600629.0
CGEM,-24002.0,-0.5975%,14.72,-1.80%,14.5156,1227647.416389,38.52%,3993103.0,4017105.0
TPG,-24277.0,-0.4417%,44.48,-1.20%,44.5049,2063079.956775,-28.67%,5471996.0,5496273.0
CTVA,-24513.70000000298,-0.0664%,79.07,-3.30%,79.5615,6275062.330301,15.95%,36876439.07,36900952.77
IDYA,-25049.0,-0.4562%,28.24,-1.74%,28.2522,967991.769563,7.68%,5466295.0,5491344.0
SPNT,-25268.0,-0.1904%,23.49,0.90%,23.5151,716995.854156,52.54%,13244873.0,13270141.0
APA,-25842.059999994934,-0.0586%,36.24,-5.38%,36.1032,12362283.885856,24.36%,44085511.24,44111353.3
GLXY,-26200.0,-1.0234%,29.3,-5.85%,29.2953,4576429.799827,-12.70%,2533901.0,2560101.0
PAAS,-26398.0,-0.2118%,57.81,2.16%,59.1773,7512007.303828,-12.76%,12437450.0,12463848.0
WIL,-26760.0,-2.3462%,0.0,0.00%,0.0,0.0,0.00%,1113831.0,1140591.0
300068,-26900.0,-55.3498%,0.0,0.00%,0.0,0.0,0.00%,21700.0,48600.0
XNCR,-27107.0,-0.2436%,12.31,-5.38%,12.4715,947693.417104,15.65%,11100699.0,11127806.0
GPT,-27415.0,-0.7633%,33.2312,-2.22%,33.6102,10748.3011,34.60%,3564358.0,3591773.0
CRSP,-27831.0,-0.4742%,52.42,-4.83%,53.0379,1518875.011973,-39.96%,5841611.0,5869442.0
DD,-27897.710000000894,-0.1077%,48.36,-3.42%,48.6559,4377077.418881,-27.31%,25868180.36,25896078.07
TNGX,-27927.0,-0.3588%,23.48,-0.59%,23.4209,6973080.999907,372.55%,7755245.0,7783172.0
RGNX,-27980.0,-0.7072%,10.42,1.96%,10.2161,1468940.649199,0.87%,3928706.0,3956686.0
LMND,-28282.0,-1.1565%,54.43,2.70%,53.8173,1705601.424675,-36.53%,2417178.0,2445460.0
SAMPO,-28441.0,-1.6615%,0.0,0.00%,0.0,0.0,0.00%,1683359.0,1711800.0
AZJ,-28511.0,-2.3939%,0.0,0.00%,0.0,0.0,0.00%,1162494.0,1191005.0
AG CN,-28600.0,-0.2300%,0.0,0.00%,0.0,0.0,0.00%,12403717.0,12432317.0
VVV,-28995.0,-0.2686%,35.87,4.98%,35.1219,6595210.571491,55.33%,10764703.0,10793698.0
SLNO,-29100.0,-0.8477%,52.95,0.02%,52.9369,2345521.692445,19.87%,3403680.0,3432780.0
BVR AU,-29265.0,-1.2758%,0.0,0.00%,0.0,0.0,0.00%,2264638.36,2293903.36
GGD CN,-29276.0,-0.2300%,0.0,0.00%,0.0,0.0,0.00%,12698338.0,12727614.0
GNW,-29685.0,-0.0572%,9.14,-0.33%,9.1723,3196691.52484,-8.40%,51903578.0,51933263.0
KEY,-29977.540000006557,-0.0326%,21.69,-2.43%,21.7536,10224122.688824,-8.68%,92034463.69,92064441.23
AGIO,-30347.0,-0.6591%,27.53,2.04%,27.4062,722509.763761,-34.83%,4573781.0,4604128.0
MLYS,-30586.0,-0.7139%,29.35,-2.56%,29.0906,1701982.243609,69.70%,4254058.0,4284644.0
CLI,-30664.0,-1.7076%,0.0,0.00%,0.0,0.0,0.00%,1765031.0,1795695.0
GME,-31315.0,-0.1011%,23.97,-4.77%,24.2652,8794029.988306,-24.23%,30946947.0,30978262.0
OMC,-31774.989999994636,-0.0905%,76.92,0.01%,76.9899,3841164.337121,-27.75%,35084495.92,35116270.91
ORIC,-32288.0,-0.6054%,8.81,-5.27%,8.8499,1539632.547456,21.15%,5301263.0,5333551.0
EXG,-32436.0,-0.8649%,9.49,-1.15%,9.5449,538131.952794,12.55%,3717688.0,3750124.0
VNDA,-32457.0,-0.7034%,6.39,-14.11%,6.5791,2250814.224879,33.17%,4581540.0,4613997.0
EYE,-32575.0,-0.3008%,22.83,0.71%,22.8879,1129605.733731,-16.16%,10798451.0,10831026.0
TWST,-33098.0,-0.6502%,58.54,-1.66%,58.5629,1550973.850368,7.24%,5057320.0,5090418.0
VCYT,-33571.0,-0.2637%,40.76,-1.04%,40.9273,1693006.814896,-43.46%,12696774.0,12730345.0
QURE,-33720.0,-1.3340%,24.15,5.83%,23.4976,1943050.41675,-45.30%,2494001.0,2527721.0
SPRY,-34057.0,-0.6784%,9.0,-3.02%,9.0162,1479841.288842,-53.34%,4986004.0,5020061.0
SRRK,-34450.0,-0.5848%,46.45,-1.40%,46.4771,1888569.699074,105.03%,5856848.0,5891298.0
KCN AU,-34569.0,-0.4581%,0.0,0.00%,0.0,0.0,0.00%,7510832.0,7545401.0
83,-34614.0,-0.6540%,0.0,0.00%,0.0,0.0,0.00%,5258167.0,5292781.0
VERA,-34905.0,-0.7386%,35.88,-1.95%,35.5332,972555.388928,17.85%,4691200.0,4726105.0
CATX,-34935.0,-0.7124%,3.6,-5.76%,3.594,3773158.497911,136.00%,4869006.0,4903941.0
VIR,-35550.0,-0.2047%,9.27,-9.91%,9.4425,2788391.462155,74.94%,17330244.0,17365794.0
LXEO,-35917.0,-0.6842%,5.82,-6.58%,5.8802,571925.947982,-7.29%,5213399.0,5249316.0
HZO,-36088.0,-1.1383%,32.86,5.19%,32.1831,859737.080179,149.48%,3134210.0,3170298.0
RGTI,-36768.0,-0.2546%,18.34,-8.71%,18.7893,25537322.140329,-27.57%,14403378.0,14440146.0
RCUS,-36789.0,-0.2642%,24.78,-4.69%,25.0167,893070.921154,-51.08%,13886356.0,13923145.0
COGT,-37014.0,-0.4084%,34.79,-3.01%,34.8802,1998000.53227,23.84%,9027073.0,9064087.0
CHWY,-37390.0,-0.1867%,23.67,-3.74%,23.6298,11752057.799379,146.35%,19990004.0,20027394.0
GLUE,-37773.0,-0.7838%,19.81,-2.84%,19.7339,661135.982607,-41.83%,4781301.0,4819074.0
2899 HK,-38000.0,-0.0517%,0.0,0.00%,0.0,0.0,0.00%,73517635.0,73555635.0
WT,-38938.0,-0.2429%,18.72,-1.78%,18.9248,2919944.498042,-40.44%,15993392.0,16032330.0
GAP,-38985.0,-0.2371%,23.9,-2.69%,24.1394,5238731.59337,-18.20%,16405531.0,16444516.0
SLVR CN,-39039.0,-0.2301%,0.0,0.00%,0.0,0.0,0.00%,16928485.0,16967524.0
CPRX,-39673.0,-0.2297%,31.165,2.11%,31.1327,13615910.185452,650.01%,17235012.0,17274685.0
CRVS,-39698.0,-0.7647%,14.59,-5.57%,14.8398,1352677.60431,34.84%,5151332.0,5191030.0
ABUS,-40032.0,-0.3860%,4.35,-1.58%,4.3581,923932.473938,-8.41%,10330676.0,10370708.0
REPL,-40273.0,-0.7055%,3.34,-2.91%,3.3393,2656924.667495,-62.35%,5668063.0,5708336.0
NRIX,-40285.0,-0.5084%,16.28,-3.55%,16.2782,663142.383668,-32.13%,7883684.0,7923969.0
VSTM,-40376.0,-0.8432%,5.66,-5.82%,5.6964,2898109.775548,52.83%,4747909.0,4788285.0
MDXG,-40483.0,-0.5719%,3.69,0.82%,3.6762,1529730.170174,-2.83%,7037704.0,7078187.0
288,-40500.0,-0.7218%,0.0,0.00%,0.0,0.0,0.00%,5570536.0,5611036.0
BTDR,-40575.0,-0.5539%,13.84,-8.34%,13.9141,6815330.200797,-52.61%,7284188.0,7324763.0
CWY,-41258.0,-3.0253%,24.2677,-1.19%,24.2959,7211.794,909.88%,1322524.0,1363782.0
NVTS,-41307.0,-0.2967%,15.79,-5.34%,15.6876,28611842.400909,-21.77%,13882966.0,13924273.0
SNDX,-41685.0,-0.6552%,20.54,-0.53%,20.4854,1187914.006543,-30.10%,6320861.0,6362546.0
WRBY,-42277.0,-1.1463%,27.2,23.47%,27.3957,8817585.682199,187.26%,3645716.0,3687993.0
HAL,-43730.28000000119,-0.0588%,39.12,-3.17%,39.184,12617506.080657,5.39%,74329374.12,74373104.4
MYGN,-43938.0,-0.6588%,4.09,-0.49%,4.113,2553451.562453,-65.77%,6625049.0,6668987.0
RVLV,-44608.0,-2.7388%,20.24,0.25%,20.205,1905360.912644,-34.22%,1584160.0,1628768.0
CLAR,-44983.0,-1.3054%,2.89,-1.70%,2.9448,323717.44173,28.13%,3400914.0,3445897.0
BBWI,-45153.0,-0.3121%,19.3,0.52%,19.1515,5069915.092853,-6.80%,14422892.0,14468045.0
ARKO,-45159.0,-1.5929%,6.71,2.91%,6.635,1288130.733236,65.59%,2789883.0,2835042.0
DSV CN,-46215.0,-0.2250%,0.0,0.00%,0.0,0.0,0.00%,20492664.0,20538879.0
VKTX,-46461.0,-1.1443%,31.58,-2.17%,31.4615,1928735.850308,-15.70%,4013724.0,4060185.0
MGR,-47160.0,-2.6256%,20.66,0.49%,20.6467,20740.139,99.39%,1749012.0,1796172.0
IMVT,-47167.0,-0.7465%,27.22,-5.06%,27.3755,1238764.083503,-1.08%,6271068.0,6318235.0
OLMA,-47650.0,-0.8145%,15.13,-0.39%,15.0464,1376501.280008,145.02%,5802556.0,5850206.0
AVXL,-47675.0,-0.6767%,3.12,-6.59%,3.1991,1318381.523815,21.15%,6997358.0,7045033.0
ABSI,-48268.0,-0.4367%,5.75,-3.36%,5.6922,6580325.299203,-3.94%,11005539.0,11053807.0
SW,-48310.259999997914,-0.1210%,41.63,-0.62%,41.9611,4722890.194201,-23.06%,39867272.63,39915582.89
MPL,-48561.0,-2.0256%,27.29,-8.70%,29.1909,76418.381201,-19.09%,2348823.0,2397384.0
AMCR,-48804.289999999106,-0.1328%,39.92,-0.72%,40.2234,5052830.305169,-31.86%,36705675.92,36754480.21
SLB,-49077.159999996424,-0.0403%,53.0,-3.92%,53.2567,16615534.174722,28.43%,121807164.0,121856241.16
PURR,-49275.0,-1.6764%,6.55,-5.35%,6.7576,7944697.809444,23.33%,2890095.0,2939370.0
6823,-50016.0,-1.4529%,0.0,0.00%,0.0,0.0,0.00%,3392452.0,3442468.0
KURA,-50131.0,-0.7773%,9.32,-2.51%,9.2889,947755.399377,-11.11%,6399558.0,6449689.0
ALKS,-50196.0,-0.2013%,35.4,0.23%,35.7291,2094196.606701,-29.27%,24887560.0,24937756.0
AEO,-50266.0,-0.2512%,16.64,-1.60%,16.6807,2985675.67456,-29.02%,19957797.0,20008063.0
RLAY,-50348.0,-0.5281%,12.51,-3.17%,12.5572,3211849.653183,-6.64%,9484045.0,9534393.0
SVRA,-50657.0,-0.5050%,5.16,-2.09%,5.1574,950147.555373,-5.05%,9980613.0,10031270.0
VRDN,-50751.0,-0.8386%,17.0,-3.02%,17.1509,10741045.354577,38.43%,6001101.0,6051852.0
BPSFT,-51000.0,-22.1739%,0.0,0.00%,0.0,0.0,0.00%,179000.0,230000.0
HOC LN,-51196.0,-0.5193%,0.0,0.00%,0.0,0.0,0.00%,9806912.0,9858108.0
DNLI,-51232.0,-0.5337%,19.71,-3.43%,19.7094,1228531.44892,-44.14%,9548405.0,9599637.0
SCG,-51237.0,-0.5120%,0.0,0.00%,0.0,0.0,0.00%,9956725.0,10007962.0
GSVR CN,-51298.0,-0.2301%,0.0,0.00%,0.0,0.0,0.00%,22243191.0,22294489.0
ACI,-52548.0,-0.1453%,16.18,0.94%,16.1993,4511249.624894,-34.91%,36123011.0,36175559.0
RCKT,-52738.0,-0.7753%,3.67,-4.92%,3.7677,2109306.185999,-31.27%,6749192.0,6801930.0
TVTX,-52918.0,-0.7432%,42.66,-4.69%,44.0696,10827662.229273,353.04%,7067385.0,7120303.0
M,-54188.0,-0.2518%,19.23,-2.98%,19.2526,5344963.600347,23.38%,21470145.0,21524333.0
SRPT,-54225.0,-0.3541%,20.8,-9.68%,20.8623,5144907.357853,7.53%,15259921.0,15314146.0
IMNM,-54577.0,-0.7732%,22.19,-4.64%,22.3288,609112.839455,-22.59%,7003719.0,7058296.0
VCX,-55098.0,-0.7428%,144.14,-9.33%,184.7821,886464.731179,93.99%,7362861.0,7417959.0
TGTX,-55766.0,-0.2707%,43.025,2.51%,42.9685,4247747.222122,-35.53%,20544538.0,20600304.0
NWSA,-55855.160000003874,-0.1210%,27.04,3.21%,26.6364,7251258.779961,22.39%,46113613.04,46169468.2
ACAD,-55919.0,-0.2673%,22.56,5.03%,22.342,3670142.815916,2.58%,20865723.0,20921642.0
DYN,-56330.0,-0.5889%,17.54,-6.90%,17.7301,1691279.498746,-1.68%,9509401.0,9565731.0
CPNG,-56744.0,-0.2365%,17.22,-3.75%,17.441,31675852.23934,-61.95%,23938756.0,23995500.0
GRPN,-57364.0,-4.7447%,15.46,-2.46%,15.6115,2918415.737445,82.73%,1151640.0,1209004.0
MINT,-58177.0,-3.2479%,100.46,0.02%,100.4626,1390334.702122,-21.62%,1733060.0,1791237.0
RARE,-58362.0,-0.9279%,26.13,0.77%,26.1045,1978688.336902,-42.73%,6231194.0,6289556.0
UPBD,-59082.0,-0.8392%,18.76,-1.32%,18.821,785653.058211,5.34%,6981151.0,7040233.0
TTD,-59531.51999999583,-0.1035%,23.49,-2.17%,22.8918,43042342.335727,178.46%,57468491.49,57528023.01
BEAM,-60389.0,-0.7596%,31.47,-2.69%,31.405,1756943.018506,-19.69%,7890079.0,7950468.0
KOPN,-60955.0,-0.4184%,4.82,-1.83%,4.8644,10339620.664625,-3.54%,14506563.0,14567518.0
APLS,-62870.0,-0.4081%,41.01,-0.27%,41.0163,8392647.900328,125.61%,15343175.0,15406045.0
603718,-62900.0,-100.0000%,0.0,0.00%,0.0,0.0,0.00%,0.0,62900.0
ARQT,-63330.0,-0.7458%,20.66,-14.52%,21.301,6774510.09106,389.65%,8428621.0,8491951.0
CICT,-63596.0,-1.5141%,0.0,0.00%,0.0,0.0,0.00%,4136529.0,4200125.0
MLT,-64224.0,-3.0214%,0.0,0.00%,0.0,0.0,0.00%,2061446.0,2125670.0
MNRO,-64378.0,-1.5809%,17.43,-2.02%,17.4779,1002052.659398,53.73%,4007757.0,4072135.0
STM,-64544.0,-0.4202%,55.9,-3.54%,56.2845,10745939.072112,-10.75%,15294122.0,15358666.0
CMPX,-64815.0,-0.7380%,1.81,-3.21%,1.7964,8770451.821057,-24.08%,8717617.0,8782432.0
DOW,-67025.1799999997,-0.1449%,37.32,-3.06%,37.3308,17292209.875609,-3.24%,46197109.32,46264134.5
KSS,-68196.0,-0.4222%,14.35,-0.42%,14.3138,3936482.724651,26.59%,16084852.0,16153048.0
NVAX,-68405.0,-0.5662%,9.23,-1.39%,9.432,9197512.370617,-44.20%,12012967.0,12081372.0
NTLA,-69370.0,-0.7233%,13.71,-1.01%,13.697,4043553.194389,6.17%,9521320.0,9590690.0
CAL,-70599.0,-3.8992%,13.27,-1.63%,13.2597,702832.55558,6.94%,1740011.0,1810610.0
ANNX,-71971.0,-0.6636%,5.52,-3.16%,5.4995,2357572.195021,74.45%,10773060.0,10845031.0
SBH,-72748.0,-0.5521%,13.86,-0.86%,13.8462,1688954.236513,-19.61%,13102726.0,13175474.0
IRWD,-74010.0,-0.6204%,4.17,-13.66%,4.2104,4964761.237857,31.88%,11855655.0,11929665.0
BHVN,-74979.0,-0.7954%,9.74,-2.99%,9.7715,1261071.894722,-37.82%,9351120.0,9426099.0
SVV,-76630.0,-4.5128%,8.21,-4.09%,8.2346,2258497.060844,116.93%,1621436.0,1698066.0
ACHR,-77406.0,-0.1316%,6.28,-2.03%,6.319,59688716.458659,8.94%,58720545.0,58797951.0
9434,-78229.0,-1.0102%,0.0,0.00%,0.0,0.0,0.00%,7665864.0,7744093.0
USL AU,-80055.0,-0.5309%,0.0,0.00%,0.0,0.0,0.00%,15000456.0,15080511.0
PRME,-80738.0,-0.8887%,3.115,-8.65%,3.2051,3958731.018137,46.68%,9004217.0,9084955.0
ERAS,-81880.0,-0.5603%,10.4,-4.59%,10.3485,4972216.133524,-17.74%,14532962.0,14614842.0
ADMA,-82100.0,-0.2287%,8.47,-15.97%,8.2634,29724011.881836,129.12%,35814097.0,35896197.0
TSM,-84689.0,-0.4547%,414.15,-1.28%,414.772,13403164.034596,-24.43%,18541074.0,18625763.0
ALT,-84777.0,-0.8084%,3.04,-6.75%,3.0591,3720531.417112,-9.18%,10402136.0,10486913.0
SLS,-85787.0,-0.7070%,4.93,-4.27%,4.9631,4105668.368997,15.83%,12048814.0,12134601.0
MPACT,-87167.0,-2.8199%,0.0,0.00%,0.0,0.0,0.00%,3003987.0,3091154.0
INDI,-88189.0,-0.5229%,4.49,-2.18%,4.4622,4997543.555744,7.95%,16776908.0,16865097.0
CTMX,-89130.0,-1.3643%,4.0,-3.15%,3.9782,3097434.832319,17.84%,6444015.0,6533145.0
MLPFT,-91000.0,-6.3098%,0.0,0.00%,0.0,0.0,0.00%,1351200.0,1442200.0
SMMT,-91385.0,-1.0254%,17.15,-3.92%,17.3224,2732442.080986,-29.20%,8820372.0,8911757.0
TSHA,-92900.0,-0.5552%,6.67,-4.44%,6.6837,2782434.11799,-32.75%,16639236.0,16732136.0
358 HK,-96000.0,-0.2409%,0.0,0.00%,0.0,0.0,0.00%,39755401.0,39851401.0
REAL,-96042.0,-2.0243%,12.4,-4.62%,12.5392,8932387.900056,212.32%,4648444.0,4744486.0
3,-96344.0,-2.4319%,0.0,0.00%,0.0,0.0,0.00%,3865368.0,3961712.0
ALLO,-105619.0,-0.7746%,2.27,-1.73%,2.2904,5680658.623563,-22.74%,13528891.0,13634510.0
OCGN,-107800.0,-1.2180%,1.44,-1.03%,1.4461,13596979.92593,-13.31%,8743029.0,8850829.0
PGEN,-111898.0,-0.7386%,4.15,-5.68%,4.1953,3220647.665005,-13.87%,15037759.0,15149657.0
9660 HK,-112200.0,-0.1201%,0.0,0.00%,0.0,0.0,0.00%,93347400.0,93459600.0
9432,-112586.0,-1.0365%,0.0,0.00%,0.0,0.0,0.00%,10749801.0,10862387.0
IVVD,-113445.0,-1.6076%,1.43,-2.05%,1.4496,2143785.848788,-21.61%,6943200.0,7056645.0
BCRX,-119082.0,-0.6367%,8.9,0.79%,8.7726,5549204.556628,-38.43%,18584089.0,18703171.0
1258 HK,-121000.0,-0.2366%,0.0,0.00%,0.0,0.0,0.00%,51018100.0,51139100.0
AKBA,-121145.0,-0.7120%,1.18,-20.27%,1.1832,11754313.180891,194.31%,16893643.0,17014788.0
GENS,-128551.0,-2.9339%,0.0,0.00%,0.0,0.0,0.00%,4253043.0,4381594.0
IOVA,-130516.0,-0.5083%,3.55,-13.20%,3.6456,40972368.238036,140.28%,25544117.0,25674633.0
CWH,-130688.0,-4.7766%,7.59,-3.80%,7.6328,2289614.239034,-12.96%,2605307.0,2735995.0
SANA,-131210.0,-0.8603%,3.5,-3.85%,3.5319,2137288.32235,-40.07%,15120453.0,15251663.0
AED,-143725.37,-55.2985%,0.0,0.00%,0.0,0.0,0.00%,116182.674,259908.044
ARDX,-149468.0,-0.8890%,6.98,-1.69%,7.0224,3921689.625312,-15.90%,16663998.0,16813466.0
GO,-176599.0,-1.2137%,8.04,1.01%,8.02,2991495.203252,37.66%,14374208.0,14550807.0
AAG CN,-177362.0,-2.2101%,0.0,0.00%,0.0,0.0,0.00%,7847750.0,8025112.0
863 HK,-180000.0,-1.9020%,0.0,0.00%,0.0,0.0,0.00%,9283500.0,9463500.0
IBRX,-189208.0,-0.7833%,7.76,-7.40%,7.7153,18819794.500373,-4.17%,23967036.0,24156244.0
SFIX,-200572.0,-3.6865%,3.6,-1.37%,3.5777,1531615.458418,-2.91%,5240098.0,5440670.0
TDUP,-212836.0,-4.6273%,4.92,-2.38%,4.9495,2887124.973788,-55.37%,4386714.0,4599550.0
MNKD,-213843.0,-0.8009%,3.55,-0.28%,3.5768,16013770.451876,-56.53%,26487432.0,26701275.0
3350 JP,-237000.0,-2.9341%,0.0,0.00%,0.0,0.0,0.00%,7840300.0,8077300.0
EVGO,-260040.0,-2.2490%,1.9,-2.06%,1.9187,4490358.175195,-35.76%,11302485.0,11562525.0
RXRX,-303762.0,-0.7790%,3.27,-4.66%,3.3451,12063436.003711,-31.81%,38687647.0,38991409.0
GERN,-323393.0,-0.7534%,1.46,-7.59%,1.4608,17376688.35824,-19.04%,42601600.0,42924993.0
SGMO,-327123.0,-100.0000%,0.0,0.00%,0.0,0.0,0.00%,0.0,327123.0
UBFUT,-348000.0,-1.8200%,0.0,0.00%,0.0,0.0,0.00%,18773000.0,19121000.0
JPM,-776989.6299999952,-0.4085%,306.27,-2.74%,308.287,8359599.290278,-3.13%,189425238.27,190202227.9
SVL AU,-799033.0,-1.2239%,0.0,0.00%,0.0,0.0,0.00%,64486079.0,65285112.0
WNDR CN,-889125.0,-11.7897%,0.0,0.00%,0.0,0.0,0.00%,6652412.0,7541537.0
IUGXX,-921600.9100000262,-0.2311%,0.0,0.00%,0.0,0.0,0.00%,397851549.25,398773150.16
RBCFT,-1207000.0,-5.0791%,0.0,0.00%,0.0,0.0,0.00%,22557000.0,23764000.0
CM,-1750160.0,-24.6870%,110.51,-1.52%,110.742,861349.093382,-22.17%,5339233.0,7089393.0
-,-12643976.30000019,-0.3103%,0.0,0.00%,0.0,0.0,0.00%,4061917128.97,4074561105.27
SGAFT,-24336000.0,-19.3514%,0.0,0.00%,0.0,0.0,0.00%,101422100.0,125758100.0
CTRA,-30780717.56,-98.3371%,0.0,-100.00%,0.0,0.0,-100.00%,520496.0,31301213.56
AGPXX,-80581165.93,-17.4028%,0.0,0.00%,0.0,0.0,0.00%,382455360.61,463036526.54
XTSLA,-263610630.0,-5.2375%,0.0,0.00%,0.0,0.0,0.00%,4769481736.0,5033092366.0
