Holding_Ticker,Shares_Change,Change_Pct,Price,Price_Change_Pct,VWAP,Volume,Volume_Change_Pct,Shares_T0,Shares_T1
-,159632922.6399994,3.2857%,0.0,0.00%,0.0,0.0,0.00%,5018036386.87,4858403464.2300005
SGAFT,6546000.0,6.0348%,0.0,0.00%,0.0,0.0,0.00%,115017100.0,108471100.0
20,5874000.0,2.0630%,0.0,0.00%,0.0,0.0,0.00%,290607064.0,284733064.0
AGPXX,5113786.299999952,1.0447%,0.0,0.00%,0.0,0.0,0.00%,494597875.4,489484089.1
CLP,3213728.1900000004,82.6727%,0.0,0.00%,0.0,0.0,0.00%,7101018.19,3887290.0
LTR AU,3007509.0,2.3965%,0.0,0.00%,0.0,0.0,0.00%,128501045.0,125493536.0
NVDA,2959472.339999914,0.2185%,220.78,0.61%,219.2573,159196793.934059,-0.93%,1357520310.78,1354560838.44
NEECU,2751975.0,100.0000%,0.0,0.00%,0.0,0.0,0.00%,2751975.0,0.0
COUR,2639691.8,46.0886%,5.74,1.41%,5.6609,10989801.782844,132.09%,8367120.8,5727429.0
IUGXX,2345399.1899999976,0.5950%,0.0,0.00%,0.0,0.0,0.00%,396509692.09,394164292.9
BNP,2207299.0,46.9834%,0.0,0.00%,0.0,0.0,0.00%,6905341.0,4698042.0
NEECV,2063941.0,100.0000%,0.0,0.00%,0.0,0.0,0.00%,2063941.0,0.0
PLGO,1960739.0,100.0000%,20.35,0.00%,20.3788,560700.010853,0.00%,1960739.0,0.0
9660,1870544.0,2.0135%,0.0,0.00%,0.0,0.0,0.00%,94771339.0,92900795.0
INTC,1792183.1700000167,0.4044%,120.61,-6.82%,119.975,173818366.292517,-3.16%,444958790.61,443166607.44
PLS AU,1642898.0,2.2997%,0.0,0.00%,0.0,0.0,0.00%,73081187.0,71438289.0
GSISW,1550000.0,9.3486%,0.0,0.00%,0.0,0.0,0.00%,18130000.0,16580000.0
AAPL,1508579.1199998856,0.1934%,294.8,0.72%,294.1897,45748110.69675,8.29%,781406663.8,779898084.6800001
WMT,1117266.7599999905,0.3472%,130.35,2.16%,129.9552,17935351.60984,-4.08%,322927363.35,321810096.59000003
CYBR,1087000.0,100.0000%,0.0,0.00%,0.0,0.0,0.00%,2174000.0,1087000.0
AMZN,1079100.8299999833,0.2170%,265.82,-1.18%,264.98,36776494.321325,-3.67%,498324172.82,497245071.99
NFLX,1039029.2100000381,0.3423%,87.66,2.59%,87.852,43556587.2519,7.40%,304624878.66,303585849.45
601958 C1,967500.0,2.5038%,0.0,0.00%,0.0,0.0,0.00%,39609315.0,38641815.0
CSCO,940823.5699999928,0.2839%,99.29,0.58%,98.8395,28810969.188922,-9.55%,332290199.29,331349375.72
600392 C1,816000.0,2.4841%,0.0,0.00%,0.0,0.0,0.00%,33664981.0,32848981.0
CMCSA,792627.8700000048,0.2722%,24.9,-0.52%,24.9371,33690630.623611,-3.79%,291950441.9,291157814.03
MSFT,760777.1099999547,0.1895%,407.77,-1.18%,408.3795,38594221.302422,8.23%,402324347.77,401563570.66
AVGO,695270.8700000048,0.2545%,419.3,-2.13%,418.0568,19004335.78232,12.95%,273890391.3,273195120.43
1357,687500.0,2.0300%,0.0,0.00%,0.0,0.0,0.00%,34554473.0,33866973.0
600111 C1,665990.0,2.4782%,0.0,0.00%,0.0,0.0,0.00%,27539874.0,26873884.0
GOOGL,650426.7100000381,0.2200%,387.35,-0.33%,386.4632,26017701.487712,-15.40%,296243497.35,295593070.64
PLTR,635063.1100000143,0.3349%,136.0,-0.65%,135.1746,38836113.606799,-6.23%,190286172.0,189651108.89
AMD,593135.5,0.4092%,448.29,-2.29%,442.9168,39139997.889342,-15.07%,145552240.29,144959104.79
268,576000.0,2.0216%,0.0,0.00%,0.0,0.0,0.00%,29068686.0,28492686.0
GOOG,570909.0499999821,0.2333%,383.82,-0.76%,383.392,17103821.744087,4.84%,245276856.82,244705947.77
WBD,519756.95999997854,0.2440%,27.2,-0.15%,27.1913,16447313.082765,-0.57%,213529786.2,213010029.24
000725,516100.0,1.7408%,0.0,0.00%,0.0,0.0,0.00%,30162761.0,29646661.0
BAC,506753.22999995947,0.1370%,50.78,0.45%,50.6393,33518832.264611,1.17%,370303753.78,369797000.55
VUL AU,506646.0,2.4508%,0.0,0.00%,0.0,0.0,0.00%,21179251.0,20672605.0
TSLA,491671.4499999881,0.2969%,433.45,-2.60%,432.8404,60572094.156857,-22.72%,166099810.45,165608139.0
ILU AU,468300.0,2.5016%,0.0,0.00%,0.0,0.0,0.00%,19188077.0,18719777.0
3690,463200.0,1.9039%,0.0,0.00%,0.0,0.0,0.00%,24792707.0,24329507.0
1024,446800.0,1.9981%,0.0,0.00%,0.0,0.0,0.00%,22808326.0,22361526.0
MRVL,441236.0,0.8083%,164.5,-3.71%,163.0845,21367748.295134,-6.88%,55029983.0,54588747.0
LAC,441000.0,2.2660%,5.57,-3.80%,5.5223,10715980.483103,-18.65%,19902988.0,19461988.0
LRCX,430765.1899999976,0.3406%,289.24,-2.30%,286.241,9341825.994345,2.10%,126903846.24,126473081.05
1772 HK,414800.0,2.4325%,0.0,0.00%,0.0,0.0,0.00%,17466973.0,17052173.0
MU,411918.25,0.4104%,766.58,-3.61%,748.2834,73742251.629509,3.90%,100770065.58,100358147.33
CSX,400561.78999999166,0.2816%,44.53,-0.47%,44.502,21916345.20178,107.07%,142666266.53,142265704.74
600549 C1,396000.0,2.5059%,0.0,0.00%,0.0,0.0,0.00%,16198721.0,15802721.0
MCHP,394108.6700000018,0.5649%,97.7,-1.34%,96.8426,12828488.702776,-34.63%,70165350.7,69771242.03
LYC AU,393555.0,2.4795%,0.0,0.00%,0.0,0.0,0.00%,16265859.0,15872304.0
KDP,382552.46000000834,0.3431%,29.17,1.60%,29.1613,9260282.759825,-4.74%,111872894.17,111490341.71
QCOM,376489.7800000012,0.3295%,210.31,-11.46%,212.4754,38596346.122577,-15.12%,114643444.31,114266954.53
1208 HK,360000.0,0.2289%,0.0,0.00%,0.0,0.0,0.00%,157609780.0,157249780.0
TXN,342534.4100000113,0.4019%,295.17,-0.87%,292.7981,6430961.109828,-31.20%,85564476.17,85221941.75999999
PEP,341588.4399999976,0.3299%,151.85,1.63%,151.4835,6250655.99242,-25.35%,103899843.85,103558255.41
MDLZ,340750.29000000656,0.3044%,61.7,0.47%,61.6996,6609420.430656,-6.74%,112288480.7,111947730.41
KHC,333089.1099999994,0.3482%,23.37,0.47%,23.3717,14835694.462236,6.25%,96001462.37,95668373.26
603067 C1,331409.0,2.5091%,0.0,0.00%,0.0,0.0,0.00%,13539544.0,13208135.0
KDCREIT SP,328600.0,0.8465%,0.0,0.00%,0.0,0.0,0.00%,39147068.0,38818468.0
SLI,320070.0,2.1774%,4.34,5.34%,4.1982,3206850.381495,38.12%,15019846.0,14699776.0
SOSI SS,316513.0,4.8623%,0.0,0.00%,0.0,0.0,0.00%,6826039.0,6509526.0
META,297668.1400000006,0.2437%,603.0,0.69%,600.2539,11351733.182125,-28.79%,122437986.0,122140317.86
000100,294600.0,2.0052%,0.0,0.00%,0.0,0.0,0.00%,14986294.0,14691694.0
UMC,290640.0,2.1377%,16.06,3.01%,15.8888,19760232.609576,42.58%,13886840.0,13596200.0
GILD,278273.4200000018,0.2630%,134.94,1.06%,135.3834,6034940.013735,12.07%,106081149.94,105802876.52
UBFUT,276000.0,1.3581%,0.0,0.00%,0.0,0.0,0.00%,20598000.0,20322000.0
FAST,272217.0199999958,0.2527%,43.32,0.05%,43.3065,4500284.03912,-50.60%,107977934.32,107705717.3
INR AU,271832.0,2.0825%,0.0,0.00%,0.0,0.0,0.00%,13325292.0,13053460.0
AMAT,267834.5799999982,0.3456%,431.2,-2.80%,427.4059,9319348.360967,11.96%,77775647.2,77507812.62
9660 HK,265200.0,0.2835%,0.0,0.00%,0.0,0.0,0.00%,93796200.0,93531000.0
788 HK,265000.0,0.8406%,0.0,0.00%,0.0,0.0,0.00%,31788750.0,31523750.0
SBUX,260404.83999998868,0.3301%,106.58,0.79%,106.2357,6365952.004837,-2.06%,79141246.58,78880841.74000001
SHOP,257997.0,0.7777%,99.84,-2.63%,100.4068,14215699.036784,-24.40%,33430981.0,33172984.0
9888,255882.0,1.7288%,0.0,0.00%,0.0,0.0,0.00%,15057078.0,14801196.0
MNST,253141.46000000834,0.3605%,85.87,-0.62%,85.7916,6027230.021794,-22.67%,70480119.87,70226978.41
PYPL,251299.37000000477,0.3596%,45.44,0.82%,45.2214,25492966.489259,34.21%,70127770.44,69876471.07
T,238846.3600000143,0.0635%,25.23,1.45%,25.2526,33454537.584941,-10.66%,376306053.23,376067206.87
TMUS,238741.44999999553,0.4188%,193.3,1.28%,193.4421,4174757.526861,-6.74%,57245927.3,57007185.85
F,236548.93999999762,0.0872%,11.99,-0.50%,11.9396,42165334.656286,-13.69%,271475633.99,271239085.05
600456 C1,222000.0,2.5002%,0.0,0.00%,0.0,0.0,0.00%,9101373.0,8879373.0
PANW,219276.94000000507,0.3351%,215.6,0.91%,214.8047,8295243.842075,-11.79%,65657980.6,65438703.66
PLUG,216879.0,0.3330%,3.56,1.14%,3.6745,197259871.255871,12.53%,65355172.0,65138293.0
DIEDU,215940.0,100.0000%,0.0,0.00%,0.0,0.0,0.00%,215940.0,0.0
CPRT,212858.1700000018,0.3120%,33.44,0.51%,33.4403,5805135.937379,-2.32%,68444811.44,68231953.27
ASX,209144.0,2.1430%,34.28,-2.89%,33.9119,9870984.71918,19.56%,9968623.0,9759479.0
3888,202400.0,2.0139%,0.0,0.00%,0.0,0.0,0.00%,10252378.0,10049978.0
FTNT,195486.43000000715,0.3040%,113.87,-1.36%,114.2495,4910433.19135,-26.91%,64495652.870000005,64300166.44
ADI,191423.9200000018,0.4109%,419.65,-0.73%,414.7879,4902171.051212,29.11%,46772872.65,46581448.73
KVUE,189926.29999998212,0.1402%,17.47,1.75%,17.4151,23713599.516864,-18.24%,135619569.47,135429643.17000002
1888,189000.0,1.9997%,0.0,0.00%,0.0,0.0,0.00%,9640397.0,9451397.0
BKNG,188412.76000000536,0.3238%,160.56,1.75%,160.1926,6892301.754549,-34.63%,58375868.56,58187455.8
696,188000.0,2.0072%,0.0,0.00%,0.0,0.0,0.00%,9554226.0,9366226.0
LAR,186360.0,2.1691%,11.42,-3.14%,11.2708,4026835.485046,-9.50%,8778071.0,8591711.0
UAMY,178626.0,1.0045%,10.5,-1.41%,10.2867,13938982.725149,10.37%,17961140.0,17782514.0
PDD,175803.0,0.8935%,95.73,-3.11%,96.1546,8154753.76884,45.92%,19850488.0,19674685.0
TROX,174506.0,1.6322%,8.75,-6.22%,8.8125,4528010.134507,28.54%,10865961.0,10691455.0
688538,173000.0,1.8886%,0.0,0.00%,0.0,0.0,0.00%,9333185.0,9160185.0
EXC,172234.79000000656,0.1631%,44.98,1.79%,44.8508,7919112.142954,31.38%,105756837.98,105584603.19
9698,170764.0,1.9505%,0.0,0.00%,0.0,0.0,0.00%,8925767.0,8755003.0
2899 HK,170000.0,0.2302%,0.0,0.00%,0.0,0.0,0.00%,74027635.0,73857635.0
ORLY,169067.4900000021,0.2676%,91.84,0.54%,91.7626,7239000.241506,-16.53%,63338251.84,63169184.35
HUMA,168905.0,2.2598%,0.91,-9.00%,0.9462,4690104.561385,-41.83%,7643380.0,7474475.0
UNIT,168667.0,0.5743%,11.22,-1.32%,11.1169,2734399.403705,-55.22%,29540146.0,29371479.0
ALIT,151732.0,0.4797%,0.7261,-12.32%,0.7514,40475718.238494,-12.06%,31784220.0,31632488.0
AFC LN,148256.0,0.9776%,0.0,0.00%,0.0,0.0,0.00%,15314164.0,15165908.0
ALM,146280.0,2.5010%,22.12,5.74%,21.1037,5014021.668834,-13.24%,5995153.0,5848873.0
900926,146200.0,2.0440%,0.0,0.00%,0.0,0.0,0.00%,7298943.0,7152743.0
EUR AU,145112.0,1.8591%,0.0,0.00%,0.0,0.0,0.00%,7950754.0,7805642.0
1347,144000.0,2.0373%,0.0,0.00%,0.0,0.0,0.00%,7212038.0,7068038.0
FER,137725.0,0.7492%,68.91,-1.63%,68.7409,1408012.640015,-23.41%,18520592.0,18382867.0
NEL NO,136608.0,0.9776%,0.0,0.00%,0.0,0.0,0.00%,14109992.0,13973384.0
002176 C2,136400.0,1.8528%,0.0,0.00%,0.0,0.0,0.00%,7498340.0,7361940.0
BRK.B,136356.0,0.3597%,484.96,1.13%,485.0171,5622327.2171,31.04%,38048949.0,37912593.0
300014 C2,136322.0,1.8283%,0.0,0.00%,0.0,0.0,0.00%,7592694.0,7456372.0
C,135278.59000000358,0.1157%,126.44,0.47%,125.6638,9937059.424085,-12.66%,117024268.44,116888989.85
2382,134500.0,1.7564%,0.0,0.00%,0.0,0.0,0.00%,7792369.0,7657869.0
300207 C2,132000.0,1.8375%,0.0,0.00%,0.0,0.0,0.00%,7315691.0,7183691.0
200725,129200.0,1.8599%,0.0,0.00%,0.0,0.0,0.00%,7075899.0,6946699.0
002709 C2,127600.0,1.8678%,0.0,0.00%,0.0,0.0,0.00%,6958985.0,6831385.0
1686 HK,127200.0,0.8462%,0.0,0.00%,0.0,0.0,0.00%,15159600.0,15032400.0
ORCL,121921.98999999464,0.1214%,186.83,-3.62%,185.6322,22123358.710326,30.98%,100546640.83,100424718.84
MXL,121356.0,0.8255%,91.93,-10.11%,91.9825,5898463.705386,20.14%,14822740.0,14701384.0
1258 HK,118000.0,0.2302%,0.0,0.00%,0.0,0.0,0.00%,51372100.0,51254100.0
PCAR,116858.0700000003,0.3047%,113.03,0.06%,112.4992,2079479.606443,-14.79%,38466389.03,38349530.96
LIN,115215.47000000626,0.3440%,503.87,-0.11%,502.6546,1430783.279192,-19.13%,33607739.870000005,33492524.4
CTSH,114620.47999999672,0.2583%,47.73,-3.09%,48.1043,6166052.246691,-26.06%,44491951.73,44377331.25
SWKS,114147.1799999997,0.4791%,66.31,-5.45%,66.3366,7019097.125726,24.29%,23940743.31,23826596.13
3858 HK,114000.0,2.5237%,0.0,0.00%,0.0,0.0,0.00%,4631200.0,4517200.0
ADBE,113215.6799999997,0.2967%,240.83,-2.16%,242.1702,3234046.745211,0.26%,38269721.83,38156506.15
COST,112543.41000000015,0.3540%,1021.88,2.24%,1018.4908,2143230.700804,4.37%,31903385.88,31790842.47
688469,109410.0,1.8902%,0.0,0.00%,0.0,0.0,0.00%,5897571.0,5788161.0
3396,109300.0,2.0383%,0.0,0.00%,0.0,0.0,0.00%,5471564.0,5362264.0
POMO4 BZ,109000.0,1.0655%,0.0,0.00%,0.0,0.0,0.00%,10338600.0,10229600.0
GLEN LN,108600.0,0.2281%,0.0,0.00%,0.0,0.0,0.00%,47718776.0,47610176.0
GEHC,107689.58999999613,0.2774%,62.29,0.96%,62.2967,4299978.18301,-29.21%,38927960.29,38820270.7
GRND3 BZ,106700.0,0.7839%,0.0,0.00%,0.0,0.0,0.00%,13717900.0,13611200.0
CSGP,106602.12999999523,0.2811%,33.05,0.39%,32.7113,8261064.284747,0.56%,38034953.05,37928350.92
002460 C2,105600.0,1.8159%,0.0,0.00%,0.0,0.0,0.00%,5920952.0,5815352.0
300450 C2,104900.0,1.8592%,0.0,0.00%,0.0,0.0,0.00%,5747210.0,5642310.0
NXPI,104612.24000000209,0.4003%,294.23,-3.84%,294.3057,4790603.255517,-3.72%,26236244.23,26131631.99
002600,103500.0,1.9973%,0.0,0.00%,0.0,0.0,0.00%,5285612.0,5182112.0
USB,102021.99000000954,0.0968%,54.48,-0.02%,54.4073,9068795.782346,15.56%,105452499.48,105350477.49
1211 HK,102000.0,1.3860%,0.0,0.00%,0.0,0.0,0.00%,7461559.0,7359559.0
SGML,101833.0,2.1107%,20.88,2.86%,20.4047,3232655.120311,-34.13%,4926405.0,4824572.0
TME,100379.0,1.7059%,9.07,-1.31%,9.2263,19016638.267856,137.86%,5984643.0,5884264.0
XEL,99631.30000000447,0.1485%,79.9,-0.87%,79.8522,9548208.393599,18.31%,67207022.9,67107391.6
601360,98900.0,2.0121%,0.0,0.00%,0.0,0.0,0.00%,5014118.0,4915218.0
ABNB,98732.4299999997,0.3108%,135.48,-1.15%,135.6796,4419932.97104,-14.55%,31867255.48,31768523.05
INDI,98653.0,0.5874%,4.61,-2.74%,4.5527,7349320.278681,2.44%,16892186.0,16793533.0
STM,96837.0,0.6350%,57.93,-3.64%,57.208,10838951.371828,0.71%,15346631.0,15249794.0
002466 C2,96794.0,1.8329%,0.0,0.00%,0.0,0.0,0.00%,5377799.0,5281005.0
603659 C1,96720.0,1.8745%,0.0,0.00%,0.0,0.0,0.00%,5256428.0,5159708.0
CRDO,96577.0,0.9733%,198.57,-5.54%,195.4391,6256340.81754,-21.79%,10019241.0,9922664.0
DDOG,96141.62000000104,0.3103%,199.94,-1.18%,198.8427,4803596.283061,-37.94%,31081664.94,30985523.32
AUR,96112.0,0.2727%,7.22,-0.55%,7.1488,25230510.609182,-19.96%,35346176.0,35250064.0
MO,95650.28000000119,0.1021%,69.89,1.87%,70.0041,8349360.389389,-21.29%,93813909.89,93718259.61
DXCM,94904.81000000238,0.2652%,61.14,3.05%,60.8668,6099683.017991,15.69%,35883476.14,35788571.33
DASH,94560.86000000313,0.3328%,155.19,-1.36%,155.8859,4968091.975039,14.04%,28504174.19,28409613.33
LUMN,93778.0,0.0764%,8.67,3.96%,8.534,9823019.759379,-34.22%,122876540.0,122782762.0
358 HK,92000.0,0.2303%,0.0,0.00%,0.0,0.0,0.00%,40031401.0,39939401.0
6762 JP,91212.0,1.8603%,0.0,0.00%,0.0,0.0,0.00%,4994346.0,4903134.0
KEY,90907.96999999881,0.0988%,21.28,-0.14%,21.197,9530303.729762,17.50%,92122628.28,92031720.31
3939 HK,90700.0,0.1919%,0.0,0.00%,0.0,0.0,0.00%,47345960.0,47255260.0
HPE,90493.34000000358,0.1007%,30.21,-2.14%,29.978,11200145.94811,-21.12%,89920450.21000001,89829956.87
CCEP,87783.0,0.7483%,92.92,-0.57%,93.1965,1575821.52477,-13.61%,11819312.0,11731529.0
CHRS,87309.0,2.2591%,1.71,-12.31%,1.7022,3463734.805842,-6.72%,3952117.0,3864808.0
ISRG,86073.81000000238,0.3125%,431.87,2.81%,430.0377,2351616.482848,-41.69%,27626112.87,27540039.06
NOW,85928.50999999791,0.1400%,89.0,-2.72%,89.8127,22354586.342216,4.45%,61474570.0,61388641.49
ADP,85769.1400000006,0.2513%,213.81,1.01%,214.1235,4018272.025625,77.79%,34214136.81,34128367.67
TRI,84874.0,0.7323%,87.265,-2.19%,87.4637,4209325.900013,131.13%,11674876.09,11590002.09
CTAS,84415.75,0.2881%,165.42,0.46%,165.8036,1986403.284058,-3.37%,29389310.42,29304894.67
WDC,83377.91000000015,0.2704%,488.74,-5.25%,486.4921,7772990.852045,-22.44%,30914518.74,30831140.83
AEP,82951.23999999464,0.1642%,131.94,0.95%,131.5815,2756533.81666,-13.29%,50606694.94,50523743.7
772,82600.0,2.0319%,0.0,0.00%,0.0,0.0,0.00%,4147813.0,4065213.0
APP,82267.26999999955,0.3284%,490.69,2.56%,487.2932,4690505.407717,2.67%,25133535.69,25051268.42
CDNS,82015.83999999985,0.3022%,358.04,-1.69%,357.815,1995544.197344,-24.48%,27217982.04,27135966.2
ON,81342.86999999732,0.2106%,104.11,-2.92%,102.322,9865643.573587,1.84%,38701175.11,38619832.24
HBAN,80785.87999999523,0.0507%,15.84,-0.75%,15.7854,33253287.196485,88.29%,159373333.84,159292547.96
NXT AU,80719.0,0.8400%,0.0,0.00%,0.0,0.0,0.00%,9690677.0,9609958.0
700,80500.0,1.4045%,0.0,0.00%,0.0,0.0,0.00%,5812255.0,5731755.0
KO,79846.37000000477,0.0386%,80.03,1.74%,79.7927,19873765.718106,81.20%,206731819.03,206651972.66
SOUN,79693.0,0.4367%,8.06,-4.62%,8.051,28658031.750121,-19.52%,18329827.0,18250134.0
TER,78802.80999999866,0.5456%,358.45,-2.23%,354.8957,5646006.895031,27.51%,14522355.45,14443552.64
PAYX,78662.83000000194,0.2629%,93.71,-0.18%,93.8342,3558465.964205,4.52%,30005509.71,29926846.88
SVC,77740.0,0.3455%,1.62,1.25%,1.6369,15594879.987208,83.70%,22576786.0,22499046.0
6752 JP,77308.0,1.8566%,0.0,0.00%,0.0,0.0,0.00%,4241194.0,4163886.0
MSTR,75271.0,0.4065%,184.42,-5.88%,185.5178,14769685.040184,-8.05%,18592935.0,18517664.0
RIO,74360.0,1.5243%,109.5,1.48%,108.3127,2143627.044233,-16.12%,4952593.0,4878233.0
AMC,74300.0,0.4143%,1.34,-4.96%,1.3681,21406343.446713,0.47%,18009168.46,17934868.46
002195,74200.0,1.8709%,0.0,0.00%,0.0,0.0,0.00%,4040188.0,3965988.0
INTU,73873.44999999925,0.3210%,387.74,-1.41%,389.2995,2575224.487105,58.72%,23084775.74,23010902.29
PM,73684.82000000775,0.0994%,186.93,2.65%,187.5118,7866762.428975,12.11%,74195584.93,74121900.11
AUTO NO,72670.0,0.2760%,0.0,0.00%,0.0,0.0,0.00%,26405514.0,26332844.0
601179,72600.0,2.0628%,0.0,0.00%,0.0,0.0,0.00%,3592062.0,3519462.0
TSM,71379.0,0.3859%,397.28,-1.79%,393.6894,18130828.639104,23.51%,18569742.0,18498363.0
IVN CN,71220.0,0.2292%,0.0,0.00%,0.0,0.0,0.00%,31139191.0,31067971.0
RIOT,71147.0,0.4229%,24.51,-3.28%,24.2433,18226157.461751,-2.56%,16893429.0,16822282.0
300433,70800.0,2.0087%,0.0,0.00%,0.0,0.0,0.00%,3595518.0,3524718.0
600703,70600.0,2.0211%,0.0,0.00%,0.0,0.0,0.00%,3563739.0,3493139.0
FCX,69819.65999999642,0.0931%,66.03,2.58%,64.8298,14535069.359297,-2.14%,75048836.03,74979016.37
IGO AU,69302.0,1.5719%,0.0,0.00%,0.0,0.0,0.00%,4478230.0,4408928.0
CRWD,68510.91999999806,0.3351%,546.18,0.72%,545.2803,3545374.683842,26.92%,20515169.18,20446658.26
CIFR,68371.0,0.4041%,20.06,-1.08%,19.4601,23459993.284527,-17.44%,16988878.0,16920507.0
COMP,68044.0,0.2950%,8.36,-4.57%,8.4301,12316196.709684,-10.36%,23134542.0,23066498.0
FFM AU,67020.0,0.2296%,0.0,0.00%,0.0,0.0,0.00%,29258082.0,29191062.0
CAG,66823.0700000003,0.1162%,14.0,0.50%,14.0592,12678086.382931,-7.81%,57593132.0,57526308.93
CDE,66328.0,0.0870%,20.17,1.87%,19.6462,18984637.763909,-8.74%,76324481.0,76258153.0
NVTS,66276.0,0.4768%,19.25,-15.01%,19.6405,47324187.375216,-33.27%,13965557.0,13899281.0
MARA,66182.0,0.1243%,12.72,-5.00%,12.3673,50206595.39935,0.94%,53293098.0,53226916.0
MP,66138.0,0.3904%,65.59,-2.70%,65.1203,5822870.94384,-19.80%,17005956.0,16939818.0
ROST,65859.12000000104,0.2645%,217.67,1.45%,216.1732,3257449.866629,-40.78%,24967819.67,24901960.55
TFC,65382.81999999285,0.0773%,47.79,-0.38%,47.6781,8684815.18005,32.61%,84655483.78999999,84590100.97
RECV3 BZ,65200.0,1.0876%,0.0,0.00%,0.0,0.0,0.00%,6060300.0,5995100.0
SNAP,65042.0,0.4263%,5.55,-3.48%,5.5486,44657865.943819,-4.09%,15321356.0,15256314.0
ALAB,64871.0,0.8081%,204.42,-1.41%,202.4093,5053764.70979,-10.00%,8092114.0,8027243.0
PFE,63957.060000002384,0.0217%,25.87,0.23%,25.9254,26819826.723439,-38.43%,294191341.87,294127384.81
ENTG,63044.0,0.4624%,145.31,-2.57%,143.1247,2864512.721872,-9.35%,13697839.0,13634795.0
CMG,62714.75,0.0803%,32.67,2.35%,32.6458,13451164.136445,-27.87%,78206314.67,78143599.92
RMBS,62217.0,0.4626%,130.28,-3.14%,127.018,2962785.300754,49.48%,13512304.0,13450087.0
CL,62178.69999999553,0.1235%,87.44,0.81%,87.726,4995093.728476,13.57%,50420498.44,50358319.74
KOPN,61981.0,0.4273%,5.35,7.65%,5.5192,40233444.925267,194.45%,14568765.0,14506784.0
CCL,61835.409999996424,0.0840%,24.85,-2.32%,24.9157,30911853.805208,-16.99%,73663953.85,73602118.44
002738 C2,61600.0,1.8635%,0.0,0.00%,0.0,0.0,0.00%,3367156.0,3305556.0
EA,61502.97000000253,0.2169%,200.19,-0.01%,200.2558,2134191.23822,-10.07%,28414003.19,28352500.22
OPK,61010.0,0.3335%,1.1,-1.79%,1.1089,1922293.075303,18.23%,18355993.0,18294983.0
MA,60914.0,0.1421%,499.81,0.40%,502.4118,3296342.941495,-16.75%,42932994.81,42872080.81
CEG,60682.91000000015,0.2123%,293.6,-2.03%,293.0821,3761523.914927,-40.05%,28643592.6,28582909.69
SQM,60680.0,2.1609%,94.63,1.30%,93.4705,879678.699327,-35.12%,2868760.0,2808080.0
GM,60385.14999999851,0.1193%,76.44,1.53%,76.1568,5272621.893426,-17.19%,50672351.44,50611966.29
WDAY,60362.199999999255,0.3144%,118.62,-2.31%,119.8387,2816311.328722,-24.08%,19260231.62,19199869.42
2577,60300.0,2.0604%,0.0,0.00%,0.0,0.0,0.00%,2986888.0,2926588.0
MAR,59828.91000000015,0.3559%,350.23,-0.87%,351.4451,1297695.269073,-24.96%,16870537.23,16810708.32
WULF,59808.0,0.3475%,22.8,-2.44%,22.404,24996446.854259,-0.91%,17272838.0,17213030.0
HL,59737.0,0.0643%,20.57,-0.48%,19.9614,19138167.163871,-24.51%,92895815.0,92836078.0
CS CN,59660.0,0.2292%,0.0,0.00%,0.0,0.0,0.00%,26092754.0,26033094.0
ADSK,59375.800000000745,0.3053%,234.87,-0.51%,236.2041,1491488.465245,-22.59%,19507311.87,19447936.07
VICI,58915.62999999523,0.0723%,28.55,-1.28%,28.6798,8033265.349545,6.35%,81599741.55,81540825.92
ERIC,58560.0,1.7455%,12.33,-1.28%,12.3333,10333684.039187,-4.95%,3413465.0,3354905.0
RGTI,58156.0,0.4050%,19.07,-7.02%,19.6958,49520601.034295,10.98%,14417279.0,14359123.0
9626,58060.0,2.0289%,0.0,0.00%,0.0,0.0,0.00%,2919740.0,2861680.0
BYND,58021.0,0.3685%,0.7948,-1.71%,0.7846,43585597.293075,-15.89%,15804055.0,15746034.0
1385,58000.0,2.0153%,0.0,0.00%,0.0,0.0,0.00%,2935964.0,2877964.0
DOC,57581.02000000328,0.0863%,19.78,0.10%,19.6151,6594164.841982,-22.13%,66811884.78,66754303.76
BTBT,57571.0,0.2677%,1.96,-8.84%,1.942,32164522.579515,-45.82%,21559746.0,21502175.0
6613,57400.0,2.0465%,0.0,0.00%,0.0,0.0,0.00%,2862230.0,2804830.0
SNPS,56427.01999999955,0.3073%,513.21,-0.58%,512.4422,1217697.588359,-7.06%,18419538.44,18363111.42
BK,56321.94999999553,0.1250%,133.44,0.72%,133.1228,2924212.496644,-18.91%,45106272.44,45049950.49
GEN,55482.640000000596,0.1132%,22.04,-1.61%,22.0982,8864051.965511,-2.78%,49048043.04,48992560.4
INTB3 BZ,54400.0,1.0424%,0.0,0.00%,0.0,0.0,0.00%,5273000.0,5218600.0
KKR,53920.009999997914,0.1330%,99.47,0.01%,99.1035,6366413.812911,20.30%,40584622.47,40530702.46
ALB,53912.52999999933,0.4100%,205.52,-2.13%,205.2416,1805205.516066,-35.79%,13203811.52,13149898.99
OM CN,53840.0,0.2301%,0.0,0.00%,0.0,0.0,0.00%,23449297.0,23395457.0
HPQ,53766.409999996424,0.0598%,21.08,-2.72%,21.0916,15587831.219329,-29.77%,89892056.08,89838289.67
STX,53192.77999999933,0.3221%,808.795,-3.02%,798.36,3798097.331679,-37.52%,16569320.79,16516128.01
002812 C2,52800.0,1.8052%,0.0,0.00%,0.0,0.0,0.00%,2977659.0,2924859.0
AIG,52368.33999999985,0.1743%,76.4,0.45%,76.1721,4776830.508261,53.01%,30090772.4,30038404.06
BBAI,52258.0,0.2262%,4.19,-3.01%,4.1551,34892764.581417,-23.15%,23159104.0,23106846.0
AMG NA,51386.0,2.4468%,0.0,0.00%,0.0,0.0,0.00%,2151515.0,2100129.0
ADM,51353.889999993145,0.1281%,80.73,1.11%,80.7911,4293781.302438,27.13%,40143028.73,40091674.84
CORZ,51074.0,0.3553%,22.79,-0.70%,22.3394,10097038.633695,-27.85%,14426501.0,14375427.0
VRTX,51069.11999999732,0.2426%,448.29,3.01%,448.8762,1398284.765423,10.61%,21105979.29,21054910.17
EVH,50846.0,1.1357%,4.16,5.05%,4.1251,3433303.16883,-26.42%,4527728.0,4476882.0
QBTS,50760.0,0.3329%,22.35,-6.99%,22.717,46894210.343034,29.80%,15300647.0,15249887.0
GIS,50681.33000000566,0.1015%,34.13,0.98%,34.2383,9720402.039412,-28.55%,49993573.13,49942891.8
XYZ,50374.949999999255,0.1601%,72.12,-1.44%,72.1544,6222165.595276,16.97%,31511392.12,31461017.17
APH,50291.40000000596,0.0699%,127.87,4.41%,126.8242,15959347.737493,-35.53%,72001769.87,71951478.47
KLAC,50084.16000000015,0.3727%,1811.35,-1.83%,1784.361,1029400.078907,-15.13%,13489635.35,13439551.19
PLAB,49934.0,0.5819%,51.98,-5.42%,51.698,1035781.831,14.95%,8630508.0,8580574.0
JOBY,49859.0,0.2177%,10.49,-2.33%,10.3539,27975047.562312,-34.85%,22953195.0,22903336.0
ORC,49600.0,0.3661%,6.96,-0.85%,6.9973,3781743.237594,8.56%,13598700.0,13549100.0
BX,49503.359999999404,0.1313%,122.76,1.12%,122.2187,3957902.563469,-5.48%,37744162.76,37694659.4
ARM,49442.0,0.7340%,207.92,-2.22%,207.4331,7839579.6427,-25.69%,6785218.0,6735776.0
PTON,49342.0,0.3354%,5.39,1.51%,5.3432,15122743.612702,28.53%,14762028.0,14712686.0
NDM CN,49340.0,0.2301%,0.0,0.00%,0.0,0.0,0.00%,21488147.0,21438807.0
NEM,49175.01999999583,0.0771%,119.69,-0.81%,118.7788,5756388.986157,-18.36%,63839302.69,63790127.67
COF,48456.78000000119,0.0994%,183.71,-0.12%,183.7612,5540273.805472,-4.00%,48796802.71,48748345.93
ITSA4 BZ,48100.0,1.0795%,0.0,0.00%,0.0,0.0,0.00%,4503700.0,4455600.0
AGNC,48057.0,0.1429%,10.74,-0.56%,10.7653,12384934.23412,8.49%,33669572.0,33621515.0
VNET,47965.0,0.8212%,9.02,-1.31%,9.1475,7594149.104948,-17.97%,5888904.0,5840939.0
HON,47842.4299999997,0.0928%,218.54,-0.26%,218.0886,3590648.500464,-19.38%,51583273.54,51535431.11
FIS,47821.650000002235,0.1664%,43.01,1.53%,42.6769,7938662.310877,-25.75%,28781498.01,28733676.36
FISV,47419.48999999836,0.1680%,54.88,0.90%,54.8514,6321369.873608,-1.59%,28270195.88,28222776.39
WY,47224.03000000119,0.1053%,23.45,0.13%,23.4988,6219172.172501,26.86%,44889610.45,44842386.42
HRL,47196.02000000328,0.1321%,20.18,0.10%,20.2166,4589539.065687,-11.67%,35764606.18,35717410.16
BKR,46901.640000000596,0.0465%,65.24,0.99%,64.8348,6467300.141267,-3.51%,100871703.24,100824801.6
IVZ,46828.390000000596,0.1162%,28.38,1.39%,28.1945,5210717.789614,34.80%,40363824.38,40316995.99
1810 HK,46800.0,0.2814%,0.0,0.00%,0.0,0.0,0.00%,16679400.0,16632600.0
688126,46800.0,2.0299%,0.0,0.00%,0.0,0.0,0.00%,2352320.0,2305520.0
CCI,46455.82999999821,0.1564%,91.5,0.92%,91.3594,3809382.505232,4.63%,29746832.5,29700376.67
KIM,46238.07999999821,0.0751%,23.55,0.34%,23.4912,4889249.090804,29.76%,61647303.55,61601065.47
TTWO,46204.51999999955,0.2299%,225.99,2.04%,226.3135,1785622.584951,-13.36%,20142573.99,20096369.47
600707,46200.0,1.7843%,0.0,0.00%,0.0,0.0,0.00%,2635422.0,2589222.0
FSLY,45840.0,0.7206%,19.03,-2.81%,18.9509,8736496.842592,-46.10%,6407590.0,6361750.0
APLD,45806.0,0.3768%,43.93,-1.48%,43.2911,20248342.329474,-26.03%,12202295.0,12156489.0
O,45672.17000000179,0.0624%,62.53,0.27%,62.5475,5549515.158602,-2.35%,73270757.53,73225085.36
ODFL,45013.0,0.2791%,191.12,-2.05%,190.2055,1899815.980593,57.30%,16173317.12,16128304.12
ANET,44986.109999999404,0.0784%,142.54,4.48%,140.3786,12796119.15266,-30.91%,57444655.54,57399669.43
600588,44500.0,1.8249%,0.0,0.00%,0.0,0.0,0.00%,2482991.0,2438491.0
UBER,44425.20999999344,0.0433%,76.36,0.28%,76.2813,17241005.054327,-9.24%,102610417.36,102565992.15
HST,44386.97999999672,0.0781%,21.76,-0.09%,21.756,8726323.718745,-0.62%,56869709.76,56825322.78
CLSK,44141.0,0.1205%,13.47,-5.80%,13.164,31996487.166008,5.87%,36661416.0,36617275.0
LAB,44139.0,0.3277%,1.01,2.02%,0.9981,2131048.852609,-1.95%,13514597.0,13470458.0
600100,43700.0,1.8236%,0.0,0.00%,0.0,0.0,0.00%,2440068.0,2396368.0
DX,43689.0,0.3866%,13.3,-0.52%,13.3311,3974682.506399,-7.12%,11344288.0,11300599.0
MET,43601.660000003874,0.1023%,78.64,0.85%,78.2537,2830983.693239,-9.76%,42669895.64,42626293.98
MQ,43532.0,0.3167%,3.99,-1.60%,3.9896,3057599.250512,-6.75%,13789422.0,13745890.0
NCLH,42830.42000000179,0.1286%,16.0,-3.50%,16.1262,21546919.796102,-29.57%,33338592.0,33295761.58
002236,42700.0,1.8091%,0.0,0.00%,0.0,0.0,0.00%,2403010.0,2360310.0
INSM,42683.0,0.3519%,116.0,11.66%,114.2501,8274773.973651,4.76%,12172177.0,12129494.0
SFR AU,42080.0,0.2293%,0.0,0.00%,0.0,0.0,0.00%,18392425.0,18350345.0
002185,41900.0,1.8216%,0.0,0.00%,0.0,0.0,0.00%,2342076.0,2300176.0
002065,41900.0,1.8457%,0.0,0.00%,0.0,0.0,0.00%,2312086.0,2270186.0
SYY,41725.410000003874,0.1177%,72.98,0.56%,72.8631,2863698.838337,-10.26%,35482611.980000004,35440886.57
300124 C2,41600.0,0.2840%,0.0,0.00%,0.0,0.0,0.00%,14689424.0,14647824.0
000066,41600.0,1.8125%,0.0,0.00%,0.0,0.0,0.00%,2336812.0,2295212.0
VISN,41206.0,0.4396%,11.77,-2.00%,11.7007,8774456.661921,-10.52%,9413905.0,9372699.0
PACB,40896.0,0.3136%,1.28,-5.54%,1.3025,6861425.385591,46.92%,13083238.0,13042342.0
VZ,40800.70000001788,0.0175%,47.93,1.48%,47.9037,18131740.213413,-2.31%,233820321.93,233779521.23
BORR,40593.0,0.4091%,6.16,0.00%,6.1161,6133663.481776,1.93%,9963511.0,9922918.0
VULC3 BZ,40500.0,1.1161%,0.0,0.00%,0.0,0.0,0.00%,3669260.0,3628760.0
000938,40500.0,1.9925%,0.0,0.00%,0.0,0.0,0.00%,2073089.0,2032589.0
CWAN,40146.0,0.3515%,24.34,-0.16%,24.3668,2645244.232695,-45.95%,11461390.0,11421244.0
PGR,39607.510000005364,0.1173%,198.42,0.77%,198.8158,2492569.866763,4.40%,33803216.42,33763608.91
NG,38979.0,0.4152%,9.14,-0.87%,9.0308,2237269.664875,-11.43%,9426206.0,9387227.0
BAX,38704.359999999404,0.1009%,17.89,2.05%,17.8543,7160752.069756,-1.09%,38384634.89,38345930.53
STNE,38438.0,0.4551%,10.38,-0.38%,10.3411,4830812.446868,-12.93%,8483691.0,8445253.0
GT,38351.0,0.1414%,5.86,-1.51%,5.8819,10738488.440314,-58.07%,27151725.0,27113374.0
CLOV,38286.0,0.2524%,3.28,2.50%,3.2677,7567865.93317,-23.88%,15206486.0,15168200.0
BEN,38257.13000000268,0.0972%,31.68,0.41%,31.4343,4084859.613933,8.55%,39386425.68,39348168.55
AFL,38236.6799999997,0.1430%,116.16,0.59%,115.9035,2161680.438356,5.15%,26777247.16,26739010.48
BULL,38093.0,0.3990%,7.02,-0.71%,6.9391,7949682.258186,-16.79%,9584644.0,9546551.0
FITB,38070.98000000417,0.0557%,48.63,-0.04%,48.467,5134657.454808,14.39%,68375326.22,68337255.24
EXTR,38006.0,0.2179%,22.79,-6.25%,23.0262,2223612.703718,-2.51%,17478286.0,17440280.0
MTSI,37952.0,0.5646%,362.76,-0.85%,353.8061,1601437.858226,-15.08%,6760224.0,6722272.0
IPX,37920.0,2.5050%,40.48,-1.96%,39.955,378960.59036,-2.89%,1551676.0,1513756.0
INVH,37429.539999999106,0.0772%,28.46,-1.59%,28.5972,6688838.095142,21.57%,48547868.46,48510438.92
SBRA,37398.0,0.1391%,20.97,1.40%,20.874,1434596.196859,-1.61%,26914698.0,26877300.0
BSX,37328.72999998927,0.0507%,54.1,1.37%,54.0518,15910037.417101,-26.37%,73619185.1,73581856.37
PL,36761.0,0.2688%,40.68,-2.77%,40.0495,8955089.300492,-26.72%,13710948.0,13674187.0
APO,36716.46999999881,0.1368%,131.93,1.13%,131.2866,2687163.779768,-13.22%,26874180.93,26837464.46
WALD,36580.0,2.4517%,1.71,2.40%,1.7168,334549.843965,-16.00%,1528587.0,1492007.0
CCC,36543.0,0.2355%,4.52,-7.38%,4.6146,8484304.040207,38.67%,15557003.0,15520460.0
AMKR,36414.0,0.3758%,73.45,-4.22%,72.4943,3416724.898602,-7.87%,9726560.0,9690146.0
AMT,36388.35000000149,0.1458%,178.82,0.76%,178.3002,3381808.594752,37.67%,24999012.82,24962624.47
LASR,36244.0,1.1605%,83.81,-1.34%,81.467,1619648.357482,-32.41%,3159348.0,3123104.0
SIGA,36227.0,2.3888%,4.45,-2.20%,4.4283,629640.411933,26.23%,1552743.0,1516516.0
ITM LN,35874.0,0.9776%,0.0,0.00%,0.0,0.0,0.00%,3705373.0,3669499.0
NEXT,35755.0,0.4767%,8.5,5.20%,8.3087,2726573.747705,-17.61%,7535693.0,7499938.0
OPTU,35642.0,0.3912%,0.9516,-10.23%,1.0,3828384.589842,-51.66%,9147317.0,9111675.0
PLD,35589.689999997616,0.0711%,143.76,-0.22%,143.6596,2564373.626658,-4.52%,50060267.76,50024678.07
CPB,35476.76000000164,0.1229%,20.39,-1.16%,20.4583,6468699.267943,4.11%,28899852.39,28864375.63
300296,35400.0,1.8901%,0.0,0.00%,0.0,0.0,0.00%,1908302.0,1872902.0
SIMH3,35152.0,41.6908%,0.0,0.00%,0.0,0.0,0.00%,119468.0,84316.0
IONQ,35107.0,0.2786%,55.87,-1.79%,55.93,51692796.000718,-15.93%,12636520.0,12601413.0
SNDK,35086.45999999903,0.2901%,1452.02,-6.17%,1433.7853,17139413.314703,3.77%,12131389.02,12096302.56
2317 TT,35000.0,0.3202%,0.0,0.00%,0.0,0.0,0.00%,10964000.0,10929000.0
AIRS,34984.0,7.8012%,4.16,-4.37%,3.9794,2818426.801762,-6.68%,483430.0,448446.0
3350 JP,34900.0,0.4333%,0.0,0.00%,0.0,0.0,0.00%,8088500.0,8053600.0
BKD,34554.0,0.3732%,12.98,1.33%,13.0183,2685635.406808,-43.36%,9293188.0,9258634.0
MVIS,34440.0,0.2367%,0.6972,-3.94%,0.6934,7100374.677513,-47.43%,14584098.0,14549658.0
600183,34400.0,1.9991%,0.0,0.00%,0.0,0.0,0.00%,1755204.0,1720804.0
ZS,34104.0,0.4714%,146.17,-1.81%,146.7878,2323750.006384,-8.56%,7268756.0,7234652.0
601231,33900.0,1.9699%,0.0,0.00%,0.0,0.0,0.00%,1754784.0,1720884.0
ABT,33824.789999991655,0.0365%,84.35,2.17%,84.174,16392507.242502,-0.41%,92810400.35,92776575.56
LAC CN,33786.0,1.3823%,0.0,0.00%,0.0,0.0,0.00%,2477991.0,2444205.0
MRSH,33760.810000002384,0.1338%,163.39,1.12%,163.2507,3276416.841772,-22.29%,25261187.39,25227426.58
DLR,33604.03000000119,0.1383%,195.27,-0.49%,195.069,1894075.947626,46.22%,24329587.27,24295983.24
DIOD,33569.0,0.4859%,103.45,-7.63%,104.0777,911511.540418,12.50%,6942707.0,6909138.0
IRT,33387.0,0.1394%,16.46,0.06%,16.4335,2033935.254704,48.15%,23977288.0,23943901.0
688041,33253.0,2.0158%,0.0,0.00%,0.0,0.0,0.00%,1682843.0,1649590.0
PATH,33081.0,0.0889%,10.01,-6.10%,10.1607,30618105.316551,-17.14%,37228833.0,37195752.0
002230,32900.0,2.0104%,0.0,0.00%,0.0,0.0,0.00%,1669378.0,1636478.0
TSN,32899.38000000268,0.1519%,67.46,0.57%,67.6058,2144095.763139,-38.17%,21689784.46,21656885.08
HBM CN,32880.0,0.2287%,0.0,0.00%,0.0,0.0,0.00%,14411079.0,14378199.0
688728,32800.0,1.8475%,0.0,0.00%,0.0,0.0,0.00%,1808146.0,1775346.0
PSKY,32597.789999999106,0.0622%,10.69,-1.93%,10.6954,11018791.67421,-16.93%,52463539.69,52430941.9
TGB,32580.0,0.2207%,7.93,4.76%,7.6702,6416132.195955,4.86%,14794808.0,14762228.0
002938,32500.0,2.0087%,0.0,0.00%,0.0,0.0,0.00%,1650465.0,1617965.0
002152,32400.0,1.8896%,0.0,0.00%,0.0,0.0,0.00%,1747022.0,1714622.0
MPWR,32357.419999999925,0.5302%,1599.52,-3.71%,1585.266,732171.524139,39.01%,6135409.52,6103052.1
GLW,32210.85000000149,0.0695%,198.24,-4.41%,196.3692,23121759.038884,3.22%,46368683.24,46336472.39
000050,32100.0,1.7755%,0.0,0.00%,0.0,0.0,0.00%,1840088.0,1807988.0
002127,32100.0,1.5700%,0.0,0.00%,0.0,0.0,0.00%,2076732.0,2044632.0
VRSK,32017.75,0.2707%,166.32,-1.33%,167.7143,1762346.860038,23.91%,11859903.32,11827885.57
002153,32000.0,1.9672%,0.0,0.00%,0.0,0.0,0.00%,1658682.0,1626682.0
300017,31900.0,1.8901%,0.0,0.00%,0.0,0.0,0.00%,1719666.0,1687766.0
NUVB,31898.0,0.2420%,4.84,1.68%,4.7767,2540752.022839,-8.60%,13212467.0,13180569.0
SYF,31897.55999999866,0.1162%,70.84,0.80%,70.4602,5917683.206067,32.00%,27491465.84,27459568.28
NXDR,31554.0,0.3668%,1.94,0.52%,1.9241,2883902.387692,-31.05%,8633151.0,8601597.0
DHC,31193.0,0.2701%,8.36,-0.71%,8.3233,1329766.543118,-1.99%,11580042.0,11548849.0
ASML,30591.0,0.6263%,1520.94,-2.87%,1508.9979,1846820.979595,-15.72%,4914831.0,4884240.0
KRG,30572.0,0.1436%,26.76,0.34%,26.7367,2862829.316634,115.47%,21319178.0,21288606.0
FANG,30491.0,0.1282%,198.15,1.02%,197.9456,1783526.583986,-22.14%,23806193.15,23775702.15
HIG,30404.0,0.1287%,133.11,0.76%,133.2358,1231494.382964,-7.73%,23649884.11,23619480.11
UUUU,30278.0,0.1499%,20.95,-4.95%,20.7552,10250585.584079,-29.57%,20223513.0,20193235.0
SMTC,30255.0,0.2403%,132.08,-3.26%,128.5593,3335446.416694,-21.61%,12622831.0,12592576.0
CTRE,30243.0,0.1365%,42.09,3.80%,41.6117,2487400.61392,-29.61%,22181421.0,22151178.0
FRSH,30238.0,0.3364%,8.5,-1.28%,8.5762,9814558.678174,-24.04%,9018834.0,8988596.0
SFL,30182.0,0.5564%,12.8,6.67%,12.6416,2705959.628514,139.12%,5454512.0,5424330.0
AVR,30112.0,1.0943%,6.7,2.92%,6.5806,565988.3402,-31.07%,2781875.0,2751763.0
GPGI,30017.0,0.4404%,12.82,-3.75%,12.8384,3440194.661518,-32.48%,6845368.0,6815351.0
BPSFT,30000.0,18.5185%,0.0,0.00%,0.0,0.0,0.00%,192000.0,162000.0
6443,30000.0,0.1436%,0.0,0.00%,0.0,0.0,0.00%,20928168.0,20898168.0
ESPR,29962.0,0.2541%,3.13,0.00%,3.1341,9087954.589404,-54.10%,11820651.0,11790689.0
ACGL,29759.480000000447,0.1119%,94.31,0.51%,94.3089,2294561.268161,1.01%,26624205.31,26594445.83
ZETA,29537.0,0.3496%,16.25,-1.57%,16.1817,9088653.085166,-5.13%,8478813.0,8449276.0
V,29310.560000002384,0.0312%,326.42,0.79%,326.7401,6235109.579527,-34.96%,94071261.42,94041950.86
ROP,29279.139999998733,0.2758%,323.94,-1.48%,325.3725,1002628.787441,-26.57%,10645206.94,10615927.8
NAT,29207.0,0.2830%,5.83,0.17%,5.8055,2069238.350142,-31.00%,10350615.0,10321408.0
TJX,29174.35000000149,0.0445%,150.26,0.91%,149.908,5318156.076196,-7.84%,65606692.26,65577517.91
FM CN,28760.0,0.2287%,0.0,0.00%,0.0,0.0,0.00%,12605151.0,12576391.0
300024 C2,28600.0,0.2850%,0.0,0.00%,0.0,0.0,0.00%,10062584.0,10033984.0
AHR,28485.0,0.1471%,51.47,2.16%,51.2165,2612980.330925,-6.02%,19388732.0,19360247.0
WELL,28402.659999996424,0.0701%,217.5,1.24%,217.2594,2932192.040415,11.41%,40553156.5,40524753.84
688249,28326.0,2.0629%,0.0,0.00%,0.0,0.0,0.00%,1401412.0,1373086.0
600845,28200.0,1.8019%,0.0,0.00%,0.0,0.0,0.00%,1593233.0,1565033.0
HLMN,28023.0,0.3972%,7.56,-2.07%,7.5369,1087063.959664,-11.56%,7083853.0,7055830.0
MKC,27961.759999997914,0.1405%,46.83,-0.51%,47.1429,3769662.709567,-14.62%,19931111.83,19903150.07
RC,27823.0,0.3522%,1.8,1.69%,1.7405,3405332.188482,21.85%,7927500.0,7899677.0
CB,27782.779999997467,0.1507%,322.04,0.56%,322.0144,1605784.247099,25.88%,18460745.04,18432962.26
IVR,27682.0,0.3501%,8.17,-0.24%,8.191,1441977.597859,-27.34%,7935594.0,7907912.0
PNC,27680.620000001043,0.1239%,215.21,0.29%,214.6755,1529770.731377,-43.31%,22364810.21,22337129.59
LUN CN,27400.0,0.2287%,0.0,0.00%,0.0,0.0,0.00%,12007663.0,11980263.0
002463,27300.0,1.9884%,0.0,0.00%,0.0,0.0,0.00%,1400264.0,1372964.0
MOS,27275.60000000149,0.1076%,22.39,2.75%,22.0813,11121362.224591,-35.91%,25377814.39,25350538.79
600601,27200.0,0.9120%,0.0,0.00%,0.0,0.0,0.00%,3009500.0,2982300.0
300408,27194.0,2.0081%,0.0,0.00%,0.0,0.0,0.00%,1381406.0,1354212.0
KLIC,27078.0,0.3824%,98.0,-6.02%,97.8487,971602.800107,-13.32%,7108053.0,7080975.0
BB,27011.0,0.5482%,6.22,0.00%,6.0957,19197647.243043,-31.16%,4954228.0,4927217.0
DOW,26993.670000001788,0.0584%,39.43,1.73%,39.2768,8792715.393124,-6.58%,46275573.43,46248579.76
KMB,26826.58999999985,0.0890%,97.34,1.66%,97.0602,5348172.207954,3.47%,30152404.34,30125577.75
TRMB,26663.469999998808,0.1556%,56.51,-2.64%,56.8421,2573387.737457,-1.73%,17164461.509999998,17137798.04
PRU,26614.460000000894,0.0762%,102.58,1.44%,102.0348,1756539.283039,19.97%,34957670.58,34931056.12
TIC,26544.0,0.3746%,9.4,-3.29%,9.3888,2035870.260963,10.23%,7112431.0,7085887.0
VTRS,26516.25,0.0316%,17.17,1.48%,17.028,12267772.791487,-13.11%,84024713.17,83998196.92
EL,26420.140000000596,0.1760%,84.89,2.59%,84.2819,3118535.544804,0.87%,15038200.89,15011780.75
SGHC,26409.0,0.4721%,12.92,-1.97%,13.2951,12859100.234867,97.12%,5620045.0,5593636.0
EU,26403.0,0.1468%,1.65,-1.20%,1.6266,3416801.607373,-24.24%,18010975.0,17984572.0
STT,26255.279999997467,0.1278%,150.45,0.19%,150.1489,1704329.287291,-6.63%,20563409.45,20537154.17
ALNY,26123.0,0.3534%,292.03,2.52%,292.6674,826171.925404,-35.85%,7417531.0,7391408.0
QUBT,26019.0,0.2811%,11.78,15.72%,12.6623,141080797.101521,347.01%,9280663.0,9254644.0
BRO,25765.419999998063,0.1392%,55.77,0.76%,56.0148,5460063.86219,0.83%,18538697.77,18512932.35
BLZE,25758.0,1.2986%,7.03,-1.68%,6.9073,1460431.12283,-26.30%,2009319.0,1983561.0
FFAI,25698.0,0.4140%,0.4109,3.68%,0.4075,13772214.89412,-9.11%,6233216.0,6207518.0
BMNR,25696.0,0.4406%,21.67,-5.86%,21.7072,45054867.683941,11.76%,5857301.0,5831605.0
TE,25475.0,0.2376%,5.85,-3.15%,6.1103,37096449.944316,101.32%,10748319.0,10722844.0
QSI,25334.0,0.3117%,0.9445,2.42%,0.9456,10063496.114059,73.91%,8152854.0,8127520.0
GTX,25307.0,0.3841%,29.57,1.48%,29.5122,3712621.108224,42.60%,6613555.0,6588248.0
WRB,25304.14999999851,0.1013%,66.56,0.23%,66.5609,1276576.031674,-23.65%,25003254.56,24977950.41
300383,25300.0,2.0582%,0.0,0.00%,0.0,0.0,0.00%,1254503.0,1229203.0
SCCO,25251.319999999832,1.0277%,189.8515,2.50%,185.7547,2028763.472543,2.27%,2482296.32,2457045.0
EOSE,25241.0,0.1957%,8.1,-5.48%,8.0705,29717452.816476,-24.92%,12924262.0,12899021.0
DBRG,25074.0,0.2704%,15.63,-0.13%,15.6338,3646694.267073,62.01%,9299474.0,9274400.0
PAYO,25058.0,0.0713%,5.12,0.20%,5.1141,5701519.714351,-2.72%,35154157.0,35129099.0
288,25000.0,0.4488%,0.0,0.00%,0.0,0.0,0.00%,5595536.0,5570536.0
TAP,24905.900000000373,0.1635%,41.34,-0.24%,41.36,4624725.68044,45.01%,15261267.34,15236361.44
600570,24800.0,1.8356%,0.0,0.00%,0.0,0.0,0.00%,1375875.0,1351075.0
BMY,24739.780000001192,0.0246%,56.45,1.40%,56.4526,9274358.383891,10.53%,100784884.45,100760144.67
GPN,24713.83999999985,0.1683%,68.61,-0.23%,68.6806,2785971.660106,16.41%,14708226.61,14683512.77
BRSP,24711.0,0.2922%,5.73,-1.55%,5.761,1654755.899856,35.67%,8481127.0,8456416.0
EFC,24632.0,0.1252%,13.48,0.15%,13.4658,1204196.956649,0.14%,19700380.0,19675748.0
NFE,24458.0,0.3311%,0.721,3.31%,0.7197,7018354.905352,43.23%,7412184.0,7387726.0
CHTR,24183.13000000082,0.1873%,147.92,0.09%,148.1323,2546625.217893,-27.97%,12938951.92,12914768.79
JPFFT,24000.0,0.7233%,0.0,0.00%,0.0,0.0,0.00%,3342000.0,3318000.0
BDN,23962.0,0.1903%,3.04,0.00%,3.0233,1529023.433958,-18.68%,12617529.0,12593567.0
UDR,23875.220000002533,0.0790%,37.37,0.59%,37.2865,3571710.419031,-11.13%,30257134.37,30233259.15
KR,23684.820000000298,0.0605%,64.62,-0.28%,64.5888,6445407.712741,33.35%,39175056.62,39151371.8
TDOC,23642.0,0.3253%,6.77,-2.17%,6.7375,6862292.120816,46.30%,7291759.0,7268117.0
BE,23345.0,0.2619%,280.69,-1.14%,277.3847,7478645.402044,-34.93%,8938670.0,8915325.0
DVP AU,23300.0,0.2296%,0.0,0.00%,0.0,0.0,0.00%,10172682.0,10149382.0
SSRM,23205.0,0.1783%,35.74,2.88%,34.9842,4021101.618268,-5.59%,13036918.0,13013713.0
HTZ,23202.0,0.1315%,5.75,-7.11%,5.8625,9194393.808446,-11.02%,17663983.0,17640781.0
LSCC,23185.0,0.2023%,125.43,-2.74%,124.0091,2829726.759282,21.15%,11481305.0,11458120.0
FORM,22960.0,0.2170%,132.02,-12.80%,132.1102,4195218.42895,9.99%,10605867.0,10582907.0
QUAD,22930.0,2.2134%,7.42,0.41%,7.3873,186663.630256,-17.38%,1058882.0,1035952.0
BUR,22860.0,0.3349%,4.6,-3.36%,4.5605,4637312.121096,-33.17%,6849544.0,6826684.0
TGT,22632.359999999404,0.0745%,121.8,2.84%,121.6469,5623788.332128,-25.90%,30390325.8,30367693.44
CNDT,22623.0,0.3658%,1.49,-12.35%,1.5737,3571436.873992,147.30%,6207322.0,6184699.0
NXT,22619.0,0.1266%,125.37,-0.70%,125.97,5680432.737123,79.98%,17893640.0,17871021.0
MVST,22438.0,0.2618%,1.41,-30.20%,1.4003,19618098.632495,53.14%,8594500.0,8572062.0
CVS,22430.930000007153,0.0330%,95.15,3.18%,94.151,12802554.223444,6.47%,67988827.15,67966396.22
FLR,22415.0,0.1347%,44.73,2.38%,44.1169,4491974.092775,14.73%,16665416.0,16643001.0
RELY,22383.0,0.3758%,23.86,-1.73%,24.1705,7180812.492065,15.30%,5978409.0,5956026.0
CHD,22349.79000000283,0.1217%,93.51,3.08%,93.0757,2582963.993125,48.78%,18387029.51,18364679.72
LADR,22017.0,0.3151%,10.06,-0.40%,10.0678,708759.196386,18.27%,7008976.0,6986959.0
HUT,22015.0,0.4379%,107.31,5.01%,102.6587,4582371.353983,-20.62%,5049973.0,5027958.0
2099 HK,22000.0,0.2336%,0.0,0.00%,0.0,0.0,0.00%,9439100.0,9417100.0
300750 C2,21956.0,1.8500%,0.0,0.00%,0.0,0.0,0.00%,1208765.0,1186809.0
SLI CN,21956.0,1.8614%,0.0,0.00%,0.0,0.0,0.00%,1201501.0,1179545.0
LFST,21942.0,0.0859%,7.93,3.39%,7.8383,8688134.371424,-33.16%,25575195.0,25553253.0
002371 C2,21935.0,1.9421%,0.0,0.00%,0.0,0.0,0.00%,1151375.0,1129440.0
GENI,21876.0,0.3003%,4.45,0.91%,4.598,6985594.063305,18.94%,7307547.0,7285671.0
REGN,21851.640000000596,0.2652%,723.41,1.49%,719.7812,824536.561106,-32.81%,8261451.41,8239599.77
HRTX,21846.0,0.3654%,0.9642,0.93%,0.9618,2364928.555269,-72.29%,6000090.0,5978244.0
AI,21821.0,0.2723%,8.79,-7.28%,8.9681,6539153.590311,42.96%,8035460.0,8013639.0
NTAP,21809.5,0.1406%,116.23,-1.27%,115.5924,2043541.754462,-10.69%,15530058.23,15508248.73
BFLY,21702.0,0.2257%,4.16,-0.95%,4.1752,3366669.049246,-7.17%,9635673.0,9613971.0
600460,21700.0,1.8415%,0.0,0.00%,0.0,0.0,0.00%,1200111.0,1178411.0
HLF,21639.0,0.5210%,13.63,0.89%,13.5071,1901334.63911,-22.67%,4175137.0,4153498.0
AMGN,21631.69999999553,0.0455%,336.29,2.03%,335.8798,3219092.46554,67.76%,47545978.29,47524346.59
NMRK,21627.0,0.3968%,16.14,-2.36%,16.2016,1217443.75601,-14.52%,5472513.0,5450886.0
002156,21500.0,1.9629%,0.0,0.00%,0.0,0.0,0.00%,1116825.0,1095325.0
VTR,21497.840000003576,0.0636%,88.53,0.96%,88.5246,6658023.417832,46.02%,33823354.53,33801856.69
6954 JP,21406.0,0.2847%,0.0,0.00%,0.0,0.0,0.00%,7541117.0,7519711.0
002056,21200.0,1.7961%,0.0,0.00%,0.0,0.0,0.00%,1201555.0,1180355.0
RZLV,21177.0,0.2761%,2.81,3.31%,2.7809,34225873.801504,23.59%,7689858.0,7668681.0
ACN,21117.420000001788,0.0547%,169.77,-1.50%,171.7463,5451922.553242,17.89%,38613569.77,38592452.35
TTI,21077.0,0.3021%,10.26,0.79%,10.1959,1076824.187948,-6.47%,6998575.0,6977498.0
9432,21072.0,0.1960%,0.0,0.00%,0.0,0.0,0.00%,10770873.0,10749801.0
ACHR,20919.0,0.0357%,6.39,-2.29%,6.2608,54266112.859489,-19.95%,58681656.0,58660737.0
MOVI3,20909.0,21.2669%,0.0,0.00%,0.0,0.0,0.00%,119226.0,98317.0
000158,20900.0,1.8245%,0.0,0.00%,0.0,0.0,0.00%,1166414.0,1145514.0
000977,20900.0,2.0167%,0.0,0.00%,0.0,0.0,0.00%,1057236.0,1036336.0
2252 HK,20800.0,0.2722%,0.0,0.00%,0.0,0.0,0.00%,7662700.0,7641900.0
PAGS,20717.0,0.3325%,9.78,0.41%,9.7745,2997904.460456,13.88%,6251911.0,6231194.0
FLYW,20715.0,0.4701%,16.66,1.22%,16.6604,1856183.381262,30.88%,4427625.0,4406910.0
ARR,20694.0,0.1177%,17.56,-0.90%,17.6039,2949822.560062,3.94%,17601461.0,17580767.0
002373,20600.0,1.7415%,0.0,0.00%,0.0,0.0,0.00%,1203482.0,1182882.0
FIGS,20587.0,0.6033%,11.51,-3.60%,11.5948,4440163.526333,-31.34%,3432907.0,3412320.0
GOSS,20559.0,0.2250%,0.3406,0.56%,0.3326,2684631.324227,-12.14%,9157892.0,9137333.0
AVPT,20507.0,0.3272%,10.06,-3.92%,10.1779,2346528.47031,-40.08%,6288067.0,6267560.0
OLPX,20503.0,0.3670%,2.04,0.00%,2.0357,4064577.779646,-24.17%,5607148.0,5586645.0
000021,20400.0,1.8159%,0.0,0.00%,0.0,0.0,0.00%,1143798.0,1123398.0
ARES,20398.050000000745,0.1301%,123.66,-0.76%,123.9077,2732461.471341,-27.47%,15696017.66,15675619.61
BF/B,20250.0,0.2653%,0.0,0.00%,0.0,0.0,0.00%,7651971.0,7631721.0
ALL,20186.669999998063,0.0749%,215.47,0.78%,216.0373,1639150.00105,27.21%,26988564.47,26968377.8
DDD,20163.0,0.1399%,3.11,23.90%,3.0465,25951064.838105,414.89%,14433027.0,14412864.0
ESRT,20161.0,0.3251%,5.56,1.65%,5.5361,2071895.947597,13.39%,6222442.0,6202281.0
NVCR,20083.0,0.4115%,18.31,1.16%,18.2223,1488320.27028,-42.61%,4900394.0,4880311.0
CNC,20034.949999999255,0.0614%,59.31,5.23%,58.1733,9427268.214173,58.18%,32641543.31,32621508.36
PRM,20019.0,0.3484%,32.1,-0.19%,31.8417,1431601.876822,-12.80%,5765841.0,5745822.0
CRH,19928.820000000298,0.0620%,111.39,-1.05%,111.2344,5380934.622778,82.38%,32147585.39,32127656.57
AMCR,19856.019999995828,0.0540%,39.22,-2.44%,39.2417,4020956.244516,-21.88%,36811381.22,36791525.2
EW,19792.55999999866,0.0615%,79.73,3.32%,79.3409,5075382.199524,-3.55%,32184396.73,32164604.17
RR,19759.0,0.2239%,2.57,-6.55%,2.6317,16316918.565496,-18.63%,8845837.0,8826078.0
IOT,19659.0,0.2214%,28.1,-3.34%,28.5071,5780766.896274,25.27%,8899399.0,8879740.0
UPS,19611.439999997616,0.0528%,98.44,-1.56%,98.2371,6197726.230726,16.32%,37127458.44,37107847.0
FDY CN,19600.0,0.2295%,0.0,0.00%,0.0,0.0,0.00%,8559264.0,8539664.0
AXSB IN,19570.0,35.6596%,0.0,0.00%,0.0,0.0,0.00%,74450.0,54880.0
MFA,19543.0,0.2010%,9.57,-0.62%,9.5843,1395606.355898,-23.61%,9743061.0,9723518.0
EQR,19464.710000000894,0.0688%,65.89,-0.44%,65.6596,4306936.029352,109.87%,28302253.89,28282789.18
EGHT,19422.0,0.3697%,2.48,-5.70%,2.4994,1560486.883514,26.51%,5273365.0,5253943.0
RLJ,19417.0,0.2485%,8.83,0.34%,8.8309,2637227.013993,-42.15%,7834311.0,7814894.0
DHT,19281.0,0.4254%,18.72,-0.05%,18.7108,2189126.008327,-26.11%,4551391.0,4532110.0
LCID,19134.0,0.4862%,6.01,-0.33%,5.9779,12362424.567855,-40.12%,3954457.0,3935323.0
CTVA,19088.760000005364,0.0517%,82.59,-0.29%,82.5387,3373647.031965,-26.19%,36941793.59,36922704.83
IDXX,19083.919999999925,0.2435%,533.92,0.36%,536.4477,674173.018521,-11.46%,7855084.92,7836001.0
LILAK,19029.0,0.3910%,7.57,-3.93%,7.771,706711.465457,-18.04%,4886217.0,4867188.0
BLND,19020.0,0.1793%,1.41,-2.08%,1.4154,2674080.753215,-26.84%,10627427.0,10608407.0
MGM,18949.599999999627,0.1284%,36.9,-1.07%,37.358,6011484.490252,27.61%,14777584.9,14758635.3
AJG,18925.830000000075,0.1507%,197.4,-0.59%,198.859,2051183.710341,13.35%,12578659.4,12559733.57
300168,18900.0,1.6478%,0.0,0.00%,0.0,0.0,0.00%,1165906.0,1147006.0
HIMS,18872.0,0.0979%,25.03,-14.10%,25.3811,53634910.003996,-12.35%,19303560.0,19284688.0
VIAV,18737.0,0.0611%,53.4,-2.79%,52.8775,4870347.901298,-27.28%,30694314.0,30675577.0
ADEA,18675.0,0.1256%,31.18,-2.07%,31.101,3001977.090946,-46.36%,14887361.0,14868686.0
AMPX,18671.0,0.3552%,18.83,6.50%,18.3495,10461328.740778,-11.68%,5274651.0,5255980.0
ALHC,18658.0,0.2614%,18.38,7.11%,18.2535,10810565.841449,41.84%,7157680.0,7139022.0
SHLS,18650.0,0.1226%,8.63,-7.40%,8.6445,4809201.405203,-17.50%,15228253.0,15209603.0
002180,18600.0,1.8579%,0.0,0.00%,0.0,0.0,0.00%,1019709.0,1001109.0
600536,18600.0,2.8417%,0.0,0.00%,0.0,0.0,0.00%,673131.0,654531.0
LUV,18594.490000002086,0.0625%,39.48,-1.28%,39.3186,5578286.509834,16.68%,29765172.48,29746577.99
WM,18572.539999999106,0.0934%,217.65,1.65%,217.8899,1848880.676614,-12.89%,19898080.65,19879508.11
PENG,18557.0,0.2372%,44.13,1.36%,43.1319,5160876.59973,16.66%,7842487.0,7823930.0
DAL,18552.509999997914,0.0503%,70.71,-0.69%,70.5476,5532727.298983,-17.20%,36876414.71,36857862.2
300316,18500.0,2.0048%,0.0,0.00%,0.0,0.0,0.00%,941282.0,922782.0
MDT,18331.280000001192,0.0255%,76.82,3.06%,76.4118,10255150.812185,-2.29%,71974494.82,71956163.53999999
TTMI,18293.0,0.1614%,163.36,0.23%,157.8123,2078065.122754,-14.71%,11351788.0,11333495.0
FIVN,18113.0,0.5369%,20.93,-2.24%,21.0509,2458113.98817,-8.72%,3391892.0,3373779.0
002273,18100.0,1.7457%,0.0,0.00%,0.0,0.0,0.00%,1054932.0,1036832.0
AMBP,18035.0,0.3796%,4.0,0.76%,3.9927,1284769.583349,31.17%,4769658.0,4751623.0
AIOT,18022.0,0.3375%,3.24,-1.52%,3.2343,876063.196722,-32.65%,5357266.0,5339244.0
688396,18000.0,2.0538%,0.0,0.00%,0.0,0.0,0.00%,894431.0,876431.0
BTDR,17941.0,0.2616%,12.83,-2.58%,12.7627,7559951.046758,12.47%,6875673.0,6857732.0
011790 KS,17919.0,34.0426%,0.0,0.00%,0.0,0.0,0.00%,70556.0,52637.0
PDM,17810.0,0.3265%,8.15,-1.69%,8.1992,1579230.398126,71.27%,5473087.0,5455277.0
300115,17700.0,1.8911%,0.0,0.00%,0.0,0.0,0.00%,953672.0,935972.0
CMTG,17591.0,0.4001%,2.24,-3.45%,2.2403,594616.616731,9.87%,4414150.0,4396559.0
APTV,17552.539999999106,0.1279%,54.95,-0.83%,55.1841,2750166.969866,-27.59%,13737602.95,13720050.41
CERS,17517.0,0.2224%,2.55,1.19%,2.4963,2096242.609039,-1.31%,7895524.0,7878007.0
IHRT,17456.0,0.3916%,4.85,-11.66%,4.8715,3572564.501181,261.42%,4475164.0,4457708.0
IOVA,17445.0,0.0675%,3.56,-3.78%,3.5654,29883263.104012,56.89%,25843537.0,25826092.0
VYX,17424.0,0.0911%,7.6,-2.31%,7.6215,2257181.42238,-31.79%,19141215.0,19123791.0
NTRS,17413.349999999627,0.1213%,162.35,0.84%,161.757,851411.05308,-3.88%,14374652.35,14357239.0
MAC,17411.0,0.0530%,22.24,2.77%,21.8925,8947536.039323,259.93%,32861124.0,32843713.0
603501,17300.0,2.0214%,0.0,0.00%,0.0,0.0,0.00%,873124.0,855824.0
CSTM,17291.0,0.3703%,33.31,-2.60%,33.0637,1581551.738713,-9.52%,4686822.0,4669531.0
UMH,17213.0,0.3575%,15.46,-0.71%,15.519,638480.367551,-26.42%,4832315.0,4815102.0
DCH,17207.0,0.0512%,6.48,-3.14%,6.5053,4908571.967819,-45.73%,33596699.0,33579492.0
MIN AU,17204.0,1.8614%,0.0,0.00%,0.0,0.0,0.00%,941436.0,924232.0
9898,17200.0,2.0579%,0.0,0.00%,0.0,0.0,0.00%,853002.0,835802.0
BIPC,17184.0,0.3964%,40.59,2.71%,40.3323,731077.13282,-34.04%,4352583.0,4335399.0
DT,17131.0,0.0674%,39.21,-2.54%,39.2353,10579791.98333,87.43%,25429295.0,25412164.0
PFG,17106.64999999851,0.0983%,100.84,0.65%,100.4533,1179972.477755,10.73%,17414666.84,17397560.19
ERA FP,17021.0,2.3294%,0.0,0.00%,0.0,0.0,0.00%,747726.0,730705.0
JBI,17015.0,0.3468%,4.96,-2.36%,4.7049,4009386.402335,190.08%,4924001.0,4906986.0
POR,16847.0,0.1401%,48.4,0.08%,48.3981,1397456.113436,14.32%,12039737.0,12022890.0
IFF,16705.72000000067,0.1040%,78.47,-0.36%,78.3578,1337904.33782,-27.04%,16080293.47,16063587.75
GSM,16693.0,0.3828%,4.01,0.25%,3.9769,1521423.635906,-7.78%,4377808.0,4361115.0
FTV,16671.960000000894,0.0881%,60.27,-0.07%,59.9715,2262993.719286,-11.19%,18937142.27,18920470.31
SLDP,16507.0,0.1808%,3.0,-4.76%,2.9828,7704778.10693,-5.06%,9147902.0,9131395.0
GNL,16435.0,0.0527%,9.13,0.11%,9.1226,2463179.105236,-2.78%,31197892.0,31181457.0
MRVI,16407.0,0.3369%,4.66,-1.69%,4.6632,2040841.659421,-56.91%,4887043.0,4870636.0
002261,16400.0,1.8573%,0.0,0.00%,0.0,0.0,0.00%,899388.0,882988.0
CPRI,16298.0,0.1498%,17.34,-1.70%,17.2203,2532698.413956,-13.83%,10892951.0,10876653.0
LC,16283.0,0.3618%,16.28,-1.75%,16.2808,965037.335761,-5.63%,4517364.0,4501081.0
SBAC,16226.349999999627,0.2240%,213.61,-1.68%,215.6681,1132259.156885,147.34%,7260607.609999999,7244381.26
688008,16200.0,2.0049%,0.0,0.00%,0.0,0.0,0.00%,824236.0,808036.0
DCTH,16179.0,1.4790%,11.34,2.53%,11.23,639024.512551,-4.30%,1110113.0,1093934.0
MPL,16168.0,0.6883%,24.19,-5.62%,23.8706,31126.0723,-37.85%,2364991.0,2348823.0
ANTO LN,16080.0,0.2269%,0.0,0.00%,0.0,0.0,0.00%,7103967.0,7087887.0
RUN,16052.0,0.0436%,14.1,-2.56%,13.8497,8359716.384369,10.94%,36867053.0,36851001.0
RJHI AB,16020.0,40.4689%,0.0,0.00%,0.0,0.0,0.00%,55606.0,39586.0
ECVT,16013.0,0.3697%,14.59,1.18%,14.4387,1630014.199407,-38.64%,4347594.0,4331581.0
TROW,16011.089999999851,0.0694%,102.84,-1.82%,102.1139,2865638.163407,104.50%,23098622.84,23082611.75
BG,15986.070000000298,0.1339%,126.21,0.06%,126.3254,1843174.686156,18.19%,11957011.21,11941025.14
RDN,15946.0,0.0907%,37.2,-0.96%,37.1231,1082316.911092,0.13%,17603915.0,17587969.0
BXMT,15888.0,0.0713%,18.33,-0.05%,18.3548,1739448.075727,-10.79%,22289810.0,22273922.0
SATS,15852.23999999836,0.0791%,129.38,0.19%,126.454,5989027.051378,27.85%,20047109.38,20031257.14
OCUL,15817.0,0.1799%,9.16,-1.29%,9.1101,3703213.776156,5.18%,8805769.0,8789952.0
CDP,15791.0,0.1369%,31.69,0.16%,31.6158,633192.07763,1.65%,11547759.0,11531968.0
U,15684.0,0.2015%,26.84,-0.11%,26.8575,8529209.533374,-40.42%,7799797.0,7784113.0
CME,15647.170000001788,0.0768%,285.75,1.12%,285.6902,3198652.508063,22.66%,20400219.75,20384572.58
SPG,15624.660000000149,0.0734%,205.66,2.32%,204.8685,2019633.889554,6.54%,21311556.66,21295932.0
MITK,15620.0,0.8013%,14.67,-2.07%,14.5544,1215388.104227,-50.63%,1964848.0,1949228.0
002747 C2,15600.0,0.2800%,0.0,0.00%,0.0,0.0,0.00%,5586934.0,5571334.0
600718,15600.0,1.6304%,0.0,0.00%,0.0,0.0,0.00%,972414.0,956814.0
INN,15584.0,0.2970%,5.32,-1.48%,5.3489,562062.218147,29.25%,5262289.0,5246705.0
AON,15566.27999999933,0.1426%,316.35,1.37%,315.785,1622714.304057,39.16%,10929748.35,10914182.07
IBN,15531.0,4.6726%,25.78,-1.23%,25.6818,12895690.521518,101.62%,347914.0,332383.0
ADPT,15525.0,0.2258%,13.63,0.66%,13.5021,1233353.000935,-18.07%,6889775.0,6874250.0
AXON,15462.300000000745,0.1871%,393.66,-0.18%,396.5672,1054792.778518,-24.85%,8280601.66,8265139.359999999
PMET CN,15444.0,1.8586%,0.0,0.00%,0.0,0.0,0.00%,846384.0,830940.0
ASCU CN,15420.0,0.2297%,0.0,0.00%,0.0,0.0,0.00%,6728574.0,6713154.0
002212,15400.0,1.6189%,0.0,0.00%,0.0,0.0,0.00%,966674.0,951274.0
CIM,15349.0,0.2011%,13.43,-0.07%,13.4625,612804.437249,-11.38%,7646707.0,7631358.0
TXG,15315.0,0.3047%,20.92,2.05%,20.8591,2745023.161394,-4.86%,5040803.0,5025488.0
TXNM,15289.0,0.1511%,59.29,0.07%,59.2798,1013160.368349,-15.57%,10136403.0,10121114.0
FATE,15219.0,0.3684%,2.25,3.21%,2.167,2130083.459593,-37.80%,4146134.0,4130915.0
TEL,15199.610000001267,0.0968%,213.73,3.69%,209.6956,3869120.119242,-18.24%,15725020.73,15709821.12
BRSL,15170.0,0.4070%,11.55,-9.55%,11.8071,3563976.812297,123.03%,3742696.0,3727526.0
ARE,15155.5,0.1012%,46.5,1.09%,46.3955,1662253.237231,-16.07%,14989304.5,14974149.0
CRUS,15079.0,0.3203%,166.47,-4.45%,166.0147,505497.425393,-17.53%,4722664.0,4707585.0
ELV AU,15048.0,1.8581%,0.0,0.00%,0.0,0.0,0.00%,824928.0,809880.0
RF,15044.320000007749,0.0181%,27.15,1.19%,27.0043,13386806.713684,-20.48%,82989217.15,82974172.83
EDIT,15042.0,0.3442%,2.93,-4.25%,2.969,1020972.761479,-6.81%,4385435.0,4370393.0
LVS,15005.629999998957,0.0714%,51.7,-0.71%,51.9714,4233611.613585,-20.37%,21038490.7,21023485.07
3690 HK,15000.0,0.2767%,0.0,0.00%,0.0,0.0,0.00%,5436615.0,5421615.0
VSAT,14998.0,0.0778%,70.99,-2.85%,70.2141,1391013.140155,-28.54%,19302885.0,19287887.0
AC*,14995.0,4.8706%,0.0,0.00%,0.0,0.0,0.00%,322861.0,307866.0
STZ,14984.11999999918,0.1672%,142.53,0.08%,142.9347,1747050.51511,-28.38%,8974669.53,8959685.41
ARLO,14958.0,0.1071%,12.95,-4.71%,12.974,2296629.663198,-19.33%,13976254.0,13961296.0
LPRO,14921.0,0.3697%,1.85,0.00%,1.837,833533.801614,31.73%,4050601.0,4035680.0
BOX,14918.0,0.0784%,24.05,-1.84%,24.2385,2247154.189792,-18.28%,19033386.0,19018468.0
OPCH,14915.0,0.0993%,19.59,-1.21%,19.6051,6260391.446696,29.68%,15033225.0,15018310.0
SLQT,14911.0,0.2739%,1.01,-2.88%,1.008,1412501.792673,-24.52%,5459585.0,5444674.0
MXCT,14878.0,0.3855%,0.8222,0.65%,0.8406,772490.105916,130.83%,3874738.0,3859860.0
APLE,14844.0,0.0505%,13.83,0.29%,13.7654,2828270.084084,-6.78%,29422298.0,29407454.0
DELL,14834.900000000373,0.0918%,238.94,-3.28%,235.5238,7150837.459842,-37.91%,16181134.94,16166300.04
EVLV,14814.0,0.2615%,6.96,0.58%,6.9524,3066117.829168,14.74%,5678911.0,5664097.0
300166,14800.0,1.7081%,0.0,0.00%,0.0,0.0,0.00%,881283.0,866483.0
MIR,14781.0,0.0464%,18.96,2.65%,18.7639,4883679.561978,13.53%,31851958.0,31837177.0
ICE,14767.98999999836,0.0524%,155.81,-1.27%,156.2122,2810741.701293,-2.64%,28214398.81,28199630.82
IRM,14587.25,0.0738%,126.21,-2.89%,126.2024,2047601.964946,50.68%,19789807.21,19775219.96
OABI,14574.0,0.3076%,1.85,10.78%,1.8033,956159.29971,36.18%,4752919.0,4738345.0
BXP,14543.070000000298,0.0968%,59.01,0.12%,58.9447,1178944.526267,-24.11%,15031854.01,15017310.94
ACVA,14494.0,0.2484%,5.84,-4.11%,5.8671,3943384.733624,-16.50%,5849187.0,5834693.0
CLPT,14487.0,1.4481%,12.64,2.68%,12.5649,952473.38369,62.05%,1014925.0,1000438.0
603000,14400.0,1.8425%,0.0,0.00%,0.0,0.0,0.00%,795963.0,781563.0
POWW,14355.0,0.3896%,1.96,-0.51%,1.9626,289513.648376,-38.29%,3698978.0,3684623.0
CYH,14353.0,0.2950%,2.87,2.14%,2.8645,870652.253898,-53.36%,4879015.0,4864662.0
BF.B,14306.0,0.2542%,26.56,-1.01%,26.3403,6541048.512141,47.55%,5641795.0,5627489.0
TECK/B CN,14160.0,0.2294%,0.0,0.00%,0.0,0.0,0.00%,6185522.0,6171362.0
LYB,14158.779999997467,0.0586%,74.31,1.06%,74.1814,4017028.938271,-21.44%,24191104.31,24176945.53
HSY,14156.679999999702,0.1515%,191.91,1.42%,191.8092,1829955.80774,-20.99%,9357911.91,9343755.23
9434,14152.0,0.1846%,0.0,0.00%,0.0,0.0,0.00%,7680016.0,7665864.0
000988,14150.0,1.9739%,0.0,0.00%,0.0,0.0,0.00%,731011.0,716861.0
WTI,14126.0,0.3488%,4.21,8.23%,4.1028,8659390.061653,63.67%,4063828.0,4049702.0
300682,14100.0,1.8904%,0.0,0.00%,0.0,0.0,0.00%,759964.0,745864.0
EMR,14040.85000000149,0.0525%,137.28,-1.54%,136.44,3433305.269161,38.02%,26745071.28,26731030.43
ADTN,14011.0,0.3611%,15.04,-4.08%,15.0268,1790456.290929,-25.82%,3894130.0,3880119.0
MGNI,13990.0,0.2720%,13.82,3.37%,13.7038,2978223.788107,-18.90%,5156802.0,5142812.0
TDAY,13975.0,0.2603%,7.32,0.27%,7.3189,2091785.356112,43.92%,5383393.0,5369418.0
TBCH,13963.0,2.1101%,11.42,-3.38%,11.4917,331130.408484,-12.67%,675687.0,661724.0
RUM,13939.0,0.3096%,7.92,-2.94%,7.9261,2100590.081639,-37.30%,4516394.0,4502455.0
603228,13900.0,1.9657%,0.0,0.00%,0.0,0.0,0.00%,721020.0,707120.0
300458,13899.199999999953,1.9965%,0.0,0.00%,0.0,0.0,0.00%,710094.0,696194.8
GLNG,13895.0,0.4329%,57.36,0.95%,57.225,1427230.33865,-10.56%,3223841.0,3209946.0
CINF,13882.459999999031,0.1175%,163.79,0.28%,163.9881,732838.869117,-12.71%,11825582.79,11811700.33
LAR CN,13860.0,1.8600%,0.0,0.00%,0.0,0.0,0.00%,759003.0,745143.0
CEVA,13849.0,0.7293%,37.08,1.70%,37.4493,1637219.381853,-17.31%,1912773.0,1898924.0
RBBN,13812.0,0.3670%,2.55,-3.04%,2.5524,663735.992657,-23.71%,3777152.0,3763340.0
300001,13800.0,1.7903%,0.0,0.00%,0.0,0.0,0.00%,784641.0,770841.0
LDI,13794.0,0.3284%,1.25,-3.85%,1.2559,2183059.192782,-11.13%,4213894.0,4200100.0
BOL SS,13780.0,0.2280%,0.0,0.00%,0.0,0.0,0.00%,6057535.0,6043755.0
IKT,13777.0,0.3924%,1.92,-5.42%,1.9492,592495.661515,16.89%,3524746.0,3510969.0
ACRS,13776.0,0.3101%,4.88,-1.41%,4.8837,949307.71174,-47.68%,4455585.0,4441809.0
CLX,13767.209999999031,0.1204%,89.11,0.24%,89.517,2589610.914347,-17.48%,11446606.11,11432838.9
AMBA,13745.0,0.4535%,78.19,-1.92%,77.4808,913734.111574,-29.40%,3044527.0,3030782.0
FLNG,13744.0,0.9289%,32.93,0.67%,32.8426,475140.406853,12.13%,1493289.0,1479545.0
ENVX,13666.0,0.1701%,6.97,-2.92%,6.8766,6970103.63971,-41.08%,8046320.0,8032654.0
APPN,13662.0,0.6387%,20.52,-0.05%,20.5191,876971.076177,-10.13%,2152792.0,2139130.0
JBLU,13638.0,0.0346%,4.73,-4.64%,4.7368,25155870.022233,-23.58%,39439792.0,39426154.0
TALK,13636.0,0.2613%,5.18,-0.19%,5.1922,1463087.373215,-23.10%,5232007.0,5218371.0
CBRE,13610.949999999255,0.0728%,144.06,-1.40%,144.0072,1368039.327308,-12.78%,18703597.06,18689986.11
TSEM,13610.0,2.9137%,220.83,-3.52%,217.7797,2338736.38906,-13.12%,480714.0,467104.0
GH,13573.0,0.2873%,99.94,3.34%,98.7879,2547024.90391,25.61%,4738369.0,4724796.0
WVE,13562.0,0.1821%,6.79,-3.96%,6.8905,4998664.934491,66.10%,7463026.0,7449464.0
REAX,13559.0,0.2759%,1.86,-2.11%,1.8699,3902137.065447,-35.99%,4927528.0,4913969.0
SJM,13547.109999999404,0.1449%,100.33,1.12%,100.2862,2759532.169936,19.44%,9365876.33,9352329.22
ALGM,13517.0,0.1306%,45.87,-5.21%,45.0387,3507462.855043,1.17%,10365391.0,10351874.0
TRTX,13505.0,0.2533%,8.32,-1.07%,8.335,470744.218024,-11.09%,5345059.0,5331554.0
ARI,13398.0,0.0642%,10.79,-1.55%,10.8035,1009354.555623,-25.30%,20897481.0,20884083.0
DCGO,13396.0,0.4000%,0.595,0.51%,0.5715,1153022.215556,54.25%,3362071.0,3348675.0
FSP,13394.0,0.4333%,0.52,-0.97%,0.5256,539395.527397,191.71%,3104769.0,3091375.0
TEX,13392.0,0.1278%,63.92,-0.33%,63.7469,1062777.748375,-32.43%,10493409.0,10480017.0
NVMI,13364.0,2.1390%,493.19,-6.24%,490.2598,499674.385053,34.84%,638134.0,624770.0
2330 TT,13300.0,2.1893%,0.0,0.00%,0.0,0.0,0.00%,620800.0,607500.0
000997,13300.0,1.8229%,0.0,0.00%,0.0,0.0,0.00%,742895.0,729595.0
BRZE,13267.0,0.3399%,19.26,-7.09%,19.4654,4402917.197375,56.33%,3916747.0,3903480.0
XERS,13267.0,0.1812%,6.26,1.95%,6.2541,1749783.762782,-30.37%,7333618.0,7320351.0
HAIN,13249.0,0.3234%,0.8048,10.64%,0.7674,1246164.149683,-23.95%,4110645.0,4097396.0
SAMPO,13240.0,0.7859%,0.0,0.00%,0.0,0.0,0.00%,1698022.0,1684782.0
ROL,13229.10000000149,0.0544%,52.98,0.19%,52.8776,2808279.064827,-6.15%,24335388.98,24322159.88
NN,13193.0,0.3082%,20.08,-0.69%,19.9046,1749839.173497,-5.58%,4293654.0,4280461.0
CRWV,13140.0,0.7997%,107.75,-6.06%,105.9993,32878920.945106,18.69%,1656162.0,1643022.0
GBTG,13136.0,0.2674%,9.39,0.00%,9.3889,2091022.766911,-50.31%,4925505.0,4912369.0
GDS,13038.0,0.8066%,42.75,-4.89%,42.8286,1116060.460993,-14.39%,1629410.0,1616372.0
2121 HK,13000.0,0.3083%,0.0,0.00%,0.0,0.0,0.00%,4230300.0,4217300.0
TPR,12991.390000000596,0.0973%,131.73,-1.21%,131.1724,2943423.768865,-7.58%,13358034.73,13345043.34
RCL,12985.659999998286,0.0845%,258.12,-2.03%,259.4003,2258910.026137,2.30%,15389345.12,15376359.46
ZM,12979.0,0.2085%,102.96,-3.88%,103.448,4890053.703897,18.97%,6238986.0,6226007.0
CYTK,12955.0,0.0912%,74.81,0.34%,74.5974,2418515.636535,-54.51%,14216754.0,14203799.0
HLT,12950.040000000969,0.0998%,313.57,-0.62%,314.3842,1274064.197269,-21.95%,12994764.57,12981814.53
AHRT,12914.0,0.1902%,6.5,0.31%,6.5169,1093444.496166,28.86%,6802492.0,6789578.0
ATEC,12887.0,0.2700%,7.74,10.73%,7.7099,5348882.475377,4.68%,4785361.0,4772474.0
PCVX,12884.0,0.1811%,54.03,0.07%,53.8487,1260710.033419,-16.78%,7125345.0,7112461.0
PD,12867.0,0.3068%,6.75,-2.17%,6.7973,2139325.689843,28.34%,4206374.0,4193507.0
IWM,12852.0,0.2782%,282.57,-0.97%,280.9902,27451141.026508,36.23%,4632822.0,4619970.0
PPTA,12834.0,0.4154%,31.08,-1.46%,30.842,1173329.169727,-24.45%,3102015.0,3089181.0
AQST,12815.0,0.2879%,4.16,-4.15%,4.2614,1401881.169819,1.04%,4463555.0,4450740.0
CRNX,12811.0,0.2803%,36.91,0.98%,36.7765,1331811.003643,-30.90%,4582994.0,4570183.0
ACCO,12810.0,0.2916%,3.92,0.00%,3.917,1610491.897642,32.48%,4405948.0,4393138.0
AVNT,12805.0,0.1511%,35.26,-2.03%,35.3019,625334.087034,-22.41%,8489750.0,8476945.0
EPRT,12779.0,0.0486%,31.27,-0.26%,31.2678,893608.015337,-22.92%,26333567.0,26320788.0
RIG,12777.0,0.0225%,6.54,-0.15%,6.5294,24650871.089376,-24.36%,56908881.0,56896104.0
BHVN,12761.0,0.1349%,9.2,1.32%,9.1026,1818599.245547,-6.54%,9475830.0,9463069.0
ARWR,12733.0,0.0749%,79.04,1.67%,78.3788,1544579.918946,-32.55%,17016276.0,17003543.0
SPGI,12700.169999999925,0.0853%,424.17,0.75%,425.4963,2212210.885576,0.47%,14904555.17,14891855.0
000555,12700.0,1.6138%,0.0,0.00%,0.0,0.0,0.00%,799649.0,786949.0
OTIS,12698.10000000149,0.0606%,74.1,0.14%,74.016,4773959.522645,17.79%,20953715.1,20941017.0
VRT,12672.209999997169,0.0569%,367.13,-0.21%,359.8743,6556107.337985,-9.93%,22280910.13,22268237.92
AUPH,12671.0,0.2575%,15.99,1.72%,15.9065,1335133.210291,-38.83%,4934017.0,4921346.0
CALX,12651.0,0.1662%,41.71,-2.39%,41.8399,441643.298559,-45.61%,7625755.0,7613104.0
NGEX CN,12620.0,0.2291%,0.0,0.00%,0.0,0.0,0.00%,5521581.0,5508961.0
ARG CN,12560.0,0.2296%,0.0,0.00%,0.0,0.0,0.00%,5482087.0,5469527.0
NTNX,12527.0,0.0598%,44.4,-1.68%,44.6325,3093110.983519,-7.37%,20972674.0,20960147.0
BHP AU,12510.0,0.0936%,0.0,0.00%,0.0,0.0,0.00%,13380685.0,13368175.0
301236,12500.0,1.8556%,0.0,0.00%,0.0,0.0,0.00%,686147.0,673647.0
IR,12490.51000000164,0.0653%,73.21,-1.99%,73.2682,3692582.152068,29.29%,19144526.21,19132035.7
RKT,12479.0,0.0625%,14.8,-0.20%,14.667,25403186.378733,-16.73%,19994569.0,19982090.0
KTOS,12478.0,0.0466%,57.33,0.60%,56.8818,5095772.656696,-15.95%,26788522.0,26776044.0
GTN,12470.0,0.3879%,4.28,-2.28%,4.3251,2096147.223096,-0.50%,3227324.0,3214854.0
ASAN,12469.0,0.2963%,6.01,-5.21%,6.0967,5497596.019767,-30.71%,4220461.0,4207992.0
600446,12400.0,1.8629%,0.0,0.00%,0.0,0.0,0.00%,678023.0,665623.0
603296,12400.0,2.0563%,0.0,0.00%,0.0,0.0,0.00%,615427.0,603027.0
PCT,12383.0,0.2706%,9.76,-1.31%,9.643,5010479.020754,-13.35%,4588820.0,4576437.0
REG,12356.889999998733,0.0795%,77.61,-0.14%,77.5942,1354858.926653,-2.75%,15558047.61,15545690.72
JCI,12350.259999997914,0.0371%,141.04,-0.52%,141.0572,3748453.910337,34.42%,33268026.04,33255675.78
CLNE,12261.0,0.1381%,2.06,-0.24%,2.0737,1666164.271947,-22.07%,8887836.0,8875575.0
688297 C1,12246.0,0.2831%,0.0,0.00%,0.0,0.0,0.00%,4337646.0,4325400.0
PONY,12236.0,0.2778%,8.86,-2.74%,8.8743,3672083.809481,-40.90%,4416352.0,4404116.0
300476,12200.0,2.0039%,0.0,0.00%,0.0,0.0,0.00%,621023.0,608823.0
APPS,12189.0,0.2396%,3.87,-3.01%,3.8661,1653062.985398,13.11%,5099740.0,5087551.0
YOU,12174.0,0.0969%,57.64,1.32%,57.5463,1492561.933725,-13.02%,12574419.0,12562245.0
RNA,12173.0,2.9399%,13.14,-0.83%,13.2115,179471.905074,5.64%,426238.0,414065.0
YUM,12164.570000000298,0.0731%,152.86,1.71%,153.0489,1447124.231088,-22.15%,16651734.86,16639570.29
ALEC,12133.0,0.3671%,2.16,5.37%,2.1541,437339.108596,12.41%,3316885.0,3304752.0
RWT,12100.0,0.0569%,5.31,-0.38%,5.3079,1270915.449442,-20.17%,21293407.0,21281307.0
GETY,12071.0,0.4062%,0.758,-6.37%,0.7545,1357062.165329,-30.10%,2983768.0,2971697.0
BALL,12056.85000000149,0.0666%,57.57,-0.26%,57.6018,2177674.680724,-12.92%,18116526.57,18104469.72
DFTX,12048.0,0.2424%,21.16,-1.12%,21.1806,1013884.78394,-31.63%,4982691.0,4970643.0
NJR,12043.0,0.0914%,56.96,2.04%,56.7788,539408.914645,41.79%,13195009.0,13182966.0
SKIN,12042.0,0.3036%,0.6546,0.71%,0.6499,1146224.296913,-67.18%,3978494.0,3966452.0
RXT,12006.0,0.3429%,6.33,34.97%,5.3752,61329643.120425,0.50%,3513406.0,3501400.0
POWI,11909.0,0.1495%,70.91,-4.61%,70.3955,987617.848587,-35.36%,7979868.0,7967959.0
002049,11900.0,1.9649%,0.0,0.00%,0.0,0.0,0.00%,617534.0,605634.0
MYPS,11876.0,0.3883%,0.4503,-12.22%,0.472,400674.456827,-51.16%,3070727.0,3058851.0
ESNT,11853.0,0.1200%,60.87,-0.98%,60.8923,723335.719414,-20.72%,9891773.0,9879920.0
TECH,11847.0,0.0921%,47.42,0.00%,47.6103,1767193.691862,-34.71%,12874356.42,12862509.42
5713 JP,11840.0,0.2278%,0.0,0.00%,0.0,0.0,0.00%,5210500.0,5198660.0
BNL,11815.0,0.0487%,20.02,0.10%,19.9862,2354970.073239,34.51%,24259528.0,24247713.0
2498 HK,11800.0,0.2681%,0.0,0.00%,0.0,0.0,0.00%,4413928.0,4402128.0
FLNC,11739.0,0.3311%,21.28,-15.66%,21.7956,20433207.963038,-25.21%,3557496.0,3545757.0
BBIO,11703.0,0.1411%,65.95,1.96%,65.357,2410010.269088,-33.94%,8308176.0,8296473.0
WOOF,11611.0,0.3360%,2.53,-0.20%,2.5264,1766348.098191,-37.70%,3466815.0,3455204.0
VLTO,11609.160000000149,0.0683%,86.73,0.18%,86.8145,1743736.499574,-11.00%,16998142.73,16986533.57
NPKI,11607.0,0.3272%,15.1,-1.24%,14.9984,794455.227776,32.89%,3559181.0,3547574.0
ECL,11590.599999999627,0.0852%,251.7,0.24%,251.2431,1625355.995172,-1.74%,13617517.7,13605927.1
Q,11454.11999999918,0.0915%,168.36,9.87%,161.796,4434384.128361,32.71%,12536227.36,12524773.24
IVT,11446.0,0.3689%,31.24,-0.22%,31.3081,463849.549786,39.03%,3114030.0,3102584.0
OTEX,11413.0,0.4482%,23.89,-2.09%,23.8181,3788135.066951,29.64%,2558058.0,2546645.0
NB,11404.0,0.2782%,6.13,0.00%,5.99,3056766.911005,-21.94%,4109991.0,4098587.0
ATHM,11400.0,1.6824%,18.82,-1.83%,18.7618,544149.176013,27.90%,689020.0,677620.0
605358,11400.0,2.3924%,0.0,0.00%,0.0,0.0,0.00%,487908.0,476508.0
COHR,11362.320000000298,0.1045%,374.01,-1.50%,367.8691,5990824.193568,-39.22%,10889184.01,10877821.69
ABX,11344.0,0.3835%,9.34,1.19%,9.3089,485549.48767,-28.87%,2969040.0,2957696.0
688172,11298.0,1.8904%,0.0,0.00%,0.0,0.0,0.00%,608958.0,597660.0
BLDP,11242.0,0.1088%,4.16,-0.24%,4.188,14181711.418822,68.46%,10339918.0,10328676.0
5711 JP,11240.0,0.2290%,0.0,0.00%,0.0,0.0,0.00%,4919473.0,4908233.0
688183,11200.0,2.0491%,0.0,0.00%,0.0,0.0,0.00%,557793.0,546593.0
SYNA,11192.0,0.2641%,119.59,-5.50%,117.3082,859086.586451,-16.50%,4249262.0,4238070.0
ACH,11149.0,0.4075%,3.2,-17.74%,3.1843,2479510.244524,-11.44%,2746896.0,2735747.0
NEOG,11117.0,0.0410%,8.61,-0.46%,8.6106,1728178.115305,-16.94%,27101369.0,27090252.0
HLLY,10957.0,0.3909%,2.73,0.37%,2.6917,873993.662675,-29.88%,2814304.0,2803347.0
ORA,10933.0,0.1242%,126.2,2.08%,124.9779,1236376.819776,0.31%,8816704.0,8805771.0
NTST,10920.0,0.2921%,20.73,0.14%,20.7,930015.617141,-23.14%,3749933.0,3739013.0
SCHW,10912.35000000894,0.0130%,90.18,2.68%,89.5899,9490156.896497,-0.55%,83876985.18,83866072.83
SGRY,10907.0,0.3756%,13.97,1.38%,13.8252,1825809.837286,75.66%,2915124.0,2904217.0
SKYT,10901.0,0.5244%,35.59,1.42%,35.2673,2165072.461738,-39.72%,2089587.0,2078686.0
603927,10900.0,1.9001%,0.0,0.00%,0.0,0.0,0.00%,584566.0,573666.0
HNST,10890.0,0.3006%,3.37,2.43%,3.3626,1720350.386555,-38.47%,3633783.0,3622893.0
BGS,10846.0,0.3210%,5.07,-0.39%,5.1513,2423100.257414,2.02%,3389744.0,3378898.0
ABR,10807.0,0.0350%,5.85,-12.16%,6.1606,14516960.929685,28.40%,30902367.0,30891560.0
ATYM LN,10800.0,0.2297%,0.0,0.00%,0.0,0.0,0.00%,4713545.0,4702745.0
VSH,10793.0,0.0688%,33.63,-3.45%,33.5671,9371680.277455,109.19%,15689591.0,15678798.0
LUCD,10753.0,0.3409%,1.04,1.96%,1.037,914190.589275,44.71%,3165476.0,3154723.0
HE,10748.0,0.0476%,13.5,-3.09%,13.6611,2779660.712601,-49.73%,22607245.0,22596497.0
PTC,10732.300000000745,0.1145%,144.22,-1.17%,144.6659,1087427.732237,-23.93%,9382832.22,9372099.92
DECK,10708.240000000224,0.0860%,94.89,-1.82%,95.1869,2306058.922165,11.32%,12462287.89,12451579.65
ADAM,10688.0,0.0614%,8.87,2.42%,8.8863,1780499.524827,223.32%,17415258.0,17404570.0
RSG,10686.650000000373,0.0896%,202.38,2.35%,202.3344,2116816.428696,-6.55%,11936505.38,11925818.73
SHO,10648.0,0.0430%,10.24,-0.29%,10.2304,1143891.115243,-3.38%,24754978.0,24744330.0
ASPI,10646.0,0.2475%,5.97,-4.02%,5.869,5227452.266758,-46.59%,4312492.0,4301846.0
ADCT,10646.0,0.2510%,3.43,-1.44%,3.4209,1201444.46722,9.20%,4251304.0,4240658.0
EXR,10642.209999999031,0.0698%,144.79,0.15%,144.7327,770072.479159,-17.98%,15264814.79,15254172.58
DOUG,10635.0,0.3904%,1.72,-7.53%,1.7543,550095.135326,-28.11%,2734868.0,2724233.0
300033,10630.0,2.0283%,0.0,0.00%,0.0,0.0,0.00%,534706.0,524076.0
ELDN,10621.0,0.4045%,3.9,2.09%,3.9073,1330296.254095,48.32%,2636443.0,2625822.0
BLK,10613.179999999702,0.1526%,1092.5,1.03%,1087.3044,484454.338153,-17.55%,6967442.5,6956829.32
688568,10600.0,1.8782%,0.0,0.00%,0.0,0.0,0.00%,574982.0,564382.0
DNOW,10537.0,0.0448%,13.36,1.75%,13.1698,3292282.870559,-21.45%,23553073.0,23542536.0
300339,10500.0,1.8107%,0.0,0.00%,0.0,0.0,0.00%,590386.0,579886.0
BKH,10497.0,0.1027%,74.3,1.17%,74.0494,982762.649543,2.23%,10227439.0,10216942.0
CNX,10453.0,0.0644%,35.79,-0.89%,35.7956,1946428.017882,-4.51%,16247506.0,16237053.0
CAMT,10416.0,3.9643%,174.625,-15.83%,176.6498,1401439.698628,84.52%,273162.0,262746.0
9880 HK,10400.0,0.3153%,0.0,0.00%,0.0,0.0,0.00%,3308577.0,3298177.0
III,10398.0,0.4519%,4.24,2.42%,4.2197,561487.320288,78.67%,2311300.0,2300902.0
BZAI,10359.0,0.3225%,1.63,-9.44%,1.6911,10791663.319781,44.12%,3222916.0,3212557.0
STGW,10359.0,0.2666%,6.06,-3.04%,6.0883,1259613.321075,-4.18%,3895487.0,3885128.0
EWTX,10344.0,0.3045%,34.01,-1.59%,34.0397,1168380.556809,6.55%,3407145.0,3396801.0
WWW,10324.0,0.1008%,15.71,-3.02%,15.801,1725849.816088,55.12%,10250056.0,10239732.0
AVIR,10320.0,0.3196%,5.5,1.66%,5.477,310187.762185,-13.56%,3239363.0,3229043.0
KREF,10319.0,0.2744%,6.4,-1.08%,6.4385,1135699.70838,-7.84%,3770266.0,3759947.0
002371,10300.0,2.0463%,0.0,0.00%,0.0,0.0,0.00%,513654.0,503354.0
CDXS,10272.0,0.2587%,2.54,-4.15%,2.5719,938909.677251,-33.59%,3980523.0,3970251.0
PMT,10252.0,0.0604%,10.46,-2.97%,10.5695,1202131.511435,16.36%,16980715.0,16970463.0
UTZ,10247.0,0.3858%,7.39,2.50%,7.3401,3003229.196549,34.41%,2666608.0,2656361.0
ALKT,10230.0,0.3365%,16.79,-2.50%,16.856,2527732.666829,106.02%,3050594.0,3040364.0
603613,10200.0,2.0587%,0.0,0.00%,0.0,0.0,0.00%,505665.0,495465.0
SABR,10180.0,0.0208%,1.83,-4.19%,1.8686,4344137.289105,21.03%,48899933.0,48889753.0
ACRE,10160.0,0.3739%,4.86,0.00%,4.8812,601239.04154,0.47%,2727273.0,2717113.0
VERX,10148.0,0.3349%,13.53,-2.73%,13.6146,1280216.96592,-39.36%,3040458.0,3030310.0
CIEN,10134.679999999702,0.1091%,577.15,-0.74%,567.0508,1603667.362212,-32.64%,9296137.15,9286002.47
BV,10113.0,0.3981%,12.85,-1.46%,12.837,449179.01857,-30.09%,2550727.0,2540614.0
CXM,10107.0,0.0621%,5.06,-2.69%,5.0724,4543277.596858,44.63%,16287338.0,16277231.0
VOD,10104.0,0.0353%,15.095,-7.51%,14.9645,8230825.3874,82.69%,28624231.0,28614127.0
OSUR,10103.0,0.3230%,2.97,-1.66%,2.9691,835590.56031,-1.73%,3138077.0,3127974.0
ACIW,10050.0,0.0740%,42.18,-0.42%,42.2279,788109.574751,-20.17%,13585017.0,13574967.0
RPAY,10048.0,0.3612%,3.36,0.30%,3.3406,405946.761251,-26.16%,2791570.0,2781522.0
EYPT,10020.0,0.2769%,13.62,-2.58%,13.6182,764203.329916,-22.77%,3628074.0,3618054.0
APG,10001.0,0.0332%,43.16,-2.18%,43.1861,2247243.246781,-7.48%,30170345.0,30160344.0
2395 TT,10000.0,0.3610%,0.0,0.00%,0.0,0.0,0.00%,2780057.0,2770057.0
700 HK,10000.0,0.2670%,0.0,0.00%,0.0,0.0,0.00%,3755145.0,3745145.0
DNUT,9946.0,0.3191%,3.28,-2.96%,3.3093,2620861.505956,-25.88%,3126834.0,3116888.0
SRTA,9941.0,0.4011%,5.47,-3.36%,5.3847,1376496.940559,-11.95%,2488082.0,2478141.0
YEXT,9918.0,0.2115%,3.66,-3.17%,3.6927,650562.208938,-37.37%,4700386.0,4690468.0
AEIS,9893.0,0.2483%,339.42,-4.38%,337.2864,644611.79851,11.66%,3993890.0,3983997.0
AKBA,9861.0,0.0578%,1.18,2.61%,1.1911,4573614.477171,-17.47%,17065291.0,17055430.0
DOLE,9813.0,0.3915%,14.41,-5.26%,14.7802,1615943.890542,-15.74%,2516477.0,2506664.0
ETN,9812.530000001192,0.0525%,401.53,-4.17%,401.1403,2953085.739653,-20.72%,18706184.53,18696372.0
688561,9800.0,2.0102%,0.0,0.00%,0.0,0.0,0.00%,497320.0,487520.0
SG,9786.0,0.2674%,6.51,-3.41%,6.4793,4325623.925353,-21.02%,3669760.0,3659974.0
DOCU,9753.0,0.0592%,45.18,-0.68%,45.5211,2916733.23155,-28.02%,16471014.0,16461261.0
NFBK,9740.0,0.6143%,14.03,0.79%,13.9097,219146.125071,-5.68%,1595289.0,1585549.0
SPWR,9699.0,0.2554%,0.97,-14.91%,0.9755,5018498.106406,141.88%,3806646.0,3796947.0
SWK,9689.810000000522,0.0747%,78.88,-0.24%,78.1714,2001697.882855,-5.35%,12973351.88,12963662.07
FIP,9682.0,0.2222%,4.48,-4.07%,4.5004,1728522.61525,-13.18%,4366478.0,4356796.0
VIA,9679.0,2.8782%,14.12,-16.60%,14.8088,1389617.169802,56.56%,345961.0,336282.0
STWD,9675.0,0.0335%,17.22,-0.06%,17.2401,3738462.055292,-23.14%,28864528.0,28854853.0
ENS,9662.0,0.2405%,232.64,-1.77%,230.3812,369369.245715,-27.07%,4026992.0,4017330.0
HCAT,9640.0,0.3786%,1.48,7.25%,1.4769,520564.25218,84.19%,2555825.0,2546185.0
ARAY,9639.0,0.2485%,0.3129,-8.72%,0.3217,1693222.905075,36.72%,3887810.0,3878171.0
RXO,9624.0,0.0450%,20.05,-3.14%,19.9637,2224595.822945,-16.10%,21400355.0,21390731.0
BMBL,9612.0,0.2115%,3.36,2.13%,3.3767,2523322.821425,-42.52%,4554353.0,4544741.0
300456,9600.0,1.8408%,0.0,0.00%,0.0,0.0,0.00%,531100.0,521500.0
MRNA,9594.390000000596,0.0375%,53.27,0.74%,53.5189,11248182.250468,-55.72%,25560611.27,25551016.88
UNP,9592.25,0.0333%,265.6,0.85%,265.185,2542387.561857,57.93%,28782257.6,28772665.35
CMC,9590.0,0.0658%,69.67,-2.09%,69.4641,945393.895204,-0.58%,14580630.0,14571040.0
MELI,9570.0,0.6874%,1578.78,1.38%,1565.1431,1163549.956744,-37.60%,1401739.0,1392169.0
RLAY,9570.0,0.1002%,12.93,0.62%,12.7462,2017512.373706,-37.51%,9560534.0,9550964.0
CODI,9557.0,0.2526%,11.97,-1.97%,11.8029,1786596.766628,87.57%,3792960.0,3783403.0
DNLI,9540.0,0.0991%,19.46,-1.07%,19.5032,1792302.782263,-2.28%,9637449.0,9627909.0
SSP,9519.0,0.3869%,3.56,-6.07%,3.6372,1216182.435058,-12.00%,2469705.0,2460186.0
002916,9500.0,2.0339%,0.0,0.00%,0.0,0.0,0.00%,476590.0,467090.0
HAS,9485.310000000522,0.0804%,94.5,-0.72%,94.5723,2882662.649025,96.27%,11802004.5,11792519.19
AMPL,9465.0,0.2371%,6.18,-2.83%,6.2673,3331021.898977,-2.29%,4001574.0,3992109.0
688165 C1,9464.0,0.2831%,0.0,0.00%,0.0,0.0,0.00%,3353014.0,3343550.0
WTRG,9453.0,0.0374%,37.98,1.09%,37.8776,1959182.498754,-8.21%,25307043.0,25297590.0
PTLO,9445.0,0.3772%,4.05,-1.70%,4.0911,2597524.026991,18.22%,2513716.0,2504271.0
ERAS,9431.0,0.0644%,10.38,-0.57%,10.2795,3763972.744202,-1.06%,14664622.0,14655191.0
688256,9400.0,2.1027%,0.0,0.00%,0.0,0.0,0.00%,456436.22,447036.22
603986,9400.0,1.9876%,0.0,0.00%,0.0,0.0,0.00%,482325.0,472925.0
CD,9377.0,0.4229%,5.97,-0.83%,5.948,59323.886332,-21.67%,2226673.0,2217296.0
NCMI,9367.0,0.3625%,3.38,-2.87%,3.3705,237527.104188,19.24%,2593286.0,2583919.0
AOS,9330.570000000298,0.0891%,58.09,-0.73%,58.0251,1391361.887927,-21.17%,10484963.09,10475632.52
TRAK,9323.0,2.3675%,9.34,-4.79%,9.4242,137172.5759,26.47%,403120.0,393797.0
AMLX,9318.0,0.1891%,14.44,-2.96%,14.466,1084752.357278,-45.64%,4937663.0,4928345.0
SDRL,9305.0,0.3278%,49.96,0.00%,50.2713,874411.465489,-12.51%,2847913.0,2838608.0
300085,9300.0,1.8843%,0.0,0.00%,0.0,0.0,0.00%,502840.0,493540.0
BBBY,9280.0,0.3659%,4.69,-4.29%,4.733,2398534.606362,1.58%,2545414.0,2536134.0
BLMN,9244.0,0.2637%,8.32,-0.60%,8.3672,2715226.536426,-0.16%,3514150.0,3504906.0
NESR,9223.0,0.3547%,26.84,5.54%,25.9426,1924726.492882,-29.28%,2609231.0,2600008.0
EVEX,9208.0,0.2986%,3.26,4.49%,3.1553,1124708.536449,-10.52%,3093058.0,3083850.0
000681,9200.0,1.8329%,0.0,0.00%,0.0,0.0,0.00%,511129.0,501929.0
REZI,9194.0,0.0521%,36.68,-2.11%,36.8856,1787738.205991,12.46%,17651375.0,17642181.0
PRCH,9192.0,0.2511%,10.33,-1.90%,10.3716,1447838.637497,-3.03%,3670390.0,3661198.0
ALMS,9180.0,0.2379%,23.51,-0.63%,23.3354,602398.253898,-37.43%,3867869.0,3858689.0
APD,9176.099999999627,0.0770%,303.6,-0.30%,302.5717,925090.637464,18.32%,11928617.6,11919441.5
KGH PW,9140.0,0.2288%,0.0,0.00%,0.0,0.0,0.00%,4003777.0,3994637.0
URGN,9137.0,0.5416%,29.8,-4.88%,29.9251,927553.902246,-28.02%,1696109.0,1686972.0
WYFI,9134.0,1.4545%,26.09,-3.30%,24.9912,2819982.303349,-42.80%,637126.0,627992.0
DAN,9108.0,0.0589%,33.84,-0.06%,33.7292,843520.905835,-21.88%,15464134.0,15455026.0
XENE,9107.0,0.2557%,55.0,-1.40%,55.1706,789661.955625,10.45%,3570822.0,3561715.0
002841,9100.0,1.8350%,0.0,0.00%,0.0,0.0,0.00%,505015.0,495915.0
IAG,9094.0,0.2630%,19.04,0.26%,18.7457,5343671.415127,-9.19%,3467196.0,3458102.0
EHAB,9085.0,0.4665%,13.79,0.07%,13.7887,3401711.177813,425.95%,1956593.0,1947508.0
RYAM,9063.0,0.3502%,9.38,1.63%,9.3495,1416057.798729,71.12%,2596885.0,2587822.0
KODK,9005.0,0.2833%,10.26,-3.12%,10.2696,1620647.241008,-26.00%,3187379.0,3178374.0
300113,9000.0,1.9063%,0.0,0.00%,0.0,0.0,0.00%,481108.0,472108.0
688012,9000.0,2.0542%,0.0,0.00%,0.0,0.0,0.00%,447123.0,438123.0
DEC,8966.0,0.3634%,15.87,1.02%,15.8664,654515.58201,-15.10%,2476396.0,2467430.0
HASI,8953.0,0.0503%,40.97,-0.02%,40.9069,1249798.604619,-13.15%,17805973.0,17797020.0
SATL,8949.0,0.2889%,7.55,-13.22%,7.6678,11441441.434054,-31.20%,3107027.0,3098078.0
AXGN,8944.0,0.4237%,40.93,0.34%,41.0501,651484.327811,-51.31%,2119819.0,2110875.0
BRBS,8939.0,0.3971%,3.32,0.30%,3.3106,208466.702411,-42.00%,2259938.0,2250999.0
NNOX,8924.0,0.3522%,1.71,4.91%,1.6493,1332873.313995,-29.49%,2542511.0,2533587.0
ERO CN,8900.0,0.2299%,0.0,0.00%,0.0,0.0,0.00%,3880494.0,3871594.0
SLDE,8878.0,0.3220%,18.63,0.38%,18.6589,1370689.663457,0.18%,2765657.0,2756779.0
ABBN SW,8866.0,0.2796%,0.0,0.00%,0.0,0.0,0.00%,3179642.0,3170776.0
VCX,8856.0,0.1201%,275.0,-0.36%,252.1729,942934.600004,18.49%,7383327.0,7374471.0
TWO,8847.0,0.0474%,12.66,0.32%,12.6597,1894742.687061,-76.48%,18680251.0,18671404.0
NABL,8836.0,0.0802%,3.91,-4.40%,3.93,1893677.352926,9.77%,11022338.0,11013502.0
SLDB,8835.0,0.2870%,7.72,0.52%,7.6076,1010957.478871,3.97%,3087007.0,3078172.0
BDX,8834.359999999404,0.0529%,147.51,3.05%,147.0533,3465313.275861,-3.44%,16710490.51,16701656.15
XPEV,8833.0,0.1915%,16.16,0.06%,16.0307,6148396.057197,-15.79%,4621469.0,4612636.0
CNO,8812.0,0.0875%,46.17,1.07%,45.9657,727978.772626,-22.15%,10077066.0,10068254.0
603185,8800.0,1.7097%,0.0,0.00%,0.0,0.0,0.00%,523514.0,514714.0
FUN,8792.0,0.0711%,18.9,-6.20%,18.9573,3230348.70415,58.63%,12371808.0,12363016.0
RSI,8788.0,0.2694%,27.51,-2.20%,27.7169,1499355.713531,-40.23%,3270552.0,3261764.0
AROC,8779.0,0.0353%,37.23,1.42%,36.8618,1511425.462195,-37.73%,24881358.0,24872579.0
CALY,8770.0,0.0482%,15.73,-2.36%,15.5182,4521650.041079,9.31%,18194073.0,18185303.0
SYK,8751.870000001043,0.0508%,294.45,4.20%,293.3299,3371283.544123,28.69%,17233659.45,17224907.58
SWX,8738.0,0.1154%,89.87,0.83%,89.8692,394154.804115,-21.34%,7582451.0,7573713.0
ATYR,8723.0,0.2726%,0.5302,-44.20%,0.6253,12306880.061533,1002.20%,3209043.0,3200320.0
HGV,8691.0,0.1519%,45.14,-1.95%,45.2506,587119.52767,-21.63%,5730762.0,5722071.0
XYL,8643.539999999106,0.0586%,111.54,-0.41%,111.6794,1838693.944702,10.14%,14761812.54,14753169.0
FULC,8635.0,0.2755%,6.96,-0.57%,6.9736,598664.280458,-5.57%,3142830.0,3134195.0
TNGX,8625.0,0.1105%,23.5,0.09%,23.4301,1387888.14292,21.33%,7816391.0,7807766.0
FA,8619.0,0.2982%,15.56,-2.99%,15.8056,1450489.440662,-28.29%,2898880.0,2890261.0
GDDY,8594.949999999255,0.0748%,87.03,-1.19%,87.1519,1286695.624825,-37.54%,11504009.03,11495414.08
NWE,8579.0,0.1409%,71.5,1.03%,71.2574,301409.800059,-17.55%,6097262.0,6088683.0
SR,8570.0,0.1117%,86.58,0.96%,86.9093,515275.909886,-4.78%,7680207.0,7671637.0
CTOS,8545.0,0.2283%,9.96,1.22%,9.9072,1107055.033483,4.48%,3750717.0,3742172.0
CPT,8541.310000000522,0.0908%,105.23,0.30%,105.0757,756022.139455,-27.83%,9413691.23,9405149.92
PNR,8540.429999999702,0.0649%,75.26,-0.75%,75.1541,3047052.348645,106.25%,13174936.26,13166395.83
MNTK,8535.0,0.4088%,1.41,-2.76%,1.4496,179162.563214,-40.07%,2096107.0,2087572.0
CAH,8523.060000000522,0.0512%,182.56,0.03%,183.2513,2322065.55381,15.37%,16657218.56,16648695.5
LUNR,8501.0,0.0782%,32.09,-1.02%,31.3786,10719123.349861,-32.96%,10872902.0,10864401.0
SLS CN,8460.0,0.2323%,0.0,0.00%,0.0,0.0,0.00%,3650503.0,3642043.0
CTRI,8445.0,0.2692%,31.68,-4.58%,31.9781,2089223.938602,0.36%,3145640.0,3137195.0
OPLN,8434.0,0.0610%,36.11,-2.54%,36.0927,922488.638422,-11.01%,13844666.0,13836232.0
COO,8417.969999998808,0.0673%,59.95,1.64%,59.9188,2818488.472615,66.07%,12516598.95,12508180.98
GRMN,8401.589999999851,0.0815%,236.97,-2.23%,237.4727,490367.749287,-55.63%,10311546.97,10303145.38
TRVI,8398.0,0.1576%,14.76,-0.81%,14.7415,1128155.480429,-0.33%,5337495.0,5329097.0
AU,8358.0,0.1471%,104.33,-3.70%,103.4453,2327675.65795,-0.22%,5691841.0,5683483.0
EVC,8329.0,0.3699%,8.11,-8.57%,8.5056,3964387.661724,-44.58%,2260242.0,2251913.0
BHR,8300.0,0.3342%,2.51,-1.95%,2.4938,279382.666542,-63.83%,2491482.0,2483182.0
RTO,8280.0,0.2045%,32.73,-1.06%,32.4794,1092068.571669,42.06%,4057640.0,4049360.0
SCG,8256.0,0.0828%,0.0,0.00%,0.0,0.0,0.00%,9980455.0,9972199.0
MKSI,8255.0,0.1579%,311.72,-2.50%,307.4136,1480109.91738,20.62%,5236726.0,5228471.0
LIVN,8254.0,0.1517%,71.75,2.37%,71.2222,1019301.458445,-6.06%,5449179.0,5440925.0
SILA,8250.0,0.2993%,30.57,0.07%,30.5553,478330.343434,-2.07%,2764612.0,2756362.0
SERV,8249.0,0.2778%,8.76,-1.02%,8.6186,3543562.940165,-37.86%,2977914.0,2969665.0
BSY,8240.0,0.0612%,32.67,0.09%,32.7947,4799445.14425,31.43%,13482268.0,13474028.0
JBL,8238.55999999959,0.1089%,350.8,-3.95%,350.1273,1435389.990732,51.21%,7571453.8,7563215.24
LOW,8228.460000000894,0.0314%,224.52,-0.68%,225.5175,3266399.047635,67.63%,26246150.52,26237922.06
UE,8221.0,0.0507%,21.69,-0.37%,21.7088,728708.274788,-0.67%,16219119.0,16210898.0
UPST,8214.0,0.2638%,27.84,-2.96%,27.9767,3544922.902103,-6.04%,3121743.0,3113529.0
BCAX,8211.0,0.3822%,22.38,-2.36%,22.2511,352854.434144,-46.29%,2156581.0,2148370.0
NUE,8210.830000000075,0.0531%,229.83,-0.94%,230.4311,1626623.432911,0.91%,15457272.83,15449062.0
002368,8200.0,1.7767%,0.0,0.00%,0.0,0.0,0.00%,469719.0,461519.0
HOOD,8183.490000002086,0.0182%,78.27,-3.11%,77.9844,17097436.983723,-35.13%,44937418.27,44929234.78
GL,8156.050000000745,0.1133%,154.91,0.68%,154.4732,471678.590842,-39.88%,7209287.91,7201131.859999999
BRCC,8113.0,0.2794%,1.29,0.00%,1.3117,842835.781705,35.39%,2911619.0,2903506.0
GEO,8102.0,0.0474%,21.41,0.00%,21.2377,1758276.825467,0.54%,17083737.0,17075635.0
ILPT,8041.0,0.2856%,7.68,-0.65%,7.7,246943.866857,-21.81%,2823065.0,2815024.0
6383 JP,8034.0,0.2796%,0.0,0.00%,0.0,0.0,0.00%,2881158.0,2873124.0
JBGS,8034.0,0.1013%,14.91,-2.42%,14.9778,659436.314046,42.03%,7938047.0,7930013.0
SITC,8011.0,0.3463%,5.55,-1.07%,5.5653,351930.917063,-26.94%,2321372.0,2313361.0
JKHY,8005.0800000000745,0.1310%,144.73,0.75%,145.5469,1279213.234009,-2.09%,6119993.73,6111988.65
INTA,8003.0,0.3158%,22.77,-4.41%,23.2277,1649130.276496,88.18%,2542372.0,2534369.0
300661,8000.0,1.8311%,0.0,0.00%,0.0,0.0,0.00%,444906.0,436906.0
DHR,7975.740000002086,0.0281%,166.26,-0.16%,166.6821,5417226.651482,-26.58%,28423991.26,28416015.52
KLTR,7963.0,0.2815%,1.45,6.62%,1.4506,1075926.790631,43.81%,2836433.0,2828470.0
OGS,7959.0,0.1196%,84.78,-0.21%,84.9336,544770.087971,4.67%,6664098.0,6656139.0
KDCREIT,7952.0,1.2462%,0.0,0.00%,0.0,0.0,0.00%,646056.0,638104.0
SKYX,7942.0,0.2674%,1.135,-5.81%,1.1428,2690012.800366,-16.56%,2977612.0,2969670.0
DBX,7937.0,0.0576%,25.81,-2.57%,25.948,3832191.243309,-55.59%,13783554.0,13775617.0
FMNB,7933.0,0.3712%,13.95,-0.21%,13.8965,264698.248791,-30.69%,2145097.0,2137164.0
CDW,7922.760000001639,0.0880%,99.3,-3.16%,99.456,4056806.378776,24.87%,9006775.3,8998852.54
OIS,7903.0,0.2793%,8.95,0.22%,8.8738,2792194.282054,231.75%,2837756.0,2829853.0
DOCN,7892.0,0.1080%,155.72,-4.30%,154.81,3324944.513724,-0.84%,7316196.0,7308304.0
055550 KS,7885.0,64.9292%,0.0,0.00%,0.0,0.0,0.00%,20029.0,12144.0
TOI,7875.0,0.2836%,4.02,0.25%,3.9693,1120282.039104,-52.27%,2784986.0,2777111.0
EQIX,7855.410000000149,0.1484%,1080.63,-0.51%,1079.6066,464064.841493,-31.69%,5301888.63,5294033.22
KEYS,7848.290000000969,0.0813%,361.65,-1.29%,359.8194,1514604.88174,1.69%,9666617.65,9658769.36
SHEL,7840.0,0.2885%,85.35,-0.01%,85.2946,6887672.004208,-16.70%,2724927.0,2717087.0
HQY,7833.0,0.0987%,80.46,-1.46%,80.6856,1335037.639388,98.15%,7946037.0,7938204.0
SMA,7829.0,0.3347%,31.75,-1.79%,31.8215,469268.073514,32.34%,2346759.0,2338930.0
CTKB,7808.0,0.0539%,4.04,-1.94%,4.0734,966111.912769,-13.21%,14485291.0,14477483.0
2431 HK,7800.0,0.3148%,0.0,0.00%,0.0,0.0,0.00%,2485600.0,2477800.0
2432 HK,7800.0,0.2657%,0.0,0.00%,0.0,0.0,0.00%,2943200.0,2935400.0
WOLF,7775.0,0.9068%,53.72,6.78%,50.2996,12280694.646422,34.37%,865192.0,857417.0
OEC,7755.0,0.3899%,7.52,1.08%,7.4344,586149.971783,29.62%,1996748.0,1988993.0
SITM,7753.0,0.3401%,847.19,-6.02%,830.5346,658250.026937,-5.10%,2287302.0,2279549.0
CON,7745.0,0.0527%,25.57,2.28%,25.1379,1633616.566384,43.39%,14711773.0,14704028.0
UGI,7740.0,0.0355%,33.0,1.69%,32.9094,3077815.785159,56.60%,21816713.0,21808973.0
UIS,7738.0,0.2967%,3.24,2.86%,3.1931,1081479.909929,57.36%,2615616.0,2607878.0
TK,7729.0,0.3861%,13.43,-1.40%,13.4186,517855.604577,-17.02%,2009599.0,2001870.0
FBRT,7724.0,0.0523%,8.8,0.11%,8.7598,646541.112119,6.96%,14766034.0,14758310.0
AAOI,7717.0,0.3064%,188.28,1.83%,188.332,16391243.585612,-1.61%,2526144.0,2518427.0
LLY,7710.880000002682,0.0195%,989.87,2.37%,989.2586,3036748.986894,-13.67%,39567626.870000005,39559915.99
AKR,7710.0,0.0454%,21.59,-0.92%,21.6286,715254.960379,1.77%,16978040.0,16970330.0
CURB,7702.0,0.0616%,27.7,-1.00%,27.7928,606475.867038,-34.62%,12507015.0,12499313.0
PSNL,7697.0,0.3190%,6.04,4.50%,5.9827,1482603.774025,-8.16%,2420246.0,2412549.0
MATV,7691.0,0.3655%,8.61,-1.60%,8.6066,465766.658004,-7.40%,2111920.0,2104229.0
GDOT,7689.0,0.3329%,12.6,1.45%,12.6643,638074.365409,43.53%,2317331.0,2309642.0
TRN,7658.0,0.0673%,36.14,-0.96%,35.9979,374126.816409,-18.43%,11383881.0,11376223.0
005930 KS,7650.0,0.3170%,0.0,0.00%,0.0,0.0,0.00%,2421046.0,2413396.0
PCELL SS,7644.0,0.9777%,0.0,0.00%,0.0,0.0,0.00%,789512.0,781868.0
AVB,7615.75,0.0719%,187.02,-0.13%,186.9011,845204.086893,18.22%,10603613.02,10595997.27
HPP,7600.0,0.2214%,11.94,5.38%,11.7962,1629167.704027,6.72%,3440023.0,3432423.0
KN,7593.0,0.0704%,35.25,-2.79%,35.0919,1565892.121726,-9.08%,10792534.0,10784941.0
LXU,7578.0,0.3476%,15.44,3.62%,15.1363,948022.940064,-7.87%,2187769.0,2180191.0
GTLB,7576.0,0.1905%,23.08,-9.98%,23.2134,11822350.860396,64.94%,3985220.0,3977644.0
PECO,7573.0,0.0466%,39.65,-0.15%,39.7501,744855.515842,25.69%,16241476.0,16233903.0
WTW,7555.720000000671,0.1228%,251.44,0.69%,251.3599,876880.879648,1.72%,6162326.44,6154770.72
GFS,7548.0,0.3610%,72.15,-3.79%,71.4196,4238126.568727,26.30%,2098127.0,2090579.0
AMP,7544.4199999999255,0.1133%,470.12,1.38%,469.2979,845223.829851,53.93%,6665693.12,6658148.7
CRDF,7465.0,0.3415%,1.64,0.61%,1.6387,614880.099819,6.14%,2193597.0,2186132.0
NVRI,7458.0,0.0719%,19.67,4.18%,19.5777,1643802.76081,31.00%,10385722.0,10378264.0
RZLT,7442.0,0.2781%,3.3,4.10%,3.2722,1341591.237293,1.43%,2683840.0,2676398.0
HLIT,7434.0,0.0530%,12.95,0.94%,13.3974,7935251.949623,155.91%,14031422.0,14023988.0
VRNS,7433.0,0.1135%,27.84,-0.57%,27.7777,1377745.727252,-24.61%,6555156.0,6547723.0
CARS,7428.0,0.3463%,10.55,-3.48%,10.6217,934842.543781,9.21%,2152083.0,2144655.0
PII,7428.0,0.1275%,64.72,-2.35%,64.9569,668015.142987,-9.08%,5831929.0,5824501.0
TARA,7407.0,0.4127%,5.15,-2.28%,5.1457,419510.681335,-45.32%,1802224.0,1794817.0
1316 HK,7400.0,0.1824%,0.0,0.00%,0.0,0.0,0.00%,4064000.0,4056600.0
HWM,7390.180000003427,0.0247%,269.76,-1.40%,270.0575,2303799.86373,-22.69%,29897541.76,29890151.58
CRML,7367.0,0.3599%,11.83,-2.15%,11.8741,9374104.090646,-25.35%,2054481.0,2047114.0
GRNT,7362.0,0.3770%,5.24,-0.19%,5.2682,1050698.106041,26.63%,1960328.0,1952966.0
HSIC,7355.359999999404,0.0965%,69.35,0.52%,69.5754,1659145.670311,-19.81%,7625560.35,7618204.99
TEAM,7348.0,0.2568%,85.0,-2.65%,85.4125,5970246.734969,-24.72%,2868539.0,2861191.0
SB,7332.0,0.3891%,7.33,3.68%,7.2259,564864.295329,29.91%,1891870.0,1884538.0
ETON,7309.0,0.7731%,29.71,-0.44%,29.6975,247031.571817,7.06%,952764.0,945455.0
WK,7266.0,0.3230%,46.85,0.93%,47.6478,1615408.864125,6.59%,2257044.0,2249778.0
688521,7261.0,1.9591%,0.0,0.00%,0.0,0.0,0.00%,377885.0,370624.0
GPC,7229.320000000298,0.0561%,100.74,-0.67%,101.0511,1367632.937305,-7.22%,12884081.74,12876852.42
PPG,7226.429999999702,0.0425%,106.38,-1.45%,106.5389,1470120.253856,24.57%,16992554.38,16985327.95
LRMR,7221.0,0.3519%,4.13,0.98%,4.1456,912367.958263,-50.05%,2059333.0,2052112.0
CPAY,7218.7599999997765,0.1673%,338.34,-0.95%,338.6916,577571.732972,-29.57%,4321744.34,4314525.58
000733,7200.0,1.7688%,0.0,0.00%,0.0,0.0,0.00%,414260.0,407060.0
301269,7200.0,1.8928%,0.0,0.00%,0.0,0.0,0.00%,387585.0,380385.0
GOOD,7199.0,0.2342%,12.47,-0.48%,12.4686,479686.627641,-29.06%,3081301.0,3074102.0
DRH,7188.0,0.0274%,10.56,-0.38%,10.5549,1164012.083276,-15.34%,26208203.0,26201015.0
LULU,7168.790000000037,0.0874%,125.13,-0.96%,124.8303,3097456.876904,-18.32%,8212411.13,8205242.34
PRCT,7138.0,0.2621%,28.69,8.47%,28.3118,2978834.786015,26.01%,2730595.0,2723457.0
RDW,7115.0,0.0637%,11.56,-4.93%,11.5311,27630668.287841,-41.69%,11177076.0,11169961.0
HAE,7113.0,0.1650%,54.01,3.39%,53.825,971218.935455,-4.96%,4318160.0,4311047.0
VYGR,7111.0,0.3387%,4.15,0.73%,4.147,477323.984468,6.17%,2106608.0,2099497.0
BLFS,7105.0,0.1433%,21.23,-2.30%,21.3092,298122.48727,-11.89%,4965328.0,4958223.0
CRCT,7092.0,0.3645%,4.26,-2.29%,4.3137,391674.548729,-25.44%,1952705.0,1945613.0
GEV,7043.9000000003725,0.0511%,1071.98,-0.10%,1058.315,2102760.693432,-16.22%,13798669.98,13791626.08
ASST,7042.0,0.3606%,17.07,-4.90%,16.9197,3589327.62347,-34.21%,1959645.0,1952603.0
ARVN,7041.0,0.2231%,9.57,-0.93%,9.5092,1695895.649156,19.31%,3162945.0,3155904.0
NUS,7034.0,0.3765%,6.55,-1.21%,6.5959,652634.149663,-31.65%,1875224.0,1868190.0
AME,7028.039999999106,0.0559%,231.2,-0.41%,231.2291,2285108.484487,82.73%,12576177.2,12569149.16
300782,7000.0,1.8439%,0.0,0.00%,0.0,0.0,0.00%,386629.0,379629.0
688385,7000.0,1.8411%,0.0,0.00%,0.0,0.0,0.00%,387201.0,380201.0
603688,7000.0,1.8446%,0.0,0.00%,0.0,0.0,0.00%,386481.0,379481.0
CWR LN,6994.0,0.9216%,0.0,0.00%,0.0,0.0,0.00%,765898.0,758904.0
AES,6989.070000000298,0.0108%,14.42,0.49%,14.3987,9436838.726197,-59.48%,64754616.42,64747627.35
FRT,6964.13000000082,0.0735%,115.55,0.11%,115.5475,885013.008093,33.03%,9484012.55,9477048.42
CRSP,6954.0,0.1181%,52.83,-2.18%,52.8287,973700.265699,-26.11%,5893522.0,5886568.0
INV,6945.0,0.3866%,6.81,-2.58%,6.7178,1646793.158316,-45.37%,1803359.0,1796414.0
LION,6930.0,0.0862%,12.08,-1.23%,12.1005,2836652.281467,-24.13%,8045312.0,8038382.0
RMNI,6914.0,0.3804%,3.59,-2.97%,3.6052,386629.690214,13.80%,1824314.0,1817400.0
TRUP,6908.0,0.1619%,23.78,-0.25%,23.8602,427146.063865,-3.40%,4273465.0,4266557.0
NTCT,6908.0,0.0760%,38.22,-6.02%,38.7859,958083.223728,21.12%,9097130.0,9090222.0
TWI,6905.0,0.3587%,7.58,-1.17%,7.544,485611.213234,-44.76%,1932010.0,1925105.0
300223,6900.0,2.0599%,0.0,0.00%,0.0,0.0,0.00%,341870.0,334970.0
TRNO,6900.0,0.0525%,65.91,0.30%,65.7515,865256.837328,19.24%,13160688.0,13153788.0
CLDT,6876.0,0.2897%,9.89,0.10%,9.8065,483951.268316,-45.52%,2380490.0,2373614.0
AOSL,6875.0,0.1756%,37.72,-2.33%,36.7436,1000849.148584,6.78%,3921919.0,3915044.0
A,6860.4399999994785,0.0437%,112.9,1.29%,112.7953,1649626.773087,-24.32%,15701447.9,15694587.46
NKTX,6849.0,0.3716%,3.28,3.14%,3.2397,500870.560024,0.53%,1849849.0,1843000.0
WRD,6838.0,0.1997%,7.71,-0.64%,7.6656,2825425.81868,-24.99%,3430588.0,3423750.0
SAFX,6811.0,0.4243%,0.4056,-3.31%,0.4317,3373817.713718,25.48%,1612131.0,1605320.0
INDIGO IN,6810.0,86.4762%,0.0,0.00%,0.0,0.0,0.00%,14685.0,7875.0
ABUS,6773.0,0.0653%,4.31,-1.82%,4.2935,1026002.835471,33.72%,10379084.0,10372311.0
NMAX,6767.0,0.4378%,6.54,2.51%,6.4325,1065084.533729,26.77%,1552536.0,1545769.0
TSCO,6764.340000003576,0.0180%,30.59,1.12%,30.6011,17432971.921736,40.47%,37600579.59,37593815.25
OUST,6761.0,0.2249%,27.1,1.12%,26.7282,4864688.052213,-13.41%,3013571.0,3006810.0
EGY,6752.0,0.1235%,6.07,0.17%,6.071,1340660.610778,-29.12%,5474017.0,5467265.0
PLTK,6714.0,0.1129%,3.73,-0.53%,3.7121,1006501.949091,-12.65%,5955928.0,5949214.0
VUZI,6712.0,0.0775%,2.9,-4.92%,2.9557,1415808.695752,25.02%,8668817.0,8662105.0
EXFY,6653.0,0.3255%,0.9662,-0.80%,0.953,685816.64153,16.52%,2050882.0,2044229.0
UAL,6637.219999998808,0.0346%,95.84,-0.81%,95.3302,3387011.061042,-28.53%,19190290.84,19183653.62
HG,6631.0,0.3643%,30.71,-0.61%,30.8852,467551.689023,25.54%,1826938.0,1820307.0
ET,6630.0,0.0726%,20.0,1.99%,19.902,14515204.158603,40.72%,9138953.0,9132323.0
CNH,6621.0,0.0103%,10.74,-2.10%,10.7308,23485562.345562,62.85%,64353895.0,64347274.0
PACK,6619.0,0.3848%,6.3,-0.32%,6.2727,600942.384972,-10.12%,1726941.0,1720322.0
FCPT,6607.0,0.0465%,25.05,-0.36%,25.0704,537170.56661,-25.79%,14217220.0,14210613.0
CIA,6607.0,0.3878%,5.13,-1.54%,5.1794,79982.116731,-25.13%,1710444.0,1703837.0
KVYO,6603.0,0.4634%,14.45,-6.89%,14.6076,7118473.352136,-18.51%,1431651.0,1425048.0
FTRE,6602.0,0.0521%,14.61,-2.54%,14.5041,1339318.550315,11.91%,12667598.0,12660996.0
688111,6600.0,2.0388%,0.0,0.00%,0.0,0.0,0.00%,330316.0,323716.0
688002,6600.0,1.9872%,0.0,0.00%,0.0,0.0,0.00%,338719.0,332119.0
MBI,6597.0,0.3769%,6.18,1.31%,6.2471,997079.230938,14.06%,1756862.0,1750265.0
SNDX,6575.0,0.1030%,20.41,-4.54%,20.5966,1203737.81112,-44.20%,6391734.0,6385159.0
RDNT,6575.0,0.0777%,56.0,0.18%,54.8561,2055901.424568,-14.90%,8470345.0,8463770.0
XPER,6573.0,0.3787%,8.01,-0.25%,8.0837,980021.044338,-30.51%,1742308.0,1735735.0
VREX,6573.0,0.3542%,9.87,1.70%,9.8093,697326.060097,-35.15%,1862150.0,1855577.0
LAUR,6566.0,0.0408%,32.78,0.24%,32.7017,755879.542496,-31.79%,16116890.0,16110324.0
DRI,6565.320000000298,0.0861%,199.12,1.70%,199.7027,1338125.850163,28.67%,7632676.12,7626110.8
TBRG,6557.0,1.6992%,25.89,0.00%,25.86,116071.430311,-63.33%,392435.0,385878.0
ORGO,6512.0,0.2511%,2.41,3.43%,2.3994,1186068.920278,-7.09%,2599634.0,2593122.0
RVTY,6484.3499999996275,0.0835%,99.3,0.35%,99.2131,1328927.575452,-16.99%,7776392.3,7769907.95
PCOR,6478.0,0.1848%,48.09,-4.01%,48.5845,2713400.398495,5.49%,3511094.0,3504616.0
BWIN,6468.0,0.1751%,20.07,-0.45%,20.0799,1149968.853208,4.60%,3700705.0,3694237.0
CRNC,6457.0,0.2261%,9.94,0.66%,9.968,1684142.197462,44.25%,2862129.0,2855672.0
PAR,6447.0,0.3599%,15.53,0.91%,15.2405,1960723.51611,-31.50%,1797552.0,1791105.0
STNG,6435.0,0.4024%,83.51,-1.93%,84.2296,1056267.065048,-36.14%,1605413.0,1598978.0
2582 HK,6400.0,0.9636%,0.0,0.00%,0.0,0.0,0.00%,670600.0,664200.0
GIC,6395.0,1.2625%,29.1,1.36%,29.026,157744.705024,45.79%,512917.0,506522.0
CMRE,6387.0,0.4183%,17.21,-0.35%,17.0839,728024.466767,27.88%,1533304.0,1526917.0
CYRX,6370.0,0.3647%,13.04,-0.99%,12.9851,493753.187512,-31.52%,1752932.0,1746562.0
MD,6367.0,0.0565%,23.68,1.33%,23.6569,793409.614013,-3.45%,11277429.0,11271062.0
PWR,6365.430000001565,0.0709%,765.81,-1.99%,761.7413,1344093.239697,-4.77%,8987934.81,8981569.379999999
CRMD,6358.0,0.1800%,7.51,-1.96%,7.554,1190624.528958,7.03%,3537733.0,3531375.0
WEAV,6347.0,0.1981%,5.45,-0.73%,5.4681,972718.193583,-15.42%,3209553.0,3203206.0
PAX,6318.0,0.2676%,11.55,-1.70%,11.5103,1129387.983428,-32.31%,2367625.0,2361307.0
TGMA3 BZ,6300.0,0.3877%,0.0,0.00%,0.0,0.0,0.00%,1631400.0,1625100.0
TPC,6274.0,0.3123%,82.69,-0.12%,82.2664,778701.416861,4.64%,2015199.0,2008925.0
EXPE,6266.020000000484,0.0778%,221.48,0.01%,221.9703,1864649.719211,-36.53%,8062020.48,8055754.46
OI,6255.0,0.0319%,8.78,-2.98%,8.8568,2176496.410086,-6.53%,19612773.0,19606518.0
AVO,6248.0,0.3511%,12.63,-0.71%,12.6162,853909.81826,-12.90%,1785760.0,1779512.0
PBYI,6247.0,0.3898%,7.08,-0.84%,7.0023,346951.474781,-12.11%,1608841.0,1602594.0
RMD,6240.029999999329,0.0651%,203.79,2.53%,203.243,1368942.863139,-24.18%,9586425.79,9580185.76
ENSG,6239.0,0.1143%,176.04,3.91%,175.2832,629219.183884,-21.20%,5462949.0,5456710.0
GENS,6232.0,0.1469%,0.0,0.00%,0.0,0.0,0.00%,4249583.0,4243351.0
300857,6220.0,1.8585%,0.0,0.00%,0.0,0.0,0.00%,340900.0,334680.0
NRDY,6206.0,0.2885%,0.8447,-3.31%,0.8507,300283.945881,-47.19%,2157631.0,2151425.0
MSI,6205.220000000671,0.0615%,391.39,-0.20%,394.5614,1663455.608428,-17.20%,10087888.39,10081683.17
300604,6200.0,1.3577%,0.0,0.00%,0.0,0.0,0.00%,462848.0,456648.0
NHI,6181.0,0.2987%,74.43,1.36%,74.288,569665.01236,-2.32%,2075135.0,2068954.0
PLX,6177.0,0.2540%,1.91,-1.55%,1.9151,590907.252,-2.18%,2437981.0,2431804.0
GCMG,6176.0,0.2446%,11.19,-1.50%,11.1925,476426.699464,-3.33%,2530878.0,2524702.0
AVA,6175.0,0.0490%,40.81,0.32%,40.7687,633294.392263,22.61%,12611265.0,12605090.0
AMSC,6171.0,0.2690%,54.51,-7.17%,54.0331,1314800.266732,-24.86%,2299857.0,2293686.0
DNA,6151.0,0.2513%,8.34,-3.81%,8.4647,1320870.860514,-18.50%,2453514.0,2447363.0
PI,6147.0,0.1596%,148.25,-3.57%,147.8843,461402.423083,13.18%,3858852.0,3852705.0
LGN,6144.0,0.3427%,97.66,-0.49%,95.0752,1589807.004602,-29.17%,1799130.0,1792986.0
DE,6128.449999999255,0.0534%,589.19,0.08%,587.7008,1264773.46071,39.36%,11484939.19,11478810.74
MRX,6128.0,0.3411%,55.9,0.25%,55.5609,789782.95455,-9.48%,1802822.0,1796694.0
OFIX,6117.0,0.3549%,12.18,4.37%,12.1319,354724.122328,-5.51%,1729885.0,1723768.0
IDYA,6112.0,0.1109%,28.12,-0.04%,28.0537,726865.77707,-33.02%,5519121.0,5513009.0
300475,6100.0,1.8603%,0.0,0.00%,0.0,0.0,0.00%,334000.0,327900.0
PNBK,6094.0,0.2465%,1.09,-0.91%,1.0888,141300.800976,-17.77%,2478150.0,2472056.0
WYNN,6091.879999999888,0.0989%,97.25,-2.13%,97.6553,1639285.537028,-39.68%,6164273.25,6158181.37
KW,6091.0,0.0407%,11.0,-0.27%,11.0113,650730.186702,55.10%,14986157.0,14980066.0
688525,6090.0,1.8702%,0.0,0.00%,0.0,0.0,0.00%,331725.0,325635.0
TARS,6082.0,0.2975%,59.83,0.30%,59.4622,682797.879668,-46.17%,2050424.0,2044342.0
USAR,6074.0,0.0381%,25.55,-2.85%,25.5866,14631061.477541,-23.20%,15944452.0,15938378.0
ZGN,6071.0,0.3037%,12.39,-0.96%,12.3411,614722.959858,-27.38%,2004883.0,1998812.0
HEXAB,6064.0,1.0306%,0.0,0.00%,0.0,0.0,0.00%,594468.0,588404.0
ELA,6042.0,3.1079%,24.17,-0.41%,23.6898,181857.67893,-32.36%,200450.0,194408.0
SLAB,6042.0,0.1836%,216.58,-0.29%,216.6569,359680.574938,-17.96%,3296682.0,3290640.0
NTB,6035.0,0.4025%,55.35,-0.59%,55.3757,236268.745015,24.54%,1505489.0,1499454.0
ZIP,6028.0,0.2527%,3.7,7.25%,3.6818,1601766.970156,19.83%,2391187.0,2385159.0
688629,6027.0,1.8680%,0.0,0.00%,0.0,0.0,0.00%,328671.0,322644.0
WAB,6003.890000000596,0.0670%,269.02,0.33%,267.623,782718.656425,1.32%,8968916.02,8962912.129999999
688110,6000.0,1.9387%,0.0,0.00%,0.0,0.0,0.00%,315486.0,309486.0
603160,6000.0,1.8238%,0.0,0.00%,0.0,0.0,0.00%,334991.0,328991.0
688313,6000.0,1.8795%,0.0,0.00%,0.0,0.0,0.00%,325241.0,319241.0
688099,6000.0,2.0252%,0.0,0.00%,0.0,0.0,0.00%,302273.0,296273.0
3,6000.0,0.1552%,0.0,0.00%,0.0,0.0,0.00%,3871368.0,3865368.0
CMIG4,6000.0,0.2802%,0.0,0.00%,0.0,0.0,0.00%,2147411.0,2141411.0
300496,6000.0,1.8361%,0.0,0.00%,0.0,0.0,0.00%,332776.0,326776.0
LNTH,5998.0,0.0962%,96.23,2.30%,95.166,1230212.678423,3.35%,6243232.0,6237234.0
PEGA,5995.0,0.0705%,34.01,-0.73%,34.3248,2401401.797691,27.89%,8508679.0,8502684.0
J,5983.13000000082,0.0736%,114.15,-2.45%,115.2607,1547056.60987,-4.01%,8140126.15,8134143.02
NEO,5979.0,0.0371%,8.75,1.04%,8.7296,1721095.969988,-4.03%,16140772.0,16134793.0
INVEB,5960.0,0.7316%,0.0,0.00%,0.0,0.0,0.00%,820666.0,814706.0
ALTI,5956.0,0.4088%,3.45,-3.36%,3.4849,150944.407424,-24.83%,1462773.0,1456817.0
OMER,5947.0,0.1756%,14.76,2.79%,14.7235,1100077.125112,37.43%,3392923.0,3386976.0
AURA,5935.0,0.2703%,7.93,-3.17%,7.9082,478464.012898,43.26%,2201920.0,2195985.0
PGY,5928.0,0.2692%,13.53,-6.95%,13.8931,4478555.411161,19.33%,2208129.0,2202201.0
CMRC,5913.0,0.2319%,2.86,0.35%,2.8615,890037.480286,-57.40%,2555286.0,2549373.0
FNKO,5909.0,0.3512%,5.54,1.84%,5.475,1021474.099666,-45.66%,1688594.0,1682685.0
AVAH,5907.0,0.2774%,6.82,3.49%,6.7988,1240255.287331,14.89%,2134962.0,2129055.0
603893,5900.0,2.0036%,0.0,0.00%,0.0,0.0,0.00%,300363.0,294463.0
301308,5900.0,2.0250%,0.0,0.00%,0.0,0.0,0.00%,297260.0,291360.0
TDS,5898.0,0.0338%,42.76,-1.27%,42.8455,1625658.55837,-19.79%,17481247.0,17475349.0
OPRT,5891.0,0.3895%,5.66,3.47%,5.5644,475429.805076,0.31%,1518367.0,1512476.0
RAMP,5888.0,0.0714%,28.68,-2.28%,28.8469,503013.294291,0.48%,8248035.0,8242147.0
CNNE,5879.0,0.3800%,13.44,-2.89%,13.4373,1029698.510254,121.27%,1553130.0,1547251.0
ALDX,5851.0,0.2722%,1.71,-2.84%,1.7374,718594.120513,0.75%,2155596.0,2149745.0
ACMR,5847.0,0.0821%,62.99,-2.60%,62.3134,2205541.484988,9.54%,7131320.0,7125473.0
VEEV,5842.089999999851,0.0588%,159.42,0.06%,160.1306,1873059.402421,-21.37%,9941783.42,9935941.33
AKAM,5840.550000000745,0.0586%,149.56,-2.25%,147.197,6556686.516212,-33.60%,9966006.56,9960166.01
CLDX,5837.0,0.1445%,32.0,-0.87%,32.0281,773793.243726,-19.43%,4044973.0,4039136.0
QTWO,5821.0,0.0718%,47.0,-0.63%,47.2662,748423.878474,-25.28%,8116044.0,8110223.0
ZVRA,5812.0,0.2049%,11.05,2.31%,10.9712,1122264.893115,-49.79%,2841957.0,2836145.0
PHAT,5812.0,0.2218%,12.53,2.54%,12.4588,1024911.901682,11.50%,2626630.0,2620818.0
LSPD,5805.0,0.6612%,9.06,-2.69%,9.1081,579957.59374,-40.62%,883800.0,877995.0
688220,5800.0,1.9996%,0.0,0.00%,0.0,0.0,0.00%,295859.0,290059.0
ULCC,5797.0,0.2389%,4.72,-6.16%,4.6822,5551235.510303,35.79%,2432107.0,2426310.0
AIZ,5792.290000000037,0.1086%,243.43,-0.29%,243.509,433269.185726,-10.06%,5340226.43,5334434.14
STE,5790.0,0.0656%,210.85,4.46%,209.2446,1822788.187773,77.69%,8828905.85,8823115.85
ALH,5789.0,0.3826%,25.25,-0.59%,25.3601,956315.733546,16.52%,1518857.0,1513068.0
STXS,5782.0,0.2794%,1.92,2.13%,1.8935,389174.540116,16.28%,2074928.0,2069146.0
MITT,5781.0,0.4019%,7.78,0.52%,7.7584,174355.533806,5.46%,1444098.0,1438317.0
MUR,5780.0,0.0376%,38.7,2.87%,38.4147,1440496.336635,-37.44%,15368170.0,15362390.0
ATEN,5772.0,0.0509%,27.35,-2.39%,27.5323,849177.270895,-13.32%,11349366.0,11343594.0
COGT,5755.0,0.0634%,34.53,1.26%,34.1642,1187158.357669,10.86%,9086413.0,9080658.0
WNC,5745.0,0.3523%,6.95,-3.61%,6.935,875214.938736,18.89%,1636612.0,1630867.0
OSCR,5720.0,0.0706%,23.73,7.86%,23.0176,13223600.009344,57.28%,8109985.0,8104265.0
KNF,5711.0,0.1043%,82.41,-3.82%,83.2269,598460.650986,17.24%,5480832.0,5475121.0
VOYG,5696.0,0.1883%,29.2,-5.26%,29.2318,1699650.467887,-34.52%,3030231.0,3024535.0
DRVN,5687.0,0.2701%,12.84,-3.09%,12.8346,1707819.977056,34.38%,2111410.0,2105723.0
FWRG,5685.0,0.2733%,11.35,-2.83%,11.4702,1320455.992543,49.23%,2086181.0,2080496.0
FPI,5673.0,0.3162%,10.4,-0.19%,10.4151,290221.559448,-24.48%,1799916.0,1794243.0
QTRX,5671.0,0.2921%,2.91,3.93%,2.8838,1644673.422994,-47.95%,1947282.0,1941611.0
THBEV,5664.0,0.0732%,0.0,0.00%,0.0,0.0,0.00%,7743092.0,7737428.0
688047,5661.0,2.0190%,0.0,0.00%,0.0,0.0,0.00%,286051.0,280390.0
DEA,5659.0,0.0836%,22.98,0.57%,22.8737,564643.618757,10.69%,6777616.0,6771957.0
PEB,5658.0,0.0338%,14.27,-0.70%,14.2816,1641848.714872,9.59%,16745391.0,16739733.0
8YZ,5656.0,1.3884%,0.0,0.00%,0.0,0.0,0.00%,413034.0,407378.0
6506 JP,5642.0,0.2791%,0.0,0.00%,0.0,0.0,0.00%,2026944.0,2021302.0
TEAD,5625.0,0.4195%,0.9638,-4.57%,0.9533,209878.254869,-53.25%,1346540.0,1340915.0
IT,5622.160000000149,0.0891%,152.96,-0.55%,153.3285,1334082.344103,-13.93%,6312670.96,6307048.8
NXDT,5618.0,0.3700%,4.99,-2.16%,5.0415,179567.267077,115.77%,1523924.0,1518306.0
688234,5600.0,1.8872%,0.0,0.00%,0.0,0.0,0.00%,302332.0,296732.0
HODL,5592.0,1.7859%,22.85,-1.42%,22.7602,634758.889647,-65.89%,318708.0,313116.0
FDX,5585.519999999553,0.0501%,376.42,-0.65%,376.0096,996288.106071,7.01%,11155942.42,11150356.9
CXW,5579.0,0.0436%,19.6,-1.41%,19.5768,1086403.227235,-25.51%,12798452.0,12792873.0
JRVR,5576.0,0.4053%,4.2,5.79%,4.0897,898725.755053,-39.41%,1381490.0,1375914.0
OSG,5549.0,0.3432%,5.85,5.03%,5.7486,634805.810293,11.61%,1622350.0,1616801.0
VOXR,5529.0,0.2723%,6.18,2.83%,6.0778,516305.748287,86.31%,2035717.0,2030188.0
VECO,5524.0,0.0702%,61.46,0.41%,60.1162,2385611.891263,15.89%,7873312.0,7867788.0
HFFG,5523.0,0.4098%,2.12,11.58%,2.1445,471403.851337,15.38%,1353389.0,1347866.0
HDSN,5514.0,0.3566%,4.96,-2.94%,4.9964,794674.699233,11.78%,1551732.0,1546218.0
SBGI,5509.0,0.3872%,13.94,-2.31%,14.0476,483837.021253,-2.05%,1428437.0,1422928.0
AVY,5505.090000000782,0.1015%,160.11,-1.18%,160.9018,771334.548423,9.32%,5431094.11,5425589.02
PHR,5504.0,0.2622%,9.61,0.42%,9.5839,1051429.678502,6.83%,2104929.0,2099425.0
600584,5500.0,0.4379%,0.0,0.00%,0.0,0.0,0.00%,1261445.0,1255945.0
CDZI,5497.0,0.2763%,4.62,-1.07%,4.5925,567123.769095,-16.91%,1995017.0,1989520.0
PUBM,5494.0,0.3882%,9.78,-1.01%,9.8445,767165.837577,-58.04%,1420861.0,1415367.0
BLKB,5467.0,0.1462%,32.48,-5.47%,32.8649,646148.451634,-7.15%,3743588.0,3738121.0
OWL,5466.0,0.0379%,10.0,-0.79%,9.9209,39177170.758704,40.06%,14425295.0,14419829.0
RPC,5464.0,0.2147%,8.55,1.54%,8.5165,494933.624742,-3.27%,2550387.0,2544923.0
ANGO,5463.0,0.2693%,10.9,0.55%,10.8951,304819.383274,-32.67%,2033972.0,2028509.0
LQDA,5453.0,0.1571%,56.6,6.53%,53.825,3928802.702179,-43.06%,3475624.0,3470171.0
CDRE,5443.0,0.2280%,28.38,-9.50%,27.4142,1520143.488019,128.64%,2393082.0,2387639.0
SPXC,5427.0,0.1118%,198.99,-2.09%,197.5075,390125.066657,-41.15%,4860820.0,4855393.0
MGTX,5420.0,0.2481%,9.79,-1.11%,9.7969,359413.634657,-47.70%,2190043.0,2184623.0
300726,5400.0,1.8971%,0.0,0.00%,0.0,0.0,0.00%,290045.0,284645.0
EXPD,5372.890000000596,0.0524%,154.43,-0.71%,154.3355,1124512.119497,45.28%,10253609.43,10248236.54
247540 KS,5368.0,1.7843%,0.0,0.00%,0.0,0.0,0.00%,306214.0,300846.0
JOYY,5363.0,1.3595%,58.23,-1.36%,58.1217,276547.430276,38.22%,399849.0,394486.0
SPT,5358.0,0.2181%,6.55,-0.15%,6.4864,1404161.825539,-34.45%,2461888.0,2456530.0
300454,5321.0,1.7625%,0.0,0.00%,0.0,0.0,0.00%,307217.0,301896.0
SEM,5316.0,0.0377%,16.45,0.06%,16.4451,1237041.022477,9.66%,14123970.0,14118654.0
688347,5313.0,1.8871%,0.0,0.00%,0.0,0.0,0.00%,286855.0,281542.0
ATRC,5313.0,0.2667%,26.69,1.48%,26.5707,851480.616048,-7.87%,1997736.0,1992423.0
ZYME,5301.0,0.2173%,23.9,-0.54%,23.8968,723952.193222,-38.92%,2444356.0,2439055.0
TENB,5294.0,0.0747%,21.01,-1.41%,21.0235,2096850.45686,-9.62%,7090297.0,7085003.0
BR,5290.4000000003725,0.0635%,149.53,0.27%,149.8653,2560600.50597,41.98%,8337370.53,8332080.13
DAKT,5274.0,0.3430%,20.49,-0.92%,20.4253,305466.865079,5.03%,1542885.0,1537611.0
EPAM,5257.790000000969,0.1187%,95.14,-2.27%,95.4559,1536957.049386,-8.88%,4434628.140000001,4429370.35
688213,5250.0,1.8921%,0.0,0.00%,0.0,0.0,0.00%,282721.0,277471.0
HRMY,5243.0,0.0922%,30.15,-0.10%,30.1312,1043984.585202,31.08%,5694068.0,5688825.0
ESTC,5242.0,0.2031%,50.09,-0.58%,50.0668,1860248.8042,-13.24%,2585969.0,2580727.0
HYLN,5233.0,0.0678%,2.68,-2.90%,2.7067,1898431.136249,-22.22%,7725595.0,7720362.0
MLI,5219.0,0.0504%,138.59,-1.51%,138.1839,772954.112259,42.84%,10352013.0,10346794.0
NPWR,5211.0,0.4347%,2.48,21.57%,2.3312,3570979.147794,340.56%,1204014.0,1198803.0
NAGE,5206.0,0.2644%,3.85,-3.27%,3.8475,1211353.198707,-37.94%,1974058.0,1968852.0
STLD,5205.8300000000745,0.0517%,232.8,-1.34%,233.0698,954261.796415,26.24%,10065025.8,10059819.97
6600 HK,5200.0,0.3085%,0.0,0.00%,0.0,0.0,0.00%,1690900.0,1685700.0
AEBI,5198.0,0.3648%,11.5,-6.20%,11.4947,252166.060856,-28.05%,1429982.0,1424784.0
EFX,5184.9399999994785,0.0757%,166.76,-0.63%,167.4699,1286858.635161,-10.43%,6852339.76,6847154.82
LAND,5174.0,0.1709%,9.45,0.11%,9.4367,1048994.019696,52.01%,3033432.0,3028258.0
ETH,5144.3249,9.1576%,21.69,-2.39%,21.5758,2100904.407754,14.34%,61319.8143,56175.4894
ANGI,5144.0,0.3442%,5.18,1.17%,5.1593,1729328.811094,-5.32%,1499694.0,1494550.0
KMT,5144.0,0.0526%,35.82,-3.37%,36.1607,1336083.152404,-28.90%,9777837.0,9772693.0
QBE,5136.0,0.7462%,0.0,0.00%,0.0,0.0,0.00%,693427.0,688291.0
MMS,5130.0,0.1018%,61.18,-0.55%,61.3132,1056982.354955,-4.40%,5043165.0,5038035.0
LFT,5096.0,0.3773%,1.14,-1.72%,1.1471,107855.524851,-58.11%,1355569.0,1350473.0
SOFI,5075.0,0.0258%,15.9,-2.21%,15.8711,62891556.031221,-11.31%,19658510.0,19653435.0
SWIM,5061.0,0.2714%,5.01,-6.70%,5.1094,1164227.176798,29.46%,1870068.0,1865007.0
CBT,5050.0,0.0940%,84.53,-0.02%,84.2105,347902.062132,-36.81%,5377233.0,5372183.0
6702 JP,5050.0,0.3170%,0.0,0.00%,0.0,0.0,0.00%,1598204.0,1593154.0
XHR,5029.0,0.0406%,16.43,-1.02%,16.4511,485526.751597,6.10%,12383855.0,12378826.0
GABC,5008.0,0.3932%,42.57,-0.88%,42.5147,137423.586386,97.78%,1278610.0,1273602.0
DG,5002.3499999996275,0.0349%,102.98,-1.58%,103.3743,5469668.023739,-16.81%,14332900.98,14327898.63
MYE,5001.0,0.3491%,22.35,-2.19%,22.2025,247150.620734,6.41%,1437596.0,1432595.0
2454,5000.0,0.6475%,0.0,0.00%,0.0,0.0,0.00%,777250.0,772250.0
688153,5000.0,1.9625%,0.0,0.00%,0.0,0.0,0.00%,259773.0,254773.0
NSC,4998.2400000002235,0.0465%,312.35,0.40%,312.3364,865211.131534,-56.98%,10750245.35,10745247.11
ORN,4989.0,0.3335%,14.81,-2.24%,14.7224,374685.637089,-37.88%,1500855.0,1495866.0
ZIM,4987.0,0.6078%,25.75,-2.72%,25.7633,1712798.645152,117.86%,825553.0,820566.0
HLIO,4979.0,0.4151%,77.57,14.04%,76.6947,1093346.495802,145.86%,1204322.0,1199343.0
ZVIA,4977.0,0.2691%,1.34,-7.59%,1.354,719425.392711,-2.54%,1854413.0,1849436.0
688120,4973.0,2.0136%,0.0,0.00%,0.0,0.0,0.00%,251938.0,246965.0
TMO,4955.700000001118,0.0296%,459.3,1.48%,459.14,3055859.219653,-22.70%,16759058.3,16754102.6
ITW,4951.320000000298,0.0309%,251.41,-0.27%,251.4901,1166982.745152,-2.84%,16038083.41,16033132.09
FCFS,4943.0,0.1264%,230.54,-1.06%,230.8531,486246.967472,5.66%,3916548.0,3911605.0
ASLE,4926.0,0.3701%,6.44,-1.08%,6.4493,261620.87221,-29.64%,1335822.0,1330896.0
MTW,4922.0,0.3567%,12.84,-1.38%,12.8481,218596.737255,-0.67%,1384644.0,1379722.0
NCNO,4911.0,0.2060%,16.19,-3.29%,16.303,3047611.628441,16.89%,2388634.0,2383723.0
CHRW,4910.230000000447,0.0559%,167.21,-1.63%,166.8111,1355241.97245,5.62%,8788501.21,8783590.98
CI,4908.4199999999255,0.0347%,298.49,3.26%,294.3611,2291547.856633,35.13%,14168819.49,14163911.07
AMP IM,4900.0,0.3130%,0.0,0.00%,0.0,0.0,0.00%,1570182.0,1565282.0
ASC,4895.0,0.3728%,18.96,-0.84%,18.9298,663193.684859,-36.83%,1317956.0,1313061.0
4755 JP,4886.0,0.1108%,0.0,0.00%,0.0,0.0,0.00%,4414682.0,4409796.0
CADL,4881.0,0.2325%,8.72,-1.47%,8.6103,2830462.923103,-27.28%,2103870.0,2098989.0
UPB,4871.0,0.3608%,8.95,-1.76%,8.9618,467500.912244,-24.46%,1354760.0,1349889.0
ACTG,4860.0,0.3982%,4.69,1.08%,4.6619,239989.780298,-28.47%,1225261.0,1220401.0
MEI,4856.0,0.3720%,9.36,-2.09%,9.2846,493048.539032,43.27%,1310306.0,1305450.0
GATX,4844.0,0.1443%,183.83,-1.59%,183.9728,272341.45318,11.93%,3362301.0,3357457.0
SANM,4840.0,0.0671%,235.84,-3.91%,231.5594,831891.651588,6.89%,7216058.0,7211218.0
IE,4840.0,0.0294%,14.61,-1.81%,14.3421,2327371.174583,8.25%,16480530.0,16475690.0
JBTM,4829.0,0.0718%,129.32,-1.95%,129.5126,461600.948592,-21.00%,6732963.0,6728134.0
ERII,4823.0,0.1587%,8.73,0.34%,8.7021,1391425.644541,-12.43%,3044636.0,3039813.0
ACEL,4820.0,0.2655%,11.47,-0.69%,11.558,351453.736587,-0.20%,1820085.0,1815265.0
MYGN,4811.0,0.0720%,4.07,-3.33%,4.1248,1175139.608839,1.47%,6688653.0,6683842.0
PSFE,4805.0,0.4181%,8.69,-0.34%,8.7828,288937.794284,5.26%,1153947.0,1149142.0
ATKR,4803.0,0.3863%,74.05,-0.78%,73.4177,425194.142387,-14.43%,1248162.0,1243359.0
1299,4800.0,0.0717%,0.0,0.00%,0.0,0.0,0.00%,6699246.0,6694446.0
FG,4798.0,0.1085%,28.04,1.08%,27.9662,417331.105133,-27.05%,4426367.0,4421569.0
GSAT,4787.0,0.2717%,82.67,0.51%,82.1828,1144051.971159,-4.76%,1766914.0,1762127.0
WT,4781.0,0.0298%,18.72,-3.51%,18.7957,2693826.36487,-20.12%,16030040.0,16025259.0
373220 KS,4780.0,1.7093%,0.0,0.00%,0.0,0.0,0.00%,284432.0,279652.0
CTO,4761.0,0.2217%,20.21,-0.25%,20.2019,277835.18524,-18.15%,2152252.0,2147491.0
DOV,4760.7400000002235,0.0599%,216.71,-1.48%,216.7222,775409.913641,18.90%,7946866.71,7942105.97
AMAK AB,4760.0,0.2300%,0.0,0.00%,0.0,0.0,0.00%,2074206.0,2069446.0
GPT,4760.0,0.1333%,33.5672,0.20%,33.3493,683.6501,-79.11%,3574808.0,3570048.0
TMCI,4726.0,0.2899%,2.295,18.30%,2.239,939569.66284,157.44%,1634997.0,1630271.0
RLGT,4722.0,0.3770%,8.66,9.76%,8.5174,324394.105102,-18.74%,1257118.0,1252396.0
DBI,4719.0,0.2824%,6.4,-2.59%,6.3436,702485.129808,35.18%,1675861.0,1671142.0
LILA,4716.0,0.2864%,7.41,-3.89%,7.6131,364619.727991,-15.22%,1651423.0,1646707.0
AHCO,4714.0,0.0333%,11.25,0.09%,11.2344,1869444.236188,1.68%,14174730.0,14170016.0
INDV,4707.0,0.0275%,38.28,-1.44%,38.1637,1804666.131309,-39.29%,17106843.0,17102136.0
688169 C1,4706.0,0.2813%,0.0,0.00%,0.0,0.0,0.00%,1677667.0,1672961.0
ARQ,4702.0,0.4050%,2.71,-0.73%,2.6713,199497.329898,-49.42%,1165815.0,1161113.0
CBZ,4656.0,0.2561%,29.66,-2.05%,29.7487,474010.189984,-7.66%,1823006.0,1818350.0
ONT,4656.0,0.4014%,15.6,-2.01%,16.3948,1005827.364116,-6.20%,1164506.0,1159850.0
BEPC,4651.0,0.2207%,36.93,-1.07%,36.8502,1491548.07346,24.60%,2111927.0,2107276.0
JBIO,4639.0,0.3939%,25.23,1.49%,24.852,366765.982865,-18.45%,1182207.0,1177568.0
IQV,4636.5099999997765,0.0474%,175.06,0.87%,174.7234,1212986.75231,-22.71%,9785349.06,9780712.55
SWBI,4615.0,0.2063%,14.42,0.14%,14.4081,398960.910942,-15.92%,2241261.0,2236646.0
TH,4609.0,0.3619%,17.48,-3.32%,17.5537,1199176.001062,-76.25%,1278239.0,1273630.0
EOLS,4609.0,0.2120%,6.5,2.85%,6.4405,769084.773313,20.28%,2179049.0,2174440.0
CECO,4605.0,0.4132%,80.45,-1.29%,79.727,506050.011319,-27.82%,1119169.0,1114564.0
AMCX,4603.0,0.3216%,8.08,-1.34%,8.1322,580587.31542,-77.65%,1436105.0,1431502.0
OUT,4596.0,0.0231%,31.84,-1.24%,31.8453,1966782.737271,-26.09%,19897568.0,19892972.0
NEXN,4586.0,0.4130%,7.43,-0.54%,7.4231,235460.104699,-6.23%,1114985.0,1110399.0
688361,4578.0,1.8934%,0.0,0.00%,0.0,0.0,0.00%,246367.0,241789.0
CHCT,4578.0,0.1684%,17.02,0.95%,17.0736,313431.403279,45.42%,2723114.0,2718536.0
PH,4574.980000000447,0.0676%,881.34,0.80%,878.6387,827784.97202,20.47%,6769570.34,6764995.359999999
BVS,4570.0,0.2768%,10.14,-0.49%,10.1235,425673.912785,-5.54%,1655452.0,1650882.0
RGP,4556.0,0.3760%,4.3,-1.38%,4.2658,307818.340658,-11.22%,1216105.0,1211549.0
ROAD,4555.0,0.2642%,126.87,-6.33%,128.3375,702723.205644,-12.25%,1728822.0,1724267.0
006400 KS,4524.0,1.5957%,0.0,0.00%,0.0,0.0,0.00%,288042.0,283518.0
DH,4524.0,0.2738%,0.9266,-6.25%,0.9472,218143.90754,-46.86%,1656802.0,1652278.0
SYRE,4519.0,0.1036%,75.04,-1.82%,74.9678,1760552.424655,32.05%,4368349.0,4363830.0
BBNX,4515.0,0.2976%,9.82,-0.30%,9.721,496490.695372,-29.21%,1521561.0,1517046.0
UTI,4512.0,0.2671%,37.67,2.50%,37.3798,866378.581346,8.30%,1694025.0,1689513.0
NU,4509.0,0.0201%,13.27,-1.70%,13.3758,38105671.095863,-37.99%,22463256.0,22458747.0
BTSG,4505.0,0.0250%,55.5,0.78%,55.5563,2717050.309162,9.91%,18038210.0,18033705.0
PROP,4503.0,0.4157%,0.9678,-0.90%,0.9863,2016640.479392,-13.38%,1087621.0,1083118.0
MAGN,4497.0,0.3694%,10.95,-4.03%,10.9566,556495.327633,16.31%,1221767.0,1217270.0
688375,4494.0,1.8863%,0.0,0.00%,0.0,0.0,0.00%,242733.0,238239.0
SHBI,4493.0,0.2975%,19.46,0.26%,19.3181,182707.25711,0.81%,1514767.0,1510274.0
ANNX,4490.0,0.0413%,5.44,-4.23%,5.499,1189659.750792,-47.71%,10882111.0,10877621.0
CURI,4484.0,0.3003%,3.04,1.00%,3.0075,398638.764173,-35.57%,1497542.0,1493058.0
IMNM,4482.0,0.0631%,22.69,-1.35%,22.6875,1320579.299434,3.35%,7103212.0,7098730.0
EXPO,4481.0,0.0889%,57.19,-4.94%,58.4165,705202.659853,69.33%,5047032.0,5042551.0
CURV,4475.0,0.4004%,1.5,4.17%,1.4673,265897.387321,14.25%,1122050.0,1117575.0
ABEO,4474.0,0.2552%,5.68,-3.07%,5.6798,1282340.077103,27.39%,1757412.0,1752938.0
TRS,4472.0,0.3783%,40.9,-1.66%,40.7987,421119.469754,-35.85%,1186726.0,1182254.0
SEVN,4458.0,0.4079%,8.23,0.00%,8.2475,70151.757585,0.71%,1097474.0,1093016.0
CCRN,4450.0,0.3569%,13.12,0.00%,13.1369,1424370.74743,52.53%,1251177.0,1246727.0
VTEX,4447.0,0.2369%,3.57,2.88%,3.5563,1593862.196107,-18.35%,1881806.0,1877359.0
ADNT,4437.0,0.0410%,22.03,-0.41%,21.9643,904190.055623,-19.07%,10817792.0,10813355.0
BL,4436.0,0.0670%,26.21,-4.69%,26.6441,1438475.09001,-8.13%,6621478.0,6617042.0
AM,4433.0,0.0133%,21.36,0.23%,21.3524,2646271.307244,30.11%,33344748.0,33340315.0
TYL,4418.379999999888,0.1190%,309.65,-0.84%,313.1861,3601182.713915,385.21%,3716553.65,3712135.27
THR,4416.0,0.2972%,64.69,-1.19%,64.4524,701187.459848,-12.75%,1490207.0,1485791.0
VRE,4405.0,0.0414%,18.96,0.00%,18.959,512794.405865,11.60%,10647133.0,10642728.0
KELYA,4398.0,0.3792%,9.84,0.92%,9.7623,515435.272218,3.77%,1164143.0,1159745.0
PDYN,4395.0,0.3654%,6.71,1.82%,6.5278,1663167.072056,-24.94%,1207335.0,1202940.0
PACS,4383.0,0.2711%,41.01,28.56%,39.8734,3624894.790766,254.11%,1621387.0,1617004.0
KROS,4380.0,0.3764%,11.65,-3.00%,11.5939,343512.423318,30.85%,1168133.0,1163753.0
INOD,4377.0,0.3711%,92.09,-11.31%,94.0015,4516353.13626,-59.81%,1183869.0,1179492.0
LFMD,4377.0,0.2512%,4.28,-2.51%,4.3234,1121053.493592,-7.83%,1747054.0,1742677.0
KGS,4377.0,0.0369%,75.14,-0.50%,75.1742,1448196.687876,-57.87%,11868191.0,11863814.0
GLXY,4370.0,0.1735%,31.38,-0.95%,30.9639,4427887.068001,-18.80%,2523407.0,2519037.0
6645 JP,4368.0,0.2777%,0.0,0.00%,0.0,0.0,0.00%,1577517.0,1573149.0
PANL,4368.0,0.3881%,8.64,12.35%,8.2397,1575423.373411,208.77%,1129726.0,1125358.0
AIP,4349.0,0.3059%,32.43,-2.11%,32.4068,1264713.471844,23.51%,1425965.0,1421616.0
BFST,4340.0,0.3648%,27.08,-0.51%,27.025,170785.191249,-23.04%,1193945.0,1189605.0
LDOS,4333.710000000894,0.0429%,128.39,0.56%,128.5372,2306956.519839,22.04%,10098999.39,10094665.68
GWRE,4316.0,0.0619%,131.38,-2.19%,132.5404,705450.908792,-50.48%,6982019.0,6977703.0
ABEV3,4300.0,0.1825%,0.0,0.00%,0.0,0.0,0.00%,2360264.0,2355964.0
IMAX,4296.0,0.2904%,33.94,0.30%,34.0944,949236.596451,10.42%,1483594.0,1479298.0
CSTL,4293.0,0.3043%,18.63,-2.15%,18.682,571230.755138,-8.92%,1414898.0,1410605.0
BATRK,4280.0,0.2641%,49.52,-1.39%,49.7613,450688.454902,-16.75%,1624640.0,1620360.0
BCO,4278.0,0.1059%,105.73,0.50%,106.4034,794168.121023,141.58%,4043058.0,4038780.0
SLG,4277.0,0.0407%,43.65,-1.29%,43.7823,1211539.419359,46.68%,10501758.0,10497481.0
TBI,4272.0,0.3929%,5.28,-1.86%,5.5583,376029.747766,42.03%,1091550.0,1087278.0
CNL CN,4260.0,0.2292%,0.0,0.00%,0.0,0.0,0.00%,1863083.0,1858823.0
CRCL,4254.0,0.1670%,123.65,-6.16%,127.2787,29501740.983749,-40.75%,2550948.0,2546694.0
HURA,4241.0,0.2823%,2.42,0.83%,2.3924,446378.111176,-2.79%,1506648.0,1502407.0
BEZQ,4240.0,0.2176%,0.0,0.00%,0.0,0.0,0.00%,1952662.0,1948422.0
TRDA,4239.0,0.3536%,7.12,1.71%,7.2832,1239279.43062,55.98%,1203006.0,1198767.0
CHG LN,4239.0,0.1191%,0.0,0.00%,0.0,0.0,0.00%,3564328.0,3560089.0
SHOO,4237.0,0.0479%,38.55,-0.87%,38.2959,966115.128589,15.60%,8848398.0,8844161.0
KGEI,4230.0,0.3867%,5.4,0.56%,5.357,164373.3546,40.33%,1098125.0,1093895.0
005930,4224.0,0.3138%,0.0,0.00%,0.0,0.0,0.00%,1350112.0,1345888.0
ALRM,4221.0,0.0639%,42.13,-3.64%,42.3135,871287.427432,36.11%,6606038.0,6601817.0
ALS CN,4220.0,0.2306%,0.0,0.00%,0.0,0.0,0.00%,1834414.0,1830194.0
XMTR,4216.0,0.2687%,83.92,3.95%,81.5051,923438.667429,17.69%,1573407.0,1569191.0
ABBV,4205.079999998212,0.0045%,207.86,2.51%,208.1645,7044066.802972,42.83%,92814132.86,92809927.78
LXP,4203.0,0.0513%,51.53,-0.54%,51.5339,375840.738705,33.60%,8194716.0,8190513.0
5803 JP,4200.0,0.3078%,0.0,0.00%,0.0,0.0,0.00%,1368660.0,1364460.0
688516,4200.0,1.7888%,0.0,0.00%,0.0,0.0,0.00%,238990.0,234790.0
ROK,4193.4199999999255,0.0649%,455.08,-0.35%,453.8833,666792.253362,-24.94%,6465881.08,6461687.66
OLED,4181.0,0.1129%,92.19,1.49%,92.7503,977319.275895,37.20%,3708082.0,3703901.0
GNK,4181.0,0.2854%,27.08,3.24%,26.7312,355074.683237,22.46%,1468929.0,1464748.0
BIOA,4180.0,0.2334%,18.19,0.17%,18.0596,309590.914958,-39.23%,1795302.0,1791122.0
FN,4180.0,0.1166%,634.48,-2.32%,624.2399,841371.133305,-14.24%,3590539.0,3586359.0
SIBN,4177.0,0.2572%,13.9,19.72%,13.4043,3354656.317728,91.39%,1628129.0,1623952.0
ACDC,4176.0,0.4174%,6.84,0.88%,6.8153,1072759.245955,-0.75%,1004662.0,1000486.0
DYN,4174.0,0.0435%,18.37,-0.49%,18.2041,846681.100079,-28.37%,9606577.0,9602403.0
GTLS,4169.0,0.1012%,207.47,-0.15%,207.2282,1760106.319222,41.36%,4125174.0,4121005.0
AIRJ,4166.0,0.4024%,3.75,-1.83%,3.6618,766299.501178,-45.90%,1039364.0,1035198.0
RBLX,4145.0,0.0324%,41.54,0.56%,42.0957,14013420.698959,-2.34%,12815958.0,12811813.0
TTGT,4139.0,0.4065%,5.02,-13.37%,5.0987,1429719.375645,67.32%,1022341.0,1018202.0
ESS,4135.870000000112,0.0726%,268.64,-0.05%,268.2841,329053.557748,-20.04%,5703092.64,5698956.77
HUM,4129.089999999851,0.0517%,295.35,7.69%,289.593,2904415.547819,16.87%,7992012.35,7987883.26
IDCC,4122.0,0.1590%,269.82,0.09%,267.6337,547677.34822,35.26%,2596308.0,2592186.0
EG,4112.889999999665,0.1247%,351.67,0.25%,351.3706,351963.09526,-6.19%,3301451.67,3297338.7800000003
WPC,4109.0,0.0221%,74.73,0.92%,74.5934,1059535.012838,-26.06%,18556117.0,18552008.0
CMI,4102.899999999441,0.0519%,704.56,0.27%,698.9481,931669.638408,11.99%,7906571.56,7902468.66
ENTA,4098.0,0.2988%,14.53,-6.02%,14.2956,367018.818324,22.96%,1375743.0,1371645.0
ZWS,4087.0,0.0215%,49.77,-2.45%,49.6972,742325.165335,-21.30%,18996012.0,18991925.0
OHI,4087.0,0.0161%,47.65,1.36%,47.4415,1902207.861338,-2.32%,25348405.0,25344318.0
KULR,4084.0,0.2644%,3.19,-4.20%,3.1328,1964654.399671,-48.89%,1548989.0,1544905.0
RAPP,4080.0,0.2714%,37.24,-3.10%,37.339,300981.580066,-45.09%,1507553.0,1503473.0
BLX,4080.0,0.3229%,52.65,-0.57%,52.6991,83239.499301,-51.50%,1267735.0,1263655.0
CCNE,4074.0,0.3569%,30.5,-0.75%,30.4602,87442.8477,15.23%,1145496.0,1141422.0
NVGS,4066.0,0.3522%,23.44,0.26%,23.2305,495638.436499,22.10%,1158448.0,1154382.0
CGNX,4058.0,0.0317%,65.68,-2.35%,65.3401,2359844.896173,-23.32%,12807809.0,12803751.0
6902,4048.0,0.3887%,0.0,0.00%,0.0,0.0,0.00%,1045582.0,1041534.0
HSHP,4037.0,0.4073%,16.15,1.38%,16.0296,428862.742613,76.03%,995178.0,991141.0
PODD,4021.179999999702,0.0771%,158.35,2.71%,158.5916,1341301.502503,-12.69%,5216895.35,5212874.17
CNA,4017.0,0.0754%,43.33,0.46%,43.2792,582416.196359,-12.45%,5328689.0,5324672.0
NAVN,4017.0,0.2747%,18.49,1.26%,18.2367,1989767.948019,-26.46%,1466472.0,1462455.0
CMCO,4013.0,0.3615%,15.47,-1.59%,15.4718,256719.413292,-14.84%,1114143.0,1110130.0
TBPH,4002.0,0.1519%,16.48,-0.24%,16.5077,272333.317207,-33.66%,2639157.0,2635155.0
293,4000.0,0.6056%,0.0,0.00%,0.0,0.0,0.00%,664516.0,660516.0
2402 HK,4000.0,1.2551%,0.0,0.00%,0.0,0.0,0.00%,322700.0,318700.0
688072,4000.0,2.0406%,0.0,0.00%,0.0,0.0,0.00%,200024.0,196024.0
CXSE3,4000.0,0.6429%,0.0,0.00%,0.0,0.0,0.00%,626210.0,622210.0
BIIB,3989.410000000149,0.0386%,199.36,0.71%,199.916,1145750.107697,-35.35%,10336084.36,10332094.95
SGHT,3989.0,0.2415%,4.93,-7.16%,4.9749,307565.600285,22.35%,1655638.0,1651649.0
ELV,3988.550000000745,0.0340%,393.3,3.03%,389.0884,2376207.692312,22.02%,11747554.3,11743565.75
VMC,3977.6299999998882,0.0520%,279.33,-1.19%,279.4903,900254.973714,-3.01%,7656483.33,7652505.7
LOCO,3975.0,0.3540%,13.54,-0.95%,13.5373,544025.667329,7.97%,1126902.0,1122927.0
BILL,3972.0,0.0604%,41.23,-0.65%,41.1254,3029349.90689,-21.79%,6580325.0,6576353.0
DY,3972.0,0.1304%,429.4,-0.36%,424.4406,304027.35512,2.28%,3049140.0,3045168.0
DSGX,3969.0,0.8437%,67.225,-2.40%,67.4053,428692.485592,19.38%,474376.0,470407.0
NMIH,3962.0,0.0401%,37.39,-0.24%,37.2494,439664.464234,-13.71%,9889717.0,9885755.0
IMMR,3954.0,0.3415%,6.35,-2.76%,6.3219,359062.43182,-48.15%,1161702.0,1157748.0
EHTH,3938.0,0.3748%,1.85,1.09%,1.819,354178.24924,-7.98%,1054669.0,1050731.0
IART,3932.0,0.0449%,13.77,-1.43%,13.9985,1126836.812977,-26.49%,8763666.0,8759734.0
GLRE,3932.0,0.3558%,17.5,-1.13%,17.4446,199315.970782,27.32%,1109006.0,1105074.0
NRIX,3927.0,0.0493%,15.96,-1.97%,15.9407,658745.959914,-0.26%,7966771.0,7962844.0
WLY,3924.0,0.0681%,40.05,-0.89%,40.1835,390733.197361,29.32%,5763451.0,5759527.0
MBX,3924.0,0.2574%,36.98,-7.73%,37.1874,1052685.368322,-44.19%,1528215.0,1524291.0
VC,3922.0,0.1322%,114.7,-1.13%,114.3506,369337.052196,-33.84%,2970183.0,2966261.0
OMCL,3906.0,0.0624%,43.7,0.92%,43.6519,701015.14778,83.70%,6266986.0,6263080.0
NTGR,3902.0,0.3004%,25.67,-2.84%,25.6508,255705.847488,-35.99%,1303035.0,1299133.0
HCSG,3899.0,0.0422%,22.12,-1.03%,22.035,412965.068566,-22.45%,9246638.0,9242739.0
STRL,3899.0,0.1111%,851.35,-1.94%,832.612,716607.840004,19.64%,3513365.0,3509466.0
KRMD,3898.0,0.2650%,4.0,-0.50%,4.0129,226251.192872,115.40%,1474606.0,1470708.0
ORKA,3882.0,0.1331%,64.65,-1.57%,64.1809,1088250.506387,16.04%,2921172.0,2917290.0
NRDS,3882.0,0.2377%,8.28,-1.66%,8.4021,1304076.375539,-58.88%,1637362.0,1633480.0
VRRM,3873.0,0.0199%,13.57,-1.60%,13.6556,1999833.476027,-13.53%,19430516.0,19426643.0
DGII,3864.0,0.0753%,61.53,-2.02%,61.5817,308304.077446,-40.56%,5133425.0,5129561.0
CRL,3863.2299999999814,0.0980%,168.69,0.14%,168.5403,724908.025741,-4.90%,3944101.69,3940238.46
GRC,3836.0,0.4745%,75.9,-2.54%,75.85,126554.777986,32.70%,812282.0,808446.0
TR,3836.0,0.1462%,40.58,-0.49%,40.569,175371.609619,-14.42%,2628263.0,2624427.0
BABA,3829.0,0.1983%,134.78,-1.84%,135.0224,16128711.912057,63.59%,1935157.0,1931328.0
WLTH,3829.0,0.3360%,11.48,-0.35%,11.4419,638011.759129,-5.14%,1143430.0,1139601.0
AEVA,3827.0,0.2312%,19.09,22.92%,17.8875,4601822.306463,41.75%,1658924.0,1655097.0
HUN,3824.0,0.1142%,14.38,-3.10%,14.4085,4534266.554086,21.74%,3352891.0,3349067.0
IEX,3816.839999999851,0.0728%,213.85,-0.07%,213.1652,711884.669405,10.11%,5243453.85,5239637.01
NFG,3815.0,0.0439%,80.4,1.21%,80.1603,655330.971274,15.70%,8689649.0,8685834.0
688188,3800.0,1.8646%,0.0,0.00%,0.0,0.0,0.00%,207595.0,203795.0
1515 JP,3800.0,0.2295%,0.0,0.00%,0.0,0.0,0.00%,1659440.0,1655640.0
OMDA,3799.0,0.3437%,14.91,1.50%,14.8057,1354855.448287,-6.10%,1109018.0,1105219.0
KTB,3798.0,0.0578%,67.71,-1.20%,68.0074,948290.081717,-23.71%,6576281.0,6572483.0
ASIX,3796.0,0.3601%,22.49,-0.18%,22.5158,412670.96739,-39.44%,1057880.0,1054084.0
TT,3794.160000000149,0.0304%,467.66,-1.86%,467.9566,1427582.65307,-6.42%,12480203.66,12476409.5
DSGN,3794.0,0.3077%,15.79,1.15%,15.8598,496922.98731,-31.16%,1236613.0,1232819.0
336260 KS,3792.0,0.9417%,0.0,0.00%,0.0,0.0,0.00%,406484.0,402692.0
CARR,3788.679999999702,0.0098%,65.56,-0.49%,65.4819,3907817.950775,-26.42%,38486344.56,38482555.88
STIM,3787.0,0.2768%,1.27,-15.61%,1.3464,5093157.623228,142.62%,1372036.0,1368249.0
PSTL,3786.0,0.2766%,23.29,-0.26%,23.234,374590.395165,9.45%,1372762.0,1368976.0
FHTX,3777.0,0.2810%,4.24,-2.08%,4.3137,183798.27175,49.37%,1347712.0,1343935.0
PAA,3762.0,0.0628%,21.94,-0.23%,22.0621,1918833.941501,-36.69%,5994056.0,5990294.0
STEP,3760.0,0.0411%,56.2,0.83%,56.0246,672457.780378,-16.58%,9143582.0,9139822.0
GNRC,3758.189999999944,0.0971%,269.59,-0.67%,266.4818,654103.161897,14.18%,3875643.59,3871885.4
GMAB,3755.0,0.1066%,27.09,3.48%,26.9907,2243947.716395,-15.22%,3527197.0,3523442.0
CWT,3744.0,0.0450%,43.44,1.31%,43.4687,366823.945407,10.78%,8332253.0,8328509.0
COHU,3738.0,0.0645%,49.32,-3.82%,48.7627,971947.480217,-22.24%,5797233.0,5793495.0
DVA,3735.6099999998696,0.1165%,200.54,0.81%,199.9482,1374497.675399,24.21%,3211156.54,3207420.93
SIGI,3732.0,0.0563%,85.89,1.27%,85.5117,370648.75288,-13.24%,6633450.0,6629718.0
NEWT,3729.0,0.3771%,13.07,-4.32%,13.1129,163882.736371,-35.67%,992634.0,988905.0
FIGR,3722.0,0.3076%,39.5,1.36%,39.7228,9061108.93663,65.83%,1213837.0,1210115.0
AMRC,3715.0,0.1861%,29.23,-4.41%,29.1985,378178.426909,5.08%,2000212.0,1996497.0
LIND,3703.0,0.2480%,19.02,-2.36%,19.1154,704372.280335,-50.26%,1496808.0,1493105.0
MAZE,3701.0,0.2557%,25.78,1.02%,25.6481,350549.97247,-35.81%,1451313.0,1447612.0
ATEX,3697.0,0.8801%,54.25,-2.64%,54.0256,348801.79737,-27.24%,423763.0,420066.0
SDF,3696.0,0.9272%,0.0,0.00%,0.0,0.0,0.00%,402306.0,398610.0
FLEX,3692.0,0.0129%,139.69,-3.71%,138.5189,8017472.776618,-8.28%,28694636.0,28690944.0
BAND,3687.0,0.2882%,49.44,-1.02%,49.082,834039.349486,-37.10%,1282972.0,1279285.0
CVLT,3680.0,0.0781%,102.23,-1.70%,102.9252,651142.208986,5.62%,4718055.0,4714375.0
EE,3678.0,0.2667%,36.55,2.38%,36.1662,535805.741858,-15.75%,1382702.0,1379024.0
ENOV,3669.0,0.0496%,25.99,4.88%,25.9574,2441072.899322,60.50%,7407011.0,7403342.0
UCTT,3666.0,0.0634%,82.99,-2.88%,82.2975,774289.568682,-5.02%,5789142.0,5785476.0
LXFR,3665.0,0.3511%,15.06,-2.90%,15.054,98635.88671,-9.61%,1047589.0,1043924.0
TG,3661.0,0.3917%,8.41,-10.15%,8.5817,406624.28219,64.14%,938380.0,934719.0
OKLO,3652.0,0.0174%,73.63,-5.76%,73.2526,15654571.272352,-9.68%,20952110.0,20948458.0
CELH,3646.0,0.0273%,29.61,-3.36%,29.5453,10383642.698562,-49.03%,13353793.0,13350147.0
SMCI,3642.2699999958277,0.0093%,32.79,-2.18%,32.4501,35190088.592812,-11.14%,39219664.79,39216022.52
SAFE,3638.0,0.0555%,15.23,0.13%,15.208,335009.477039,-6.36%,6559798.0,6556160.0
SOLS,3624.0,0.0347%,87.32,2.22%,85.9307,2651763.646535,-33.87%,10458200.0,10454576.0
RXST,3612.0,0.2772%,5.52,-3.16%,5.5514,722214.395502,10.67%,1306533.0,1302921.0
IREN,3610.0,0.1584%,56.56,2.56%,55.3037,76670527.390267,-31.89%,2282707.0,2279097.0
FF,3607.0,0.3905%,4.07,-15.91%,4.2024,899680.46811,163.12%,927379.0,923772.0
UNFI,3603.0,0.0412%,51.13,-2.18%,51.4712,1022038.014744,64.58%,8750190.0,8746587.0
000062,3600.0,0.4858%,0.0,0.00%,0.0,0.0,0.00%,744599.0,740999.0
OGE,3596.0,0.0182%,47.64,0.51%,47.4873,1920580.414489,36.92%,19762875.0,19759279.0
VRSN,3593.3300000000745,0.0587%,285.8,-0.23%,285.5702,849828.477573,-15.12%,6127770.8,6124177.47
688702,3591.0,1.8625%,0.0,0.00%,0.0,0.0,0.00%,196400.0,192809.0
PRIM,3589.0,0.0496%,113.3,-0.95%,113.5284,2614158.600383,-23.01%,7236782.0,7233193.0
UVE,3585.0,0.3187%,39.4,0.56%,39.397,140840.873991,-24.02%,1128613.0,1125028.0
BDC,3581.0,0.0988%,109.97,-0.85%,109.3288,542101.737933,5.89%,3627949.0,3624368.0
ABM,3576.0,0.0444%,39.25,-0.36%,39.307,482913.866421,30.47%,8051835.0,8048259.0
LUNG,3568.0,0.2620%,1.29,-0.77%,1.2918,311606.878934,-64.91%,1365332.0,1361764.0
ELVN,3564.0,0.1638%,42.3,6.85%,42.2083,1136858.934026,61.19%,2179974.0,2176410.0
ANDINAB,3538.0,0.8372%,0.0,0.00%,0.0,0.0,0.00%,426160.0,422622.0
AVD,3538.0,0.3788%,2.93,0.34%,2.9254,225607.964658,-27.59%,937551.0,934013.0
TTD,3524.619999997318,0.0061%,21.14,-1.77%,21.3325,16822626.524726,-22.55%,57430619.14,57427094.52
MAMA,3516.0,0.2698%,13.49,0.45%,13.4664,354061.536776,-27.78%,1306602.0,1303086.0
IRTC,3515.0,0.2692%,118.31,1.26%,117.899,625497.790447,28.86%,1309095.0,1305580.0
DOMO,3513.0,0.2351%,3.72,1.36%,3.6888,791661.819536,51.45%,1497548.0,1494035.0
PAYS,3507.0,0.2702%,6.65,-0.75%,6.4534,1859157.277416,117.85%,1301474.0,1297967.0
KE,3504.0,0.3652%,25.3,-1.98%,24.9887,196226.027176,38.22%,962982.0,959478.0
PRGS,3502.0,0.0610%,27.17,-4.23%,27.418,633294.041358,19.84%,5744541.0,5741039.0
JBHT,3501.0400000000373,0.0650%,236.79,-1.64%,235.9862,1290543.873675,85.82%,5390621.79,5387120.75
TIETO FH,3500.0,0.3168%,0.0,0.00%,0.0,0.0,0.00%,1108181.0,1104681.0
863 HK,3500.0,0.0430%,0.0,0.00%,0.0,0.0,0.00%,8140500.0,8137000.0
KEEL,3498.0,0.0819%,4.07,-5.35%,3.9687,33189802.396849,-46.33%,4273566.0,4270068.0
TILE,3496.0,0.0428%,28.13,-1.99%,28.1046,567037.380101,-34.09%,8164629.0,8161133.0
QRVO,3494.0,0.0369%,89.73,-3.94%,89.8472,884865.319399,-10.74%,9477250.0,9473756.0
PFSI,3488.0,0.2934%,88.63,0.32%,88.2616,436294.746611,-16.03%,1192411.0,1188923.0
REFI,3480.0,0.3930%,11.38,-1.73%,11.4753,171704.887555,27.59%,888885.0,885405.0
DGX,3475.3699999991804,0.0505%,190.18,0.19%,190.8516,754932.870339,21.63%,6885748.18,6882272.8100000005
ARCT,3470.0,0.2726%,8.25,-4.46%,8.3883,689714.432617,38.26%,1276267.0,1272797.0
MTRX,3462.0,0.3216%,12.17,-1.14%,12.0989,323987.02575,38.13%,1080060.0,1076598.0
BP/,3456.0,0.0750%,0.0,0.00%,0.0,0.0,0.00%,4613888.0,4610432.0
AXSM,3452.0,0.1680%,224.03,3.49%,222.2159,633376.56788,-14.20%,2058192.0,2054740.0
AAT,3451.0,0.0500%,21.12,0.67%,21.0261,265975.094438,63.55%,6900790.0,6897339.0
BATRA,3450.0,1.3241%,54.22,-0.22%,54.2477,45978.383987,-7.43%,264014.0,260564.0
BTMD,3447.0,0.3460%,2.2,-0.45%,2.1802,315268.876034,42.52%,999716.0,996269.0
TNK,3437.0,0.4027%,80.06,-1.84%,80.0002,389316.9979,-12.62%,856943.0,853506.0
NESN,3432.0,0.6328%,0.0,0.00%,0.0,0.0,0.00%,545809.0,542377.0
SPSC,3427.0,0.0700%,51.98,-1.52%,52.1399,693900.482785,-7.29%,4900422.0,4896995.0
TPB,3423.0,0.4738%,92.96,0.27%,93.049,394624.5732,-26.47%,725849.0,722426.0
LVWR,3419.0,0.6409%,1.39,-8.55%,1.4214,139986.115199,-11.37%,536924.0,533505.0
ALGN,3414.179999999702,0.0796%,165.79,0.72%,165.5592,630684.846836,-44.16%,4293034.79,4289620.61
TLSI,3411.0,0.3627%,4.56,0.44%,4.567,110541.292691,42.41%,943926.0,940515.0
IFX GR,3408.0,0.3053%,0.0,0.00%,0.0,0.0,0.00%,1119753.0,1116345.0
COCO,3407.0,0.0608%,74.61,2.97%,74.3838,2009044.533244,57.80%,5603280.0,5599873.0
PAL,3406.0,0.4017%,5.81,-5.83%,5.8433,487038.432812,56.70%,851283.0,847877.0
GTY,3404.0,0.0467%,32.98,-0.06%,33.0264,502884.920439,9.85%,7293553.0,7290149.0
FFIV,3403.6800000006333,0.0715%,354.98,-0.93%,354.894,505208.249573,-8.78%,4762899.98,4759496.3
603290,3400.0,1.9485%,0.0,0.00%,0.0,0.0,0.00%,177896.0,174496.0
175 HK,3400.0,0.0874%,0.0,0.00%,0.0,0.0,0.00%,3895500.0,3892100.0
HNRG,3386.0,0.2643%,19.75,2.23%,19.3877,889211.262565,-0.32%,1284587.0,1281201.0
ASUR,3379.0,0.4110%,8.58,-3.38%,8.6614,46687.665134,-26.51%,825504.0,822125.0
LMRI,3363.0,0.4154%,10.5,3.35%,10.439,479360.547919,-23.38%,812982.0,809619.0
EBF,3362.0,0.3550%,20.2,-0.59%,20.2338,107507.958677,-16.98%,950291.0,946929.0
LITE,3357.2800000002608,0.0773%,992.37,-5.77%,997.8007,7562655.036501,-20.82%,4346956.37,4343599.09
WTS,3353.0,0.1166%,299.95,0.60%,298.0497,430231.890224,35.49%,2878599.0,2875246.0
6701 JP,3350.0,0.3191%,0.0,0.00%,0.0,0.0,0.00%,1053077.0,1049727.0
INGN,3347.0,0.3811%,6.68,0.91%,6.6227,474477.381986,-41.83%,881522.0,878175.0
CRSR,3342.0,0.0470%,7.5,-5.18%,7.4992,1309144.250708,-49.96%,7119611.0,7116269.0
ARDT,3331.0,0.3931%,10.07,1.21%,10.0883,267094.276679,-33.34%,850642.0,847311.0
PKG,3317.4300000006333,0.0534%,219.95,-0.71%,219.2777,630035.770092,24.85%,6216713.95,6213396.52
TIPT,3316.0,0.3545%,16.96,-0.93%,16.9746,250388.954915,8.08%,938831.0,935515.0
FENC,3315.0,0.3625%,7.03,-0.99%,7.0465,114123.267516,-19.81%,917723.0,914408.0
FLGT,3307.0,0.3128%,15.8,-0.13%,15.7833,505290.287617,2.54%,1060701.0,1057394.0
MLKN,3302.0,0.0375%,15.08,-2.84%,15.0886,696191.637098,28.60%,8797077.0,8793775.0
603267,3300.0,1.9610%,0.0,0.00%,0.0,0.0,0.00%,171579.0,168279.0
WEST,3299.0,0.2814%,8.65,-1.14%,8.6397,2381868.143466,-10.71%,1175680.0,1172381.0
PRA,3289.0,0.0521%,24.61,-0.12%,24.6267,503954.884253,-31.92%,6316556.0,6313267.0
INSW,3283.0,0.0602%,88.4,-1.46%,88.3333,635047.150448,9.13%,5452286.0,5449003.0
NOVT,3281.0,0.0784%,159.19,13.72%,155.4317,1480324.862557,141.44%,4185729.0,4182448.0
NAVI,3280.0,0.0317%,8.32,0.00%,8.3377,835871.66841,-30.75%,10360781.0,10357501.0
HPK,3275.0,0.3886%,6.89,15.41%,6.6032,1035581.227009,88.67%,845936.0,842661.0
POOL,3271.560000000056,0.1251%,182.33,-1.32%,183.3032,900989.409373,-9.49%,2618106.33,2614834.77
GEF,3269.0,0.1310%,65.58,-1.55%,65.6891,247154.65367,31.09%,2498841.0,2495572.0
HELE,3262.0,0.3836%,23.97,-1.44%,23.8531,603043.74942,2.30%,853607.0,850345.0
MCS,3258.0,0.3592%,17.33,-2.04%,17.3752,128595.664248,17.98%,910251.0,906993.0
SPB,3257.0,0.3081%,80.64,1.97%,80.1947,438298.634161,-13.19%,1060335.0,1057078.0
ACIC,3256.0,0.3412%,10.59,4.13%,10.5005,531965.112812,138.22%,957655.0,954399.0
MAX,3254.0,0.2744%,8.76,-1.68%,8.8147,536763.674012,-3.39%,1188975.0,1185721.0
IMVT,3249.0,0.0512%,28.65,-1.41%,28.502,1165721.885462,1.29%,6348385.0,6345136.0
FLOC,3248.0,0.2747%,27.15,3.08%,26.883,993961.539982,28.17%,1185541.0,1182293.0
THRY,3237.0,0.2414%,3.47,-0.86%,3.4472,1109888.751215,-11.48%,1344302.0,1341065.0
ITRI,3237.0,0.0491%,81.26,-0.55%,81.1287,741250.196004,-2.92%,6592233.0,6588996.0
ALRS,3234.0,0.1124%,26.94,-0.44%,26.8977,170328.723715,-11.70%,2879542.0,2876308.0
DMAC,3234.0,0.2758%,6.32,-2.02%,6.2852,185456.637412,57.53%,1175987.0,1172753.0
BWA,3231.0,0.0204%,63.74,0.93%,63.618,4568708.16158,-4.96%,15804528.0,15801297.0
WES,3222.0,0.0924%,44.53,1.32%,44.3343,2282585.781897,139.14%,3488484.0,3485262.0
IIIV,3216.0,0.2967%,18.91,-6.25%,19.1447,647419.896799,2.58%,1087157.0,1083941.0
PHIN,3212.0,0.0623%,78.38,-2.34%,78.8785,324947.971517,10.83%,5154998.0,5151786.0
NVT,3209.0,0.0258%,170.74,-1.53%,169.6913,1686488.411547,-10.35%,12428695.0,12425486.0
FRBA,3208.0,0.4057%,14.8,-1.00%,14.7944,134196.13681,68.53%,794002.0,790794.0
LTH,3206.0,0.0175%,33.61,3.93%,33.4604,5150223.159469,28.33%,18344724.0,18341518.0
FUL,3205.0,0.0443%,60.42,0.12%,60.4119,376716.217867,-5.09%,7239334.0,7236129.0
FRST,3199.0,0.4043%,13.92,-1.49%,13.8576,188449.469263,3.71%,794433.0,791234.0
GCT,3196.0,0.3445%,38.25,-2.92%,38.5905,927115.333854,4.57%,930805.0,927609.0
BBCP,3196.0,0.4049%,7.29,-6.30%,7.3731,178165.805157,158.94%,792604.0,789408.0
RBRK,3194.0,0.0743%,60.47,-2.73%,60.7527,2545629.024536,-6.83%,4302777.0,4299583.0
EFOR,3193.0,0.0546%,17.88,-5.40%,18.0014,1514768.536015,32.40%,5852504.0,5849311.0
PNTG,3192.0,0.2393%,35.42,3.78%,35.0277,247742.222056,-43.00%,1336823.0,1333631.0
SHEN,3186.0,0.0510%,15.59,-2.56%,15.6126,293077.171529,-19.31%,6246791.0,6243605.0
VMD,3182.0,0.2683%,9.36,3.65%,9.2295,190726.016721,-46.91%,1189348.0,1186166.0
FLWS,3172.0,0.3527%,4.39,0.57%,4.3572,697227.057498,-34.94%,902596.0,899424.0
FVR,3171.0,0.2761%,18.19,0.00%,18.0514,212566.124,266.61%,1151850.0,1148679.0
TCMD,3158.0,0.3221%,23.53,-1.55%,23.7946,362613.066,-38.33%,983649.0,980491.0
BHE,3147.0,0.0529%,83.38,-3.62%,83.0162,492361.995514,69.22%,5950782.0,5947635.0
FMBH,3146.0,0.3663%,42.75,-0.16%,42.6194,47321.2729,-15.94%,861951.0,858805.0
KLC,3139.0,0.2740%,4.19,13.55%,4.0701,2519064.840967,298.90%,1148706.0,1145567.0
MH,3134.0,0.3308%,11.35,-0.61%,11.3883,267509.630988,-18.13%,950673.0,947539.0
KRO,3132.0,0.4153%,6.99,-5.03%,7.05,328214.128032,25.11%,757300.0,754168.0
VSTS,3132.0,0.0224%,12.0,29.03%,12.0286,9377769.44288,589.79%,14008852.0,14005720.0
WLDN,3129.0,0.5553%,92.97,0.06%,92.9676,1170320.643986,-33.00%,566647.0,563518.0
TTEC,3121.0,0.3593%,2.44,-5.97%,2.4322,934421.990728,54.03%,871768.0,868647.0
MASS,3115.0,0.2827%,7.65,-3.53%,7.706,210671.313345,-1.61%,1105117.0,1102002.0
RCMT,3112.0,1.8967%,30.2,2.13%,30.1432,99935.397749,34.95%,167189.0,164077.0
HRI,3111.0,0.2605%,139.21,2.27%,137.5131,550703.419342,21.12%,1197402.0,1194291.0
AEHR,3101.0,0.2253%,96.72,-7.50%,95.9821,3683194.000507,22.56%,1379652.0,1376551.0
RNGR,3084.0,0.3871%,16.2,1.31%,16.1902,178722.591895,-28.50%,799864.0,796780.0
AESI,3074.0,0.0292%,18.28,-2.97%,18.2325,3900550.054707,20.53%,10545311.0,10542237.0
BLBD,3063.0,0.2415%,69.33,-1.46%,68.9655,395849.979393,-38.22%,1271220.0,1268157.0
SMHI,3034.0,0.3703%,7.37,-0.94%,7.3451,96589.233664,179.78%,822456.0,819422.0
HUBG,3031.0,0.0397%,36.62,-12.52%,36.6928,2294576.494897,354.09%,7637065.0,7634034.0
NWN,3029.0,0.0518%,50.16,-0.59%,50.3004,226154.201787,-28.62%,5850046.0,5847017.0
MANH,3027.0,0.0537%,134.84,-2.10%,135.8792,482757.460186,-11.85%,5644825.0,5641798.0
GRND,3023.0,0.2034%,14.09,-3.03%,14.1884,1520304.39799,-36.57%,1489542.0,1486519.0
TITN,3019.0,0.3655%,20.56,-3.70%,20.6727,139901.386471,11.94%,828935.0,825916.0
CARE,3013.0,0.3421%,26.17,-1.51%,26.1231,347200.284592,-29.04%,883870.0,880857.0
TW/,3008.0,0.2816%,0.0,0.00%,0.0,0.0,0.00%,1071314.0,1068306.0
688798,3000.0,1.8686%,0.0,0.00%,0.0,0.0,0.00%,163551.0,160551.0
688082,3000.0,1.9089%,0.0,0.00%,0.0,0.0,0.00%,160158.0,157158.0
1,3000.0,0.3580%,0.0,0.00%,0.0,0.0,0.00%,840986.0,837986.0
3706,3000.0,1.5428%,0.0,0.00%,0.0,0.0,0.00%,197449.0,194449.0
600563,3000.0,1.8082%,0.0,0.00%,0.0,0.0,0.00%,168909.0,165909.0
001309,3000.0,1.9036%,0.0,0.00%,0.0,0.0,0.00%,160600.0,157600.0
TRC,2992.0,0.3497%,19.53,0.21%,19.4566,79881.756626,-19.44%,858674.0,855682.0
BOC,2977.0,0.3275%,11.32,-1.82%,11.3419,212527.931619,-26.96%,912004.0,909027.0
BRKB,2971.4100000038743,0.0066%,0.0,0.00%,0.0,0.0,0.00%,44713166.96,44710195.55
TUSK,2966.0,0.3966%,2.94,1.03%,2.9522,409681.623922,-52.66%,750780.0,747814.0
8058,2960.0,0.0980%,0.0,0.00%,0.0,0.0,0.00%,3024664.0,3021704.0
GDYN,2959.0,0.0330%,6.66,-1.62%,6.5973,1885623.880687,-30.27%,8973863.0,8970904.0
CWBC,2956.0,0.3739%,23.56,-0.38%,23.4499,255864.133223,17.18%,793467.0,790511.0
BHP,2952.0,0.2596%,88.32,0.76%,87.5061,3552929.579316,18.29%,1140230.0,1137278.0
LFCR,2949.0,0.3121%,4.56,1.33%,4.5175,163733.887155,-32.95%,947701.0,944752.0
CALM,2948.0,0.0523%,78.88,4.55%,78.1948,1415070.95804,74.45%,5644453.0,5641505.0
LYTS,2946.0,0.2821%,24.2,-0.53%,24.0414,460544.275163,23.41%,1047100.0,1044154.0
SEPN,2946.0,0.2452%,24.84,5.39%,24.5224,408181.753937,207.14%,1204341.0,1201395.0
ATOM,2938.0,0.2789%,8.35,0.85%,8.0463,1717289.971728,-24.85%,1056500.0,1053562.0
BBUC,2936.0,0.3548%,32.72,2.86%,32.6567,350671.042916,2.77%,830550.0,827614.0
MWA,2934.0,0.0141%,25.36,-1.90%,25.4335,1179604.412989,56.50%,20790973.0,20788039.0
LAW,2914.0,0.3159%,3.79,1.34%,3.8031,854670.281163,2.09%,925345.0,922431.0
JCAP,2904.0,0.3998%,19.23,-0.52%,19.2458,119209.210657,-45.30%,729183.0,726279.0
066970 KS,2904.0,1.8719%,0.0,0.00%,0.0,0.0,0.00%,158041.0,155137.0
TNET,2902.0,0.2726%,41.45,-1.05%,41.5907,309461.471867,-39.42%,1067552.0,1064650.0
301377,2900.0,1.9231%,0.0,0.00%,0.0,0.0,0.00%,153700.0,150800.0
300672,2900.0,1.8510%,0.0,0.00%,0.0,0.0,0.00%,159572.0,156672.0
NOVOB,2896.0,0.5579%,0.0,0.00%,0.0,0.0,0.00%,521978.0,519082.0
DLB,2896.0,0.0609%,55.38,-3.84%,55.5767,1695164.472619,91.41%,4756213.0,4753317.0
LTC,2894.0,0.0472%,38.58,0.31%,38.4325,567831.509007,31.46%,6136306.0,6133412.0
NPB,2883.0,0.3970%,17.27,-0.46%,17.2643,162189.10394,62.97%,729090.0,726207.0
TDC,2879.0,0.0228%,31.74,-1.76%,31.7406,2592408.403977,-2.42%,12630087.0,12627208.0
HCA,2877.3199999984354,0.0344%,429.69,0.78%,430.287,1283512.068936,-46.83%,8358332.689999999,8355455.37
ACLS,2867.0,0.0737%,161.64,-2.08%,158.9163,751722.105705,17.59%,3892034.0,3889167.0
ERIE,2864.410000000149,0.1219%,218.5,0.65%,218.8867,171159.494085,-12.52%,2352638.5,2349774.09
GNE,2863.0,0.3255%,14.17,-1.12%,14.0853,53955.878431,-7.42%,882412.0,879549.0
PRTH,2837.0,0.2808%,6.17,3.87%,6.1515,665404.636151,-24.16%,1013141.0,1010304.0
NXXT,2835.0,0.2076%,0.3101,-6.26%,0.3205,1756116.652748,26.21%,1368507.0,1365672.0
SPIR,2825.0,0.2639%,17.64,-5.47%,17.7925,1811397.671374,-20.75%,1073151.0,1070326.0
HRTG,2823.0,0.2405%,23.01,3.74%,22.486,748829.344796,-12.40%,1176492.0,1173669.0
NGVT,2822.0,0.0608%,71.56,-3.87%,71.766,289558.60236,-2.50%,4640886.0,4638064.0
8001,2816.0,0.2056%,0.0,0.00%,0.0,0.0,0.00%,1372434.0,1369618.0
AISP,2815.0,0.3455%,2.35,-3.69%,2.3925,531086.386238,-51.86%,817634.0,814819.0
LINC,2812.0,0.2367%,50.21,1.43%,49.4169,861236.79412,-12.86%,1190753.0,1187941.0
LDO IM,2811.0,0.0511%,0.0,0.00%,0.0,0.0,0.00%,5508590.0,5505779.0
IMXI,2810.0,0.2706%,15.85,0.25%,15.8523,562399.90051,-30.81%,1041151.0,1038341.0
CGEM,2808.0,0.0694%,16.15,9.64%,15.6393,1929514.327366,120.28%,4046259.0,4043451.0
HUBS,2807.0,0.1871%,179.58,-6.15%,182.5443,2733674.533331,-2.57%,1503017.0,1500210.0
ICHR,2802.0,0.0597%,73.28,-4.77%,72.5393,976173.527232,-9.89%,4696543.0,4693741.0
NDSN,2800.310000000056,0.0762%,281.16,-0.24%,280.9119,338496.78651,-15.13%,3675644.16,3672843.85
TOST,2797.0,0.0293%,23.26,-3.84%,23.2209,22295251.359084,52.79%,9555573.0,9552776.0
FOR,2797.0,0.3953%,26.51,-2.07%,26.5156,96637.33325,-20.28%,710412.0,707615.0
PCYO,2787.0,0.4018%,11.15,-3.55%,11.2771,29391.406212,-54.64%,696356.0,693569.0
VICR,2787.0,0.1294%,292.53,-6.53%,288.7518,1335061.705386,-25.96%,2155816.0,2153029.0
2181,2784.0,0.5512%,0.0,0.00%,0.0,0.0,0.00%,507904.0,505120.0
CIVB,2783.0,0.3891%,24.54,-0.73%,24.51,58569.4932,-18.33%,718018.0,715235.0
MYO,2765.0,0.2530%,0.7782,-8.45%,0.7747,608413.192813,11.98%,1095715.0,1092950.0
SKT,2757.0,0.0186%,36.05,0.11%,36.0806,835789.033836,26.84%,14858673.0,14855916.0
HSAI,2756.0,0.2410%,21.39,-1.88%,21.2642,1279435.710575,-50.92%,1146265.0,1143509.0
EVER,2755.0,0.2555%,19.12,-3.19%,19.1548,693727.130421,-20.21%,1080926.0,1078171.0
BKSY,2731.0,0.1249%,40.31,-2.59%,41.147,3587292.176959,-21.02%,2189837.0,2187106.0
7201 JP,2730.0,0.1827%,0.0,0.00%,0.0,0.0,0.00%,1496933.0,1494203.0
VERA,2723.0,0.0574%,36.7,0.25%,36.6789,663608.545497,-42.18%,4749026.0,4746303.0
CCSI,2721.0,0.3342%,29.33,-3.87%,29.9765,180513.543672,-35.68%,816849.0,814128.0
PDLB,2717.0,0.3342%,17.66,0.00%,17.6147,57548.958966,85.17%,815603.0,812886.0
RSVR,2715.0,0.3930%,10.05,1.01%,10.0156,55083.865669,59.33%,693533.0,690818.0
CBAN,2713.0,0.3468%,19.47,-0.36%,19.4144,185815.75,3.66%,784948.0,782235.0
MFIN,2712.0,0.4248%,9.28,-1.07%,9.2728,75542.41393,54.85%,641141.0,638429.0
KMTS,2708.0,0.2647%,21.57,-1.19%,21.6616,244863.988105,-13.23%,1025674.0,1022966.0
RYZ,2687.0,0.0816%,24.16,-7.93%,24.2654,610936.169322,28.60%,3297305.0,3294618.0
ACA,2685.0,0.0429%,127.55,-1.58%,127.1691,301805.184548,-24.85%,6268424.0,6265739.0
RMAX,2681.0,0.3567%,9.63,-1.73%,9.6839,370191.605542,-47.55%,754379.0,751698.0
FUBO,2674.0,0.2424%,9.83,-1.21%,9.8618,1364667.859667,-16.83%,1105890.0,1103216.0
WST,2670.7700000004843,0.0589%,312.07,-3.17%,310.8491,1124717.27154,27.90%,4535135.07,4532464.3
GOLD,2668.0,0.3402%,42.16,-2.81%,42.1395,790143.491114,-31.20%,786882.0,784214.0
WAY,2656.0,0.0188%,19.39,-2.56%,19.6214,1951949.249822,-7.96%,14101211.0,14098555.0
WBTN,2656.0,0.4006%,12.16,-8.64%,12.1065,538903.381505,78.71%,665688.0,663032.0
MAQ AU,2650.0,0.8334%,0.0,0.00%,0.0,0.0,0.00%,320620.0,317970.0
FLY,2649.0,0.1942%,39.32,2.82%,38.6229,7167606.856317,-10.10%,1366779.0,1364130.0
ZTS,2646.269999999553,0.0108%,76.94,0.35%,76.8265,18429867.073512,17.83%,24505251.94,24502605.67
RL,2644.0400000000373,0.0969%,337.14,-1.74%,335.0347,966946.188246,56.83%,2732525.14,2729881.1
BXB,2640.0,0.5107%,0.0,0.00%,0.0,0.0,0.00%,519615.0,516975.0
OPFI,2638.0,0.2823%,9.3,0.11%,9.2699,705789.933799,5.65%,936982.0,934344.0
MGRC,2637.0,0.2945%,113.71,-0.17%,113.5188,153082.09399,-35.79%,897934.0,895297.0
LPG,2633.0,0.0536%,40.2,-0.52%,40.1432,343569.284117,-26.02%,4914261.0,4911628.0
SGP,2632.0,0.1442%,24.14,1.60%,23.8562,42718.98626,67.17%,1827408.0,1824776.0
SCVL,2624.0,0.3307%,16.3,-4.29%,16.3954,358612.824683,-11.14%,796128.0,793504.0
PRAX,2624.0,0.1724%,343.2,3.43%,334.0282,426105.932993,-43.11%,1525043.0,1522419.0
SYM,2622.0,0.2072%,51.32,-0.75%,50.9929,1277582.053827,-35.69%,1268326.0,1265704.0
ALTG,2619.0,0.3243%,6.43,0.00%,6.4378,526462.112673,-59.83%,810197.0,807578.0
HROW,2618.0,0.1812%,29.03,-23.69%,30.7745,5407585.205387,242.04%,1447164.0,1444546.0
CBLL,2613.0,0.2638%,16.75,-16.50%,17.0108,1167498.613412,280.47%,993314.0,990701.0
DNTH,2612.0,0.1283%,86.15,-1.11%,86.4712,347128.883294,36.14%,2037903.0,2035291.0
XPOF,2609.0,0.2946%,5.13,-0.97%,5.3465,776134.113444,18.57%,888358.0,885749.0
TTAN,2606.0,0.4036%,57.5,-4.63%,57.9142,1562812.82702,51.22%,648258.0,645652.0
300757 C2,2600.0,0.2428%,0.0,0.00%,0.0,0.0,0.00%,1073345.0,1070745.0
SPOK,2596.0,0.3728%,10.74,0.75%,10.7262,373418.846272,74.10%,698949.0,696353.0
ICFI,2594.0,0.3588%,64.36,-4.33%,65.2356,465675.371485,-6.77%,725526.0,722932.0
MBUU,2591.0,0.3935%,28.1,-5.26%,28.36,419929.457123,-17.34%,661032.0,658441.0
HNI,2590.0,0.0298%,31.65,-2.44%,31.6345,886904.717532,22.45%,8707176.0,8704586.0
EPD,2589.0,0.0602%,38.16,0.69%,38.1899,2518735.769826,-11.40%,4301035.0,4298446.0
GVA,2588.0,0.0443%,140.42,-0.56%,139.1513,765520.901135,31.82%,5848397.0,5845809.0
TGLS,2585.0,0.2748%,38.02,-1.73%,38.1422,434607.325036,25.55%,943203.0,940618.0
PSA,2582.730000000447,0.0090%,311.28,-0.09%,310.3379,1676761.02813,121.90%,28848731.28,28846148.55
HAG GR,2579.0,0.3127%,0.0,0.00%,0.0,0.0,0.00%,827450.0,824871.0
CV,2574.0,0.2962%,7.15,-1.65%,7.1924,87254.45,-42.29%,871489.0,868915.0
LMND,2570.0,0.1059%,55.14,0.16%,55.0987,1351440.044549,-19.87%,2429277.0,2426707.0
OLP,2562.0,0.3293%,23.42,-0.72%,23.4313,48762.06748,-10.53%,780687.0,778125.0
QDEL,2562.0,0.0293%,11.12,11.65%,10.8754,3052868.650663,23.24%,8757424.0,8754862.0
BWB,2561.0,0.3114%,18.24,1.36%,18.0808,62413.542942,8.02%,824893.0,822332.0
PLAY,2554.0,0.2288%,9.73,-5.07%,10.1157,2710301.727357,99.84%,1118654.0,1116100.0
QQ/ LN,2545.0,0.0462%,0.0,0.00%,0.0,0.0,0.00%,5507706.0,5505161.0
KPN,2544.0,0.2137%,0.0,0.00%,0.0,0.0,0.00%,1192971.0,1190427.0
QXO,2542.0,0.0303%,17.74,-3.80%,17.8887,16622588.778072,25.72%,8395726.0,8393184.0
CATX,2538.0,0.0516%,3.77,-2.84%,3.7908,1329589.845647,17.16%,4919543.0,4917005.0
SNBR,2535.0,0.3283%,1.9,-22.45%,1.9725,2360152.803007,72.75%,774642.0,772107.0
SONO,2528.0,0.0169%,14.71,-3.35%,14.6943,1479461.654607,-58.26%,14986749.0,14984221.0
6,2500.0,0.4882%,0.0,0.00%,0.0,0.0,0.00%,514632.0,512132.0
2,2500.0,0.3314%,0.0,0.00%,0.0,0.0,0.00%,756971.0,754471.0
WSR,2497.0,0.0423%,18.98,0.00%,18.9814,250554.134199,-38.03%,5902448.0,5899951.0
NOVN,2496.0,0.4205%,0.0,0.00%,0.0,0.0,0.00%,596050.0,593554.0
RBB,2491.0,0.3955%,23.55,0.08%,23.4225,85712.358215,16.23%,632268.0,629777.0
PLUS,2491.0,0.0563%,84.28,-5.30%,85.896,234708.007915,-28.23%,4430190.0,4427699.0
DGICA,2484.0,0.3301%,16.92,-1.28%,16.9623,124823.093332,3.78%,754994.0,752510.0
EPM,2483.0,0.2419%,4.79,0.21%,4.7749,352704.623909,79.34%,1028840.0,1026357.0
ROIV,2480.0,0.0057%,29.39,1.48%,29.311,8437006.23922,100.92%,43195309.0,43192829.0
BOOM,2472.0,0.3358%,7.51,4.45%,7.385,204320.210913,14.68%,738711.0,736239.0
PRTA,2469.0,0.0840%,9.43,-2.48%,9.4329,495103.026569,-46.92%,2941141.0,2938672.0
NPCE,2454.0,0.2749%,15.8,0.83%,15.7157,259924.228664,-50.35%,895093.0,892639.0
AGYS,2452.0,0.0740%,69.24,0.22%,69.8947,305791.497279,-16.43%,3315398.0,3312946.0
EPSN,2449.0,0.3873%,6.19,3.51%,6.0529,272280.501933,113.29%,634716.0,632267.0
INNV,2440.0,0.3836%,7.55,2.58%,7.5277,325325.371259,-44.58%,638493.0,636053.0
INSE,2434.0,0.2721%,7.35,-4.79%,7.4519,116066.387989,31.85%,897063.0,894629.0
BKKT,2430.0,0.3288%,8.87,-10.58%,9.0498,2376510.089905,-17.73%,741466.0,739036.0
SUPN,2429.0,0.0327%,50.53,2.35%,50.2685,589558.998409,-30.90%,7425790.0,7423361.0
EMBC,2428.0,0.0322%,3.41,1.49%,3.3675,2834460.903915,-50.34%,7543001.0,7540573.0
AKTS,2427.0,0.3404%,19.73,7.99%,19.4955,149760.312348,11.50%,715433.0,713006.0
CLAR,2424.0,0.0713%,2.63,-8.36%,2.6708,594798.378161,121.62%,3403498.0,3401074.0
QLYS,2421.0,0.0563%,90.12,-1.54%,90.2829,580826.620769,-34.21%,4299494.0,4297073.0
NATL,2416.0,0.0266%,44.94,2.58%,45.2214,2604764.328306,294.97%,9070567.0,9068151.0
SNA,2408.7700000000186,0.0715%,369.23,-0.33%,369.1296,272990.728063,-17.66%,3372414.23,3370005.46
FICO,2406.0,0.1423%,1086.0,-0.55%,1094.1409,345242.913243,19.10%,1693454.0,1691048.0
RMR,2402.0,0.3716%,19.25,-1.43%,19.2156,139493.461035,-33.52%,648857.0,646455.0
CHDRAUIB,2400.0,0.5734%,0.0,0.00%,0.0,0.0,0.00%,420932.0,418532.0
PRVA,2394.0,0.0166%,23.01,1.10%,22.8249,969946.27514,-24.63%,14443805.0,14441411.0
MCBS,2394.0,0.3048%,31.38,-1.20%,31.3573,69806.9419,12.19%,787928.0,785534.0
CMCL,2391.0,0.3977%,24.97,2.84%,24.4169,343560.373643,17.71%,603638.0,601247.0
CPS,2387.0,0.3412%,28.77,-4.61%,29.0718,196389.631405,-0.28%,702063.0,699676.0
HCKT,2384.0,0.2092%,10.24,-1.25%,10.1853,679198.109582,-13.60%,1141898.0,1139514.0
NVST,2374.0,0.0182%,24.28,0.33%,24.4943,2939205.307009,-41.60%,13041786.0,13039412.0
LXEO,2373.0,0.0451%,5.7,-6.86%,5.7999,1022844.442961,5.99%,5267783.0,5265410.0
DSY,2368.0,0.6742%,2.14,0.47%,1.9275,6625.385715,78.11%,353603.0,351235.0
CLFD,2361.0,0.5067%,45.15,-3.38%,44.4555,796134.33464,-9.41%,468296.0,465935.0
TTAM,2359.0,0.1634%,16.14,-3.18%,16.2198,216046.200997,35.57%,1445973.0,1443614.0
OOMA,2355.0,0.2402%,18.36,-3.32%,18.513,287333.429748,6.77%,982651.0,980296.0
MRTN,2351.0,0.0313%,14.79,-1.66%,14.7714,898057.015378,68.60%,7512871.0,7510520.0
TD,2347.0,0.0247%,107.76,0.63%,107.2175,1058275.391745,-2.07%,9511464.0,9509117.0
BBSI,2336.0,0.2403%,29.22,-0.68%,29.2552,265393.828057,60.11%,974453.0,972117.0
PESI,2333.0,0.3855%,10.97,-0.27%,10.8201,222185.805,7.87%,607589.0,605256.0
AROW,2332.0,0.3713%,35.86,-1.46%,35.7047,81141.410163,-14.19%,630366.0,628034.0
ALLO,2328.0,0.0170%,2.3,0.88%,2.3099,10034074.698058,122.79%,13685245.0,13682917.0
HTFL,2327.0,0.2953%,29.42,0.10%,29.4502,1211762.138653,43.55%,790324.0,787997.0
AVAV,2324.0,0.0392%,168.86,1.45%,167.8771,1210950.517037,-12.82%,5932114.0,5929790.0
AIRO,2321.0,0.2433%,7.83,-1.26%,7.8266,363056.73001,-57.09%,956249.0,953928.0
BNED,2318.0,0.3739%,10.35,-0.58%,10.2421,367676.159139,131.72%,622278.0,619960.0
OLN,2311.0,0.0271%,27.59,-2.92%,27.8891,2870363.9203,29.07%,8541880.0,8539569.0
WNEB,2311.0,0.3854%,13.42,-0.45%,13.4121,36854.215255,6.63%,601924.0,599613.0
FCBC,2308.0,0.3723%,42.12,-0.54%,42.0532,67457.900792,20.20%,622295.0,619987.0
BHB,2305.0,0.3591%,34.48,-0.06%,34.3307,89633.323215,-41.33%,644191.0,641886.0
NDA GR,2300.0,0.2294%,0.0,0.00%,0.0,0.0,0.00%,1005063.0,1002763.0
301200,2300.0,1.8768%,0.0,0.00%,0.0,0.0,0.00%,124847.0,122547.0
NLOP,2299.0,0.3313%,11.78,-1.09%,11.7695,158353.608613,-7.51%,696259.0,693960.0
HIVE,2298.0,0.0896%,2.82,-6.31%,2.7964,15234041.34866,-26.25%,2567191.0,2564893.0
VTOL,2294.0,0.0612%,42.31,-0.28%,42.2928,196042.107432,-15.98%,3748786.0,3746492.0
CLH,2289.0,0.0652%,296.39,1.00%,296.0976,547712.635683,22.84%,3513711.0,3511422.0
PLOW,2286.0,0.2508%,44.94,-1.81%,45.1158,266919.888579,3.29%,913896.0,911610.0
CENTA,2285.0,0.0360%,34.4,0.53%,34.4417,321931.06511,-16.20%,6345493.0,6343208.0
LMNR,2284.0,0.3979%,12.96,-0.46%,13.0057,30850.322269,-77.55%,576326.0,574042.0
DLX,2284.0,0.0372%,25.31,-1.90%,25.4261,605876.059233,-10.59%,6146427.0,6144143.0
WERN,2284.0,0.0300%,34.12,-3.64%,33.9169,1203004.585648,58.06%,7615785.0,7613501.0
CZNC,2282.0,0.3748%,21.0,-0.24%,20.9392,41843.118386,17.83%,611124.0,608842.0
ORK,2280.0,0.4562%,0.0,0.00%,0.0,0.0,0.00%,502029.0,499749.0
MDXG,2273.0,0.0320%,3.54,-0.56%,3.5533,1422396.681826,-42.00%,7094816.0,7092543.0
BIDU,2271.0,0.2096%,139.94,-4.01%,139.7742,3117827.893484,-20.84%,1086009.0,1083738.0
URI,2270.6099999998696,0.0661%,955.76,1.88%,952.5726,732435.687427,48.48%,3437545.76,3435275.15
CTS,2267.0,0.0633%,58.66,-4.60%,59.3344,360295.976343,-1.96%,3586068.0,3583801.0
TSSI,2267.0,0.2645%,11.63,-4.67%,11.4732,1839442.671052,-32.47%,859292.0,857025.0
MPLT,2255.0,0.3314%,30.3,0.70%,29.7224,179221.749401,-37.82%,682623.0,680368.0
FVCB,2254.0,0.4072%,15.49,-0.64%,15.4586,125682.7682,-12.77%,555807.0,553553.0
EXPN LN,2250.0,0.3193%,0.0,0.00%,0.0,0.0,0.00%,706901.0,704651.0
BCBP,2249.0,0.3946%,9.63,-1.83%,9.6798,86146.560392,20.45%,572212.0,569963.0
AFRM,2245.0,0.0466%,65.43,-1.53%,66.1508,5178680.363847,-33.52%,4820680.0,4818435.0
CMPR,2241.0,0.3407%,91.51,3.46%,90.5367,169943.04548,3.16%,659995.0,657754.0
HUBB,2237.8199999998324,0.0714%,485.98,-0.85%,483.9408,698392.328966,-11.46%,3137177.98,3134940.16
5108,2224.0,0.4892%,0.0,0.00%,0.0,0.0,0.00%,456841.0,454617.0
FDP,2205.0,0.0463%,35.48,-0.11%,35.6799,445395.51298,-19.77%,4759985.0,4757780.0
MCFT,2202.0,0.3599%,24.86,-5.37%,25.2543,180104.322139,-13.24%,614099.0,611897.0
LIF,2201.0,0.0268%,38.62,-10.77%,39.1208,2270792.525304,101.65%,8228397.0,8226196.0
688608,2200.0,1.8728%,0.0,0.00%,0.0,0.0,0.00%,119672.0,117472.0
ANDE,2199.0,0.0462%,70.41,-1.63%,70.7232,274561.265581,-25.29%,4757165.0,4754966.0
MOV,2193.0,0.3669%,26.49,-4.06%,26.6757,125886.295269,9.18%,599896.0,597703.0
AOMR,2193.0,0.3405%,8.58,0.94%,8.6149,101791.832111,-67.33%,646190.0,643997.0
MPTI,2189.0,1.9900%,75.0,-2.06%,74.0734,65594.539749,-10.73%,112190.0,110001.0
KIDS,2185.0,0.3368%,17.72,3.14%,17.5899,172390.095048,-27.60%,650884.0,648699.0
WTBA,2185.0,0.3737%,23.32,-0.51%,23.2457,51555.854,84.30%,586881.0,584696.0
HY,2183.0,0.3407%,36.42,0.03%,35.8261,91876.753342,17.01%,642866.0,640683.0
NATR,2174.0,0.3443%,22.43,1.13%,22.2127,84501.84683,-50.16%,633670.0,631496.0
WSBF,2162.0,0.3425%,18.27,-0.38%,18.2166,71600.04636,42.83%,633465.0,631303.0
FBLA,2154.0,0.3995%,13.92,-0.36%,13.9339,67107.0,-38.17%,541380.0,539226.0
QSR,2153.0,0.0439%,78.3,0.09%,78.2941,3289793.546953,-42.60%,4911999.0,4909846.0
DPZ,2148.939999999944,0.1065%,310.16,-0.98%,312.1446,953439.056479,-16.85%,2020202.16,2018053.22
COPEC,2146.0,0.5421%,0.0,0.00%,0.0,0.0,0.00%,398004.0,395858.0
F3C GR,2146.0,0.9769%,0.0,0.00%,0.0,0.0,0.00%,221815.0,219669.0
5020,2144.0,0.0618%,0.0,0.00%,0.0,0.0,0.00%,3470245.0,3468101.0
COR,2142.230000000447,0.0152%,260.93,0.47%,262.0254,1795380.535028,-35.31%,14060017.93,14057875.7
BCC,2142.0,0.0456%,67.93,-1.84%,68.0637,547006.687156,0.09%,4699584.0,4697442.0
PKE,2140.0,0.3068%,33.55,-3.79%,33.5069,155549.232888,-27.78%,699618.0,697478.0
GRDN,2138.0,0.2784%,34.91,-2.08%,35.1666,296484.850082,3.28%,770155.0,768017.0
AZJ,2136.0,0.1837%,0.0,0.00%,0.0,0.0,0.00%,1164630.0,1162494.0
TLN,2136.0,0.0569%,374.61,-2.30%,373.339,639964.379271,1.10%,3758703.0,3756567.0
ATMU,2129.0,0.0217%,55.5,-1.94%,55.4724,788157.601121,-41.70%,9811236.0,9809107.0
5401,2120.0,0.1378%,0.0,0.00%,0.0,0.0,0.00%,1540428.0,1538308.0
6594,2120.0,0.7340%,0.0,0.00%,0.0,0.0,0.00%,290944.0,288824.0
HIPO,2116.0,0.3118%,26.86,-0.52%,26.9153,77311.287896,-9.86%,680678.0,678562.0
CLW,2116.0,0.1372%,13.59,1.27%,13.5756,227160.578392,26.07%,1544492.0,1542376.0
PINE,2114.0,0.2328%,19.09,-0.31%,19.1614,89929.109981,-39.76%,910211.0,908097.0
RUSHA,2109.0,0.0277%,72.0,-0.68%,71.6853,386546.901575,-15.56%,7620639.0,7618530.0
NET,2106.0,0.0323%,186.79,-3.48%,188.817,5588658.399076,-14.35%,6530464.0,6528358.0
ATAI,2105.0,0.0814%,4.15,2.72%,4.0565,5166069.847644,52.47%,2589156.0,2587051.0
SGX,2096.0,0.2386%,0.0,0.00%,0.0,0.0,0.00%,880396.0,878300.0
OTTR,2088.0,0.0415%,89.7,1.60%,88.8615,271654.194083,-20.31%,5035456.0,5033368.0
SBRY,2088.0,0.2480%,0.0,0.00%,0.0,0.0,0.00%,843906.0,841818.0
SCSC,2084.0,0.0691%,43.5,-0.53%,43.5534,320961.355222,3.92%,3016290.0,3014206.0
CBL,2080.0,0.2485%,46.57,0.32%,46.3057,252439.229453,29.27%,838943.0,836863.0
ATS CN,2080.0,0.2829%,0.0,0.00%,0.0,0.0,0.00%,737378.0,735298.0
PRG,2078.0,0.0410%,34.78,-1.50%,34.8304,395052.668966,-8.24%,5071782.0,5069704.0
SNFCA,2077.0,0.3853%,9.63,0.84%,9.5178,20946.589856,3.64%,541075.0,538998.0
XRN,2077.0,0.2317%,34.11,1.70%,34.0884,422310.920593,-35.69%,898386.0,896309.0
BLSH,2075.0,0.2105%,42.8,-2.79%,42.2929,704642.484422,-58.05%,987691.0,985616.0
BMRC,2069.0,0.3676%,25.71,0.04%,25.5752,109507.0961,-12.43%,564885.0,562816.0
PARR,2062.0,0.0242%,63.08,-2.20%,63.7729,1094321.774185,-19.74%,8534737.0,8532675.0
OM,2057.0,0.3259%,3.84,5.21%,3.8445,186611.584645,-21.26%,633280.0,631223.0
MCO,2056.359999999404,0.0241%,451.75,0.75%,453.535,1030718.616139,11.49%,8543309.75,8541253.39
MOGA,2056.0,0.0833%,0.0,0.00%,0.0,0.0,0.00%,2469333.0,2467277.0
ASPN,2053.0,0.0378%,5.06,-1.17%,5.1339,2543547.636913,15.83%,5430024.0,5427971.0
TDY,2052.589999999851,0.0644%,632.17,-0.06%,629.7027,267812.069154,12.33%,3188263.17,3186210.58
YSS,2051.0,0.3124%,31.97,-10.90%,32.2958,2883204.355291,-39.20%,658521.0,656470.0
CRDA,2042.0,0.3057%,0.0,0.00%,0.0,0.0,0.00%,670093.0,668051.0
ZD,2034.0,0.0386%,40.85,-2.49%,41.1781,566723.226295,-20.99%,5274110.0,5272076.0
4005,2032.0,0.2496%,0.0,0.00%,0.0,0.0,0.00%,816173.0,814141.0
TPG,2029.0,0.0371%,44.03,1.01%,43.8533,1779730.079055,-9.97%,5471337.0,5469308.0
JELD,2026.0,0.0576%,1.57,-2.48%,1.6041,1607507.79313,-11.74%,3519649.0,3517623.0
AMBQ,2026.0,0.3209%,66.37,45.33%,60.8165,3013046.471353,220.79%,633308.0,631282.0
ONON,2021.0,0.0549%,33.83,-0.62%,32.9099,16628402.98285,48.72%,3682216.0,3680195.0
CHRT LN,2017.0,0.4546%,0.0,0.00%,0.0,0.0,0.00%,445699.0,443682.0
RVSB,2016.0,0.3550%,5.46,0.37%,5.4559,32482.9114,-37.51%,569902.0,567886.0
CPU,2016.0,0.8334%,0.0,0.00%,0.0,0.0,0.00%,243923.0,241907.0
COFS,2015.0,0.3918%,30.87,-0.23%,30.8461,54039.7111,21.28%,516328.0,514313.0
NSIT,2011.0,0.0514%,87.02,-1.37%,87.4377,521301.988499,-63.55%,3915748.0,3913737.0
CCBG,2010.0,0.3683%,45.95,-0.43%,45.8672,55868.081001,28.22%,547702.0,545692.0
EME,2004.3999999999069,0.0612%,924.9,-0.71%,920.5206,433651.274493,34.93%,3278218.9,3276214.5
GAIA,2001.0,0.3884%,2.51,7.73%,2.4486,138407.095877,30.87%,517173.0,515172.0
992,2000.0,0.0334%,0.0,0.00%,0.0,0.0,0.00%,5989736.0,5987736.0
688052,2000.0,2.0407%,0.0,0.00%,0.0,0.0,0.00%,100006.0,98006.0
1548 HK,2000.0,0.3141%,0.0,0.00%,0.0,0.0,0.00%,638818.0,636818.0
142,2000.0,0.6790%,0.0,0.00%,0.0,0.0,0.00%,296540.0,294540.0
2376,2000.0,2.5373%,0.0,0.00%,0.0,0.0,0.00%,80823.0,78823.0
688536,2000.0,2.1008%,0.0,0.00%,0.0,0.0,0.00%,97202.0,95202.0
6285 TT,2000.0,0.1799%,0.0,0.00%,0.0,0.0,0.00%,1113900.0,1111900.0
ST,1998.0,0.0137%,44.51,-1.72%,44.177,1759552.232051,33.97%,14590050.0,14588052.0
ALNT,1994.0,0.2952%,62.97,-3.83%,63.3366,275354.187573,-20.07%,677565.0,675571.0
REPX,1992.0,0.3675%,36.35,4.57%,36.1457,483108.298695,9.67%,544103.0,542111.0
FMAO,1990.0,0.4137%,26.95,-0.92%,26.8138,139112.467014,37.29%,483056.0,481066.0
LBRX,1989.0,0.2293%,31.13,-4.79%,31.4187,89046.212,13.03%,869501.0,867512.0
CVLG,1988.0,0.2833%,31.64,-2.94%,31.58,128584.26841,14.02%,703676.0,701688.0
TLS,1985.0,0.0251%,4.37,2.82%,4.276,842372.09296,-40.24%,7897705.0,7895720.0
ASTS,1984.0,0.0381%,72.96,-11.62%,73.1056,32830767.856374,-17.32%,5202753.0,5200769.0
BA/,1984.0,0.3135%,0.0,0.00%,0.0,0.0,0.00%,634769.0,632785.0
GAMB,1978.0,0.2789%,4.25,-2.52%,4.4166,1182288.4569,-86.55%,711073.0,709095.0
GKOS,1976.0,0.0275%,136.36,0.73%,135.9851,667105.006994,-18.08%,7190981.0,7189005.0
CWCO,1961.0,0.2797%,30.34,-7.67%,30.4234,165252.051666,85.56%,703017.0,701056.0
SXC,1960.0,0.0244%,7.53,0.80%,7.5084,1657100.556226,11.45%,8048069.0,8046109.0
KFY,1957.0,0.0296%,65.97,-0.90%,65.9188,299684.265171,8.58%,6613694.0,6611737.0
SIE GR,1950.0,0.3157%,0.0,0.00%,0.0,0.0,0.00%,619612.0,617662.0
6861 JP,1950.0,0.2811%,0.0,0.00%,0.0,0.0,0.00%,695595.0,693645.0
BNS,1941.0,0.1961%,77.3,0.34%,76.9817,1067237.519575,-53.09%,991542.0,989601.0
AZTA,1940.0,0.0370%,17.53,-2.34%,17.6474,1482666.365663,41.96%,5240905.0,5238965.0
NYT,1937.0,0.0159%,77.98,0.84%,77.9315,1783179.928523,-9.70%,12167451.0,12165514.0
MGPI,1935.0,0.3705%,18.29,-1.83%,18.2598,143959.927084,-30.71%,524238.0,522303.0
KFS,1930.0,0.2691%,11.38,-0.87%,11.166,57476.0265,60.34%,719228.0,717298.0
BSRR,1926.0,0.4067%,37.29,-0.67%,37.3447,85971.7828,11.08%,475465.0,473539.0
CC,1922.0,0.0103%,24.67,-2.34%,24.8278,3254202.281118,-6.49%,18639394.0,18637472.0
CICT,1920.0,0.0464%,0.0,0.00%,0.0,0.0,0.00%,4138449.0,4136529.0
WOW,1920.0,0.6679%,0.0,0.00%,0.0,0.0,0.00%,289367.0,287447.0
ACT,1911.0,0.0485%,42.8,-0.14%,42.7073,329619.357161,-4.48%,3945807.0,3943896.0
BRCB,1909.0,0.3607%,10.97,-0.18%,11.0365,349962.992002,69.04%,531225.0,529316.0
GBX,1908.0,0.0480%,50.03,-0.30%,49.7688,304587.44654,41.91%,3979023.0,3977115.0
INCY,1907.8100000005215,0.0125%,99.13,-1.19%,99.724,1584910.002527,-4.65%,15314636.13,15312728.32
NECB,1902.0,0.3516%,23.75,-0.96%,23.7105,22222.328367,-11.00%,542810.0,540908.0
TNXP,1900.0,0.3820%,13.28,-5.88%,13.2702,532933.736654,92.97%,499332.0,497432.0
HVT,1898.0,0.3713%,20.7,-2.63%,20.7887,105257.689877,1.79%,513119.0,511221.0
KYMR,1897.0,0.0510%,83.55,-0.65%,83.1408,385165.210764,-20.78%,3724240.0,3722343.0
ZUMZ,1891.0,0.3368%,22.88,-1.25%,22.7695,114692.277585,3.85%,563410.0,561519.0
AVNS,1884.0,0.0331%,24.73,-0.32%,24.7594,1575372.410593,99.67%,5700871.0,5698987.0
CNMD,1879.0,0.0456%,35.97,2.10%,35.9925,324796.101599,-34.74%,4126877.0,4124998.0
CLPR,1876.0,0.4088%,2.99,-0.66%,2.9904,43154.2079,-41.09%,460776.0,458900.0
MPAA,1875.0,0.3903%,11.23,-3.19%,11.3177,48670.149273,15.91%,482320.0,480445.0
AORT,1874.0,0.0329%,23.1,-2.98%,23.1431,953779.676577,-47.41%,5701134.0,5699260.0
KURA,1868.0,0.0289%,9.68,1.79%,9.7032,1840027.517726,55.70%,6473778.0,6471910.0
DIN,1866.0,0.3050%,29.64,1.96%,29.5289,971585.538911,102.49%,613717.0,611851.0
HBT,1861.0,0.4143%,27.43,-0.80%,27.3601,69944.428529,-42.28%,451018.0,449157.0
TEM,1857.0,0.0641%,46.95,-3.12%,46.7677,6441719.660404,-21.81%,2899715.0,2897858.0
MG,1857.0,0.3470%,16.85,-5.18%,17.0556,194339.526551,-26.13%,537004.0,535147.0
DCI,1854.0,0.0169%,84.85,-0.86%,84.7694,595520.336268,30.36%,10983380.0,10981526.0
AMN,1852.0,0.0364%,29.47,-2.64%,29.4996,1604484.431047,-53.88%,5088419.0,5086567.0
LCNB,1850.0,0.3990%,15.78,0.13%,15.7116,19403.0543,-28.72%,465518.0,463668.0
BOL,1848.0,0.2007%,0.0,0.00%,0.0,0.0,0.00%,922654.0,920806.0
FTK,1848.0,0.2984%,17.0,0.29%,16.8508,271259.823206,-31.45%,621210.0,619362.0
VVX,1848.0,0.0732%,70.14,1.39%,70.0703,638155.304255,0.35%,2528011.0,2526163.0
WOR,1846.0,0.0438%,54.08,-0.59%,53.9775,202277.625102,-17.60%,4219908.0,4218062.0
FTDR,1842.0,0.0210%,63.47,-0.49%,63.477,393602.17242,-44.43%,8790796.0,8788954.0
FSBC,1840.0,0.3169%,40.66,-0.93%,40.6189,130862.368039,45.28%,582417.0,580577.0
MTX,1839.0,0.0475%,81.01,0.86%,80.5095,418446.935403,39.89%,3872280.0,3870441.0
SSNC,1836.0,0.0438%,66.71,-0.49%,66.7158,2152606.211437,-20.48%,4196337.0,4194501.0
BOW,1835.0,0.2963%,27.88,0.04%,27.8087,349456.860175,52.95%,621069.0,619234.0
NNI,1833.0,0.3833%,122.2,-0.26%,123.4566,163185.573316,-17.47%,480104.0,478271.0
EPC,1826.0,0.0300%,19.27,-2.03%,19.4865,1067455.020165,-6.99%,6094715.0,6092889.0
STO,1824.0,0.2638%,0.0,0.00%,0.0,0.0,0.00%,693301.0,691477.0
SKYH,1823.0,0.2595%,9.6,-1.44%,9.7102,230321.79448,79.28%,704281.0,702458.0
ABCL,1822.0,0.1030%,4.95,-5.71%,4.7408,16942420.610175,25.98%,1770529.0,1768707.0
INSG,1819.0,0.3867%,14.71,-6.66%,14.8299,365278.332652,7.45%,472240.0,470421.0
EGAN,1818.0,0.3039%,6.89,-4.83%,6.9649,206460.213358,-26.95%,600129.0,598311.0
MEC,1817.0,0.3755%,26.55,-2.60%,26.5362,516892.508641,46.72%,485761.0,483944.0
LENZ,1816.0,0.1866%,7.91,-20.82%,7.8299,2346587.337992,216.56%,975205.0,973389.0
WDS,1816.0,0.3724%,22.5,1.03%,22.3903,727171.012738,13.33%,489501.0,487685.0
COL,1816.0,0.1885%,0.0,0.00%,0.0,0.0,0.00%,965024.0,963208.0
RYTM,1811.0,0.0531%,91.31,4.49%,90.6676,655414.33239,-45.32%,3412624.0,3410813.0
KFRC,1809.0,0.2678%,40.72,-3.30%,40.9769,254446.623125,8.98%,677342.0,675533.0
WGS,1801.0,0.2529%,39.49,-0.30%,40.2966,1386662.078393,-23.71%,713983.0,712182.0
000660,1798.0,0.7465%,0.0,0.00%,0.0,0.0,0.00%,242662.0,240864.0
ALMU,1794.0,0.3892%,27.11,-3.80%,28.107,1670316.568315,-18.97%,462751.0,460957.0
MLM,1792.160000000149,0.0515%,581.14,-0.83%,581.1733,481629.533896,3.28%,3481716.14,3479923.98
271940 KS,1792.0,0.9790%,0.0,0.00%,0.0,0.0,0.00%,184840.0,183048.0
GIII,1790.0,0.0359%,29.67,-1.95%,29.6942,376448.308594,-21.76%,4986850.0,4985060.0
G,1781.0,0.0139%,31.25,-0.16%,31.3334,3656376.481727,-12.10%,12782200.0,12780419.0
ISTR,1777.0,0.3952%,27.88,0.40%,27.7482,88078.98328,-30.47%,451469.0,449692.0
CTGO,1772.0,0.2424%,26.83,-0.15%,26.5921,441611.257176,-34.48%,732865.0,731093.0
AMRX,1771.0,0.0074%,12.6,-1.41%,12.6366,1266466.242389,-22.66%,23867781.0,23866010.0
APAM,1765.0,0.0197%,36.94,-1.78%,36.8646,778475.898105,25.03%,8970341.0,8968576.0
BYRN,1764.0,0.2636%,5.07,-1.36%,5.0262,414217.225388,6.87%,671049.0,669285.0
ANIK,1763.0,0.3782%,14.68,0.96%,14.6465,50102.762987,-32.27%,467879.0,466116.0
RIVN,1759.0,0.0133%,13.95,-0.92%,13.8857,22252980.863419,-15.12%,13263382.0,13261623.0
HCC,1756.0,0.0156%,88.28,1.26%,87.8493,573994.858355,-31.47%,11257549.0,11255793.0
000660 KS,1756.0,0.3111%,0.0,0.00%,0.0,0.0,0.00%,566264.0,564508.0
MTZ,1755.0,0.0349%,420.3,-0.25%,414.3556,1404814.537737,39.00%,5033458.0,5031703.0
YORW,1748.0,0.2944%,29.58,0.07%,29.7169,131237.758137,-10.15%,595513.0,593765.0
8031,1744.0,0.0816%,0.0,0.00%,0.0,0.0,0.00%,2139242.0,2137498.0
NUVL,1741.0,0.0556%,102.54,-1.92%,102.9508,673857.548343,101.41%,3132606.0,3130865.0
EXA FP,1740.0,0.8785%,0.0,0.00%,0.0,0.0,0.00%,199811.0,198071.0
JMSB,1739.0,0.3710%,20.52,-1.35%,20.5305,25034.3112,52.90%,470439.0,468700.0
STRZ,1736.0,0.3874%,20.35,-3.78%,20.6188,129575.884078,-56.46%,449800.0,448064.0
MZTI,1734.0,0.0767%,114.52,1.99%,114.5381,449843.64454,32.40%,2262711.0,2260977.0
UFCS,1734.0,0.0563%,48.43,-0.27%,48.3528,164112.596638,-11.77%,3083126.0,3081392.0
IIPR,1726.0,0.0409%,55.76,-1.29%,55.8436,250491.503051,-6.35%,4222488.0,4220762.0
MVBF,1721.0,0.4077%,25.56,-1.01%,25.4896,37145.9312,20.41%,423887.0,422166.0
NGNE,1716.0,0.2893%,31.54,2.10%,31.2214,103485.05679,-11.28%,594776.0,593060.0
IDT,1714.0,0.2559%,52.66,0.96%,52.5277,166581.140989,43.59%,671597.0,669883.0
PRAA,1714.0,0.0346%,16.78,-2.10%,16.8934,768021.870261,-6.43%,4954830.0,4953116.0
PLSE,1709.0,0.2576%,23.3,22.12%,22.1443,517348.884583,-47.21%,665247.0,663538.0
BNTC,1707.0,0.2589%,11.84,-1.99%,11.9363,91822.751875,22.99%,660963.0,659256.0
RELL,1707.0,0.3922%,15.12,-1.88%,14.9863,77480.664595,-6.09%,436957.0,435250.0
PAGP,1702.0,0.0707%,23.46,-0.21%,23.5786,1047153.770965,-29.43%,2409581.0,2407879.0
EQTL3,1700.0,0.2727%,0.0,0.00%,0.0,0.0,0.00%,625101.0,623401.0
LZ,1700.0,0.0115%,6.16,0.98%,6.1559,7895521.656742,155.03%,14823862.0,14822162.0
CVGW,1698.0,0.2590%,27.08,-0.29%,27.0595,196320.952446,-38.19%,657259.0,655561.0
AVNW,1697.0,0.3569%,15.31,-3.47%,15.389,200873.139342,-13.90%,477232.0,475535.0
9433,1696.0,0.2429%,0.0,0.00%,0.0,0.0,0.00%,700004.0,698308.0
JACK,1695.0,0.2082%,13.57,1.27%,13.5368,717359.929727,-16.90%,815873.0,814178.0
APEI,1692.0,0.2216%,53.0,-5.98%,53.7536,500697.759098,18.94%,765159.0,763467.0
VPG,1690.0,0.3360%,85.57,28.48%,83.2172,1101332.733151,263.77%,504649.0,502959.0
035420 KS,1690.0,2.7439%,0.0,0.00%,0.0,0.0,0.00%,63282.0,61592.0
4063,1688.0,0.4965%,0.0,0.00%,0.0,0.0,0.00%,341659.0,339971.0
FNLC,1688.0,0.4002%,28.29,-0.67%,28.2792,16374.9134,56.78%,423475.0,421787.0
PCB,1687.0,0.3458%,23.65,-1.29%,23.7089,11921.2979,-49.74%,489524.0,487837.0
ISPR,1686.0,0.2625%,1.71,3.64%,1.625,53104.866729,55.93%,644039.0,642353.0
LCTX,1685.0,0.1066%,1.33,1.53%,1.3132,1714382.075346,3.84%,1582675.0,1580990.0
CRI,1685.0,0.0369%,33.32,1.80%,33.194,885186.952098,-17.45%,4574210.0,4572525.0
FIX,1684.3300000000745,0.0672%,2016.31,-0.82%,1996.6151,382003.906464,1.23%,2508049.31,2506364.98
IDA,1684.0,0.0304%,143.72,-1.16%,144.0004,523074.067644,15.59%,5542351.0,5540667.0
VAL,1681.0,0.0220%,97.2,-0.12%,96.9036,714620.599262,14.85%,7653254.0,7651573.0
FET,1680.0,0.2992%,55.59,-0.89%,55.5647,130942.632735,-4.89%,563174.0,561494.0
MATX,1676.0,0.0423%,179.01,-1.59%,178.6137,196172.413872,26.61%,3967316.0,3965640.0
FORR,1667.0,0.3887%,6.37,-3.34%,6.3925,44155.484274,-17.69%,430566.0,428899.0
047810 KS,1664.0,0.1723%,0.0,0.00%,0.0,0.0,0.00%,967381.0,965717.0
REPL,1662.0,0.0290%,4.09,9.36%,4.0464,9625041.141615,26.09%,5732499.0,5730837.0
MPLX,1662.0,0.0618%,54.39,0.67%,54.2274,1560147.997569,-14.60%,2692146.0,2690484.0
SD,1657.0,0.0866%,15.02,-0.79%,15.012,252606.123266,-30.93%,1915955.0,1914298.0
ULVR,1656.0,0.2597%,0.0,0.00%,0.0,0.0,0.00%,639197.0,637541.0
PBH,1654.0,0.0265%,50.41,-0.47%,50.706,732998.098463,-15.66%,6254118.0,6252464.0
CWST,1651.0,0.0218%,84.88,2.08%,84.618,617488.892852,2.31%,7591162.0,7589511.0
ABBN,1648.0,0.2496%,0.0,0.00%,0.0,0.0,0.00%,661879.0,660231.0
NREF,1642.0,0.4202%,15.46,-0.64%,15.4979,38534.21835,-10.84%,392415.0,390773.0
HURN,1638.0,0.2347%,110.23,-4.92%,111.6124,345985.303576,18.83%,699642.0,698004.0
BCML,1636.0,0.3634%,30.45,-0.07%,30.3697,43931.593385,24.42%,451780.0,450144.0
CLMB,1633.0,0.2895%,19.28,-2.43%,19.3033,239436.827237,168.90%,565771.0,564138.0
INVEA,1632.0,1.3918%,0.0,0.00%,0.0,0.0,0.00%,118888.0,117256.0
XP,1632.0,0.0308%,18.55,-0.62%,18.4126,5455610.610966,19.24%,5296382.0,5294750.0
WCC,1632.0,0.0399%,362.23,-1.11%,359.6746,935244.921829,19.03%,4094869.0,4093237.0
KNTK,1626.0,0.0261%,48.9,1.79%,48.6223,1027728.63287,-4.42%,6229107.0,6227481.0
PLXS,1624.0,0.0467%,264.49,-2.68%,263.5959,295915.956901,50.97%,3480125.0,3478501.0
FBYD,1624.0,0.3165%,10.85,0.65%,11.0574,85821.582108,28.89%,514789.0,513165.0
MAIR,1621.0,0.0854%,41.07,-2.40%,41.0748,3216271.10807,14.27%,1899573.0,1897952.0
OBT,1620.0,0.3728%,33.58,-0.50%,33.3806,44237.9024,20.10%,436163.0,434543.0
SIEB,1620.0,0.3520%,1.76,0.00%,1.761,13453.309,82.68%,461907.0,460287.0
PBFS,1618.0,0.4066%,14.7,1.24%,14.6577,4440.0,-38.72%,399542.0,397924.0
PKBK,1617.0,0.3991%,30.27,-1.08%,30.2841,56276.908924,-42.74%,406746.0,405129.0
GWW,1616.2000000001863,0.0542%,1238.29,1.00%,1235.5269,291260.04395,21.16%,2983422.29,2981806.09
VEL,1616.0,0.3900%,17.4,1.40%,17.2981,144996.128361,10.28%,416013.0,414397.0
RGN,1616.0,0.0895%,0.0,0.00%,0.0,0.0,0.00%,1808151.0,1806535.0
CAI,1613.0,0.0718%,16.76,5.14%,16.611,3278572.578297,0.69%,2247507.0,2245894.0
BRT,1613.0,0.3572%,14.56,0.55%,14.5321,18025.079345,-31.10%,453241.0,451628.0
DMRC,1606.0,0.2706%,8.91,-0.45%,8.703,229399.528009,35.81%,595031.0,593425.0
MED,1603.0,0.2785%,12.57,1.37%,12.602,170219.027478,-6.98%,577090.0,575487.0
FRPH,1601.0,0.3542%,22.44,1.22%,22.4497,147428.71,-21.68%,453551.0,451950.0
TMDX,1601.0,0.0352%,63.93,-0.58%,64.0976,1535851.037005,-51.51%,4545320.0,4543719.0
601138,1600.0,0.4602%,0.0,0.00%,0.0,0.0,0.00%,349300.0,347700.0
S32,1600.0,0.1601%,0.0,0.00%,0.0,0.0,0.00%,1000820.0,999220.0
ESE,1600.0,0.0463%,299.82,0.66%,297.4772,286537.830445,-20.55%,3458083.0,3456483.0
CBNK,1595.0,0.3824%,30.64,-0.55%,30.6043,62018.8922,1.74%,418660.0,417065.0
GMED,1594.0,0.0179%,76.13,-0.72%,76.4939,2415059.044559,-10.45%,8886305.0,8884711.0
ROG,1584.0,0.0737%,138.43,-0.06%,137.1253,246219.85796,-23.71%,2151056.0,2149472.0
USNA,1583.0,0.3281%,17.36,-0.40%,17.3224,130164.368068,-1.46%,484059.0,482476.0
TECX,1582.0,0.3439%,27.96,1.60%,27.525,237575.128642,-56.69%,461635.0,460053.0
SRRK,1578.0,0.0267%,49.19,1.74%,48.7472,1318659.813858,31.18%,5907882.0,5906304.0
OPBK,1577.0,0.3873%,14.0,-0.21%,13.9289,49022.8178,4.88%,408743.0,407166.0
EEX,1576.0,0.3150%,4.99,0.00%,4.9977,1896193.816354,-63.73%,501907.0,500331.0
SGC,1573.0,0.3736%,11.5,1.23%,11.4594,48495.135284,-28.08%,422632.0,421059.0
ASTE,1567.0,0.0508%,50.06,-5.21%,50.2834,330576.634728,21.70%,3085223.0,3083656.0
CVRX,1560.0,0.2832%,5.27,-23.84%,5.5167,864413.415408,139.21%,552402.0,550842.0
7203 JP,1560.0,0.3130%,0.0,0.00%,0.0,0.0,0.00%,499908.0,498348.0
BMI,1548.0,0.0347%,115.04,-1.40%,115.8776,401636.575562,-27.23%,4463492.0,4461944.0
NPO,1548.0,0.0579%,310.2,-1.55%,309.2314,206578.890972,-18.53%,2675321.0,2673773.0
VAC,1546.0,0.0441%,72.42,-3.68%,72.3626,581657.720142,20.86%,3510028.0,3508482.0
VIRC,1542.0,0.4100%,6.03,-1.15%,6.0733,18736.04001,-31.47%,377598.0,376056.0
PRLB,1539.0,0.0498%,71.02,0.10%,69.9094,231714.627175,1.64%,3094194.0,3092655.0
RHP,1538.0,0.0193%,107.5,-1.10%,107.8207,431270.91744,-6.71%,7956157.0,7954619.0
SLP,1536.0,0.2420%,13.96,-4.97%,14.0346,409935.320607,-30.86%,636176.0,634640.0
RSW LN,1534.0,0.2735%,0.0,0.00%,0.0,0.0,0.00%,562389.0,560855.0
MLR,1534.0,0.3631%,46.73,-2.69%,47.0397,97337.1335,17.27%,423970.0,422436.0
PCRX,1534.0,0.0279%,22.84,0.44%,22.7694,608791.797953,-32.05%,5507593.0,5506059.0
DERM,1533.0,0.2410%,5.01,0.20%,4.9306,364791.442176,9.31%,637743.0,636210.0
AARD,1529.0,0.2850%,6.11,6.82%,5.959,181888.949937,19.16%,537934.0,536405.0
OPRX,1523.0,0.2164%,6.34,2.09%,6.2783,657686.187483,120.21%,705404.0,703881.0
POWL,1522.0,0.0398%,308.05,-4.35%,304.7746,878261.310963,76.56%,3822636.0,3821114.0
HTLD,1521.0,0.0255%,12.34,-2.60%,12.301,546544.646153,5.45%,5972578.0,5971057.0
PZZA,1516.0,0.0374%,34.07,2.07%,33.8905,1422982.027068,-43.29%,4050510.0,4048994.0
IPI,1515.0,0.3396%,46.68,6.70%,45.8864,466924.796143,18.37%,447644.0,446129.0
6501,1504.0,0.1307%,0.0,0.00%,0.0,0.0,0.00%,1152230.0,1150726.0
FSS,1504.0,0.0202%,115.43,-1.66%,114.8304,405794.921556,-5.91%,7454623.0,7453119.0
754,1502.0,0.1811%,0.0,0.00%,0.0,0.0,0.00%,831067.0,829565.0
ONEW,1502.0,0.3737%,11.16,-3.63%,11.2998,101564.498333,-9.75%,403437.0,401935.0
VIVT3,1500.0,0.2017%,0.0,0.00%,0.0,0.0,0.00%,745306.0,743806.0
66,1500.0,0.0750%,0.0,0.00%,0.0,0.0,0.00%,2002578.0,2001078.0
LYV,1499.6699999999255,0.0095%,165.67,1.64%,165.5126,2341068.494578,-6.11%,15809572.67,15808073.0
CXDO,1499.0,0.2636%,9.16,-3.27%,9.2227,314969.39613,-43.20%,570189.0,568690.0
EBS,1497.0,0.0328%,8.5,-5.03%,8.5633,606459.917065,-4.28%,4568736.0,4567239.0
EDP,1496.0,0.1583%,0.0,0.00%,0.0,0.0,0.00%,946617.0,945121.0
MGEE,1496.0,0.0308%,75.3,1.99%,75.1702,430594.442543,61.50%,4851012.0,4849516.0
AOUT,1486.0,0.3771%,8.93,-3.77%,8.944,28754.491719,-32.41%,395518.0,394032.0
LOVE,1483.0,0.2453%,15.83,-1.43%,15.8199,109196.808415,20.15%,606132.0,604649.0
DBD,1480.0,0.0364%,75.36,-2.74%,75.9317,294694.328579,6.87%,4070598.0,4069118.0
AII,1472.0,0.3500%,19.6,-0.96%,19.674,71172.337302,-14.56%,422093.0,420621.0
PDFS,1471.0,0.0371%,50.95,-7.51%,51.439,946422.517058,-9.70%,3966439.0,3964968.0
SUNS,1466.0,0.3936%,7.36,-0.67%,7.4029,61783.28228,-38.14%,373918.0,372452.0
DSP,1466.0,0.2760%,10.8,1.98%,10.94,545667.771574,-5.22%,532698.0,531232.0
CDNL,1465.0,0.3606%,57.09,-5.43%,56.8253,825898.842686,3.71%,407785.0,406320.0
LCII,1463.0,0.0465%,112.42,-0.64%,113.2474,260046.611756,-12.26%,3149339.0,3147876.0
NTLA,1459.0,0.0151%,13.99,-2.98%,13.9315,4657997.279102,-35.64%,9641704.0,9640245.0
HTO,1456.0,0.0297%,57.26,-0.23%,57.3969,397521.102162,7.13%,4904802.0,4903346.0
ATCOA,1448.0,0.2204%,0.0,0.00%,0.0,0.0,0.00%,658308.0,656860.0
FSTR,1446.0,0.4033%,40.95,0.07%,40.4318,137120.188662,5.34%,359953.0,358507.0
PEN,1442.0,0.0386%,322.79,0.34%,322.7617,258783.6624,-26.46%,3735117.0,3733675.0
SAMG,1437.0,0.4596%,12.56,-5.28%,12.725,64604.85946,591.90%,314082.0,312645.0
RPD,1434.0,0.0314%,6.57,3.14%,6.5176,1765037.072882,-21.38%,4565986.0,4564552.0
MATW,1429.0,0.0360%,27.86,0.32%,27.7124,271469.831467,12.05%,3975165.0,3973736.0
BELFB,1428.0,0.3134%,298.22,-1.49%,297.3664,304044.385246,118.69%,457056.0,455628.0
EVTC,1427.0,0.0182%,23.97,4.13%,24.2942,858090.988501,20.76%,7822509.0,7821082.0
AUTL,1425.0,0.1025%,1.6,1.27%,1.5706,1094762.137851,-14.83%,1391420.0,1389995.0
272210 KS,1424.0,0.1407%,0.0,0.00%,0.0,0.0,0.00%,1013760.0,1012336.0
3402,1424.0,0.3102%,0.0,0.00%,0.0,0.0,0.00%,460426.0,459002.0
WSM,1419.2900000009686,0.0152%,175.39,-0.40%,175.9083,960919.85724,-7.13%,9348272.39,9346853.1
JHX,1418.0,0.0459%,20.19,-1.13%,20.1353,4930404.768584,4.98%,3092136.0,3090718.0
AGL,1416.0,0.2222%,69.54,16.66%,64.9572,671049.400194,-4.67%,638675.0,637259.0
ACNB,1407.0,0.3802%,52.64,0.69%,52.3757,34165.816702,-23.81%,371454.0,370047.0
COLD,1406.0,0.0212%,14.8,1.65%,14.6224,4818909.243021,-22.15%,6619173.0,6617767.0
ATNI,1405.0,0.3900%,26.43,-1.34%,26.55,63578.164691,-14.07%,361620.0,360215.0
BATS,1400.0,0.1060%,0.0,0.00%,0.0,0.0,0.00%,1321865.0,1320465.0
6503,1400.0,0.0935%,0.0,0.00%,0.0,0.0,0.00%,1498427.0,1497027.0
RGNX,1396.0,0.0352%,10.24,1.59%,10.1806,1024441.188628,-35.22%,3970405.0,3969009.0
TXT,1394.160000000149,0.0087%,90.82,-0.92%,90.5738,1176220.740452,-15.30%,16068719.82,16067325.66
EVCM,1394.0,0.2958%,10.11,-8.09%,10.3103,119962.087754,-16.00%,472640.0,471246.0
SCHL,1385.0,0.0460%,38.97,-2.72%,39.0436,337152.464254,29.25%,3014908.0,3013523.0
NVCT,1380.0,0.2693%,10.9,-1.45%,10.7473,96086.045158,4.42%,513827.0,512447.0
BWMN,1376.0,0.2526%,33.36,-2.08%,33.4086,125893.613366,-16.67%,546186.0,544810.0
SXT,1376.0,0.0255%,115.95,-1.18%,116.3276,401250.763601,15.05%,5404841.0,5403465.0
ESCA,1376.0,0.3974%,17.89,-6.43%,18.1964,46688.218041,5.50%,347600.0,346224.0
PKOH,1375.0,0.4024%,29.64,-3.67%,29.5516,84472.757473,-2.95%,343110.0,341735.0
NWFL,1375.0,0.3524%,29.65,0.78%,29.4489,21503.923323,77.91%,391600.0,390225.0
TYRA,1374.0,0.0672%,34.87,2.53%,34.2859,471284.664902,15.53%,2045768.0,2044394.0
XPRO,1372.0,0.0235%,15.8,-0.38%,15.781,913521.205691,33.19%,5835369.0,5833997.0
DCO,1368.0,0.1065%,145.03,3.09%,141.8052,343614.148533,-20.23%,1285593.0,1284225.0
P,1366.0,0.0057%,83.33,-4.59%,82.0955,4197708.306443,-62.55%,24073928.0,24072562.0
CM,1365.0,0.0376%,111.51,0.52%,111.3092,1210050.307622,70.38%,3633622.0,3632257.0
CSGS,1363.0,0.0377%,80.69,0.42%,80.6945,1319362.486604,270.47%,3612338.0,3610975.0
5019,1360.0,0.1530%,0.0,0.00%,0.0,0.0,0.00%,890128.0,888768.0
ECPG,1359.0,0.0489%,81.61,-0.87%,81.9598,381646.843063,-29.55%,2781100.0,2779741.0
VNDA,1353.0,0.0292%,6.42,2.39%,6.3455,1359356.530903,4.75%,4631737.0,4630384.0
454910 KS,1352.0,0.2808%,0.0,0.00%,0.0,0.0,0.00%,482765.0,481413.0
ERICB,1352.0,0.1189%,0.0,0.00%,0.0,0.0,0.00%,1137996.0,1136644.0
CSV,1351.0,0.2540%,43.37,-3.08%,43.8324,77226.28632,-2.19%,533170.0,531819.0
TRP,1348.0,0.0213%,66.3,1.21%,66.0879,1388565.832128,-64.90%,6320705.0,6319357.0
ATLO,1346.0,0.4125%,27.87,-0.57%,27.7864,53838.30693,-8.74%,327613.0,326267.0
GCO,1346.0,0.2590%,31.71,-3.35%,31.5615,176470.636054,-37.42%,521056.0,519710.0
RGLD,1340.0,0.0162%,245.35,0.09%,244.1818,635635.482517,-5.42%,8261369.0,8260029.0
SOC,1340.0,0.0207%,14.0,5.66%,13.7507,2095785.604288,-41.13%,6462069.0,6460729.0
IMB,1336.0,0.3638%,0.0,0.00%,0.0,0.0,0.00%,368541.0,367205.0
1878,1336.0,0.5084%,0.0,0.00%,0.0,0.0,0.00%,264116.0,262780.0
CASS,1329.0,0.2734%,46.02,-1.48%,46.1621,85783.8095,25.08%,487404.0,486075.0
NSSC,1328.0,0.0296%,38.29,-4.77%,38.5929,332967.36709,-8.99%,4490519.0,4489191.0
NWPX,1327.0,0.2960%,113.97,2.51%,112.5192,174666.130029,53.35%,449600.0,448273.0
PG,1323.5499999970198,0.0011%,143.91,0.38%,144.3946,9051217.10411,20.85%,119939169.91,119937846.36
SMP,1322.0,0.0444%,38.35,-1.67%,38.4919,94152.485833,-22.83%,2978871.0,2977549.0
NGS,1320.0,0.3331%,42.5,5.88%,42.1834,220909.315041,190.87%,397634.0,396314.0
USCB,1318.0,0.3484%,18.33,0.44%,18.2971,70369.3964,52.10%,379612.0,378294.0
FOXF,1318.0,0.0249%,16.83,-3.28%,16.9314,854744.526362,-1.93%,5300742.0,5299424.0
RNAC,1316.0,0.3575%,8.7,1.99%,8.6154,107241.429506,-61.65%,369404.0,368088.0
CLAS,1312.0,0.3236%,0.0,0.00%,0.0,0.0,0.00%,406770.0,405458.0
4188,1312.0,0.2572%,0.0,0.00%,0.0,0.0,0.00%,511376.0,510064.0
ROOT,1311.0,0.2821%,59.24,4.61%,58.8602,467337.935615,24.77%,465996.0,464685.0
PFIS,1301.0,0.3755%,57.46,0.17%,57.0034,108857.2634,113.29%,347738.0,346437.0
JAKK,1300.0,0.3818%,21.89,-2.80%,21.9354,52930.551822,-8.79%,341802.0,340502.0
RCEL,1296.0,0.2513%,4.38,0.23%,4.4342,237585.934237,-45.22%,517058.0,515762.0
7912,1296.0,0.7173%,0.0,0.00%,0.0,0.0,0.00%,181982.0,180686.0
SVCO,1289.0,0.4178%,10.66,-4.22%,10.7038,427275.3197,-19.62%,309809.0,308520.0
DTM,1288.0,0.0141%,145.08,-0.15%,144.7074,647910.762921,2.88%,9159932.0,9158644.0
GPRE,1286.0,0.0276%,16.77,-2.22%,16.783,1710076.660319,-21.95%,4659978.0,4658692.0
AMPH,1284.0,0.0250%,17.5,-5.15%,17.5929,1219603.521089,-10.31%,5144829.0,5143545.0
RCKT,1283.0,0.0188%,3.64,1.39%,3.6465,1996966.635298,-10.42%,6838700.0,6837417.0
AWR,1282.0,0.0236%,77.69,0.70%,78.0638,423101.701189,101.06%,5442721.0,5441439.0
FDMT,1280.0,0.0313%,10.34,-4.17%,10.4838,459002.52979,-55.08%,4089518.0,4088238.0
FLUT,1279.0,0.0437%,95.96,2.13%,97.0511,3628792.840588,-20.35%,2926399.0,2925120.0
VLGEA,1274.0,0.3711%,44.19,1.24%,43.9342,33057.216199,-7.77%,344580.0,343306.0
GENC,1274.0,0.3911%,15.2,2.01%,15.0249,21246.606075,-22.05%,327052.0,325778.0
CPSS,1273.0,0.3935%,9.63,-2.73%,9.788,23454.08,-25.56%,324755.0,323482.0
IOSP,1268.0,0.0415%,80.44,-0.47%,80.4561,218033.23749,-14.29%,3059784.0,3058516.0
RM,1268.0,0.3699%,34.25,-0.35%,34.1573,70274.205756,24.06%,344056.0,342788.0
USAU,1268.0,0.2747%,17.69,-0.51%,17.3666,208543.768721,-19.03%,462946.0,461678.0
INMB,1267.0,0.1909%,1.39,2.96%,1.3711,346997.080339,118.21%,665071.0,663804.0
SLVM,1266.0,0.0305%,39.73,-3.50%,40.1833,326566.365287,-8.88%,4151687.0,4150421.0
EP,1265.0,0.2702%,2.69,-2.18%,2.7114,24651.609947,-28.34%,469452.0,468187.0
TNDM,1262.0,0.0145%,14.69,-0.54%,14.8541,2367731.258846,-35.08%,8680521.0,8679259.0
FDS,1259.7299999999814,0.0382%,215.92,-1.49%,216.5951,1154731.387259,108.76%,3302901.92,3301642.19
LGND,1253.0,0.0463%,222.0,0.69%,221.0307,164220.09437,-19.60%,2706630.0,2705377.0
2498,1252.0,0.1972%,0.0,0.00%,0.0,0.0,0.00%,636117.0,634865.0
UVV,1250.0,0.0329%,53.71,0.21%,53.8961,166812.937415,18.85%,3803350.0,3802100.0
SMPL,1249.0,0.0118%,11.34,-0.26%,11.3466,2594199.955048,-33.09%,10563268.0,10562019.0
ATRO,1244.0,0.0371%,78.26,3.26%,76.4688,1020844.676098,67.98%,3354865.0,3353621.0
EDV,1240.0,0.1390%,62.87,-0.99%,62.9468,799985.351189,8.52%,893260.0,892020.0
6988,1240.0,0.6882%,0.0,0.00%,0.0,0.0,0.00%,181428.0,180188.0
NVEC,1239.0,0.4663%,91.89,-3.62%,90.625,203891.880308,-45.46%,266932.0,265693.0
NGVC,1236.0,0.2451%,27.03,0.22%,27.1048,119816.752831,-22.26%,505486.0,504250.0
MMI,1229.0,0.0413%,30.08,-0.50%,30.1525,259082.5098,-30.96%,2980139.0,2978910.0
MRBK,1227.0,0.3629%,17.54,0.06%,17.454,90694.6821,14.70%,339292.0,338065.0
GBFH,1224.0,0.3814%,28.01,-0.18%,28.014,29326.0,-13.02%,322124.0,320900.0
ATD,1224.0,0.7282%,0.0,0.00%,0.0,0.0,0.00%,169308.0,168084.0
CMDB,1220.0,0.3900%,18.69,0.21%,18.4924,50469.39665,31.86%,314017.0,312797.0
KINS,1219.0,0.2625%,14.68,4.26%,14.5449,194270.251896,-52.29%,465622.0,464403.0
APPF,1214.0,0.0601%,155.38,-2.62%,156.9595,315610.225802,8.94%,2019507.0,2018293.0
STRA,1204.0,0.0423%,78.53,1.19%,78.4403,211311.59623,-23.70%,2845801.0,2844597.0
EXLS,1203.0,0.0098%,29.73,-1.52%,29.7633,2745704.572616,2.74%,12331615.0,12330412.0
SMC,1202.0,0.3758%,29.65,-0.57%,29.4796,68263.885322,73.05%,321050.0,319848.0
SPK,1200.0,0.3270%,0.0,0.00%,0.0,0.0,0.00%,368130.0,366930.0
EVMN,1200.0,0.3376%,22.69,-2.24%,22.7237,279213.497573,-58.22%,356656.0,355456.0
2570 HK,1200.0,1.0096%,0.0,0.00%,0.0,0.0,0.00%,120060.0,118860.0
ESOA,1199.0,0.2864%,19.08,8.16%,19.0056,424110.886465,431.19%,419902.0,418703.0
TKR,1197.0,0.0272%,117.12,-0.23%,116.2103,712814.967709,-29.44%,4409438.0,4408241.0
RBA,1195.0,0.0081%,103.4,-0.99%,103.62,893277.064318,12.74%,14788102.0,14786907.0
NXRT,1191.0,0.0370%,29.43,-0.51%,29.4318,141032.97975,11.78%,3224364.0,3223173.0
ARCB,1191.0,0.0414%,112.92,-4.56%,112.7259,307602.095231,27.49%,2875935.0,2874744.0
REL,1184.0,0.2593%,0.0,0.00%,0.0,0.0,0.00%,457819.0,456635.0
SBC,1182.0,0.3538%,3.31,4.75%,3.2513,185704.869678,5.94%,335230.0,334048.0
CMT,1182.0,0.4059%,24.41,0.99%,24.2447,34436.906624,-46.58%,292371.0,291189.0
MDV,1176.0,0.3940%,17.75,-0.11%,17.7884,111314.808651,57.11%,299664.0,298488.0
RGR,1172.0,0.1618%,38.15,1.52%,38.1972,239915.829019,32.33%,725496.0,724324.0
DJT,1171.0,0.0347%,8.73,-1.13%,8.7837,3685351.179597,-26.02%,3375411.0,3374240.0
HIAB FH,1170.0,0.2831%,0.0,0.00%,0.0,0.0,0.00%,414430.0,413260.0
MMSI,1168.0,0.0161%,61.145,1.38%,60.8284,857540.313546,-10.74%,7251634.0,7250466.0
RWE,1168.0,0.1759%,0.0,0.00%,0.0,0.0,0.00%,665110.0,663942.0
4543,1168.0,0.5506%,0.0,0.00%,0.0,0.0,0.00%,213293.0,212125.0
DFI,1168.0,0.3548%,0.0,0.00%,0.0,0.0,0.00%,330361.0,329193.0
SOBO,1167.0,0.0474%,36.18,2.23%,36.0322,852682.679394,42.75%,2462252.0,2461085.0
UHAL/B,1166.0,0.6237%,0.0,0.00%,0.0,0.0,0.00%,188118.0,186952.0
PBA,1165.0,0.0335%,46.75,0.97%,46.6616,524919.246019,-14.59%,3481633.0,3480468.0
BEEP,1157.0,0.3239%,1.94,-12.61%,2.022,33222.297848,-81.57%,358396.0,357239.0
FBIZ,1154.0,0.3594%,55.03,-0.86%,54.9384,19948.12616,-19.92%,322269.0,321115.0
TSBK,1152.0,0.3918%,39.26,-1.13%,39.1304,32597.610394,39.22%,295207.0,294055.0
HWKN,1145.0,0.0390%,168.59,-1.80%,167.7843,104152.173174,12.09%,2937051.0,2935906.0
SFST,1143.0,0.4040%,56.05,-0.30%,55.9096,115313.053,14.20%,284033.0,282890.0
SLSN,1143.0,0.2222%,1.24,-17.33%,1.2995,88233.246003,-22.25%,515622.0,514479.0
GLOB,1142.0,0.1209%,35.71,-4.03%,36.2021,2175165.983099,17.40%,945699.0,944557.0
CZWI,1138.0,0.3878%,21.0,-0.38%,20.898,12668.342967,10.42%,294581.0,293443.0
TNYA,1137.0,0.0870%,1.0,0.19%,1.0097,9925428.621915,-34.95%,1307627.0,1306490.0
NL,1137.0,0.4116%,5.86,0.86%,5.827,25406.841079,-18.35%,277399.0,276262.0
EQNR,1136.0,0.1415%,38.52,0.78%,38.4089,2867859.23,-19.65%,804145.0,803009.0
BT/A,1136.0,0.0603%,0.0,0.00%,0.0,0.0,0.00%,1885998.0,1884862.0
AREN,1135.0,0.2530%,1.86,-29.28%,1.9672,200753.584658,157.17%,449781.0,448646.0
GRUMAB,1135.0,0.9406%,0.0,0.00%,0.0,0.0,0.00%,121808.0,120673.0
RPI LN,1134.0,1.7871%,0.0,0.00%,0.0,0.0,0.00%,64588.0,63454.0
WGO,1133.0,0.0316%,29.55,-3.08%,29.7566,498173.863346,-22.26%,3582062.0,3580929.0
NRC,1133.0,0.2117%,19.19,2.57%,19.0339,102437.167203,20.02%,536399.0,535266.0
JOE,1131.0,0.0223%,64.21,-1.37%,64.5645,183323.351436,-22.28%,5075513.0,5074382.0
EOAN,1128.0,0.0627%,0.0,0.00%,0.0,0.0,0.00%,1801493.0,1800365.0
INDUC,1128.0,0.9861%,0.0,0.00%,0.0,0.0,0.00%,115518.0,114390.0
RBC,1127.0,0.0460%,613.1,-0.08%,610.4025,227033.857238,18.59%,2450401.0,2449274.0
JYNT,1125.0,0.2818%,8.68,-0.46%,8.6053,238867.789213,280.03%,400380.0,399255.0
CNXN,1124.0,0.0695%,63.67,-4.27%,64.4141,81657.621412,7.72%,1619133.0,1618009.0
FMG,1120.0,0.2647%,0.0,0.00%,0.0,0.0,0.00%,424297.0,423177.0
GYRE,1119.0,0.3025%,7.3,2.96%,7.2822,50362.47665,-15.94%,371077.0,369958.0
EH,1118.0,0.0765%,9.85,-3.53%,9.8093,756451.25714,37.00%,1462702.0,1461584.0
688498,1113.0,1.8656%,0.0,0.00%,0.0,0.0,0.00%,60772.0,59659.0
NODK,1112.0,0.4165%,13.68,2.32%,13.5571,29596.667882,-49.23%,268112.0,267000.0
SLND,1110.0,0.3579%,1.37,8.73%,1.3083,151957.750227,3.50%,311291.0,310181.0
CWY,1104.0,0.0837%,22.42,-1.60%,22.3805,1456.6447,-41.73%,1320690.0,1319586.0
KGF,1104.0,0.1635%,0.0,0.00%,0.0,0.0,0.00%,676291.0,675187.0
CPK,1101.0,0.0347%,126.15,0.47%,126.6557,163013.413405,42.33%,3174355.0,3173254.0
TKNO,1096.0,0.2478%,3.99,4.72%,3.966,77548.511959,20.02%,443349.0,442253.0
IBTA,1092.0,0.2682%,32.72,-1.24%,32.8265,678821.009396,181.24%,408264.0,407172.0
BXC,1091.0,0.3457%,48.68,-3.58%,49.0594,125096.286311,-18.74%,316679.0,315588.0
TRNS,1090.0,0.3139%,76.06,-0.59%,76.0754,120413.323186,-18.79%,348318.0,347228.0
GLUE,1088.0,0.0225%,19.11,-5.68%,19.2269,523146.722886,-49.83%,4838955.0,4837867.0
RDDT,1087.0,0.0387%,152.35,-4.49%,153.5266,4697707.899114,-7.48%,2808616.0,2807529.0
5301 JP,1084.0,0.1757%,0.0,0.00%,0.0,0.0,0.00%,617995.0,616911.0
RDVT,1083.0,0.2220%,47.29,0.83%,46.6684,130448.187233,-1.64%,488815.0,487732.0
TLC,1080.0,0.1714%,0.0,0.00%,0.0,0.0,0.00%,631023.0,629943.0
ASIC,1080.0,0.3766%,19.39,0.21%,19.3621,55899.122122,46.22%,287876.0,286796.0
6758,1080.0,0.1472%,0.0,0.00%,0.0,0.0,0.00%,734803.0,733723.0
XOMA,1072.0,0.3160%,41.75,0.60%,41.7861,83679.263663,-29.90%,340267.0,339195.0
MINT,1064.0,0.0615%,100.53,0.03%,100.5259,1234453.004517,10.63%,1731372.0,1730308.0
LAKE,1063.0,0.3618%,10.565,-1.72%,10.4301,95261.139332,-41.33%,294900.0,293837.0
LEGH,1063.0,0.3724%,22.23,-1.38%,22.1765,81866.87376,-27.30%,286476.0,285413.0
AIN,1061.0,0.0300%,61.73,0.50%,61.2642,238453.717395,-15.77%,3540390.0,3539329.0
MYFW,1059.0,0.3209%,29.06,0.31%,29.0067,47412.579194,95.38%,331035.0,329976.0
AZZ,1050.0,0.0270%,148.11,-0.36%,146.653,205396.580666,-44.40%,3886818.0,3885768.0
GRAL,1050.0,0.0379%,61.98,1.18%,61.3279,416360.859994,-29.30%,2770679.0,2769629.0
JILL,1049.0,0.4114%,11.81,-4.37%,11.9376,59735.284745,-35.95%,256048.0,254999.0
HBB,1048.0,0.4016%,18.67,-2.35%,18.7597,15632.42086,28.22%,261994.0,260946.0
FSBW,1048.0,0.3965%,39.97,0.03%,40.079,9918.1397,0.17%,265384.0,264336.0
000270,1048.0,0.7710%,0.0,0.00%,0.0,0.0,0.00%,136983.0,135935.0
012450 KS,1047.0,0.2305%,0.0,0.00%,0.0,0.0,0.00%,455235.0,454188.0
Z,1046.0,0.0297%,39.63,-2.00%,39.6737,4275430.936417,50.17%,3521091.0,3520045.0
ACR,1039.0,0.1130%,21.04,-4.15%,21.2963,16880.52273,-27.36%,920605.0,919566.0
LEGN,1037.0,0.0869%,28.26,10.48%,26.9152,5050543.151625,65.66%,1194709.0,1193672.0
ONIT,1037.0,0.3897%,37.25,-1.95%,37.4535,77232.872963,-15.83%,267114.0,266077.0
SCL,1036.0,0.0376%,51.1,-1.58%,51.1154,153018.692833,26.36%,2759681.0,2758645.0
ODC,1031.0,0.2741%,76.9,0.56%,76.7277,41995.994144,-2.10%,377168.0,376137.0
TNC,1030.0,0.0453%,82.27,-4.31%,82.9773,148849.592988,29.10%,2272471.0,2271441.0
GRFS,1028.0,0.0783%,7.56,-3.08%,7.608,757677.361965,-8.69%,1314305.0,1313277.0
ITT,1026.0,0.0168%,205.71,-0.54%,204.7551,644317.085427,-27.60%,6110480.0,6109454.0
USLM,1024.0,0.2009%,109.45,-0.29%,109.1796,73173.620113,-33.04%,510647.0,509623.0
CRMT,1024.0,0.3637%,12.43,-0.56%,12.3064,78216.021779,-13.42%,282540.0,281516.0
UPWK,1018.0,0.0063%,8.35,-5.17%,8.3712,6671508.894901,-1.99%,16085642.0,16084624.0
RUSHB,1016.0,0.2924%,65.94,-1.35%,66.0331,67123.62549,-54.46%,348427.0,347411.0
LMB,1015.0,0.2360%,72.32,-4.77%,73.2792,290122.158913,-60.76%,431062.0,430047.0
CARG,1015.0,0.0101%,31.57,-2.53%,31.6331,1397425.960822,-9.89%,10080447.0,10079432.0
AAMI,1012.0,0.0270%,70.53,-2.56%,70.7346,290451.488402,-45.14%,3753550.0,3752538.0
STRS,1010.0,0.3540%,29.64,0.20%,29.6233,20766.966734,-33.91%,286327.0,285317.0
TREE,1009.0,0.2089%,37.77,1.64%,37.6215,258019.322688,-30.14%,484113.0,483104.0
AUTO,1008.0,0.0408%,0.0,0.00%,0.0,0.0,0.00%,2471372.0,2470364.0
HBCP,1008.0,0.3637%,63.27,-1.28%,63.0606,106910.279,35.48%,278185.0,277177.0
ORG,1008.0,0.3747%,0.0,0.00%,0.0,0.0,0.00%,269990.0,268982.0
BVFL,1007.0,0.4026%,19.7,-0.71%,19.7799,6508.01,-45.92%,251162.0,250155.0
NHC,1006.0,0.0562%,189.47,-0.15%,189.0179,122666.608739,37.01%,1791476.0,1790470.0
SEG,1005.0,0.3975%,22.04,0.36%,21.9944,88019.898306,21.69%,253821.0,252816.0
CGON,1004.0,0.0256%,72.07,3.97%,71.506,1644646.065243,108.19%,3917569.0,3916565.0
BSET,1004.0,0.3842%,14.18,-0.77%,14.2759,23995.45416,35.04%,262351.0,261347.0
DSGR,1002.0,0.3057%,26.98,-1.10%,27.1077,67606.59612,50.72%,328777.0,327775.0
IBEX,1002.0,0.2531%,31.02,-4.76%,31.146,153623.950431,8.12%,396864.0,395862.0
PINS,1002.0,0.0023%,20.56,-0.96%,20.7558,15689267.15756,-2.69%,42985641.0,42984639.0
RCKY,1001.0,0.3432%,32.93,-4.83%,33.0064,73315.465317,63.63%,292685.0,291684.0
DAVE,1001.0,0.2571%,242.25,-2.87%,241.9054,507151.41016,6.66%,390354.0,389353.0
27,1000.0,0.4436%,0.0,0.00%,0.0,0.0,0.00%,226410.0,225410.0
1113,1000.0,0.0761%,0.0,0.00%,0.0,0.0,0.00%,1314622.0,1313622.0
868,1000.0,0.0920%,0.0,0.00%,0.0,0.0,0.00%,1088266.0,1087266.0
2344,1000.0,0.0322%,0.0,0.00%,0.0,0.0,0.00%,3111187.0,3110187.0
2388,1000.0,0.0282%,0.0,0.00%,0.0,0.0,0.00%,3553316.0,3552316.0
669,1000.0,0.2769%,0.0,0.00%,0.0,0.0,0.00%,362095.0,361095.0
9696 HK,1000.0,0.1896%,0.0,0.00%,0.0,0.0,0.00%,528400.0,527400.0
HESM,999.0,0.0626%,39.02,-0.43%,39.1004,2385351.73455,-8.77%,1597762.0,1596763.0
MDGL,999.0,0.1007%,510.26,2.66%,502.9494,235035.341162,-23.63%,993364.0,992365.0
MASI,998.0,0.0274%,178.55,0.03%,178.5455,823708.096994,-1.12%,3647001.0,3646003.0
SI,998.0,0.3054%,13.37,1.13%,13.2612,36388.924358,-38.46%,327770.0,326772.0
GHM,997.0,0.2301%,99.12,0.81%,96.4774,265974.739052,-36.00%,434202.0,433205.0
FC,996.0,0.2560%,21.44,-2.50%,21.4516,60934.000621,38.64%,390041.0,389045.0
4204,992.0,0.6390%,0.0,0.00%,0.0,0.0,0.00%,156231.0,155239.0
SUN,992.0,0.1596%,69.3,4.21%,68.4583,604629.137218,-59.88%,622570.0,621578.0
HLMA,988.0,0.2147%,0.0,0.00%,0.0,0.0,0.00%,461092.0,460104.0
OSPN,987.0,0.0327%,11.95,0.93%,11.9229,529713.852817,-7.15%,3020640.0,3019653.0
3407,984.0,0.2715%,0.0,0.00%,0.0,0.0,0.00%,363396.0,362412.0
CNM,984.0,0.0062%,47.5,-2.88%,48.1916,3561154.820777,137.07%,15802979.0,15801995.0
OVLY,981.0,0.3921%,33.01,-0.15%,32.8233,22201.7817,10.34%,251160.0,250179.0
ATCOB,976.0,1.0017%,0.0,0.00%,0.0,0.0,0.00%,98409.0,97433.0
RGCO,974.0,0.3678%,23.45,1.74%,23.4631,5913.97955,-28.94%,265773.0,264799.0
DGE,968.0,0.2898%,0.0,0.00%,0.0,0.0,0.00%,334998.0,334030.0
PKN,968.0,0.4281%,0.0,0.00%,0.0,0.0,0.00%,227108.0,226140.0
COSO,964.0,0.3258%,25.5,0.83%,25.4201,59014.519665,-21.19%,296818.0,295854.0
6273 JP,962.0,0.2808%,0.0,0.00%,0.0,0.0,0.00%,343522.0,342560.0
LE,961.0,0.2313%,11.01,-1.34%,11.0073,194077.612313,-13.48%,416483.0,415522.0
ACNT,960.0,0.3549%,13.76,1.70%,13.5897,90021.939141,1.13%,271490.0,270530.0
BWFG,959.0,0.3659%,50.66,-1.34%,50.6474,16854.6209,-34.77%,263043.0,262084.0
APOG,955.0,0.0338%,35.62,-1.66%,35.5715,137378.656151,4.69%,2830242.0,2829287.0
IVV,950.0,0.0858%,741.61,-0.15%,739.1217,4540999.942633,-14.67%,1107800.0,1106850.0
TWLO,944.0,0.0077%,192.78,-2.93%,193.4623,2974780.0799,50.15%,12306512.0,12305568.0
ULH,940.0,0.3910%,12.18,-3.03%,12.1935,102335.243389,-3.04%,241375.0,240435.0
RICK,940.0,0.3185%,23.84,-1.93%,23.8239,108017.292521,17.82%,296033.0,295093.0
KRRO,935.0,0.3821%,11.22,-2.09%,11.1466,118092.838018,-8.89%,245655.0,244720.0
AGM,935.0,0.2156%,178.4,0.82%,178.4789,82959.082436,-33.04%,434652.0,433717.0
RHLD,935.0,0.4614%,107.06,-2.67%,107.1664,197028.715635,-10.70%,203592.0,202657.0
TVRD,930.0,0.4372%,3.98,0.51%,4.0044,27435.02023,-54.34%,213646.0,212716.0
7984,928.0,0.8052%,0.0,0.00%,0.0,0.0,0.00%,116182.0,115254.0
INBK,928.0,0.3247%,24.47,-2.12%,24.4973,107741.340466,81.40%,286718.0,285790.0
IRMD,922.0,0.2580%,84.75,0.51%,84.1363,109683.734224,61.56%,358250.0,357328.0
SIA,920.0,0.1280%,0.0,0.00%,0.0,0.0,0.00%,719773.0,718853.0
UNF,919.0,0.0514%,256.8,1.76%,256.9805,354553.276396,139.80%,1790242.0,1789323.0
PGNY,916.0,0.0092%,23.45,3.99%,23.0612,2373183.861293,-18.33%,10008817.0,10007901.0
CSR,915.0,0.0417%,68.89,1.43%,68.3892,114894.264605,87.71%,2194881.0,2193966.0
WIX,915.0,0.2295%,75.88,-4.32%,76.3494,1577140.157832,1.53%,399606.0,398691.0
MCK,913.5200000004843,0.0130%,734.69,1.31%,733.7863,951695.647337,-43.80%,7013551.69,7012638.17
DOCS,910.0,0.0078%,26.45,0.72%,26.4155,3589051.30908,-14.40%,11638461.0,11637551.0
UNTY,910.0,0.3192%,52.2,-1.53%,52.1983,42648.254156,-8.17%,285979.0,285069.0
LFVN,910.0,0.2371%,5.15,0.19%,5.0526,163915.736992,-6.64%,384763.0,383853.0
FCEL,906.0,0.0485%,17.09,7.21%,16.139,16460368.92474,24.92%,1870458.0,1869552.0
ASH,905.0,0.0273%,56.72,4.88%,56.2014,1846578.92116,116.85%,3310369.0,3309464.0
1876,900.0,0.1270%,0.0,0.00%,0.0,0.0,0.00%,709392.0,708492.0
FXNC,898.0,0.3653%,27.0,-0.70%,26.9846,52406.338,-4.69%,246715.0,245817.0
TCX,898.0,0.3870%,14.78,0.82%,14.8469,13207.86845,-41.35%,232932.0,232034.0
4536,896.0,0.2468%,0.0,0.00%,0.0,0.0,0.00%,363999.0,363103.0
GMG,896.0,0.4027%,0.0,0.00%,0.0,0.0,0.00%,223402.0,222506.0
NETLINK,896.0,0.2777%,0.0,0.00%,0.0,0.0,0.00%,323567.0,322671.0
FINW,894.0,0.3043%,12.98,-2.92%,13.1257,20364.098589,23.24%,294699.0,293805.0
SSTI,888.0,0.2681%,6.69,-2.48%,6.7201,73422.448152,-60.48%,332152.0,331264.0
GLEN,888.0,0.0222%,0.0,0.00%,0.0,0.0,0.00%,4002246.0,4001358.0
LNSR,886.0,0.2653%,5.88,1.73%,5.8414,63387.05398,-26.74%,334785.0,333899.0
BROS,884.0,0.0094%,50.68,-0.88%,50.4706,4971644.300283,11.75%,9360910.0,9360026.0
GOGO,881.0,0.0089%,4.19,-0.48%,4.1632,1564731.99536,3.96%,9935031.0,9934150.0
CPG,880.0,0.2219%,0.0,0.00%,0.0,0.0,0.00%,397450.0,396570.0
6845,880.0,0.4955%,0.0,0.00%,0.0,0.0,0.00%,178466.0,177586.0
PSIX,879.0,0.2819%,38.0,-39.15%,39.31,5176437.179625,36.34%,312737.0,311858.0
SAFT,879.0,0.0468%,70.36,-0.69%,70.3837,92931.533235,-5.79%,1877686.0,1876807.0
NKSH,876.0,0.3979%,34.44,-4.25%,34.7607,35910.5843,-49.51%,221041.0,220165.0
IRWD,873.0,0.0073%,4.09,-1.92%,4.0515,1863760.074842,-17.81%,11961999.0,11961126.0
PLBC,873.0,0.4013%,51.51,0.51%,51.2627,27082.838351,32.05%,218401.0,217528.0
EVI,873.0,0.3948%,16.91,-12.20%,17.5524,82104.227306,-24.72%,222025.0,221152.0
CTEV,872.0,0.2462%,28.53,-3.78%,29.3805,140587.903475,-30.92%,355119.0,354247.0
ICL,872.0,0.3976%,6.38,-1.85%,6.3697,1562857.220527,-1.74%,220162.0,219290.0
SSTK,871.0,0.0270%,16.06,-3.08%,16.1483,246218.589314,2.69%,3223026.0,3222155.0
EBMT,871.0,0.3876%,22.43,-0.04%,22.3861,29133.578,-8.47%,225611.0,224740.0
AGX,868.0,0.0490%,681.01,-0.37%,668.7732,266011.545157,-30.24%,1773604.0,1772736.0
UFPI,867.0,0.0152%,82.27,-0.99%,82.4735,753667.745113,48.38%,5706275.0,5705408.0
SVRA,864.0,0.0085%,5.08,-0.78%,5.0965,725962.518577,-30.97%,10122044.0,10121180.0
SRBK,862.0,0.3685%,18.25,0.11%,18.2137,82995.4256,113.27%,234807.0,233945.0
KWR,862.0,0.0512%,139.95,-2.36%,140.3641,177616.721744,19.75%,1684779.0,1683917.0
GEL,861.0,0.0570%,15.8,0.06%,15.8046,520643.213318,22.85%,1512295.0,1511434.0
7267 JP,860.0,0.1829%,0.0,0.00%,0.0,0.0,0.00%,470938.0,470078.0
GWRS,857.0,0.2121%,6.97,0.14%,6.9562,93575.149731,-21.05%,404863.0,404006.0
MPACT,856.0,0.0285%,0.0,0.00%,0.0,0.0,0.00%,3000547.0,2999691.0
CHEF,855.0,0.0190%,80.0,-0.86%,80.0149,497127.54296,40.47%,4504016.0,4503161.0
GCBC,852.0,0.3389%,24.0,1.87%,23.9095,3882.25489,-40.34%,252277.0,251425.0
TEMN SW,850.0,0.3181%,0.0,0.00%,0.0,0.0,0.00%,268035.0,267185.0
IESC,849.0,0.2433%,685.48,0.05%,665.0557,143447.261779,-30.53%,349792.0,348943.0
CEN,848.0,0.1868%,0.0,0.00%,0.0,0.0,0.00%,454733.0,453885.0
RCAT,843.0,0.0075%,11.03,-1.96%,10.8674,9190909.992374,-9.89%,11296379.0,11295536.0
JOUT,841.0,0.3467%,43.46,-3.03%,43.8017,92167.11528,-41.14%,243416.0,242575.0
FRD,838.0,0.3923%,21.51,0.37%,21.028,106774.5367,612.72%,214432.0,213594.0
MDWD,835.0,0.2715%,16.13,-2.00%,16.2437,74244.0,0.28%,308426.0,307591.0
BETR,835.0,0.3702%,30.38,-2.16%,30.624,234739.341239,-53.32%,226391.0,225556.0
NEON,828.0,0.1895%,1.71,-2.29%,1.707,59128.411358,-41.46%,437850.0,437022.0
LNG,828.0,0.0178%,244.31,1.50%,244.5415,2130110.387957,0.57%,4663378.0,4662550.0
CVSA,827.0,0.0193%,128.48,-1.34%,128.1955,239675.750649,-46.93%,4275030.0,4274203.0
PRSU,826.0,0.0305%,41.67,0.19%,41.7275,258528.693045,6.40%,2705343.0,2704517.0
4507,824.0,0.4914%,0.0,0.00%,0.0,0.0,0.00%,168500.0,167676.0
MSGE,822.0,0.0558%,64.56,0.95%,64.8618,539923.344258,-17.89%,1474318.0,1473496.0
CSW,821.0,0.0414%,261.47,-4.60%,261.0545,197172.520039,39.24%,1985624.0,1984803.0
GOLF,821.0,0.0223%,84.79,-3.31%,85.6021,477419.606781,-24.47%,3687969.0,3687148.0
CAKE,819.0,0.0146%,60.75,-0.69%,60.6422,774602.888406,14.30%,5621789.0,5620970.0
ALVO,818.0,0.0900%,3.55,-1.11%,3.4585,377370.583348,-37.81%,910149.0,909331.0
PLNT,817.0,0.0128%,49.49,2.25%,50.1924,6090978.5386,14.41%,6374366.0,6373549.0
MPX,816.0,0.3056%,8.17,-3.77%,8.2638,89699.033573,245.12%,267804.0,266988.0
UWMC,814.0,0.0152%,3.25,-2.40%,3.2086,18636117.516611,-44.76%,5369665.0,5368851.0
CBK,813.0,0.0182%,28.54,-1.48%,28.4827,35907.925102,41.77%,4470246.0,4469433.0
BALY,810.0,0.2576%,11.7,-1.76%,11.8288,22324.5889,-28.86%,315231.0,314421.0
WEYS,808.0,0.3810%,33.17,-4.41%,33.5017,10511.9013,-39.38%,212883.0,212075.0
FUNC,808.0,0.3956%,36.97,-0.80%,37.0765,10956.8926,-44.57%,205044.0,204236.0
THRM,803.0,0.0192%,30.3,-0.62%,30.2982,147849.653664,13.90%,4180218.0,4179415.0
KOP,801.0,0.0309%,43.55,1.09%,43.2853,328539.755247,29.80%,2594188.0,2593387.0
2015 HK,800.0,0.0929%,0.0,0.00%,0.0,0.0,0.00%,862136.0,861336.0
TELIA,800.0,0.1026%,0.0,0.00%,0.0,0.0,0.00%,780252.0,779452.0
WKL NA,800.0,0.3140%,0.0,0.00%,0.0,0.0,0.00%,255606.0,254806.0
YELP,799.0,0.0108%,23.09,-8.66%,23.5244,1931482.915679,9.15%,7430306.0,7429507.0
MNSB,798.0,0.3609%,22.91,0.26%,22.8244,27222.292072,-21.90%,221901.0,221103.0
LBTYA,797.0,0.0174%,11.61,-3.73%,11.7163,1895891.859674,40.21%,4577317.0,4576520.0
AEYE,792.0,0.2684%,7.58,-1.43%,7.6738,324141.268627,215.50%,295851.0,295059.0
SKYW,789.0,0.0152%,85.11,-1.10%,84.7817,287485.497609,16.17%,5183850.0,5183061.0
FCCO,785.0,0.3482%,29.73,-0.23%,29.6649,50342.984919,1.03%,226202.0,225417.0
ROKU,784.0,0.0364%,127.63,-0.34%,126.7974,2156260.881803,-4.55%,2152725.0,2151941.0
STRW,780.0,0.2979%,13.09,1.47%,12.9385,9804.8983,-65.03%,262576.0,261796.0
CLMT,778.0,0.0144%,32.12,-0.62%,32.086,770427.773099,-39.25%,5414070.0,5413292.0
STLAM IM,778.0,0.1827%,0.0,0.00%,0.0,0.0,0.00%,426719.0,425941.0
ITGR,778.0,0.0174%,84.98,0.15%,85.1944,611232.168225,14.04%,4461653.0,4460875.0
BRK/B,778.0,0.0317%,0.0,0.00%,0.0,0.0,0.00%,2458025.0,2457247.0
UTL,777.0,0.0333%,50.78,0.06%,50.8758,87840.977192,-13.99%,2331065.0,2330288.0
KRT,773.0,0.2628%,27.2,0.70%,27.2555,72516.444381,-43.08%,294870.0,294097.0
SMG,772.0,0.0237%,59.57,-0.77%,59.4927,1036703.055132,-24.08%,3260351.0,3259579.0
PAMT,772.0,0.4216%,10.35,2.99%,10.3873,5378.719351,-63.46%,183883.0,183111.0
BPRN,771.0,0.3582%,34.34,-2.30%,34.6075,3894.707,-10.08%,215993.0,215222.0
ILMN,770.0,0.0059%,145.7,2.24%,144.8522,2839190.99333,37.58%,13069843.0,13069073.0
EXO,768.0,1.3445%,0.0,0.00%,0.0,0.0,0.00%,57890.0,57122.0
IMMP,767.0,0.1066%,0.4702,6.12%,0.4592,1242695.496553,76.09%,720458.0,719691.0
OSIS,764.0,0.0323%,227.41,-1.94%,227.1036,580000.559869,39.61%,2369012.0,2368248.0
WHG,764.0,0.3629%,16.2,-1.04%,16.3204,12110.3511,13.91%,211270.0,210506.0
CARL,764.0,0.3055%,9.83,1.76%,9.8021,163562.386566,109.54%,250811.0,250047.0
FHI,764.0,0.0128%,56.14,0.75%,55.8997,575616.034795,17.94%,5975347.0,5974583.0
EPAC,762.0,0.0116%,34.41,-1.63%,34.3519,386129.30522,-8.70%,6555643.0,6554881.0
CMPS,762.0,0.1059%,9.37,-2.90%,9.3972,1816151.49543,-26.80%,720095.0,719333.0
9735,760.0,0.3998%,0.0,0.00%,0.0,0.0,0.00%,190851.0,190091.0
6981,760.0,0.1400%,0.0,0.00%,0.0,0.0,0.00%,543612.0,542852.0
ALCO,759.0,0.3271%,41.17,1.28%,40.8998,32878.003,32.49%,232826.0,232067.0
UI,759.0,0.5670%,703.49,-4.75%,707.3232,194419.732172,-27.90%,134623.0,133864.0
MSEX,752.0,0.0322%,51.93,0.19%,52.2642,140808.659131,63.66%,2335778.0,2335026.0
SHAK,751.0,0.0157%,66.03,2.37%,66.3052,3124178.083582,-51.50%,4795180.0,4794429.0
MIRM,750.0,0.0256%,106.88,0.67%,105.4504,662806.325424,25.41%,2925203.0,2924453.0
FOA,748.0,0.4174%,19.91,-0.15%,19.9799,61208.6227,38.64%,179964.0,179216.0
GOCO,746.0,0.3351%,0.8625,-4.08%,0.8826,50684.271382,-21.49%,223361.0,222615.0
EML,741.0,0.3991%,22.32,1.59%,21.9084,8432.086525,16.69%,186422.0,185681.0
RRBI,737.0,0.3640%,89.78,0.79%,89.269,37676.399526,-48.87%,203184.0,202447.0
PATK,736.0,0.0174%,94.35,-0.68%,94.6522,435558.437284,-26.59%,4228892.0,4228156.0
9880,736.0,0.8808%,0.0,0.00%,0.0,0.0,0.00%,84297.0,83561.0
SKIL,734.0,0.3715%,7.69,-0.52%,7.7597,86888.081347,-14.77%,198299.0,197565.0
BRKR,733.0,0.0082%,44.73,3.37%,44.2745,1917312.297464,-31.01%,8917762.0,8917029.0
PRMB,731.0,0.0227%,23.4,-0.93%,23.2963,3830122.875427,-35.69%,3227485.0,3226754.0
RPT,727.0,0.3546%,14.8,0.68%,14.8301,18026.2622,10.46%,205775.0,205048.0
PMTS,726.0,0.2744%,15.83,3.53%,15.6933,49483.943074,-25.89%,265280.0,264554.0
6479,720.0,0.6168%,0.0,0.00%,0.0,0.0,0.00%,117447.0,116727.0
6506,720.0,1.0141%,0.0,0.00%,0.0,0.0,0.00%,71722.0,71002.0
005935,720.0,1.2310%,0.0,0.00%,0.0,0.0,0.00%,59208.0,58488.0
ENVA,717.0,0.0225%,166.88,-1.20%,167.2413,151109.996676,-37.19%,3189716.0,3188999.0
HSTM,714.0,0.0222%,23.36,1.04%,23.3719,300935.431553,-7.00%,3221733.0,3221019.0
CAVA,714.0,0.0097%,77.18,-3.51%,77.5411,3558030.288264,-4.19%,7354525.0,7353811.0
RMBI,713.0,0.3230%,14.54,-0.48%,14.5615,30382.5332,-7.91%,221442.0,220729.0
NOKIA,712.0,0.0585%,0.0,0.00%,0.0,0.0,0.00%,1218160.0,1217448.0
LMAT,711.0,0.0271%,97.22,-4.35%,98.6212,626486.119184,52.59%,2626656.0,2625945.0
ADUS,710.0,0.0313%,98.49,0.72%,97.8594,189733.223601,-54.18%,2272016.0,2271306.0
FDBC,710.0,0.4053%,45.28,0.60%,45.3429,4021.891806,61.87%,175874.0,175164.0
MLP,708.0,0.2872%,15.14,-1.37%,15.2084,8802.09616,32.49%,247222.0,246514.0
FELE,707.0,0.0130%,97.83,-1.19%,97.9476,173975.616954,-37.35%,5427802.0,5427095.0
PBF,704.0,0.0066%,42.43,-0.21%,42.5988,2436577.216619,-22.04%,10599383.0,10598679.0
AENA,704.0,0.2989%,0.0,0.00%,0.0,0.0,0.00%,236252.0,235548.0
DXPE,703.0,0.0430%,143.79,-3.59%,143.2643,181511.88837,-26.17%,1637331.0,1636628.0
6861,702.0,1.1167%,0.0,0.00%,0.0,0.0,0.00%,63563.0,62861.0
8766,696.0,0.1346%,0.0,0.00%,0.0,0.0,0.00%,517960.0,517264.0
126340 KS,696.0,0.9785%,0.0,0.00%,0.0,0.0,0.00%,71826.0,71130.0
QGEN,693.0,0.0290%,33.7,3.28%,33.6672,3286154.856159,79.31%,2390537.38,2389844.38
DRUG,692.0,0.2850%,84.65,-2.20%,84.9959,126789.387679,-14.91%,243476.0,242784.0
SNWV,691.0,0.2733%,16.04,0.25%,16.1543,158161.358677,94.81%,253484.0,252793.0
AA,690.0,0.0028%,67.62,3.49%,66.0527,5100909.284838,-25.83%,24509398.0,24508708.0
TRYG,688.0,0.4368%,0.0,0.00%,0.0,0.0,0.00%,158209.0,157521.0
INVA,684.0,0.0068%,22.74,0.98%,22.7551,582017.77925,-27.34%,10048384.0,10047700.0
ATLN,681.0,0.2774%,1.6,2.56%,1.624,338452.577734,11.44%,246167.0,245486.0
7203,680.0,0.0372%,0.0,0.00%,0.0,0.0,0.00%,1827156.0,1826476.0
8113,680.0,0.3651%,0.0,0.00%,0.0,0.0,0.00%,186936.0,186256.0
QAN,680.0,0.6607%,0.0,0.00%,0.0,0.0,0.00%,103594.0,102914.0
PK,678.0,0.0039%,10.97,-0.54%,11.0017,4040035.242756,1.41%,17289038.0,17288360.0
6258 JP,676.0,0.2805%,0.0,0.00%,0.0,0.0,0.00%,241679.0,241003.0
PEBK,676.0,0.4170%,40.09,0.43%,39.7357,30825.8577,7.37%,162797.0,162121.0
LLYVK,673.0,0.1069%,96.93,1.41%,97.1597,268648.396086,-28.50%,630418.0,629745.0
RMV,672.0,0.9341%,0.0,0.00%,0.0,0.0,0.00%,72615.0,71943.0
TCL,672.0,0.1068%,0.0,0.00%,0.0,0.0,0.00%,629706.0,629034.0
VABK,671.0,0.3689%,42.73,0.87%,42.6504,4259.6916,-30.58%,182554.0,181883.0
GEFB,670.0,0.3514%,0.0,0.00%,0.0,0.0,0.00%,191330.0,190660.0
SENEA,670.0,0.3400%,139.85,0.67%,139.4104,102507.944237,20.71%,197733.0,197063.0
EPR,669.0,0.0089%,58.3,-0.78%,58.1759,814997.506285,-15.39%,7506972.0,7506303.0
SBFG,667.0,0.3771%,22.48,0.63%,22.3431,5187.5687,-21.80%,177555.0,176888.0
ACTU,666.0,0.2358%,2.89,-2.86%,2.9503,122574.148004,-82.18%,283056.0,282390.0
CTRN,665.0,0.3201%,43.43,-1.92%,44.02,163175.515153,1.52%,208416.0,207751.0
2331,664.0,0.0336%,0.0,0.00%,0.0,0.0,0.00%,1977927.0,1977263.0
VSOL,663.0,1.7885%,12.6,-3.15%,12.5741,19188.7426,-64.57%,37733.0,37070.0
DLTR,662.0300000011921,0.0053%,89.05,-1.08%,89.2143,4991382.813767,-1.92%,12565190.05,12564528.02
KRUS,661.0,0.2674%,52.73,-5.70%,53.213,281998.375768,0.79%,247811.0,247150.0
BCPC,661.0,0.0166%,159.47,0.34%,159.3711,176587.25648,9.75%,3993750.0,3993089.0
CZFS,658.0,0.3909%,63.13,-0.06%,63.3272,3011.8566,-30.20%,168968.0,168310.0
MTD,654.9199999999255,0.0557%,1072.45,-0.56%,1076.9592,197637.774833,-37.60%,1176810.45,1176155.53
CSPI,654.0,0.2778%,9.16,1.10%,9.2986,15104.410597,18.36%,236035.0,235381.0
AGIO,653.0,0.0141%,28.42,1.54%,28.2749,766918.512956,-3.45%,4631527.0,4630874.0
BSVN,653.0,0.4002%,42.24,-1.24%,42.4259,7848.5481,-34.42%,163825.0,163172.0
FEIM,652.0,0.2544%,60.3,-5.94%,59.8312,236134.126568,22.28%,256959.0,256307.0
DORM,650.0,0.0191%,119.52,-1.23%,119.6177,250756.546939,-4.34%,3398300.0,3397650.0
285A,648.0,0.2858%,0.0,0.00%,0.0,0.0,0.00%,227378.0,226730.0
ZLAB,648.0,0.1022%,19.53,-0.31%,19.5195,464973.020418,-52.76%,634852.0,634204.0
SEAT,648.0,0.3929%,8.68,2.00%,8.6753,115313.01689,20.29%,165595.0,164947.0
VCTR,642.0,0.0108%,87.07,1.44%,86.5799,618838.900431,6.37%,5950830.0,5950188.0
TZOO,642.0,0.2871%,8.97,2.75%,8.854,116915.756718,-49.37%,224295.0,223653.0
RYA,640.0,0.2600%,0.0,0.00%,0.0,0.0,0.00%,246768.0,246128.0
7269,640.0,0.1657%,0.0,0.00%,0.0,0.0,0.00%,386826.0,386186.0
OXM,638.0,0.0336%,41.59,-4.81%,41.8344,289535.731699,12.51%,1898442.0,1897804.0
CFBK,637.0,0.3934%,26.94,0.67%,26.8625,26873.8625,-14.77%,162540.0,161903.0
HWBK,632.0,0.3724%,36.28,-0.14%,36.4104,6011.1255,-25.88%,170363.0,169731.0
5463,632.0,0.8825%,0.0,0.00%,0.0,0.0,0.00%,72247.0,71615.0
BNTX,632.0,0.0772%,93.66,0.34%,93.6467,384823.795749,-40.59%,819080.0,818448.0
INDUA,632.0,0.5193%,0.0,0.00%,0.0,0.0,0.00%,122327.0,121695.0
TIGO,627.0,0.0380%,80.13,2.08%,78.4652,2706518.354563,53.21%,1650333.0,1649706.0
4578,624.0,0.5705%,0.0,0.00%,0.0,0.0,0.00%,110008.0,109384.0
CRBU,623.0,0.0810%,2.03,0.00%,2.0285,1762455.936514,-6.81%,769587.0,768964.0
SIRI,621.0,0.0242%,26.16,-2.33%,26.2703,3375741.120272,-11.64%,2565606.0,2564985.0
XZO,621.0,0.2994%,13.76,-4.24%,13.768,295467.973393,33.61%,208024.0,207403.0
GLSI,618.0,0.2778%,24.71,2.40%,24.3989,96464.680367,-63.55%,223108.0,222490.0
CENT,618.0,0.0575%,38.25,1.30%,38.2904,70582.401926,53.01%,1075121.0,1074503.0
LLOY,616.0,0.0013%,0.0,0.00%,0.0,0.0,0.00%,47750917.0,47750301.0
CP,616.0,0.4501%,85.82,1.24%,85.535,2618909.449216,-5.20%,137464.0,136848.0
SNDA,615.0,0.3157%,37.12,0.43%,37.357,667690.710401,-31.71%,195450.0,194835.0
288620 KS,610.0,0.9768%,0.0,0.00%,0.0,0.0,0.00%,63060.0,62450.0
OPRA,609.0,1.3224%,18.08,-0.93%,17.9429,364600.362801,-11.98%,46660.0,46051.0
HQI,603.0,0.3792%,11.39,-2.32%,11.6393,27973.964,350.47%,159623.0,159020.0
LECO,601.0,0.0122%,266.13,-1.88%,267.0166,305270.956788,11.12%,4919927.0,4919326.0
CRAI,601.0,0.2197%,140.65,-3.93%,144.2409,195152.196059,-26.75%,274177.0,273576.0
STRT,601.0,0.3270%,62.76,-2.17%,62.3128,104767.867406,-63.08%,184398.0,183797.0
1929,600.0,0.0370%,0.0,0.00%,0.0,0.0,0.00%,1623497.0,1622897.0
2801,600.0,0.0089%,0.0,0.00%,0.0,0.0,0.00%,6730645.0,6730045.0
CTEC,600.0,0.3135%,70.5677,-3.01%,70.3566,3728.765184,-40.19%,191980.0,191380.0
CABA,596.0,0.0522%,3.63,-4.97%,3.6499,4022451.157072,-24.19%,1143348.0,1142752.0
WLK,593.0,0.0215%,96.54,-1.05%,97.7144,1018518.265039,-32.06%,2754135.0,2753542.0
ELMD,590.0,0.2578%,27.2,4.90%,27.2188,68374.495004,42.89%,229465.0,228875.0
USAC,588.0,0.0645%,29.22,6.53%,28.8819,253062.391974,14.97%,912693.0,912105.0
ADRO,587.0,0.0025%,0.0,0.00%,0.0,0.0,0.00%,23463180.0,23462593.0
ATLC,586.0,0.0448%,77.6,-4.03%,76.6113,73347.339835,-18.12%,1309652.0,1309066.0
BAH,585.0,0.0059%,75.43,0.64%,76.3631,2448627.165631,69.84%,9901840.0,9901255.0
HSX,584.0,1.1832%,0.0,0.00%,0.0,0.0,0.00%,49940.0,49356.0
BEZ,584.0,0.5980%,2.13,2.40%,2.1931,5500529.545089,-26.20%,98238.0,97654.0
ECBK,583.0,0.3158%,18.15,-0.82%,18.2895,4924.0,-16.44%,185188.0,184605.0
CBRL,580.0,0.0191%,29.74,-5.20%,30.0403,928728.914376,0.34%,3037809.0,3037229.0
SN/,576.0,0.3923%,0.0,0.00%,0.0,0.0,0.00%,147420.0,146844.0
ESSITYB,576.0,0.2346%,0.0,0.00%,0.0,0.0,0.00%,246063.0,245487.0
ML,576.0,0.3190%,0.0,0.00%,0.0,0.0,0.00%,181165.0,180589.0
ICUI,576.0,0.0191%,123.23,-1.16%,123.5421,301865.83549,-25.13%,3022290.0,3021714.0
6902 JP,574.0,0.1262%,0.0,0.00%,0.0,0.0,0.00%,455287.0,454713.0
JMAT LN,574.0,0.4005%,0.0,0.00%,0.0,0.0,0.00%,143911.0,143337.0
OLMA,570.0,0.0097%,13.97,-5.99%,13.626,2623222.117552,100.80%,5876711.0,5876141.0
FRAF,569.0,0.3868%,56.1,0.25%,55.7785,17892.9563,-17.56%,147658.0,147089.0
NHY,568.0,0.1736%,0.0,0.00%,0.0,0.0,0.00%,327796.0,327228.0
028050,568.0,0.6417%,0.0,0.00%,0.0,0.0,0.00%,89081.0,88513.0
NAMS,565.0,0.0994%,38.89,-1.77%,39.0862,2148911.077867,-32.06%,568841.0,568276.0
AMSF,565.0,0.0234%,30.31,0.17%,30.4195,239530.13463,21.29%,2410457.0,2409892.0
MEDP,565.0,0.0237%,419.75,0.59%,418.7407,363540.011076,-10.27%,2389459.0,2388894.0
MYRG,564.0,0.0263%,455.27,-0.69%,452.0581,274356.030738,3.03%,2140991.0,2140427.0
CNTN,564.0,1.7905%,3.27,2.51%,3.2591,323403.914823,-58.56%,32064.0,31500.0
NBP,561.0,0.0910%,2.06,-1.90%,2.0558,502256.79713,-36.64%,617380.0,616819.0
9503,560.0,0.2486%,0.0,0.00%,0.0,0.0,0.00%,225865.0,225305.0
MKS,560.0,0.1762%,0.0,0.00%,0.0,0.0,0.00%,318470.0,317910.0
ONC,558.0,0.0977%,315.07,1.39%,314.3993,268363.294014,-22.60%,571685.0,571127.0
035250,552.0,0.9770%,0.0,0.00%,0.0,0.0,0.00%,57053.0,56501.0
MBLY,551.0,0.0450%,9.23,-0.11%,9.1515,5086810.13533,-25.16%,1223782.0,1223231.0
CNTA,549.0,0.1053%,39.61,0.05%,39.6087,1524360.393246,56.40%,521728.0,521179.0
CELC,548.0,0.0249%,124.68,-0.76%,123.9964,1175749.792945,24.20%,2200092.0,2199544.0
SXI,545.0,0.0348%,255.01,-1.92%,253.1344,147635.708435,-13.65%,1567625.0,1567080.0
4732,544.0,0.1949%,0.0,0.00%,0.0,0.0,0.00%,279688.0,279144.0
QUB,544.0,0.2837%,0.0,0.00%,0.0,0.0,0.00%,192325.0,191781.0
STOK,538.0,0.0154%,32.49,-0.46%,32.2251,297929.873866,-35.38%,3504192.0,3503654.0
382900 KS,538.0,0.9791%,0.0,0.00%,0.0,0.0,0.00%,55488.0,54950.0
NC,537.0,0.4034%,49.32,-1.38%,50.0262,12644.323626,53.26%,133649.0,133112.0
CHMG,536.0,0.3891%,65.59,-2.22%,66.7726,77586.93864,83.62%,138281.0,137745.0
6723 JP,536.0,0.1668%,0.0,0.00%,0.0,0.0,0.00%,321890.0,321354.0
7164,536.0,1.0722%,0.0,0.00%,0.0,0.0,0.00%,50526.0,49990.0
EFSI,536.0,0.3939%,37.1,-0.70%,37.2458,5457.0,-30.29%,136627.0,136091.0
4768,536.0,0.4212%,0.0,0.00%,0.0,0.0,0.00%,127786.0,127250.0
FLXS,536.0,0.4068%,55.44,-0.34%,55.0298,48521.484058,30.23%,132292.0,131756.0
PXED,534.0,0.3285%,31.0,2.51%,30.6639,43659.605507,-33.27%,163102.0,162568.0
LARK,532.0,0.3807%,28.06,0.72%,28.0568,2168.1408,-47.69%,140285.0,139753.0
ADV,532.0,0.3602%,34.93,-2.54%,35.5435,72154.408616,14.92%,148234.0,147702.0
059090 KS,532.0,0.9762%,0.0,0.00%,0.0,0.0,0.00%,55029.0,54497.0
079550 KS,532.0,0.3180%,0.0,0.00%,0.0,0.0,0.00%,167815.0,167283.0
TIH,531.0,0.3007%,0.0,0.00%,0.0,0.0,0.00%,177121.0,176590.0
1802,528.0,0.1037%,0.0,0.00%,0.0,0.0,0.00%,509876.0,509348.0
BARK,528.0,0.2911%,8.81,4.01%,8.7937,46250.095545,11.05%,181887.0,181359.0
047040,524.0,0.7466%,0.0,0.00%,0.0,0.0,0.00%,70706.0,70182.0
PSON,520.0,0.4344%,0.0,0.00%,0.0,0.0,0.00%,120231.0,119711.0
6301,520.0,0.2313%,0.0,0.00%,0.0,0.0,0.00%,225322.0,224802.0
032640,520.0,0.4981%,0.0,0.00%,0.0,0.0,0.00%,104924.0,104404.0
SGE,520.0,0.0786%,0.0,0.00%,0.0,0.0,0.00%,661905.0,661385.0
6104 JP,520.0,0.2805%,0.0,0.00%,0.0,0.0,0.00%,185912.0,185392.0
BVI,520.0,0.8554%,0.0,0.00%,0.0,0.0,0.00%,61310.0,60790.0
IFC,518.0,1.1368%,0.0,0.00%,0.0,0.0,0.00%,46083.0,45565.0
MS,516.7800000011921,0.0005%,191.88,0.41%,190.5097,5333288.500674,1.15%,111870903.88,111870387.1
AS,514.0,0.0316%,33.56,-2.72%,33.4763,4077085.700405,-32.83%,1624784.0,1624270.0
LBRDK,514.0,0.0242%,34.51,0.12%,34.5515,1080023.551883,-48.29%,2123024.0,2122510.0
9533,512.0,0.1778%,0.0,0.00%,0.0,0.0,0.00%,288478.0,287966.0
OVBC,506.0,0.4021%,45.64,-1.02%,45.7853,13516.80422,-35.67%,126350.0,125844.0
AAON,506.0,0.0100%,133.66,-5.67%,131.8573,1751784.388229,25.20%,5062938.0,5062432.0
MCW,506.0,0.0042%,7.07,0.71%,7.0511,10455381.162722,186.12%,12099852.0,12099346.0
AVBP,505.0,0.0233%,28.97,-0.17%,28.7456,412581.342789,52.11%,2167961.0,2167456.0
6113,504.0,0.5614%,0.0,0.00%,0.0,0.0,0.00%,90272.0,89768.0
TTEK,504.0,0.0023%,28.71,-2.97%,28.912,3546549.778503,29.78%,21742342.0,21741838.0
6526,504.0,0.7756%,0.0,0.00%,0.0,0.0,0.00%,65485.0,64981.0
7733,504.0,0.2968%,0.0,0.00%,0.0,0.0,0.00%,170316.0,169812.0
551,500.0,0.1608%,0.0,0.00%,0.0,0.0,0.00%,311520.0,311020.0
303,500.0,0.7524%,0.0,0.00%,0.0,0.0,0.00%,66955.0,66455.0
NUTX,500.0,0.2643%,135.48,1.96%,133.9149,94490.174748,-31.21%,189693.0,189193.0
1038,500.0,0.1776%,0.0,0.00%,0.0,0.0,0.00%,282052.0,281552.0
16,500.0,0.0388%,0.0,0.00%,0.0,0.0,0.00%,1288229.0,1287729.0
HNVR,499.0,0.3722%,22.79,-0.52%,22.8654,18747.8646,41.48%,134558.0,134059.0
LWAY,495.0,0.2762%,25.36,1.64%,25.2376,40904.197159,-8.09%,179742.0,179247.0
SDGR,494.0,0.0071%,12.69,-0.24%,12.6807,1020409.92102,-48.42%,6913113.0,6912619.0
MCY,492.0,0.0113%,101.72,2.70%,100.7187,313300.293305,26.95%,4366089.0,4365597.0
ACIU,489.0,0.1054%,2.77,-2.12%,2.7589,446352.448835,43.91%,464452.0,463963.0
ASSAB,488.0,0.2593%,0.0,0.00%,0.0,0.0,0.00%,188718.0,188230.0
1605,488.0,0.0155%,0.0,0.00%,0.0,0.0,0.00%,3140402.0,3139914.0
MESO,484.0,0.1061%,14.44,-0.48%,14.4164,144672.883424,3.89%,456866.0,456382.0
CBFV,483.0,0.2867%,35.04,-0.11%,35.2398,2126.0,-32.26%,168959.0,168476.0
TXRH,482.0,0.0086%,183.57,0.02%,183.6349,1355878.272528,-40.10%,5599431.0,5598949.0
7832,480.0,0.3020%,0.0,0.00%,0.0,0.0,0.00%,159428.0,158948.0
MLAB,480.0,0.2393%,103.69,0.78%,102.8342,78387.09986,-45.20%,201071.0,200591.0
TSHA,476.0,0.0028%,6.85,0.44%,6.8183,1636803.397727,-7.53%,16824553.0,16824077.0
6702,472.0,0.1677%,0.0,0.00%,0.0,0.0,0.00%,281881.0,281409.0
CMPX,472.0,0.0054%,1.87,2.19%,1.8516,5213525.074424,-10.30%,8821819.0,8821347.0
TWE,472.0,0.3170%,0.0,0.00%,0.0,0.0,0.00%,149391.0,148919.0
4114,472.0,0.1367%,0.0,0.00%,0.0,0.0,0.00%,345844.0,345372.0
KNEBV,472.0,0.3257%,0.0,0.00%,0.0,0.0,0.00%,145394.0,144922.0
6526 JP,472.0,0.1831%,0.0,0.00%,0.0,0.0,0.00%,258321.0,257849.0
GHC,471.0,0.1471%,1109.92,0.53%,1108.0789,15864.941739,12.40%,320576.0,320105.0
PEPG,469.0,0.0862%,1.68,-1.18%,1.6777,903405.216816,48.47%,544783.0,544314.0
NG/,464.0,0.0553%,0.0,0.00%,0.0,0.0,0.00%,839898.0,839434.0
KOD,464.0,0.0128%,39.49,-0.90%,38.8472,407292.726882,-67.72%,3621744.0,3621280.0
9502,464.0,0.2113%,0.0,0.00%,0.0,0.0,0.00%,220108.0,219644.0
SAND,464.0,0.0672%,0.0,0.00%,0.0,0.0,0.00%,691216.0,690752.0
4042,464.0,0.4653%,0.0,0.00%,0.0,0.0,0.00%,100190.0,99726.0
BFAM,462.0,0.0577%,69.12,0.64%,69.3481,2092182.398442,34.59%,801604.0,801142.0
MRL,456.0,0.0601%,0.0,0.00%,0.0,0.0,0.00%,758765.0,758309.0
HOLN,456.0,0.1344%,0.0,0.00%,0.0,0.0,0.00%,339699.0,339243.0
4452,456.0,0.3349%,0.0,0.00%,0.0,0.0,0.00%,136599.0,136143.0
TEF,456.0,0.0311%,0.0,0.00%,0.0,0.0,0.00%,1464800.0,1464344.0
6762,448.0,0.1607%,0.0,0.00%,0.0,0.0,0.00%,279268.0,278820.0
CCCC,448.0,0.0436%,3.17,0.00%,3.1209,2314868.689493,-22.56%,1027052.0,1026604.0
8002,448.0,0.0288%,0.0,0.00%,0.0,0.0,0.00%,1557583.0,1557135.0
LRN,447.0,0.0086%,87.42,0.09%,87.0273,1285645.680654,41.94%,5209922.0,5209475.0
FOUR,442.0,0.0077%,40.78,-1.66%,40.5875,1965592.411063,-5.32%,5726729.0,5726287.0
3088,440.0,0.3467%,0.0,0.00%,0.0,0.0,0.00%,127357.0,126917.0
7459,440.0,0.3067%,0.0,0.00%,0.0,0.0,0.00%,143889.0,143449.0
SAE,440.0,0.8740%,0.0,0.00%,0.0,0.0,0.00%,50786.0,50346.0
HWDN,440.0,0.4553%,0.0,0.00%,0.0,0.0,0.00%,97085.0,96645.0
7951,440.0,0.1045%,0.0,0.00%,0.0,0.0,0.00%,421466.0,421026.0
MNPR,438.0,0.2623%,61.35,-6.36%,62.7359,152272.491703,-8.57%,167419.0,166981.0
FCAP,436.0,0.4032%,57.31,1.27%,56.7602,2448.01255,48.44%,108578.0,108142.0
ETHV,435.0,1.7901%,33.38,-2.37%,33.2489,83037.777636,-17.83%,24735.0,24300.0
QNTM LN,435.0,1.7845%,0.0,0.00%,0.0,0.0,0.00%,24812.0,24377.0
6417,432.0,0.4815%,0.0,0.00%,0.0,0.0,0.00%,90158.0,89726.0
NTRA,432.0,0.0102%,204.21,2.55%,203.3582,1566971.606674,-23.26%,4242353.0,4241921.0
NTGY,432.0,0.3849%,0.0,0.00%,0.0,0.0,0.00%,112683.0,112251.0
VIE,432.0,0.0978%,0.0,0.00%,0.0,0.0,0.00%,442031.0,441599.0
ELE,432.0,0.1356%,20.13,0.00%,19.8169,229797.563213,-30.63%,318928.0,318496.0
MBIN,430.0,0.0073%,45.69,-0.22%,45.5909,116997.789421,5.48%,5915727.0,5915297.0
GGG,427.0,0.0029%,77.06,-0.43%,77.2188,2004251.46362,30.31%,14815713.0,14815286.0
HVN,424.0,0.3593%,0.0,0.00%,0.0,0.0,0.00%,118437.0,118013.0
9301,424.0,0.5150%,0.0,0.00%,0.0,0.0,0.00%,82756.0,82332.0
2269,424.0,0.0344%,0.0,0.00%,0.0,0.0,0.00%,1231555.0,1231131.0
6592,424.0,0.2317%,0.0,0.00%,0.0,0.0,0.00%,183450.0,183026.0
RGEN,421.0,0.0103%,113.6,-1.99%,115.5303,1488694.12592,15.96%,4077785.0,4077364.0
ALX,421.0,0.0522%,233.13,-1.51%,234.5116,45053.316789,23.96%,806644.0,806223.0
FRVIA FP,420.0,0.1832%,0.0,0.00%,0.0,0.0,0.00%,229690.0,229270.0
TEN,416.0,0.4085%,43.31,-0.30%,43.1058,164218.04317,-18.78%,102260.0,101844.0
RR/,416.0,0.0057%,0.0,0.00%,0.0,0.0,0.00%,7352154.0,7351738.0
VMS,416.0,0.5636%,0.0,0.00%,0.0,0.0,0.00%,74228.0,73812.0
277810 KS,416.0,0.2886%,0.0,0.00%,0.0,0.0,0.00%,144581.0,144165.0
WH,408.0,0.0072%,81.82,-0.29%,82.0095,1012764.947223,-6.57%,5697847.0,5697439.0
IIIN,408.0,0.0159%,26.26,-2.74%,26.2581,158080.654266,-18.88%,2572570.0,2572162.0
IG,408.0,0.4193%,20.56,-0.36%,20.5658,45092.3138,-53.57%,97717.0,97309.0
IMRX,405.0,0.0781%,5.18,-0.38%,5.1356,536777.06395,-3.80%,518906.0,518501.0
VHI,405.0,0.4316%,14.16,-2.55%,14.2407,2468.059502,-75.89%,94245.0,93840.0
CFFI,404.0,0.3945%,72.17,-1.61%,73.259,2908.87345,-11.49%,102822.0,102418.0
WD,404.0,0.0092%,55.18,2.55%,54.5644,580233.663118,29.38%,4382373.0,4381969.0
GPCR,403.0,0.0945%,37.84,-1.25%,37.8984,556848.259222,-19.86%,426852.0,426449.0
ACU,402.0,0.3874%,41.1,-1.20%,41.4878,7595.851374,-24.13%,104177.0,103775.0
BEP,402.0,0.0457%,34.3,-0.38%,34.1159,257948.030456,-25.01%,879310.0,878908.0
OCBC,400.0,0.0398%,0.0,0.00%,0.0,0.0,0.00%,1005085.0,1004685.0
ALSN,394.0,0.0300%,119.8,-3.17%,119.6336,807274.643438,15.84%,1311873.0,1311479.0
RBKB,394.0,0.3380%,16.15,0.56%,16.1228,75823.0,895.86%,116950.0,116556.0
6098,392.0,0.0163%,0.0,0.00%,0.0,0.0,0.00%,2402324.0,2401932.0
HCI,390.0,0.0270%,153.21,2.84%,150.9233,329905.474777,8.51%,1446887.0,1446497.0
STVN,390.0,0.0811%,18.24,-0.22%,18.2733,565267.244938,25.28%,481348.0,480958.0
CCOI,388.0,0.0065%,16.11,-1.77%,16.198,894406.995471,-16.62%,5952662.0,5952274.0
ABVX,387.0,0.1055%,121.39,-0.61%,121.8284,734498.015567,8.32%,367048.0,366661.0
WLFC,386.0,0.3619%,214.5,-0.84%,213.573,47502.328681,-35.24%,107037.0,106651.0
ALG,385.0,0.0265%,151.63,-2.05%,152.0244,238040.109821,-33.24%,1451095.0,1450710.0
WIL,384.0,0.0345%,0.0,0.00%,0.0,0.0,0.00%,1114215.0,1113831.0
9602,384.0,0.5343%,0.0,0.00%,0.0,0.0,0.00%,72254.0,71870.0
7259,384.0,0.0731%,0.0,0.00%,0.0,0.0,0.00%,525398.0,525014.0
PPHC,381.0,0.3116%,12.97,-3.93%,13.1352,106343.1,121.26%,122661.0,122280.0
FERG,377.0,0.0109%,238.1,-2.41%,238.4168,1582729.270301,-2.99%,3450064.0,3449687.0
SMIN,376.0,0.2383%,65.77,-2.22%,65.6895,77845.138425,-39.64%,158191.0,157815.0
RNG,373.0,0.0041%,41.87,-6.16%,42.3157,2199596.035837,-13.93%,9024767.0,9024394.0
VGAS,369.0,0.3150%,1.68,-0.59%,1.6964,12530.5,-55.04%,117523.0,117154.0
5393,368.0,0.7038%,0.0,0.00%,0.0,0.0,0.00%,52652.0,52284.0
4661,368.0,0.5066%,0.0,0.00%,0.0,0.0,0.00%,73003.0,72635.0
1414,368.0,0.7623%,0.0,0.00%,0.0,0.0,0.00%,48641.0,48273.0
SNCY,366.0,0.0054%,16.17,-1.52%,16.1036,2100283.936443,380.37%,6763807.0,6763441.0
FNWD,366.0,0.3655%,31.55,-0.60%,31.534,17854.1816,96.77%,100501.0,100135.0
ENGI,360.0,0.0206%,0.0,0.00%,0.0,0.0,0.00%,1751335.0,1750975.0
8012,360.0,0.3096%,0.0,0.00%,0.0,0.0,0.00%,116632.0,116272.0
9508,360.0,0.2812%,0.0,0.00%,0.0,0.0,0.00%,128388.0,128028.0
HLUNB,360.0,0.4277%,0.0,0.00%,0.0,0.0,0.00%,84533.0,84173.0
SEZL,359.0,0.0166%,99.63,-1.45%,100.0309,527526.022929,-13.78%,2157344.0,2156985.0
PYXS,359.0,0.0776%,2.6,-5.45%,2.5953,390040.40376,-48.44%,463164.0,462805.0
LBTYK,358.0,0.0097%,11.28,-3.75%,11.371,1050014.709905,41.66%,3676066.0,3675708.0
ASND,358.0,0.0966%,237.65,-0.43%,239.7302,879757.692903,28.93%,370771.0,370413.0
CLLS,353.0,0.1065%,3.96,-0.50%,3.9426,24087.376855,-17.62%,331754.0,331401.0
REP,352.0,0.0375%,0.0,0.00%,0.0,0.0,0.00%,939894.0,939542.0
GHRS,352.0,0.1057%,21.54,1.32%,21.3317,94963.796505,-14.04%,333476.0,333124.0
9143,352.0,0.3040%,0.0,0.00%,0.0,0.0,0.00%,116149.0,115797.0
6954,352.0,0.2312%,0.0,0.00%,0.0,0.0,0.00%,152616.0,152264.0
THC,349.0,0.0054%,195.88,2.19%,195.4638,1290231.792774,34.10%,6468962.0,6468613.0
3401,344.0,0.4492%,0.0,0.00%,0.0,0.0,0.00%,76917.0,76573.0
LUMI,344.0,0.0328%,0.0,0.00%,0.0,0.0,0.00%,1050006.0,1049662.0
7276,344.0,0.1583%,0.0,0.00%,0.0,0.0,0.00%,217614.0,217270.0
6752,344.0,0.0535%,0.0,0.00%,0.0,0.0,0.00%,643010.0,642666.0
ANIP,340.0,0.0132%,79.5,1.00%,79.2993,561891.478972,-37.27%,2581313.0,2580973.0
BBOT,337.0,0.1056%,8.13,3.04%,7.9921,224457.199462,-52.05%,319426.0,319089.0
SHL,336.0,0.2410%,0.0,0.00%,0.0,0.0,0.00%,139731.0,139395.0
4519,336.0,0.5443%,0.0,0.00%,0.0,0.0,0.00%,62071.0,61735.0
4403,336.0,0.6746%,0.0,0.00%,0.0,0.0,0.00%,50140.0,49804.0
7701,336.0,0.6312%,0.0,0.00%,0.0,0.0,0.00%,53566.0,53230.0
ESM6,334.75,1.1361%,0.0,0.00%,0.0,0.0,0.00%,29799.5,29464.75
MOD,334.0,0.0155%,276.27,-3.00%,274.0308,1098363.225867,21.06%,2157439.0,2157105.0
UTMD,334.0,0.3557%,63.82,-0.28%,63.7746,7434.005385,-16.06%,94233.0,93899.0
5929,328.0,0.4836%,0.0,0.00%,0.0,0.0,0.00%,68147.0,67819.0
VOLVB,328.0,0.1054%,0.0,0.00%,0.0,0.0,0.00%,311569.0,311241.0
VRTS,327.0,0.0388%,140.85,-1.30%,140.9957,95663.359885,37.41%,843565.0,843238.0
CQP,327.0,0.0642%,62.57,1.18%,62.8588,75018.562393,-17.09%,509487.0,509160.0
FWRD,324.0,0.0108%,9.185,-12.19%,9.5062,1955692.05958,-46.54%,2999876.0,2999552.0
NNN,323.0,0.0019%,44.5,0.45%,44.4244,1730510.722111,14.21%,16620232.0,16619909.0
CR,321.0,0.0093%,180.58,-1.09%,180.6213,645832.667072,12.50%,3439647.0,3439326.0
8053,320.0,0.0329%,0.0,0.00%,0.0,0.0,0.00%,971590.0,971270.0
4205,320.0,0.1912%,0.0,0.00%,0.0,0.0,0.00%,167726.0,167406.0
8282,320.0,0.2159%,0.0,0.00%,0.0,0.0,0.00%,148518.0,148198.0
4272,320.0,0.6569%,0.0,0.00%,0.0,0.0,0.00%,49032.0,48712.0
JMT,320.0,0.0716%,0.0,0.00%,0.0,0.0,0.00%,447148.0,446828.0
VMI,318.0,0.0180%,513.99,-0.39%,511.2322,249325.730815,-15.63%,1769379.0,1769061.0
ORIC,315.0,0.0059%,8.83,-1.78%,8.9256,908120.534568,-21.96%,5364024.0,5363709.0
CHDN,314.0,0.0064%,86.58,0.48%,87.1511,928050.973274,-18.14%,4939871.0,4939557.0
YAR,312.0,0.3961%,0.0,0.00%,0.0,0.0,0.00%,79089.0,78777.0
GALP,312.0,0.2080%,0.0,0.00%,0.0,0.0,0.00%,150324.0,150012.0
AMS,312.0,0.1902%,1.73,-8.47%,1.7737,156019.082,-62.76%,164324.0,164012.0
455900 KS,312.0,0.2759%,0.0,0.00%,0.0,0.0,0.00%,113393.0,113081.0
108490 KS,312.0,0.2863%,0.0,0.00%,0.0,0.0,0.00%,109274.0,108962.0
SMID,308.0,0.2982%,30.76,-2.66%,31.37,3127.619,-79.74%,103586.0,103278.0
CACI,308.0,0.0165%,499.18,3.44%,499.8965,454855.060857,9.52%,1865241.0,1864933.0
SMTI,305.0,0.2825%,20.44,13.43%,21.989,202057.177061,453.82%,108275.0,107970.0
NIQ,305.0,0.0286%,10.3,2.08%,10.2841,1220518.112236,-1.74%,1066362.0,1066057.0
ABF,304.0,0.3819%,0.0,0.00%,0.0,0.0,0.00%,79916.0,79612.0
3861,304.0,0.0299%,0.0,0.00%,0.0,0.0,0.00%,1015753.0,1015449.0
G1A,304.0,0.5171%,0.0,0.00%,0.0,0.0,0.00%,59096.0,58792.0
4202,304.0,0.4609%,0.0,0.00%,0.0,0.0,0.00%,66268.0,65964.0
DNP,304.0,0.6986%,10.7,-0.47%,10.7163,482141.559819,-52.87%,43822.0,43518.0
SPHR,302.0,0.0090%,135.96,7.13%,133.2252,1462932.604695,94.14%,3355441.0,3355139.0
MKTW,301.0,0.4086%,18.06,-3.11%,18.4814,25725.510129,-63.74%,73969.0,73668.0
CLS,300.0,0.1008%,374.07,-1.82%,368.3129,1871481.928399,-5.03%,297992.0,297692.0
388,300.0,0.0862%,0.0,0.00%,0.0,0.0,0.00%,348513.0,348213.0
SN,298.0,0.0249%,108.41,0.86%,107.8382,2038790.510718,1.89%,1198332.0,1198034.0
LI,296.0,0.0299%,18.74,-0.69%,18.6893,2123323.960296,-60.54%,989037.0,988741.0
030000,296.0,0.8263%,0.0,0.00%,0.0,0.0,0.00%,36119.0,35823.0
IMCR,294.0,0.1053%,29.3,1.56%,29.2009,135719.225949,-13.92%,279379.0,279085.0
W,292.0,0.0194%,60.49,-1.45%,60.1881,4128250.307759,-6.46%,1501581.0,1501289.0
XPEL,290.0,0.0093%,40.8,-2.23%,40.9451,213706.044123,-9.61%,3123804.0,3123514.0
6674 JP,290.0,0.1837%,0.0,0.00%,0.0,0.0,0.00%,158132.0,157842.0
BCE,288.0,0.0673%,24.47,0.78%,24.4908,2780531.16106,-5.96%,428527.0,428239.0
LKFT,286.0,0.1027%,27.33,-0.44%,27.3114,106961.2268,-44.99%,278819.0,278533.0
NATH,281.0,0.2750%,101.06,-0.34%,101.0884,13774.81225,-25.73%,102446.0,102165.0
CABO,281.0,0.0451%,50.43,-10.01%,51.8111,208325.403862,14.29%,623750.0,623469.0
PUB,280.0,0.6307%,0.0,0.00%,0.0,0.0,0.00%,44673.0,44393.0
7751,280.0,0.1201%,0.0,0.00%,0.0,0.0,0.00%,233422.0,233142.0
ENB,279.0,0.0040%,54.84,0.70%,54.6814,2588290.028694,-16.20%,7017252.0,7016973.0
CNS,275.0,0.0071%,72.26,0.15%,71.8977,204289.807173,-47.83%,3890335.0,3890060.0
BKTI,274.0,0.2647%,90.1,-6.35%,91.9105,31061.763066,-44.19%,103783.0,103509.0
USPH,273.0,0.0145%,60.85,2.41%,61.8437,376226.17643,12.15%,1883488.0,1883215.0
BDTX,273.0,0.0348%,2.83,-3.74%,2.8256,669105.068567,-45.94%,783987.0,783714.0
DUOL,272.0,0.0083%,106.01,0.82%,106.0723,1562098.27527,5.12%,3258920.0,3258648.0
SSE,272.0,0.1543%,0.0,0.00%,0.0,0.0,0.00%,176605.0,176333.0
PLPC,272.0,0.2002%,344.24,-3.57%,341.8435,56569.31829,-17.53%,136129.0,135857.0
4901,272.0,0.0954%,0.0,0.00%,0.0,0.0,0.00%,285517.0,285245.0
KG,271.0,0.3070%,11.21,-3.86%,11.6338,6900.45125,20.89%,88539.0,88268.0
STMPA FP,270.0,0.1833%,0.0,0.00%,0.0,0.0,0.00%,147547.0,147277.0
PCTY,269.0,0.0080%,107.35,-2.30%,108.1014,979313.221023,-4.32%,3342113.0,3341844.0
NMRA,268.0,0.0435%,1.9,1.60%,1.8966,821918.782263,-43.91%,615693.0,615425.0
FPH,267.0,0.2004%,4.77,-2.25%,4.7901,272830.43811,49.60%,133493.0,133226.0
CBNA,266.0,0.3721%,37.02,0.57%,37.0548,1006.0,-55.09%,71743.0,71477.0
MRU,264.0,0.3916%,0.0,0.00%,0.0,0.0,0.00%,67675.0,67411.0
9020,264.0,0.1676%,0.0,0.00%,0.0,0.0,0.00%,157791.0,157527.0
3092,264.0,0.1591%,0.0,0.00%,0.0,0.0,0.00%,166177.0,165913.0
FTS,264.0,0.0281%,56.35,0.21%,56.3242,560403.315095,31.68%,939725.0,939461.0
LAMR,264.0,0.0036%,147.54,-3.10%,147.9241,1026240.314019,-10.69%,7330979.0,7330715.0
EXPN,264.0,0.1567%,0.0,0.00%,0.0,0.0,0.00%,168791.0,168527.0
034220,264.0,0.1870%,0.0,0.00%,0.0,0.0,0.00%,141452.0,141188.0
1721,264.0,0.6288%,0.0,0.00%,0.0,0.0,0.00%,42251.0,41987.0
4681,264.0,0.7945%,0.0,0.00%,0.0,0.0,0.00%,33494.0,33230.0
388720 KS,260.0,0.2953%,0.0,0.00%,0.0,0.0,0.00%,88299.0,88039.0
TECN SW,260.0,0.2712%,0.0,0.00%,0.0,0.0,0.00%,96136.0,95876.0
MCRI,258.0,0.0171%,115.66,-1.18%,116.7176,120405.12901,23.93%,1509910.0,1509652.0
8725,256.0,0.0813%,0.0,0.00%,0.0,0.0,0.00%,315293.0,315037.0
ACS,256.0,0.1172%,0.0,0.00%,0.0,0.0,0.00%,218608.0,218352.0
BSL,256.0,0.2055%,13.22,-0.30%,13.1971,21912.192416,-65.21%,124851.0,124595.0
OFLX,255.0,0.2293%,29.18,1.21%,28.6815,81425.271103,196.79%,111486.0,111231.0
BCYC,254.0,0.1003%,4.72,0.43%,4.6593,218839.157259,8.03%,253470.0,253216.0
COLL,253.0,0.0053%,35.69,-0.34%,35.6729,492617.485069,-0.63%,4783844.0,4783591.0
KEP,248.0,0.0150%,13.98,-5.28%,13.9538,1254095.385658,85.74%,1649875.0,1649627.0
6448,248.0,0.3382%,0.0,0.00%,0.0,0.0,0.00%,73570.0,73322.0
CPR,248.0,0.3116%,0.0,0.00%,0.0,0.0,0.00%,79836.0,79588.0
6841,248.0,0.2072%,0.0,0.00%,0.0,0.0,0.00%,119935.0,119687.0
8015,248.0,0.0352%,0.0,0.00%,0.0,0.0,0.00%,703952.0,703704.0
GFL,248.0,0.1658%,36.42,-0.63%,36.7062,1322394.459438,-22.02%,149858.0,149610.0
CA,248.0,0.0896%,0.0,0.00%,0.0,0.0,0.00%,277026.0,276778.0
4503,248.0,0.0687%,0.0,0.00%,0.0,0.0,0.00%,361147.0,360899.0
7270,248.0,0.1248%,0.0,0.00%,0.0,0.0,0.00%,198906.0,198658.0
IPAR,247.0,0.0110%,90.17,-0.09%,90.3701,361041.865782,2.01%,2255463.0,2255216.0
KYTX,247.0,0.0464%,10.23,-1.06%,10.0829,616824.50156,-52.40%,532490.0,532243.0
DOX,243.0,0.0153%,62.34,-0.37%,62.4314,1836445.649498,8.72%,1589871.0,1589628.0
9532,240.0,0.0586%,0.0,0.00%,0.0,0.0,0.00%,410137.0,409897.0
EPIA,240.0,0.1976%,0.0,0.00%,0.0,0.0,0.00%,121693.0,121453.0
POLI,240.0,0.0218%,0.0,0.00%,0.0,0.0,0.00%,1101748.0,1101508.0
TEL2B,240.0,0.0541%,0.0,0.00%,0.0,0.0,0.00%,443917.0,443677.0
4502,240.0,0.0512%,0.0,0.00%,0.0,0.0,0.00%,468973.0,468733.0
UPM,240.0,0.1957%,0.0,0.00%,0.0,0.0,0.00%,122882.0,122642.0
4183,240.0,0.1941%,0.0,0.00%,0.0,0.0,0.00%,123870.0,123630.0
PAHC,240.0,0.0080%,36.58,0.72%,36.6339,471019.141509,-52.49%,3005545.0,3005305.0
PDEX,238.0,0.2998%,56.5,-0.02%,58.3343,39571.250511,5.96%,79635.0,79397.0
BELFA,236.0,0.4247%,269.21,-0.57%,265.438,33951.69282,-10.53%,55810.0,55574.0
ATS,234.0,0.4782%,33.31,-2.74%,33.2773,124405.339,47.81%,49163.0,48929.0
SITE,233.0,0.0363%,119.79,-1.45%,120.2707,915633.255869,21.74%,642064.0,641831.0
DBS,232.0,0.0191%,0.0,0.00%,0.0,0.0,0.00%,1211744.0,1211512.0
VAR,232.0,0.1131%,0.0,0.00%,0.0,0.0,0.00%,205283.0,205051.0
BNZL,232.0,0.3537%,0.0,0.00%,0.0,0.0,0.00%,65826.0,65594.0
3391,232.0,0.3716%,0.0,0.00%,0.0,0.0,0.00%,62658.0,62426.0
JM,232.0,0.1350%,0.0,0.00%,0.0,0.0,0.00%,172028.0,171796.0
AVBH,231.0,0.2802%,29.26,-0.63%,29.2294,63437.0,34.20%,82683.0,82452.0
USGO,227.0,0.2431%,13.25,-1.85%,13.2771,62917.342151,18.10%,93602.0,93375.0
PPC,225.0,0.0045%,28.66,0.00%,28.7542,1433104.62352,-2.79%,4964860.0,4964635.0
WDFC,225.0,0.0135%,204.68,-0.79%,205.0153,169813.802346,33.90%,1662533.0,1662308.0
FTLF,224.0,0.2060%,9.5,-0.52%,9.46,12902.268847,-32.86%,108982.0,108758.0
KAI,222.0,0.0155%,326.86,-2.08%,327.5211,170172.838822,-0.87%,1433757.0,1433535.0
MTN,221.0,0.0065%,124.15,0.36%,124.0357,591477.936652,-26.80%,3399105.0,3398884.0
WRT1V,216.0,0.0449%,0.0,0.00%,0.0,0.0,0.00%,481284.0,481068.0
BIRK,216.0,0.0388%,37.95,-3.07%,38.0229,2389088.774442,16.23%,556282.0,556066.0
BCI,216.0,0.7509%,25.91,1.65%,25.8556,2760954.771309,363.12%,28983.0,28767.0
9364,216.0,0.8020%,0.0,0.00%,0.0,0.0,0.00%,27147.0,26931.0
MENS,215.0,0.1047%,2.09,0.97%,2.0548,22387.350274,-65.95%,205478.0,205263.0
BBD/B,212.0,0.1427%,0.0,0.00%,0.0,0.0,0.00%,148795.0,148583.0
MDLN,211.0,0.0062%,38.55,-1.78%,38.8152,7694689.050482,2.87%,3428782.0,3428571.0
NICE,210.0,1.0617%,86.7,-5.13%,87.4155,1159853.827303,14.25%,19990.0,19780.0
NEU,209.0,0.0349%,686.57,0.05%,685.8617,72043.346785,41.30%,599515.0,599306.0
ANRO,209.0,0.0539%,24.63,0.41%,24.3091,206921.959453,-46.87%,388313.0,388104.0
PIRC,208.0,0.2291%,0.0,0.00%,0.0,0.0,0.00%,90997.0,90789.0
PRY,208.0,0.2260%,0.0,0.00%,0.0,0.0,0.00%,92247.0,92039.0
EN,208.0,0.1101%,0.0,0.00%,0.0,0.0,0.00%,189051.0,188843.0
5334,208.0,0.5290%,0.0,0.00%,0.0,0.0,0.00%,39527.0,39319.0
4021,208.0,0.4657%,0.0,0.00%,0.0,0.0,0.00%,44872.0,44664.0
ALC,208.0,0.3769%,63.78,2.84%,63.7136,2842177.860605,-10.27%,55389.0,55181.0
UHT,208.0,0.0116%,40.01,-0.84%,40.2531,80577.388491,79.87%,1799212.0,1799004.0
CTNM,208.0,0.0802%,13.66,0.07%,13.6436,126492.042,-15.41%,259508.0,259300.0
JBH,208.0,0.5179%,0.0,0.00%,0.0,0.0,0.00%,40367.0,40159.0
NAB,208.0,0.0509%,0.0,0.00%,0.0,0.0,0.00%,408771.0,408563.0
090360 KS,208.0,0.2855%,0.0,0.00%,0.0,0.0,0.00%,73074.0,72866.0
SGMT,207.0,0.0765%,7.65,-0.52%,7.5357,793454.842186,-11.54%,270964.0,270757.0
PHVS,205.0,0.1046%,31.25,4.34%,30.7605,321682.983438,-61.89%,196248.0,196043.0
CRVL,204.0,0.0054%,57.69,1.23%,57.7233,148580.304374,-22.55%,3799664.0,3799460.0
TCI,202.0,0.4242%,35.09,-0.11%,34.961,4209.0,26.72%,47818.0,47616.0
ALQ,200.0,0.0691%,0.0,0.00%,0.0,0.0,0.00%,289501.0,289301.0
2588,200.0,1.6414%,0.0,0.00%,0.0,0.0,0.00%,12385.0,12185.0
6781 TT,200.0,0.2101%,0.0,0.00%,0.0,0.0,0.00%,95400.0,95200.0
7202,200.0,0.1243%,0.0,0.00%,0.0,0.0,0.00%,161115.0,160915.0
7741,200.0,0.2151%,0.0,0.00%,0.0,0.0,0.00%,93162.0,92962.0
015760,200.0,0.2495%,0.0,0.00%,0.0,0.0,0.00%,80361.0,80161.0
DSCT,200.0,0.0392%,0.0,0.00%,0.0,0.0,0.00%,510672.0,510472.0
2002,200.0,0.0033%,0.0,0.00%,0.0,0.0,0.00%,6112237.0,6112037.0
2313,200.0,0.0325%,0.0,0.00%,0.0,0.0,0.00%,615818.0,615618.0
RY,199.0,0.0051%,182.28,0.79%,181.6447,1064779.648316,-8.37%,3922321.0,3922122.0
SFBC,199.0,0.3599%,42.24,0.52%,42.132,2061.8786,-61.46%,55488.0,55289.0
HR,198.0,0.0007%,20.13,0.50%,20.0372,4247630.06993,-9.39%,27309476.0,27309278.0
INBX,197.0,0.0247%,108.65,-14.84%,107.7541,1273355.367316,-4.27%,797539.0,797342.0
BJRI,196.0,0.0075%,41.42,-1.64%,41.4894,286538.669477,-40.79%,2625915.0,2625719.0
007070,192.0,0.8220%,0.0,0.00%,0.0,0.0,0.00%,23549.0,23357.0
5947,192.0,0.6410%,0.0,0.00%,0.0,0.0,0.00%,30145.0,29953.0
QIA,192.0,0.6556%,0.0,0.00%,0.0,0.0,0.00%,29478.0,29286.0
003550,192.0,0.6029%,0.0,0.00%,0.0,0.0,0.00%,32039.0,31847.0
8227,192.0,0.3159%,0.0,0.00%,0.0,0.0,0.00%,60970.0,60778.0
EVK,192.0,0.1966%,0.0,0.00%,0.0,0.0,0.00%,97852.0,97660.0
6923,192.0,0.1460%,0.0,0.00%,0.0,0.0,0.00%,131666.0,131474.0
WING,190.0,0.0089%,123.73,-2.83%,125.1467,910752.356906,-31.78%,2127911.0,2127721.0
DK,186.0,0.0046%,46.08,-1.58%,46.4003,1197353.325154,-22.17%,4047165.0,4046979.0
033780,184.0,0.7751%,0.0,0.00%,0.0,0.0,0.00%,23922.0,23738.0
RNO FP,184.0,0.1822%,0.0,0.00%,0.0,0.0,0.00%,101158.0,100974.0
6971,184.0,0.0501%,0.0,0.00%,0.0,0.0,0.00%,367171.0,366987.0
4684,184.0,0.5966%,0.0,0.00%,0.0,0.0,0.00%,31025.0,30841.0
2670,184.0,0.6492%,0.0,0.00%,0.0,0.0,0.00%,28528.0,28344.0
7267,184.0,0.0049%,0.0,0.00%,0.0,0.0,0.00%,3756594.0,3756410.0
9024,184.0,0.2361%,0.0,0.00%,0.0,0.0,0.00%,78131.0,77947.0
ITIC,184.0,0.3327%,236.8,0.65%,236.7825,34927.8928,234.28%,55483.0,55299.0
7532,184.0,0.1181%,0.0,0.00%,0.0,0.0,0.00%,155994.0,155810.0
BAM,182.0,0.0065%,48.74,-0.39%,48.6958,3306328.218523,-17.71%,2819891.0,2819709.0
6324,180.0,1.5963%,0.0,0.00%,0.0,0.0,0.00%,11456.0,11276.0
SLN,180.0,0.1050%,6.79,-5.30%,6.7139,289103.300017,157.04%,171649.0,171469.0
FRHC,179.0,0.0594%,140.85,-0.64%,139.8269,97180.704802,48.10%,301634.0,301455.0
UU/,176.0,0.0336%,0.0,0.00%,0.0,0.0,0.00%,524718.0,524542.0
7240,176.0,0.6268%,0.0,0.00%,0.0,0.0,0.00%,28255.0,28079.0
9101,176.0,0.0541%,0.0,0.00%,0.0,0.0,0.00%,325383.0,325207.0
TKA,176.0,0.1063%,0.0,0.00%,0.0,0.0,0.00%,165686.0,165510.0
BEI,176.0,0.8500%,0.0,0.00%,0.0,0.0,0.00%,20882.0,20706.0
MAP,176.0,0.0824%,0.0,0.00%,0.0,0.0,0.00%,213735.0,213559.0
8876,176.0,0.7979%,0.0,0.00%,0.0,0.0,0.00%,22235.0,22059.0
HEN3,176.0,0.2790%,0.0,0.00%,0.0,0.0,0.00%,63254.0,63078.0
MONC,168.0,0.5919%,0.0,0.00%,0.0,0.0,0.00%,28553.0,28385.0
2802,168.0,0.1942%,0.0,0.00%,0.0,0.0,0.00%,86694.0,86526.0
CTPNV,168.0,0.7487%,0.0,0.00%,0.0,0.0,0.00%,22608.0,22440.0
CCH,168.0,0.3347%,0.0,0.00%,0.0,0.0,0.00%,50361.0,50193.0
4887,168.0,0.1923%,0.0,0.00%,0.0,0.0,0.00%,87527.0,87359.0
6436,168.0,0.7959%,0.0,0.00%,0.0,0.0,0.00%,21275.0,21107.0
5333,168.0,0.0771%,0.0,0.00%,0.0,0.0,0.00%,217967.0,217799.0
EMA,168.0,0.0152%,52.3,0.13%,52.2799,395128.809328,98.69%,1104197.0,1104029.0
417A,168.0,0.7708%,0.0,0.00%,0.0,0.0,0.00%,21963.0,21795.0
IMI,168.0,0.5900%,0.0,0.00%,0.0,0.0,0.00%,28644.0,28476.0
3003,168.0,0.0126%,0.0,0.00%,0.0,0.0,0.00%,1335575.0,1335407.0
1944,168.0,0.1391%,0.0,0.00%,0.0,0.0,0.00%,120946.0,120778.0
204320 KS,168.0,0.1831%,0.0,0.00%,0.0,0.0,0.00%,91933.0,91765.0
EPIB,168.0,0.8865%,0.0,0.00%,0.0,0.0,0.00%,19119.0,18951.0
9506,168.0,0.1125%,0.0,0.00%,0.0,0.0,0.00%,149513.0,149345.0
WBC,168.0,0.0257%,0.0,0.00%,0.0,0.0,0.00%,653461.0,653293.0
SFD,166.0,0.0222%,25.52,0.31%,25.5002,1198572.154483,7.83%,748493.0,748327.0
UNB,165.0,0.1715%,23.43,-1.76%,23.5026,314267.155763,9382.31%,96370.0,96205.0
JANX,165.0,0.0047%,14.41,1.26%,14.3858,665927.459667,-27.22%,3547893.0,3547728.0
VTS,164.0,0.0086%,18.18,-1.30%,18.2293,283932.492438,-36.87%,1908462.0,1908298.0
LUG,164.0,0.1034%,0.0,0.00%,0.0,0.0,0.00%,158732.0,158568.0
ARL,163.0,0.2478%,13.09,-6.10%,12.9514,4929.503765,62.85%,65933.0,65770.0
8088,160.0,0.2904%,0.0,0.00%,0.0,0.0,0.00%,55249.0,55089.0
6869,160.0,0.0240%,0.0,0.00%,0.0,0.0,0.00%,667606.0,667446.0
FME,160.0,0.2612%,0.0,0.00%,0.0,0.0,0.00%,61407.0,61247.0
7011,160.0,0.0076%,0.0,0.00%,0.0,0.0,0.00%,2099964.0,2099804.0
4528,160.0,0.1591%,0.0,0.00%,0.0,0.0,0.00%,100737.0,100577.0
MVNE,160.0,0.2723%,0.0,0.00%,0.0,0.0,0.00%,58919.0,58759.0
7911,160.0,0.0787%,0.0,0.00%,0.0,0.0,0.00%,203559.0,203399.0
AXTA,156.0,0.0011%,27.79,-2.11%,27.8006,1464016.510402,-9.39%,14399492.0,14399336.0
AKER NO,156.0,1.7735%,0.0,0.00%,0.0,0.0,0.00%,8952.0,8796.0
DKL,153.0,0.0642%,51.66,0.41%,50.9977,33910.373943,-48.72%,238556.0,238403.0
9962,152.0,0.3220%,0.0,0.00%,0.0,0.0,0.00%,47357.0,47205.0
8591,152.0,0.0952%,0.0,0.00%,0.0,0.0,0.00%,159783.0,159631.0
8060,152.0,0.0931%,0.0,0.00%,0.0,0.0,0.00%,163490.0,163338.0
8801,152.0,0.0037%,0.0,0.00%,0.0,0.0,0.00%,4108803.0,4108651.0
CHC,152.0,0.3862%,0.0,0.00%,0.0,0.0,0.00%,39514.0,39362.0
HEIO,152.0,0.4884%,0.0,0.00%,0.0,0.0,0.00%,31275.0,31123.0
FDJU,152.0,0.6995%,0.0,0.00%,0.0,0.0,0.00%,21882.0,21730.0
ITRK,152.0,0.3376%,0.0,0.00%,0.0,0.0,0.00%,45178.0,45026.0
SRG,151.0,0.0101%,2.61,-1.88%,2.6208,171468.74902,37.23%,1494220.0,1494069.0
ARLP,150.0,0.2831%,25.27,2.64%,24.9829,504554.775876,-15.27%,53133.0,52983.0
R,147.0,0.0044%,227.76,-2.03%,227.9595,346355.263473,-41.24%,3367144.0,3366997.0
FTT,147.0,0.1871%,0.0,0.00%,0.0,0.0,0.00%,78696.0,78549.0
161390,144.0,0.5182%,0.0,0.00%,0.0,0.0,0.00%,27932.0,27788.0
4751,144.0,0.1304%,0.0,0.00%,0.0,0.0,0.00%,110610.0,110466.0
2267,144.0,0.3223%,0.0,0.00%,0.0,0.0,0.00%,44822.0,44678.0
SGSN,144.0,0.4329%,0.0,0.00%,0.0,0.0,0.00%,33407.0,33263.0
9076,144.0,0.1161%,0.0,0.00%,0.0,0.0,0.00%,124152.0,124008.0
9507,144.0,0.3349%,0.0,0.00%,0.0,0.0,0.00%,43142.0,42998.0
011200,144.0,0.1857%,0.0,0.00%,0.0,0.0,0.00%,77670.0,77526.0
ELAN,144.0,0.0003%,21.43,-1.34%,21.5341,10857025.095931,31.82%,42905495.0,42905351.0
5105,144.0,0.4648%,0.0,0.00%,0.0,0.0,0.00%,31122.0,30978.0
WN,144.0,0.2612%,0.0,0.00%,0.0,0.0,0.00%,55278.0,55134.0
316140,144.0,0.0802%,0.0,0.00%,0.0,0.0,0.00%,179628.0,179484.0
4088,144.0,0.3039%,0.0,0.00%,0.0,0.0,0.00%,47534.0,47390.0
SKAB,144.0,0.2205%,0.0,0.00%,0.0,0.0,0.00%,65455.0,65311.0
APGE,140.0,0.0044%,82.93,-1.97%,82.7803,497173.253247,-49.47%,3178046.0,3177906.0
GLIBK,138.0,0.0101%,28.08,-0.92%,28.1013,744341.023621,-45.70%,1368197.0,1368059.0
ZG,138.0,0.0174%,39.84,-1.99%,39.9195,1327010.700476,14.05%,792930.0,792792.0
2502,136.0,0.0317%,0.0,0.00%,0.0,0.0,0.00%,428641.0,428505.0
6367,136.0,0.2415%,0.0,0.00%,0.0,0.0,0.00%,56461.0,56325.0
RIO LN,136.0,0.1480%,0.0,0.00%,0.0,0.0,0.00%,92027.0,91891.0
ICG,136.0,0.2285%,1.26,2.44%,1.2532,27848.0,-67.22%,59653.0,59517.0
2875,136.0,0.4342%,0.0,0.00%,0.0,0.0,0.00%,31456.0,31320.0
2810,136.0,0.6849%,0.0,0.00%,0.0,0.0,0.00%,19994.0,19858.0
9531,136.0,0.0330%,0.0,0.00%,0.0,0.0,0.00%,412177.0,412041.0
ELISA,136.0,0.1801%,0.0,0.00%,0.0,0.0,0.00%,75659.0,75523.0
AMOT,136.0,0.0385%,0.0,0.00%,0.0,0.0,0.00%,352949.0,352813.0
6465,136.0,0.6102%,0.0,0.00%,0.0,0.0,0.00%,22422.0,22286.0
012330,136.0,0.6053%,0.0,0.00%,0.0,0.0,0.00%,22603.0,22467.0
ABXX CN,135.0,1.7817%,0.0,0.00%,0.0,0.0,0.00%,7712.0,7577.0
UFPT,132.0,0.0142%,220.59,-0.62%,221.7981,258398.136149,13.40%,932656.0,932524.0
QNST,129.0,0.0018%,11.94,-6.24%,12.1611,1095213.897206,16.47%,7096370.0,7096241.0
2433,128.0,0.2622%,0.0,0.00%,0.0,0.0,0.00%,48953.0,48825.0
SGM,128.0,0.1234%,0.0,0.00%,0.0,0.0,0.00%,103852.0,103724.0
4912,128.0,0.2336%,0.0,0.00%,0.0,0.0,0.00%,54924.0,54796.0
3405,128.0,0.1406%,0.0,0.00%,0.0,0.0,0.00%,91190.0,91062.0
MRDN,128.0,0.2592%,10.97,-3.52%,11.36,98763.396398,-15.75%,49513.0,49385.0
KYGA,128.0,0.4767%,0.0,0.00%,0.0,0.0,0.00%,26979.0,26851.0
4927,128.0,0.2334%,0.0,0.00%,0.0,0.0,0.00%,54980.0,54852.0
2914,128.0,0.0181%,0.0,0.00%,0.0,0.0,0.00%,708150.0,708022.0
CIX,128.0,0.2943%,24.44,3.78%,24.0827,1691.7588,-12.62%,43624.0,43496.0
2809,128.0,0.4646%,0.0,0.00%,0.0,0.0,0.00%,27681.0,27553.0
HLNE,126.0,0.0036%,87.12,-1.63%,87.4212,693700.82303,-2.88%,3546288.0,3546162.0
FRMI,125.0,0.0209%,5.47,1.86%,5.3354,10222579.589662,-9.77%,599400.0,599275.0
DJCO,124.0,0.2448%,487.78,-0.84%,491.0155,22809.199379,30.28%,50768.0,50644.0
SION,123.0,0.0100%,40.94,-10.90%,42.3965,525215.576674,-21.69%,1228399.0,1228276.0
FIZZ,122.0,0.0041%,34.58,0.09%,34.7435,289083.816568,-27.45%,2986419.0,2986297.0
ALE,120.0,0.3403%,0.0,0.00%,0.0,0.0,0.00%,35386.0,35266.0
5201,120.0,0.1644%,0.0,0.00%,0.0,0.0,0.00%,73099.0,72979.0
3635,120.0,0.2491%,0.0,0.00%,0.0,0.0,0.00%,48292.0,48172.0
AIBG,120.0,0.0039%,0.0,0.00%,0.0,0.0,0.00%,3063941.0,3063821.0
3288,120.0,0.2192%,0.0,0.00%,0.0,0.0,0.00%,54877.0,54757.0
8056,120.0,0.6523%,0.0,0.00%,0.0,0.0,0.00%,18517.0,18397.0
9021,120.0,0.0798%,0.0,0.00%,0.0,0.0,0.00%,150480.0,150360.0
METSO,120.0,0.0295%,0.0,0.00%,0.0,0.0,0.00%,406442.0,406322.0
7974,120.0,0.0809%,0.0,0.00%,0.0,0.0,0.00%,148466.0,148346.0
010140,120.0,0.0535%,0.0,0.00%,0.0,0.0,0.00%,224446.0,224326.0
TRELB,120.0,0.3740%,0.0,0.00%,0.0,0.0,0.00%,32206.0,32086.0
INF,120.0,0.0548%,0.0,0.00%,0.0,0.0,0.00%,219022.0,218902.0
H,116.0,0.0040%,166.47,0.80%,166.1525,596137.470823,15.79%,2910889.0,2910773.0
PRKS,116.0,0.0033%,35.15,-3.78%,35.4116,2010986.667435,-8.87%,3530762.0,3530646.0
COKE,115.0,0.0028%,172.46,1.16%,170.3029,916161.590715,2.91%,4099805.0,4099690.0
6326,112.0,0.0447%,0.0,0.00%,0.0,0.0,0.00%,250939.0,250827.0
NSISB,112.0,0.2397%,0.0,0.00%,0.0,0.0,0.00%,46837.0,46725.0
VNT,112.0,0.0010%,29.31,-2.20%,29.345,2722937.189076,-13.62%,10780256.0,10780144.0
7867,112.0,0.5655%,0.0,0.00%,0.0,0.0,0.00%,19918.0,19806.0
2503,112.0,0.0415%,0.0,0.00%,0.0,0.0,0.00%,269899.0,269787.0
VER,112.0,0.2433%,0.0,0.00%,0.0,0.0,0.00%,46153.0,46041.0
2229,112.0,0.4787%,0.0,0.00%,0.0,0.0,0.00%,23507.0,23395.0
9989,112.0,0.1274%,0.0,0.00%,0.0,0.0,0.00%,88044.0,87932.0
AAK,112.0,0.4765%,0.0,0.00%,0.0,0.0,0.00%,23616.0,23504.0
INW,112.0,0.0545%,0.0,0.00%,0.0,0.0,0.00%,205708.0,205596.0
AKER,112.0,0.5669%,0.0,0.00%,0.0,0.0,0.00%,19867.0,19755.0
5332,112.0,0.2997%,0.0,0.00%,0.0,0.0,0.00%,37484.0,37372.0
HEN,112.0,1.1432%,0.0,0.00%,0.0,0.0,0.00%,9909.0,9797.0
5991,112.0,0.0707%,0.0,0.00%,0.0,0.0,0.00%,158484.0,158372.0
7988,104.0,0.5033%,0.0,0.00%,0.0,0.0,0.00%,20766.0,20662.0
3197,104.0,0.3607%,0.0,0.00%,0.0,0.0,0.00%,28933.0,28829.0
6724,104.0,0.1124%,0.0,0.00%,0.0,0.0,0.00%,92617.0,92513.0
AXFO,104.0,0.1682%,0.0,0.00%,0.0,0.0,0.00%,61942.0,61838.0
LR,104.0,0.2323%,0.0,0.00%,0.0,0.0,0.00%,44882.0,44778.0
NBR,104.0,0.0097%,101.97,1.82%,101.1451,194018.104993,-0.39%,1077418.0,1077314.0
6701,104.0,0.0556%,0.0,0.00%,0.0,0.0,0.00%,187045.0,186941.0
9697,104.0,0.1205%,0.0,0.00%,0.0,0.0,0.00%,86417.0,86313.0
9513,104.0,0.1917%,0.0,0.00%,0.0,0.0,0.00%,54342.0,54238.0
KESKOB,104.0,0.0804%,0.0,0.00%,0.0,0.0,0.00%,129461.0,129357.0
RED,104.0,0.1623%,0.0,0.00%,0.0,0.0,0.00%,64169.0,64065.0
TNE,104.0,1.3618%,0.0,0.00%,0.0,0.0,0.00%,7741.0,7637.0
009540,104.0,0.6734%,0.0,0.00%,0.0,0.0,0.00%,15548.0,15444.0
012750,104.0,1.0663%,0.0,0.00%,0.0,0.0,0.00%,9857.0,9753.0
RAND,104.0,0.2311%,10.9675,-0.30%,10.9451,1481.240864,-30.35%,45111.0,45007.0
COOK,103.0,0.4322%,41.34,0.00%,42.1658,9536.007411,17.95%,23934.64,23831.64
ZCSH,102.0,1.7607%,0.0,0.00%,0.0,0.0,0.00%,5895.0,5793.0
VALU,102.0,0.3601%,33.93,-1.37%,34.4701,1960.8187,60.76%,28430.0,28328.0
2259,100.0,0.3362%,0.0,0.00%,0.0,0.0,0.00%,29843.0,29743.0
RRX,98.0,0.0022%,209.78,-0.73%,206.8468,789133.572541,-45.96%,4430928.0,4430830.0
HMB,96.0,0.1192%,0.0,0.00%,0.0,0.0,0.00%,80626.0,80530.0
SOF,96.0,0.2171%,0.0,0.00%,0.0,0.0,0.00%,44306.0,44210.0
051600,96.0,0.8896%,0.0,0.00%,0.0,0.0,0.00%,10887.0,10791.0
FPE3,96.0,0.5024%,0.0,0.00%,0.0,0.0,0.00%,19206.0,19110.0
086280,96.0,0.7221%,0.0,0.00%,0.0,0.0,0.00%,13390.0,13294.0
6586,96.0,0.1214%,0.0,0.00%,0.0,0.0,0.00%,79174.0,79078.0
IGM,96.0,0.4889%,153.1,-1.45%,152.1359,456702.468657,23.19%,19732.0,19636.0
5938,96.0,0.0379%,0.0,0.00%,0.0,0.0,0.00%,253675.0,253579.0
1803,96.0,0.0199%,0.0,0.00%,0.0,0.0,0.00%,482075.0,481979.0
1942,96.0,0.0426%,0.0,0.00%,0.0,0.0,0.00%,225184.0,225088.0
VRM,96.0,0.3391%,11.76,-5.54%,12.0382,6147.435926,-34.58%,28407.0,28311.0
3116,88.0,0.2344%,0.0,0.00%,0.0,0.0,0.00%,37627.0,37539.0
LUNDB,88.0,0.2323%,0.0,0.00%,0.0,0.0,0.00%,37970.0,37882.0
SGRO,88.0,0.0045%,0.0,0.00%,0.0,0.0,0.00%,1947031.0,1946943.0
ANDR,88.0,0.3757%,0.0,0.00%,0.0,0.0,0.00%,23512.0,23424.0
GJF,88.0,0.0617%,0.0,0.00%,0.0,0.0,0.00%,142615.0,142527.0
SKFB,88.0,0.1398%,0.0,0.00%,0.0,0.0,0.00%,63057.0,62969.0
005830,88.0,0.1874%,0.0,0.00%,0.0,0.0,0.00%,47055.0,46967.0
2784,88.0,0.2608%,0.0,0.00%,0.0,0.0,0.00%,33833.0,33745.0
2702,88.0,0.1518%,0.0,0.00%,0.0,0.0,0.00%,58067.0,57979.0
6370,88.0,0.0695%,0.0,0.00%,0.0,0.0,0.00%,126619.0,126531.0
2587,88.0,0.0317%,0.0,0.00%,0.0,0.0,0.00%,277785.0,277697.0
9412,88.0,0.3874%,0.0,0.00%,0.0,0.0,0.00%,22802.0,22714.0
5802,88.0,0.0140%,0.0,0.00%,0.0,0.0,0.00%,626869.0,626781.0
VWS,88.0,0.0181%,0.0,0.00%,0.0,0.0,0.00%,486033.0,485945.0
JLL,86.0,0.0025%,315.78,-2.20%,317.199,252668.109484,24.14%,3434257.0,3434171.0
CUBE,81.0,0.0004%,40.94,0.29%,40.8593,2219866.56367,17.16%,18041960.0,18041879.0
PHIA,80.0,0.0587%,0.0,0.00%,0.0,0.0,0.00%,136371.0,136291.0
1963,80.0,0.0282%,0.0,0.00%,0.0,0.0,0.00%,283435.0,283355.0
MICC,80.0,0.1291%,15.09,1.48%,15.1029,831677.627965,-3.05%,62024.0,61944.0
RI,80.0,0.2400%,0.0,0.00%,0.0,0.0,0.00%,33416.0,33336.0
IHG,80.0,0.6706%,150.38,1.45%,150.0248,217190.55683,32.59%,12010.0,11930.0
2871,80.0,0.1742%,0.0,0.00%,0.0,0.0,0.00%,45992.0,45912.0
AKRBP,80.0,0.1002%,0.0,0.00%,0.0,0.0,0.00%,79929.0,79849.0
3038,80.0,0.2575%,0.0,0.00%,0.0,0.0,0.00%,31142.0,31062.0
9022,80.0,0.0584%,0.0,0.00%,0.0,0.0,0.00%,137168.0,137088.0
UOB,80.0,0.0356%,0.0,0.00%,0.0,0.0,0.00%,224917.0,224837.0
9201,80.0,0.1412%,0.0,0.00%,0.0,0.0,0.00%,56757.0,56677.0
UMG,80.0,0.0418%,0.0,0.00%,0.0,0.0,0.00%,191620.0,191540.0
ANZ,80.0,0.0162%,0.0,0.00%,0.0,0.0,0.00%,493159.0,493079.0
4203,80.0,0.1584%,0.0,0.00%,0.0,0.0,0.00%,50599.0,50519.0
6770,80.0,0.0098%,0.0,0.00%,0.0,0.0,0.00%,818250.0,818170.0
NWG,80.0,0.0016%,15.34,-2.66%,15.2232,6113650.931223,61.31%,4967986.0,4967906.0
055550,80.0,0.0820%,0.0,0.00%,0.0,0.0,0.00%,97684.0,97604.0
S,78.0,0.0007%,15.74,-3.61%,15.8503,4617229.590631,-53.10%,10959910.0,10959832.0
NBIS,76.0,0.0407%,179.11,-3.76%,178.4975,11723280.455346,-16.63%,186580.0,186504.0
WRLD,75.0,0.0211%,148.32,0.06%,146.3486,209778.429342,0.45%,354861.0,354786.0
MIDD,75.0,0.0024%,151.0,-3.36%,151.263,889706.4277,23.55%,3163542.0,3163467.0
PFGC,74.0,0.0007%,95.03,1.02%,94.779,1821497.526297,-13.99%,11103450.0,11103376.0
7453,72.0,0.1836%,0.0,0.00%,0.0,0.0,0.00%,39290.0,39218.0
WSP,72.0,0.2073%,0.0,0.00%,0.0,0.0,0.00%,34800.0,34728.0
SUNB,72.0,0.2371%,72.5,0.79%,71.9558,3147807.408883,60.62%,30442.0,30370.0
HOLMB,72.0,0.1213%,0.0,0.00%,0.0,0.0,0.00%,59415.0,59343.0
AFRI,72.0,0.0771%,10.02,0.20%,10.0506,55185.1,67.92%,93459.0,93387.0
5901,72.0,0.0459%,0.0,0.00%,0.0,0.0,0.00%,157042.0,156970.0
2327,72.0,0.0111%,0.0,0.00%,0.0,0.0,0.00%,651173.0,651101.0
BZU,72.0,0.4450%,0.0,0.00%,0.0,0.0,0.00%,16252.0,16180.0
4151,72.0,0.1750%,0.0,0.00%,0.0,0.0,0.00%,41209.0,41137.0
CBA,72.0,0.0494%,0.0,0.00%,0.0,0.0,0.00%,145772.0,145700.0
3626,72.0,0.2130%,0.0,0.00%,0.0,0.0,0.00%,33876.0,33804.0
PNDORA,72.0,0.1346%,0.0,0.00%,0.0,0.0,0.00%,53583.0,53511.0
ORNBV,72.0,0.2813%,0.0,0.00%,0.0,0.0,0.00%,25665.0,25593.0
FWONA,69.0,0.0216%,83.03,-2.40%,83.6637,195018.860921,-9.34%,319125.0,319056.0
GNTX,69.0,0.0004%,22.97,-0.99%,23.0058,1739252.305088,-4.79%,15566675.0,15566606.0
ACM,69.0,0.0006%,69.95,-12.01%,71.6157,3702899.829971,119.44%,11126765.0,11126696.0
VOW3 GR,68.0,0.1834%,0.0,0.00%,0.0,0.0,0.00%,37146.0,37078.0
6383,64.0,0.0746%,0.0,0.00%,0.0,0.0,0.00%,85860.0,85796.0
8111,64.0,0.1420%,0.0,0.00%,0.0,0.0,0.00%,45130.0,45066.0
1928,64.0,0.0151%,0.0,0.00%,0.0,0.0,0.00%,423594.0,423530.0
8283,64.0,0.7312%,0.0,0.00%,0.0,0.0,0.00%,8817.0,8753.0
9147,64.0,0.0847%,0.0,0.00%,0.0,0.0,0.00%,75629.0,75565.0
018260,64.0,0.5693%,0.0,0.00%,0.0,0.0,0.00%,11306.0,11242.0
5411,64.0,0.0248%,0.0,0.00%,0.0,0.0,0.00%,258297.0,258233.0
MOWI,64.0,0.0377%,0.0,0.00%,0.0,0.0,0.00%,169860.0,169796.0
DPLM,64.0,0.1003%,0.0,0.00%,0.0,0.0,0.00%,63852.0,63788.0
COLOB,64.0,0.2264%,0.0,0.00%,0.0,0.0,0.00%,28331.0,28267.0
SOL,64.0,0.0069%,0.0,0.00%,0.0,0.0,0.00%,927005.0,926941.0
NDA,64.0,0.0123%,0.0,0.00%,0.0,0.0,0.00%,522288.0,522224.0
105560,64.0,0.1064%,0.0,0.00%,0.0,0.0,0.00%,60225.0,60161.0
NST,64.0,0.0794%,0.0,0.00%,0.0,0.0,0.00%,80643.0,80579.0
SCHP,64.0,0.2955%,26.78,-0.26%,26.7956,3470347.477746,73.00%,21720.0,21656.0
3774,64.0,0.3574%,0.0,0.00%,0.0,0.0,0.00%,17970.0,17906.0
SIKA,64.0,0.2184%,0.0,0.00%,0.0,0.0,0.00%,29374.0,29310.0
4613,64.0,0.0554%,0.0,0.00%,0.0,0.0,0.00%,115666.0,115602.0
EVN,64.0,0.0040%,10.68,0.19%,10.6485,125762.1838,59.07%,1593465.0,1593401.0
CABK,64.0,0.0019%,0.0,0.00%,0.0,0.0,0.00%,3329717.0,3329653.0
ANN,64.0,0.2743%,0.0,0.00%,0.0,0.0,0.00%,23395.0,23331.0
LOPE,63.0,0.0028%,161.21,-0.46%,161.7853,285815.45038,-4.73%,2282824.0,2282761.0
PNRG,63.0,0.2278%,250.65,4.35%,245.6578,35088.924591,-28.19%,27714.0,27651.0
ALLY,63.0,0.0003%,42.84,0.23%,42.7083,2795849.516658,-16.28%,19461912.0,19461849.0
LEA,62.0,0.0017%,136.28,-0.80%,136.055,471375.41072,19.16%,3727921.0,3727859.0
RBCAA,62.0,0.0180%,76.03,-0.18%,75.5144,71188.964313,-5.40%,345267.0,345205.0
UHALB,60.0,0.0034%,0.0,0.00%,0.0,0.0,0.00%,1750410.0,1750350.0
SEIC,59.0,0.0007%,92.29,0.76%,92.2594,983894.188814,66.09%,8639430.0,8639371.0
FLS,58.0,0.0007%,69.43,-1.89%,69.3347,2909115.082116,68.03%,8750223.0,8750165.0
003490,56.0,0.1014%,0.0,0.00%,0.0,0.0,0.00%,55302.0,55246.0
KSP,56.0,0.0839%,0.0,0.00%,0.0,0.0,0.00%,66770.0,66714.0
267250,56.0,0.1708%,0.0,0.00%,0.0,0.0,0.00%,32834.0,32778.0
2206,56.0,0.0157%,0.0,0.00%,0.0,0.0,0.00%,355697.0,355641.0
PKO,56.0,0.1273%,0.0,0.00%,0.0,0.0,0.00%,44044.0,43988.0
3099,56.0,0.1439%,0.0,0.00%,0.0,0.0,0.00%,38977.0,38921.0
DWS,56.0,0.6687%,0.0,0.00%,0.0,0.0,0.00%,8430.0,8374.0
5711,56.0,0.1020%,0.0,0.00%,0.0,0.0,0.00%,54972.0,54916.0
MT,56.0,0.0132%,62.0,-0.55%,61.1853,1993134.369977,43.55%,424692.0,424636.0
5471,56.0,0.0445%,0.0,0.00%,0.0,0.0,0.00%,125820.0,125764.0
9065,56.0,0.1428%,0.0,0.00%,0.0,0.0,0.00%,39271.0,39215.0
ERF,56.0,0.3578%,0.0,0.00%,0.0,0.0,0.00%,15709.0,15653.0
VALMT,56.0,0.2868%,0.0,0.00%,0.0,0.0,0.00%,19584.0,19528.0
6504,56.0,0.2431%,0.0,0.00%,0.0,0.0,0.00%,23090.0,23034.0
9684,56.0,0.1535%,0.0,0.00%,0.0,0.0,0.00%,36537.0,36481.0
AKZA,56.0,0.1133%,0.0,0.00%,0.0,0.0,0.00%,49492.0,49436.0
ALFA,56.0,0.0693%,0.0,0.00%,0.0,0.0,0.00%,80909.0,80853.0
4208,56.0,0.1511%,0.0,0.00%,0.0,0.0,0.00%,37109.0,37053.0
086790,56.0,0.1208%,0.0,0.00%,0.0,0.0,0.00%,46419.0,46363.0
MFT,56.0,1.3057%,0.0,0.00%,0.0,0.0,0.00%,4345.0,4289.0
SDZ,56.0,0.1313%,0.0,0.00%,0.0,0.0,0.00%,42698.0,42642.0
4091,56.0,0.2759%,0.0,0.00%,0.0,0.0,0.00%,20353.0,20297.0
FPE,56.0,1.3589%,18.12,-0.06%,18.1112,1011794.770639,44.63%,4177.0,4121.0
035420,56.0,0.3561%,0.0,0.00%,0.0,0.0,0.00%,15783.0,15727.0
G24,56.0,0.6748%,0.0,0.00%,0.0,0.0,0.00%,8355.0,8299.0
GET,56.0,0.1696%,0.0,0.00%,0.0,0.0,0.00%,33073.0,33017.0
2897,56.0,0.0062%,0.0,0.00%,0.0,0.0,0.00%,899358.0,899302.0
LOGN,56.0,0.1283%,0.0,0.00%,0.0,0.0,0.00%,43702.0,43646.0
7282,56.0,0.2195%,0.0,0.00%,0.0,0.0,0.00%,25567.0,25511.0
2282,56.0,0.1635%,0.0,0.00%,0.0,0.0,0.00%,34305.0,34249.0
BFC,55.0,0.0115%,144.29,-0.15%,142.7483,94985.105189,62.27%,479061.0,479006.0
IFCN,54.0,1.1600%,0.0,0.00%,0.0,0.0,0.00%,4709.0,4655.0
LLYVA,54.0,0.0220%,94.45,1.35%,94.182,210086.522462,40.21%,245326.0,245272.0
ESLT,54.0,0.0121%,802.21,0.91%,794.8623,109133.584307,-25.29%,445952.0,445898.0
TVGN,53.0,0.3115%,6.97,-0.43%,7.4795,68186.452638,1373.55%,17070.0,17017.0
LYEL,52.0,0.0831%,19.25,0.26%,19.1228,52797.235304,-45.65%,62641.0,62589.0
HHH,50.0,0.0116%,64.28,0.00%,63.9358,413594.575901,-12.08%,432259.0,432209.0
SPOT,49.0,0.0047%,432.75,3.16%,433.1148,1645989.636837,-16.27%,1033857.0,1033808.0
4182,48.0,0.0974%,0.0,0.00%,0.0,0.0,0.00%,49331.0,49283.0
FGR,48.0,0.2233%,0.0,0.00%,0.0,0.0,0.00%,21541.0,21493.0
FRE,48.0,0.0630%,0.0,0.00%,0.0,0.0,0.00%,76202.0,76154.0
RXL,48.0,0.0490%,45.0281,4.26%,44.9075,7234.173958,77.14%,98005.0,97957.0
SY1,48.0,0.3102%,0.0,0.00%,0.0,0.0,0.00%,15520.0,15472.0
CVC,48.0,0.0062%,0.0,0.00%,0.0,0.0,0.00%,771418.0,771370.0
SECUB,48.0,0.0299%,0.0,0.00%,0.0,0.0,0.00%,160653.0,160605.0
SGH,48.0,0.2569%,0.0,0.00%,0.0,0.0,0.00%,18735.0,18687.0
024110,48.0,0.0199%,0.0,0.00%,0.0,0.0,0.00%,241801.0,241753.0
EVD,48.0,0.8225%,0.0,0.00%,0.0,0.0,0.00%,5884.0,5836.0
HSBA,48.0,0.0004%,0.0,0.00%,0.0,0.0,0.00%,11442762.0,11442714.0
RHC,48.0,0.1683%,0.0,0.00%,0.0,0.0,0.00%,28564.0,28516.0
QBR/B,48.0,0.2528%,0.0,0.00%,0.0,0.0,0.00%,19034.0,18986.0
9041,48.0,0.0420%,0.0,0.00%,0.0,0.0,0.00%,114445.0,114397.0
WDP,48.0,0.0176%,0.0,0.00%,0.0,0.0,0.00%,272904.0,272856.0
8267,48.0,0.0033%,0.0,0.00%,0.0,0.0,0.00%,1439466.0,1439418.0
KOG,48.0,0.0119%,0.0,0.00%,0.0,0.0,0.00%,402959.0,402911.0
KMAR,48.0,0.3345%,31.1389,-0.44%,31.104,500.0,-85.25%,14396.0,14348.0
9001,48.0,0.0366%,0.0,0.00%,0.0,0.0,0.00%,131126.0,131078.0
078930,48.0,0.2214%,0.0,0.00%,0.0,0.0,0.00%,21730.0,21682.0
BIM,48.0,0.6178%,0.0,0.00%,0.0,0.0,0.00%,7817.0,7769.0
1925,48.0,0.0238%,0.0,0.00%,0.0,0.0,0.00%,201954.0,201906.0
SREN,48.0,0.0648%,0.0,0.00%,0.0,0.0,0.00%,74139.0,74091.0
ALLT,45.0,0.0343%,8.38,6.62%,8.2888,1040857.067482,71.79%,131274.0,131229.0
FCN,44.0,0.0019%,151.25,-4.93%,153.7205,786798.154973,72.08%,2349649.0,2349605.0
BAP,44.0,0.0548%,323.82,0.43%,323.3266,302610.653912,-4.94%,80405.0,80361.0
EEFT,44.0,0.0016%,69.98,0.55%,70.1062,599497.316795,-22.09%,2838088.0,2838044.0
CBC,44.0,0.0172%,27.22,-0.33%,27.1601,292081.860412,-75.49%,255922.0,255878.0
SUNC,43.0,0.0387%,69.25,4.78%,68.3065,817125.312995,-36.74%,111079.0,111036.0
VITL,42.0,0.0009%,8.65,-1.03%,8.5165,3791287.019132,-28.26%,4579847.0,4579805.0
ESAB,41.0,0.0011%,94.2,-2.45%,94.5551,488496.852165,-28.48%,3830757.0,3830716.0
UHAL,41.0,0.0364%,50.7,-2.39%,50.9904,167535.957738,-9.14%,112609.0,112568.0
026960,40.0,1.3017%,0.0,0.00%,0.0,0.0,0.00%,3113.0,3073.0
HNR1,40.0,0.2020%,0.0,0.00%,0.0,0.0,0.00%,19843.0,19803.0
SCMN,40.0,0.4891%,0.0,0.00%,0.0,0.0,0.00%,8219.0,8179.0
SPIE,40.0,0.0973%,0.0,0.00%,0.0,0.0,0.00%,41150.0,41110.0
GEBN,40.0,0.1509%,0.0,0.00%,0.0,0.0,0.00%,26547.0,26507.0
7747,40.0,0.0935%,0.0,0.00%,0.0,0.0,0.00%,42820.0,42780.0
COH,40.0,0.5455%,0.0,0.00%,0.0,0.0,0.00%,7373.0,7333.0
3659,40.0,0.0180%,0.0,0.00%,0.0,0.0,0.00%,221932.0,221892.0
MLSR,40.0,0.1114%,0.0,0.00%,0.0,0.0,0.00%,35957.0,35917.0
AC,40.0,0.0200%,0.0,0.00%,0.0,0.0,0.00%,200290.0,200250.0
4186,40.0,0.0507%,0.0,0.00%,0.0,0.0,0.00%,78909.0,78869.0
LDO,40.0,0.0125%,0.0,0.00%,0.0,0.0,0.00%,321294.0,321254.0
VOLVA,40.0,1.4099%,0.0,0.00%,0.0,0.0,0.00%,2877.0,2837.0
JCNC,40.0,0.0585%,0.0,0.00%,0.0,0.0,0.00%,68373.0,68333.0
EDEN,40.0,0.1943%,113.0448,0.82%,112.4328,8207.430319,-27.17%,20625.0,20585.0
DNB,40.0,0.0266%,0.0,0.00%,0.0,0.0,0.00%,150449.0,150409.0
4568,40.0,0.0087%,0.0,0.00%,0.0,0.0,0.00%,461709.0,461669.0
K,40.0,0.0039%,0.0,0.00%,0.0,0.0,0.00%,1017252.0,1017212.0
POST,40.0,0.0013%,102.75,2.21%,103.5151,1202520.007589,25.21%,3152909.0,3152869.0
9042,40.0,0.0412%,0.0,0.00%,0.0,0.0,0.00%,97041.0,97001.0
PZU,40.0,0.0553%,0.0,0.00%,0.0,0.0,0.00%,72316.0,72276.0
1801,40.0,0.0100%,0.0,0.00%,0.0,0.0,0.00%,399237.0,399197.0
IPN,40.0,0.4792%,0.0,0.00%,0.0,0.0,0.00%,8387.0,8347.0
IMO,40.0,0.0224%,133.42,2.45%,132.6481,509012.547792,-2.82%,178401.0,178361.0
282330,40.0,0.7570%,0.0,0.00%,0.0,0.0,0.00%,5324.0,5284.0
ROCKB,40.0,0.0978%,0.0,0.00%,0.0,0.0,0.00%,40924.0,40884.0
ALA,40.0,0.0322%,0.0,0.00%,0.0,0.0,0.00%,124138.0,124098.0
SVT,40.0,0.0183%,0.0,0.00%,0.0,0.0,0.00%,218940.0,218900.0
016360,40.0,0.3581%,0.0,0.00%,0.0,0.0,0.00%,11210.0,11170.0
STN,40.0,0.0061%,83.31,-3.04%,83.3739,463990.598456,93.05%,653642.0,653602.0
5021,40.0,0.1065%,0.0,0.00%,0.0,0.0,0.00%,37601.0,37561.0
DJEM6,38.0,0.0534%,0.0,0.00%,0.0,0.0,0.00%,71185.0,71147.0
GPOR,38.0,0.0036%,180.29,0.04%,179.88,349423.981441,-6.99%,1069305.0,1069267.0
277810,36.0,0.3433%,0.0,0.00%,0.0,0.0,0.00%,10521.0,10485.0
KBR,36.0,0.0004%,32.08,-1.20%,32.4214,1793261.296975,-7.87%,10075808.0,10075772.0
AZO,35.01000000000931,0.0043%,3409.81,-0.52%,3415.9715,359957.556402,28.35%,816206.81,816171.8
FUTU,34.0,0.1105%,137.03,-2.02%,136.7178,2539866.11613,-5.91%,30815.0,30781.0
FFH,34.0,1.1777%,0.0,0.00%,0.0,0.0,0.00%,2921.0,2887.0
WEX,34.0,0.0014%,135.78,-3.36%,137.1278,662120.519507,32.24%,2369547.0,2369513.0
HWRM6,33.0,14.5374%,0.0,0.00%,0.0,0.0,0.00%,260.0,227.0
WTB,32.0,0.1075%,0.0,0.00%,0.0,0.0,0.00%,29789.0,29757.0
2212,32.0,0.1254%,0.0,0.00%,0.0,0.0,0.00%,25553.0,25521.0
LIFCOB,32.0,0.2709%,0.0,0.00%,0.0,0.0,0.00%,11845.0,11813.0
4307,32.0,0.0401%,0.0,0.00%,0.0,0.0,0.00%,79916.0,79884.0
RRTL,32.0,0.2797%,0.0,0.00%,0.0,0.0,0.00%,11472.0,11440.0
HO,32.0,0.0728%,0.0,0.00%,0.0,0.0,0.00%,44006.0,43974.0
RYN,32.0,0.0002%,20.34,0.15%,20.43,2871209.470252,31.56%,18915341.0,18915309.0
SCHN,32.0,1.1519%,0.0,0.00%,0.0,0.0,0.00%,2810.0,2778.0
STR,32.0,0.0446%,0.0,0.00%,0.0,0.0,0.00%,71809.0,71777.0
068270,32.0,0.3831%,0.0,0.00%,0.0,0.0,0.00%,8385.0,8353.0
066570,32.0,0.0712%,0.0,0.00%,0.0,0.0,0.00%,44993.0,44961.0
9401,32.0,0.1366%,0.0,0.00%,0.0,0.0,0.00%,23462.0,23430.0
RO,32.0,1.0260%,0.0,0.00%,0.0,0.0,0.00%,3151.0,3119.0
6273,32.0,0.2125%,0.0,0.00%,0.0,0.0,0.00%,15093.0,15061.0
REA,32.0,0.2541%,27.6,14.52%,26.527,1145384.078112,69.59%,12626.0,12594.0
INDT,32.0,0.1539%,0.0,0.00%,0.0,0.0,0.00%,20819.0,20787.0
TOU,32.0,0.0692%,0.0,0.00%,0.0,0.0,0.00%,46247.0,46215.0
9142,32.0,0.0330%,0.0,0.00%,0.0,0.0,0.00%,97012.0,96980.0
9202,32.0,0.0223%,0.0,0.00%,0.0,0.0,0.00%,143835.0,143803.0
ATRL,32.0,0.0290%,0.0,0.00%,0.0,0.0,0.00%,110318.0,110286.0
8802,32.0,0.0038%,0.0,0.00%,0.0,0.0,0.00%,842477.0,842445.0
IXSM6,32.0,0.0517%,0.0,0.00%,0.0,0.0,0.00%,61886.0,61854.0
BKG,32.0,0.0395%,0.0,0.00%,0.0,0.0,0.00%,81030.0,80998.0
9706,32.0,0.5120%,0.0,0.00%,0.0,0.0,0.00%,6282.0,6250.0
9404,32.0,0.2698%,0.0,0.00%,0.0,0.0,0.00%,11891.0,11859.0
4716,32.0,0.2782%,0.0,0.00%,0.0,0.0,0.00%,11533.0,11501.0
1812,32.0,0.0071%,0.0,0.00%,0.0,0.0,0.00%,449076.0,449044.0
5444,32.0,0.4273%,0.0,0.00%,0.0,0.0,0.00%,7521.0,7489.0
MQG,32.0,0.0743%,0.0,0.00%,0.0,0.0,0.00%,43128.0,43096.0
DIE,32.0,0.1214%,0.0,0.00%,0.0,0.0,0.00%,26387.0,26355.0
KNIN,32.0,0.2078%,0.0,0.00%,0.0,0.0,0.00%,15429.0,15397.0
PGHN,32.0,0.1757%,0.0,0.00%,0.0,0.0,0.00%,18247.0,18215.0
AMUN,32.0,0.3162%,26.03,0.02%,26.0262,5.934,-99.93%,10151.0,10119.0
MZTF,32.0,0.0109%,0.0,0.00%,0.0,0.0,0.00%,294049.0,294017.0
000810,32.0,0.0281%,0.0,0.00%,0.0,0.0,0.00%,113808.0,113776.0
KNSA,28.0,0.0470%,59.48,1.90%,59.1699,511026.767987,28.02%,59620.0,59592.0
CSU,27.0,0.2040%,0.0,0.00%,0.0,0.0,0.00%,13265.0,13238.0
CROX,26.0,0.0007%,99.32,-1.10%,99.4247,1149356.266994,10.43%,3520727.0,3520701.0
AGCO,25.0,0.0006%,118.03,-0.67%,117.8724,625310.853029,17.54%,4285317.0,4285292.0
DOL,24.0,0.1335%,73.4516,-0.93%,73.1305,8709.0895,15.07%,18007.0,17983.0
MTLN,24.0,1.6151%,0.0,0.00%,0.0,0.0,0.00%,1510.0,1486.0
4704,24.0,0.0658%,0.0,0.00%,0.0,0.0,0.00%,36489.0,36465.0
CTC/A,24.0,0.1877%,0.0,0.00%,0.0,0.0,0.00%,12808.0,12784.0
259960,24.0,0.4620%,0.0,0.00%,0.0,0.0,0.00%,5219.0,5195.0
017670,24.0,0.0694%,0.0,0.00%,0.0,0.0,0.00%,34629.0,34605.0
271560,24.0,0.4938%,0.0,0.00%,0.0,0.0,0.00%,4884.0,4860.0
STMN,24.0,0.0753%,0.0,0.00%,0.0,0.0,0.00%,31901.0,31877.0
6856,24.0,0.3256%,0.0,0.00%,0.0,0.0,0.00%,7395.0,7371.0
AYI,24.0,0.0011%,288.14,-0.51%,287.0827,336096.605975,31.99%,2145602.0,2145578.0
KGH,24.0,0.1170%,0.0,0.00%,0.0,0.0,0.00%,20537.0,20513.0
8035,24.0,0.0234%,0.0,0.00%,0.0,0.0,0.00%,102651.0,102627.0
CLNX,24.0,0.0526%,0.0,0.00%,0.0,0.0,0.00%,45660.0,45636.0
9766,24.0,0.2448%,0.0,0.00%,0.0,0.0,0.00%,9827.0,9803.0
9983,24.0,0.1627%,0.0,0.00%,0.0,0.0,0.00%,14779.0,14755.0
ARGX,24.0,0.0055%,812.81,-0.06%,814.813,346244.5607,-30.47%,439756.0,439732.0
6806,24.0,0.4119%,0.0,0.00%,0.0,0.0,0.00%,5850.0,5826.0
SOON,24.0,0.2277%,0.0,0.00%,0.0,0.0,0.00%,10562.0,10538.0
CARLB,24.0,0.1005%,0.0,0.00%,0.0,0.0,0.00%,23902.0,23878.0
SOBI,24.0,0.1447%,0.0,0.00%,0.0,0.0,0.00%,16615.0,16591.0
4118,24.0,0.1704%,0.0,0.00%,0.0,0.0,0.00%,14112.0,14088.0
8830,24.0,0.0378%,0.0,0.00%,0.0,0.0,0.00%,63524.0,63500.0
DTG,24.0,0.0323%,17.22,-0.06%,17.2079,6903.347,-32.14%,74324.0,74300.0
REC,24.0,0.2204%,0.0,0.00%,0.0,0.0,0.00%,10911.0,10887.0
4967,24.0,0.0453%,0.0,0.00%,0.0,0.0,0.00%,53027.0,53003.0
HIMX,23.0,0.0016%,19.11,-7.46%,19.0313,9030064.477558,-33.25%,1394016.0,1393993.0
GLIBA,23.0,0.0178%,28.38,-1.15%,28.3737,48831.961059,-36.22%,128882.0,128859.0
GSIT,22.0,0.0255%,11.54,-1.54%,11.3445,4962069.73912,-64.25%,86184.0,86162.0
SHC,22.0,0.0001%,15.63,1.30%,15.4806,14767599.826613,388.05%,18875673.0,18875651.0
AIT,21.0,0.0008%,313.7,1.01%,312.9761,353511.060227,111.63%,2609088.0,2609067.0
RH,21.0,0.0020%,131.29,1.62%,130.6003,733084.048498,-29.90%,1043595.0,1043574.0
NSP,20.0,0.0003%,31.57,-2.65%,31.7885,553244.504621,11.24%,6701441.0,6701421.0
VFC,20.0,0.0001%,17.59,-1.95%,17.5431,7591764.91822,-3.76%,22690592.0,22690572.0
MFSM6 INDEX,19.0,135.7143%,0.0,0.00%,0.0,0.0,0.00%,33.0,14.0
MKL,18.0,0.0097%,1833.22,-0.30%,1838.9869,74260.567922,-5.73%,185034.0,185016.0
KRC,18.0,0.0002%,34.73,1.37%,34.6363,1839116.339692,60.02%,8612362.0,8612344.0
IXAM6,17.0,0.0109%,0.0,0.00%,0.0,0.0,0.00%,155669.0,155652.0
9104,16.0,0.0213%,0.0,0.00%,0.0,0.0,0.00%,75221.0,75205.0
ENLT,16.0,0.0010%,91.3,-2.63%,91.3545,150150.719619,-37.31%,1676924.0,1676908.0
EVO,16.0,0.0468%,3.0,-1.96%,2.9755,115839.07226,82.18%,34203.0,34187.0
GIB/A,16.0,0.0245%,0.0,0.00%,0.0,0.0,0.00%,65416.0,65400.0
PHOE,16.0,0.0073%,18.0,-11.50%,18.0971,45680.598502,-49.81%,220482.0,220466.0
HOT,16.0,0.1144%,0.0,0.00%,0.0,0.0,0.00%,14004.0,13988.0
REY,16.0,0.6121%,0.0,0.00%,0.0,0.0,0.00%,2630.0,2614.0
3349,16.0,0.1763%,0.0,0.00%,0.0,0.0,0.00%,9090.0,9074.0
2768,16.0,0.0090%,0.0,0.00%,0.0,0.0,0.00%,178012.0,177996.0
ANTO,16.0,0.0067%,0.0,0.00%,0.0,0.0,0.00%,239430.0,239414.0
7309,16.0,0.1339%,0.0,0.00%,0.0,0.0,0.00%,11963.0,11947.0
DANSKE,16.0,0.0043%,0.0,0.00%,0.0,0.0,0.00%,368512.0,368496.0
005380,16.0,0.0361%,0.0,0.00%,0.0,0.0,0.00%,44347.0,44331.0
4626,16.0,0.2247%,0.0,0.00%,0.0,0.0,0.00%,7137.0,7121.0
MTAV,16.0,0.0443%,0.0,0.00%,0.0,0.0,0.00%,36094.0,36078.0
LBRDA,16.0,0.0020%,34.47,0.17%,34.4978,213829.949923,4.19%,816417.0,816401.0
PSPN,16.0,0.0246%,0.0,0.00%,0.0,0.0,0.00%,65129.0,65113.0
OMV,16.0,0.0348%,0.0,0.00%,0.0,0.0,0.00%,45980.0,45964.0
001040,16.0,0.2275%,0.0,0.00%,0.0,0.0,0.00%,7050.0,7034.0
KBX,16.0,0.2244%,0.0,0.00%,0.0,0.0,0.00%,7147.0,7131.0
BKW,16.0,0.4467%,0.0,0.00%,0.0,0.0,0.00%,3598.0,3582.0
ZURN,16.0,0.0430%,0.0,0.00%,0.0,0.0,0.00%,37194.0,37178.0
5214,16.0,0.0258%,0.0,0.00%,0.0,0.0,0.00%,62073.0,62057.0
UHRN,16.0,1.2432%,0.0,0.00%,0.0,0.0,0.00%,1303.0,1287.0
PEO,16.0,0.0933%,26.09,0.93%,26.0534,56876.409665,-26.09%,17158.0,17142.0
DSV,16.0,0.0800%,0.0,0.00%,0.0,0.0,0.00%,20006.0,19990.0
8630,16.0,0.0037%,0.0,0.00%,0.0,0.0,0.00%,433443.0,433427.0
FHZN,16.0,0.0284%,0.0,0.00%,0.0,0.0,0.00%,56412.0,56396.0
AEM,15.0,0.0034%,197.05,0.11%,194.8566,1736400.272489,-17.47%,437708.0,437693.0
NOMD,12.0,0.0042%,9.21,-2.85%,9.2295,2882901.362911,24.33%,283434.0,283422.0
TTC,12.0,0.0001%,94.72,-0.25%,94.577,583783.918083,4.27%,8307513.0,8307501.0
INGM,12.0,0.0033%,26.31,-2.56%,26.3028,1409915.953081,-25.77%,363125.0,363113.0
MTRN,11.0,0.0003%,203.65,0.31%,203.0905,249733.898011,-36.48%,3245256.0,3245245.0
HWBM6,10.0,25.6410%,0.0,0.00%,0.0,0.0,0.00%,49.0,39.0
IXPM6,10.0,0.0136%,0.0,0.00%,0.0,0.0,0.00%,73559.0,73549.0
EBP,8.0,0.2228%,0.0,0.00%,0.0,0.0,0.00%,3598.0,3590.0
005387,8.0,0.8969%,0.0,0.00%,0.0,0.0,0.00%,900.0,892.0
005385,8.0,1.2966%,0.0,0.00%,0.0,0.0,0.00%,625.0,617.0
LONN,8.0,0.0646%,0.0,0.00%,0.0,0.0,0.00%,12389.0,12381.0
004370,8.0,0.6359%,0.0,0.00%,0.0,0.0,0.00%,1266.0,1258.0
000720,8.0,0.0127%,0.0,0.00%,0.0,0.0,0.00%,63116.0,63108.0
138040,8.0,0.0211%,0.0,0.00%,0.0,0.0,0.00%,37903.0,37895.0
AZRG,8.0,0.0154%,0.0,0.00%,0.0,0.0,0.00%,51836.0,51828.0
BIG,8.0,0.5232%,0.0,0.00%,0.0,0.0,0.00%,1537.0,1529.0
6201,8.0,0.8188%,0.0,0.00%,0.0,0.0,0.00%,985.0,977.0
329180,8.0,0.1346%,0.0,0.00%,0.0,0.0,0.00%,5950.0,5942.0
207940,8.0,0.9302%,0.0,0.00%,0.0,0.0,0.00%,868.0,860.0
3471,8.0,0.1500%,0.0,0.00%,0.0,0.0,0.00%,5342.0,5334.0
071050,8.0,0.1246%,0.0,0.00%,0.0,0.0,0.00%,6427.0,6419.0
090430,8.0,0.1382%,0.0,0.00%,0.0,0.0,0.00%,5797.0,5789.0
SPSN,8.0,0.0070%,0.0,0.00%,0.0,0.0,0.00%,113580.0,113572.0
005490,8.0,0.0272%,0.0,0.00%,0.0,0.0,0.00%,29440.0,29432.0
032830,8.0,0.0736%,0.0,0.00%,0.0,0.0,0.00%,10875.0,10867.0
034730,8.0,0.0619%,0.0,0.00%,0.0,0.0,0.00%,12939.0,12931.0
UHR,8.0,0.0878%,0.0,0.00%,0.0,0.0,0.00%,9122.0,9114.0
TUB,8.0,0.5935%,0.0,0.00%,0.0,0.0,0.00%,1356.0,1348.0
028260,8.0,0.0385%,0.0,0.00%,0.0,0.0,0.00%,20785.0,20777.0
064350,8.0,0.0744%,0.0,0.00%,0.0,0.0,0.00%,10761.0,10753.0
011780,8.0,0.1224%,0.0,0.00%,0.0,0.0,0.00%,6546.0,6538.0
CHE,8.0,0.0007%,419.65,-0.42%,419.0023,248540.036541,46.13%,1128793.0,1128785.0
FIBI,8.0,0.0059%,0.0,0.00%,0.0,0.0,0.00%,134533.0,134525.0
ELI,8.0,0.0168%,0.0,0.00%,0.0,0.0,0.00%,47496.0,47488.0
051900,8.0,0.0551%,0.0,0.00%,0.0,0.0,0.00%,14523.0,14515.0
CAP,8.0,0.0114%,0.0,0.00%,0.0,0.0,0.00%,70491.0,70483.0
009150,8.0,0.0391%,0.0,0.00%,0.0,0.0,0.00%,20483.0,20475.0
ANA,8.0,0.0659%,0.0,0.00%,0.0,0.0,0.00%,12139.0,12131.0
SETH,6.845000000001164,0.0030%,43.085,2.41%,43.2967,21437.9771,5.40%,226786.804,226779.959
MRAM,6.0,0.0109%,44.01,10.41%,39.1519,14008373.884002,-50.02%,55097.0,55091.0
NSA,6.0,0.0001%,43.58,-0.16%,43.4956,1331843.585832,43.35%,6150176.0,6150170.0
FAM6,5.0,0.0895%,0.0,0.00%,0.0,0.0,0.00%,5591.0,5586.0
FAM6 INDEX,4.0,133.3333%,0.0,0.00%,0.0,0.0,0.00%,7.0,3.0
CLB,4.0,0.0001%,13.18,-0.90%,13.1879,407113.249364,3.78%,6643982.0,6643978.0
SNOW,4.0,0.0001%,151.98,0.32%,151.3427,4877402.119596,1.62%,4019816.0,4019812.0
JBSS,3.0,0.0003%,76.41,1.26%,76.5571,123196.996961,49.26%,1160335.0,1160332.0
ICLR,3.0,0.0026%,121.94,2.51%,121.3657,803699.484863,-2.52%,117371.0,117368.0
UXM6,2.0,3.2258%,0.0,0.00%,0.0,0.0,0.00%,64.0,62.0
SIMO,1.0,0.0028%,258.71,-1.27%,251.9346,1036620.548971,-41.71%,35179.0,35178.0
MESM6,-1.0,-0.0433%,0.0,0.00%,0.0,0.0,0.00%,2307.0,2308.0
HWAM6,-1.0,-0.4444%,0.0,0.00%,0.0,0.0,0.00%,224.0,225.0
CACC,-2.0,-0.0024%,526.72,0.95%,524.6505,188479.877,-2.44%,82276.0,82278.0
AKE,-2.0,-0.0001%,0.0,0.00%,0.0,0.0,0.00%,3090069.0,3090071.0
SBSP3 BZ,-2.0,-75.7576%,0.0,0.00%,0.0,0.0,0.00%,0.64,2.64
UXK6,-3.0,-15.0000%,0.0,0.00%,0.0,0.0,0.00%,17.0,20.0
SPX,-4.490000000001601,-0.0522%,0.0,0.00%,0.0,0.0,0.00%,8601.369999999999,8605.86
HURC,-5.0,-0.0270%,16.67,-0.77%,16.7674,17666.3639,48.85%,18508.0,18513.0
HOFT,-5.0,-0.0139%,12.55,-1.95%,12.6145,41115.719825,-13.81%,35952.0,35957.0
MSA,-5.0,-0.0002%,169.55,0.58%,168.7157,308048.149357,27.67%,3220164.0,3220169.0
LQDT,-5.0,-0.0002%,33.58,-2.18%,33.6729,190031.083718,-36.17%,2977099.0,2977104.0
SRI,-5.0,-0.0065%,6.96,-4.53%,6.9792,233701.375221,6.28%,76454.0,76459.0
ASMB,-5.0,-0.0182%,30.82,1.35%,30.6338,60753.512765,-30.42%,27504.0,27509.0
UEIC,-5.0,-0.0126%,4.12,-2.60%,4.1023,77581.360371,70.25%,39662.0,39667.0
TWIN,-5.0,-0.0136%,18.59,0.49%,18.3641,36152.903847,-33.92%,36824.0,36829.0
BLLN,-5.0,-0.0107%,94.23,-11.05%,97.0587,1306379.100318,18.95%,46868.0,46873.0
PVH,-5.0,-0.0002%,82.48,-0.98%,81.916,1158917.390981,-4.93%,3285322.0,3285327.0
LNN,-6.0,-0.0004%,108.07,-0.73%,107.8183,225359.745283,34.48%,1413381.0,1413387.0
OSK,-6.0,-0.0001%,131.32,-2.02%,132.006,975784.203716,-27.62%,5522603.0,5522609.0
COLM,-10.0,-0.0005%,58.6,-1.08%,58.8752,506632.578669,3.10%,2009803.0,2009813.0
CRD/A,-10.0,-0.0779%,0.0,0.00%,0.0,0.0,0.00%,12833.0,12843.0
CMTL,-10.0,-0.0122%,3.66,-2.66%,3.6486,147251.728639,-60.19%,81986.0,81996.0
CVEO,-10.0,-0.0930%,32.27,1.16%,32.2889,93769.8102,-23.20%,10745.0,10755.0
EXOD,-10.0,-0.0064%,6.97,-9.60%,7.1773,68687.30659,-40.25%,155095.0,155105.0
WW,-10.0,-0.1080%,9.64,-3.50%,9.8475,189138.406736,-42.28%,9247.0,9257.0
SPRO,-10.0,-0.0216%,2.54,-0.39%,2.5161,350939.57037,-18.74%,46384.0,46394.0
ANDG,-10.0,-0.0363%,36.38,-0.74%,36.2645,516593.522929,149.39%,27571.0,27581.0
ALXO,-10.0,-0.0921%,2.03,-2.40%,2.0947,595764.300278,-33.20%,10849.0,10859.0
MANE,-10.0,-0.0438%,103.9,-3.91%,105.4108,560485.044424,44.94%,22830.0,22840.0
AMWL,-10.0,-0.1033%,7.89,-3.19%,7.8344,85281.338045,19.49%,9670.0,9680.0
HNGE,-10.0,-0.0181%,55.22,0.88%,54.8055,1155288.507504,-35.17%,55373.0,55383.0
BIO,-12.0,-0.0010%,241.71,-0.85%,242.7564,277685.576507,-35.55%,1231573.0,1231585.0
EQPT,-15.0,-0.0116%,24.55,5.50%,24.289,3986736.477431,64.80%,128831.0,128846.0
NNBR,-15.0,-0.0110%,2.37,-8.14%,2.3984,1276661.37397,13.02%,135749.0,135764.0
STRO,-15.0,-0.0393%,40.91,4.07%,40.4217,224695.821965,13.33%,38110.0,38125.0
ARTNA,-15.0,-0.0318%,32.84,2.11%,32.6335,82627.646755,93.52%,47221.0,47236.0
FBRX,-15.0,-0.0265%,24.29,-6.58%,24.6717,262225.2687,-39.86%,56673.0,56688.0
STTK,-15.0,-0.0400%,6.62,-5.70%,6.6571,1085574.198626,139.80%,37460.0,37475.0
MCRB,-15.0,-0.0482%,7.96,1.53%,7.8392,23997.901681,-30.16%,31135.0,31150.0
KPTI,-15.0,-0.0247%,8.915,1.19%,8.9378,275585.838501,-40.95%,60642.0,60657.0
ISSC,-15.0,-0.0193%,21.22,-0.70%,21.0871,367265.202556,18.61%,77590.0,77605.0
IVV US FLEX,-15.0,-0.2055%,0.0,0.00%,0.0,0.0,0.00%,7286.0,7301.0
JHG,-15.0,-0.0002%,51.7,0.06%,51.6143,12730829.385358,755.48%,9059581.0,9059596.0
FIG,-20.0,-0.0781%,19.33,-3.59%,19.4645,10118838.38705,-28.65%,25593.0,25613.0
NP,-20.0,-0.0393%,28.54,-6.98%,28.1201,341119.628581,-30.38%,50844.0,50864.0
LPA,-20.0,-0.0547%,3.58,4.99%,3.6377,47548.420012,26.50%,36541.0,36561.0
FOSL,-20.0,-0.0015%,3.95,-11.24%,3.9741,1931839.358691,237.29%,1341385.0,1341405.0
DHX,-20.0,-0.0164%,3.64,-4.71%,3.6071,423439.10186,-60.31%,121897.0,121917.0
SENS,-20.0,-0.0397%,5.76,-0.17%,5.6336,818958.405135,-65.72%,50343.0,50363.0
AVTX,-20.0,-0.0152%,19.94,-1.53%,19.9713,1708740.714771,-40.70%,131235.0,131255.0
XFOR,-20.0,-0.1004%,4.34,-3.56%,4.3434,401007.062582,-10.86%,19900.0,19920.0
NYCB,-22.0,-0.0111%,0.0,0.00%,0.0,0.0,0.00%,198753.0,198775.0
ARMK,-23.0,-0.0001%,48.41,8.64%,48.4656,7816196.853894,32.70%,17819245.0,17819268.0
RWAY,-25.0,-0.0091%,6.66,2.62%,6.5537,961723.921837,-8.96%,274175.0,274200.0
SDEV,-25.0,-0.0439%,1.74,5.45%,1.7561,131768.635934,-20.20%,56930.0,56955.0
SEER,-25.0,-0.0182%,1.82,-0.55%,1.8292,248997.5,86.77%,137080.0,137105.0
VELO,-25.0,-0.0427%,14.06,-2.83%,15.3236,2744443.792131,2.09%,58572.0,58597.0
LUCK,-25.0,-0.0477%,8.15,2.90%,8.0003,136795.339286,56.20%,52401.0,52426.0
ASSE,-26.0,-0.0114%,0.0,0.00%,0.0,0.0,0.00%,227555.0,227581.0
EHC,-26.0,-0.0004%,108.08,3.11%,107.8161,1069147.952592,85.35%,7088175.0,7088201.0
FLYX,-26.0,-0.0473%,2.16,-5.68%,2.1942,591232.815942,86.76%,54914.0,54940.0
SAM,-27.0,-0.0031%,181.82,-3.56%,184.4914,400475.432446,32.11%,868138.0,868165.0
CXT,-27.0,-0.0008%,42.65,-4.11%,42.5403,796780.235275,-16.57%,3425997.0,3426024.0
UMAC,-30.0,-0.0028%,14.12,-7.95%,14.3908,3723899.481193,-29.70%,1057253.0,1057283.0
IPGP,-30.0,-0.0015%,102.61,-0.84%,101.2003,398220.650612,-14.29%,1963631.0,1963661.0
PTRN,-30.0,-0.0386%,16.53,3.05%,16.4094,1757676.406238,5.85%,77701.0,77731.0
TASK,-30.0,-0.0568%,5.82,-0.51%,5.8285,780853.885849,-32.84%,52809.0,52839.0
LESL,-30.0,-0.0703%,1.51,2.03%,1.465,89474.88627,11.11%,42629.0,42659.0
DXLG,-30.0,-0.0188%,0.71,9.01%,0.7407,780888.648785,2207.41%,159144.0,159174.0
FROG,-30.0,-0.0127%,67.55,-2.12%,67.1648,3853507.502427,-1.97%,235380.0,235410.0
ARAI,-32.0,-0.0613%,0.69,-6.72%,0.7027,834953.499382,-48.65%,52139.0,52171.0
AGNT,-32.0,-0.0003%,5.215,-13.66%,5.4419,1566777.472364,-16.82%,12141958.0,12141990.0
BFS,-32.0,-0.0016%,34.43,-0.03%,34.71,66658.514815,-0.14%,2043775.0,2043807.0
AXTI,-33.0,-0.0143%,122.9,-2.31%,120.3943,7126528.014247,-41.17%,230913.0,230946.0
CRTO,-35.0,-0.1318%,16.2,0.56%,16.1949,463525.057275,15.48%,26521.0,26556.0
FCRX,-35.0,-0.0114%,25.12,-0.28%,25.1259,4348.0,115.57%,306014.0,306049.0
MERC,-35.0,-0.0072%,0.88,4.49%,0.8467,602603.116109,-30.22%,486354.0,486389.0
PETS,-35.0,-0.0177%,2.22,-1.77%,2.2499,40909.131398,-13.51%,197603.0,197638.0
LINE,-37.0,-0.0030%,38.89,-1.09%,38.8392,1266019.733315,-2.26%,1240083.0,1240120.0
XRAY,-37.0,-0.0002%,11.0,0.82%,11.0992,4794697.195266,-23.06%,14830192.0,14830229.0
RTYM6,-38.0,-0.2794%,0.0,0.00%,0.0,0.0,0.00%,13561.0,13599.0
CHYM,-40.0,-0.0083%,18.1,-0.71%,17.9975,5643610.434022,4.26%,480432.0,480472.0
LPTH,-40.0,-0.0176%,12.21,-4.72%,12.0567,2727794.300481,-40.95%,226900.0,226940.0
PSEC,-41.0,-0.0114%,2.35,-2.29%,2.3368,12051387.515331,60.97%,359877.0,359918.0
BYD,-41.0,-0.0009%,82.21,-0.65%,82.4446,932761.31926,25.17%,4722941.0,4722982.0
EAF,-45.0,-0.0519%,9.18,-8.47%,9.3526,174803.395469,-36.03%,86609.0,86654.0
FPS,-45.0,-0.0400%,43.01,-0.02%,42.2176,4222230.001716,9.39%,112550.0,112595.0
PAY,-45.0,-0.0235%,26.54,-0.49%,26.4524,687498.968817,-21.53%,191490.0,191535.0
BFA,-47.0,-0.0065%,0.0,0.00%,0.0,0.0,0.00%,719582.0,719629.0
ELF,-50.0,-0.0013%,55.66,0.85%,55.0986,3772331.514555,-41.17%,3972773.0,3972823.0
OVID,-50.0,-0.0486%,2.87,2.87%,2.8451,4826766.563239,27.21%,102806.0,102856.0
ASTH,-50.0,-0.0009%,39.01,2.74%,38.4896,601429.005218,7.19%,5460167.0,5460217.0
PLCE,-50.0,-0.0569%,3.1,-2.21%,3.1141,100533.414649,-27.33%,87801.0,87851.0
NSA PR B,-50.0,-0.0128%,0.0,0.00%,0.0,0.0,0.00%,389344.0,389394.0
ZBIO,-50.0,-0.0023%,19.16,-6.08%,19.5434,296953.759557,-22.77%,2138836.0,2138886.0
SLNH,-50.0,-0.0038%,1.78,2.89%,1.6246,24316800.143753,-14.01%,1308576.0,1308626.0
AHH,-53.0,-0.0113%,0.0,0.00%,0.0,0.0,0.00%,469105.0,469158.0
CIONI,-54.0,-0.0114%,0.0,0.00%,0.0,0.0,0.00%,474721.0,474775.0
KDK,-55.0,-0.0116%,7.93,5.87%,7.8378,1551495.320298,7.51%,474260.0,474315.0
RPM,-55.0,-0.0005%,99.23,-0.31%,99.3643,771660.445109,29.86%,10342321.0,10342376.0
IPSC,-55.0,-0.0887%,2.29,0.00%,2.2795,610434.357704,-24.45%,61922.0,61977.0
CUZ,-58.0,-0.0004%,26.43,0.53%,26.354,3082341.848116,36.56%,13173737.0,13173795.0
SAR,-58.0,-0.0098%,22.13,1.37%,22.0812,88251.395739,-19.99%,591944.0,592002.0
CAR,-58.0,-0.0042%,150.54,-0.43%,152.0613,476339.967041,-39.49%,1392142.0,1392200.0
STUB,-60.0,-0.0454%,7.32,-3.43%,7.2905,6898579.174124,100.83%,132055.0,132115.0
MMYT,-60.0,-0.0793%,44.97,-2.85%,45.3166,657161.482903,-28.76%,75646.0,75706.0
IMSR,-60.0,-0.0397%,7.38,-3.66%,7.1879,2870383.157708,-14.75%,151104.0,151164.0
WTM,-64.0,-0.1685%,2109.2,-1.14%,2125.4363,22395.120009,6.86%,37917.0,37981.0
JJSF,-65.0,-0.0031%,69.9,-0.67%,69.8201,317660.692816,-11.85%,2065848.0,2065913.0
MDB,-65.0,-0.0054%,308.72,4.78%,310.193,2653971.890695,84.09%,1214496.0,1214561.0
REXR,-65.0,-0.0004%,35.45,-1.23%,35.5236,2296016.127732,37.46%,17522291.0,17522356.0
THO,-66.0,-0.0017%,74.7,0.05%,74.7849,1019497.856521,9.52%,3771369.0,3771435.0
6946 JP,-70.0,-0.0848%,0.0,0.00%,0.0,0.0,0.00%,82448.0,82518.0
RLMD,-70.0,-0.0515%,7.45,1.22%,7.3123,1442047.345817,61.22%,135820.0,135890.0
SNX,-73.0,-0.0013%,230.9,-2.58%,230.6998,605333.822379,-20.98%,5608991.0,5609064.0
NXST,-73.0,-0.0027%,197.3,-2.71%,199.7148,524403.471047,39.74%,2743612.0,2743685.0
TRIN,-73.0,-0.0046%,16.92,0.77%,16.824,891502.870146,-35.84%,1600678.0,1600751.0
NOTV,-75.0,-0.0439%,0.2469,-15.91%,0.267,1142766.009053,330.68%,170959.0,171034.0
SAIC,-76.0,-0.0022%,94.0,1.46%,94.2083,475113.098027,-7.99%,3428699.0,3428775.0
FR,-76.0,-0.0007%,62.39,0.02%,62.2966,735401.01099,26.88%,10540235.0,10540311.0
GSL,-79.0,-0.0226%,41.79,0.02%,41.5409,355860.393255,27.50%,350215.0,350294.0
SSYS,-80.0,-0.0053%,8.59,0.59%,8.5595,1406374.516782,2.57%,1521553.0,1521633.0
STAG,-80.0,-0.0005%,38.65,0.23%,38.618,850911.547616,-38.56%,14674883.0,14674963.0
ATR,-81.0,-0.0016%,118.05,-1.59%,119.0055,696844.976634,-1.32%,5160502.0,5160583.0
ANAB,-83.0,-0.0053%,65.58,-3.45%,65.2371,854058.563127,69.41%,1562448.0,1562531.0
MHLD,-84.0,-0.0113%,0.0,0.00%,0.0,0.0,0.00%,741777.0,741861.0
LWLG,-85.0,-0.0062%,15.93,-5.52%,15.8113,7210741.779269,-21.98%,1371318.0,1371403.0
LPX,-89.0,-0.0018%,71.75,-1.69%,72.0741,1296736.081735,7.19%,5077383.0,5077472.0
TGP,-89.0,-0.0113%,0.0,0.00%,0.0,0.0,0.00%,790238.0,790327.0
BRBR,-90.0,-0.0011%,9.48,0.85%,9.54,3791529.821666,-27.73%,8182278.0,8182368.0
WFG,-90.0,-0.0303%,60.52,-0.10%,60.592,104863.336195,-23.88%,297313.0,297403.0
MOG/A,-90.0,-0.0153%,0.0,0.00%,0.0,0.0,0.00%,586364.0,586454.0
INH,-92.0,-0.0075%,0.0,0.00%,0.0,0.0,0.00%,1232543.0,1232635.0
BRX,-94.0,-0.0004%,29.94,0.34%,29.8964,2292755.181324,-11.98%,24476154.0,24476248.0
IHS,-95.0,-0.0312%,8.26,0.24%,8.2533,962446.705272,23.72%,304068.0,304163.0
PLRX,-100.0,-0.0373%,1.18,-1.67%,1.1857,269369.764731,45.12%,268218.0,268318.0
MGNX,-100.0,-0.0379%,3.52,19.32%,3.6606,9609972.316985,978.50%,263868.0,263968.0
ONTO,-102.0,-0.0029%,277.94,-3.33%,273.8961,1164232.145278,54.66%,3530450.0,3530552.0
NGL,-105.0,-0.0113%,16.69,-0.42%,16.5299,288370.64833,39.40%,928502.0,928607.0
GAIN,-106.0,-0.0101%,16.92,2.61%,16.7855,496531.365853,70.98%,1047023.0,1047129.0
NMFC,-108.0,-0.0041%,8.12,0.62%,8.0668,464644.086954,-11.19%,2626169.0,2626277.0
AQNCN,-109.0,-0.0113%,0.0,0.00%,0.0,0.0,0.00%,964934.0,965043.0
CHPT,-110.0,-0.0786%,6.23,-2.81%,6.2452,362001.830654,-28.70%,139866.0,139976.0
DLO,-110.0,-0.0556%,12.69,-4.30%,12.8114,2522376.061118,7.12%,197633.0,197743.0
ZNTL,-110.0,-0.0382%,4.28,3.38%,4.201,435660.24664,-39.78%,287472.0,287582.0
ALTO,-110.0,-0.0534%,4.62,-5.71%,4.6558,3654054.196452,21.96%,205727.0,205837.0
TFPM,-114.0,-0.3179%,35.33,-0.53%,35.1307,457114.418396,-50.13%,35741.0,35855.0
HMN,-114.0,-0.0013%,44.42,0.29%,44.4238,161310.93542,0.55%,9043149.0,9043263.0
SBET,-115.0,-0.0344%,7.17,-7.60%,7.2374,9023892.800689,-9.94%,334582.0,334697.0
SCI,-119.0,-0.0012%,77.68,0.39%,77.5758,1466183.524602,69.94%,9960146.0,9960265.0
MAT,-119.0,-0.0006%,15.18,1.27%,15.2854,6142609.149262,49.25%,21286691.0,21286810.0
AMPY,-120.0,-0.0268%,5.27,-3.83%,5.2086,1434404.787828,57.66%,447799.0,447919.0
CCK,-124.0,-0.0014%,100.08,-0.30%,100.0953,1341873.124463,12.18%,8583286.0,8583410.0
BW,-124.0,-0.0185%,19.75,4.44%,18.8548,5019350.477675,-45.56%,670076.0,670200.0
NPK,-125.0,-0.0122%,135.83,-3.52%,134.2382,84218.813206,-29.54%,1021940.0,1022065.0
ONL,-125.0,-0.0350%,2.92,1.74%,2.9075,304350.840477,-17.09%,356901.0,357026.0
XRX,-126.0,-0.0014%,2.73,2.63%,2.6419,6247297.84457,-24.07%,9077168.0,9077294.0
CTBI,-126.0,-0.0170%,64.85,-0.40%,64.551,85252.439264,-27.86%,742009.0,742135.0
194480 KS,-126.0,-1.1111%,0.0,0.00%,0.0,0.0,0.00%,11214.0,11340.0
CNXC,-129.0,-0.0038%,22.9,-1.46%,22.7081,2578803.937098,57.81%,3439726.0,3439855.0
010130 KS,-130.0,-0.0902%,0.0,0.00%,0.0,0.0,0.00%,144054.0,144184.0
AIV,-135.0,-0.0894%,4.28,-0.93%,4.2948,1028488.658808,-54.68%,150848.0,150983.0
FAMCA,-139.0,-0.0113%,0.0,0.00%,0.0,0.0,0.00%,1231060.0,1231199.0
TVA,-145.0,-0.0114%,10.48,-0.29%,10.4924,29209.0,-3.90%,1274437.0,1274582.0
RMS,-145.0,-0.1373%,0.0,0.00%,0.0,0.0,0.00%,105474.0,105619.0
SAIA,-146.0,-0.0079%,434.98,-2.51%,431.4853,428535.394153,63.97%,1845947.0,1846093.0
YETI,-148.0,-0.0025%,39.7,-2.98%,39.7277,1365235.006432,-17.84%,5972850.0,5972998.0
CDLX,-150.0,-0.0490%,0.6752,3.72%,0.654,1360524.597807,8.01%,306237.0,306387.0
EAT,-152.0,-0.0028%,135.33,-3.07%,137.3486,1027662.012751,-12.40%,5384288.0,5384440.0
036570 KS,-159.0,-0.3993%,0.0,0.00%,0.0,0.0,0.00%,39658.0,39817.0
ADC,-160.0,-0.0016%,76.54,0.20%,76.5099,931056.780987,28.42%,9918841.0,9919001.0
ARW,-161.0,-0.0043%,201.46,-0.54%,200.2968,767967.067145,-0.56%,3708574.0,3708735.0
PALI,-165.0,-0.0440%,1.92,-1.03%,1.9382,1808463.261701,-36.06%,374436.0,374601.0
ERO,-168.0,-0.5565%,31.89,10.08%,30.9028,2508464.83956,57.22%,30018.0,30186.0
ADYEN,-168.0,-0.5080%,0.0,0.00%,0.0,0.0,0.00%,32904.0,33072.0
FLO,-169.0,-0.0008%,8.09,-1.58%,8.164,7623287.739635,40.23%,21130658.0,21130827.0
HII,-170.18999999947846,-0.0040%,333.56,4.98%,330.4077,928400.400154,30.71%,4210205.5600000005,4210375.75
LSTR,-174.0,-0.0065%,175.74,-1.78%,175.2178,421431.611867,18.17%,2657211.0,2657385.0
SLGN,-174.0,-0.0025%,39.31,-0.73%,39.4041,792187.4115,25.30%,6991023.0,6991197.0
GPMT,-179.0,-0.0142%,1.32,-7.04%,1.3307,391611.348858,314.49%,1257053.0,1257232.0
112040 KS,-183.0,-1.1235%,0.0,0.00%,0.0,0.0,0.00%,16105.0,16288.0
XXI,-195.0,-0.0420%,8.35,-4.35%,8.3367,837618.106008,-22.73%,463704.0,463899.0
SDTTR TI,-200.0,-0.0836%,0.0,0.00%,0.0,0.0,0.00%,238979.0,239179.0
AM FP,-200.0,-0.0831%,0.0,0.00%,0.0,0.0,0.00%,240588.0,240788.0
RHM,-208.0,-0.3005%,0.0,0.00%,0.0,0.0,0.00%,69010.0,69218.0
LEVI,-210.0,-0.0521%,21.56,-1.33%,21.5807,3941767.985528,8.50%,402583.0,402793.0
CASY,-215.87999999988824,-0.0091%,867.19,-1.13%,869.4946,475009.911732,28.13%,2371321.19,2371537.07
AVT,-223.0,-0.0036%,82.11,-0.91%,81.5773,1076355.626011,47.56%,6231704.0,6231927.0
BC,-229.0,-0.0042%,77.5,-2.55%,77.6351,607536.94292,42.53%,5440845.0,5441074.0
KRYS,-230.0,-0.0060%,310.31,-0.82%,310.6904,316289.296414,-18.19%,3861452.0,3861682.0
NRUC,-234.0,-0.0223%,24.21,1.04%,24.106,24800.931,302.82%,1050259.0,1050493.0
251270 KS,-240.0,-1.1337%,0.0,0.00%,0.0,0.0,0.00%,20929.0,21169.0
SRAD,-244.0,-3.0542%,12.66,-1.09%,12.9062,4472807.783685,60.49%,7745.0,7989.0
GDRX,-250.0,-0.0288%,2.69,-5.28%,2.691,1374548.810958,-28.69%,868697.0,868947.0
AVTR,-253.0,-0.0006%,8.17,2.51%,8.1508,9756056.022053,44.94%,45668901.0,45669154.0
KNSL,-254.0,-0.0132%,303.19,1.16%,303.2063,370951.142561,37.98%,1925243.0,1925497.0
ONDS,-255.0,-0.0045%,9.04,-4.03%,9.0192,37093825.390632,-16.95%,5665780.0,5666035.0
259960 KS,-255.0,-0.3080%,0.0,0.00%,0.0,0.0,0.00%,82540.0,82795.0
EGP,-257.0,-0.0060%,204.0,0.01%,203.6866,241488.044595,-26.84%,4253857.23,4254114.23
REX,-258.0,-0.0060%,49.35,-0.10%,49.3344,145162.952723,15.74%,4298559.0,4298817.0
NAKA,-260.0,-0.0206%,0.1756,-2.93%,0.1741,4915011.467027,24.97%,1263080.0,1263340.0
RHM GR,-260.0,-0.0846%,0.0,0.00%,0.0,0.0,0.00%,306892.0,307152.0
CHGG,-260.0,-0.0882%,0.9277,-7.23%,0.9524,3032080.562346,-13.79%,294660.0,294920.0
HTB,-272.0,-0.0377%,45.9,0.35%,45.6717,62988.189,11.07%,721049.0,721321.0
UTHR,-277.0,-0.0066%,581.74,2.08%,579.8767,397479.84025,-13.72%,4199377.0,4199654.0
TRAX,-280.0,-0.0219%,17.81,-5.06%,17.0051,1004560.979209,190.71%,1278601.0,1278881.0
ANGINC,-282.0,-0.0197%,0.0,0.00%,0.0,0.0,0.00%,1430156.0,1430438.0
KEX,-285.0,-0.0075%,143.07,-2.07%,142.9138,499646.649033,-41.46%,3798100.0,3798385.0
3765 JP,-288.0,-1.1273%,0.0,0.00%,0.0,0.0,0.00%,25260.0,25548.0
MRCY,-289.0,-0.0027%,92.32,0.40%,91.0207,462850.329964,-9.12%,10737421.0,10737710.0
SM,-291.0,-0.0009%,31.35,2.22%,31.1629,3809984.888063,-13.18%,32723344.0,32723635.0
TKO,-297.1699999999255,-0.0034%,183.33,-0.63%,183.9639,1036777.860556,-59.62%,8750800.33,8751097.5
TDG,-300.4799999999814,-0.0088%,1191.19,-0.62%,1189.0809,486135.09764,20.02%,3410305.19,3410605.67
ULS,-301.0,-0.0065%,97.25,-0.49%,96.0387,763486.673687,11.64%,4645370.0,4645671.0
263750 KS,-303.0,-0.2650%,0.0,0.00%,0.0,0.0,0.00%,114056.0,114359.0
MIAX,-303.0,-0.0262%,52.47,0.54%,52.3336,1999996.517841,29.92%,1155541.0,1155844.0
LXRX,-303.0,-0.0590%,2.41,4.33%,2.3761,6253566.876363,-55.26%,513328.0,513631.0
FNV,-304.0,-0.3506%,237.0,-0.25%,234.5763,1200036.996689,42.69%,86412.0,86716.0
9766 JP,-309.0,-0.2573%,0.0,0.00%,0.0,0.0,0.00%,119766.0,120075.0
ESLT IT,-310.0,-0.0842%,0.0,0.00%,0.0,0.0,0.00%,368044.0,368354.0
PVLA,-314.0,-0.0518%,125.79,3.03%,123.9895,155329.802723,-54.18%,605690.0,606004.0
SMRT,-315.0,-0.0600%,1.14,-3.39%,1.1651,667069.779207,-65.62%,524583.0,524898.0
CGAU,-322.0,-0.7005%,18.85,0.64%,18.5662,1231623.89278,-22.01%,45645.0,45967.0
ARIS,-332.0,-0.5572%,20.41,1.14%,20.135,954261.346188,-16.86%,59251.0,59583.0
225570 KS,-336.0,-1.1354%,0.0,0.00%,0.0,0.0,0.00%,29257.0,29593.0
XPO,-340.0,-0.0040%,196.02,-2.77%,195.6747,1868901.79298,116.14%,8516990.0,8517330.0
DAR,-342.0,-0.0031%,63.46,-0.56%,63.9112,2688073.215575,-30.79%,11210861.0,11211203.0
TRPCN,-346.0,-0.0221%,0.0,0.00%,0.0,0.0,0.00%,1562975.0,1563321.0
CLBK,-351.0,-0.0318%,19.21,-1.18%,19.2355,398711.01825,-13.38%,1103276.0,1103627.0
KALV,-353.0,-0.0118%,26.73,0.07%,26.7119,2247531.683096,16.11%,3001562.0,3001915.0
BFB,-363.26999999955297,-0.0069%,0.0,0.00%,0.0,0.0,0.00%,5286598.5600000005,5286961.83
DMRA,-378.0,-0.3673%,23.09,-5.21%,22.9769,528493.254141,110.79%,102545.0,102923.0
BH,-383.0,-0.8990%,255.64,3.15%,249.7761,73923.844289,-19.70%,42219.0,42602.0
EGO,-384.0,-0.7063%,35.53,3.28%,35.0462,3670381.895349,-5.27%,53985.0,54369.0
TRU,-384.0,-0.0029%,69.2,-1.13%,69.4451,2093443.6588,32.48%,13182700.0,13183084.0
INGR,-385.0,-0.0073%,106.76,0.53%,106.8997,774257.208811,-4.39%,5238979.0,5239364.0
OAK,-387.0,-0.0222%,0.0,0.00%,0.0,0.0,0.00%,1745364.0,1745751.0
CVNA,-390.50999999791384,-0.0009%,73.72,-3.29%,74.0899,7886744.26961,11.18%,42379588.72,42379979.23
MKTX,-411.0,-0.0107%,141.37,-2.64%,142.4911,617296.330132,-11.08%,3830205.0,3830616.0
AUGO,-411.0,-0.7605%,83.72,3.28%,83.1812,901325.206878,-5.89%,53629.0,54040.0
293490 KS,-423.0,-1.1308%,0.0,0.00%,0.0,0.0,0.00%,36983.0,37406.0
BHRB,-424.0,-0.0614%,62.33,-1.16%,62.4942,153821.855675,-6.06%,690028.0,690452.0
GEVO,-428.0,-0.0026%,1.71,-2.84%,1.6771,4711297.42362,12.01%,16232871.0,16233299.0
SPCE,-430.0,-0.0616%,2.79,-4.45%,2.7809,6967647.17913,-34.52%,698185.0,698615.0
ORLA,-432.0,-0.6972%,14.47,-2.30%,14.3648,2497231.567533,-42.93%,61527.0,61959.0
SKWD,-432.0,-0.0277%,45.37,-1.03%,45.252,493787.503129,11.65%,1560322.0,1560754.0
RILY,-434.0,-0.0150%,8.71,-3.76%,8.6829,1031012.967351,-43.21%,2887593.0,2888027.0
EIG,-445.0,-0.0161%,41.33,-0.19%,41.3837,193759.23468,2.07%,2764326.0,2764771.0
SMBC,-454.0,-0.1041%,67.92,-0.15%,67.4736,64935.582813,-36.60%,435727.0,436181.0
CAPR,-454.0,-0.0148%,31.52,-1.19%,31.467,1057078.316185,-36.75%,3057302.0,3057756.0
NKTR,-456.0,-0.1280%,78.43,-0.37%,77.8795,774310.176271,-55.71%,355850.0,356306.0
BETA,-465.0,-0.0141%,18.11,-2.58%,17.9667,2049748.114808,-6.79%,3296143.0,3296608.0
RRR,-470.0,-0.0075%,53.03,0.89%,53.0346,593064.700085,-29.78%,6262658.0,6263128.0
FSM,-490.0,-0.7007%,10.82,-0.55%,10.5479,5613888.918111,-37.11%,69445.0,69935.0
TCBX,-495.0,-0.0849%,37.24,0.30%,37.1146,56735.6496,-37.86%,582731.0,583226.0
CRS,-502.0,-0.0088%,424.66,-1.03%,422.4313,575103.802696,-33.93%,5720916.0,5721418.0
CMP,-511.0,-0.0167%,29.43,0.58%,29.3048,1382000.45884,-13.49%,3051653.0,3052164.0
PNW,-513.8800000008196,-0.0037%,99.83,0.12%,99.7844,1169706.89366,-32.48%,14038046.83,14038560.71
TCBK,-514.0,-0.0403%,49.96,-0.40%,49.8857,88102.32776,-17.73%,1275682.0,1276196.0
CCO,-520.0,-0.0323%,2.39,0.42%,2.3888,5131011.055271,25.91%,1609859.0,1610379.0
WS,-520.0,-0.0094%,39.13,-3.48%,39.0436,240984.819971,-25.01%,5541476.0,5541996.0
CG,-522.0,-0.0026%,50.04,1.17%,49.6985,2862292.05085,-27.53%,19918999.0,19919521.0
DVLT,-525.0,-0.0442%,0.5588,9.38%,0.5526,56345120.372022,9.51%,1187312.0,1187837.0
NWS,-531.7599999997765,-0.0035%,30.41,-2.44%,30.5026,1835515.23685,-22.26%,15016308.41,15016840.17
ALK,-535.0,-0.0063%,38.73,-0.84%,38.3914,2446666.42896,-18.02%,8430107.0,8430642.0
CDR PW,-546.0,-0.2737%,0.0,0.00%,0.0,0.0,0.00%,198932.0,199478.0
WSO,-560.0,-0.0188%,417.13,-1.79%,417.8239,289322.834841,-13.55%,2985022.0,2985582.0
KD,-565.0,-0.0034%,11.48,-2.71%,11.575,4901518.367491,11.01%,16851349.0,16851914.0
MUV2,-566.0,-0.3820%,0.0,0.00%,0.0,0.0,0.00%,147604.0,148170.0
SE,-586.0,-0.3839%,96.02,13.14%,95.0056,14999516.766995,36.12%,152043.0,152629.0
BNCN,-588.0,-0.0222%,0.0,0.00%,0.0,0.0,0.00%,2651942.0,2652530.0
RS,-591.0,-0.0128%,360.3,-2.22%,361.2148,285922.364305,7.58%,4606703.0,4607294.0
RACE,-592.0,-0.4338%,329.26,0.00%,328.5057,423213.775544,-24.00%,135879.0,136471.0
GXO,-593.0,-0.0073%,50.34,-0.94%,50.1319,1282645.466625,12.16%,8098991.0,8099584.0
GPRO,-595.0,-0.0794%,1.13,-14.39%,1.1539,14073771.476041,-6.79%,748941.0,749536.0
CLVT,-603.0,-0.0100%,2.54,-8.96%,2.6217,4346730.734565,-24.82%,6008157.0,6008760.0
REI,-605.0,-0.0621%,1.78,7.88%,1.6617,6687815.245812,37.01%,974294.0,974899.0
PRI,-606.0,-0.0235%,273.77,0.75%,272.9841,234083.768281,46.16%,2581354.0,2581960.0
VSTM,-607.0,-0.0126%,4.63,-5.12%,4.7645,2272733.036525,-26.29%,4806634.0,4807241.0
AMG,-631.0,-0.0084%,301.53,0.08%,300.7106,285744.066593,4.53%,7487016.0,7487647.0
CAC,-638.0,-0.0785%,48.05,0.05%,47.7105,160076.77498,103.96%,811775.0,812413.0
OPY,-641.0,-1.0779%,94.89,0.02%,94.1753,52401.974671,-6.75%,58824.0,59465.0
HBM,-642.0,-0.4341%,27.12,6.35%,26.3102,10198551.749684,112.61%,147249.0,147891.0
NVR,-645.0100000000093,-0.2696%,5795.66,-1.95%,5822.8481,19985.636911,3.72%,238580.66,239225.67
THFF,-653.0,-0.1177%,66.42,-0.36%,66.1402,66296.5939,-12.80%,554129.0,554782.0
AMR,-658.0,-0.0341%,188.03,0.34%,186.3304,251763.207452,1.83%,1926374.0,1927032.0
SPFI,-660.0,-0.1099%,39.39,-0.48%,39.2597,64541.098602,-14.20%,599737.0,600397.0
AGI,-662.0,-0.0244%,44.47,1.30%,43.6926,2185618.115605,-30.08%,2712248.0,2712910.0
SMBK,-667.0,-0.0954%,41.01,-0.51%,40.7472,79271.105453,19.19%,698388.0,699055.0
2432 JP,-675.0,-0.8079%,0.0,0.00%,0.0,0.0,0.00%,82880.0,83555.0
CW,-682.0,-0.0177%,735.34,0.93%,730.8116,269981.934114,15.07%,3857865.0,3858547.0
AHL,-683.0,-0.0202%,0.0,0.00%,0.0,0.0,0.00%,3376658.0,3377341.0
VIK,-690.0,-0.0224%,80.6,-0.38%,80.5149,3386298.479979,8.76%,3074460.0,3075150.0
PRME,-695.0,-0.0076%,3.3,1.85%,3.2792,3057331.943227,-4.28%,9130375.0,9131070.0
OSW,-702.0,-0.0057%,23.47,-2.17%,23.5888,596463.15898,1.77%,12234218.0,12234920.0
CCJ,-704.0,-0.0194%,116.93,-2.67%,115.6713,3892490.764343,23.25%,3626370.0,3627074.0
CHSINC,-705.0,-0.0113%,0.0,0.00%,0.0,0.0,0.00%,6259693.0,6260398.0
TECK,-722.0,-0.5377%,65.97,1.04%,64.7657,3191995.447613,12.13%,133566.0,134288.0
WMG,-724.0,-0.0079%,33.6,2.00%,33.0892,3829879.2064,-16.18%,9107624.0,9108348.0
TSEOF,-729.0,-0.0598%,0.0,0.00%,0.0,0.0,0.00%,1218873.0,1219602.0
SYBT,-732.0,-0.0604%,70.47,-0.35%,70.3945,210693.862445,2.87%,1212110.0,1212842.0
DB1,-733.0,-0.3458%,0.0,0.00%,0.0,0.0,0.00%,211263.0,211996.0
TPW AU,-736.0,-3.8751%,0.0,0.00%,0.0,0.0,0.00%,18257.0,18993.0
BFH,-741.0,-0.0150%,84.63,-0.35%,84.4553,500446.547473,-4.18%,4933048.0,4933789.0
AG,-750.0,-0.5986%,24.21,2.67%,23.4639,25141001.095582,4.57%,124550.0,125300.0
PRDO,-754.0,-0.0095%,35.12,-1.43%,35.3026,717963.993787,-5.98%,7898610.0,7899364.0
HUYA,-756.0,-0.3245%,3.09,-5.79%,3.0496,2004010.564112,50.52%,232190.0,232946.0
PWP,-766.0,-0.0280%,17.94,-0.77%,17.828,2166331.790905,92.09%,2738026.0,2738792.0
CDNA,-774.0,-0.0173%,21.4,-0.70%,21.4821,437814.64653,-13.66%,4464053.0,4464827.0
MTGB SS,-777.0,-1.1289%,0.0,0.00%,0.0,0.0,0.00%,68050.0,68827.0
SAP,-777.0,-0.0260%,167.27,-1.66%,167.2304,2897285.778892,3.78%,2992304.0,2993081.0
THG,-789.0,-0.0206%,189.59,-0.16%,189.9777,260356.436277,-1.69%,3832914.0,3833703.0
LMT,-798.25,-0.0052%,521.0,1.71%,518.9424,1162714.402232,-14.73%,15222891.0,15223689.25
EQBK,-802.0,-0.1056%,45.09,-0.33%,45.03,73897.899721,-16.15%,758714.0,759516.0
STAA,-818.0,-0.0080%,28.18,1.26%,28.1307,902759.039989,-27.16%,10209100.0,10209918.0
PTGX,-819.0,-0.0089%,99.95,-3.43%,100.3711,645725.951086,12.88%,9158461.0,9159280.0
MWH,-820.0,-0.3564%,45.84,2.25%,45.8181,2590543.738538,74.69%,229229.0,230049.0
ELS,-820.0,-0.0047%,63.44,0.08%,63.6823,1660797.745606,12.71%,17599703.0,17600523.0
NNE,-822.0,-0.0112%,27.09,-4.44%,26.8627,2211135.224138,-23.58%,7326904.0,7327726.0
HIFS,-823.0,-0.7957%,267.1,-1.51%,266.4884,21390.131676,-16.66%,102610.0,103433.0
WKL,-832.0,-0.3260%,0.0,0.00%,0.0,0.0,0.00%,254355.0,255187.0
7974 JP,-843.0,-0.2042%,0.0,0.00%,0.0,0.0,0.00%,411950.0,412793.0
VSEC,-849.0,-0.0162%,182.13,-4.75%,182.6129,509631.845765,39.92%,5249090.0,5249939.0
UBI FP,-852.0,-1.1317%,0.0,0.00%,0.0,0.0,0.00%,74435.0,75287.0
4258 JP,-860.0,-0.6046%,0.0,0.00%,0.0,0.0,0.00%,141373.0,142233.0
AEGON,-864.0,-0.0221%,0.0,0.00%,0.0,0.0,0.00%,3900074.0,3900938.0
KALU,-864.0,-0.0287%,176.36,-2.23%,175.8948,239005.393687,-8.53%,3011192.0,3012056.0
MBWM,-871.0,-0.1172%,51.27,0.14%,51.0453,101705.16148,-19.20%,742245.0,743116.0
BEPUCN,-875.0,-0.0216%,0.0,0.00%,0.0,0.0,0.00%,4048556.0,4049431.0
MSM,-892.0,-0.0201%,106.92,-0.37%,106.7525,822447.825462,-2.44%,4437811.0,4438703.0
NOC,-898.910000000149,-0.0097%,558.3,1.84%,555.3209,684926.074678,2.58%,9237850.3,9238749.21
TRTN,-914.0,-0.0223%,0.0,0.00%,0.0,0.0,0.00%,4102689.0,4103603.0
KNX,-925.0,-0.0080%,59.9,-3.26%,60.0496,3590046.097285,-12.80%,11527492.0,11528417.0
PLMR,-930.0,-0.0281%,108.63,-0.54%,109.2715,207434.372014,-42.03%,3307519.0,3308449.0
PSN,-930.0,-0.0154%,52.7,8.12%,52.3003,1536760.283604,37.50%,6040020.0,6040950.0
RIGL,-939.0,-0.0584%,29.37,12.10%,29.3082,1230839.489954,226.47%,1606938.0,1607877.0
3692 JP,-940.0,-0.6108%,0.0,0.00%,0.0,0.0,0.00%,152965.0,153905.0
TWST,-944.0,-0.0185%,55.95,-0.46%,55.5234,1143484.114367,-0.28%,5110065.0,5111009.0
ULTA,-948.7799999997951,-0.0299%,505.2,-1.32%,502.8631,1049576.183543,79.02%,3173560.2,3174508.98
GD,-957.570000000298,-0.0054%,346.46,0.71%,346.1292,1089754.561924,-42.51%,17704745.46,17705703.03
SRCE,-960.0,-0.1075%,72.3,-0.51%,71.9636,109844.980252,-24.75%,892009.0,892969.0
ADS,-960.0,-0.4819%,0.0,0.00%,0.0,0.0,0.00%,198263.0,199223.0
GLBE,-975.0,-0.8193%,30.23,1.07%,29.8788,2934806.095724,3.24%,118029.0,119004.0
AMRZ,-988.0,-0.0456%,52.34,0.58%,52.1276,2803855.352504,61.39%,2167510.0,2168498.0
JKS,-990.0,-0.0488%,24.86,-3.68%,24.8981,688240.478216,-44.24%,2029211.0,2030201.0
3635 JP,-993.0,-0.2873%,0.0,0.00%,0.0,0.0,0.00%,344599.0,345592.0
BKV,-994.0,-0.0526%,28.32,-0.07%,28.347,561321.485449,-32.31%,1890191.0,1891185.0
JMIA,-996.0,-0.4061%,7.98,6.26%,7.753,4992777.234857,52.72%,244240.0,245236.0
MLPFT,-1000.0,-0.0662%,0.0,0.00%,0.0,0.0,0.00%,1509200.0,1510200.0
MPB,-1014.0,-0.1122%,31.74,-1.43%,31.7194,144915.17528,-22.72%,902812.0,903826.0
GSBC,-1015.0,-0.2425%,68.5,-0.71%,68.301,96552.037,-7.99%,417513.0,418528.0
TCOM,-1021.0,-0.4118%,52.01,-0.36%,51.5663,3070854.014513,-11.51%,246886.0,247907.0
CTL,-1026.0,-0.0148%,0.0,0.00%,0.0,0.0,0.00%,6915861.0,6916887.0
MOG.A,-1026.0,-0.1010%,307.91,-1.62%,306.954,146045.697984,-35.08%,1014916.0,1015942.0
TDW,-1027.0,-0.0144%,81.5,0.21%,81.3944,477900.300037,-35.32%,7126316.0,7127343.0
HO FP,-1030.0,-0.0837%,0.0,0.00%,0.0,0.0,0.00%,1229102.0,1230132.0
QCRH,-1031.0,-0.1356%,89.3,-0.40%,88.8506,69122.02964,-10.68%,759168.0,760199.0
MSCI,-1034.5400000000373,-0.0238%,581.09,-0.61%,582.1221,850669.682899,27.99%,4341828.09,4342862.63
CDLR,-1040.0,-0.3965%,28.77,-2.24%,28.8524,43571.706242,-26.13%,261276.0,262316.0
BIP,-1040.0,-0.0195%,38.07,1.68%,37.9491,809246.546416,-13.46%,5328805.0,5329845.0
BTE,-1054.0,-0.2782%,4.93,2.71%,4.871,21856318.770581,41.32%,377771.0,378825.0
NXE,-1064.0,-0.0058%,12.32,-2.69%,12.1694,8618473.115514,4.26%,18273991.0,18275055.0
5027 JP,-1072.0,-3.8896%,0.0,0.00%,0.0,0.0,0.00%,26489.0,27561.0
CHKP,-1092.0,-0.0960%,116.34,0.80%,116.2968,1525322.316862,-9.56%,1136260.0,1137352.0
COTY,-1100.0,-0.0038%,2.28,-2.15%,2.2806,6403346.828419,-15.54%,28764568.0,28765668.0
VOW3,-1104.0,-0.3224%,0.0,0.00%,0.0,0.0,0.00%,341369.0,342473.0
METC,-1104.0,-0.0288%,16.51,8.83%,15.8707,3548137.805629,156.00%,3832631.0,3833735.0
VNO,-1111.0,-0.0062%,31.23,0.61%,31.0734,1953492.495532,-10.28%,17800597.0,17801708.0
ARQQ,-1120.0,-0.6080%,14.4,-4.00%,14.7521,505674.852571,3.75%,183087.0,184207.0
SLNO,-1122.0,-0.0325%,52.93,-0.02%,52.9391,1775897.239159,19.63%,3446197.0,3447319.0
AMWD,-1125.0,-0.0582%,36.35,-0.38%,36.1393,250629.636392,-36.20%,1931497.0,1932622.0
WASH,-1152.0,-0.1062%,31.66,0.16%,31.4948,152765.623568,-19.27%,1083742.0,1084894.0
ARYT IT,-1160.0,-0.0842%,0.0,0.00%,0.0,0.0,0.00%,1376765.0,1377925.0
OR,-1176.0,-0.3311%,39.61,-0.48%,39.2872,556987.358202,-33.67%,353988.0,355164.0
IRON,-1178.0,-0.0509%,68.53,-1.01%,68.8125,691811.596331,33.41%,2314304.0,2315482.0
WHR,-1188.0,-0.0174%,41.29,0.51%,41.2793,3301337.838781,-57.55%,6826473.0,6827661.0
PTCT,-1189.0,-0.0095%,75.02,-2.38%,75.0736,2212245.383952,-31.06%,12503202.0,12504391.0
AEC CN,-1200.0,-0.1772%,0.0,0.00%,0.0,0.0,0.00%,676067.0,677267.0
JAZZ,-1208.0,-0.0274%,227.84,1.89%,226.9894,807834.700352,-19.03%,4411050.0,4412258.0
TMP,-1211.0,-0.0720%,83.65,-0.13%,83.1463,56831.54082,73.35%,1679768.0,1680979.0
SAF,-1216.0,-0.2804%,0.0,0.00%,0.0,0.0,0.00%,432508.0,433724.0
TBCG LN,-1232.0,-23.0712%,0.0,0.00%,0.0,0.0,0.00%,4108.0,5340.0
RNR,-1237.0,-0.0171%,296.34,0.13%,295.5038,451453.231853,50.59%,7248901.0,7250138.0
EMBRACB SS,-1239.0,-1.1328%,0.0,0.00%,0.0,0.0,0.00%,108139.0,109378.0
ALGT,-1243.0,-0.0674%,77.49,-2.38%,76.9318,1073555.039435,81.86%,1843844.0,1845087.0
TXG CN,-1251.0,-1.8644%,0.0,0.00%,0.0,0.0,0.00%,65848.0,67099.0
CPA,-1254.0,-2.0460%,115.96,-0.92%,115.3893,351087.997536,15.13%,60037.0,61291.0
HEI,-1255.0,-0.0500%,287.67,-0.72%,287.4708,669790.504898,-6.92%,2510364.0,2511619.0
AAUC CN,-1257.0,-1.8826%,0.0,0.00%,0.0,0.0,0.00%,65514.0,66771.0
SA,-1263.0,-1.2182%,32.85,-1.44%,32.5078,793942.559607,-24.54%,102413.0,103676.0
EQX,-1270.0,-0.5814%,14.8,-0.40%,14.5745,8734752.867825,21.75%,217175.0,218445.0
MTUS,-1275.0,-0.0196%,17.62,-3.77%,17.7877,295864.84988,13.17%,6496895.0,6498170.0
WWD,-1276.0,-0.0206%,367.45,-0.76%,366.4258,445344.914294,-27.56%,6177980.0,6179256.0
053800 KS,-1280.0,-0.6103%,0.0,0.00%,0.0,0.0,0.00%,208463.0,209743.0
ALV,-1284.0,-0.0240%,119.41,-0.93%,119.0744,552661.887925,-8.64%,5342251.0,5343535.0
UVSP,-1293.0,-0.0975%,38.1,-0.44%,37.9462,149573.23996,0.07%,1325112.0,1326405.0
OMF,-1294.0,-0.0315%,53.03,-0.26%,52.9745,1343691.548319,4.87%,4111625.0,4112919.0
BPY,-1304.0,-0.0222%,0.0,0.00%,0.0,0.0,0.00%,5884788.0,5886092.0
SKE CN,-1308.0,-1.8840%,0.0,0.00%,0.0,0.0,0.00%,68117.0,69425.0
LUG CN,-1308.0,-1.8643%,0.0,0.00%,0.0,0.0,0.00%,68853.0,70161.0
STC,-1311.0,-0.0269%,66.84,-1.85%,67.2294,227641.536161,44.98%,4867088.0,4868399.0
VOYA,-1322.0,-0.0155%,80.96,1.04%,80.2544,1068452.921668,-12.98%,8518177.0,8519499.0
LHX,-1342.879999998957,-0.0087%,309.47,2.35%,308.0102,1366988.971975,5.26%,15407917.47,15409260.35
028260 KS,-1350.0,-0.1773%,0.0,0.00%,0.0,0.0,0.00%,760029.0,761379.0
6460 JP,-1350.0,-1.1300%,0.0,0.00%,0.0,0.0,0.00%,118122.0,119472.0
BILI,-1376.0,-0.2523%,21.42,-2.99%,21.4879,1432068.487237,-29.25%,544005.0,545381.0
AFG,-1392.0,-0.0153%,133.51,1.17%,133.4335,377993.105397,4.21%,9108523.0,9109915.0
ATI,-1435.0,-0.0094%,161.01,-0.09%,160.4159,1268848.059635,-9.22%,15326543.0,15327978.0
SON,-1442.0,-0.0114%,50.35,-1.41%,50.5612,1504040.631296,44.46%,12679126.0,12680568.0
NTES,-1486.0,-0.3019%,117.005,0.68%,117.5726,804262.821417,34.34%,490679.0,492165.0
BMW,-1488.0,-0.3814%,0.0,0.00%,0.0,0.0,0.00%,388621.0,390109.0
PPTA CN,-1488.0,-1.8832%,0.0,0.00%,0.0,0.0,0.00%,77527.0,79015.0
INSP,-1497.0,-0.0499%,44.06,1.64%,43.9419,969872.85995,4.64%,2999892.0,3001389.0
9890 HK,-1500.0,-1.0784%,0.0,0.00%,0.0,0.0,0.00%,137600.0,139100.0
PGC,-1517.0,-0.2038%,41.97,-0.14%,41.6492,84651.204325,-7.27%,742821.0,744338.0
IONS,-1521.0,-0.0251%,75.83,0.60%,76.0494,1408888.37977,-8.14%,6046251.0,6047772.0
FWONK,-1534.0,-0.0335%,90.69,-2.23%,90.9409,3127038.518261,23.23%,4575827.0,4577361.0
APM CN,-1545.0,-0.0919%,0.0,0.00%,0.0,0.0,0.00%,1679970.0,1681515.0
NVAX,-1548.0,-0.0127%,9.62,1.26%,9.6784,6135897.442445,-40.68%,12144811.0,12146359.0
NWSA,-1550.469999998808,-0.0034%,26.54,-1.74%,26.5592,5325040.203933,-21.73%,46073923.54,46075474.01
USFD,-1569.0,-0.0100%,83.97,0.43%,84.2494,3250849.917348,-7.92%,15646400.0,15647969.0
AZN,-1570.0,-0.3466%,184.54,1.47%,184.7325,1596095.605818,-24.24%,451460.0,453030.0
3659 JP,-1578.0,-0.2360%,0.0,0.00%,0.0,0.0,0.00%,667093.0,668671.0
MSGS,-1598.0,-0.0855%,336.12,-2.32%,337.6048,322556.294233,11.09%,1868413.0,1870011.0
2326 JP,-1600.0,-0.5953%,0.0,0.00%,0.0,0.0,0.00%,267167.0,268767.0
CHH,-1610.0,-0.0950%,105.59,1.30%,105.782,601920.565321,0.67%,1693806.0,1695416.0
LTBR,-1622.0,-0.0522%,13.42,-5.56%,13.3526,968749.761452,-11.42%,3106217.0,3107839.0
RVMD,-1648.0,-0.0335%,145.72,1.09%,144.1346,1422929.836156,-13.28%,4922447.0,4924095.0
PRK,-1654.0,-0.0804%,169.04,-0.70%,167.5489,74236.824485,-31.95%,2054415.0,2056069.0
QS,-1658.0,-0.0226%,8.42,4.86%,8.1595,32323124.515855,6.04%,7331961.0,7333619.0
EOS AU,-1660.0,-0.0839%,0.0,0.00%,0.0,0.0,0.00%,1976913.0,1978573.0
AMH,-1677.0,-0.0060%,31.57,-1.50%,31.6112,6234872.321252,84.46%,27726116.0,27727793.0
ARHS,-1706.0,-0.0826%,5.9,-3.59%,5.9771,1962787.11291,-2.41%,2063234.0,2064940.0
CRVS,-1713.0,-0.0329%,15.97,1.01%,15.8023,904284.002354,-20.76%,5211312.0,5213025.0
TNL,-1725.0,-0.0341%,63.08,-0.83%,63.3478,697494.174426,-19.24%,5057038.0,5058763.0
ETD,-1757.0,-0.0531%,19.13,-2.55%,19.3009,912365.740565,43.33%,3305121.0,3306878.0
SGO,-1774.0,-0.3382%,0.0,0.00%,0.0,0.0,0.00%,522830.0,524604.0
SUI,-1784.0,-0.0428%,124.91,-0.70%,125.2752,642370.876098,-26.11%,4169073.0,4170857.0
3293 TT,-1800.0,-0.2646%,0.0,0.00%,0.0,0.0,0.00%,678600.0,680400.0
VCYT,-1803.0,-0.0141%,39.56,-0.35%,39.7152,742327.323182,-25.39%,12762026.0,12763829.0
CSIQ,-1810.0,-0.0666%,19.41,-2.22%,19.0772,3247371.099495,-16.76%,2715378.0,2717188.0
9697 JP,-1812.0,-0.2551%,0.0,0.00%,0.0,0.0,0.00%,708616.0,710428.0
AVXL,-1814.0,-0.0256%,3.06,-5.56%,3.1025,1236108.217173,16.26%,7071687.0,7073501.0
RGA,-1841.0,-0.0213%,210.18,0.34%,210.4901,345156.041028,6.44%,8651904.0,8653745.0
ALLE,-1858.0499999998137,-0.0316%,131.3,-0.79%,131.5243,1127160.332694,10.80%,5875364.3,5877222.35
HEIA,-1867.0,-0.0763%,0.0,0.00%,0.0,0.0,0.00%,2445631.0,2447498.0
ESQ,-1877.0,-0.4858%,105.37,0.02%,104.9762,92906.532388,40.35%,384530.0,386407.0
AD,-1904.0,-0.0798%,51.51,-1.92%,51.2648,327361.401399,-22.44%,2382703.0,2384607.0
MC,-1905.0,-0.0200%,63.97,0.19%,64.0551,903059.838076,11.08%,9543636.0,9545541.0
TFPM CN,-1925.0,-0.0887%,0.0,0.00%,0.0,0.0,0.00%,2167099.0,2169024.0
KGC,-1936.0,-0.7014%,31.73,-0.25%,31.2957,8429887.037664,-15.64%,274070.0,276006.0
BCRX,-1946.0,-0.0104%,8.8,2.56%,8.7367,3320003.61983,-10.52%,18798235.0,18800181.0
4477 JP,-1956.0,-3.8837%,0.0,0.00%,0.0,0.0,0.00%,48408.0,50364.0
ATLX,-1960.0,-0.3969%,5.98,0.34%,5.9857,787389.343024,-10.25%,491816.0,493776.0
ARTG CN,-1965.0,-1.8838%,0.0,0.00%,0.0,0.0,0.00%,102348.0,104313.0
PLN,-1969.0400000000004,-71.3637%,0.0,0.00%,0.0,0.0,0.00%,790.12,2759.1600000000003
WDO CN,-1977.0,-1.8631%,0.0,0.00%,0.0,0.0,0.00%,104137.0,106114.0
NBIX,-1981.0,-0.0207%,155.8,3.46%,155.0549,1309694.352888,7.63%,9576683.0,9578664.0
VRDN,-1995.0,-0.0327%,16.86,-1.98%,16.8962,2451001.377136,-23.54%,6092732.0,6094727.0
BN,-1998.0,-0.2029%,45.9,-0.95%,45.9157,4734799.09608,-29.21%,982598.0,984596.0
LENB,-1999.0,-0.9864%,0.0,0.00%,0.0,0.0,0.00%,200666.0,202665.0
BHC,-2000.0,-0.6764%,5.41,0.74%,5.3794,982107.300711,-51.80%,293702.0,295702.0
RBCFT,-2000.0,-0.0089%,0.0,0.00%,0.0,0.0,0.00%,22471000.0,22473000.0
HRB,-2009.0,-0.0151%,36.67,1.69%,36.4063,3157030.579765,-24.90%,13272745.0,13274754.0
LEU,-2011.0,-0.0519%,202.34,-5.10%,202.5583,767873.636986,-29.40%,3873517.0,3875528.0
IBCP,-2014.0,-0.1985%,33.55,-0.39%,33.5145,182892.21542,-6.88%,1012841.0,1014855.0
CRBG,-2034.0,-0.0095%,26.09,-0.95%,25.9827,7639732.168206,20.23%,21438662.0,21440696.0
MLYS,-2037.0,-0.0473%,29.26,-1.58%,29.2318,426631.505804,-40.66%,4304686.0,4306723.0
SLS,-2058.0,-0.0169%,5.22,-0.57%,5.682,5902700.72884,-7.52%,12177489.0,12179547.0
EFSC,-2064.0,-0.1174%,59.07,-0.03%,58.8258,249005.76535,-6.36%,1755772.0,1757836.0
PJT,-2087.0,-0.0689%,154.24,0.59%,153.7652,308471.33724,44.25%,3025623.0,3027710.0
AXS,-2098.0,-0.0536%,99.32,0.82%,99.0837,515907.488099,-20.31%,3909738.0,3911836.0
777 HK,-2100.0,-1.0903%,0.0,0.00%,0.0,0.0,0.00%,190500.0,192600.0
JD,-2124.0,-0.1258%,31.49,3.14%,31.064,19818845.744719,76.70%,1686801.0,1688925.0
ROCK,-2129.0,-0.0526%,37.91,-3.39%,37.9222,413193.112554,-6.09%,4049155.0,4051284.0
NRG,-2132.960000000894,-0.0130%,137.34,0.03%,136.6112,3273778.606178,13.42%,16343881.34,16346014.3
HOG,-2142.0,-0.0253%,25.33,-0.78%,25.2999,2234749.011369,-41.71%,8472155.0,8474297.0
AMAL,-2150.0,-0.1890%,40.9,-0.68%,40.7392,80469.980064,-48.10%,1135526.0,1137676.0
BTG,-2156.0,-0.2918%,5.38,-0.19%,5.3132,19649920.237896,-41.46%,736620.0,738776.0
052690 KS,-2175.0,-0.0853%,0.0,0.00%,0.0,0.0,0.00%,2547235.0,2549410.0
CVE,-2186.0,-0.3605%,30.01,3.02%,29.735,5791438.614145,-5.78%,604128.0,606314.0
MORN,-2196.0,-0.1096%,175.82,-0.23%,176.5297,332275.732433,-34.53%,2001102.0,2003298.0
JXN,-2201.0,-0.0192%,109.08,-0.51%,108.8369,580121.228491,14.76%,11436871.0,11439072.0
FSUN,-2205.0,-0.2130%,35.95,0.62%,35.7616,131113.328,-40.47%,1032865.0,1035070.0
GMIN CN,-2244.0,-1.8630%,0.0,0.00%,0.0,0.0,0.00%,118204.0,120448.0
XNCR,-2247.0,-0.0202%,12.44,-2.74%,12.5957,664326.825657,-22.49%,11136488.0,11138735.0
NIC,-2256.0,-0.1647%,142.45,-1.22%,142.2979,128976.263312,-8.61%,1367663.0,1369919.0
HOV,-2270.0,-0.6733%,103.5,-4.30%,104.735,95856.065147,73.57%,334890.0,337160.0
AGI CN,-2271.0,-1.8834%,0.0,0.00%,0.0,0.0,0.00%,118312.0,120583.0
FCNCA,-2273.0,-0.0495%,1918.69,-0.07%,1913.1686,56560.376439,21.92%,4587348.0,4589621.0
9684 JP,-2277.0,-0.4407%,0.0,0.00%,0.0,0.0,0.00%,514459.0,516736.0
ARQT,-2283.0,-0.0268%,20.69,-2.59%,20.6174,2313855.378724,-30.46%,8525362.0,8527645.0
TOWN,-2286.0,-0.0648%,34.21,-1.04%,34.1098,1077680.70905,73.52%,3526486.0,3528772.0
RPRX,-2293.0,-0.0274%,51.7,0.10%,51.7406,3457046.469926,-14.58%,8370645.0,8372938.0
FISI,-2307.0,-0.2451%,34.67,-0.66%,34.5358,115008.654814,27.29%,939071.0,941378.0
DEI,-2317.0,-0.0109%,11.96,-1.40%,12.0226,4654491.956112,47.41%,21299544.0,21301861.0
ECG,-2346.0,-0.0441%,159.44,-2.69%,157.6835,1194099.813492,131.47%,5320602.0,5322948.0
ABAT,-2353.0,-0.0174%,3.25,-2.11%,3.2462,5090529.305366,-28.54%,13537833.0,13540186.0
CBOE,-2355.6800000006333,-0.0313%,355.8,1.52%,353.8653,1092822.676012,-25.99%,7535791.8,7538147.48
SCZ CN,-2365.0,-0.0886%,0.0,0.00%,0.0,0.0,0.00%,2665495.0,2667860.0
AIR,-2376.0,-0.0315%,111.51,-5.15%,111.2434,424169.630219,8.81%,7549021.0,7551397.0
DFIN,-2384.0,-0.0686%,40.58,-3.13%,41.1842,319209.326524,8.13%,3473124.0,3475508.0
CRC,-2385.0,-0.0215%,59.68,0.00%,59.8047,907970.482631,-51.09%,11109011.0,11111396.0
DC,-2388.0,-0.0286%,6.32,-1.10%,6.2598,1019682.609452,-29.28%,8347471.0,8349859.0
OBK,-2396.0,-0.1696%,46.43,0.50%,46.067,140678.70015,-15.72%,1410352.0,1412748.0
CNR,-2401.0,-0.0274%,85.89,-0.21%,86.1492,565635.855924,-0.21%,8744696.0,8747097.0
AWI,-2417.0,-0.0514%,159.1,-0.21%,159.2131,439065.361706,21.97%,4702237.0,4704654.0
EVRG,-2428.129999998957,-0.0104%,83.3,-0.16%,83.2194,2850121.169811,26.35%,23405200.3,23407628.43
RLI,-2445.0,-0.0296%,48.53,0.39%,48.5478,1228666.616982,5.38%,8247184.0,8249629.0
RJF,-2448.559999998659,-0.0227%,153.48,1.62%,153.1287,1249197.902385,-0.39%,10798604.48,10801053.04
WEB AU,-2480.0,-3.8740%,0.0,0.00%,0.0,0.0,0.00%,61537.0,64017.0
NIO,-2511.0,-0.0455%,6.08,0.16%,5.983,21479062.839826,-30.30%,5515586.0,5518097.0
TVTX,-2576.0,-0.0360%,42.84,-1.54%,42.9194,1763989.418354,-28.17%,7155596.0,7158172.0
BY,-2582.0,-0.1701%,32.68,0.25%,32.5153,147472.245912,-34.75%,1515073.0,1517655.0
SPRY,-2585.0,-0.0512%,8.63,0.35%,8.6256,1128838.566591,-12.93%,5050412.0,5052997.0
ELD CN,-2601.0,-1.8850%,0.0,0.00%,0.0,0.0,0.00%,135383.0,137984.0
SEDG,-2602.0,-0.0316%,40.42,-3.28%,39.8631,2071655.861396,-16.24%,8234783.0,8237385.0
CG CN,-2613.0,-1.8834%,0.0,0.00%,0.0,0.0,0.00%,136127.0,138740.0
ABSI,-2620.0,-0.0234%,5.355,-7.35%,5.47,4078812.03891,-35.98%,11177686.0,11180306.0
4475 JP,-2620.0,-0.6037%,0.0,0.00%,0.0,0.0,0.00%,431374.0,433994.0
ARIS CN,-2628.0,-1.8833%,0.0,0.00%,0.0,0.0,0.00%,136911.0,139539.0
ASB AU,-2630.0,-0.0842%,0.0,0.00%,0.0,0.0,0.00%,3122468.0,3125098.0
SANA,-2630.0,-0.0172%,3.26,-8.43%,3.3466,4527094.243283,99.39%,15289631.0,15292261.0
FAF,-2636.0,-0.0348%,67.83,-0.91%,67.8441,870634.454936,11.93%,7565266.0,7567902.0
SSRM CN,-2643.0,-1.8846%,0.0,0.00%,0.0,0.0,0.00%,137597.0,140240.0
CSL,-2671.0,-0.0658%,351.05,-1.83%,353.0421,331336.836543,6.83%,4059467.0,4062138.0
ATH,-2678.0,-0.0196%,0.0,0.00%,0.0,0.0,0.00%,13632780.0,13635458.0
FOXA,-2682.559999998659,-0.0115%,66.16,-2.30%,66.1701,5247687.482553,-21.68%,23250017.16,23252699.72
WCN,-2687.0,-0.1381%,151.25,0.18%,152.2325,2119274.120864,46.51%,1942803.0,1945490.0
SMR,-2692.0,-0.0083%,12.0,-9.71%,12.0597,41154355.638135,-14.62%,32553196.0,32555888.0
2400 HK,-2700.0,-0.3014%,0.0,0.00%,0.0,0.0,0.00%,893000.0,895700.0
SBSI,-2700.0,-0.0716%,32.67,-0.06%,32.5843,77227.713029,23.26%,3768977.0,3771677.0
B,-2704.0,-0.7017%,45.85,-2.45%,45.5879,13576041.63838,-43.09%,382623.0,385327.0
NUAG CN,-2720.0,-0.0887%,0.0,0.00%,0.0,0.0,0.00%,3064270.0,3066990.0
LOAR,-2735.0,-0.0828%,60.95,-0.44%,60.6009,808289.471761,-21.77%,3301298.0,3304033.0
VIPS,-2739.0,-0.2975%,14.57,-0.48%,14.5027,3055945.641723,-15.58%,917842.0,920581.0
SXGC CN,-2751.0,-1.8841%,0.0,0.00%,0.0,0.0,0.00%,143259.0,146010.0
CWEN,-2766.0,-0.0198%,37.96,-1.43%,37.7526,1536836.925538,42.77%,14000371.0,14003137.0
MCB,-2801.0,-0.4722%,87.88,0.08%,87.5204,62215.538221,-65.14%,590413.0,593214.0
ENR,-2810.0,-0.0306%,17.69,0.63%,17.7589,958969.176973,-12.14%,9180768.0,9183578.0
DPM CN,-2826.0,-1.8623%,0.0,0.00%,0.0,0.0,0.00%,148919.0,151745.0
DRS,-2847.0,-0.0393%,42.87,3.33%,42.4265,1016328.856884,23.96%,7247621.0,7250468.0
TFX,-2862.0,-0.0618%,129.03,-0.53%,129.2791,771117.312025,-10.05%,4631003.0,4633865.0
LZB,-2901.0,-0.0539%,35.5,0.17%,35.4539,359518.257584,-1.41%,5381882.0,5384783.0
CHCO,-2930.0,-0.1562%,121.61,0.36%,121.3085,78332.880729,-32.67%,1872811.0,1875741.0
NBN,-2958.0,-0.6610%,121.74,-1.30%,121.949,77480.14689,-17.74%,444548.0,447506.0
OGC CN,-3027.0,-1.8630%,0.0,0.00%,0.0,0.0,0.00%,159450.0,162477.0
HALO,-3114.0,-0.0245%,70.93,6.81%,71.4484,4875250.434074,66.78%,12703405.0,12706519.0
KNT CN,-3138.0,-1.8628%,0.0,0.00%,0.0,0.0,0.00%,165318.0,168456.0
BRC,-3139.0,-0.0712%,74.93,-1.95%,75.2268,288620.17164,18.56%,4403964.0,4407103.0
OPEN,-3140.0,-0.0621%,4.71,-2.89%,4.6898,35915457.677069,-13.90%,5054084.0,5057224.0
GRRR,-3140.0,-0.3764%,13.77,-2.96%,13.5911,748939.130928,-29.11%,831087.0,834227.0
DHL,-3145.0,-0.2880%,0.0,0.00%,0.0,0.0,0.00%,1089052.0,1092197.0
MAU CN,-3147.0,-1.8634%,0.0,0.00%,0.0,0.0,0.00%,165740.0,168887.0
CNQ,-3160.0,-0.2555%,46.92,3.83%,46.3314,5934635.741565,-37.00%,1233458.0,1236618.0
CYL AU,-3162.0,-1.8622%,0.0,0.00%,0.0,0.0,0.00%,166633.0,169795.0
WSBC,-3172.0,-0.0533%,33.47,-0.03%,33.3046,694919.975717,3.95%,5949360.0,5952532.0
VCEL,-3206.0,-0.0408%,32.94,0.06%,33.0516,486683.810004,-41.20%,7854613.0,7857819.0
BEAM,-3206.0,-0.0401%,31.58,-0.54%,31.2615,1438670.319229,-40.31%,7986256.0,7989462.0
PFBC,-3222.0,-0.2079%,92.66,-0.93%,92.3848,123028.890436,28.44%,1546913.0,1550135.0
YUMC,-3256.0,-0.6629%,47.62,0.38%,47.6678,1447288.853473,-6.00%,487896.0,491152.0
EZPW,-3286.0,-0.0524%,33.57,-3.12%,33.767,913078.755129,1.78%,6272444.0,6275730.0
BAS,-3293.0,-0.3040%,0.0,0.00%,0.0,0.0,0.00%,1080013.0,1083306.0
MTB,-3306.230000000447,-0.0192%,208.75,0.37%,208.1136,1052802.032702,4.23%,17172893.75,17176199.98
SU,-3323.0,-0.2449%,66.56,2.21%,66.3528,3488402.441899,9.93%,1353490.0,1356813.0
SIE,-3328.0,-0.4262%,0.0,0.00%,0.0,0.0,0.00%,777556.0,780884.0
COIN,-3358.9599999990314,-0.0267%,207.64,-4.14%,207.7746,9517140.136736,-30.32%,12571820.64,12575179.6
MTG,-3359.0,-0.0177%,26.06,-0.15%,26.0188,1993362.101879,2.77%,18947846.0,18951205.0
ITX,-3373.0,-0.2504%,0.0,0.00%,0.0,0.0,0.00%,1343413.0,1346786.0
PNG CN,-3410.0,-0.0838%,0.0,0.00%,0.0,0.0,0.00%,4066570.0,4069980.0
AMTB,-3417.0,-0.2012%,22.98,-0.48%,22.8384,211060.7042,19.87%,1694668.0,1698085.0
HXL,-3435.0,-0.0376%,92.45,-1.81%,91.7366,898471.963192,35.22%,9128528.0,9131963.0
MSBI,-3509.0,-0.2595%,27.0,-1.93%,26.9261,122897.538935,29.83%,1348498.0,1352007.0
FTAI,-3530.0,-0.0813%,266.21,-5.05%,264.8181,1080431.380992,-28.54%,4339127.0,4342657.0
BWXT,-3569.0,-0.0275%,206.83,-1.88%,204.6397,1241084.662937,20.67%,12984094.0,12987663.0
NX,-3569.0,-0.0571%,19.52,-2.16%,19.4774,306165.573605,48.70%,6242804.0,6246373.0
CVCO,-3571.0,-0.3143%,475.87,-1.06%,473.1093,85428.842084,-38.44%,1132458.0,1136029.0
SLM,-3623.0,-0.0238%,22.01,1.15%,21.9987,2350866.159855,-13.48%,15231180.0,15234803.0
FRPT,-3633.0,-0.0732%,51.27,3.28%,51.2041,2078496.076611,10.07%,4957654.0,4961287.0
PEBO,-3642.0,-0.1461%,33.52,-0.53%,33.3715,195012.525405,2.45%,2489659.0,2493301.0
IBOC,-3657.0,-0.0635%,72.4,-0.77%,72.2794,290208.172838,-12.46%,5759006.0,5762663.0
BAB LN,-3672.0,-0.0565%,0.0,0.00%,0.0,0.0,0.00%,6496386.0,6500058.0
EXEL,-3672.0,-0.0134%,49.46,-0.50%,49.4586,2766765.519027,-27.78%,27351301.0,27354973.0
MBG,-3728.0,-0.3768%,0.0,0.00%,0.0,0.0,0.00%,985656.0,989384.0
ALT,-3736.0,-0.0352%,3.08,-0.32%,3.0598,2436619.347431,-17.04%,10607494.0,10611230.0
CVI,-3764.0,-0.0735%,34.39,-1.40%,34.6075,733048.290761,-18.95%,5115914.0,5119678.0
AYA CN,-3785.0,-0.0886%,0.0,0.00%,0.0,0.0,0.00%,4265907.0,4269692.0
TRST,-3795.0,-0.1439%,48.77,0.54%,48.5276,118490.91175,51.78%,2633798.0,2637593.0
VOR,-3802.0,-0.3312%,16.47,-4.52%,16.2734,1225089.804433,-11.86%,1143972.0,1147774.0
HSLV CN,-3810.0,-0.0887%,0.0,0.00%,0.0,0.0,0.00%,4291681.0,4295491.0
EXP,-3820.0,-0.1592%,202.03,-1.42%,201.5214,330792.145491,-1.37%,2396025.0,2399845.0
CENX,-3837.0,-0.0380%,63.27,5.13%,61.7277,1778959.680756,5.96%,10100861.0,10104698.0
ARRY,-3847.0,-0.0277%,8.17,-6.41%,8.204,4648819.563839,1.94%,13866793.0,13870640.0
MOH,-3855.0,-0.0667%,191.58,3.45%,190.7661,956960.432074,-7.88%,5772066.0,5775921.0
CWK,-3855.0,-0.0175%,13.35,-2.98%,13.384,1057075.59589,-15.06%,21972171.0,21976026.0
BAYN,-3859.0,-0.2169%,0.0,0.00%,0.0,0.0,0.00%,1775126.0,1778985.0
INVX,-3867.0,-0.0583%,27.41,1.29%,27.3084,282172.312471,26.10%,6623590.0,6627457.0
000720 KS,-3875.0,-0.1778%,0.0,0.00%,0.0,0.0,0.00%,2175972.0,2179847.0
RAL,-3883.0,-0.0340%,59.16,19.37%,57.5254,8048365.429545,90.47%,11423299.0,11427182.0
PAYC,-3884.0,-0.0767%,137.6,-0.61%,138.2617,1256198.094061,4.35%,5058980.0,5062864.0
EDR CN,-3888.0,-1.8849%,0.0,0.00%,0.0,0.0,0.00%,202387.0,206275.0
NBBK,-3893.0,-0.2053%,20.06,-0.25%,19.9738,333172.1703,12.72%,1892143.0,1896036.0
ABRA CN,-3895.0,-0.0887%,0.0,0.00%,0.0,0.0,0.00%,4386510.0,4390405.0
UNM,-3899.0,-0.0256%,81.16,-0.43%,81.2758,988044.639847,-29.95%,15223334.0,15227233.0
EBAY,-3916.730000000447,-0.0143%,110.4,2.10%,109.5502,7911219.350497,24.22%,27433298.4,27437215.13
LZM,-3923.0,-0.1339%,5.9,0.51%,5.8427,596770.932146,-9.70%,2925110.0,2929033.0
DDS,-3992.0,-0.6506%,535.09,-3.90%,534.7076,126700.108728,-30.27%,609609.0,613601.0
ATO,-3992.190000001341,-0.0246%,181.94,-0.10%,182.2714,903934.734701,13.51%,16203420.94,16207413.13
ISO CN,-4000.0,-0.0847%,0.0,0.00%,0.0,0.0,0.00%,4721143.0,4725143.0
2454 TT,-4000.0,-4.3254%,0.0,0.00%,0.0,0.0,0.00%,88477.0,92477.0
EVR,-4018.0,-0.1288%,340.98,1.67%,339.2905,373631.905956,-48.86%,3115698.0,3119716.0
OLA CN,-4053.0,-1.8847%,0.0,0.00%,0.0,0.0,0.00%,210997.0,215050.0
MAN,-4065.0,-0.0736%,28.04,-3.14%,28.1787,739621.559278,-12.51%,5519664.0,5523729.0
WAT,-4066.8600000003353,-0.0626%,352.21,1.19%,350.2299,1263983.758588,17.65%,6491510.21,6495577.07
OSBC,-4087.0,-0.1718%,20.85,-0.14%,20.7297,372152.014769,-27.12%,2374461.0,2378548.0
VST,-4098.179999999702,-0.0177%,146.87,-3.41%,147.2294,4895629.763929,-17.10%,23209927.87,23214026.05
LII,-4098.930000000168,-0.1526%,508.55,-2.48%,509.7143,319951.53736,-25.31%,2682334.55,2686433.48
AWK,-4102.359999999404,-0.0269%,127.65,1.30%,127.3573,2687843.634998,70.73%,15266283.65,15270386.01
AAL,-4115.0,-0.0084%,12.69,-0.78%,12.57,48034934.326634,3.35%,48726794.0,48730909.0
SNEX,-4115.0,-0.0438%,116.81,-4.13%,117.5833,677897.373428,-2.37%,9394459.0,9398574.0
GFF,-4130.0,-0.0800%,83.32,-3.33%,83.6146,507487.970371,24.95%,5156517.0,5160647.0
PE&OLES* MM,-4175.0,-0.0883%,0.0,0.00%,0.0,0.0,0.00%,4724564.0,4728739.0
SAABB SS,-4190.0,-0.0841%,0.0,0.00%,0.0,0.0,0.00%,4979702.0,4983892.0
GE,-4193.320000000298,-0.0065%,297.45,-1.10%,296.5972,4393310.687907,-3.70%,64370247.45,64374440.77
ABI,-4231.0,-0.3797%,24.795,-0.04%,24.797,25.0,-58.33%,1110149.0,1114380.0
KRMN,-4272.0,-0.0753%,62.48,6.22%,61.5347,3057349.549212,38.35%,5671501.0,5675773.0
FRME,-4291.0,-0.1470%,39.93,0.05%,39.7492,344913.79635,-10.08%,2915732.0,2920023.0
UMBF,-4316.0,-0.0454%,128.98,-1.03%,128.7229,675130.02848,4.41%,9511306.0,9515622.0
034020 KS,-4325.0,-0.1778%,0.0,0.00%,0.0,0.0,0.00%,2428857.0,2433182.0
CHRD,-4332.0,-0.0760%,142.01,1.39%,142.0888,667405.255873,-17.37%,5693048.0,5697380.0
BANF,-4338.0,-0.1407%,109.97,-0.91%,109.8106,96369.62492,-14.31%,3077745.0,3082083.0
ASM CN,-4360.0,-0.0887%,0.0,0.00%,0.0,0.0,0.00%,4909927.0,4914287.0
RYAN,-4366.0,-0.0501%,31.51,0.70%,31.5091,3417358.919004,-8.82%,8709078.0,8713444.0
GSHD,-4381.0,-0.1405%,39.65,-1.27%,40.051,285661.429073,-51.18%,3114482.0,3118863.0
GORO,-4435.0,-0.0887%,1.33,0.00%,1.3231,1454729.183373,-21.85%,4994892.0,4999327.0
CNOB,-4495.0,-0.1765%,29.46,-0.91%,29.3445,272101.6592,-31.33%,2542101.0,2546596.0
BMRN,-4543.0,-0.0283%,52.88,0.57%,52.8314,1205293.914061,-51.13%,16070765.0,16075308.0
NRIM,-4547.0,-0.4256%,23.65,-0.71%,23.5674,94402.789519,-4.85%,1063814.0,1068361.0
BCAL,-4605.0,-0.4084%,18.71,0.59%,18.638,184030.145,-3.07%,1123062.0,1127667.0
PNR AU,-4734.0,-1.8632%,0.0,0.00%,0.0,0.0,0.00%,249348.0,254082.0
SNDR,-4738.0,-0.0857%,28.94,-3.02%,28.9782,712755.53724,-17.68%,5523951.0,5528689.0
GPK,-4750.0,-0.0173%,10.12,-0.98%,10.192,10098522.30534,35.64%,27425886.0,27430636.0
FRES LN,-4765.0,-0.0884%,0.0,0.00%,0.0,0.0,0.00%,5382914.0,5387679.0
PGEN,-4837.0,-0.0318%,4.08,-2.86%,4.0881,2322186.009467,19.39%,15206771.0,15211608.0
RDWR,-4900.0,-0.5538%,26.79,-2.01%,26.8813,176261.498812,-32.26%,879969.0,884869.0
CNK,-4915.0,-0.0378%,26.28,-1.79%,26.4613,1772812.522003,-9.49%,12998941.0,13003856.0
BHF,-4954.0,-0.0348%,61.09,-0.03%,61.1221,693622.449949,122.14%,14215729.0,14220683.0
DKNG,-4976.0,-0.0515%,24.61,0.41%,25.0099,11729876.716751,-13.68%,9662663.0,9667639.0
VGNT,-4985.0,-0.0713%,43.34,-0.87%,42.971,948122.78164,-52.24%,6988832.0,6993817.0
SSD,-5003.0,-0.1591%,184.2,-0.77%,183.3529,329974.937775,-1.42%,3139321.0,3144324.0
ALKS,-5006.0,-0.0200%,38.29,7.95%,37.5153,4026681.587805,73.30%,24972031.0,24977037.0
ASL AU,-5010.0,-0.0895%,0.0,0.00%,0.0,0.0,0.00%,5595738.0,5600748.0
ALE PW,-5068.0,-3.8714%,0.0,0.00%,0.0,0.0,0.00%,125841.0,130909.0
BVN,-5095.0,-0.0886%,38.09,0.90%,37.2532,1584096.915557,34.89%,5743512.0,5748607.0
WABC,-5099.0,-0.1599%,53.96,-0.42%,53.9694,102818.82641,-33.80%,3184037.0,3189136.0
WINA,-5101.0,-1.3435%,360.36,-0.26%,365.1373,53748.321515,33.38%,374582.0,379683.0
RCUS,-5111.0,-0.0366%,24.9,0.16%,24.6759,691073.92379,8.33%,13946013.0,13951124.0
ITR CN,-5150.0,-0.0887%,0.0,0.00%,0.0,0.0,0.00%,5802462.0,5807612.0
SEI,-5159.0,-0.1505%,76.23,2.10%,74.0543,2298714.8342,23.15%,3423732.0,3428891.0
OR CN,-5165.0,-0.0887%,0.0,0.00%,0.0,0.0,0.00%,5819190.0,5824355.0
CMM AU,-5187.0,-1.8619%,0.0,0.00%,0.0,0.0,0.00%,273400.0,278587.0
RTX,-5189.719999998808,-0.0062%,178.89,0.16%,178.6602,5604884.556484,-14.09%,83590865.89,83596055.61
ENPH,-5191.0,-0.0292%,37.48,-0.45%,36.9257,5001956.571121,-23.20%,17772627.0,17777818.0
REYN,-5195.0,-0.0860%,21.59,-0.05%,21.6103,1273584.916454,4.08%,6038108.0,6043303.0
MUSA,-5208.0,-0.3987%,576.96,-0.17%,573.331,273164.628314,-21.11%,1301079.0,1306287.0
BA/ LN,-5210.0,-0.0362%,0.0,0.00%,0.0,0.0,0.00%,14405960.0,14411170.0
AGO,-5259.0,-0.1133%,76.95,-2.48%,77.9039,806552.607497,-4.94%,4636146.0,4641405.0
DXC,-5285.0,-0.0257%,8.9,0.23%,9.0507,11175318.094387,25.60%,20580296.0,20585581.0
CCB,-5352.0,-0.7179%,70.29,-0.62%,69.497,192876.896261,-26.01%,740181.0,745533.0
GRAB,-5369.0,-0.1410%,3.64,-0.27%,3.6362,45258702.325415,-11.55%,3803718.0,3809087.0
PIPR,-5483.0,-0.0636%,80.4,0.53%,79.811,634608.042258,-5.07%,8617297.0,8622780.0
WU,-5512.0,-0.0163%,8.82,-1.67%,8.849,8357439.523612,6.50%,33829114.0,33834626.0
HLI,-5533.0,-0.1198%,149.53,0.46%,149.1933,676800.570312,-3.68%,4611381.0,4616914.0
IAC,-5535.0,-0.0826%,40.54,-2.52%,40.8691,1658699.240698,20.01%,6693225.0,6698760.0
DRD SJ,-5679.0,-1.8839%,0.0,0.00%,0.0,0.0,0.00%,295773.0,301452.0
STEL,-5772.0,-0.0953%,36.85,-0.75%,36.8373,199905.983199,-35.67%,6053394.0,6059166.0
WTTR,-5780.0,-0.0760%,18.05,2.44%,17.8322,1617747.585093,-3.75%,7600871.0,7606651.0
GSK,-5788.0,-0.2652%,50.9,2.19%,50.8716,4848761.637323,35.61%,2176386.0,2182174.0
PUMP,-5811.0,-0.0738%,16.11,-3.24%,16.0995,4446273.768656,-7.15%,7864291.0,7870102.0
SVM CN,-5845.0,-0.0887%,0.0,0.00%,0.0,0.0,0.00%,6586160.0,6592005.0
IFX,-5903.0,-0.4451%,0.0,0.00%,0.0,0.0,0.00%,1320404.0,1326307.0
CPF,-5945.0,-0.1639%,34.11,-0.73%,34.0872,113720.273963,-26.15%,3621785.0,3627730.0
NBTB,-5952.0,-0.0873%,44.98,0.36%,44.8032,345579.63087,-5.36%,6814450.0,6820402.0
434 HK,-6000.0,-1.1501%,0.0,0.00%,0.0,0.0,0.00%,515700.0,521700.0
USA CN,-6015.0,-0.0887%,0.0,0.00%,0.0,0.0,0.00%,6773166.0,6779181.0
LKFN,-6025.0,-0.1749%,59.79,-0.45%,60.0733,330920.042408,54.77%,3439182.0,3445207.0
BTU,-6038.0,-0.0265%,24.77,0.41%,24.78,3040267.912709,-14.34%,22762502.0,22768540.0
FBNC,-6047.0,-0.1055%,58.77,0.51%,58.4859,236358.30915,-28.21%,5725220.0,5731267.0
KRNY,-6147.0,-0.1818%,7.94,0.38%,7.8883,285930.216135,-4.66%,3375493.0,3381640.0
WKC,-6245.0,-0.0582%,27.39,0.77%,27.2128,738889.687701,41.23%,10719082.0,10725327.0
CE,-6281.0,-0.0560%,59.47,-0.13%,59.6253,1891593.494603,-15.30%,11219757.0,11226038.0
IRDM,-6303.0,-0.0478%,41.66,-3.45%,41.3911,1798168.051625,-32.32%,13177532.0,13183835.0
ORI,-6321.0,-0.0263%,39.18,-0.10%,39.1645,948891.842234,-5.82%,24061601.0,24067922.0
CPRX,-6321.0,-0.0365%,31.14,-0.03%,31.1546,3354437.321594,-8.95%,17293449.0,17299770.0
QURE,-6332.0,-0.2474%,29.1,5.28%,28.7657,4094545.483993,51.95%,2552603.0,2558935.0
ORRF,-6369.0,-0.5960%,36.13,-0.11%,35.9122,82845.221204,-33.82%,1062251.0,1068620.0
ASELS TI,-6370.0,-0.0840%,0.0,0.00%,0.0,0.0,0.00%,7573718.0,7580088.0
HP,-6382.0,-0.0425%,39.17,1.40%,38.9258,789666.68694,-24.62%,14995025.0,15001407.0
VIR,-6417.0,-0.0368%,9.4,1.18%,9.3774,1236112.144235,-32.58%,17416531.0,17422948.0
ZBRA,-6484.1699999999255,-0.1696%,241.79,11.44%,248.3261,2879381.845761,196.32%,3817248.79,3823732.96
PRX,-6576.0,-0.3762%,0.0,0.00%,0.0,0.0,0.00%,1741278.0,1747854.0
BUSE,-6589.0,-0.1396%,26.15,-0.42%,26.0242,542948.16526,-14.64%,4712561.0,4719150.0
VIV FP,-6642.0,-0.2919%,0.0,0.00%,0.0,0.0,0.00%,2269059.0,2275701.0
KCN AU,-6660.0,-0.0887%,0.0,0.00%,0.0,0.0,0.00%,7504172.0,7510832.0
GGP LN,-6714.0,-1.8838%,0.0,0.00%,0.0,0.0,0.00%,349690.0,356404.0
NRGV,-6805.0,-0.0957%,5.32,5.56%,5.0814,4468805.597522,-50.91%,7106041.0,7112846.0
UCG,-6812.0,-0.2512%,0.0,0.00%,0.0,0.0,0.00%,2705322.0,2712134.0
EMR AU,-6876.0,-1.8628%,0.0,0.00%,0.0,0.0,0.00%,362254.0,369130.0
4704 JP,-6880.0,-0.5986%,0.0,0.00%,0.0,0.0,0.00%,1142492.0,1149372.0
799 HK,-6900.0,-1.1426%,0.0,0.00%,0.0,0.0,0.00%,597000.0,603900.0
AAG CN,-6960.0,-0.0887%,0.0,0.00%,0.0,0.0,0.00%,7840790.0,7847750.0
TPL,-6968.239999999292,-0.1214%,401.39,-0.31%,397.6082,374144.141456,8.18%,5731789.390000001,5738757.63
WMS,-7024.0,-0.1191%,139.79,-2.80%,140.5772,604047.015516,-9.57%,5888762.0,5895786.0
MGY,-7024.0,-0.0270%,28.64,1.52%,28.5195,2585166.173636,9.31%,26044363.0,26051387.0
CORT,-7040.0,-0.0656%,51.16,-0.08%,51.1035,771283.882726,-41.80%,10729730.0,10736770.0
ENI,-7043.0,-0.2915%,0.0,0.00%,0.0,0.0,0.00%,2409348.0,2416391.0
CBU,-7054.0,-0.0947%,62.45,-0.02%,62.3104,284739.609899,47.54%,7444913.0,7451967.0
LNT,-7078.879999998957,-0.0264%,72.59,0.17%,72.4903,3458922.61949,106.91%,26830850.59,26837929.47
LH,-7086.730000000447,-0.1430%,257.35,0.89%,257.168,730037.625442,7.74%,4949437.35,4956524.08
WFRD,-7135.0,-0.0962%,107.51,5.11%,105.819,1558252.013934,9.48%,7407566.0,7414701.0
GPI,-7152.0,-0.4579%,336.14,-3.57%,339.7503,118385.659412,-30.71%,1554691.0,1561843.0
HBNC,-7194.0,-0.2957%,18.07,-0.33%,18.0102,244816.876561,-11.15%,2425366.0,2432560.0
ARE CN,-7250.0,-0.1778%,0.0,0.00%,0.0,0.0,0.00%,4071261.0,4078511.0
IBRX,-7297.0,-0.0301%,8.12,0.12%,8.0553,9900490.321868,-31.73%,24262996.0,24270293.0
BURL,-7336.0,-0.1579%,288.86,-1.15%,288.4981,820553.961108,-23.75%,4639751.0,4647087.0
NVS,-7336.0,-0.9566%,148.16,2.02%,147.7498,921782.273695,-56.08%,759529.0,766865.0
EQH,-7390.0,-0.0276%,40.6,-0.95%,40.5284,3966324.901906,20.44%,26789062.0,26796452.0
EQX CN,-7425.0,-1.8842%,0.0,0.00%,0.0,0.0,0.00%,386638.0,394063.0
DCOM,-7433.0,-0.1268%,36.6,-0.19%,36.3518,330941.817751,-38.86%,5856820.0,5864253.0
WHD,-7483.0,-0.0724%,57.23,1.24%,56.6311,590289.02797,-17.41%,10325058.0,10332541.0
ARDX,-7494.0,-0.0443%,6.61,0.00%,6.5873,1823000.68058,-54.93%,16920916.0,16928410.0
LPLA,-7515.0,-0.4490%,294.48,1.88%,291.9466,1207297.243125,-29.28%,1666219.0,1673734.0
STBA,-7570.0,-0.1514%,44.03,0.00%,43.8231,290854.34774,-8.15%,4991558.0,4999128.0
KAP LI,-7600.0,-0.1074%,0.0,0.00%,0.0,0.0,0.00%,7069449.0,7077049.0
006360 KS,-7675.0,-0.1777%,0.0,0.00%,0.0,0.0,0.00%,4312309.0,4319984.0
TGTX,-7694.0,-0.0373%,42.54,-1.39%,43.0828,2382948.175187,-14.35%,20631376.0,20639070.0
ACHC,-7791.0,-0.0813%,26.02,4.04%,25.8465,2976191.51405,74.39%,9572826.0,9580617.0
L,-7796.3300000000745,-0.0625%,104.39,0.65%,104.4175,811606.444496,-5.89%,12475357.39,12483153.72
WUC CN,-7825.0,-0.1777%,0.0,0.00%,0.0,0.0,0.00%,4396145.0,4403970.0
NE,-7826.0,-0.0420%,51.25,0.47%,51.2646,1265535.161681,-19.00%,18624396.0,18632222.0
CS,-7878.0,-0.4125%,0.0,0.00%,0.0,0.0,0.00%,1901723.0,1909601.0
IBP,-7888.0,-0.2332%,202.65,-1.72%,203.4197,910026.782761,-23.40%,3374474.0,3382362.0
MRP,-7893.0,-0.0453%,26.6,-2.53%,26.7303,2328250.653922,4.50%,17407497.0,17415390.0
NDAQ,-7912.990000002086,-0.0298%,89.49,1.14%,89.4435,2798204.874397,3.08%,26512234.49,26520147.48
TTE,-7928.0,-0.2679%,91.76,1.18%,91.6731,706201.987798,-20.95%,2951330.0,2959258.0
IONR,-7985.0,-0.3973%,4.28,-3.82%,4.3191,64322.790829,-49.93%,2001845.0,2009830.0
NIU,-8010.0,-0.3749%,2.96,-1.33%,2.97,198556.004158,-28.28%,2128321.0,2136331.0
HFWA,-8029.0,-0.1524%,26.75,-0.71%,26.6614,261985.312291,23.30%,5259971.0,5268000.0
MDU,-8044.0,-0.0361%,22.79,-0.04%,22.7644,1828245.659424,-18.00%,22276159.0,22284203.0
RHI,-8046.0,-0.0622%,26.06,-1.81%,25.9756,1766651.92469,-6.77%,12937512.0,12945558.0
MBC,-8063.0,-0.0481%,7.18,-1.10%,7.1764,2894483.469093,-37.89%,16772262.0,16780325.0
AEE,-8104.5,-0.0392%,109.49,-0.45%,109.5097,2038284.828518,25.75%,20677378.49,20685482.99
MTDR,-8147.0,-0.0819%,56.65,0.57%,56.8177,1367123.252658,7.19%,9940741.0,9948888.0
DINO,-8163.0,-0.0473%,71.34,-2.02%,71.8453,1730822.267035,-31.71%,17257103.0,17265266.0
EMN,-8204.0,-0.0570%,74.24,-0.54%,74.0724,719588.733587,-5.16%,14383584.0,14391788.0
BRC CN,-8260.0,-0.0887%,0.0,0.00%,0.0,0.0,0.00%,9306474.0,9314734.0
WPM,-8306.0,-0.0926%,142.73,-0.74%,141.0805,1440210.193457,-48.02%,8959957.0,8968263.0
FMC,-8314.0,-0.0619%,13.15,0.31%,13.0747,4340281.385711,29.72%,13418846.0,13427160.0
OVV,-8338.0,-0.0386%,58.09,-1.69%,58.2732,6993707.724242,33.52%,21592640.0,21600978.0
ES,-8486.510000005364,-0.0228%,68.73,2.22%,68.5104,2875547.130437,5.33%,37269462.73,37277949.24
IBKR,-8491.320000000298,-0.0350%,84.59,-0.38%,83.8961,5247956.757223,69.22%,24218275.59,24226766.91
LOB,-8548.0,-0.4166%,36.61,-0.19%,36.3923,192130.407241,-9.43%,2043495.0,2052043.0
HIW,-8623.0,-0.0706%,25.56,0.59%,25.4705,1465763.025621,52.45%,12203618.0,12212241.0
EXK,-8641.0,-0.0932%,11.46,1.24%,11.101,10890995.882662,-10.18%,9264737.0,9273378.0
7011 JP,-8675.0,-0.1773%,0.0,0.00%,0.0,0.0,0.00%,4884402.0,4893077.0
TRMK,-8682.0,-0.1103%,43.8,-0.68%,43.7152,350322.987141,-20.95%,7863341.0,7872023.0
FBK,-8831.0,-0.1516%,52.04,-1.36%,51.8566,478604.22776,67.33%,5814588.0,5823419.0
FFIC,-8838.0,-0.4135%,15.51,-0.32%,15.3588,232625.477672,-22.35%,2128529.0,2137367.0
BLD,-8861.0,-0.3461%,416.79,-1.85%,418.9128,581726.537859,-5.48%,2551451.0,2560312.0
FNF,-8974.0,-0.0378%,47.6,-1.43%,47.7338,2648312.799024,45.23%,23738686.0,23747660.0
MHO,-8995.0,-0.2435%,127.99,-1.73%,128.0306,171602.369254,-1.11%,3684909.0,3693904.0
3888 HK,-9000.0,-0.3124%,0.0,0.00%,0.0,0.0,0.00%,2872300.0,2881300.0
LAD,-9032.0,-0.5079%,275.3,-3.97%,277.8693,433187.98859,64.37%,1769104.0,1778136.0
VKTX,-9058.0,-0.2207%,31.32,-1.26%,31.2015,1328511.426154,-32.25%,4094989.0,4104047.0
VZLA CN,-9150.0,-0.0891%,0.0,0.00%,0.0,0.0,0.00%,10265429.0,10274579.0
SPNT,-9314.0,-0.0703%,22.84,-0.74%,22.9104,832760.436807,-12.56%,13248705.0,13258019.0
LNC,-9324.0,-0.0410%,35.09,0.92%,34.9631,2415161.489328,-16.72%,22743750.0,22753074.0
FTI,-9371.0,-0.0247%,73.19,2.87%,72.8842,3784611.615491,12.19%,37886483.0,37895854.0
SGI,-9381.0,-0.0534%,65.55,-1.52%,65.5524,3140139.948937,-25.89%,17543070.0,17552451.0
DRO AU,-9390.0,-0.0841%,0.0,0.00%,0.0,0.0,0.00%,11161868.0,11171258.0
MUX,-9426.0,-0.1836%,26.16,4.35%,25.1056,1398414.599522,24.71%,5124871.0,5134297.0
PURR,-9456.0,-0.3168%,6.25,-4.29%,6.2285,5658340.577995,-20.60%,2974999.0,2984455.0
OPAL,-9459.0,-0.2683%,2.08,-5.02%,2.1237,177007.071225,-57.03%,3515585.0,3525044.0
ACAD,-9473.0,-0.0452%,21.72,-0.37%,21.7724,1125205.803987,-42.12%,20969602.0,20979075.0
TEVA,-9560.0,-0.6133%,35.81,-0.08%,35.4651,4625488.998568,-21.23%,1549229.0,1558789.0
RRC,-9625.0,-0.0522%,40.9,-0.17%,40.847,1938623.500974,-14.49%,18418359.0,18427984.0
RRL AU,-9681.0,-1.8629%,0.0,0.00%,0.0,0.0,0.00%,509982.0,519663.0
TFIN,-9682.0,-0.2921%,64.42,-0.66%,64.5336,227514.154977,-8.99%,3305062.0,3314744.0
EIX,-9706.309999994934,-0.0218%,71.27,0.98%,71.2735,2694674.628009,4.83%,44531813.27,44541519.58
LEG,-9953.0,-0.0557%,9.52,-1.35%,9.5417,2780947.088855,-27.37%,17858373.0,17868326.0
NOG,-9986.0,-0.0633%,23.87,1.02%,23.848,4032932.239975,113.87%,15773315.0,15783301.0
2208 TT,-10000.0,-0.0832%,0.0,0.00%,0.0,0.0,0.00%,12003000.0,12013000.0
AR,-10047.0,-0.0447%,36.33,-0.71%,36.2285,4507407.474495,19.98%,22471500.0,22481547.0
FIVE,-10079.0,-0.2385%,208.51,0.17%,207.668,1232168.944606,-21.58%,4215677.0,4225756.0
SNY,-10220.0,-0.6438%,42.86,0.85%,42.8257,4206272.382578,-16.84%,1577145.0,1587365.0
OII,-10243.0,-0.0643%,38.07,0.37%,38.1119,1194955.32105,23.69%,15926066.0,15936309.0
GERN,-10245.0,-0.0238%,1.4,0.72%,1.411,26741812.117315,-17.44%,43064023.0,43074268.0
DBK,-10280.0,-0.3609%,0.0,0.00%,0.0,0.0,0.00%,2837791.0,2848071.0
BANR,-10312.0,-0.2136%,64.5,-0.45%,64.1827,268868.233469,-25.12%,4816767.0,4827079.0
MHK,-10337.0,-0.1887%,99.48,-1.48%,98.9917,878975.528917,-3.91%,5467716.0,5478053.0
GRBK,-10344.0,-0.2288%,64.28,-1.50%,64.1519,191119.569823,-24.97%,4509857.0,4520201.0
MCHB,-10443.0,-0.4219%,14.49,-0.07%,14.3777,379072.36121,3.65%,2464537.0,2474980.0
DV,-10495.0,-0.0736%,10.01,-4.03%,10.1468,2581729.766036,-32.03%,14249829.0,14260324.0
CRK,-10509.0,-0.0868%,14.72,-2.32%,14.7899,2531620.41408,-44.25%,12098603.0,12109112.0
CCS,-10587.0,-0.2811%,53.08,-3.91%,53.259,261073.080567,-56.96%,3756186.0,3766773.0
SFBS,-10606.0,-0.1557%,76.83,-0.05%,76.5838,205596.61443,-34.94%,6800647.0,6811253.0
CMS,-10647.880000002682,-0.0328%,73.31,0.16%,73.2578,2265687.973264,-2.11%,32451411.31,32462059.19
EGBN,-10672.0,-0.2716%,25.4,-0.94%,25.321,491326.432291,106.95%,3918805.0,3929477.0
HAFC,-10673.0,-0.2523%,29.38,-0.88%,29.3076,155408.65419,-27.82%,4219128.0,4229801.0
CERT,-10679.0,-0.0882%,5.09,-0.78%,5.0998,5378541.821504,-33.45%,12100698.0,12111377.0
AMTM,-10707.0,-0.0513%,24.31,1.55%,24.5264,4175026.968709,-18.01%,20843489.0,20854196.0
RARE,-10732.0,-0.1690%,26.84,2.05%,26.6541,1265789.022945,-32.01%,6340093.0,6350825.0
ABG,-10735.0,-0.3527%,193.68,-1.93%,194.7749,235130.088235,-23.67%,3032853.0,3043588.0
PENN,-10759.0,-0.0807%,15.71,-1.44%,15.962,2795784.084105,0.46%,13315809.0,13326568.0
VNOM,-10835.0,-0.0749%,48.08,1.20%,47.9889,1434541.232176,26.26%,14446599.0,14457434.0
TCBI,-10878.0,-0.1718%,97.45,-0.66%,96.631,646246.203556,107.71%,6322488.0,6333366.0
CF,-10999.089999999851,-0.1069%,130.39,4.75%,128.5591,3628183.058323,29.18%,10273637.39,10284636.48
AG CN,-11000.0,-0.0887%,0.0,0.00%,0.0,0.0,0.00%,12392717.0,12403717.0
TALO,-11045.0,-0.0556%,15.35,0.13%,15.3524,1304061.659393,-14.70%,19871482.0,19882527.0
UA,-11090.0,-0.0834%,4.9,-16.67%,4.8405,8432018.090307,149.38%,13288462.0,13299552.0
MAA,-11133.5,-0.1114%,129.22,-0.39%,129.4387,808887.087868,13.79%,9980954.22,9992087.72
UHS,-11148.600000000093,-0.2735%,169.63,0.83%,170.4227,880970.643512,-8.21%,4064937.63,4076086.23
LW,-11162.0,-0.0785%,41.41,2.65%,41.2143,1638316.727501,1.04%,14199970.0,14211132.0
GGD CN,-11260.0,-0.0887%,0.0,0.00%,0.0,0.0,0.00%,12687078.0,12698338.0
PAAS,-11427.0,-0.0919%,63.78,2.39%,62.5612,5383804.246774,-15.14%,12424318.0,12435745.0
MNKD,-11575.0,-0.0431%,3.28,-2.38%,3.3031,5514111.429377,-26.85%,26875135.0,26886710.0
BPOP,-11632.0,-0.5180%,145.46,-1.01%,145.0505,384456.076649,-1.23%,2233790.0,2245422.0
ESI,-11687.0,-0.0511%,43.95,-2.46%,43.6961,3493399.223564,3.88%,22851388.0,22863075.0
CFR,-11736.0,-0.1855%,136.14,0.36%,135.4359,649734.245007,-30.62%,6315821.0,6327557.0
OFG,-11787.0,-0.1890%,44.25,-1.03%,44.1479,258456.308126,26.45%,6226304.0,6238091.0
HYMC,-11789.0,-0.1825%,45.16,3.32%,43.1559,2259714.126594,-46.36%,6448754.0,6460543.0
WTFC,-11877.0,-0.1696%,148.15,-1.55%,147.9798,546363.322816,-19.13%,6991324.0,7003201.0
BOKF,-11983.0,-1.3695%,129.02,-0.67%,128.4049,295242.537085,-2.76%,863034.0,875017.0
NI,-11998.840000003576,-0.0275%,47.19,0.34%,47.2364,4193310.441266,-17.43%,43586431.19,43598430.03
HTH,-12226.0,-0.1837%,37.16,-0.32%,37.004,400026.9201,2.41%,6644802.0,6657028.0
TW,-12265.0,-0.5364%,109.21,-0.66%,109.5275,1168428.489506,-3.83%,2274470.0,2286735.0
DKS,-12269.0,-0.2614%,219.42,-0.38%,218.714,1145088.573176,24.76%,4681799.0,4694068.0
HWC,-12307.0,-0.1309%,65.85,-2.80%,66.2745,1433592.69026,27.04%,9386603.0,9398910.0
WGX AU,-12348.0,-1.8628%,0.0,0.00%,0.0,0.0,0.00%,650527.0,662875.0
CATY,-12373.0,-0.1383%,56.49,-0.96%,56.35,391677.094109,-30.07%,8936028.0,8948401.0
LGIH,-12402.0,-0.3882%,45.6,-3.55%,45.7842,508281.177502,0.87%,3182365.0,3194767.0
FVI CN,-12420.0,-0.1280%,0.0,0.00%,0.0,0.0,0.00%,9687999.0,9700419.0
INDB,-12450.0,-0.1873%,76.92,0.27%,76.5837,297357.793046,-34.74%,6632950.0,6645400.0
AN,-12501.0,-0.6456%,195.36,-2.55%,196.1972,330291.843915,-1.72%,1923790.0,1936291.0
HOC LN,-12555.0,-0.1280%,0.0,0.00%,0.0,0.0,0.00%,9794357.0,9806912.0
ED,-12755.310000002384,-0.0416%,106.9,0.65%,107.0208,3283746.020585,55.25%,30627255.9,30640011.21
VAU AU,-12762.0,-1.8613%,0.0,0.00%,0.0,0.0,0.00%,672891.0,685653.0
LBRT,-12813.0,-0.0530%,33.23,-0.48%,32.982,3612732.609761,17.78%,24173472.0,24186285.0
WSC,-12834.0,-0.0701%,27.02,1.16%,26.7158,4892952.746604,5.77%,18292588.0,18305422.0
FND,-12835.0,-0.1609%,47.65,-2.28%,48.0011,2880575.63594,-30.71%,7962485.0,7975320.0
GMD AU,-12891.0,-1.8611%,0.0,0.00%,0.0,0.0,0.00%,679774.0,692665.0
WEC,-12908.190000001341,-0.0429%,112.58,-0.17%,112.4994,1964489.309333,40.85%,30108350.58,30121258.77
LAZ,-12941.0,-0.3168%,46.09,0.24%,46.0924,1765006.366378,98.47%,4071803.0,4084744.0
CFG,-12987.209999993443,-0.0337%,61.95,-0.34%,61.8486,4120371.976098,-25.46%,38578243.95,38591231.16
NBHC,-13012.0,-0.2218%,41.53,-1.00%,41.446,211436.438651,-28.11%,5854310.0,5867322.0
TREX,-13051.0,-0.1623%,39.07,-1.09%,38.9,2502063.504346,-2.23%,8029341.0,8042392.0
FE,-13072.890000000596,-0.0278%,44.71,0.25%,44.6562,4408253.711408,-6.01%,46967502.71,46980575.6
BZH,-13128.0,-0.6820%,23.33,-7.27%,24.1484,2440899.078824,-55.99%,1911759.0,1924887.0
INGA,-13157.0,-0.2324%,0.0,0.00%,0.0,0.0,0.00%,5648191.0,5661348.0
VIRT,-13214.0,-0.1548%,51.85,0.60%,51.708,999016.002881,-32.46%,8522641.0,8535855.0
BOOT,-13271.0,-0.3566%,144.8,-5.42%,145.9431,1537410.334531,85.17%,3708176.0,3721447.0
USL AU,-13305.0,-0.0887%,0.0,0.00%,0.0,0.0,0.00%,14987151.0,15000456.0
CNP,-13334.140000000596,-0.0261%,42.13,-0.33%,42.2231,4437834.893148,-6.56%,51009560.13,51022894.27
NVO,-13628.0,-0.7036%,47.0,1.29%,46.7646,14248177.270307,-20.19%,1923222.0,1936850.0
URC CN,-13750.0,-0.1773%,0.0,0.00%,0.0,0.0,0.00%,7739972.0,7753722.0
AX,-13804.0,-0.1746%,84.37,-1.31%,84.3487,335211.759812,-36.18%,7894253.0,7908057.0
ADMA,-13943.0,-0.0388%,8.41,6.73%,8.3568,8319549.871694,-3.18%,35939524.0,35953467.0
SARO,-13947.0,-0.0571%,26.79,-0.04%,26.5925,4827612.75883,-45.53%,24417186.0,24431133.0
OCFC,-13959.0,-0.4856%,18.24,-0.38%,18.0841,627316.214959,-10.61%,2860921.0,2874880.0
EWBC,-13976.0,-0.1206%,120.91,-0.82%,120.8201,1016501.867192,-1.14%,11570576.0,11584552.0
RKLB,-14167.0,-0.0677%,117.56,0.18%,117.1643,34195130.579199,-37.58%,20920472.0,20934639.0
PRGO,-14450.0,-0.0712%,11.12,0.45%,11.1269,2947322.838615,12.14%,20277859.0,20292309.0
FBIN,-14582.0,-0.1575%,36.94,-2.22%,37.0435,3603110.457054,-13.91%,9244637.0,9259219.0
WEN,-14596.0,-0.0812%,7.9,16.86%,7.782,57850423.543841,435.35%,17950282.0,17964878.0
HLX,-14726.0,-0.0661%,9.91,-0.60%,9.9528,1213357.443346,2.39%,22247374.0,22262100.0
CUBI,-14734.0,-0.2999%,73.91,-0.28%,73.2305,356969.519533,-32.11%,4898959.0,4913693.0
SLVR CN,-15015.0,-0.0887%,0.0,0.00%,0.0,0.0,0.00%,16913470.0,16928485.0
WSFS,-15025.0,-0.2052%,70.42,-0.76%,69.9336,407524.296473,-31.00%,7305972.0,7320997.0
TRIP,-15081.0,-0.1003%,9.45,-2.17%,9.4972,4017661.767034,0.69%,15027475.0,15042556.0
PSMT,-15281.0,-0.4523%,156.49,-0.31%,156.3548,199491.518112,29.41%,3363583.0,3378864.0
NDA FI,-15425.0,-0.5006%,0.0,0.00%,0.0,0.0,0.00%,3066168.0,3081593.0
BOH,-15869.0,-0.2249%,77.5,-1.22%,77.3141,406639.149091,-15.50%,7039108.0,7054977.0
CZR,-16080.0,-0.0786%,25.41,-8.50%,26.3957,6562058.949226,83.41%,20446746.0,20462826.0
PAG,-16259.0,-0.7940%,169.03,-2.44%,170.0086,285929.524456,1.53%,2031350.0,2047609.0
VSNT,-16472.0,-0.1175%,40.37,-2.28%,40.1676,3354254.356264,153.01%,13996924.0,14013396.0
CTMX,-16686.0,-0.2524%,3.88,0.52%,3.8619,1744721.422044,-52.17%,6593798.0,6610484.0
BLDR,-16705.099999999627,-0.1878%,72.78,-2.80%,73.0094,3134936.047949,41.37%,8879931.78,8896636.879999999
PEG,-16735.060000002384,-0.0398%,78.62,1.21%,78.2108,6466895.475133,52.57%,42018007.62,42034742.68
SF,-16772.0,-0.1126%,75.0,0.54%,74.7038,2003983.158984,-23.61%,14875520.0,14892292.0
SSB,-16933.0,-0.2173%,93.68,-0.22%,93.5482,918884.557637,33.40%,7775406.0,7792339.0
DFH,-17004.0,-0.3523%,13.02,-13.37%,13.0845,2736037.628388,36.67%,4809280.0,4826284.0
JEF,-17140.0,-0.1371%,52.5,0.13%,52.165,2125734.98339,7.39%,12480834.0,12497974.0
ETR,-17178.039999999106,-0.0446%,112.93,-0.04%,112.7906,4911056.003816,79.03%,38504248.93,38521426.97
UAA,-17232.0,-0.0897%,5.03,-17.00%,4.97,33434446.6049,140.17%,19198066.0,19215298.0
SMMT,-17272.0,-0.1919%,18.95,1.55%,18.7925,2238440.276125,-47.13%,8984910.0,9002182.0
GBCI,-17308.0,-0.1317%,46.62,-1.29%,46.4474,1924717.26563,121.07%,13126756.0,13144064.0
PNFP,-17477.0,-0.1201%,96.48,-0.05%,96.2496,932900.721933,-10.94%,14536504.0,14553981.0
OBM AU,-17511.0,-1.8626%,0.0,0.00%,0.0,0.0,0.00%,922641.0,940152.0
PRU AU,-17667.0,-1.8624%,0.0,0.00%,0.0,0.0,0.00%,930934.0,948601.0
TS,-17680.0,-0.6963%,62.5,1.02%,62.2918,1811232.050022,11.82%,2521634.0,2539314.0
TAK,-17696.0,-1.0998%,16.42,0.37%,16.4738,4639324.101861,-10.17%,1591290.0,1608986.0
0117901G KS,-17791.0,-100.0000%,0.0,0.00%,0.0,0.0,0.00%,0.0,17791.0
GTES,-17964.0,-0.0718%,25.68,-1.15%,25.4676,2360797.048157,47.30%,25001541.0,25019505.0
ABCB,-18184.0,-0.2014%,84.03,-1.20%,83.9749,412161.679747,9.50%,9010346.0,9028530.0
KMPR,-18327.0,-0.2692%,30.82,0.03%,30.8975,1170541.0534,-7.16%,6788846.0,6807173.0
APLS,-18526.0,-0.1197%,41.06,0.10%,41.0449,7931662.459034,-12.08%,15453080.0,15471606.0
SRPT,-18913.0,-0.1229%,19.13,-1.39%,19.1261,2830459.08354,-7.88%,15368578.0,15387491.0
KOS,-18953.0,-0.0517%,3.1,7.64%,3.0479,13891716.304882,-12.94%,36643389.0,36662342.0
BGL AU,-18957.0,-1.8628%,0.0,0.00%,0.0,0.0,0.00%,998681.0,1017638.0
RES,-18973.0,-0.1150%,7.06,0.57%,7.0705,1943941.735093,-1.11%,16485401.0,16504374.0
MTCH,-19020.0,-0.0793%,35.36,-1.15%,35.3959,2969935.42196,-32.65%,23955545.0,23974565.0
FCF,-19319.0,-0.1409%,18.29,-0.22%,18.2161,658796.18648,-6.54%,13694361.0,13713680.0
RXRX,-19361.0,-0.0494%,3.15,-3.37%,3.1455,14572495.873255,3.96%,39177475.0,39196836.0
ZBH,-19448.210000000894,-0.1529%,83.37,4.76%,82.9239,2434903.66992,9.20%,12700758.37,12720206.58
FSY CN,-19600.0,-0.1930%,0.0,0.00%,0.0,0.0,0.00%,10136762.0,10156362.0
FFIN,-19601.0,-0.1322%,31.7,0.70%,31.5604,819570.263733,17.04%,14802300.0,14821901.0
OC,-19671.0,-0.2861%,119.83,-0.02%,119.4805,1365743.371853,11.83%,6855847.0,6875518.0
GSVR CN,-19730.0,-0.0887%,0.0,0.00%,0.0,0.0,0.00%,22223461.0,22243191.0
DTE,-19803.85000000149,-0.0714%,142.58,0.11%,142.5516,1221723.1029,-23.56%,27735524.58,27755328.43
8001 JP,-19850.0,-0.1776%,0.0,0.00%,0.0,0.0,0.00%,11159739.0,11179589.0
SBCF,-20094.0,-0.1529%,30.46,0.26%,30.3401,829803.61433,-2.49%,13124195.0,13144289.0
TBBK,-20849.0,-0.3279%,53.55,-2.83%,53.5335,707951.661146,15.16%,6336868.0,6357717.0
MOVI9,-20909.0,-100.0000%,0.0,0.00%,0.0,0.0,0.00%,0.0,20909.0
ARCO,-20988.0,-1.8996%,8.64,0.00%,8.6483,1004393.2717,-6.38%,1083884.0,1104872.0
SAIL,-21049.0,-0.3529%,11.61,-1.36%,11.6128,1921790.251627,-35.95%,5944121.0,5965170.0
ANF,-21057.0,-0.4511%,73.06,1.01%,72.7509,1344334.25237,-19.52%,4647351.0,4668408.0
WAL,-21185.0,-0.2059%,77.56,0.79%,76.6875,2214353.56319,1.35%,10269992.0,10291177.0
EU CN,-21200.0,-0.1775%,0.0,0.00%,0.0,0.0,0.00%,11920055.0,11941255.0
CRM,-21228.179999999702,-0.0367%,171.31,-3.48%,172.8618,10214056.953033,-8.35%,57845381.31,57866609.49
IBE,-21272.0,-0.2066%,0.0,0.00%,0.0,0.0,0.00%,10274650.0,10295922.0
OCGN,-21386.0,-0.2391%,1.47,-0.68%,1.4746,6725167.518115,-30.16%,8922299.0,8943685.0
PPL,-21443.890000000596,-0.0356%,36.35,0.30%,36.3513,6640207.504411,-10.61%,60175076.35,60196520.24
BMN AU,-21675.0,-0.1774%,0.0,0.00%,0.0,0.0,0.00%,12194592.0,12216267.0
ONB,-21685.0,-0.0611%,24.15,-0.04%,24.0236,3316260.676024,-22.00%,35479377.0,35501062.0
CRGY,-21867.0,-0.0557%,12.72,1.84%,12.727,6456383.539207,-16.56%,39234454.0,39256321.0
SRE,-22192.420000001788,-0.0492%,93.41,0.62%,93.4329,4276809.553758,11.07%,45059388.41,45081580.83
PAF LN,-22221.0,-1.8842%,0.0,0.00%,0.0,0.0,0.00%,1157099.0,1179320.0
SES,-22725.0,-0.2618%,1.0,-0.99%,0.9832,25468094.776633,25.52%,8658948.0,8681673.0
WBS,-22732.0,-0.1720%,71.98,-0.24%,71.7747,2384611.813466,43.65%,13191236.0,13213968.0
HOMB,-22770.0,-0.1143%,26.28,0.11%,26.2013,1412593.93428,-24.76%,19903045.0,19925815.0
GTM,-22795.0,-0.0826%,4.06,-32.78%,4.0667,42419065.873282,81.08%,27588242.0,27611037.0
TRGP,-23062.019999999553,-0.1362%,255.16,0.78%,255.3313,1036941.509566,-2.44%,16912064.16,16935126.18
OLLI,-23071.0,-0.5478%,75.18,-0.73%,75.3993,2231717.99838,14.22%,4188711.0,4211782.0
SYH CN,-23375.0,-0.1774%,0.0,0.00%,0.0,0.0,0.00%,13150030.0,13173405.0
PB,-23392.0,-0.2545%,67.76,-1.01%,67.7363,1265499.548349,13.44%,9169265.0,9192657.0
IVVD,-23417.0,-0.3270%,1.49,-1.32%,1.4973,1028848.629957,-63.71%,7136659.0,7160076.0
LKQ,-23479.0,-0.0753%,26.85,-4.45%,27.2003,4075850.386712,37.94%,31136923.0,31160402.0
LAM CN,-23750.0,-0.1774%,0.0,0.00%,0.0,0.0,0.00%,13361653.0,13385403.0
CVV CN,-23775.0,-0.1775%,0.0,0.00%,0.0,0.0,0.00%,13372051.0,13395826.0
CFFN,-23839.0,-0.1349%,7.68,-1.16%,7.6827,724491.16112,-15.18%,17647131.0,17670970.0
NWBI,-23883.0,-0.1200%,13.71,0.07%,13.6783,1048310.63915,13.38%,19873471.0,19897354.0
047040 KS,-23925.0,-0.1776%,0.0,0.00%,0.0,0.0,0.00%,13447047.0,13470972.0
603008,-24100.0,-55.1487%,0.0,0.00%,0.0,0.0,0.00%,19600.0,43700.0
NTSK,-24180.0,-0.5486%,10.81,-3.83%,10.8778,2093990.32416,-31.76%,4383389.0,4407569.0
TFSL,-24329.0,-0.8264%,14.99,0.81%,14.9841,2002056.127347,171.62%,2919741.0,2944070.0
KBH,-24360.0,-0.3287%,46.93,-1.96%,46.9491,958826.638652,-10.06%,7385982.0,7410342.0
SOLV,-24386.019999999553,-0.2298%,75.1,1.32%,75.066,2319247.171316,16.60%,10587324.1,10611710.12
SKY,-24471.0,-0.2916%,68.97,-0.58%,69.0677,1139737.188311,49.95%,8366923.0,8391394.0
RMS AU,-24573.0,-1.8624%,0.0,0.00%,0.0,0.0,0.00%,1294838.0,1319411.0
PR,-24668.0,-0.0446%,20.17,0.10%,20.1764,10172458.745596,2.18%,55260768.0,55285436.0
WAFD,-24693.0,-0.2051%,35.17,-0.85%,35.0572,614066.52303,-3.40%,12013800.0,12038493.0
BBY,-24739.420000001788,-0.1045%,57.2,-0.73%,57.3562,2800785.124195,-26.92%,23644539.2,23669278.62
RNST,-25084.0,-0.1957%,39.6,-0.43%,39.4901,976702.483645,44.27%,12790800.0,12815884.0
SIG,-25197.0,-0.4499%,80.35,-3.34%,80.54,913367.732205,36.37%,5575358.0,5600555.0
BJ,-25328.0,-0.2776%,92.01,0.99%,92.0592,1671359.173779,8.57%,9098262.0,9123590.0
NXTAAB,-25467.0,-100.0000%,0.0,0.00%,0.0,0.0,0.00%,0.0,25467.0
TMHC,-25589.0,-0.2374%,58.24,-1.79%,58.4186,1159429.243409,-9.37%,10753385.0,10778974.0
BBVA,-25718.0,-0.2571%,21.81,-0.59%,21.7487,1612006.691646,16.77%,9976494.0,10002212.0
IMKTA,-25719.0,-3.7003%,84.49,-1.08%,84.4613,136919.822021,-1.34%,669324.0,695043.0
D,-26048.640000000596,-0.0438%,62.92,0.58%,62.739,4791528.430082,-13.81%,59466825.92,59492874.56
OGN,-26090.0,-0.0898%,13.31,-0.15%,13.3081,4864461.672684,-1.29%,29025649.0,29051739.0
CCO CN,-26200.0,-0.1776%,0.0,0.00%,0.0,0.0,0.00%,14729525.0,14755725.0
DSV CN,-26235.0,-0.1280%,0.0,0.00%,0.0,0.0,0.00%,20466429.0,20492664.0
LOT AU,-26300.0,-0.1848%,0.0,0.00%,0.0,0.0,0.00%,14206960.0,14233260.0
SLX AU,-26525.0,-0.0814%,0.0,0.00%,0.0,0.0,0.00%,32558858.0,32585383.0
MTH,-26636.0,-0.2719%,62.48,-2.05%,62.5273,1115887.702283,68.26%,9771405.0,9798041.0
TPH,-27156.0,-0.2250%,46.97,0.02%,46.9717,1572975.126244,-17.94%,12042031.0,12069187.0
EFR CN,-27300.0,-0.1774%,0.0,0.00%,0.0,0.0,0.00%,15359304.0,15386604.0
RSG AU,-27321.0,-1.8646%,0.0,0.00%,0.0,0.0,0.00%,1437922.0,1465243.0
DUK,-27567.829999998212,-0.0441%,125.07,0.14%,125.1466,3338335.468151,47.95%,62465450.07,62493017.9
LI CN,-27750.0,-0.1789%,0.0,0.00%,0.0,0.0,0.00%,15484234.0,15511984.0
YCA LN,-28100.0,-0.0843%,0.0,0.00%,0.0,0.0,0.00%,33316376.0,33344476.0
TOL,-28209.0,-0.3567%,134.42,-0.54%,134.1169,912419.058788,-6.90%,7879417.0,7907626.0
NOV,-28302.0,-0.0874%,20.54,3.89%,20.3381,7476888.290136,135.21%,32360836.0,32389138.0
ZION,-28372.0,-0.2167%,60.83,0.05%,60.6472,1262882.549082,-39.65%,13065911.0,13094283.0
BGC,-28669.0,-0.0633%,11.02,-1.96%,11.0725,3294360.198659,14.46%,45227900.0,45256569.0
U-U CN,-28725.0,-0.1775%,0.0,0.00%,0.0,0.0,0.00%,16156906.0,16185631.0
LYFT,-29066.0,-0.0695%,13.88,0.07%,13.679,14326107.323268,-9.04%,41788877.0,41817943.0
WMK,-29553.0,-4.8146%,68.85,-0.61%,68.6087,164649.655286,-9.59%,584265.0,613818.0
EXE,-29857.269999999553,-0.1546%,96.43,-0.28%,96.2138,2762124.985425,30.79%,19277491.43,19307348.7
MAS,-29972.789999999106,-0.2027%,69.8,-1.12%,69.883,3184961.9613,23.57%,14758882.8,14788855.59
BBT,-30467.0,-0.2527%,28.29,-0.95%,28.2283,635602.134429,-29.13%,12027410.0,12057877.0
SFM,-30547.0,-0.3630%,86.89,6.51%,85.6786,3232074.14454,87.89%,8384380.0,8414927.0
HOPE,-30630.0,-0.1816%,12.02,-0.99%,11.9581,752296.469753,-25.07%,16838242.0,16868872.0
AEU AU,-30650.0,-0.2169%,0.0,0.00%,0.0,0.0,0.00%,14103300.0,14133950.0
HLN,-30664.0,-0.6795%,9.1,1.34%,9.0983,9584448.630212,-20.92%,4482228.0,4512892.0
GNW,-31695.0,-0.0611%,9.09,0.33%,9.0638,2095720.244313,20.94%,51868271.0,51899966.0
CBSH,-31764.0,-0.2524%,51.14,0.31%,50.947,1119460.248488,-3.76%,12554190.0,12585954.0
PFS,-31968.0,-0.1814%,21.98,-0.50%,21.8951,988139.840729,-3.05%,17588437.0,17620405.0
DD,-32012.039999999106,-0.1234%,50.54,-0.08%,50.1759,3824720.641339,-20.97%,25908723.54,25940735.58
SFNC,-32022.0,-0.1573%,20.9,-0.24%,20.7613,911108.42268,-22.12%,20324916.0,20356938.0
ENEL,-32198.0,-0.2601%,0.0,0.00%,0.0,0.0,0.00%,12344525.0,12376723.0
UBSI,-32229.0,-0.1689%,42.52,-0.14%,42.344,857941.045111,-3.12%,19045583.0,19077812.0
URBN,-32238.0,-0.4564%,67.01,-2.03%,66.6265,1862708.200428,51.77%,7030625.0,7062863.0
NCC LN,-32320.0,-0.6057%,0.0,0.00%,0.0,0.0,0.00%,5303668.0,5335988.0
VG,-32741.0,-0.2320%,13.27,14.20%,13.0712,41849613.666885,113.82%,14077134.0,14109875.0
OKTA,-33318.0,-0.2421%,79.06,-3.22%,79.0491,2329776.206428,-0.26%,13727923.0,13761241.0
OMC,-33811.109999999404,-0.0963%,76.04,1.18%,75.4677,4004854.626152,-46.38%,35063205.04,35097016.15
RITM,-33907.0,-0.0517%,9.66,-0.41%,9.6746,4622521.76208,-16.29%,65584890.0,65618797.0
BKU,-34080.0,-0.3163%,46.2,-0.37%,46.086,479673.811491,-21.12%,10739985.0,10774065.0
PEN AU,-34200.0,-0.1775%,0.0,0.00%,0.0,0.0,0.00%,19238595.0,19272795.0
AUB,-34395.0,-0.1701%,37.04,0.14%,36.9204,1114035.397151,31.16%,20185292.0,20219687.0
PTEN,-34656.0,-0.0635%,12.06,1.69%,12.0179,5820758.286993,12.15%,54553982.0,54588638.0
UCB,-34670.0,-0.2086%,32.77,0.12%,32.6417,814692.812962,8.61%,16589135.0,16623805.0
SIMH9,-35152.0,-100.0000%,0.0,0.00%,0.0,0.0,0.00%,0.0,35152.0
1119 HK,-35400.0,-1.1306%,0.0,0.00%,0.0,0.0,0.00%,3095600.0,3131000.0
OZK,-36102.0,-0.2707%,47.27,-0.61%,47.0417,759195.113682,-40.22%,13299525.0,13335627.0
NWL,-36152.0,-0.0808%,4.05,-0.74%,4.0581,5791298.532728,-42.30%,44687865.0,44724017.0
FIBK,-36332.0,-0.2855%,34.59,-1.45%,34.6332,1701923.367843,-1.32%,12690195.0,12726527.0
SASK CN,-36550.0,-0.1774%,0.0,0.00%,0.0,0.0,0.00%,20560804.0,20597354.0
ASO,-37221.0,-0.4436%,51.12,-0.81%,51.0575,1417914.549485,13.01%,8354274.0,8391495.0
ASB,-37231.0,-0.1849%,27.92,0.04%,27.7841,1633825.914374,-16.43%,20093949.0,20131180.0
MPC,-37783.490000002086,-0.1800%,251.99,-0.19%,253.7208,2669563.362235,9.90%,20949241.99,20987025.48
VLO,-38048.009999997914,-0.1676%,247.12,-0.41%,247.7306,3387377.182386,11.23%,22662529.12,22700577.13
SAH,-38194.0,-1.6500%,78.58,-2.77%,78.905,245815.143254,-15.26%,2276536.0,2314730.0
PHM,-38342.89999999851,-0.2439%,114.55,-0.78%,114.1364,2505379.130241,81.97%,15679819.55,15718162.45
MGA CN,-38975.0,-0.1775%,0.0,0.00%,0.0,0.0,0.00%,21923087.0,21962062.0
HAYW,-39365.0,-0.1881%,13.9,-3.34%,13.9824,4635584.904272,114.70%,20886472.0,20925837.0
FBP,-39724.0,-0.1857%,23.36,-1.56%,23.3665,947780.890763,-7.92%,21355814.0,21395538.0
PCG,-40226.40000000596,-0.0248%,16.81,3.70%,16.6651,31171491.315745,43.76%,161984194.81,162024421.21
MPT,-40934.0,-0.0771%,5.11,1.39%,5.0982,7941312.596422,55.71%,53062420.0,53103354.0
AAP,-41183.0,-0.5412%,52.62,1.52%,52.0081,1619888.652368,-16.00%,7568915.0,7610098.0
CLF,-41987.0,-0.0641%,10.79,-4.00%,10.737,12473620.447333,15.82%,65422008.0,65463995.0
SW,-43051.3200000003,-0.1078%,40.58,-0.78%,40.4925,3352735.192776,-10.51%,39909914.58,39952965.9
EBC,-43302.0,-0.3914%,19.49,-0.81%,19.446,1709187.86936,9.41%,11020530.0,11063832.0
LEN,-43545.23000000045,-0.2867%,85.86,-1.41%,85.8032,2652663.445448,-4.96%,15146723.86,15190269.09
ADT,-43855.0,-0.0728%,6.82,0.44%,6.7737,12550448.811734,-11.48%,60212933.0,60256788.0
FOX,-43967.70999999903,-0.2801%,59.47,-2.80%,59.7402,1169339.814525,-29.47%,15654962.47,15698930.18
UEC,-44059.0,-0.0557%,15.5,-5.89%,15.3317,9877851.935428,-2.83%,79039681.0,79083740.0
NKE,-44559.04000000656,-0.0596%,42.35,-0.09%,42.3157,21302053.920096,-14.33%,74662149.35,74706708.39
GLO CN,-45325.0,-0.1775%,0.0,0.00%,0.0,0.0,0.00%,25491330.0,25536655.0
BOE AU,-45825.0,-0.1774%,0.0,0.00%,0.0,0.0,0.00%,25779079.0,25824904.0
MATH,-46260.0,-28.7169%,0.9818,-1.82%,1.0225,122252.0,-49.63%,114830.0,161090.0
BKE,-46599.0,-1.1882%,49.26,-1.83%,49.0516,375619.688739,-24.08%,3875187.0,3921786.0
DIS,-46628.560000002384,-0.0553%,106.16,1.38%,105.6007,8178676.433899,-22.57%,84265308.16,84311936.72
EL8 AU,-46975.0,-0.1775%,0.0,0.00%,0.0,0.0,0.00%,26418156.0,26465131.0
IP,-47323.60000000149,-0.1086%,32.87,1.23%,32.7795,5469915.531834,16.57%,43546197.87,43593521.47
APA,-47777.609999999404,-0.1087%,37.09,1.06%,36.9749,6064566.462345,-11.84%,43894081.09,43941858.7
241 HK,-48000.0,-1.7732%,0.0,0.00%,0.0,0.0,0.00%,2658900.0,2706900.0
BBW,-49226.0,-7.8663%,36.12,-2.59%,36.2947,299591.741491,-5.98%,576560.0,625786.0
CVBF,-50177.0,-0.2177%,19.84,-1.29%,19.7921,1750101.538889,4.05%,22993626.0,23043803.0
VSCO,-50441.0,-0.5251%,46.56,1.13%,46.0536,3022328.338461,27.66%,9556109.0,9606550.0
BKY SM,-50475.0,-0.1714%,0.0,0.00%,0.0,0.0,0.00%,29390654.0,29441129.0
GLPI,-50609.0,-0.2362%,47.7,-0.69%,47.8447,1723960.151471,-14.38%,21379773.0,21430382.0
SO,-50689.62999999523,-0.0568%,93.47,0.40%,93.3379,4511476.107433,1.73%,89155511.47,89206201.1
DHI,-51221.69000000134,-0.2524%,143.27,-1.17%,143.2431,2415559.036956,37.38%,20245585.27,20296806.96
PSX,-51454.9299999997,-0.1697%,175.43,0.04%,175.8111,3256856.560816,33.89%,30270578.43,30322033.36
PDN AU,-51750.0,-0.0941%,0.0,0.00%,0.0,0.0,0.00%,54934502.0,54986252.0
FFBC,-51757.0,-0.3567%,29.92,-0.63%,29.7673,756392.098231,-13.83%,14459380.0,14511137.0
ETSY,-52203.0,-0.4985%,57.51,-3.93%,57.7793,3969646.2823,11.13%,10419082.0,10471285.0
COLB,-55838.0,-0.2492%,29.09,-1.12%,29.0424,2839807.109247,-4.54%,22350542.0,22406380.0
AXP,-56738.01000000164,-0.1859%,314.31,0.64%,313.4937,2275494.93599,-26.16%,30469163.31,30525901.32
SVL AU,-57200.0,-0.0887%,0.0,0.00%,0.0,0.0,0.00%,64428879.0,64486079.0
FHB,-60171.0,-0.4096%,26.42,-1.27%,26.3832,1444462.279098,-19.99%,14629748.0,14689919.0
SSW SJ,-60575.0,-0.1756%,0.0,0.00%,0.0,0.0,0.00%,34445175.0,34505750.0
PBI,-62166.0,-0.3415%,15.31,-3.71%,15.325,4784475.654137,-23.67%,18139840.0,18202006.0
300373,-66280.0,-18.2048%,0.0,0.00%,0.0,0.0,0.00%,297800.0,364080.0
KMX,-67180.0,-0.4526%,38.21,-2.23%,37.9526,3504883.130707,56.43%,14775652.0,14842832.0
VVV,-67755.0,-0.6255%,32.8,-4.93%,32.9666,3348120.296284,35.62%,10764774.0,10832529.0
IBM,-68558.32999999821,-0.1206%,219.22,-1.94%,220.2501,6045226.363161,-9.46%,56768134.22,56836692.55
ISP,-68855.0,-0.3122%,0.0,0.00%,0.0,0.0,0.00%,21984964.0,22053819.0
NXE CN,-69500.0,-0.1775%,0.0,0.00%,0.0,0.0,0.00%,39075113.0,39144613.0
SAN,-69687.0,-0.2415%,12.02,-0.91%,11.9316,6342458.317335,6.68%,28789755.0,28859442.0
FULT,-69725.0,-0.2533%,21.13,0.14%,21.0401,1748879.9395,-7.77%,27460189.0,27529914.0
CART,-70272.0,-0.5358%,39.06,-3.34%,39.1042,7544469.120088,55.90%,13045904.0,13116176.0
FUU CN,-70550.0,-0.1774%,0.0,0.00%,0.0,0.0,0.00%,39688138.0,39758688.0
MCD,-71071.75999999791,-0.1823%,274.84,0.09%,276.4496,4366555.206093,-25.34%,38904778.84,38975850.6
FHN,-71529.0,-0.1374%,23.9,-0.58%,23.8042,3776312.238154,5.70%,51981474.0,52053003.0
VLY,-72511.0,-0.1158%,13.16,-0.83%,13.1329,4588160.699473,-15.23%,62565667.0,62638178.0
EOG,-73440.1799999997,-0.1735%,134.13,0.62%,133.7663,3675096.021405,9.16%,42261106.13,42334546.31
EQT,-75500.67000000179,-0.1646%,55.78,-1.19%,55.8557,4616144.909509,-42.13%,45806259.78,45881760.45
OKE,-76291.3599999994,-0.1417%,88.43,0.73%,88.4483,3595444.465239,-37.12%,53766563.43,53842854.79
BANC,-76737.0,-0.3366%,18.62,-1.22%,18.6014,2498472.885247,-13.23%,22718405.0,22795142.0
HD,-77219.93999999762,-0.1479%,310.46,-0.30%,311.3616,4225706.669131,-2.54%,52128415.46,52205635.4
NLY,-77312.0,-0.1141%,22.3,-0.62%,22.4112,5608306.419185,13.80%,67660568.0,67737880.0
JNJ,-77736.17000001669,-0.0566%,224.26,1.28%,224.4346,8626742.922489,38.62%,137163255.26,137240991.43
FLG,-78593.0,-0.2281%,13.89,-1.14%,13.897,4111272.999953,40.73%,34371004.0,34449597.0
TRV,-79117.86999999732,-0.4021%,298.26,0.38%,298.561,1178996.64291,0.35%,19595634.26,19674752.13
HZO,-80385.0,-2.5038%,32.71,-1.74%,32.4277,280494.009395,-39.45%,3130100.0,3210485.0
EYE,-83011.0,-0.7626%,20.94,-3.94%,21.1489,3032361.447946,2.86%,10802586.0,10885597.0
WRBY,-84244.0,-2.2682%,26.95,-6.39%,27.2319,3096096.684,-26.72%,3629832.0,3714076.0
136 HK,-84300.0,-0.2729%,0.0,0.00%,0.0,0.0,0.00%,30811100.0,30895400.0
MMM,-85433.12999999896,-0.2767%,143.21,-0.09%,143.0857,2798486.547211,-15.69%,30785341.21,30870774.34
CAT,-86115.64999999851,-0.2826%,912.14,-1.58%,906.9361,2348887.213347,-16.46%,30389708.14,30475823.79
ARKO,-87405.0,-3.0473%,6.78,-0.15%,6.7601,701534.148862,-25.95%,2780833.0,2868238.0
UNH,-88738.04999999702,-0.1731%,396.39,3.11%,391.912,9258333.495621,33.22%,51182470.39,51271208.44
URG,-89506.0,-0.1961%,1.94,6.59%,1.8593,19659526.244602,20.69%,45561793.0,45651299.0
OXY,-89955.86999999732,-0.1722%,56.27,2.05%,56.0225,10639150.937565,-22.45%,52142996.27,52232952.14
CHWY,-91670.0,-0.4565%,22.9,1.82%,22.9802,8986024.086419,-25.98%,19988438.0,20080108.0
RVLV,-93306.0,-5.5850%,18.68,0.27%,18.8048,1669702.780273,-3.35%,1577354.0,1670660.0
MRK,-95414.90999999642,-0.0668%,112.37,0.98%,112.5531,9117442.914579,17.64%,142749395.37,142844810.28
GS,-96619.9600000009,-0.3192%,945.9,0.11%,939.6193,2236455.540057,-7.26%,30176238.9,30272858.86
GME,-97695.0,-0.3147%,22.37,-3.45%,22.6387,12079151.594138,-32.58%,30945687.0,31043382.0
AEE AU,-98475.0,-0.2001%,0.0,0.00%,0.0,0.0,0.00%,49122472.0,49220947.0
FNB,-99124.0,-0.2694%,17.57,0.11%,17.5038,6580456.413947,17.98%,36701732.0,36800856.0
SHW,-99599.11999999918,-0.5909%,311.58,-0.36%,311.6948,1721678.99651,-3.66%,16754921.58,16854520.7
GAP,-101144.0,-0.6128%,21.41,-1.52%,21.4386,9040332.306196,-31.78%,16403952.0,16505096.0
BA,-101957.33999999613,-0.1777%,236.87,-0.56%,234.6935,7040788.316785,12.35%,57266809.870000005,57368767.21
DML CN,-104375.0,-0.1775%,0.0,0.00%,0.0,0.0,0.00%,58704543.0,58808918.0
FSLR,-105577.20999999903,-1.1940%,228.06,-2.23%,228.5399,2694412.393371,-33.48%,8736504.06,8842081.27
DYL AU,-105925.0,-0.0963%,0.0,0.00%,0.0,0.0,0.00%,109854986.0,109960911.0
ANTM IJ,-110700.0,-1.8829%,0.0,0.00%,0.0,0.0,0.00%,5768634.0,5879334.0
CPNG,-116944.0,-0.4863%,15.9,-1.43%,16.0484,22699894.1417,-11.22%,23932421.0,24049365.0
BBWI,-118733.0,-0.8166%,19.09,-0.37%,18.9603,6057943.386025,18.53%,14420766.0,14539499.0
AEO,-120949.0,-0.6026%,15.66,0.90%,15.4775,6491172.828973,42.72%,19951587.0,20072536.0
GRPN,-122218.0,-9.6256%,17.42,3.26%,17.0687,1882476.449783,-41.38%,1147499.0,1269717.0
HAL,-123107.55999998748,-0.1657%,41.7,3.58%,41.2943,13150017.915523,77.65%,74185610.7,74308718.25999999
WMB,-127935.45000000298,-0.1570%,74.73,0.74%,74.6676,5928052.02984,1.93%,81356496.73,81484432.18
UPBD,-128514.0,-1.8100%,17.96,-0.17%,17.9237,736257.843687,-12.96%,6971743.0,7100257.0
COP,-135914.67999999225,-0.1778%,117.87,2.01%,117.3864,6875255.535938,10.89%,76300275.96000001,76436190.64
M,-136237.0,-0.6277%,18.52,-0.91%,18.4262,5443602.472516,-16.86%,21568747.0,21704984.0
MNRO,-139097.0,-3.3538%,16.16,-3.69%,16.1304,863514.548243,-6.58%,4008314.0,4147411.0
DVN,-140474.95999999344,-0.1594%,46.77,0.09%,46.8424,14734160.606091,-9.70%,88009311.87,88149786.83
CAL,-149948.0,-7.9549%,11.36,-5.80%,11.399,637811.972653,-21.55%,1735027.0,1884975.0
ACI,-150115.0,-0.4139%,15.92,0.00%,15.8254,12270003.446218,185.31%,36119348.0,36269463.0
SBH,-154129.0,-1.1640%,12.5,-3.70%,12.4384,2807916.73646,-7.27%,13086823.0,13240952.0
ASN AU,-154200.0,-0.2075%,0.0,0.00%,0.0,0.0,0.00%,74143683.0,74297883.0
SVV,-162412.0,-9.1374%,7.41,-1.72%,7.4469,1202451.037908,-22.00%,1615031.0,1777443.0
KSS,-167092.0,-1.0292%,12.73,-2.75%,12.6879,4857134.223867,-33.89%,16067986.0,16235078.0
MDKA IJ,-176700.0,-1.6936%,0.0,0.00%,0.0,0.0,0.00%,10256853.0,10433553.0
REAL,-223197.0,-4.5951%,9.35,-6.22%,9.4049,5732343.478868,12.26%,4634048.0,4857245.0
KMI,-244892.80000001192,-0.1578%,32.45,0.62%,32.4789,9273888.63859,3.03%,154925915.45,155170808.25
SLB,-251354.29000000656,-0.2065%,55.64,1.29%,55.4847,10046754.940332,5.60%,121497030.64,121748384.93
CWH,-277787.0,-9.6696%,6.7,-0.89%,6.6872,2134543.254026,-39.94%,2594990.0,2872777.0
CVX,-306770.79000000656,-0.2530%,185.95,0.65%,186.0445,8995139.512126,-25.30%,120952106.32,121258877.11
1164 HK,-310000.0,-0.0687%,0.0,0.00%,0.0,0.0,0.00%,451203300.0,451513300.0
XOM,-311532.0500000119,-0.1265%,150.63,0.63%,150.7783,16566099.28252,11.56%,245899966.63,246211498.68
GO,-379329.0,-2.5738%,7.96,1.40%,7.957,3927587.732676,27.34%,14358533.0,14737862.0
SFIX,-425987.0,-7.5403%,3.21,-2.13%,3.2004,1563798.236776,10.47%,5223517.0,5649504.0
TDUP,-458121.0,-9.4916%,4.29,-5.71%,4.3691,2578514.7396,-21.21%,4368468.0,4826589.0
300212,-467108.0,-100.0000%,0.0,0.00%,0.0,0.0,0.00%,0.0,467108.0
AGE AU,-471375.0,-0.1775%,0.0,0.00%,0.0,0.0,0.00%,265127371.0,265598746.0
EVGO,-632651.0,-5.2661%,1.92,-3.03%,1.9333,3982002.607383,-27.96%,11381056.0,12013707.0
MSFUT,-648118.0,-0.5430%,0.0,0.00%,0.0,0.0,0.00%,118704781.0,119352899.0
WFC,-1068909.400000006,-0.5680%,75.18,2.17%,74.5001,21003380.813988,-17.32%,187133070.18,188201979.58
BRMS IJ,-1206000.0,-1.8841%,0.0,0.00%,0.0,0.0,0.00%,62805000.0,64011000.0
JPM,-1620650.1200000048,-0.8483%,304.88,1.63%,302.5396,9494271.00452,-0.19%,189422466.88,191043117.0
FIHL,-1952563.0,-100.0000%,0.0,-100.00%,0.0,0.0,-100.00%,0.0,1952563.0
SOCGEN,-2061000.0,-15.3485%,0.0,0.00%,0.0,0.0,0.00%,11367000.0,13428000.0
UDMY,-3394709.0,-100.0000%,0.0,0.00%,0.0,0.0,0.00%,0.0,3394709.0
NEE,-4888743.25,-3.4180%,94.59,-0.26%,94.5175,6922362.990407,-4.31%,138141081.59,143029824.84
XTSLA,-187586346.0,-4.1768%,0.0,0.00%,0.0,0.0,0.00%,4303512564.0,4491098910.0
