Holding_Ticker,Shares_Change,Change_Pct,Price,Price_Change_Pct,VWAP,Volume,Volume_Change_Pct,Shares_T0,Shares_T1
AGPXX,102001490.32999998,26.6605%,0.0,0.00%,0.0,0.0,0.00%,484595013.62,382593523.29
3800,16688000.0,2.8395%,0.0,0.00%,0.0,0.0,0.00%,604400563.0,587712563.0
NCC LN,5300436.0,100.0000%,0.0,0.00%,0.0,0.0,0.00%,5300436.0,0.0
TD,5293069.0,125.5457%,107.46,-0.22%,107.4369,1010203.627625,7.77%,9509117.0,4216048.0
20,4613000.0,1.6651%,0.0,0.00%,0.0,0.0,0.00%,281657064.0,277044064.0
968,3690000.0,2.7936%,0.0,0.00%,0.0,0.0,0.00%,135776705.0,132086705.0
3868,2984000.0,2.6978%,0.0,0.00%,0.0,0.0,0.00%,113591021.0,110607021.0
NTSK,2669060.0,160.6307%,11.62,1.93%,11.5492,8091067.197239,75.83%,4330673.0,1661613.0
CVNA,2658151.0,13.8565%,77.94,-2.58%,78.478,6955043.008614,-30.00%,21841510.02,19183359.02
JPM,1579459.0,0.8338%,302.1,-1.36%,302.8148,9464267.934866,13.21%,191010438.27,189430979.27
9660,1454400.0,1.6073%,0.0,0.00%,0.0,0.0,0.00%,91938995.0,90484595.0
BMO,1379000.0,105.0087%,152.9,0.28%,152.7126,1795506.074503,62.39%,2692225.0,1313225.0
CANG,1191097.0,119.5558%,0.6909,25.62%,0.6399,3940977.045141,517.27%,2187366.0,996269.0
AGE AU,1169010.0,0.4410%,0.0,0.00%,0.0,0.0,0.00%,266220961.0,265051951.0
AGNT,1123398.0,84.7172%,6.6,0.00%,6.7389,1327002.887662,0.00%,2449455.0,1326057.0
1164 HK,768800.0,0.1711%,0.0,0.00%,0.0,0.0,0.00%,450022500.0,449253700.0
3576,738000.0,1.4320%,0.0,0.00%,0.0,0.0,0.00%,52273161.0,51535161.0
SAIL,585135.0,11.0154%,12.23,0.33%,12.1176,3478518.267645,7.43%,5897097.0,5311962.0
UBS,554000.0,6.6635%,45.23,1.85%,45.1032,1946000.429163,-12.55%,8868000.0,8314000.0
6865,543000.0,2.7881%,0.0,0.00%,0.0,0.0,0.00%,20018323.0,19475323.0
1357,539500.0,1.6365%,0.0,0.00%,0.0,0.0,0.00%,33506973.0,32967473.0
GRRR,515645.0,163.6303%,15.1,-1.63%,15.0138,1476258.323806,4.36%,830773.0,315128.0
2406,476000.0,2.8434%,0.0,0.00%,0.0,0.0,0.00%,17216446.0,16740446.0
268,452000.0,1.6294%,0.0,0.00%,0.0,0.0,0.00%,28191686.0,27739686.0
000725,405400.0,1.3993%,0.0,0.00%,0.0,0.0,0.00%,29376461.0,28971061.0
CVLT,398599.0,9.2236%,105.09,1.65%,104.9257,1012321.799969,6.75%,4720096.0,4321497.0
CRCL,398230.0,18.5504%,113.67,0.37%,112.8608,16763713.681772,-21.94%,2544976.0,2146746.0
ASN AU,382416.0,0.5159%,0.0,0.00%,0.0,0.0,0.00%,74501427.0,74119011.0
3690,364300.0,1.5357%,0.0,0.00%,0.0,0.0,0.00%,24086607.0,23722307.0
1024,350900.0,1.6114%,0.0,0.00%,0.0,0.0,0.00%,22127626.0,21776726.0
6244,296000.0,1.3496%,0.0,0.00%,0.0,0.0,0.00%,22228132.0,21932132.0
DYL AU,262694.0,0.2399%,0.0,0.00%,0.0,0.0,0.00%,109753912.0,109491218.0
DML CN,258850.0,0.4411%,0.0,0.00%,0.0,0.0,0.00%,58946693.0,58687843.0
SOSI SS,255699.0,4.4191%,0.0,0.00%,0.0,0.0,0.00%,6041917.0,5786218.0
AEE AU,244218.0,0.4973%,0.0,0.00%,0.0,0.0,0.00%,49350934.0,49106716.0
GEMI,232456.0,521.7516%,5.0,5.26%,4.8639,1985167.8615,22.94%,277009.0,44553.0
000100,231500.0,1.6182%,0.0,0.00%,0.0,0.0,0.00%,14537434.0,14305934.0
ETOR,218716.0,1602.1976%,38.38,0.37%,38.1425,1073411.778111,27.92%,232367.0,13651.0
SOCGEN,213000.0,1.4077%,0.0,0.00%,0.0,0.0,0.00%,15344000.0,15131000.0
BLSH,203995.0,26.3892%,43.66,5.97%,42.7461,1527478.300715,87.33%,977019.0,773024.0
SES,199814.0,2.3548%,0.9292,0.89%,0.9174,7825177.844557,-29.36%,8685191.0,8485377.0
9888,199250.0,1.3770%,0.0,0.00%,0.0,0.0,0.00%,14669146.0,14469896.0
SHLS,194315.0,1.2903%,8.84,12.76%,8.6043,8526551.732918,31.63%,15254098.0,15059783.0
ARRY,188649.0,1.3789%,8.57,4.51%,8.557,5111872.963579,-39.94%,13869898.0,13681249.0
RUN,188519.0,0.5139%,14.61,5.87%,14.3378,10012896.823579,-40.88%,36873373.0,36684854.0
9660 HK,183600.0,0.1967%,0.0,0.00%,0.0,0.0,0.00%,93531000.0,93347400.0
FUU CN,174964.0,0.4410%,0.0,0.00%,0.0,0.0,0.00%,39851814.0,39676850.0
NXE CN,172360.0,0.4412%,0.0,0.00%,0.0,0.0,0.00%,39236353.0,39063993.0
3888,159200.0,1.6270%,0.0,0.00%,0.0,0.0,0.00%,9943978.0,9784778.0
ENRG,157940.0,2.7228%,0.0,0.00%,0.0,0.0,0.00%,5958657.0,5800717.0
ZS,152520.0,2.1499%,152.13,-0.43%,150.4948,3522201.723962,4.24%,7246759.0,7094239.0
696,149000.0,1.6339%,0.0,0.00%,0.0,0.0,0.00%,9268226.0,9119226.0
688538,148600.0,1.6673%,0.0,0.00%,0.0,0.0,0.00%,9061385.0,8912785.0
688256,148212.21999999997,50.1354%,0.0,0.00%,0.0,0.0,0.00%,443836.22,295624.0
1888,148000.0,1.6075%,0.0,0.00%,0.0,0.0,0.00%,9354591.0,9206591.0
4DX AU,146738.0,100.0000%,0.0,0.00%,0.0,0.0,0.00%,146738.0,0.0
SSW SJ,144538.0,0.4197%,0.0,0.00%,0.0,0.0,0.00%,34585709.0,34441171.0
UEC,134044.0,0.1695%,15.16,-2.76%,15.1873,7211469.216939,-26.72%,79203604.0,79069560.0
9698,132800.0,1.5561%,0.0,0.00%,0.0,0.0,0.00%,8667003.0,8534203.0
PDN AU,128340.0,0.2344%,0.0,0.00%,0.0,0.0,0.00%,54876392.0,54748052.0
BKY SM,125178.0,0.4260%,0.0,0.00%,0.0,0.0,0.00%,29507756.0,29382578.0
EL8 AU,116498.0,0.4411%,0.0,0.00%,0.0,0.0,0.00%,26527138.0,26410640.0
900926,114700.0,1.6476%,0.0,0.00%,0.0,0.0,0.00%,7076143.0,6961443.0
BOE AU,113646.0,0.4410%,0.0,0.00%,0.0,0.0,0.00%,25885393.0,25771747.0
1347,113000.0,1.6427%,0.0,0.00%,0.0,0.0,0.00%,6992038.0,6879038.0
GLO CN,112406.0,0.4411%,0.0,0.00%,0.0,0.0,0.00%,25596484.0,25484078.0
KDCREIT SP,111600.0,0.2924%,0.0,0.00%,0.0,0.0,0.00%,38284368.0,38172768.0
2655007D,111501.0,100.0000%,0.0,0.00%,0.0,0.0,0.00%,111501.0,0.0
200725,110800.0,1.6385%,0.0,0.00%,0.0,0.0,0.00%,6872899.0,6762099.0
EVGO,107663.0,0.9526%,1.97,3.68%,1.9687,4195996.232043,-6.56%,11410148.0,11302485.0
2382,105700.0,1.4128%,0.0,0.00%,0.0,0.0,0.00%,7587469.0,7481769.0
HYLN,102336.0,1.3346%,2.46,-0.40%,2.4572,1714482.348614,13.16%,7770074.0,7667738.0
URG,101928.0,0.2232%,1.74,-4.40%,1.7634,5439739.526102,-21.72%,45778692.0,45676764.0
MGA CN,96658.0,0.4410%,0.0,0.00%,0.0,0.0,0.00%,22013509.0,21916851.0
PLUG,95898.0,0.1465%,3.12,-0.32%,3.121,45815735.991224,-42.35%,65560473.0,65464575.0
RNW,94440.0,1.6109%,5.62,4.07%,5.5488,983172.082068,29.29%,5956885.0,5862445.0
1798,94000.0,1.3024%,0.0,0.00%,0.0,0.0,0.00%,7311536.0,7217536.0
688469,93780.0,1.6652%,0.0,0.00%,0.0,0.0,0.00%,5725641.0,5631861.0
OPAL,93480.0,2.7091%,2.27,-2.99%,2.3119,101178.538462,-27.83%,3544075.0,3450595.0
SASK CN,90644.0,0.4410%,0.0,0.00%,0.0,0.0,0.00%,20645600.0,20554956.0
788 HK,90000.0,0.2905%,0.0,0.00%,0.0,0.0,0.00%,31068250.0,30978250.0
BLDP,87673.0,0.8492%,4.13,-12.13%,4.2761,12144114.628686,26.62%,10411729.0,10324056.0
3396,85900.0,1.6459%,0.0,0.00%,0.0,0.0,0.00%,5305064.0,5219164.0
PEN AU,84816.0,0.4410%,0.0,0.00%,0.0,0.0,0.00%,19317939.0,19233123.0
GEVO,82738.0,0.5009%,1.83,-9.85%,1.7954,6127423.332541,29.95%,16601703.0,16518965.0
DORL,81480.0,2.8728%,0.0,0.00%,0.0,0.0,0.00%,2917702.0,2836222.0
002600,81400.0,1.6130%,0.0,0.00%,0.0,0.0,0.00%,5127912.0,5046512.0
ENPH,80807.0,0.4568%,36.45,2.76%,36.0901,3710949.612867,-21.45%,17770588.0,17689781.0
TME,78840.0,1.3704%,9.24,-0.32%,9.3245,6945643.917344,-44.19%,5831704.0,5752864.0
601360,77900.0,1.6278%,0.0,0.00%,0.0,0.0,0.00%,4863418.0,4785518.0
AEU AU,76012.0,0.5392%,0.0,0.00%,0.0,0.0,0.00%,14174408.0,14098396.0
MDKA,72326.0,1.4926%,0.0,0.00%,0.0,0.0,0.00%,4918124.0,4845798.0
U-U CN,71238.0,0.4410%,0.0,0.00%,0.0,0.0,0.00%,16223548.0,16152310.0
SCATC,70009.0,2.7839%,0.0,0.00%,0.0,0.0,0.00%,2584786.0,2514777.0
YCA LN,69688.0,0.2100%,0.0,0.00%,0.0,0.0,0.00%,33260768.0,33191080.0
LI CN,68820.0,0.4446%,0.0,0.00%,0.0,0.0,0.00%,15548614.0,15479794.0
EFR CN,67704.0,0.4409%,0.0,0.00%,0.0,0.0,0.00%,15422640.0,15354936.0
CAI,67458.0,3.0932%,16.15,-18.60%,16.234,8874447.003013,162.72%,2248325.0,2180867.0
SLR,67425.0,2.8086%,0.0,0.00%,0.0,0.0,0.00%,2468047.0,2400622.0
SLX AU,65782.0,0.2028%,0.0,0.00%,0.0,0.0,0.00%,32498716.0,32432934.0
NIU,65682.0,3.1574%,3.17,0.96%,3.1678,145810.388931,-23.41%,2145943.0,2080261.0
IONR,65477.0,3.3510%,4.13,2.99%,4.1762,57510.384,-22.44%,2019412.0,1953935.0
LOT AU,65224.0,0.4592%,0.0,0.00%,0.0,0.0,0.00%,14267976.0,14202752.0
CCO CN,64976.0,0.4413%,0.0,0.00%,0.0,0.0,0.00%,14790309.0,14725333.0
QLYS,64823.0,1.5319%,94.28,-0.73%,94.2978,1144394.00416,-12.65%,4296335.0,4231512.0
772,64600.0,1.6324%,0.0,0.00%,0.0,0.0,0.00%,4022013.0,3957413.0
002195,63600.0,1.6477%,0.0,0.00%,0.0,0.0,0.00%,3923588.0,3859988.0
700,63100.0,1.1215%,0.0,0.00%,0.0,0.0,0.00%,5689655.0,5626555.0
SLDP,62115.0,0.6805%,3.075,5.31%,3.0247,7658179.737957,-42.61%,9189842.0,9127727.0
CSIQ,61277.0,2.3068%,20.06,13.46%,19.6039,5713701.321177,53.48%,2717605.0,2656328.0
ASPN,59655.0,1.1055%,5.04,-1.56%,5.1947,2013053.814619,-62.70%,5455626.0,5395971.0
047040 KS,59334.0,0.4414%,0.0,0.00%,0.0,0.0,0.00%,13502553.0,13443219.0
CVV CN,58962.0,0.4411%,0.0,0.00%,0.0,0.0,0.00%,13427209.0,13368247.0
LAM CN,58900.0,0.4409%,0.0,0.00%,0.0,0.0,0.00%,13416753.0,13357853.0
LZM,58507.0,2.0581%,5.96,5.86%,5.944,682381.775039,-21.12%,2901330.0,2842823.0
SYH CN,57970.0,0.4410%,0.0,0.00%,0.0,0.0,0.00%,13204260.0,13146290.0
RR/,57922.0,0.7917%,0.0,0.00%,0.0,0.0,0.00%,7374306.0,7316384.0
601179,57000.0,1.6645%,0.0,0.00%,0.0,0.0,0.00%,3481462.0,3424462.0
300433,55600.0,1.6200%,0.0,0.00%,0.0,0.0,0.00%,3487618.0,3432018.0
600703,55400.0,1.6291%,0.0,0.00%,0.0,0.0,0.00%,3456139.0,3400739.0
NRGV,54981.0,0.7781%,4.53,9.16%,4.3751,4497932.896587,14.84%,7121212.0,7066231.0
SEDG,54040.0,0.6608%,41.3,6.97%,40.5438,3830189.610267,-16.04%,8232581.0,8178541.0
SLI,53997.0,0.3729%,3.93,0.51%,3.9394,1251674.514275,-30.93%,14533558.0,14479561.0
BMN AU,53754.0,0.4409%,0.0,0.00%,0.0,0.0,0.00%,12244878.0,12191124.0
EU CN,52576.0,0.4412%,0.0,0.00%,0.0,0.0,0.00%,11969239.0,11916663.0
HASI,51179.0,0.2881%,41.05,-3.34%,41.3258,1791869.161255,44.22%,17813346.0,17762167.0
AUTO NO,50310.0,0.1914%,0.0,0.00%,0.0,0.0,0.00%,26332844.0,26282534.0
DQ,49790.0,2.2131%,18.64,1.36%,18.768,790059.189959,-39.84%,2299578.0,2249788.0
LAC,49323.0,0.2571%,5.57,-1.59%,5.5504,11117826.811604,-18.39%,19230926.0,19181603.0
8001 JP,49228.0,0.4412%,0.0,0.00%,0.0,0.0,0.00%,11205791.0,11156563.0
FSY CN,48608.0,0.4797%,0.0,0.00%,0.0,0.0,0.00%,10182234.0,10133626.0
OKTA,48155.0,0.3522%,83.9,3.73%,82.6897,3746200.933677,1.36%,13719649.0,13671494.0
600601,47900.0,1.6503%,0.0,0.00%,0.0,0.0,0.00%,2950400.0,2902500.0
2577,47300.0,1.6610%,0.0,0.00%,0.0,0.0,0.00%,2894988.0,2847688.0
BFLY,47113.0,0.4903%,4.16,-1.89%,4.1916,4957515.018238,-12.76%,9655509.0,9608396.0
1385,46000.0,1.6417%,0.0,0.00%,0.0,0.0,0.00%,2847964.0,2801964.0
9626,45600.0,1.6369%,0.0,0.00%,0.0,0.0,0.00%,2831280.0,2785680.0
6613,45200.0,1.6559%,0.0,0.00%,0.0,0.0,0.00%,2774830.0,2729630.0
SMR,44516.0,0.1371%,12.55,-0.24%,12.0737,38130362.404375,-2.71%,32508823.0,32464307.0
NXT,44395.0,0.2486%,125.91,4.18%,125.5183,1694935.088597,-5.03%,17899413.0,17855018.0
1686 HK,43200.0,0.2922%,0.0,0.00%,0.0,0.0,0.00%,14825200.0,14782000.0
ENLT,41948.0,2.5666%,90.51,6.37%,89.1295,172026.727717,-46.35%,1676320.0,1634372.0
EXOD,41808.0,36.8931%,8.18,7.92%,7.7068,241961.026115,576.26%,155130.0,113322.0
JKS,41644.0,2.0945%,24.56,5.27%,24.6404,1042229.720188,99.36%,2029879.0,1988235.0
ENVX,38745.0,0.4813%,6.61,2.96%,6.4745,4728890.432751,-4.50%,8088653.0,8049908.0
2616,38500.0,1.1503%,0.0,0.00%,0.0,0.0,0.00%,3385403.0,3346903.0
NIO,38419.0,0.7016%,5.85,-0.34%,5.8961,18960269.787189,-6.94%,5514647.0,5476228.0
600588,38300.0,1.6128%,0.0,0.00%,0.0,0.0,0.00%,2413091.0,2374791.0
1548 HK,38000.0,6.3458%,0.0,0.00%,0.0,0.0,0.00%,636818.0,598818.0
EOSE,37596.0,0.2905%,8.01,25.94%,7.6059,53900107.906602,147.99%,12980787.0,12943191.0
600100,37400.0,1.6024%,0.0,0.00%,0.0,0.0,0.00%,2371368.0,2333968.0
688126,36800.0,1.6397%,0.0,0.00%,0.0,0.0,0.00%,2281120.0,2244320.0
CWEN,36703.0,0.2630%,38.16,0.05%,38.8195,1318943.999404,3.85%,13993403.0,13956700.0
002236,36600.0,1.5918%,0.0,0.00%,0.0,0.0,0.00%,2335950.0,2299350.0
002065,35900.0,1.6242%,0.0,0.00%,0.0,0.0,0.00%,2246286.0,2210386.0
002185,35900.0,1.6024%,0.0,0.00%,0.0,0.0,0.00%,2276276.0,2240376.0
NOVOB,35070.0,7.2457%,0.0,0.00%,0.0,0.0,0.00%,519082.0,484012.0
OKLO,34723.0,0.1659%,72.51,0.95%,71.8957,10013595.832123,-31.59%,20959980.0,20925257.0
1407,34549.0,2.7041%,0.0,0.00%,0.0,0.0,0.00%,1312181.0,1277632.0
URC CN,34100.0,0.4407%,0.0,0.00%,0.0,0.0,0.00%,7771872.0,7737772.0
NVTS,33623.0,0.2422%,18.2,15.26%,16.9405,34942982.782275,22.13%,13916589.0,13882966.0
598,33000.0,1.2319%,0.0,0.00%,0.0,0.0,0.00%,2711714.0,2678714.0
1810 HK,32400.0,0.1952%,0.0,0.00%,0.0,0.0,0.00%,16632600.0,16600200.0
ACHR,32267.0,0.0550%,6.48,3.18%,6.3252,45655746.078029,-23.51%,58752812.0,58720545.0
000938,31800.0,1.6064%,0.0,0.00%,0.0,0.0,0.00%,2011389.0,1979589.0
LAR,30996.0,0.3662%,11.68,2.73%,11.7266,3184178.446622,-25.81%,8494895.0,8463899.0
QS,30782.0,0.4217%,7.54,2.59%,7.3467,17595289.788501,-23.14%,7330470.0,7299688.0
ITM,30597.0,1.4517%,46.785,0.05%,46.7866,97380.606659,-67.80%,2138303.0,2107706.0
300296,30389.0,1.6677%,0.0,0.00%,0.0,0.0,0.00%,1852602.0,1822213.0
FCEL,28858.0,1.5456%,13.7,11.56%,13.2413,9610582.658249,51.25%,1896025.0,1867167.0
300124 C2,28800.0,0.1970%,0.0,0.00%,0.0,0.0,0.00%,14647824.0,14619024.0
688728,28000.0,1.6199%,0.0,0.00%,0.0,0.0,0.00%,1756546.0,1728546.0
2457,28000.0,1.3479%,0.0,0.00%,0.0,0.0,0.00%,2105251.0,2077251.0
TE,27926.0,0.2608%,6.16,19.61%,5.7703,18277893.035961,72.42%,10734154.0,10706228.0
002152,27685.0,1.6593%,0.0,0.00%,0.0,0.0,0.00%,1696122.0,1668437.0
000050,27500.0,1.5606%,0.0,0.00%,0.0,0.0,0.00%,1789626.0,1762126.0
002127,27500.0,1.3759%,0.0,0.00%,0.0,0.0,0.00%,2026232.0,1998732.0
NXT AU,27414.0,0.2893%,0.0,0.00%,0.0,0.0,0.00%,9502824.0,9475410.0
300017,27400.0,1.6685%,0.0,0.00%,0.0,0.0,0.00%,1669566.0,1642166.0
LAB,27254.0,0.2014%,1.02,2.00%,1.0025,1135677.202824,-31.43%,13559535.0,13532281.0
600183,27000.0,1.6112%,0.0,0.00%,0.0,0.0,0.00%,1702804.0,1675804.0
601231,26500.0,1.5806%,0.0,0.00%,0.0,0.0,0.00%,1703084.0,1676584.0
688041,25938.0,1.6147%,0.0,0.00%,0.0,0.0,0.00%,1632298.0,1606360.0
002230,25800.0,1.6191%,0.0,0.00%,0.0,0.0,0.00%,1619278.0,1593478.0
002938,25600.0,1.6250%,0.0,0.00%,0.0,0.0,0.00%,1600965.0,1575365.0
NOFR,25333.0,2.8261%,0.0,0.00%,0.0,0.0,0.00%,921737.0,896404.0
002153,25100.0,1.5837%,0.0,0.00%,0.0,0.0,0.00%,1609982.0,1584882.0
INR AU,24712.0,0.1905%,0.0,0.00%,0.0,0.0,0.00%,12997858.0,12973146.0
XOM,24361.0,0.0099%,144.57,-1.37%,144.7342,19550073.876949,-13.15%,246165732.58,246141371.58
VKE,24138.0,1.0853%,0.0,0.00%,0.0,0.0,0.00%,2248151.0,2224013.0
600845,24100.0,1.5805%,0.0,0.00%,0.0,0.0,0.00%,1548933.0,1524833.0
AUR,24012.0,0.0681%,7.08,-0.84%,7.0365,28192178.743414,-41.95%,35283882.0,35259870.0
857,24000.0,0.1093%,0.0,0.00%,0.0,0.0,0.00%,21978638.0,21954638.0
1898,24000.0,0.6861%,0.0,0.00%,0.0,0.0,0.00%,3522243.0,3498243.0
819,24000.0,0.6976%,0.0,0.00%,0.0,0.0,0.00%,3464278.0,3440278.0
2890,24000.0,0.2797%,0.0,0.00%,0.0,0.0,0.00%,8605908.0,8581908.0
2887,23000.0,0.2783%,0.0,0.00%,0.0,0.0,0.00%,8287897.0,8264897.0
HLMA,22986.0,5.1999%,0.0,0.00%,0.0,0.0,0.00%,465032.0,442046.0
JNJ,22609.0,0.0165%,221.32,-0.53%,221.5383,5550555.913438,-23.65%,137269907.51,137247298.51
FSLR,22573.0,0.2595%,219.95,2.51%,217.5527,1938650.684883,-35.78%,8722279.57,8699706.57
HL,22308.0,0.0240%,18.61,2.99%,18.5552,12249028.810955,-39.81%,93000071.0,92977763.0
688249,22248.0,1.6653%,0.0,0.00%,0.0,0.0,0.00%,1358254.0,1336006.0
7011 JP,21514.0,0.4406%,0.0,0.00%,0.0,0.0,0.00%,4904528.0,4883014.0
002463,21500.0,1.6079%,0.0,0.00%,0.0,0.0,0.00%,1358664.0,1337164.0
300408,21400.0,1.6230%,0.0,0.00%,0.0,0.0,0.00%,1339912.0,1318512.0
600570,21100.0,1.6036%,0.0,0.00%,0.0,0.0,0.00%,1336875.0,1315775.0
KPJ,21100.0,1.4903%,0.0,0.00%,0.0,0.0,0.00%,1436916.0,1415816.0
GENTERA*,21000.0,1.4926%,0.0,0.00%,0.0,0.0,0.00%,1427969.0,1406969.0
1681,21000.0,1.1073%,0.0,0.00%,0.0,0.0,0.00%,1917582.0,1896582.0
ONDS,20728.0,0.3671%,9.06,1.91%,8.9198,34077950.356303,-24.65%,5666851.0,5646123.0
STOK,20692.0,0.5989%,32.89,0.30%,32.5902,693133.425008,70.03%,3475572.0,3454880.0
JOBY,20500.0,0.0891%,10.87,8.59%,10.4234,35325517.662449,-5.06%,23037305.0,23016805.0
ET,20055.0,0.2202%,19.34,-2.91%,19.5152,11411132.987113,-5.19%,9128975.0,9108920.0
1609,20000.0,1.1281%,0.0,0.00%,0.0,0.0,0.00%,1792863.0,1772863.0
600584,19900.0,1.6275%,0.0,0.00%,0.0,0.0,0.00%,1242645.0,1222745.0
300383,19900.0,1.6639%,0.0,0.00%,0.0,0.0,0.00%,1215903.0,1196003.0
300024 C2,19800.0,0.1977%,0.0,0.00%,0.0,0.0,0.00%,10033984.0,10014184.0
TISCO-R,19730.0,0.8059%,0.0,0.00%,0.0,0.0,0.00%,2467802.0,2448072.0
BHP AU,19716.0,0.1480%,0.0,0.00%,0.0,0.0,0.00%,13337749.0,13318033.0
002156,19600.0,1.8412%,0.0,0.00%,0.0,0.0,0.00%,1084125.0,1064525.0
WUC CN,19406.0,0.4416%,0.0,0.00%,0.0,0.0,0.00%,4414299.0,4394893.0
SGML,19286.0,0.4056%,21.71,-8.20%,21.9754,4521492.75771,58.97%,4773657.0,4754371.0
006360 KS,19034.0,0.4415%,0.0,0.00%,0.0,0.0,0.00%,4330115.0,4311081.0
8112,19000.0,1.2398%,0.0,0.00%,0.0,0.0,0.00%,1551490.0,1532490.0
WVE,18994.0,0.2554%,7.18,-0.83%,7.175,2551033.400605,-39.86%,7454629.0,7435635.0
KAP LI,18848.0,0.2674%,0.0,0.00%,0.0,0.0,0.00%,7067821.0,7048973.0
600460,18600.0,1.6210%,0.0,0.00%,0.0,0.0,0.00%,1166011.0,1147411.0
2344,18520.0,0.5990%,0.0,0.00%,0.0,0.0,0.00%,3110187.0,3091667.0
XPEV,18424.0,0.4011%,15.62,0.45%,15.6877,4292403.315071,-22.24%,4611807.0,4593383.0
BNTC,18350.0,2.8409%,12.28,1.15%,12.3637,169236.515517,178.16%,664283.0,645933.0
4475 JP,18183.0,4.4034%,0.0,0.00%,0.0,0.0,0.00%,431112.0,412929.0
002056,18100.0,1.5737%,0.0,0.00%,0.0,0.0,0.00%,1168255.0,1150155.0
ARE CN,17980.0,0.4418%,0.0,0.00%,0.0,0.0,0.00%,4088081.0,4070101.0
000158,17900.0,1.6044%,0.0,0.00%,0.0,0.0,0.00%,1133614.0,1115714.0
002373,17600.0,1.5258%,0.0,0.00%,0.0,0.0,0.00%,1171082.0,1153482.0
000021,17400.0,1.5899%,0.0,0.00%,0.0,0.0,0.00%,1111798.0,1094398.0
S92,17116.0,2.7586%,0.0,0.00%,0.0,0.0,0.00%,637581.0,620465.0
2855,17000.0,0.9698%,0.0,0.00%,0.0,0.0,0.00%,1769897.0,1752897.0
KTB-R,16654.0,0.5031%,0.0,0.00%,0.0,0.0,0.00%,3326724.0,3310070.0
VIR,16622.0,0.0959%,9.12,-1.62%,9.2372,1611671.96052,-42.20%,17346866.0,17330244.0
000977,16300.0,1.6152%,0.0,0.00%,0.0,0.0,0.00%,1025436.0,1009136.0
SBS,16248.0,0.3932%,6.35,-0.31%,6.3892,3224334.87502,-36.13%,4148303.0,4132055.0
300168,16200.0,1.4464%,0.0,0.00%,0.0,0.0,0.00%,1136206.0,1120006.0
ATLX,16072.0,3.3479%,6.46,9.12%,6.3142,1216122.269887,-16.25%,496128.0,480056.0
6282,16000.0,1.0664%,0.0,0.00%,0.0,0.0,0.00%,1516389.0,1500389.0
002180,16000.0,1.6419%,0.0,0.00%,0.0,0.0,0.00%,990509.0,974509.0
1585,16000.0,1.2223%,0.0,0.00%,0.0,0.0,0.00%,1325054.0,1309054.0
002273,15600.0,1.5431%,0.0,0.00%,0.0,0.0,0.00%,1026532.0,1010932.0
300115,15100.0,1.6579%,0.0,0.00%,0.0,0.0,0.00%,925872.0,910772.0
F,15034.0,0.0056%,12.32,1.15%,12.2845,38453548.578163,-1.37%,270650417.18,270635383.18
2880,15000.0,0.2868%,0.0,0.00%,0.0,0.0,0.00%,5245421.0,5230421.0
AM,14593.0,0.0438%,20.92,-1.51%,21.0194,2348851.468901,-13.28%,33344317.0,33329724.0
300316,14500.0,1.6137%,0.0,0.00%,0.0,0.0,0.00%,913082.0,898582.0
2252 HK,14400.0,0.1888%,0.0,0.00%,0.0,0.0,0.00%,7641900.0,7627500.0
688396,14200.0,1.6650%,0.0,0.00%,0.0,0.0,0.00%,867031.0,852831.0
RIVN,14175.0,0.1070%,14.22,0.28%,14.1044,31623074.480456,21.03%,13258970.0,13244795.0
WMB,14069.0,0.0173%,71.96,-1.36%,72.4263,4722019.513756,-34.44%,81502782.95,81488713.95
ROIV,14024.0,0.0326%,28.56,0.99%,28.5432,5604940.501523,56.97%,43089486.0,43075462.0
3015,14000.0,1.2808%,0.0,0.00%,0.0,0.0,0.00%,1107056.0,1093056.0
6257,14000.0,1.1437%,0.0,0.00%,0.0,0.0,0.00%,1238073.0,1224073.0
002261,14000.0,1.6287%,0.0,0.00%,0.0,0.0,0.00%,873588.0,859588.0
PAA,13827.0,0.2307%,21.72,-1.67%,21.8708,5929962.597422,74.82%,6008032.0,5994205.0
666,13800.0,1.3798%,0.0,0.00%,0.0,0.0,0.00%,1013934.0,1000134.0
SWB,13700.0,0.6191%,0.0,0.00%,0.0,0.0,0.00%,2226478.0,2212778.0
1157,13600.0,1.0637%,0.0,0.00%,0.0,0.0,0.00%,1292199.0,1278599.0
603501,13600.0,1.6322%,0.0,0.00%,0.0,0.0,0.00%,846824.0,833224.0
9898,13520.0,1.6624%,0.0,0.00%,0.0,0.0,0.00%,826802.0,813282.0
ELAN,13388.0,0.0312%,23.65,-1.50%,23.5008,8287981.106271,-29.83%,42897177.0,42883789.0
6954 JP,13302.0,0.1774%,0.0,0.00%,0.0,0.0,0.00%,7512511.0,7499209.0
600718,13300.0,1.4230%,0.0,0.00%,0.0,0.0,0.00%,947914.0,934614.0
002212,13200.0,1.4205%,0.0,0.00%,0.0,0.0,0.00%,942474.0,929274.0
300166,13200.0,1.5625%,0.0,0.00%,0.0,0.0,0.00%,857983.0,844783.0
NEM,13124.0,0.0206%,116.51,2.66%,116.2994,5292486.178022,-33.53%,63678240.49,63665116.49
ENB,13002.0,0.1847%,53.59,-0.74%,53.6714,5074628.186757,6.85%,7052256.0,7039254.0
688008,13000.0,1.6526%,0.0,0.00%,0.0,0.0,0.00%,799636.0,786636.0
APH,12940.0,0.0180%,128.03,-6.29%,130.4126,18190972.306214,102.06%,71814822.62,71801882.62
VG,12518.0,0.0860%,11.45,-2.05%,11.5348,17484423.532472,-6.91%,14575058.0,14562540.0
RCKT,12418.0,0.1840%,3.63,-1.09%,3.6466,3687932.910104,74.84%,6761610.0,6749192.0
002176 C2,12400.0,0.1694%,0.0,0.00%,0.0,0.0,0.00%,7334040.0,7321640.0
603000,12400.0,1.6297%,0.0,0.00%,0.0,0.0,0.00%,773263.0,760863.0
IFX,12366.0,0.9429%,0.0,0.00%,0.0,0.0,0.00%,1323850.0,1311484.0
BETA,12341.0,0.3766%,18.68,3.84%,18.4482,1559336.905352,-31.12%,3289417.0,3277076.0
FLNC,12259.0,0.3462%,24.16,27.36%,24.644,41472189.982252,-10.00%,3552790.0,3540531.0
FCX,12122.0,0.0162%,61.65,1.72%,61.4979,12202693.638331,-33.38%,74829850.61,74817728.61
300682,12100.0,1.6672%,0.0,0.00%,0.0,0.0,0.00%,737864.0,725764.0
KMI,12060.0,0.0078%,31.41,-0.35%,31.5155,8886434.59409,-27.05%,155216053.51999998,155203993.51999998
300207 C2,12000.0,0.1680%,0.0,0.00%,0.0,0.0,0.00%,7156691.0,7144691.0
2885,12000.0,0.1847%,0.0,0.00%,0.0,0.0,0.00%,6510522.0,6498522.0
300001,11900.0,1.5845%,0.0,0.00%,0.0,0.0,0.00%,762941.0,751041.0
NNE,11842.0,0.1620%,27.45,2.81%,26.8597,2279145.376627,-38.32%,7322789.0,7310947.0
LEGN,11818.0,0.9976%,28.12,-1.58%,28.5969,2600698.039954,91.51%,1196427.0,1184609.0
FTI,11810.0,0.0312%,70.15,-1.24%,70.8225,3553475.029543,-10.87%,37904357.0,37892547.0
000062,11800.0,1.6357%,0.0,0.00%,0.0,0.0,0.00%,733199.0,721399.0
002709 C2,11600.0,0.1707%,0.0,0.00%,0.0,0.0,0.00%,6805285.0,6793685.0
QBTS,11562.0,0.0754%,22.57,2.64%,22.0726,20168995.153047,-22.05%,15341733.0,15330171.0
ABMB,11500.0,0.3175%,0.0,0.00%,0.0,0.0,0.00%,3633113.0,3621613.0
000997,11400.0,1.6042%,0.0,0.00%,0.0,0.0,0.00%,722035.0,710635.0
000066,11400.0,0.5114%,0.0,0.00%,0.0,0.0,0.00%,2240512.0,2229112.0
000988,11300.0,1.6184%,0.0,0.00%,0.0,0.0,0.00%,709536.0,698236.0
DIRR3,11200.0,1.1845%,0.0,0.00%,0.0,0.0,0.00%,956725.0,945525.0
UNIT,11102.0,0.0381%,11.28,1.44%,11.3394,2242908.531539,43.96%,29176188.0,29165086.0
BLLN,11073.0,30.9578%,92.96,0.06%,90.5293,1300649.889196,0.43%,46841.0,35768.0
TRP,10978.0,0.1734%,64.75,-0.54%,64.9408,1497847.698199,-24.23%,6342689.0,6331711.0
USAR,10947.0,0.0684%,26.96,2.20%,26.7656,16498702.160419,-8.07%,16008522.0,15997575.0
NLY,10945.0,0.0162%,22.61,1.03%,22.5715,4404756.470961,-12.23%,67612528.0,67601583.0
300458,10900.0,1.6077%,0.0,0.00%,0.0,0.0,0.00%,688894.8,677994.8
603228,10900.0,1.5822%,0.0,0.00%,0.0,0.0,0.00%,699820.0,688920.0
000555,10835.0,1.4093%,0.0,0.00%,0.0,0.0,0.00%,779649.0,768814.0
KST,10802.0,0.7541%,0.0,0.00%,0.0,0.0,0.00%,1443332.0,1432530.0
002747 C2,10800.0,0.1942%,0.0,0.00%,0.0,0.0,0.00%,5571334.0,5560534.0
LKFT,10787.0,100.0000%,28.59,0.00%,28.4339,88691.7036,0.00%,10787.0,0.0
034020 KS,10726.0,0.4417%,0.0,0.00%,0.0,0.0,0.00%,2438891.0,2428165.0
600446,10700.0,1.6517%,0.0,0.00%,0.0,0.0,0.00%,658523.0,647823.0
301236,10700.0,1.6315%,0.0,0.00%,0.0,0.0,0.00%,666547.0,655847.0
600536,10400.0,1.6161%,0.0,0.00%,0.0,0.0,0.00%,653931.0,643531.0
VNET,10391.0,0.1810%,8.9,-0.67%,8.9784,6750187.638604,31.59%,5752249.0,5741858.0
AMPX,10218.0,0.1936%,16.7,3.66%,16.5477,12487654.588334,-59.13%,5289446.0,5279228.0
APG,10160.0,0.0337%,44.04,-1.32%,44.0968,2362206.430909,-7.81%,30151186.0,30141026.0
PSNL,10141.0,0.4194%,5.98,-0.17%,5.8629,2726776.949822,80.54%,2428230.0,2418089.0
631,10000.0,1.2534%,0.0,0.00%,0.0,0.0,0.00%,807808.0,797808.0
300014 C2,10000.0,0.1348%,0.0,0.00%,0.0,0.0,0.00%,7428472.0,7418472.0
COIN,9980.0,0.0795%,201.16,4.25%,192.8173,12909391.795726,40.96%,12564921.96,12554941.96
ISO CN,9920.0,0.2109%,0.0,0.00%,0.0,0.0,0.00%,4713473.0,4703553.0
ATHM,9792.0,1.4807%,19.0,-1.71%,19.2142,393155.686748,-37.45%,671080.0,661288.0
603296,9700.0,1.6530%,0.0,0.00%,0.0,0.0,0.00%,596527.0,586827.0
688172,9684.0,1.6653%,0.0,0.00%,0.0,0.0,0.00%,591204.0,581520.0
PM,9634.0,0.0130%,170.99,-0.07%,171.0478,4631799.741289,7.31%,73950601.11,73940967.11
KO,9620.0,0.0047%,78.42,-0.01%,78.5539,12447167.972024,-24.71%,206282849.43,206273229.43
000720 KS,9610.0,0.4418%,0.0,0.00%,0.0,0.0,0.00%,2184962.0,2175352.0
002460 C2,9600.0,0.1660%,0.0,0.00%,0.0,0.0,0.00%,5793752.0,5784152.0
300450 C2,9600.0,0.1711%,0.0,0.00%,0.0,0.0,0.00%,5620710.0,5611110.0
300476,9600.0,1.6194%,0.0,0.00%,0.0,0.0,0.00%,602423.0,592823.0
002049,9500.0,1.6103%,0.0,0.00%,0.0,0.0,0.00%,599434.0,589934.0
GRE,9474.0,2.7906%,0.0,0.00%,0.0,0.0,0.00%,348973.0,339499.0
EPD,9472.0,0.2209%,37.19,-1.43%,37.5668,5209982.679735,51.68%,4296720.0,4287248.0
FUNO11,9262.0,0.5812%,0.0,0.00%,0.0,0.0,0.00%,1602795.0,1593533.0
688568,9200.0,1.6752%,0.0,0.00%,0.0,0.0,0.00%,558382.0,549182.0
603927,9200.0,1.6480%,0.0,0.00%,0.0,0.0,0.00%,567466.0,558266.0
1211 HK,9200.0,0.1255%,0.0,0.00%,0.0,0.0,0.00%,7338859.0,7329659.0
2891,9000.0,0.1088%,0.0,0.00%,0.0,0.0,0.00%,8278103.0,8269103.0
2121 HK,9000.0,0.2139%,0.0,0.00%,0.0,0.0,0.00%,4217300.0,4208300.0
TCAP-R,8918.0,0.4672%,0.0,0.00%,0.0,0.0,0.00%,1917579.0,1908661.0
300339,8900.0,1.5753%,0.0,0.00%,0.0,0.0,0.00%,573886.0,564986.0
AMM,8900.0,0.4665%,0.0,0.00%,0.0,0.0,0.00%,1916597.0,1907697.0
2408,8840.0,1.2696%,0.0,0.00%,0.0,0.0,0.00%,705099.0,696259.0
603659 C1,8800.0,0.1715%,0.0,0.00%,0.0,0.0,0.00%,5139908.0,5131108.0
002466 C2,8800.0,0.1675%,0.0,0.00%,0.0,0.0,0.00%,5261273.0,5252473.0
NTLA,8654.0,0.0909%,14.09,2.77%,14.045,5804319.020574,43.55%,9529974.0,9521320.0
688183,8600.0,1.6160%,0.0,0.00%,0.0,0.0,0.00%,540793.0,532193.0
PATH,8533.0,0.0229%,10.79,-1.28%,10.64,24799510.099447,-26.90%,37189882.0,37181349.0
CDLR,8528.0,3.3438%,29.57,2.64%,29.522,73428.573968,32.07%,263564.0,255036.0
688297 C1,8478.0,0.1964%,0.0,0.00%,0.0,0.0,0.00%,4325400.0,4316922.0
300033,8400.0,1.6467%,0.0,0.00%,0.0,0.0,0.00%,518516.0,510116.0
HOOD,8397.0,0.0187%,77.03,0.98%,75.834,18141883.293418,-17.06%,44896000.28,44887603.28
300456,8300.0,1.6348%,0.0,0.00%,0.0,0.0,0.00%,516000.0,507700.0
TTEK,8149.0,0.0375%,30.29,-1.30%,30.4772,2854736.313272,4.66%,21741996.0,21733847.0
002371,8000.0,1.6328%,0.0,0.00%,0.0,0.0,0.00%,497954.0,489954.0
3393,8000.0,0.9254%,0.0,0.00%,0.0,0.0,0.00%,872468.0,864468.0
2208,8000.0,0.7060%,0.0,0.00%,0.0,0.0,0.00%,1141122.0,1133122.0
6869,8000.0,1.2375%,0.0,0.00%,0.0,0.0,0.00%,654446.0,646446.0
2337,8000.0,0.4477%,0.0,0.00%,0.0,0.0,0.00%,1795060.0,1787060.0
DOCS,7941.0,0.0683%,25.98,-0.19%,25.7367,2075585.025755,-4.51%,11639491.0,11631550.0
300085,7900.0,1.6447%,0.0,0.00%,0.0,0.0,0.00%,488240.0,480340.0
2276,7900.0,1.4574%,0.0,0.00%,0.0,0.0,0.00%,549950.0,542050.0
603613,7900.0,1.6381%,0.0,0.00%,0.0,0.0,0.00%,490165.0,482265.0
QGEN,7818.0,0.3285%,33.04,-1.40%,33.1204,1657803.041286,-47.11%,2388061.38,2380243.38
000681,7800.0,1.5957%,0.0,0.00%,0.0,0.0,0.00%,496629.0,488829.0
002841,7800.0,1.6152%,0.0,0.00%,0.0,0.0,0.00%,490715.0,482915.0
PBA,7722.0,0.2223%,45.72,1.69%,45.7313,1033354.232953,6.03%,3481411.0,3473689.0
PACB,7705.0,0.0587%,1.41,-14.55%,1.4124,9870271.196318,56.13%,13123832.0,13116127.0
300113,7700.0,1.6768%,0.0,0.00%,0.0,0.0,0.00%,466908.0,459208.0
603185,7700.0,1.5338%,0.0,0.00%,0.0,0.0,0.00%,509714.0,502014.0
HIMS,7668.0,0.0397%,28.27,10.21%,27.2563,25969543.075588,39.42%,19339817.0,19332149.0
603986,7600.0,1.6506%,0.0,0.00%,0.0,0.0,0.00%,468025.0,460425.0
605358,7600.0,1.6291%,0.0,0.00%,0.0,0.0,0.00%,474108.0,466508.0
688561,7600.0,1.6003%,0.0,0.00%,0.0,0.0,0.00%,482520.0,474920.0
MRP,7552.0,0.0434%,26.93,0.11%,27.1741,2422106.755183,-13.15%,17399640.0,17392088.0
MO,7543.0,0.0081%,68.12,-1.33%,68.6649,7334973.351753,-15.63%,93507395.04,93499852.04
ADTN,7515.0,0.1935%,14.94,2.68%,14.9115,1531828.521314,-49.18%,3891412.0,3883897.0
002916,7400.0,1.6271%,0.0,0.00%,0.0,0.0,0.00%,462190.0,454790.0
600707,7300.0,0.2894%,0.0,0.00%,0.0,0.0,0.00%,2529522.0,2522222.0
PSA,7290.0,0.0253%,311.04,0.55%,311.1594,808408.839881,16.92%,28838855.33,28831565.33
WTRG,7228.0,0.0286%,37.47,-0.61%,37.6355,1006347.331729,-50.73%,25294867.0,25287639.0
3931,7200.0,1.4061%,0.0,0.00%,0.0,0.0,0.00%,519239.0,512039.0
9880 HK,7200.0,0.2188%,0.0,0.00%,0.0,0.0,0.00%,3298177.0,3290977.0
2498 HK,7200.0,0.1638%,0.0,0.00%,0.0,0.0,0.00%,4402128.0,4394928.0
WES,7161.0,0.2060%,43.49,0.44%,43.7068,1797144.742307,3.69%,3483962.0,3476801.0
458870 KS,7129.0,100.0000%,0.0,0.00%,0.0,0.0,0.00%,7129.0,0.0
002368,7100.0,1.5788%,0.0,0.00%,0.0,0.0,0.00%,456819.0,449719.0
300604,7100.0,1.5961%,0.0,0.00%,0.0,0.0,0.00%,451948.0,444848.0
SCHW,7087.0,0.0085%,88.61,-0.99%,88.6988,9953964.64658,-32.71%,83804866.5,83797779.5
GLW,7068.0,0.0153%,186.94,2.49%,190.3608,20589361.814877,1.71%,46260266.4,46253198.4
6752 JP,7028.0,0.1697%,0.0,0.00%,0.0,0.0,0.00%,4148073.0,4141045.0
AMRC,7011.0,0.3522%,29.96,0.91%,30.0873,406164.814772,-5.34%,1997530.0,1990519.0
5434,7000.0,1.2383%,0.0,0.00%,0.0,0.0,0.00%,572276.0,565276.0
6196,7000.0,1.2696%,0.0,0.00%,0.0,0.0,0.00%,558338.0,551338.0
688012,7000.0,1.6412%,0.0,0.00%,0.0,0.0,0.00%,433523.0,426523.0
5483,7000.0,1.4468%,0.0,0.00%,0.0,0.0,0.00%,490829.0,483829.0
2367,7000.0,0.7658%,0.0,0.00%,0.0,0.0,0.00%,921125.0,914125.0
SRPT,6834.0,0.0448%,19.955,-4.06%,20.1621,4078406.433016,-20.73%,15266755.0,15259921.0
CNM,6810.0,0.0431%,49.09,-1.15%,49.2548,1725592.280872,12.14%,15803666.0,15796856.0
MTM,6804.0,1.4927%,0.0,0.00%,0.0,0.0,0.00%,462615.0,455811.0
300661,6800.0,1.5981%,0.0,0.00%,0.0,0.0,0.00%,432306.0,425506.0
THRM,6710.0,0.1605%,31.57,2.47%,31.4697,239882.9647,11.68%,4186257.0,4179547.0
LFST,6667.0,0.0291%,7.7,-12.99%,7.8039,24976010.194289,80.99%,22953659.0,22946992.0
ASELS,6646.0,1.4686%,0.0,0.00%,0.0,0.0,0.00%,459180.0,452534.0
MWH,6642.0,2.9597%,43.09,2.42%,42.9882,652776.838209,-22.06%,231053.0,224411.0
RIO,6632.0,0.1366%,105.38,2.20%,105.0245,2212946.319243,-20.40%,4863311.0,4856679.0
MCY,6603.0,0.1516%,99.67,1.69%,99.6618,280603.901128,-5.24%,4362330.0,4355727.0
RHBBANK,6600.0,0.3561%,0.0,0.00%,0.0,0.0,0.00%,1860236.0,1853636.0
NCLH,6569.0,0.0198%,17.08,-0.81%,17.1161,17712862.4961,-29.98%,33252327.22,33245758.22
688165 C1,6552.0,0.1963%,0.0,0.00%,0.0,0.0,0.00%,3343550.0,3336998.0
XVIVO SS,6320.0,100.0000%,0.0,0.00%,0.0,0.0,0.00%,6320.0,0.0
CWR,6264.0,1.4960%,0.0,0.00%,0.0,0.0,0.00%,424973.0,418709.0
ON,6245.0,0.0163%,103.2,2.57%,102.544,10763055.414001,-44.04%,38381143.61,38374898.61
VISN,6245.0,0.0665%,11.72,-1.51%,11.7264,6815153.067933,-40.87%,9391763.0,9385518.0
322000,6150.0,2.8881%,0.0,0.00%,0.0,0.0,0.00%,219093.0,212943.0
ABBN SW,6138.0,0.1940%,0.0,0.00%,0.0,0.0,0.00%,3170776.0,3164638.0
AMSC,6109.0,0.2660%,55.19,3.70%,54.7811,859757.202308,-28.45%,2302643.0,2296534.0
000733,6100.0,1.5371%,0.0,0.00%,0.0,0.0,0.00%,402960.0,396860.0
301269,6100.0,1.6478%,0.0,0.00%,0.0,0.0,0.00%,376285.0,370185.0
MP,6100.0,0.0361%,67.43,-2.46%,70.1147,11619355.134431,34.04%,16911011.0,16904911.0
MPLX,6085.0,0.2268%,54.0,-4.03%,54.3708,2524268.023754,23.50%,2689376.0,2683291.0
RTX,6081.0,0.0073%,176.09,-0.39%,176.0212,6277446.839043,10.93%,83435581.78,83429500.78
WAY,6079.0,0.0431%,21.38,1.76%,21.197,1897784.355797,-35.04%,14118750.0,14112671.0
RLJ,6021.0,0.0768%,8.95,1.13%,8.9067,4439375.631694,-3.99%,7847511.0,7841490.0
1088,6000.0,0.2288%,0.0,0.00%,0.0,0.0,0.00%,2628274.0,2622274.0
1138,6000.0,0.7186%,0.0,0.00%,0.0,0.0,0.00%,840916.0,834916.0
1514,6000.0,1.0563%,0.0,0.00%,0.0,0.0,0.00%,574004.0,568004.0
688385,6000.0,1.6207%,0.0,0.00%,0.0,0.0,0.00%,376201.0,370201.0
1378,6000.0,0.3105%,0.0,0.00%,0.0,0.0,0.00%,1938215.0,1932215.0
300782,6000.0,1.6232%,0.0,0.00%,0.0,0.0,0.00%,375629.0,369629.0
688521,6000.0,1.6629%,0.0,0.00%,0.0,0.0,0.00%,366824.0,360824.0
1303,6000.0,0.1660%,0.0,0.00%,0.0,0.0,0.00%,3619759.0,3613759.0
MLI,5948.0,0.0576%,140.83,2.23%,140.8021,526778.281028,-20.79%,10340885.0,10334937.0
FLEX,5797.0,0.0202%,142.17,6.89%,140.5747,10301089.632372,-6.37%,28683352.0,28677555.0
RXO,5721.0,0.0267%,21.75,-5.88%,22.1826,3505350.192083,-46.60%,21414113.0,21408392.0
IONQ,5707.0,0.0450%,49.24,3.27%,47.7262,25990725.954326,-39.38%,12674741.0,12669034.0
FSLY,5671.0,0.0893%,20.51,5.18%,20.197,19170708.157673,-59.71%,6353452.0,6347781.0
NIBEB,5661.0,1.0965%,0.0,0.00%,0.0,0.0,0.00%,521947.0,516286.0
6768,5625.0,1.3147%,0.0,0.00%,0.0,0.0,0.00%,433473.0,427848.0
6383 JP,5562.0,0.1940%,0.0,0.00%,0.0,0.0,0.00%,2873124.0,2867562.0
IVZ,5541.0,0.0138%,27.59,2.83%,27.4831,4883793.111983,1.07%,40301711.83,40296170.83
SOBO,5522.0,0.2249%,34.71,-1.14%,34.8383,986277.21043,-40.53%,2460923.0,2455401.0
RXRX,5442.0,0.0141%,3.32,1.53%,3.2619,13648215.822563,13.14%,38693089.0,38687647.0
PONY,5436.0,0.1240%,9.29,-3.53%,9.2599,5486784.506678,-10.18%,4389716.0,4384280.0
300223,5400.0,1.6566%,0.0,0.00%,0.0,0.0,0.00%,331370.0,325970.0
300857,5400.0,1.6581%,0.0,0.00%,0.0,0.0,0.00%,331080.0,325680.0
2431 HK,5400.0,0.2184%,0.0,0.00%,0.0,0.0,0.00%,2477800.0,2472400.0
2432 HK,5400.0,0.1843%,0.0,0.00%,0.0,0.0,0.00%,2935400.0,2930000.0
052690 KS,5394.0,0.2131%,0.0,0.00%,0.0,0.0,0.00%,2536743.0,2531349.0
300475,5300.0,1.6609%,0.0,0.00%,0.0,0.0,0.00%,324400.0,319100.0
AHR,5291.0,0.0273%,51.71,4.25%,51.4547,2664409.217194,47.88%,19395186.0,19389895.0
TDS,5285.0,0.0302%,46.47,2.13%,47.2152,1906785.399476,181.45%,17490793.0,17485508.0
AHRT,5237.0,0.0769%,6.37,-0.47%,6.3876,646359.084211,4.55%,6811058.0,6805821.0
688525,5220.0,1.6470%,0.0,0.00%,0.0,0.0,0.00%,322155.0,316935.0
LUMN,5207.0,0.0042%,8.48,0.24%,8.4898,12074833.101331,-42.12%,122936478.0,122931271.0
603160,5200.0,1.6235%,0.0,0.00%,0.0,0.0,0.00%,325491.0,320291.0
300496,5200.0,1.6348%,0.0,0.00%,0.0,0.0,0.00%,323276.0,318076.0
GFS,5192.0,0.2494%,74.12,4.50%,73.519,6172384.276436,-31.39%,2086721.0,2081529.0
REX,5174.0,0.1200%,49.68,2.05%,49.6896,127588.526551,-33.83%,4318490.0,4313316.0
688629,5166.0,1.6450%,0.0,0.00%,0.0,0.0,0.00%,319200.0,314034.0
PAGP,5115.0,0.2130%,23.19,-1.86%,23.2959,2664594.161889,48.94%,2406951.0,2401836.0
9519,5040.0,1.4965%,0.0,0.00%,0.0,0.0,0.00%,341818.0,336778.0
ITRI,5037.0,0.0764%,81.87,0.90%,81.9127,654806.92631,-16.20%,6594398.0,6589361.0
OHI,5033.0,0.0199%,47.19,2.30%,47.0089,1819843.889027,-7.69%,25330283.0,25325250.0
688110,5000.0,1.6607%,0.0,0.00%,0.0,0.0,0.00%,306086.0,301086.0
1072,5000.0,1.4885%,0.0,0.00%,0.0,0.0,0.00%,340911.0,335911.0
688002,5000.0,1.5445%,0.0,0.00%,0.0,0.0,0.00%,328719.0,323719.0
301308,5000.0,1.7649%,0.0,0.00%,0.0,0.0,0.00%,288309.0,283309.0
688111,5000.0,1.5857%,0.0,0.00%,0.0,0.0,0.00%,320316.0,315316.0
688313,5000.0,1.6085%,0.0,0.00%,0.0,0.0,0.00%,315841.0,310841.0
1513,5000.0,1.4717%,0.0,0.00%,0.0,0.0,0.00%,344737.0,339737.0
GOOD,4968.0,0.1612%,12.84,0.94%,12.8246,673199.304339,24.42%,3086736.0,3081768.0
BEPC,4920.0,0.2340%,36.68,-1.27%,36.8984,1525229.136947,18.98%,2107256.0,2102336.0
LEU,4898.0,0.1264%,207.33,0.50%,205.4567,732048.91781,-43.08%,3878387.0,3873489.0
DEI,4894.0,0.0230%,12.37,2.83%,12.3327,3139844.878558,-12.47%,21288743.0,21283849.0
AA,4818.0,0.0197%,63.18,0.86%,63.1901,2794251.637769,-24.12%,24511216.0,24506398.0
688099,4800.0,1.6651%,0.0,0.00%,0.0,0.0,0.00%,293073.0,288273.0
002812 C2,4800.0,0.1650%,0.0,0.00%,0.0,0.0,0.00%,2914059.0,2909259.0
2865,4800.0,1.4981%,0.0,0.00%,0.0,0.0,0.00%,325216.0,320416.0
688234,4800.0,1.6624%,0.0,0.00%,0.0,0.0,0.00%,293532.0,288732.0
WRD,4734.0,0.1385%,7.51,1.62%,7.4387,2710903.247957,-7.22%,3423750.0,3419016.0
603893,4700.0,1.6396%,0.0,0.00%,0.0,0.0,0.00%,291363.0,286663.0
300726,4700.0,1.6977%,0.0,0.00%,0.0,0.0,0.00%,281545.0,276845.0
300454,4700.0,1.5981%,0.0,0.00%,0.0,0.0,0.00%,298796.0,294096.0
TTD,4691.0,0.0082%,23.08,-1.75%,22.0475,41292178.069653,-4.07%,57473182.49,57468491.49
NU,4668.0,0.0208%,13.8,-3.23%,13.9647,50885068.401519,33.81%,22448532.0,22443864.0
HPE,4629.0,0.0052%,31.35,5.56%,30.8096,17520993.030437,11.54%,89693469.7,89688840.7
OKE,4619.0,0.0086%,85.16,-0.83%,85.3302,4063742.989764,-30.67%,53827521.870000005,53822902.870000005
688220,4600.0,1.6297%,0.0,0.00%,0.0,0.0,0.00%,286859.0,282259.0
GNL,4563.0,0.0146%,9.23,1.21%,9.2045,2090720.110295,-35.71%,31218543.0,31213980.0
688347,4554.0,1.6623%,0.0,0.00%,0.0,0.0,0.00%,278506.0,273952.0
UGI,4525.0,0.0208%,32.32,0.00%,32.5746,1917075.14608,-67.64%,21791106.0,21786581.0
688213,4500.0,1.6668%,0.0,0.00%,0.0,0.0,0.00%,274471.0,269971.0
WPC,4480.0,0.0242%,74.1,0.27%,74.2057,1073271.76361,-57.67%,18532800.0,18528320.0
688047,4446.0,1.6287%,0.0,0.00%,0.0,0.0,0.00%,277426.0,272980.0
TXG,4419.0,0.0876%,21.6,-3.66%,20.8758,4831625.689435,111.96%,5046365.0,5041946.0
AROC,4368.0,0.0176%,36.96,-2.99%,37.2182,2006103.24527,-0.09%,24890798.0,24886430.0
KTOS,4361.0,0.0163%,57.89,1.56%,57.2524,4323645.20764,-26.83%,26805077.0,26800716.0
AMTM,4348.0,0.0209%,24.53,-0.12%,24.3642,2029504.759098,54.92%,20841043.0,20836695.0
MBC,4325.0,0.0257%,7.61,-2.69%,7.6854,3893502.199145,-8.29%,16807052.0,16802727.0
RARE,4317.0,0.0693%,26.12,-0.04%,26.1733,1557063.336303,-21.31%,6235511.0,6231194.0
9863,4300.0,0.8969%,0.0,0.00%,0.0,0.0,0.00%,483739.0,479439.0
SQM,4245.0,0.1529%,91.39,-0.23%,91.2255,989736.759571,-33.04%,2780125.0,2775880.0
JOYY,4212.0,1.0871%,58.88,-0.20%,58.6624,168642.395534,-37.30%,391678.0,387466.0
002738 C2,4200.0,0.1277%,0.0,0.00%,0.0,0.0,0.00%,3292956.0,3288756.0
PRME,4189.0,0.0465%,3.21,3.05%,3.2495,2446467.639405,-38.20%,9008406.0,9004217.0
LCID,4168.0,0.1062%,6.34,4.79%,6.2425,13085312.744029,-18.22%,3927252.0,3923084.0
WELL,4123.0,0.0102%,214.63,0.79%,215.813,2734466.181621,0.06%,40468287.95,40464164.95
DTM,4111.0,0.0449%,142.8,-0.92%,143.4443,642384.420556,-14.97%,9160648.0,9156537.0
HNGE,4090.0,7.9688%,56.02,1.85%,55.2306,1863094.508054,-32.33%,55415.0,51325.0
ACM,4015.0,0.0361%,80.59,-1.08%,81.0128,1175393.75004,-26.89%,11126123.0,11122108.0
BRKR,4005.0,0.0449%,44.16,0.98%,43.8486,2636870.859092,-6.38%,8920120.0,8916115.0
3044,4000.0,1.2465%,0.0,0.00%,0.0,0.0,0.00%,324893.0,320893.0
2628,4000.0,0.1246%,0.0,0.00%,0.0,0.0,0.00%,3214030.0,3210030.0
3808,4000.0,0.8323%,0.0,0.00%,0.0,0.0,0.00%,484588.0,480588.0
1503,4000.0,1.6313%,0.0,0.00%,0.0,0.0,0.00%,249204.0,245204.0
2338,4000.0,0.1948%,0.0,0.00%,0.0,0.0,0.00%,2057807.0,2053807.0
ORA,3998.0,0.0453%,121.67,-0.69%,121.6146,861637.559372,-63.96%,8820920.0,8816922.0
BWA,3986.0,0.0252%,61.32,5.40%,60.6274,3138442.568991,-15.97%,15800940.0,15796954.0
PRY,3985.0,4.4958%,0.0,0.00%,0.0,0.0,0.00%,92623.0,88638.0
688361,3924.0,1.6680%,0.0,0.00%,0.0,0.0,0.00%,239173.0,235249.0
688120,3906.0,1.6244%,0.0,0.00%,0.0,0.0,0.00%,244361.0,240455.0
6506 JP,3906.0,0.1936%,0.0,0.00%,0.0,0.0,0.00%,2021302.0,2017396.0
VSNT,3885.0,0.0277%,41.14,0.88%,40.8534,1253112.743011,-20.82%,14006506.0,14002621.0
688375,3852.0,1.6616%,0.0,0.00%,0.0,0.0,0.00%,235671.0,231819.0
NEXT,3850.0,0.0511%,7.56,-0.79%,7.5116,2390113.403751,-39.49%,7544670.0,7540820.0
SBSP3,3800.0,0.0771%,0.0,0.00%,0.0,0.0,0.00%,4930178.0,4926378.0
688153,3800.0,1.5300%,0.0,0.00%,0.0,0.0,0.00%,252173.0,248373.0
ADEA,3792.0,0.0255%,29.53,7.70%,29.0321,1320059.287362,-43.83%,14893328.0,14889536.0
DAR,3783.0,0.0338%,63.12,1.37%,63.0246,1659072.898483,-39.11%,11212488.0,11208705.0
APLE,3705.0,0.0126%,14.13,1.73%,14.1034,3388628.080484,9.50%,29450470.0,29446765.0
ALB,3693.0,0.0282%,203.52,2.61%,203.1561,3130038.622286,-27.06%,13115074.35,13111381.35
RAL,3663.0,0.0321%,47.23,2.94%,47.1617,1690390.538765,29.66%,11420071.0,11416408.0
TER,3663.0,0.0254%,359.77,1.60%,360.6953,3485988.537252,-30.30%,14440060.11,14436397.11
CCC,3650.0,0.0236%,5.13,-1.54%,5.1248,9250933.754293,-18.88%,15496614.0,15492964.0
TTMI,3637.0,0.0320%,157.31,2.30%,154.4024,2114993.082209,-9.42%,11354136.0,11350499.0
688516,3600.0,1.5735%,0.0,0.00%,0.0,0.0,0.00%,232390.0,228790.0
6600 HK,3600.0,0.2140%,0.0,0.00%,0.0,0.0,0.00%,1685700.0,1682100.0
FTRE,3569.0,0.0282%,15.43,-0.90%,15.3032,1391417.181181,-14.91%,12665806.0,12662237.0
MWA,3521.0,0.0169%,26.37,-1.93%,26.5048,918915.511948,-43.84%,20808620.0,20805099.0
FIBRAPL,3504.0,1.4926%,0.0,0.00%,0.0,0.0,0.00%,238260.0,234756.0
SBRA,3435.0,0.0128%,20.75,0.83%,20.7735,1589558.947977,-2.61%,26923469.0,26920034.0
VLTO,3414.0,0.0201%,86.84,-2.13%,87.0998,2049224.37215,-22.94%,16973276.73,16969862.73
HESM,3410.0,0.2141%,38.17,-1.14%,38.3985,2342326.550209,-40.19%,1596145.0,1592735.0
688188,3400.0,1.7155%,0.0,0.00%,0.0,0.0,0.00%,201595.0,198195.0
SGI,3394.0,0.0193%,69.31,-1.92%,69.4006,2794935.099021,-61.57%,17562104.0,17558710.0
UHAL/B,3378.0,1.8402%,0.0,0.00%,0.0,0.0,0.00%,186946.0,183568.0
028260 KS,3348.0,0.4406%,0.0,0.00%,0.0,0.0,0.00%,763161.0,759813.0
CELH,3341.0,0.0250%,32.29,-5.75%,32.9416,13636548.24549,-44.31%,13350439.0,13347098.0
NVT,3329.0,0.0268%,169.95,1.93%,169.341,1703487.296477,-32.88%,12423758.0,12420429.0
BEAM,3303.0,0.0419%,32.32,2.70%,32.1555,2853187.010401,62.39%,7893382.0,7890079.0
NRIX,3280.0,0.0416%,16.52,1.47%,16.4779,1293837.575302,95.11%,7886964.0,7883684.0
688169 C1,3258.0,0.1951%,0.0,0.00%,0.0,0.0,0.00%,1672961.0,1669703.0
KKR,3242.0,0.0080%,102.52,2.17%,102.0433,5948750.138056,-5.31%,40507651.34,40504409.34
688072,3200.0,1.6778%,0.0,0.00%,0.0,0.0,0.00%,193924.0,190724.0
SWKS,3181.0,0.0134%,66.78,2.68%,66.659,5143880.445929,-20.56%,23809338.04,23806157.04
GEL,3168.0,0.2101%,16.37,-0.67%,16.2654,416226.028782,-3.96%,1510860.0,1507692.0
CAT,3163.0,0.0104%,897.45,0.20%,900.9966,2030291.956436,-31.35%,30474751.69,30471588.69
T,3131.0,0.0008%,25.16,-0.40%,25.2315,36012887.762262,-16.22%,375808903.26,375805772.26
688702,3078.0,1.6388%,0.0,0.00%,0.0,0.0,0.00%,190899.0,187821.0
CTL,3078.0,0.0445%,0.0,0.00%,0.0,0.0,0.00%,6916887.0,6913809.0
DLR,3032.0,0.0125%,195.31,0.27%,195.6969,1376762.529687,-44.55%,24240628.78,24237596.78
DCI,3028.0,0.0276%,86.0,0.10%,86.005,348564.0218,-32.86%,10978547.0,10975519.0
6645 JP,3024.0,0.1926%,0.0,0.00%,0.0,0.0,0.00%,1573149.0,1570125.0
RBA,3003.0,0.0203%,103.28,-0.15%,103.7863,853989.842459,-32.75%,14785796.0,14782793.0
1504,3000.0,0.4032%,0.0,0.00%,0.0,0.0,0.00%,747086.0,744086.0
8150,3000.0,0.3728%,0.0,0.00%,0.0,0.0,0.00%,807669.0,804669.0
3006,3000.0,0.8652%,0.0,0.00%,0.0,0.0,0.00%,349727.0,346727.0
6691,3000.0,1.1044%,0.0,0.00%,0.0,0.0,0.00%,274641.0,271641.0
1772,3000.0,1.1833%,0.0,0.00%,0.0,0.0,0.00%,256522.0,253522.0
2486,3000.0,0.9982%,0.0,0.00%,0.0,0.0,0.00%,303546.0,300546.0
2404,3000.0,1.4550%,0.0,0.00%,0.0,0.0,0.00%,209191.0,206191.0
2313,3000.0,0.4897%,0.0,0.00%,0.0,0.0,0.00%,615618.0,612618.0
CURB,2990.0,0.0239%,27.88,1.16%,27.7951,938682.593427,60.55%,12506385.0,12503395.0
C,2985.0,0.0026%,125.55,-2.74%,127.634,17505537.804628,-6.90%,116861183.09,116858198.09
AEC CN,2976.0,0.4403%,0.0,0.00%,0.0,0.0,0.00%,678851.0,675875.0
COLD,2955.0,0.0448%,14.84,-0.87%,14.9313,7772468.28042,-46.49%,6603404.0,6600449.0
PME AU,2955.0,39.8839%,0.0,0.00%,0.0,0.0,0.00%,10364.0,7409.0
001309,2900.0,1.8954%,0.0,0.00%,0.0,0.0,0.00%,155900.0,153000.0
AMG,2894.0,0.0387%,302.8,1.69%,298.5378,339904.339838,6.90%,7488738.0,7485844.0
NATL,2886.0,0.0318%,44.27,0.05%,44.3857,1300508.838245,33.31%,9076651.0,9073765.0
APA,2876.0,0.0065%,35.56,-1.88%,35.6911,9087183.05887,-26.49%,44088387.24,44085511.24
ZWS,2868.0,0.0151%,51.19,0.27%,51.1802,966170.510357,11.19%,19015122.0,19012254.0
NYT,2854.0,0.0235%,79.41,-0.96%,79.6567,1839269.431676,-27.98%,12164694.0,12161840.0
UGPA3,2800.0,0.2956%,0.0,0.00%,0.0,0.0,0.00%,949893.0,947093.0
DHR,2789.0,0.0098%,171.16,-2.56%,171.7503,5846131.85942,30.44%,28413999.66,28411210.66
VCYT,2777.0,0.0219%,40.42,-0.83%,40.198,1159335.046927,-31.52%,12699551.0,12696774.0
GDS,2769.0,0.1742%,44.25,1.44%,44.4677,1123568.404644,-27.91%,1592264.0,1589495.0
RES,2738.0,0.0166%,6.8,-4.63%,6.8905,5082193.54625,126.82%,16543758.0,16541020.0
AMKR,2728.0,0.0282%,76.61,6.01%,75.3874,5324313.901764,16.51%,9678812.0,9676084.0
RGLD,2727.0,0.0330%,238.91,2.68%,238.0829,856432.885843,-34.08%,8258760.0,8256033.0
RR,2682.0,0.0302%,2.64,-1.49%,2.6223,11604148.016849,-39.50%,8872620.0,8869938.0
MRVI,2670.0,0.0552%,4.85,23.10%,4.6964,11244657.496435,131.91%,4837724.0,4835054.0
CHCT,2647.0,0.0972%,17.58,-0.57%,17.6693,255403.009523,16.06%,2725381.0,2722734.0
TRN,2641.0,0.0232%,36.63,-0.03%,36.5767,398687.678197,-39.16%,11389654.0,11387013.0
VSAT,2628.0,0.0136%,70.01,5.55%,69.2298,1538653.621638,-13.03%,19302357.0,19299729.0
BPY,2610.0,0.0444%,0.0,0.00%,0.0,0.0,0.00%,5887394.0,5884784.0
ICT,2610.0,1.4036%,0.0,0.00%,0.0,0.0,0.00%,188556.0,185946.0
688798,2600.0,1.6629%,0.0,0.00%,0.0,0.0,0.00%,158951.0,156351.0
603290,2600.0,1.5285%,0.0,0.00%,0.0,0.0,0.00%,172696.0,170096.0
AEHR,2597.0,0.1883%,97.23,6.54%,97.0779,3842808.390992,96.01%,1381801.0,1379204.0
CTO,2583.0,0.1199%,20.29,-0.05%,20.3025,795200.055313,135.72%,2156320.0,2153737.0
CGNX,2565.0,0.0200%,65.66,-0.39%,66.1181,4256563.609318,-46.88%,12805077.0,12802512.0
UMH,2556.0,0.0529%,15.82,-0.38%,15.8849,704017.027243,-30.65%,4834834.0,4832278.0
VGNT,2541.0,0.0364%,41.83,7.26%,40.8259,1173119.827522,-39.48%,6989941.0,6987400.0
RMBS,2519.0,0.0187%,129.245,2.09%,129.2014,2254692.964191,1.21%,13474516.0,13471997.0
HIW,2502.0,0.0205%,25.42,-0.59%,25.5476,1547797.806246,-1.08%,12203317.0,12200815.0
600563,2500.0,1.5460%,0.0,0.00%,0.0,0.0,0.00%,164209.0,161709.0
603267,2500.0,1.5237%,0.0,0.00%,0.0,0.0,0.00%,166579.0,164079.0
ATI,2494.0,0.0163%,158.39,-2.63%,160.36,2594283.26476,-23.84%,15304724.0,15302230.0
KBANK-R,2448.0,0.1559%,0.0,0.00%,0.0,0.0,0.00%,1573175.0,1570727.0
YOU,2414.0,0.0192%,56.81,-2.34%,56.0029,1787348.688214,-42.15%,12576556.0,12574142.0
688082,2400.0,1.5670%,0.0,0.00%,0.0,0.0,0.00%,155558.0,153158.0
300672,2400.0,1.5730%,0.0,0.00%,0.0,0.0,0.00%,154972.0,152572.0
301377,2400.0,1.6360%,0.0,0.00%,0.0,0.0,0.00%,149100.0,146700.0
AWK,2376.0,0.0156%,125.05,-0.91%,125.5323,1305623.840469,-37.79%,15278079.2,15275703.2
SOLS,2355.0,0.0225%,78.25,0.63%,77.8496,2073925.734472,-15.17%,10450776.0,10448421.0
AAT,2340.0,0.0339%,21.04,-0.33%,21.0798,194203.148867,-55.39%,6907767.0,6905427.0
LAC CN,2314.0,0.0950%,0.0,0.00%,0.0,0.0,0.00%,2437536.0,2435222.0
603688,2300.0,0.6227%,0.0,0.00%,0.0,0.0,0.00%,371681.0,369381.0
ENTG,2299.0,0.0169%,149.11,0.98%,148.9307,3012664.592427,3.34%,13642534.0,13640235.0
TWST,2298.0,0.0454%,56.85,-2.89%,56.8613,1090454.085633,-29.69%,5059618.0,5057320.0
SABR,2272.0,0.0046%,2.06,-0.48%,2.087,10929079.192297,-41.60%,48965303.0,48963031.0
GMEXICOB,2252.0,0.2026%,0.0,0.00%,0.0,0.0,0.00%,1113572.0,1111320.0
GEV,2240.0,0.0163%,1040.15,-0.52%,1046.0127,1828693.909734,-29.35%,13758958.63,13756718.63
OLED,2236.0,0.0605%,91.75,-1.07%,91.5264,917302.187396,-13.06%,3698999.0,3696763.0
KGS,2221.0,0.0187%,69.65,-0.88%,69.5904,1819461.175265,-21.74%,11870444.0,11868223.0
4704 JP,2192.0,0.1947%,0.0,0.00%,0.0,0.0,0.00%,1127904.0,1125712.0
HTZ,2187.0,0.0124%,6.05,-1.94%,6.1407,6854776.754923,-49.03%,17663650.0,17661463.0
CAH,2186.0,0.0131%,183.65,-0.88%,185.3448,3260786.550784,5.09%,16631013.28,16628827.28
PK,2166.0,0.0125%,11.32,1.16%,11.3356,4756840.891302,-11.36%,17286543.0,17284377.0
ALFEN,2166.0,1.4954%,0.0,0.00%,0.0,0.0,0.00%,147010.0,144844.0
POR,2161.0,0.0179%,48.51,-0.23%,48.6107,1024878.707171,-12.55%,12042480.0,12040319.0
USAC,2156.0,0.2370%,28.14,1.92%,28.0253,491984.646313,121.35%,911713.0,909557.0
VNO,2151.0,0.0121%,32.16,0.37%,32.1526,1837953.614686,-51.92%,17797104.0,17794953.0
CMC,2150.0,0.0147%,70.96,0.62%,71.0057,567585.099328,-25.47%,14607378.0,14605228.0
GTM,2150.0,0.0078%,6.38,-3.77%,6.339,19864131.041478,162.74%,27588788.0,27586638.0
PNR,2148.0,0.0163%,76.82,-2.71%,77.1974,1436122.205913,-24.39%,13147934.96,13145786.96
LNG,2137.0,0.0458%,240.11,-2.70%,241.3133,2661735.140084,-46.92%,4670212.0,4668075.0
GM,2103.0,0.0042%,78.8,0.50%,78.6535,2950299.358735,-56.19%,50583586.41,50581483.41
APO,2101.0,0.0078%,133.2,4.23%,131.9465,4768751.716516,17.43%,26833540.79,26831439.79
2317 TT,2100.0,0.0194%,0.0,0.00%,0.0,0.0,0.00%,10824000.0,10821900.0
XPER,2098.0,0.1201%,8.03,4.02%,7.8927,1034518.890448,-38.27%,1748712.0,1746614.0
BIP,2079.0,0.0390%,36.77,-0.54%,36.6527,783725.941166,-34.24%,5330877.0,5328798.0
DGII,2073.0,0.0404%,65.78,6.05%,65.0374,360280.000216,-44.48%,5132885.0,5130812.0
IBKR,2073.0,0.0086%,84.42,0.85%,84.2631,3595264.594903,-30.19%,24210271.71,24208198.71
EPR,2069.0,0.0276%,58.28,0.69%,58.1397,1030139.924412,2.60%,7504645.0,7502576.0
LASR,2057.0,0.0659%,73.91,11.66%,77.593,3791579.63197,69.30%,3124711.0,3122654.0
DINO,2052.0,0.0118%,72.43,2.74%,72.1629,2401157.617991,-13.60%,17322512.0,17320460.0
GE,2051.0,0.0032%,297.15,-1.81%,299.7653,3952214.789197,-27.85%,64240639.63,64238588.63
VSTS,2037.0,0.0145%,9.24,-0.54%,9.222,1038617.687459,-18.60%,14023673.0,14021636.0
FVR,2025.0,0.1759%,18.17,-0.49%,18.2061,120337.0,-55.84%,1153445.0,1151420.0
ZD,2002.0,0.0379%,41.02,-5.29%,41.5911,1128978.505548,37.20%,5279989.0,5277987.0
2451,2000.0,0.7302%,0.0,0.00%,0.0,0.0,0.00%,275902.0,273902.0
3189,2000.0,0.6229%,0.0,0.00%,0.0,0.0,0.00%,323093.0,321093.0
3037,2000.0,0.3596%,0.0,0.00%,0.0,0.0,0.00%,558160.0,556160.0
2345,2000.0,1.3829%,0.0,0.00%,0.0,0.0,0.00%,146625.0,144625.0
3030,2000.0,0.8329%,0.0,0.00%,0.0,0.0,0.00%,242113.0,240113.0
300750 C2,2000.0,0.1694%,0.0,0.00%,0.0,0.0,0.00%,1182309.0,1180309.0
688608,2000.0,1.7502%,0.0,0.00%,0.0,0.0,0.00%,116272.0,114272.0
2454,2000.0,0.2597%,0.0,0.00%,0.0,0.0,0.00%,772250.0,770250.0
2449,2000.0,0.7522%,0.0,0.00%,0.0,0.0,0.00%,267898.0,265898.0
3036,2000.0,0.3891%,0.0,0.00%,0.0,0.0,0.00%,516000.0,514000.0
3711,2000.0,0.1276%,0.0,0.00%,0.0,0.0,0.00%,1568851.0,1566851.0
8046,2000.0,1.9498%,0.0,0.00%,0.0,0.0,0.00%,104574.0,102574.0
1211,2000.0,0.1026%,0.0,0.00%,0.0,0.0,0.00%,1950731.0,1948731.0
002371 C2,2000.0,0.1781%,0.0,0.00%,0.0,0.0,0.00%,1124940.0,1122940.0
SLI CN,1996.0,0.1702%,0.0,0.00%,0.0,0.0,0.00%,1175054.0,1173058.0
BWPAM,1993.0,100.0000%,0.0,0.00%,0.0,0.0,0.00%,1993.0,0.0
EHAB,1989.0,0.1016%,13.79,0.15%,13.787,584868.673521,-11.23%,1960569.0,1958580.0
PINE,1989.0,0.2218%,19.36,-1.43%,19.4199,151417.947358,-29.75%,898652.0,896663.0
KDCREIT,1968.0,0.3087%,0.0,0.00%,0.0,0.0,0.00%,639436.0,637468.0
NFI,1956.0,1.3392%,0.0,0.00%,0.0,0.0,0.00%,148009.0,146053.0
HEXAB,1920.0,0.3274%,0.0,0.00%,0.0,0.0,0.00%,588404.0,586484.0
MTSI,1918.0,0.0285%,359.88,4.47%,357.2318,1769005.017948,-36.85%,6720948.0,6719030.0
VIAV,1912.0,0.0062%,51.21,0.31%,51.0254,4831152.536615,-22.33%,30707613.0,30705701.0
HSAI,1908.0,0.1671%,21.6,-1.19%,21.6501,1299082.065628,25.41%,1143509.0,1141601.0
ITUB4,1900.0,0.0875%,0.0,0.00%,0.0,0.0,0.00%,2173169.0,2171269.0
301200,1900.0,1.5913%,0.0,0.00%,0.0,0.0,0.00%,121300.0,119400.0
QURE,1889.0,0.0757%,27.66,14.53%,27.0352,6719188.669592,245.81%,2495890.0,2494001.0
AOS,1880.0,0.0180%,58.6,-2.71%,59.438,1859295.746047,-5.76%,10462453.23,10460573.23
FORM,1875.0,0.0177%,147.87,2.20%,149.5551,1865963.275711,-9.88%,10589835.0,10587960.0
ICHR,1865.0,0.0397%,74.42,4.48%,73.6562,1075502.043446,-10.31%,4701118.0,4699253.0
TEL,1844.0,0.0118%,206.2,-1.84%,207.9226,2865223.5133,19.08%,15686937.06,15685093.06
FHI,1836.0,0.0307%,55.95,2.96%,55.5169,796386.745885,6.76%,5975048.0,5973212.0
SYM,1836.0,0.1453%,52.29,-7.34%,52.3197,2922977.689659,4.00%,1265817.0,1263981.0
SLG,1833.0,0.0175%,45.75,1.04%,45.7948,1760826.680725,12.83%,10505352.0,10503519.0
TRTN,1827.0,0.0445%,0.0,0.00%,0.0,0.0,0.00%,4104518.0,4102691.0
NEE,1825.0,0.0013%,93.1,-0.24%,93.2372,6230102.792058,-35.65%,143021915.32,143020090.32
BWXT,1813.0,0.0140%,205.33,-2.17%,205.5383,1007350.635458,-32.95%,12970471.0,12968658.0
ERII,1800.0,0.0590%,9.13,-3.18%,9.1611,1548704.380082,-57.25%,3053288.0,3051488.0
300757 C2,1800.0,0.1684%,0.0,0.00%,0.0,0.0,0.00%,1070745.0,1068945.0
VIVT3,1800.0,0.2426%,0.0,0.00%,0.0,0.0,0.00%,743806.0,742006.0
2330 TT,1800.0,0.3006%,0.0,0.00%,0.0,0.0,0.00%,600700.0,598900.0
BEPUCN,1791.0,0.0442%,0.0,0.00%,0.0,0.0,0.00%,4050265.0,4048474.0
AEIS,1790.0,0.0449%,357.24,1.51%,356.7216,563696.345056,-47.29%,3991071.0,3989281.0
CRDO,1779.0,0.0179%,188.505,0.11%,187.7119,4837006.839636,-12.29%,9951651.0,9949872.0
TSM,1776.0,0.0096%,411.68,-0.60%,410.2923,18531181.896803,38.26%,18542850.0,18541074.0
KNF,1773.0,0.0323%,90.43,1.92%,90.283,301392.442773,-29.01%,5487890.0,5486117.0
MYGN,1765.0,0.0266%,4.29,4.89%,4.2541,1983486.808184,-22.32%,6626814.0,6625049.0
KEMPOWR,1761.0,1.4355%,0.0,0.00%,0.0,0.0,0.00%,124440.0,122679.0
CIEN,1758.0,0.0190%,548.11,1.74%,550.4113,1501585.405304,-57.67%,9264012.76,9262254.76
TXNM,1756.0,0.0173%,58.99,-0.42%,59.1294,4350009.3849,95.86%,10136798.0,10135042.0
ALAB,1746.0,0.0217%,199.79,2.12%,195.9787,4610117.77984,-29.63%,8034436.0,8032690.0
DIOD,1741.0,0.0252%,111.41,-1.05%,110.9747,1041040.44575,-1.68%,6905059.0,6903318.0
WAT,1738.0,0.0268%,355.13,1.32%,351.2718,1814064.553543,-9.96%,6489645.49,6487907.49
WMS,1735.0,0.0294%,143.2,-0.61%,143.7462,527543.033835,-17.88%,5900621.0,5898886.0
JCI,1733.0,0.0052%,139.52,0.19%,140.3002,2582456.00929,-56.52%,33169301.25,33167568.25
NXRT,1730.0,0.0536%,29.95,0.34%,30.0208,178477.937664,-15.49%,3227283.0,3225553.0
BTSG,1730.0,0.0096%,54.83,3.57%,54.4643,1877122.134058,-19.99%,18052367.0,18050637.0
AEGON,1728.0,0.0443%,0.0,0.00%,0.0,0.0,0.00%,3901802.0,3900074.0
XYL,1703.0,0.0116%,113.73,-1.65%,114.2846,2184834.318682,-26.12%,14728335.64,14726632.64
PODD,1698.0,0.0326%,154.16,-3.89%,156.0083,1737990.91307,-38.53%,5208678.4,5206980.4
TPR,1667.0,0.0125%,133.48,2.27%,134.3878,4316208.100241,-33.16%,13323787.52,13322120.52
MKSI,1664.0,0.0318%,313.21,4.13%,317.7141,1736811.695023,-25.38%,5226464.0,5224800.0
LSCC,1660.0,0.0145%,127.19,6.06%,125.3297,2790823.739449,-12.07%,11448449.0,11446789.0
TEM,1651.0,0.0570%,49.86,0.79%,48.5333,11664414.486806,7.04%,2900682.0,2899031.0
LLYVK,1631.0,0.2598%,95.75,-1.70%,96.3922,226597.270294,-45.46%,629495.0,627864.0
DOCN,1618.0,0.0221%,163.95,8.99%,161.1413,3945914.985487,-35.44%,7325687.0,7324069.0
DELL,1614.0,0.0100%,260.46,13.11%,254.4421,12168099.632468,150.97%,16139284.27,16137670.27
XRN,1611.0,0.1794%,33.99,5.23%,33.7998,285022.30432,-62.08%,899710.0,898099.0
INDV,1611.0,0.0094%,39.5,-0.25%,39.4495,2480135.557718,-29.47%,17124173.0,17122562.0
CRSP,1603.0,0.0274%,54.83,4.60%,54.602,1733486.835603,14.13%,5843214.0,5841611.0
ECG,1567.0,0.0295%,163.24,3.04%,161.1292,542774.714001,-42.82%,5318761.0,5317194.0
EDPR,1566.0,0.7381%,0.0,0.00%,0.0,0.0,0.00%,213720.0,212154.0
ASTS,1561.0,0.0300%,75.05,14.84%,71.43,22685040.475156,16.68%,5209988.0,5208427.0
SILA,1557.0,0.0562%,30.58,0.00%,30.5795,270656.266291,-63.63%,2769963.0,2768406.0
GME,1551.0,0.0050%,24.28,1.29%,24.1602,5957749.017067,-32.25%,30948498.0,30946947.0
MXL,1547.0,0.0105%,99.83,21.20%,97.4784,7816173.734344,40.62%,14666187.0,14664640.0
GPRE,1537.0,0.0322%,18.19,10.51%,17.9876,2407804.383348,-21.31%,4773634.0,4772097.0
BE,1536.0,0.0171%,261.03,0.92%,261.8833,14413746.867609,34.65%,8964146.0,8962610.0
NRG,1511.0,0.0092%,138.11,-2.64%,139.8424,2475003.537037,-43.17%,16346296.86,16344785.86
BKH,1506.0,0.0147%,75.23,0.01%,75.3018,763400.434464,-40.14%,10230121.0,10228615.0
2,1500.0,0.1992%,0.0,0.00%,0.0,0.0,0.00%,754471.0,752971.0
AFG,1493.0,0.0164%,131.32,-0.29%,131.2644,383935.385305,-30.40%,9111120.0,9109627.0
AMRX,1480.0,0.0062%,13.2,-3.79%,13.2844,1519984.338359,-24.37%,23874021.0,23872541.0
PSTL,1476.0,0.1074%,23.27,1.88%,23.2144,411276.621016,-4.65%,1376063.0,1374587.0
FCPT,1465.0,0.0103%,25.17,-1.18%,25.2826,487977.97706,-2.11%,14219069.0,14217604.0
SO,1463.0,0.0016%,91.8,-0.68%,92.0421,4466431.619747,-26.39%,89220149.43,89218686.43
NVRI,1461.0,0.0141%,19.26,0.26%,19.2403,735536.743316,-13.51%,10380215.0,10378754.0
PHIN,1457.0,0.0283%,79.87,1.81%,79.7653,247350.188622,-24.85%,5156174.0,5154717.0
ECL,1455.0,0.0107%,254.22,-0.91%,254.0982,1869331.806311,0.50%,13584537.55,13583082.55
SR,1451.0,0.0189%,85.7,0.21%,85.6952,506039.566804,-26.28%,7683133.0,7681682.0
BANC,1446.0,0.0062%,19.04,-0.68%,19.0883,3187956.186903,12.82%,23249023.0,23247577.0
POWL,1445.0,0.0378%,309.39,1.13%,308.4525,495223.958469,-44.80%,3824850.0,3823405.0
ATS CN,1440.0,0.1962%,0.0,0.00%,0.0,0.0,0.00%,735298.0,733858.0
SAMPO,1423.0,0.0845%,0.0,0.00%,0.0,0.0,0.00%,1684782.0,1683359.0
PMET CN,1404.0,0.1699%,0.0,0.00%,0.0,0.0,0.00%,827781.0,826377.0
2419,1400.0,0.9437%,0.0,0.00%,0.0,0.0,0.00%,149751.0,148351.0
TGA,1400.0,0.3594%,0.0,0.00%,0.0,0.0,0.00%,390936.0,389536.0
688536,1400.0,1.5086%,0.0,0.00%,0.0,0.0,0.00%,94202.0,92802.0
688052,1400.0,1.4643%,0.0,0.00%,0.0,0.0,0.00%,97006.0,95606.0
CSMG3,1400.0,0.6772%,0.0,0.00%,0.0,0.0,0.00%,208131.0,206731.0
MTZ,1392.0,0.0277%,414.29,0.49%,413.8028,681331.384274,-40.39%,5030735.0,5029343.0
MIR,1391.0,0.0044%,18.99,-3.85%,19.1666,3114332.317001,35.09%,31867677.0,31866286.0
ETR,1388.0,0.0036%,111.59,-0.38%,111.6139,4139216.242838,-46.99%,38530754.02,38529366.02
SHEL,1377.0,0.0507%,83.97,-0.32%,84.2113,5727230.76595,-49.33%,2717027.0,2715650.0
ALV,1367.0,0.0256%,121.62,0.50%,121.4114,448025.425323,-33.89%,5342956.0,5341589.0
PWR,1366.0,0.0152%,745.0,-0.76%,749.9852,1241744.109048,-37.28%,8964159.73,8962793.73
FG,1359.0,0.0307%,28.3,4.51%,28.2137,590297.356484,-38.54%,4432392.0,4431033.0
MTG,1357.0,0.0071%,26.75,0.64%,26.738,2355440.886673,-22.74%,19005403.0,19004046.0
6861 JP,1350.0,0.1950%,0.0,0.00%,0.0,0.0,0.00%,693645.0,692295.0
MGM,1313.0,0.0089%,38.79,1.78%,38.6883,3754919.364285,-23.34%,14739084.11,14737771.11
EXEL,1312.0,0.0048%,48.16,4.22%,47.6664,2179091.924443,-38.08%,27282776.0,27281464.0
SOL,1300.0,0.1404%,0.0,0.00%,0.0,0.0,0.00%,926967.0,925667.0
EL,1296.0,0.0087%,86.2,1.07%,85.3458,2310634.972727,-23.57%,14967185.29,14965889.29
RGA,1262.0,0.0146%,210.6,-1.04%,212.1017,641908.073015,8.83%,8656126.0,8654864.0
LAR CN,1260.0,0.1700%,0.0,0.00%,0.0,0.0,0.00%,742308.0,741048.0
BLX,1257.0,0.0991%,53.79,-0.68%,53.9471,125687.595548,-4.39%,1269095.0,1267838.0
CWT,1255.0,0.0151%,43.47,-0.34%,43.6696,328703.353504,-39.94%,8339037.0,8337782.0
CNX,1254.0,0.0076%,35.72,-0.56%,35.8806,1513151.256869,-23.88%,16398517.0,16397263.0
RGNX,1251.0,0.0318%,10.55,1.25%,10.5423,1379404.156939,-6.10%,3929957.0,3928706.0
WKC,1246.0,0.0115%,27.07,0.63%,27.0801,602923.007104,-24.66%,10837870.0,10836624.0
ENS,1244.0,0.0309%,229.82,3.08%,229.8367,375492.514742,-22.39%,4024717.0,4023473.0
HWM,1244.0,0.0042%,270.56,-0.73%,272.4,3186756.563466,-45.00%,29830425.54,29829181.54
FIVE,1242.0,0.0295%,223.13,0.85%,223.5852,970416.692442,-10.84%,4214428.0,4213186.0
SONO,1241.0,0.0083%,15.06,1.14%,14.895,1588276.629661,-0.46%,14989591.0,14988350.0
WWD,1241.0,0.0201%,369.93,-0.23%,370.672,517795.486177,-36.68%,6176811.0,6175570.0
BMI,1219.0,0.0273%,118.52,-3.30%,119.0413,737493.172704,58.02%,4464703.0,4463484.0
NFG,1214.0,0.0140%,79.52,-0.87%,79.9042,739269.358301,-37.27%,8684371.0,8683157.0
COHR,1207.0,0.0111%,335.26,5.03%,328.02,7901601.929923,-37.65%,10857866.19,10856659.19
CQP,1199.0,0.2343%,62.37,-1.30%,62.039,56517.015231,-70.07%,512833.0,511634.0
DG,1198.0,0.0084%,113.29,-2.73%,114.5551,3307116.495667,2.99%,14270899.47,14269701.47
NSA,1195.0,0.0194%,43.67,0.78%,43.6677,726754.238843,-16.70%,6149709.0,6148514.0
HAYW,1184.0,0.0057%,14.58,-1.29%,14.6488,3319103.898966,0.59%,20914160.0,20912976.0
BNCN,1179.0,0.0445%,0.0,0.00%,0.0,0.0,0.00%,2653115.0,2651936.0
AMT,1176.0,0.0047%,176.53,-1.80%,177.2169,3510339.116149,35.56%,24903506.77,24902330.77
CALY,1173.0,0.0064%,17.52,18.62%,17.2322,8090403.775921,61.94%,18193025.0,18191852.0
GTY,1168.0,0.0160%,33.02,0.03%,33.0805,250465.910773,-45.43%,7299685.0,7298517.0
KMTS,1166.0,0.1133%,21.05,-2.18%,21.2369,211971.503226,-9.33%,1029934.0,1028768.0
IBE,1160.0,0.0113%,0.0,0.00%,0.0,0.0,0.00%,10288400.0,10287240.0
BIDU,1154.0,0.1068%,141.05,0.84%,142.7779,5215554.706828,118.46%,1081638.0,1080484.0
DTE,1153.0,0.0042%,140.6,-0.99%,140.9159,1782104.469182,-15.86%,27759361.0,27758208.0
MTN,1151.0,0.0339%,125.42,0.13%,125.8737,827740.864887,34.98%,3399390.0,3398239.0
KNTK,1141.0,0.0183%,47.54,-1.98%,47.6722,1301058.27725,-26.42%,6231214.0,6230073.0
FELE,1123.0,0.0207%,99.34,-0.60%,99.6314,221706.629644,-43.23%,5431539.0,5430416.0
LECO,1122.0,0.0228%,271.11,-0.00%,271.0882,287584.776726,-17.23%,4918138.0,4917016.0
CME,1112.0,0.0055%,281.25,-1.95%,282.1251,2308703.532584,-2.34%,20362467.85,20361355.85
STRL,1107.0,0.0315%,844.8,4.12%,835.3399,719905.902182,-31.67%,3515119.0,3514012.0
HTO,1099.0,0.0224%,57.97,1.42%,57.8871,643018.344947,47.96%,4909826.0,4908727.0
SERV,1098.0,0.0368%,8.77,-3.52%,8.745,5585249.018051,6.07%,2987962.0,2986864.0
MCK,1081.0,0.0154%,736.09,-2.47%,743.8675,2179559.351592,7.86%,7012274.76,7011193.76
JBL,1080.0,0.0143%,355.15,1.59%,355.8068,1300720.093554,-25.82%,7549264.6,7548184.6
IIPR,1067.0,0.0253%,57.29,1.24%,57.5222,283888.410548,-11.03%,4221453.0,4220386.0
ORSTED,1065.0,0.5965%,0.0,0.00%,0.0,0.0,0.00%,179602.0,178537.0
RSW LN,1062.0,0.1897%,0.0,0.00%,0.0,0.0,0.00%,560855.0,559793.0
TRMB,1061.0,0.0062%,60.8,-1.70%,60.5432,3066495.328451,-17.28%,17127470.85,17126409.85
WTS,1060.0,0.0368%,296.9,0.94%,298.59,328247.950785,-29.09%,2880945.0,2879885.0
ASB,1059.0,0.0052%,28.55,0.28%,28.5217,1713374.896689,8.23%,20492605.0,20491546.0
LIGHT,1050.0,0.7526%,0.0,0.00%,0.0,0.0,0.00%,140561.0,139511.0
STN,1044.0,0.1601%,87.41,-4.09%,88.1417,269940.606888,-23.74%,653126.0,652082.0
MDU,1038.0,0.0047%,22.49,0.09%,22.5201,1421530.351361,-52.46%,22270756.0,22269718.0
SNAP,1033.0,0.0068%,6.08,1.67%,5.9124,40082028.700223,-55.26%,15263493.0,15262460.0
GS,1023.0,0.0034%,936.48,1.15%,934.5858,1665037.501871,-2.93%,30318244.87,30317221.87
CRWV,1020.0,0.0627%,114.15,-11.40%,114.7238,48479367.828858,17.20%,1626931.0,1625911.0
WFRD,1012.0,0.0136%,102.32,0.02%,102.4642,963610.821088,-17.44%,7421388.0,7420376.0
3706,1000.0,0.5169%,0.0,0.00%,0.0,0.0,0.00%,194449.0,193449.0
3665,1000.0,2.1980%,0.0,0.00%,0.0,0.0,0.00%,46495.0,45495.0
6409,1000.0,1.5598%,0.0,0.00%,0.0,0.0,0.00%,65109.0,64109.0
2308,1000.0,0.2293%,0.0,0.00%,0.0,0.0,0.00%,437030.0,436030.0
8996,1000.0,1.0585%,0.0,0.00%,0.0,0.0,0.00%,95472.0,94472.0
6944,1000.0,0.7489%,0.0,0.00%,0.0,0.0,0.00%,134531.0,133531.0
2330,1000.0,0.0337%,0.0,0.00%,0.0,0.0,0.00%,2970129.0,2969129.0
2360,1000.0,1.7367%,0.0,0.00%,0.0,0.0,0.00%,58581.0,57581.0
1519,1000.0,0.0226%,0.0,0.00%,0.0,0.0,0.00%,4416280.0,4415280.0
2368,1000.0,1.6482%,0.0,0.00%,0.0,0.0,0.00%,61674.0,60674.0
6531,1000.0,0.7734%,0.0,0.00%,0.0,0.0,0.00%,130302.0,129302.0
VWS,999.0,0.2067%,0.0,0.00%,0.0,0.0,0.00%,484280.0,483281.0
FUN,981.0,0.0079%,22.01,-3.30%,22.1992,3064001.490661,-56.22%,12370455.0,12369474.0
ANE,981.0,1.3566%,0.0,0.00%,0.0,0.0,0.00%,73293.0,72312.0
005930,978.0,0.0727%,0.0,0.00%,0.0,0.0,0.00%,1345951.0,1344973.0
VST,975.0,0.0042%,147.72,-4.05%,148.93,8074473.596526,2.26%,23214764.95,23213789.95
TRGP,973.0,0.0057%,248.12,-1.71%,249.3595,1438574.295383,-12.12%,16938420.439999998,16937447.439999998
SOFI,973.0,0.0050%,15.75,-1.56%,15.7205,55866384.909441,-4.39%,19648204.0,19647231.0
336260,966.0,1.4948%,0.0,0.00%,0.0,0.0,0.00%,65590.0,64624.0
ERG,954.0,1.1506%,0.0,0.00%,0.0,0.0,0.00%,83866.0,82912.0
HE,951.0,0.0042%,14.83,-3.83%,15.1856,3276109.878197,67.00%,22611413.0,22610462.0
IDA,949.0,0.0171%,144.0,0.58%,143.8899,402397.466637,-21.27%,5540610.0,5539661.0
BBY,946.0,0.0040%,59.4,1.47%,59.1843,2328388.236811,-29.93%,23593563.54,23592617.54
DY,942.0,0.0309%,428.31,0.46%,429.4604,310716.205143,-46.49%,3051108.0,3050166.0
SPXC,938.0,0.0193%,202.84,-1.18%,203.4732,377168.858999,-25.06%,4865511.0,4864573.0
FCFS,936.0,0.0239%,227.68,1.24%,227.295,296072.634153,-30.77%,3919500.0,3918564.0
454910 KS,936.0,0.1948%,0.0,0.00%,0.0,0.0,0.00%,481413.0,480477.0
CW,936.0,0.0243%,729.2,0.66%,728.153,234032.972823,-40.27%,3856958.0,3856022.0
LYB,918.0,0.0038%,71.76,0.35%,71.8158,4019560.08532,-52.77%,24135403.51,24134485.51
OUST,918.0,0.0304%,25.2,2.82%,25.0566,3848682.386598,-27.55%,3022678.0,3021760.0
IEX,906.0,0.0173%,216.92,0.95%,216.3212,592567.752281,-43.63%,5232098.87,5231192.87
ESE,903.0,0.0261%,303.11,-8.91%,303.4362,621235.02882,106.93%,3459597.0,3458694.0
CR,900.0,0.0262%,181.32,-0.24%,181.3847,1013697.92828,59.79%,3439663.0,3438763.0
3690 HK,900.0,0.0167%,0.0,0.00%,0.0,0.0,0.00%,5376615.0,5375715.0
MAQ AU,900.0,0.2883%,0.0,0.00%,0.0,0.0,0.00%,313109.0,312209.0
EYE,898.0,0.0083%,22.96,0.57%,23.0043,1064656.426549,-5.75%,10799349.0,10798451.0
WGS,897.0,0.1253%,40.77,0.67%,40.5689,2106088.708824,-50.29%,717049.0,716152.0
CATX,889.0,0.0183%,3.76,4.44%,3.7248,794951.091241,-78.93%,4869895.0,4869006.0
VBK,876.0,1.3802%,343.58,0.67%,342.4839,148077.370989,-33.73%,64346.0,63470.0
MBIN,865.0,0.0146%,46.33,-0.98%,46.4893,149813.707,12.29%,5920910.0,5920045.0
INVEB,852.0,0.1036%,0.0,0.00%,0.0,0.0,0.00%,822854.0,822002.0
SF,848.0,0.0057%,76.5,0.45%,76.3216,1402704.444652,-25.79%,14894837.0,14893989.0
WCC,846.0,0.0207%,355.31,1.26%,355.6531,650636.799242,-10.74%,4082797.0,4081951.0
NOW,844.0,0.0014%,91.18,-2.58%,90.6086,24699020.709722,-11.67%,61310374.59,61309530.59
CDE,844.0,0.0011%,18.56,2.43%,18.6074,18363525.981524,-48.83%,76507885.0,76507041.0
6674,843.0,1.0791%,0.0,0.00%,0.0,0.0,0.00%,78965.0,78122.0
CG,841.0,0.0042%,50.63,3.31%,49.9296,5135607.937615,-9.04%,19924248.0,19923407.0
FN,840.0,0.0234%,621.28,-0.77%,619.895,763538.971597,-45.68%,3594133.0,3593293.0
Q,835.0,0.0067%,147.33,2.60%,147.2444,2008424.722173,2.82%,12505890.59,12505055.59
000660,833.0,0.3466%,0.0,0.00%,0.0,0.0,0.00%,241172.0,240339.0
SEIC,829.0,0.0096%,91.18,1.44%,90.7124,481386.162665,-20.10%,8638453.0,8637624.0
REZI,824.0,0.0047%,39.75,-1.36%,40.1512,1021709.639989,21.43%,17659879.0,17659055.0
LUV,821.0,0.0028%,41.31,-0.19%,41.3089,4938817.316535,-33.98%,29697230.39,29696409.39
020150,816.0,1.4988%,0.0,0.00%,0.0,0.0,0.00%,55260.0,54444.0
COR,814.0,0.0058%,261.08,2.12%,262.5448,2678921.396488,-27.62%,14060954.66,14060140.66
DEA,814.0,0.0120%,23.35,0.21%,23.4878,530946.89104,12.76%,6780552.0,6779738.0
HIAB FH,810.0,0.1964%,0.0,0.00%,0.0,0.0,0.00%,413260.0,412450.0
112610,810.0,1.3570%,0.0,0.00%,0.0,0.0,0.00%,60501.0,59691.0
SLS,809.0,0.0067%,5.01,1.62%,4.9338,3435225.672711,-16.33%,12049623.0,12048814.0
GLPI,806.0,0.0038%,48.22,0.62%,48.2034,928247.732987,-27.62%,21380898.0,21380092.0
VMI,805.0,0.0455%,510.55,0.27%,508.5359,208337.387428,21.57%,1768781.0,1767976.0
4755 JP,801.0,0.0183%,0.0,0.00%,0.0,0.0,0.00%,4369746.0,4368945.0
MYRG,799.0,0.0373%,437.86,2.45%,433.8066,205047.290939,-69.10%,2142603.0,2141804.0
6516,795.0,1.3824%,0.0,0.00%,0.0,0.0,0.00%,58304.0,57509.0
BELFB,794.0,0.1734%,297.98,2.59%,295.8035,155781.391666,-21.34%,458603.0,457809.0
JBTM,792.0,0.0118%,139.45,1.04%,139.5703,706596.64334,-22.36%,6733472.0,6732680.0
CHWY,785.0,0.0039%,22.97,-2.96%,22.8629,13920253.009638,18.45%,19990789.0,19990004.0
BSY,783.0,0.0058%,32.76,-2.56%,32.8754,2714288.826901,-1.79%,13477955.0,13477172.0
AWR,779.0,0.0143%,77.2,0.47%,77.3866,314502.521088,-9.33%,5448020.0,5447241.0
EH,774.0,0.0530%,10.3,-1.06%,10.3205,267767.989909,-41.43%,1461584.0,1460810.0
OAK,774.0,0.0443%,0.0,0.00%,0.0,0.0,0.00%,1746138.0,1745364.0
MD,771.0,0.0068%,23.51,2.53%,23.4176,798764.733467,-29.12%,11286824.0,11286053.0
TLN,770.0,0.0205%,386.37,-1.07%,385.9266,521761.264227,-37.97%,3756248.0,3755478.0
OPLN,758.0,0.0055%,37.89,0.58%,38.0916,1614971.910523,-5.34%,13848720.0,13847962.0
DOW,757.0,0.0016%,36.87,-1.21%,37.0637,9781535.642309,-43.43%,46197866.32,46197109.32
TPG,747.0,0.0137%,44.62,0.31%,44.6556,1931611.705623,-6.37%,5472743.0,5471996.0
DSY,744.0,0.2123%,2.1,-2.33%,2.1344,6591.340377,110.29%,351235.0,350491.0
QRVO,739.0,0.0078%,90.53,1.75%,90.4001,1091951.345848,-23.80%,9460296.0,9459557.0
III,738.0,0.0319%,4.04,-3.12%,4.0712,399675.130211,167.55%,2311868.0,2311130.0
ULCC,736.0,0.0301%,5.29,-2.58%,5.2912,5286587.191118,-57.76%,2442258.0,2441522.0
DKNG,733.0,0.0076%,25.52,1.19%,26.1454,28569218.890022,32.28%,9674282.0,9673549.0
OUT,730.0,0.0037%,33.9,3.32%,33.8693,2272203.256748,-15.99%,19913717.0,19912987.0
AD,728.0,0.0305%,55.77,13.12%,55.8678,881264.856517,544.62%,2386008.0,2385280.0
IRTC,721.0,0.0551%,120.66,-3.37%,120.3215,423139.992816,-39.96%,1309722.0,1309001.0
EE,718.0,0.0522%,33.89,2.51%,33.6479,536022.501582,-48.52%,1377492.0,1376774.0
PEN,717.0,0.0192%,322.23,-0.75%,322.6263,350069.839467,-48.77%,3730962.0,3730245.0
WT,715.0,0.0045%,19.1,2.03%,18.9991,2182509.912594,-25.26%,16038414.0,16037699.0
CMI,715.0,0.0091%,679.55,-0.49%,681.0283,907298.355229,-22.40%,7887019.88,7886304.88
PTCT,714.0,0.0057%,73.69,14.27%,74.7044,5836405.796486,372.47%,12467649.0,12466935.0
G,708.0,0.0055%,32.56,-5.57%,32.217,5439137.006916,60.96%,12775462.0,12774754.0
LEVI,706.0,0.1754%,22.67,-0.35%,22.688,1983530.075427,-40.13%,403255.0,402549.0
HCA,703.0,0.0084%,435.19,1.44%,434.5186,1599292.172701,106.51%,8354039.02,8353336.02
TRPCN,693.0,0.0443%,0.0,0.00%,0.0,0.0,0.00%,1563666.0,1562973.0
TNL,693.0,0.0137%,65.78,-0.20%,66.0342,591308.171064,-50.72%,5059161.0,5058468.0
PRU,689.0,0.0020%,100.81,1.38%,100.4082,1775635.281764,-16.76%,34897773.44,34897084.44
CRL,687.0,0.0174%,177.62,-2.23%,178.4923,978199.489391,-26.76%,3940882.68,3940195.68
PEGA,684.0,0.0080%,35.975,-2.06%,35.8322,1622521.794222,-15.96%,8499200.0,8498516.0
PLPC,681.0,0.5007%,346.25,0.28%,347.1558,78014.610403,-22.60%,136684.0,136003.0
AVAV,679.0,0.0114%,168.29,0.07%,167.7216,918267.247438,-16.56%,5934981.0,5934302.0
BCO,676.0,0.0167%,107.22,-0.49%,107.6872,475306.622081,-44.59%,4047422.0,4046746.0
6594,672.0,0.2332%,0.0,0.00%,0.0,0.0,0.00%,288824.0,288152.0
SWK,672.0,0.0052%,81.07,1.08%,81.0358,1465239.591579,-0.60%,12944410.2,12943738.2
ARES,670.0,0.0043%,126.25,2.52%,126.2843,4015314.28069,22.87%,15671563.15,15670893.15
BOH,668.0,0.0094%,80.46,0.74%,80.3156,420182.742349,45.09%,7132861.0,7132193.0
CRNC,666.0,0.0232%,9.87,-6.36%,9.7139,1772382.719575,45.90%,2865235.0,2864569.0
6273 JP,666.0,0.1948%,0.0,0.00%,0.0,0.0,0.00%,342560.0,341894.0
RCUS,663.0,0.0048%,25.36,2.34%,25.2371,967753.551472,8.36%,13887019.0,13886356.0
WTFC,655.0,0.0093%,151.64,0.30%,151.5261,411617.16126,-7.97%,7062138.0,7061483.0
NDX1,654.0,0.8109%,0.0,0.00%,0.0,0.0,0.00%,81303.0,80649.0
SW,653.0,0.0016%,41.55,-0.19%,41.8675,5216204.303707,10.45%,39867925.63,39867272.63
PBI,649.0,0.0035%,15.7,0.77%,15.6771,3086036.177702,-28.63%,18322396.0,18321747.0
GVA,644.0,0.0110%,141.88,0.46%,142.089,462755.52899,-42.46%,5851081.0,5850437.0
NEOG,641.0,0.0024%,9.05,-2.16%,9.0387,1596271.955264,-2.41%,27135730.0,27135089.0
DD,641.0,0.0025%,49.76,2.89%,49.5577,3956972.105389,-9.60%,25868821.36,25868180.36
688498,636.0,1.0873%,0.0,0.00%,0.0,0.0,0.00%,59129.0,58493.0
NET,633.0,0.0097%,196.13,-23.62%,199.6418,18919075.584865,111.16%,6526343.0,6525710.0
GGG,632.0,0.0043%,77.59,-1.37%,77.8203,947148.099611,-17.41%,14812655.0,14812023.0
5310,630.0,1.4953%,0.0,0.00%,0.0,0.0,0.00%,42762.0,42132.0
APPN,630.0,0.0295%,21.92,-7.74%,22.0112,1113274.908821,-49.55%,2139267.0,2138637.0
PTGX,623.0,0.0068%,99.36,0.52%,99.0311,505003.615486,-39.65%,9135384.0,9134761.0
TWLO,621.0,0.0050%,201.7,2.35%,200.7753,2874116.050468,11.02%,12301506.0,12300885.0
ADMA,614.0,0.0017%,8.17,-3.54%,8.2931,10208409.005265,-65.66%,35814711.0,35814097.0
RBC,611.0,0.0250%,605.99,-0.91%,608.6545,174707.793783,-3.41%,2448165.0,2447554.0
CRS,600.0,0.0105%,427.85,-3.88%,432.1549,704707.251302,24.77%,5717082.0,5716482.0
700 HK,600.0,0.0162%,0.0,0.00%,0.0,0.0,0.00%,3715145.0,3714545.0
2395 TT,600.0,0.0219%,0.0,0.00%,0.0,0.0,0.00%,2740057.0,2739457.0
NESN,596.0,0.1100%,0.0,0.00%,0.0,0.0,0.00%,542377.0,541781.0
FIX,596.0,0.0238%,1952.37,0.53%,1948.2418,265956.448133,-47.46%,2501514.02,2500918.02
ONB,595.0,0.0017%,24.3,0.52%,24.2688,2174750.46268,16.84%,35926442.0,35925847.0
HCSG,586.0,0.0063%,23.06,3.36%,22.8439,451888.433361,-39.30%,9255666.0,9255080.0
WRBY,577.0,0.0158%,29.55,8.64%,28.9323,4177510.104654,-52.62%,3646293.0,3645716.0
DKL,560.0,0.2356%,51.05,0.06%,50.9653,71247.893813,-11.68%,238301.0,237741.0
BX,558.0,0.0015%,123.77,1.18%,123.3149,3294470.900117,-35.80%,37668652.33,37668094.33
RXL,552.0,0.5721%,43.47,-1.72%,43.7116,3796.006255,-12.48%,97037.0,96485.0
PINS,550.0,0.0013%,21.27,-1.30%,21.1095,19162564.711633,-30.33%,42985689.0,42985139.0
ACMR,549.0,0.0077%,59.85,1.10%,59.3338,1160155.527878,-61.08%,7130273.0,7129724.0
GRAB,542.0,0.0142%,3.72,-1.85%,3.7092,52453141.529789,-4.05%,3810597.0,3810055.0
FLR,537.0,0.0032%,43.31,-15.21%,44.0,11038586.828124,149.44%,16678061.0,16677524.0
PLAB,534.0,0.0062%,53.64,6.51%,53.0313,837670.430886,21.32%,8575591.0,8575057.0
SFM,531.0,0.0063%,82.83,2.25%,83.519,2917047.781226,70.88%,8382992.0,8382461.0
SOLV,517.0,0.0049%,73.38,2.41%,72.7079,1681995.30614,-0.98%,10582237.65,10581720.65
ATRO,513.0,0.0153%,75.08,-3.68%,76.2642,545206.151651,29.61%,3358409.0,3357896.0
CCK,510.0,0.0059%,101.19,0.10%,101.4612,944756.109072,-36.80%,8584315.0,8583805.0
CCI,502.0,0.0017%,90.57,-0.55%,91.1359,4123803.707028,31.58%,29633776.07,29633274.07
NTAP,501.0,0.0032%,118.0,4.42%,117.058,2893849.741776,42.56%,15477360.0,15476859.0
388,500.0,0.1438%,0.0,0.00%,0.0,0.0,0.00%,348213.0,347713.0
601138,500.0,0.1440%,0.0,0.00%,0.0,0.0,0.00%,347700.0,347200.0
ERIC,498.0,0.0152%,11.88,1.02%,11.8425,4866249.133107,-26.85%,3266716.0,3266218.0
FLGT,498.0,0.0468%,15.96,5.63%,15.493,757800.252634,27.99%,1063989.0,1063491.0
GMED,495.0,0.0056%,77.95,-8.37%,78.2229,6038701.702726,105.97%,8876949.0,8876454.0
FFIN,495.0,0.0033%,32.26,-0.40%,32.2764,609784.951787,-12.50%,15026227.0,15025732.0
VNT,495.0,0.0046%,30.09,-1.89%,30.3621,3714219.73635,-30.44%,10781041.0,10780546.0
MS,485.0,0.0004%,193.09,1.54%,192.5521,5873843.468957,1.94%,111834630.17,111834145.17
NXST,476.0,0.0174%,202.79,4.25%,200.8653,406273.626687,-32.17%,2743626.0,2743150.0
PRIM,474.0,0.0065%,104.8,-2.94%,105.7138,3179334.332966,-40.88%,7240468.0,7239994.0
NAVI,471.0,0.0045%,8.54,-2.84%,8.582,560980.235522,-33.05%,10372237.0,10371766.0
NVST,471.0,0.0036%,24.24,-0.21%,24.2788,4873871.324308,-59.06%,13029104.0,13028633.0
NRUC,468.0,0.0446%,24.08,0.38%,24.0828,9794.866,91.68%,1050727.0,1050259.0
6258 JP,468.0,0.1946%,0.0,0.00%,0.0,0.0,0.00%,241003.0,240535.0
ALKS,467.0,0.0019%,34.99,-1.16%,35.1877,2616429.366195,24.94%,24888027.0,24887560.0
CACI,464.0,0.0249%,480.99,-1.81%,482.447,273618.258771,-24.16%,1864434.0,1863970.0
ROK,464.0,0.0072%,453.89,1.19%,452.2381,1063077.306882,-4.10%,6449488.55,6449024.55
005930 KS,459.0,0.0192%,0.0,0.00%,0.0,0.0,0.00%,2390446.0,2389987.0
SPNT,459.0,0.0035%,23.45,-0.17%,23.1551,772614.770644,7.76%,13258963.0,13258504.0
MEDP,458.0,0.0192%,424.0,-1.10%,424.4546,291516.643372,-15.92%,2389312.0,2388854.0
HWKN,452.0,0.0154%,167.16,0.09%,167.0984,106498.626041,2.44%,2937666.0,2937214.0
TTC,445.0,0.0054%,95.5,0.13%,95.4042,473995.66273,-17.66%,8306263.0,8305818.0
DAN,437.0,0.0028%,34.7,0.41%,34.6671,787208.370774,-16.03%,15469288.0,15468851.0
WYFI,436.0,0.0696%,21.25,4.78%,20.6343,1050154.18104,-11.50%,627198.0,626762.0
SOUN,435.0,0.0024%,8.88,-7.79%,8.617,49273016.687764,-2.11%,18313611.0,18313176.0
373220 KS,432.0,0.1553%,0.0,0.00%,0.0,0.0,0.00%,278680.0,278248.0
WSBC,430.0,0.0070%,34.24,0.12%,34.1838,772109.705568,37.54%,6106258.0,6105828.0
EQIX,428.0,0.0081%,1072.08,0.50%,1072.6966,428813.349574,-3.40%,5281400.76,5280972.76
BGC,428.0,0.0009%,11.39,0.89%,11.4037,5065536.647453,-12.74%,45333344.0,45332916.0
RLI,427.0,0.0052%,49.05,-1.15%,48.9434,637013.863106,-12.86%,8252040.0,8251613.0
SPIE,426.0,1.0657%,0.0,0.00%,0.0,0.0,0.00%,40400.0,39974.0
NEO,422.0,0.0026%,8.96,-1.21%,8.8925,1747900.017534,24.58%,16159675.0,16159253.0
6515,419.0,1.3832%,0.0,0.00%,0.0,0.0,0.00%,30711.0,30292.0
REL,417.0,0.0914%,0.0,0.00%,0.0,0.0,0.00%,456635.0,456218.0
CON,413.0,0.0028%,24.16,2.37%,24.4502,3129745.474537,49.77%,14715846.0,14715433.0
KMT,410.0,0.0042%,36.1,-13.45%,37.7547,3190240.179282,27.93%,9781828.0,9781418.0
HSY,410.0,0.0044%,185.94,-0.60%,186.0015,1587775.741002,-13.40%,9317690.06,9317280.06
ZBRA,408.0,0.0107%,226.03,-1.13%,225.301,778997.502533,1.03%,3809438.62,3809030.62
NOVN,404.0,0.0681%,0.0,0.00%,0.0,0.0,0.00%,593554.0,593150.0
KLIC,403.0,0.0057%,102.66,4.60%,102.1921,1477022.692057,-45.53%,7082626.0,7082223.0
SNOW,402.0,0.0100%,152.45,-0.83%,149.3867,7280670.78523,-46.89%,4012228.0,4011826.0
LINE,400.0,0.0323%,39.96,-0.03%,39.9541,1273339.985417,-7.16%,1238988.0,1238588.0
2498,400.0,0.0630%,0.0,0.00%,0.0,0.0,0.00%,634865.0,634465.0
6328,400.0,2.4546%,0.0,0.00%,0.0,0.0,0.00%,16696.0,16296.0
3750,400.0,0.3058%,0.0,0.00%,0.0,0.0,0.00%,131216.0,130816.0
CENX,397.0,0.0039%,58.91,-2.76%,59.1473,2515036.860446,76.42%,10124793.0,10124396.0
QUBT,396.0,0.0043%,9.6,-0.31%,9.5581,12800958.127058,-4.74%,9287425.0,9287029.0
IART,388.0,0.0044%,13.92,2.65%,13.7492,1295052.158075,-26.81%,8750396.0,8750008.0
CRUS,385.0,0.0082%,171.67,-0.01%,170.7716,790485.226712,-32.97%,4700356.0,4699971.0
BYD,382.0,0.0081%,85.64,0.47%,85.4844,1067728.762909,24.32%,4722574.0,4722192.0
ALGN,378.0,0.0088%,168.78,0.23%,166.7254,835856.869243,10.96%,4289434.39,4289056.39
MSEX,376.0,0.0161%,51.56,0.29%,51.7767,62413.380518,-54.81%,2338411.0,2338035.0
BLBD,376.0,0.0295%,71.02,0.25%,71.6677,526170.82458,-69.19%,1276277.0,1275901.0
ITT,375.0,0.0061%,206.15,-0.79%,207.1042,651691.780198,-37.69%,6109440.0,6109065.0
TNDM,372.0,0.0043%,15.48,-16.19%,16.1635,7532578.1865,186.53%,8674195.0,8673823.0
CERT,370.0,0.0031%,6.31,0.00%,6.3178,4854395.677132,142.67%,12102837.0,12102467.0
AI,366.0,0.0046%,9.87,3.03%,9.6408,4339053.868803,21.44%,8029700.0,8029334.0
ACAD,364.0,0.0017%,22.4,-0.71%,22.5348,2084365.8881,-43.21%,20866087.0,20865723.0
IOT,364.0,0.0041%,29.74,-1.23%,29.5471,4048847.271179,-26.82%,8890701.0,8890337.0
LAND,362.0,0.0120%,9.73,-0.21%,9.7358,437036.112537,17.68%,3009310.0,3008948.0
6104 JP,360.0,0.1946%,0.0,0.00%,0.0,0.0,0.00%,185392.0,185032.0
LYFT,354.0,0.0008%,14.35,1.34%,14.2186,28551852.972526,24.52%,41788964.0,41788610.0
TGTX,354.0,0.0017%,42.86,-0.38%,43.34,3729567.295607,-12.20%,20544892.0,20544538.0
MANH,352.0,0.0062%,143.02,-0.45%,141.7836,496381.682066,-23.55%,5643284.0,5642932.0
AVA,349.0,0.0028%,40.82,-0.39%,40.8144,559234.458506,-5.04%,12613548.0,12613199.0
SANM,345.0,0.0048%,248.35,4.75%,249.5448,1138794.728731,-4.64%,7218516.0,7218171.0
VER,345.0,0.7639%,0.0,0.00%,0.0,0.0,0.00%,45508.0,45163.0
HWC,344.0,0.0036%,68.76,0.95%,68.688,1140526.605507,3.71%,9546669.0,9546325.0
UTHR,343.0,0.0082%,564.94,-0.74%,565.0091,628487.521779,-24.36%,4192188.0,4191845.0
NSP,335.0,0.0050%,32.59,-0.31%,32.3201,606807.861118,-38.83%,6711682.0,6711347.0
UNFI,334.0,0.0038%,52.32,4.45%,51.8685,528963.666755,-29.76%,8753683.0,8753349.0
DYN,332.0,0.0035%,17.61,0.40%,17.6057,1741667.964004,2.98%,9509733.0,9509401.0
LNN,332.0,0.0235%,109.37,-2.64%,110.6242,298126.886151,77.60%,1415490.0,1415158.0
AX,329.0,0.0041%,86.98,-0.79%,87.3175,284435.99023,-15.45%,7976557.0,7976228.0
DBD,328.0,0.0081%,78.01,-1.14%,78.4161,204401.967575,-22.67%,4073219.0,4072891.0
ATKR,327.0,0.0261%,74.29,0.43%,73.9394,350385.050242,3.71%,1251530.0,1251203.0
CTKB,327.0,0.0023%,4.61,-6.30%,4.4342,1361763.581162,74.34%,14503415.0,14503088.0
SIGI,326.0,0.0049%,84.78,0.11%,84.7154,400118.94519,-35.56%,6645973.0,6645647.0
HLI,326.0,0.0071%,152.87,-0.41%,152.8344,1049492.205002,-52.39%,4618101.0,4617775.0
IDCC,324.0,0.0125%,279.61,0.30%,278.8053,277039.107724,-40.36%,2600084.0,2599760.0
INGR,323.0,0.0062%,107.39,0.03%,107.4504,701002.002977,6.65%,5239636.0,5239313.0
LXP,323.0,0.0039%,52.4,1.24%,52.4066,242307.325379,-38.27%,8195905.0,8195582.0
SAP,321.0,0.0108%,173.7,-0.58%,172.5381,3705617.168355,-16.33%,2982755.0,2982434.0
WHD,320.0,0.0031%,54.14,-3.55%,54.9161,1053887.357455,12.63%,10349155.0,10348835.0
TXRH,320.0,0.0057%,177.38,12.32%,179.174,2907357.549218,30.51%,5599358.0,5599038.0
BBIO,315.0,0.0038%,67.39,-0.09%,67.1092,5401590.084059,87.84%,8289253.0,8288938.0
SMMT,314.0,0.0036%,18.08,5.42%,17.6527,3878917.234205,41.96%,8820686.0,8820372.0
APLS,313.0,0.0020%,41.03,0.05%,41.0272,7067495.136933,-15.79%,15343488.0,15343175.0
TILE,311.0,0.0038%,29.66,7.66%,29.582,1186008.749826,107.44%,8173294.0,8172983.0
CPRX,309.0,0.0018%,31.15,-0.05%,31.1615,4480767.638152,-67.09%,17235321.0,17235012.0
EIX,308.0,0.0007%,68.95,0.55%,69.081,1872014.826021,-40.98%,44531345.57,44531037.57
ESNT,307.0,0.0031%,63.13,2.52%,63.1792,655714.3496,-33.65%,9923427.0,9923120.0
SAN,306.0,0.0011%,12.28,0.82%,12.2589,5988826.315348,-9.60%,28829628.0,28829322.0
ATLC,306.0,0.0234%,84.81,8.26%,80.1531,169578.009038,34.66%,1310766.0,1310460.0
REYN,304.0,0.0050%,21.88,-0.18%,21.8769,1117111.380867,-32.79%,6039701.0,6039397.0
PAYO,304.0,0.0009%,5.16,1.98%,5.1365,8387927.070738,2.57%,35112001.0,35111697.0
AORT,303.0,0.0053%,25.41,-28.26%,24.8783,5137004.707772,469.36%,5704709.0,5704406.0
6702 JP,303.0,0.0192%,0.0,0.00%,0.0,0.0,0.00%,1578004.0,1577701.0
BC,302.0,0.0055%,81.71,1.16%,81.8295,504577.155739,-16.53%,5441903.0,5441601.0
VICR,302.0,0.0140%,256.47,-1.86%,256.5186,683599.283253,1.41%,2157607.0,2157305.0
EMBC,302.0,0.0040%,3.64,1.11%,3.6261,6510293.186583,12.75%,7552919.0,7552617.0
9551,300.0,0.9131%,0.0,0.00%,0.0,0.0,0.00%,33154.0,32854.0
6005,300.0,0.0216%,0.0,0.00%,0.0,0.0,0.00%,1388717.0,1388417.0
LPX,300.0,0.0059%,75.15,-0.45%,75.2421,1487367.226837,-38.07%,5077738.0,5077438.0
TTE,299.0,0.0101%,88.48,-0.28%,88.8714,840397.598193,-15.00%,2955134.0,2954835.0
ATMU,298.0,0.0030%,55.59,1.37%,55.4967,1153650.37961,-7.27%,9820308.0,9820010.0
WSM,298.0,0.0032%,182.1,-0.72%,182.4634,901046.780606,9.93%,9336442.42,9336144.42
AMP IM,294.0,0.0190%,0.0,0.00%,0.0,0.0,0.00%,1550582.0,1550288.0
CSL,294.0,0.0072%,360.39,-0.02%,360.6396,378464.510627,-25.62%,4063444.0,4063150.0
PSMT,293.0,0.0087%,158.26,1.10%,157.4243,172591.576883,-45.36%,3365579.0,3365286.0
PGNY,292.0,0.0029%,23.72,23.80%,22.8791,4411517.177146,141.05%,10008526.0,10008234.0
NVMI,288.0,0.0460%,521.16,3.29%,518.8803,391736.135746,18.66%,626478.0,626190.0
277810 KS,288.0,0.2002%,0.0,0.00%,0.0,0.0,0.00%,144165.0,143877.0
AMH,288.0,0.0010%,32.03,-1.20%,32.1225,3416913.29145,-46.90%,27717947.0,27717659.0
HCC,287.0,0.0025%,85.87,-2.24%,86.3318,686891.381164,-1.47%,11272092.0,11271805.0
CUBI,284.0,0.0057%,77.26,-0.83%,77.2778,305173.121966,-3.44%,4993603.0,4993319.0
RDNT,283.0,0.0033%,58.19,1.20%,58.7264,1460456.356466,62.23%,8473297.0,8473014.0
CHRW,281.0,0.0032%,171.39,0.01%,171.0415,1060803.927088,-39.75%,8769389.370000001,8769108.370000001
KMX,280.0,0.0019%,40.34,1.08%,40.1527,2315019.371597,-6.04%,14777983.0,14777703.0
RRR,278.0,0.0044%,54.48,1.38%,54.2606,727007.737697,-21.35%,6267918.0,6267640.0
ABCB,278.0,0.0030%,86.52,0.22%,86.5299,285618.459913,6.93%,9132485.0,9132207.0
COLL,278.0,0.0058%,37.8,-3.89%,38.1572,697981.034876,-23.62%,4783343.0,4783065.0
KRYS,277.0,0.0072%,305.71,3.04%,301.5152,470598.829179,-21.93%,3853197.0,3852920.0
BTU,277.0,0.0012%,23.59,-1.99%,23.8218,2363028.55968,-31.84%,22804278.0,22804001.0
GRC,275.0,0.0339%,77.28,0.99%,77.3318,83475.716059,-31.60%,810561.0,810286.0
CORT,274.0,0.0026%,52.28,2.41%,51.9362,872697.743018,-21.89%,10730010.0,10729736.0
000660 KS,273.0,0.0489%,0.0,0.00%,0.0,0.0,0.00%,558758.0,558485.0
ADC,271.0,0.0027%,76.22,-0.14%,76.3387,771629.449499,-26.64%,9913861.0,9913590.0
SMTC,270.0,0.0021%,121.81,0.26%,121.2792,1443241.28093,-55.33%,12595487.0,12595217.0
LW,269.0,0.0019%,42.01,-2.37%,42.0777,983992.42153,-20.45%,14202363.0,14202094.0
DXC,268.0,0.0013%,9.43,-21.48%,9.0023,16632610.274331,168.46%,20555005.0,20554737.0
GOGO,268.0,0.0027%,4.4,-5.78%,4.3321,1877422.066036,-33.45%,9948641.0,9948373.0
CFR,267.0,0.0042%,138.85,0.21%,138.8496,428498.110426,-8.12%,6385406.0,6385139.0
010120,267.0,0.4381%,0.0,0.00%,0.0,0.0,0.00%,61206.0,60939.0
FOX,266.0,0.0017%,56.6,0.18%,56.3792,939712.489122,-29.09%,15669552.5,15669286.5
MOH,260.0,0.0045%,185.94,-3.08%,184.4369,1540603.415635,108.52%,5773368.0,5773108.0
WCH,258.0,1.0853%,0.0,0.00%,0.0,0.0,0.00%,24030.0,23772.0
FULT,257.0,0.0009%,21.5,0.23%,21.4817,1348475.98405,-2.12%,27869992.0,27869735.0
ABBN,255.0,0.0383%,0.0,0.00%,0.0,0.0,0.00%,665943.0,665688.0
5803 JP,252.0,0.0186%,0.0,0.00%,0.0,0.0,0.00%,1351860.0,1351608.0
CRBG,251.0,0.0012%,27.31,-0.51%,27.4662,6789811.308899,-41.51%,21266163.0,21265912.0
UNM,251.0,0.0016%,80.88,0.70%,81.1189,1161275.865213,-13.05%,15232179.0,15231928.0
9880,250.0,0.3001%,0.0,0.00%,0.0,0.0,0.00%,83561.0,83311.0
SNEX,250.0,0.0027%,121.92,0.84%,121.8235,741024.045098,-57.62%,9410468.0,9410218.0
SMPL,249.0,0.0024%,12.26,-1.45%,12.3574,1918136.2179,-7.64%,10579723.0,10579474.0
KSP,249.0,0.3770%,0.0,0.00%,0.0,0.0,0.00%,66299.0,66050.0
ADM,246.0,0.0006%,77.66,0.17%,77.6916,2917063.439082,-40.22%,40001458.53,40001212.53
PAHC,245.0,0.0082%,40.0,-7.32%,40.3121,976148.680081,-37.95%,3003411.0,3003166.0
FBNC,243.0,0.0042%,58.86,-0.54%,58.9604,137232.50353,-33.98%,5796232.0,5795989.0
6479,240.0,0.2060%,0.0,0.00%,0.0,0.0,0.00%,116727.0,116487.0
YORW,240.0,0.0402%,29.62,1.51%,29.507,169813.551636,48.43%,597433.0,597193.0
6506,240.0,0.3392%,0.0,0.00%,0.0,0.0,0.00%,71002.0,70762.0
WAFD,239.0,0.0020%,35.55,-0.34%,35.6021,461152.24411,-15.35%,12173137.0,12172898.0
6669,239.0,0.7681%,0.0,0.00%,0.0,0.0,0.00%,31354.0,31115.0
GNRC,235.0,0.0061%,269.41,1.00%,268.3258,634426.024414,-40.35%,3865189.75,3864954.75
CPAY,231.0,0.0054%,343.99,12.51%,338.5409,942642.612044,28.87%,4312797.75,4312566.75
SXT,231.0,0.0043%,118.2,0.30%,118.4823,358449.650631,0.36%,5409080.0,5408849.0
INSW,226.0,0.0041%,91.62,1.60%,91.4877,717379.257815,-41.43%,5453759.0,5453533.0
YETI,225.0,0.0038%,41.53,-0.36%,41.6273,1230772.991936,-0.59%,5973245.0,5973020.0
VRDN,223.0,0.0037%,16.61,-2.29%,16.6238,4372621.5871,-59.29%,6001324.0,6001101.0
3443,222.0,0.9602%,0.0,0.00%,0.0,0.0,0.00%,23342.0,23120.0
GENI,222.0,0.0030%,4.4,-7.95%,4.5031,6056232.45176,-64.74%,7289383.0,7289161.0
EWTX,220.0,0.0064%,35.32,-0.73%,35.2119,1015651.936686,-13.12%,3416039.0,3415819.0
CNO,220.0,0.0022%,46.02,0.26%,46.0075,870597.001964,-20.93%,10099378.0,10099158.0
TSEM,219.0,0.0473%,211.02,0.49%,210.0196,1597931.294407,-42.50%,463637.0,463418.0
285A,216.0,0.0954%,0.0,0.00%,0.0,0.0,0.00%,226730.0,226514.0
108490 KS,216.0,0.1986%,0.0,0.00%,0.0,0.0,0.00%,108962.0,108746.0
AWI,216.0,0.0046%,161.76,-2.01%,162.5057,324388.425942,-8.83%,4701064.0,4700848.0
455900 KS,216.0,0.1914%,0.0,0.00%,0.0,0.0,0.00%,113081.0,112865.0
LGND,216.0,0.0080%,221.41,5.27%,218.4082,249977.491654,-61.19%,2708819.0,2708603.0
NMFC,216.0,0.0082%,8.28,-1.90%,8.2826,622349.76419,16.46%,2626385.0,2626169.0
EVR,215.0,0.0069%,341.19,2.99%,340.1544,602042.400903,19.68%,3119919.0,3119704.0
CVI,212.0,0.0041%,33.55,2.98%,33.3887,753619.864494,-18.81%,5175070.0,5174858.0
TIETO FH,210.0,0.0192%,0.0,0.00%,0.0,0.0,0.00%,1094181.0,1093971.0
6861,210.0,0.3352%,0.0,0.00%,0.0,0.0,0.00%,62861.0,62651.0
VSEC,210.0,0.0040%,193.05,-3.21%,194.5111,373518.136102,-21.91%,5251606.0,5251396.0
EXPO,209.0,0.0041%,61.42,-3.18%,61.3754,394145.949123,28.61%,5055875.0,5055666.0
SBAC,208.0,0.0029%,218.17,-0.21%,218.0223,459781.597276,-16.94%,7224706.62,7224498.62
NWPX,204.0,0.0453%,112.52,2.78%,110.9808,137528.060822,-6.41%,450757.0,450553.0
EZPW,203.0,0.0032%,33.54,2.01%,33.5279,691494.513851,-61.95%,6271183.0,6270980.0
ALGT,202.0,0.0109%,83.03,1.03%,83.161,459916.539242,-38.83%,1848547.0,1848345.0
6701 JP,201.0,0.0193%,0.0,0.00%,0.0,0.0,0.00%,1039677.0,1039476.0
MCW,200.0,0.0017%,7.04,0.00%,7.0385,4197467.448136,194.84%,12119913.0,12119713.0
BAM,198.0,0.0070%,49.76,1.99%,49.1169,6155480.30755,38.55%,2819868.0,2819670.0
DXPE,197.0,0.0120%,156.18,4.11%,153.9796,202214.400132,-44.33%,1639081.0,1638884.0
THG,195.0,0.0051%,189.14,1.52%,188.4002,279339.790959,0.06%,3837719.0,3837524.0
NGVT,195.0,0.0042%,75.63,2.11%,75.1528,353001.062933,-19.16%,4644770.0,4644575.0
CSGS,194.0,0.0054%,80.38,-0.01%,80.3702,347660.216428,-16.92%,3612999.0,3612805.0
INVA,194.0,0.0019%,22.89,0.39%,22.9079,540361.32306,-52.21%,10051003.0,10050809.0
JOE,193.0,0.0038%,65.79,1.14%,66.1023,266998.26107,-3.92%,5077299.0,5077106.0
IFX GR,192.0,0.0174%,0.0,0.00%,0.0,0.0,0.00%,1106745.0,1106553.0
CXM,188.0,0.0012%,5.33,-2.20%,5.3012,3414532.357509,-25.97%,16297992.0,16297804.0
NKT,186.0,1.1894%,0.0,0.00%,0.0,0.0,0.00%,15824.0,15638.0
NWN,186.0,0.0032%,50.44,0.50%,50.5805,315441.494583,-25.48%,5855287.0,5855101.0
EPAM,185.0,0.0042%,99.23,-4.81%,99.863,2436317.301715,-31.87%,4424076.24,4423891.24
AVNS,183.0,0.0032%,24.8,0.12%,24.7977,965890.8134,-44.82%,5708083.0,5707900.0
XNCR,183.0,0.0016%,12.86,4.47%,12.7756,899514.259748,-5.08%,11100882.0,11100699.0
3653,183.0,1.7702%,0.0,0.00%,0.0,0.0,0.00%,10521.0,10338.0
TDC,182.0,0.0014%,31.59,6.61%,31.1665,2516425.091532,-46.38%,12613846.0,12613664.0
BKD,180.0,0.0019%,12.98,-4.28%,13.1562,5118215.219425,-48.01%,9319620.0,9319440.0
388720 KS,180.0,0.2049%,0.0,0.00%,0.0,0.0,0.00%,88039.0,87859.0
TECN SW,180.0,0.1881%,0.0,0.00%,0.0,0.0,0.00%,95876.0,95696.0
298040,180.0,257.1429%,0.0,0.00%,0.0,0.0,0.00%,250.0,70.0
GOLF,180.0,0.0049%,91.55,2.26%,92.2075,520034.805287,2.02%,3689298.0,3689118.0
WOR,179.0,0.0042%,54.44,-2.21%,54.7452,183083.937428,30.39%,4219615.0,4219436.0
PATK,178.0,0.0042%,95.17,-0.20%,95.2068,395520.969148,-4.38%,4231757.0,4231579.0
OTP,178.0,0.5909%,0.0,0.00%,0.0,0.0,0.00%,30299.0,30121.0
MSM,177.0,0.0040%,104.28,-0.03%,104.2786,604735.564014,-5.21%,4438900.0,4438723.0
AZZ,177.0,0.0046%,147.6,2.44%,147.4936,210482.72057,96.89%,3889447.0,3889270.0
SIG,175.0,0.0031%,87.3,-0.78%,87.223,486474.179103,-23.98%,5578417.0,5578242.0
RHLD,172.0,0.0845%,110.94,2.80%,107.268,341641.192056,22.69%,203829.0,203657.0
CLH,172.0,0.0049%,291.15,3.11%,287.7089,1197967.062701,-15.02%,3511409.0,3511237.0
247540,171.0,1.3104%,0.0,0.00%,0.0,0.0,0.00%,13220.0,13049.0
MMSI,170.0,0.0023%,61.27,-1.70%,61.6626,469963.449217,-39.12%,7257615.0,7257445.0
DJT,168.0,0.0050%,8.93,-1.00%,8.873,4960996.908416,57.29%,3372065.0,3371897.0
ACI,168.0,0.0005%,16.02,-0.99%,16.0663,3957380.615316,-12.28%,36123179.0,36123011.0
CAMT,168.0,0.0646%,205.54,6.45%,203.1433,321255.72576,40.82%,260058.0,259890.0
6526,168.0,0.2576%,0.0,0.00%,0.0,0.0,0.00%,65375.0,65207.0
AAMI,167.0,0.0044%,68.63,3.16%,68.047,259279.855177,5.79%,3754742.0,3754575.0
IONS,166.0,0.0028%,75.71,-0.41%,75.8709,1656234.002953,-12.17%,6009296.0,6009130.0
R,162.0,0.0048%,239.14,-1.11%,239.8347,225428.504633,-43.05%,3366982.0,3366820.0
ELI,162.0,0.3440%,0.0,0.00%,0.0,0.0,0.00%,47252.0,47090.0
PRI,161.0,0.0062%,274.55,0.47%,273.9313,149406.956381,-51.39%,2582785.0,2582624.0
CNK,160.0,0.0012%,27.06,-1.49%,27.07,1514480.036734,10.68%,13016679.0,13016519.0
LZ,160.0,0.0011%,6.13,0.99%,6.0794,3512706.935114,-38.43%,14846286.0,14846126.0
QDEL,159.0,0.0018%,10.8,0.28%,10.8434,2148331.570811,-23.06%,8763951.0,8763792.0
DORM,158.0,0.0046%,124.13,-0.31%,124.6701,182545.016637,-41.63%,3400742.0,3400584.0
SUPN,157.0,0.0021%,51.53,-1.43%,51.3682,854620.82334,-19.02%,7428846.0,7428689.0
P,156.0,0.0006%,78.16,2.77%,76.8574,3431642.174447,7.99%,24071655.0,24071499.0
DRH,156.0,0.0006%,10.79,1.22%,10.7811,1207551.255967,-49.79%,26238384.0,26238228.0
HOMB,156.0,0.0008%,26.76,-0.30%,26.7506,1261143.29643,-0.51%,20233301.0,20233145.0
ENOV,155.0,0.0021%,26.52,-2.68%,26.6147,1537851.280847,-20.77%,7411040.0,7410885.0
AGX,154.0,0.0087%,680.26,-1.41%,692.2585,251478.317045,-24.54%,1774382.0,1774228.0
ANIP,152.0,0.0059%,81.86,-2.44%,83.946,1307703.288124,226.53%,2584361.0,2584209.0
WWW,152.0,0.0015%,16.7,-1.82%,16.7161,785329.511851,-16.81%,10256651.0,10256499.0
NEX,150.0,0.9965%,0.0,0.00%,0.0,0.0,0.00%,15203.0,15053.0
LOPE,150.0,0.0066%,166.09,0.98%,165.6278,286881.378526,20.83%,2282700.0,2282550.0
SNDR,150.0,0.0027%,30.75,0.33%,30.8093,679298.884705,-32.72%,5526060.0,5525910.0
PLXS,150.0,0.0043%,266.55,2.24%,265.7041,222441.543384,-40.34%,3482508.0,3482358.0
LTH,148.0,0.0008%,31.93,-0.81%,31.5202,8677675.452286,58.27%,18359913.0,18359765.0
HMN,148.0,0.0016%,44.51,-1.42%,44.5131,171051.55577,-26.73%,9032791.0,9032643.0
CBT,146.0,0.0027%,85.68,5.41%,85.0149,568653.046374,10.09%,5383179.0,5383033.0
EXA FP,144.0,0.0727%,0.0,0.00%,0.0,0.0,0.00%,198221.0,198077.0
NABL,144.0,0.0013%,4.69,-8.93%,4.8455,1711392.191938,35.40%,11025184.0,11025040.0
090360 KS,144.0,0.1980%,0.0,0.00%,0.0,0.0,0.00%,72866.0,72722.0
MGNI,144.0,0.0028%,14.13,0.93%,14.0957,4312973.797578,-30.14%,5161969.0,5161825.0
SFD,144.0,0.0193%,25.95,-0.50%,25.9745,1167931.691088,-5.10%,747979.0,747835.0
COLB,143.0,0.0006%,30.04,1.62%,29.9274,3398957.910281,45.79%,22700437.0,22700294.0
NEU,143.0,0.0239%,684.91,0.85%,685.8801,79161.28242,31.18%,599083.0,598940.0
PCRX,142.0,0.0026%,23.15,-2.07%,23.3581,513960.399047,-9.49%,5513700.0,5513558.0
006260,141.0,1.0611%,0.0,0.00%,0.0,0.0,0.00%,13429.0,13288.0
LR,141.0,0.3176%,0.0,0.00%,0.0,0.0,0.00%,44543.0,44402.0
IPGP,141.0,0.0072%,104.49,2.92%,104.402,441260.735358,-50.76%,1963477.0,1963336.0
STAA,139.0,0.0014%,26.69,-2.16%,26.7555,445980.874478,-47.65%,10215670.0,10215531.0
RPRX,138.0,0.0017%,50.79,1.18%,50.777,3764598.859148,-32.80%,8355948.0,8355810.0
AMPH,137.0,0.0027%,19.0,-20.93%,19.0042,1983804.384751,431.11%,5140027.0,5139890.0
PBH,137.0,0.0022%,52.54,-3.76%,52.801,741609.275545,5.91%,6257581.0,6257444.0
EXPN LN,135.0,0.0193%,0.0,0.00%,0.0,0.0,0.00%,697901.0,697766.0
NOVT,135.0,0.0032%,138.31,1.49%,138.0832,466483.039538,15.61%,4190743.0,4190608.0
LITE,135.0,0.0031%,903.8,1.26%,898.4715,6727632.438709,-7.44%,4338660.58,4338525.58
HRMY,135.0,0.0024%,30.99,-1.37%,31.406,750798.388118,-66.33%,5697266.0,5697131.0
WS,134.0,0.0024%,40.43,0.00%,40.4051,213246.858477,-23.79%,5552297.0,5552163.0
ELVN,134.0,0.0061%,40.75,1.14%,41.0317,606598.60047,31.58%,2188189.0,2188055.0
AZTA,134.0,0.0026%,19.22,3.50%,19.0571,1022031.920701,-54.74%,5246863.0,5246729.0
VCEL,133.0,0.0017%,33.46,-4.75%,33.2335,1541571.604181,29.26%,7825920.0,7825787.0
RGEN,130.0,0.0032%,123.46,-2.35%,123.2559,995234.77882,6.34%,4079055.0,4078925.0
VYX,129.0,0.0007%,8.35,3.21%,8.3507,3375365.11333,-39.74%,19155189.0,19155060.0
2059,129.0,1.2171%,0.0,0.00%,0.0,0.0,0.00%,10728.0,10599.0
FCN,129.0,0.0055%,163.9,1.27%,163.9428,505460.4211,-8.24%,2349661.0,2349532.0
CRK,128.0,0.0010%,14.1,-4.73%,14.3551,3902128.845808,-4.04%,12269918.0,12269790.0
BABA,128.0,0.0067%,140.06,-0.67%,140.9054,10062038.596825,-5.95%,1909962.0,1909834.0
TR,128.0,0.0049%,42.5,-0.56%,42.7915,96355.464417,-9.93%,2627635.0,2627507.0
RDDT,128.0,0.0046%,155.8,-4.97%,157.4149,5778954.659297,6.14%,2807214.0,2807086.0
AFRM,126.0,0.0026%,64.01,-4.97%,66.3382,9412907.129365,26.40%,4818776.0,4818650.0
QNST,124.0,0.0017%,13.21,-1.12%,12.7466,1585074.578822,86.71%,7107540.0,7107416.0
MAN,124.0,0.0022%,29.84,-2.00%,29.7673,504557.319835,-37.80%,5520811.0,5520687.0
TYRA,123.0,0.0061%,34.32,4.32%,33.9745,896093.323543,58.37%,2027608.0,2027485.0
CNMD,122.0,0.0030%,36.76,-3.52%,37.1946,387166.463137,-15.43%,4122737.0,4122615.0
MORN,122.0,0.0061%,176.7,-0.68%,176.2703,522937.742009,-19.23%,2003875.0,2003753.0
CHEF,122.0,0.0027%,81.71,1.71%,81.5643,356824.50971,3.25%,4506826.0,4506704.0
ANNX,121.0,0.0011%,5.69,3.08%,5.7499,2011729.704179,-14.67%,10773181.0,10773060.0
GAP,120.0,0.0007%,23.37,-2.22%,23.585,6911089.46865,31.92%,16405651.0,16405531.0
INVX,119.0,0.0018%,26.6,-0.11%,26.7466,272650.298844,-29.93%,6640531.0,6640412.0
IBP,119.0,0.0035%,219.99,1.42%,218.9149,594891.913738,-66.79%,3388345.0,3388226.0
MTRN,118.0,0.0036%,199.37,4.35%,198.8408,189347.849425,-36.38%,3249919.0,3249801.0
SIE GR,117.0,0.0191%,0.0,0.00%,0.0,0.0,0.00%,611812.0,611695.0
EXTR,112.0,0.0006%,24.04,2.21%,23.9448,2397562.073283,-3.52%,17429240.0,17429128.0
ITGR,112.0,0.0025%,88.12,0.23%,88.2896,384675.24809,-20.86%,4462682.0,4462570.0
AMBA,111.0,0.0037%,76.3,2.73%,75.6023,1059426.259439,-31.53%,3026070.0,3025959.0
ANA,111.0,0.9352%,0.0,0.00%,0.0,0.0,0.00%,11980.0,11869.0
NTNX,110.0,0.0005%,46.0,0.15%,45.3977,3323611.901621,-17.92%,20967702.0,20967592.0
AAON,110.0,0.0022%,139.66,8.05%,137.7089,1937199.454926,-74.83%,5063403.0,5063293.0
VRT,109.0,0.0005%,339.97,-0.01%,343.2051,4080985.940914,-25.23%,22223245.01,22223136.01
GKOS,109.0,0.0015%,133.52,-0.47%,132.9723,454477.911745,-17.24%,7193114.0,7193005.0
BJ,109.0,0.0012%,92.97,-1.44%,93.2622,2211551.196944,17.96%,9099416.0,9099307.0
SPOT,108.0,0.0105%,417.83,-2.25%,420.241,1803974.979109,-26.80%,1033202.0,1033094.0
BRZE,108.0,0.0027%,21.72,-3.89%,21.5403,3357690.56816,-21.55%,3928688.0,3928580.0
CCOI,108.0,0.0018%,16.65,2.02%,16.8007,1184473.626492,-13.58%,5961899.0,5961791.0
GEF,108.0,0.0043%,68.07,0.10%,68.2356,141740.47355,-16.23%,2498437.0,2498329.0
ORCL,107.0,0.0001%,195.95,0.70%,195.1882,21158338.230562,-33.47%,100288960.59,100288853.59
MSGS,106.0,0.0057%,330.13,-0.72%,327.9829,324911.497242,5.66%,1868617.0,1868511.0
SXI,106.0,0.0068%,261.42,-2.65%,261.568,178033.572785,22.45%,1568121.0,1568015.0
CAPR,106.0,0.0035%,30.38,-10.49%,29.881,3708649.667301,354.46%,3025432.0,3025326.0
OII,104.0,0.0007%,36.54,-0.11%,36.7435,1058862.261752,-8.49%,15964537.0,15964433.0
3661,104.0,0.5358%,0.0,0.00%,0.0,0.0,0.00%,19516.0,19412.0
LCII,104.0,0.0033%,118.82,2.05%,117.9618,205393.226651,-40.79%,3150412.0,3150308.0
KEYS,104.0,0.0011%,360.3,1.48%,360.369,1113012.807892,-6.52%,9645861.06,9645757.06
U,103.0,0.0013%,28.16,5.35%,27.7486,17315070.110462,-47.21%,7788728.0,7788625.0
NHC,102.0,0.0057%,188.82,10.15%,185.9713,150312.477996,134.05%,1792902.0,1792800.0
PCVX,101.0,0.0014%,53.01,2.97%,52.5943,1917190.422668,-64.14%,7086736.0,7086635.0
BLFS,101.0,0.0020%,22.04,-4.67%,21.7263,722105.206266,36.16%,4966583.0,4966482.0
PENG,100.0,0.0013%,44.23,13.47%,43.2744,4392971.907707,31.12%,7822127.0,7822027.0
6370,100.0,0.0791%,0.0,0.00%,0.0,0.0,0.00%,126531.0,126431.0
6361,100.0,0.0119%,0.0,0.00%,0.0,0.0,0.00%,842121.0,842021.0
CRVL,99.0,0.0026%,58.52,0.79%,58.226,153540.22295,-8.14%,3804916.0,3804817.0
SNY,98.0,0.0062%,43.31,0.30%,43.0366,2515814.551705,41.72%,1587365.0,1587267.0
CYTK,96.0,0.0007%,76.91,3.53%,77.1513,5791776.120828,-31.06%,13330903.0,13330807.0
NJR,95.0,0.0007%,55.55,0.04%,55.7393,597126.936783,0.28%,13204594.0,13204499.0
FWONK,95.0,0.0021%,94.45,1.04%,94.5471,2735690.9677,6.62%,4579278.0,4579183.0
CWCO,94.0,0.0133%,32.92,-0.78%,33.0572,70455.350871,0.11%,705326.0,705232.0
006400,93.0,0.5898%,0.0,0.00%,0.0,0.0,0.00%,15861.0,15768.0
TRVI,93.0,0.0017%,14.5,3.20%,14.7161,1990825.093604,-6.04%,5356978.0,5356885.0
ACS,91.0,0.0415%,0.0,0.00%,0.0,0.0,0.00%,219353.0,219262.0
TFX,91.0,0.0020%,133.06,1.05%,133.2838,947218.159452,-29.82%,4628147.0,4628056.0
HNI,91.0,0.0010%,33.61,-3.14%,34.0915,1303129.505605,-3.35%,8711743.0,8711652.0
VSCO,90.0,0.0009%,48.04,1.03%,48.5106,1946626.136003,-29.78%,9567333.0,9567243.0
LBTYK,90.0,0.0024%,11.82,-0.92%,11.8569,780061.854497,-35.08%,3704171.0,3704081.0
SITM,89.0,0.0039%,833.08,4.49%,816.8269,640055.386096,-49.46%,2282077.0,2281988.0
NBIS,88.0,0.0472%,177.05,-4.18%,180.2335,12929585.823897,-32.67%,186424.0,186336.0
373220,87.0,0.4989%,0.0,0.00%,0.0,0.0,0.00%,17524.0,17437.0
GNTX,87.0,0.0006%,23.39,1.34%,23.3042,1415186.117456,-32.09%,15567891.0,15567804.0
HUT,87.0,0.0017%,98.46,-2.69%,99.6101,5297415.104327,-42.92%,5041902.0,5041815.0
NPO,86.0,0.0032%,309.22,2.81%,306.6929,268393.808586,43.32%,2676809.0,2676723.0
RYAAY,86.0,0.0818%,58.07,-2.11%,58.2371,1160495.05663,-42.82%,105164.0,105078.0
SAH,85.0,0.0037%,81.2,1.34%,80.9682,271288.313742,-13.37%,2275907.0,2275822.0
GDYN,84.0,0.0009%,6.975,-0.21%,6.8665,3022668.02627,-33.85%,8983394.0,8983310.0
VRRM,84.0,0.0004%,14.3,-2.26%,14.367,2104810.168384,-46.21%,19439434.0,19439350.0
CAKE,84.0,0.0015%,61.65,1.40%,61.7713,1743573.958931,74.23%,5630095.0,5630011.0
RVMD,84.0,0.0017%,141.81,-0.49%,142.1214,2514425.202349,-20.81%,4892368.0,4892284.0
FBP,84.0,0.0004%,24.05,0.25%,24.0433,1058299.39376,-6.98%,21640707.0,21640623.0
UPWK,84.0,0.0005%,8.82,-16.87%,8.4596,26575669.706744,227.78%,16082955.0,16082871.0
RNG,84.0,0.0009%,45.63,0.53%,43.5238,4778060.613362,22.44%,9020779.0,9020695.0
ICUI,83.0,0.0027%,126.43,2.73%,126.8146,500090.808559,42.07%,3024366.0,3024283.0
LQDA,82.0,0.0024%,42.3,0.05%,42.2235,1508016.358002,26.02%,3481818.0,3481736.0
WSFS,82.0,0.0011%,71.7,-0.50%,71.6686,495767.180472,71.46%,7400142.0,7400060.0
BLD,82.0,0.0032%,428.03,0.00%,425.2577,653942.030395,-13.65%,2562619.0,2562537.0
HLNE,82.0,0.0023%,89.0,0.04%,88.7907,766746.341881,-32.72%,3547045.0,3546963.0
FRPT,81.0,0.0016%,53.08,-4.99%,53.2012,1869781.734872,-34.62%,4957801.0,4957720.0
ALMS,81.0,0.0021%,23.66,-0.42%,23.6987,977298.520661,5.78%,3879235.0,3879154.0
AZN,81.0,0.0179%,182.85,0.18%,182.5901,1910488.286529,-30.52%,453015.0,452934.0
ENR,80.0,0.0009%,18.86,1.62%,18.8546,1088716.998527,-6.73%,9196950.0,9196870.0
MKTX,79.0,0.0021%,147.53,-3.36%,147.8524,573414.924711,-45.54%,3829031.0,3828952.0
JHG,78.0,0.0009%,51.69,0.02%,51.6786,769120.015924,-48.49%,9061925.0,9061847.0
ATS,78.0,0.1594%,35.38,2.14%,35.2313,172926.086569,31.22%,49023.0,48945.0
FIVN,78.0,0.0023%,22.1,-0.45%,21.6871,2942373.573585,-4.95%,3395706.0,3395628.0
EME,78.0,0.0024%,921.64,-0.26%,923.9996,258964.749509,-27.66%,3270383.06,3270305.06
SAF,77.0,0.0178%,0.0,0.00%,0.0,0.0,0.00%,433027.0,432950.0
HSTM,77.0,0.0024%,23.96,1.78%,23.7973,450983.354351,29.70%,3226059.0,3225982.0
QQQM,77.0,0.5475%,292.82,2.34%,291.3391,3708897.723278,-39.70%,14140.0,14063.0
TRUP,76.0,0.0018%,24.61,-3.83%,24.7743,289729.600077,-15.82%,4274184.0,4274108.0
PAYC,74.0,0.0015%,136.87,-1.13%,135.4364,1190522.636202,-45.62%,5059850.0,5059776.0
LSTR,74.0,0.0028%,183.39,0.79%,183.1645,321887.859733,-6.79%,2657747.0,2657673.0
MZTI,74.0,0.0033%,113.69,-2.80%,114.7478,350914.494271,-0.88%,2263801.0,2263727.0
URBN,73.0,0.0010%,71.5,1.50%,71.3592,874681.697216,-2.36%,7039197.0,7039124.0
WEN,73.0,0.0004%,7.3,5.04%,7.2407,22280941.412183,51.19%,17956455.0,17956382.0
PZZA,72.0,0.0018%,31.14,-5.21%,31.3573,1491297.447389,-22.75%,4055366.0,4055294.0
CHE,72.0,0.0064%,424.26,-0.37%,423.268,152412.859901,-30.46%,1128804.0,1128732.0
HLIT,72.0,0.0005%,12.81,4.32%,12.6733,2390291.482043,27.17%,14026077.0,14026005.0
KALU,71.0,0.0024%,180.33,2.37%,179.4359,134618.313215,-49.89%,3017585.0,3017514.0
PAG,71.0,0.0035%,173.81,1.28%,173.2707,269738.93883,-10.85%,2032100.0,2032029.0
GLOB,69.0,0.0073%,39.23,-4.25%,39.1001,1472356.173869,-2.23%,940377.0,940308.0
PRKS,68.0,0.0019%,39.22,5.83%,39.4901,2195033.958938,104.79%,3535988.0,3535920.0
ESTC,68.0,0.0026%,52.25,1.22%,51.6437,1270600.372938,-48.26%,2582661.0,2582593.0
JD,66.0,0.0039%,30.13,-0.26%,30.0976,8018498.518063,-7.79%,1688925.0,1688859.0
CWK,66.0,0.0003%,14.19,2.45%,14.1776,1006110.33894,-60.50%,21962782.0,21962716.0
ANDE,66.0,0.0014%,71.45,0.90%,71.5751,374672.111686,-52.06%,4761385.0,4761319.0
ENVA,65.0,0.0020%,174.9,1.39%,173.554,180618.664714,-41.67%,3191878.0,3191813.0
ADUS,64.0,0.0028%,99.57,2.34%,99.1024,253776.949663,-20.30%,2272177.0,2272113.0
KTB,64.0,0.0010%,73.65,-5.66%,74.8239,1224514.546939,-42.10%,6580254.0,6580190.0
CGON,64.0,0.0016%,69.62,0.64%,69.4796,1143041.715978,33.73%,3881126.0,3881062.0
NBIX,64.0,0.0007%,152.25,1.78%,152.4877,1414990.680484,-20.96%,9557512.0,9557448.0
COCO,64.0,0.0011%,71.6,4.98%,71.5015,1671722.007652,83.46%,5605265.0,5605201.0
EMR,63.0,0.0002%,141.31,0.16%,140.8786,2534485.494238,-35.64%,26668862.09,26668799.09
EXPD,62.0,0.0006%,156.69,3.18%,155.9703,1054238.450551,-3.72%,10233645.86,10233583.86
KNSL,61.0,0.0032%,304.87,-1.28%,305.9811,317506.121996,-47.03%,1926266.0,1926205.0
PRA,60.0,0.0010%,24.7,0.41%,24.7002,864957.62959,-3.21%,6313278.0,6313218.0
LOGI,60.0,0.0337%,109.39,5.99%,108.901,1911740.524222,37.91%,178084.0,178024.0
CPI,60.0,0.4445%,0.0,0.00%,0.0,0.0,0.00%,13557.0,13497.0
KW,60.0,0.0004%,11.02,0.18%,11.0179,461452.879592,-69.92%,14981448.0,14981388.0
6324,60.0,0.5350%,0.0,0.00%,0.0,0.0,0.00%,11276.0,11216.0
OSW,60.0,0.0005%,24.82,0.98%,24.8632,666186.9516,-2.65%,12228760.0,12228700.0
COLM,60.0,0.0030%,63.04,-0.44%,63.1401,479258.95457,-28.70%,2009847.0,2009787.0
HCI,59.0,0.0041%,152.24,-0.38%,152.4433,221916.85409,-15.85%,1446896.0,1446837.0
LEA,59.0,0.0016%,139.69,3.25%,138.0867,569005.458113,-12.29%,3728139.0,3728080.0
WLY,59.0,0.0010%,41.39,1.70%,41.1621,433095.772806,-1.37%,5762471.0,5762412.0
ASTE,59.0,0.0019%,53.34,0.64%,53.188,312182.801794,-2.43%,3087942.0,3087883.0
DLB,56.0,0.0012%,58.15,1.18%,57.9551,581408.090939,-8.00%,4754564.0,4754508.0
ACIW,56.0,0.0004%,45.51,-2.44%,45.7532,912462.143111,-31.08%,13592964.0,13592908.0
HTHT,56.0,0.0248%,47.08,-1.51%,47.3776,1890920.116596,-9.02%,225552.0,225496.0
VITL,56.0,0.0012%,8.94,-6.09%,9.1323,6525701.271939,-66.64%,4585799.0,4585743.0
KRC,56.0,0.0007%,34.9,0.95%,34.9583,1296645.075397,-56.53%,8608448.0,8608392.0
GPI,55.0,0.0035%,357.83,2.19%,355.5879,155461.761324,7.33%,1556602.0,1556547.0
NICE,54.0,0.2738%,92.73,-3.04%,92.1262,876990.259072,-23.48%,19780.0,19726.0
BPOP,54.0,0.0023%,149.01,0.12%,149.2824,353570.582016,-21.66%,2305102.0,2305048.0
WBS,54.0,0.0004%,72.91,0.30%,72.8103,1856570.797934,25.22%,13329184.0,13329130.0
BAP,54.0,0.0666%,330.5,2.71%,329.2555,452534.675641,58.62%,81127.0,81073.0
DNTH,53.0,0.0026%,86.71,1.45%,87.0099,517045.939177,-47.78%,2022840.0,2022787.0
STEP,52.0,0.0006%,55.74,2.88%,55.2931,786144.7839,-2.41%,9136626.0,9136574.0
RLAY,52.0,0.0005%,12.76,2.00%,12.6725,1830600.244438,-43.00%,9484097.0,9484045.0
ARLO,52.0,0.0004%,15.25,2.35%,15.6178,4022418.508073,141.56%,13981460.0,13981408.0
EAT,52.0,0.0010%,138.68,-5.21%,141.4511,1047343.24037,-20.11%,5390669.0,5390617.0
TEMN SW,51.0,0.0193%,0.0,0.00%,0.0,0.0,0.00%,264635.0,264584.0
KAI,51.0,0.0036%,338.82,-0.52%,339.9321,183235.907131,-41.27%,1435086.0,1435035.0
RYN,51.0,0.0003%,20.42,0.05%,20.4827,2963330.775037,-23.77%,18916064.0,18916013.0
FIZZ,48.0,0.0016%,35.14,-0.06%,35.1542,200504.134322,-29.01%,2990979.0,2990931.0
USPH,48.0,0.0025%,59.29,0.49%,60.2225,297114.586802,-37.71%,1886109.0,1886061.0
APAM,48.0,0.0005%,38.02,1.09%,37.9265,480379.859523,-9.31%,8982120.0,8982072.0
UCTT,48.0,0.0008%,87.1,9.01%,86.0964,1075000.344519,9.26%,5791480.0,5791432.0
WKL NA,48.0,0.0190%,0.0,0.00%,0.0,0.0,0.00%,252406.0,252358.0
KYMR,47.0,0.0013%,86.08,1.71%,85.9216,446110.402392,-30.02%,3696584.0,3696537.0
FWRD,47.0,0.0016%,9.87,-43.05%,10.3738,9890184.95921,367.91%,3004211.0,3004164.0
ENSG,47.0,0.0009%,171.45,-1.64%,172.1559,713024.046513,12.41%,5468065.0,5468018.0
JJSF,46.0,0.0022%,76.17,0.61%,76.2662,274278.964757,-31.25%,2069203.0,2069157.0
IPAR,46.0,0.0020%,94.48,0.61%,94.6816,192478.974726,-30.51%,2256085.0,2256039.0
FTAI,45.0,0.0010%,270.29,-0.83%,270.0576,968053.758845,-45.12%,4340661.0,4340616.0
FTDR,44.0,0.0005%,64.62,-4.86%,65.3137,598388.39052,-21.18%,8798810.0,8798766.0
EVTC,44.0,0.0006%,24.01,2.78%,23.4838,2051021.505909,-7.54%,7822562.0,7822518.0
CLB,44.0,0.0007%,13.13,-2.38%,13.3485,486816.541376,-10.30%,6655243.0,6655199.0
SKY,44.0,0.0005%,72.84,-0.60%,72.9804,541873.967623,4.39%,8408771.0,8408727.0
AXGN,43.0,0.0020%,42.06,-3.11%,42.1601,565038.946946,-35.83%,2120997.0,2120954.0
ERAS,43.0,0.0003%,10.12,-2.69%,10.2219,3134888.560198,-36.95%,14533005.0,14532962.0
WIX,43.0,0.0109%,80.12,-0.27%,78.0192,1565624.349258,7.78%,395957.0,395914.0
GFF,43.0,0.0008%,88.02,-2.93%,89.9279,379895.500551,-6.36%,5165688.0,5165645.0
HUBS,41.0,0.0027%,197.34,-19.03%,191.3567,6513646.390707,121.66%,1502015.0,1501974.0
NWE,41.0,0.0007%,72.39,-0.03%,72.4582,330662.617506,-31.05%,6099846.0,6099805.0
TRST,40.0,0.0015%,49.06,1.30%,48.9959,55750.495518,-41.23%,2653178.0,2653138.0
LRN,40.0,0.0008%,87.93,-4.07%,87.7066,1388810.826817,84.59%,5218015.0,5217975.0
RS,40.0,0.0009%,369.29,0.05%,369.7791,244964.32186,-30.82%,4608359.0,4608319.0
MMI,40.0,0.0013%,30.42,3.05%,30.3792,276226.225001,24.17%,2984072.0,2984032.0
PLUS,40.0,0.0009%,90.31,4.04%,89.3607,174649.347247,-41.73%,4433057.0,4433017.0
LPLA,38.0,0.0023%,303.52,-1.97%,306.4101,1133343.13418,31.46%,1674880.0,1674842.0
NKTR,37.0,0.0104%,81.89,-1.78%,81.9163,722769.329395,-5.48%,356347.0,356310.0
RAMP,36.0,0.0004%,30.38,0.70%,30.2308,516261.129563,23.90%,8246822.0,8246786.0
EGBN,36.0,0.0009%,26.38,0.65%,26.3626,174979.341263,3.07%,3987223.0,3987187.0
SAM,36.0,0.0041%,197.34,-2.79%,198.782,277123.48617,17.05%,868229.0,868193.0
ROCK,36.0,0.0009%,40.81,8.57%,40.3576,617337.377684,-26.86%,4050802.0,4050766.0
PIPR,36.0,0.0004%,81.03,0.71%,80.9365,680584.312,36.25%,8634271.0,8634235.0
PRGS,36.0,0.0006%,29.87,1.70%,29.5737,421443.851047,-38.07%,5741304.0,5741268.0
267260,36.0,0.5377%,0.0,0.00%,0.0,0.0,0.00%,6731.0,6695.0
SLAB,36.0,0.0011%,217.45,-0.09%,217.4519,231896.759679,-48.03%,3295417.0,3295381.0
RHP,36.0,0.0005%,110.55,0.12%,110.6434,468131.129336,-27.24%,7964883.0,7964847.0
ONON,36.0,0.0010%,35.24,-1.15%,35.1439,6087118.365803,-10.63%,3682612.0,3682576.0
WD,36.0,0.0008%,54.61,-0.40%,54.7714,360523.77048,-1.38%,4413374.0,4413338.0
UFCS,35.0,0.0011%,48.22,3.03%,48.2259,158462.697512,-14.11%,3085654.0,3085619.0
MDB,34.0,0.0028%,299.47,2.06%,294.9241,1813007.378494,-49.84%,1213834.0,1213800.0
TCOM,34.0,0.0137%,52.68,-1.29%,52.9383,2208201.834745,-1.74%,247907.0,247873.0
XND 260821P00282000,34.0,100.0000%,0.0,0.00%,0.0,0.0,0.00%,34.0,0.0
AXSM,34.0,0.0016%,217.38,-1.29%,218.5286,574232.838582,-37.53%,2063940.0,2063906.0
KN,32.0,0.0003%,35.28,4.35%,35.034,1162309.476602,24.44%,10801658.0,10801626.0
BKE,32.0,0.0008%,52.41,0.10%,52.4306,758078.37257,48.68%,3880927.0,3880895.0
UE,32.0,0.0002%,21.61,-1.91%,21.6949,913906.81274,28.52%,16222445.0,16222413.0
IOSP,32.0,0.0010%,80.55,5.10%,80.2359,680303.587486,244.33%,3063600.0,3063568.0
NPK,31.0,0.0030%,142.48,3.66%,139.7602,98502.857,134.87%,1022763.0,1022732.0
CENT,30.0,0.0028%,38.14,-1.01%,38.1198,47891.510063,-54.07%,1076532.0,1076502.0
RL,30.0,0.0011%,358.45,1.39%,357.0692,578563.194122,-31.31%,2725807.55,2725777.55
ROKU,29.0,0.0013%,129.53,2.26%,128.8967,2049862.699752,-0.52%,2159591.0,2159562.0
SWX,29.0,0.0004%,89.95,-0.89%,90.2606,389897.927766,-33.78%,7592430.0,7592401.0
VCTR,28.0,0.0005%,85.33,1.96%,84.9176,453128.295347,-40.76%,5956604.0,5956576.0
AKR,28.0,0.0002%,21.77,-0.77%,21.8033,640535.14905,1.60%,16983795.0,16983767.0
OGS,28.0,0.0004%,84.91,-0.50%,85.1706,583169.218659,-15.33%,6668702.0,6668674.0
CWST,28.0,0.0004%,85.44,-0.01%,85.372,478627.905487,-21.42%,7596927.0,7596899.0
CALX,28.0,0.0004%,43.24,-0.64%,43.4044,541109.961595,-24.15%,7606451.0,7606423.0
VECO,28.0,0.0004%,59.42,2.95%,58.3004,1573981.490033,-46.49%,7879288.0,7879260.0
FSS,28.0,0.0004%,118.33,-1.77%,119.251,302023.049226,-35.99%,7462032.0,7462004.0
FUL,28.0,0.0004%,61.25,0.96%,61.1303,473236.321737,1.27%,7242203.0,7242175.0
NBTB,27.0,0.0004%,45.59,1.15%,45.5112,295882.67704,-23.66%,6886559.0,6886532.0
BOX,26.0,0.0001%,25.72,0.12%,25.4838,2336890.845321,-37.44%,19039764.0,19039738.0
ARMK,25.0,0.0001%,45.08,0.04%,45.2668,1976088.547653,-27.83%,17821554.0,17821529.0
FBK,24.0,0.0004%,54.12,0.20%,54.1106,159309.179007,-10.22%,5900423.0,5900399.0
CM,24.0,0.0004%,110.01,-0.45%,110.0456,919203.848431,6.72%,5339257.0,5339233.0
EPAC,24.0,0.0004%,35.52,-0.06%,35.6609,277230.695171,-35.43%,6557942.0,6557918.0
EPRT,24.0,0.0001%,31.4,-0.22%,31.4622,1252871.600313,-25.42%,26346355.0,26346331.0
MLTX,24.0,0.0117%,17.06,-0.81%,17.0926,961898.332331,25.69%,205177.0,205153.0
BL,24.0,0.0004%,30.63,-1.73%,30.735,857084.410689,-4.64%,6627329.0,6627305.0
TNC,24.0,0.0011%,87.12,0.24%,86.8748,198668.174339,-21.18%,2275016.0,2274992.0
ASND,24.0,0.0065%,238.66,-3.04%,241.6636,674238.766596,-54.79%,371499.0,371475.0
SAFT,24.0,0.0013%,71.43,-1.98%,71.5301,86275.482298,-45.92%,1879800.0,1879776.0
CVSA,24.0,0.0006%,133.73,14.30%,130.4963,702998.052404,83.56%,4278426.0,4278402.0
PECO,24.0,0.0001%,39.72,-0.82%,39.8089,694552.085526,-71.78%,16244481.0,16244457.0
BRC,23.0,0.0005%,78.33,-1.51%,78.5863,150443.076953,-45.45%,4403251.0,4403228.0
CBU,23.0,0.0003%,63.96,0.14%,63.9073,111284.05362,-33.58%,7519409.0,7519386.0
UFPT,22.0,0.0024%,230.55,4.16%,225.8913,216968.254993,-23.95%,932775.0,932753.0
TW,21.0,0.0009%,108.81,-1.48%,109.2218,927296.437993,-41.91%,2287675.0,2287654.0
SNDX,20.0,0.0003%,21.49,4.63%,21.3295,2177927.063833,83.34%,6320881.0,6320861.0
VRE,20.0,0.0002%,18.97,-0.05%,18.9643,509369.96347,-39.63%,10642404.0,10642384.0
QTWO,20.0,0.0002%,50.13,-1.10%,50.2943,931440.999498,44.19%,8118902.0,8118882.0
COHU,20.0,0.0003%,49.54,4.34%,49.3745,751300.784413,-42.29%,5802886.0,5802866.0
STRA,20.0,0.0007%,80.18,1.38%,79.704,209100.467774,-19.59%,2849328.0,2849308.0
LMAT,20.0,0.0008%,107.94,0.03%,108.0524,236505.958762,-34.96%,2628411.0,2628391.0
LQDT,20.0,0.0007%,36.19,-0.17%,36.0325,166844.972362,-32.28%,2981758.0,2981738.0
SKT,20.0,0.0001%,36.37,0.11%,36.4845,567957.116191,-54.83%,14868744.0,14868724.0
SHAK,20.0,0.0004%,70.14,1.30%,70.2678,5004072.122225,-65.83%,4797884.0,4797864.0
KWR,20.0,0.0012%,147.54,3.22%,146.3954,87580.828258,-38.83%,1686726.0,1686706.0
SFBS,19.0,0.0003%,79.48,0.11%,79.6362,204952.41706,9.52%,6884894.0,6884875.0
OTTR,19.0,0.0004%,88.03,0.22%,87.9418,192807.560796,-39.50%,5037849.0,5037830.0
TRIP,19.0,0.0001%,10.45,-6.95%,10.5707,3530537.584109,-27.28%,15067418.0,15067399.0
NBHC,19.0,0.0003%,42.85,0.09%,42.8302,244521.59329,-21.93%,5940096.0,5940077.0
CAVA,18.0,0.0002%,79.4,-6.00%,80.15,4021971.454425,-18.72%,7355526.0,7355508.0
ZG,18.0,0.0023%,41.94,-4.77%,42.1787,1605344.895439,-20.47%,791348.0,791330.0
IFCN,18.0,0.3870%,0.0,0.00%,0.0,0.0,0.00%,4669.0,4651.0
LAZ,18.0,0.0004%,48.08,3.53%,47.7624,1821052.348937,6.72%,4085787.0,4085769.0
CLS,18.0,0.0061%,375.55,-2.51%,379.3047,2539866.480895,-19.91%,296792.0,296774.0
ANAB,18.0,0.0012%,69.33,3.54%,68.8548,490505.29896,-65.33%,1548854.0,1548836.0
SN,18.0,0.0015%,111.67,-1.28%,112.4468,1784059.139565,-30.08%,1197806.0,1197788.0
OLLI,18.0,0.0004%,82.21,0.54%,82.1678,1132617.922528,7.32%,4188892.0,4188874.0
SSD,17.0,0.0005%,188.61,-2.08%,190.5302,391546.861961,34.85%,3144873.0,3144856.0
AIT,17.0,0.0007%,308.87,-0.48%,309.1196,147139.319913,-33.54%,2609311.0,2609294.0
PRSU,16.0,0.0006%,42.32,2.40%,42.1361,287447.843777,-29.30%,2708795.0,2708779.0
PJT,16.0,0.0005%,154.64,0.95%,154.2606,250387.60772,-37.02%,3030662.0,3030646.0
BOOT,16.0,0.0004%,163.3,-0.04%,163.776,442652.75993,-37.31%,3711581.0,3711565.0
CTS,16.0,0.0004%,61.75,3.17%,61.3677,362610.221872,-24.40%,3589451.0,3589435.0
BJRI,16.0,0.0006%,42.7,4.45%,42.4742,555149.085543,-0.34%,2629688.0,2629672.0
XPEL,16.0,0.0005%,43.55,-0.93%,43.5939,257380.235209,-53.10%,3128056.0,3128040.0
LIF,16.0,0.0002%,44.05,0.09%,43.6079,701455.193007,-12.49%,8228110.0,8228094.0
SYRE,14.0,0.0003%,75.045,2.66%,74.5072,840632.621576,-9.01%,4339599.0,4339585.0
ALRM,14.0,0.0002%,47.6,1.28%,47.6935,572427.952682,-7.91%,6612292.0,6612278.0
AMRZ,14.0,0.0006%,52.89,-1.08%,52.9586,2544371.492295,-0.53%,2169065.0,2169051.0
WDFC,14.0,0.0008%,208.05,-0.82%,208.785,85438.16034,-39.77%,1663726.0,1663712.0
TOST,13.0,0.0001%,25.05,-14.74%,24.8913,34891628.898371,113.24%,9551733.0,9551720.0
ACLS,12.0,0.0003%,163.03,2.75%,160.6305,1033547.137304,-27.30%,3893673.0,3893661.0
UNF,12.0,0.0007%,252.41,-1.56%,253.4231,271650.206805,-6.53%,1791252.0,1791240.0
GSHD,12.0,0.0004%,40.86,-2.99%,40.9539,261789.75884,-20.38%,3126699.0,3126687.0
AMSF,12.0,0.0005%,30.36,0.20%,30.3177,127645.475716,-52.32%,2413679.0,2413667.0
CALM,12.0,0.0002%,76.09,0.46%,75.9174,570746.940655,-8.49%,5649502.0,5649490.0
ROG,12.0,0.0006%,140.66,2.48%,140.2798,137324.428156,-49.19%,2151414.0,2151402.0
TFIN,12.0,0.0004%,66.52,-1.38%,66.7876,233801.267574,2.60%,3385207.0,3385195.0
PRLB,12.0,0.0004%,69.3,1.66%,68.8974,141640.187974,-16.60%,3093356.0,3093344.0
WSR,12.0,0.0002%,18.98,0.11%,18.9761,167745.853267,-49.74%,5909777.0,5909765.0
UTL,12.0,0.0005%,50.75,-0.43%,50.8978,110719.330056,-22.87%,2328728.0,2328716.0
ARGX,12.0,0.0027%,782.17,-0.65%,785.2445,354316.306037,-49.69%,440679.0,440667.0
BFS,12.0,0.0006%,35.19,2.89%,35.0215,51472.501371,-15.39%,2046103.0,2046091.0
277810,12.0,0.1123%,0.0,0.00%,0.0,0.0,0.00%,10702.0,10690.0
BANF,11.0,0.0004%,112.95,-0.26%,112.6704,128295.826613,5.12%,3116739.0,3116728.0
POWI,11.0,0.0001%,73.28,2.02%,74.7509,1563525.896148,-11.01%,7965840.0,7965829.0
MGEE,11.0,0.0002%,73.65,-1.34%,73.8172,748072.533514,-61.43%,4852451.0,4852440.0
CNS,11.0,0.0003%,72.76,2.33%,72.4504,304319.645435,17.82%,3893311.0,3893300.0
TRNO,10.0,0.0001%,66.21,-0.50%,66.2625,756784.485788,19.02%,13171394.0,13171384.0
FWONA,10.0,0.0031%,85.95,0.28%,86.2369,139483.808154,-43.34%,319183.0,319173.0
LLYVA,10.0,0.0041%,93.59,-1.89%,94.513,100768.60377,-56.84%,245178.0,245168.0
MDGL,10.0,0.0010%,510.04,-4.64%,516.6658,379309.996979,-1.35%,989050.0,989040.0
KFY,9.0,0.0001%,67.78,0.95%,67.5202,315664.12976,-30.85%,6618693.0,6618684.0
CELC,9.0,0.0004%,131.06,0.27%,130.9845,799756.001249,-51.52%,2179457.0,2179448.0
KD,9.0,0.0001%,12.26,-3.01%,12.2887,5301625.945622,-26.38%,16848069.0,16848060.0
JBSS,8.0,0.0007%,77.95,-0.19%,77.8855,126648.71137,29.16%,1158592.0,1158584.0
VRTS,8.0,0.0009%,143.93,1.47%,142.5172,83772.280225,-6.01%,845029.0,845021.0
PDFS,8.0,0.0002%,51.63,8.24%,49.3638,919241.913033,-5.68%,3970878.0,3970870.0
CSR,8.0,0.0004%,67.65,0.30%,67.8554,60147.5782,-5.97%,2196965.0,2196957.0
NSSC,8.0,0.0002%,40.82,-1.83%,40.9918,344047.88159,-41.12%,4495694.0,4495686.0
LTC,8.0,0.0001%,39.12,1.29%,39.1824,491665.748745,4.59%,6134863.0,6134855.0
ORKA,8.0,0.0003%,64.59,0.81%,64.536,942664.214684,-68.83%,2875293.0,2875285.0
MCRI,8.0,0.0005%,118.61,1.13%,118.0107,89159.338637,-20.96%,1512065.0,1512057.0
LZB,8.0,0.0001%,35.73,0.48%,35.7493,362398.490562,-3.42%,5393733.0,5393725.0
CPK,8.0,0.0003%,126.42,-0.64%,126.9899,112271.985476,-62.91%,3177291.0,3177283.0
PLMR,8.0,0.0002%,113.36,-0.18%,114.2111,323838.875802,-41.65%,3314773.0,3314765.0
BCPC,7.0,0.0002%,160.97,0.92%,160.4132,96913.824062,-44.20%,3997850.0,3997843.0
WCN,7.0,0.0004%,151.82,-1.14%,152.9461,2308105.438188,6.70%,1946934.0,1946927.0
LKFN,7.0,0.0002%,61.55,-1.68%,61.99,186163.458016,55.14%,3493809.0,3493802.0
SPSC,6.0,0.0001%,56.47,-1.21%,56.0997,433846.088172,-40.58%,4900893.0,4900887.0
DUOL,6.0,0.0002%,107.99,-4.95%,107.829,1938957.05771,-25.91%,3259051.0,3259045.0
TEAM,5.0,0.0002%,91.6,-0.83%,89.3453,12639847.905903,-0.09%,2864003.0,2863998.0
MSA,5.0,0.0002%,169.94,-1.14%,170.5349,221406.03351,-47.39%,3219646.0,3219641.0
UHT,4.0,0.0002%,40.61,-0.22%,40.8187,35035.535278,-41.84%,1801484.0,1801480.0
PRK,4.0,0.0002%,173.24,-0.88%,173.4437,55737.68665,-32.05%,2075160.0,2075156.0
ZBIO,4.0,0.0002%,19.64,1.92%,19.6267,289145.559244,-35.52%,2111688.0,2111684.0
CSW,4.0,0.0002%,271.52,-2.25%,272.8291,147624.818143,46.34%,1986987.0,1986983.0
CHCO,4.0,0.0002%,123.01,0.23%,122.891,101992.28059,20.13%,1890773.0,1890769.0
AGYS,4.0,0.0001%,71.59,-1.84%,71.3766,251892.256298,11.41%,3314834.0,3314830.0
PI,4.0,0.0001%,152.91,1.04%,151.0412,458912.60672,3.43%,3853309.0,3853305.0
KEX,3.0,0.0001%,142.24,0.01%,142.5348,459890.341739,-40.62%,3799088.0,3799085.0
UXM6,3.0,5.4545%,0.0,0.00%,0.0,0.0,0.00%,58.0,55.0
BURL,2.0,0.0000%,304.51,-0.68%,304.3825,501451.327867,-39.39%,4640288.0,4640286.0
SSNC,2.0,0.0000%,68.76,-1.91%,68.8571,2280801.051368,-2.79%,4179641.0,4179639.0
HEI/A,2.0,0.0064%,0.0,0.00%,0.0,0.0,0.00%,31469.0,31467.0
H,1.0,0.0000%,167.6,-1.68%,168.2002,1064823.635351,-27.99%,2910925.0,2910924.0
EFSC,-1.0,-0.0001%,59.83,0.45%,59.8159,207207.4141,-48.03%,1814836.0,1814837.0
CHDN,-1.0,-0.0000%,88.13,-0.81%,88.539,791823.633605,-37.21%,4940378.0,4940379.0
ALRS,-1.0,-0.0000%,26.86,-0.19%,26.8313,240544.923257,-3.90%,2882703.0,2882704.0
TCBK,-1.0,-0.0001%,50.95,0.26%,50.9824,67721.2011,-23.18%,1306152.0,1306153.0
EGP,-1.0,-0.0000%,205.32,0.70%,205.5832,404639.615787,-52.96%,4252268.23,4252269.23
FRME,-1.0,-0.0000%,40.41,-0.25%,40.478,249478.92516,-5.11%,3021171.0,3021172.0
SYBT,-1.0,-0.0001%,71.99,-0.37%,71.9592,92962.409124,-33.40%,1254602.0,1254603.0
PEBO,-1.0,-0.0000%,34.32,0.12%,34.294,174722.46305,-5.81%,2542137.0,2542138.0
NNI,-1.0,-0.0002%,122.38,-13.43%,122.1464,305168.749646,308.77%,479858.0,479859.0
SCVL,-1.0,-0.0001%,17.94,0.79%,17.9122,198614.347172,-26.21%,798852.0,798853.0
BOKF,-1.0,-0.0001%,132.47,-0.73%,132.7949,291171.361774,19.54%,936981.0,936982.0
DGICA,-1.0,-0.0001%,17.21,-0.06%,17.1674,104685.59349,-45.87%,757483.0,757484.0
GATX,-1.0,-0.0000%,186.43,1.86%,185.2239,250588.102038,-48.94%,3365808.0,3365809.0
GABC,-1.0,-0.0001%,43.59,-1.11%,43.5824,73497.50151,-30.83%,1282875.0,1282876.0
AHL,-1.0,-0.0000%,0.0,0.00%,0.0,0.0,0.00%,3378031.0,3378032.0
TOWN,-2.0,-0.0001%,34.99,0.46%,34.9167,352550.902589,-11.76%,3592507.0,3592509.0
SHOO,-2.0,-0.0000%,40.61,2.45%,40.5003,1227868.73469,-27.74%,8857981.0,8857983.0
MAIN,-2.0,-0.0005%,54.01,-4.58%,53.7593,1331179.392518,115.64%,434296.0,434298.0
JAZZ,-2.0,-0.0000%,225.79,-0.52%,225.603,741275.498844,-34.37%,4412286.0,4412288.0
PH,-2.0,-0.0000%,878.83,-0.90%,881.1543,753857.219014,-0.43%,6750592.85,6750594.85
3234,-3.0,-0.0046%,0.0,0.00%,0.0,0.0,0.00%,65555.0,65558.0
3292,-3.0,-0.1045%,0.0,0.00%,0.0,0.0,0.00%,2869.0,2872.0
3481,-3.0,-0.0000%,0.0,0.00%,0.0,0.0,0.00%,9088773.0,9088776.0
HCTI,-3.0,-0.2214%,2.26,-2.59%,2.2419,59036.520004,-17.16%,1352.0,1355.0
UXK6,-3.0,-11.1111%,0.0,0.00%,0.0,0.0,0.00%,24.0,27.0
ACT,-3.0,-0.0001%,44.04,1.90%,43.9916,311166.514168,-17.39%,3943530.0,3943533.0
3466,-3.0,-0.1003%,0.0,0.00%,0.0,0.0,0.00%,2989.0,2992.0
CTRE,-4.0,-0.0000%,41.6,5.32%,41.3644,2840839.150199,31.24%,22197548.0,22197552.0
CCSI,-4.0,-0.0005%,34.0,20.18%,34.4614,612517.262969,426.02%,809813.0,809817.0
CVCO,-4.0,-0.0004%,484.54,0.46%,483.272,93530.696111,-30.62%,1138478.0,1138482.0
WRLD,-5.0,-0.0014%,149.7,0.11%,147.1292,167318.911716,-21.40%,355237.0,355242.0
GWRE,-6.0,-0.0001%,138.45,-0.81%,137.3375,647836.332147,-49.80%,6980462.0,6980468.0
MAZE,-6.0,-0.0004%,26.03,2.20%,25.7159,534975.708673,14.12%,1445701.0,1445707.0
BEP,-6.0,-0.0007%,34.03,-1.48%,34.0706,518152.500789,-49.35%,878908.0,878914.0
GHC,-6.0,-0.0019%,1136.35,0.46%,1137.9421,13346.572549,-13.79%,320759.0,320765.0
8967,-6.0,-0.1360%,0.0,0.00%,0.0,0.0,0.00%,4407.0,4413.0
LE,-8.0,-0.0019%,11.53,-0.26%,11.5746,150213.616543,-30.48%,418055.0,418063.0
IESC,-8.0,-0.0023%,666.7,0.16%,665.5233,164444.914661,-42.01%,350815.0,350823.0
FOA,-9.0,-0.0050%,21.49,2.09%,21.2821,43917.170208,-16.10%,180636.0,180645.0
8954,-9.0,-0.0603%,0.0,0.00%,0.0,0.0,0.00%,14916.0,14925.0
3309,-9.0,-0.1252%,0.0,0.00%,0.0,0.0,0.00%,7180.0,7189.0
ALG,-10.0,-0.0007%,163.76,-1.47%,165.0851,161259.922659,-36.37%,1451290.0,1451300.0
USFD,-10.0,-0.0001%,84.4,-2.85%,85.5371,3388571.934389,-44.40%,15648441.0,15648451.0
TNGX,-10.0,-0.0001%,23.02,-1.96%,23.1733,1511453.94785,-78.32%,7755235.0,7755245.0
3281,-11.0,-0.1057%,0.0,0.00%,0.0,0.0,0.00%,10395.0,10406.0
CE,-11.0,-0.0001%,57.17,-2.11%,56.9831,2927891.105898,-3.61%,11216089.0,11216100.0
SNX,-12.0,-0.0002%,239.07,2.85%,238.6593,608428.747168,-27.79%,5608414.0,5608426.0
GTES,-12.0,-0.0000%,26.09,0.42%,26.0685,1360867.03246,-39.84%,25001461.0,25001473.0
ABG,-14.0,-0.0005%,200.39,-0.03%,200.0797,176710.004842,-18.56%,3034350.0,3034364.0
8953,-14.0,-0.0742%,0.0,0.00%,0.0,0.0,0.00%,18850.0,18864.0
CRTO,-14.0,-0.0523%,16.49,0.24%,16.4272,394783.15733,-18.72%,26778.0,26792.0
FAF,-14.0,-0.0002%,71.04,1.75%,70.8015,515267.628575,-19.77%,7572123.0,7572137.0
BARK,-15.0,-0.0082%,9.05,-3.21%,9.1662,25257.994665,-45.90%,182707.0,182722.0
ACA,-15.0,-0.0002%,129.94,1.48%,129.2433,249591.825657,-10.59%,6273058.0,6273073.0
MC,-15.0,-0.0002%,65.08,1.83%,65.016,602287.655546,-55.40%,9541664.0,9541679.0
FND,-15.0,-0.0002%,51.73,0.41%,51.6646,3044143.031877,-22.17%,7977744.0,7977759.0
8952,-15.0,-0.1034%,0.0,0.00%,0.0,0.0,0.00%,14489.0,14504.0
CACC,-15.0,-0.0182%,533.15,1.97%,526.4187,198978.057855,29.18%,82303.0,82318.0
BXC,-15.0,-0.0047%,52.39,-1.08%,52.4527,109176.067825,-27.04%,317743.0,317758.0
SEM,-16.0,-0.0001%,16.41,-0.18%,16.4247,2018271.068391,27.42%,14125132.0,14125148.0
8951,-16.0,-0.0965%,0.0,0.00%,0.0,0.0,0.00%,16556.0,16572.0
THO,-17.0,-0.0005%,77.2,0.34%,77.4022,439445.660597,-39.35%,3771851.0,3771868.0
BIOA,-17.0,-0.0009%,17.99,0.95%,17.9545,177457.08255,-20.66%,1800264.0,1800281.0
3283,-17.0,-0.1151%,0.0,0.00%,0.0,0.0,0.00%,14748.0,14765.0
GRBK,-17.0,-0.0004%,66.09,0.69%,66.1734,172685.994533,17.23%,4526408.0,4526425.0
ACNT,-18.0,-0.0066%,13.84,3.36%,13.7088,91519.085,-61.35%,272441.0,272459.0
SPHR,-18.0,-0.0005%,133.33,-2.49%,134.8244,550423.815725,-19.56%,3358721.0,3358739.0
TZOO,-18.0,-0.0080%,8.93,-4.39%,9.0992,82629.538127,-59.77%,225393.0,225411.0
MOD,-19.0,-0.0009%,273.0,1.24%,276.7523,765024.658904,-41.73%,2171643.0,2171662.0
MHK,-20.0,-0.0004%,103.83,1.06%,103.2803,822460.793129,3.07%,5475376.0,5475396.0
ECPG,-20.0,-0.0007%,83.88,2.02%,82.2956,455223.616008,-54.88%,2781155.0,2781175.0
HTH,-20.0,-0.0003%,37.76,-1.28%,37.9516,275684.351912,-14.59%,6765458.0,6765478.0
ICLR,-21.0,-0.0179%,124.49,-0.41%,123.8296,681154.013611,-39.27%,117342.0,117363.0
DAC,-21.0,-0.1507%,134.63,1.78%,134.387,97144.058695,-14.43%,13913.0,13934.0
MTX,-22.0,-0.0006%,79.51,2.18%,79.2269,360218.815521,66.27%,3873517.0,3873539.0
NVR,-22.0,-0.0092%,5974.07,-0.58%,5981.6252,13438.127011,-24.33%,239118.85,239140.85
NTES,-22.0,-0.0045%,115.91,-1.02%,116.0962,655375.0692,-4.99%,492165.0,492187.0
ELV AU,-23.0,-0.0029%,0.0,0.00%,0.0,0.0,0.00%,806802.0,806825.0
ZM,-23.0,-0.0004%,109.21,0.78%,108.3313,3771231.248488,-20.62%,6221865.0,6221888.0
AIN,-23.0,-0.0006%,62.55,1.49%,62.5586,211004.869545,-23.24%,3545170.0,3545193.0
LEN/B,-24.0,-0.2686%,0.0,0.00%,0.0,0.0,0.00%,8912.0,8936.0
DIN,-24.0,-0.0039%,28.38,0.32%,28.8007,509109.993837,-44.57%,615662.0,615686.0
MMYT,-24.0,-0.0317%,47.84,-5.29%,47.9604,615516.802379,-29.31%,75706.0,75730.0
CABO,-25.0,-0.0040%,62.39,2.67%,61.3233,217563.292171,-26.76%,624608.0,624633.0
PNRG,-25.0,-0.0899%,239.05,4.85%,233.7656,36567.318856,37.09%,27781.0,27806.0
RKT,-25.0,-0.0001%,15.69,10.88%,15.4206,37253393.192062,28.62%,19943104.0,19943129.0
RBLX,-26.0,-0.0002%,41.91,-6.41%,42.2796,17103399.926914,61.05%,12818267.0,12818293.0
SENEA,-27.0,-0.0137%,138.4,-1.20%,137.2882,73450.5543,-39.21%,196555.0,196582.0
NSIT,-27.0,-0.0007%,83.79,19.07%,80.9314,1316572.795909,-2.33%,3916079.0,3916106.0
WMK,-27.0,-0.0046%,70.86,0.23%,70.4905,173509.023341,-7.30%,582261.0,582288.0
LOVE,-27.0,-0.0044%,15.96,2.18%,15.9433,118224.746308,14.76%,608486.0,608513.0
IBTA,-27.0,-0.0066%,35.5,-3.48%,35.8718,144112.324789,-44.12%,410148.0,410175.0
BSRR,-27.0,-0.0057%,37.98,0.58%,37.9832,60171.1683,14.97%,477238.0,477265.0
IBEX,-27.0,-0.0068%,32.33,-1.31%,32.3562,202633.28345,-9.47%,398224.0,398251.0
DFIN,-28.0,-0.0008%,42.84,-3.10%,43.2192,348994.711152,-31.71%,3481584.0,3481612.0
066970 KS,-28.0,-0.0181%,0.0,0.00%,0.0,0.0,0.00%,154543.0,154571.0
JLL,-29.0,-0.0008%,329.87,0.55%,331.2135,274135.765505,-29.20%,3433490.0,3433519.0
ZUMZ,-30.0,-0.0053%,25.08,0.20%,25.1242,65837.184,-31.04%,565276.0,565306.0
RGR,-30.0,-0.0042%,39.04,-0.26%,39.1292,147394.932831,-42.10%,721386.0,721416.0
W,-30.0,-0.0020%,66.26,0.09%,66.1277,3106764.050492,-27.21%,1501042.0,1501072.0
WABC,-31.0,-0.0010%,54.85,-0.02%,54.8369,107718.621723,27.04%,3210233.0,3210264.0
OGE,-31.0,-0.0002%,47.35,0.04%,47.3849,1150769.726049,-28.07%,19761673.0,19761704.0
SLVM,-31.0,-0.0007%,41.1,-5.95%,41.6348,622377.079462,44.35%,4157343.0,4157374.0
DKS,-32.0,-0.0007%,225.81,1.62%,225.3885,632132.581846,-15.71%,4682437.0,4682469.0
BILI,-32.0,-0.0059%,22.06,0.36%,22.2138,2179721.149985,-20.45%,545381.0,545413.0
SFIX,-32.0,-0.0006%,3.57,-0.83%,3.5562,926035.780205,-39.54%,5240066.0,5240098.0
BDC,-33.0,-0.0009%,112.3,0.04%,112.7194,499396.525319,5.22%,3632839.0,3632872.0
SKYW,-33.0,-0.0006%,88.23,0.64%,88.0399,242597.617656,-50.51%,5188537.0,5188570.0
EHC,-33.0,-0.0005%,106.1,-0.98%,106.6315,967634.200199,-27.20%,7088492.0,7088525.0
MUSA,-33.0,-0.0025%,577.87,-0.50%,581.3474,177272.978954,-20.17%,1301299.0,1301332.0
BMBL,-34.0,-0.0007%,3.62,4.62%,3.5269,4205805.102333,-14.02%,4564509.0,4564543.0
XND 260821P00260000,-34.0,-100.0000%,0.0,0.00%,0.0,0.0,0.00%,0.0,34.0
INDB,-34.0,-0.0005%,78.2,-0.04%,78.3499,224307.158721,-31.51%,6709785.0,6709819.0
BCC,-34.0,-0.0007%,70.67,-2.87%,71.1927,340631.826312,-17.48%,4701344.0,4701378.0
CNR,-34.0,-0.0004%,84.91,-4.12%,86.2443,737383.466833,-33.86%,8762318.0,8762352.0
ATR,-34.0,-0.0007%,120.99,-3.29%,122.3889,794887.411514,6.02%,5160412.0,5160446.0
AGCO,-35.0,-0.0008%,117.34,-0.31%,117.6967,416751.411123,-21.53%,4285872.0,4285907.0
AMR,-35.0,-0.0018%,184.11,-4.82%,189.4286,350306.068881,91.39%,1931216.0,1931251.0
ERA FP,-36.0,-0.0050%,0.0,0.00%,0.0,0.0,0.00%,721965.0,722001.0
RBB,-36.0,-0.0057%,24.05,-0.58%,24.0697,46966.3182,-49.93%,634594.0,634630.0
SLM,-36.0,-0.0002%,22.47,-0.84%,22.488,1885369.769143,8.43%,15241346.0,15241382.0
DV,-36.0,-0.0003%,11.06,1.94%,10.8962,2747918.260269,-31.02%,14249635.0,14249671.0
ABM,-37.0,-0.0005%,40.2,-1.37%,40.2006,382209.473979,22.63%,8053420.0,8053457.0
ELS,-37.0,-0.0002%,63.24,-0.08%,63.3594,1300037.768019,-3.08%,17589973.0,17590010.0
RHI,-38.0,-0.0003%,27.03,-1.35%,26.7078,1812695.977703,6.36%,12940309.0,12940347.0
IRMD,-38.0,-0.0106%,86.285,-0.52%,86.2957,53461.4689,-30.88%,359018.0,359056.0
ROAD,-39.0,-0.0022%,140.48,6.94%,142.8788,1647236.349683,67.20%,1733734.0,1733773.0
AUB,-39.0,-0.0002%,37.96,0.37%,37.9784,707347.591758,-8.95%,20458219.0,20458258.0
NATR,-39.0,-0.0061%,24.23,-1.30%,24.1285,137583.643992,74.12%,636134.0,636173.0
GTLB,-40.0,-0.0010%,25.98,0.23%,25.4944,3963493.284744,-33.19%,3980449.0,3980489.0
RUSHA,-40.0,-0.0005%,72.31,1.42%,72.1519,475729.12456,33.50%,7627386.0,7627426.0
STC,-41.0,-0.0008%,69.73,-0.13%,69.7177,133162.134728,-42.16%,4873568.0,4873609.0
BANR,-42.0,-0.0009%,65.67,0.14%,65.6389,192529.510628,-6.40%,4887146.0,4887188.0
MIRM,-42.0,-0.0014%,107.16,4.11%,105.8231,1791123.95689,-9.78%,2901677.0,2901719.0
PFGC,-42.0,-0.0004%,93.12,0.44%,93.6191,2458014.94277,-10.31%,11104633.0,11104675.0
TBBK,-42.0,-0.0006%,57.0,-4.20%,57.6816,770380.899297,154.11%,6483217.0,6483259.0
PVLA,-43.0,-0.0072%,121.29,7.09%,119.0847,231545.39972,-59.48%,595397.0,595440.0
MHO,-43.0,-0.0012%,131.87,1.42%,131.6913,152831.103724,-32.44%,3700900.0,3700943.0
ESQ,-44.0,-0.0110%,106.83,-0.44%,107.0463,72758.640059,-9.19%,399769.0,399813.0
WSC,-44.0,-0.0002%,28.1,20.60%,27.7235,13336249.561945,341.83%,18292953.0,18292997.0
OPY,-44.0,-0.0737%,95.6,0.60%,95.2981,24856.624554,-46.45%,59690.0,59734.0
DLO,-44.0,-0.0222%,13.7,-0.36%,13.5361,1801504.401283,61.59%,197743.0,197787.0
TASK,-45.0,-0.0850%,6.445,1.18%,6.3852,733884.229743,-47.75%,52893.0,52938.0
PLAY,-45.0,-0.0040%,10.31,-1.53%,10.4415,1506489.799535,19.47%,1123525.0,1123570.0
ULS,-45.0,-0.0010%,100.44,1.04%,99.5326,659521.361009,-26.84%,4646657.0,4646702.0
TRU,-45.0,-0.0003%,72.0,-1.30%,71.9599,1477358.518386,-27.94%,13185875.0,13185920.0
TMP,-45.0,-0.0027%,85.77,0.02%,85.6179,58997.18899,41.45%,1692786.0,1692831.0
GLBE,-46.0,-0.0386%,29.8,-8.67%,30.4931,2220557.235639,-7.44%,119004.0,119050.0
VC,-46.0,-0.0015%,114.35,1.78%,114.5797,569277.626725,27.44%,2973678.0,2973724.0
FIBK,-46.0,-0.0004%,36.42,0.47%,36.3634,1559801.51112,5.38%,12962509.0,12962555.0
FLUT,-46.0,-0.0016%,101.19,-0.01%,101.8442,2897097.213595,-50.63%,2926385.0,2926431.0
MIN AU,-46.0,-0.0050%,0.0,0.00%,0.0,0.0,0.00%,920713.0,920759.0
NBR,-47.0,-0.0043%,97.4,0.91%,97.3971,277326.882897,-22.17%,1082662.0,1082709.0
SUI,-47.0,-0.0011%,125.94,-0.10%,125.7423,794022.24192,-5.71%,4167404.0,4167451.0
HP,-48.0,-0.0003%,37.78,2.38%,37.6534,1315541.838645,-54.09%,15025120.0,15025168.0
RPM,-50.0,-0.0005%,100.81,-0.57%,100.8809,628167.411486,-9.13%,10340941.0,10340991.0
EGAN,-50.0,-0.0083%,7.46,-3.49%,7.4562,240630.683318,25.15%,602855.0,602905.0
KELYA,-51.0,-0.0044%,9.87,1.75%,9.8528,579836.566109,-22.18%,1168341.0,1168392.0
LAMR,-51.0,-0.0007%,157.93,4.45%,156.3972,1346872.652153,-6.18%,7328695.0,7328746.0
GTN,-51.0,-0.0016%,4.33,-2.04%,4.4327,2093127.610781,-34.96%,3238286.0,3238337.0
WH,-51.0,-0.0009%,82.67,-1.40%,83.2493,764902.850705,-39.02%,5698562.0,5698613.0
RRX,-51.0,-0.0012%,214.36,3.93%,214.3798,1536015.222995,-55.85%,4431571.0,4431622.0
PFBC,-51.0,-0.0033%,95.04,0.34%,95.0118,99238.90529,13.55%,1563710.0,1563761.0
SYNA,-51.0,-0.0012%,125.43,18.55%,122.3983,2177240.407966,37.20%,4240343.0,4240394.0
GBCI,-51.0,-0.0004%,48.79,0.00%,48.7443,750738.427298,-4.59%,13347391.0,13347442.0
TEX,-51.0,-0.0005%,63.6,1.24%,63.3163,1268231.927983,-9.99%,10506299.0,10506350.0
JHX,-51.0,-0.0017%,20.98,2.49%,20.8869,3572548.267737,-49.69%,3087905.0,3087956.0
CAR,-51.0,-0.0037%,145.75,-5.39%,146.4611,1253029.181676,16.79%,1392518.0,1392569.0
PFSI,-51.0,-0.0042%,90.54,2.12%,89.8694,501988.462829,-32.87%,1209464.0,1209515.0
006400 KS,-51.0,-0.0180%,0.0,0.00%,0.0,0.0,0.00%,282600.0,282651.0
TNET,-51.0,-0.0048%,42.8,-0.16%,42.6246,289400.78924,-31.35%,1066563.0,1066614.0
AN,-52.0,-0.0027%,205.97,0.33%,205.6583,212006.141666,-22.18%,1923880.0,1923932.0
STRT,-52.0,-0.0281%,62.45,-16.24%,61.8463,232720.237,407.79%,184974.0,185026.0
UFPI,-52.0,-0.0009%,84.38,0.62%,84.8513,534404.32874,-31.15%,5718974.0,5719026.0
TKR,-52.0,-0.0012%,117.97,1.40%,117.5252,831504.748707,-25.87%,4407018.0,4407070.0
SLGN,-53.0,-0.0008%,40.26,0.00%,40.4893,696048.866221,-5.97%,6990853.0,6990906.0
CMPR,-53.0,-0.0080%,91.67,-0.34%,91.0751,151668.1361,27.99%,662232.0,662285.0
BLKB,-54.0,-0.0014%,37.5,-0.82%,37.5566,518179.693791,-35.23%,3749145.0,3749199.0
WLK,-54.0,-0.0020%,93.85,-3.62%,94.3924,1404939.545673,-0.64%,2752291.0,2752345.0
FR,-54.0,-0.0005%,62.75,0.53%,62.7307,714289.812072,-19.36%,10534771.0,10534825.0
CBSH,-54.0,-0.0004%,51.89,-1.12%,51.9445,958872.354657,-15.45%,12746310.0,12746364.0
SCI,-54.0,-0.0005%,77.72,-0.97%,77.9786,1092540.76819,-27.11%,9962020.0,9962074.0
247540 KS,-57.0,-0.0190%,0.0,0.00%,0.0,0.0,0.00%,299748.0,299805.0
VIRT,-58.0,-0.0007%,51.31,3.57%,50.6028,1655425.278154,71.77%,8530756.0,8530814.0
SEI,-58.0,-0.0017%,72.96,-0.15%,72.692,1660008.521733,-40.00%,3449793.0,3449851.0
XHR,-60.0,-0.0005%,17.03,1.07%,17.011,568082.063528,-18.00%,12396299.0,12396359.0
TDW,-60.0,-0.0008%,81.16,4.24%,80.5051,1083145.329503,-14.30%,7139204.0,7139264.0
5302 JP,-60.0,-1.4695%,0.0,0.00%,0.0,0.0,0.00%,4023.0,4083.0
OSIS,-62.0,-0.0026%,230.83,-4.26%,235.6668,321943.274519,-43.32%,2369191.0,2369253.0
ALNT,-62.0,-0.0091%,66.69,1.35%,65.8881,305672.920216,-52.94%,679405.0,679467.0
ULTA,-63.0,-0.0020%,521.58,-0.94%,523.2058,474311.450711,-11.22%,3165831.5300000003,3165894.5300000003
WEX,-63.0,-0.0027%,141.64,-1.82%,140.9217,682866.724029,22.61%,2369760.0,2369823.0
MTH,-64.0,-0.0007%,65.16,1.12%,65.1542,651090.67339,-49.56%,9823521.0,9823585.0
MRN FP,-64.0,-1.4811%,0.0,0.00%,0.0,0.0,0.00%,4257.0,4321.0
NBN,-64.0,-0.0137%,124.65,-0.78%,124.4361,85797.850686,7.22%,466321.0,466385.0
APOG,-66.0,-0.0023%,36.65,0.19%,36.7394,129279.987363,-27.82%,2826615.0,2826681.0
UCB,-67.0,-0.0004%,33.36,-0.60%,33.3771,622576.848298,21.33%,16798708.0,16798775.0
ALSN,-67.0,-0.0051%,124.18,0.94%,124.3475,795222.996492,-18.29%,1311243.0,1311310.0
OFG,-68.0,-0.0011%,46.0,0.83%,46.0413,271272.969715,-7.05%,6308533.0,6308601.0
OTEX,-68.0,-0.0027%,24.72,4.35%,24.2855,5153513.341027,47.12%,2555225.0,2555293.0
RNST,-69.0,-0.0005%,40.19,0.02%,40.1659,604604.466988,15.06%,12947824.0,12947893.0
TRMK,-70.0,-0.0009%,44.73,-0.42%,44.8365,380754.35927,-4.77%,7960044.0,7960114.0
THC,-71.0,-0.0011%,190.38,-1.93%,191.1233,1240931.195502,-16.49%,6467888.0,6467959.0
Z,-71.0,-0.0020%,41.43,-5.15%,41.7388,3861851.785153,-45.91%,3513977.0,3514048.0
AZO,-71.0,-0.0087%,3496.19,-1.65%,3517.6435,231506.492067,0.49%,814285.88,814356.88
FIHL,-72.0,-0.0037%,20.91,-0.52%,20.9005,390508.469042,-18.24%,1967439.0,1967511.0
SBCF,-72.0,-0.0005%,31.09,0.16%,31.0372,639855.2794,-25.83%,13302478.0,13302550.0
HRB,-72.0,-0.0005%,36.96,1.85%,36.4812,4135875.924011,-38.00%,13276865.0,13276937.0
MCB,-74.0,-0.0121%,90.53,0.42%,90.6473,75933.709833,9.42%,613416.0,613490.0
CNNE,-75.0,-0.0048%,14.19,1.43%,14.2625,527625.803492,-11.40%,1558146.0,1558221.0
MTD,-75.0,-0.0064%,1124.46,-14.77%,1147.4791,539272.589271,171.35%,1176339.29,1176414.29
DOCU,-77.0,-0.0005%,47.9,-0.60%,47.2988,2475961.846974,-43.48%,16469248.0,16469325.0
PRDO,-79.0,-0.0010%,36.04,4.65%,35.7079,708193.975376,83.42%,7895791.0,7895870.0
HUBG,-79.0,-0.0010%,42.88,-0.30%,42.8117,408828.338819,-39.91%,7646586.0,7646665.0
CTRN,-79.0,-0.0378%,46.21,-2.04%,46.6164,58797.117743,-4.84%,209072.0,209151.0
DOX,-81.0,-0.0051%,63.75,-2.13%,63.6641,1040454.781341,4.91%,1587316.0,1587397.0
LMND,-81.0,-0.0033%,55.01,1.07%,54.1273,1584477.895928,-7.10%,2441481.0,2441562.0
AIZ,-81.0,-0.0015%,239.67,2.51%,237.9025,491933.452081,11.99%,5328205.8,5328286.8
FPI,-81.0,-0.0045%,10.58,0.00%,10.6034,276586.263582,-22.46%,1805578.0,1805659.0
XTIA,-84.0,-0.2543%,1.75,-3.31%,1.7588,1575258.702391,-7.37%,32954.0,33038.0
WNC,-84.0,-0.0051%,7.47,-4.23%,7.587,548370.717262,-20.83%,1642397.0,1642481.0
TKO,-84.0,-0.0010%,186.79,-0.38%,187.5353,1875791.156643,-8.20%,8751440.51,8751524.51
LKQ,-84.0,-0.0003%,28.89,0.63%,29.0093,2527009.321646,-46.92%,31144464.0,31144548.0
MSCI,-85.0,-0.0020%,585.42,-0.50%,583.2082,625184.900042,-6.79%,4340727.37,4340812.37
STBA,-85.0,-0.0017%,44.52,-0.02%,44.4874,262452.84752,-16.28%,5030008.0,5030093.0
VVV,-86.0,-0.0008%,35.62,-0.70%,35.9289,3957595.499621,-39.99%,10764617.0,10764703.0
DH,-87.0,-0.0052%,0.9527,3.33%,0.9496,412440.49399,24.22%,1660881.0,1660968.0
NMIH,-88.0,-0.0009%,38.87,0.75%,38.8854,355232.266658,-47.06%,9931206.0,9931294.0
CUBE,-88.0,-0.0005%,40.46,0.52%,40.4666,1703053.437791,-29.41%,18030569.0,18030657.0
GCT,-88.0,-0.0094%,40.18,-6.21%,40.5597,1565586.199138,-1.84%,934155.0,934243.0
HAE,-90.0,-0.0021%,55.12,1.38%,54.7682,1122318.847848,-38.47%,4319269.0,4319359.0
NBBK,-90.0,-0.0046%,20.12,-0.98%,20.1793,277770.0633,-8.11%,1948955.0,1949045.0
SPB,-90.0,-0.0085%,81.47,3.61%,80.4184,402168.329586,-36.53%,1063745.0,1063835.0
AGRO,-90.0,-0.0351%,13.13,-1.80%,13.1916,571999.664985,-56.05%,256024.0,256114.0
CATY,-91.0,-0.0010%,57.45,0.81%,57.3725,296014.123246,-27.50%,9056894.0,9056985.0
CZR,-91.0,-0.0004%,28.04,0.94%,28.0643,1601365.034172,-33.81%,20450056.0,20450147.0
NTB,-93.0,-0.0062%,56.34,0.23%,56.2407,125914.230151,-17.34%,1505846.0,1505939.0
RCKY,-93.0,-0.0317%,37.38,3.00%,37.4603,57034.843579,-14.16%,293655.0,293748.0
CARS,-94.0,-0.0044%,11.68,-5.27%,11.6341,1098515.636054,-40.28%,2158772.0,2158866.0
ORI,-94.0,-0.0004%,39.26,-0.56%,39.2607,1150389.075771,-3.21%,24071161.0,24071255.0
FICO,-95.0,-0.0056%,1126.0,-0.21%,1119.0087,315427.619549,-2.67%,1690256.39,1690351.39
LAD,-96.0,-0.0054%,293.99,0.99%,293.0237,163850.592569,-13.36%,1769231.0,1769327.0
FET,-96.0,-0.0170%,53.71,-1.30%,54.4993,119370.08875,-28.11%,563915.0,564011.0
HGV,-96.0,-0.0017%,48.67,0.10%,48.9986,657994.000997,-6.13%,5733281.0,5733377.0
ASLE,-96.0,-0.0072%,6.55,-10.64%,6.502,825191.832766,80.12%,1340631.0,1340727.0
NGS,-97.0,-0.0243%,38.75,-2.10%,39.1494,52139.804658,-14.68%,399132.0,399229.0
BBT,-98.0,-0.0008%,28.93,0.17%,28.9277,626796.347433,-10.54%,12224493.0,12224591.0
CROX,-99.0,-0.0028%,103.63,-0.43%,103.4389,819626.924209,-11.80%,3521059.0,3521158.0
IIIN,-99.0,-0.0038%,26.97,-0.55%,27.1854,159545.342865,-40.30%,2576080.0,2576179.0
CPF,-100.0,-0.0027%,34.79,0.35%,34.7998,96007.458111,-4.67%,3651237.0,3651337.0
TWI,-102.0,-0.0053%,7.9,-1.37%,7.8589,518530.313048,-2.45%,1907027.0,1907129.0
NUS,-102.0,-0.0054%,7.16,1.99%,6.8515,784396.450358,22.55%,1881063.0,1881165.0
BRSL,-102.0,-0.0027%,13.05,2.84%,12.9357,1219886.667851,21.84%,3735014.0,3735116.0
GXO,-102.0,-0.0013%,51.61,-0.52%,51.8025,1541214.829554,-22.08%,8101244.0,8101346.0
FLS,-102.0,-0.0012%,71.13,-0.57%,71.2624,2051331.322029,-33.53%,8750214.0,8750316.0
KREF,-102.0,-0.0027%,6.61,0.46%,6.5964,762785.87054,-0.07%,3773145.0,3773247.0
LBRDK,-102.0,-0.0048%,36.1,-3.40%,36.4416,1300605.788883,-12.58%,2135649.0,2135751.0
ARW,-102.0,-0.0028%,194.95,2.70%,195.6134,951765.490974,-46.21%,3708300.0,3708402.0
CNXN,-102.0,-0.0063%,66.65,1.99%,66.4825,65863.776734,-24.31%,1616727.0,1616829.0
DFH,-103.0,-0.0021%,14.32,-0.21%,14.2615,568273.861361,-9.90%,4840860.0,4840963.0
DCOM,-104.0,-0.0018%,37.22,0.49%,37.3669,358049.725176,-27.12%,5914079.0,5914183.0
AVNT,-104.0,-0.0012%,36.89,1.01%,36.8365,991998.636818,30.32%,8495277.0,8495381.0
EMN,-104.0,-0.0007%,73.65,-0.05%,73.7422,859083.883054,-41.48%,14381109.0,14381213.0
PB,-104.0,-0.0011%,69.26,-0.23%,69.3768,602957.543535,-30.54%,9310413.0,9310517.0
OC,-104.0,-0.0015%,121.67,-0.11%,122.064,993009.539838,-30.96%,6883228.0,6883332.0
NUVL,-105.0,-0.0034%,105.28,2.81%,104.9046,579883.495065,-2.34%,3110345.0,3110450.0
STAG,-106.0,-0.0007%,38.95,0.72%,39.0082,973745.190513,-65.17%,14665533.0,14665639.0
NNN,-106.0,-0.0006%,44.36,-0.34%,44.4223,1753066.867252,0.55%,16609377.0,16609483.0
STEL,-107.0,-0.0018%,37.46,-0.16%,37.4985,152459.34026,-43.19%,6100122.0,6100229.0
COKE,-107.0,-0.0026%,174.31,-1.86%,173.8228,1096866.937197,-48.87%,4099511.0,4099618.0
CARG,-110.0,-0.0011%,34.745,-8.95%,35.2673,1907504.717753,6.29%,10088189.0,10088299.0
VIPS,-110.0,-0.0119%,14.46,-0.55%,14.5195,1603361.96976,-28.99%,920581.0,920691.0
NCDL,-111.0,-0.0124%,13.66,-2.50%,13.6847,186611.7395,26.19%,894511.0,894622.0
AVIR,-111.0,-0.0034%,5.43,-1.99%,5.4908,239829.507317,24.78%,3247567.0,3247678.0
GPMT,-111.0,-0.0088%,1.47,-5.16%,1.5012,80882.089669,-31.11%,1258488.0,1258599.0
SFNC,-112.0,-0.0005%,21.27,-0.42%,21.3145,819402.054043,-6.48%,20600983.0,20601095.0
CPNG,-112.0,-0.0005%,16.98,-1.39%,17.0956,25908967.206681,-18.21%,23938644.0,23938756.0
ANF,-112.0,-0.0024%,77.99,-0.66%,78.1557,793467.312917,-33.69%,4649959.0,4650071.0
SBSI,-113.0,-0.0030%,33.37,-0.83%,33.4573,58793.4413,-29.59%,3796466.0,3796579.0
UVE,-114.0,-0.0101%,39.44,-2.69%,39.5577,202746.393428,-36.40%,1132120.0,1132234.0
SE,-116.0,-0.0759%,86.73,-2.15%,86.6895,4006739.669513,-7.70%,152629.0,152745.0
STNG,-117.0,-0.0073%,84.41,-0.33%,84.3239,2689524.487342,52.78%,1610697.0,1610814.0
ZIP,-120.0,-0.0050%,3.62,16.77%,3.3337,2079935.785015,76.34%,2402201.0,2402321.0
POST,-120.0,-0.0038%,102.05,-0.91%,101.2619,1632411.400715,71.13%,3153178.0,3153298.0
BRBR,-120.0,-0.0015%,10.31,-1.43%,10.3871,6097822.506585,-10.99%,8183056.0,8183176.0
ALX,-121.0,-0.0150%,246.0,0.51%,246.746,34238.190463,-47.40%,807823.0,807944.0
SMCI,-122.0,-0.0003%,35.37,5.21%,34.7112,50774248.518249,-17.43%,39054958.62,39055080.62
MRCY,-122.0,-0.0011%,90.34,2.59%,89.9592,672682.866003,-28.54%,10737049.0,10737171.0
SCCO,-123.0,-0.0050%,185.29,3.20%,185.6608,1082959.150427,-21.56%,2445987.0,2446110.0
PBF,-125.0,-0.0012%,40.71,0.30%,40.7914,5782666.20287,81.62%,10745197.0,10745322.0
HAFC,-125.0,-0.0029%,30.37,-0.03%,30.2826,230890.30779,-19.15%,4273868.0,4273993.0
AIR,-125.0,-0.0017%,117.78,-0.03%,119.182,487014.401316,43.21%,7553609.0,7553734.0
AGO,-126.0,-0.0027%,75.05,-8.95%,75.7396,1337166.773265,195.10%,4640491.0,4640617.0
GHM,-127.0,-0.0293%,98.19,1.14%,98.3471,185494.946753,-22.18%,433317.0,433444.0
TSCO,-127.0,-0.0003%,30.65,-3.43%,31.0016,17658362.065689,18.24%,37502712.74,37502839.74
MATX,-127.0,-0.0032%,182.72,1.43%,181.7924,169077.090318,-46.90%,3970670.0,3970797.0
AMWD,-128.0,-0.0066%,38.58,-2.40%,38.8412,403341.200087,-14.14%,1929302.0,1929430.0
CENTA,-129.0,-0.0020%,34.24,-1.44%,34.3841,323668.15803,-60.52%,6345653.0,6345782.0
PACS,-130.0,-0.0080%,33.59,-0.12%,33.5811,542604.848557,0.61%,1628519.0,1628649.0
PPIH,-130.0,-0.1959%,33.78,2.96%,33.403,63278.413238,-10.02%,66228.0,66358.0
CASY,-131.0,-0.0055%,859.49,1.00%,861.9573,256933.655375,-39.24%,2361190.95,2361321.95
TK,-132.0,-0.0065%,14.09,0.00%,14.1746,504981.575926,8.61%,2016864.0,2016996.0
MIDD,-132.0,-0.0042%,164.67,4.07%,163.9917,1107762.870771,-20.96%,3163996.0,3164128.0
VTR,-133.0,-0.0004%,87.26,0.82%,87.5274,4813330.977902,-6.51%,33776379.55,33776512.55
IBOC,-133.0,-0.0023%,73.27,0.01%,73.5003,284694.82632,-3.77%,5839878.0,5840011.0
AAP,-133.0,-0.0018%,56.15,-1.89%,56.2201,2257906.482983,73.39%,7577619.0,7577752.0
AEO,-134.0,-0.0007%,16.68,0.24%,16.73,2572318.813459,-13.84%,19957663.0,19957797.0
HALO,-135.0,-0.0011%,64.12,-1.64%,64.3541,1706544.893021,12.47%,12661719.0,12661854.0
GPOR,-135.0,-0.0123%,178.28,-0.29%,179.529,352604.94558,-36.78%,1100027.0,1100162.0
MOG/A,-136.0,-0.0232%,0.0,0.00%,0.0,0.0,0.00%,586920.0,587056.0
MMS,-138.0,-0.0027%,64.27,-3.59%,64.751,886932.298366,-42.22%,5049018.0,5049156.0
CVBF,-139.0,-0.0006%,20.33,-0.88%,20.3991,1051076.222755,-8.65%,23303685.0,23303824.0
BKU,-139.0,-0.0013%,47.5,0.47%,47.5603,625693.913301,33.28%,10943263.0,10943402.0
MAC,-140.0,-0.0004%,21.87,2.34%,21.8408,1554497.194703,-71.23%,32889188.0,32889328.0
M,-142.0,-0.0007%,19.48,1.30%,19.4225,3806807.905104,-28.78%,21470003.0,21470145.0
NE,-142.0,-0.0008%,50.14,3.42%,50.3024,1482030.525799,17.51%,18666251.0,18666393.0
YELP,-143.0,-0.0019%,27.08,-4.98%,26.5328,2020120.872414,62.81%,7432062.0,7432205.0
PCTY,-143.0,-0.0043%,110.98,1.70%,111.095,1851939.912453,15.00%,3342432.0,3342575.0
APPF,-146.0,-0.0072%,166.59,-2.13%,165.6715,362826.16567,3.51%,2019012.0,2019158.0
EIG,-147.0,-0.0053%,42.01,0.02%,42.098,171100.688159,-47.06%,2763465.0,2763612.0
RPAY,-147.0,-0.0052%,3.54,1.43%,3.5191,579031.799196,16.09%,2800565.0,2800712.0
ARCB,-148.0,-0.0051%,120.97,-0.67%,121.0344,266011.165194,-4.04%,2877380.0,2877528.0
LAUR,-149.0,-0.0009%,32.81,1.99%,32.6974,944447.536413,-28.99%,16124858.0,16125007.0
CBOE,-150.0,-0.0020%,348.56,2.93%,345.8553,806593.803669,-21.76%,7538309.65,7538459.65
BRX,-153.0,-0.0006%,29.84,-0.83%,29.9879,3079380.088572,31.23%,24460504.0,24460657.0
KRG,-153.0,-0.0007%,26.63,-0.34%,26.6307,1606021.154795,-65.94%,21332334.0,21332487.0
PVH,-153.0,-0.0047%,89.48,0.97%,89.6108,773350.206025,-29.58%,3285644.0,3285797.0
AXTA,-153.0,-0.0011%,29.13,1.96%,29.1307,1804119.805453,-36.39%,14401556.0,14401709.0
HPP,-153.0,-0.0044%,10.95,-6.97%,11.4182,1422210.740049,-39.61%,3445935.0,3446088.0
HELE,-153.0,-0.0179%,24.71,-4.26%,24.7344,638048.758115,-44.17%,856311.0,856464.0
JEF,-153.0,-0.0012%,52.98,2.95%,52.5971,2014447.556913,-30.44%,12501375.0,12501528.0
WHR,-153.0,-0.0022%,44.96,-6.74%,45.5056,6139484.130569,-54.92%,6828300.0,6828453.0
CNXC,-153.0,-0.0044%,24.27,-4.67%,24.3236,2217144.139227,-10.44%,3439373.0,3439526.0
CUZ,-153.0,-0.0012%,26.76,1.94%,26.768,2038275.043606,-57.12%,13166112.0,13166265.0
DCO,-154.0,-0.0120%,137.23,-0.37%,137.7119,174399.639804,-25.47%,1286393.0,1286547.0
PII,-154.0,-0.0026%,68.24,1.76%,68.3975,694394.349898,-32.97%,5824333.0,5824487.0
SON,-155.0,-0.0012%,51.56,-0.29%,51.6765,1444192.437836,55.30%,12671057.0,12671212.0
CVLG,-155.0,-0.0219%,33.25,0.21%,33.1871,120115.557844,-3.31%,706193.0,706348.0
URI,-157.0,-0.0046%,937.0,-0.75%,936.544,377279.473369,-21.16%,3427347.12,3427504.12
PRGO,-158.0,-0.0008%,11.71,-0.09%,11.7735,2450626.359733,-9.20%,20284616.0,20284774.0
REXR,-158.0,-0.0009%,36.27,0.50%,36.2491,999498.730427,-46.98%,17511916.0,17512074.0
ASO,-162.0,-0.0019%,54.11,1.05%,54.0812,1036402.568748,-21.91%,8359077.0,8359239.0
CC,-164.0,-0.0009%,23.04,2.81%,22.9029,2888716.814853,-39.53%,18656738.0,18656902.0
ESI,-167.0,-0.0007%,43.9,3.86%,43.3031,3005174.73107,-26.05%,22840290.0,22840457.0
HFWA,-167.0,-0.0031%,27.52,0.36%,27.5036,188836.833,-21.25%,5315930.0,5316097.0
CMP,-170.0,-0.0055%,27.93,-1.10%,28.437,721924.429131,-40.72%,3066037.0,3066207.0
GBX,-170.0,-0.0043%,50.55,0.28%,50.5109,215377.731141,-10.34%,3978220.0,3978390.0
CTOS,-171.0,-0.0045%,9.7,-0.72%,9.7147,941998.79161,25.65%,3758306.0,3758477.0
LPG,-172.0,-0.0035%,40.29,1.21%,40.0989,457937.760282,-1.68%,4919375.0,4919547.0
LINC,-175.0,-0.0146%,44.75,1.47%,44.5796,767329.426231,12.07%,1196173.0,1196348.0
SSTK,-176.0,-0.0055%,17.06,0.41%,16.9781,136731.370592,-32.42%,3227180.0,3227356.0
SCL,-176.0,-0.0064%,52.93,1.98%,52.5228,103398.300461,-10.85%,2758171.0,2758347.0
OSK,-176.0,-0.0032%,137.97,-9.86%,137.0813,1937082.723626,141.43%,5522718.0,5522894.0
SEPN,-176.0,-0.0146%,23.87,-0.46%,24.2127,208364.514114,-4.56%,1207589.0,1207765.0
BHE,-178.0,-0.0030%,85.51,2.06%,85.652,245346.913912,-50.82%,5954947.0,5955125.0
PSN,-178.0,-0.0029%,49.18,-3.98%,49.4193,1134366.053864,-26.00%,6035843.0,6036021.0
ARI SJ,-180.0,-1.4753%,0.0,0.00%,0.0,0.0,0.00%,12021.0,12201.0
TCMD,-181.0,-0.0183%,25.65,-1.38%,25.7304,385562.674673,-35.45%,986772.0,986953.0
FDP,-181.0,-0.0038%,36.81,-1.97%,37.2115,348302.97742,11.10%,4764476.0,4764657.0
PRAA,-184.0,-0.0037%,19.18,-8.14%,18.42,1314421.217531,103.22%,4961066.0,4961250.0
FCF,-187.0,-0.0014%,18.56,-0.22%,18.5315,519248.150553,7.75%,13831804.0,13831991.0
OGN,-187.0,-0.0006%,13.35,0.23%,13.3143,6777342.616822,-16.25%,29034522.0,29034709.0
FRSH,-192.0,-0.0021%,8.83,-2.21%,8.7823,9173057.796197,-13.23%,9019470.0,9019662.0
ASH,-193.0,-0.0058%,55.01,1.01%,55.0766,965432.40734,-5.97%,3308548.0,3308741.0
BLK,-194.0,-0.0028%,1084.83,1.60%,1081.5303,490891.043889,2.86%,6951479.74,6951673.74
MLM,-194.0,-0.0056%,590.38,-1.68%,593.7565,337047.824206,-33.73%,3475792.49,3475986.49
FHB,-195.0,-0.0013%,27.34,-0.33%,27.3432,1550501.030142,-38.54%,14953704.0,14953899.0
CHH,-195.0,-0.0115%,106.58,0.05%,106.531,445003.24422,-13.04%,1695906.0,1696101.0
SMP,-196.0,-0.0066%,40.4,2.69%,40.097,81484.72446,-23.92%,2981791.0,2981987.0
TPL,-197.0,-0.0034%,394.2,-1.22%,398.7997,395478.784355,-39.05%,5749058.08,5749255.08
KOD,-197.0,-0.0055%,41.01,-6.11%,41.7481,721446.423403,96.25%,3576518.0,3576715.0
NTCT,-198.0,-0.0022%,39.09,2.09%,39.016,815543.970815,-18.92%,9097658.0,9097856.0
LUNR,-198.0,-0.0018%,28.97,20.16%,27.8131,16468522.116451,56.67%,10864060.0,10864258.0
APEI,-199.0,-0.0259%,56.3,2.91%,56.0425,209061.525442,-34.08%,768129.0,768328.0
CCS,-200.0,-0.0053%,55.01,0.92%,55.3703,390095.553781,-3.49%,3776614.0,3776814.0
ETSY,-200.0,-0.0019%,64.38,0.56%,64.0655,2342848.492982,-4.84%,10418769.0,10418969.0
VAC,-201.0,-0.0057%,77.12,-0.04%,77.3921,414294.216049,-18.91%,3514129.0,3514330.0
FNF,-202.0,-0.0009%,50.58,0.62%,50.5022,2139482.636851,-26.91%,23761538.0,23761740.0
UMAC,-202.0,-0.0191%,13.42,-0.59%,13.293,4231866.835813,106.56%,1057966.0,1058168.0
SHO,-202.0,-0.0008%,10.49,1.35%,10.4828,1472576.102032,-11.28%,24778495.0,24778697.0
NOMD,-204.0,-0.0719%,9.44,-6.90%,9.6154,2481585.976884,-7.95%,283410.0,283614.0
ST,-204.0,-0.0014%,44.93,1.33%,44.7171,1316409.1757,-36.47%,14589565.0,14589769.0
OMF,-204.0,-0.0050%,56.09,0.72%,55.8424,1449369.912373,10.74%,4112381.0,4112585.0
KNX,-204.0,-0.0018%,64.05,0.96%,64.0571,2020120.550784,-48.73%,11531074.0,11531278.0
PRG,-205.0,-0.0040%,36.34,1.76%,36.2244,328829.388881,-30.39%,5077850.0,5078055.0
688295 C1,-206.0,-1.4875%,0.0,0.00%,0.0,0.0,0.00%,13643.0,13849.0
JBGS,-208.0,-0.0026%,15.56,0.97%,15.5689,497454.8546,-79.56%,7924917.0,7925125.0
KBH,-210.0,-0.0028%,49.52,0.69%,49.5878,718512.51938,-35.60%,7441072.0,7441282.0
LGIH,-212.0,-0.0066%,46.67,0.82%,46.6571,208937.740162,-44.16%,3205217.0,3205429.0
SSB,-213.0,-0.0027%,96.28,-1.11%,96.2974,723059.877027,-5.10%,7878288.0,7878501.0
GDRX,-213.0,-0.0245%,2.92,2.82%,2.8533,2923364.510692,-37.66%,869474.0,869687.0
LIND,-213.0,-0.0142%,21.1,-0.24%,21.1159,773108.658961,-27.81%,1503809.0,1504022.0
COGT,-214.0,-0.0024%,34.74,-0.14%,34.7634,896098.911871,-55.15%,9026859.0,9027073.0
CBRL,-218.0,-0.0072%,31.49,1.09%,31.6456,1027716.227842,8.17%,3041964.0,3042182.0
SOC,-219.0,-0.0033%,12.85,0.16%,12.6873,2184892.498914,-42.98%,6609796.0,6610015.0
AB,-222.0,-0.0668%,39.11,-1.76%,38.9727,356657.368332,-11.09%,332032.0,332254.0
EFOR,-225.0,-0.0038%,20.32,-2.64%,20.2518,818905.946647,-35.60%,5857409.0,5857634.0
RSI,-227.0,-0.0069%,27.74,-0.57%,27.5992,1503837.398828,-49.93%,3285652.0,3285879.0
GLRE,-231.0,-0.0208%,17.86,0.34%,17.8903,130199.4445,-37.53%,1112669.0,1112900.0
GEO,-232.0,-0.0014%,21.76,2.54%,21.6929,2909074.57773,-17.07%,17103075.0,17103307.0
BFH,-232.0,-0.0047%,87.34,0.99%,87.0688,334530.681396,-38.94%,4931288.0,4931520.0
VAL,-236.0,-0.0031%,95.02,3.53%,95.1024,783328.374011,31.87%,7671841.0,7672077.0
SEZL,-237.0,-0.0110%,96.34,-3.49%,95.8836,822606.216509,-75.16%,2159997.0,2160234.0
MATW,-241.0,-0.0061%,28.14,1.74%,28.0272,139869.669456,-15.45%,3979795.0,3980036.0
FFBC,-242.0,-0.0016%,30.6,0.56%,30.5519,777480.45386,6.59%,14681419.0,14681661.0
AIP,-243.0,-0.0170%,31.86,7.09%,31.2425,1132059.589097,31.95%,1428494.0,1428737.0
MRTN,-245.0,-0.0033%,15.58,2.91%,15.5474,1027245.1969,37.58%,7522618.0,7522863.0
ANGINC,-253.0,-0.0177%,0.0,0.00%,0.0,0.0,0.00%,1430717.0,1430970.0
HAIN,-255.0,-0.0062%,0.66,-10.44%,0.6841,1009198.44739,145.08%,4120975.0,4121230.0
LXU,-256.0,-0.0117%,13.91,2.51%,13.8209,759262.024404,-50.61%,2194129.0,2194385.0
PUMP,-258.0,-0.0033%,15.68,0.84%,15.7428,3773715.043632,-14.43%,7913023.0,7913281.0
CRI,-260.0,-0.0057%,35.33,-1.17%,35.5867,917515.927081,-36.87%,4572584.0,4572844.0
GL,-262.0,-0.0036%,151.08,-0.90%,151.5992,469029.876247,-17.58%,7199515.45,7199777.45
NWBI,-262.0,-0.0013%,13.89,0.43%,13.8648,757448.235036,-23.22%,20069331.0,20069593.0
WERN,-264.0,-0.0035%,36.42,0.11%,36.3449,997637.603178,-21.34%,7625537.0,7625801.0
BROS,-264.0,-0.0028%,52.71,-1.55%,52.4884,5805183.550931,-54.61%,9362033.0,9362297.0
FIGS,-265.0,-0.0077%,11.63,-24.33%,11.4073,11615450.592359,78.91%,3436007.0,3436272.0
NPKI,-267.0,-0.0075%,14.95,-3.11%,15.0554,630226.330843,-41.68%,3553728.0,3553995.0
OXM,-267.0,-0.0140%,45.48,0.26%,45.4503,431445.107103,67.31%,1900852.0,1901119.0
RIO LN,-272.0,-0.2951%,0.0,0.00%,0.0,0.0,0.00%,91891.0,92163.0
NOC,-275.0,-0.0030%,549.52,-0.50%,549.0749,742676.888886,-11.74%,9223451.27,9223726.27
SUNB,-275.0,-0.8974%,73.21,-0.16%,72.7026,1659929.659448,-28.61%,30370.0,30645.0
VAL SJ,-276.0,-0.8695%,0.0,0.00%,0.0,0.0,0.00%,31465.0,31741.0
DUK,-276.0,-0.0004%,124.17,-0.56%,124.3063,2586104.982974,-21.55%,62503037.870000005,62503313.870000005
ETD,-276.0,-0.0083%,20.39,-0.24%,20.3947,283950.096115,-36.88%,3312139.0,3312415.0
FCNCA,-278.0,-0.0061%,1951.93,-0.08%,1952.0233,46373.376535,-40.33%,4590328.0,4590606.0
GRMN,-278.0,-0.0027%,240.09,-0.75%,241.0793,483127.495836,-51.11%,10283976.9,10284254.9
EXLS,-281.0,-0.0023%,31.08,-0.83%,30.9505,1760382.57647,-2.96%,12332807.0,12333088.0
UVV,-286.0,-0.0075%,53.7,-0.11%,53.8308,111250.54384,-33.99%,3802924.0,3803210.0
VTOL,-287.0,-0.0076%,42.36,-0.45%,42.5043,206671.913365,-55.73%,3752204.0,3752491.0
CGEM,-287.0,-0.0072%,14.55,-1.15%,14.5727,625193.561041,-49.07%,3992816.0,3993103.0
ENTA,-289.0,-0.0210%,15.34,1.66%,15.3779,191732.61977,-2.42%,1379109.0,1379398.0
SNCY,-294.0,-0.0043%,17.02,0.95%,17.017,344927.48891,-62.68%,6774170.0,6774464.0
JBLU,-296.0,-0.0008%,5.11,-0.39%,5.1035,20516808.657674,-21.35%,39438214.0,39438510.0
GWW,-296.0,-0.0099%,1233.71,-0.03%,1232.1006,303311.63545,-52.59%,2977039.1,2977335.1
HII,-296.0,-0.0070%,316.28,0.50%,315.9474,615391.163762,-5.76%,4204672.72,4204968.72
PFS,-298.0,-0.0017%,22.4,-0.36%,22.4501,806529.485911,-13.23%,17800025.0,17800323.0
UPBD,-300.0,-0.0043%,18.78,0.11%,18.8322,638648.511935,-18.71%,6980851.0,6981151.0
VVX,-301.0,-0.0119%,70.08,-7.06%,70.9764,2055394.465298,218.59%,2527457.0,2527758.0
LII,-302.0,-0.0112%,521.25,-1.02%,523.4398,244502.080557,-50.54%,2684953.61,2685255.61
ACH,-306.0,-0.0111%,3.58,-4.28%,3.6345,877370.216665,32.89%,2756076.0,2756382.0
SIRI,-306.0,-0.0119%,27.1,1.31%,26.7842,2825400.178041,-19.88%,2564049.0,2564355.0
JELD,-306.0,-0.0086%,1.7,0.59%,1.7303,1526006.595645,-37.41%,3541255.0,3541561.0
LILAK,-306.0,-0.0062%,7.82,-2.13%,7.9222,891018.95545,-46.47%,4902034.0,4902340.0
LMT,-307.0,-0.0020%,506.51,-1.15%,508.3093,1293823.70646,-37.08%,15199352.41,15199659.41
UBSI,-308.0,-0.0016%,43.41,0.00%,43.4108,635696.920632,-17.38%,19258528.0,19258836.0
FLO,-310.0,-0.0015%,8.44,-1.52%,8.4735,4702017.196822,-13.63%,21135097.0,21135407.0
EAF,-312.0,-0.3584%,9.29,3.80%,9.1586,133543.07234,-35.50%,86749.0,87061.0
ALK,-312.0,-0.0037%,40.84,0.62%,40.751,2207006.157149,-29.82%,8432274.0,8432586.0
DPZ,-313.0,-0.0155%,323.48,-2.72%,324.4405,947497.014189,-8.54%,2015362.53,2015675.53
CART,-314.0,-0.0024%,40.35,6.21%,40.0332,6083598.181648,5.73%,13052034.0,13052348.0
UA,-318.0,-0.0024%,6.25,0.48%,6.2552,1896910.967956,20.75%,13291628.0,13291946.0
HEI,-319.0,-0.0127%,292.52,1.01%,290.5443,978458.62766,-5.50%,2510043.0,2510362.0
SPGI,-319.0,-0.0021%,420.12,-2.00%,420.2348,1975083.029898,7.28%,14880431.68,14880750.68
WGO,-319.0,-0.0089%,31.75,-0.44%,31.8676,487487.777603,-11.10%,3586330.0,3586649.0
TOL,-323.0,-0.0041%,137.89,0.58%,137.7331,749929.312743,-17.67%,7915066.0,7915389.0
PARR,-323.0,-0.0037%,64.37,3.41%,64.4988,1084266.48745,-24.82%,8623139.0,8623462.0
VUL AU,-323.0,-0.0016%,0.0,0.00%,0.0,0.0,0.00%,20413076.0,20413399.0
SRE,-325.0,-0.0007%,91.53,-0.04%,91.8597,4296599.654296,0.83%,45083879.57,45084204.57
CXW,-327.0,-0.0026%,20.33,-6.83%,20.7481,1979628.807746,-32.22%,12814097.0,12814424.0
HOPE,-328.0,-0.0019%,12.41,-0.88%,12.379,693723.463228,-24.38%,17055234.0,17055562.0
AIRO,-329.0,-0.0343%,7.34,1.66%,7.3407,241271.242606,13.89%,957819.0,958148.0
DE,-331.0,-0.0029%,574.84,-0.98%,575.9461,897013.654989,8.21%,11451536.54,11451867.54
FTK,-332.0,-0.0532%,15.97,-1.42%,16.0551,292409.608988,-29.95%,623272.0,623604.0
ALLY,-333.0,-0.0017%,44.24,1.03%,43.9433,4657117.651606,41.47%,19464932.0,19465265.0
IQV,-333.0,-0.0034%,178.71,0.04%,178.4379,1083097.129553,-39.94%,9780665.64,9780998.64
TMHC,-336.0,-0.0031%,60.0,0.89%,59.8987,939372.625721,-1.04%,10814533.0,10814869.0
RYAM,-338.0,-0.0130%,9.16,0.11%,9.231,1076482.004835,-28.17%,2605887.0,2606225.0
MNRO,-341.0,-0.0085%,17.72,1.66%,17.5544,652250.1612,-34.91%,4007416.0,4007757.0
TDY,-343.0,-0.0108%,621.38,-1.49%,623.7749,198958.818106,-36.30%,3181034.7800000003,3181377.7800000003
KOP,-347.0,-0.0134%,43.99,6.88%,44.2613,334016.625365,88.84%,2591288.0,2591635.0
LHX,-347.0,-0.0023%,299.64,-0.51%,299.8964,1189816.492669,-28.93%,15384945.18,15385292.18
AMN,-353.0,-0.0069%,28.97,29.04%,27.5955,3823841.480113,117.82%,5083008.0,5083361.0
SCHL,-354.0,-0.0117%,40.1,0.28%,40.155,222952.375586,-30.22%,3017744.0,3018098.0
DK,-354.0,-0.0085%,46.04,3.00%,45.916,1236083.510867,-20.65%,4160699.0,4161053.0
TCBI,-354.0,-0.0055%,99.96,-0.60%,100.0993,244732.604013,-29.14%,6431407.0,6431761.0
IAC,-354.0,-0.0053%,44.06,2.18%,43.8027,1628892.688849,-16.88%,6693759.0,6694113.0
HLT,-356.0,-0.0027%,316.78,-1.10%,318.6743,1450107.768543,1.17%,12961094.3,12961450.3
CPRI,-357.0,-0.0033%,18.53,-0.86%,18.5209,2238072.161862,-6.36%,10908510.0,10908867.0
HR,-357.0,-0.0013%,20.15,0.80%,20.1234,4730651.090912,2.78%,27297114.0,27297471.0
OMCL,-357.0,-0.0057%,43.82,1.13%,43.7312,321093.764568,-16.55%,6263371.0,6263728.0
TDG,-358.0,-0.0105%,1215.08,-2.17%,1218.9151,284261.141934,-20.47%,3403532.98,3403890.98
EEFT,-361.0,-0.0127%,68.83,-3.84%,69.3378,596924.792235,21.58%,2838384.0,2838745.0
VRSN,-361.0,-0.0059%,288.21,3.50%,285.548,907409.258544,-11.88%,6117385.47,6117746.47
AVT,-362.0,-0.0058%,82.09,1.52%,82.1753,1210937.56747,7.85%,6231152.0,6231514.0
MCO,-366.0,-0.0043%,451.32,-1.26%,451.6345,762816.174129,-26.19%,8534951.1,8535317.1
DSGN,-366.0,-0.0295%,14.22,0.85%,14.3423,402991.825295,2.26%,1240395.0,1240761.0
UMBF,-366.0,-0.0038%,131.36,0.14%,131.3637,521811.519474,-24.89%,9599899.0,9600265.0
BOL SS,-368.0,-0.0061%,0.0,0.00%,0.0,0.0,0.00%,6016195.0,6016563.0
DGX,-369.0,-0.0054%,187.39,-1.81%,187.5552,762516.15048,3.05%,6885344.84,6885713.84
CDRE,-371.0,-0.0155%,29.85,-0.20%,29.8216,267040.692269,-41.87%,2393614.0,2393985.0
BKSY,-378.0,-0.0173%,39.45,22.36%,36.881,3265936.777865,-38.63%,2188574.0,2188952.0
AER,-378.0,-0.1217%,150.0,1.02%,150.5314,1921708.539887,12.93%,310151.0,310529.0
5301 JP,-382.0,-0.0619%,0.0,0.00%,0.0,0.0,0.00%,616911.0,617293.0
5713 JP,-384.0,-0.0074%,0.0,0.00%,0.0,0.0,0.00%,5174980.0,5175364.0
KMPR,-385.0,-0.0057%,30.29,3.03%,30.2709,1157718.347902,-31.40%,6809365.0,6809750.0
HOG,-387.0,-0.0045%,25.42,7.53%,25.013,3471613.49652,5.10%,8529885.0,8530272.0
FBIN,-387.0,-0.0042%,37.98,-2.81%,38.088,8733722.412749,144.10%,9261164.0,9261551.0
TMO,-387.0,-0.0023%,465.0,-1.99%,463.5022,3905812.397919,54.16%,16752249.46,16752636.46
WST,-388.0,-0.0086%,325.92,1.21%,325.4991,1033396.942121,-35.83%,4532049.01,4532437.01
DBX,-390.0,-0.0028%,28.9,15.00%,28.3101,10098396.627392,129.29%,13779241.0,13779631.0
SNA,-392.0,-0.0117%,374.0,0.90%,373.6267,329388.987675,-50.75%,3361376.67,3361768.67
DT,-393.0,-0.0015%,40.7,0.82%,40.3735,5280666.708888,-8.73%,25415794.0,25416187.0
NDAQ,-394.0,-0.0015%,88.91,-0.10%,88.8075,2559134.123607,-12.92%,26506876.0,26507270.0
HAS,-395.0,-0.0034%,97.78,0.40%,97.6659,1129153.357518,-55.78%,11730139.39,11730534.39
PPC,-395.0,-0.0080%,29.1,-4.28%,29.4166,1805501.659975,20.12%,4964584.0,4964979.0
FOXF,-395.0,-0.0074%,17.8,-4.15%,18.373,1276760.448622,67.29%,5308028.0,5308423.0
OPCH,-396.0,-0.0026%,20.51,-1.16%,20.5078,4304651.947428,-16.38%,15048780.0,15049176.0
OI,-399.0,-0.0020%,9.29,3.11%,9.3011,1924839.430259,-3.14%,19609983.0,19610382.0
002192 C2,-400.0,-1.5748%,0.0,0.00%,0.0,0.0,0.00%,25000.0,25400.0
SAFE,-401.0,-0.0061%,15.13,-1.82%,15.3728,380565.973462,-4.53%,6568254.0,6568655.0
TPH,-402.0,-0.0033%,46.95,0.00%,46.9601,1075386.342564,-53.90%,12091557.0,12091959.0
LNC,-402.0,-0.0018%,35.8,-0.39%,35.6511,2717741.964636,-26.43%,22750613.0,22751015.0
AOSL,-404.0,-0.0103%,37.9,1.23%,37.9763,1093422.002116,-51.32%,3915585.0,3915989.0
LH,-405.0,-0.0082%,254.12,-1.52%,254.1499,581283.328925,-22.08%,4948215.05,4948620.05
GPK,-408.0,-0.0015%,10.63,-3.63%,10.7906,6743213.086245,-5.86%,27434102.0,27434510.0
OLN,-408.0,-0.0048%,26.84,0.30%,27.2102,2869517.4247,14.22%,8536735.0,8537143.0
VIK,-409.0,-0.0133%,82.67,-1.55%,82.8979,2603177.529178,-44.95%,3077368.0,3077777.0
MTCH,-412.0,-0.0017%,36.96,3.15%,36.6655,3970073.947358,-45.54%,23956575.0,23956987.0
SCSC,-413.0,-0.0137%,45.9,6.03%,45.2372,395895.816039,-14.07%,3019334.0,3019747.0
AESI,-415.0,-0.0039%,18.71,2.35%,18.648,2962420.906804,-49.15%,10555878.0,10556293.0
TYL,-421.0,-0.0113%,324.58,-1.96%,324.3079,312606.824091,-29.00%,3710557.08,3710978.08
APD,-423.0,-0.0036%,295.41,0.14%,296.6762,607384.862222,-50.07%,11890012.99,11890435.99
RDN,-424.0,-0.0024%,38.06,1.17%,38.0143,1472859.908211,-52.76%,17650612.0,17651036.0
OIS,-430.0,-0.0151%,8.66,-2.70%,8.7284,670089.254833,-42.67%,2845724.0,2846154.0
SBH,-432.0,-0.0033%,14.03,1.23%,14.1144,1484844.461345,-12.08%,13102294.0,13102726.0
VOYG,-434.0,-0.0144%,29.74,16.08%,28.5798,2040832.928607,-8.82%,3017510.0,3017944.0
SHW,-440.0,-0.0026%,316.82,-1.06%,317.78,1249732.589147,-31.64%,16892048.21,16892488.21
PEB,-444.0,-0.0026%,14.72,1.38%,14.7095,1324850.383084,-44.86%,16762081.0,16762525.0
CHRD,-450.0,-0.0078%,136.44,-0.95%,137.0703,690258.083195,-24.43%,5742103.0,5742553.0
DNOW,-451.0,-0.0019%,13.07,0.15%,13.1577,4913957.358961,-40.99%,23580693.0,23581144.0
ADNT,-458.0,-0.0042%,22.78,4.21%,22.5956,1337122.997721,-1.75%,10817693.0,10818151.0
NVAX,-459.0,-0.0038%,10.11,9.53%,10.2591,13354044.599282,45.19%,12012508.0,12012967.0
EG,-463.0,-0.0141%,351.52,-0.06%,351.6531,261655.524068,-26.11%,3293641.73,3294104.73
KYTX,-463.0,-0.0867%,9.35,0.54%,9.2416,461494.809524,7.01%,533701.0,534164.0
NX,-465.0,-0.0074%,20.25,0.85%,20.3341,201380.276524,-19.73%,6256263.0,6256728.0
VMC,-465.0,-0.0061%,283.72,-1.80%,285.3334,1022437.189532,28.97%,7643070.93,7643535.93
PENN,-469.0,-0.0035%,16.74,-0.18%,16.7162,2200232.212045,-16.60%,13318531.0,13319000.0
ANET,-471.0,-0.0008%,141.77,0.01%,140.9099,20371603.677499,11.59%,57302595.75,57303066.75
NDSN,-477.0,-0.0130%,283.53,-0.21%,283.697,442943.476598,25.15%,3666384.13,3666861.13
ESLT,-479.0,-0.1073%,782.205,-1.60%,783.2517,143093.626646,-26.16%,445908.0,446387.0
GD,-480.0,-0.0027%,346.53,-0.35%,346.6476,1558411.300628,14.47%,17678761.759999998,17679241.759999998
IRDM,-480.0,-0.0036%,41.46,3.16%,40.9187,2573915.690195,61.79%,13204280.0,13204760.0
BG,-483.0,-0.0041%,124.94,0.96%,124.8952,1380261.970186,-27.26%,11913508.75,11913991.75
SAIC,-485.0,-0.0141%,93.93,-0.20%,93.6109,477144.707805,-20.83%,3428585.0,3429070.0
FDMT,-493.0,-0.0122%,10.14,2.11%,9.9056,832112.247106,12.86%,4050967.0,4051460.0
CFFN,-494.0,-0.0028%,7.85,0.38%,7.8505,691975.42276,-10.56%,17802019.0,17802513.0
BBWI,-504.0,-0.0035%,19.73,2.23%,19.637,6045584.11109,19.24%,14422388.0,14422892.0
FFIV,-507.0,-0.0107%,354.03,2.61%,352.3602,708776.1424,-0.68%,4754076.02,4754583.02
KRMN,-507.0,-0.0089%,60.84,0.65%,60.0071,1750859.764596,-5.04%,5669752.0,5670259.0
688778 C1,-508.0,-1.4834%,0.0,0.00%,0.0,0.0,0.00%,33738.0,34246.0
XRAY,-510.0,-0.0034%,11.0,0.36%,10.9357,6637841.012297,0.39%,14831925.0,14832435.0
ANTO LN,-522.0,-0.0074%,0.0,0.00%,0.0,0.0,0.00%,7055727.0,7056249.0
MTUS,-522.0,-0.0080%,18.45,0.71%,18.4516,299473.04059,-6.57%,6497324.0,6497846.0
HRTG,-523.0,-0.0443%,22.41,-20.05%,22.3821,1789577.907198,369.31%,1180820.0,1181343.0
FDX,-523.0,-0.0047%,378.58,0.70%,379.4909,1369837.617868,-13.32%,11130865.93,11131388.93
ELV,-524.0,-0.0045%,378.07,1.38%,376.3555,1305910.261606,-7.41%,11744716.92,11745240.92
SLDB,-527.0,-0.0170%,7.27,2.83%,7.1986,924817.854497,22.86%,3096576.0,3097103.0
PKG,-528.0,-0.0085%,224.59,0.52%,224.9136,456234.388264,-19.50%,6206741.43,6207269.43
LWLG,-533.0,-0.0388%,16.43,10.83%,15.6788,10526741.436099,50.11%,1371675.0,1372208.0
KSS,-537.0,-0.0033%,14.5,1.05%,14.3827,3830114.03783,-2.70%,16084315.0,16084852.0
INSP,-538.0,-0.0179%,44.26,-2.87%,44.5721,971774.792576,-51.55%,2997801.0,2998339.0
HUM,-543.0,-0.0068%,274.96,11.27%,267.1207,3151854.947991,167.44%,7984609.12,7985152.12
DLX,-544.0,-0.0088%,26.58,-0.93%,26.3269,609607.567709,-32.58%,6153288.0,6153832.0
LNTH,-550.0,-0.0088%,93.06,2.26%,93.3354,1540252.024222,-10.94%,6252241.0,6252791.0
CI,-550.0,-0.0039%,288.06,1.42%,286.7191,1659409.021765,38.15%,14161065.04,14161615.04
AXP,-559.0,-0.0018%,316.03,-0.83%,315.8001,6802220.334314,103.02%,30561009.69,30561568.69
2326 JP,-560.0,-0.1696%,0.0,0.00%,0.0,0.0,0.00%,329607.0,330167.0
ESS,-560.0,-0.0098%,263.55,-1.43%,264.4354,381496.127549,-6.57%,5693421.37,5693981.37
TROX,-561.0,-0.0053%,8.82,4.75%,8.9331,3464325.425168,-44.11%,10638697.0,10639258.0
AVTR,-561.0,-0.0012%,8.31,0.00%,8.2286,14978176.129687,33.04%,45675169.0,45675730.0
AJG,-561.0,-0.0045%,198.87,-1.52%,198.8635,1596737.034097,-50.38%,12552106.94,12552667.94
FDS,-569.0,-0.0172%,223.61,-0.17%,223.0977,775444.420147,-4.73%,3300192.98,3300761.98
WAB,-570.0,-0.0064%,265.71,0.05%,265.7973,678595.065484,-24.24%,8940044.58,8940614.58
RIG,-581.0,-0.0010%,6.4,3.73%,6.3876,31209339.766543,-7.86%,57200953.0,57201534.0
AAL LN,-584.0,-0.6004%,0.0,0.00%,0.0,0.0,0.00%,96682.0,97266.0
ABAT,-586.0,-0.0043%,3.17,2.59%,3.1553,6502088.896864,23.08%,13601530.0,13602116.0
GIII,-588.0,-0.0118%,31.77,1.50%,31.6927,255391.267879,-14.62%,4992609.0,4993197.0
AMPY,-593.0,-0.1320%,5.29,-2.76%,5.3262,722487.481238,-25.28%,448721.0,449314.0
HUBB,-595.0,-0.0190%,492.58,-0.09%,492.6871,499340.398274,-31.15%,3128920.04,3129515.04
VOYA,-595.0,-0.0070%,81.59,2.38%,81.0316,887700.092691,-57.79%,8541567.0,8542162.0
300618 C2,-600.0,-1.4252%,0.0,0.00%,0.0,0.0,0.00%,41500.0,42100.0
300777 C2,-600.0,-1.4778%,0.0,0.00%,0.0,0.0,0.00%,40000.0,40600.0
MQ,-600.0,-0.0044%,4.17,-0.48%,4.1782,3628321.628159,-13.18%,13780752.0,13781352.0
ADT,-602.0,-0.0010%,6.87,-0.43%,6.8722,17692984.954515,-12.16%,60217407.0,60218009.0
DLTR,-606.0,-0.0048%,94.24,-2.60%,95.1365,3452468.814029,-16.72%,12498884.76,12499490.76
RNR,-607.0,-0.0084%,300.16,-0.23%,300.7776,187694.428997,-40.10%,7251180.0,7251787.0
BHF,-608.0,-0.0043%,61.38,-0.49%,61.364,502951.789452,-34.26%,14226155.0,14226763.0
STLD,-608.0,-0.0061%,235.1,0.94%,234.9814,896243.115563,-21.54%,10044937.92,10045545.92
LOAR,-609.0,-0.0185%,59.8,-0.50%,60.4061,1837474.118922,12.50%,3300135.0,3300744.0
OPTU,-612.0,-0.0067%,1.13,-4.24%,1.1822,4994498.711495,-50.00%,9180023.0,9180635.0
ILPT,-614.0,-0.0217%,8.15,3.03%,8.0566,370920.538513,21.73%,2831042.0,2831656.0
LBRT,-615.0,-0.0025%,33.11,4.51%,32.904,3310367.842244,2.38%,24228137.0,24228752.0
MAT,-627.0,-0.0029%,15.39,2.60%,15.4296,6535376.662619,118.04%,21288825.0,21289452.0
AXS,-627.0,-0.0160%,99.39,0.08%,99.4286,327843.962811,-33.86%,3914158.0,3914785.0
CRC,-635.0,-0.0057%,58.92,-3.60%,59.724,1371256.907649,-2.25%,11198245.0,11198880.0
AVY,-636.0,-0.0117%,163.51,-1.22%,163.9035,539388.865418,-39.73%,5417684.53,5418320.53
EPC,-638.0,-0.0105%,21.25,-1.85%,21.4417,920414.89261,-9.59%,6102064.0,6102702.0
MLAB,-644.0,-0.3178%,104.65,-1.39%,102.555,171624.761311,41.10%,201969.0,202613.0
GTX,-650.0,-0.0098%,29.0,7.29%,28.741,4243061.180065,21.34%,6625217.0,6625867.0
EXPE,-652.0,-0.0081%,229.98,-9.02%,232.7181,4189786.398282,27.26%,8042743.79,8043395.79
MLKN,-673.0,-0.0077%,16.32,-0.37%,16.3486,415508.23342,-51.97%,8792228.0,8792901.0
LYV,-680.0,-0.0043%,163.28,-1.49%,163.6953,3571343.931569,-20.13%,15815931.75,15816611.75
BK,-681.0,-0.0015%,130.5,-0.15%,130.6926,3881607.570708,-1.55%,45044571.69,45045252.69
FNB,-684.0,-0.0018%,17.9,-0.11%,17.9215,3118035.657266,-9.64%,37284691.0,37285375.0
ACHC,-685.0,-0.0072%,25.18,2.94%,25.155,1811702.66722,-20.12%,9574764.0,9575449.0
DVA,-686.0,-0.0214%,198.65,1.22%,197.3259,1127109.577464,-37.99%,3207953.26,3208639.26
CBRE,-687.0,-0.0037%,146.33,-0.25%,147.3239,1869133.540347,2.24%,18673406.7,18674093.7
POOL,-692.0,-0.0265%,187.77,-1.40%,188.1362,827378.105927,-47.45%,2611706.44,2612398.44
HTLD,-694.0,-0.0116%,13.22,1.85%,13.1326,495623.153392,38.34%,5960670.0,5961364.0
OZK,-712.0,-0.0053%,48.5,0.35%,48.4906,781490.205771,-22.56%,13515201.0,13515913.0
VFC,-714.0,-0.0031%,18.98,-0.42%,19.057,4617365.16869,-9.95%,22693221.0,22693935.0
LLY,-717.0,-0.0018%,948.45,-2.72%,952.8068,3559161.316391,1.84%,39545307.96,39546024.96
BDX,-722.0,-0.0043%,149.43,-2.50%,149.0723,4481962.717856,-29.35%,16675784.26,16676506.26
FMC,-727.0,-0.0054%,13.4,-2.05%,13.5028,3858672.542009,12.05%,13415582.0,13416309.0
NPH SJ,-734.0,-1.0355%,0.0,0.00%,0.0,0.0,0.00%,70149.0,70883.0
TMDX,-736.0,-0.0162%,67.84,-6.94%,68.6331,2703718.203984,1.78%,4543989.0,4544725.0
EFX,-736.0,-0.0108%,175.83,0.12%,175.4132,1402764.778337,-22.69%,6834045.62,6834781.62
AMP,-737.0,-0.0111%,465.56,1.46%,464.2875,604150.108216,-0.06%,6659823.84,6660560.84
DCH,-739.0,-0.0022%,6.64,14.88%,6.4879,10758397.094277,87.08%,33625289.0,33626028.0
SYK,-746.0,-0.0043%,285.47,-2.98%,287.2178,2136332.99101,-19.35%,17209261.23,17210007.23
BIIB,-746.0,-0.0072%,193.45,1.08%,193.4176,931578.653248,26.63%,10312907.38,10313653.38
RCL,-749.0,-0.0049%,275.24,-2.00%,276.5701,2295603.165667,-42.46%,15353174.87,15353923.87
CLVT,-759.0,-0.0126%,2.78,-0.36%,2.7669,4117365.221131,-22.65%,6003303.0,6004062.0
HBM CN,-768.0,-0.0054%,0.0,0.00%,0.0,0.0,0.00%,14312439.0,14313207.0
JBHT,-769.0,-0.0143%,245.4,1.33%,244.8459,612432.471664,-31.46%,5374700.19,5375469.19
LEG,-776.0,-0.0043%,10.06,-2.33%,10.0674,2362928.109592,-58.64%,17896249.0,17897025.0
JXN,-781.0,-0.0068%,112.78,2.44%,112.8521,694650.343327,-1.73%,11447731.0,11448512.0
VSH,-788.0,-0.0050%,34.26,5.12%,34.1329,4577344.266143,-0.38%,15703393.0,15704181.0
YUM,-792.0,-0.0048%,151.95,-3.37%,153.5203,1583583.927287,-0.90%,16614247.25,16615039.25
LOW,-795.0,-0.0030%,229.2,-0.73%,229.6212,1746408.94558,-19.71%,26186650.88,26187445.88
VLY,-800.0,-0.0013%,13.41,0.07%,13.4077,4772844.279915,9.86%,63383085.0,63383885.0
002125 C2,-800.0,-1.3817%,0.0,0.00%,0.0,0.0,0.00%,57100.0,57900.0
DOV,-802.0,-0.0101%,219.83,-0.48%,219.9094,711746.849254,-24.58%,7927348.9,7928150.9
FLY,-805.0,-0.0587%,39.68,22.62%,37.9119,11917290.789324,221.93%,1370212.0,1371017.0
SPG,-807.0,-0.0038%,202.12,0.36%,202.5191,1081635.638757,-23.26%,21260183.4,21260990.4
SHEN,-815.0,-0.0130%,16.16,-0.43%,16.2951,264911.076577,-16.85%,6254065.0,6254880.0
HUN,-816.0,-0.0244%,14.96,1.49%,14.8698,3806230.702499,-36.01%,3343341.0,3344157.0
XRX,-816.0,-0.0090%,2.78,17.30%,2.6545,8441959.002669,21.09%,9076192.0,9077008.0
HZO,-826.0,-0.0264%,34.32,4.44%,33.7217,799580.8421,-7.00%,3133384.0,3134210.0
MSI,-835.0,-0.0083%,383.99,-11.36%,388.2901,3101642.718654,176.67%,10071288.2,10072123.2
RRC,-843.0,-0.0045%,40.52,-0.83%,40.6815,2061819.48998,-28.43%,18561403.0,18562246.0
ATH,-851.0,-0.0062%,0.0,0.00%,0.0,0.0,0.00%,13638832.0,13639683.0
MPT,-858.0,-0.0016%,5.17,-3.00%,5.2107,5885826.877302,-38.41%,53063146.0,53064004.0
HSBK LI,-858.0,-0.2157%,0.0,0.00%,0.0,0.0,0.00%,397007.0,397865.0
ATO,-867.0,-0.0053%,180.87,-0.54%,181.5802,1136647.548097,-39.18%,16207718.86,16208585.86
AR,-874.0,-0.0039%,35.94,-1.18%,36.0675,3020332.263021,-45.39%,22623190.0,22624064.0
LBTYA,-876.0,-0.0190%,12.15,-0.98%,12.206,1306402.567305,-14.45%,4612781.0,4613657.0
AON,-883.0,-0.0081%,312.79,-0.26%,312.184,1179163.686171,-36.57%,10909570.59,10910453.59
688707 C1,-890.0,-1.4822%,0.0,0.00%,0.0,0.0,0.00%,59157.0,60047.0
GO,-891.0,-0.0062%,8.19,1.87%,8.1949,2130217.698602,-28.79%,14373317.0,14374208.0
HTFL,-894.0,-0.1126%,29.51,-1.57%,29.3,541820.518435,2.96%,793160.0,794054.0
RMD,-902.0,-0.0094%,206.76,-0.06%,206.2805,993580.693809,-24.48%,9569606.89,9570508.89
PSX,-941.0,-0.0031%,171.56,1.93%,171.1639,2917678.103807,17.77%,30357677.31,30358618.31
ALLE,-942.0,-0.0160%,134.37,-1.78%,135.2768,995991.656744,-32.95%,5872661.8100000005,5873603.8100000005
INCY,-959.0,-0.0063%,98.56,0.81%,98.5973,877843.06543,-14.07%,15285018.77,15285977.77
XYZ,-960.0,-0.0031%,74.85,6.72%,74.9841,12878420.063323,28.50%,31431052.14,31432012.14
AKRBP NO,-968.0,-0.2231%,0.0,0.00%,0.0,0.0,0.00%,432863.0,433831.0
TT,-979.0,-0.0079%,466.17,-0.77%,468.449,1177816.218447,-24.89%,12450942.81,12451921.81
SATS,-981.0,-0.0049%,127.15,3.69%,125.7821,3052428.218145,-13.34%,20074528.62,20075509.62
WTW,-985.0,-0.0160%,256.36,-0.66%,256.5892,1066362.414413,4.64%,6155932.07,6156917.07
HXL,-990.0,-0.0109%,95.32,-0.47%,95.6624,904573.219389,1.74%,9123146.0,9124136.0
OVV,-990.0,-0.0046%,57.83,-0.82%,57.8246,4801820.06589,-22.13%,21703416.0,21704406.0
CNH,-995.0,-0.0015%,10.96,1.11%,10.9294,18658657.157792,1.83%,64258429.0,64259424.0
NUE,-996.0,-0.0065%,227.5,0.35%,227.8654,965201.183706,-45.38%,15426894.7,15427890.7
BAH,-997.0,-0.0101%,77.04,0.25%,76.3958,1253720.804781,-18.83%,9904578.0,9905575.0
NSC,-1002.0,-0.0093%,312.01,-0.44%,312.5104,1705869.986426,97.83%,10723518.39,10724520.39
6762 JP,-1008.0,-0.0206%,0.0,0.00%,0.0,0.0,0.00%,4884477.0,4885485.0
LDOS,-1012.0,-0.0100%,130.11,-0.88%,129.6623,1515839.145532,4.73%,10070792.26,10071804.26
BRK/B,-1012.0,-0.0411%,0.0,0.00%,0.0,0.0,0.00%,2459691.0,2460703.0
BXMT,-1015.0,-0.0046%,19.13,-0.10%,19.1327,865895.135734,-3.85%,22289156.0,22290171.0
EOG,-1019.0,-0.0024%,130.03,-0.66%,130.4721,3593604.826554,-38.13%,42382944.89,42383963.89
MTDR,-1028.0,-0.0102%,55.26,-0.56%,55.389,2683632.542303,-5.97%,10047967.0,10048995.0
NWS,-1030.0,-0.0069%,31.31,1.49%,30.8028,2393654.674953,39.46%,15028329.85,15029359.85
CLMT,-1040.0,-0.0188%,32.08,-7.31%,32.6231,2220756.716377,114.84%,5534837.0,5535877.0
CDW,-1047.0,-0.0116%,104.79,-4.91%,105.8349,2688465.600519,-33.90%,8987544.2,8988591.2
ETN,-1054.0,-0.0057%,401.51,0.59%,402.0229,2386947.019665,-33.51%,18653736.15,18654790.15
TROW,-1060.0,-0.0046%,105.33,1.68%,104.7127,1506095.965621,-29.06%,23067942.59,23069002.59
FLNG,-1067.0,-0.0717%,32.72,1.49%,32.6206,414838.971455,0.49%,1487487.0,1488554.0
UNH,-1069.0,-0.0021%,379.98,2.77%,376.2175,6455080.624862,23.30%,51316579.74,51317648.74
GT,-1071.0,-0.0039%,6.505,-5.17%,6.649,8333648.892591,-35.71%,27186949.0,27188020.0
MGY,-1071.0,-0.0041%,27.8,-1.24%,27.9355,2930531.395957,-38.80%,26267973.0,26269044.0
CRM,-1074.0,-0.0019%,181.82,-2.43%,180.363,15123889.11462,8.38%,57859372.34,57860446.34
IRM,-1080.0,-0.0055%,128.84,1.60%,128.9143,1141499.84818,-47.70%,19759289.81,19760369.81
VLO,-1087.0,-0.0048%,241.06,1.99%,240.6417,3409241.727381,-10.90%,22727096.35,22728183.35
STZ,-1093.0,-0.0122%,148.21,-1.36%,148.0041,1505020.139742,-9.46%,8934809.25,8935902.25
MUR,-1098.0,-0.0071%,36.98,-3.37%,37.4077,2427015.15985,-13.39%,15548199.0,15549297.0
316 HK,-1100.0,-0.1542%,0.0,0.00%,0.0,0.0,0.00%,712200.0,713300.0
300010,-1100.0,-100.0000%,0.0,0.00%,0.0,0.0,0.00%,0.0,1100.0
HLX,-1103.0,-0.0049%,9.66,-1.73%,9.6884,1453011.186822,-27.24%,22308743.0,22309846.0
CRH,-1108.0,-0.0035%,113.76,1.00%,113.5328,5744388.308934,27.53%,32080598.63,32081706.63
EXE,-1109.0,-0.0057%,95.94,-1.52%,96.6377,2173840.729502,-28.64%,19360555.42,19361664.42
PLD,-1116.0,-0.0022%,144.09,1.27%,143.7073,3267211.905485,-16.28%,49943261.29,49944377.29
ICAD FP,-1122.0,-0.2213%,0.0,0.00%,0.0,0.0,0.00%,505852.0,506974.0
NOG,-1129.0,-0.0071%,23.4,-2.21%,23.6219,1953685.127218,-30.52%,15981541.0,15982670.0
ERIE,-1132.0,-0.0482%,215.9,-0.39%,215.948,140529.517023,-37.53%,2349853.75,2350985.75
UAL,-1135.0,-0.0059%,99.58,-0.12%,99.8918,3897182.066681,-52.52%,19140383.7,19141518.7
ABT,-1145.0,-0.0012%,84.32,-3.09%,84.9742,10913482.034813,-17.78%,92677797.01,92678942.01
PL,-1178.0,-0.0086%,39.04,10.78%,38.1712,12929904.886565,21.91%,13725690.0,13726868.0
STE,-1187.0,-0.0135%,207.45,-2.92%,208.3573,885215.391845,58.70%,8820547.7,8821734.7
ACN,-1190.0,-0.0031%,180.42,0.13%,178.7385,5695964.384769,-10.02%,38531600.19,38532790.19
002068 C2,-1200.0,-1.3761%,0.0,0.00%,0.0,0.0,0.00%,86000.0,87200.0
CDNA,-1206.0,-0.0273%,21.82,1.77%,21.8053,691821.542962,6.90%,4423187.0,4424393.0
IBM,-1210.0,-0.0021%,229.76,-0.67%,228.9285,5332800.013241,-2.78%,56797653.31,56798863.31
KIO SJ,-1210.0,-0.2223%,0.0,0.00%,0.0,0.0,0.00%,543070.0,544280.0
WYNN,-1216.0,-0.0198%,102.42,-4.15%,101.6185,3981186.530983,212.70%,6150592.85,6151808.85
KMB,-1220.0,-0.0041%,98.31,-1.26%,98.649,3181539.562085,-31.15%,30047717.56,30048937.56
SJM,-1230.0,-0.0132%,99.25,-0.19%,99.1817,1703758.664429,-29.67%,9323887.44,9325117.44
AME,-1233.0,-0.0098%,232.4,-0.99%,232.9288,1267648.204482,11.53%,12547834.73,12549067.73
WM,-1242.0,-0.0063%,215.37,-2.75%,216.7483,2630665.028041,62.70%,19842326.45,19843568.45
ZIM,-1243.0,-0.1513%,26.61,1.99%,26.6236,859518.146926,-59.23%,820566.0,821809.0
RSG,-1272.0,-0.0107%,200.02,-0.76%,200.5176,2272925.762324,-18.33%,11909237.55,11910509.55
AHCO,-1289.0,-0.0091%,11.3,-3.67%,11.431,1484518.611461,-23.99%,14190768.0,14192057.0
ABBV,-1290.0,-0.0014%,201.55,-0.57%,201.2504,4915719.31164,-26.42%,92779135.71,92780425.71
J,-1293.0,-0.0159%,118.43,-3.53%,119.5982,1512246.226985,-18.03%,8122458.76,8123751.76
AMG NA,-1318.0,-0.0635%,0.0,0.00%,0.0,0.0,0.00%,2073882.0,2075200.0
CLF,-1326.0,-0.0020%,11.02,3.47%,10.9563,10755144.946236,-32.90%,65528129.0,65529455.0
HD,-1338.0,-0.0026%,317.45,-1.61%,319.1021,4995471.917055,13.23%,52174691.64,52176029.64
UNP,-1345.0,-0.0047%,264.65,-0.09%,264.8413,1788019.797305,-12.03%,28712457.89,28713802.89
A,-1347.0,-0.0086%,115.62,-2.55%,115.2472,2688965.016416,17.87%,15694268.65,15695615.65
GPN,-1351.0,-0.0092%,69.19,-1.34%,69.4718,3560733.796633,-32.09%,14669973.13,14671324.13
CRSR,-1354.0,-0.0190%,7.88,11.14%,7.6346,3994140.123101,92.67%,7126566.0,7127920.0
GPC,-1364.0,-0.0106%,104.72,-0.50%,105.2905,955341.197864,-28.82%,12862334.25,12863698.25
CB,-1367.0,-0.0074%,319.64,-0.51%,320.1194,926967.299911,-14.12%,18427716.28,18429083.28
TGT,-1367.0,-0.0045%,125.25,-0.50%,125.2548,3883687.921641,-48.49%,30231911.88,30233278.88
AZN LN,-1381.0,-20.1665%,0.0,0.00%,0.0,0.0,0.00%,5467.0,6848.0
ITW,-1382.0,-0.0086%,254.76,-0.30%,254.9697,884639.549418,-37.40%,16004430.53,16005812.53
EXR,-1384.0,-0.0091%,143.3,0.02%,143.6043,647444.850014,-48.72%,15237206.27,15238590.27
ZBH,-1385.0,-0.0109%,82.33,-1.25%,82.5812,2077380.986462,-4.61%,12680638.37,12682023.37
000831 C2,-1400.0,-1.1504%,0.0,0.00%,0.0,0.0,0.00%,120300.0,121700.0
BSX,-1402.0,-0.0019%,53.93,-4.67%,54.6357,20841325.318275,-18.40%,73534943.57,73536345.57
ALWN GA,-1408.0,-0.2220%,0.0,0.00%,0.0,0.0,0.00%,632732.0,634140.0
UAA,-1412.0,-0.0074%,6.43,0.63%,6.429,7103145.501274,6.49%,19203091.0,19204503.0
UHS,-1417.0,-0.0349%,169.96,-0.35%,170.3133,1109817.632174,-11.54%,4063289.56,4064706.56
WEC,-1423.0,-0.0047%,111.66,-0.99%,111.9224,1545380.655525,-9.34%,30129399.78,30130822.78
NTRA,-1424.0,-0.0337%,194.24,-11.64%,198.0806,3925677.441662,41.93%,4230034.0,4231458.0
OTIS,-1455.0,-0.0070%,74.82,-3.42%,75.0301,8748446.795735,58.53%,20899990.47,20901445.47
EDIT,-1465.0,-0.0333%,3.11,2.64%,3.1252,1115128.716921,-22.64%,4400421.0,4401886.0
SLP LN,-1470.0,-1.4813%,0.0,0.00%,0.0,0.0,0.00%,97768.0,99238.0
MRSH,-1473.0,-0.0058%,163.25,-1.67%,163.7122,1948128.915579,-33.48%,25217492.03,25218965.03
CF,-1475.0,-0.0144%,115.02,-3.08%,116.4183,3068944.546909,-43.63%,10250542.68,10252017.68
STWD,-1478.0,-0.0051%,17.75,-1.66%,17.7108,5475816.285223,45.31%,28842787.0,28844265.0
MCD,-1484.0,-0.0038%,275.75,-2.80%,278.0164,6044095.20801,-8.61%,38967174.7,38968658.7
COO,-1484.0,-0.0119%,60.0,-1.82%,60.0312,2151019.496347,2.61%,12509128.11,12510612.11
MA,-1485.0,-0.0035%,495.48,-1.09%,495.725,4143614.670642,-16.53%,42836348.94,42837833.94
AVB,-1499.0,-0.0142%,184.08,-0.92%,184.6122,2001230.251356,28.27%,10590467.79,10591966.79
PPG,-1501.0,-0.0088%,109.61,0.62%,109.8848,1391613.093222,-34.97%,16966686.93,16968187.93
GDDY,-1505.0,-0.0131%,91.02,1.42%,90.2378,2120792.990424,-19.56%,11485862.75,11487367.75
CINF,-1506.0,-0.0127%,161.5,-0.34%,161.823,664353.6205,-14.52%,11811774.05,11813280.05
KBR,-1513.0,-0.0150%,32.54,-1.99%,32.3016,2547959.377285,-11.61%,10074191.0,10075704.0
BR,-1520.0,-0.0183%,149.5,-2.22%,149.4814,1650453.620398,-6.26%,8327003.890000001,8328523.890000001
MPC,-1530.0,-0.0073%,244.87,1.08%,245.2175,2575017.477013,4.76%,21014610.26,21016140.26
EQH,-1538.0,-0.0057%,42.6,-0.58%,42.9083,2485143.155441,-41.60%,26841934.0,26843472.0
TRV,-1542.0,-0.0078%,298.04,-0.30%,298.1083,900778.624112,-25.30%,19726865.94,19728407.94
JKHY,-1560.0,-0.0255%,145.84,-0.13%,145.5196,1171581.108967,-2.61%,6113144.03,6114704.03
CVS,-1562.0,-0.0023%,90.55,3.65%,89.7629,11162662.985047,18.89%,67960565.36,67962127.36
IR,-1562.0,-0.0082%,75.75,-2.26%,76.2822,2808210.272042,-26.74%,19094894.5,19096456.5
DHI,-1563.0,-0.0077%,147.63,1.14%,147.3218,1532410.237724,-15.20%,20278980.97,20280543.97
CLX,-1595.0,-0.0140%,92.16,0.05%,92.361,3310904.833106,-14.60%,11405103.11,11406698.11
300699 C2,-1600.0,-1.4152%,0.0,0.00%,0.0,0.0,0.00%,111460.0,113060.0
ZTS,-1608.0,-0.0066%,82.83,-5.13%,82.8947,17187012.527315,-42.56%,24498370.31,24499978.31
PTC,-1622.0,-0.0173%,146.65,-0.68%,145.9725,1225928.464725,-66.17%,9366918.65,9368540.65
IMP SJ,-1632.0,-1.0044%,0.0,0.00%,0.0,0.0,0.00%,160854.0,162486.0
RVTY,-1635.0,-0.0210%,101.0,2.18%,100.2846,2441940.088832,21.79%,7770227.85,7771862.85
DRI,-1641.0,-0.0215%,196.23,0.54%,196.5275,877604.132056,-17.77%,7617018.17,7618659.17
DRS,-1643.0,-0.0227%,41.36,-0.19%,41.3626,925001.621988,-19.63%,7240343.0,7241986.0
ARR,-1648.0,-0.0094%,17.63,0.46%,17.6167,4992870.873117,131.26%,17598659.0,17600307.0
LYC AU,-1668.0,-0.0106%,0.0,0.00%,0.0,0.0,0.00%,15662528.0,15664196.0
EW,-1681.0,-0.0052%,79.96,-3.38%,80.2513,4031273.538877,20.97%,32144972.76,32146653.76
IT,-1702.0,-0.0270%,158.65,0.55%,157.9006,1204615.93673,-50.51%,6301600.78,6303302.78
DECK,-1708.0,-0.0138%,100.42,-2.24%,100.5172,1779715.938959,-0.65%,12415790.72,12417498.72
RJF,-1712.0,-0.0159%,154.33,0.52%,154.5486,1351377.272696,-5.10%,10796044.53,10797756.53
CVX,-1719.0,-0.0014%,181.62,-0.48%,181.6146,13052999.874705,7.04%,121315373.87,121317092.87
LEN,-1722.0,-0.0113%,88.38,0.73%,88.1487,1501739.243915,-37.59%,15179483.74,15181205.74
PNFP,-1740.0,-0.0119%,97.89,-0.78%,98.0805,882522.802013,-15.66%,14648109.0,14649849.0
BLDR,-1769.0,-0.0199%,77.4,-2.53%,78.0995,2024169.528144,-45.83%,8878427.41,8880196.41
PFG,-1786.0,-0.0103%,100.5,0.47%,100.5765,1022137.36336,-6.45%,17383458.03,17385244.03
ICE,-1804.0,-0.0064%,155.82,-0.19%,155.8209,2953022.445841,-16.81%,28175376.11,28177180.11
MKC,-1814.0,-0.0091%,48.32,0.88%,48.4809,3860523.940979,-20.30%,19855750.9,19857564.9
BRO,-1830.0,-0.0099%,56.45,-2.76%,56.5981,3616474.345366,5.40%,18504206.05,18506036.05
HSIC,-1858.0,-0.0244%,70.82,0.45%,70.3515,1436815.051245,-51.28%,7618010.5,7619868.5
TFSL,-1859.0,-0.0609%,15.1,0.33%,15.1012,495871.617485,-34.43%,3053113.0,3054972.0
FLG,-1864.0,-0.0053%,14.28,-0.07%,14.3232,4025891.128163,-2.31%,35134030.0,35135894.0
EFC,-1887.0,-0.0096%,13.62,0.22%,13.6225,2184624.560011,28.26%,19677397.0,19679284.0
IGO AU,-1891.0,-0.0430%,0.0,0.00%,0.0,0.0,0.00%,4394987.0,4396878.0
CMS,-1897.0,-0.0058%,72.61,-1.83%,72.8284,2307124.909983,-26.34%,32481816.96,32483713.96
APTV,-1898.0,-0.0139%,57.94,1.45%,57.7002,5007547.63348,13.33%,13684802.11,13686700.11
LULU,-1919.0,-0.0234%,131.18,-1.80%,132.1805,2082004.905267,-30.93%,8193666.59,8195585.59
EWBC,-1932.0,-0.0166%,122.99,0.87%,122.5974,723152.473445,-40.58%,11659215.0,11661147.0
688779 C1,-1960.0,-1.4810%,0.0,0.00%,0.0,0.0,0.00%,130387.0,132347.0
DX,-1969.0,-0.0174%,13.41,0.68%,13.3905,4289291.715029,32.11%,11329049.0,11331018.0
MPWR,-1983.0,-0.0325%,1600.84,1.58%,1598.3838,686738.459667,14.40%,6106566.96,6108549.96
PTEN,-1984.0,-0.0036%,11.42,0.09%,11.4939,5328055.357955,-18.29%,54686679.0,54688663.0
IFF,-1985.0,-0.0124%,81.05,3.57%,80.5732,2276193.445816,-28.53%,16012265.26,16014250.26
PGR,-1988.0,-0.0059%,194.0,-0.89%,193.8036,3308998.60155,2.57%,33751828.75,33753816.75
SM,-1992.0,-0.0060%,29.44,1.17%,29.3881,4482344.543547,-36.98%,32979896.0,32981888.0
MNR,-1995.0,-0.8650%,13.75,4.32%,13.7178,1043009.697424,31.65%,228646.0,230641.0
FRT,-1997.0,-0.0211%,115.68,0.01%,115.7474,984308.601006,7.25%,9477597.67,9479594.67
MMT FP,-2013.0,-0.2219%,0.0,0.00%,0.0,0.0,0.00%,905295.0,907308.0
RDW,-2016.0,-0.0180%,11.07,20.33%,10.5252,56024004.17213,75.04%,11179298.0,11181314.0
EQT,-2062.0,-0.0045%,55.96,-0.46%,56.1534,6206927.157635,-37.61%,45972839.22,45974901.22
MAA,-2081.0,-0.0209%,129.31,-0.81%,129.3884,767028.045545,-31.10%,9973318.36,9975399.36
L,-2092.0,-0.0168%,104.5,0.09%,104.4507,1005375.923406,16.03%,12472476.41,12474568.41
LTR AU,-2104.0,-0.0017%,0.0,0.00%,0.0,0.0,0.00%,123960748.0,123962852.0
CIM,-2122.0,-0.0277%,13.64,0.74%,13.6887,778603.154053,-30.14%,7651349.0,7653471.0
ZION,-2129.0,-0.0161%,62.5,-0.37%,62.4726,1316685.044602,-4.83%,13241360.0,13243489.0
FOXA,-2140.0,-0.0092%,62.94,0.40%,62.5946,4250081.470906,67.68%,23247168.69,23249308.69
MVC SM,-2145.0,-0.2221%,0.0,0.00%,0.0,0.0,0.00%,963443.0,965588.0
PRCT,-2157.0,-0.0791%,25.4,-0.16%,25.3633,1370366.427315,31.70%,2723656.0,2725813.0
OMC,-2182.0,-0.0062%,77.06,0.18%,77.0237,2837781.559155,-26.12%,35082313.92,35084495.92
MAS,-2191.0,-0.0148%,71.74,-0.26%,72.001,2780860.379407,-19.62%,14781877.93,14784068.93
UNIP6 BZ,-2200.0,-0.2248%,0.0,0.00%,0.0,0.0,0.00%,976300.0,978500.0
GMEXICOB MM,-2200.0,-1.4257%,0.0,0.00%,0.0,0.0,0.00%,152105.0,154305.0
VALE3 BZ,-2200.0,-0.2961%,0.0,0.00%,0.0,0.0,0.00%,740900.0,743100.0
ARE,-2208.0,-0.0148%,46.26,1.49%,46.3554,2226044.569897,-26.42%,14963846.58,14966054.58
WAWI NO,-2233.0,-0.2230%,0.0,0.00%,0.0,0.0,0.00%,998919.0,1001152.0
BNTX,-2242.0,-0.2726%,94.125,1.19%,94.3604,1035633.796947,-7.45%,820207.0,822449.0
NOV,-2312.0,-0.0071%,19.25,-0.26%,19.3472,3093579.86257,-64.95%,32417272.0,32419584.0
TWO,-2323.0,-0.0124%,12.55,1.37%,12.5159,2452467.35353,32.42%,18690156.0,18692479.0
ROL,-2327.0,-0.0096%,53.83,-1.03%,53.8668,2407048.537491,20.67%,24307749.39,24310076.39
BALL,-2330.0,-0.0129%,58.52,0.19%,58.7122,3155616.010581,-13.74%,18086550.41,18088880.41
CTVA,-2331.0,-0.0063%,81.13,2.61%,80.8209,4624317.991544,-26.31%,36874108.07,36876439.07
MMS AU,-2343.0,-0.2228%,0.0,0.00%,0.0,0.0,0.00%,1049066.0,1051409.0
HAUTO NO,-2343.0,-0.2220%,0.0,0.00%,0.0,0.0,0.00%,1053275.0,1055618.0
TJX,-2346.0,-0.0036%,153.36,-0.73%,153.6133,4908387.365422,5.01%,65442506.48,65444852.48
V,-2348.0,-0.0025%,318.79,-0.78%,318.8961,5950212.060737,-17.20%,94011638.28,94013986.28
ENOG LN,-2354.0,-0.2215%,0.0,0.00%,0.0,0.0,0.00%,1060430.0,1062784.0
TECH,-2358.0,-0.0183%,48.36,-5.01%,48.7499,3850168.49094,-25.20%,12865779.91,12868137.91
EXX SJ,-2365.0,-0.2216%,0.0,0.00%,0.0,0.0,0.00%,1064996.0,1067361.0
WAL,-2392.0,-0.0230%,81.9,-0.50%,81.8693,1067504.444493,40.27%,10404530.0,10406922.0
TALO,-2393.0,-0.0119%,14.99,0.47%,14.9264,1442862.790235,-43.38%,20127403.0,20129796.0
PMT,-2398.0,-0.0141%,11.0,-0.72%,11.0141,1240399.191392,-16.49%,16986159.0,16988557.0
BTCS,-2403.0,-0.0776%,2.12,-9.01%,2.134,2178651.046124,8.22%,3093666.0,3096069.0
ES,-2477.0,-0.0067%,66.51,-0.79%,66.7581,3620526.362126,-1.37%,37237835.04,37240312.04
PHM,-2480.0,-0.0158%,117.55,0.62%,117.2969,1313345.203571,-9.47%,15695628.82,15698108.82
COP,-2493.0,-0.0033%,113.87,-0.88%,114.1987,8009464.63919,-22.66%,76487097.97,76489590.97
CPT,-2498.0,-0.0266%,103.77,-0.29%,103.8236,1084884.918261,-45.79%,9405705.07,9408203.07
ARI,-2647.0,-0.0127%,11.0,0.82%,10.9971,760131.648694,-26.27%,20908311.0,20910958.0
LADR,-2662.0,-0.0379%,10.26,0.00%,10.2789,416232.487353,-22.61%,7013995.0,7016657.0
MMM,-2668.0,-0.0086%,143.29,-0.32%,143.4157,2565966.739595,-7.18%,30870925.75,30873593.75
SFL,-2684.0,-0.0494%,12.0,0.76%,12.0022,980360.095424,-17.20%,5434396.0,5437080.0
ALL,-2698.0,-0.0100%,213.15,-0.24%,213.1169,1482576.130303,-47.75%,26964990.67,26967688.67
DAL,-2707.0,-0.0074%,73.33,0.30%,73.2148,5073170.007521,-38.89%,36777881.11,36780588.11
LVS,-2708.0,-0.0129%,53.11,-1.25%,53.3821,6260522.002417,-3.00%,20998715.78,21001423.78
MDT,-2715.0,-0.0038%,76.15,-2.32%,76.5092,10199475.607501,1.91%,71901651.96000001,71904366.96000001
MASI,-2738.0,-0.0751%,178.31,-0.11%,178.371,757754.356826,-38.96%,3643644.0,3646382.0
SDLF LN,-2750.0,-0.2235%,0.0,0.00%,0.0,0.0,0.00%,1227607.0,1230357.0
FIS,-2766.0,-0.0096%,43.49,-7.96%,44.1158,11469020.357791,22.54%,28716806.25,28719572.25
MFA,-2794.0,-0.0287%,9.9,1.54%,9.899,1149202.997549,-37.95%,9748487.0,9751281.0
603799 C1,-2800.0,-1.2267%,0.0,0.00%,0.0,0.0,0.00%,225460.0,228260.0
BXP,-2801.0,-0.0187%,59.43,-0.05%,59.5828,1836548.139222,-1.33%,15002294.46,15005095.46
UPS,-2843.0,-0.0077%,100.78,0.68%,100.6445,4780824.338812,-17.70%,37024211.1,37027054.1
KR,-2894.0,-0.0074%,65.64,-1.16%,65.9653,3374680.639462,-31.12%,39017498.41,39020392.41
FTV,-2925.0,-0.0155%,60.43,-0.77%,60.5653,2769475.543515,-1.44%,18870437.9,18873362.9
CHD,-2944.0,-0.0161%,93.44,-0.47%,93.4281,1620771.432798,6.72%,18331529.88,18334473.88
ED,-2955.0,-0.0096%,106.31,-0.08%,105.9645,2580155.831407,-16.94%,30637888.39,30640843.39
STT,-2988.0,-0.0146%,149.49,0.48%,149.5708,1248201.865005,-42.39%,20523120.78,20526108.78
601168 C1,-3000.0,-1.1538%,0.0,0.00%,0.0,0.0,0.00%,257000.0,260000.0
AGNC,-3043.0,-0.0091%,10.86,1.31%,10.829,13189740.14549,17.39%,33567393.0,33570436.0
SYY,-3045.0,-0.0086%,72.44,-0.60%,72.7019,3654838.343004,-27.03%,35363917.88,35366962.88
GNW,-3098.0,-0.0060%,9.13,-0.11%,9.1493,2287090.224964,-28.45%,51900480.0,51903578.0
MELI,-3114.0,-0.2222%,1632.52,-12.70%,1651.8849,2333893.054594,186.49%,1398447.0,1401561.0
TRTX,-3124.0,-0.0584%,8.57,0.82%,8.5691,363658.802432,8.40%,5348372.0,5351496.0
OXY,-3129.0,-0.0060%,53.03,-1.69%,53.4728,12962030.057551,-28.86%,52319153.94,52322282.94
EVRG,-3131.0,-0.0134%,81.78,-1.15%,82.0116,2963813.785401,-15.91%,23406238.73,23409369.73
AEE,-3139.0,-0.0152%,109.07,0.28%,108.9932,1754862.993304,17.39%,20698015.77,20701154.77
AFL,-3166.0,-0.0118%,113.1,-0.44%,113.3159,1509181.76341,-20.07%,26732217.6,26735383.6
AIG,-3169.0,-0.0106%,76.36,-0.09%,76.452,4752759.510947,69.57%,30009571.43,30012740.43
IVR,-3179.0,-0.0401%,8.23,2.49%,8.1914,2103189.900906,-25.12%,7928077.0,7931256.0
HIG,-3210.0,-0.0136%,132.02,-0.49%,132.2165,1086461.25037,-42.13%,23612433.67,23615643.67
PDD,-3210.0,-0.0163%,98.78,-2.69%,99.3936,6679113.558329,7.88%,19722386.0,19725596.0
CL,-3241.0,-0.0065%,87.55,0.22%,87.8704,4435382.12067,-11.52%,50226727.36,50229968.36
RNA,-3274.0,-0.7786%,13.07,0.85%,13.0733,109772.31386,-41.96%,417225.0,420499.0
303 HK,-3300.0,-0.2166%,0.0,0.00%,0.0,0.0,0.00%,1520520.0,1523820.0
TGMA3 BZ,-3300.0,-0.2027%,0.0,0.00%,0.0,0.0,0.00%,1625100.0,1628400.0
COF,-3309.0,-0.0068%,189.48,-1.61%,189.843,4727376.301238,-15.66%,48724381.59,48727690.59
RITM,-3315.0,-0.0051%,9.84,0.51%,9.8284,3594631.321189,-17.97%,65564160.0,65567475.0
CRGY,-3341.0,-0.0084%,12.4,-0.32%,12.4157,6209943.246194,-62.76%,39763007.0,39766348.0
ADAM,-3346.0,-0.0192%,8.83,1.26%,8.7948,461523.829546,-34.65%,17388832.0,17392178.0
EBAY,-3366.0,-0.0123%,107.69,1.19%,107.106,4879189.388607,-14.11%,27366988.42,27370354.42
CAE,-3367.0,-0.1469%,26.94,-0.26%,26.9476,542690.02433,-19.30%,2288986.0,2292353.0
NWSA,-3368.0,-0.0073%,27.02,-0.07%,26.6439,8656943.404297,19.39%,46110245.04,46113613.04
MET,-3381.0,-0.0079%,78.08,-0.94%,78.0339,3051008.50478,-31.84%,42603340.82,42606721.82
TAP,-3381.0,-0.0223%,42.41,-1.67%,42.7068,3455643.230687,-3.55%,15184741.13,15188122.13
600392 C1,-3400.0,-0.0105%,0.0,0.00%,0.0,0.0,0.00%,32413781.0,32417181.0
600111 C1,-3400.0,-0.0128%,0.0,0.00%,0.0,0.0,0.00%,26519484.0,26522884.0
PR,-3406.0,-0.0061%,19.72,-1.79%,19.8548,14459909.173214,-45.63%,55581115.0,55584521.0
NWL,-3418.0,-0.0076%,4.54,2.02%,4.5023,5841325.495479,-8.16%,44697659.0,44701077.0
SARO,-3423.0,-0.0140%,25.14,-3.42%,25.2365,8306573.400552,43.54%,24416186.0,24419609.0
PNC,-3461.0,-0.0155%,216.85,-1.11%,217.5219,1619362.034889,27.65%,22327163.29,22330624.29
DIS,-3528.0,-0.0042%,108.02,-0.59%,108.1471,8369970.348238,-41.51%,84274331.66,84277859.66
FBRT,-3543.0,-0.0240%,9.09,0.55%,9.0682,910324.870399,27.24%,14774228.0,14777771.0
OSCR,-3564.0,-0.0437%,21.31,2.11%,20.8503,9237557.496225,-25.44%,8158319.0,8161883.0
TXT,-3577.0,-0.0223%,91.01,-0.63%,90.9769,1379032.201332,15.63%,16030034.59,16033611.59
SYF,-3591.0,-0.0131%,73.14,-1.16%,73.1234,4069859.146756,37.88%,27437045.0,27440636.0
CNC,-3597.0,-0.0110%,55.96,1.78%,55.6465,5296248.846892,-39.92%,32617269.98,32620866.98
IP,-3646.0,-0.0084%,33.03,-0.15%,33.0556,4919275.039823,-23.29%,43415806.08,43419452.08
ORC,-3674.0,-0.0270%,7.05,1.44%,7.0161,5877537.372104,32.25%,13594994.0,13598668.0
REG,-3690.0,-0.0237%,77.59,-0.35%,77.6399,1689179.283594,-39.22%,15545585.86,15549275.86
WU,-3700.0,-0.0109%,9.07,0.22%,9.085,5216468.164899,-2.51%,33817916.0,33821616.0
CNP,-3724.0,-0.0073%,41.72,-1.23%,41.8216,4133560.847376,-17.04%,51052108.24,51055832.24
CARR,-3735.0,-0.0097%,66.83,-0.58%,67.2245,5032092.414926,-34.03%,38409041.22,38412776.22
PNW,-3764.0,-0.0268%,99.25,-0.28%,99.4933,1425707.888729,-2.67%,14052414.53,14056178.53
PEG,-3807.0,-0.0091%,77.13,-0.90%,77.3139,3509826.634466,11.18%,42023204.83,42027011.83
CRBU,-3880.0,-0.5007%,1.94,3.19%,1.9339,892097.754553,-46.53%,771001.0,774881.0
ALHC,-3880.0,-0.0540%,17.93,-1.75%,17.7233,3870062.823889,50.93%,7175923.0,7179803.0
TGA SJ,-3927.0,-0.2236%,0.0,0.00%,0.0,0.0,0.00%,1752654.0,1756581.0
RKLB,-3927.0,-0.0188%,105.47,34.22%,98.2552,79927310.073256,248.38%,20925301.0,20929228.0
EQR,-3938.0,-0.0139%,65.54,-0.49%,65.6081,1772320.522353,-54.84%,28266665.86,28270603.86
RWT,-3958.0,-0.0186%,5.57,-0.18%,5.5759,865556.301661,-4.47%,21303601.0,21307559.0
VEEV,-3964.0,-0.0399%,166.34,-1.14%,165.4963,2781680.895006,-32.18%,9934738.25,9938702.25
DEMANT DC,-3976.0,-10.9580%,0.0,0.00%,0.0,0.0,0.00%,32308.0,36284.0
WRB,-4026.0,-0.0161%,65.68,-1.28%,65.8553,1378525.750088,-7.69%,24985962.53,24989988.53
NIC AU,-4038.0,-1.4817%,0.0,0.00%,0.0,0.0,0.00%,268487.0,272525.0
NI,-4073.0,-0.0093%,46.72,-0.64%,46.8695,3853305.997715,-37.40%,43623272.02,43627345.02
BMRN,-4243.0,-0.0265%,54.06,-0.11%,53.9968,1972417.582311,-6.63%,16028853.0,16033096.0
AMCR,-4253.0,-0.0116%,39.93,0.03%,40.048,3838073.897023,-24.04%,36701422.92,36705675.92
FE,-4264.0,-0.0091%,44.33,-1.86%,44.6692,6388637.44913,28.73%,47004164.17,47008428.17
ABR,-4264.0,-0.0138%,7.21,-11.75%,7.2516,11954112.708286,57.50%,30878297.0,30882561.0
NTRS,-4390.0,-0.0306%,160.41,0.24%,160.2544,790436.233722,-25.48%,14362279.03,14366669.03
CYRE3 BZ,-4400.0,-0.2069%,0.0,0.00%,0.0,0.0,0.00%,2121900.0,2126300.0
2603 TT,-4400.0,-0.2088%,0.0,0.00%,0.0,0.0,0.00%,2103000.0,2107400.0
PETR4 BZ,-4400.0,-0.2486%,0.0,0.00%,0.0,0.0,0.00%,1765200.0,1769600.0
BBSE3 BZ,-4400.0,-0.2301%,0.0,0.00%,0.0,0.0,0.00%,1908100.0,1912500.0
PHIA NA,-4429.0,-10.2811%,0.0,0.00%,0.0,0.0,0.00%,38650.0,43079.0
IDXX,-4530.0,-0.0577%,560.11,-2.11%,560.8471,476636.601968,-37.20%,7840565.2,7845095.2
NKE,-4550.0,-0.0061%,44.14,-0.61%,44.1807,17357056.208098,1.04%,74620614.41,74625164.41
A3M SM,-4576.0,-0.2222%,0.0,0.00%,0.0,0.0,0.00%,2055200.0,2059776.0
FERG,-4580.0,-0.1326%,241.34,-2.11%,241.9748,1382157.514198,9.26%,3450241.0,3454821.0
LNT,-4618.0,-0.0172%,71.76,0.10%,71.842,2582625.160232,-11.39%,26852832.69,26857450.69
DVN,-4707.0,-0.0053%,45.61,0.66%,45.7205,15147820.748588,-43.11%,88305462.31,88310169.31
D,-4780.0,-0.0080%,61.89,0.45%,61.7595,6031898.273315,89.04%,59477351.61,59482131.61
BRSP,-4829.0,-0.0569%,5.97,0.67%,5.9669,647927.297422,-18.16%,8486772.0,8491601.0
ASTH,-4843.0,-0.0885%,39.3,8.92%,38.8635,929947.282074,51.38%,5468639.0,5473482.0
TSN,-4921.0,-0.0228%,68.38,0.65%,68.3619,2119206.682691,-17.23%,21619587.94,21624508.94
600516 C1,-5000.0,-1.4531%,0.0,0.00%,0.0,0.0,0.00%,339100.0,344100.0
ROP,-5023.0,-0.0473%,343.32,-2.59%,344.4228,1178504.40368,21.97%,10620478.44,10625501.44
ASML,-5033.0,-0.1026%,1592.02,4.97%,1569.9493,2288336.02724,32.53%,4898945.0,4903978.0
ACGL,-5096.0,-0.0192%,93.8,-0.76%,93.9332,1855955.875747,-17.01%,26576351.52,26581447.52
PRAX,-5167.0,-0.3392%,330.02,-0.98%,333.7219,339039.629183,-25.92%,1518085.0,1523252.0
MTB,-5250.0,-0.0305%,212.14,-0.41%,212.4738,668423.829137,-37.50%,17206279.02,17211529.02
PRVA,-5282.0,-0.0365%,23.06,-3.88%,23.1373,1080445.126982,-62.34%,14462997.0,14468279.0
MOS,-5317.0,-0.0210%,22.19,-3.14%,22.5934,9629272.42238,40.81%,25318758.91,25324075.91
BA,-5324.0,-0.0093%,237.36,2.74%,236.5254,7525266.763427,-11.36%,57333504.03,57338828.03
BF/B,-5344.0,-0.0699%,0.0,0.00%,0.0,0.0,0.00%,7635273.0,7640617.0
WY,-5421.0,-0.0121%,23.53,-0.72%,23.6688,4468104.368755,-24.16%,44803694.7,44809115.7
SDGR,-5478.0,-0.0791%,13.13,-1.13%,13.0318,1778361.275867,43.84%,6923021.0,6928499.0
O,-5585.0,-0.0076%,61.92,0.21%,62.0448,7270797.356561,-46.24%,73149424.78999999,73155009.78999999
7974,-5600.0,-3.6376%,0.0,0.00%,0.0,0.0,0.00%,148346.0,153946.0
AXON,-5737.0,-0.0694%,403.54,-5.47%,403.5371,1747360.450026,-31.76%,8264834.890000001,8270571.890000001
FISV,-5922.0,-0.0210%,55.48,-2.34%,55.578,5568933.456809,-22.11%,28196895.81,28202817.81
600497 C1,-6000.0,-1.1570%,0.0,0.00%,0.0,0.0,0.00%,512600.0,518600.0
NAT,-6094.0,-0.0589%,5.92,1.02%,5.9466,2247435.843326,-17.14%,10332024.0,10338118.0
UBER,-6109.0,-0.0060%,75.45,-1.67%,75.462,16230644.37971,-39.82%,102313677.73,102319786.73
RAYB SS,-6197.0,-100.0000%,0.0,0.00%,0.0,0.0,0.00%,0.0,6197.0
CCL,-6260.0,-0.0085%,26.38,-2.30%,26.6129,29526401.890425,12.12%,73416002.0,73422262.0
PLS AU,-6340.0,-0.0090%,0.0,0.00%,0.0,0.0,0.00%,70661331.0,70667671.0
MRK,-6479.0,-0.0045%,111.38,-0.82%,111.7111,5725143.561277,-21.88%,142924425.3,142930904.3
SNDK,-6498.0,-0.0537%,1562.34,16.60%,1490.2669,20567636.814673,26.62%,12096856.96,12103354.96
REGN,-6554.0,-0.0794%,714.89,0.82%,714.0078,589041.736908,-23.96%,8248994.1,8255548.1
BRAP4 BZ,-6600.0,-0.2435%,0.0,0.00%,0.0,0.0,0.00%,2704200.0,2710800.0
ILMN,-6659.0,-0.0509%,141.88,2.29%,140.0238,1499702.845695,20.83%,13073341.0,13080000.0
CPB,-6675.0,-0.0231%,20.84,-1.93%,20.9407,6423748.722975,2.67%,28834425.25,28841100.25
GIS,-6682.0,-0.0134%,34.68,-2.88%,34.8866,9943709.997611,-2.98%,49823881.71,49830563.71
BEN,-6760.0,-0.0172%,31.05,1.74%,30.9663,2965220.857131,-27.26%,39339930.52,39346690.52
FHN,-6781.0,-0.0129%,24.61,0.57%,24.5877,4129864.963753,4.50%,52403253.0,52410034.0
KLAC,-6819.0,-0.0507%,1869.19,6.01%,1864.4067,1289736.136181,3.88%,13446015.25,13452834.25
PG,-6891.0,-0.0058%,146.42,0.25%,146.7354,5740971.048537,-39.86%,119749603.06,119756494.06
ARM,-7300.0,-0.1079%,213.27,-0.02%,215.3553,11610259.190047,-48.13%,6759066.0,6766366.0
HPQ,-7408.0,-0.0083%,22.68,8.05%,22.2755,21550996.839223,9.11%,89598929.99000001,89606337.99000001
WPP LN,-7447.0,-0.2218%,0.0,0.00%,0.0,0.0,0.00%,3349593.0,3357040.0
GH,-7516.0,-0.1580%,95.7,3.73%,93.6568,3186826.001826,32.57%,4750861.0,4758377.0
LGEN LN,-7568.0,-0.2223%,0.0,0.00%,0.0,0.0,0.00%,3396775.0,3404343.0
BAX,-7586.0,-0.0198%,17.99,2.86%,17.8046,7866016.414175,18.86%,38313248.49,38320834.49
UDR,-7643.0,-0.0253%,36.91,-0.05%,36.9696,3499690.112851,-2.31%,30232584.93,30240227.93
MBRF3 BZ,-7700.0,-0.2230%,0.0,0.00%,0.0,0.0,0.00%,3445800.0,3453500.0
VULC3 BZ,-7700.0,-0.2117%,0.0,0.00%,0.0,0.0,0.00%,3628760.0,3636460.0
VAR NO,-7821.0,-0.2221%,0.0,0.00%,0.0,0.0,0.00%,3514049.0,3521870.0
HRL,-7876.0,-0.0221%,20.44,-1.49%,20.5386,4072610.119642,12.42%,35553404.75,35561280.75
1208 HK,-8000.0,-0.0051%,0.0,0.00%,0.0,0.0,0.00%,156529780.0,156537780.0
SLB,-8008.0,-0.0066%,53.27,0.51%,53.428,10534121.459534,-36.60%,121799156.0,121807164.0
PLTK,-8415.0,-0.1409%,3.63,0.83%,3.629,2254399.622582,-28.60%,5964380.0,5972795.0
CMG,-8762.0,-0.0112%,32.49,-2.34%,32.6078,12947295.964873,-23.93%,77987686.27,77996448.27
BDN,-8789.0,-0.0695%,3.11,0.00%,3.1191,1509122.499511,-38.72%,12635466.0,12644255.0
BBAJIOO MM,-8800.0,-0.2277%,0.0,0.00%,0.0,0.0,0.00%,3855600.0,3864400.0
DIRR3 BZ,-8800.0,-0.2186%,0.0,0.00%,0.0,0.0,0.00%,4017500.0,4026300.0
PPL,-8893.0,-0.0148%,35.91,-2.34%,36.1452,12293806.879117,72.53%,60231769.77,60240662.77
CHTR,-8937.0,-0.0691%,154.86,-3.36%,156.2087,3089654.368397,38.43%,12930961.24,12939898.24
CFG,-8975.0,-0.0232%,63.73,-0.76%,63.8347,3748974.646468,-19.48%,38697045.22,38706020.22
VZ,-9058.0,-0.0039%,47.22,0.28%,47.2062,16349778.043075,-13.22%,233712412.09,233721470.09
HBR LN,-9152.0,-0.2238%,0.0,0.00%,0.0,0.0,0.00%,4080177.0,4089329.0
002340 C2,-9200.0,-1.2432%,0.0,0.00%,0.0,0.0,0.00%,730800.0,740000.0
VRSK,-9315.0,-0.0787%,171.87,-1.61%,171.9355,1578495.677745,-2.77%,11829216.69,11838531.69
KVUE,-9397.0,-0.0070%,17.59,-0.73%,17.6263,20211856.648892,-25.24%,135056656.72,135066053.72
STX,-9534.0,-0.0577%,782.64,2.11%,786.5845,4873951.023188,-0.55%,16519030.44,16528564.44
FUFU,-9686.0,-2.0327%,2.31,1.32%,2.2972,329580.524148,111.53%,466822.0,476508.0
ITSA4 BZ,-9900.0,-0.2217%,0.0,0.00%,0.0,0.0,0.00%,4455600.0,4465500.0
HAL,-9943.0,-0.0134%,39.83,1.81%,39.9508,9047516.544591,-28.29%,74319431.12,74329374.12
PCG,-10174.0,-0.0063%,16.07,-0.74%,16.1901,15330321.174553,-41.74%,161845717.19,161855891.19
INVH,-10193.0,-0.0210%,28.73,-0.83%,28.7949,5388505.618386,-14.69%,48497415.97,48507608.97
VTRS,-10561.0,-0.0126%,17.17,-1.27%,17.0715,20242689.271181,-41.75%,83898883.39,83909444.39
ITH LN,-10747.0,-0.2239%,0.0,0.00%,0.0,0.0,0.00%,4790166.0,4800913.0
GLPG,-10787.0,-3.8593%,0.0,-100.00%,0.0,0.0,-100.00%,268722.0,279509.0
SNPS,-11567.0,-0.0629%,516.48,2.23%,514.2698,1733379.696003,8.53%,18379492.42,18391059.42
KIM,-11694.0,-0.0190%,23.48,-0.21%,23.5299,4456469.570815,-30.80%,61584906.53,61596600.53
TTWO,-11720.0,-0.0582%,220.45,-1.36%,220.9569,1756059.610456,-7.63%,20124304.5,20136024.5
VICI,-11910.0,-0.0146%,28.84,0.17%,28.9021,5218376.899044,-43.05%,81481654.78999999,81493564.78999999
AES,-11983.0,-0.0185%,14.33,0.28%,14.2991,11248158.776238,-53.75%,64756278.29,64768261.29
SAUD3 BZ,-12100.0,-0.2199%,0.0,0.00%,0.0,0.0,0.00%,5490400.0,5502500.0
INTB3 BZ,-12100.0,-0.2313%,0.0,0.00%,0.0,0.0,0.00%,5218600.0,5230700.0
CMIG4 BZ,-12100.0,-0.2169%,0.0,0.00%,0.0,0.0,0.00%,5566900.0,5579000.0
NB2 GR,-12128.0,-14.1821%,0.0,0.00%,0.0,0.0,0.00%,73388.0,85516.0
PSKY,-12138.0,-0.0231%,11.09,3.07%,11.0195,8164928.462241,-39.99%,52469415.760000005,52481553.760000005
ALNY,-12947.0,-0.1746%,295.05,-0.29%,295.6252,926772.240099,-18.99%,7400649.0,7413596.0
NXPI,-12955.0,-0.0497%,294.75,1.56%,294.0723,6908850.690011,39.37%,26076777.22,26089732.22
CAG,-13135.0,-0.0229%,14.13,-1.60%,14.1893,10376054.760306,-29.84%,57447255.36,57460390.36
TFC,-13188.0,-0.0156%,49.11,-1.27%,49.1736,4301470.894942,-19.43%,84645015.74,84658203.74
RECV3 BZ,-13200.0,-0.2197%,0.0,0.00%,0.0,0.0,0.00%,5995100.0,6008300.0
DOC,-13376.0,-0.0200%,19.64,-0.10%,19.5562,7229218.685533,-52.94%,66759500.66,66772876.66
INSM,-13466.0,-0.1108%,101.35,-3.48%,102.5948,8588262.483757,-37.40%,12135735.0,12149201.0
ODFL,-13635.0,-0.0845%,198.33,0.14%,198.1861,1411176.813661,-14.18%,16131645.06,16145280.06
PFE,-13828.0,-0.0047%,25.68,-3.02%,25.7981,38903356.783881,-19.53%,294097289.48,294111117.48
FITB,-13920.0,-0.0204%,49.33,-0.68%,49.4588,4216508.418424,-17.28%,68321488.26,68335408.26
ADE GR,-14145.0,-33.4342%,0.0,0.00%,0.0,0.0,0.00%,28162.0,42307.0
ADSK,-14192.0,-0.0729%,244.5,-2.61%,244.636,1747871.189194,-13.75%,19457031.04,19471223.04
WDAY,-14256.0,-0.0742%,127.83,-2.33%,126.4922,4252775.547458,-29.30%,19208840.88,19223096.88
1908 HK,-14300.0,-0.2276%,0.0,0.00%,0.0,0.0,0.00%,6269532.0,6283832.0
EREIT SP,-14300.0,-0.2241%,0.0,0.00%,0.0,0.0,0.00%,6366100.0,6380400.0
NVCR,-14303.0,-0.2918%,17.89,6.30%,17.7053,2377008.585509,61.06%,4887381.0,4901684.0
TDOC,-14403.0,-0.1965%,7.25,4.17%,7.1734,6501300.938248,-12.88%,7314623.0,7329026.0
USB,-14785.0,-0.0140%,55.53,0.40%,55.3526,10662475.34217,-8.71%,105277294.31,105292079.31
WDC,-15237.0,-0.0494%,480.0,3.47%,476.7394,7929836.414045,10.71%,30831962.91,30847199.91
1919 HK,-15400.0,-0.2177%,0.0,0.00%,0.0,0.0,0.00%,7058500.0,7073900.0
4258 JP,-15901.0,-10.1159%,0.0,0.00%,0.0,0.0,0.00%,141287.0,157188.0
PHR,-16049.0,-0.7532%,10.17,3.46%,10.0366,1274432.965648,-7.84%,2114615.0,2130664.0
2609 TT,-16500.0,-0.2251%,0.0,0.00%,0.0,0.0,0.00%,7313000.0,7329500.0
VRTX,-16713.0,-0.0792%,429.82,1.13%,428.75,953348.814953,-14.32%,21077839.0,21094552.0
CDNS,-16771.0,-0.0617%,362.7,1.63%,361.8725,2317761.60625,23.89%,27156870.9,27173641.9
EA,-16775.0,-0.0591%,200.44,-0.20%,200.4841,2738171.681575,23.62%,28384053.85,28400828.85
WFC,-16903.0,-0.0090%,75.64,-4.45%,76.3891,31062116.835995,62.67%,188086898.16,188103801.16
MAR,-17043.0,-0.1012%,353.18,0.32%,354.5677,1067994.046416,-11.67%,16817014.05,16834057.05
DNO NO,-17215.0,-0.2223%,0.0,0.00%,0.0,0.0,0.00%,7726763.0,7743978.0
TW/ LN,-17457.0,-0.2238%,0.0,0.00%,0.0,0.0,0.00%,7782082.0,7799539.0
600053,-17600.0,-100.0000%,0.0,0.00%,0.0,0.0,0.00%,0.0,17600.0
INTU,-17735.0,-0.0770%,396.31,-2.57%,393.5514,2348472.022649,6.73%,23022276.78,23040011.78
ARCT,-18090.0,-1.3925%,9.22,3.60%,8.9364,933793.545313,90.03%,1281023.0,1299113.0
RF,-18375.0,-0.0221%,27.63,-1.14%,27.6414,16008726.881522,11.26%,83184178.95,83202553.95
FANG,-18758.0,-0.0786%,188.7,-0.92%,189.0147,3161824.314099,21.09%,23831217.45,23849975.45
MSTR,-19375.0,-0.1043%,187.59,4.31%,183.7891,15985219.333437,0.42%,18554757.0,18574132.0
APP,-19415.0,-0.0774%,468.55,-6.08%,464.2731,7766914.090732,-38.34%,25057842.87,25077257.87
DDOG,-19813.0,-0.0639%,200.16,6.06%,194.1027,12042619.03787,-53.63%,31002042.73,31021855.73
BMY,-20300.0,-0.0202%,56.16,-0.16%,56.1896,10033020.765297,-3.71%,100693803.25,100714103.25
ROST,-20660.0,-0.0829%,225.81,0.59%,225.825,3666292.812229,33.45%,24895169.48,24915829.48
ITMG IJ,-20900.0,-0.2211%,0.0,0.00%,0.0,0.0,0.00%,9433400.0,9454300.0
ISRG,-21231.0,-0.0770%,450.06,-0.76%,449.7839,2402326.163783,53.67%,27564549.49,27585780.49
SPK NZ,-21362.0,-0.2239%,0.0,0.00%,0.0,0.0,0.00%,9520291.0,9541653.0
BAC,-22200.0,-0.0060%,51.31,-2.73%,51.6219,36111182.477484,25.90%,369611159.75,369633359.75
ALIT,-22418.0,-0.0705%,0.9354,7.48%,0.9302,26018015.685788,14.98%,31756303.0,31778721.0
GQG AU,-22594.0,-0.2219%,0.0,0.00%,0.0,0.0,0.00%,10158174.0,10180768.0
CEG,-22813.0,-0.0797%,303.63,-2.46%,307.2575,2948643.556461,12.11%,28611292.28,28634105.28
ARWR,-22863.0,-0.1345%,72.69,-6.75%,73.8151,2700204.11024,14.85%,16979412.0,17002275.0
POMO4 BZ,-23100.0,-0.2253%,0.0,0.00%,0.0,0.0,0.00%,10229600.0,10252700.0
GEHC,-23588.0,-0.0607%,63.47,3.47%,62.8946,8357227.917864,118.30%,38834603.34,38858191.34
KEY,-23848.0,-0.0259%,21.6,-0.41%,21.6224,8600878.768654,-15.88%,92048979.69,92072827.69
PAYX,-24587.0,-0.0821%,93.93,-0.35%,93.8261,2446658.029438,-38.29%,29933501.26,29958088.26
DASH,-25287.0,-0.0889%,163.93,-4.33%,164.7911,6027515.329055,-49.78%,28410308.35,28435595.35
MCHP,-25307.0,-0.0362%,99.09,-2.45%,99.1485,18857337.684503,18.90%,69805619.58,69830926.58
HST,-25342.0,-0.0446%,22.27,2.77%,22.1414,6436092.06306,-53.53%,56759189.67,56784531.67
ADI,-25537.0,-0.0547%,416.52,1.96%,416.386,3754419.894547,-4.67%,46619266.52,46644803.52
CD,-25909.0,-1.1497%,6.29,4.49%,6.3254,136296.547999,98.08%,2227598.0,2253507.0
ADP,-26586.0,-0.0778%,212.995,-0.51%,212.23,2804143.548263,-19.02%,34126978.09,34153564.09
CTAS,-26894.0,-0.0917%,166.97,-1.81%,167.5521,1565488.639637,-14.78%,29311970.04,29338864.04
TRI,-27550.0,-0.2362%,92.94,-0.46%,92.4445,1630655.278801,-22.27%,11635118.71,11662668.71
ADBE,-27810.0,-0.0728%,253.04,-1.35%,250.9765,3667468.097247,-18.13%,38167637.51,38195447.51
COST,-28586.0,-0.0898%,1008.79,-0.32%,1009.6048,1805188.700073,-10.37%,31794704.06,31823290.06
CCEP,-28812.0,-0.2439%,94.57,1.14%,94.4845,1960199.198972,3.47%,11781998.0,11810810.0
CSGP,-29260.0,-0.0770%,32.77,-6.32%,33.0608,7105832.825351,-7.86%,37949480.98,37978740.98
LIN,-29755.0,-0.0887%,493.16,-0.14%,494.2146,1686284.357374,-12.99%,33508186.85,33537941.85
GLXY,-30158.0,-1.1902%,30.23,3.17%,29.3597,4549251.638285,-0.59%,2503743.0,2533901.0
ABNB,-30379.0,-0.0955%,141.49,0.73%,143.1266,7842947.31405,8.20%,31771588.46,31801967.46
GRND3 BZ,-30800.0,-0.2258%,0.0,0.00%,0.0,0.0,0.00%,13611200.0,13642000.0
DXCM,-31294.0,-0.0873%,60.61,-0.49%,60.6131,4217962.1146,-16.98%,35807109.91,35838403.91
SANA,-31811.0,-0.2104%,3.51,0.29%,3.5076,1635183.382629,-23.49%,15088642.0,15120453.0
CTSH,-32111.0,-0.0723%,51.68,-0.50%,51.4849,5390147.843728,-28.58%,44386019.94,44418130.94
AEP,-33014.0,-0.0652%,130.16,-1.21%,130.7258,2660248.714709,-14.38%,50591422.76,50624436.76
GRP ID,-33660.0,-0.2224%,0.0,0.00%,0.0,0.0,0.00%,15103179.0,15136839.0
AMGN,-34631.0,-0.0726%,331.7,0.79%,331.1021,2443294.813883,-25.89%,47640711.09,47675342.09
PCAR,-35759.0,-0.0932%,114.31,0.23%,114.3302,2028856.378719,-13.97%,38352085.05,38387844.05
CHKP,-37323.0,-3.1932%,114.93,-0.55%,114.1331,2016246.20238,-41.27%,1131499.0,1168822.0
3692 JP,-39129.0,-20.3797%,0.0,0.00%,0.0,0.0,0.00%,152871.0,192000.0
HBAN,-39997.0,-0.0250%,16.12,-0.43%,16.1407,26015737.165437,-30.99%,159669946.19,159709943.19
CRWD,-40408.0,-0.1972%,527.77,4.36%,517.5795,4041153.365599,-20.99%,20454695.72,20495103.72
XEL,-41170.0,-0.0612%,79.39,-1.29%,79.7147,4559448.949547,-25.92%,67184322.43,67225492.43
AMAT,-42290.0,-0.0546%,435.44,6.04%,433.6741,8165197.744514,5.47%,77463924.64,77506214.64
HON,-43409.0,-0.0840%,213.12,-1.37%,213.7318,3731707.203336,4.44%,51604239.07,51647648.07
EVH,-44072.0,-0.9684%,4.18,-2.11%,4.2696,2959853.406948,-52.11%,4506799.0,4550871.0
FER,-45169.0,-0.2440%,70.42,0.56%,70.6435,1669384.950997,12.80%,18464157.0,18509326.0
327 HK,-46200.0,-0.2236%,0.0,0.00%,0.0,0.0,0.00%,20611600.0,20657800.0
MRVL,-46558.0,-0.0850%,170.13,6.32%,167.9326,20588961.594504,-13.07%,54712631.0,54759189.0
053800 KS,-47067.0,-18.4286%,0.0,0.00%,0.0,0.0,0.00%,208335.0,255402.0
MU,-49061.0,-0.0487%,746.81,15.49%,721.4838,65130914.207459,37.04%,100776043.63,100825104.63
BKNG,-49940.0,-0.0858%,165.93,-3.12%,167.7302,8860999.942822,9.11%,58189098.28,58239038.28
SLNH,-50048.0,-3.6832%,1.83,20.39%,1.7074,54769360.931569,221.26%,1308776.0,1358824.0
MRNA,-51030.0,-0.1998%,54.35,11.97%,54.4672,20925852.651008,146.28%,25494531.54,25545561.54
1114 HK,-51700.0,-0.2220%,0.0,0.00%,0.0,0.0,0.00%,23241400.0,23293100.0
TXN,-54185.0,-0.0635%,287.8,0.90%,288.4939,8881504.090747,26.55%,85286719.24000001,85340904.24000001
ORLY,-55254.0,-0.0874%,92.96,-1.71%,93.2068,6340974.940696,49.09%,63160900.58,63216154.58
CTLP,-55443.0,-2.4948%,0.0,-100.00%,0.0,0.0,-100.00%,2166855.0,2222298.0
MNST,-56416.0,-0.0803%,86.29,13.58%,86.406,15284847.549193,130.68%,70207593.97,70264009.97
CLOV,-56631.0,-0.3694%,3.12,10.64%,2.9684,10388472.537551,24.67%,15275636.0,15332267.0
RBRK,-57868.0,-1.3314%,62.34,1.38%,61.8165,3629274.29577,-25.04%,4288468.0,4346336.0
LRCX,-59312.0,-0.0469%,294.05,2.63%,293.8374,8996650.440049,-7.29%,126515440.52,126574752.52
WELL CN,-61440.0,-100.0000%,0.0,0.00%,0.0,0.0,0.00%,0.0,61440.0
QCOM,-61601.0,-0.0539%,219.09,8.17%,218.7672,37849999.894148,-25.92%,114161270.55,114222871.55
PYPL,-62811.0,-0.0897%,45.37,-1.84%,45.6604,14073749.115636,-0.06%,69946005.22,70008816.22
CPRT,-64156.0,-0.0939%,33.94,0.18%,33.9055,7146486.046984,-18.49%,68240271.88,68304427.88
META,-66289.0,-0.0543%,609.63,-1.16%,610.6336,13556963.448146,10.15%,122082928.81,122149217.81
TMUS,-67471.0,-0.1180%,193.63,-0.29%,193.7074,3965915.825229,12.03%,57133384.2,57200855.2
BKR,-68470.0,-0.0678%,63.89,0.57%,63.9094,7859568.393729,-35.30%,100963498.53,101031968.53
EXC,-70945.0,-0.0671%,43.91,-1.13%,44.1066,5518298.312976,-41.37%,105702139.41,105773084.41
SBUX,-73389.0,-0.0929%,104.93,0.64%,104.9005,4538546.554737,-50.56%,78896284.25999999,78969673.25999999
GILD,-73874.0,-0.0697%,131.33,-2.04%,131.5275,10250367.675759,15.16%,105942598.06,106016472.06
9979 HK,-74800.0,-0.2236%,0.0,0.00%,0.0,0.0,0.00%,33375300.0,33450100.0
FAST,-75756.0,-0.0703%,44.17,-0.43%,44.1342,4384350.977364,-41.47%,107680130.36,107755886.36
SHOP,-76970.0,-0.2305%,110.41,-1.19%,109.1517,14507574.04691,-36.16%,33319533.0,33396503.0
AVGO,-77674.0,-0.0284%,430.0,4.23%,426.9263,22561421.095111,-1.01%,273015640.56,273093314.56
KHC,-82405.0,-0.0861%,23.96,1.35%,23.9002,13357375.144946,-32.91%,95647356.64,95729761.64
AMD,-84528.0,-0.0583%,455.19,11.44%,441.7021,58134868.020613,29.52%,145025396.46,145109924.46
PEP,-87075.0,-0.0840%,154.62,-1.07%,155.0853,4934779.097416,10.55%,103589909.29,103676984.29
MDLZ,-87408.0,-0.0781%,61.55,0.39%,61.6524,6472084.008639,18.48%,111887039.31,111974447.31
KDP,-90142.0,-0.0808%,28.83,1.09%,28.8861,9205772.783609,-2.42%,111403783.52,111493925.52
BTM,-104791.0,-100.0000%,0.0,-100.00%,0.0,0.0,-100.00%,0.0,104791.0
BKKT,-106084.0,-12.4800%,9.85,15.20%,9.3186,2527692.155255,106.92%,743950.0,850034.0
HUT CN,-106735.0,-36.5674%,0.0,0.00%,0.0,0.0,0.00%,185151.0,291886.0
GOOG,-107855.0,-0.0441%,397.05,0.44%,396.2667,13762461.3193,-9.18%,244550467.3,244658322.3
WISE,-111501.0,-100.0000%,0.0,-100.00%,0.0,0.0,-100.00%,0.0,111501.0
TSLA,-112147.0,-0.0677%,428.35,4.02%,426.168,65049970.054879,1.18%,165553663.79,165665810.79
GOOGL,-112541.0,-0.0381%,400.8,0.71%,399.6629,21461849.84856,-12.16%,295327556.99,295440097.99
BMNR,-114931.0,-1.9341%,22.17,0.77%,21.9099,28943947.64121,-21.64%,5827433.0,5942364.0
CSX,-123873.0,-0.0870%,44.83,0.83%,44.8181,9501111.14866,-36.15%,142260019.46,142383892.46
6808 HK,-125400.0,-0.2231%,0.0,0.00%,0.0,0.0,0.00%,56071100.0,56196500.0
PLTR,-128941.0,-0.0679%,137.8,0.55%,135.8983,41745393.152163,-16.82%,189742846.05,189871787.05
002175,-143700.0,-100.0000%,0.0,0.00%,0.0,0.0,0.00%,0.0,143700.0
IREN,-150272.0,-6.2120%,61.2,7.65%,61.425,110542100.088835,34.99%,2268806.0,2419078.0
RS1,-151995.0,-71.5867%,0.0,0.00%,0.0,0.0,0.00%,60328.0,212323.0
WBD,-152365.0,-0.0714%,27.11,-0.04%,27.1283,12508778.110055,-31.08%,213199777.12,213352142.12
1516 HK,-159500.0,-0.2225%,0.0,0.00%,0.0,0.0,0.00%,71532200.0,71691700.0
TFG-R TB,-167200.0,-0.2222%,0.0,0.00%,0.0,0.0,0.00%,75091900.0,75259100.0
MSFT,-170581.0,-0.0425%,415.12,-1.34%,415.7801,33383790.687455,-4.46%,401311547.77,401482128.77
ARQQ,-175225.0,-48.9182%,14.96,-3.05%,14.9024,626784.248659,-0.16%,182975.0,358200.0
VRNS,-176801.0,-2.6272%,28.53,-0.52%,28.4391,2372143.601856,-9.53%,6552838.0,6729639.0
PTBA IJ,-182600.0,-0.2223%,0.0,0.00%,0.0,0.0,0.00%,81972900.0,82155500.0
OSPN,-192619.0,-5.9886%,12.23,0.66%,12.2167,753979.731526,30.73%,3023812.0,3216431.0
RDWR,-195636.0,-18.3650%,27.48,-3.10%,27.6299,471617.801542,71.81%,869630.0,1065266.0
TENB,-200397.0,-2.7558%,21.83,1.35%,21.6228,3751079.433393,7.36%,7071443.0,7271840.0
241 HK,-204000.0,-7.0081%,0.0,0.00%,0.0,0.0,0.00%,2706900.0,2910900.0
GEN,-207744.0,-0.4231%,22.68,12.33%,22.2953,17306895.036212,21.36%,48887173.19,49094917.19
ADRO IJ,-210100.0,-0.2226%,0.0,0.00%,0.0,0.0,0.00%,94159400.0,94369500.0
CORZ,-230038.0,-1.5697%,22.92,2.50%,22.9197,14830871.133076,-60.15%,14425276.0,14655314.0
MARA,-230596.0,-0.4312%,12.94,1.89%,12.7993,48391814.607167,20.53%,53243662.0,53474258.0
CSCO,-231651.0,-0.0698%,96.57,4.79%,96.0298,24652516.008226,44.49%,331676633.16,331908284.16
CMCSA,-235059.0,-0.0806%,25.4,-3.20%,25.5629,36599444.398996,6.47%,291295503.24,291530562.24
TLS,-242834.0,-2.9815%,4.48,1.36%,4.4793,1076954.541082,84.15%,7901740.0,8144574.0
AMZN,-244909.0,-0.0493%,272.68,0.56%,272.5757,34732681.429519,-3.23%,496863556.17,497108465.17
CIFR,-245680.0,-1.4270%,20.55,-0.65%,20.4532,24464279.235867,-5.65%,16971316.0,17216996.0
INTC,-262163.0,-0.0590%,124.92,13.96%,122.1861,227681300.957706,85.56%,444422541.62,444684704.62
NFLX,-267450.0,-0.0880%,87.49,-0.86%,87.595,36215113.032658,18.24%,303756868.25,304024318.25
CLSK,-269726.0,-0.7308%,14.2,1.57%,14.0373,15906803.848802,-19.62%,36640563.0,36910289.0
RPD,-272381.0,-5.6222%,6.9,2.83%,6.8386,2316230.303168,15.21%,4572377.0,4844758.0
AKAM,-273815.0,-2.6814%,147.71,26.58%,142.9657,21492867.776303,102.85%,9937905.69,10211720.69
RIOT,-295457.0,-1.7189%,24.08,-0.12%,23.8296,17796285.472716,-32.48%,16893397.0,17188854.0
WMT,-306094.0,-0.0950%,130.43,0.18%,130.6323,15183657.619038,1.66%,321987656.2,322293750.2
MATH,-335827.0,-62.4167%,0.9514,-7.63%,0.9825,699461.0,993.32%,202213.0,538040.0
AAPL,-336634.0,-0.0432%,293.32,2.05%,293.1208,52692761.275784,16.51%,779263387.44,779600021.44
002102,-342800.0,-100.0000%,0.0,0.00%,0.0,0.0,0.00%,0.0,342800.0
ATEN,-343917.0,-2.9471%,27.8,1.94%,27.7618,1134147.96478,-27.36%,11325897.0,11669814.0
FTNT,-374769.0,-0.5793%,114.07,5.65%,112.4395,9904392.908973,-45.31%,64319571.97,64694340.97
1611 HK,-388000.0,-12.5587%,0.0,0.00%,0.0,0.0,0.00%,2701500.0,3089500.0
BTDR,-424682.0,-5.8302%,13.47,-2.67%,13.3728,5939353.807602,-12.85%,6859506.0,7284188.0
PANW,-453279.0,-0.6876%,207.88,5.78%,204.0882,11641798.808728,10.28%,65469112.53,65922391.53
EUR AU,-457027.0,-5.5512%,0.0,0.00%,0.0,0.0,0.00%,7775960.0,8232987.0
NVDA,-477624.0,-0.0353%,215.2,1.75%,215.5594,136421361.81167,-18.95%,1353575264.5,1354052888.5
WULF,-515898.0,-2.9017%,23.39,-2.62%,23.6267,36270219.274459,-1.28%,17262967.0,17778865.0
SIRI-R TB,-589600.0,-0.2234%,0.0,0.00%,0.0,0.0,0.00%,263306000.0,263895600.0
APLD,-673632.0,-5.2471%,41.25,-0.67%,41.2151,19715612.581787,-22.49%,12164614.0,12838246.0
ABTC,-684799.0,-39.8081%,1.19,2.59%,1.1759,9142764.439879,-39.25%,1035452.0,1720251.0
S,-710376.0,-6.1112%,16.59,4.21%,16.2678,8219435.28877,-11.88%,10913708.0,11624084.0
CAN,-797012.0,-6.1747%,0.5095,-1.07%,0.5089,8163248.098549,8.97%,12110760.0,12907772.0
IUGXX,-993479.7400000095,-0.2497%,0.0,0.00%,0.0,0.0,0.00%,396858069.51,397851549.25
EXPI,-1122668.0,-10.3625%,0.0,-100.00%,0.0,0.0,-100.00%,9711274.0,10833942.0
HIVE CN,-1222924.0,-56.6760%,0.0,0.00%,0.0,0.0,0.00%,934820.0,2157744.0
863 HK,-1308500.0,-14.0949%,0.0,0.00%,0.0,0.0,0.00%,7975000.0,9283500.0
NDA CN,-1561367.0,-53.2972%,0.0,0.00%,0.0,0.0,0.00%,1368183.0,2929550.0
BTBT,-1594895.0,-6.8995%,1.8,-1.64%,1.8137,26516088.278651,7.65%,21521299.0,23116194.0
WNDR CN,-2668583.0,-40.1145%,0.0,0.00%,0.0,0.0,0.00%,3983829.0,6652412.0
KEEL CN,-5154528.0,-73.3346%,0.0,0.00%,0.0,0.0,0.00%,1874248.0,7028776.0
BB,-12370982.0,-71.4354%,6.37,4.43%,6.3521,56713576.739325,107.56%,4946739.0,17317721.0
CLP,-58881275.52,-93.8069%,0.0,0.00%,0.0,0.0,0.00%,3887290.0,62768565.52
