Ticker,Price,Open,High,Low,Volume,VWAP
TU,12.89,12.78,12.98,12.78,6188785.728342,12.901
ICUI,123.07,121.23,123.99,121.23,352002.589203,122.964
GMAY,42.61,42.67,42.67,42.56,17192.0,42.5989
THFF,67.68,67.54,68.14,67.255,88215.648894,67.7599
SKF,28.4,28.15,28.4698,27.94,22567.7664,28.296
AUR,7.14,7.155,7.64,6.88,48561697.171312,7.1857
PMAY,40.82,41.05,41.05,40.77,284040.999,40.8454
YINN,35.89,37.0,37.0,35.68,2066353.717393,36.2394
PWRD,111.43,115.78,115.78,111.0,121660.636499,112.1158
ETTY,11.6916,11.88,11.88,11.6859,4004.4527,11.7681
VIXM,15.69,15.73,15.755,15.61,607159.41722,15.6372
TUR,43.26,43.64,43.64,43.15,297512.962522,43.4303
AFLG,42.77,43.15,43.15,42.7067,43890.7839,42.844
DFLV,37.74,38.09,38.12,37.69,651450.395476,37.8161
RMIX,15.4,15.39,16.985,14.79,114186.4751,15.6683
PRDO,34.44,34.28,34.68,33.97,386104.080321,34.4237
BWB,18.51,18.41,18.8622,18.39,87034.36649,18.5325
ARKK,77.93,79.4,79.6901,77.13,5664917.518054,78.3312
ECF,12.85,13.02,13.03,12.82,27377.2975,12.9238
ITOL,27.0,27.46,27.47,27.0,1745.0,27.1484
FSMB,20.01,19.99,20.02,19.99,183096.7651,20.0023
HEFA,44.36,45.04,45.04,44.33,488509.789954,44.548
ACWV,120.77,121.08,121.24,120.635,62670.067659,120.9066
LIF,44.01,42.85,44.72,42.85,801529.617819,43.7619
XSHD,13.72,13.7,13.84,13.67,75109.071546,13.7491
FBRX,26.17,26.45,27.06,25.685,120867.427164,26.2129
MEME,9.13,9.48,9.51,8.952,206043.4363,9.2047
PRLD,5.15,4.88,5.31,4.65,547755.568881,5.0481
ARCX,20.7493,21.37,22.0,19.99,43537.101291,20.984
CORN,18.44,18.305,18.47,18.2,865092.645091,18.3524
NNDM,1.85,1.9,1.9,1.82,1939956.482658,1.8521
KMB,99.56,99.31,100.485,97.95,4621245.461054,99.4725
ATLCL,25.0,25.01,25.01,25.0,1792.043,25.0093
TSLW,25.26,24.88,25.5,24.6,263014.113863,24.9527
IQMM,100.1,100.09,100.1,100.09,1185786.242406,100.1
IEO,113.93,114.18,114.38,112.08,109006.175922,113.3128
VISN,11.9,12.06,12.27,11.665,11525037.199568,11.8534
USFD,86.88,87.0,88.255,83.66,6095099.605103,86.7568
SDA,1.07,1.05,1.1496,1.05,197706.426611,1.1023
KSLV,35.82,36.58,37.1799,35.566,93979.703788,36.482
TLRY,5.66,5.75,5.86,5.59,4027732.852766,5.6921
UAL,99.7,101.3,103.77,98.66,8208165.874187,101.0612
SPCZ,25.7799,24.83,25.7799,24.83,236.077,24.8576
DES,38.55,38.81,38.81,38.47,125060.875784,38.6199
MJ,27.7543,28.0,28.0576,27.4,14911.988584,27.8297
GJUL,42.84,42.82,42.93,42.79,40036.25,42.8503
BOOM,7.33,7.375,7.405,6.915,259081.249251,7.222
RDNT,57.5,58.74,60.0725,56.9,900221.212734,57.8391
MDB,293.42,290.06,304.03,289.13,3614403.656967,295.7643
SCHO,24.17,24.21,24.21,24.17,2712662.518675,24.1893
CPZ,13.59,13.53,13.765,13.515,107007.34718,13.6149
OFIX,12.07,12.22,12.42,12.07,451678.475762,12.1889
JHMB,21.97,22.04,22.04,21.968135,25285.2621,22.0033
XTEN,45.49,45.77,45.77,45.465,55887.35311,45.5531
EFSC,59.56,59.53,60.27,59.35,398687.66257,59.7038
KORU,768.45,830.25,838.0,762.35,496453.217903,803.2143
APXTU,10.14,10.14,10.14,10.14,216.0,10.138
ARVN,10.19,10.28,10.36,9.85,784440.624016,10.1072
VNDA,6.39,7.013,7.013,6.28,2250814.224879,6.5791
TMF,35.15,35.91,35.9264,35.08,2936002.505506,35.5057
PLAY,10.47,10.8,10.9043,10.46,1261012.627172,10.6233
HYGW,29.0,29.08,29.1,28.98,34452.3696,29.0436
VIR,9.27,9.86,9.914,9.18,2788391.462155,9.4425
KMLM,29.18,28.82,29.21,28.77,158783.888996,28.9679
CMRC,3.56,3.27,3.83,3.26,3159324.222391,3.6253
HIVE,2.87,2.88,2.96,2.78,13921199.491985,2.8678
IHE,88.67,89.67,89.67,87.75,63911.659897,88.4069
NNVC,1.42,1.45,1.4595,1.3701,191498.898194,1.4087
CNTN,2.98,3.2,3.2202,2.9101,667079.145176,3.0137
VGZ,2.25,2.3,2.38,2.2109,1658678.508725,2.2852
OBTC,25.7608,25.98,25.9805,25.05,1950.509,25.8077
STOT,47.05,47.1,47.11,47.04,327055.9849,47.0788
DDWM,45.87,46.36,46.39,45.795,109104.147,46.0421
ADT,6.9,6.96,7.045,6.85,20141870.090235,6.9181
FLRG,40.2227,40.4,40.5,40.205,14393.1717,40.4046
COF,192.59,193.25,195.23,190.66,5605384.604317,192.2874
NFLT,23.01,23.13,23.13,23.0,128933.9668,23.0169
ENGN,1.72,2.15,2.24,1.7,24102681.847802,1.9251
HCAI,14.5,14.85,15.28,14.415,35775.465362,14.8469
BLUW,10.27,10.27,10.27,10.27,384.0,10.269
BRCC,1.25,1.24,1.285,1.14,1286609.130679,1.2153
XMVM,68.9864,69.77,69.77,68.89,15416.702748,69.2733
QCMU,34.12,30.13,40.6179,29.27,660760.109809,35.3619
AVLC,86.61,87.58,87.58,86.4542,48311.01567,86.8299
TOIIW,0.0375,0.0449,0.0449,0.0375,681.0,0.04371
TUSK,2.35,2.5,2.5,2.35,145488.6207,2.3994
BTCZ,3.81,3.73,3.875,3.73,13601689.523898,3.8179
FGD,33.38,33.7,33.7,33.3401,170512.977028,33.503
APYX,3.56,3.18,3.7599,2.93,762579.904878,3.4791
VRT,340.01,358.575,359.0,336.18,5458124.305211,342.961
NVX,0.7,0.7266,0.7284,0.6885,272022.42191,0.7059
UDOW,60.69,62.38,62.64,60.27,3349763.854971,61.4357
AWX,2.53,2.53,2.53,2.51,11698.0,2.5278
ZTWO,50.45,50.52,50.53,50.45,995.3917,50.5155
DTD,90.96,91.46,91.46,90.82,15884.387926,90.9915
DRV,19.37,19.05,19.63,18.975,47092.295956,19.3237
CVGI,5.26,5.2,5.5,4.95,1021143.544287,5.2927
UMAY,37.61,37.69,37.69,37.49,30920.0,37.6102
FUTU,144.89,167.31,167.53,142.6501,3482529.797927,152.5027
CRF,7.33,7.36,7.39,7.32,755322.648338,7.3561
HYHG,64.5982,64.86,64.86,64.3301,10310.852075,64.6429
STIP,103.41,103.49,103.49,103.365,723515.644315,103.4205
FIGB,42.92,43.08,43.235,42.92,57189.670311,43.0313
NG,8.52,9.23,9.445,8.51,7160738.069208,8.7764
LAES,3.05,3.24,3.29,3.01,9984326.300314,3.118
MGLD,1.125,1.05,1.125,1.05,16193.135802,1.1241
EZET,17.39,17.61,17.61,17.28,117783.854157,17.4672
PGF,14.04,14.06,14.075,14.04,93988.029836,14.0574
DNUT,3.64,4.03,4.09,3.54,5333037.729634,3.7207
STCE,72.81,74.87,74.87,71.2253,149762.54529,72.5924
VFF,2.76,2.7,2.77,2.655,1221711.40567,2.7144
GQI,57.7467,57.56,57.9545,57.56,16968.091215,57.8095
JETS,27.59,27.62,28.11,27.26,5766651.82259,27.6419
MTNB,0.645,0.66,0.6664,0.6359,16766.006002,0.6581
APUS,1.45,1.92,1.9399,1.375,569500.19987,1.6478
PSC,64.16,64.77,64.9088,63.87,134949.35581,64.5292
SYNA,105.8,106.81,110.43,105.01,1586921.530971,107.2938
QUS,182.1281,183.27,183.27,182.0,19019.905644,182.3116
SHIM,5.67,5.7,6.13,5.62,143639.506888,5.8009
CLSZ,6.75,6.48,7.04,6.48,106888.572543,6.8869
FLJP,38.9,39.23,39.3008,38.84,1168148.156443,38.9696
INTT,16.61,17.45,17.473,16.16,260006.058815,16.6164
GLOW,33.0994,33.52,33.52,33.05,2210.75,33.2144
CRSH,22.4627,22.85,22.85,22.2,16447.117603,22.5816
FCO,2.53,2.56,2.6,2.52,127885.258478,2.5494
BNZI,6.37,4.8,7.688,4.8,1051212.660453,6.202
NDEC,29.4852,29.41,29.51,29.41,1943.0,29.4669
FPX,184.04,188.38,188.38,182.58,17777.432396,184.1156
MIRM,102.93,110.08,112.0,98.595,1985319.08384,102.6958
IXJ,92.0,92.65,92.95,91.81,75026.160318,92.1297
GOOP,46.7,47.04,47.04,46.2918,31756.2652,46.668
INUV,1.85,1.85,1.93,1.8201,96486.853379,1.8632
FIGG,21.15,20.01,22.69,20.01,435050.680785,20.7875
FXN,21.18,21.27,21.27,20.92,1164752.708016,21.119
VOX,198.12,198.88,199.47,197.53,259359.952851,198.2947
CVY,28.469,28.52,28.575,28.43,2758.9004,28.5099
HTCO,5.82,7.0,8.09,4.6,1700366.522719,6.0333
IVLU,41.77,42.34,42.48,41.74,797582.833934,41.9604
EFG,120.93,123.33,123.33,120.88,1145458.113651,121.7213
JPLD,52.14,52.2,52.2199,52.12,432380.078867,52.158
SPYD,46.73,46.84,46.95,46.46,793909.329565,46.7448
AGGY,43.53,43.73,43.73,43.525,62420.100821,43.625
LTPZ,51.21,51.44,51.44,51.18,61498.491278,51.3067
SMTC,121.5,125.0,127.185,116.82,3230816.849639,120.845
CRGY,12.44,12.58,12.63,12.16,16675652.102067,12.4263
RIGS,22.87,22.87,22.915,22.8116,3085.4529,22.8823
IMRN,0.83,0.82,0.864,0.82,7401.0,0.84
VT,153.72,155.27,155.3086,153.45,2744833.79312,154.2101
BALT,34.01,34.03,34.03,34.0,246085.98344,34.0184
ADBE,256.51,254.77,259.44,252.88,4479879.404414,256.7217
HIBS,27.16,25.78,27.455,25.75,148950.13889,26.8551
EVI,20.1,19.93,20.69,19.93,16919.821125,20.1365
DEM,53.68,54.32,54.32,53.67,279861.011219,53.8997
SMXT,0.5955,0.6221,0.63,0.5901,50502.488024,0.6061
SGDJ,92.0,93.93,96.7,92.0,111078.817624,95.0407
IREZ,8.23,7.53,8.51,6.85,25957927.146882,6.5698
BG,123.75,125.28,125.58,123.21,1897414.249672,123.929
EDZ,17.73,16.95,17.795,16.94,268922.175629,17.4427
FAS,132.89,134.6,137.03,131.94,639917.579846,134.0431
RAAX,42.05,42.33,42.33,41.92,140523.74775,42.0272
PRFX,1.9,1.95,1.98,1.9,23631.401948,1.9355
GAU,2.53,2.52,2.65,2.505,4023388.980866,2.5737
LAC,5.66,6.015,6.045,5.62,13622578.721082,5.804
CYN,1.68,1.61,1.72,1.61,264331.74125,1.685
CBOE,338.65,342.13,343.615,333.54,1030975.52119,337.7636
WTMF,40.92,40.65,40.92,40.65,24747.960354,40.8168
AYTU,2.47,2.58,2.58,2.47,94585.35,2.5036
CGMS,27.49,27.59,27.59,27.48,761583.31704,27.5236
UGE,19.1748,19.24,19.27,18.735,25200.227786,19.0397
FLQM,56.51,56.93,56.93,56.31,101109.35069,56.5167
URA,56.26,58.16,58.63,55.78,5426232.562886,57.2407
AOK,41.15,41.42,41.42,41.1,119290.694339,41.1912
MNTS,4.41,4.57,4.75,4.3801,851663.916496,4.537
RYDE,1.13,1.15,1.15,0.96,456058.079342,1.0462
EHTH,1.86,1.87,1.89,1.64,465000.494683,1.7722
VTWO,114.04,116.18,116.2,113.6,2948071.500806,114.3935
ZKIN,1.45,1.42,1.45,1.4,13199.0,1.4238
UNIT,11.12,11.55,11.55,11.105,1557956.501843,11.222
SRRK,46.45,49.92,49.92,45.0,1888569.699074,46.4771
BCI,24.83,24.55,24.9,24.425,809735.143161,24.6912
PN,7.71,7.22,7.8,5.05,760526.576444,7.0054
ROOT,56.91,62.95,65.0,55.37,853034.12289,58.9519
EWA,29.48,30.09,30.09,29.48,1859668.883019,29.7097
RSSB,30.25,30.66,30.66,30.2,53936.666605,30.4238
BNAI,22.11,23.11,23.61,22.04,231105.379514,22.8804
FNCL,73.63,74.02,74.3925,73.5,116532.415001,73.7987
JDST,31.14,29.11,31.225,27.7,933009.880729,29.2995
TGEN,4.82,5.22,5.29,4.71,366641.17873,4.9269
USL,51.64,49.94,51.97,49.7301,43793.382128,50.8316
OWNS,17.3774,17.42,17.44,17.3599,15197.661514,17.3844
BILS,99.2,99.21,99.22,99.2,568109.260382,99.2111
AUST,1.33,1.33,1.44,1.31,279441.544435,1.3769
TXUE,34.102,34.67,34.67,34.08,62392.743884,34.2153
LCTX,1.37,1.44,1.45,1.36,1507184.391239,1.3953
EWC,57.82,58.45,58.465,57.72,1163247.278507,57.9587
DJIA,21.6676,21.7,21.75,21.61,61511.592666,21.7019
AIFD,49.0341,50.01,50.01,48.66,35920.242213,49.1283
EMGF,71.25,72.3,72.38,71.21,110128.59333,71.7572
DTCR,29.78,30.28,30.3699,29.61,1326517.536048,29.9261
PAYX,94.26,91.19,95.055,91.0,3964920.45348,94.1332
IBHG,22.075,22.08,22.124,22.05,82076.243,22.0791
TPOR,35.49,36.84,37.01,34.96,16197.016819,35.9336
HEAL,25.195,25.14,25.32,24.91,14458.658867,25.1635
TCRT,2.6669,2.72,2.72,2.645,4208.0,2.6675
CSD,131.85,135.14,135.14,131.115,21440.393494,132.5583
ZJK,3.04,3.1,3.1,2.9,51418.231643,2.9813
ESGV,128.94,129.63,129.92,128.7055,501842.132543,129.0911
DGXX,6.19,6.19,6.43,5.485,19279436.37358,5.9663
AREN,2.78,2.75,2.9,2.59,119733.440785,2.7548
IYY,177.75,178.85,178.91,177.44,17830.998245,178.2772
SBMT,10.36,10.4,10.45,10.12,238249.4026,10.3528
OMFL,66.73,66.97,67.07,66.6,373100.552045,66.8146
EMLP,43.47,43.53,43.53,43.14,226763.522303,43.3275
QDEC,34.88,34.85,34.97,34.83,11800.0,34.8897
THYF,51.755,51.79,51.84,51.755,4563.866,51.7813
FBTC,69.8,70.475,70.51,69.18,3092813.719876,69.7709
AGNCO,25.49,25.46,25.57,25.43,17171.3106,25.4876
MGC,268.3,269.35,269.89,267.8849,182184.852564,268.6434
DUST,48.23,44.97,48.34,43.73,1140992.126994,45.5982
AAPL,287.44,289.27,292.13,285.78,45224300.521764,288.7495
BTG,4.95,4.9,5.3,4.83,72577840.209778,5.0984
ENFR,37.9576,37.86,37.98,37.26,165995.944358,37.6615
ERTH,49.9696,50.46,50.46,49.9696,1001.04523,50.2908
RING,79.765,82.24,83.36,79.715,372476.401336,81.4608
SMDV,72.71,73.02,73.22,72.71,8160.560308,73.0382
SHAK,69.24,70.8,71.55,67.205,14643753.665158,69.3892
XLG,62.43,62.57,62.83,62.312,2108586.142733,62.5533
PHXEp,24.13,24.05,24.31,23.85,5167.3556,24.0755
LQDT,36.25,37.97,38.83,35.19,246380.76795,36.6183
XJUL,40.28,40.15,40.35,40.15,1471.0,40.2589
ELUT,0.9988,1.02,1.0494,0.98,180583.98995,1.0143
IREX,43.43,47.18,52.0689,40.9001,1678188.253555,49.1956
DIHP,33.82,34.39,34.39,33.82,500042.98322,33.9762
FMST,1.62,1.72,1.7499,1.6,65495.991362,1.6707
BB,6.1,6.04,6.15,5.8325,27323907.883041,6.0138
NVIR,38.9547,38.91,38.9547,38.73,754.0,38.7814
OBAWW,0.2199,0.22,0.22,0.2199,58998.0,0.2199
ULTY,31.74,31.98,32.01,31.58,386442.398977,31.8256
FXO,59.23,59.65,59.75,59.155,32656.118124,59.4312
YLD,19.02,19.05,19.0763,18.975,276612.89914,19.0119
OSCV,40.735,41.02,41.0499,40.735,44714.5746,40.8337
PSH,50.0471,50.22,50.22,50.01,13173.6629,50.0614
GLIN,46.32,46.88,46.99,46.19,18226.9346,46.4456
KTOS,57.0,61.54,61.54,56.29,5909384.76239,58.1253
PTH,51.3528,52.55,52.55,50.955,18617.00845,51.3868
FPE,18.1,18.14,18.15,18.09,954555.172236,18.1174
FFTY,40.09,41.67,41.71,39.81,51111.150562,40.4656
RAVI,75.25,75.29,75.29,75.22,64826.509249,75.2551
BRN,1.11,1.09,1.13,1.08,293741.0555,1.1172
ANL,13.7,14.27,14.27,13.61,183715.736711,13.9408
DV,10.85,10.9,11.51,10.345,3983564.466282,10.7634
COHX,42.32,45.83,48.01,39.6701,1925214.61332,44.266
DIN,28.29,26.99,28.97,25.85,918435.447253,28.2624
TUSB,50.385,50.41,50.426,50.3701,9301.764,50.3962
WULF,24.02,25.06,25.19,23.475,36739288.235966,24.1534
ARKF,42.28,42.7,43.05,41.98,167648.681206,42.4881
DRUP,60.652,60.07,61.01,60.07,2895.5089,60.3635
BAR,46.31,46.73,46.9,46.17,164842.379103,46.5664
ELTX,10.01,10.45,11.0,9.86,137622.188698,10.2256
BLOX,17.55,18.03,18.07,17.15,351845.928013,17.5251
GOOW,82.4,82.42,82.42,81.0,20902.891631,81.6541
AVAV,168.18,174.275,174.275,165.5,1100541.326356,168.5164
OM,4.68,4.45,4.705,4.4202,157730.330445,4.5147
GTE,8.76,8.42,8.91,8.21,485805.807024,8.5976
BANR,65.58,66.23,66.455,65.345,205704.78054,65.7298
PTN,18.9,19.6,20.99,18.89,4994.488828,19.5977
NRIM,24.66,24.51,24.86,24.47,115190.97,24.652
FLBL,23.02,23.05,23.0599,22.98,256980.911737,23.0264
DMLP,26.08,26.2,26.225,25.5201,134194.426562,25.965
HECA,27.435,27.62,27.62,27.18,437167.183621,27.3804
MC,63.91,62.86,65.64,62.86,1350543.899776,64.5415
PSDM,51.15,51.24,51.2499,51.15,12710.8217,51.1955
RWO,49.5,49.83,49.83,49.26,30563.48687,49.5467
JMHI,50.18,50.29,50.29,50.11,33088.770974,50.1781
IGE,60.18,60.72,60.73,60.12,237738.412697,60.2718
RANI,0.931,0.9647,0.98,0.9202,364909.470791,0.9466
TMCR,14.99,15.96,16.01,14.8,96796.883805,15.2673
PALU,18.26,17.23,18.7221,17.23,247298.5993,18.1581
TT,469.81,488.8,491.61,468.32,1568178.556175,473.6868
PATH,10.93,10.79,11.095,10.79,33927411.208107,10.9452
WRD,7.39,7.72,7.72,7.36,2921773.919724,7.4838
EUHY,53.225,53.37,53.375,53.17,16402.5365,53.2879
SRVR,35.06,35.8,35.8,35.04,205618.681236,35.3277
BUFZ,27.56,27.62,27.62,27.53,103259.4,27.5705
JAKK,23.28,23.03,23.5,22.575,61518.138843,23.1379
TRI,93.37,92.27,96.16,91.07,2097948.18517,94.3162
ARKO,6.71,6.54,6.8,6.385,1288130.733236,6.635
FEX,130.3822,132.85,132.85,130.14,27400.796694,130.7017
GIAX,16.83,17.05,17.2,16.83,93688.626556,16.9582
AAOI,157.55,172.6,172.6,152.1946,14494594.255315,157.694
SOPA,0.378,0.4,0.4091,0.3724,183466.154538,0.3852
RLGT,8.31,8.3,8.42,8.16,149947.509143,8.2571
MRAM,21.51,21.48,22.28,20.3,2827851.575141,21.2455
NTHI,6.49,5.5,6.84,5.5,229001.017485,6.2311
AACG,1.19,1.16,1.25,1.1467,10724.3719,1.2289
PHYS,35.6,35.89,36.075,35.515,4390646.107911,35.8333
JBIO,24.22,24.98,25.18,23.35,380696.206942,24.0264
CIX,23.75,24.69,24.69,23.33,3861.426917,24.0876
EPP,55.87,56.85,56.87,55.87,858534.585487,56.3957
SBIT,39.71,38.91,40.34,38.91,883473.065016,39.6294
ATOM,8.1,8.97,9.235,7.96,2403059.86325,8.4471
PRTA,10.52,11.1,11.205,10.4,443144.313597,10.667
VFLO,43.02,43.36,43.43,42.9,700812.094011,43.1762
FTMS,9.905,9.92,9.92,9.89,79524.4649,9.9042
VSDM,76.365,76.4,76.4,76.35,64648.8698,76.3643
SVAC,10.45,10.48,10.49,10.415,37999.533492,10.4546
VSTL,28.8806,32.04,34.35,28.88,249442.12286,32.0617
UPWK,10.61,10.215,10.655,10.215,8107728.13672,10.294
FOXY,29.06,28.91,29.06,28.9,59841.28304,28.9688
NCSM,39.83,39.46,40.18,38.76,36049.895665,39.4657
FBT,211.29,212.34,212.59,208.7001,26324.911013,210.6602
RDW,9.2,9.35,10.08,8.85,32006983.964634,9.4169
DRNZ,24.88,26.01,26.01,24.75,97224.402102,25.1796
FUSB,16.19,16.0,16.19,15.975,4803.6798,16.0298
NULG,108.06,108.96,109.1385,107.6998,150731.4832,108.4361
BTE,4.86,4.88,4.9,4.725,17821177.691669,4.8248
PIT,74.93,73.32,75.0,73.13,25811.927851,74.4648
EQIX,1066.76,1084.11,1090.595,1061.42,443884.860363,1068.9335
LXRX,1.68,1.65,1.69,1.52,5024677.312584,1.6045
EXOD,7.58,8.18,8.18,7.575,35779.369154,7.8465
RDAC,7.63,7.79,8.5499,7.5,51480.808673,7.9366
RVNU,24.97,24.9,24.99,24.8411,38872.62618,24.9378
YOU,58.17,59.52,61.68,56.51,3089402.017564,58.0201
EWO,39.5,40.25,40.2644,39.5,15610.97031,39.9209
AI,9.58,9.71,9.8,9.4693,3573061.418332,9.6317
FYEE,29.05,29.15,29.15,29.02,46201.6524,29.102
CB,321.28,320.39,322.66,318.85,1079314.627548,321.2168
EIS,134.94,136.81,136.98,134.5,141351.161145,135.7953
EMQQ,34.645,35.03,35.12,34.56,138295.225831,34.8269
JSTC,21.652,21.88,21.8999,21.64,8987.475526,21.7471
DY,426.36,456.64,456.87,423.626,580722.581025,431.5178
EMKT,30.62,31.18,31.25,30.6,37700.057,30.8435
RBB,24.19,24.22,24.54,24.15,93802.315639,24.3405
ANET,141.75,149.22,149.44,139.68,18255654.720293,142.5164
XTN,104.72,105.58,106.07,104.63,13511.896323,105.3574
ISPY,46.94,47.44,47.6197,46.94,103512.315934,47.3902
SEA,17.6006,17.68,17.68,17.5,8236.660748,17.6038
ITA,222.51,225.25,226.36,221.4,773924.855176,223.2101
TPIF,37.84,38.37,38.37,37.83,18298.07541,38.01
STXX,41.55,41.33,41.995,38.83,125914.2438,40.564
ASO,53.55,55.06,55.06,52.925,1327164.275653,53.6041
IVOG,139.02,142.15,142.15,139.0,19672.844456,140.4165
FDEV,36.48,36.96,37.11,36.48,89303.253485,36.918
SGVT,100.55,100.55,100.56,100.54,220112.601759,100.5497
TAGS,24.79,24.78,24.89,24.58,44092.06262,24.702
IWD,232.02,234.09,234.18,231.44,2312568.475812,232.551
LOUP,87.51,89.45,89.45,86.97,31591.162999,88.2408
SVAL,39.4398,39.83,39.8395,39.4398,7272.613487,39.625
BKCH,85.54,88.1,88.45,83.135,212258.000719,85.5062
CART,37.99,40.57,41.09,37.89,5753692.529699,38.5259
VIAV,51.05,51.995,52.52,49.75,6220292.850232,50.9453
RWM,14.3,14.03,14.3499,14.03,20800542.339424,14.245
SDIV,25.89,26.1,26.1,25.85,385766.981448,25.9428
SBAR,25.46,25.61,25.61,25.45,148965.734122,25.5144
JEPQ,59.38,59.42,59.47,59.25,6630529.136028,59.3689
BLDG,26.37,26.45,26.45,26.09,5649.774211,26.341
STAA,27.28,27.75,27.9,27.015,851904.228602,27.3357
GAUG,40.77,40.79,40.8,40.76,1083.0,40.7792
QQQM,286.12,286.81,288.7,284.83,6151196.47626,286.6969
EPU,81.84,83.13,83.7499,81.61,97607.246859,82.8325
IHAK,50.62,50.59,51.32,50.15,182851.289945,50.8117
TEM,49.47,53.31,53.31,48.7,10897561.691971,50.0375
ERH,12.53,12.6,12.6,12.507,17099.6823,12.542
ACVU,29.6591,29.86,29.96,29.6591,4428.9035,29.9016
BCTK,28.577,28.86,28.9699,28.37,31244.0529,28.6933
MAGS,68.89,68.98,69.4899,68.69,2925673.382786,69.0317
LVHI,40.45,41.04,41.04,40.37,803734.00876,40.5228
SPEU,54.274,55.39,55.39,54.26,36796.192701,54.6756
AA,62.64,64.88,65.05,62.53,3682326.269633,63.3777
MRP,26.9,28.21,28.21,26.85,2788972.865679,27.3576
SSYS,8.2,8.96,8.96,8.0549,1837567.375953,8.2946
LNT,71.69,72.04,72.26,71.48,2914694.882335,71.788
XSLV,49.77,50.08,50.0899,49.77,13749.851932,50.0364
CDP,31.82,31.5,32.06,31.5,1535320.875522,31.8407
GRNY,26.67,27.13,27.13,26.582,1738171.797994,26.7934
SCIO,20.7,20.72,20.73,20.678,205058.2615,20.7072
PLTW,22.13,21.7,22.815,21.69,227003.787981,22.2549
SPDF,26.81,27.0,27.0,26.785,15874.934,26.8116
LSGR,45.07,44.92,45.3,44.92,62874.7447,45.1122
QAT,19.15,19.1,19.2,19.1,13206.673462,19.136
TNUK,28.06,29.28,29.28,28.0,5553.0,28.3879
EEMS,77.96,79.02,79.02,77.96,91450.563261,78.2967
GPZ,23.59,23.94,23.94,23.56,242062.9562,23.6904
NUMV,41.6339,42.19,42.19,41.59,28416.8044,41.9562
NAKA,0.18,0.1909,0.1999,0.169,4971296.451135,0.1836
TWFG,19.35,18.96,19.9,18.96,266069.193107,19.5962
SPCE,2.51,2.64,2.65,2.5,4679308.133924,2.554
UPXI,1.34,1.4,1.4199,1.305,2220475.421797,1.3486
PAPI,26.3673,26.58,26.58,26.26,51427.520534,26.4016
FELG,43.53,43.69,43.91,43.4101,770835.430151,43.5611
GPRE,16.46,17.07,17.89,16.0931,3059773.358911,16.7613
BTBT,1.83,1.905,1.92,1.76,24631726.970663,1.8186
FBY,10.135,10.1,10.205,10.095,188480.984159,10.155
ELAB,2.16,2.14,2.39,2.1301,645301.09676,2.252
NTCT,38.29,38.07,39.24,36.8647,1005880.490673,38.3066
SRTS,4.11,4.24,4.28,4.02,73863.082305,4.0634
LEMB,42.12,42.3,42.32,42.1,279663.4545,42.2825
LRCX,286.52,297.03,297.995,283.14,9704518.206214,287.3124
FTCA,7.35,7.37,7.37,7.33,125604.044706,7.3424
MNDY,76.39,75.3,77.81,75.3,1459626.061907,76.5789
OILD,46.01,45.48,47.3999,45.405,166824.609119,46.1518
YMAG,13.02,12.98,13.08,12.9799,1955180.905685,13.0159
EAPR,32.9913,33.38,33.38,32.9913,3422.0,33.1309
IBHI,23.365,23.4,23.44,23.3501,70996.1345,23.3821
HYBI,49.695,49.78,49.83,49.6799,34437.76212,49.7468
PFBC,94.72,96.15,96.92,94.64,87399.258032,95.4286
GDMN,100.79,104.98,105.8,100.72,47023.688311,103.9771
QDVO,29.93,30.07,30.13,29.87,209840.296193,30.0096
GVIP,172.9997,175.2,175.2,172.13,8175.769854,173.5151
NFRA,65.5485,66.21,66.21,65.5485,35842.341211,65.8767
TNYA,0.8484,0.8001,0.8484,0.78,4632452.043101,0.814
PED,14.07,14.43,14.43,13.8,20842.362022,14.1212
PFIS,58.97,58.9,59.86,58.5,38907.1981,59.0842
SCO,6.99,7.43,7.5186,6.91,96790665.936113,7.2047
FNDX,30.16,30.37,30.37,30.0999,2551144.930469,30.1954
LEA,135.29,138.38,139.26,135.165,648768.253536,135.9501
RRGB,3.67,3.7,3.74,3.6,149416.214471,3.6644
CHKP,115.56,115.93,118.206,112.87,3433178.322594,115.3008
SIBN,12.95,12.99,13.31,12.915,453416.596371,13.0551
MLSS,0.469,0.414,0.4826,0.41,1202125.65528,0.4426
HOFT,12.86,12.49,13.08,12.49,51624.592,12.8077
UMC,15.16,15.24,15.45,15.02,16029124.175867,15.2237
TSLS,53.86,54.45,55.2,53.31,494846.626824,54.1469
HCTI,2.32,2.38,2.45,2.25,71266.13911,2.3419
KBA,33.7,33.96,33.98,33.7,99042.402981,33.841
UBT,16.12,16.37,16.37,16.08,110469.145269,16.2915
ONT,17.45,18.48,19.19,17.2,1361393.659584,17.8417
ATRO,77.95,78.69,79.7599,77.48,420644.908895,78.3092
DBO,21.36,20.62,21.54,20.44,1872988.732737,21.1663
SLX,106.48,109.13,109.36,106.23,32020.431723,107.5199
KTUP,9.43,11.47,11.47,9.25,228755.685561,9.9697
HYLB,36.47,36.61,36.615,36.47,528179.645519,36.5292
WTBA,24.11,23.93,24.4399,23.92,34504.607746,24.0851
LPTH,12.03,12.66,12.7507,11.625,3032624.564724,12.0245
USO,134.97,128.77,136.79,127.38,15902155.566205,132.5977
UBRL,17.52,18.93,19.36,17.29,188091.077491,17.8607
ALGM,47.93,43.9,49.49,42.0001,5318787.151104,47.6419
XXII,0.7117,0.7,0.74,0.6718,1570827.630732,0.7317
JMBS,45.27,45.46,45.48,45.21,965122.036801,45.2951
DKNG,25.22,24.2,25.27,24.16,21597538.227025,24.9768
VEGN,70.012,70.24,70.25,69.82,5819.4702,70.1226
FTXN,35.2442,35.29,35.345,34.67,768187.78959,34.9249
CGMU,27.37,27.39,27.395,27.36,1009312.31141,27.3742
TAPR,26.3,26.48,26.48,26.3,2414.0,26.323
PECO,40.05,40.36,40.5,39.82,2461484.222153,40.0657
FLOT,50.87,50.895,50.9,50.86,1311347.74489,50.8868
AMZN,271.17,275.02,276.63,270.49,35892879.99976,272.536
GLAD,19.99,19.99,20.2,19.59,281577.397659,19.8852
PTL,276.72,280.51,281.88,275.845,28642.795354,277.6719
PTF,116.39,120.45,120.45,114.79,79390.474426,116.3571
SMB,17.27,17.26,17.28,17.25,61401.7406,17.2636
CAMT,193.08,199.9,201.21,188.935,228140.133916,193.3966
EIPI,22.18,22.35,22.4209,22.0201,45301.9807,22.1339
TBBK,59.5,60.41,60.745,59.35,303165.44133,59.8406
GOLY,29.55,30.0,30.3299,29.515,33103.258373,29.9358
ILMN,138.71,141.37,142.395,137.1,1241144.519537,138.7895
RPD,6.71,6.85,7.04,6.52,2010456.407592,6.7336
ENSG,174.3,175.98,177.84,174.0,634300.163254,174.8736
WYY,8.64,8.01,9.1358,8.01,58623.119678,8.6056
CDW,110.2,109.51,113.58,108.31,4067282.771398,110.5645
NOTV,0.2942,0.31,0.31,0.29,288424.995161,0.2985
KJUL,33.505,33.54,33.54,33.505,2075.0,33.5239
PULS,49.61,49.6,49.61,49.6,3791162.11115,49.6076
VEA,69.67,71.01,71.12,69.62,14924677.324593,70.0774
NEXM,2.88,2.63,2.925,2.61,54712.76012,2.8306
PRTH,5.51,5.3,5.59,5.27,144351.777544,5.5089
IBHH,23.49,23.54,23.58,23.4803,54405.4793,23.5098
QWLD,150.4334,151.31,151.31,150.4334,843.6508,150.8243
NANC,48.16,48.34,48.55,48.13,18015.388705,48.3297
PAYS,6.71,6.55,7.04,6.46,1950863.639807,6.5837
TRNR,0.894,0.95,0.96,0.87,111643.193186,0.9274
CMTV,40.4,39.66,41.0339,39.615,13632.819786,40.2669
IBDR,24.2,24.19,24.2,24.19,341838.224442,24.1947
HYDB,46.76,46.91,46.96,46.745,795507.918824,46.8389
CAN,0.515,0.554,0.5547,0.515,7490955.260362,0.5281
SKRE,7.395,7.23,7.42,7.18,30789.95093,7.3048
MTCH,35.83,38.49,38.56,35.71,7289268.05102,36.3223
ATRA,9.93,7.85,12.45,6.8,76987169.995527,8.8065
RIVN,14.18,14.582,14.64,14.115,26127553.142194,14.2973
AMRX,13.72,13.69,13.84,13.505,2009746.992192,13.6851
PTGX,98.85,103.55,104.68,98.53,836858.700617,99.8701
BILZ,100.71,100.73,100.73,100.71,203391.824473,100.7144
FCPI,53.14,54.0,54.0,53.13,20729.032099,53.2913
IXP,125.09,125.65,125.8462,124.72,41852.7872,125.3139
IVVD,1.43,1.5,1.525,1.41,2143785.848788,1.4496
VFMO,226.19,231.69,231.69,225.06,99913.759152,226.9108
DEXC,77.79,79.14,79.16,77.79,7572.749678,78.5679
PLRX,1.24,1.23,1.27,1.21,671357.051258,1.2298
OACP,22.74,22.78,22.8149,22.74,6674.409909,22.7684
EWG,42.5,43.36,43.435,42.48,949494.263138,42.8255
WEBS,18.78,18.77,19.24,18.4,62844.420459,18.8219
ICU,4.86,4.94,5.0997,4.7,80539.491583,4.9544
BUCK,23.55,23.5,23.55,23.5,134662.039071,23.5151
PSP,61.2347,62.0,62.0,61.2001,20497.014048,61.5645
DCBO,20.96,20.27,21.04,20.125,203815.697302,20.8011
EWN,64.41,65.64,65.65,64.39,114419.534748,64.7732
MUB,106.99,107.03,107.05,106.9,2650094.347315,106.9594
AMZZ,40.79,42.06,42.57,40.79,197028.722089,41.3383
TRP,65.1,64.83,65.39,64.44,1976721.250013,64.9649
CGUS,43.01,43.33,43.33,42.93,911148.177429,43.1053
GRAB,3.79,3.82,3.9,3.76,54665560.746076,3.8179
SQQQ,45.73,45.41,46.357,44.5,76149559.589637,45.5369
GCMG,11.16,11.0,11.39,10.76,693788.00567,11.1726
GMNY,50.06,50.08,50.08,50.04,1689.1893,50.0583
SPHY,23.4,23.48,23.49,23.39,4053631.197198,23.4281
ALHC,18.25,17.985,18.3098,17.9,2564207.419897,18.1779
IPGP,101.53,102.25,104.23,98.0,896209.710205,101.8997
SPYH,55.5866,55.78,55.78,55.55,6194.8041,55.6276
HYG,79.86,80.22,80.24,79.86,44772981.916275,79.9971
ORBS,0.8173,0.8526,0.8698,0.81,9033546.829425,0.8313
XLF,51.55,51.78,52.08,51.42,36983126.973925,51.6352
DBEF,51.64,52.39,52.39,51.5501,447030.113417,51.837
IRTC,124.87,117.69,128.77,117.02,704710.488838,124.3781
SCHD,31.54,31.51,31.7,31.27,24151241.458804,31.5215
DIVZ,37.02,37.17,37.17,36.885,17714.2809,36.9686
TETH,11.47,11.61,11.61,11.39,874187.2666,11.4909
XYLG,28.15,28.49,28.5,28.15,31208.461387,28.4452
CURE,86.89,87.83,88.5,86.0,59396.822815,86.7003
KNRX,0.9901,0.9862,1.05,0.98,117856.5567,1.0085
IHF,48.95,48.67,48.96,48.575,356617.913434,48.7671
SIVR,75.25,77.0,78.09,74.82,1972320.708309,76.4234
KTTA,0.84,0.8401,0.8596,0.8055,124806.0,0.8329
WTW,258.07,252.41,259.14,251.56,1019122.160251,257.0097
RSPA,52.16,52.3,52.4231,51.928187,113687.113878,52.061
OGI,1.38,1.39,1.42,1.38,625495.722299,1.3902
MSOS,5.24,5.26,5.32,5.085,6403381.72661,5.1962
BBHY,45.99,46.13,46.155,45.99,38761.405873,46.0673
MSII,8.27,8.41,8.41,8.16,17289.869746,8.2715
ERX,84.88,84.53,85.46,82.4,451859.927622,84.1609
UUP,27.41,27.32,27.41,27.3,1528575.281178,27.3622
ALL,213.67,213.01,214.53,209.655,2837520.802443,213.0665
NEE,93.32,94.32,94.85,92.72,9681769.995983,93.6513
SHPH,0.7059,0.743,0.7633,0.68,558408.487321,0.7161
HYD,51.09,51.1,51.15,51.0701,424793.130988,51.1053
WEBL,25.31,25.4,25.86,24.7701,320825.995051,25.3584
IJH,73.66,75.05,75.15,73.58,9713405.044548,74.0032
BLZE,7.5,7.38,7.66,7.26,2313804.80525,7.4588
YSWY,26.92,26.12,27.555,25.64,526644.933761,26.7663
CWB,104.28,105.89,105.89,103.55,1580168.651618,104.3571
TOMZ,0.709,0.6465,0.71,0.6465,298245.295134,0.6958
BLDP,4.7,4.65,4.86,4.63,9590862.213002,4.7268
FRMI,5.12,5.53,5.615,5.05,19373677.922164,5.247
HURA,2.4,2.5,2.5,2.335,561646.312928,2.4275
PAWZ,49.32,50.2,50.21,49.08,50444.384662,49.4673
BLLN,92.9,81.6,93.0,77.1,1295057.55171,87.5949
MYFW,29.24,29.23,29.35,28.66,84720.062,28.9763
INSM,105.0,116.91,125.36,103.5001,13718250.594523,110.4899
GCT,42.84,48.98,49.458,41.29,1594860.004019,43.7779
NBP,2.22,2.27,2.27,2.12,693102.309405,2.2033
VTES,101.04,101.09,101.1,101.035,134060.463926,101.0584
SDS,59.73,59.17,60.02,58.99,6082305.429001,59.5735
LFGY,24.2705,24.73,24.73,23.9705,51062.1194,24.294
IYZ,41.16,42.03,42.03,40.945,1450359.100278,41.2044
SLM,22.66,22.65,22.95,22.5,1738790.703535,22.6839
PKW,137.31,138.81,138.81,137.31,20657.020311,137.754
EFNL,53.6,54.91,54.91,53.6,45359.060687,54.1373
CHYM,19.01,21.45,21.45,18.92,15308221.527247,19.696
LBRDA,37.3,36.26,37.965,36.26,124653.90738,37.3664
MKZR,2.4001,2.46,2.54,2.4001,4831.212981,2.4667
WRN,2.94,3.05,3.13,2.91,2598586.484284,3.028
COLL,39.33,37.5,39.58,35.81,913854.87292,38.8448
LINT,179.07,185.44,195.54,178.78,247137.916736,185.3031
NRG,141.86,150.86,151.3425,141.55,4355253.670844,143.2554
SOAR,0.208,0.2588,0.2644,0.1923,11010179.441927,0.2186
TFLO,50.52,50.52,50.52,50.51,1384111.356262,50.5156
EZBC,46.34,46.81,46.81,45.95,273941.035032,46.3855
BRZU,112.65,117.36,117.36,112.41,65909.576215,113.9872
VBR,232.46,235.67,235.67,232.21,340845.638053,233.4564
SHNY,13.56,13.91,14.08,13.43,779887.142529,13.7652
RWT,5.58,5.56,5.6,5.495,906101.019244,5.5592
HIDV,86.6156,87.45,87.45,86.6156,15243.623427,86.798
AIFC,0.99,1.0,1.08,0.9801,3358041.024349,1.0155
ETR,112.02,112.69,112.905,111.255,7808283.235172,112.1752
FLCA,51.8,52.05,52.2199,51.64,60635.4425,51.9608
GREK,71.9628,72.82,73.0799,71.5401,35431.890796,72.331
ZSL,19.28,18.3,19.51,17.71,13648541.519399,18.6889
INO,1.37,1.31,1.43,1.26,9148733.580483,1.3564
SPPP,15.95,16.4,16.4,15.8801,569333.711767,16.1182
GASS,9.8,9.95,9.98,9.75,111913.710249,9.8446
SPWO,32.74,33.33,33.33,32.5782,57904.289101,32.9256
TTEK,30.69,31.28,31.52,30.59,2727734.799164,30.8719
CNAV,38.72,40.2,40.2,38.52,6279.772,38.8979
LQDW,23.9311,24.01,24.06,23.925,55606.763667,23.9903
STBA,44.53,44.61,45.06,44.455,313473.97671,44.6428
IPAR,93.91,93.97,94.675,91.63,276990.601087,93.6599
BITO,10.96,11.07,11.0712,10.86,127854986.044804,10.9508
CNXT,53.91,54.71,54.86,53.8859,90667.888329,54.4546
AUAU,39.6831,40.99,41.425,39.6831,4560.484061,40.1647
FLRN,30.74,30.76,30.76,30.74,1168902.192955,30.7502
EXLS,31.34,30.98,31.815,30.98,1814164.53089,31.4054
VVV,35.87,35.96,36.3,33.74,6595210.571491,35.1219
DCRE,51.83,51.83,51.86,51.82,51312.3319,51.8314
ADTN,14.55,15.89,15.89,14.35,3014298.660247,14.6632
WHR,48.21,44.88,48.85,44.87,13619395.421204,47.2862
BKAG,41.95,42.1,42.12,41.8956,86654.439228,41.9836
FLNC,18.97,19.205,20.285,16.31,46080058.927957,18.1325
MGNI,14.0,12.7,14.0,12.5201,6173480.629061,13.4779
ON,100.61,105.27,105.5,99.73,19234105.838069,102.071
GMEU,10.4,11.51,11.59,10.27,360478.883891,10.7635
IAK,130.54,130.75,131.2,129.71,38317.434891,130.3432
EVAX,4.07,4.34,4.39,3.93,39584.859,4.0973
NDAQ,89.0,89.19,89.87,88.61,2938976.98586,89.0076
AXIL,7.05,6.9,7.24,6.9,91955.0,7.0922
TSLR,24.69,24.16,25.155,23.57,2857707.701209,24.389
PFFV,22.28,22.27,22.3,22.23,100546.943486,22.2641
OCTW,40.365,40.39,40.43,40.3401,32942.0,40.3993
PAPL,1.12,1.24,1.33,1.12,544863.223887,1.2026
TANH,0.362,0.3619,0.38473,0.3619,24080.307418,0.3672
VOT,290.97,295.06,295.715,289.68,202770.833068,292.1834
MNY,1.41,1.33,1.5,1.3246,38605.860417,1.3864
AIRI,3.08,3.06,3.115,3.02,18896.021762,3.0733
UNB,24.55,25.0,25.0,24.55,3268.6876,24.6869
METW,28.6,28.64,29.1,28.53,20121.699586,28.7743
SVOL,15.85,15.84,15.87,15.81,350226.465795,15.8352
AXTX,48.42,42.0,49.63,40.1,1928667.564162,45.3326
BSV,78.07,78.23,78.23,78.0401,1706377.746954,78.112
YALL,43.74,43.79,44.0,43.67,13027.992064,43.8633
RSPS,29.86,29.78,29.995,29.53,76601.601872,29.8438
FTNT,107.97,105.255,112.39,104.51,18110086.621912,108.8991
QCLS,3.76,4.0,4.03,3.74,279692.233316,3.8331
ERY,12.13,12.13,12.48,12.07,4210159.53171,12.2293
ZROZ,62.48,63.12,63.12,62.44,601211.609917,62.7922
NEOV,2.48,2.55,2.56,2.415,238628.967565,2.4803
ROKT,109.35,113.23,113.23,108.6191,59137.141516,109.9552
XMPT,21.92,22.01,22.01,21.8705,28976.699484,21.9411
FSMD,49.46,50.25,50.25,49.32,150863.561286,49.6071
AMD,408.46,417.07,421.71,401.08,44885481.088958,410.4536
XONE,49.37,49.39,49.39,49.37,99111.33054,49.3759
SGOV,100.45,100.45,100.45,100.44,17277070.988401,100.4469
QQQ,694.94,696.58,701.24,691.77,43779087.878143,695.9142
AXIApC,11.35,11.64,11.64,11.08,295550.461739,11.3598
SNOU,17.12,17.05,17.623,16.39,763604.960074,16.8969
RIOT,24.11,23.42,24.14,22.88,26355529.470761,23.6103
ORCL,194.59,198.61,200.15,190.8,31803162.347873,195.8042
MSFU,29.21,29.12,30.15,28.91,8826728.052095,29.485
SDCI,28.14,27.95,28.2,27.77,193574.208188,28.0308
APP,498.87,454.875,512.6899,443.0,12597314.800746,488.8204
EFA,102.89,104.82,104.86,102.82,19257474.910456,103.4806
CRL,181.68,189.3,194.57,181.67,1335642.549595,186.1666
BTGD,32.14,32.74,32.74,31.9,86304.514871,32.1866
FLKR,57.34,58.86,59.03,57.23,605132.927247,58.0638
AIYY,9.8976,10.0,10.01,9.805,36402.256402,9.909
FTI,71.03,73.02,73.515,70.16,3986927.033897,71.0246
DORM,124.52,123.99,125.68,123.235,312748.21917,124.6418
SLYG,108.7,110.0,110.0,108.43,156130.625896,109.0422
TMED,30.5019,30.37,30.5019,30.335,4065.6052,30.4758
VXF,228.84,232.93,233.48,228.26,283801.390062,229.776
SDGR,13.28,13.18,13.42,12.795,1236328.552643,13.0994
SABS,4.09,4.1,4.45,3.77,3280210.073735,4.0863
SSL,12.84,12.47,12.95,12.31,2107408.896687,12.6941
EPOW,0.7753,0.6996,0.88,0.6845,4470613.975349,0.7804
KXI,68.47,68.73,68.74,68.209693,39521.663658,68.4658
DSGR,27.49,27.85,28.17,27.425,37954.009996,27.6668
AGGH,20.39,20.4,20.43,20.32,539384.76059,20.3596
ERIC,11.76,11.99,12.0,11.7026,6652496.598686,11.8051
EPS,76.27,76.69,76.71,76.13,45416.164214,76.4114
GRNQ,2.25,2.29,2.38,2.095,20325.0,2.1889
WOOF,2.75,2.78,2.82,2.72,1090939.600778,2.7541
HCMAU,10.33,10.33,10.33,10.33,100.0,10.33
EZA,71.0,73.08,73.313,70.91,137743.174936,71.7652
LQDI,26.4246,26.58,26.58,26.35,15189.931167,26.4468
NVA,6.44,6.71,6.91,6.43,577028.728967,6.6932
IJS,129.2,130.56,130.85,129.11,207069.883644,129.7932
IJK,111.99,114.59,114.705,111.77,265225.512107,112.5146
IBDU,23.18,23.24,23.24,23.17,479266.07701,23.1949
STLD,232.92,242.99,242.99,231.54,1142248.612373,234.1938
FPAG,39.3917,39.8,39.83,39.3745,29556.6015,39.5626
PLTY,34.47,34.09,35.3819,34.06,153861.159209,34.6803
AD,49.3,48.91,49.85,48.91,136709.78746,49.3719
CPRX,31.165,31.13,31.29,31.08,13615910.185452,31.1327
TIPT,17.1,16.8,17.17,16.685,305066.212944,16.9895
GDRX,2.84,2.51,2.84,2.47,4689429.127461,2.7221
WDIV,80.745,81.5,81.5,80.74,7486.043505,81.0314
TKNO,4.0,3.71,4.4802,3.6118,269663.663178,4.083
BBMC,119.56,122.0,122.0,119.23,57086.3151,120.3565
PINS,21.55,21.309,22.43,21.205,27504447.575915,21.7017
BUFT,25.7102,25.87,25.87,25.69,16148.0,25.742
UROY,3.96,4.1,4.1,3.875,3151684.620386,3.9842
DFIC,37.61,38.17,38.17,37.59,1112907.206528,37.7565
CTNT,2.47,2.5,2.56,2.41,204919.635906,2.4886
DOJE,10.065,10.38,10.38,9.981,37899.895843,10.1392
RMCF,2.54,2.6,2.6,2.2365,148273.7233,2.3473
TIP,111.03,111.24,111.24,110.95,1529944.605991,111.0801
MHH,7.21,7.15,7.21,7.04,12794.92,7.1301
SIMO,242.71,242.85,251.7081,236.11,1180943.035778,242.948
EAD,6.61,6.63,6.65,6.61,50081.87732,6.6287
XSOE,47.23,47.91,47.9565,47.13,58666.891008,47.512
NSIT,70.37,74.72,77.705,69.35,1347974.897029,72.3131
BULZ,40.71,40.73,42.72,40.0,1444058.772286,41.157
FELV,38.06,38.47,38.48,37.98,129953.2087,38.1566
APOC,26.14,26.15,26.15,26.07,1664.0,26.096
HDSN,5.3,5.7,5.7154,5.21,1293648.065795,5.3388
VCEL,35.13,40.5,40.85,34.52,1192575.872367,35.9952
INTS,5.11,5.23,5.33,5.072,28597.12,5.1852
BSJS,21.845,21.93,21.93,21.82,102345.81697,21.8648
FAST,44.36,44.98,45.635,44.285,7490899.546118,44.6098
TER,354.11,378.54,379.0,345.56,5001462.032521,355.5714
PG,146.06,147.99,147.99,146.015,9545761.972401,146.4453
CMCSA,26.24,26.375,26.69,26.11,34373784.900824,26.3385
RDIV,56.34,56.64,56.64,56.03,43963.762258,56.3436
LI,17.6,17.91,18.02,17.6,1793644.688555,17.7321
EWD,51.2,52.74,52.74,51.135,135372.911891,51.6187
SIF,15.55,15.79,15.9799,15.025,46652.865252,15.5222
AG,21.37,22.19,23.07,21.295,21629161.854135,22.0151
WDTE,30.8199,30.7,30.895,30.7,16224.403415,30.7698
AEI,1.61,1.66,1.71,1.61,11329.0,1.6433
RLI,49.62,48.89,50.05,48.66,731014.016832,49.5293
IBID,26.186,26.2,26.2299,26.18,16581.821,26.1979
MSFX,19.26,19.14,19.9129,19.1,198724.032586,19.4215
AUTL,1.61,1.72,1.74,1.57,1279697.392134,1.6251
SNES,1.97,1.66,1.98,1.66,1233436.573857,1.8164
MINE,3.08,3.0,3.1485,2.9801,46069.666667,3.091
BWET,173.51,170.82,175.9719,163.3456,69973.033957,169.5907
ICLO,25.59,25.59,25.6,25.58,105795.474723,25.5916
IGRO,87.62,89.16,89.16,87.62,119029.912172,88.0592
IVF,1.82,1.83,1.8499,1.78,19871.027139,1.8187
IQDG,42.64,43.31,43.31,42.55,55077.862,42.7665
EMBD,23.815,23.89,23.9151,23.8,55005.827601,23.8693
WCMI,18.85,19.2,19.2,18.8001,311438.6139,18.9458
PAYP,19.27,21.505,23.3858,19.1,2434112.009743,20.7926
CET,53.3,54.0,54.28,53.2,65538.16836,53.666
TMFS,35.27,35.0912,35.52,35.0912,7480.2553,35.3421
NVDL,104.41,101.3,106.9,99.46,11991916.669894,104.3028
DFNL,46.55,47.11,47.11,46.4407,14917.3352,46.7218
BKF,42.7489,43.0,43.0,42.745,17652.833741,42.8574
IWMY,19.62,19.95,19.95,19.56,97100.190383,19.7278
CRVS,14.59,15.47,15.59,14.55,1352677.60431,14.8398
XSHQ,45.9,46.36,46.36,45.76,18408.822,45.9824
QMCO,9.13,9.7,9.72,8.7644,881823.463582,9.2179
WLDR,41.965,42.96,42.96,41.925,3773.3572,42.3062
CRDF,1.6,1.67,1.7,1.6,447520.840059,1.6283
SH,33.86,33.71,33.9401,33.6509,10431266.360799,33.8388
CANE,9.8,9.79,9.83,9.71,717288.959541,9.7747
ASTS,65.35,72.38,73.7499,64.91,19441288.73419,68.11
XHLF,50.22,50.22,50.22,50.21,177425.301496,50.2138
SLB,53.0,54.11,54.33,52.8,16615534.174722,53.2567
Z,43.68,42.27,44.72,41.74,7140036.615139,43.6622
IBDZ,26.04,26.15,26.155,26.01,165547.6364,26.0886
MRTN,15.14,15.05,15.24,14.96,746672.53504,15.1142
DIA,495.91,500.51,501.2,494.77,4490483.764795,497.4379
IBDS,24.18,24.18,24.19,24.17,408564.304501,24.1817
WEST,5.9,6.07,6.23,5.9,566879.715142,6.0903
GOVT,22.78,22.85,22.86,22.7601,5704376.170905,22.8037
GEME,42.2958,42.88,42.88,42.23,90034.948477,42.3776
MEAR,50.27,50.32,50.32,50.2494,111391.8668,50.2795
XCEM,49.39,50.22,50.22,49.35,266020.358351,49.6292
CRM,186.34,184.6,188.58,184.0,13955115.768692,186.4853
WGRX,0.0883,0.096,0.096,0.0794,2059749.606345,0.08843
DVYE,35.22,35.57,35.61,35.16,100546.728519,35.354
PMI,0.2209,0.2189,0.2372,0.2107,4362202.996013,0.2257
XLK,169.69,170.26,171.95,168.7,11031513.417057,170.017
ARKQ,130.48,134.07,134.07,129.4101,206820.370636,131.2296
AOSL,37.44,39.13,41.1999,35.47,2246101.707524,37.5588
FLTB,50.33,50.42,50.42,50.29,20381.213272,50.3578
UPLD,0.9718,0.9659,1.01,0.9,229040.06205,0.9602
SSP,4.68,4.95,4.96,4.581,980003.369966,4.7467
VBND,43.67,43.71,43.8,43.67,12431.7712,43.735
OVL,56.39,56.66,56.72,56.29,52683.144039,56.5365
RDVI,27.32,27.76,27.76,27.2501,617181.033645,27.3758
XSD,523.78,534.88,535.2709,517.82,132309.979853,525.6164
NAUT,2.88,2.96,3.05,2.84,169862.446798,2.9157
CIFR,20.685,21.69,21.82,19.67,25929762.065429,20.4695
FIVN,22.2,22.5,23.43,22.075,3095467.759195,22.6468
VCRM,75.7,75.8,75.839,75.7,142645.564558,75.7396
PFG,100.03,101.4,102.0,99.61,1092606.084335,100.2229
GLQ,8.29,8.36,8.42,8.26,65725.0203,8.3354
QFLR,35.75,35.93,35.93,35.68,114869.3395,35.773
FXL,193.25,195.92,195.92,192.66,8187.330139,193.982
TPFI,24.9875,25.09,25.09,24.9875,3179.0,25.0331
CMS,73.96,73.85,74.22,73.41,3132252.418995,73.9372
FIDI,27.9562,28.33,28.33,27.95,98580.832332,28.0706
AGMB,11.42,12.29,12.485,11.3,71147.673,11.7596
UFPI,83.86,85.15,86.145,83.0601,776141.806103,84.0
RWK,139.5151,141.86,141.86,139.5151,24212.247053,139.8757
SHFS,0.4649,0.6197,0.6197,0.3819,1624404.962547,0.4879
AOA,95.94,96.72,96.73,95.82,156425.407297,96.233
RDTE,29.05,29.49,29.49,28.95,232418.96178,29.125
FCOR,47.22,47.33,47.45,47.2,28937.848678,47.3688
ASTX,20.6,25.54,26.18,20.12,6609954.848684,22.789
XE,29.96,31.5,32.07,29.23,3766182.907861,30.4149
FDRV,19.64,20.12,20.12,19.581,11751.7496,19.8987
UNHG,18.5,18.11,18.52,18.01,498450.682615,18.278
BLRX,3.1,3.29,3.338,3.1,13540.51,3.2311
PSIL,20.31,20.8,20.8,20.1,80635.140013,20.4192
BRTR,50.195,50.36,50.3745,50.175,39453.224983,50.2761
IDNA,29.55,30.25,30.38,29.46,81652.489623,30.0029
XWEL,1.27,1.27,1.305,1.27,30004.25,1.2806
SPIP,26.03,26.08,26.08,26.02,589675.012285,26.0594
APEI,54.71,55.91,55.91,54.01,317157.649963,54.6431
RWJ,55.8,56.23,56.3599,55.71,84705.83684,55.9853
PAAA,51.35,51.35,51.37,51.35,1568241.974726,51.3597
XEL,80.43,80.44,80.82,79.79,6154870.242099,80.2938
UMI,58.29,58.37,58.37,57.25,20083.439425,57.9986
MTA,7.12,7.36,7.5,7.08,547245.060393,7.2787
YMAT,0.2405,0.2535,0.27,0.24,108011.0,0.2509
IXUS,94.77,96.31,96.38,94.68,2126595.186405,95.0972
CPHI,0.52605,0.515,0.545,0.515,20941.055772,0.5411
SGML,23.65,23.575,24.48,23.3,2844321.317396,23.8996
HDLB,16.7307,16.16,16.79,16.16,530.6456,16.6339
XPL,0.861,0.8899,0.8917,0.86,194087.85034,0.8787
CAML,39.0202,39.36,39.38,38.93,15664.005594,39.233
SLVP,37.82,38.96,40.0412,37.75,470087.36015,38.9596
XWIN,8.25,8.1,8.27,8.09,759508.770151,8.2034
FORR,6.53,5.78,6.605,5.78,100932.686353,6.3109
TEAD,0.8714,1.12,1.12,0.8282,873730.655505,0.9096
CRVL,58.06,55.9,58.465,55.9,167153.650823,57.7887
VTG,75.27,75.5,75.52,75.2367,24985.305051,75.3224
CGC,1.13,1.15,1.1601,1.125,5534350.776357,1.1407
RXT,3.52,3.975,4.62,3.36,194434667.998754,3.8717
PCAP,10.23,10.23,10.235,10.225,31471.0,10.2294
NBTX,42.61,43.15,44.4599,41.8,119331.546231,43.0346
GSHD,42.12,40.61,43.24,40.2,328817.027476,42.2626
IONQ,47.68,50.035,51.9,46.27,42874564.146621,48.7655
SPYI,53.13,53.28,53.33,53.015,2597012.156953,53.2007
TYGO,4.35,4.5,4.7,4.2501,845160.70831,4.4218
EPSN,5.88,5.86,5.96,5.695,228301.282799,5.8557
NURE,30.3007,30.265,30.44,30.22,1980.783,30.3514
FXH,113.4753,114.41,114.41,113.35,10708.5257,113.6645
KKR,100.34,101.81,102.06,99.05,6282041.581154,100.3311
ADP,214.09,206.05,215.09,206.05,3462763.772877,213.5416
HYTI,19.23,19.34,19.34,19.2201,35013.0703,19.2791
RARE,26.13,26.155,26.5,25.53,1978688.336902,26.1045
VUSG,64.25,64.61,64.79,64.2,7829.4503,64.5919
INSP,45.57,45.81,48.3248,45.08,2005805.628869,46.106
ITRN,58.95,59.17,59.93,58.45,117239.453962,59.1271
ICOI,11.61,11.78,11.8643,11.61,40024.705929,11.7466
BHP,82.55,85.12,85.14,82.51,2113570.590743,83.5492
SCHH,23.44,23.56,23.62,23.3301,6367499.056738,23.4757
MDLN,41.86,41.76,42.26,40.15,13108351.244174,41.2735
PATN,33.94,34.48,34.48,33.9,94321.8036,34.1796
JHCR,25.285,25.51,25.51,25.285,90950.646997,25.361
PRN,237.5651,249.89,249.89,236.8542,19798.346913,241.1624
SHC,15.67,15.95,16.17,15.655,3507041.791152,15.8583
HCAT,1.59,1.59,1.62,1.56,384352.107118,1.5897
PLTA,14.39,13.97,15.15,13.97,115773.665558,14.4372
CRML,12.85,13.97,13.98,12.535,14402338.689281,13.0771
PTLO,4.36,4.37,4.485,4.27,5671342.335643,4.3635
KHC,23.64,23.01,23.77,22.95,19910110.873008,23.4727
CAIE,27.24,27.36,27.36,27.16,335184.388633,27.239
ARRY,8.2,8.98,9.25,8.15,8511657.990902,8.464
ARMP,9.15,9.17,9.535,8.12,110735.967132,8.8461
LXEO,5.82,6.19,6.3,5.74,571925.947982,5.8802
SNOW,153.72,153.43,157.0,150.3,13709339.790991,152.882
IMO,125.84,125.6,127.08,124.12,490952.757398,125.8079
MDA,34.25,33.37,34.71,30.23,768615.280986,33.5375
CALM,75.74,75.27,76.73,74.67,623673.836425,75.8252
XOVR,18.88,19.09,19.1,18.805,2100694.640375,18.929
NATO,39.1933,39.8,39.97,39.17,23019.97075,39.3599
RSPG,101.78,101.96,102.08,100.39,144250.270728,101.4597
NIU,3.14,3.17,3.175,3.1213,190384.409645,3.1459
SOXX,492.36,502.93,503.68,488.131,9913713.82941,495.1036
FFSM,35.9,36.65,36.65,35.76,69654.685098,35.9767
MINT,100.46,100.44,100.47,100.44,1390334.702122,100.4626
RMBS,126.6,130.095,130.325,123.68,2227696.546325,126.2323
MMIT,24.3,24.31,24.31,24.27,343819.10266,24.2918
SON,51.71,52.47,52.67,51.69,929928.564441,51.9687
BMRN,54.12,54.86,55.31,53.6,2112469.286575,54.0257
OBE,12.77,12.49,12.7943,11.55,1863503.753198,12.2823
EWW,79.54,79.57,80.63,79.03,1207803.803746,79.7169
WW,9.17,10.8,10.94,9.06,932002.281156,9.6266
USAS,6.38,6.77,7.04,6.33,6203275.913505,6.6676
PVI,24.8219,24.97,24.97,24.76,7437.0199,24.8181
TREX,39.19,43.76,44.45,39.12,4390456.613706,40.1457
SSG,15.82,15.77,16.046,15.18,436303.426085,15.6714
IYE,59.4,59.4,59.605,58.61,1587896.103801,59.1742
ULCC,5.43,4.92,5.495,4.89,12515981.016687,5.3195
WTV,99.85,100.02,100.2,99.47,220325.741801,99.8596
AVGW,48.16,49.71,50.18,47.5,27301.185802,48.7084
PFF,31.52,31.54,31.67,31.52,2998226.90942,31.587
IGF,67.1,67.79,67.79,67.04,505747.520387,67.2898
ION,67.9251,69.55,69.55,67.79,7240.1465,68.5663
FLTW,91.48,92.45,92.45,91.3,248064.194813,91.98
FTOH,8.386,8.41,8.41,8.37,167610.264852,8.396
FLTR,25.48,25.49,25.49,25.47,1127586.503487,25.479
EDV,63.59,64.25,64.25,63.555,872593.346644,63.8591
PDFS,47.7,48.5,49.1,46.33,974600.443844,47.4755
EWM,30.42,30.45,30.635,30.395,151787.453511,30.4944
THRO,41.73,41.95,42.04,41.605,803050.035921,41.7713
BRK.B,475.08,469.255,477.19,468.97,5899549.829048,474.4427
COCH,0.66,0.6794,0.6986,0.6506,128869.009367,0.6728
NMRA,1.94,2.33,2.37,1.9,2768617.916378,1.9961
REKR,0.859,0.891,0.891,0.8509,1576206.908718,0.8735
GURE,3.61,3.8,3.95,3.61,35710.0,3.7697
PJAN,48.83,48.9,48.96,48.75,74737.166011,48.8795
IMVT,27.22,28.73,28.8,26.76,1238764.083503,27.3755
NOBL,107.43,108.06,108.34,107.34,668121.807089,107.7281
GBTC,62.28,62.94,62.94,61.77,1519271.720428,62.2965
ERC,9.16,9.17,9.25,9.13,31889.022212,9.1745
GOLS,25.6413,25.76,25.84,25.6413,945.0,25.7593
TMDE,1.05,1.02,1.08,1.01,362637.357816,1.0542
ENTA,15.09,15.3,15.93,14.78,196492.769847,15.1695
RSPN,61.02,62.0,62.0,60.915,289760.060253,61.0447
NTSD,44.2164,44.8,44.8,44.2164,1654.29879,44.5107
HIMU,48.77,48.87,48.87,48.7001,590288.844267,48.7771
THNQ,78.44,79.0,79.49,77.6094,25125.109785,78.7566
SPXU,39.97,39.41,40.25,39.22,12318245.706053,39.8013
BLV,68.4,68.91,68.9253,68.375,506361.155551,68.6346
ORIC,8.81,9.02,9.06,8.74,1539632.547456,8.8499
NEXN,7.73,7.67,7.89,7.67,205322.784841,7.7963
EMM,43.0596,43.15,43.63,43.0,75679.483144,43.1048
ARIS,19.01,19.345,20.54,18.94,3414573.918645,19.3282
STXL,33.82,34.2,34.4,31.57,288284.86328,33.3141
SGDM,74.88,77.41,78.6,74.83,52030.148283,76.5635
SLTY,25.58,25.31,25.77,25.31,31765.56659,25.5566
FENI,39.46,40.23,40.23,39.425,1360029.874258,39.7231
INM,0.6964,0.73,0.79,0.6938,35702.119,0.7186
PCAR,114.05,116.26,117.39,113.97,2358444.876732,114.5703
ZDGE,3.21,3.27,3.5,3.14,40748.001693,3.2734
DOG,22.9,22.7,22.95,22.67,1517918.51267,22.8535
OPPE,56.309,57.58,57.58,56.2316,21329.1286,56.515
XVV,55.938,56.25,56.25,55.89,7550.896055,56.0649
PFFD,19.0,19.09,19.09,19.0,491670.614333,19.0332
RDWU,8.26,8.45,10.08,7.69,1724460.605392,8.6814
SKYQ,3.97,4.33,4.69,3.92,2857293.704739,4.5441
TWM,23.91,23.04,24.08,23.04,730831.36099,23.783
SPYX,59.93,60.17,60.305,59.8,52226.432629,60.0162
UGRO,5.62,5.78,6.08,5.6001,69602.441626,5.8425
ACN,180.19,176.075,180.74,175.63,6330372.323549,179.254
CHRW,171.37,168.59,172.055,167.57,1760656.36034,170.9337
IBCP,33.95,33.9,34.2851,33.9,220361.029852,34.0218
BWIN,20.98,20.98,21.51,20.26,1423997.156561,21.0988
PSIG,7.16,6.42,7.18,6.4,1625597.0,6.7102
MUD,21.61,21.51,21.94,20.455,6375786.470111,21.3008
PRAX,333.28,349.0,353.0,317.92,457696.018052,329.565
BCS,23.29,24.05,24.08,23.26,6221185.440302,23.5999
AMZE,0.1276,0.1162,0.1288,0.11,4127222.70839,0.1197
IWY,287.41,288.1,289.915,286.8844,348269.411187,288.1214
PYLD,26.42,26.5,26.51,26.4,2629369.601835,26.4362
PTLC,56.92,57.2,57.2879,56.8001,104360.81269,57.0092
FLXS,55.16,54.91,55.965,53.435,40536.810742,54.5902
PLBY,1.67,1.68,1.74,1.64,1051341.157524,1.6875
MGEE,74.65,77.86,77.86,74.51,1939665.86633,75.4345
LULG,8.7869,8.75,8.98,8.65,228900.7635,8.8145
VAW,232.03,238.01,238.54,231.86,43724.793786,234.3815
VFH,126.85,127.48,128.14,126.53,403067.966064,127.1116
XBI,133.66,136.8,137.17,131.96,10692792.419801,133.9534
DLLL,66.519,69.71,70.39,65.7,82487.107429,67.7277
KPTI,8.85,8.96,9.0,8.68,168967.058008,8.868
GLRY,41.04,41.7,41.7,40.92,40489.559,41.0824
SKYX,1.46,1.36,1.47,1.255,4980776.728944,1.3785
BJUL,53.23,53.38,53.38,53.18,7370.09393,53.2388
RSBT,19.24,19.33,19.42,19.22,77613.666563,19.2715
FDN,269.91,270.71,272.0,268.09,412393.970748,269.7707
BATT,17.33,17.67,17.72,17.31,95869.322112,17.5413
NWN,50.19,48.91,50.61,48.49,423316.433915,49.9565
HTHT,47.8,48.5,48.64,47.54,2078488.722801,47.9485
MRLN,8.31,9.34,9.445,8.01,1353058.985943,8.4335
SNDL,1.45,1.44,1.4601,1.42,1796630.646363,1.4389
METV,18.6094,18.69,18.846,18.55,32389.698782,18.6894
IZRL,31.08,31.0,31.1601,30.47,13544.592537,30.9295
LCNB,16.28,16.06,16.28,15.925,20594.5537,16.1665
FLQL,76.05,76.23,76.23,75.4751,33339.32009,75.7882
ITOC,0.34,0.326,0.3469,0.325,51781.739892,0.3328
QXL,3.29,3.26,3.42,3.26,56684.54215,3.3497
JHMD,44.64,45.38,45.38,44.55,55185.42967,44.9224
FTF,5.89,5.88,5.91,5.88,120339.964218,5.898
ACMR,59.2,53.0,63.95,52.5,2981158.491816,60.1796
ROUS,63.85,64.46,64.46,63.684,27361.8923,63.8941
AXTI,108.42,99.51,109.98,98.69,11765635.899868,105.4973
GRPM,125.8196,128.42,128.42,125.815,11265.21415,126.5255
WDCX,76.67,79.56,80.745,72.23,453661.328275,76.4689
IEMG,81.47,82.75,82.765,81.345,17709862.504621,81.8679
PYPL,46.22,46.43,47.145,46.15,14081555.763538,46.5982
GLBS,2.2,2.12,2.42,2.1,204600.171271,2.2829
IETC,105.65,105.78,106.855,105.335,28146.341141,106.1007
IONZ,5.46,5.05,5.71,4.72,17895447.039708,5.1975
QQQG,28.2775,28.45,28.52,28.14,16844.6564,28.3815
AVR,6.51,6.37,6.54,6.29,490675.012875,6.47
VREX,11.83,12.29,12.39,11.78,563502.044213,11.9551
RACE,337.46,339.01,342.87,335.8,696691.415125,338.8393
PMAR,47.16,47.3,47.3,47.0901,31332.59582,47.1521
SCHQ,31.11,31.32,31.33,31.08,308047.966449,31.2047
SCHM,34.32,35.0,35.0299,34.215,1236076.178748,34.3901
BNRG,2.08,2.45,2.45,2.01,179068.87249,2.2
HST,21.67,22.16,22.36,21.555,13850148.111157,21.7775
WYNN,106.85,107.73,108.98,105.47,1273171.61187,106.8451
ILF,36.14,36.77,36.8,36.105,4943809.411757,36.3031
PFIX,47.6,47.83,47.935,47.42,316528.755147,47.6955
IVE,223.58,224.67,225.0,223.225,680086.301511,223.7763
IMCG,89.7,91.2,91.2694,89.37,203393.164566,89.6588
MNVT,28.5657,29.79,29.79,28.1,23996.426598,28.6335
MSTR,179.84,184.41,184.41,175.72,15918054.991434,180.2659
TURB,1.49,1.49,1.56,1.45,237538.467441,1.528
TREE,39.83,39.9,41.99,39.7,349058.408688,40.5043
BWXT,209.89,216.01,216.23,203.57,1502358.429099,209.0974
PSEC,2.75,2.77,2.78,2.73,3975056.181385,2.7469
BMR,1.92,1.91,1.96,1.89,64977.5174,1.9327
LPRO,1.62,1.7,1.745,1.6,901752.096383,1.6674
SIGI,84.69,84.68,85.415,84.045,620875.56197,84.692
FUL,60.67,60.7,62.4,60.3,467316.625982,60.7225
DFAS,77.59,78.67,78.67,77.47,454222.369415,77.7857
RPG,56.3,57.45,57.45,55.9,394380.544168,56.4815
FDIG,44.1988,45.19,45.25,43.25,84580.113934,44.0852
PDSB,1.14,1.07,1.19,1.07,714168.230938,1.1484
CBOA,24.615,24.71,24.71,24.615,1214.0,24.7088
VEEE,6.43,6.44,7.45,6.0201,2201529.521297,6.9278
SNPS,505.19,506.3,517.0,503.49,1597072.921952,509.146
PL,35.24,39.52,40.92,34.93,10605888.69455,36.4166
ADMA,8.47,7.525,8.61,7.5,29724011.881836,8.2634
CEPI,33.7966,34.02,34.0999,33.69,34835.147733,33.9393
SCNX,0.4249,0.4063,0.47,0.395,2103797.701737,0.4354
WAT,350.49,350.965,355.98,341.58,2014720.526163,347.4205
CMDY,61.1528,60.44,61.28,60.11,150300.5917,61.0097
EU,1.87,1.95,1.975,1.85,2094043.551493,1.9034
SDY,148.41,149.18,149.22,148.05,133373.29944,148.7289
GLO,5.97,5.99,5.99,5.91,265809.091949,5.9672
XDTE,39.38,39.53,39.6,39.31,128239.800172,39.4433
RITR,0.4782,0.474,0.5,0.4322,22091.997508,0.4718
PLTM,19.54,20.02,20.02,19.47,232808.797779,19.785
SMRF,28.3129,29.4,29.4,28.225,17755.130213,28.7162
GCTS,1.5,1.55,1.58,1.48,3480006.422808,1.531
CPRT,33.88,33.37,34.27,33.29,8767863.868236,33.8266
CRWV,128.84,132.055,133.5889,125.43,41365344.151812,128.6833
OXLCP,25.05,25.04,25.05,25.04,992.0861,25.0255
SNSE,23.76,26.6,27.18,23.76,23052.7654,25.2386
ANPA,5.72,5.39,5.9,5.39,20132.076394,6.0504
VALE,16.19,16.51,16.52,16.1113,19303823.162476,16.246
NUGY,16.1723,16.32,16.35,16.1723,16259.0794,16.2972
QCOC,23.5401,23.53,23.6,23.53,2887.0,23.5485
CTKB,4.92,4.99,4.99,4.865,781097.333835,4.9141
RNA,12.96,13.07,13.2,12.8,189117.591717,12.9434
IREN,56.85,59.395,62.43,55.41,81891800.869215,60.6461
HUSV,38.7964,38.84,38.84,38.7964,4270.1172,38.8147
SETH,42.9007,42.33,43.0899,42.33,51523.656912,42.7197
FFOG,49.72,50.3,50.3,49.465,20467.221107,49.7768
ARGX,787.31,840.67,840.67,777.1383,704293.997792,791.8045
NFTY,54.145,54.8,55.5,53.85,59190.434698,54.4673
EQAL,57.6599,58.48,58.48,57.6401,38501.411826,57.8992
BLNE,1.93,2.09,2.12,1.9,934358.22652,2.0153
WCBR,28.9,28.43,29.6804,28.43,37636.896578,28.8358
IBB,170.1,172.83,173.45,168.81,1390509.243038,170.3646
VLY,13.4,13.73,13.77,13.35,4344383.205189,13.4962
KALV,26.72,26.72,26.74,26.7,1504168.304253,26.7225
VTEC,99.74,99.82,99.82,99.71,292073.444201,99.7528
TBRG,25.78,25.72,25.82,25.72,701380.983721,25.7657
UNX,42.7099,52.6,54.815,41.48,36785.829565,48.2565
FXB,130.355,130.95,131.01,130.33,36838.212365,130.7875
TSLP,19.1,18.94,19.31,18.7902,32645.223816,19.0524
VGASW,0.045,0.0602,0.0725,0.0336,4306958.0,0.06323
ANGH,3.65,3.18,3.66,3.18,2000.199504,3.5511
ERNAW,0.09,0.0997,0.0997,0.0442,9715.429313,0.09351
EW,82.76,83.25,84.425,82.65,3332532.136424,83.2389
UMBFO,26.85,26.8,26.8799,26.381,9567.0,26.7436
STEP,54.18,53.79,54.27,52.68,805578.967945,53.8602
FLHY,24.25,24.32,24.345,24.25,417849.464701,24.2787
CGEM,14.72,15.125,15.125,14.09,1227647.416389,14.5156
BNBX,0.5,0.517,0.517,0.483,24166.024713,0.4893
AMKL,20.55,23.5,23.5,20.55,39530.196,21.7624
OCSL,12.21,12.49,12.49,12.185,676204.460252,12.2811
PSI,143.16,146.83,147.0778,141.85,347176.474963,144.0397
FLYX,2.32,2.52,2.54,2.3,251375.944042,2.3602
BNDI,47.2686,47.42,47.4499,47.2598,16722.133557,47.3077
FWONK,93.48,89.0,93.75,87.91,2565914.949505,92.7225
DFAU,50.4,50.73,50.73,50.27,634532.238904,50.4614
AAPU,35.45,35.89,36.61,35.0401,3005961.003504,35.9073
ACIO,45.82,45.92,46.03,45.6913,359564.146618,45.8162
IMFL,33.56,34.21,34.21,33.16,172907.395971,33.9115
ESGU,159.29,160.07,160.34,158.97,463194.656081,159.6118
IBDX,25.2,25.31,25.31,25.1866,173701.88309,25.2304
AMOM,56.5962,58.11,58.11,56.46,4857.1361,57.4588
BYLD,22.59,22.67,22.6899,22.5742,65991.740147,22.6187
SPYG,116.12,116.705,117.195,115.74,3599798.55612,116.2943
HYFI,37.325,37.44,37.4881,37.3101,18602.1917,37.3937
VTEB,50.2,50.27,50.28,50.18,7004212.375999,50.2237
MDAIW,0.8497,0.82,0.867,0.6801,13688.0,0.8221
TSLT,20.2,19.83,20.59,19.3,3760601.357968,19.9729
JPUS,135.6309,137.8,137.8,135.51,6185.645156,135.9229
RIOX,50.69,48.18,50.69,45.5264,275087.991231,47.6467
RIGL,26.24,26.68,26.68,25.94,349981.788088,26.2402
SGRY,14.31,14.73,15.17,14.14,1452392.685251,14.4138
XRPZ,15.07,15.34,15.34,15.05,141034.060818,15.1471
TEQI,48.8463,49.26,49.26,48.8,11764.2664,48.913
AEYE,8.09,7.68,8.2,7.68,125333.375133,8.016
OSW,24.58,25.1,25.6,24.55,684305.719416,24.8134
USAR,26.38,28.6,28.62,25.8,17947804.697426,26.8695
TRPA,38.84,38.91,38.91,38.84,4411.69744,38.8727
TRST,48.43,48.67,49.11,48.16,94863.444457,48.57
WSC,23.3,23.4,23.66,22.885,3018421.848272,23.4429
DJUN,48.845,48.83,48.95,48.83,10311.0,48.8638
DGNX,1.45,1.46,1.56,1.355,489688.146626,1.4904
PBL,32.3872,32.57,32.6,32.3872,8738.02,32.5709
XTL,220.7,227.06,227.07,219.0343,88345.881363,222.2003
RILY,8.69,8.95,9.02,8.52,905036.443619,8.7031
GMTL,14.98,16.14,16.14,14.72,128970.222883,15.3298
RETL,8.33,8.62,8.75,8.11,706556.181326,8.3327
JPIN,74.1479,75.25,75.26,74.1479,5001.679293,74.5315
MOAT,101.62,101.65,102.37,101.245,941601.138259,101.7824
VITL,9.52,9.1,9.655,8.4,19560673.83571,9.0578
CEPT,11.48,11.87,11.99,11.36,632071.059103,11.6619
TCMD,26.01,26.96,27.57,25.77,597290.922161,26.4685
RCEL,4.18,4.37,4.47,4.14,202820.182997,4.2393
POWW,1.99,1.99,2.02,1.99,345825.027689,1.9999
AUID,1.24,1.2,1.345,1.16,299224.815491,1.2609
HYIN,14.9041,15.03,15.03,14.86,15656.0677,14.9414
IONL,25.98,28.81,31.1099,24.2601,2137645.160526,27.4667
YBTC,22.85,22.97,22.97,22.7,162326.009208,22.8168
PCT,8.94,9.315,9.73,8.66,8819078.338872,9.024
VERA,35.88,36.47,36.9,34.47,972555.388928,35.5332
PBW,39.37,40.53,40.67,39.09,1142653.729669,39.5168
BBRE,104.587,105.51,105.51,104.09,9790.05404,104.681
SSK,11.99,12.11,12.11,11.91,32976.291396,11.9947
CBTO,20.27,20.41,20.41,20.255,22126.9605,20.294
GP,0.9912,0.97,1.01,0.9605,68993.66614,0.9823
JBHT,242.19,246.66,247.79,241.06,893485.613861,242.8818
OXLC,10.18,10.02,10.215,9.99,599070.307768,10.1309
NBSM,26.7563,27.11,27.28,26.7563,54642.3069,26.8777
SCHL,39.99,39.61,40.52,39.61,319527.016812,40.1308
AEMD,2.3,2.4,2.49,2.2601,44158.716667,2.3683
TLG,27.2974,27.59,27.6,27.29,2201.0,27.4615
CLIP,100.12,100.13,100.13,100.12,283138.477259,100.1252
SMUP,12.2,13.24,13.44,11.63,127777.304997,12.2742
IGLB,49.65,50.03,50.03,49.61,957574.99285,49.8146
BSTP,38.6437,38.99,38.99,38.64,4884.576259,38.7568
BSOL,11.91,12.04,12.04,11.85,1966672.990477,11.9389
GNTA,0.6402,0.7,0.7,0.6302,66156.906511,0.6796
VSDB,76.225,76.4,76.4,76.19,36429.3742,76.2523
IBDW,20.87,20.95,20.95,20.855,384897.2324,20.8892
GSG,32.89,32.1,33.05,31.855,4801983.478732,32.3163
PRK,174.78,175.01,176.65,173.86,82027.007348,174.9471
VWO,60.21,60.99,61.03,60.16,7522882.970755,60.4875
LFVN,5.02,4.99,5.15,4.9001,486773.650556,5.0034
MSTU,8.21,8.59,8.62,7.77,33288733.899037,8.2591
PNTG,35.73,33.425,35.84,32.05,563993.106301,34.4379
IWX,100.84,101.51,101.6355,100.71,129578.58178,101.0267
FLCB,21.4,21.48,21.4899,21.39,275273.34124,21.4266
PAVE,56.81,58.54,58.55,56.68,1735944.07801,57.2109
WCLD,29.73,29.43,30.16,29.43,760200.634408,29.8563
AKAM,116.69,116.125,117.48,111.69,10595205.12728,120.2691
ITRI,81.14,82.97,84.26,80.81,781378.795586,81.7153
RBBN,2.69,2.69,2.78,2.65,541263.699212,2.7062
JBBB,47.35,47.35,47.47,47.3001,1121773.972172,47.4127
ORLA,14.28,15.05,15.32,14.27,5292275.871071,14.6233
WIX,80.34,76.0,81.34,76.0,1452589.973571,80.1317
AAPX,32.14,32.6,33.115,31.83,280107.420503,32.539
BMEA,1.63,1.6,1.65,1.55,989523.538776,1.617
GSOL,6.61,6.66,6.6796,6.565,1424249.77259,6.6081
MYSE,1.94,1.99,2.155,1.88,229700.834054,1.9957
UTES,82.0,83.94,84.16,81.945,153380.296119,82.6252
XLI,174.0,177.44,177.72,173.43,10627970.703562,174.7918
AMPU,9.85,17.28,17.29,8.399,602803.215953,10.1793
VLU,231.7303,233.66,233.66,231.71,6806.5935,232.3106
SFY,144.0803,144.83,145.179,143.9009,14422.067019,144.5304
POET,9.58,9.54,10.3,9.03,42744832.824185,9.6722
BBEM,76.62,77.86,77.86,76.62,4631.7377,77.1723
NNBR,2.76,2.95,2.99,2.6201,3772735.431979,2.8352
NUEM,42.02,42.615,42.615,41.9429,28873.6107,42.2377
HEFT,26.33,26.83,26.83,26.3101,23121.6163,26.3793
VDV,76.102,77.32,77.32,76.102,7259.966,76.6223
PID,22.72,22.9,22.92,22.72,51745.656083,22.8277
PLTI,14.5428,14.31,14.7,14.31,10485.454,14.5663
RSDE,22.735,22.79,22.85,22.72,4792.0,22.758
EOSE,6.36,6.83,6.86,6.245,21734399.58473,6.457
WEED,23.18,23.6,23.6,22.85,18320.261599,23.2342
FRNW,25.29,26.02,26.02,25.2,86327.555111,25.4679
UBER,76.73,79.825,80.83,76.3,26972252.996582,77.3825
ICF,67.66,68.28,68.28,67.3701,121710.590751,67.7863
DFAR,25.89,25.94,26.04,25.74,3129972.549261,25.886
RECS,42.58,42.73,42.82,42.5111,464592.1131,42.6548
HTZWW,2.89,2.87,3.09,2.75,78925.662514,2.9358
GPGI,12.94,13.325,14.61,12.07,16474906.721265,13.2551
RNTX,1.17,1.17,1.19,1.135,648725.214728,1.1658
QUBT,9.63,10.055,10.225,9.37,13437648.566812,9.7647
MSTW,8.88,9.16,9.16,8.645,376761.446397,8.8971
SMH,540.1,545.765,549.7032,535.92,10905154.31338,542.5741
VEU,82.24,83.8,83.8,82.17,1966335.23923,82.7994
VGMS,51.26,51.39,51.39,51.2,48580.0437,51.3119
HIPS,11.9225,11.96,11.97,11.91,21105.057435,11.9434
BYAH,1.23,1.18,1.23,1.17,9404.910731,1.2122
KNG,48.94,49.09,49.25,48.91,244858.488181,49.0483
DFSI,45.12,45.79,45.95,45.08,83025.254,45.4692
AURE,2.37,2.28,2.38,2.28,12498.832457,2.3426
BCV,24.99,25.24,25.24,24.83,18143.1935,25.0029
CVIE,80.7473,82.21,82.21,80.55,87345.2992,81.2794
BIZD,13.03,13.17,13.17,12.88,4847307.046924,13.0338
NAIL,39.28,42.28,43.75,39.0701,1923827.59199,40.777
SLF,69.51,71.14,72.195,69.4,1132040.624276,69.867
CMT,24.96,23.91,26.3,22.39,47269.313653,24.0307
EEM,66.59,67.67,67.67,66.48,34734667.932865,66.9762
TRX,1.23,1.28,1.34,1.23,4698308.924004,1.2848
AVSU,83.965,84.91,84.91,83.87,8224.3579,84.2213
IMPP,4.91,4.71,4.955,4.69,438569.756854,4.8807
XCCC,36.885,37.07,37.085,36.885,96308.946058,36.9702
ACWX,74.78,76.08,76.08,74.75,1975655.530609,75.106
GRID,192.87,199.03,199.03,192.375,1274480.326862,194.0259
SCHJ,24.66,24.72,24.72,24.65,232675.873016,24.6729
IBHF,22.71,22.75,22.775,22.71,218687.658304,22.7278
AFMC,38.88,39.71,39.71,38.85,16267.9634,39.0062
NWS,30.85,30.1,30.89,29.8899,1716374.775725,30.5349
CLOD,30.6203,30.0,30.6203,29.81,7448.7736,29.8663
XYLD,40.52,40.55,40.56,40.51,513058.07807,40.5353
IEF,94.71,95.18,95.18,94.685,5610063.077922,94.8041
MRNA,48.54,51.69,52.0,47.78,8496638.534259,49.4385
NXT,120.86,127.46,131.25,120.73,1784783.901183,123.8236
ARTC,9.86,9.86,9.86,9.85,61024.152,9.8549
HGRO,30.49,31.06,31.06,30.425,136410.100942,30.5695
HBIO,6.79,7.21,7.21,6.64,14774.17698,6.885
CRDU,54.17,59.5,62.7743,52.97,282798.769795,56.6665
DUOT,8.52,8.86,8.91,8.36,266745.123123,8.5687
KLAG,28.8382,30.9,30.9,28.4,39465.113193,29.2597
AMAT,410.64,426.355,427.7,406.01,7741791.673193,412.4864
CLIR,4.83,4.97,4.98,4.62,16310.823227,4.8618
BBUS,131.81,132.48,132.6844,131.53,177589.678684,132.1021
EXUS,27.385,27.94,27.94,27.38,181904.1717,27.7553
IDMO,59.94,61.05,61.1699,59.85,429984.954402,60.432
PSCT,77.99,79.32,79.32,77.555,26486.97515,78.4476
NICE,95.64,97.81,99.71,95.36,1146155.118944,97.1965
BMNU,2.055,2.18,2.18,1.94,145581054.406078,2.0699
GOSS,0.3437,0.35,0.3528,0.3294,3894951.525258,0.3385
CQQQ,53.21,53.775,54.105,53.085,1448304.005125,53.6005
TPHD,41.53,41.85,41.85,41.39,23969.368424,41.5603
KPLT,6.93,7.08,7.4,6.86,25791.442174,7.1242
WEPN,44.4566,46.53,46.53,44.16,6848.907063,44.7466
BL,31.17,29.75,31.6,29.75,898810.331781,31.07
TITN,21.5,21.57,21.81,21.2501,102310.463126,21.5251
SMHB,4.055,3.93,4.07,3.93,23882.214353,4.0367
BALQ,54.4274,54.77,54.82,54.41,1789.7767,54.6618
BUFX,21.925,22.07,22.07,21.925,1536.0,21.9815
HDV,26.91,26.92,26.9837,26.72,2110041.267322,26.885
TDIV,111.4695,112.19,112.87,110.98,78437.786646,111.8052
GFF,90.68,89.5,93.43,86.0,405684.764575,90.6546
SCHE,36.61,37.02,37.06,36.53,3677834.502393,36.7024
OUST,24.51,28.2,28.34,24.24,5312533.978429,25.8761
FFGX,33.875,34.52,34.52,33.85,3905.394,34.1029
URTY,74.47,78.79,78.82,73.5811,1121781.966435,75.7822
GOLD,43.51,43.51,46.82,42.32,908236.316901,44.1196
ZONE,0.36,0.34,0.365,0.32,1753589.318771,0.341
CYAB,0.5671,0.5461,0.5671,0.5138,279320.0,0.5496
ENB,53.99,54.135,54.31,53.435,4749344.040581,53.8789
HNI,34.7,33.58,35.68,33.5,1348318.678436,34.8496
BCDA,1.09,1.12,1.15,1.09,87338.4154,1.1213
IAI,176.63,178.48,178.959,176.0,44892.341935,176.8886
XOMX,40.6224,40.53,40.88,39.48,21492.088924,40.2101
TBPH,17.02,16.94,17.055,16.62,346754.740308,16.9105
EVLU,39.243,39.66,39.66,39.12,5337.548869,39.5582
CLSX,21.12,21.37,22.1,19.73,209414.404216,20.9707
ISOU,12.28,12.21,12.8877,12.02,138947.937322,12.4664
INDY,43.81,44.24,44.3014,43.76,84888.693917,44.0547
SNDK,1339.96,1379.42,1400.99,1292.5739,16243342.531158,1340.6082
FLYW,17.73,17.65,18.05,17.2601,3142689.532627,17.726
HYGH,86.12,86.27,86.3799,86.06,51328.324052,86.2029
FWD,131.4,134.44,134.44,130.77,657178.774649,131.692
ABNB,140.46,140.5,142.19,138.64,7248337.019847,140.2554
BGIN,3.94,3.97,4.0899,3.8201,4720.701299,3.9398
EWI,58.38,59.4,59.4,58.25,497008.663828,58.8245
ERII,9.43,11.13,11.13,9.3,3622287.156582,9.6379
WSHP,7.265,7.52,7.717,7.15,84524.846819,7.3913
MIDD,158.23,159.575,163.87,152.525,1401534.748446,159.3092
TTRX,3.795,3.76,3.9,3.68,15254.0,3.8263
RGP,4.46,4.33,4.505,4.33,436707.894757,4.4437
GLUE,19.81,20.25,20.3,19.185,661135.982607,19.7339
WMG,31.04,30.53,31.305,30.09,5529102.976588,30.9224
WELL,212.95,215.305,215.96,208.67,2732851.425604,212.2291
TDAX,24.795,24.94,25.345,24.675,36881.0808,24.8727
SLND.WS,0.0319,0.0245,0.0319,0.0245,9113.0,0.03129
TPB,90.22,87.1,93.75,83.51,923201.568945,88.8466
PBM,6.02,5.96,6.26,5.84,107550.441949,5.9986
IGHG,78.05,78.03,78.7301,78.03,17515.002085,78.1869
WWR,0.66,0.6948,0.7198,0.656,1311107.865372,0.6828
QSOL,8.9085,9.0,9.0,8.879,6059.0,8.9181
PLU,34.97,43.81,44.37,34.0,197335.0825,38.3321
APRJ,24.9765,24.92,25.01,24.92,2993.6433,24.9675
WWJD,39.505,40.41,40.76,39.4001,40350.1301,39.7663
PDN,46.781,47.38,47.49,46.781,8343.2765,47.1932
DSS,0.56,0.5471,0.5752,0.539,173330.988325,0.5591
FNOV,57.4242,57.63,57.63,57.36,10470.8996,57.4721
NUCL,9.81,9.1,10.1,8.83,423592.949106,9.6649
JSI,51.6,51.72,51.74,51.6,96640.442079,51.6318
STRT,74.56,75.92,76.3399,74.43,45829.712467,75.2487
FONR,18.88,18.89,18.93,18.88,33344.557461,18.8965
DFAW,81.4,82.12,82.12,80.945,93866.193883,81.2533
SCHG,33.89,33.98,34.16,33.78,11971904.022093,33.9353
MSFT,420.77,420.11,427.98,418.76,34942445.178621,422.6818
REED,3.29,3.82,3.82,3.15,12469.0,3.3638
COYY,3.86,3.87,3.87,3.83,226060.406624,3.8498
BKLN,20.66,20.65,20.66,20.62,9185929.853768,20.6465
WTRE,25.2637,25.73,25.73,25.235,2003.1978,25.3635
OKYO,1.62,1.69,1.733081,1.62,47004.84,1.6535
QQQH,55.0312,54.91,55.1799,54.91,31961.097703,54.9958
STAK,1.07,0.9891,1.1,0.9891,110036.0571,1.0638
RGTU,22.25,25.05,25.8,21.7601,82374.433121,23.9762
QRVO,88.97,89.59,91.23,88.33,1432940.350309,89.3599
LOAN,4.23,4.28,4.29,4.22,42906.133389,4.2505
PFFA,21.69,21.74,21.75,21.6301,796782.121044,21.693
SAA,33.15,33.38,33.68,32.81,11711.734384,33.1043
VUSB,49.67,49.7,49.71,49.67,1497395.325732,49.6886
ARXS,35.03,35.0,35.495,34.87,409940.722942,35.0539
TRT,11.6,12.51,12.555,11.5,575505.918201,11.8735
CLSE,32.26,32.61,32.62,32.13,339123.607285,32.4103
OAKM,27.97,28.02,28.14,27.9,166512.83662,27.9529
HSLV,5.99,6.32,6.38,5.96,150489.979432,6.1336
RAVE,2.91,2.77,3.06,2.77,100539.53191,2.8836
SLVO,90.1,89.8,90.84,89.71,101352.43632,90.3205
FTMH,11.69,11.69,11.7,11.675,248453.574,11.6956
CSTL,19.24,22.66,22.88,18.3101,1999196.615362,20.0876
SPDW,49.61,50.48,50.5,49.6,4018450.518329,49.7919
AIVL,123.1491,123.91,123.91,122.8925,11111.247648,123.5635
FLSW,42.435,43.31,43.31,42.43,9475.080289,42.9097
KURE,17.37,17.51,17.61,17.35,6779.470609,17.4597
PAL,7.34,7.43,7.63,7.32,177381.446665,7.3903
CNQQ,24.7661,25.03,25.03,24.73,19873.010871,24.842
DRIP,4.77,4.78,4.98,4.74,37635998.357412,4.8377
FUTY,58.3,59.1,59.1,58.2,328900.187787,58.5058
XELLL,24.43,24.45,24.47,24.35,56829.991,24.4114
FTXL,227.81,232.18,232.9,226.28,261807.360668,228.9755
LNOK,64.38,70.79,70.79,62.58,169574.837909,66.8499
MUNI,52.41,52.43,52.43,52.39,308778.683946,52.4101
CSAI,0.582,0.57,0.5999,0.57,103714.787,0.5903
TOUS,36.84,37.47,37.47,36.805,153993.3433,37.0176
MYND,0.3132,0.32,0.3375,0.3039,11481.0,0.3097
CNYA,37.36,37.64,37.685,37.36,44864.591975,37.5343
GLND,2.93,2.76,3.21,2.72,2231256.274322,2.992
VXX,27.9,27.855,28.3,27.76,6984977.905564,27.9682
IFRA,61.63,62.91,62.91,61.48,559607.78186,61.7442
AIPI,36.6,36.47,36.8,36.47,230324.312001,36.5996
IDVO,42.54,43.41,43.41,42.45,330682.069735,42.781
BITB,43.52,43.96,43.97,43.18,1417750.340518,43.5557
HYDR,61.21,63.53,64.02,60.611,257292.088332,61.8676
BWFG,52.11,52.28,52.975,51.84,45177.369679,52.2996
CLOC,25.0,24.98,25.005,24.98,1270.0,25.0029
VYM,155.16,156.47,156.5942,154.83,1029376.661205,155.5223
KCE,152.11,152.94,153.18,151.8694,16440.267793,152.525
ROCQ,55.7,55.93,56.1,55.55,244807.459844,55.7939
CPT,104.07,104.08,105.07,103.91,2001120.41044,104.1745
QMAR,36.7,36.72,36.7599,36.59,21021.75,36.6692
BLKB,37.81,36.06,38.175,36.06,800025.392312,37.7018
YXT,0.53,0.481,0.54,0.4539,136226.0,0.4835
NTIP,1.49,1.5,1.528,1.48,110408.266667,1.5025
FDRR,63.8103,64.12,64.27,63.759,14159.971015,64.0772
FDL,49.21,49.4,49.44,48.94,1795768.831882,49.1973
SPHQ,81.93,82.72,82.74,81.795,1094271.404296,82.145
PW,0.682,0.71,0.7478,0.682,29898.0,0.7067
IBLC,51.0768,52.3,52.3,50.17,25126.629746,51.0864
IEUS,72.4303,73.83,73.83,72.42,5067.346468,73.0401
TRVI,14.05,14.22,14.26,13.36,2118862.526127,13.8921
FMF,51.2315,51.3,51.47,51.01,21390.036294,51.2755
FSBC,41.24,41.38,41.735,40.65,76655.7753,41.2697
BCUS,35.238,35.84,35.84,35.238,8438.7936,35.5084
SHYD,22.73,22.7,22.75,22.6731,90137.4163,22.7287
VONV,101.77,102.87,102.87,101.54,697715.312343,101.9069
LLYX,18.85,19.4,19.4,18.61,313810.955804,18.8937
TMAT,27.6206,28.04,28.27,27.5001,24830.12826,27.8254
IAGG,50.04,50.16,50.2,50.005,846897.471848,50.0716
MBRX,2.49,2.51,2.559,2.45,70492.548,2.4914
AGQ,128.53,134.48,138.09,126.95,5274410.26763,132.4656
SFYF,60.47,60.71,60.84,60.42,2269.168487,60.6126
ROKU,126.67,128.15,129.85,125.82,2060673.687148,127.3178
VFVA,144.3165,140.77,145.445,140.51,7403.404805,144.6639
TBH,0.65,0.6762,0.699999,0.6111,735454.657538,0.6453
SPLV,73.12,73.16,73.335,72.84,1885409.081294,73.13
HARD,34.9611,34.28,35.025,33.6385,34960.62134,34.8461
NWTG,1.175,1.23,1.24,1.1201,17893.0,1.1725
SMMV,44.7,45.05,45.05,44.6138,12455.791106,44.7881
QHY,45.9625,46.11,46.15,45.9625,10899.9177,46.0456
RDDT,163.95,168.5,169.1,159.6,5444650.112832,163.216
PBUS,73.23,73.65,73.68,73.13,44145.388877,73.4235
TUSI,25.335,25.34,25.35,25.33,93463.5153,25.3406
TMP,85.75,85.63,86.45,85.3083,41707.69469,85.8333
USD,87.29,87.96,90.87,85.995,1032855.574783,88.0821
UPW,23.7141,24.14,24.27,23.7141,9560.140793,23.9628
KINS,16.15,16.33,16.51,16.01,102093.11136,16.0753
TSLQ,19.13,19.54,20.1,18.7,12053490.680636,19.3598
SMCY,6.64,6.73,6.965,6.56,1081668.382481,6.7405
DAL,73.11,74.24,74.97,72.3,8301296.843515,73.609
VENU,3.98,4.07,4.12,3.91,284995.965919,3.9872
ENVB,3.17,3.22,3.36,3.1,367480.65608,3.2335
EFAA,55.0,55.66,55.66,54.79,42402.137701,55.0856
YETH,11.77,11.88,11.88,11.61,136878.968466,11.7258
TMUSI,21.88,22.02,22.05,21.88,17475.0,21.9524
ATAI,4.01,4.2,4.23,3.9,4338341.015963,4.0326
HWM,272.54,275.8,280.74,266.055,5793951.247324,273.2862
DJP,49.29,48.56,49.42,48.4,150521.50381,48.9431
PAHC,43.16,49.51,50.87,42.855,1573110.33993,45.0614
ADNT,21.86,22.8,23.04,21.79,1360990.220611,22.1184
EVSB,50.825,50.84,50.84,50.8,87347.8597,50.8191
VOXR,5.825,5.97,6.23,5.745,427235.608834,5.9347
ROLR,7.64,7.75,8.17,7.52,277645.481199,7.84
KLXE,3.26,3.31,3.41,3.1,248785.872651,3.2549
WGS,40.5,35.08,40.94,34.975,4236532.04163,38.5941
CCUP,5.8,6.39,6.58,5.39,4095133.429144,5.9988
PZT,22.5054,22.51,22.54,22.45,26226.4068,22.5021
PZA,23.32,23.38,23.38,23.3,864683.711956,23.3215
NUGT,183.09,195.75,200.715,182.745,684429.27098,193.4102
NUMG,46.4307,46.8,46.98,46.175,31895.1347,46.565
AMC,1.52,1.6242,1.66,1.52,40849963.823737,1.5604
AXSM,220.22,220.015,221.0,216.4101,919211.254213,219.4372
HBCP,65.4,64.42,65.63,64.42,74966.64305,65.3109
HFGO,28.9,29.1,29.145,28.8202,13351.0,28.947
BRLT,1.41,1.39,1.4843,1.39,39074.016509,1.4162
CXRN,19.65,19.49,19.69,19.175,38739.184,19.3585
MMIN,24.05,24.03,24.05,24.0,202118.635,24.0374
ARKG,30.38,31.0,31.1,29.945,2549547.623337,30.4479
MI,0.2067,0.228,0.2299,0.1903,443727.51,0.2057
ICVT,116.45,118.03,118.14,115.68,862115.706123,116.2554
SNN,30.05,30.08,30.535,30.05,1239492.640426,30.2035
SSII,3.93,4.0,4.24,3.9,29805.425404,3.9923
VSEE,0.1731,0.1901,0.1901,0.173,807488.413607,0.1816
TDAQ,27.54,27.69,27.8499,27.45,456472.668004,27.6956
QDPL,44.77,45.08,45.08,44.6001,100224.643953,44.7813
MSFW,29.8439,29.71,30.34,29.71,16821.813887,30.0039
ETH,21.79,22.07,22.07,21.63,2645889.708589,21.8338
SAP,174.71,176.11,180.025,174.62,4428844.088599,177.1432
PCGpH,17.1,17.1,17.1,17.1,225.0,17.1
SCUS,25.15,25.15,25.1698,25.145,213162.0835,25.1608
NRGD,31.3,31.0,32.53,30.72,38305.845928,31.4823
RAA,29.855,30.08,30.08,29.82,73659.0743,29.9163
ZTEK,0.6033,0.6597,0.6597,0.6,115047.13626,0.627
FINX,25.86,26.06,26.2399,25.7,38687.516591,25.9866
MTEX,4.67,4.62,4.67,4.29,4456.2025,4.4285
GBR,0.8098,0.7598,0.81,0.7511,77753.721217,0.7833
JPXN,98.42,99.25,99.265,98.25,14684.289305,98.6966
TBLL,105.67,105.68,105.69,105.67,208295.047899,105.6786
MFIN,9.56,9.49,9.65,9.49,139565.5849,9.515
AIP,29.75,31.25,31.65,29.28,857931.714638,30.1408
UGL,61.27,62.36,62.8699,60.86,2169784.261293,61.8062
NBCM,29.4877,29.19,29.54,29.12,70009.1484,29.3667
JHPI,22.94,23.04,23.04,22.9302,45692.1066,22.9622
IDOG,42.5638,43.27,43.27,42.49,47703.23691,42.7388
LLII,21.25,21.57,21.57,21.16,8837.50443,21.5304
FIAT,21.6144,21.29,21.84,21.1674,51063.408766,21.6489
COTG,15.2238,14.71,15.2238,14.65,28354.2,14.8812
ENPH,35.47,36.12,37.28,34.77,4724456.373281,35.6453
SEIX,23.32,23.3,23.34,23.3,118964.387654,23.3302
LITE,892.58,915.975,918.02,854.62,7268188.438081,882.3149
BSRR,37.76,36.85,37.84,36.495,52338.544338,37.6258
GLE,0.549,0.6915,0.745,0.528,208925170.241995,0.6501
JUNM,34.895,34.77,34.895,34.77,272.0,34.826
VGHY,74.79,75.0,75.03,74.76,70900.3001,74.9152
SHLS,7.84,8.48,8.58,7.725,6477436.422975,7.9491
NEWT,13.67,13.49,13.72,13.44,185767.183507,13.6113
IBTJ,21.71,21.76,21.76,21.7,205535.263295,21.7303
CVRT,50.08,51.1,51.1,49.6406,13924.9425,50.1807
BLMN,7.95,8.13,8.25,7.625,4646690.57302,8.0498
FBNC,59.18,59.34,59.89,58.99,207851.694957,59.276
CRDD,21.528,22.2,22.2,21.39,2734.383482,21.8107
PROF,7.16,7.14,7.35,7.1,74356.0,7.1474
CLUB,25.5405,25.94,25.94,25.5405,46231.0,25.8433
DFSV,37.46,37.9,37.9,37.41,1046541.34351,37.5576
EWK,26.08,26.71,26.71,26.08,16448.570881,26.3065
ETHT,17.31,17.76,17.7799,17.06,1687162.996376,17.4002
MRNY,16.16,16.88,16.88,15.9263,232162.094187,16.4366
TROW,103.59,105.48,106.3,102.705,2123145.668492,103.8016
XRX,2.37,2.6,2.6099,2.295,6971369.111105,2.3805
REET,27.31,27.63,27.63,27.275,2266371.220465,27.379
CMBS,48.92,49.05,49.05,48.7,59043.034734,48.9651
DRNL,11.0963,11.94,11.94,10.8201,2918.0,11.3986
HELO,67.76,67.77,67.88,67.65,677377.780971,67.7463
GFI,44.92,47.17,47.34,44.78,3503526.055949,45.8137
FENY,31.32,31.36,31.42,30.87,2582635.725354,31.2101
PGNY,19.16,18.76,19.31,18.6,1830105.240816,19.0922
JGRO,95.93,96.51,96.6499,95.59,424589.158532,96.0532
SEDG,38.61,40.82,40.97,37.55,4562152.296616,38.6678
SFM,81.01,78.14,81.735,77.91,1707068.920231,80.4006
ILCV,99.515,100.07,100.07,99.36,39835.96337,99.6966
MNYWW,0.0426,0.0426,0.0426,0.0426,3868.0,0.04307
MNTK,1.42,1.41,1.47,1.31,426078.143195,1.3882
WFCF,16.89,17.28,22.15,13.0,195895.323414,17.0069
NVD,4.95,5.125,5.205,4.83,80652696.636219,4.9287
IMTM,52.01,52.95,52.95,51.98,352765.24502,52.2548
FBCV,38.3189,38.6,38.65,38.3055,4027.764594,38.4568
PFLD,19.69,19.68,19.7,19.65,31108.797419,19.6768
QINT,69.81,71.03,71.03,69.7608,49114.8294,70.2207
FNDC,50.05,50.81,50.8199,50.05,132740.850063,50.41
COOT,0.6499,0.621,0.6499,0.6022,40185.369433,0.6262
IDRV,43.9582,44.78,44.86,43.9201,47705.580876,44.5514
IBIO,1.64,1.76,1.79,1.625,372003.856942,1.668
GFLW,30.4918,31.07,31.07,30.3706,47907.3379,30.5222
ARMW,46.66,52.49,52.49,46.435,25343.496732,48.4018
YYAI,0.726,0.74,0.75,0.7149,607879.426599,0.7659
DEUS,63.051,63.58,63.58,62.8423,17929.3323,63.1969
FNDA,35.83,36.32,36.32,35.77,481928.985563,35.9769
IYLD,22.19,22.32,22.32,22.16,8132.348265,22.2205
PTCT,64.49,66.09,66.34,64.24,1235286.855122,64.8288
CGSD,25.83,25.87,25.87,25.82,581482.95833,25.8402
REGS,11.227,11.3,11.335,11.195,29304.380532,11.2691
IDX,13.16,13.36,13.36,12.8501,55043.396829,13.1716
RMNY,24.595,24.62,24.62,24.58,48568.0,24.5987
MSFL,19.33,19.21,19.94,19.16,2150866.481477,19.5112
WYHG,0.77,0.73,0.77,0.7002,52741.459459,0.7457
ESGD,101.57,103.37,103.37,101.53,330074.180331,102.2915
AZTA,18.57,18.41,19.05,17.97,2258001.179069,18.4231
INTF,41.0,41.77,41.77,40.94,2157836.064082,41.2542
FLD,1.23,1.24,1.2799,1.21,64035.468303,1.2438
SPIB,33.45,33.58,33.58,33.44,9952018.354622,33.5021
SGOL,44.77,45.18,45.36,44.635,2170264.662931,44.9932
TMV,38.25,37.43,38.36,37.43,498375.494015,38.0001
VSGX,79.5,80.68,81.12,79.5,343442.37826,80.194
IMVP,21.6358,21.87,21.99,21.61,24458.033101,21.7286
DARE,2.91,3.05,3.0699,2.72,766877.941086,2.9041
PSK,31.38,31.51,31.51,31.33,56677.964975,31.3706
ONDG,4.82,5.23,5.23,4.715557,675162.197096,4.9205
NORW,37.77,38.36,38.36,37.62,74036.624004,37.8482
DNA,10.32,10.0,10.64,9.7258,2063018.719165,10.1585
CLOX,25.5353,25.55,25.5509,25.525,92690.82,25.541
ISBG,21.905,22.5,22.5,21.72,5395.33009,22.0658
APM,0.84,0.82,0.875,0.82,17107.0,0.8452
EUSB,43.41,43.59,43.59,43.41,128187.523195,43.4257
URAN,47.17,48.74,48.74,47.02,6690.954918,47.7488
HMOP,39.11,39.1,39.13,38.99,82426.15854,39.0594
BAIG,37.3,40.51,40.51,36.49,27015.106309,38.6161
BINV,43.1162,43.61,43.69,43.1162,38165.4202,43.3963
CRPT,15.3588,15.78,15.96,15.1501,78279.482223,15.6188
KYLD,21.71,22.06,22.08,21.57,29870.199901,21.8114
VDG,76.9619,78.46,78.46,76.9619,8222.6762,77.8991
VDC,229.94,230.25,230.6923,227.92,160969.520669,229.7855
ARQQ,15.43,15.43,16.24,15.0501,627814.869878,15.6669
RAND,10.73,10.99,11.18,10.73,3497.683862,11.0262
ICL,6.0,6.15,6.18,5.92,2908969.506481,6.0436
FTQI,21.48,21.53,21.53,21.38,157060.5571,21.4428
EPD,37.73,37.25,37.785,37.14,3434775.169472,37.5134
HIYY,14.9418,15.35,15.51,14.7752,51506.0211,15.0219
SECU,49.82,49.89,50.05,49.7901,43698.330617,49.9465
EMTL,42.7925,42.81,42.88,42.79,4915.0217,42.8115
ORCU,15.94,16.52,16.8968,15.38,2206097.816277,16.3168
DRGN,38.32,38.39,38.55,38.112,32808.423035,38.3169
BKTI,93.92,94.0,95.27,93.15,23540.84111,94.0854
FTSL,45.22,45.2,45.22,45.16,142784.586585,45.1832
ICCM,0.25,0.267,0.2688,0.24005,788385.445692,0.2541
FFLC,57.6,58.15,58.15,57.515,59100.30801,57.78
PXH,29.18,29.52,29.58,29.0704,97996.1491,29.2169
YOUL,0.8881,0.8377,0.9297,0.8377,4294.0,0.9004
EURL,44.19,47.0,47.0,43.99,110841.900645,45.4855
SLN,6.95,7.27,7.27,6.68,136234.762502,6.848
EQL,50.01,50.39,50.39,49.96,46979.426495,50.0641
HAUZ,24.03,24.35,24.3822,24.03,56932.33218,24.1933
FCUS,42.2935,43.78,43.78,42.045,9723.3127,42.5692
GPN,70.13,69.5,72.475,68.53,5242967.948628,70.0051
SHYG,42.4,42.51,42.53,42.38,1669965.599266,42.4308
LOBO,0.6222,0.61,0.622201,0.61,142898.748317,0.6218
VNTG,0.8001,0.8102,0.8178,0.8001,9518.598207,0.8099
FRT,115.67,116.24,116.71,115.05,917780.523083,115.7038
RCL,280.87,287.06,288.86,280.85,3989535.977102,283.5785
VTEI,100.6,100.63,100.645,100.565,113819.03982,100.5954
KPRX,2.45,2.51,2.5501,2.35,151915.0,2.4351
BSMW,25.09,25.1,25.12,25.02,29684.9443,25.0961
SDEV,1.53,1.65,1.65,1.5146,87828.273406,1.5572
BDRY,12.1,12.05,12.16,11.98,217522.465891,12.0605
VNCE,4.77,5.05,5.1996,4.28,244454.8397,4.8447
ARTY,66.29,67.72,68.0,65.85,1891232.217077,66.5726
TFI,45.48,45.51,45.58,45.48,253637.745578,45.504
MEMY,20.4832,21.44,21.44,20.38,1176.8572,20.7562
DXJ,165.53,166.28,166.28,165.06,394392.977295,165.6618
JHSC,46.55,47.11,47.11,46.36,198369.115845,46.7641
TSDD,8.11,8.28,8.5299,7.93,28841160.61798,8.2681
DTH,55.9254,56.67,56.67,55.8718,25953.156271,56.1289
ETU,6.89,7.09,7.09,6.82,101153.903691,6.9597
IWMW,38.2589,38.31,38.415,38.145,29275.2434,38.2895
UTG,43.18,43.73,43.77,42.86,172180.401497,43.3268
DAMD,3.76,3.63,3.89,3.54,19564464.980404,3.7071
SAIC,94.12,94.465,96.17,93.0,602677.67012,94.1806
MAYW,34.45,34.53,34.53,34.4,80498.9041,34.448
AIB,1.17,1.08,1.19,1.08,327855.2767,1.1323
EDOG,25.0981,25.3,25.3,25.0981,923.866223,25.235
GMAR,43.76,43.84,43.84,43.67,13375.958871,43.7476
DON,55.08,55.63,55.63,55.005,80253.557165,55.2132
COAL,25.49,25.82,25.91,25.27,85214.01567,25.566
POEL,33.7,33.95,39.13,30.0,1221591.648641,35.0782
USSE,37.92,38.44,38.44,37.735,19504.0,38.0484
EVEX,3.21,3.23,3.425,3.19,1474587.732925,3.2641
QYLD,18.1,18.09,18.1,18.09,2667315.324922,18.0957
DAAQ,10.29,10.29,10.2956,10.29,112184.407,10.2904
IBO,0.6271,0.6149,0.635,0.6003,53209.024765,0.622
XMMO,164.31,170.16,170.16,163.85,517873.396801,165.9007
QFIN,13.21,13.88,13.95,13.2,1210634.720318,13.4079
FATN,3.59,3.08,3.6,3.06,605298.654901,3.4197
SPDN,8.88,8.84,8.9,8.82,41195976.233678,8.8723
CANQ,30.4799,30.59,30.76,30.4,8862.7379,30.5877
TASK,6.37,6.78,6.97,5.89,1404510.164529,6.3268
BEAT,0.8706,0.892,0.9253,0.8701,1000657.470955,0.9039
VB,286.58,291.65,291.99,286.085,573861.82303,287.7169
AISPW,0.72,0.6212,0.75,0.6212,25067.0,0.6546
SNDU,88.52,93.3,96.727,81.6801,1468400.811757,88.698
VIOV,110.66,112.03,112.1099,110.66,79985.483399,111.3036
XME,120.51,125.37,125.75,120.28,3439127.407034,122.7167
GOAU,43.68,45.31,45.81,43.68,20219.183254,45.1493
UGA,115.69,111.11,116.33,110.67,47866.420951,113.4839
OR,37.48,39.64,40.72,37.35,1803025.788902,38.0931
ALB,198.35,207.01,221.0,198.18,4291240.533035,208.2545
TTD,23.49,24.08,24.66,23.37,43042342.335727,22.8918
OLPX,2.04,2.04,2.04,2.03,2330888.373049,2.0357
NVVE,0.352,0.3784,0.38249,0.34,1282115.264548,0.3849
BALI,33.45,33.42,33.45,33.15,235295.688471,33.2698
TTXD,21.4045,21.19,21.825,20.61,3376.2761,21.2353
QXO,18.76,19.88,19.88,18.565,18773110.360918,18.9693
ZNTL,4.23,4.15,4.315,4.11,656568.49396,4.2191
GLWG,27.06,28.59,28.59,25.69,2233440.593182,27.1566
TGB,7.25,7.57,7.77,7.155,6712519.97911,7.444
XSW,163.17,162.25,164.52,161.43,143704.34316,163.2284
FEAC,31.1912,31.5,31.5,31.1912,2523.4191,31.2932
NFE,0.7301,0.73,0.748,0.69,5474291.029947,0.7093
CIFU,27.45,29.88,29.88,24.5,640815.4763,26.6213
EWZ,38.8,39.48,39.515,38.735,28765058.719082,38.986
JOET,43.1,43.63,43.735,43.02,13839.9279,43.2514
BITW,51.5437,52.25,52.25,51.255,18216.713653,51.6236
BBIN,77.49,78.95,78.95,77.46,262232.09081,78.238
PICK,63.47,65.13,65.8122,63.44,766092.587816,64.6127
NEM,113.49,118.58,119.76,113.32,7961989.017142,115.6044
PTRB,41.6,41.75,41.7537,41.57,82696.31777,41.6512
XLVI,24.516,24.7,24.7,24.47,9378.893516,24.5605
DOGG,21.265,21.32,21.32,21.13,23409.4852,21.2102
AVDE,90.17,91.76,91.76,90.11,1412537.613037,90.6131
QUBX,13.55,14.99,15.3,12.73,236073.389947,13.83
OKLS,18.65,16.53,19.0699,15.75,1049893.0345,17.2485
SAGP,35.0147,35.18,35.3464,35.0147,4572.9593,35.2101
BOXX,116.61,116.62,116.63,116.58,1825541.85195,116.6213
DHR,175.66,175.85,177.01,173.385,4481988.320436,175.0953
BEZ,2.575,2.2,2.615,2.19,12471970.273432,2.4474
YCBD,0.87,0.91,0.91,0.81,248174.1815,0.8502
CTGO,24.65,25.0,25.81,24.58,338875.460776,25.1447
REZ,90.8318,90.56,91.16,89.78,24704.678547,90.5357
DFNM,48.28,48.29,48.29,48.26,112517.9445,48.2713
GDXD,35.6,32.17,35.75,30.55,1588107.119522,33.0441
OXBR,0.9801,1.02,1.045,0.9801,68268.07561,1.0137
CONL,8.11,8.4,8.5714,7.905,22534288.965437,8.0566
PSNL,5.99,6.03,6.18,5.83,1510306.618332,5.9913
BIDD,31.02,31.5,31.5,30.98,30417.93088,31.2104
ATCX,5.87,5.68,6.06,5.5994,33967.083,5.9343
JXI,85.54,86.64,86.64,85.49,26166.393019,85.923
STIM,1.84,1.91,1.993,1.69,1826107.031064,1.8
LIN,493.85,500.93,503.74,493.51,1937999.92264,495.5983
JNK,96.2,96.53,96.6,96.185,2647803.031409,96.3842
BAI,45.14,46.19,46.19,44.695,2082698.843535,45.2573
GDXY,13.1,13.41,13.525,13.0899,792471.365604,13.3397
JRE,26.7146,26.96,26.96,26.7146,295.475,26.9518
BITX,20.165,20.59,20.59,19.79,7466303.936542,20.2172
EXI,196.96,201.02,201.02,196.57,33279.599079,198.2206
QNC,2.78,2.75,2.84,2.72,303471.19696,2.7666
SUGP,4.3212,4.35,4.45,4.14,4150.1,4.3777
ADI,408.52,413.905,413.96,405.91,3938176.129822,408.8246
GDE,69.5,69.98,70.7899,69.26,117046.161971,70.0298
AGIX,43.14,43.79,43.8796,42.75,524139.728061,43.3883
FRGT,0.743,0.76,0.7758,0.742,24976.889211,0.7544
CWEB,28.37,29.08,29.17,28.205,585692.589027,28.589
HNST,3.73,3.3,4.05,3.3,5052403.462486,3.7994
VLO,236.35,232.0,236.37,227.25,3826249.98695,232.8357
QQQI,55.71,55.8,56.02,55.54,6689457.199077,55.7811
MISL,44.07,44.82,45.0,43.84,1165663.183022,44.2791
PB,69.42,69.56,70.5,69.26,868071.099806,69.5285
SRFM,1.42,1.37,1.58,1.345,8766986.724085,1.4544
OCUL,9.68,9.69,9.845,9.54,2104529.581008,9.6898
DYNF,65.2,65.65,65.73,65.03,3102624.686658,65.3356
CAI,19.84,19.13,20.03,18.99,3377877.702531,19.5741
DFGX,52.8359,52.98,52.98,52.76,211828.8465,52.861
MNA,36.29,36.57,36.57,36.29,45185.239376,36.3687
CVM,1.6,1.59,1.8,1.55,749216.095461,1.6592
DGRO,73.08,73.53,73.6,72.97,1692938.46036,73.1918
IPAY,46.99,47.11,47.67,46.83,255468.087839,47.1925
GEVO,2.03,2.03,2.065,1.96,4715213.843407,2.0063
SPBU,29.6536,29.75,29.815,29.63,23389.115,29.728
FXU,47.85,48.29,48.29,47.69,318541.792938,47.8712
TDI,44.885,45.51,45.58,44.74,245908.832522,44.9227
NCI,1.11,1.07,1.12,1.0201,1148164.233875,1.0755
STRW,12.95,12.75,13.18,12.75,16801.725568,12.9946
ZLAB,19.765,20.53,21.15,18.9014,1269113.397465,19.6462
HRL,20.75,20.605,20.8798,20.53,3622646.374237,20.7323
DMRC,8.58,8.18,8.665,8.055,168724.262971,8.4595
PHGE,0.6191,0.64,0.64,0.6064,190642.45246,0.6216
IBND,31.72,31.9,31.96,31.6542,53869.925725,31.7691
INLX,7.1,7.14,7.2,7.1,2338.0,7.1343
VZ,47.09,47.23,47.65,47.06,18839581.29477,47.2686
QTWO,50.69,50.52,52.2,50.29,645979.779425,51.0213
FNV,228.05,238.51,240.4,227.71,909810.647471,231.2668
TSPY,25.32,25.4,25.4718,25.25,303558.296135,25.3677
PRIV,25.19,25.31,25.31,25.17,7353.791746,25.239
SOLM,11.494,11.61,11.61,11.44,7809.9304,11.5277
RSPU,79.18,79.99,79.99,79.06,117118.831159,79.2685
URAA,42.85,45.65,46.4999,42.23,113493.457206,44.2753
BRZE,22.6,22.365,23.02,22.21,4280164.035295,22.5989
SMDD,8.66,8.27,8.725,8.27,6440.924838,8.5805
TLH,99.84,100.57,100.57,99.79,885185.553531,100.0524
ICOP,51.62,53.25,53.41,51.54,86888.523555,52.5968
INDA,49.82,50.28,50.3,49.72,4898415.713613,49.9209
DWTX,1.56,1.64,1.6826,1.45,192520.442752,1.5999
PTHS,25.03,24.95,25.98,24.95,7799.468883,25.3715
FMNY,26.735,26.75,26.76,26.71,5650.8975,26.7283
HWH,1.09,1.08,1.095,1.06,38779.847,1.0131
TYD,24.25,24.58,24.59,24.21,29532.514553,24.3867
USBC,0.4,0.3873,0.4043,0.3873,154256.113806,0.3942
MBAI,1.49,1.44,1.51,1.43,31005.795,1.4819
GLD,431.68,435.61,437.42,430.25,6816211.130814,434.0441
BAUG,52.49,52.84,52.84,52.45,31423.0,52.4842
TRAW,1.7,1.69,1.7292,1.56,139113.40528,1.6584
OESX,9.25,9.1,9.52,9.0,50702.087813,9.3106
FPS,39.69,42.475,44.5,39.36,7476276.937703,40.5642
GENI,4.78,4.96,4.99,4.205,17178142.239716,4.5851
TDTT,24.26,24.27,24.28,24.25,314869.30247,24.2602
TW,110.45,108.51,111.2,108.045,1596427.672775,110.3747
PXJ,43.62,44.15,44.15,42.9,15205.51405,43.4894
BABO,10.6608,10.79,10.8699,10.65,33761.661461,10.6943
PLTU,37.39,36.32,39.4301,36.17,6226085.437496,37.7823
SPUS,55.46,55.74,55.93,55.32,600176.00035,55.6054
FRTY,21.9375,22.32,22.32,21.7414,15148.682767,21.9994
ELVN,40.29,41.085,41.325,39.54,461012.768192,40.2821
TECL,174.84,177.28,182.1299,172.1,1306929.542786,176.6476
HTFL,29.98,30.29,30.56,29.725,526267.34376,29.99
BBCA,99.14,100.15,100.19,98.88,333300.719512,99.3277
PSCH,45.3584,45.37,45.68,45.2901,6289.457109,45.4216
TOP,0.775,0.7494,0.775,0.7349,51326.402943,0.7526
PMEC,0.7359,0.66,0.7359,0.612201,380060.0,0.7067
PLUG,3.13,3.27,3.28,3.06,79475864.463197,3.1493
PWP,18.83,19.37,19.8121,18.75,1410975.300103,18.848
FIVA,37.05,37.7,37.75,37.05,105059.341409,37.3818
TCBI,100.56,102.13,102.84,100.13,345383.342984,101.107
MARA,12.7,12.73,13.045,12.23,40149559.17105,12.6846
DPRO,5.22,5.5,5.52,5.18,1056141.262305,5.294
OGEN,0.613,0.6335,0.6579,0.612801,56634.0,0.6437
SMR,12.58,13.015,13.23,12.23,39193525.211994,12.633
XHB,102.66,105.99,106.76,102.48,2090659.998101,103.4133
IGIC,25.87,26.65,27.1,25.51,52646.343462,26.0516
SCHZ,23.14,23.23,23.315,23.12,2927637.192717,23.1684
BVS,10.65,10.92,11.2493,10.63,887139.540414,10.8152
BKLC,139.95,140.81,140.894719,139.695,84976.061957,140.171
PCGpA,22.68,22.52,22.8,22.3391,3953.9946,22.6442
AFK,28.14,28.52,28.8,27.89,94224.790709,28.1839
LFUS,441.58,445.71,457.43,432.74,357160.740494,440.5651
IEZ,30.14,30.82,30.82,29.72,407869.616858,30.114
GXPT,30.91,30.87,31.145,30.7314,35069.6994,30.9879
BTCO,79.73,80.58,80.59,79.1,167129.264777,79.8218
BIDU,139.87,140.81,140.81,137.19,2387402.284538,139.4138
UWM,59.94,62.22,62.24,59.49,419025.082161,60.3993
SBS,6.37,6.58,6.59,6.35,5048137.238425,6.452
PZZA,32.85,32.25,34.6,31.75,1930365.606283,32.7094
MOO,81.61,82.89,82.94,81.545,601036.307137,81.9444
AAAU,46.38,46.78,46.97,46.22,1519654.005304,46.5921
IVES,35.35,35.5,35.99,35.08,761879.5359,35.579
OSTX,1.7,1.72,1.7586,1.67,469077.459733,1.7143
KNSA,56.93,57.62,57.62,55.76,545395.736671,56.6749
CGSM,26.35,26.32,26.35,26.32,141361.2261,26.3382
DFSU,45.54,45.87,45.87,45.4651,69564.021544,45.5977
QDTY,41.6052,41.71,41.85,41.48,22344.154448,41.587
FJUN,59.315,59.48,59.48,59.2601,11190.0,59.3107
CHAU,23.96,24.39,24.3999,23.91,98033.524933,24.1594
GHYG,45.395,45.58,45.58,45.38,8319.0442,45.4452
HYEM,20.11,20.11,20.14,20.045,126897.173818,20.1046
CWII,16.6294,16.99,17.02,16.41,15211.2853,16.7812
HYMC,38.88,41.82,43.1999,38.65,3015524.840651,40.5219
FNWB,9.97,10.09,10.1,9.86,18972.453739,9.9755
CVV,6.98,7.95,7.99,6.55,346114.325149,7.1319
BSMY,24.5675,24.62,24.63,24.555,31089.3544,24.5821
UMBF,131.17,133.95,134.67,130.8622,694719.484426,132.1615
SMCX,16.6,16.99,18.53,15.85,5339086.519202,17.0729
CPSL,27.7771,27.81,27.81,27.77,14740.063334,27.7839
FUTG,9.8546,13.48,13.48,9.55,194607.972714,10.8524
ZM,108.36,107.65,108.92,105.33,4750595.896731,107.9468
IDEF,32.97,33.81,33.81,32.85,571693.163526,33.1612
MXL,82.37,80.54,87.7,80.05,5558371.078845,83.6084
ISSB,23.4605,24.1,24.1,23.37,3808.50167,23.5544
MAXI,11.765,12.14,12.14,11.65,26627.511873,11.7938
FA,15.76,13.83,16.21,13.704,3545092.889654,15.6858
PTC,147.65,153.98,153.98,144.04,3624178.702845,147.6943
IWL,181.6,182.43,182.83,181.375,47838.817492,181.8003
VCIT,82.6,83.0,83.02,82.575,9469568.021102,82.7235
DVY,152.45,153.13,153.34,152.0,287073.026563,152.6285
BKR,63.53,65.285,65.285,62.46,12148283.625829,63.6162
FNDB,29.5,29.71,29.76,29.44,126898.333038,29.5376
PDBC,18.05,17.76,18.115,17.63,10483237.015762,17.9066
HBAN,16.19,16.6,16.65,16.105,37697332.245448,16.2441
AUGO,81.07,90.375,92.8899,80.54,1175705.359397,83.7347
FMAT,59.36,60.92,61.0,59.36,72277.012226,59.7989
SSTI,7.04,6.8,7.1184,6.68,95644.728875,6.9901
AEVA,13.66,15.302,15.62,12.535,5768044.0072,13.4638
UXRP,3.79,3.96,3.96,3.79,471672.952143,3.8605
ASHR,35.55,35.86,35.905,35.55,4950846.246272,35.7216
HAIN,0.7369,0.75,0.7592,0.7268,411787.0175,0.7396
AGZ,109.2726,109.61,109.61,109.24,7841.837547,109.3827
SPBO,28.97,29.11,29.11,28.955,734402.469716,29.0109
CSCO,92.16,92.0,92.73,91.61,17062273.445797,92.1172
TECS,9.7,9.6,9.85,9.3099,4462901.51319,9.619
DNLI,19.71,20.4,20.41,19.19,1228531.44892,19.7094
PST,22.7073,22.5,22.72,22.49,9853.1705,22.5883
MKTX,152.66,152.76,154.4065,146.0,1052911.324149,152.182
TBIL,49.89,49.88,49.89,49.88,1884282.362737,49.887
XHLD,1.41,1.35,1.42,1.3201,28236.626317,1.3552
RAYA,4.48,4.55,4.93,4.14,113652.060595,4.6413
STBF,25.44,25.48,25.48,25.43,39755.0,25.4504
CALF,48.06,48.19,48.51,47.92,664851.53281,48.1351
VMBS,46.76,46.96,46.96,46.7,1254072.010549,46.8162
IDLV,35.4224,35.69,35.69,35.29,17851.051746,35.4736
SPY,731.58,735.05,736.13,729.75,51724642.591849,732.6545
UNG,10.68,10.36,10.807,10.29,16306073.624466,10.6367
IPO,50.366,51.8,51.8,50.035,19506.310043,50.7589
KEEL,4.01,3.94,4.11,3.74,40270100.754252,3.9578
SYFI,35.69,35.79,35.805,35.68,108690.19431,35.7403
LPA,3.27,3.35,3.39,3.1947,8029.568965,3.3176
IWS,157.07,159.04,159.04,156.655,237078.387231,157.3826
JPIE,46.03,46.09,46.11,46.0,908116.725568,46.0602
GDXJ,122.42,126.41,129.32,122.27,7113804.831523,125.2211
USMV,94.28,94.28,94.515,94.0402,1988696.864522,94.2817
FLCH,23.35,23.56,23.565,23.33,70140.137869,23.4015
APLX,29.72,32.5,33.14,27.75,1872182.832177,29.8632
WLACW,8.4,9.43,9.43,6.8,152281.590294,8.1858
TFSL,15.05,15.0,15.14,14.955,756228.45659,15.0474
IBIT,45.4,45.87,45.88,45.02,31868169.041075,45.4402
MARS,30.48,32.19,32.19,30.25,75172.93928,30.9672
IEFA,96.28,97.91,98.06,96.22,10179382.601212,96.8098
GMM,1.18,1.1,1.25,1.09,160822.175439,1.137
FN,626.12,675.99,675.995,613.03,1405552.258005,628.9602
YI,5.58,5.71,6.23,5.51,22828.325617,5.7748
HEWJ,60.19,60.56,60.56,60.19,47042.034351,60.3527
NKTR,83.37,85.0,85.82,81.82,764697.31833,83.2396
IHI,50.0,49.94,50.725,49.9,2762659.511325,50.2771
DNL,44.8204,45.42,45.42,44.69,17024.7696,44.9313
SUB,106.35,106.38,106.38,106.325,397709.610407,106.3534
EMHC,25.32,25.38,25.415,25.3,45321.840994,25.3415
NBIS,184.77,190.01,197.89,177.0,19203361.693848,186.0571
SPGP,117.38,118.68,118.89,117.13,146293.578166,117.7023
TOYO,10.84,11.0,11.31,10.66,100867.837466,10.9115
WIP,40.53,40.77,41.25,40.41,104570.319903,40.6832
FAUG,55.425,55.54,55.5458,55.4,11170.0,55.4685
FIW,106.57,107.86,108.1099,106.535,43010.185338,107.2534
IAUX,1.49,1.6,1.645,1.48,31509445.065307,1.5211
SNAP,5.98,5.67,6.285,5.59,89579591.002767,5.9988
SYLD,78.35,79.15,79.21,78.33,31371.981759,78.625
TTDU,5.04,5.22,5.47,4.9292,2206299.9842,4.0691
VIS,339.77,346.73,347.0874,338.27,72981.039878,341.3866
SPTS,29.05,29.09,29.1,29.04,1248962.060768,29.0601
ACDC,6.58,6.85,6.88,6.05,2503269.670333,6.4894
AMT,179.77,179.495,180.97,178.425,2589507.981538,179.5982
HSTM,23.54,22.92,23.69,22.85,347714.042464,23.3128
ARKW,145.77,146.96,147.59,144.1101,107474.957276,145.8551
ERNA,7.82,6.96,8.49,6.2507,10258009.428586,7.2222
AMDW,86.64,88.92,90.0525,85.51,60186.127863,87.9433
KYMR,84.63,86.71,86.71,83.39,637459.774804,84.9
FDD,19.18,19.46,19.46,19.1201,119422.71745,19.2718
AREC,2.27,2.42,2.43,2.24,2566404.329876,2.3212
FTEC,261.34,262.34,264.785,260.32,462606.778947,262.1435
PCY,21.61,21.73,21.73,21.58,244993.763641,21.6426
FDBC,46.1,45.66,46.195,45.5279,6997.79701,46.0284
SYSB,88.695,88.96,89.01,88.645,127349.63921,88.7838
OILK,55.68,54.0,56.0,53.64,226118.728942,54.6662
OIH,417.69,426.58,426.92,412.0201,692931.934623,417.9986
BRRR,22.61,22.82,22.825,22.43,333426.445416,22.6251
TIGO,80.5,83.64,83.86,79.7932,1650442.11246,81.2007
CRBP,10.87,10.87,11.25,10.275,274788.56456,10.6016
MPTI,76.66,73.22,77.77,73.22,73929.782487,76.0323
CGGE,33.55,33.98,33.98,33.5,470911.4267,33.6652
RNAZ,7.65,7.52,8.2499,7.48,10762.0,7.7691
ICLR,125.0,125.27,129.73,122.91,1121630.958524,124.9813
IBDV,21.82,21.89,21.89,21.81,399346.6016,21.8435
STOK,32.79,32.97,32.97,31.77,407648.480717,32.5428
IVT,31.66,32.19,32.33,31.6101,402257.747561,31.7771
UUU,6.15,6.0,6.2388,5.9772,32008.2988,6.1486
BITQ,26.96,27.81,27.81,26.4,176675.371394,27.0667
MU,646.63,649.83,683.09,635.4201,47527514.952753,653.1587
OMAH,18.78,18.75,18.787,18.67,625498.803329,18.7391
NAGE,4.19,4.36,4.3876,4.038,2207871.396685,4.2196
NULV,49.83,50.21,50.27,49.795,81249.28487,49.949
WMTI,27.5,27.39,27.5,27.123,20872.980851,27.3113
FRDM,67.11,68.34,68.34,66.92,223764.08656,67.456
PCMM,49.5341,49.86,49.86,49.33,18501.26986,49.5284
VTIX,3.97,3.61,4.463,3.61,359143.047924,4.0625
ZFEB,25.87,25.87,25.89,25.85,2600.0,25.8725
PPI,22.005,22.44,22.44,21.97,18837.7867,22.053
TDVI,31.15,31.41,31.5,31.01,149130.839659,31.1718
AMPX,16.11,19.135,19.56,15.38,30554272.925638,16.6234
VLUE,174.81,176.37,177.13,173.93,1354549.325272,175.225
YANG,26.17,25.41,26.28,25.35,1304476.811603,25.9786
LRGC,82.22,82.8,82.8,82.22,317275.9112,82.6161
CNRG,104.9823,108.16,108.16,104.51,12299.950603,105.7264
SYM,56.43,58.15,61.39,55.0301,2810597.594311,58.047
PGR,195.75,195.66,197.86,194.2,3226019.204667,196.1154
RSSY,25.119,25.09,26.19,25.01,230351.3702,25.3476
DYNCU,10.65,10.8,10.8,10.65,4530.0,10.6619
OSUR,3.13,2.96,3.235,2.95,1595258.73435,3.1538
DSTL,59.34,59.61,59.76,59.2498,88977.5133,59.5003
BKNG,171.28,168.245,173.72,167.55,8120929.716692,171.7681
SRXH,0.112,0.1131,0.1136,0.1071,16086121.695988,0.111
META,616.81,614.72,624.98,613.5401,12307372.767222,618.7661
UBOT,29.42,29.99,30.28,29.37,21860.74672,29.9038
CUPR,0.264,0.2617,0.27,0.2453,273857.038532,0.26
NVDQ,11.46,11.85,12.03,11.15,8819671.457789,11.3935
COIN,192.96,196.03,198.15,190.32,9158065.390993,192.4364
DIV,19.28,19.22,19.35,19.12,204331.444309,19.2051
RELY,22.79,24.46,24.46,21.59,8384870.721269,22.8358
FFLV,26.5745,26.82,26.82,26.5745,4125.0989,26.7615
QGRO,112.96,114.27,114.27,112.63,172579.1626,113.0679
FDEM,36.23,36.71,36.735,36.1,70828.901929,36.3867
FEZ,66.53,68.06,68.06,66.385,1942607.948149,66.7909
CRGO,2.05,1.98,2.1,1.96,68689.460827,2.0334
AFIF,9.42,9.44,9.44,9.41,51572.740234,9.4175
ABSI,5.75,5.81,6.04,5.52,6580325.299203,5.6922
KLIP,26.36,26.39,26.47,26.35,24113.123527,26.393
FDV,30.93,31.1,31.1,30.83,163359.172838,30.9318
STI,5.73,5.58,5.79,5.16,97003.64236,5.5743
CLBK,19.31,19.36,19.43,19.23,291255.32149,19.3322
PPTA,28.51,30.74,31.27,28.47,2485291.576583,29.1858
TELA,1.1,0.988,1.14,0.9601,163954.855458,1.0925
CPSU,27.595,27.66,27.66,27.595,1510.157747,27.6297
DD,48.36,49.85,50.14,48.3,4377077.418881,48.6559
DIG,54.81,55.05,55.2,53.4,61312.306351,54.36
AFRM,67.36,67.15,68.96,66.74,7446691.7734,67.916
BRAG,2.22,2.12,2.29,2.11,38930.197136,2.2267
AMZW,44.44,45.2,45.2,44.36,19275.929243,44.7615
EZM,72.63,73.28,73.28,72.41,22539.8847,72.7003
SCJ,103.47,104.13,104.2,103.29,23627.494549,103.85
SACH,1.1,1.08,1.1,1.0649,258327.1764,1.0913
QLD,87.66,88.08,89.27,86.89,7225555.715192,87.9005
TRAX,17.82,20.1,20.49,17.75,542671.376488,18.5272
FSTA,53.55,53.57,53.735,53.11,149447.899264,53.4655
PHAR,12.0,13.07,13.0823,11.8301,96096.459314,12.4258
QVMT,64.1739,64.52,64.52,64.1739,1162.229381,64.3173
MKSI,300.79,316.17,326.835,295.77,2327555.139317,304.6189
FMDE,38.71,39.33,39.3899,38.59,718159.193017,38.8157
PLTK,3.6,3.52,3.625,3.27,3157436.336816,3.4626
MDYG,106.84,109.31,109.31,106.58,102493.368119,107.3474
HYGV,40.2,40.37,40.39,40.185,114783.016119,40.2564
REA,22.69,19.88,22.86,19.3,1593176.678768,21.2119
DDFY,19.85,19.94,19.94,19.83,240927.7785,19.8458
MDYV,90.87,92.09,92.09,90.81,54853.441303,91.1756
LABD,13.84,12.95,14.3201,12.9,5419167.732283,13.6989
MLPI,55.68,55.75,55.84,55.0,354151.208795,55.3731
COWZ,63.26,63.44,63.585,63.015,1037870.430068,63.3318
CPSS,10.27,10.26,10.49,10.055,42873.396,10.2452
ZS,152.79,148.0,153.46,147.16,3378967.80903,151.2421
PAA,22.09,21.94,22.235,21.825,3392112.458988,22.0473
BLFS,23.12,21.88,23.15,21.8,530347.041128,22.8383
REGL,89.6,90.63,90.63,89.51,34585.845465,89.964
COPX,82.61,85.14,85.69,82.45,4670413.003611,84.2202
BIV,76.8,77.16,77.16,76.7825,1730456.780849,76.9429
ROM,126.38,127.09,129.58,124.88,65134.035532,127.1747
FXC,71.56,71.71,71.71,71.56,15551.692145,71.6652
DFSD,47.93,48.01,48.03,47.91,817063.446931,47.9579
IDV,44.02,44.69,44.69,43.985,1074560.637293,44.2356
TBUX,49.81,49.84,49.848,49.8,146112.38178,49.833
TERG,47.54,55.0,55.0,45.23,108072.897022,49.4943
ITM,46.76,46.82,46.82,46.725,302414.493668,46.7578
BOLD,1.53,1.59,1.65,1.51,115945.1134,1.5663
OKLO,71.83,78.0,79.5,70.87,14637248.710074,74.5871
IBUY,67.3567,67.5,68.09,67.12,3883.284356,67.5212
XSVM,66.1388,66.5,66.5,66.05,18217.1336,66.247
MFMO,23.0166,23.46,23.46,22.945,15240.22,23.1437
SANM,237.09,239.62,241.31,230.0,1194256.128877,237.2601
FBOT,39.2292,39.74,39.74,39.105,37223.0484,39.4545
AAOX,50.99,62.49,62.49,46.8501,5989593.75202,50.4096
SBEV,0.2361,0.25,0.25,0.223,710432.852603,0.2383
QQMG,47.8928,47.95,48.3,47.76,12775.101286,47.9662
NYXH,3.2,3.25,3.25,3.11,30225.930379,3.1562
HTUS,42.81,43.41,43.41,42.72,8306.7263,42.9169
XLRE,44.4,44.565,44.74,44.175,6956211.250085,44.4296
ECNS,33.67,34.16,34.16,33.66,15706.36225,33.8098
YYY,11.55,11.61,11.61,11.5301,455913.750805,11.5648
USAX,34.48,41.66,41.66,33.12,156978.712284,35.8374
RFV,138.7263,140.78,140.78,138.7263,2992.439802,139.3305
AOR,68.39,69.02,69.02,68.34,541716.94622,68.5088
DHY,1.76,1.76,1.77,1.75,461616.406322,1.7636
JAGU,2.35,2.55,2.55,2.26,71555.090955,2.3657
GLU,19.75,19.87,19.91,19.7,16965.6075,19.8318
MPWR,1575.96,1636.325,1636.33,1559.0,600299.88193,1583.6947
NFGC,2.11,2.17,2.225,2.085,2273380.327573,2.1578
SITM,797.31,835.05,845.0,759.05,1266545.813537,797.3103
SYNX,1.2,1.16,1.2,1.12,54866.1943,1.1755
FVAL,76.96,77.47,77.62,76.96,28839.123425,77.2979
VCEB,62.67,62.97,62.97,62.64,80564.160842,62.8473
ACKY,19.18,19.28,19.3524,19.18,45325.139,19.2815
PLG,1.74,1.9,1.94,1.72,2260987.758696,1.814
MASS,8.08,8.08,8.22,7.93,543613.817948,8.0868
VRA,4.14,4.2,4.34,4.12,155009.848559,4.22
DBGI,1.63,1.39,1.64,1.35,650851.056811,1.5272
NHS,6.49,6.52,6.54,6.49,180276.58144,6.5081
LUCD,1.05,1.08,1.1,1.05,736009.726757,1.0647
SPTM,88.76,89.21,89.33,88.56,492676.59221,88.8678
FOXF,18.57,18.29,18.81,17.96,763191.805773,18.4788
BGC,11.29,10.6,11.31,10.54,5805317.8547,11.1344
VSLU,45.9013,45.9,46.2,45.8985,21865.3193,46.0106
LMNR,12.97,12.95,13.095,12.86,40939.33418,12.9736
RTAC,10.38,10.38,10.4069,10.34,144770.178,10.3652
BYD,85.24,85.58,86.46,84.37,858864.91319,85.2528
BUFS,24.32,24.45,24.45,24.2703,17438.0,24.3658
CVGW,27.7,27.9,28.03,27.56,156586.954819,27.7376
ONEQ,101.58,102.0,102.4699,101.28,333544.468803,101.833
SILJ,30.88,32.18,33.09,30.86,9209200.501034,31.8457
XLE,55.95,55.87,56.15,55.13,52909857.487546,55.7266
EUM,16.33,16.07,16.35,16.07,78813.322009,16.2894
FLEX,133.01,132.305,139.39,130.05,11002043.611843,134.7525
CAOS,90.565,90.48,90.58,90.4665,48075.332232,90.543
PSEP,45.35,45.3,45.42,45.3,39457.0,45.3705
WKSP,1.08,1.11,1.18,1.08,514866.7195,1.1227
PTON,5.66,5.895,6.04,5.245,39759591.22483,5.5991
FMAY,55.495,55.56,55.56,55.44,20460.96,55.5087
SKYT,33.06,33.4,33.99,32.46,989087.22099,33.075
QMMY,26.02,26.06,26.06,26.0,24378.039,26.0428
LGOV,21.55,21.74,21.74,21.48,78701.26697,21.5978
THM,2.55,2.56,2.7,2.505,1410460.383068,2.6002
RZG,64.3728,65.71,65.71,64.3728,3652.62605,65.1541
ARDX,6.98,7.08,7.19,6.93,3921689.625312,7.0224
MAGX,59.76,59.53,60.5995,59.106,261500.543779,59.8387
ACTG,4.705,4.83,4.875,4.51,550356.947938,4.6792
TMUS,194.2,192.0,196.0,191.98,3540086.757947,194.5056
MBX,34.71,32.0,34.9,30.75,928562.362457,32.9077
TENX,11.65,12.05,12.205,11.43,888881.325294,11.6891
ISCB,71.1717,72.45,72.45,71.1717,1961.185953,71.5382
OUSM,46.32,46.67,46.6889,46.26,87969.720968,46.4532
HFSI,35.26,35.38,35.38,35.24,136717.91359,35.2921
BBEU,76.48,77.93,77.95,76.335,501148.117676,76.9446
APLY,12.4,12.38,12.5,12.345,137028.684202,12.4411
USEA,2.28,2.35,2.36,2.25,55146.891293,2.2975
HUT,101.18,105.105,105.105,93.8,9280447.873954,98.8481
MKOR,61.36,62.95,62.95,61.2908,28858.888869,62.2963
PSFF,33.77,33.76,33.8599,33.76,48657.45523,33.8171
IFS,44.88,46.01,46.01,44.78,197091.122336,45.0835
WTAI,38.95,39.78,39.78,38.62,150245.44877,39.163
IGV,90.85,90.005,91.98,89.92,29902798.862082,91.0379
GENC,15.05,14.85,15.28,14.74,14994.689803,15.0174
ASM,6.86,7.1,7.51,6.85,5942970.190179,7.17
IBHJ,26.35,26.49,26.49,26.34,23984.7447,26.4046
EDEN,110.8923,112.87,112.87,110.86,6357.911127,111.5919
REPX,34.23,31.66,34.47,31.23,538194.023606,33.8081
RBNE,1.41,1.41,1.4794,1.4,244523.22356,1.4275
GBIL,99.96,99.96,99.97,99.96,645693.200009,99.9637
EIM,9.98,10.01,10.02,9.94,65618.8499,9.9828
AIMD,1.745,1.74,1.7886,1.74,5187.0,1.7532
OIO,2.13,1.91,2.28,1.91,154202.565975,2.0709
YQQQ,10.595,10.54,10.63,10.5101,102682.892909,10.5799
ILTB,48.9,49.25,49.25,48.87,28237.018288,49.1133
NUVL,102.4,104.11,104.11,100.17,593773.549966,102.0849
SCHR,24.74,24.84,24.84,24.7301,2993247.531989,24.7802
FCOM,74.86,75.07,75.39,74.69,56419.43314,75.0766
FPFD,21.75,21.75,21.77,21.735,22230.9415,21.7456
STTK,6.26,6.65,6.65,5.9501,696252.980346,6.1493
DRN,10.89,11.08,11.11,10.6901,1133095.825269,10.9089
HTRB,33.8,33.93,33.9388,33.795,117933.212035,33.846
GARP,76.09,76.76,76.98,75.69,460912.343431,76.5164
REXC,22.92,24.61,25.3899,22.735,241481.032716,23.499
PCTY,109.12,104.36,111.07,104.36,1610434.158903,108.5224
SIDU,2.95,3.23,3.34,2.94,12071911.209294,3.0493
GLNK,8.8,8.91,8.92,8.715,196193.4242,8.7958
EWQ,45.54,46.55,46.6,45.51,255480.329042,45.8927
RWL,123.62,124.15,124.37,123.34,256898.445988,123.6847
IYRI,49.5,49.7,49.79,49.37,43053.060785,49.5689
CEFS,24.75,24.83,24.9799,24.68,66614.668234,24.8515
SKOR,48.5258,48.64,48.66,48.52,84863.774368,48.5858
SPSM,53.56,54.14,54.26,53.48,1280214.27424,53.716
RA,12.84,12.85,12.89,12.82,195495.400509,12.8659
POAS,2.33,2.38,2.38,2.26,2156767.392241,2.2959
SCHA,33.03,33.61,33.64,32.89,2329903.438666,33.1268
CGGO,38.9,39.43,39.48,38.79,1378835.183849,39.0778
ESQ,107.3,108.88,109.9,107.15,80118.8998,108.4767
EVX,39.5452,39.99,40.0095,39.54,5983.349452,39.7885
VTI,360.2,362.62,362.72,359.38,3500894.244711,361.0737
CSEX,23.08,26.0,26.445,21.97,126055.775917,23.5771
ESPO,90.1047,91.62,91.72,89.97,30314.879224,90.9958
LINC,44.1,44.84,45.09,43.0165,684687.994209,43.8285
CEGX,19.11,20.86,21.29,19.07,146102.45297,19.9963
S,15.92,15.83,16.152,15.56,9327463.175435,15.902
BND,73.36,73.645,73.65,73.3201,9777000.147693,73.5073
HODL,22.67,22.9,22.9,22.48,958766.555692,22.6784
FFLG,33.32,33.55,33.66,33.195,104117.108425,33.4486
IGOV,42.06,42.32,42.3299,42.01,84969.058601,42.1389
WALD,1.4,1.18,1.42,1.12,771645.820092,1.3187
UMDD,33.3369,35.19,35.19,33.325,13038.435808,34.3253
GECC,5.66,5.71,5.77,5.65,45384.34141,5.6867
CBUS,1.5,1.59,1.64,1.495,299881.506168,1.5588
ARQT,20.66,22.82,23.77,20.19,6774510.09106,21.301
SPXL,259.38,263.195,264.3427,257.52,2415910.026688,260.6915
VNRX,2.42,2.49,2.5,2.34,305985.365041,2.4111
IMPPP,25.91,25.9,25.975,25.9,1465.0,25.9174
MRNX,23.21,26.36,28.0,22.35,86393.974441,23.6148
DFDVW,0.5595,0.55,0.57,0.55,6491.5,0.5593
NINE,9.85,9.7,10.0,9.6003,21597.890706,9.7828
FAX,14.5,14.83,14.8581,14.46,289894.204297,14.6596
IKT,1.99,2.01,2.04,1.91,796488.008938,1.9541
FGDL,62.71,63.19,63.42,62.4,17149.06925,62.9007
DFUV,51.88,52.44,52.44,51.8,479730.663535,52.016
GMOD,27.1753,27.51,27.51,27.1753,11990.7073,27.2525
MASK,2.48,2.67,2.78,2.1,2541353.654607,2.5982
PONY,9.63,10.2,10.2,9.45,6108658.562486,9.6916
P,76.05,74.93,78.5,74.04,3177849.200228,75.9445
FAB,97.8393,98.21,98.29,97.72,2702.2134,98.0878
HYMB,25.11,25.14,25.14,25.07,545485.580385,25.1009
RUSHA,71.3,72.33,72.38,70.81,356355.29688,71.3631
PPSI,3.96,4.33,4.34,3.9,243240.738365,4.0481
APT,6.48,5.11,6.55,5.02,1117277.205572,5.9846
EASG,37.3632,37.93,37.93,37.33,5032.2015,37.4087
GOP,43.1469,43.85,44.2,43.075,13288.436015,43.4965
IVVW,44.44,44.35,44.44,44.34,80200.672847,44.3977
MINO,45.47,45.49,45.49,45.3401,128568.069,45.4242
CCJ,118.71,123.42,124.0,118.03,3121503.619769,120.2422
ISCG,61.44,62.38,62.38,61.15,16948.837778,61.6484
TNDM,18.47,18.3,18.9,17.75,2628867.368205,18.5547
LPX,75.49,71.74,76.43,71.74,2401821.21399,75.3919
HCWC,0.2851,0.2724,0.29,0.2682,345112.548,0.283
SDOG,66.1777,66.44,66.44,65.9102,31185.76293,66.1389
RLY,36.62,36.85,36.85,36.53,186106.08287,36.631
SCCO,179.54,186.345,188.095,179.005,1380601.955297,181.815
AXP,318.69,322.33,324.535,316.8,3350456.195225,319.4304
NYF,53.56,53.6,53.6,53.5599,116340.312859,53.574
SCZ,84.82,85.96,86.01,84.71,1833794.258863,85.4909
ROST,224.48,229.675,231.16,222.58,2747291.309128,224.7861
IXC,53.36,53.47,53.51,52.78,1246955.331032,53.1345
WQTM,33.05,34.1,34.18,32.81,159625.634641,33.6957
KGRN,28.61,29.19,29.309,28.6,15110.884401,28.8277
DUHP,39.7,39.91,39.97,39.6666,942220.816736,39.7815
POWI,71.83,77.635,77.77,71.63,1756899.893644,72.8224
SVIX,19.56,19.58,19.665,19.3,3039928.733097,19.5292
PHAT,12.23,12.62,12.74,11.76,808539.762031,12.1154
HOLO,1.72,1.76,1.78,1.7,389425.352775,1.7377
SRPT,20.8,22.255,22.68,20.13,5144907.357853,20.8623
EHGO,1.82,1.82,1.8799,1.71,96372.25,1.9987
CTXR,0.6541,0.665,0.6682,0.64,631195.943801,0.6561
YMAX,8.54,8.61,8.63,8.495,1911818.908981,8.5624
RZV,136.6053,136.97,137.6,136.6053,2909.421763,137.0007
EVMO,50.36,50.55,50.55,50.36,67819.1784,50.4468
WDC,463.91,472.015,475.57,450.28,7162853.317041,462.2801
MBUU,25.4,25.72,26.27,25.32,620101.074935,25.688
FTFT,1.25,1.37,1.37,1.19,215468.1266,1.2797
SRZN,30.75,35.0,35.0,30.5,77123.867199,31.8319
GVAL,35.32,35.77,35.84,35.32,166028.125405,35.5391
DRSK,29.02,29.11,29.2335,28.98,112372.924,29.0895
CIVB,24.98,25.08,25.4799,24.78,73456.434622,24.9732
ETHW,16.42,16.62,16.63,16.31,988530.837328,16.4569
SMYY,8.965,9.0,9.0,8.92,42022.381037,8.976
AURA,8.2,8.545,8.545,8.1,404746.077173,8.2153
KRE,69.95,70.8,71.1,69.84,11503339.121826,70.3214
SBCF,31.04,31.51,31.68,30.94,862741.13403,31.1622
GXIG,24.905,25.0,25.0,24.905,1166.6352,24.5584
IMXI,15.86,15.88,15.93,15.84,297234.41974,15.8811
EZPW,32.88,36.98,37.125,31.76,1817256.697417,33.14
FSUN,36.86,36.85,37.275,36.75,147934.145794,36.9435
VIXY,26.85,26.87,27.3,26.78,2563999.570099,26.9757
MTDR,55.57,58.27,58.27,54.12,2854091.4169,55.3938
VOOV,215.95,217.13,217.2,215.574,73797.042451,216.1935
ESPR,3.14,3.15,3.15,3.13,19958724.414062,3.144
WULX,48.6,54.76,54.76,46.19,133852.515134,48.5994
ARMG,17.48,19.2,20.97,16.93,7062379.621732,18.358
LQTI,19.4142,19.47,19.47,19.37,56790.7718,19.4447
BIB,82.517,84.5,85.31,81.065,15232.918345,82.7153
RLYB,14.66,15.15,15.15,14.38,129901.863103,14.7213
ECON,33.9793,34.48,34.48,33.9793,5827.6106,34.2578
WTPI,33.01,33.03,33.05,32.9201,47710.807873,32.9855
CORT,51.05,52.03,52.615,49.8255,1117279.332673,50.9936
TECB,67.15,67.09,67.71,66.91,55783.968302,67.382
RAAQ,11.02,10.99,11.17,10.8901,207738.274122,10.982
DCOR,79.61,80.23,80.245,79.51,90929.9193,79.825
FNDF,52.37,53.28,53.28,52.33,1461155.68008,52.6943
NHC,171.42,170.61,173.64,169.8,64221.927429,171.7338
PGHY,19.88,19.91,20.0,19.85,90145.45152,19.9191
PPL,36.77,36.88,37.0,36.47,7125698.671893,36.7146
OTH,2.56,2.58,2.71,2.5,48699.354513,2.5698
DOL,73.2445,74.44,74.44,73.2445,12317.2275,73.5989
IQDF,34.1895,34.64,34.64,34.186,45509.845333,34.3929
BGLD,17.3078,17.33,17.44,17.3078,7580.660554,17.3614
FSLR,214.57,218.9,223.89,212.2901,3018870.029371,215.9545
IYW,232.26,232.93,234.84,230.96,1561999.545788,232.5515
AMOD,0.23,0.2172,0.2334,0.2151,1906620.773391,0.2251
KOD,43.68,45.58,45.62,42.42,367623.698825,43.8264
SHLD,65.91,66.95,67.0,65.47,3554367.661808,66.0181
MMS,66.66,63.59,70.17,63.59,1534953.649039,67.4987
GDXW,50.52,52.43,53.31,50.52,68727.453433,52.036
PAYO,5.06,5.13,5.17,4.73,8177666.361063,5.0078
ASMU,26.54,27.81,27.81,25.995,51644.955524,26.9282
USAU,16.59,17.34,17.67,16.5,207127.080067,17.1229
GSY,50.19,50.21,50.22,50.19,541092.003873,50.203
DRAM,46.55,47.95,48.78,46.08,27480494.77287,47.38
HOWL,0.62,0.667,0.685,0.62,618930.963924,0.6444
INKT,11.19,11.23,11.23,10.97,10323.724574,11.0999
UYG,79.3389,80.1,80.74,79.16,7265.787811,79.5919
NUMI,25.075,25.07,25.1,25.07,1395.319,25.0936
NEWP,5.79,6.05,6.305,5.74,1148089.223837,5.9597
XNTK,329.11,331.61,333.36,326.56,101173.361027,329.2329
QID,15.62,15.56,15.7698,15.345,27584193.523257,15.577
DIEM,41.3,42.05,42.05,41.3,7586.722,41.6927
SOYB,24.7,24.61,24.77,24.5601,168272.668253,24.6783
LGO,1.16,1.25,1.27,1.15,924625.631964,1.1896
PLUR,3.34,3.34,3.39,3.34,1935.0,3.3514
ADAM,8.72,8.85,8.89,8.68,706238.682051,8.7563
BOIL,12.92,12.35,13.15,12.215,9811782.419175,12.6783
FSLY,19.5,22.8,22.89,18.53,47577291.111146,19.9275
MFC,39.56,39.8,40.07,39.505,2337351.401775,39.7201
IWB,399.41,401.61,402.005,398.51,583221.821405,400.0551
INFL,52.32,53.23,53.34,52.23,173797.795771,52.7035
WEEK,100.04,100.06,100.06,100.0101,28648.082299,100.0415
CREG,0.47,0.5286,0.5286,0.3593,2802800.09302,0.4305
FHLC,70.02,70.46,70.59,69.78,169018.204587,70.0511
AIM,0.56,0.5181,0.6865,0.4611,8634182.267178,0.5524
IIIV,22.91,22.25,23.13,22.12,340276.833458,22.8681
ROAM,35.2218,35.61,35.61,34.93,33908.106,35.2606
BEP,34.54,34.5,34.58,33.84,1022929.029473,34.3288
EPM,4.71,4.67,4.72,4.55,203349.405041,4.6623
GIFT,0.938,0.99,1.01,0.93,59411.0,0.9699
NMM,71.57,73.45,74.085,71.01,125370.066528,72.2062
EUSA,109.27,110.02,110.02,109.03,26864.404369,109.4232
DOCT,45.945,45.97,46.08,45.925,9804.5989,46.0053
ATOS,5.67,5.81,5.825,5.61,47864.607636,5.6939
AVGX,60.17,63.3,64.38,58.5,327574.283551,61.5283
PALL,134.98,138.85,139.2799,134.7601,159322.651049,137.1067
SLDP,2.92,3.3,3.3,2.87,13343835.151138,3.0291
USSG,68.26,68.29,68.4901,68.08,9243.1811,68.1805
TSII,19.12,19.07,19.24,18.8907,50314.515882,19.0414
ORCX,44.64,46.53,47.22,42.97,3481170.357269,45.4079
DDTD,19.99,19.95,20.07,19.95,1913.0,19.9906
TRIN,17.02,17.37,17.37,16.885,1560503.261532,17.0304
UPRO,136.02,138.0,138.5899,135.0201,3651542.147549,136.7789
LMNX,12.8,12.02,12.8,11.6897,28829.1553,12.0948
BCFN,21.585,21.57,21.585,21.57,451.137,21.5933
CPLS,35.2,35.27,35.36,35.1901,13251.9099,35.2804
STXS,1.9,1.94,2.0,1.895,295320.367972,1.927
SGRP,0.6827,0.6802,0.74,0.6794,58041.0,0.7148
EFV,77.37,78.52,78.645,77.35,2076341.647029,77.7755
BESS,2.32,2.4,2.59,2.32,13040.4556,2.4481
TRMB,61.85,64.7,64.915,61.6,3707238.541609,62.5513
VCLN,32.08,34.0,34.09,32.02,2699.065,33.0155
BNDY,25.3699,25.42,25.46,25.34,17719.8621,25.402
TQQQ,71.34,71.87,73.295,70.38,93509106.994864,71.7526
MUST,20.62,20.58,20.68,20.48,260073.35354,20.5753
JPST,50.49,50.5,50.5,50.48,7621636.557893,50.489
NSRX,3.39,3.23,3.48,3.1801,226439.549259,3.3135
ORRF,36.92,36.75,37.295,36.75,84610.329158,36.9409
GROY,3.6,3.6,3.76,3.565,2353041.714565,3.6501
THQ,18.3,18.42,18.815,18.3,85778.955981,18.3942
ALLR,1.5,1.49,1.5,1.3678,276629.788545,1.4559
HAP,72.13,73.42,73.42,72.13,44570.325348,72.464
APRE,0.8807,0.899,0.9483,0.867,314362.762,0.901
JOBY,10.01,10.22,10.475,9.67,37208781.117067,10.0412
NBIZ,2.49,2.36,2.66,2.19,13617101.030738,2.4654
RGTI,18.34,19.275,19.64,18.065,25537322.140329,18.7893
RKLZ,12.84,11.21,13.0101,11.21,1353350.525154,11.9442
IYC,102.99,103.43,103.77,102.62,326021.524297,103.053
ONBPO,24.85,24.91,24.91,24.85,4475.063052,24.8768
CBTJ,20.3966,20.45,20.51,20.33,14919.0,20.4073
EET,113.5859,117.22,117.22,113.365,8035.105759,114.7559
ADBG,4.95,4.86,5.07,4.84,4023467.419378,4.9767
SOPH,5.4,5.0,5.4696,4.95,149543.963506,5.3092
SLV,71.6,73.28,74.325,71.16,33453093.201244,72.7889
PTLE,5.61,5.4,6.77,5.4,6719.9625,6.0281
IVOL,18.32,18.41,18.42,18.265,162696.321834,18.306
ULH,13.42,14.0,14.8888,13.01,103967.933304,13.5456
HDEF,32.65,33.08,33.08,32.62,133653.737432,32.7435
SLJY,33.71,34.73,35.9929,33.71,36178.121657,34.8338
SMIN,68.33,68.74,69.1,68.3,236064.363057,68.6946
IGM,150.4,151.29,152.19,149.48,485212.864763,150.6346
ASML,1516.6,1548.74,1550.0,1497.81,1726651.696565,1524.6064
SKWD,45.51,46.45,46.4975,43.315,550020.550124,45.3753
QBTX,16.12,17.73,18.7282,15.76,1681310.064476,17.3387
EQX,14.37,14.86,15.29,14.345,12727891.943498,14.7246
FNGG,224.753,226.54,230.5,224.71,7084.46837,226.7501
INVA,22.8,23.49,23.99,22.2,1130742.646679,22.8425
EZJ,62.4849,63.45,63.5199,62.28,8412.701844,63.2526
AVGO,412.56,421.82,426.49,406.3,22791741.333754,415.3434
VTS,18.16,18.19,18.2525,17.535,798122.253945,17.9323
BBJP,73.98,74.62,74.685,73.79,2196773.977684,74.1476
DEHP,40.98,41.55,41.55,40.87,55482.31714,41.141
EMC,36.6977,37.32,37.32,36.69,7175.54912,36.9351
VICR,261.34,277.25,277.94,259.0001,674078.967776,266.0118
CTA,30.84,30.26,30.99,29.81,386287.628909,30.4304
CTMX,4.0,4.13,4.13,3.87,3097434.832319,3.9782
GALT,2.11,2.21,2.24,2.025,501148.851395,2.0925
EEMV,72.26,73.04,73.12,72.24,185215.276358,72.5227
ISVL,51.7308,52.5,52.5,51.72,10795.2853,51.9959
HQI,12.22,11.76,12.39,11.38,20481.964,11.9323
CORZ,22.36,22.445,23.0,20.81,37216766.982932,21.9563
BUYW,14.41,14.4,14.41,14.38,258869.8107,14.3919
PLX,1.98,2.02,2.03,1.88,1583598.649163,1.9368
NVDY,13.9,13.76,14.04,13.71,2995612.293896,13.9082
MBBA,49.6755,49.74,49.85,49.63,6062.784701,49.7559
STLA,7.48,7.615,7.615,7.46,15715140.558624,7.522
CIEN,538.76,564.39,569.0,515.49,3546930.875842,531.6529
CMCL,23.35,23.1,24.58,23.1,182647.678629,23.6861
SPAB,25.51,25.61,25.64,25.4901,2199729.025835,25.5458
VRTL,177.5504,197.23,197.23,174.45,94282.606652,182.7866
DBA,27.8,27.88,27.88,27.6,3059862.810722,27.7701
DAVE,249.27,246.37,265.32,244.53,544592.272612,252.0041
REI,1.65,1.72,1.7499,1.58,5623149.343211,1.6425
OPENL,0.405423,0.4,0.416934,0.36,449827.501379,0.3947
TLT,85.65,86.28,86.29,85.595,21178332.294871,85.7951
TRMD,33.11,33.25,33.59,32.5568,1183702.131259,33.0315
HUM,247.12,245.775,248.31,239.65,1178544.47242,245.8252
IPSC,2.31,2.37,2.37,2.21,760219.79377,2.2709
SHEL,84.24,85.71,85.8,84.02,11303695.237486,84.7413
JRVR,4.3,4.53,4.66,4.29,722957.030574,4.4393
NVNI,1.2,1.23,1.2789,1.2,55243.009343,1.2382
RMR,19.38,19.49,19.73,18.55,203644.431811,19.3017
FXR,87.3,88.86,88.92,87.21,59081.449052,88.577
ALOT,14.27,14.47,15.08,14.07,31763.247169,14.2942
IVOV,108.71,110.29,110.29,108.71,14422.208505,109.262
XLU,45.12,45.62,45.68,45.0,23499387.643431,45.2399
FNGD,40.24,39.95,40.52,38.41,668621.020162,39.6773
SUNS,7.71,7.72,7.88,7.7,81966.439209,7.7751
BIL,91.44,91.435,91.44,91.43,8040805.921335,91.4375
SMMU,50.405,50.44,50.44,50.38,134403.9976,50.402
PGEN,4.15,4.4,4.4,4.0907,3220647.665005,4.1953
RDZN,1.87,1.9,2.06,1.82,3273701.335843,1.9486
VTIP,50.29,50.33,50.34,50.28,3106715.287571,50.3008
MPL,27.29,30.9,30.9,26.37,76418.381201,29.1909
KOMP,67.23,68.55,68.55,66.93,162820.942571,67.1404
IEDI,56.2438,56.73,56.73,56.2438,834.49,56.5002
SEER,1.88,1.89,1.915,1.865,154369.48922,1.8917
QDTE,30.94,31.0,31.14,30.82,408431.967954,30.9991
FLRT,46.77,46.77,46.8,46.74,87918.34217,46.7717
EWH,24.34,24.58,24.66,24.275,1966313.093048,24.394
UAVS,1.17,1.13,1.18,1.1,2811063.524121,1.1506
DAX,45.5038,46.36,46.505,45.41,29789.693265,45.6748
UNL,6.45,6.37,6.48,6.3401,103481.204977,6.4141
DPST,117.49,121.51,122.9602,116.88,208576.165579,119.2062
GEM,50.32,50.97,50.97,50.21,97963.45915,50.5095
GPUS,0.1209,0.13,0.13,0.118,39360574.230718,0.1233
HIT,1.57,1.53,1.63,1.53,47392.507967,1.5897
CHAT,83.91,85.59,85.735,83.3001,872369.845849,84.3259
IYJ,157.7,160.46,160.46,157.38,29790.595266,158.2073
TUGN,26.9473,27.23,27.245,26.88,13845.5287,27.0801
DBC,30.25,29.74,30.37,29.565,5368612.678429,29.8114
KTCC,3.25,3.2,3.28,3.14,7325.33,3.2188
ULTA,526.53,536.36,540.108,524.33,534248.307147,527.9332
UCON,24.94,25.0,25.015,24.9,599569.989999,24.9616
DHS,110.5,111.09,111.09,110.21,30812.610521,110.5481
IDEV,88.85,90.3,90.345,88.77,1372864.969571,89.2297
FAPR,46.0,46.12,46.16,45.9,33269.669,46.0236
FITBM,26.1,26.11,26.16,25.96,34411.08,25.9824
TILT,267.26,268.62,268.9,267.02,9546.9012,268.0553
GLGG,10.1879,10.87,10.87,9.65,80199.747,10.1835
ISMF,28.0609,28.0,28.1,27.93,9613.655218,28.0275
DTRE,43.0855,42.96,43.0855,42.96,159.8111,42.9623
KARO,51.3,50.0,52.07,49.75,96972.085876,51.3268
VSS,160.24,162.42,162.48,160.15,169525.705519,161.09
RFG,61.5994,63.41,63.41,61.52,9858.125135,61.9302
PMNT,0.2462,0.2479,0.2594,0.245,235243.4948,0.2486
TMFM,21.3399,20.76,21.45,20.76,22479.164944,21.2367
DBB,25.08,25.28,25.29,25.04,214526.990211,25.1409
EPI,43.71,44.13,44.1647,43.64,569629.967319,43.8678
ONCY,0.9,0.93,0.93,0.88,847188.596752,0.8954
DIVI,42.46,43.16,43.16,42.42,135207.194552,42.6808
OLMA,15.13,14.86,15.33,14.645,1376501.280008,15.0464
FLBR,24.33,24.78,24.78,24.27,134455.920439,24.4338
ULTI,13.28,13.92,13.92,13.07,98854.685824,13.4166
COPY,14.56,14.73,14.7697,14.55,74018.416308,14.6366
NVTS,15.79,16.66,16.74,14.95,28611842.400909,15.6876
NLR,144.14,148.45,149.3,143.31,840491.704733,145.9992
TOPT,33.08,33.1,33.29,32.99,326425.21508,33.1136
PANW,196.53,190.77,199.09,190.77,10556602.403373,195.6723
VFL,10.285,10.26,10.45,10.25,33314.4568,10.3095
WPRT,1.92,1.96,1.96,1.86,67731.01341,1.9016
AMTX,3.12,3.082,3.12,2.685,3118178.360352,2.9566
ELMD,26.86,26.1,26.94,25.93,28037.651565,26.6395
DC,5.83,5.83,6.11,5.8,1124412.780416,5.9258
FELC,40.84,41.09,41.12,40.74,627660.537726,40.9095
DNTH,85.47,91.24,91.24,83.56,990146.684383,86.2803
HOOD,76.28,78.955,79.23,75.46,21873214.201004,76.8811
KIE,56.47,56.0,56.67,55.84,1295734.807845,56.4007
IJR,137.64,139.28,139.49,137.46,3937449.467269,138.1025
WASH,32.2,32.03,32.48,31.66,178455.740927,32.2428
TCAF,39.97,40.11,40.145,39.85,822405.614784,40.0014
XAR,262.76,269.645,270.0,261.5801,225339.887222,265.2953
BBAX,62.445,63.47,63.47,62.39,178161.94477,62.7317
NVII,27.87,27.54,28.04,27.35,104773.45098,27.766
EFZ,11.87,11.65,11.88,11.65,15129.70938,11.8074
OPTT,0.3518,0.3619,0.366,0.3451,2938470.619336,0.3549
RSPH,30.63,30.6,30.79,30.5209,63696.75181,30.6241
CVNX,19.1706,18.53,19.4505,18.11,47474.1618,18.8445
ESP,70.24,70.5,71.2343,67.21,20860.99925,69.2631
LABX,43.76,51.28,52.499,42.0,464915.573782,45.0988
WGSWW,0.0032,0.0084,0.01,0.0022,659090.307,0.002976
VEXC,93.62,94.62,94.62,93.45,133492.500869,93.5309
KTEC,14.2,14.4,14.44,14.19,165407.205235,14.271
MLYS,29.35,29.18,30.69,27.98,1701982.243609,29.0906
IGIB,53.14,53.38,53.38,53.11,2481463.965152,53.1846
VEON,48.46,49.13,49.13,48.35,63160.596489,48.6291
SPTI,28.47,28.57,28.58,28.46,1881432.335551,28.5015
IYR,102.56,103.0,103.32,102.04,4548723.223491,102.6362
ITDG,41.13,41.61,41.61,41.12,3829.305474,41.2534
IDU,113.92,115.11,115.11,113.665,58004.67489,114.1843
SBUX,104.26,105.95,106.1,102.94,9179250.751136,104.3757
VAL,91.78,92.31,92.72,89.43,594003.073115,91.4733
VCR,397.59,400.18,400.915,395.57,58269.360757,397.7964
USLM,109.28,108.18,110.6,106.56,194913.923575,109.1571
DJTU,1.435,1.48,1.525,1.415,618548.484626,1.4696
TGHL,0.3401,0.344,0.3719,0.3401,3178.0,0.3611
PSMT,156.54,160.01,160.85,155.62,315853.216101,156.9811
SPYU,32.11,32.775,32.96,31.83,1131972.172265,32.348
BNO,53.67,51.4,54.24,50.8201,7203676.929051,52.9325
DFNS,0.445,0.4211,0.4771,0.421,1972249.468497,0.4567
YCL,18.725,18.87,18.87,18.706,7214.49272,18.7734
ITDF,40.4471,40.97,40.97,40.4162,11646.387327,40.5222
RDVT,49.09,46.61,50.85,46.61,272355.424142,48.4191
ATNI,25.71,26.9,27.3277,23.41,118431.82877,25.6234
SPTL,26.03,26.21,26.2196,26.0049,5917321.576757,26.0798
CPOP,0.3136,0.311,0.3225,0.3006,45687.0,0.3095
SPSB,30.0,30.03,30.04,29.98,2842107.956248,30.0088
F,12.18,12.222,12.3,12.06,38986729.420387,12.1746
JQUA,67.45,67.83,67.92,67.31,414765.064137,67.5816
QUAL,209.46,210.77,210.89,209.17,888555.941177,209.9267
SLND,1.1,1.05,1.14,1.01,75503.0,1.0827
XLB,51.4,52.6,52.77,51.375,13026632.495837,51.7799
BCHT,1.41,1.5,1.52,1.29,340505.0,1.4074
MSN,0.4282,0.43,0.4337,0.4044,31263.0,0.4185
TBT,35.67,35.12,35.71,35.12,308391.680786,35.5108
CPSM,29.1105,29.12,29.18,29.1001,5589.0,29.1268
BETZ,18.8133,18.92,19.06,18.75,8970.217754,18.8526
PVAL,49.21,49.49,49.49,49.06,2928565.34754,49.2148
PWZ,24.27,24.29,24.2999,24.25,239125.975605,24.2706
GCC,25.38,25.25,25.38,25.155,16382.948714,25.2783
TRDA,6.85,6.82,7.8899,5.73,4126695.842687,7.0073
FURY,0.595,0.62,0.62,0.58,245882.757995,0.5989
DJT,9.02,9.07,9.285,8.95,3153992.287103,9.0804
SSRM,32.71,33.865,34.66,32.59,5126494.450164,33.3027
WB,8.46,8.47,8.555,8.405,779220.093889,8.4837
FLDR,50.09,50.15,50.1699,50.09,174972.426909,50.1197
SUPX,7.46,7.41,7.6999,7.22,179168.366811,7.4705
LCAP,32.27,32.37,32.53,32.22,258429.24581,32.4932
QTOP,36.73,36.85,37.0651,36.6,330240.863871,36.7481
IBRX,7.76,7.815,8.11,7.36,18819794.500373,7.7153
TAN,59.76,61.43,62.0099,59.39,1369748.744443,60.5039
AEP,131.76,131.64,132.8,131.332,3107193.36861,132.0345
XT,78.12,78.89,78.95,77.88,2091650.944929,77.9705
XMHQ,109.87,112.49,112.49,109.775016,215705.144433,110.6019
ABTS,1.15,1.13,1.18,1.12,141464.0,1.1412
MSLC,57.645,57.91,58.0098,57.5509,43960.238,57.7684
WAR,30.35,31.66,31.66,30.24,37801.088358,30.6559
TMFG,31.1234,31.06,31.27,31.06,13958.608917,31.1285
QYLG,29.285,29.33,29.41,29.2483,48232.214148,29.3287
VIG,228.11,229.8,229.91,227.79,969314.257976,228.6937
FSYD,48.825,48.87,48.91,48.81,47957.532,48.8378
TECH,50.91,47.195,51.0,46.415,5147270.493349,49.6295
OPENZ,0.3848,0.39,0.41,0.3754,427570.257871,0.3864
MCHP,101.58,102.15,102.28,99.59,15859603.617345,101.1676
PAAU,20.9463,22.0,23.315,20.9463,10080.972,22.1556
MLN,17.64,17.64,17.66,17.625,579829.0662,17.647
PACB,1.65,1.7,1.76,1.63,6321819.228514,1.6819
JFB,5.58,5.78,5.9,5.37,387911.920463,5.6739
YDEC,27.1389,27.42,27.42,27.1,47055.0,27.15
ITOT,159.99,161.08,161.1,159.61,2957354.397347,160.2064
SCLX,8.04,9.51,9.6032,7.5301,188766.40004,8.4854
ACU,41.82,42.61,42.61,41.82,4383.697558,42.0566
KARS,37.0,38.12,38.12,37.0,27367.294047,37.4225
PMAX,4.2,4.15,4.25,3.16,4105200.899969,3.8362
SUNB,73.33,75.35,76.38,72.49,2325231.105161,74.2735
LE,11.56,11.25,11.76,11.21,216075.622597,11.524
CLDI,0.2165,0.2156,0.2165,0.2069,1153349.579329,0.2112
MAGY,47.16,47.015,47.24,47.015,92334.962633,47.1745
CYTK,74.29,74.5,76.25,72.75,8401463.384138,74.3209
VTAK,0.8856,0.9234,0.93979,0.8601,88331.724737,0.8824
GENK,2.28,2.3,2.56,2.24,164728.511437,2.4447
UTSL,45.6,47.1,47.15,45.26,108368.600878,46.0874
IDHQ,39.83,40.62,40.62,39.8,34075.481874,40.1163
VCYT,40.76,41.17,42.1,40.16,1693006.814896,40.9273
IAUI,57.05,57.44,57.498,56.75,224708.26539,57.2155
SMTH,25.785,25.88,25.88,25.775,229895.492,25.798
PSQ,26.81,26.745,26.93,26.5701,10176807.967598,26.7655
IMCB,90.62,91.82,91.82,90.43,30200.1769,90.9626
FLGB,35.38,36.1,36.1,35.36,73098.075722,35.583
BAB,26.92,27.05,27.09,26.87,85180.431676,26.9523
IPAC,81.87,82.75,82.75,81.8,38064.994359,82.1736
DMAAR,0.149,0.15,0.15,0.1274,203559.133333,0.1449
RGTX,22.26,24.89,25.87,21.68,605014.936962,23.7838
CTAP,30.88,30.5,30.92,30.03,77413.769,30.563
EVRG,82.73,81.395,83.295,81.39,3524477.753233,82.6093
HDGE,16.71,16.9,16.9,16.61,84231.791682,16.6882
SEV,2.59,2.65,2.665,2.53,239261.822639,2.5923
RKLB,78.58,84.71,84.79,77.93,22942886.796072,80.8246
PDP,139.2811,142.7,142.7,138.82,47388.7964,139.2767
EDIV,41.57,41.98,41.98,41.47,73269.11774,41.6743
GCTK,0.86,0.876,0.9311,0.782,3700065.930136,0.849
ERAS,10.4,10.81,10.88,10.005,4972216.133524,10.3485
LENS,44.7735,45.34,45.515,44.7735,51976.8553,44.9741
HUBS,243.72,243.01,249.99,240.42,2938517.008993,238.5379
NCPL,0.3816,0.3792,0.4048,0.37,883645.10605,0.3959
TESL,18.0,17.79,18.06,17.56,41226.656319,17.8715
ZIONP,19.2499,19.25,19.25,19.13,1969.7457,19.2271
IUSB,46.12,46.29,46.3,46.09,2470372.863628,46.1652
LUNR,24.11,25.95,26.09,23.62,10511667.888231,24.5132
ZTS,87.31,90.665,91.64,85.31,29922904.989769,88.7897
UITB,46.965,47.1,47.12,46.955,132252.98763,47.0144
SFLR,37.78,37.64,37.78,37.41,166598.1698,37.5666
ICOW,44.6,45.19,45.193,44.55,155139.362016,44.8228
SCHV,32.47,32.78,32.83,32.395,3409513.960613,32.522
SMAY,27.145,27.11,27.1999,27.11,11872.0,27.142
HPK,5.59,5.867,6.01,4.92,1893019.848686,5.3881
HUN,14.74,15.155,15.155,14.6,5948335.495691,14.8248
DDOG,188.73,187.99,198.6,179.47,25969980.908747,185.8528
FXE,108.27,108.65,108.65,108.25,100255.279156,108.528
VOO,672.54,675.82,676.7601,670.92,6260288.876454,673.8379
STKE,1.54,1.7,1.7,1.52,189506.4316,1.5732
VZLA,3.43,3.57,3.72,3.43,7183424.340993,3.5697
MUNY,103.08,103.29,103.29,103.08,32741.5546,103.1646
MVST,1.89,1.96,1.965,1.84,3387278.583747,1.8794
RL,353.55,372.69,373.6,352.18,842245.866622,355.6289
COSW,46.0324,44.06,46.0324,44.06,2234.531917,45.2529
SMU,15.9,16.93,17.64,14.92,1585235.747483,15.6894
ATNM,1.22,1.23,1.25,1.21,177563.4493,1.226
FSOL,10.48,10.6,10.6,10.4201,91650.504863,10.4976
JGLO,70.59,71.14,71.14,70.44,137984.726261,70.602
AVUS,123.75,124.83,124.83,123.44,288863.377403,124.0033
MSFO,12.4,12.36,12.52,12.36,114912.354527,12.4402
GNS,0.2633,0.2659,0.2744,0.25,2152042.044227,0.2638
BITS,70.08,72.15,72.15,69.57,3431.117194,70.319
SNBR,3.03,3.0,3.1457,2.9102,641157.879463,3.0021
VNLA,48.92,48.96,48.96,48.92,468830.961934,48.9402
PONX,6.7747,7.6,7.6,6.555,25122.763629,6.8208
AFCG,3.09,2.9,3.24,2.9,976008.701035,3.0504
IBEX,32.76,30.66,33.585,29.3701,223820.767846,32.6313
KLAR,14.72,14.49,15.04,14.43,3975509.059296,14.7333
ADC,76.33,77.02,77.02,75.755,1051880.996585,76.2965
FRI,30.93,31.08,31.1556,30.8899,10000.727532,30.9956
KNX,63.44,63.88,65.1881,63.02,3940439.989354,63.5828
FITB,49.67,50.78,50.91,49.59,5097348.314565,49.8984
MSTX,37.35,39.56,39.56,35.7,2520821.394556,37.6729
NAK,2.06,2.18,2.22,2.05,6291423.287571,2.1308
VRP,24.36,24.36,24.4,24.32,2738154.395875,24.3851
WEN,6.95,6.63,6.98,6.5632,14736908.815355,6.7888
GSST,50.47,50.47,50.47,50.45,459219.979484,50.4617
RPM,101.39,102.29,104.23,101.14,691300.616798,101.7737
TSLZ,12.28,12.57,12.9267,12.02,5101313.957242,12.472
DBEM,39.2768,39.68,39.91,39.1807,6614.1431,39.5081
SLSR,10.09,10.28,10.595,10.04,104105.737527,10.2515
UEC,15.59,15.78,16.19,15.2,9841339.034621,15.7033
VHT,271.09,272.37,273.7,270.1669,172014.660333,271.2529
DIM,87.3762,88.4,88.4,87.2075,14005.2216,87.4686
AEF,9.75,9.82,9.9761,9.571,174945.217268,9.7715
ACXP,2.12,2.09,2.14,2.02,76125.387508,2.0654
AMA,21.4608,23.47,23.47,21.0,52040.6267,22.201
SERV,9.09,9.505,9.505,9.02,5265514.001731,9.1905
SOUN,9.63,9.49,9.72,9.1101,50337392.488527,9.296
HYBL,28.08,28.12,28.1393,28.07,89200.656555,28.0963
TBLA,5.21,4.61,5.22,4.5177,12197664.003653,4.9828
IVV,734.96,738.54,739.535,733.15,4094692.852508,736.1753
BITC,40.6945,41.07,41.07,40.56,1495.895474,40.7082
DBJP,108.0603,108.79,108.79,107.76,10055.431342,108.3326
RSHO,57.72,59.19,59.4,57.5902,45802.690114,58.1289
CHRD,137.75,137.46,138.58,132.82,913362.963749,136.9339
DMAY,46.675,46.63,46.7,46.63,12641.44,46.6801
AUDC,8.35,8.54,8.59,8.13,232238.258643,8.3176
TEMT,19.69,23.18,23.18,19.08,522664.848965,20.5645
ATLO,28.6,28.63,28.935,28.55,60669.435672,28.6636
USGG,21.0307,24.81,24.945,20.06,429586.111495,21.4986
NTRP,2.6384,2.57,2.695,2.4701,32464.698596,2.5792
IBMP,25.3525,25.355,25.36,25.34,48914.4942,25.3532
NVTX,56.03,60.08,61.42,49.41,244433.029517,54.2483
VIVK,1.86,1.81,1.86,1.74,114682.8786,1.8094
MDWD,17.27,17.24,17.55,17.0,140814.277,17.3572
EGGY,38.2592,39.52,39.52,37.9099,41987.761657,38.5324
OVF,31.7008,32.34,32.34,31.7,7383.736941,31.9014
BBLU,16.15,16.21,16.21,16.085,56552.541702,16.1524
SCHB,28.21,28.37,28.405,28.1499,8204066.038898,28.2475
DUG,19.83,19.8,20.3645,19.76,185809.54743,19.9288
FAZ,44.73,44.16,45.07,43.41,489040.775516,44.3314
SLON,5.63,5.74,5.74,5.54,308166.781192,5.6357
PPIE,27.6675,28.0,28.0,27.6675,672.046,27.9623
BUFD,29.35,29.41,29.41,29.31,246262.24349,29.3581
FDLS,41.07,41.6,41.6,40.9542,31550.9314,41.104
TMC,5.7,6.175,6.175,5.61,7711712.70172,5.8399
MDU,22.47,21.445,22.74,21.3331,2990451.209843,22.3721
ETHD,50.38,49.1,51.0,49.0904,336807.625521,50.0339
FTSD,90.425,90.6,90.6,90.38,25452.051341,90.4692
XPH,59.74,60.4,60.4,58.83,24797.777205,59.4243
MYCF,25.005,24.99,25.01,24.99,9030.5951,25.002
SNY,43.18,43.57,43.79,43.12,1775236.514925,43.3653
WTFC,151.18,153.3,153.5,150.51,447277.161573,151.5803
AMPG,2.14,2.3,2.32,2.12,486416.828107,2.1869
QS,7.35,7.93,7.94,7.17,22892249.194052,7.4954
AMPH,24.03,24.01,24.345,23.87,373521.186456,24.0344
MGTX,9.68,9.9,9.98,9.48,435679.864726,9.6706
USHY,36.98,37.08,37.11,36.96,9140466.623844,37.0036
YSPY,15.5574,15.57,15.6,15.53,35570.6439,15.569
NML,10.07,10.0,10.07,9.84,103983.678596,9.9447
PILL,13.56,14.17,14.17,12.921,87841.513292,13.3926
TNMG,0.9173,1.02,1.02,0.91,34760.0,0.9801
ETEC,29.4662,29.77,29.77,29.465,466.986,29.6597
TDVG,46.99,47.41,47.41,46.91,37826.639069,47.0709
RVNL,24.4619,25.92,25.92,24.11,75254.8284,24.7596
NBH,10.47,10.4,10.47,10.38,180250.8206,10.4339
AUROW,0.463,0.4579,0.55,0.450101,319300.0,0.4943
ROBT,53.75,54.33,54.4599,53.5,64248.536413,53.8271
SMMD,85.72,87.34,87.38,85.52,261683.164769,86.3131
DHYr,0.005,0.0024,0.005,0.0024,2034019.254278,0.003523
ATCH,0.2669,0.249,0.2779,0.249,3371323.106638,0.2663
FSEG,25.81,26.4,26.4,25.71,1643.193,26.1298
XOEX,38.3742,38.63,38.64,38.37,3780.9562,38.4775
CWVX,49.18,52.3,53.1468,46.5,2305113.248358,49.0319
JCPB,46.89,47.07,47.07,46.87,2712704.036527,46.9469
MELI,1870.01,1850.81,1890.0,1839.55,814640.124518,1853.8557
CEFA,39.2002,40.1,40.9,39.2002,6290.46045,39.5685
HYSA,14.91,14.96,14.98,14.8218,7005.845147,14.9336
PAPR,41.73,41.83,41.84,41.69,26589.244,41.7706
SPMB,22.3,22.39,22.42,22.275,3430287.482726,22.3058
TXG,22.42,22.86,22.935,22.11,2279522.09604,22.3855
SMTI,19.08,19.04,19.51,18.6601,59855.4234,19.098
PXF,74.99,76.33,76.33,74.9037,54114.719952,75.4378
REGN,709.1,718.5,725.3066,707.43,774679.909094,710.8493
HEGD,26.405,26.45,26.525,26.34,50328.648838,26.4137
BWZ,27.4538,27.53,27.55,27.41,19765.441904,27.5003
HDUS,70.0601,70.13,70.41,69.99,3203.1652,70.2227
VONG,126.31,126.725,127.42,126.03,1332922.864524,126.6193
ESGE,53.2,54.07,54.105,53.14,459483.099648,53.507
AAL,13.18,13.14,13.33,12.91,82536884.58039,13.1302
STPZ,54.02,54.04,54.07,54.01,36555.563377,54.0325
WHF,7.58,7.38,7.6,7.2038,99397.293994,7.4998
VERX,14.67,13.945,14.79,13.74,3839085.375531,14.5125
GLTR,223.29,226.75,228.19,222.97,73892.61447,225.5633
TFLR,50.89,50.91,50.93,50.87,75022.056495,50.9097
CGMM,31.38,31.88,31.936,31.3,1115746.794224,31.4537
EAOM,30.9573,31.07,31.07,30.9573,363.1906,31.0709
CSCL,40.25,39.94,40.4806,39.9312,15426.40141,40.1697
FREL,29.29,29.38,29.47,29.14,203855.587483,29.3031
VGK,87.28,89.12,89.17,87.19,4081091.692241,87.874
XMLV,65.06,65.47,65.6309,65.06,14725.386914,65.3861
CRMX,24.63,29.4,29.4,23.4,441907.377326,25.6137
GLDG,1.19,1.22,1.26,1.19,2363283.405403,1.2213
GOEX,85.273,87.23,89.1299,85.1101,15965.142379,86.765
AWRE,1.28,1.31,1.365,1.27,58302.009579,1.3098
GWX,46.4238,46.88,47.09,46.2501,26850.318643,46.5953
IMNM,22.19,23.29,23.3,21.8101,609112.839455,22.3288
TOTL,39.58,39.73,39.73,39.5557,271703.03728,39.6224
RCT,0.6932,0.6879,0.695,0.679,284417.334444,0.6866
XAIX,50.9745,51.46,51.82,50.86,25545.850345,51.1585
EQWL,124.03,124.64,124.875,123.8,148721.651375,124.1101
JOB,0.26,0.2699,0.2699,0.2559,229387.0361,0.2628
AMDL,45.39,47.44,48.47,43.73,18861616.772875,46.1182
ALMU,23.97,27.46,27.47,23.22,2020638.219746,24.6357
PFM,53.9154,54.22,54.22,53.891686,27585.703059,53.9721
RSIT,20.31,20.54,20.54,20.31,82757.942573,20.4122
RENX,2.2,2.01,2.27,2.01,220555.49258,2.1545
ITAN,40.1473,40.42,40.42,40.12,1771.857,40.2268
U,26.73,29.86,30.65,26.33,32802150.887052,27.7945
ENOR,36.47,37.2,37.2,36.3401,73622.93404,36.5539
BRKU,21.1134,20.71,21.36,20.7,528945.029928,21.1221
EVSD,51.035,51.13,51.13,51.03,176028.9539,51.0618
DLHC,5.73,5.66,5.79,5.55,20712.0,5.6684
DISV,41.82,42.24,42.28,41.73,266788.582178,41.9578
KWEB,29.52,29.86,29.93,29.43,38678190.686735,29.6039
HOOY,27.81,28.04,28.24,27.53,83392.114476,27.8559
ALTI,3.82,3.77,3.9,3.73,178783.613943,3.841
WBI,28.05,29.06,29.06,27.22,1125812.029957,27.9551
AMGN,329.09,330.39,331.28,327.22,3296982.608057,328.9653
TSEM,210.0,211.84,213.87,200.89,2779188.198475,207.3133
SPXE,78.8093,79.03,79.265,78.8093,1212.447213,79.0662
IWO,366.58,375.38,375.695,365.03,275837.329432,368.1452
MMA,0.5459,0.5417,0.5553,0.5001,425551.5803,0.5332
SMOG,152.0008,155.02,155.02,151.41,3167.275256,152.8359
JEDI,27.1,28.31,28.31,26.86,193553.698284,27.3467
MORT,10.49,10.55,10.55,10.43,749277.427162,10.4962
CLBT,13.81,13.5,13.98,13.5,1808844.425026,13.7828
BSEP,51.7099,52.01,52.01,51.68,32495.032,51.7165
COIW,12.78,12.98,13.14,12.56,195862.427559,12.7062
POCT,45.65,45.83,45.83,45.63,71337.7874,45.6943
RSPR,36.1134,36.34,36.34,36.0,26401.418143,36.1523
MCBS,32.485,32.42,32.73,32.29,58913.875216,32.5182
SCHX,28.79,28.94,28.98,28.725,16767215.774019,28.8314
GCOW,45.41,45.99,45.99,45.41,226213.62722,45.5989
TNGX,23.48,24.1,24.1,22.92,6973080.999907,23.4209
KCOP,23.9,24.09,24.77,23.895,19235.814917,24.262
CPER,37.35,37.82,37.9,37.31,782339.536651,37.6384
CDX,21.25,21.33,21.41,21.2498,115161.15,21.2978
XLUI,24.4588,24.7,24.7,24.4031,17154.448,24.5376
HIMX,16.03,15.43,17.95,14.8901,24838431.109103,16.5423
PDC,8.04,7.54,8.4,7.51,80981.488624,7.9574
REVS,30.8,31.08,31.08,30.75,22575.5341,30.8482
GSIE,45.47,46.18,46.18,45.39,543564.046489,45.7179
BOTZ,39.83,40.25,40.425,39.8,1160050.948072,40.0566
NVDG,19.86,19.31,20.35,18.97,770129.609937,19.906
DFLI,2.07,2.21,2.21,2.02,443321.424391,2.1054
VFMV,139.35,139.39,140.0,139.225,9370.311106,139.6084
AXON,426.89,408.4,438.97,385.78,2560580.715143,421.813
ETHA,17.3,17.54,17.55,17.2,18943402.97911,17.3544
EQIN,50.0115,50.11,50.256312,49.935,13819.8491,50.108
ACGL,94.52,94.5,95.17,93.415,2236317.174486,94.5366
XOMA,41.29,41.5,41.53,41.21,194875.993193,41.36
CDZI,4.79,4.72,4.885,4.625,696771.464472,4.7763
AGEN,3.75,3.9,3.9,3.66,1056973.722878,3.7386
CON,23.6,22.725,24.34,22.21,2089750.673197,23.269
W,66.2,66.75,68.59,64.5401,4268292.541865,65.9793
FCEL,12.28,12.5,12.78,11.72,6354017.183659,12.2216
BITI,21.82,21.6,21.98,21.59,1689282.915838,21.7752
FNGU,27.25,27.5,28.51,27.01,6319476.557424,27.6029
HLF,14.49,16.72,16.72,14.02,3419510.465372,14.7163
BBAI,4.17,4.37,4.39,4.1,39108638.750241,4.2276
FXY,58.56,58.71,58.79,58.5399,176391.379772,58.6682
POWR,27.44,28.08,28.09,27.382,662882.817138,27.6391
TSCO,31.74,32.6,32.9,31.4,14934320.759371,31.7002
PMT,11.08,11.07,11.25,11.0,1485315.870882,11.0906
EELV,29.09,29.43,29.43,28.9701,24478.225832,29.1958
STRL,811.41,871.0,880.0,808.0,1053642.553122,826.4488
JMST,50.9,50.92,50.92,50.89,1193997.35447,50.9025
SEMI,36.28,36.62,36.76,36.19,9422.761894,36.4748
DASH,171.35,181.82,183.5,165.51,12003071.321051,171.7824
AIA,133.53,135.56,135.56,133.03,169819.619132,134.0711
IGSB,52.42,52.53,52.55,52.3901,4096784.40269,52.4382
EWY,176.75,181.3,181.89,176.14,17754678.093986,178.4728
DGT,182.425,184.99,184.99,182.22,20144.2327,183.0925
ENOV,27.25,25.14,27.75,24.95,1941036.339994,27.0087
FDIS,103.18,103.67,104.37,102.7,61266.633171,103.2367
NVOX,15.27,15.78,16.15,15.27,960027.357018,15.7186
NERV,6.125,6.18,6.23,6.02,71914.861004,6.1287
ATYR,0.9218,1.03,1.03,0.9,1257208.423479,0.9433
FLJH,43.14,43.31,43.31,42.98,24849.683896,43.1325
TSSD,24.92,24.8,25.01,24.78,6735.461266,24.8913
RAPP,39.93,37.52,40.6,36.36,997414.121227,39.5846
ZMAY,25.86,25.87,25.907,25.833,135257.626113,25.8771
AAPW,38.76,38.76,39.375,38.76,13025.471734,39.1004
RLAY,12.51,12.92,12.92,12.25,3211849.653183,12.5572
CL,87.36,88.18,88.18,86.63,5012868.98224,87.5587
DFAE,39.42,40.01,40.0199,39.37,1019162.714724,39.5805
ELFY,43.97,45.05,45.05,43.68,50077.977108,44.2329
GURU,65.0662,66.19,66.19,65.0662,1216.032771,65.283
QTPI,25.5703,25.57,25.64,25.478,8740.4081,25.5675
LABU,186.0,200.38,200.38,178.0,858588.693752,187.4214
QCRH,91.46,91.86,93.7,91.31,121365.46325,92.1068
FUMB,20.055,20.06,20.065,20.05,66438.6252,20.0535
RSST,32.51,32.59,32.65,32.42,211338.693698,32.5606
SPSC,57.16,57.03,58.93,56.0201,730167.047861,57.2418
AVES,66.76,67.67,67.6733,66.67,48507.71216,67.0744
DWX,46.48,46.99,46.99,46.4401,30196.508189,46.733
TLTX,23.1123,23.3,23.3,23.1123,16839.1032,23.2031
SCYX,0.9573,0.9518,0.9816,0.9502,132585.017,0.9627
CLOV,2.82,2.76,2.88,2.71,8332469.529774,2.8051
ETHV,33.55,33.99,33.99,33.4,112114.7179,33.6816
AMZU,44.7,45.92,46.5,44.43,2725556.192688,45.2741
ABVX,124.65,126.56,128.89,124.04,1181518.612799,126.5203
GAUZ,0.44,0.47,0.53499,0.422,140992.0,0.4719
NVDW,40.91,40.13,41.38,39.77,129169.839478,40.8553
ARM,213.31,222.395,232.23,210.23,22382775.95483,217.6383
CRCG,33.97,37.31,38.6,31.6,2523263.39775,34.9652
TPET,0.4707,0.4622,0.4737,0.455,3404114.377712,0.4643
RJET,22.39,20.48,22.395,20.35,169711.141479,21.6717
PTIR,13.79,13.42,14.55,13.35,7097481.480021,13.9653
EDGF,24.79,24.84,24.84,24.79,140276.0,24.8065
HYLN,2.47,2.41,2.47,2.275,1515109.335866,2.4206
INMD,13.92,13.59,14.23,13.495,1564515.379408,13.9146
CPIX,4.29,4.33,4.33,4.14,180393.0026,4.2184
AGH,4.54,4.78,4.81,4.45,574198.907508,4.5825
UDN,18.35,18.42,18.425,18.35,89135.591339,18.3836
HUTG,26.29,28.65,28.65,22.33,142967.467451,25.1372
DFIS,36.12,36.52,36.62,36.09,515168.824982,36.3683
FCLD,34.8,34.5,35.02,34.4001,22260.757313,34.7384
TRUP,25.59,24.97,26.14,24.77,344170.051496,25.5379
TTMI,153.77,164.3,164.3,150.55,2334882.232467,154.0701
SG,6.87,6.75,7.175,6.55,9285558.581318,6.9311
SPCI,31.081,34.24,34.24,31.081,11511.0951,32.4408
FLMI,24.96,24.96,24.96,24.94,499903.4227,24.9549
XLSR,64.3654,64.64,64.74,64.2727,40971.601093,64.5313
GIII,31.3,32.1,32.35,31.22,299131.646521,31.508
RICK,26.4,25.85,26.825,25.3,51820.288357,26.4387
RODM,40.98,41.42,41.42,40.85,66258.0411,41.0761
REE,0.433,0.4416,0.4569,0.4201,65005.811,0.4414
FABC,4.81,4.0,4.9,3.9,3101744.525744,4.3278
WDEF,30.1,30.99,30.99,30.0,227020.430467,30.5856
PEY,22.2,22.15,22.355,22.12,198425.928219,22.2474
SEGG,1.39,1.42,1.59,1.335,4417044.060035,1.448
TMSL,40.66,41.44,41.44,40.66,1757266.17736,41.1056
FBLG,1.24,1.29,1.31,1.21,131044.833258,1.2677
SIL,94.25,97.47,100.12,94.16,2297943.406531,97.0923
MYO,0.8716,0.8564,0.89,0.85,402105.912563,0.8839
GERN,1.46,1.56,1.5799,1.415,17376688.35824,1.4608
RGLD,232.68,247.0,248.35,232.25,1299165.983367,237.1692
AVLV,87.11,88.17,88.17,86.92,720292.881217,87.2657
SFIX,3.6,3.61,3.715,3.45,1531615.458418,3.5777
SZNE,38.245,38.29,38.29,38.2,391.8813,38.2348
SHRT,6.6673,6.63,6.69,6.63,5177.3536,6.6621
RMSGW,0.0698,0.0604,0.07,0.0445,8436.248761,0.06975
KRP,14.51,14.2,14.63,14.07,1115792.707166,14.4243
XLV,144.72,145.18,145.84,144.265,7608007.08951,144.6912
KTB,78.07,78.08,84.99,76.47,2115038.803571,79.5587
IX,33.19,33.21,33.94,33.165,195734.411698,33.3791
GMF,154.3115,155.89,155.89,154.3,3370.104143,154.8984
SDOW,28.66,27.9,28.86,27.78,5661044.735597,28.4209
BLCV,38.9598,39.35,39.35,38.855,13623.6239,38.98
IMSR,7.39,8.26,8.48,7.29,4487023.573162,7.6701
NTRS,160.03,162.8,163.495,159.57,1060694.726699,160.3633
ETHU,26.04,26.72,26.72,25.61,3802126.223448,26.1792
ESML,52.01,52.66,52.66,51.895,81731.922613,52.1055
ILPT,7.91,7.9,8.07,7.84,304712.096355,7.936
RUN,13.8,14.43,15.7909,13.705,16935753.506654,14.4597
TMVE,16.9919,17.22,17.22,16.9919,3616.7472,17.0619
BNTX,93.02,95.755,97.7303,92.11,1118942.997134,93.6353
FSP,0.5587,0.5429,0.5855,0.5429,490431.499639,0.5652
JPIB,48.02,48.18,48.18,48.005,264175.98613,48.0668
PRTS,0.8477,0.91,0.9195,0.8306,1119098.391859,0.8651
GLOF,57.985,58.42,58.5799,57.98,11521.103877,58.3527
VALN,5.56,5.74,5.76,5.56,37974.408879,5.6704
SUIG,1.61,1.67,1.8,1.59,333240.5664,1.7031
CZA,117.1269,117.85,117.85,117.1269,1124.67484,117.6852
PCGpB,20.21,20.72,20.8,19.85,18528.2287,20.3103
CDE,18.12,19.4,20.02,17.955,35883973.167507,18.8544
CLSKW,0.3066,0.3379,0.3379,0.295,129695.035513,0.3123
NUAI,4.76,4.83,5.31,4.645,7965194.438673,4.9027
HOOW,23.17,24.09,24.25,22.9262,226688.975599,23.4777
QCOM,202.55,190.67,223.66,187.64,51092198.877716,205.3087
IQM,109.9575,113.88,113.88,109.38,5677.048413,110.6202
INDL,46.6,47.56,47.56,46.5,14177.651971,47.0568
CZR,27.78,27.93,28.195,27.52,2419379.808071,27.7649
CHGG,1.28,1.165,1.34,1.14,6412275.041789,1.2595
LEDS,2.03,2.08,2.37,2.005,128727.743718,2.1744
SRLN,40.54,40.58,40.6,40.53,2017822.908944,40.564
NUDM,38.56,39.21,39.21,38.55,55071.60775,38.7744
CWS,67.6593,67.47,67.67,67.35,5918.176239,67.5498
KLRS,5.15,5.06,5.18,4.96,103176.392,5.0829
FCAL,49.48,49.44,49.5,49.41,27009.07376,49.4479
GORO,1.43,1.44,1.49,1.42,1337464.101438,1.4539
MGK,87.05,87.32,87.86,86.8,1197180.006176,87.2273
EVUS,34.33,34.64,34.64,34.268,72241.02774,34.3527
FPWR,37.16,37.65,37.65,37.1101,9760.1905,37.2223
MOTI,35.31,35.945,35.945,35.29,10570.018427,35.5608
GOGO,4.67,4.56,5.0,4.43,2820991.948769,4.7018
ALTO,4.54,5.4,5.52,4.44,4927910.929519,4.8174
OSPN,12.15,11.84,12.4,11.82,576744.828669,12.2353
STRD,75.82,76.05,76.5,75.5001,55000.304387,75.9812
TYO,13.81,13.63,13.85,13.63,42380.8182,13.7523
TLS,4.42,4.25,4.49,4.25,584839.197563,4.394
QNST,13.36,13.06,13.7,13.06,848968.870459,13.4695
GL,152.45,153.97,154.67,152.04,569093.43172,152.6073
PZG,1.46,1.52,1.58,1.46,901804.801123,1.5255
URG,1.82,1.85,1.89,1.8,6949034.0197,1.835
ILDR,36.1369,36.59,36.7,35.94,59178.40759,36.2619
CRCD,3.26,3.02,3.43,2.9212,4349035.532129,3.1797
SDVD,22.75,23.19,23.19,22.6501,125035.842573,22.8208
OSG,6.05,5.35,6.18,5.3,7747062.679769,5.8011
WLTH,11.39,11.35,11.45,11.0501,619042.44214,11.2936
CGIB,25.29,25.33,25.37,25.29,167181.7716,25.3369
QQQA,69.6496,70.84,70.84,69.2005,33704.134502,69.8031
OLED,92.74,94.595,95.495,91.73,1055082.444135,93.0296
SMX,1.24,1.6,1.85,1.11,20991416.977614,1.5505
HCMT,38.8,38.83,39.24,38.69,25555.4862,39.0145
CAPE,32.4623,32.76,32.76,32.31,37545.3715,32.4368
PATX,8.41,8.27,8.68,8.27,58566.005,8.4429
AVRE,47.63,47.99,47.99,47.55,66803.30209,47.7396
ITP,0.1866,0.1939,0.1948,0.1852,237167.0,0.1886
EIDO,15.11,15.26,15.3001,15.1,566450.361481,15.2126
SNSR,46.24,46.95,47.025,46.24,97400.669805,46.3968
IBTK,19.61,19.67,19.67,19.6,226522.588101,19.625
POWL,305.93,319.77,321.3,300.1395,897090.899176,306.2935
VAVX,19.7312,20.01,20.01,19.709,1494.887,19.7799
USEG,0.9676,0.95,0.9677,0.89,4541877.657254,0.927
QLTY,40.27,40.59,40.59,40.2,680529.823816,40.4281
ABCL,4.82,5.05,5.24,4.7317,11639888.144172,4.8988
XEMD,44.78,44.98,44.99,44.64,85066.145389,44.7576
DDD,2.4,2.52,2.5574,2.38,2428651.421337,2.4341
PBD,21.47,21.85,21.85,21.36,74905.228078,21.543
BUSEP,25.97,25.97,25.97,25.95,6231.0,25.958
TIPX,19.21,19.22,19.23,19.18,498046.792772,19.2039
SPFI,41.1,41.0,41.63,40.95,138582.0048,41.2498
KYIV,12.61,12.7,13.09,12.51,564319.354527,12.819
RILYT,20.02,20.23,20.23,19.86,23398.85,20.0636
TCAL,22.33,22.34,22.38,22.25,65770.7755,22.3122
GGN,5.3,5.35,5.38,5.3,558648.344103,5.3396
GSLC,139.08,139.88,140.03,138.87,178435.272575,139.4334
GEV,1045.63,1114.92,1115.83,1040.42,2588259.715762,1065.4184
BSCQ,19.55,19.55,19.56,19.55,703330.333262,19.5521
DXD,19.23,18.9,19.33,18.84,1638631.840486,19.1412
PICB,23.62,23.78,23.78,23.61,23837.366449,23.677
AMLP,53.36,52.64,53.39,52.21,1208782.493344,52.803
STRF,100.66,100.55,100.85,100.34,62835.104528,100.5966
TLSI,4.46,4.56,4.56,4.3085,129390.337207,4.4198
SGC,12.0,11.99,12.13,11.8842,22927.67873,12.0257
BILI,21.98,22.51,22.59,21.89,2740144.318157,22.1033
SIJ,8.89,8.46,8.9299,8.46,3823.1088,8.7542
EGHT,2.67,2.41,2.68,2.41,1552272.525151,2.5827
VCTR,83.69,87.26,88.42,83.1,764929.34963,84.434
IQ,1.21,1.23,1.2351,1.18,8223482.571534,1.2095
BEG,75.7079,90.74,90.74,74.09,86775.81199,81.345
NRO,3.05,3.08,3.0852,3.02,383327.215652,3.0443
JUCY,22.18,22.23,22.24,22.18,61136.571639,22.2084
FETH,22.89,23.17,23.17,22.72,2054016.640826,22.9326
XPP,23.77,24.22,24.22,23.77,6543.634775,23.9527
TBF,24.48,24.31,24.505,24.31,43955.619116,24.4363
PXE,36.05,36.1,36.1,35.33,132592.887594,35.4888
COLO,37.68,38.49,38.49,37.54,56926.031941,37.956
GEVX,72.18,83.04,83.04,71.0,157321.677576,76.0429
DIVB,57.73,58.05,58.14,57.5,71327.252542,57.8438
BTCI,37.18,37.52,37.58,36.96,845708.431815,37.2493
LRCU,53.75,56.96,57.68,52.375,105298.713484,54.2795
SMOT,37.6,37.86,37.86,37.5,18380.46,37.6427
VGT,109.5,110.0,110.9688,108.99,4368471.919186,109.9305
DDDD,31.6406,31.9,31.9,31.47,2911.204,31.6089
DGIN,34.59,34.97,35.11,34.57,1704.3214,34.7883
BHB,34.92,35.02,35.51,34.76,122120.23679,35.0625
SLI,3.91,4.1,4.175,3.91,1812166.987971,4.0413
GHYB,44.752,44.95,44.95,44.75,13655.79567,44.8354
ASTL,5.21,5.1,5.285,4.99,2150348.402271,5.1851
CLMT,34.61,33.84,34.74,33.34,1033685.504948,34.3072
GLV,6.22,6.24,6.28,6.21,38590.7887,6.243
FLLA,29.13,29.46,29.47,29.065,53753.439036,29.2613
NVDX,19.82,19.29,20.3814,18.97,22021113.830916,19.89
NVO,45.8,46.55,47.08,45.75,16912603.700191,46.2933
CRWG,60.7,63.95,65.28,57.0,1615704.008578,59.9777
SHEH,60.3227,60.88,60.89,60.2,4103.949944,60.4695
XNET,6.3,6.32,6.405,6.18,106384.06558,6.2879
TZA,4.73,4.48,4.78,4.47,316203307.640641,4.6664
COII,9.71,9.84,9.86,9.6,7861.037268,9.7128
HTZ,6.17,6.16,6.5183,5.685,13447971.595462,6.2164
PUMP,15.55,15.825,15.91,15.12,4410288.774287,15.4406
SPGM,84.15,84.95,84.95,84.08,122582.401539,84.3897
INVZ,0.6931,0.74,0.75,0.69,2792813.412277,0.7023
BWX,22.31,22.44,22.5,22.29,263705.04295,22.3444
IDGT,119.74,122.54,122.54,118.9,676586.894454,120.3104
SPGI,428.68,422.51,433.08,421.1401,1840977.141399,428.6479
FHB,27.43,27.65,27.82,26.995,2522758.384782,27.463
SEB,4527.19,4846.41,4901.25,4512.18,8267.521234,4672.1838
WAB,265.58,271.99,274.49,264.03,895745.500531,266.6562
IAF,12.99,13.23,13.23,12.92,26288.258767,13.0613
ELD,28.925,29.2,29.2,28.92,72994.714613,29.0266
VBK,341.31,348.71,349.2623,339.75,223456.982675,342.6238
DFEN,64.42,67.1,67.7,63.305,270388.722889,65.3337
LODE,3.3,3.29,3.395,3.2425,951978.078962,3.3327
API,3.98,4.11,4.11,3.92,366767.453919,3.9837
PCVX,51.48,55.01,55.02,48.49,5346426.23679,51.2076
GNMA,44.36,44.35,44.54,44.2988,15309.159042,44.4111
LAND,9.75,9.78,9.82,9.68,371383.344635,9.7638
SHY,82.23,82.355,82.36,82.22,2564841.787921,82.2773
RSPT,56.41,56.73,57.0,55.97,283317.812404,56.5279
REAX,2.23,2.16,2.3,2.14,7887954.101047,2.2288
YBIT,24.71,25.15,25.15,24.5493,36519.051012,24.6901
OTEX,23.69,23.57,24.215,23.39,3502830.647223,23.8779
T,25.26,25.39,25.49,25.12,42986644.511429,25.2686
LTRN,2.04,2.14,2.1849,2.03,104262.98786,2.0967
EMHY,40.42,40.57,40.59,40.38,131428.290623,40.4983
SVM,13.45,13.46,14.355,13.34,7464586.416531,13.7865
PNQI,49.36,49.41,49.77,49.2,40729.477265,49.4933
EWU,46.27,47.2,47.3,46.25,1639731.249636,46.5961
KROS,11.64,11.73,11.735,11.345,157148.175968,11.634
CEVA,33.72,34.56,34.7,32.09,945711.632207,33.3545
PPH,100.83,101.68,101.8,100.39,106836.274327,101.0752
NET,256.79,251.995,258.88,248.62,8959550.337029,248.4211
GXRP,26.85,27.38,27.38,26.85,18899.022084,27.0416
VFS,4.27,4.21,4.33,4.2,483334.04309,4.2714
IGLD,24.68,25.0,25.02,24.67,222872.086875,24.8907
PLBC,51.96,51.97,52.37,51.41,30138.618753,51.9183
EH,10.41,10.54,10.68,10.3,457184.339635,10.4958
LCF,43.843,44.54,44.54,43.83,3283.8105,44.0734
CATX,3.6,3.79,3.79,3.52,3773158.497911,3.594
SVXY,51.36,51.46,51.515,51.03,1078268.407236,51.3362
UCO,43.87,41.18,44.36,40.67,10480731.604159,42.8017
SHAZ,53.7,52.2,55.0,51.1401,470052.210297,53.4844
CRWL,30.32,28.09,30.38,28.09,476503.593489,29.5161
REVB,1.02,1.01,1.06,1.0,55063.259853,1.0216
NHTC,3.2,3.19,3.21,3.085,20383.842492,3.1848
BLOK,63.82,65.0,65.0,62.81,485424.603037,63.9236
CCOI,16.32,16.52,17.17,16.12,1370618.979517,16.4258
ALTY,12.3469,12.27,12.35,12.27,15555.847882,12.3125
XBAP,41.3249,41.46,41.46,41.3,5198.245,41.3456
SCOP,12.2181,12.3,12.3,11.94,97986.459626,12.1655
TMFE,29.6448,29.6,29.74,29.57,14853.070735,29.6473
INCO,60.1368,60.75,60.75,60.0601,13875.843768,60.3624
BRLN,50.9095,50.86,51.01,50.8,8555.841688,50.9544
OBAI,0.542,0.5646,0.5922,0.530001,685027.01883,0.554
DFJ,106.53,106.95,106.97,106.0,38948.366297,106.5169
KNCT,180.5238,180.94,183.7,179.92,2370.632,181.2608
IINN,0.45,0.436,0.4636,0.4355,69425.0,0.4511
FMHI,48.15,48.21,48.21,48.12,208487.3875,48.1452
TCOM,53.37,54.36,54.49,53.05,2247379.341745,53.5641
SMCZ,14.06,13.82,14.56,12.56,2613058.549708,13.4532
EDC,87.56,91.82,91.82,86.8583,102923.363864,89.0562
QBIG,41.58,41.46,41.79,41.46,1574.6148,41.6371
DUSA,55.66,55.82,55.82,55.33,37412.7577,55.5466
APLZ,4.83,4.5,5.1,4.4,1942893.019286,4.8251
VTRS,17.39,16.78,17.45,16.355,34754321.080302,16.9686
BZUN,2.76,2.8,2.82,2.74,168380.160295,2.7713
QSIG,48.505,48.61,48.64,48.505,8264.3548,48.6195
XXRP,3.96,4.11,4.115,3.96,2262735.373947,4.0257
FMAG,36.0,36.33,36.33,35.89,19058.328348,36.0521
SAMT,43.19,44.48,44.48,43.02,113925.626889,43.3184
ORKA,64.07,69.88,70.2,63.53,3024255.762343,64.7782
UFO,51.04,52.62,52.74,50.78,634388.976261,51.5352
WYFI,20.28,21.67,21.7,19.7001,1186676.38812,20.4582
EUAD,41.8,42.89,42.94,41.8,711188.397105,42.2651
WXET,19.54,19.37,19.599,19.03,53610.390625,19.34
TXN,285.24,286.285,287.658,281.0,7017919.187158,284.1157
JHML,86.32,86.95,86.95,86.17,15258.65269,86.4324
XOP,166.06,165.5,166.67,162.24,5819582.534668,165.0156
QTUM,141.13,143.835,143.91,140.1,620544.941327,141.8462
EFOI,3.84,3.85,3.92,3.74,67354.484752,3.8311
GE,302.63,308.01,310.0,301.86,5477769.033046,304.2865
NMFC,8.44,8.51,8.51,8.325,534408.533,8.4328
CGNX,65.92,64.65,71.9,64.31,8013259.711301,67.8935
SPMD,64.59,65.85,65.85,64.51,2099881.373712,64.8452
WMT,130.2,129.895,130.6,128.665,14935414.820057,129.9188
LIEN,9.34,9.45,9.4553,9.31,24761.6769,9.3727
NRXS,8.8,8.86,8.9199,8.305,152936.842396,8.5959
TRIP,11.23,11.18,11.6,11.05,4854794.363418,11.2864
GOOGL,397.99,399.92,400.1,392.68,24433490.335438,396.7549
SMLF,83.4,85.08,85.08,83.395,197336.7208,83.7524
SKLZ,6.92,6.39,7.69,6.39,941232.977196,7.0618
HUMN,34.56,35.08,35.08,34.56,27001.000293,34.7932
VAMO,35.07,35.61,35.61,35.066,1136.808172,35.2433
IMAY,31.15,31.69,31.69,31.15,19044.0,31.3953
XES,122.39,124.78,124.825,120.33,314588.510264,121.9354
FIP,5.13,5.52,5.56,5.09,1006856.266612,5.2436
AXGN,43.41,43.67,44.45,43.16,880539.659242,43.52
SLDE,18.87,18.7,18.94,18.6,1782702.560396,18.8121
TSYY,3.25,3.23,3.2599,3.23,898173.255308,3.2393
PHVS,29.68,30.24,30.495,29.03,213772.49532,29.5381
MAIA,1.31,1.39,1.39,1.29,272872.77011,1.3259
NVDU,138.8,135.07,142.3,132.5,693105.745755,139.113
MPU,0.599,0.5967,0.603,0.56,39716.69819,0.584
NIPG,0.6311,0.6549,0.675,0.63,23862.0,0.6756
RDWR,28.36,27.25,28.845,27.25,274499.860579,28.1749
IAT,57.69,58.62,58.82,57.57,129066.526447,57.9162
MAR,352.05,358.01,360.835,350.4901,1209083.36253,352.9644
GDC,0.151,1.38,1.41,0.1366,228549772.427681,0.2092
HRTX,1.24,1.3,1.3,1.22,1344705.229396,1.241
TAFI,25.16,25.19,25.19,25.15,295926.7203,25.1699
BMNZ,14.67,13.97,15.43,13.96,2151071.582696,14.5172
EVSM,50.3053,50.29,50.32,50.27,64241.0329,50.3274
IVW,134.09,134.8,135.37,133.7,2656467.936731,134.3381
EPC,21.65,22.25,24.08,21.63,1017995.864301,22.2874
FFEM,42.355,42.98,42.98,42.26,29014.922153,42.4856
SONY,19.89,20.248,20.248,19.8313,8648970.610733,19.9891
GECCI,25.3,25.25,25.3,25.25,200.0,25.275
AVSC,68.13,69.07,69.07,68.04,156225.070894,68.25
APLD,41.53,43.32,43.85,40.16,25434911.859266,41.6973
PIEQ,35.39,35.84,35.84,35.09,49093.45941,35.5116
TOPW,38.85,38.7,39.15,38.685,58187.794455,38.9089
FNGO,128.0016,128.31,131.25,127.98,11282.769434,129.4653
UVXY,35.84,35.87,36.665,35.61,10527597.240195,36.0089
CVBF,20.51,20.68,20.79,20.445,1150546.21362,20.562
RPV,110.2,110.8,110.93,109.825,26654.264542,110.2707
SPUU,207.6,209.93,209.93,206.8004,9918.268608,208.5613
CSGP,34.98,34.08,35.585,33.94,7712372.112162,34.9917
AMS,2.01,1.9,2.06,1.86,612732.647829,1.9628
IBTQ,25.1,25.24,25.24,25.1,96404.6069,25.1642
ASTN,18.68,15.69,18.83,14.78,251523.552816,16.8678
LIVE,13.17,13.01,13.19,13.01,3109.10101,13.1277
HEDJ,55.1338,55.74,55.96,55.05,31642.419028,55.4069
PENG,38.98,38.24,39.27,36.85,3350343.082734,38.5148
FLUX,1.3,1.32,1.3599,1.28,156971.691327,1.2261
SCHC,50.59,51.38,51.4,50.58,347985.025311,51.0312
ELA,23.27,21.11,24.91,21.11,474170.216414,23.3875
ZSTK,5.56,5.0,5.8,4.9169,11788.664907,5.2903
APA,36.24,36.5,36.75,35.3601,12362283.885856,36.1032
QTRX,2.75,3.15,3.3,2.56,3791933.884996,2.6973
TXXD,8.0,8.43,8.43,7.84,91658.536,8.0581
ACVA,6.5,6.174,6.7,5.94,13348421.861237,6.3689
JMMF,100.1601,100.15,100.1601,100.14,687.648748,100.1487
ESOA,17.23,17.7,17.72,16.77,107411.550208,17.1589
BAND,48.58,47.0,49.25,45.4,1004558.300268,48.2501
BSMV,21.025,21.06,21.06,20.96,41471.3478,21.0261
MAAY,7.325,7.37,7.39,7.285,13977.3142,7.3354
XLY,119.88,120.59,121.1,119.32,7928256.838862,120.0361
OPEN,5.32,5.515,5.5999,5.3,43119469.430919,5.3943
PLTR,137.05,135.1,140.95,134.78,50184874.681749,137.8683
TLIH,3.87,4.1,4.23,3.59,120674.942344,3.9399
FCFS,224.89,229.345,230.715,219.5,427638.105832,224.2146
PMTS,15.53,14.98,16.26,14.98,48837.042268,15.7473
SE,88.64,90.425,91.97,88.545,4340886.283804,89.8047
FTXH,34.0047,34.49,34.49,33.95,1466.660031,34.2417
SKYW,87.67,88.81,90.16,87.45,490146.560505,88.3252
FBND,45.64,45.81,45.825,45.62,1955492.786067,45.6957
ARCC,18.96,19.04,19.1,18.774,5661856.924008,18.9573
ASEA,19.75,19.85,19.98,19.71,24482.978647,19.8052
INDO,3.14,3.04,3.18,2.96,947865.771574,3.0874
ECH,41.92,42.31,42.865,41.71,646329.193171,42.0989
DLS,87.36,88.67,88.67,87.36,24187.35647,87.8341
BIRD,6.22,6.05,6.25,5.82,478897.957598,6.085
BUFR,35.96,36.04,36.04,35.8951,1351079.8781,35.9537
LZ,6.07,5.84,6.39,5.8001,5705021.546056,6.0701
JPHY,50.4,50.5,50.5,50.4,12395.446117,50.4557
CURR,4.31,3.9,4.35,3.898,530189.547378,4.172
BRHY,50.805,50.97,50.97,50.805,6689.878914,50.8701
NIHI,51.1,51.66,51.7624,51.1,29782.1344,51.3625
GCAD,51.87,53.19,53.38,51.68,34632.1532,52.0485
CRWU,11.44,12.02,12.2688,10.7201,1905273.418382,11.2436
FXD,66.4378,66.94,67.35,66.1,4357.9582,66.8169
LGCY,11.29,11.24,11.55,11.075,63734.425203,11.2184
QCJL,24.745,24.7,24.7799,24.7,1965.0,24.7331
SSO,65.18,65.825,66.0005,64.88,4662389.108861,65.4075
TSLL,14.47,14.19,14.75,13.82,123792343.381732,14.2909
SPMO,139.3,141.04,141.29,138.52,2086568.377605,139.7168
TSYW,44.655,44.87,45.0499,44.655,1878.1893,44.8732
FXI,37.19,37.56,37.59,37.13,36112346.55953,37.2858
SLNH,1.52,1.515,1.605,1.46,17048430.162273,1.5243
DLN,93.96,94.59,94.59,93.89,108828.543461,94.0767
FSCC,34.0818,35.2,35.2,34.0392,12571.9933,34.4316
ABAT,3.09,3.43,3.43,3.0793,5282819.662274,3.1831
EWJ,90.99,91.775,91.97,90.8,6926130.469123,91.351
TRINI,25.39,25.36,25.45,25.35,20548.0,25.385
IBKR,83.71,86.87,87.3743,83.53,5150288.912269,84.6083
IJAN,37.4889,37.73,37.7599,37.4889,20603.0,37.6397
ELVA,9.78,10.66,10.68,9.751,375817.219105,10.0347
MNKD,3.55,3.32,3.88,3.26,16013770.451876,3.5768
RTRE,24.98,25.04,25.12,24.98,17717.3357,24.9916
FTRB,25.155,25.26,25.28,25.15,38614.2965,25.1781
LDRI,25.575,25.56,25.6,25.52,19993.8105,25.5602
BUFF,51.91,51.95,52.07,51.87,42423.2735,51.9501
ILS,19.87,19.88,19.88,19.86,15991.201762,19.8707
JUSA,66.07,66.54,66.54,65.92,252242.7618,65.9318
FAN,26.54,27.03,27.03,26.5,383754.003354,26.7762
XDEC,42.2761,42.27,42.35,42.27,2438.0,42.3044
GCOR,41.17,41.35,41.37,41.13,67179.8174,41.2235
ICSH,50.5,50.505,50.52,50.5,2914260.013969,50.5045
RKT,14.15,14.67,14.77,14.05,28963513.762194,14.2661
REM,22.81,22.93,22.93,22.66,337700.984814,22.8035
XLEI,25.9,26.08,26.08,25.64,46191.92618,25.8101
PJUN,43.205,43.28,43.28,43.1835,11872.0,43.2019
JIRE,80.0,81.46,81.46,79.96,266663.38456,80.466
IWM,282.26,287.53,287.58,281.15,28350394.231375,283.4914
FLIN,35.69,36.11,36.15,35.65,211863.67806,35.7652
IWV,414.99,418.03,418.03,414.21,176377.757703,415.6196
CVLT,103.38,104.0,106.09,100.68,948302.100675,102.9122
RVP,0.7049,0.69,0.7188,0.69,122487.173,0.7052
GII,76.24,76.9,76.9,76.15,42593.657556,76.3913
PRZO,0.652,0.6925,0.6998,0.65,396959.413384,0.667
USGO,13.43,13.65,13.95,13.31,62058.269252,13.5162
PYXS,2.26,2.3,2.33,2.18,725795.905381,2.2623
TGRT,45.5592,45.67,45.982,45.4717,62442.241317,45.6875
JMEE,73.44,74.86,74.86,73.33,462799.75922,73.7559
MRVL,160.01,171.2,171.5193,158.55,23683553.592367,162.5157
CNL,17.72,18.48,18.84,17.72,34624.975865,18.0775
MTBA,49.38,49.57,49.57,49.3701,185595.056,49.4424
HNRG,18.87,21.71,22.3994,18.54,2990089.40914,19.6006
BJRI,40.88,39.72,41.095,38.7,557061.965682,40.4666
ISCF,44.805,45.43,45.43,44.805,42589.49357,44.9867
PIO,46.0482,46.71,46.71,45.93,4586.482424,46.2945
NHIC,10.54,10.58,10.58,10.52,4733.905483,10.5309
MAGC,20.8294,20.77,20.97,20.77,7747.510586,20.9083
REMX,106.56,109.78,111.55,106.23,2478557.44787,109.1103
SNPG,55.0255,55.45,55.45,55.0255,5414.8764,55.4355
JMUB,50.39,50.41,50.41,50.35,867901.9239,50.3724
DFEM,40.12,40.72,40.72,40.05,996111.197589,40.2457
DWLD,47.845,48.12,48.12,47.79,10936.061,47.9543
MTUM,293.91,298.09,298.09,292.2,1334309.686413,294.326
FDHY,49.19,49.33,49.33,49.1,105891.377476,49.2189
EVTV,1.77,1.75,1.805,1.72,320258.058205,1.7612
PINK,35.66,36.05,36.255,35.6,277647.888,35.7355
IVOO,124.71,127.08,127.08,124.61,64451.450546,125.3276
PPLT,184.23,188.55,189.07,183.8,212795.486332,186.4994
OSEA,30.7365,31.19,31.19,30.7001,43089.710115,30.8695
NWPX,109.48,111.66,111.66,107.85,146949.661011,109.3456
ARKX,32.85,33.8,33.8,32.61,953988.839898,33.0581
CCRN,13.09,13.02,13.12,12.99,5659434.776441,13.0583
EOSU,33.52,36.81,38.23,32.0,37017.022499,34.6362
BUFH,21.255,21.27,21.31,21.23,11401.0,21.2658
UONE,7.91,9.14,9.14,7.61,87827.354172,8.3459
NBN,125.63,128.19,129.645,125.13,80020.142593,127.0413
CVU,3.76,3.65,3.81,3.65,18539.068965,3.7086
HEZU,46.47,47.3,47.3,46.34,244915.294074,46.9834
SBIO,55.21,56.38,56.38,54.16,27201.014574,55.0954
SHM,47.76,47.82,47.8298,47.76,154462.972709,47.7935
JOBX,25.13,26.7,27.46,23.44,91702.183195,25.8005
TILE,27.55,27.81,28.37,27.3,571741.829605,27.5805
PLXS,260.71,265.12,265.12,258.0901,372856.786173,261.3945
CME,286.85,288.195,288.38,285.145,2364014.960353,286.6091
MFUS,62.89,63.55,63.55,62.815,5236.2676,63.0308
HRTS,33.5276,33.95,33.95,33.50438,1794.693635,33.5906
PGX,11.16,11.18,11.18,11.14,1105967.369445,11.154
IPI,38.61,39.54,39.8,36.66,371869.555118,38.2862
BCD,37.25,36.9,37.27,36.77,108112.43181,37.1467
CEMB,45.73,45.82,45.82,45.71,54130.703772,45.7764
VOOG,80.6,81.03,81.3699,80.37,1467265.665504,80.874
MSTY,25.88,26.5,26.51,25.52,1396968.692575,26.1665
BURU,0.2457,0.25,0.25,0.2282,16067569.793956,0.2373
WATT,25.51,27.93,28.0,24.63,285933.927938,26.1095
ODFL,198.06,200.23,203.095,197.7201,1644313.8496,199.2284
TLTW,22.22,22.39,22.409,22.22,2192908.885776,22.3082
NHPAP,20.9313,21.25,21.25,20.9005,4455.626,21.066
SNFCA,9.9,9.8,9.94,9.6682,25358.846013,9.861
XRPI,7.7672,7.92,7.92,7.75,258105.340014,7.8049
SNPE,66.91,67.16,67.27,66.74,767796.593373,67.0084
CLM,7.67,7.71,7.73,7.61,1729450.630529,7.6845
SPWR,1.02,1.02,1.045,1.0012,1568975.841769,1.0224
FBCG,60.205,60.78,60.93,59.95,701640.381535,60.3477
AGIQ,23.0922,23.01,23.33,22.96,16617.66295,23.0644
EUDG,38.1091,38.81,38.81,38.1091,6931.355,38.3597
BIGY,52.5228,52.72,52.87,52.4319,12087.9875,52.6394
RXL,44.23,44.47,44.78,44.13,4337.176997,44.5573
LINE,39.97,38.5,41.0,38.5,1371521.861844,40.3286
QQQU,59.71,59.54,60.5,59.2,108433.463636,59.7923
FBIO,2.4,2.53,2.53,2.38,245936.29279,2.4468
FJUL,58.435,58.58,58.58,58.3704,11433.7748,58.4445
AHMA,1.76,1.59,1.9,1.57,4310223.122567,1.7379
ACWI,153.93,155.47,155.605,153.69,5164032.467804,154.2707
CTLP,11.2,11.2,11.21,11.19,3431524.1015,11.1983
EBND,21.09,21.22,21.2294,21.075,206491.678154,21.1225
TAGG,42.57,42.7,42.79,42.55,115211.0498,42.5958
MSTZ,5.07,4.83,5.28,4.83,24590587.099432,5.0384
RZLV,2.39,2.38,2.53,2.35,15705634.122529,2.4362
GRO,2.64,2.75,2.7599,2.61,1178763.530554,2.6455
BALL,58.41,59.31,59.52,58.28,3658230.361441,58.8706
CSIQ,17.68,17.5,18.2,16.81,3722661.990208,17.4833
AIRG,7.25,6.87,7.3899,6.5,188564.319054,7.0489
BAM,48.79,48.76,49.355,48.455,4442870.623038,48.8893
TII,2.5,2.56,2.6,2.5,190975.209048,2.5279
IGEB,45.01,45.21,45.21,44.9812,82180.799011,45.0792
EFAV,90.86,91.71,91.77,90.81,517808.885782,91.214
BFOR,89.3335,90.64,90.64,89.3335,1664.4769,89.7078
SHYM,22.2,22.2,22.22,22.17,266787.9035,22.1945
FTLS,73.55,73.86,74.05,73.55,91127.935708,73.7845
SCYB,26.14,26.25,26.26,26.13,1304856.022072,26.1866
RNW,5.4,5.48,5.48,5.38,760440.124699,5.419
CIK,2.56,2.58,2.58,2.54,746409.6192,2.556
GXC,97.45,98.5,98.5,97.4,66556.534076,97.8413
VONE,330.31,331.96,332.44,329.76,62939.27171,331.4527
UVIX,5.18,5.17,5.3299,5.13,55376792.062749,5.2092
ITB,92.93,95.23,96.26,92.82,2001264.613636,93.7322
XLP,83.98,83.93,84.295,83.145,10116915.592023,83.8975
CMF,57.23,57.25,57.275,57.21,444506.584802,57.2448
HLP,0.841,0.8918,0.92,0.8312,89350.0,0.8815
BABA,141.0,143.765,143.95,140.44,10698816.298728,141.6321
BCCC,15.0294,15.09,15.0901,14.95,7042.641682,15.0083
INTC,109.62,111.02,114.51,109.15,122699875.288571,111.1434
TMFC,76.345,76.7,76.88,76.21,77611.014074,76.5379
TSLG,7.12,6.99,7.27,6.805,60599207.821755,7.0134
OILU,40.77,41.04,41.21,39.0,247967.967865,40.4256
RIET,9.65,9.52,9.71,9.52,66101.048363,9.6544
FHEQ,32.61,32.75,32.78,32.49,90970.3225,32.612
BNDX,48.08,48.2,48.2199,48.045,6592035.117038,48.1417
GOOG,395.3,397.06,397.355,390.31,15153626.608104,394.1744
DNN,3.74,3.9,3.98,3.68,33592317.59379,3.8008
SNXX,146.16,154.76,160.54,135.4,10710303.875967,147.8473
IWC,183.84,188.73,188.73,182.34,392773.647954,185.229
WILC,35.1,35.15,36.0,35.1,4513.989292,35.4065
ITWO,43.81,44.45,44.64,43.81,25266.05684,44.1166
XRPC,14.74,15.0,15.0,14.72,105125.403325,14.8245
BUSA,38.61,38.8,39.025,38.5659,14805.84,38.7094
FYLD,37.98,38.31,38.34,37.98,50660.525469,38.0912
TKO,187.51,191.46,193.485,183.37,2043402.870998,188.2973
NVDA,211.5,208.34,214.2,206.5,168307873.522931,211.5569
CRWD,505.72,486.09,506.79,486.09,5114477.805008,499.9293
CRON,2.57,2.63,2.65,2.56,1291191.573156,2.5877
SJNK,25.02,25.11,25.1198,25.02,2176318.956983,25.0545
IDR,47.54,49.1,53.3,46.8893,396864.297343,49.8877
IWR,104.91,106.21,106.43,104.57,2086776.258802,105.2064
APC,19.05,19.18,19.2,18.7918,69014.396383,18.9919
IFF,78.26,82.89,83.75,77.77,3184969.785224,78.7204
SIXJ,35.7801,35.83,35.84,35.763647,4063.0,35.8226
FROG,57.02,55.95,57.82,55.0,4855840.791703,57.8717
XAPR,37.33,37.4,37.4,37.29,8392.0,37.3222
CRNT,2.59,2.63,2.64,2.53,487454.320515,2.5721
NXPI,290.22,300.99,302.99,288.48,4957326.725442,291.4909
ONDL,13.45,14.49,14.5,13.041,861524.450789,13.5737
IQQQ,48.66,48.59,48.83,48.18,80391.262986,48.4669
AGNCP,24.98,24.92,24.98,24.91,61889.0845,24.9502
APLM,15.9,15.57,16.4157,14.98,4330.54184,15.8382
BSCU,16.725,16.78,16.78,16.713724,368886.1791,16.7402
SOXS,10.6,10.02,10.88,9.97,288873249.052474,10.4154
XRP,15.49,15.79,15.79,15.4811,348127.952014,15.593
KHPI,25.79,25.86,25.96,25.79,73812.2726,25.8774
GDX,91.72,94.8,96.11,91.63,26825759.849626,93.7391
BBP,87.4666,89.9,89.9,86.635,21817.541891,87.3272
EDGQ,27.6695,27.76,30.54,27.6,23969.2427,27.9407
CGCB,26.25,26.35,26.35,26.23,1387350.805019,26.2658
POM,0.5311,0.473,0.5959,0.473,8217786.972856,0.5074
USTB,50.73,50.78,50.78,50.7113,726648.37808,50.7503
JMTG,50.78,50.94,50.94,50.735,484999.42009,50.7976
TOVX,0.36,0.3666,0.3666,0.3468,2256465.725473,0.3556
LIMN,0.2005,0.2009,0.208,0.2005,473103.0,0.2032
EMLC,25.63,25.77,25.78,25.6101,4268171.308052,25.6718
UNOV,39.57,39.58,39.655,39.521,8883.974735,39.5925
TDTF,24.2,24.23,24.23,24.17,120093.237209,24.1997
IYM,182.7,187.78,187.78,182.7,333436.655408,185.0052
LITX,43.21,46.06,46.06,39.6,8512556.995714,42.609
MGM,38.11,38.47,38.72,37.22,4898071.933715,38.0333
VGIT,59.15,59.36,59.37,59.12,1770576.245022,59.2127
WTIU,15.81,15.74,15.82,14.84,63521.574743,15.488
BMRC,26.07,25.99,26.3699,25.56,74765.722668,26.0552
CSM,83.9909,84.5,84.5,83.77,2944.5141,84.1484
GTO,47.0,47.15,47.2012,46.975,271012.0306,47.078
NBTB,45.07,45.2,45.73,44.99,387563.945994,45.2904
ITRG,2.83,2.91,3.01,2.81,2261029.552203,2.903
SRTY,26.72,25.31,27.005,25.3,2728922.307395,26.4576
YGLD,40.446,40.77,41.2,40.41,9630.119112,40.7596
CTM,0.6566,0.7,0.7,0.6401,898950.235,0.6639
GLPI,47.925,47.95,48.15,47.51,1282428.886544,47.9262
ITDC,36.06,36.39,36.39,36.03,58971.294696,36.0719
KOPN,4.82,4.905,5.04,4.65,10339620.664625,4.8644
IZM,0.3833,0.3801,0.3899,0.3801,31572.181779,0.3842
EZU,67.2,68.73,68.86,67.14,1977199.05388,67.6564
CANF,3.54,3.09,3.68,3.09,247115.2774,3.4896
TSM,414.15,418.09,420.0,408.11,13403164.034596,414.772
CSX,44.46,45.49,45.615,44.375,14880447.273879,44.6997
TIPZ,53.035,53.11,53.12,53.005,18399.128897,53.0373
GNLN,5.34,5.38,5.4,4.78,28462.70275,5.1845
TINY,78.9936,82.5,82.5,78.9936,2039.905595,80.7663
SNDQ,11.47,10.87,12.16,10.57,26453534.550703,11.3775
DBND,45.7,45.86,45.86,45.61,136643.2515,45.7132
NEHI,35.1,35.55,35.55,34.97,56244.496575,35.2385
JVAL,54.7581,55.26,55.2888,54.67,348466.815979,54.7647
HFXI,36.43,37.02,37.02,36.32,253728.61195,36.6855
SOXL,152.1,162.115,162.9,147.61,72375207.155953,155.4062
MGV,152.65,153.51,153.62,152.3,202546.407225,152.8836
BSET,14.25,14.2,14.345,14.2,12918.567818,14.2731
APOG,36.58,36.85,37.425,36.18,179102.102891,36.5613
DRIV,38.92,39.76,39.76,38.7701,127786.511102,39.3386
BUSE,26.59,26.73,26.99,26.55,668418.833266,26.6775
BTQ,3.2,3.3,3.415,3.03,2834148.306315,3.1882
QDF,86.4228,87.34,87.34,86.42,16243.761857,86.6713
TVTX,42.66,45.51,45.968,42.1755,10827662.229273,44.0696
BOTT,52.7,53.97,53.97,52.36,32090.727181,53.0952
NLSI,48.3519,47.79,48.435,47.79,626.3985,48.223
XLC,117.38,117.63,118.2,117.035,4333582.859898,117.5138
DDC,1.4,1.59,1.59,1.4,79022.3,1.4471
IVEP,28.29,29.34,29.34,28.08,80957.8493,28.5607
PCEF,20.02,20.16,20.16,19.995,73639.539369,20.0533
LITZ,21.95,21.01,23.5615,21.0,406293.012713,22.4278
TNA,63.86,67.59,67.61,63.11,8344068.44068,64.8145
WLAC,18.65,20.79,20.79,16.59,966491.621572,18.3606
SMJF,3.4,3.37,3.45,3.31,1305445.327833,3.4037
WLDN,74.47,75.78,76.7999,73.23,376840.895547,75.0012
BCIC,7.86,7.9,7.95,7.82,98805.108013,7.9257
QTEC,285.77,286.49,288.92,283.84,144998.790185,286.3112
CLOI,52.76,52.72,52.79,52.72,191500.098638,52.7528
ANNA,3.14,3.11,3.21,2.9601,1060079.881486,3.1757
HCWB,0.3203,0.359,0.3598,0.315,460313.577442,0.3395
USCI,98.64,97.92,98.9606,97.32,19560.336943,98.1312
MMED,11.73,11.73,12.1491,11.68,394444.012169,11.8157
XJH,49.51,50.34,50.6,49.46,70980.43803,49.8851
GAIN,16.51,16.73,16.73,16.1601,278924.970572,16.4127
GUSH,36.06,35.97,36.34,34.4,1234618.72372,35.6073
IFLN,18.29,18.35,18.365,18.28,76731.884555,18.3207
SEED,1.14,1.17,1.18,1.12,73423.0,1.1431
CBTY,20.06,20.16,20.16,20.05,14234.3607,20.0551
WVE,7.24,7.35,7.42,7.09,4242028.899502,7.2348
MRT,2.08,2.05,2.12,2.05,39598.448444,2.0738
EPOL,39.14,39.9,39.9,39.02,742950.228693,39.4809
HERD,47.515,47.73,47.88,47.515,1621.141537,47.7243
TYRA,32.9,33.8,33.8,32.2601,565808.349529,32.9384
ASYS,18.21,18.25,18.325,17.04,244424.504104,17.924
KBE,64.11,64.79,65.11,64.0,1420429.39109,64.4161
BMNG,28.55,30.0,30.1,26.81,689713.60729,29.1399
OSS,15.1,15.46,16.95,14.29,3890318.412674,15.211
EFU,7.6671,7.42,7.6671,7.42,3759.0836,7.5628
SMCI,33.62,34.005,35.58,32.92,61495297.79798,34.1183
DDLS,45.3873,45.66,45.84,45.29,22198.504743,45.5315
RSSX,27.8216,28.25,28.25,27.69,35650.475322,27.8919
VNQ,96.39,96.805,97.14,95.97,2740075.158992,96.5185
RYLD,15.61,15.65,15.66,15.57,475373.155207,15.6152
BOAT,41.8,42.2,42.348,41.8,16634.882405,42.1033
VDE,159.31,159.35,159.82,156.97,1050140.449296,158.526
NFLY,9.68,9.68,9.79,9.68,86275.071631,9.7343
CMPX,1.81,1.86,1.87,1.75,8770451.821057,1.7964
SDP,11.0793,10.76,11.1,10.76,5440.097,10.8975
NXST,194.52,197.26,210.48,194.2,598989.911285,200.2331
IWMI,51.61,52.26,52.2849,51.46,410203.750781,51.7854
TOPS,2.2,2.17,2.25,2.1601,127685.410081,2.2185
NUSC,49.09,49.86,50.0,49.04,54680.18624,49.2825
BTAI,1.24,1.32,1.32,1.21,786080.838046,1.2544
HIBL,99.84,105.25,105.25,98.2401,58292.128409,100.9439
EPHE,25.17,25.51,25.61,25.17,287281.768942,25.3109
MNPR,62.43,63.25,66.16,58.53,198465.616263,62.6842
SMMT,17.15,17.92,18.15,16.83,2732442.080986,17.3224
QQQY,23.8,23.88,23.985,23.715,179189.511804,23.8487
NKSH,37.71,36.65,37.91,36.6,97889.5273,37.5867
JPMB,40.0501,40.27,40.27,40.05,6888.373794,40.1837
GOVZ,35.95,36.29,36.29,35.88,120206.244911,36.0911
EDIT,3.03,3.23,3.25,2.97,1441549.524238,3.0638
SCHF,26.91,27.46,27.46,26.905,8512726.059845,27.0711
BATL,2.86,2.82,2.94,2.68,6179015.766816,2.8595
ONEG,1.29,1.32,2.01,0.72,10781928.143287,1.3048
APCB,29.41,29.5,29.51,29.4,78691.0255,29.4423
CLOU,22.24,22.28,22.4,22.02,469006.785547,22.2082
VMAR,0.8501,0.918,0.918,0.8412,138808.63345,0.8871
GIPR,0.2614,0.27,0.27,0.2456,113008.912945,0.2601
IEP,7.98,7.95,7.99,7.74,1220281.742284,7.8952
GOOX,103.71,104.57,104.57,100.94,60595.598971,102.8251
SHOP,111.74,106.74,111.91,106.7,22724846.532418,109.8211
EDSA,17.43,15.08,17.65,15.01,483377.650268,16.4892
CORD,4.36,4.17,4.56,4.11,8921194.090392,4.4633
DEEP,40.3202,40.53,40.53,40.3202,3728.8125,40.5246
AAXJ,115.07,116.74,116.76,114.84,1907913.087023,115.7508
PRU,99.44,100.485,101.4583,98.68,2133155.380294,99.6044
BEX,53.06,64.1,65.1664,52.0339,682337.133013,57.7668
SMST,26.26,25.21,27.44,25.21,493186.612997,26.2378
AZTR,0.2377,0.244,0.2472,0.2339,217193.00963,0.2425
TACK,30.7513,31.11,31.11,30.74,8430.199402,30.8233
BMOP,24.8715,24.85,24.95,24.85,83147.669,24.8814
KWM,0.3139,0.3117,0.3156,0.301,276029.0,0.3032
XNDX,33.66,25.09,40.99,24.01,282439.672208,32.2502
GSEW,90.68,91.61,91.715,90.54,82670.704031,90.8393
SMIG,31.26,31.67,31.67,31.21,485863.97497,31.3898
ARKB,26.58,26.87,26.87,26.37,1425219.077868,26.5968
RMSG,1.79,1.7,1.86,1.53,32700464.785202,1.7008
JEPI,56.28,56.51,56.585,56.2337,6271412.859313,56.3522
WAY,21.01,20.2,21.34,20.2,2921565.817097,21.036
SVRA,5.16,5.28,5.28,5.03,950147.555373,5.1574
EYLD,45.69,46.75,46.75,45.67,53421.753212,45.9014
SOHU,15.8,15.87,15.895,15.55,27370.825401,15.7815
XP,18.79,19.485,19.5,18.6,4748622.009342,18.9353
GAL,53.015,53.37,53.37,52.91,11105.2991,53.1435
CGNT,11.0,10.925,11.26,10.7798,945210.668031,11.0706
CYPH,1.06,1.14,1.15,1.01,4119110.294602,1.0782
FOCT,51.38,51.55,51.55,51.3003,18883.9248,51.408
FXA,71.4911,71.84,71.84,71.4911,7416.567405,71.6658
SBRA,20.58,20.6,20.685,20.245,1632148.168429,20.5159
THD,71.2,72.44,72.44,71.055,91812.008414,71.7778
ONON,35.65,36.0,36.73,35.38,6810986.657578,35.6656
TOON,0.6423,0.6353,0.65,0.6313,192893.696607,0.6436
SER,1.81,1.81,1.87,1.81,16920.782064,1.8429
DDI,11.12,11.0,11.14,10.94,209053.452613,10.9999
EP,2.74,2.73,2.76,2.62,53688.889308,2.698
IGBH,24.45,24.52,24.52,24.44,60849.177067,24.4713
VWOB,66.94,67.2,67.25,66.915,595942.876932,67.0941
NVDS,21.7,22.23,22.53,21.31,896452.979995,21.5858
VNM,19.52,19.47,19.6193,19.43,820212.336223,19.5633
IWP,138.31,140.26,140.76,137.805,706802.0407,138.7539
BTCS,2.33,2.26,2.345,2.2,2013154.420588,2.2879
CEG,311.28,323.01,328.8,310.6583,2630163.667543,315.4837
EAGG,47.38,47.56,47.56,47.3611,369803.835881,47.4209
CAC,48.62,49.32,49.645,48.44,123072.50247,48.8109
PWR,750.73,780.63,780.63,742.4,1979915.723946,751.6697
GRMN,241.9,242.975,247.08,239.67,988103.41675,242.1231
TSMY,16.95,17.15,17.15,16.71,154422.723178,16.9274
FFIC,16.05,16.16,16.25,16.015,114883.084148,16.1024
KFII,10.5,10.5,10.5,10.5,212.0,10.4998
GTIP,49.48,49.565,49.57,49.47,28709.581724,49.5115
DGCB,54.64,54.82,54.835,54.62,73638.32722,54.7099
MBND,27.225,27.2,27.27,27.2,866.2582,27.2486
SCHP,26.78,26.82,26.82,26.7501,3233969.017589,26.784
MGRC,114.33,113.78,114.87,112.99,192181.201875,114.1279
IRE,32.02,35.205,38.878,30.3201,11817697.898437,37.107
NVCT,10.32,10.0,10.485,9.8025,96970.023653,10.2006
MXI,110.96,113.54,113.54,110.96,8526.002471,112.0554
FJAN,54.21,54.36,54.41,54.1501,15089.662,54.2615
DHT,19.02,19.26,19.55,18.58,3660969.377583,18.976
GRNB,24.06,24.19,24.19,24.05,27023.732301,24.0922
KALA,0.0831,0.0878,0.0888,0.0775,8210001.848521,0.08541
GDYN,6.99,6.995,7.075,6.76,4569636.908557,6.9507
JNUG,201.92,214.4,223.82,201.02,390963.660162,213.1166
JAGX,2.98,2.92,3.2,2.7117,190655.529508,2.9664
AWAY,17.6035,17.81,18.38,17.0,7019.756239,17.806
TXMD,2.01,2.03,2.039,1.95,12547.409018,1.9921
XNDU,17.38,14.87,19.5,14.45,19924569.497708,17.1509
IE,13.72,13.75,14.195,13.555,1620469.245188,13.8383
EMSF,39.7879,40.45,40.45,39.77,6943.6636,40.0279
BTAL,12.2,11.81,12.23,11.81,404461.214274,12.0953
FNDE,41.18,41.73,41.73,41.145,1515291.400547,41.3639
QQH,81.3862,81.35,82.49,81.15,36399.5863,81.6152
VANI,1.21,1.27,1.27,1.1901,217154.660747,1.2168
FJET,5.32,5.26,5.56,5.1814,784679.092702,5.3513
AEBI,11.72,11.65,11.89,11.56,359478.043664,11.7411
NVEC,88.59,82.33,90.0,77.0,124185.791796,86.8497
LUNL,17.4,20.2,20.2,16.62,469787.651548,18.0971
IAC,43.12,42.63,43.74,42.44,1959669.80543,43.0488
EMEQ,62.41,64.09,64.09,62.3001,267353.106967,63.0722
BGDE,6.79,6.3,7.16,6.25,149337.85628,6.8903
PCRX,23.64,23.82,24.19,23.18,567820.61872,23.7102
FNGR,0.8605,0.9104,0.9387,0.832,423765.729355,0.8643
TCHP,51.35,51.33,51.71,51.18,169764.0556,51.3868
BSCY,20.745,20.86,20.86,20.74,278960.1759,20.7602
FPEI,19.26,19.29,19.3,19.25,314102.408534,19.2791
EMMF,37.2668,37.68,37.68,37.2668,7994.8477,37.3895
VOE,191.51,193.23,193.4,191.16,371296.476476,191.8003
FMAR,51.5348,51.68,51.68,51.48,14991.0,51.5757
HIMS,25.65,26.77,27.12,25.35,18626961.297783,25.871
TSLA,411.79,407.48,415.83,402.12,64294224.963981,409.402
CRAK,49.11,49.23,49.6,48.71,68405.386563,49.0735
AMCR,39.92,40.4,40.82,39.89,5052830.305169,40.2234
OSRH,0.6911,0.598,0.72,0.566,8376784.478722,0.662
AVIR,5.54,5.62,5.62,5.43,192201.030499,5.5379
BHF,61.68,62.2,62.8718,61.405,765053.439938,61.8556
BUFB,38.56,38.53,38.72,38.53,14824.806,38.6334
SNEX,120.9,117.19,124.195,112.49,1748722.612322,120.5535
IEV,71.78,73.29,73.29,71.72,148646.371145,72.1417
GTEC,0.6188,0.608,0.6352,0.6078,117610.539265,0.6185
LWLG,14.825,14.98,15.65,14.2,7012676.98957,14.9699
CAIQ,26.8,26.62,26.87,26.62,114542.861469,26.7183
CTRI,33.6,37.52,37.76,32.52,5148857.34328,34.2587
SCWO,2.22,2.35,2.435,2.2006,47269.912136,2.2513
JJSF,75.71,78.35,79.43,75.5,398968.341059,77.0314
LQDA,42.28,42.55,42.96,41.03,1196651.567522,42.1376
OCG,2.24,2.2,2.33,2.0,508564.270812,2.1502
ESLT,794.96,826.67,826.67,780.81,193776.092383,795.3831
GGME,59.58,59.5,59.77,59.5,1589.68588,59.6342
TCPC,4.36,4.38,4.4191,4.28,707512.982395,4.3578
PLTZ,30.22,31.38,31.38,28.49,743672.234576,29.6573
UNTY,53.77,53.1,54.09,53.07,38227.607074,53.8159
EWV,19.1454,18.71,19.26,18.69,91652.156266,19.0041
XRT,84.35,85.27,85.83,83.58,6953814.860932,84.3699
QCML,27.37,24.275,32.78,23.49,8316799.109618,27.9562
BRBS,3.5,3.43,3.51,3.43,227118.21002,3.4889
CHIQ,20.08,20.09,20.17,20.04,246919.823732,20.1066
DBE,31.23,29.98,31.5095,29.7,177985.450759,30.9749
CGCT,10.4,10.41,10.43,10.385,90460.807878,10.3989
ONEY,124.42,126.02,126.02,124.2,145373.0322,124.4786
KGLD,31.5398,31.84,31.96,31.475,50816.91028,31.7423
NEAR,50.72,50.79,50.8,50.7,874157.88897,50.7315
COHR,319.19,328.84,337.34,308.17,12673311.996783,322.0785
SPAI,4.3,4.43,4.46,4.15,59767.275413,4.3036
CITR,6.82,7.19,7.19,6.75,84090.0,6.9215
ARGT,92.52,93.722,94.17,92.28,101550.078921,93.0624
CMPR,91.98,89.17,92.935,88.995,118501.863001,92.0228
HYS,93.29,93.69,93.7555,93.25,208582.7034,93.4398
GLDM,93.05,93.89,94.25,92.7325,3197324.90867,93.534
DFGR,28.88,29.12,29.13,28.81,665425.531788,28.9167
CMCO,15.8,16.06,16.405,15.735,230706.623275,16.0009
EDGI,30.67,31.19,31.19,30.67,17585.788189,30.7837
IYT,80.77,81.88,82.37,80.7,501312.835624,81.1931
VNAM,26.3623,26.46,26.51,26.3,34721.149863,26.428
OUSA,57.82,57.85,58.0,57.72,108559.920893,57.8902
EONR,0.728,0.6804,0.728,0.6506,2716577.337037,0.6893
TUA,20.86,21.01,21.02,20.84,263164.416804,20.9199
SPXS,28.49,28.1,28.69,27.96,13999636.687095,28.4141
IAU,88.46,89.2321,89.615,88.16,7072769.505826,88.8148
FCA,32.72,33.26,33.5,32.72,136348.087082,32.9038
AIEQ,48.5398,48.87,48.88,48.5398,2516.259397,48.7231
OSRHW,0.0746,0.078,0.0788,0.0527,36461.208427,0.06305
CGW,64.5047,65.12,65.21,64.5,21569.693768,64.9906
VSA,0.534,0.68,0.68325,0.52305,1002410.314037,0.5845
PFSA,0.49,0.4817,0.4999,0.4801,128356.32495,0.4907
EVV,9.51,9.56,9.5851,9.5,299324.15206,9.5262
VECO,57.72,61.295,61.515,57.64,2941459.283568,58.9143
SPYM,86.1,86.53,86.65,85.9,9380594.447448,86.2423
XOVL,20.21,20.76,20.87,20.0,83898.605748,20.3793
SPEM,52.34,53.03,53.03,52.29,2633985.913788,52.4507
POLA,1.91,1.93,1.985,1.8725,149769.401196,1.9189
SPLB,22.22,22.4,22.4,22.205,5149924.853909,22.2932
SO,92.43,93.51,93.51,91.96,6068099.660322,92.3811
KPHO,24.408,24.42,24.42,24.408,581.6516,24.4102
QNCX,1.3,1.23,1.31,1.21,925456.094886,1.2688
IGC,0.3191,0.326,0.3295,0.3106,302280.061999,0.3213
STRN,25.4652,26.04,26.04,25.35,9542.0,25.6037
FXF,113.08,113.59,113.5999,113.07,34028.840108,113.3387
DDTN,20.07,20.0,20.16,20.0,1241.0,20.0609
DSI,139.28,139.77,140.08,138.95,158350.04971,139.4769
AVUV,119.18,120.42,120.6162,119.05,1069539.673093,119.4913
OPPJ,58.4934,59.53,59.53,58.21,77202.222375,58.607
UMAC,13.5,14.05,14.05,13.34,2048763.678904,13.61
INVX,26.63,26.63,27.75,26.17,389096.777745,26.6092
LDUR,95.45,95.6,95.6498,95.44,42501.804488,95.5059
EPAM,104.24,103.0,111.4,99.65,3575971.411209,103.1543
LPLA,309.62,327.43,329.53,309.14,862097.908712,312.4347
NFLX,88.25,88.2,89.3991,88.13,30627603.315781,88.5437
ODDS,24.2066,24.33,24.33,24.2066,416.6651,24.3283
XYZY,27.0604,27.68,27.68,27.04,24074.89837,27.3505
VKTX,31.58,32.18,32.43,30.88,1928735.850308,31.4615
KDEF,57.99,60.25,60.25,57.66,316893.047133,58.6641
XQQI,51.0712,51.16,51.5499,50.86,272328.976622,51.1966
OUNZ,45.23,45.62,45.805,45.06,619549.442244,45.3649
RDTY,38.2318,38.95,38.95,38.175,3911.781518,38.4355
AMZY,12.53,12.65,12.65,12.5,487435.42706,12.5499
USRT,64.76,65.07,65.25,64.48,365755.561544,64.8664
IDYA,28.24,28.13,28.525,27.96,967991.769563,28.2522
QAI,36.0,36.25,36.25,35.9301,108720.080435,35.9934
FIDU,93.99,96.19,96.19,93.845,92929.428717,94.4612
TXNU,51.4158,53.0,53.0,49.88,59563.628864,51.0366
TGTX,43.025,41.95,44.0,41.16,4247747.222122,42.9685
XLII,25.1263,25.52,25.52,25.03,19153.4819,25.276
ATHR,4.09,3.63,4.3,3.63,16728.892384,4.0682
FET,54.42,55.19,56.07,53.5162,166045.524885,54.6288
BITU,15.83,16.18,16.18,15.56,3775705.697409,15.9037
AVDS,78.19,79.08,79.25,78.14,17115.372179,78.929
USFR,50.38,50.38,50.38,50.37,3883180.801554,50.3785
CMDT,33.71,33.32,33.73,33.205,129809.693102,33.6221
GLL,19.92,19.55,20.03,19.37,2958646.337153,19.7407
AUPH,15.14,16.295,16.295,14.4023,2799757.685463,14.9641
KOLD,26.16,27.39,27.64,25.665,3347821.158387,26.4258
BNDW,68.21,68.42,68.445,68.205,73884.279494,68.3357
FTLF,9.56,9.39,9.62,9.08,14807.179566,9.4777
GVI,106.27,106.57,106.57,106.245,183310.586424,106.3239
IYF,123.09,123.99,124.43,122.85,122833.721943,123.4089
GREE,1.22,1.25,1.25,1.16,140691.427703,1.2003
ITEQ,62.4022,63.04,63.14,61.87,10349.4127,62.7189
LUCY,1.05,1.06,1.07,1.05,52563.0,1.0585
IHDG,50.12,50.92,50.92,50.1,121286.693814,50.3798
JPO,13.91,14.24,14.24,13.91,35918.256744,14.0047
MIST,1.89,1.98,2.02,1.875,1277025.079,1.914
LLYVK,97.41,98.04,99.12,95.6,415455.995924,96.9577
ELM,28.9,29.0,29.18,28.86,22714.841104,29.0033
VFMF,168.25,169.3,169.425,168.25,10007.286225,168.7026
BCOR,26.8736,28.14,28.14,26.5516,285.1436,27.3115
BCE,24.57,24.48,24.715,24.07,5760579.48503,24.4762
AGNC,10.72,10.785,10.8,10.65,11235910.378069,10.7214
EXPE,252.79,247.22,255.05,244.04,3292395.147205,248.9057
PRNT,23.65,23.76,24.0,23.61,18389.291592,23.8119
TAIL,10.91,10.97,10.97,10.9,201079.211899,10.9263
XRPM,14.06,14.28,14.31,14.04,26827.1221,14.1511
FFAIW,0.0144,0.0144,0.0144,0.011,37942.0,0.01408
COZX,18.3,19.12,19.17,15.48,924084.14458,16.9557
RDI,1.08,1.12,1.17,1.08,61760.0,1.1163
PRF,52.09,52.44,52.54,52.005,1431614.0003,52.0976
NBIX,149.59,146.1,150.36,146.08,1790205.316278,148.8512
COCO,68.205,69.15,69.35,67.245,911206.16529,68.148
AVXL,3.12,3.34,3.39,3.115,1318381.523815,3.1991
MGNR,53.0479,54.08,54.205,53.0479,56491.013,53.4879
FLUD,24.96,24.94,24.96,24.94,23497.7191,24.9555
RWX,28.14,28.54,28.54,28.14,17283.816782,28.3466
INFU,8.97,8.34,9.12,8.1,728714.972544,8.6303
DGS,64.9553,65.73,65.73,64.9,35824.423569,65.279
SPHD,49.81,49.83,49.91,49.45,1445366.550633,49.7368
RGTZ,11.61,10.8,11.855,10.35,2862810.690707,11.0148
FCG,29.2,29.09,29.25,28.54,2065779.054811,29.035
IBCA,25.58,25.76,25.76,25.5745,71810.667722,25.6435
UUUU,23.35,23.66,25.79,23.12,22692436.957893,24.4079
VMD,9.21,8.53,9.22,8.53,374018.743063,9.0022
GMOI,37.47,38.05,38.05,37.43,103882.830836,37.7051
MTYY,4.675,4.71,4.73,4.6499,22039.177607,4.6879
LECO,271.12,275.0,276.41,270.41,347448.757099,272.3526
TLX,10.66,11.05,11.05,10.61,149053.925781,10.7803
GNR,73.48,74.69,74.805,73.415,500833.408813,73.9974
STX,766.44,771.285,771.285,742.01,4900945.750256,758.2092
EIRL,74.7796,76.48,76.48,74.7796,1795.799937,75.725
DDM,59.24,60.35,60.54,59.08,1021337.457476,59.2936
SPHB,138.79,141.16,141.31,138.05,310708.989093,139.166
BKGI,45.25,45.5,45.67,45.1062,149807.64981,45.2377
CEF,49.71,50.37,50.87,49.5,724711.917656,50.1853
NOK,12.35,12.81,12.84,12.13,128229174.611443,12.4371
AMKR,72.27,76.99,77.16,71.75,4569681.830787,73.1735
SPDV,37.905,38.04,38.069,37.86,5731.892138,38.0962
GUNR,53.94,54.83,54.84,53.94,348276.886141,54.2426
EMET,44.9769,46.15,46.32,44.9769,3421.264424,45.7338
MPLY,32.3036,32.6,32.6,32.29,11156.6659,32.4721
QEFA,96.78,97.94,97.97,96.6,163140.0025,96.6724
TMQ,4.45,4.7,4.73,4.43,3063967.864897,4.5694
PANL,7.87,7.89,7.93,7.795,452899.253053,7.8586
GRI,2.25,2.39,2.39,2.22,14833.209183,2.2708
IDYN,30.6154,31.15,31.15,30.605,684.4183,30.798
TLTD,100.1727,101.56,101.58,100.1727,7855.227984,100.951
KULR,2.73,2.82,2.83,2.7,1154669.387315,2.7511
RBLU,6.71,6.56,7.049,6.53,534667.504046,6.7789
AMZP,30.678,31.25,31.25,30.678,12720.2235,30.8977
PBP,22.76,22.78,22.78,22.7393,26660.747931,22.751
COYA,4.2,4.32,4.3345,4.15,100851.117085,4.1905
ETHE,18.63,18.83,18.85,18.48,2596934.3655,18.6596
EBAY,106.42,108.75,109.5,106.215,5680629.956575,107.0468
NXTC,10.18,10.66,10.66,9.78,13794.0,10.1974
EWS,28.66,28.99,28.99,28.63,440726.001577,28.7818
DBMF,30.55,30.33,30.6098,30.23,1912567.870562,30.4285
STRK,79.0,78.05,79.0,77.1,166327.977609,77.9267
CWI,39.9,40.58,40.58,39.87,175491.836978,40.1901
COHN,14.21,14.02,15.1,13.56,36485.056612,14.3287
MPWX,24.2387,26.075,26.075,23.85,25821.5,24.6326
DLO,13.75,14.1,14.205,13.67,1114857.869075,13.8781
BUFQ,38.6,38.79,38.79,38.5001,415118.723,38.5703
SPRE,21.195,21.41,21.41,21.19,52074.050603,21.2714
HLAL,68.9,69.55,69.55,68.7,80618.682013,69.2466
ATER,1.22,1.24,1.29,1.19,350376.16726,1.2237
CNXC,25.46,24.11,25.48,23.7935,2475530.190398,25.0194
GD,347.76,347.25,348.9999,344.28,1361446.73742,346.5154
METD,16.2504,16.3,16.3,16.04,109366.7613,16.2089
BSMR,23.6155,23.64,23.64,23.61,62271.0847,23.6279
SBAC,218.62,218.29,219.85,216.34,553583.00395,218.1814
JKS,23.33,23.83,24.16,22.72,522793.041127,23.2973
RDHL,1.01,1.01,1.0351,0.98,77341.95,1.0086
YELP,28.5,28.64,29.31,28.36,1240786.131207,28.6865
SPMC,11.03,10.99,11.15,10.95,22963.827833,11.0188
VNET,8.96,8.93,9.03,8.685,5129541.159325,8.8581
KROP,35.1184,36.0,36.0,35.1184,6044.9236,35.3237
JTAI,7.555,7.61,7.7,7.3958,230892.934744,7.0305
MTSI,344.47,353.87,355.0,317.541,2801192.488191,334.7145
BNGO,1.33,1.26,1.3674,1.25,235205.680249,1.3042
TVC,24.04,24.22,24.35,24.03,23444.999,24.1299
OPRX,6.63,6.52,6.77,6.51,246578.470369,6.6233
AVA,40.98,40.58,41.32,40.2,588946.185116,40.9843
EWTX,35.58,38.0,38.21,35.02,1169000.474123,35.7523
QQQD,12.38,12.41,12.43,12.295,191721.498845,12.3832
OFRM,15.3,14.64,15.4,14.555,532620.390597,15.1173
KIMpL,19.93,19.93,20.0999,19.9,19639.0,20.0111
BACpQ,17.11,17.06,17.11,17.04,74184.447,17.0654
PSECpA,18.24,18.08,18.255,17.4901,3946.2012,17.97
FLUT,101.2,101.74,104.8,98.14,5868146.471134,100.867
BIPI,16.59,16.42,16.7399,16.42,8942.0,16.534
ARCB,121.78,123.23,124.65,121.355,277221.087832,122.5218
NCRA,0.2352,0.2525,0.2621,0.2305,85451.0,0.2474
ASGI,24.19,24.32,24.39,24.1,74825.142189,24.1858
LAR,11.37,11.58,11.99,11.3,4291840.016888,11.6211
URTH,199.12,200.97,200.97,198.74,674994.194124,199.5932
STEM,8.73,8.99,9.48,8.36,591624.576908,8.8545
SLGpI,21.97,21.42,22.06,21.42,36650.939,21.8867
SANA,3.5,3.62,3.6211,3.4401,2137288.32235,3.5319
WSR,18.96,18.97,19.005,18.96,333770.549787,18.9809
CV,7.19,7.23,7.52,7.16,75245.5,7.2862
EQT,56.22,56.58,56.705,55.31,9948950.134692,56.1639
GILD,134.06,136.495,136.495,133.76,8901045.972637,134.2897
OAIM,46.75,47.45,47.4833,46.75,13598.123003,46.9545
IQI,9.9,9.9,9.94,9.87,108468.657764,9.9119
AFRI,10.05,10.01,10.1364,10.0,13067.0,10.044
BFAM,68.31,66.75,69.89,65.0,1973310.164625,68.0687
MMKT,100.25,100.24,100.26,100.24,13644.948015,100.2475
CRDO,188.29,195.62,202.28,185.7001,5514589.892646,191.2343
DCO,137.74,148.37,148.56,136.53,234000.811147,138.8691
VHUB,1.01,0.88,1.02,0.85,456813.995821,0.945
CSR,67.45,67.05,68.2401,66.71,63968.061805,67.6106
PAY,27.85,27.32,28.11,27.32,430152.582668,27.8477
LSTR,181.95,181.71,184.07,180.67,345331.274137,182.1413
DBRG,15.64,15.64,15.65,15.62,6930850.874187,15.6414
MPT,5.33,5.24,5.35,5.18,9555950.76287,5.2968
ORMP,3.91,3.93,3.93,3.83,103162.562817,3.8817
TSI,4.54,4.53,4.59,4.53,497520.9648,4.5423
ARTNA,31.68,31.9,32.1399,31.55,17481.099013,31.7756
GGT,4.2,4.21,4.21,4.195,161865.636722,4.2049
GLBE,32.63,31.76,32.93,31.6,2399013.411682,32.4777
RILYZ,18.9199,19.0,19.0,18.6,21110.946,18.7943
IDEQ,34.67,35.29,35.29,34.62,154252.1142,34.8099
GRND,13.81,13.51,13.93,13.51,1860827.26462,13.7772
MGOV,20.28,20.42,20.42,20.27,9437.8408,20.305
GPMT,1.55,1.49,1.576,1.47,117413.743773,1.525
CRT,10.57,10.51,10.68,10.51,5700.41184,10.5927
PBF,40.59,40.47,40.95,38.76,3183885.363182,40.0835
MAAS,9.3,9.44,9.5,9.21,23625.817565,9.3311
WEA,10.615,10.67,10.67,10.58,20662.9977,10.6259
OASC,33.46,34.1,34.1,33.41,4914.079523,33.5518
AMDG,77.61,80.16,82.06,74.12,203657.50724,79.2965
STSS,1.87,1.87,1.885,1.84,148770.766303,1.8696
LNAI,0.333,0.3054,0.35,0.3051,2356190.70772,0.3308
ALAI,41.63,42.03,42.13,41.412,35750.124,41.6471
CTEC,68.71,70.66,70.79,68.34,3539.10057,69.3689
DG,116.47,116.165,117.545,113.56,3211126.712839,116.1354
AMZO,14.5272,14.1,14.5272,14.1,1155.1923,14.2242
MWH,42.07,42.34,42.87,40.4,837499.649735,41.5369
HPQ,20.99,21.32,21.65,20.885,19750866.864147,21.1583
CRDX,23.0027,24.1,25.6699,23.0027,5320.0,23.6932
LBRT,31.68,31.95,32.3474,30.75,3233524.739568,31.4282
RRX,206.26,211.17,217.84,201.0,3478971.06934,209.5037
NWG,15.37,15.61,15.67,15.32,3981243.131983,15.5003
NPB,17.69,17.8,17.855,17.42,115261.10698,17.6567
SOFX,8.83,9.15,9.326,8.64,1708793.922566,8.9877
ANY,1.98,1.85,2.099,1.85,661864.527431,1.97
BBN,16.11,16.08,16.15,16.065,154671.94396,16.1108
BPOP,148.83,150.48,150.58,148.0,451319.926955,148.8295
FF,4.8,4.76,4.82,4.66,267590.117033,4.7594
ZYBT,0.9776,1.01,1.01,0.92,29831.0,0.9491
HUBB,493.04,505.81,505.84,487.9816,725261.022614,493.7782
NEO,9.07,8.99,9.155,8.88,1403044.82238,9.0104
KN,33.81,34.28,34.36,33.75,934066.697348,33.9816
VRSK,174.69,170.68,176.65,170.59,1623498.582736,174.6588
CIFG,11.4144,12.3,12.3,10.31,156000.614945,11.1948
EBS,9.13,9.07,9.51,9.045,654970.344867,9.1834
ZEPP,14.95,17.64,17.64,14.44,126104.552827,15.7323
EDBL,0.3853,0.3885,0.39725,0.3703,341953.194282,0.3834
CRMU,10.8328,12.46,12.46,10.2,188678.387706,11.2982
KIO,11.37,11.43,11.43,11.36,170828.027214,11.4002
VRDN,17.0,17.56,17.56,16.88,10741045.354577,17.1509
CIA,5.66,5.68,5.735,5.51,104476.571467,5.6467
FDMO,92.15,93.48,93.48,91.81,46625.570224,92.3223
OARK,32.5809,32.97,32.97,32.4161,18397.454932,32.6887
JNJ,222.51,224.78,224.78,220.63,7269708.61212,222.1995
MGF,2.9,2.9,2.9099,2.89,28122.787282,2.899
WAFD,35.67,35.72,36.105,35.56,544756.76903,35.7557
SPOG,5.66,5.75,5.93,5.65,142752.865066,5.7969
ARBB,4.62,4.66,4.84,4.4,32337.0,4.5415
CBRL,31.15,30.43,31.7399,29.91,950049.982638,30.9013
WMS,144.08,150.15,152.41,143.24,642382.98739,145.08
IDT,53.54,53.0,53.91,52.75,132555.791863,53.5768
WBTN,13.21,13.09,13.385,13.05,180086.138327,13.196
MGN,0.152,0.15,0.1572,0.1346,1346301.381287,0.1449
IBTO,24.2,24.3,24.3,24.18,70415.6169,24.2468
MGRE,23.98,24.08,24.2099,23.94,28596.041,24.0054
BUG,29.34,28.83,29.63,28.82,1695511.409596,29.2598
PSApF,20.68,20.61,20.69,20.6001,6869.2483,20.6514
EUFN,37.67,38.44,38.66,37.65,1563878.922457,37.9389
CMBT,14.76,14.98,15.0,14.6507,1085306.419656,14.7644
CSHR,6.06,6.5,6.5,5.93,255841.0715,6.1285
TTGT,6.47,6.01,6.7,5.945,1028874.277574,6.4559
PDX,21.0,21.3,21.335,21.0,87958.76699,21.1127
PULM,1.3,1.33,1.3399,1.28,11412.0,1.3091
INSG,18.8,19.17,19.2,18.0,337427.814236,18.695
SBFM,1.0799,1.09,1.09,1.07,16712.172655,1.0806
AVAL,4.48,4.56,4.6375,4.39,134679.50856,4.4672
KRRO,12.89,13.0,13.65,12.65,99859.423124,13.0669
D,61.61,61.52,61.7,61.17,3190756.011226,61.4872
DEO,83.43,83.2,84.065,82.76,1292562.010137,83.4654
WFCpZ,19.07,19.07,19.09,19.0201,134000.6007,19.0609
APPF,170.21,170.06,174.0,170.0,350512.881628,171.4071
AZZ,144.09,147.02,147.955,143.24,106906.339264,144.4777
WBD,27.12,27.152,27.295,27.06,18148953.113417,27.1445
AOS,60.23,61.21,61.41,59.76,1973022.423185,60.2151
QGEN,33.51,33.66,33.97,33.36,3134182.469417,33.5551
LOW,230.88,233.22,235.595,230.51,2175198.427257,231.394
SNWV,16.65,15.87,17.055,15.8,162342.7759,16.348
EPRpC,26.05,25.0,26.33,25.0,4578.2999,25.9737
PSApR,15.78,15.77,15.815,15.73,14637.896,15.765
GRML,0.4969,0.5162,0.517,0.45,3937868.686085,0.4832
NRXP,3.06,3.04,3.07,2.935,852453.325683,3.0321
PS,35.94,33.09,36.0,31.56,572455.910372,33.7809
APPX,41.05,34.19,43.35,32.51,2944091.023019,38.5918
PODC,3.53,3.8,3.8,3.45,166601.0,3.5862
VAC,77.15,78.0,79.51,76.01,510934.054806,77.0932
BANF,113.24,114.73,115.485,112.995,122048.372122,113.973
MNOV,1.43,1.45,1.45,1.4101,12053.949578,1.4313
BNDS,51.03,51.12,51.14,51.0,6349.351634,51.0748
MRCY,88.06,92.99,92.99,86.38,941407.055452,88.325
SOUX,29.3962,28.23,29.5,26.03,436371.096986,25.8557
EPpC,50.32,50.1,50.56,50.1,759.101,50.4549
RMT,13.57,13.76,13.78,13.42,110683.9454,13.6709
SMSI,0.8426,0.88,0.88,0.8401,92428.606103,0.8526
GLDY,15.0053,15.16,15.16,15.0,19456.136219,15.0706
XPO,206.88,213.73,214.84,205.13,1307044.702246,208.2037
FVR,18.26,17.86,18.48,17.165,272500.95149,18.0877
SAR,22.34,22.51,22.6334,22.27,139488.846367,22.4055
DWSH,6.3728,6.42,6.42,6.3411,74054.075871,6.396
MFIG,20.0134,20.17,20.25,19.965,22408.1077,20.0747
APAD,8.03,12.07,13.9999,7.5,380076.433222,10.0364
ALXO,1.87,2.09,2.1,1.855,652024.326511,1.9137
OCSAW,19.72,18.61,19.72,18.61,1781.0,18.9683
ATI,162.66,169.73,171.11,161.46,3406533.489356,163.7322
CMDB,18.75,18.4,18.983,18.39,50525.979098,18.6473
SKK,5.55,5.34,5.9,5.145,422567.473014,5.4763
MEDX,32.5021,32.64,32.64,32.5021,428.0222,32.6165
CVE,28.46,28.41,28.775,27.615,10351841.103064,28.3235
PSApG,20.32,20.31,20.4239,20.1702,11353.4404,20.32
IBD,23.86,24.0,24.0,23.81,95166.171803,23.8552
BEAM,31.47,31.72,32.49,30.375,1756943.018506,31.405
YDES,5.2915,5.19,5.2915,5.11,1168.0,5.2101
NIOG,18.538,19.04,19.16,18.4,18744.363105,18.8399
KMI,31.52,31.13,31.55,30.88,12182067.206794,31.3466
BBOT,7.86,8.38,8.38,7.6,464876.408583,7.869
ANTX,4.6,4.65,4.78,4.54,149328.031516,4.6414
MPA,11.39,11.38,11.4099,11.37,5054.719,11.3862
OZEM,31.66,32.02,32.16,31.53,14313.561266,31.7238
DEC,15.57,15.27,15.77,15.13,1288728.885431,15.4947
MT,61.14,64.3,64.3,61.065,2180356.407259,62.3794
TAXE,51.165,51.22,51.22,51.1501,9951.9244,51.1801
EDU,56.36,56.07,56.4,55.5155,491409.664327,56.0749
UNF,256.41,256.67,258.6,255.3828,290615.53825,256.6202
ALV,121.01,122.33,122.8,120.555,677738.080407,121.3407
BIT,12.81,12.96,12.96,12.81,214794.996775,12.8725
EUDAW,0.0357,0.0398,0.0398,0.0356,36221.376884,0.03604
SOLZ,8.92,9.0,9.0,8.855,1337034.81291,8.9218
CRWS,2.77,2.78,2.8504,2.75,7520.116739,2.7856
PRIM,107.98,102.06,110.61,101.555,5377476.839954,107.688
MSpF,25.24,25.23,25.24,25.23,235257.9398,25.2304
GCO,33.75,34.31,34.865,33.44,146395.666495,33.8943
TDF,11.5,11.51,11.63,11.34,75500.941934,11.4276
JPEF,79.33,79.89,79.89,79.17,70726.698777,79.5335
HKIT,0.7283,0.7337,0.8,0.68,107704.648282,0.7464
USNA,19.46,19.82,20.35,19.46,119201.731352,19.7097
SFNC,21.36,21.63,21.79,21.33,876158.553938,21.4578
LQDH,92.7186,92.95,92.95,92.7186,23534.812134,92.827
RSSS,2.58,2.5,2.6,2.5,37716.398196,2.5459
AGRO,13.37,13.56,13.56,12.92,1301333.754608,13.2372
FTHM,0.8176,0.83,0.84105,0.8051,66482.851182,0.8261
AMRN,14.84,14.81,14.92,14.5401,37068.638029,14.7784
OLB,0.494,0.518,0.5477,0.4927,213667.0,0.5159
BDMD,1.86,1.78,1.93,1.76,144895.050334,1.8452
SYRE,73.1,73.58,74.51,71.13,923853.686092,73.0238
GNL,9.12,9.04,9.185,9.0,3252148.659988,9.1202
BNED,10.69,10.59,10.815,10.285,285927.489432,10.6292
JAZZ,226.96,224.4,229.0,221.84,1129460.136342,226.0487
IWN,210.1,212.54,213.19,209.59,611023.020054,210.651
MREO,0.24,0.2407,0.26,0.22,2797115.256655,0.2372
OXLCM,25.28,25.27,25.28,25.27,4240.0,25.2773
SM,29.1,27.52,29.35,26.82,7112591.242636,28.6704
NIKL,17.44,17.76,17.97,17.44,184290.26645,17.7236
AMRZ,53.47,55.39,55.44,52.9501,2557987.664726,53.6933
ASTH,36.08,35.26,36.2,35.13,614331.23432,35.7888
CNEQ,37.91,38.21,38.325,37.7,155625.918736,38.034
DAPP,21.27,21.87,21.985,20.815,3930614.205246,21.2062
XSPI,49.0518,49.39,49.39,48.9764,97543.762255,49.2142
KGC,30.42,31.57,32.1,30.32,12950029.012459,30.9303
ADTX,0.1166,0.1285,0.1285,0.1,2683982.973942,0.1119
ACET,8.32,8.55,8.66,8.24,60146.244315,8.4311
IHRT,5.67,5.84,6.04,5.66,1669824.275549,5.7982
COR,255.66,253.76,259.51,251.1901,3701204.256544,255.2884
AMPX.WS,6.33,7.54,7.6,5.74,515847.505,6.5049
LYB,71.51,71.44,72.5,70.23,8511206.27926,71.6237
ESRT,5.61,5.7,5.785,5.61,3665828.540523,5.645
CARE,26.19,26.34,26.58,25.96,360868.047637,26.1996
FLL,2.56,2.47,2.65,2.47,197134.394233,2.5617
FSV,134.46,132.51,135.52,132.51,209849.739526,134.4467
RPID,2.56,2.51,2.57,2.47,87611.183896,2.5206
CCIF,3.3,3.27,3.34,3.26,167489.799214,3.3111
CRSR,7.09,7.28,7.44,7.02,2073039.32766,7.2655
QQQX,30.49,30.5,30.8035,30.4301,91579.223731,30.5798
DIS,108.66,109.05,110.48,107.09,14309207.46051,109.0927
RNRpF,21.5685,21.54,21.64,21.52,10072.463,21.6037
MEOH,61.38,61.1,61.78,59.5951,1074368.726341,61.2113
AMDD,4.11,4.03,4.18,3.9801,19436092.03905,4.0954
ARDC,12.86,12.75,12.89,12.75,288288.64288,12.8368
NI,47.02,47.38,47.56,46.58,6155398.675688,47.0841
STEW,17.54,17.71,17.74,17.52,58559.3087,17.6357
BMO,152.48,155.03,156.0,151.985,1105667.673873,152.756
NVT,166.73,172.6,172.6,164.46,2538023.743086,166.9095
DE,580.54,592.13,593.805,578.08,828920.052583,583.164
ANNX,5.52,5.68,5.705,5.28,2357572.195021,5.4995
CTAS,170.04,168.74,171.89,168.055,1837009.558596,170.2453
RGTIW,8.27,9.25,9.25,8.01,102003.092425,8.6235
CIB,65.15,67.36,67.94,65.15,273996.220095,66.1115
MPB,32.44,32.58,32.94,32.1,186780.147632,32.4136
WTTR,16.82,17.59,17.82,16.58,2447006.46478,16.8051
HKD,1.71,1.76,1.77,1.67,253202.316101,1.7107
AEE,108.77,109.2,109.295,107.7,1494861.00265,108.6255
HOYY,6.285,6.37,6.37,6.27,32567.632672,6.3102
AXIA,11.79,12.17,12.17,11.685,3500623.109308,11.8728
OWL,10.35,10.41,10.54,10.17,27402315.395081,10.3813
CLFD,37.49,31.55,37.755,31.55,791764.595091,35.8347
PRGO,11.72,12.21,12.35,11.71,2698843.179351,11.9639
GHG,1.21,1.22,1.24,1.2,8838.353151,1.2198
FLGV,20.285,20.36,20.36,20.28,65204.347072,20.2984
VFC,19.06,19.56,19.71,18.94,5127508.643322,19.1187
AON,313.59,307.19,315.9,306.52,1858930.082802,313.2467
NXG,58.41,58.85,59.38,57.94,215593.0103,58.5376
ITDB,34.5353,34.85,34.85,34.5353,5567.03824,34.6977
HGBL,1.33,1.33,1.39,1.3201,77916.72862,1.3582
HTGC,16.4,16.34,16.62,16.22,2329664.593012,16.4243
IMA,5.91,6.05,6.11,5.63,100065.586433,5.8096
TVGN,7.48,6.95,7.49,6.95,7533.0,7.2205
DSP,11.76,11.37,12.12,11.37,210699.701889,11.8746
IUSG,183.43,184.35,185.104,182.9,720569.709638,183.9197
NLYpJ,26.09,26.09,26.1799,26.08,35842.3756,26.1011
PCB,25.07,24.8,25.15,24.666,54099.2709,25.0081
VGRO,26.0419,26.15,26.15,26.0399,2255.3519,26.0497
TXO,12.5,12.3,12.59,11.97,239841.118407,12.3839
JETD,3.74,3.69,3.8501,3.605,191030.761,3.7555
SITC,5.6,5.63,5.705,5.58,458426.070987,5.6399
IBCB,25.115,25.22,25.25,25.105,53374.0,25.2275
RNRpG,15.55,15.66,15.705,15.54,15871.293,15.6207
GAMB,4.42,4.14,4.485,4.127,709642.432517,4.3756
AQN,6.28,6.31,6.345,6.245,3208673.906342,6.2968
ACRE,5.05,4.99,5.235,4.91,517161.459032,5.086
VSNT,40.78,40.89,41.3,40.68,1582520.884397,40.9025
WSBC,34.2,34.44,34.74,34.1,561370.407483,34.2843
FNB,17.92,18.22,18.26,17.85,3450706.302973,17.9787
UEIC,4.38,4.33,4.455,4.3001,29990.139439,4.3967
IPKW,58.7524,59.46,59.58,58.74,35056.281755,59.0932
BBDC,8.9,9.12,9.12,8.85,1671101.321384,8.931
CNNE,13.99,13.81,14.06,13.77,595486.343553,13.94
MDGL,534.86,534.1,542.0,512.28,384498.594419,528.2859
TGLS,42.44,46.89,47.03,41.25,571019.632132,42.5324
UHT,40.7,40.3,40.94,40.0,60236.722784,40.598
EDRY,21.46,21.0,21.5,20.705,15966.929948,21.0877
PCQ,8.88,8.87,8.88,8.86,57981.6596,8.8705
MITTpC,25.37,25.37,25.4,25.3,5064.0695,25.3684
BAP,321.77,325.2,328.99,319.17,285289.38512,322.9476
FLS,71.54,74.13,74.5,71.24,3085871.581802,72.1818
PHM,116.82,120.55,121.5,116.42,1450700.712712,117.3233
GAEM,26.825,26.86,26.9,26.76,7316.718913,26.8427
ESCA,19.8,20.66,20.66,19.4,63438.618049,19.805
CLIK,2.21,2.21,2.2681,2.17,12862.0,2.2161
PBR.A,18.76,18.855,18.9,18.37,9720645.612993,18.6531
UMMA,35.6295,36.27,36.36,35.55,49974.910999,35.9017
TLYS,4.16,4.2,4.24,4.01,124940.966861,4.1189
CHEC,10.11,10.11,10.11,10.11,1000.0,10.11
TpA,20.0007,20.04,20.09,19.97,64600.7511,20.0238
ETHB,29.54,29.9,29.9,29.32,316241.855351,29.5844
AKRE,54.72,53.63,55.07,53.62,1001737.724157,54.567
RBA,103.43,105.8,106.965,102.91,1269919.495167,103.9222
VELO,12.23,13.58,13.62,11.89,1641022.181746,12.5229
DTI,3.34,3.36,3.4199,3.21,348550.9657,3.319
PSApN,15.3,15.32,15.32,15.2121,8447.5812,15.276
CLNN,7.39,7.08,7.51,6.8101,439068.39726,7.2699
SATS,122.62,127.02,127.02,121.6,3522271.258598,123.649
NEEpW,25.18,25.2,25.2,25.13,22798.0,25.1669
ZYME,26.6,27.67,27.96,26.2501,707886.724388,26.6719
ACA,128.04,131.58,131.58,126.71,279152.83209,128.048
NECB,24.51,24.41,24.795,24.41,25574.327668,24.5775
CRCL,113.25,118.26,120.48,109.6,21476759.09818,113.9106
EBC,19.96,20.31,20.44,19.93,1838806.657284,20.048
ARCO,8.95,9.06,9.19,8.85,1369780.788522,8.9361
HIO,3.67,3.7,3.7,3.66,153116.8967,3.6755
NIO,5.87,5.98,6.02,5.83,20374824.953269,5.9204
AIS,63.71,65.62,65.74,63.3,350789.97787,64.5366
BLDX,26.9,27.22,27.24,26.84,13610.092,27.0032
ANGI,5.24,4.78,5.32,4.57,3252528.503646,5.1077
BAX,17.49,17.16,17.565,17.16,6617783.815366,17.434
CNVS,2.63,2.65,2.73,2.61,122662.404495,2.6694
RCKT,3.67,3.82,3.9,3.67,2109306.185999,3.7677
TSMG,40.39,41.39,41.39,39.15,87503.146304,40.4036
ROK,448.55,459.27,462.99,445.675,1108476.861817,450.9487
ICLN,20.71,21.37,21.38,20.61,8866999.475922,20.8406
SDST,2.38,2.53,2.53,2.35,87368.853012,2.4129
ADCT,3.75,3.87,3.87,3.705,1408378.457346,3.7707
MSAI,5.7899,6.17,6.3499,5.5,64444.623926,5.8741
DLR,194.78,199.2,199.2,192.97,2483066.289103,195.2214
NN,19.51,19.62,19.64,19.04,1393968.822989,19.3742
AES,14.29,14.34,14.365,14.24,24319388.862251,14.2819
AZN,182.52,184.37,184.37,181.03,2749511.339079,182.4118
SIXO,35.362,35.38,35.4,35.33,19725.33,35.3752
LC,16.69,17.17,17.42,16.655,1747758.258831,16.8889
ZTO,25.32,25.7,25.79,25.32,1436367.569234,25.4498
DCOMp,19.5,19.55,19.6301,19.275,3594.5336,19.5764
MEHA,0.0945,0.096,0.0961,0.0851,1577462.0,0.09374
RMI,15.36,15.79,15.79,15.28,12251.5624,15.3981
GENM,10.3,10.309,10.3099,10.3,5393.194,10.3078
PLPC,345.28,366.68,368.868,344.86,100790.9265,352.7227
NCLH,17.22,17.9,18.0,16.99,25297222.825301,17.3631
CNEY,0.7058,0.70995,0.74,0.6801,57372.434423,0.7017
HIPO,27.46,27.5,28.185,27.08,92603.429165,27.6427
ALEC,2.44,2.56,2.56,2.4116,276542.158553,2.4557
EPR,57.88,57.19,59.045,56.665,1004050.476941,58.1068
GVH,4.09,4.74,4.74,3.839,83918.163133,4.2553
ABEV,3.28,3.4,3.4,3.26,38894995.802017,3.3286
NSA,43.33,43.19,43.425,42.71,872407.035162,43.1634
CGXU,33.1,33.7,33.75,33.1,1187381.044491,33.2993
CAF,19.23,19.45,19.45,19.0,56154.465319,19.2449
ETJ,8.49,8.53,8.53,8.4201,192558.56211,8.4797
LBGJ,0.9482,0.95,1.01,0.91,138375.230551,0.9584
CCC,5.21,5.19,5.4,5.19,11403485.964296,5.26
DCBG,26.62,26.46,26.62,26.46,2842.0,26.546
HYP,28.4809,29.85,29.85,28.25,3062.7072,28.7843
ACEL,11.36,11.46,11.665,11.27,512707.610676,11.3506
TWOpA,24.78,24.75,24.8,24.75,4493.7184,24.791
PHI,20.35,20.47,20.72,20.24,99943.117544,20.4702
ORLY,94.58,94.74,95.23,94.0,4253096.289668,94.5828
VST,153.95,163.04,168.39,153.77,7895796.858399,159.2476
IMCV,88.1741,88.8,89.0919,88.0926,19131.73221,88.4615
DUKB,24.04,24.1,24.1,23.97,36957.275696,24.0267
TILL,18.21,18.15,18.21,18.055,23225.608604,18.1125
VEL,18.29,20.1,20.1,18.05,233160.709629,18.6281
NAT,5.86,5.8,5.92,5.7,2712420.73388,5.8409
BSCT,18.66,18.7,18.7,18.65,629941.18962,18.6658
PSFE,9.4,9.36,9.5799,9.27,258229.053146,9.4155
GNE,14.68,14.4,14.88,14.09,41826.840885,14.6556
FMACU,10.03,10.02,10.035,10.02,114109.0,10.0201
BCPC,159.5,162.13,163.2925,159.49,173682.914054,160.4624
SRCE,73.66,74.09,74.645,73.34,109681.504897,73.8437
MNSO,14.53,14.77,14.81,14.505,331831.965011,14.5942
AR,36.37,36.2,36.435,35.63,5531099.746755,36.1827
BDVL,26.0123,26.2,26.2,25.98,180804.0038,26.0701
GEHC,61.34,61.83,62.35,61.2,3828357.850353,61.5223
KRNT,16.29,16.54,16.7,16.23,203584.5925,16.4002
MVIS,0.6124,0.6518,0.6552,0.6106,5062994.884231,0.6321
NVAX,9.23,9.67,10.2,9.16,9197512.370617,9.432
BABX,30.41,31.77,31.77,30.21,762812.882699,30.8352
EXE,97.42,95.77,97.75,95.04,3046439.307834,96.9625
BELFA,259.66,255.79,259.66,253.275,35466.465831,255.8119
FR,62.42,62.6,62.92,62.16,885738.181003,62.4496
ADUS,97.29,97.4,98.96,94.66,318418.749827,97.7022
YETI,41.68,43.15,43.54,41.52,1238034.918968,41.8546
BLX,54.16,54.92,55.3,54.0,131456.482748,54.5318
INVH,28.97,28.6,29.19,28.6,6316696.271542,28.9796
SDSI,51.275,51.34,51.38,51.275,17488.03,51.3159
MOS,22.91,23.55,23.5954,22.88,6838448.532841,23.1094
MNRS,42.1848,43.29,43.29,41.325,6272.5589,42.4764
AME,234.73,239.87,240.39,233.86,1136605.128258,235.4357
ILLR,0.211,0.2472,0.2472,0.21,518356.0,0.2249
RH,133.65,131.75,134.91,131.38,766877.083147,133.3494
DK,44.7,43.74,44.9699,43.0,1557669.315656,44.3334
BFLY,4.24,4.58,4.61,4.175,5682715.996576,4.3107
IXG,121.1,122.11,122.281,120.8489,16197.18819,121.4009
CAG,14.36,14.06,14.48,13.96,14789406.688166,14.2881
NPO,300.76,309.18,310.125,297.04,187270.988003,301.8006
STRO,39.83,37.32,40.25,36.48,258106.045134,38.8229
RGA,212.81,215.89,216.26,212.8,589807.85768,213.8094
ENSC,0.37,0.399,0.399,0.37,228856.395924,0.3804
COFpL,16.6499,16.78,16.78,16.61,21271.509,16.6649
NXGL,0.615,0.619,0.63,0.6,234645.336,0.6108
KYNB,7.1,7.07,7.2,7.07,11873.674139,7.1254
BFSpE,22.605,22.53,22.61,22.25,3747.7,22.4368
SIXF,33.465,33.535,33.555,33.43,4208.0,33.4884
SATLW,1.4899,1.72,1.72,1.48,10038.0,1.551
BEPI,15.59,15.52,15.59,15.48,6762.0,15.5455
MFM,5.54,5.52,5.54,5.5,157808.924705,5.5164
APH,136.62,139.11,139.11,134.39,9002706.582922,136.1502
BSCW,20.605,20.7,20.7,20.595,247792.6375,20.6319
JOF,11.6,11.59,11.635,11.52,105073.300757,11.5832
AAT,21.11,21.1,21.36,21.04,435317.173525,21.1639
ITDD,37.7227,37.98,38.0,37.7227,9357.134061,37.8595
NCA,9.46,9.44,9.46,9.3378,59609.619,9.406
RENT,4.74,4.78,4.85,4.7,34645.115258,4.7693
TX,46.22,48.34,48.34,45.97,248064.488502,46.499
BGT,10.92,10.92,10.9599,10.86,88039.766328,10.9227
TSQ,6.6,6.55,6.6,6.49,40507.349889,6.5507
PKBK,30.86,30.65,31.04,30.5,100548.2554,30.8713
SRET,22.6889,22.7,22.75,22.61,18117.839878,22.6894
WHG,16.38,16.06,16.39,15.8,15268.6916,16.1429
LIVN,70.925,67.38,71.24,66.8,1788793.537633,70.2582
ZBIO,19.27,20.83,20.9499,18.94,448455.43252,19.4463
FBGL,0.625,0.6,0.625,0.6,25029.0,0.6192
VERI,2.08,2.13,2.13,2.03,2490359.507639,2.0686
TJGC,1.76,1.74,1.8,1.73,23352.0,1.7476
GDL,8.465,8.48,8.49,8.46,6099.5009,8.4749
DEFT,0.7451,0.76,0.7798,0.7404,2949601.908622,0.7562
ATS,34.64,34.31,34.74,33.92,131787.411168,34.4461
ADAMG,25.25,25.19,25.2625,25.19,8737.0857,25.2503
KRT,30.41,29.76,30.79,29.1641,122543.556109,30.5528
IDXX,572.2,581.12,585.12,566.02,758922.375343,572.5366
CLPT,11.68,11.37,12.02,11.37,366262.142627,11.6724
ELVR,96.09,98.15,99.98,95.5001,46064.166237,97.3343
BSCZ,20.535,20.65,20.65,20.53,54153.2253,20.5772
AMCI,5.57,6.34,6.455,5.47,100284.714782,5.7143
SUUN,0.64,0.67,0.7118,0.64,490051.464237,0.6703
PUI,47.0463,47.92,47.92,46.93,7550.5847,47.2713
NPWR,2.05,2.18,2.239,2.03,908220.738797,2.1078
TSYX,23.5148,23.61,23.79,23.44,23160.9234,23.5326
VRME,0.7725,0.79,0.8418,0.77,64761.273659,0.7834
MDT,77.96,77.99,79.115,77.64,10008263.957877,78.1376
CX,13.14,13.55,13.55,13.13,6662871.429481,13.2727
BSTZ,27.54,28.51,28.51,27.27,225105.582126,27.9282
TWI,8.01,8.19,8.34,7.96,531542.426094,8.1033
COFpJ,18.3,18.35,18.43,18.25,64491.4983,18.3097
REXRpB,21.765,21.84,21.84,21.765,808.0,21.7751
GGG,78.67,80.53,80.665,78.38,1146800.832808,79.0077
CAST,1.77,1.83,1.89,1.69,126706.3572,1.8062
LCID,6.05,6.22,6.265,5.94,16000958.991321,6.0353
SKM,36.3,36.84,37.66,35.9,1985608.088323,36.4855
IMAX,35.64,35.69,36.41,35.16,981097.853433,35.8438
DMRA,24.99,24.5,26.03,24.15,1874387.19178,24.2876
KMPR,29.4,27.74,30.935,27.74,1687619.887299,29.5093
AXG,3.65,3.67,3.7469,3.62,62732.510541,3.6572
PBDC,27.92,28.17,28.17,27.7,113888.569226,27.9742
GNT,8.41,8.46,8.52,8.4,15680.281227,8.4491
BIIB,191.38,190.34,192.1,188.86,735692.697378,190.8489
PKOH,30.84,29.99,31.675,29.53,176884.354568,30.7816
RFpE,16.62,16.73,16.7682,16.62,31498.3565,16.6721
SLNO,52.95,52.94,52.95,52.91,2345521.692445,52.9369
SPRO,2.51,2.54,2.618,2.495,566249.65716,2.5433
TFCpO,21.56,21.61,21.61,21.48,23160.3422,21.5228
HLMN,7.88,7.99,8.07,7.86,975457.5255,7.9294
EXPO,63.44,64.43,66.0,63.44,306459.266846,63.7806
TRS,41.88,41.73,42.23,41.12,885554.839077,41.8272
LRMR,4.0,4.12,4.12,3.855,1557217.582861,3.966
MAIR,42.2,40.67,42.34,40.51,2375997.375423,41.5276
BRKR,43.73,42.76,44.28,42.615,2816577.286075,43.6666
FLR,51.08,54.34,54.53,50.3,4425423.404762,51.6295
LDP,20.95,20.99,21.03,20.8201,35149.1364,20.9557
MTEN,1.04,1.06,1.06,1.03,18688.858644,1.0368
OHI,46.13,46.03,46.335,45.34,1971495.229115,46.015
BOHpB,26.55,26.55,26.55,26.49,1164.095,26.5395
BELFB,290.46,290.88,291.625,279.5701,198045.289779,287.6621
PREF,18.99,19.0,19.01,18.98,138083.03848,18.9947
DFIN,44.21,43.42,46.0,43.42,511032.442636,44.7426
RYAM,9.15,9.95,9.95,9.14,1498754.84273,9.3076
DUKpA,25.085,25.07,25.15,25.0001,59848.4921,25.0957
PLSE,19.59,19.38,20.06,18.97,222176.437527,19.5255
YXI,20.9587,20.8,20.9587,20.8,992.0,20.8627
EVH,4.27,3.655,4.535,3.555,6180177.675975,4.2029
UTI,35.49,35.002,35.54,31.42,1303862.020734,34.2913
MILN,44.1233,44.19,44.43,43.96,9891.51202,44.1839
XRPNW,0.9,0.9405,0.95,0.8101,92013.0,0.8981
KSPY,28.5554,28.59,28.59,28.53,4195.2361,28.5556
IDA,143.17,143.82,144.12,142.4,511127.5096,143.2943
CFFN,7.82,7.8,7.885,7.785,773696.39565,7.8236
HROW,39.05,40.26,40.63,38.7856,431462.255941,39.3609
SEMY,17.17,17.29,17.38,17.05,524840.265035,17.1971
RSVR,10.18,10.25,10.27,10.1103,48564.006708,10.1772
CFGpE,19.24,19.44,19.44,19.24,27226.4118,19.3189
ANIK,15.14,15.28,15.28,14.98,83658.989899,15.1385
TRVG,3.58,3.2,3.68,3.2,257390.830346,3.5076
METpE,22.87,22.86,22.88,22.78,37662.8383,22.8475
DOW,37.32,37.55,37.76,36.86,17292209.875609,37.3308
GUTS,0.7481,0.7447,0.7681,0.71,1817475.788088,0.7357
MYRG,427.38,455.36,455.36,419.04,663606.491691,428.0652
AVT,80.86,83.7,84.17,80.07,1122778.210799,81.0967
LEGN,28.57,28.72,29.15,27.97,1357991.765456,28.6097
DAO,12.0,11.72,12.5,11.65,65117.793603,12.2716
ZEO,0.9151,0.95,0.9877,0.9101,76797.581387,0.9451
JHS,11.1804,11.28,11.28,11.15,191220.1633,11.161
VICI,28.79,28.55,28.865,28.45,9162861.980015,28.7473
CERY,36.96,36.54,37.33,36.35,58314.094819,36.7441
DFAT,66.91,67.7,67.7,66.86,373669.0024,67.1238
OSCX,61.3153,54.5,61.3153,53.2,14661.458754,56.4127
NDLS,12.0,13.49,13.95,11.225,217539.819162,12.3209
VPU,195.44,197.9,197.9,195.1,243317.960516,196.086
AAP,57.23,57.95,58.68,55.75,1302207.227307,56.9249
GFL,37.19,36.3,37.3,36.3,3382110.97763,36.9248
DXLG,0.6403,0.6708,0.7197,0.63,67314.588462,0.6546
HFROpA,16.56,16.52,16.6,16.52,9330.8542,16.5797
CBXJ,21.7598,21.85,21.85,21.69,19182.0,21.7466
BMA,74.86,76.76,77.94,73.59,237031.17062,74.9166
KRSP.U,10.53,10.44,10.53,10.44,8381.0,10.4822
GOOS,11.91,11.91,12.045,11.79,325304.869208,11.9143
EOD,6.41,6.48,6.49,6.39,115597.1545,6.4492
BIXIU,10.06,10.06,10.17,10.06,1172.0,10.1521
TD,107.7,108.94,109.22,107.335,937350.928181,107.8046
GRPN,15.46,15.61,16.075,15.1,2918415.737445,15.6115
PFFR,17.863,17.83,17.9,17.83,17419.473886,17.876
BGX,10.9,10.98,10.98,10.9,52915.724232,10.9397
BBH,185.4528,189.57,189.57,185.368,5077.669505,186.9222
QLDY,46.2892,46.47,46.75,46.135,57767.915027,46.3633
BWLP,20.21,20.15,20.21,19.825,401109.243624,20.0463
UFOX,86.3,87.93,87.93,85.7,33956.318626,86.6518
HRB,36.29,31.27,36.97,31.0,6670593.982001,35.9791
KSTR,23.95,24.42,24.42,23.95,123840.203254,24.1207
CNXN,65.35,64.98,66.39,64.79,87018.040923,65.3999
TPTA,23.65,23.65,23.65,23.65,180.0,23.5781
OEC,7.16,7.7,7.965,6.69,763844.310872,7.0954
ACYS,20.24,20.26,20.27,20.2,65311.654,20.2491
PKB,106.4457,110.18,110.18,106.235,15170.375332,107.3623
SBLK,26.81,26.9,27.14,26.63,1710635.023051,26.8599
VIASP,25.32,25.52,25.53,25.32,6394.0,25.4353
BACpE,19.35,19.22,19.35,19.12,19955.857,19.2717
HQL,17.95,18.25,18.27,17.75,128153.109145,18.0277
FTGC,29.3562,29.16,29.41,29.055,710832.960185,29.2534
EVER,20.6,20.665,21.16,20.05,1234098.846029,20.4699
SEIM,51.76,52.5,52.5,51.52,74918.278262,51.8653
ECO,56.74,56.35,57.08,55.2,263996.210005,56.241
ALIT,0.8703,0.928,0.9575,0.842,22628981.346606,0.8709
AERO,16.34,16.15,16.79,16.025,182222.706171,16.2767
ARMK,45.06,45.75,45.75,44.925,2738145.375684,45.1645
PHO,68.23,69.21,69.22,68.15,78032.25605,68.6153
JRSH,3.34,3.47,3.54,3.33,415999.7451,3.4315
RNGR,15.85,16.22,16.25,15.6247,179186.145145,15.891
GO,8.04,7.86,8.25,7.73,2991495.203252,8.02
NTIC,7.99,8.0,8.0,7.95,15058.1996,7.9692
TTEQ,39.8765,40.31,40.455,39.6195,65493.6085,39.9502
PDM,8.49,8.5,8.73,8.475,1940837.941155,8.5526
FDMT,9.93,10.39,10.39,9.8,737281.801911,10.0267
KNSL,308.83,303.07,311.0,293.78,599360.745213,304.9648
TLF,2.45,2.45,2.45,2.45,4368.0,2.4254
VC,112.35,113.72,114.49,112.11,446704.659302,112.8756
VWAV,5.84,6.06,6.09,5.77,331522.221611,5.9176
TVACU,10.6,10.85,10.85,10.6,1091.0,10.826
SBC,3.21,3.25,3.25,3.18,65732.101197,3.211
TPVG,5.98,5.58,6.03,5.56,600823.242938,5.8699
EVO,3.05,3.1,3.16,3.05,98251.020876,3.1119
EMB,95.9,96.41,96.42,95.845,4231283.288588,96.0888
CDZIP,20.135,20.07,20.21,20.07,4718.0438,20.1533
CCII,10.225,10.22,10.225,10.215,48531.0,10.2199
EDD,5.51,5.57,5.6089,5.495,296207.614664,5.5419
RCpE,13.06,12.8,13.1,12.8,5136.3837,12.97
BEPJ,24.96,24.78,24.965,24.78,3117.0,24.8902
ESAB,102.39,100.0,105.64,99.67,807620.740812,103.3578
NRSH,31.1031,33.49,35.67,31.1,26809.9798,33.136
FUN,22.76,20.425,23.62,20.425,6998934.488861,22.8419
CXW,21.82,21.6,22.2,20.3,2920563.767294,21.5919
DIOD,112.59,116.83,117.8,111.48,1058825.530685,113.711
TCHI,24.7327,24.92,24.92,24.702,14282.739865,24.824
SFB,20.325,20.31,20.35,20.25,7250.905,20.3025
HAKY,25.1626,25.11,25.29,24.97,4765.4661,25.0719
GDDY,89.75,86.3,90.87,85.92,2636332.373938,89.495
TRTX,8.5,8.59,8.63,8.475,335470.036618,8.515
WLK,97.38,98.95,100.05,97.1,1413971.176057,98.0433
BLDR,79.41,81.29,83.2299,79.25,3736814.475263,79.9169
RCAT,10.36,10.47,10.5199,10.15,8759290.396128,10.2807
FPI,10.58,10.67,10.8,10.57,356684.070904,10.663
TDSpV,19.94,19.94,19.95,19.8,24700.3062,19.8895
CCBG,46.59,46.79,47.1025,46.435,82616.8078,46.7436
LGND,210.33,205.002,225.635,200.01,644042.914826,210.9625
GDOG,12.6992,13.09,13.09,12.58,21299.765,12.834
CMG,33.27,32.5,33.295,32.05,17020180.522246,32.9613
FUSI,50.2654,50.2501,50.37,50.2501,3238.4966,50.2965
BBBS,51.045,51.11,51.14,51.02,39564.2003,51.0485
MTB,213.02,216.5,217.545,212.745,1069538.326076,213.8447
ZVIA,1.3,1.31,1.53,1.25,1752632.737627,1.3745
BDN,3.11,3.02,3.17,3.02,2462510.471739,3.1092
AAPD,12.3235,12.24,12.38,12.1199,6937468.109348,12.2518
SYY,72.88,72.99,73.0707,71.575,5008794.762853,72.6401
HOTH,0.694,0.7248,0.7394,0.6811,174029.017101,0.706
APGE,81.81,84.38,85.025,80.83,376712.548307,81.9788
CVCO,482.34,504.0,515.825,478.86,134809.194534,489.057
ILIT,22.81,23.55,23.799,22.81,66959.409452,23.4903
MIRA,1.0,1.02,1.03,0.9901,107278.338953,1.0108
TBN,35.5,34.91,35.5,34.05,197649.322,34.7212
SEF,32.78,32.4314,32.8301,32.4314,23298.12897,32.788
DIAL,18.188,18.28,18.28,18.185,50394.358901,18.2256
NICM,6.89,6.49,6.89,6.49,21235.081,6.7201
SNOA,1.18,1.17,1.195,1.15,92151.166,1.1622
TOGA,29.4234,29.7,29.7,29.4234,255.0,29.6445
MYGN,4.09,4.13,4.22,4.015,2553451.562453,4.113
GOTU,1.97,1.95,1.99,1.95,182176.508282,1.9721
B,41.84,42.5,43.12,41.575,19052165.627985,42.1553
AGIO,27.53,27.2,27.57,26.94,722509.763761,27.4062
WOLF,45.16,43.09,49.0,43.0115,10870389.245531,45.98
EVGN,0.781,0.81,0.85,0.7588,42962.0,0.7953
SHMD,5.67,5.52,5.75,5.3,331278.194411,5.5656
FOXXW,0.1,0.1038,0.1038,0.1,1098.0,0.1017
GITS,1.51,1.51,1.6109,1.4799,10719.0,1.5349
EMR,141.09,147.95,147.95,139.85,3938065.142399,142.1807
CDLX,0.7819,0.781,0.8169,0.7702,777829.742221,0.8105
IOYY,9.1101,9.18,9.28,9.0599,21250.6104,9.1652
FLWS,4.58,3.31,4.63,3.31,2209824.914125,4.2215
ORCLpD,57.28,58.12,58.39,56.33,7895899.146,57.2983
MSB,28.7,28.24,29.15,27.79,27995.734393,28.3731
HOLA,54.0343,54.37,54.465,54.02,6139.1608,54.2078
HVAC,40.72,42.56,42.56,40.606,16825.355937,41.196
HWKN,167.01,167.0,169.08,163.65,103966.784741,166.8994
INCM,29.21,29.39,29.39,29.15,349788.08209,29.2422
TMDX,72.9,74.0,77.9,71.61,2656513.545797,74.3199
LFCR,4.77,4.99,4.995,4.745,195865.316965,4.8164
ALBT,0.405,0.4057,0.4057,0.3789,123657.0,0.3906
TORO,5.45,5.56,5.8222,5.4,217112.920433,5.5179
NATL,44.25,44.25,44.84,43.42,975552.665666,44.1215
KTH,28.15,28.04,28.16,28.04,1210.0,28.1182
WANT,47.24,48.33,48.72,46.64,29459.758458,47.5178
REIT,29.6632,29.96,29.96,29.59,12862.336307,29.72
GDXU,187.66,207.5,216.12,186.0,1940593.244979,201.8631
LSF,3.15,3.0,3.2,3.0,51391.562411,3.0902
UVSP,38.62,38.82,39.06,38.54,195197.19551,38.7411
LAUR,32.17,32.67,32.67,31.99,1329950.383563,32.1939
PRMB,22.24,21.0,22.75,20.735,9928262.91749,22.1959
ASTE,53.0,54.17,54.94,53.0,319971.418651,53.4996
BWA,58.18,59.75,60.375,58.08,3734894.916645,58.4739
WY,23.7,24.08,24.24,23.625,5891688.696875,23.829
CCNE,30.97,30.94,31.28,30.79,76103.120045,31.0084
SNYR,0.3956,0.3619,0.4193,0.3511,2268569.319829,0.3881
GLMD,0.62645,0.6152,0.664699,0.6152,126693.0,0.6393
IFN,12.02,12.11,12.15,12.0,63494.7502,12.0677
CRCO,24.21,25.18,25.22,23.45,44266.695618,24.4184
CRD.A,9.77,9.75,10.03,8.89,55772.781517,9.6841
CPB,21.25,20.9,21.47,20.625,6256405.198057,21.1059
NPK,137.45,140.0,140.55,135.43,41939.3391,137.3034
PRI,273.26,275.01,286.74,269.385,307384.285556,274.1376
ACTU,3.34,2.98,3.42,2.84,156869.901914,3.2244
BSBR,5.8,5.97,5.97,5.79,1022994.085568,5.8721
INTZ,0.8003,0.7899,0.83,0.781,104224.052043,0.7992
TSLX,17.89,17.66,18.05,17.65,855186.247619,17.8179
CSPI,9.32,9.44,9.9899,9.135,16923.3782,9.4963
CEPO,10.57,10.57,10.58,10.57,9927.696933,10.5738
GNLX,2.83,2.91,2.94,2.71,188686.291462,2.785
JEM,1.26,1.38,1.38,1.24,79298.865363,1.3018
INQQ,12.965,13.05,13.16,12.91,28807.4835,13.0028
RXRX,3.27,3.37,3.52,3.2613,12063436.003711,3.3451
ESI,42.27,44.46,44.83,42.08,4063896.366253,42.6988
UK,3.28,3.39,3.7,3.22,111830.6176,3.5031
DUK,124.87,125.0,125.1,124.05,3296394.476572,124.6812
AGMpE,20.945,21.01,21.05,20.945,4928.5614,21.0069
AJG,201.94,194.27,203.13,194.15,3218124.432307,201.4717
ASG,5.26,5.34,5.345,5.26,627087.7461,5.3004
AEO,16.64,16.99,17.19,16.415,2985675.67456,16.6807
NTR,68.38,71.79,71.84,68.3,6439682.597218,69.0109
BBW,37.42,36.82,37.515,36.36,378528.245692,37.1154
ITW,255.53,260.78,262.21,255.2,1413135.831852,256.6213
ANVS,2.26,2.4,2.438,2.255,906848.588243,2.2907
SNGX,0.3082,0.332,0.3385,0.3011,697929.792024,0.3166
EFXT,28.39,25.74,28.5299,25.66,948498.324418,27.3371
GTIM,1.28,1.27,1.2999,1.27,26932.351,1.2886
COCP,1.39,1.38,1.43,1.38,103463.667,1.4029
CRE,3.1,2.56,3.71,2.51,118378.537753,3.1454
AVXC,80.7701,81.91,82.0599,80.63,41155.9898,81.383
RYAAY,59.32,59.76,60.75,59.16,2029490.987536,59.9763
VIRT,49.54,49.75,49.99,48.6234,963736.240351,49.4514
LNCpD,26.6982,26.65,26.7391,26.63,14842.7359,26.6739
HYPD,3.57,3.66,3.79,3.52,487690.790778,3.6096
FIZZ,35.16,34.76,35.7,34.42,282428.396106,35.2366
UPSD,27.503,27.65,27.65,27.5,23251.0227,27.5183
TJX,154.48,156.04,157.43,153.42,4674186.180588,154.8282
SMBS,25.46,25.54,25.55,25.44,789096.571229,25.4757
PSApI,19.41,19.3,19.425,19.3,19028.5205,19.3994
DCI,85.91,88.04,88.12,85.64,519172.680973,86.2221
PFUT,25.7,26.19,26.19,25.67,1401.1892,25.8918
GBFH,29.42,29.1,29.83,28.5,42632.075036,29.2195
TFPM,32.4,33.57,33.9,32.235,1411139.08517,32.6362
AOHY,11.065,11.1,11.1,11.0505,95118.6752,11.0707
CFG,64.22,65.53,66.0,64.135,4656065.282933,64.5923
PEO,25.45,25.64,25.66,25.15,104023.016783,25.3889
ZG,44.04,43.18,44.98,42.08,2018450.596238,43.9556
ADX,24.35,24.295,24.63,24.28,232881.640106,24.5124
FCNCP,21.195,21.23,21.25,21.1,6379.5581,21.1861
IQST,1.37,1.41,1.43,1.37,151893.035619,1.3912
OSCR,20.87,19.79,20.89,19.23,12390227.346556,20.4964
MITT,7.86,7.89,7.89,7.735,219220.726131,7.8073
CR,181.75,183.4,183.4,177.32,634378.976593,181.0312
EWZS,15.22,15.54,15.57,15.174742,164461.199728,15.3833
AESI,18.28,18.01,18.29,17.42,5825631.491489,18.0248
CELU,0.9075,0.92,0.937,0.9001,67510.65053,0.9236
AVLN,26.93,27.43,27.5,25.39,664375.471037,26.269
AGO,82.43,82.03,83.16,81.69,453116.636102,82.6229
MFApB,20.9199,21.0,21.0,20.9051,2357.7295,20.9403
NTZ,3.0,2.69,3.1012,2.69,4390.41,2.9007
AMTB,23.38,23.47,23.75,23.21,168481.63982,23.4201
ACRpC,25.09,25.06,25.1,25.02,7685.4736,25.0702
METpF,19.16,19.17,19.2099,19.14,37380.122,19.1653
KRO,7.05,7.83,7.87,6.97,530503.681293,7.168
LEUX,21.79,26.95,27.3,20.75,122429.526015,23.1371
MSI,433.2,430.95,435.94,429.78,1121080.965232,432.8876
TARS,63.96,62.7,64.84,59.0,1567842.337564,62.7507
CCLD,2.47,2.87,2.9174,2.43,3934595.392091,2.6163
GRWG,1.42,1.36,1.43,1.36,526472.088179,1.4004
TK,14.09,13.64,14.12,13.64,464942.481999,14.0032
SITE,124.99,124.87,127.155,124.49,878521.381705,125.3078
SSUS,53.2257,53.33,53.651,53.13,54928.76068,53.2765
YORW,29.18,28.92,29.27,28.7,114404.23785,29.1288
EIIA,25.23,25.2,25.2927,25.1822,2597.4841,25.1441
SPH,19.6,19.0,19.6,18.7891,169271.134423,19.3429
OPRA,18.76,19.1,19.18,18.67,419131.224927,18.8262
BH.A,1592.36,1574.8,1601.0,1537.35,23217.002,1574.5552
UNH,369.74,366.64,369.81,364.72,5235407.961336,368.0901
HLN,9.3,9.14,9.36,9.05,25406760.766547,9.2369
SGLY,0.4447,0.4504,0.452,0.4257,39602.0,0.4393
QSR,79.14,76.49,79.36,75.71,5753666.943586,78.3975
HEQ,11.43,11.64,11.64,11.4,107321.5853,11.4717
IHD,7.29,7.34,7.415,7.25,99541.4605,7.3395
PNBK,1.19,1.06,1.26,1.05,458935.404759,1.126
SOFI,16.0,16.26,16.46,15.83,58428781.963423,16.1003
BKSY.WS,0.04,0.067,0.0749,0.0303,353630.0,0.04738
NHP,13.58,13.13,13.805,13.01,733571.884441,13.478
TDSpU,21.5,21.46,21.54,21.4,12185.4017,21.4883
MADE,36.6939,37.8,37.8,36.5899,20706.4618,36.9779
TFII,138.32,140.88,142.01,138.02,217963.486623,138.6541
BACpN,20.515,20.53,20.56,20.4601,81026.11969,20.516
LTBR,13.62,14.21,14.5,13.51,940688.941439,13.8977
VNOpL,17.98,17.76,17.98,17.56,15957.537,17.8247
MPLT,29.2,28.49,30.14,27.885,210467.756813,28.7103
EGAN,7.73,7.4,7.8,7.4,192268.782087,7.6696
IVZ,26.83,27.52,27.69,26.755,4832083.276743,26.9563
LEXX,0.6407,0.67,0.693199,0.6217,250797.111,0.6507
OPXS,10.71,10.87,10.9,10.66,5963.28508,10.8
KUST,3.83,4.09,4.09,3.6,47728.505357,3.93
AGPU,5.97,5.86,6.4,5.7682,417466.866684,6.1195
WINA,367.83,370.16,374.955,363.9201,41930.836822,368.1449
BLCR,48.9,49.41,49.41,48.72,328421.91729,48.9674
WTID,5.37,5.36,5.58,5.28,250615.308351,5.3912
ESTC,51.62,52.11,53.33,51.31,2455792.393444,52.0152
DOUG,2.06,2.13,2.165,2.0302,564922.127836,2.0863
CRNC,10.54,10.27,10.6899,10.13,1214788.272345,10.4741
NXP,14.28,14.48,14.48,14.2101,199179.444555,14.3124
ALUB.WS,0.41,0.37,0.41,0.37,500.0,0.386
NEEpT,52.09,52.59,52.59,51.81,27635.27648,52.0972
AVX,0.522,0.5415,0.5498,0.5202,89201.789222,0.5362
ISBA,41.54,40.66,41.54,39.75,31727.1736,40.6845
EGGS,38.9003,39.92,39.92,38.64,27567.440888,39.0261
RFpF,25.65,25.74,25.75,25.59,21600.095,25.6747
DXYZ,45.0,41.75,46.49,41.75,4009168.132981,44.0258
LEN,87.74,90.35,91.45,87.21,2406308.163891,88.1593
CRBG,27.45,28.05,28.35,27.25,11608061.312298,27.7186
CSWC,23.99,24.17,24.17,23.824,537663.921286,24.013
MTVA,1.33,1.37,1.39,1.3,127319.838157,1.3185
EIPX,31.95,32.09,32.09,31.688,22668.1322,31.9083
FSTR,40.36,40.96,40.96,39.11,123401.260153,40.2179
VTHR,322.24,324.94,324.94,321.8756,12496.615586,322.8584
FGL,1.89,1.92,1.955,1.78,44009.579668,1.8713
ZSQR,12.98,14.0,14.0,12.87,181121.5334,13.3375
AMPGR,0.0365,0.0499,0.0499,0.0331,21373.155106,0.03395
TOI,4.07,3.76,4.075,3.71,1950323.46654,3.9471
GLIBK,26.77,32.76,32.82,26.205,2917454.656301,27.2702
AVPT,10.32,10.57,11.14,10.21,5164570.307401,10.4879
SWBI,14.73,14.87,14.87,14.29,489789.632018,14.6309
BSCV,16.48,16.53,16.538,16.465,777832.96749,16.4973
JMM,5.815,5.83,5.85,5.78,20489.0079,5.8433
MLPD,25.2842,25.06,25.41,25.06,7454.9276,25.1808
CLB,13.45,13.51,13.74,13.05,542724.497562,13.3625
JSPR,0.9084,0.9515,0.9754,0.9,154750.72859,0.922
SKYY,129.49,130.19,131.11,128.49,237631.498502,129.9121
PKE,33.41,34.56,34.73,33.0701,233647.633918,33.8806
AKAN,37.19,35.61,37.9999,32.43,1388445.670281,36.1951
KLAC,1763.25,1817.31,1819.99,1746.0,1241562.027605,1769.8234
BCAX,23.09,23.8,23.8,22.6,345252.594739,23.1204
FFA,22.3,22.49,22.51,22.25,15626.604624,22.37
CNX,35.92,36.64,36.64,35.51,1987899.478907,35.8831
BRO,58.05,56.76,58.695,56.46,3431094.944961,58.0895
DRS,41.44,42.09,42.09,40.88,1150864.332336,41.365
ALLE,136.81,136.63,137.46,134.925,1485418.075076,136.4836
NCT,2.7599,2.75,2.9799,2.6701,11434.245289,2.7636
CZNC,21.78,21.68,22.0,21.5001,36149.762479,21.7753
AIZ,233.8,235.39,238.38,232.3,439256.474113,234.0978
BGR,15.94,15.96,15.99,15.73,139520.096298,15.8582
FSK,10.95,11.36,11.36,10.925,5132201.623443,11.0766
IDCC,278.77,278.0,281.5259,270.79,464491.735356,276.6911
CVEO,31.29,30.73,31.845,30.51,53215.471,31.4399
IONR,4.01,3.97,4.15,3.97,74149.078434,4.0759
HKPD,0.64,0.665,0.68,0.56,45941.0,0.6207
SDRL,47.71,48.53,48.55,46.775,627702.231915,47.5316
VERU,2.28,2.23,2.34,2.22,40855.110551,2.2733
HPE,29.7,30.03,30.05,29.31,15708626.05962,29.6504
NAZ,12.74,12.72,12.7599,12.705,10275.8104,12.7349
ADEA,27.42,29.39,29.43,27.125,2350140.079462,27.6924
RKLX,35.36,41.17,41.34,34.71,3650210.163732,38.4566
CXM,5.45,5.33,5.5865,5.33,4612303.412165,5.473
NMS,12.3301,12.45,12.45,12.33,17593.4859,12.3763
CWAN,24.3,24.34,24.35,24.28,7005633.61549,24.3158
WNC,7.8,7.86,8.08,7.765,692674.43627,7.8731
GWAV,3.89,3.92,3.96,3.7735,10824.825595,3.8467
CCAP,13.6,13.82,13.82,13.5,141799.242353,13.6069
OLP,23.32,22.89,23.45,22.885,53181.252808,23.2552
SPRB,56.57,57.08,57.3899,55.55,21364.198844,56.7019
MFIC,11.845,11.765,12.03,11.49,658739.474289,11.836
LFWD,6.76,7.17,7.17,6.69,5007.70241,6.7814
ITT,207.79,216.3,217.0,206.9,1045886.661127,208.9295
VLT,10.515,10.58,10.58,10.515,9625.07556,10.5448
ETpI,11.795,11.87,11.87,11.54,74420.8419,11.7174
HNDL,22.77,22.84,22.9,22.73,61245.062773,22.8235
VRE,18.98,18.96,18.98,18.95,843786.879386,18.9731
AQMS,5.14,5.61,5.61,5.11,45173.669732,5.315
PYZ,127.3618,131.98,131.98,127.3618,4381.7544,128.9918
MAMA,13.39,14.01,14.2488,13.37,666435.284507,13.6397
RR,2.68,2.71,2.85,2.6,19180453.11585,2.7076
ATHpE,25.4,25.42,25.535,25.4,22410.9156,25.4572
MRBK,18.09,18.0,18.475,17.99,70381.070896,18.2109
IGD,5.95,6.04,6.04,5.9,283674.495804,5.956
ECOW,28.2599,28.52,28.55,28.25,78444.9422,28.3438
VYGR,3.96,4.11,4.14,3.91,460251.265388,3.9883
FICO,1128.39,1075.0,1133.645,1075.0,324074.42953,1119.1467
MCHB,14.62,14.83,14.935,14.61,536112.87934,14.7192
JYD,4.85,4.7,4.8799,3.91,30734.0,4.5436
SEPN,23.98,24.77,25.045,23.4401,218327.20545,24.0614
NLY,22.38,22.52,22.5991,22.2,5018575.525516,22.355
FGNX,6.3,6.5,6.56,6.1,295641.279682,6.3591
BIBL,52.77,53.66,53.66,52.59,79688.042124,52.8262
ERIE,216.75,213.3,219.19,213.3,224939.785422,216.9623
NTGR,25.89,25.91,26.43,25.425,333316.876229,25.8706
BKE,52.36,54.42,54.5925,51.91,509874.737087,52.6144
CELC,130.71,137.43,137.43,126.76,1649566.795097,131.0022
JBSS,78.1,79.2,81.175,77.74,98058.539364,78.6915
OPAL,2.34,2.25,2.35,2.21,140185.385444,2.2994
INDV,39.6,40.61,41.0,39.37,3516226.444252,39.6567
KRBN,31.54,31.65,31.88,31.54,7858.806795,31.7077
FLIA,20.34,20.36,20.36,20.3001,106004.78549,20.3236
PXLW,5.61,5.78,5.8,5.56,56666.321262,5.6683
QSU,14.9,17.0,17.1354,14.1,113885.152015,15.7905
OPEG,6.4207,6.8,7.0,6.36,148744.0,6.4043
MAIN,56.6,56.97,57.065,56.41,617314.669498,56.7483
FLCG,33.98,34.27,34.29,33.94,1166756.0375,33.9629
AIR,117.82,119.61,121.59,117.25,340074.778402,118.5138
ATII,10.8,10.81,10.87,10.78,370320.21,10.8104
ZAP,33.59,34.28,34.43,33.55,174467.410664,33.8326
HYFT,1.2,1.26,1.3,1.2,116501.56755,1.2328
BKIE,98.7,100.39,100.41,98.542,20943.858,99.1122
DRH,10.66,10.74,10.9,10.64,2405202.238345,10.7417
DX,13.32,13.35,13.36,13.21,3246845.481872,13.308
KZIA,13.41,13.68,13.9199,13.07,59127.475,13.4102
FCN,161.85,160.58,163.67,159.69,550852.963765,162.1815
EVN,10.6,10.59,10.605,10.54,80106.3926,10.5852
CIBR,73.14,72.33,73.63,72.22,1519954.332748,73.0216
PIZ,58.1685,59.14,59.14,58.07,78167.974716,58.5456
ZSC,30.76,30.76,30.76,30.76,1180.3704,30.7603
GIB,68.09,67.06,69.57,66.76,502435.971402,68.672
MCK,754.76,739.9,755.85,729.68,2020750.741754,745.1038
RIG,6.17,6.16,6.22,6.0,33872027.473439,6.1352
SOBO,35.11,34.32,35.225,33.965,1658531.855627,34.9015
CLAR,2.89,2.93,2.995,2.88,323717.44173,2.9448
SCHWpD,24.97,25.0,25.05,24.95,47327.6616,24.9878
ALM,19.82,21.04,21.36,19.55,4862369.40332,20.2211
DDTY,19.9,19.94,19.96,19.89,94030.0,19.9065
CYCN,3.15,3.19,3.2,3.09,86873.816,3.1314
BTGO,11.31,11.81,11.86,11.19,359412.879797,11.4207
FTEK,1.53,1.39,1.53,1.382,248098.575733,1.4874
BORR,5.84,5.96,5.96,5.72,6462171.718829,5.8403
ACV,27.16,27.75,27.75,27.03,17049.929331,27.311
GENB,13.585,14.78,15.4,13.545,318064.107534,14.0855
SCD,15.16,15.32,15.32,15.15,45524.92189,15.2102
CSMD,33.72,34.36,34.36,33.615,76938.028,33.7885
BIYA,1.16,1.16,1.2499,1.16,840098.271641,1.1834
NCVpA,20.84,20.83,20.96,20.77,6077.3761,20.8276
GOOY,15.48,15.59,15.59,15.325,669571.625083,15.4347
CHH,106.53,105.95,107.635,104.83,511716.24723,106.4392
NGVT,74.07,75.54,77.23,73.41,436673.512386,74.9491
OCS,31.09,31.0,31.33,29.44,582754.07189,30.6346
OGC,30.34,31.55,31.7,29.89,696079.691707,30.4147
RVMD,142.51,148.8,149.785,142.08,3175037.341266,143.4043
AGNCZ,25.45,25.51,25.63,25.45,31101.662,25.487
AKTS,18.84,19.98,20.165,18.76,171515.071331,19.2138
SIXD,30.375,30.45,30.45,30.375,411.0,30.4498
OVBC,44.96,45.0,45.065,44.96,7931.0206,44.9946
ANDE,70.81,69.2,72.021,68.37,781617.257304,70.4964
ELBM,0.657,0.6765,0.6765,0.64,1192535.754478,0.6578
LOVE,15.62,15.78,15.83,15.215,103021.192809,15.5362
KBWP,118.18,117.46,118.685,117.22,7027.432577,118.0587
NSYS,12.52,13.32,13.49,12.305,10440.0,12.7542
SEZL,99.82,100.66,114.14,94.88,3311698.548004,103.3117
NAMS,34.85,33.04,35.35,31.12,2500287.676055,33.5253
CWH,7.59,7.91,8.03,7.45,2289614.239034,7.6328
AGRZ,0.3595,0.37,0.37,0.344,48978.862144,0.3555
CTRE,39.5,39.45,39.67,38.81,2164662.338031,39.368
ASBP,0.155,0.21995,0.235,0.1218,161637620.872747,0.2176
PROK,1.88,1.96,1.97,1.81,847464.741059,1.8726
FCNCA,1953.42,1994.16,2002.91,1949.81,77719.215207,1959.992
ACII,25.605,25.57,25.74,25.47,40785.1765,25.6302
ALG,166.2,172.82,172.82,165.42,253414.810193,167.5361
JBGS,15.41,15.91,16.17,15.41,2434013.530226,15.5061
PALI,1.99,1.99,2.04,1.91,3957203.538894,1.9842
HRI,131.89,137.05,138.46,131.02,607702.011941,133.9121
VIVS,1.41,1.48,1.48,1.41,50516.781265,1.4675
LIND,21.15,21.86,22.34,20.8,1070970.063116,21.2443
HPF,16.16,16.18,16.2,16.0616,31188.70262,16.1539
ENDW,33.7127,34.08,34.08,33.7,15901.388237,33.8051
FPF,18.44,18.29,18.47,18.29,92777.33591,18.3943
OKTG,11.4648,11.11,12.03,11.11,36548.682,11.5415
SWMR,27.72,29.0,29.22,26.55,369977.955091,27.9443
SYFpB,26.04,25.97,26.18,25.97,26250.3199,26.0678
CASH,87.55,87.61,88.7299,86.92,165767.36917,87.5035
BOXL,1.0,1.04,1.04,1.0,32180.155063,1.0233
DFIP,42.125,42.21,42.21,42.09,92020.1353,42.1295
LSCC,119.92,125.36,126.63,118.19,3173851.793009,120.3512
BKD,13.56,13.23,13.79,12.6627,9845276.220269,13.3434
FTCS,92.5,92.94,93.23,92.36,796425.747802,92.6929
BIVI,1.54,1.66,1.722,1.54,169686.807977,1.6014
GRAL,62.92,63.5,64.68,61.04,643195.0972,62.881
IBDT,25.24,25.26,25.28,25.23,341481.11498,25.2477
MSIF,13.04,12.92,13.05,12.75,352450.722585,12.9191
MRSK,37.655,37.86,38.08,37.655,29207.3457,37.8608
HLX,9.83,9.73,9.85,9.43,1996960.524157,9.7118
SSM,4.85,6.09,6.1999,4.68,72930.981744,5.2256
CGUI,25.325,25.34,25.34,25.311,110820.79242,25.3236
SREA,21.47,21.56,21.565,21.45,35207.998,21.5006
NVMI,504.54,530.0,530.0,496.48,330124.898626,505.954
GGZ,16.09,16.09,16.195,16.09,5657.722,16.1321
BKV,28.95,29.98,29.98,27.66,1911802.714226,28.8315
ASMG,40.6372,42.46,42.46,39.93,128185.518648,41.2897
PARR,62.25,60.42,62.36,58.6401,1442225.87659,61.1467
ABRpF,23.51,23.38,23.6,23.38,13997.2737,23.4396
ETB,15.34,15.51,15.51,15.27,57752.0619,15.3434
HZO,32.86,31.22,33.15,30.52,859737.080179,32.1831
GNW,9.14,9.13,9.28,9.105,3196691.52484,9.1723
CXSE,40.9538,41.35,41.35,40.9138,20888.7543,41.0398
JPSE,57.78,58.64,58.64,57.78,25739.1439,57.9392
MRAL,65.17,65.34,68.61,60.2065,114710.952321,65.5864
CAMP,4.34,4.01,4.35,4.0,46455.931722,4.23
FINW,14.0,13.48,14.2399,13.48,19006.5564,14.0003
SCLXW,0.18,0.1998,0.1998,0.18,4143.0,0.1811
NNN,44.51,44.54,44.76,44.07,1743455.371491,44.509
KIDS,17.57,17.27,17.74,17.25,200504.760386,17.514
TEL,210.06,216.11,217.06,207.48,2406179.595857,211.5569
CLBR.U,10.21,10.12,10.25,10.12,1819.0,10.1488
EPRT,31.47,31.41,31.57,31.08,1680011.172104,31.354
NFJ,14.38,14.61,14.61,14.3,167497.1755,14.4182
NCNO,17.78,17.83,18.25,17.735,1948813.964729,17.8828
AMBR,2.2,2.16,2.29,2.1587,15625.116991,2.2002
BSX,56.57,56.84,58.18,56.4,25541289.598749,57.0475
DVYA,50.605,51.25,51.25,50.605,5173.8616,51.0064
WPP,18.76,18.7,19.09,18.7,343877.27793,18.8485
EQPT,20.6,20.71,21.34,20.46,2392157.410026,20.8106
BMEZ,14.08,14.25,14.26,14.04,147525.621292,14.1162
TONX,3.25,3.13,3.415,3.08,741809.607076,3.2373
FEIM,54.81,57.5,57.5,54.06,109391.233477,55.2226
CCK,101.09,102.02,102.41,100.36,1494810.332081,101.2698
SAGT,1.64,1.61,1.65,1.54,201355.464338,1.5927
BPRE,16.18,16.24,16.2999,16.0,525800.486177,16.0977
GEMI,4.75,4.95,5.02,4.68,1614787.225892,4.7652
CLH,282.37,290.94,292.72,280.63,1409678.632391,286.1858
VLTO,88.73,86.71,89.445,86.64,2659180.756293,88.6854
LASE,0.7236,0.768,0.79,0.7235,1342175.518078,0.7725
LEO,6.44,6.44,6.48,6.43,199940.322481,6.4533
ENLV,0.8031,0.8331,0.8498,0.793,190263.086348,0.8125
SXC,7.32,7.26,7.385,7.205,1880515.242342,7.2956
RCD,22.4107,22.35,22.4151,22.305,9546.5202,22.3639
GOODO,20.32,20.25,20.3858,20.19,7584.5725,20.2639
INDZ,24.905,25.22,25.22,24.905,28192.0,25.0162
EWBC,121.93,125.22,125.31,121.53,1217073.945093,122.3498
MTG,26.58,26.34,26.82,26.21,3048537.695924,26.5299
XBTY,6.995,7.0,7.07,6.95,75539.736008,6.9988
FMET,37.8423,37.93,38.28,37.74,4636.3157,37.9199
DRUG,88.815,89.32,90.075,87.01,140146.592077,88.9147
LABT,3.3,3.17,3.4,3.17,367723.106062,3.298
NMAI,13.97,13.99,14.03,13.85,88354.675504,13.9842
KORP,46.68,46.87,46.87,46.645,93339.65147,46.7193
RNAC,8.16,8.35,8.46,7.917,181013.545936,8.0967
RPAY,3.49,3.42,3.56,3.4001,498771.343622,3.4988
MYN,10.04,10.07,10.08,10.0001,159150.678321,10.03
AIFF,1.9,1.95,1.95,1.825,356109.389483,1.8751
SDVY,41.8,42.58,42.61,41.7356,902357.637226,41.9869
AGAE,0.52,0.5349,0.54,0.4751,874622.96938,0.5006
LITS,1.14,1.19,1.195,1.14,478510.180146,1.1687
LOMA,11.1,11.77,11.9,11.08,299890.036419,11.2844
BTO,37.25,37.83,37.83,37.0539,45568.011506,37.43
CHAI,1.31,1.33,1.36,1.3,78120.186313,1.3233
VOYG,25.62,26.99,26.99,25.43,2238339.844826,26.0165
MLEC,8.98,8.82,8.99,8.1066,44075.83356,8.6851
NPKI,15.43,15.75,16.14,15.37,1080686.492369,15.5661
WDS,21.91,21.76,22.05,21.515,1132723.826685,21.7662
BAK,3.69,3.93,3.965,3.69,1304578.633643,3.7568
VIK,83.97,86.64,86.74,83.6,4728470.779895,84.5037
KITT,2.25,2.2,2.47,2.1912,472339.380875,2.3426
PVL,1.89,1.88,1.92,1.88,32281.0792,1.8941
NEA,11.59,11.6,11.635,11.543,611865.664916,11.5797
FISI,35.41,35.35,35.645,34.935,79736.24837,35.4217
MNSB,23.51,23.36,23.7,23.35,23327.188211,23.4767
DSL,11.16,11.17,11.2,11.13,314906.231744,11.1745
RHI,27.4,26.38,27.93,26.38,1704368.404263,27.3964
KYTX,9.3,9.43,9.5,9.105,431255.599916,9.2734
CVLG,33.18,33.06,33.31,32.52,124226.418954,33.0487
AVS,7.575,7.41,7.68,7.34,2525471.591718,7.5439
SU,63.74,63.29,64.22,62.74,3241800.781284,63.5487
RS,369.1,375.0,377.36,368.76,354094.452234,370.3376
LXFR,15.52,16.0,16.0,15.45,141887.779238,15.6104
MSEX,51.41,51.0,52.075,50.46,138125.855342,51.5489
DYAI,0.745,0.75,0.75,0.7411,9731.0,0.7473
MRSH,166.03,162.85,167.64,162.85,2928491.87788,166.293
OCFC,18.88,19.03,19.16,18.86,481327.47214,18.9638
SID,1.34,1.39,1.39,1.34,2964899.873393,1.3657
CWD,0.9602,1.01,1.01,0.95,106271.6091,0.993
HTLD,12.98,13.17,13.25,12.94,358276.759876,13.0163
WCC,350.88,367.92,368.9,347.77,728963.390208,353.7493
HSBC,88.97,91.49,91.54,88.87,1838556.143849,89.9794
REXRpC,20.96,21.0,21.0,20.9341,4340.7834,20.9577
XPEL,43.96,43.59,45.655,41.77,548822.646333,44.2111
PRAA,20.88,21.54,21.69,20.74,646784.70759,21.0143
RILYP,14.67,14.6,14.8,14.47,16342.5404,14.6389
YBMN,16.1303,16.26,16.54,15.8,5819.1813,16.1994
OTLY,10.77,10.8,10.9,10.59,62941.542478,10.7391
CRAN,10.02,10.0,10.02,10.0,117704.0,10.0113
BME,39.16,39.26,39.45,39.11,44304.0614,39.2349
PRIFpD,25.14,25.14,25.14,25.14,109.0,25.1331
SNT,2.7,2.68,2.849,2.64,12258.288893,2.7357
GLXU,11.905,12.66,12.8563,11.23,248362.02406,12.1173
CHSCP,27.75,27.75,27.84,27.7,6286.8799,27.741
DOCS,26.03,26.06,26.45,25.75,2173565.426991,26.0512
VCIG,0.8973,0.8965,0.9565,0.8525,365949.0,0.9227
MFA,9.75,9.75,9.82,9.7,1852159.44278,9.7556
CFRpB,17.06,17.05,17.13,17.03,28399.5194,17.0703
SINT,2.39,2.4,2.5022,2.3709,10482.737951,2.4445
BWpA,21.46,21.75,21.75,21.43,16801.0607,21.5711
LRN,91.66,92.18,92.91,90.615,752386.812513,91.6923
HOOG,19.24,20.41,20.77,18.77,668215.912246,19.6363
BBVA,21.87,22.34,22.41,21.81,1693149.073396,22.0777
ISTR,28.47,28.32,28.66,28.32,218293.832628,28.5088
CVI,32.58,31.96,32.65,31.16,928240.763614,32.1928
CAKE,60.8,60.15,60.86,58.6986,1000734.673461,60.4582
YIBO,1.14,1.2,1.2,1.09,6543.0,1.1221
ONDU,7.76,8.4,8.4,7.59,65748.539196,7.8782
CODX,1.93,1.61,2.0,1.61,369470.92123,1.8721
HEI,289.6,299.21,301.095,287.68,1035369.220306,291.8607
RPC,8.46,8.46,8.88,8.28,437956.57894,8.4478
INBS,2.29,2.33,2.41,2.27,48206.331858,2.3202
STN,91.14,92.27,92.98,90.89,353984.189512,91.409
SNDR,30.65,31.07,31.11,30.37,1009707.658395,30.7033
CUBE,40.25,40.1,40.56,39.86,2412565.612586,40.2695
BSJV,26.315,26.36,26.45,26.2702,18956.9305,26.3841
PNFPpB,26.15,26.2,26.36,26.05,17581.4543,26.2278
BOW,26.36,24.72,26.39,24.72,370675.618851,25.8748
MED,12.69,12.66,12.9,12.5,193609.275528,12.7007
SUPN,52.28,51.45,52.5,49.78,1055334.522391,52.0624
NFLU,26.2,26.41,26.73,26.1,98715.290296,26.4109
REXR,36.09,36.3,36.59,35.975,1885280.366846,36.1776
COTY,2.5,2.65,2.705,2.45,11078957.226404,2.5045
KC,16.01,16.005,16.22,15.8,1460985.848407,15.9652
MTN,125.26,125.74,127.005,124.71,613230.667746,125.5379
CELGr,0.1058,0.11,0.11,0.1058,7118.0,0.1094
VMO,9.76,9.83,9.83,9.76,229904.173909,9.7849
STFS,8.0,6.8,8.3699,6.28,252886.361675,7.4902
DYTA,30.6103,30.68,30.78,30.58,6545.7284,30.6548
STM,55.9,57.74,57.89,55.2,10745939.072112,56.2845
PGZ,10.09,10.12,10.26,9.98,14829.696016,10.1093
IBTI,22.18,22.21,22.21,22.17,460025.665772,22.1832
TIGR,6.43,6.945,6.9499,6.41,3571655.563842,6.5931
MCB,90.15,91.03,91.9825,89.38,69393.659132,90.6504
BHVN,9.74,10.0,10.105,9.61,1261071.894722,9.7715
HOV,108.28,110.15,111.1,107.72,122031.402917,108.8569
SUSL,130.07,130.26,130.5125,129.72,30522.973403,129.9336
RCMT,28.59,29.91,30.0,28.26,77652.645493,28.8949
RDY,13.43,13.58,13.65,13.43,3140549.011118,13.5059
PBRG,44.27,44.7,44.7,43.0,4050.168,43.5794
MHD,11.86,11.9,11.9,11.82,257263.3944,11.8651
AMZA,46.87,46.79,46.87,45.5001,29858.797663,46.2263
TENB,21.54,21.68,22.17,21.33,3493835.817888,21.6615
PDBA,37.1141,37.11,37.18,36.85,91699.422849,37.0417
PRM,29.36,27.91,29.38,27.42,2709529.009748,28.8984
SES,0.921,0.9799,0.9799,0.901,11076932.696173,0.9313
CAE,27.01,27.04,27.31,26.92,672509.673234,27.0612
ANAB,66.96,66.53,68.69,62.07,1414855.626299,65.3257
FYT,66.6494,66.92,67.1,66.615,4200.3054,66.8807
AMPY,5.44,5.41,5.485,5.2,966961.712274,5.3559
LUNG,1.27,1.29,1.365,1.26,400495.01605,1.2921
TS,58.96,59.11,59.58,57.74,4636561.014028,58.6063
GOLF,89.53,86.14,89.93,86.11,509724.321442,88.8655
MERpK,25.4999,25.63,25.635,25.45,53243.658,25.5106
DINO,70.5,69.98,70.78,68.7,2779226.361493,70.1377
ULS,99.41,104.85,104.85,97.89,901509.329063,99.9154
SPTX,15.5,16.05,16.08,14.85,429745.546,15.4227
RNXT,0.8801,0.9,0.9281,0.88,205616.830742,0.8958
DEA,23.3,22.83,23.3,22.7741,470871.885423,23.1682
WIA,8.17,8.21,8.23,8.14,116948.1513,8.2029
FNRN,17.72,17.5,17.845,17.49,60013.8697,17.7021
CSAN,4.18,4.22,4.24,4.125,1260780.025119,4.1821
AVGU,44.9864,47.03,48.0,43.75,47327.682516,45.2281
CVNA,80.004,78.36,80.608,77.58,9935234.30516,79.3576
MFDX,41.8719,42.451,42.451,41.8,7526.7875,42.0426
FEPI,44.43,44.16,44.66,44.16,180220.967137,44.4134
FAAA,50.1346,50.15,50.15,50.12,7070.343,50.1356
CPAY,305.75,308.6,312.93,301.03,731445.538099,305.6388
CALY,14.77,14.85,14.9,14.55,4995941.979409,14.721
WIW,8.52,8.57,8.57,8.5001,338993.271066,8.5208
MG,18.74,18.56,19.39,18.55,206616.800985,18.9248
FMX,119.91,122.45,123.25,119.12,759273.202753,120.8702
SMZ,22.04,20.88,22.9,20.34,93030.003996,22.7954
QURE,24.15,22.59,24.25,22.59,1943050.41675,23.4976
BZAI,1.83,1.88,1.88,1.74,9051830.934262,1.8149
DOMH,3.29,3.3,3.34,3.2101,69422.478328,3.2877
AHRT,6.4,6.45,6.495,6.395,618205.950557,6.4319
DAVA,4.14,4.17,4.206,4.05,692146.083088,4.1075
AAPB,34.2153,34.68,35.37,34.12,280200.772243,34.8235
HTT,2.26,2.41,2.41,2.25,93286.030062,2.2989
LEU,206.3,232.0,235.0,204.22,1286037.974121,213.381
JSML,83.8,85.63,85.63,83.29,22559.202,84.3295
NPCT,10.53,10.6,10.63,10.5,110792.098794,10.5452
KRYS,296.7,288.99,297.48,279.7355,602771.579182,291.7511
GXAI,1.22,1.25,1.27,1.22,289704.488941,1.2431
CMRE,17.39,17.39,17.54,16.93,641909.401213,17.3881
ABT,87.01,86.32,88.3,86.25,13272930.177989,87.2469
FOR,27.26,27.15,27.44,26.575,139403.268675,27.2123
BKH,75.22,72.51,76.63,71.8,1275253.487553,75.2408
ACRV,2.03,2.08,2.095,2.0015,454129.32837,2.0407
HHH,63.52,64.49,65.0,63.38,656114.074548,64.2062
LOOP,1.41,1.39,1.48,1.39,20131.751276,1.4363
ARESpB,41.0,41.47,41.47,40.45,66542.8492,40.8784
EML,22.57,22.6,22.875,22.52,12497.008305,22.6619
MVSTW,0.032467,0.03,0.034399,0.0287,87257.0,0.03081
ILCG,113.58,114.19,114.66,113.245,204371.126128,113.6041
HY,36.86,37.14,38.51,36.1,84948.55797,36.9715
BCSS,10.16,10.15,10.16,10.15,140773.0,10.1511
KSPI,86.69,87.3,89.175,86.2,326408.100585,87.5248
FTCB,20.94,21.04,21.04,20.94,504921.0128,20.97
GLDI,167.24,167.11,167.85,166.37,14254.317707,167.2295
YLDE,55.4129,55.72,55.72,55.3152,13725.515854,55.5037
GILT,18.84,19.68,19.78,18.355,568364.803231,18.9453
IJJ,141.34,143.25,143.28,141.29,148488.611152,142.1191
BCAR,10.71,10.72,10.78,10.53,1250345.784439,10.6721
BHR,2.75,2.63,2.77,2.625,490756.37526,2.7205
SD,14.99,15.16,15.63,14.7,438550.652264,15.0266
MAA,130.36,130.04,131.43,130.04,1113258.168034,130.6413
UYLD,51.075,51.11,51.11,51.0701,166605.7062,51.0899
MLAB,106.12,105.36,109.49,104.88,121637.544257,106.4771
FIX,1942.02,2002.0,2002.0,1902.09,506149.869007,1936.6557
TME,9.27,9.65,9.68,9.24,12444299.609633,9.3139
DRVN,13.75,13.47,13.845,13.42,1103024.1029,13.7273
QXQ,30.9521,31.05,31.19,30.92,4049.1158,31.0299
NLOP,13.11,13.04,13.235,13.0201,113310.732895,13.1242
LZM,5.63,5.73,6.03,5.63,865126.110403,5.8053
AVIV,78.34,79.47,79.49,78.27,94757.976993,78.7539
AN,205.29,204.42,206.995,202.0,272420.469646,204.9391
IEI,117.87,118.27,118.27,117.8245,1096697.458489,117.9718
GXDW,28.2285,29.0,29.0,28.13,826.646053,28.3651
CF,118.68,114.1,119.605,113.31,5444468.222184,117.5269
HSIC,70.5,72.55,73.25,69.81,2949371.61633,70.5714
ACHR,6.28,6.33,6.5,6.15,59688716.458659,6.319
COPJ,42.28,42.7,43.675,41.93,92415.305548,42.8603
FHN,24.47,25.15,25.24,24.47,3952124.301517,24.6122
BACpL,1226.65,1226.9,1227.0,1219.49,5386.8631,1224.4972
JENA,10.28,10.27,10.28,10.27,5400.0,10.2793
KEYpJ,21.33,21.23,21.3799,21.17,35748.4304,21.3072
JANW,38.2164,38.26,38.3199,38.19,32619.40777,38.2697
MDXG,3.69,3.66,3.72,3.62,1529730.170174,3.6762
EFX,175.62,173.89,178.3,173.89,1814460.437946,175.9688
LAD,291.1,290.96,294.9489,287.03,189119.684039,290.8561
FLC,17.11,17.14,17.17,17.0,19423.724857,17.1194
QTI,7.0,7.12,7.17,6.81,42544.76589,7.0797
TENpE,26.8,26.75,26.83,26.75,2081.8145,26.8034
CRCT,4.36,4.46,4.51,4.21,650004.506045,4.3691
DIME,9.37,9.45,9.5,9.19,6964.041174,9.3829
PSNY,19.9,17.0,20.52,16.85,157408.508449,19.212
RGT,14.43,14.68,14.705,14.43,8301.5899,14.5523
SWK,80.2,81.55,82.36,79.71,1474061.176839,80.3181
CMU,3.53,3.53,3.56,3.52,59102.2773,3.5326
WOMN,42.2879,42.43,42.43,42.285,1123.1121,42.3655
MAGN,11.75,11.16,12.92,10.63,1225572.833905,11.9704
PRSD,25.0198,25.07,25.07,24.97,12690.3076,25.0314
METC,14.77,15.65,15.73,14.755,917572.611764,15.0747
FIGR,37.51,37.63,37.75,36.3,2458462.644424,37.2043
EQHpC,16.48,16.44,16.48,16.32,15483.0663,16.3968
PAVS,1.26,1.23,1.33,1.23,49340.986651,1.2699
WDH,1.59,1.6,1.63,1.575,150589.188058,1.599
IRM,126.81,132.0,132.685,125.3,2182457.081107,127.5754
FSCO,5.15,5.13,5.2,5.11,1110262.298586,5.1408
NXPL,6.98,7.13,7.4,6.86,13212.7,7.1384
OAKpA,20.8664,21.1,21.1,20.6119,3283.8414,20.8174
HMY,17.59,18.335,18.6,17.54,8938854.859034,17.9909
FIVE,221.25,236.28,240.09,220.815,1088367.761133,224.1973
TPR,130.52,135.36,140.0,128.76,6457815.84203,133.5247
FTK,16.2,16.08,17.17,15.75,417406.853523,16.1658
GTES,25.98,26.91,26.99,25.86,2262101.734507,26.1684
CPF,34.67,35.03,35.03,34.58,100706.023825,34.733
NXDR,1.92,1.8,1.99,1.8,9062804.012798,1.9155
KRG,26.72,26.69,26.75,26.365,4715337.305918,26.701
MDAI,2.25,2.23,2.295,2.185,455286.029511,2.2447
ESE,332.77,337.4,342.23,330.31,300210.56164,334.1437
GSLpB,26.925,26.97,27.0599,26.925,3764.3881,26.9763
MRNO,0.2215,0.236,0.237,0.2212,289305.067302,0.2296
CHW,8.72,8.8,8.8,8.67,171190.658508,8.7357
JHAI,32.0559,32.56,32.56,31.91,14157.54832,31.9768
BNC,3.15,3.2,3.25,3.12,122733.142651,3.1902
AOUT,9.605,9.54,9.9,9.4472,30776.811748,9.7039
SWVL,1.84,1.82,1.945,1.82,15730.504304,1.8591
OZK,48.33,49.08,49.35,48.115,1009145.872728,48.5081
VIOT,0.9922,1.02,1.04,0.9905,184460.0,1.0045
AGMpD,20.68,20.56,20.68,20.56,1635.2863,20.6555
GTX,27.03,26.99,27.79,26.8,3496858.971016,27.2229
IG,20.61,20.67,20.68,20.6,18141.5928,20.6467
SATL,6.62,6.91,7.02,6.495,6790374.453417,6.7643
ALRM,47.0,46.22,47.705,46.22,621624.631289,47.0798
CAAP,25.78,26.0,26.2,25.5,160974.858669,25.7942
IFRX,2.65,2.39,2.9489,2.33,8839474.499036,2.6876
FULT,21.45,21.82,21.95,21.425,1377659.814446,21.5644
DCOM,37.04,37.3,37.87,37.02,491310.965335,37.2992
PACK,6.38,6.34,6.67,6.34,890161.371043,6.447
XBCI,47.4989,48.18,48.24,47.12,103872.900421,47.6136
LESL,1.43,1.53,1.79,1.37,137596.69627,1.4548
LUV,41.39,41.87,42.3899,40.57,7481352.07591,41.4815
AMN,22.45,21.13,22.81,21.0,1755488.479392,22.4217
EWL,61.1,62.35,62.68,61.08,422076.41372,61.6083
DUO,1.53,1.57,1.6,1.52,65887.264911,1.5502
FGI,6.78,7.68,7.8499,6.68,66771.341979,7.2467
THC,194.13,194.71,197.845,191.06,1485927.18554,194.7214
ECPG,82.22,90.585,92.64,79.9,1008825.127156,82.2984
SMC,30.44,31.3,31.325,28.49,54948.318742,30.1655
BULD,31.925,32.55,32.55,31.76,2471.0806,32.0999
DMAC,6.53,6.44,6.535,5.88,308958.578364,6.2698
SEALpB,25.7,25.65,25.8,25.65,8380.877,25.6909
ATIIW,1.85,1.84,2.0,1.59,206212.238565,1.8494
FEP,58.41,59.46,59.46,58.41,54517.895419,58.5803
LEVI,22.75,23.24,23.41,22.515,3312835.996022,22.8814
CVRX,7.32,7.14,7.36,7.0622,162632.795317,7.2472
RITA,20.8023,21.42,21.42,20.8023,582.934956,21.0623
THMR,26.3997,26.44,26.49,26.36,69363.336,26.4302
DKS,222.2,226.29,227.05,219.72,749939.793809,222.0238
AWR,76.84,74.45,77.66,73.89,346860.170472,76.6895
MH,11.99,11.78,12.025,11.75,332449.59801,11.9336
ABNY,42.7001,42.995,42.995,42.226,7554.489437,42.6032
CHTR,160.24,156.0,163.2,156.0,2231989.962764,160.5468
MATE,29.5963,29.76,29.76,29.5963,5516.63962,29.6876
EOT,17.05,17.08,17.22,17.01,31418.96801,17.0927
BIOX,0.4728,0.48,0.4995,0.4701,150362.897569,0.483
STTpG,22.22,22.25,22.27,22.18,34080.4655,22.2294
ONC,317.0,313.8,318.0,308.42,441188.457004,314.7183
NWGL,0.902,0.956,0.9968,0.88999,306426.0,0.9486
SMRT,1.14,1.17,1.195,1.11,957968.061352,1.151
PSLV,25.58,26.12,26.56,25.47,10574612.168917,25.9869
CMSA,22.05,22.04,22.06,21.9601,10964.789,22.0304
ADM,77.53,78.4,79.7199,76.64,4879596.296125,77.6422
FTAI,272.54,285.56,288.0,268.21,1764013.196271,275.638
MSA,171.9,175.79,178.755,171.29,420833.270524,173.5704
XPAY,54.0,54.46,54.46,53.88,77610.67298,54.2037
NMAX,6.15,6.05,6.24,6.01,1199920.46095,6.1452
SKE,30.34,32.23,32.4799,30.16,1615751.322554,30.7672
AUSF,48.5,48.7,48.7,48.355,26597.321,48.5124
FPXI,72.4255,74.29,74.29,72.2,20696.00573,73.0616
GROW,2.62,2.65,2.67,2.62,17946.270646,2.6301
ACRS,4.86,4.665,4.885,4.56,1136673.438922,4.7272
TPG,44.48,45.12,45.65,44.15,2063079.956775,44.5049
CPXR,29.08,29.78,29.849,28.95,32215.385048,29.5549
RBC,611.54,627.51,632.0,611.18,180873.350431,615.1071
TTE,88.73,88.77,88.955,87.73,988661.436015,88.4992
VGM,10.46,10.54,10.55,10.41,171221.0421,10.4582
EVC,6.95,7.81,7.89,6.59,5773172.750417,7.1641
BNJ,15.23,15.11,15.235,15.11,8235.57,15.1843
CRVO,3.8,3.76,3.85,3.7,81246.052923,3.7933
SGI,70.67,78.69,79.28,70.1301,7272836.428056,72.5098
CIMpA,21.35,21.58,21.58,21.35,3689.6001,21.4227
TTI,9.77,9.86,10.06,9.68,1711885.522148,9.842
FBP,23.99,24.26,24.36,23.95,1137760.429091,24.0773
FMBH,43.71,43.7,44.08,43.47,88802.3263,43.753
AMPL,5.91,6.06,6.26,5.635,8075126.943849,5.8947
COMT,34.67,33.85,34.855,33.64,3465764.8869,34.3812
NCTY,5.66,5.88,5.91,5.64,30804.0,5.765
MP,69.13,73.21,73.58,68.2,8668859.204961,70.2897
SERA,1.92,1.71,1.97,1.62,118762.776204,1.7484
DXC,12.01,11.66,12.135,11.66,6195529.246009,11.9206
NRDS,9.77,9.15,10.29,9.07,2459157.329361,9.5367
PLOW,45.23,46.05,46.9978,45.14,245560.637573,45.7632
ECG,158.42,168.62,168.62,153.83,949280.966773,157.3686
DCH,5.78,5.85,5.9,5.68,5750654.44607,5.7723
FRMM,4.78,4.82,5.0,4.6044,250830.646417,4.794
CSGS,80.39,80.37,80.545,80.3,418447.926946,80.3752
ODD,14.89,14.96,15.805,14.89,1487455.825813,15.234
BBWI,19.3,19.33,19.75,18.75,5069915.092853,19.1515
EYE,22.83,22.77,23.91,22.49,1129605.733731,22.8879
NGG,85.91,87.23,87.23,85.86,843151.651052,86.4122
SCEpN,23.91,23.96,24.0099,23.91,15301.2166,23.9545
ONMD,0.9776,0.9634,0.996,0.9305,472747.216695,0.9585
EMPD,4.94,5.09,5.16,4.88,287392.462391,4.9792
BDRX,4.86,4.49,5.08,4.32,140656.333372,4.705
QGRW,64.1,64.39,64.795,63.915,603622.689605,64.1731
MSpI,25.11,25.12,25.16,25.08,25347.1135,25.1147
OPY,95.03,96.39,96.8,94.325,46419.177676,95.2978
BALY,13.05,13.29,13.29,12.8963,26323.063711,13.0431
PNR,78.96,80.24,81.12,78.83,1899453.829873,79.7349
NVRI,19.21,19.22,19.305,18.97,850459.71587,19.1878
FELE,99.94,101.12,102.34,99.88,390527.933898,100.373
LCII,116.43,118.16,118.86,115.54,346891.174035,116.5489
MOGU,2.23,2.25,2.35,2.21,7303.0,2.2994
BAER,1.73,1.83,1.9373,1.65,1972265.606445,1.7349
GSIT,8.14,8.7,8.76,7.87,1523228.238169,8.1905
CLDX,33.32,34.25,34.25,32.58,886620.250406,33.4312
WWD,370.77,384.71,387.19,369.18,817758.712412,373.2513
MDXH,2.01,2.04,2.05,1.98,139547.599202,2.0031
AX,87.67,88.52,89.28,87.37,336431.044719,87.959
NXRT,29.85,30.01,30.48,29.69,211199.745886,30.0179
PDD,101.51,100.78,102.85,100.77,6191485.131819,101.6667
INNV,8.08,8.23,8.3,8.05,259462.666718,8.166
FDIV,27.4012,27.5,27.5,27.34,2271.7317,27.4078
EUDA,13.44,13.03,14.2524,13.0,26098.602645,13.3626
MRKR,1.44,1.47,1.5171,1.41,60820.528784,1.4441
CHPS,79.46,81.08,81.65,79.12,28773.179264,80.3814
TDIC,1.18,1.2,1.2462,1.15,21256.0,1.1851
GPOR,178.8,180.38,181.99,175.49,557769.010786,178.5443
FCHL,2.29,2.6,2.8,2.08,289848.669564,2.485
PVLA,113.26,129.05,129.05,111.06,571438.624765,115.714
FTMU,7.85,7.86,7.88,7.85,208563.334979,7.8645
CXH,8.36,8.38,8.38,8.35,111310.8358,8.354
LZB,35.56,35.47,36.0,35.16,375246.25829,35.4857
TVAL,39.73,40.18,40.18,39.67,41965.3937,39.7892
MS,190.17,193.16,194.25,189.67,5761867.569324,190.8657
FEMS,48.4254,49.41,49.42,48.27,36503.1204,48.7493
JSMD,91.0553,93.71,93.71,90.81,197603.8143,91.3764
MARPS,4.85,4.86,4.98,4.85,3931.0565,4.8885
FTNJ,8.78,8.79,8.79,8.75,48628.4615,8.7691
PDDL,20.995,20.8,21.38,20.8,28202.0,20.9691
CPSH,3.75,3.71,3.91,3.63,313676.474754,3.7631
KURA,9.32,9.56,9.61,9.05,947755.399377,9.2889
BBDO,3.33,3.49,3.49,3.31,31179.803225,3.3497
RAL,45.88,47.32,47.32,45.48,1303675.240445,45.9902
ELIL,21.17,21.5,21.57,20.9422,341019.360217,21.0709
TEXN,32.0518,32.3805,32.3805,32.0518,599.4865,32.1328
FGSN,21.63,21.67,21.7,21.51,22084.0,21.6133
SUSB,24.99,25.05,25.05,24.98,372892.353435,24.9952
VTP,76.95,77.03,77.03,76.85,44016.4927,76.9534
HEDG,29.8254,29.83,29.86,29.78,33323.3439,29.8184
UTWO,48.175,48.26,48.26,48.17,37682.4239,48.2056
BLND,1.62,1.62,1.69,1.585,2931237.26351,1.6246
TY,34.38,34.57,34.57,34.22,24419.1979,34.4386
SPRX,43.9,46.09,46.09,43.27,199021.167595,43.931
IBDY,25.77,25.88,25.88,25.76,197264.2761,25.8122
AMG,297.76,308.84,310.97,296.44,317971.961125,299.4478
FHTX,4.2,4.68,4.68,4.09,220227.695694,4.2969
RXST,5.8,6.21,6.5,5.3,2140110.280567,5.817
KOS,2.89,2.85,2.94,2.725,17186078.876335,2.857
LMRI,10.24,10.4,10.6,10.07,295066.327373,10.2748
HTO,57.16,57.06,58.03,56.52,434578.986319,57.3849
UTEN,43.35,43.57,43.57,43.3366,19915.24603,43.4054
NHI,75.07,73.8,75.605,72.63,648706.38664,74.6237
TLN,390.55,410.535,416.68,384.0,841089.39889,392.0833
CAPS,0.38,0.386,0.3915,0.3783,205255.820512,0.3847
PLRZ,14.14,13.89,14.5,13.51,16143.4497,14.2159
QMOM,77.42,80.56,80.56,77.42,23910.04317,78.1795
BIPH,16.47,16.3,16.4708,16.3,5756.0,16.4383
ULBI,7.05,6.73,7.185,6.68,65389.911181,6.8997
BST,44.42,44.71,45.0,44.3801,125361.830457,44.625
CSSD,25.19,25.22,25.23,25.1899,5581.0,25.2091
DSWL,3.27,3.36,3.36,3.27,8180.384003,3.2994
ALLY,43.79,44.33,44.56,43.31,3291901.248801,43.7614
CLMB,20.26,19.55,20.46,19.475,161896.990769,20.1038
SEPI,27.2934,27.87,27.87,27.2934,26772.5483,27.4323
ALBpA,79.34,83.68,86.93,79.04,80662.1403,83.121
ALMR,23.66,23.85,24.12,22.75,270070.901282,23.2332
USBpQ,15.02,15.08,15.1093,15.0,26536.7731,15.0407
PLYX,3.82,3.95,3.95,3.6,131721.296002,3.7682
INEO,0.5692,0.5604,0.625,0.55,38383.0,0.5682
PRKS,37.06,36.22,37.34,36.22,1071865.186963,36.9994
L,104.41,104.69,105.745,103.97,866506.026521,104.7164
VSCO,47.55,51.0,52.24,47.12,2772121.935629,48.0795
GT,6.86,7.04,7.05,6.57,12961812.590313,6.7907
MGY,28.15,27.78,28.2,27.13,4788555.879856,27.8265
SPXC,205.27,214.86,218.0,203.99,503316.594972,207.5317
ALAB,195.65,212.56,213.49,192.33,6551405.938109,197.8967
FBLA,14.18,14.1,14.19,13.98,81192.082101,14.1328
PNFP,98.66,99.65,100.74,98.235,1046357.397296,98.7714
ALLpH,20.77,20.82,20.82,20.7001,30725.9239,20.7519
IPWR,4.61,4.77,5.15,4.41,241563.625474,4.6847
EGP,203.89,203.16,204.185,202.11,860124.672713,203.6357
CNTX,2.33,2.39,2.3913,2.3,351214.590183,2.3414
TCI,36.65,36.9,36.9,35.5101,2398.268,36.5232
SNAL,0.512,0.536,0.5499,0.5002,277713.201524,0.526
FRA,11.08,11.17,11.17,11.07,98337.420287,11.0997
BCSF,13.81,13.93,13.95,13.7,441469.259883,13.8124
HTD,25.57,25.73,25.7799,25.4,58062.716466,25.5763
KELYA,9.7,9.52,9.95,8.89,745136.992398,9.5797
KSA,38.36,38.61,38.75,38.31,440170.195729,38.4818
IDN,7.77,7.84,7.89,7.53,250364.805389,7.6919
SLMT,0.66,0.6818,0.6977,0.6585,546584.926429,0.6702
CGNG,35.98,36.52,36.539,35.9,477698.542577,36.1382
ADIL,1.42,1.6123,1.62,1.38,202995.417537,1.4911
TXT,91.59,92.98,93.425,91.42,1192660.995426,91.9004
ZDAI,2.2,2.14,2.5202,2.14,21805.4375,2.2963
USCB,18.36,18.19,18.39,18.0765,271139.6334,18.1642
SONO,14.89,14.74,15.06,14.47,1595679.546748,14.8397
RFM,14.58,14.44,14.5908,14.44,3037.4119,14.5526
GIL,59.4,60.92,61.295,59.32,699562.504512,59.829
UMH,15.88,15.78,16.1415,15.73,1015210.555029,15.9263
GAME,0.4462,0.46,0.48125,0.4462,857170.839855,0.4631
ATHM,19.33,19.27,19.62,19.255,628557.45456,19.4342
EPSM,1.3,1.31,1.37,1.3,13260.608633,1.3125
PALD,21.3731,21.86,21.86,21.09,961.32,21.5463
MPC,242.26,241.76,242.27,234.14,2458113.977116,239.7043
PRH,23.77,23.83,23.9298,23.76,19978.777,23.7994
BBBY,5.36,5.37,5.47,5.22,1990543.610499,5.3057
OPTXW,1.14,1.28,1.28,1.13,38057.0,1.1797
MFSV,27.41,27.65,27.65,27.34,91107.6459,27.4469
GBX,50.41,50.12,50.84,49.8755,240211.690312,50.3868
ANIX,2.96,3.05,3.1,2.94,115925.53616,2.9927
SOEZ,15.3582,15.53,15.53,15.3582,10046.9769,15.4199
SMBC,69.58,69.19,69.82,69.19,76233.522241,69.5361
TWN,95.4212,97.9,97.9,95.29,15540.245895,96.0365
WS,40.43,41.85,42.49,40.34,279832.685405,40.8862
CNSP,7.1,6.89,7.74,6.72,251474.27303,7.3105
KW,11.0,10.96,11.085,10.96,1534175.915339,11.0168
RDNW,7.23,7.17,7.2899,7.05,29156.0,7.1831
EXFY,1.11,1.1,1.13,1.06,480835.525922,1.0952
ALLO,2.27,2.32,2.355,2.25,5680658.623563,2.2904
SFpD,17.02,16.95,17.08,16.95,6174.0,17.0178
SDOT,0.3391,0.2872,0.347599,0.2638,6359010.189102,0.2976
CZWI,21.08,21.19,21.555,21.05,21832.8025,21.3095
UHAL.B,47.94,48.53,48.53,47.3701,340400.248167,47.8741
LVS,53.78,53.52,54.35,53.26,6454127.248002,53.8514
PURR,6.55,6.83,7.09,6.435,7944697.809444,6.7576
BBCP,8.04,8.06,8.13,7.935,102147.180017,8.0331
FMAO,27.67,27.26,27.67,27.195,64408.809583,27.5458
C,129.09,127.62,131.23,127.06,18802331.98114,129.2009
PSQH,0.7354,0.84,0.84,0.73,639074.847444,0.7733
KO,78.43,78.79,79.145,78.095,16531418.981069,78.6236
AMWL,7.75,7.24,7.75,7.02,94125.128261,7.3523
SION,43.31,43.35,45.7999,42.33,777866.130417,43.6715
SAM,203.01,205.89,210.38,202.76,236762.980818,205.3141
NE,48.48,49.02,49.04,47.2501,1261190.258032,48.341
VCV,10.66,10.65,10.7081,10.64,97222.5886,10.6641
MGRB,16.85,16.77,16.85,16.7301,7575.462,16.8009
FUSE,1.57,1.57,1.62,1.56,117314.41,1.6001
GQGU,26.1,26.12,26.15,26.0,82750.2932,26.1046
JD,30.21,30.45,30.6,30.13,8695841.920539,30.2708
CELZ,2.29,2.25,2.33,2.14,31651.308,2.2661
SCHWpJ,18.3,18.37,18.37,18.28,59435.2259,18.3284
AIVC,97.87,98.78,100.07,97.81,31280.358693,99.0055
RCUS,24.78,25.7,25.92,24.55,893070.921154,25.0167
PSTV,5.95,6.28,6.47,5.8233,110474.295602,6.2119
DCGO,0.6339,0.6267,0.64,0.6056,264286.579683,0.6253
BEN,30.52,31.26,31.35,30.4,4076429.876474,30.6353
PAMC,52.992,54.24,54.24,52.992,3254.1906,53.4817
AVL,57.03,59.71,60.824,55.16,356796.069976,57.8318
KBDU,30.9979,31.8,31.8,30.1,1459.462,30.9269
CGON,69.18,68.16,69.56,67.39,854733.810626,68.697
PLUS,86.8,83.61,86.89,83.61,299719.496236,86.0739
CWBC,24.17,24.23,24.57,24.17,293125.4621,24.3591
PI,151.33,156.19,158.1614,150.78,443673.210075,152.8168
ATEN,27.27,27.24,27.91,26.69,1561419.160302,27.2635
OPCH,20.75,20.65,21.02,20.45,5147652.812211,20.7398
SLSN,1.3,1.25,1.3493,1.24,15621.0,1.2983
CURX,0.3156,0.35,0.3513,0.31,181790.419087,0.322
VPG,62.43,62.92,63.64,60.77,254360.069638,62.2081
BF.B,27.38,26.74,27.93,26.32,5589488.902398,27.3244
NCIQ,20.0,20.21,20.21,19.86,149387.04839,19.9617
CBIO,18.0,17.97,19.0209,17.5,77647.659061,18.0354
FTHI,23.73,23.89,23.91,23.69,1146072.958571,23.7568
AIRR,129.03,133.3,133.5,128.335,976390.169939,129.9583
RELL,14.86,15.14,15.14,14.8,70652.463701,14.9267
MTH,64.44,65.17,65.905,63.52,1290725.327215,64.5461
HMR,0.8556,0.86,0.91,0.8412,74445.109287,0.868
BHFAL,16.96,16.87,16.985,16.8501,9943.5,16.9369
XPRO,15.56,15.95,16.3,15.465,1653630.999082,15.6448
OKUR,3.96,4.0,4.06,3.92,93835.291404,3.9699
BMY,56.25,56.44,56.9,55.57,10419792.423516,56.1294
CION,7.39,7.14,7.49,6.91,1791066.303501,7.2207
BKDV,31.85,32.25,32.27,31.82,533502.019,31.9795
HGTY,10.3,9.92,10.74,9.69,231181.60524,10.2081
FTW,10.62,10.69,10.86,10.58,29531.88,10.7373
AIQ,59.99,60.43,60.99,59.62,2491924.367641,60.2155
CELH,34.26,33.41,35.75,32.32,24486322.803602,34.4542
NXL,0.344,0.369,0.369,0.344,71736.0,0.3485
COFpK,17.63,17.67,17.75,17.62,4053.5068,17.7056
NYAX,72.35,71.34,72.4,71.34,32289.395734,72.1609
AIBD,5.75,5.7,5.805,5.6074,41562.028871,5.7298
EFSCP,20.8,20.08,21.75,20.015,4879.0,20.5916
DVN,45.31,45.67,45.855,44.2,26624593.884846,45.1253
MSCI,588.37,581.93,592.715,580.66,670714.990776,586.183
AIIO,0.5892,0.5957,0.6022,0.5866,19129625.55,0.8291
PHK,4.69,4.69,4.69,4.66,381562.454884,4.6799
JQC,4.85,4.83,4.9,4.82,563066.31395,4.8452
RWAYI,25.12,25.22,25.3,25.06,46591.0,25.1621
XHE,80.4,80.35,81.22,80.04,18156.352984,80.4465
ACHC,24.46,25.12,25.37,24.34,2268158.430038,24.6051
SW,41.63,42.15,42.705,41.57,4722890.194201,41.9611
FGN,24.98,25.06,25.0999,24.93,40733.49,25.0228
AWF,10.21,10.32,10.3499,10.19,634144.45081,10.2466
JFLX,50.04,50.09,50.13,50.025,62405.8413,50.0698
PDCC,10.9399,11.38,11.4799,10.72,13869.6636,11.1126
DSM,6.18,6.19,6.21,6.14,53557.51065,6.176
GSIB,55.6653,56.57,56.57,55.6653,3514.061,55.9983
JBLU,5.13,5.13,5.31,5.015,26086944.800427,5.1477
KREF,6.58,6.56,6.62,6.5,763310.113388,6.5766
AKR,21.94,22.24,22.27,21.8601,630452.799181,21.9918
HMC,24.06,24.36,24.36,24.01,1741174.147941,24.1234
CDL,75.35,75.51,75.51,75.09,6764.971111,75.317
IRMD,86.74,86.9,88.72,86.37,77342.02847,87.248
CMND,0.5625,0.56,0.5966,0.54,470016.624306,0.5713
SEVN,8.42,8.43,8.51,8.41,73180.089525,8.4634
AIOS,19.35,19.97,25.9672,18.4715,207851.688749,21.312
PLUL,20.63,22.13,22.6099,19.91,14847.0,21.4985
OBIL,50.085,50.09,50.0997,50.08,18005.278315,50.0714
MOG.A,316.29,321.22,322.2099,315.23,220851.945048,317.7328
CCSI,28.29,26.78,28.69,26.78,116443.728969,28.2198
NC,52.11,49.81,52.695,49.49,18312.702645,51.19
SGHT,5.29,4.36,5.4,4.36,430862.741181,5.1528
EWT,94.31,95.37,95.41,94.14,5829391.675019,94.7557
DTIL,7.48,7.47,7.6,7.21,152459.804198,7.4292
ALOY,9.55,10.44,10.46,9.3,2019972.878339,9.7587
DXPE,150.02,161.82,170.0,144.46,363227.303259,151.6736
FLG,14.29,14.4,14.48,14.205,4121067.039111,14.3029
NCV,17.15,17.31,17.41,17.06,104159.1823,17.1661
MEDP,428.71,429.39,434.86,425.82,346709.011138,429.7564
AIRJ,3.48,3.57,3.57,3.425,440640.270668,3.4997
ICE,156.11,152.42,156.35,152.354,3549724.199745,155.3105
BCpC,24.555,24.61,24.61,24.5,8035.0,24.5586
BTU,24.07,24.46,24.61,23.885,3466842.781113,24.2285
NAVI,8.79,8.73,8.95,8.73,837929.020669,8.8332
TRTNpF,24.8919,24.78,24.8919,24.73,13117.0,24.8131
JHG,51.68,51.68,51.7,51.65,1493260.066148,51.6773
CJMB,1.14,1.12,1.15,1.085,35437.0,1.1189
CHCT,17.68,17.5,17.87,17.33,220054.878959,17.7046
SLVM,43.7,45.37,45.37,43.62,431171.695017,44.0888
VIGI,92.44,93.58,93.71,92.35,308779.183652,92.8253
SBR,75.39,75.5,76.3,74.6,31396.841238,75.6075
TOV,30.7958,31.0,31.0,30.79,262387.555657,30.8806
TIC,10.01,10.5,10.9,9.98,3587006.865869,10.2609
FRSH,9.03,9.15,9.4,8.955,10571904.716195,9.0983
EQBK,45.79,46.09,46.275,45.55,73351.395067,45.838
SMHI,7.55,7.695,7.695,7.405,62390.101696,7.5505
VCRB,77.155,77.49,77.49,77.135,470093.781012,77.2431
BSAC,30.53,31.48,31.72,30.475,512361.658564,30.8509
VUZI,2.86,2.86,2.955,2.77,1090696.051209,2.8742
LTRX,5.83,6.17,6.1902,5.57,1972830.061386,5.7895
SOR,46.45,46.5,46.5,46.25,16976.86255,46.3749
ICRC,28.1734,28.83,28.83,28.1734,133.153922,28.7946
UBXG,0.396,0.363,0.4112,0.352,21311615.578125,0.3639
GOVI,27.13,27.27,27.27,27.11,141855.235891,27.2068
GLIBA,27.16,31.76,32.0,26.4,195477.977769,27.9896
NEWTG,25.68,25.66,25.7,25.66,839.0,25.6793
NKE,44.41,44.05,44.64,44.01,17177730.915445,44.3703
EXPI,6.74,6.52,6.865,6.5102,1506409.873605,6.7449
AAA,24.905,24.93,24.93,24.8851,9725.6521,24.9042
NDMO,10.36,10.41,10.41,10.335,92031.1101,10.3725
ABM,40.76,40.72,41.165,40.4,311666.753632,40.816
GPK,11.03,11.22,11.38,10.98,7162644.153435,11.1037
VTC,76.665,76.98,77.0,76.6001,118419.472609,76.8595
NTRA,219.82,215.5,221.56,209.89,2765926.238003,216.6442
PJFG,114.5671,114.82,115.15,114.37,888.963291,114.7055
ALLpB,25.85,25.88,25.92,25.85,13420.431,25.868
WFCpC,17.58,17.63,17.6491,17.57,36007.4726,17.603
TYLG,39.7525,39.83,40.035,39.71,2598.8912,39.9006
VEGI,45.23,46.09,46.09,45.21,70306.919924,45.6435
FYX,133.1023,134.48,134.6599,133.09,34211.2481,133.6405
SCHK,35.19,35.44,35.44,35.12,595467.160466,35.2402
DOV,220.9,227.94,228.345,219.8,943677.695298,221.6775
LINK,3.7,3.46,3.81,3.46,61341.668759,3.6664
AGMpH,24.25,24.25,24.31,24.1601,1616.0,24.2079
PLOO,13.8843,13.66,13.8843,13.66,317.0,13.7603
EVF,4.99,4.99,5.0118,4.99,33830.3499,4.9964
INHD,1.68,1.69,1.71,1.62,480251.559906,1.6645
SY,3.02,3.27,3.32,3.02,590325.0,3.1306
WWW,17.01,17.48,17.6,16.96,943967.935183,17.0935
PKG,223.43,227.04,228.4,223.27,566766.878907,224.4476
BHE,83.78,86.55,87.205,83.04,498870.600825,84.2821
GNLpA,22.8,22.71,22.8,22.71,2799.0055,22.7768
LVHD,42.4316,42.6,42.6,42.2501,610950.316517,42.4749
CGBD,11.78,11.83,11.83,11.58,399503.430579,11.7457
UPC,3.0,2.82,3.0,2.8,18388.578763,2.8424
VOLT,40.32,41.5,41.5,40.0102,534141.961213,40.5929
MCHI,58.33,59.0,59.05,58.28,3926996.934668,58.514
WDFC,209.76,211.24,212.65,207.39,141847.787266,209.894
ZOOZ,0.2928,0.3184,0.32,0.2928,345534.488414,0.3077
NVST,24.29,29.34,29.525,24.28,11904507.477032,25.0589
BSY,33.62,32.165,34.61,32.02,2763746.326019,33.8198
IBTL,20.255,20.33,20.33,20.25,122490.6322,20.2877
LGVN,0.8518,0.8982,0.8984,0.85,206686.001434,0.871
FANG,190.45,190.99,192.11,186.545,2611080.470954,189.5219
TEVA,36.01,36.42,36.99,35.59,10802320.29336,36.2096
HURN,124.78,120.22,127.5,120.22,360238.541005,125.0974
PAYC,138.43,131.08,138.75,129.88,2189460.648497,136.2696
GVA,141.23,142.84,142.84,139.91,804167.11687,141.3337
CAL,13.27,13.32,13.71,12.99,702832.55558,13.2597
ALX,244.75,252.8,258.1799,243.97,65086.715757,250.3915
CPNG,17.22,18.12005,18.35,17.065,31675852.23934,17.441
NGVC,27.76,27.0,28.01,27.0,159088.827625,27.6101
SNDA,36.55,37.06,37.55,35.54,714632.899415,36.368
TPL,399.08,425.02,454.84,396.1,648898.772732,409.1987
NVCR,16.83,16.61,17.21,16.125,1475874.324311,16.6494
RFDI,85.6632,87.01,87.01,85.6632,684.0,86.2292
KNTK,48.5,45.82,48.69,45.78,1768105.338151,47.7458
KKRT,25.23,25.18,25.23,25.175,23363.96986,25.1997
ATLC,78.34,78.59,80.745,77.8101,125926.284664,79.0774
AVNM,82.92,84.23,84.23,82.85,37931.73892,83.3463
WHD,56.13,54.77,56.195,53.3,935741.5614,55.5419
SRAD,13.64,14.05,14.4399,13.42,2779636.825191,13.7598
TSPA,46.33,46.48,46.615,46.24,129090.2728,46.3925
FYC,112.77,115.11,115.11,112.454462,49869.082,113.015
CFR,138.56,140.34,141.765,138.26,466386.371939,139.0895
PSApL,18.35,18.3,18.35,18.2,14115.6715,18.2613
IBTG,22.85,22.86,22.86,22.85,296219.411397,22.8549
GSC,61.1741,62.86,62.86,61.1741,26643.435892,61.8221
DQ,18.39,19.49,19.5,17.8,1313236.244749,18.2609
DYN,17.54,18.85,18.95,17.35,1691279.498746,17.7301
CGVV,29.93,30.29,30.29,29.895,36441.3376,29.9691
RAAQW,2.44,2.44,2.4899,2.43,32530.0,2.457
BAH,76.85,76.99,78.13,76.04,1544524.443114,76.8366
ABVE,0.6677,0.687,0.6942,0.6101,2349933.933108,0.6467
AVTR,8.31,8.49,8.58,8.225,11258347.739651,8.3355
ARTV,12.52,12.34,12.58,12.0,151793.300961,12.2122
URBN,70.44,71.57,72.99,69.58,895834.053931,70.6342
HCKT,11.41,10.26,11.595,10.2501,731288.547871,11.283
MOOD,43.0697,43.49,43.49,43.03,19626.882,43.1819
DFTX,23.2,23.525,23.525,22.68,1809367.935634,23.1695
PBT,23.02,22.2,23.19,21.995,201201.341252,22.8828
LMTL,31.616,31.76,31.76,30.5,28005.8055,30.9826
EDN,24.46,25.74,25.74,24.22,171554.037313,24.7781
SCI,78.48,77.93,79.2,76.77,1498826.656919,78.3802
MCD,283.7,287.83,291.4,282.15,6613751.359648,285.131
FBYD,12.48,11.52,13.34,11.52,65604.62629,12.47
MHK,102.74,105.91,107.22,102.05,797992.053016,102.9314
ACNT,13.39,13.99,14.07,12.53,236803.307008,13.2505
NRUC,23.99,23.93,24.07,23.925,5110.106729,23.9943
INAB,1.6,1.6,1.635,1.56,45655.0,1.5953
FGM,65.61,68.85,68.85,65.61,42098.509244,65.7172
CTVA,79.07,80.95,81.36,78.76,6275062.330301,79.5615
HFFG,1.83,1.83,1.86,1.825,66138.139891,1.8442
SPTB,30.0669,30.17,30.17,30.06,30741.4136,30.1115
VRAX,0.135,0.13,0.1414,0.127,2771946.928543,0.1354
EGY,5.97,5.95,6.02,5.805,1865102.86739,5.9213
LFMD,4.49,4.76,5.01,4.33,2309859.510275,4.5896
SLAB,217.64,216.54,218.13,216.5,446188.179302,217.522
KLRA,22.47,24.66,24.74,22.44,280031.140375,23.1025
WSFS,72.06,72.38,72.66,71.89,289143.38104,72.1182
ABBV,202.71,204.92,207.0,202.03,6681070.67602,202.9672
COGT,34.79,35.59,35.68,34.48,1998000.53227,34.8802
ZKH,2.99,3.0,3.09,2.98,373006.0,2.9992
DWSN,3.34,3.45,3.46,3.215,102125.186853,3.3026
SCZM,8.83,9.06,9.6662,8.8,606224.685137,9.2149
OFS,3.9,3.94,3.99,3.9,11908.786827,3.9366
SAN,12.18,12.51,12.52,12.135,6624539.557181,12.2937
ZIP,3.1,3.18,3.34,3.1,1179512.69687,3.2311
APPS,3.99,4.03,4.08,3.895,1568457.415253,3.9873
AVBH,29.91,30.01,30.82,29.72,80698.0,29.949
EBF,20.79,20.35,20.79,20.32,149589.327942,20.6987
NGS,39.58,39.9,40.39,38.51,61110.257273,39.2744
UPS,100.1,100.355,101.11,99.35,5808740.089999,100.1823
VXUS,84.25,85.74,85.78,84.215,11073484.745025,84.8023
MSpE,25.39,25.4,25.4,25.38,42736.2684,25.3874
AMLX,15.2,15.98,15.98,14.7,1452057.220204,15.1533
INBK,25.52,25.24,25.68,24.86,50752.137417,25.4704
FTRI,17.3203,17.62,17.62,17.3203,40358.3856,17.4431
VLN,2.41,2.46,2.475,2.325,2293559.254435,2.3841
TATT,35.62,36.09,36.9899,35.395,108131.230857,35.9081
NUTX,134.59,131.62,137.41,130.21,109749.165755,134.032
WFCpA,18.94,18.88,18.97,18.88,48529.6172,18.9132
PAGP,23.63,23.39,23.675,23.2892,1789051.727504,23.5382
SSD,192.61,196.92,198.86,191.65,290359.823812,192.919
NMZ,10.23,10.25,10.26,10.18,552125.40637,10.2367
BATRK,51.18,51.09,51.87,51.01,363534.274851,51.311
PII,67.06,68.05,68.9,66.34,1035885.665962,67.1114
BNKK,2.5,2.66,2.66,2.5,84294.810908,2.5788
FRBA,15.42,15.19,15.55,15.19,98442.472733,15.4216
HBANL,25.38,25.49,25.5019,25.38,13093.843,25.4439
BYND,0.8928,0.925,0.93,0.88,89479269.679825,0.8924
CHPT,6.16,6.3,6.33,6.15,436037.715528,6.2188
OMDA,16.4,15.98,16.62,15.78,2112510.870899,16.3279
INN,5.4,5.39,5.51,5.38,734769.645399,5.4178
RTYY,12.98,12.9,13.0,12.8201,7202.9957,12.912
BRR,1.91,2.01,2.04,1.9,775085.341231,1.9401
YEXT,4.12,4.04,4.21,4.04,1130629.793039,4.1359
LKOR,41.6005,41.96,41.96,41.6005,1180.087934,41.7387
VRCA,8.24,8.32,8.34,7.67,102943.052597,8.0
REX,48.68,47.97,48.93,47.0302,192812.0862,48.4386
DOCU,48.19,47.65,49.2,47.65,4380851.887488,48.3664
BBD,3.74,3.74,3.79,3.71,46118516.438566,3.7584
BZH,18.63,19.08,19.24,18.48,417651.250069,18.6638
JAN,27.42,26.61,27.46,26.46,727863.739525,27.146
OXM,45.36,45.99,46.625,45.0,257870.773175,45.564
ES,67.04,67.69,67.96,66.465,3670909.335266,67.0497
CHR,1.81,1.79,1.95,1.7401,49821.8116,1.8403
NANR,81.9615,83.53,83.55,81.9615,128393.666878,82.8494
MSGM,4.56,4.57,4.65,4.51,31217.04,4.609
BLBD,70.84,76.155,81.51,70.7319,1707968.030779,75.1844
IVDA,0.3489,0.35,0.368,0.34,375693.228437,0.3507
PLAB,50.36,52.74,52.74,49.88,690436.744723,50.6907
PCIG,8.53,8.55,8.61,8.5202,5835.98,8.5493
MKTW,16.63,16.61,17.14,16.26,27817.569549,16.3121
INFQ,12.11,13.25,13.3,12.045,7090618.075404,12.5178
PM,171.11,169.91,171.74,168.943,4316247.547491,170.8496
TTXU,25.1421,25.5,26.285,25.0,4704.143121,25.429
FSBW,41.31,41.26,41.66,40.81,13529.1909,41.2578
ENLT,85.09,88.92,88.96,83.53,320617.348865,86.0097
TARA,5.37,5.66,5.68,5.32,440389.839986,5.414
DLRpL,20.38,20.23,20.45,20.11,12874.1379,20.3377
RISR,36.57,36.37,36.62,36.36,76977.480892,36.5117
PWB,151.47,153.18,153.18,150.8,44273.492861,151.7549
REYN,21.92,22.0,22.135,21.75,1662184.811987,21.9318
PSApM,16.18,16.22,16.29,16.15,5819.6388,16.2121
PMO,10.42,10.4,10.47,10.4,20256.8656,10.4265
BBBY.WS,0.647251,0.699,0.71,0.610401,78893.491987,0.6668
WKC,26.9,26.64,27.3,26.4587,800243.955509,26.9426
BLW,12.79,12.83,12.89,12.78,80639.449224,12.8248
BGY,5.79,5.85,5.85,5.75,767552.793917,5.7874
PRCH,11.28,11.1,11.36,10.89,1876523.727312,11.2125
ABTC,1.16,1.22,1.22,1.12,15049587.895268,1.1569
SPG,201.4,205.24,206.0199,200.8,1409520.999642,201.8859
PEPG,1.79,1.83,1.8813,1.71,415756.072762,1.7682
TEKX,58.0357,58.61,58.68,57.7,3289.7676,58.2759
OTF,11.03,11.17,11.2,10.9,3891624.75612,11.0426
DVLT,0.5143,0.5381,0.539,0.47,77359080.507057,0.4963
MDST,28.8025,28.57,28.83,28.3547,49495.337499,28.5381
HFWA,27.42,27.49,27.7,27.28,239787.40776,27.4529
FLOC,24.56,24.22,24.62,23.1601,852417.7905,24.2839
QTTB,5.44,5.46,5.775,5.24,154783.995719,5.5109
NNI,141.36,140.78,143.23,140.26,74655.950517,141.5634
IBOT,64.6648,65.91,65.91,64.64,14537.797204,65.1276
MSpO,17.37,17.38,17.4,17.2901,41092.38,17.3471
GLP,47.75,47.86,47.86,46.13,46986.04135,47.3886
RFMZ,13.128,13.15,13.19,13.11,31894.816,13.1401
XRN,32.3,32.5,32.9,29.05,751570.884091,31.393
ECVT,13.97,14.77,14.855,13.87,2188276.849353,14.0611
EJH,1.48,1.4999,1.51,1.45,6900.277316,1.4794
IONX,49.52,55.01,59.32,46.2407,3857263.574963,52.1869
WRBY,27.2,24.79,28.95,24.05,8817585.682199,27.3957
RPGL,2.3,1.33,2.48,1.33,16034337.780041,2.1576
IWF,122.74,123.09,123.78,122.41,5754342.235739,123.0172
TG,10.2,10.22,10.34,9.8,196107.033183,10.0943
GOAI,3.6,3.81,3.875,3.6,30954.9467,3.6835
EGBN,26.21,26.61,26.71,26.1,169772.509324,26.2901
ANEL,16.05,17.61,17.85,15.51,1423197.501137,16.0827
EMF,21.99,22.11,22.25,21.7946,51567.461728,22.1071
PDYN,6.15,6.445,6.46,6.085,1127390.834927,6.2086
JAVA,76.24,76.86,76.97,76.05,530282.526363,76.3591
CISO,0.281,0.2842,0.2917,0.2802,119740.699662,0.2851
SJT,4.19,4.1,4.36,4.1,56707.323236,4.1961
ATFV,38.35,38.7,38.8,38.155,16645.13408,38.3917
AGNG,35.06,35.29,35.8,35.0,66404.755977,35.1327
FFIV,345.02,342.48,347.47,340.69,713653.239245,344.2497
MLGO,4.11,4.21,4.28,4.06,61561.42302,4.1577
RTH,266.9418,268.92,268.92,266.25,4781.940182,266.8341
HBANP,16.995,17.11,17.11,16.99,18911.42,17.026
SUPV,8.58,8.91,8.91,8.38,415459.061595,8.5741
TRNS,76.5,75.11,77.03,74.38,122043.179018,75.8456
EDF,5.27,5.2,5.3,5.2,189067.314488,5.2466
FpB,21.5,21.4,21.52,21.35,53663.158,21.472
WKEY,7.92,7.79,8.05,7.6,115934.034233,7.8885
SDTY,42.2817,42.38,42.58,42.18,20475.983349,42.3261
INV,6.21,6.86,7.0,6.2,1836524.653523,6.4845
RONB,23.47,23.22,23.4899,23.22,372366.164376,23.3632
NUW,13.99,14.03,14.03,13.98,99494.372,14.007
RFIL,14.91,15.11,15.45,14.5701,97916.012351,14.9608
HLIO,67.98,70.23,70.23,67.92,228216.988472,68.7128
NDIV,35.0617,35.59,35.59,34.52,20117.890213,34.8734
MTRX,12.16,12.39,12.675,11.57,509136.880618,12.0404
MBNE,28.995,29.05,29.05,28.96,3250.6431,28.979
APTV,57.11,57.16,58.05,56.76,4418405.424027,57.2105
SRTA,5.34,5.4,5.61,5.12,1448202.749044,5.2868
NLYpF,26.0,25.95,26.03,25.95,25618.4049,25.9865
EHC,107.15,105.08,107.59,105.05,1329102.210257,106.779
IRWD,4.17,4.68,4.8,3.95,4964761.237857,4.2104
CEPU,14.59,15.23,15.27,14.47,400488.712189,14.6988
DFSB,52.0825,52.26,52.26,52.045,27651.3841,52.0943
BGS,5.42,5.39,5.445,5.34,1178275.71579,5.4032
OLLI,81.77,83.25,84.0,81.3,1055384.763971,81.8526
RMMZ,14.95,14.96,14.975,14.86,5999.913,14.9476
STKS,1.91,1.91,1.925,1.84,40511.63157,1.8868
BCX,12.17,12.38,12.43,12.17,145072.943202,12.25
STKH,1.74,1.71,1.87,1.71,4886.022221,1.741
BMLpH,19.39,19.25,19.47,19.2001,60230.2359,19.3283
PDT,12.97,13.15,13.15,12.95,138669.725363,13.0087
MAZE,25.47,26.47,26.58,24.8,468771.801976,25.4613
UDMY,5.03,4.83,5.045,4.79,1698817.481591,4.9568
MIY,11.89,12.02,12.178,11.89,69752.591,12.0506
NEXA,13.93,16.12,16.3503,13.75,2768713.170969,14.411
TCBX,38.3,38.16,38.62,37.84,85865.77719,38.2551
PVH,88.62,92.77,92.82,86.84,1098191.748601,88.439
ARLP,25.55,25.45,25.6899,25.0319,501084.514941,25.4771
NASA,29.58,31.0,31.01,29.395,1334293.007424,30.1971
SBGI,14.18,14.7,14.955,14.1,521861.259159,14.4134
CPRI,18.69,19.43,19.69,18.565,2390052.331339,18.7849
PNRG,228.0,225.21,231.84,221.47,26673.539329,225.5218
FULC,6.88,7.11,7.14,6.85,459330.61986,6.9465
OAKpB,20.91,20.71,20.91,20.5,12580.1352,20.5986
MAMO,0.9949,1.0,1.0,0.9614,54393.151113,0.9795
UTL,50.97,49.5,51.04,49.21,143552.91356,50.619
AIFU,1.51,1.58,1.7,1.51,18300.240696,1.6046
GFR,5.65,5.74,5.75,5.54,148189.115752,5.6367
AMDY,49.76,50.64,51.3415,49.1,333003.114898,50.1679
FDP,37.55,37.46,38.155,37.16,313512.673158,37.6942
TRMK,44.92,45.05,45.365,44.77,399808.04709,44.9545
TALO,14.92,14.65,15.005,14.35,2548307.278454,14.8493
WEYS,34.26,32.33,34.345,32.33,18583.9854,33.7537
XPOF,6.54,6.64,6.73,6.46,721835.855872,6.5212
BE,258.64,284.4,285.179,256.27,10704492.386707,266.5634
SPB,78.63,83.83,85.22,77.74,633653.703225,78.7995
NAC,11.99,12.0,12.0,11.9646,484390.63548,11.9866
FIG,20.56,20.21,21.5,20.09,18444486.767884,20.7149
BSJR,22.455,22.5,22.5,22.45,126960.17334,22.4674
PGC,42.62,43.16,43.6499,42.56,83199.38204,42.8514
MRVI,3.94,3.98,4.055,3.74,4848737.183676,4.1056
UFCS,46.8,44.37,47.2699,44.085,184505.42118,46.4025
YYGH,1.12,1.11,1.12,1.05,68924.3,1.0876
AREB,0.226,0.2388,0.2587,0.226,4220890.840415,0.2392
AMTM,24.56,25.06,25.332,24.385,1310002.427702,24.5835
DBI,6.98,7.07,7.247,6.815,256117.058563,6.9679
VCSH,79.03,79.19,79.25,79.01,6399208.502104,79.0769
OBDC,11.39,11.1,11.575,11.0214,8583901.263693,11.3579
CDXS,2.58,2.67,2.7589,2.55,1695134.59455,2.6493
XOMAO,25.24,25.23,25.24,25.2284,1801.8096,25.2314
DFGP,54.465,54.67,54.67,54.435,187666.5716,54.5404
RBLX,44.78,44.29,45.98,44.17,10619796.310151,45.0285
MKC,47.9,48.08,48.6,47.7,4843560.723206,48.0351
TRU,72.95,71.2,73.62,71.2,2050268.826631,72.8391
ARLO,14.9,14.61,15.18,14.57,1665157.416348,14.9576
TCX,16.07,15.2,16.38,15.03,23451.093231,15.8595
BTTC,1.37,1.35,1.37,1.33,23574.0,1.3449
AVSF,46.62,46.72,46.72,46.606,39440.623391,46.6555
AMBQ,38.0,41.1,41.1,37.43,534160.120197,38.6781
RMBI,15.23,15.36,15.36,15.16,50230.0626,15.2868
FEMB,29.66,29.81,29.85,29.415,92836.074197,29.68
ATEC,7.75,7.12,7.925,7.03,12495047.832781,7.6404
UFI,4.04,4.0,4.06,3.965,132171.3247,3.999
TAK,16.64,16.87,16.92,16.6,5131996.987421,16.6573
FNKO,4.46,4.44,4.75,4.4,1165576.459671,4.5774
LYTS,24.42,24.41,24.565,24.11,314173.860638,24.3719
OPAD,0.7101,0.72,0.7405,0.693,517106.083048,0.7142
LOPE,164.48,164.51,167.045,163.5,237431.8374,164.9057
ONB,24.175,24.6,24.72,24.09,1861357.432036,24.2714
AROC,38.1,38.5,38.5,37.05,2007896.690817,37.8222
WFG,62.77,63.19,63.59,61.8,175562.010698,62.7903
OBIO,3.93,4.11,4.2399,3.88,145888.374997,3.9635
MLI,137.76,140.0,140.84,137.42,664998.893393,138.6928
SMG,62.34,63.0,64.02,61.89,760688.692734,62.5354
FXG,61.9889,62.26,62.26,61.76,9654.311574,62.0443
EE,33.06,30.99,33.85,30.825,1041320.282183,32.7992
JPM,306.27,314.65,316.3,306.14,8359599.290278,308.287
ARAY,0.2931,0.3558,0.4005,0.2801,5325034.704854,0.3319
PMVP,1.42,1.43,1.44,1.385,348245.491155,1.4081
DAC,132.27,131.56,132.7,130.69,113521.462896,131.7426
CRSP,52.42,54.525,55.4667,51.705,1518875.011973,53.0379
MHF,6.98,6.99,7.0299,6.97,17041.2021,6.9948
HE,15.42,15.25,15.46,15.15,1961791.546143,15.3421
ILLRW,0.045,0.0382,0.0499,0.0382,9553.0,0.04537
NMCO,10.81,10.79,10.81,10.77,86131.4954,10.7922
GLRE,17.8,17.7,18.175,17.54,208403.035262,17.7485
PNFPpA,25.58,25.54,25.68,25.4801,4056.6458,25.5931
CGCP,22.38,22.47,22.47,22.36,1610282.211392,22.4066
FCVT,50.9739,51.81,51.81,50.69,10374.744253,51.1635
NETG,17.5178,16.74,17.68,16.44,973792.65431,15.2278
TEO,11.99,12.32,12.32,11.89,172051.991958,12.0104
G,34.48,33.92,34.73,33.92,3379265.302769,34.4152
IT,157.78,153.35,159.4999,153.35,2434222.70341,157.2901
CDT,2.08,2.3,2.3299,2.025,50308.9819,2.1542
LVLU,10.09,10.12,10.26,9.925,6848.615414,10.0082
SAIL,12.19,11.83,12.59,11.83,3238033.368189,12.2376
MUX,23.38,23.85,26.435,23.28,3432910.527399,24.2035
AIN,61.63,61.26,62.17,60.7155,274887.583114,61.6683
PEW.WS,0.425499,0.41,0.433,0.3965,29582.0,0.4039
NEOG,9.25,9.3,9.43,9.105,1635637.089115,9.2279
HOG,23.64,23.96,24.43,23.56,3303224.298169,23.8022
PGYWW,0.0679,0.0605,0.074,0.0605,617696.0,0.06407
HAFC,30.38,30.46,30.745,30.25,285568.41681,30.4254
SSNC,70.1,69.96,71.06,69.55,2346367.197737,70.2868
CLYM,11.91,12.48,12.48,11.66,929956.4554,11.9099
MTD,1319.29,1333.91,1347.03,1307.81,198735.362589,1322.5047
CBAN,19.8,19.75,20.009,19.7,227486.035374,19.8385
MGA,61.24,63.12,63.47,61.15,1347656.317893,61.6567
NB,5.99,6.47,6.525,5.94,5321070.225755,6.166
TM,189.0,191.51,191.96,189.0,573298.607782,190.1106
INTA,23.98,23.7,24.86,23.7,825211.470094,24.1284
ZENA,2.1,2.09,2.17,2.06,1873997.474381,2.1177
PAVM,7.14,7.0,7.44,6.95,8009.347608,7.2863
RPT,15.12,14.61,15.2,14.57,18512.02599,15.0068
FEM,33.2923,33.69,33.69,33.26,121984.514396,33.4418
SAY,25.55,25.51,25.55,25.51,9969.0,25.5177
FAI,49.01,49.59,49.7695,48.81,27536.346252,49.2384
NEU,679.14,692.05,692.71,678.67,60345.397133,682.551
CNH,10.84,10.82,10.975,10.81,18322495.280642,10.8889
VGVT,75.258,75.57,75.57,75.258,725.6491,75.3765
SELX,0.365,0.3997,0.4058,0.315,35542.608181,0.3705
ELPW,7.09,5.39,8.36,5.36,4145532.088688,7.3168
AUBpA,24.95,25.04,25.0533,24.95,5364.09,24.9915
INBX,124.52,141.78,141.78,120.4601,465295.6403,128.3742
CDLR,28.81,29.18,29.18,28.645,55600.154709,28.8522
SYBT,72.26,72.52,73.0,72.0,139582.44319,72.3675
RNRG,38.6117,39.0,39.09,38.483,4187.87219,38.8797
OKE,85.87,84.4,86.075,83.66,5861462.776762,85.3749
MNR,13.18,13.26,13.4,13.0503,792258.459565,13.2469
ISUL,22.726,22.96,23.735,22.64,55240.0944,23.1124
AZI,1.26,1.33,1.33,1.17,20379.95,1.2653
PHOE,19.06,31.77,31.77,19.06,61095.944021,26.9308
HQY,83.99,83.7,84.805,82.86,475228.392278,83.8446
ACGLN,17.1,17.13,17.1762,17.09,18868.916649,17.1202
HD,322.64,325.01,327.49,322.43,4411673.687295,323.5987
LMB,74.13,77.04,77.255,72.6,500598.469995,74.6976
ACM,81.47,84.01,84.125,81.13,1607684.416501,81.7312
MZTI,116.96,117.56,120.06,116.35,354030.227918,117.2162
CMSpB,80.0,78.8,80.0,78.8,2668.3029,79.8057
ING,29.78,30.4,30.5,29.745,2920020.964768,30.0987
GBDC,13.15,13.22,13.25,13.06,1185477.16569,13.1481
DFP,21.04,21.11,21.11,21.0,22779.4165,21.0561
NVG,12.69,12.73,12.73,12.61,548325.19453,12.6725
SIGA,4.73,4.75,4.8699,4.71,615251.285502,4.7725
ANRO,24.07,24.23,24.46,23.33,614864.914815,23.6261
VATE,12.68,12.4,13.0,12.34,36046.915684,12.6681
CHT,43.36,43.55,44.1611,43.32,221404.800659,43.6143
MSOX,3.9,3.96,4.04,3.7,1756278.86995,3.8649
ELME,2.11,2.17,2.18,2.11,1625638.189818,2.1458
IUSV,108.27,108.84,108.99,108.115,641345.954533,108.4583
VSH,32.59,33.57,33.86,32.28,4594770.396283,32.9096
CBNK,31.53,31.51,31.94,31.49,33399.3207,31.6532
DETX,4.31,4.44,4.6799,4.3,13102.58,4.4468
PAXS,14.69,14.7,14.88,14.6602,229133.7498,14.7548
LYV,165.75,169.01,169.71,162.26,4471699.804901,165.2631
SOJE,17.25,17.3,17.32,17.25,37909.971,17.2761
TEAM,92.37,91.61,95.0,90.42,12651813.188407,93.0826
ISRG,453.49,453.035,462.4,452.0,1563343.701814,455.3574
NNOX,1.76,1.78,1.815,1.74,1098570.653501,1.7742
FEUZ,67.11,68.96,68.96,67.11,45142.1788,67.2826
BKCI,52.55,53.24,53.38,52.466,6835.675,52.7238
BKSY,32.24,36.98,37.0,29.8525,5321509.77225,31.9895
IMMP,0.4324,0.43,0.4381,0.4185,1514494.228731,0.43
SPYT,17.53,17.6,17.625,17.51,204758.130694,17.5812
CCD,24.8,25.27,25.27,24.606,85736.432532,24.7978
CSHI,49.89,49.91,49.91,49.88,577648.407652,49.8948
CAVA,84.47,86.53,86.53,81.9,4948366.790976,83.7302
LRNZ,50.2315,49.92,50.54,49.68,4917.15607,50.1236
AGIG,1.09,1.12,1.12,1.08,124820.74762,1.0996
UI,926.69,1015.93,1021.43,910.0,209083.450128,948.4303
ORIO,1.03,1.01,1.11,1.0001,531151.531599,1.0905
NMR,7.9,8.08,8.08,7.9,1652758.029909,7.9617
GHI,5.29,5.33,5.34,5.22,52990.551918,5.2888
MOV,27.59,27.85,28.2268,27.5101,108084.919394,27.7641
AERT,0.635,0.64,0.6601,0.6168,111420.32183,0.6421
CETX,0.8815,0.91,0.95,0.8662,415917.128645,0.8958
DBCA,9.88,9.88,9.9,9.88,1602.0,9.8816
GOU,36.7113,36.96,36.98,35.86,30456.254586,36.4194
RBCAA,76.82,77.13,77.7,76.295,128011.986931,77.1473
FLCV,33.957,34.43,34.702,33.95,11518.6296,34.2782
EEA,10.62,10.82,11.05,10.6,106909.1224,10.762
HBM,23.85,24.53,24.89,23.75,4724989.897428,24.1443
FLYE,1.93,1.95,1.9999,1.93,4876.483394,1.947
BVN,33.93,34.8,35.77,33.87,2079583.517288,34.3957
VO,77.39,78.23,78.39,77.15,3035919.601886,77.5639
DFEV,41.34,41.88,41.88,41.29,182401.919773,41.5494
GPIQ,56.58,56.67,56.94,56.3743,1309674.229974,56.6723
EEIQ,3.48,2.97,3.52,2.97,48006.980333,3.321
UVV,53.76,53.89,54.68,53.75,168546.918904,54.1024
WIT,1.98,2.0,2.02,1.97,15180016.929986,1.9885
RMM,14.42,14.57,14.57,14.41,24962.8327,14.4754
OCTU,29.95,30.1,30.1,29.94,5029.0,30.0246
SKYE,0.8983,0.867,0.94,0.8501,186150.786983,0.8928
GIS,35.71,34.7,35.94,34.595,10248996.220271,35.4701
HUMA,1.08,1.02,1.09,0.9461,9368957.27751,1.0476
AMBO,2.11,2.1668,2.3273,2.11,4481.0,2.2454
PERI,10.78,10.67,10.83,10.67,154055.009795,10.7637
NTNX,45.93,44.28,46.19,44.2,4049419.048325,45.6371
EDGH,35.08,35.29,35.29,34.98,78656.0329,35.0803
JFIN,4.94,4.98,5.0,4.85,89665.901327,4.9218
BK,130.69,133.45,134.7,130.44,3942758.208347,131.4161
AAON,129.25,143.0,149.0,125.23,7697620.425898,136.5494
BC,80.77,82.17,82.2,80.4,604502.251441,80.9376
GMMF,100.25,100.26,100.26,100.24,25326.328884,100.2526
BMNR,22.0,22.6,22.73,21.38,36938688.894822,22.0621
NOVT,136.28,140.74,143.0,135.27,403501.225069,137.3418
IPST,5.88,5.5,6.06,5.375,23507.445929,5.6493
WM,221.45,220.0,222.35,219.19,1616848.5792,221.1955
COKE,177.61,207.35,207.75,168.01,2145168.611891,175.9922
STE,213.7,214.56,216.28,195.14,557791.607762,213.5426
LXEH,1.19,1.22,1.24,1.1501,26681.9,1.1907
SRL,6.71,6.6,6.971,6.48,22288.113,6.6997
SRG,2.68,2.66,2.695,2.65,94188.405846,2.6687
FMN,11.32,11.3,11.36,11.285,5531.017,11.299
RFI,11.62,11.73,11.73,11.5703,54633.0262,11.6322
ENGS,1.25,1.24,1.25,1.23,51733.0,1.2423
ACON,3.16,3.31,3.31,3.145,45947.756164,3.2058
LUXE,8.69,9.11,9.27,8.66,132171.42,8.881
IHG,146.95,149.7,149.7,146.3,278118.430043,148.1212
TAL,11.4,11.4,11.48,11.295,3100739.120892,11.385
BCML,30.48,30.2,30.58,30.1,52611.534043,30.3992
FCCO,30.42,30.2,30.65,30.02,144946.697524,30.4675
BTOC,0.2875,0.2862,0.29,0.285,112593.0,0.2855
CDNS,356.9,358.0,362.705,354.87,1870810.891092,358.0688
DGRW,94.84,95.36,95.4,94.715,625641.708706,94.9934
FCT,9.77,9.74,9.78,9.71,70287.5581,9.7597
NGL,16.13,15.65,16.15,15.21,228967.342528,15.7849
MEC,25.99,24.0,26.8,23.76,436687.692051,25.6653
SND,4.9,4.92,4.96,4.71,239636.655937,4.8591
ORCS,24.7965,24.5553,25.15,24.08,26715.558834,24.5109
COMB,26.8702,26.53,26.89,26.36,55634.18471,26.6408
NTB,56.21,56.42,56.66,56.025,152326.662753,56.2666
ODV,3.3,3.37,3.48,3.28,1029881.100951,3.3772
OMER,14.64,14.86,14.88,14.36,737861.037364,14.6631
GROV,1.25,1.22,1.27,1.21,47645.950465,1.2546
IJT,162.76,164.5,164.61,162.43,121268.640438,163.2979
CD,6.02,5.89,6.33,5.69,68808.101552,6.0263
TRGP,252.44,244.55,254.875,241.86,1636937.527249,251.7511
RNR,300.84,302.94,306.035,297.24,313321.42434,301.1406
AACPU,10.08,10.07,10.08,10.05,17716.0,10.0599
MSBT,22.99,23.23,23.28,22.84,800630.238902,22.9955
OMF,55.69,56.13,56.53,55.25,1308769.947987,55.7386
BFS,34.2,34.42,34.46,33.715,60831.83005,34.1565
UTF,26.99,27.32,27.34,26.9,269489.729137,27.0836
OSBC,21.08,21.21,21.47,20.6349,395629.87855,21.1953
TSME,47.0394,48.18,48.18,46.8759,39453.3654,47.3391
AZ,6.93,7.33,7.38,6.810984,460216.109626,6.996
WPC,73.9,73.65,74.225,72.64,2535295.166936,73.7867
KRAQU,10.04,10.05,10.0505,10.04,1445.0,10.0487
STEX,0.9722,1.03,1.08,0.9549,677414.534552,0.9962
RDYY,21.27,21.43,21.51,20.8795,43068.035692,21.1974
CP,85.22,86.05,86.97,85.17,3800421.873095,85.9874
OUT,32.81,32.15,33.075,32.15,2704690.094931,32.6824
ALVO,3.2,3.31,3.44,3.175,716609.670217,3.2257
BLCO,15.91,16.1,16.15,15.89,262686.279503,15.9868
BRW,6.88,6.91,6.91,6.8508,126268.210817,6.8819
AUMI,97.2755,100.74,100.74,97.09,10432.7682,98.4728
RMNI,3.94,3.88,3.97,3.85,561304.215551,3.9239
LAW,4.01,3.82,4.06,3.78,824260.765584,3.9695
SMPL,12.44,12.56,12.72,12.345,2076874.539586,12.5027
CENTA,34.74,35.07,37.71,34.37,819732.970254,35.6289
RFL,1.27,1.25,1.31,1.25,92174.155939,1.2883
ORBX,51.2409,54.35,54.35,50.74,33380.488,52.712
EWJV,44.04,44.42,44.69,43.95,53395.953237,44.2266
GSUI,14.03,14.42,14.42,13.9512,15633.023,14.1828
FWRG,11.95,12.13,12.14,11.52,1620033.758195,11.876
FBK,54.01,54.61,55.0,53.81,177452.066337,54.1905
AMBP,3.96,3.99,4.01,3.945,810817.558657,3.969
AUNA,5.07,5.15,5.23,5.01,195124.811095,5.0726
LONZ,49.53,49.55,49.7599,49.47,39292.713461,49.5486
CLNK,18.0293,18.45,18.45,17.8669,34052.046,18.0883
CDRpB,22.49,22.3,22.49,22.245,1423.5338,22.4094
DBD,78.91,79.78,80.78,78.86,264325.086219,79.5075
PLTD,7.84,7.97,7.98,7.6101,58524677.778546,7.7826
XYL,115.64,118.67,118.69,115.59,2957171.40281,116.9021
WES,43.3,42.24,43.3,41.2,1733252.524822,42.4196
GIGB,45.76,45.98,45.98,45.745,249342.5509,45.7953
YEAR,50.35,50.33,50.35,50.314,204716.837035,50.3279
WRTH,25.055,25.01,25.0699,25.0,113300.589179,25.0188
TXRH,157.93,158.35,160.41,155.8925,2227654.534634,158.574
JKHY,146.03,142.39,147.18,142.39,1202956.212238,145.739
AVDV,107.79,109.42,109.43,107.74,763147.190034,108.383
PTY,12.35,12.35,12.36,12.31,687362.053966,12.3316
SHYL,44.44,44.54,44.565,44.4001,102189.681229,44.4576
EVT,26.3,26.52,26.64,26.26,93009.9781,26.5183
METpA,21.74,21.75,21.79,21.63,46568.1047,21.7189
ST,44.34,45.75,45.96,44.16,2072206.832809,44.7289
APPN,23.76,23.64,24.48,22.43,2206762.256635,23.2714
AVGG,35.0,36.37,37.41,34.0,135659.392679,35.6829
XRPT,41.8532,43.34,43.34,41.735,125176.395602,42.4393
PHDG,41.2836,41.485,41.485,41.2836,523.7119,41.3759
SHOO,39.64,40.08,40.45,39.05,1699316.910439,39.7578
MPV,17.375,17.53,17.53,17.235,11173.8367,17.4019
AXSpE,19.65,19.65,19.7399,19.6,28274.358,19.6507
AIO,25.66,25.88,26.0735,25.5,150431.012121,25.7376
DLRpK,23.0,22.86,23.02,22.86,13131.8792,22.969
CGO,13.42,13.44,13.49,13.38,49058.234108,13.4354
REG,77.86,78.7,79.035,77.47,2779024.889942,77.8991
CULP,3.6,3.6,3.6,3.4508,67469.87973,3.5666
XOMO,11.7,11.59,11.7,11.49,112629.17285,11.5913
HP,36.9,37.38,38.35,35.43,2865620.464512,36.4923
FUFU,2.28,2.32,2.39,2.21,155807.309867,2.2911
SVC,1.54,1.52,1.59,1.48,7956852.24323,1.5323
EXPD,151.86,152.94,153.69,151.0,1095009.754046,151.951
REAL,12.4,13.22,13.39,12.16,8932387.900056,12.5392
JRI,13.15,13.17,13.2,13.0815,140211.58721,13.1654
SFL,11.91,11.71,11.97,11.7,1184041.484526,11.8721
DELL,230.27,235.26,237.75,228.0,4848341.154481,231.5132
NUV,9.21,9.23,9.23,9.1712,400829.78547,9.2011
VBNK,18.66,18.76,19.0154,18.46,75708.7013,18.6689
BCTX,4.1,4.18,4.27,4.04,98315.337399,4.1346
CFND,3.52,3.55,3.6,3.47,18872.0,3.5212
THRM,30.81,31.15,31.46,30.715,214796.586921,30.9216
RSG,201.55,198.94,201.965,198.24,2782917.953895,201.0349
ATMU,54.84,54.37,55.35,53.59,1244126.530208,54.7941
QBTS,21.99,23.05,23.68,21.81,25872971.045811,22.6165
STK,50.12,51.46,51.84,49.7,72484.82871,50.6045
HLNE,88.96,89.62,90.61,87.495,1139610.622699,89.2408
RRBI,92.12,92.65,93.8725,91.96,100432.2119,92.7783
GSL,41.53,41.71,42.06,41.29,400210.769149,41.5986
VBIO,1.04,1.03,1.06,0.98,47818.5398,1.0267
SPCB,10.75,10.94,11.48,10.465,98433.533024,10.9778
HBT,28.39,28.21,28.69,27.935,89284.08465,28.4619
CBRE,146.7,145.66,148.58,144.46,1828102.134407,146.7914
GTBP,0.3895,0.4156,0.4156,0.38,595057.754848,0.4011
CGBL,37.07,37.4,37.4,36.99,969900.901586,37.1708
EXTR,23.52,23.58,23.72,23.012,2485000.691068,23.4265
CTNM,14.63,14.84,15.05,14.105,171456.101429,14.4983
JIVE,90.9507,92.48,92.48,90.94,332986.0172,91.2818
BKKT.WS,0.0907,0.085,0.0925,0.0848,14165.0,0.08519
DERM,5.0,5.2,5.2163,4.99,149429.578,5.0571
CHEF,80.34,80.01,80.55,77.96,345587.262149,80.0561
FMTM,39.95,40.91,40.91,39.62,197042.065346,40.1419
SDHC,12.89,13.17,13.2379,12.455,448813.685721,12.7098
NCDL,14.01,14.0,14.37,13.925,147882.250443,14.0963
NSP,32.69,30.86,33.07,30.79,991989.755529,32.4461
RYM,26.06,27.9,27.9,24.5,35659.817231,26.7442
TXXH,27.3588,28.12,28.12,27.115,1206.0,27.3139
BTT,22.89,22.9,22.929,22.83,52552.697392,22.8852
PRS,22.89,22.98,23.0185,22.8636,18992.63431,22.9437
FFC,16.08,16.09,16.18,16.08,125637.8063,16.1085
MEI,9.25,9.4,9.405,8.98,377742.103656,9.2618
CIMpB,24.52,24.55,24.55,24.45,48024.455,24.5128
PRA,24.6,24.6,24.675,24.575,893675.623369,24.6226
AQWA,19.13,19.35,19.3597,19.13,1493.794772,19.3281
EMA,52.19,52.21,52.6,51.77,231825.312636,52.1908
NBIL,30.02,31.925,34.435,27.322211,1779260.131473,31.0605
MEGI,15.22,15.35,15.35,15.18,79165.031144,15.2329
PHUN,2.02,2.02,2.0676,2.02,128755.21094,2.0266
LASR,66.19,72.02,72.64,66.02,2239599.465695,68.877
LYFT,14.16,14.41,14.595,14.005,22928622.573657,14.1864
KLC,3.92,4.2,4.32,3.875,484718.187041,4.019
AGMI,73.0952,74.76,76.64,73.0952,4916.0688,75.738
MDVpA,24.94,24.9,24.94,24.9,4074.2225,24.9383
WCN,153.57,153.6,154.56,152.655,2163073.751292,153.9145
PCN,12.08,12.07,12.095,12.065,320035.272422,12.0808
EVMT,18.9998,19.05,19.05,18.9998,1026.9273,19.0315
GLSI,23.62,23.18,23.68,22.66,52987.238734,23.1515
IXHL,4.8,4.88,5.0,4.56,310299.465037,4.7803
MO,69.04,69.5,69.78,69.0,8693353.110853,69.2238
ANGL,29.08,29.19,29.22,29.07,1021962.438255,29.0983
HITI,2.49,2.5,2.56,2.47,388106.000479,2.5048
NMT,13.06,13.01,13.14,13.0,13376.0681,13.066
JLHL,19.06,23.69,24.98,16.5,41698.18282,20.6675
NRP,113.26,111.16,114.9899,107.0,114519.3481,112.0382
ETIp,24.25,24.25,24.25,24.25,134.2568,24.2662
AMST,0.9101,0.969899,0.969899,0.85,243410.248903,0.9096
JL,6.555,6.53,6.68,6.42,17680.0,6.5916
CASS,47.62,47.09,47.84,47.09,69869.6896,47.6235
HAS,97.39,97.7,98.825,96.99,2553250.893349,97.8405
VGNT,39.0,41.8,41.8,38.795,1938534.937193,39.6187
CRDL,1.3,1.3,1.35,1.27,450229.573445,1.3028
INFQ.WS,5.96,6.5,6.5,5.8,62423.0,6.0094
FIEE,6.45,6.33,6.6,5.8759,15162.0,6.1946
LODI,25.22,25.26,25.26,25.22,6899.8772,25.2405
MIN,2.46,2.48,2.48,2.45,1518507.8255,2.4736
NBB,15.85,15.83,15.96,15.7,52563.5451,15.8101
UFPT,221.35,217.84,228.29,205.22,285284.43989,223.3409
PFLT,8.97,9.15,9.18,8.95,1182655.421175,9.0156
SMWB,3.28,3.15,3.32,3.11,629474.26662,3.2194
DCTH,11.24,11.51,12.27,10.82,896190.931825,11.4072
MOBX,2.14,2.2,2.2799,2.08,454164.822874,2.1768
ORI,39.48,39.05,39.805,38.81,1188538.261746,39.4653
TSN,67.94,67.77,68.15,66.5201,2560225.608619,67.6569
GPI,350.16,346.07,352.35,341.9986,144846.511692,348.8486
FDIF,37.815,38.0,38.125,37.7,8077.316522,37.8927
IRS,14.7,14.9,15.08,14.65,104658.409831,14.8058
RGR,39.14,38.77,39.375,36.29,254574.30974,38.337
CFGpH,26.15,26.17,26.17,26.0857,11975.0998,26.1244
MUSA,580.8,573.06,581.21,564.55,222063.45869,576.5312
MLM,600.49,620.4,624.2239,596.42,508572.774202,602.2136
RYN,20.41,20.9,21.49,20.4,3887545.486326,20.8783
LNC,35.94,35.0,37.81,35.0,3694248.312654,36.4279
HOMB,26.84,27.07,27.17,26.785,1267602.594969,26.9307
COLD,14.97,13.1,15.0,13.1,14524159.891702,14.5788
ZBH,83.37,83.39,84.07,82.68,2177691.917623,83.3258
ASR,312.25,311.2,314.795,309.125,48293.325448,311.8898
LUMN,8.46,9.88,10.03,8.395,20863410.214117,8.8431
TSLY,30.42,30.21,30.65,29.98,1429972.525157,30.3413
SPRU,3.48,3.52,3.57,3.3814,30742.011648,3.492
SPRC,6.72,6.23,7.0499,6.21,15163.084104,6.76
HALO,65.19,65.92,66.61,64.45,1517270.311753,65.2437
MORN,177.91,168.51,180.18,166.66,647469.625453,176.286
CTBB,19.25,19.22,19.32,19.001,151399.44603,19.2347
MSTP,55.42,58.16,58.76,53.0801,16224.956854,56.2333
NL,6.01,6.14,6.14,5.925,14631.185432,5.9814
EHI,6.12,6.18,6.18,6.1,89495.7537,6.1386
TSLI,26.7929,26.53,27.105,25.85,7758.020289,26.6211
JCI,139.25,144.62,145.13,137.4,5939640.786985,138.981
KMLI,10.69,10.51,11.0,10.43,145029.522656,10.3659
CARZ,109.1669,110.17,110.7,108.735,4089.494474,109.8232
CSTM,32.87,33.63,33.6507,32.68,1834619.158722,33.0477
ASAN,7.05,7.04,7.26,6.93,5029800.926245,7.0907
BXSL,24.36,23.92,24.535,23.595,5142766.098621,24.1552
LMAT,107.91,109.2,112.435,106.985,363632.159935,109.0736
MFAO,25.18,25.24,25.2704,25.15,12334.281,25.1892
INR,15.33,15.57,15.57,15.15,490703.037116,15.344
TRFK,86.42,87.55,88.0,85.62,175364.602469,86.6362
AXIAp,13.0,13.28,13.28,12.885,85115.906751,12.9991
TROO,4.47,4.17,4.51,4.1,429100.808306,4.3175
EMBJ,67.75,68.15,68.815,67.5347,1364894.158597,68.0904
FERG,246.53,252.81,256.3,245.46,1265042.345108,248.5777
MSD,7.39,7.47,7.47,7.27,80230.9324,7.408
ETN,399.15,419.0,419.895,396.21,3589987.63787,402.6669
BEPpA,18.25,18.33,18.43,18.1,3791.274,18.2822
HCA,429.02,429.73,433.72,428.01,774447.725317,429.8893
SSB,97.36,98.9,99.335,97.03,761879.091466,97.6442
FTC,174.1567,178.29,178.29,173.26,8290.410005,174.6709
RRC,40.86,40.52,40.93,39.91,2881017.078581,40.6749
PRPL,0.5144,0.5363,0.54,0.5047,251939.718326,0.5212
SMBK,42.32,42.3,42.79,41.75,52781.81815,42.3806
GPIX,54.51,54.78,54.78,54.4,859781.93464,54.6
ASBA,25.032624,25.02,25.18,25.01,10720.0,25.064
FGBI,9.41,9.45,9.49,9.37,6219.542093,9.4133
CETY,1.01,0.93,1.058,0.8511,444374.581215,0.9655
DRI,195.17,193.45,195.86,190.005,1067199.682932,194.4637
JPMpM,17.77,17.75,17.77,17.662,100464.7969,17.7295
UCYB,52.1893,50.88,52.78,50.88,10933.9745,52.026
WFC,79.16,80.685,81.01,78.69,19094825.343165,79.1456
OAEM,47.9309,48.7,48.7,47.8,18696.358044,48.1305
FALN,27.04,27.13,27.15,27.025,991636.947816,27.0821
NRC,18.73,17.79,18.79,17.61,207073.966929,18.0826
BDYN,26.9718,27.11,27.22,26.92,285712.8981,27.0447
TRTNpD,23.56,23.51,23.6,23.37,6811.23,23.4619
BETR,30.52,34.16,34.3,29.04,2770546.66617,31.0848
SATG,17.53,18.96,18.96,17.27,82461.364944,17.874
ADAMH,25.7,25.7,25.72,25.61,8427.697,25.6937
ROG,137.26,142.99,144.4599,135.9359,270287.959756,138.9109
FESM,44.26,45.14,45.14,44.16,987515.374624,44.492
SLVR,63.92,65.73,67.86,63.74,325023.741617,65.8573
GOCO,0.9917,1.01,1.03,0.9901,96695.431549,1.0057
GAP,23.9,24.84,25.06,23.77,5238731.59337,24.1394
LBRX,31.98,32.09,32.13,31.06,85753.288238,31.6168
OC,121.81,126.72,129.14,121.5,1438367.294073,122.7797
LICN,5.94,5.6,6.17,5.3463,43437.01177,5.785
GDHG,1.72,1.51,1.97,1.51,14120.948453,1.7816
CNBS,30.0927,30.63,30.63,29.66,3747.465306,30.1727
TDAY,7.35,7.3,7.405,7.23,1731342.69294,7.3381
PUK,31.63,32.47,32.47,31.58,684320.863624,31.93
UDIV,58.462,58.89,58.89,58.462,1887.9703,58.6523
RSKD,4.83,4.8,4.915,4.8,575547.8303,4.8542
SIEB,1.79,1.72,1.82,1.72,23336.309,1.778
INEQ,40.12,40.83,40.83,40.1,31148.5529,40.3411
ACI,16.18,15.93,16.325,15.92,4511249.624894,16.1993
PRT,2.68,2.67,2.75,2.66,115596.570794,2.7038
SBI,7.78,7.78,7.82,7.76,54030.5504,7.7898
ONLN,59.83,60.64,60.64,59.83,12996.680059,59.9794
WH,83.84,83.94,86.0,83.29,1254337.292598,84.3219
FOXA,62.69,62.37,63.2,62.08,2534626.193878,62.7078
VSEC,199.45,208.49,208.96,196.79,478294.317085,201.125
RYET,1.1199,1.08,1.17,1.05,20017.78,1.069
FSIG,18.95,19.0,19.0063,18.95,251988.660735,18.9762
BGRN,47.41,47.56,47.58,47.41,22377.119161,47.4922
GGLL,145.95,147.0,147.35,142.19,1130559.434294,145.1821
NEXT,7.62,7.34,7.68,7.05,3949829.712529,7.4286
GYRE,7.07,7.9,7.9,7.025,167834.213871,7.223
BANC,19.17,19.44,19.59,19.08,2825800.11527,19.2405
EQHpA,20.0,19.98,20.05,19.95,25068.5303,19.9974
DSX,2.69,2.7,2.72,2.655,530076.671853,2.6883
UCAR,1.56,1.56,1.58,1.45,662166.191519,1.5179
GANX,1.87,1.92,1.92,1.815,347058.973695,1.8565
CATY,56.99,57.32,57.51,56.58,408303.401899,57.0357
GGR,4.15,4.1502,4.25,4.15,3727.0,4.181
BNH,15.59,15.6,15.68,15.5,11130.351,15.5689
PEBK,41.18,40.55,41.325,40.4,49245.01804,41.1876
VVX,75.4,76.87,78.0199,75.07,645162.951539,75.6993
MGNX,2.94,3.02,3.06,2.85,499732.493276,2.9376
CREX,3.71,3.85,3.86,3.66,54673.245251,3.7748
XYF,5.17,5.07,5.2499,4.99,122945.222508,5.1297
BTOG,2.04,2.09,2.1047,2.03,32458.049992,2.0541
PD,7.41,7.04,7.76,7.04,2560258.975135,7.5054
OPTX,7.05,7.59,7.68,6.84,800462.284278,7.1451
HYI,10.8,10.84,10.92,10.76,43400.552179,10.8056
RWR,109.91,110.46,110.63,109.35,235600.211425,110.0206
UE,22.03,21.96,22.16,21.862,711089.383487,22.0511
MRVU,83.12,95.96,95.96,82.08,120920.265243,88.1572
BTSG,52.94,52.5,53.66,52.17,2346079.046536,52.9112
DAIC,0.1951,0.2099,0.2099,0.195,176396.460481,0.2018
WEEI,23.1,23.22,23.22,22.825,39358.410946,22.9852
SPHR,136.73,143.88,144.75,135.24,684240.691479,137.8292
LUD,5.8001,5.85,5.89,5.8001,2072.186396,5.8929
CALI,50.415,50.42,50.42,50.4,64225.976344,50.4144
ASPSW,0.4,0.382,0.4535,0.382,92744.0,0.4
ACR,22.73,22.9,22.9,22.4,12769.23,22.6685
EAT,146.3,146.8,148.26,141.01,1311012.817347,144.9112
GSUN,0.5324,0.506,0.541,0.484,440124.125694,0.5146
AHCO,11.73,11.48,11.92,11.37,1953026.055773,11.7262
MRDN,10.98,13.02,13.07,9.43,70859.275887,10.8363
WERN,36.38,36.43,36.68,36.0775,1268300.951219,36.3863
VEEV,168.25,169.2,173.5,167.41,4101742.757153,169.259
AIDX,1.38,1.393,1.45,1.37,47193.01,1.4
ERO,27.1,27.91,28.885,27.09,1667111.19908,27.9023
RYTM,96.23,96.61,97.45,94.04,818362.079684,95.4789
KDP,28.52,28.44,28.715,27.84,9434530.316959,28.4461
HII,314.72,320.77,322.56,312.205,653007.482767,315.181
LTRYW,0.0116,0.011,0.0118,0.0087,57355.0,0.01101
REPL,3.34,3.41,3.47,3.205,2656924.667495,3.3393
IALT,28.0434,28.04,28.08,27.97,328097.600448,28.0029
CHY,12.77,12.91,12.91,12.65,398830.229231,12.7403
EQ,2.14,2.13,2.16,2.06,93661.401782,2.1088
DRD,28.57,30.89,31.26,28.35,1557777.95945,29.0226
AROW,37.07,37.16,37.34,36.98,52363.91251,37.1346
ALNY,295.91,300.55,303.46,293.78,1144021.111885,296.8598
THG,186.3,185.56,188.225,185.56,279158.406828,186.6374
GAMpB,24.99,24.94,24.99,24.91,6334.4182,24.9278
BCAL,19.07,19.0,19.27,18.88,281717.6656,19.0357
URNJ,31.8,32.51,33.465,31.6901,297324.17971,32.457
XRMI,17.2771,17.17,17.3,17.17,7151.9462,17.3019
NDSN,284.13,288.0,289.69,282.37,353933.616874,284.2817
CIGI,103.51,99.87,103.865,98.87,343118.03943,102.6375
SPCT,27.217,27.78,27.78,27.21,16378.4754,27.2434
VV,336.3,338.13,338.56,335.58,350764.393395,336.8657
MXCT,0.8715,0.8467,0.88085,0.845,376039.824681,0.8657
TSSI,15.84,16.81,16.89,15.36,2679254.551448,14.7925
PAC,251.1,250.15,251.95,246.85,98239.517421,249.5433
CAPR,33.94,33.95,34.37,33.02,816049.833387,32.9156
VOC,3.15,3.04,3.2213,3.04,93682.529168,3.1293
ENVA,172.5,173.17,175.8981,171.47,309646.228521,172.9001
SII,142.36,154.355,155.75,142.26,204982.116307,145.5957
EXG,9.49,9.62,9.625,9.48,538131.952794,9.5449
BRSP,5.93,5.95,5.97,5.91,791703.870099,5.9362
RLX,2.14,2.2,2.2,2.14,845752.342764,2.1531
PML,7.59,7.6,7.63,7.585,309542.86549,7.6048
PLMR,113.57,111.81,114.28,108.0,555035.266525,112.2395
FTA,93.6702,94.09,94.1758,93.5,30176.159173,93.7806
BIPC,39.14,39.59,39.67,38.91,998731.217459,39.2866
KRNY,8.08,8.12,8.18,8.07,202241.233681,8.116
AAUC,29.16,29.97,30.26,29.02,1518956.733847,29.2604
BAMU,25.3,25.27,25.3,25.27,9962.3536,25.2925
USB,55.31,56.22,56.48,55.04,11680379.475795,55.3563
LW,43.03,43.06,43.46,42.12,1236904.228064,42.9638
SKY,73.28,76.12,77.08,73.06,519090.36943,73.8381
OPLN,37.67,36.44,38.21,36.4,1706161.772848,37.4401
UHAL,52.12,52.09,52.48,51.59,182005.845516,52.1191
MPLX,56.27,55.35,56.27,54.76,2043995.887393,55.6567
HEQT,33.1195,33.09,33.1899,33.09,15450.044497,33.1474
CRI,35.75,37.8,38.9895,35.69,1453321.231914,36.2593
ZBRA,228.62,230.56,233.975,227.58,771077.962187,230.2258
CVX,182.5,181.58,183.44,179.53,12194041.220902,181.7621
USIG,51.16,51.39,51.39,51.13,1784435.779884,51.2198
BBY,58.54,58.7,59.62,57.985,3322803.555941,58.4869
SPGpJ,54.22,54.02,54.26,54.02,801.3408,54.2374
AVEM,93.74,95.13,95.13,93.56,2755491.403632,94.2053
JFU,3.28,3.51,4.17,3.28,12830.833333,3.6792
ASCI,37.4018,37.96,37.96,37.4,1625.6895,37.6551
ANGX,2.99,3.04,3.06,2.735,1531099.239292,2.8957
LXU,13.57,13.75,14.05,13.505,1537212.022899,13.6876
UPSX,16.68,16.84,17.88,16.065,93796.073092,17.0642
FEAT,19.5546,19.8,19.8,19.395009,14904.4566,19.6019
CNOB,29.91,30.17,30.435,29.855,341353.459632,30.0278
MUR,38.27,36.99,38.705,36.15,2802099.054809,37.7206
SWIM,5.75,5.88,5.9799,5.65,1030783.444657,5.7802
WKHS,3.63,4.04,4.0699,3.54,374053.199648,3.6806
PCOR,53.51,54.1,55.0,52.67,4359645.826053,53.5252
TTAN,65.3,64.55,68.4899,64.34,1307642.994344,66.109
COLM,63.32,63.385,64.6325,62.665,672140.121075,63.4857
MDLZ,61.31,61.34,61.905,60.78,5462552.596924,61.3875
NMRK,16.87,16.61,16.8875,16.569,1268250.057209,16.7941
MITK,15.36,15.48,15.78,15.31,1419985.586397,15.4302
PSApP,15.86,15.94,15.98,15.86,28274.733,15.9039
SST,3.92,4.3,4.3494,3.9,557114.703866,4.1008
ESIM,28.13,28.5,28.5,28.11,2693.9668,28.2631
CCHH,0.45,0.48,0.48,0.45,35593.0,0.4588
CONI,45.1507,44.18,46.26,43.0,352578.946003,46.5174
CLVT,2.79,2.79,2.92,2.78,5322765.297341,2.8386
CROX,104.08,106.76,107.58,102.845,929297.868574,104.2535
TDG,1241.98,1239.79,1262.26,1235.74,357425.263892,1245.823
V,321.28,319.54,323.69,319.54,7186066.731514,321.6006
FHNpE,24.715,24.78,24.82,24.715,2783.9755,24.7842
DFAI,41.2,41.88,41.88,41.18,1471081.235938,41.3986
RKNG,25.5599,26.48,26.5,25.24,5155.067,25.9791
SXI,268.54,272.67,272.67,265.81,145397.404085,268.6006
CNO,45.9,45.92,46.33,45.62,1100982.47773,45.8982
PSBD,10.98,10.61,11.17,10.46,205983.256814,10.8049
LMFA,0.2362,0.24,0.2506,0.2362,427818.139534,0.2426
BTBD,1.76,1.78,1.7946,1.75,392309.113,1.3125
METCB,10.56,10.82,11.17,10.5,24130.453948,10.8473
EMBC,3.6,3.54,3.79,3.45,5774320.58462,3.6331
ACYN,20.82,20.7,20.82,20.62,652279.9621,20.7007
GRX,9.02,9.14,9.155,8.97,40700.9586,9.0437
PPT,3.51,3.49,3.51,3.49,345009.24126,3.4994
FORM,144.68,148.92,153.2,142.34,2070566.691936,146.6792
PNFPpC,25.23,25.35,25.4008,25.21,5718.7136,25.2945
MSGY,0.4584,0.4832,0.4899,0.4554,84673.0,0.4669
OPK,1.12,1.13,1.14,1.12,2027788.909695,1.1287
QUSA,18.46,18.48,18.56,18.41,15595.9059,18.5149
CCEP,93.5,94.54,94.69,93.09,1894504.552318,93.7855
RAIL,7.98,7.94,8.1786,7.81,119456.429887,8.0267
HWC,68.11,68.75,69.08,67.8,1099681.360744,68.1652
ELOG,0.873,0.88,0.91,0.8212,18870.470171,0.871
KVUE,17.72,17.51,17.89,17.4906,27034732.553028,17.7391
WNTR,22.23,21.7,22.6799,21.7,132761.964313,22.2209
OGN,13.32,13.37,13.43,13.31,8092588.314512,13.3537
PFS,22.48,22.75,22.8,22.43,929481.545752,22.5521
EQR,65.86,66.14,66.49,65.78,3924247.142417,65.9994
SDHY,16.04,16.12,16.154654,16.01,45452.5482,16.0783
GRC,76.52,77.9,78.7247,76.405,122039.53821,76.8987
SOJD,20.03,20.09,20.12,20.02,62434.10523,20.0545
ASTC,2.76,2.752,2.89,2.75,22262.950235,2.8103
SPTE,44.28,44.5,44.78,44.0,38235.642004,44.4945
WOR,55.67,56.21,56.52,55.63,140407.99313,55.969
AMRC,29.69,31.57,31.785,29.61,429062.844907,30.0824
CAR,154.06,164.0,165.582,153.97,1072910.299847,157.9421
COLB,29.56,30.24,30.46,29.455,2331422.789024,29.7173
CPAC,10.68,10.5,10.68,10.45,11240.680273,10.5891
LH,258.05,255.84,259.4,254.95,745962.194633,257.6697
GPT,33.2312,34.17,34.17,33.2312,10748.3011,33.6102
GNRC,266.75,268.82,269.5799,260.57,1063550.182301,264.837
THCH,1.95,2.05,2.095,1.95,2766.00255,2.037
BODI,14.07,14.01,14.5317,13.5,41297.014047,13.9589
MCRP,2.64,2.77,3.57,2.351,849787.275595,2.858
LIDRW,0.0478,0.0436,0.0479,0.0436,7068.0,0.04557
NTRSO,19.18,19.22,19.25,19.15,13672.094,19.2069
BBIO,67.45,68.58,69.29,66.955,2875634.220016,67.8455
CCLDO,27.46,27.46,27.485,27.46,36111.2165,27.4625
SCMC,25.031,25.095,25.095,25.02,33944.0,25.0566
SIRI,26.75,26.57,27.125,26.4,3526486.852941,26.8536
A,118.65,117.62,119.58,117.5,2281358.095887,118.5926
NZF,12.63,12.72,12.73,12.62,414399.84178,12.6562
CRCA,51.34,56.23,58.3721,47.6317,1881443.200391,52.7566
HTAB,19.13,19.14,19.17,19.12,24611.261497,19.1516
NBIG,20.98,22.54,24.24,19.14,1029847.569613,21.3608
PYPG,6.04,6.09,6.27,6.02,619071.336509,6.1526
AMWD,39.53,39.48,40.79,39.0,469787.925823,39.6159
QQQJ,41.54,42.23,42.23,41.26,133884.974789,41.6401
OBT,35.09,34.82,37.97,34.56,47045.9581,35.0174
RIME,0.76,0.76,0.7799,0.73,316993.146577,0.76
ECX,1.18,1.13,1.26,1.12,3616110.043885,1.2151
AIIA,10.12,10.13,10.13,10.08,25217.15236,10.0852
DNP,10.62,10.65,10.68,10.62,621913.563028,10.646
FOA,21.05,20.82,21.95,20.7,52347.354066,21.3368
PBOG,32.06,32.17,32.18,31.68,48180.919,32.0786
COFpN,16.1815,16.32,16.32,16.16,19178.1609,16.2191
GWRE,139.58,133.99,143.15,133.99,1290459.93181,140.2889
CIM,13.54,13.25,13.705,13.2,1114529.445137,13.4857
MIMI,2.7,2.66,2.87,2.53,79912.183186,2.6575
MA,500.94,492.7,503.52,492.7,4964090.687256,500.431
GIBO,1.31,1.31,1.32,1.3047,5166.195381,1.3104
IND,23.15,23.24,24.17,23.15,2386.234,23.6164
BMM,7.05,7.18,7.32,6.9669,59022.35042,7.1455
LNTH,91.0,90.0,93.0,87.73,1729501.094398,90.6689
CpR,24.98,25.03,25.05,24.96,103806.0,25.0054
VTOL,42.55,42.52,42.55,40.29,466855.230821,41.8068
BBSI,29.9,28.36,30.24,27.5,330560.174843,29.2411
RITMpC,24.6,24.65,24.6747,24.55,17114.7714,24.6196
AMSC,53.22,56.09,56.8999,52.6584,1201571.560583,54.1273
NA,2.07,2.0,2.26,2.0,105951.253034,2.1204
NTSX,57.8727,58.4,58.4,57.8,29021.159447,58.0971
IMTX,11.14,11.41,11.55,11.02,735713.404234,11.2182
CCI,91.07,90.0,91.35,89.885,3134026.953577,90.8183
NUWE,1.1,1.09,1.1,1.06,30291.138148,1.0817
GEVG,30.72,35.51,35.51,30.665,126923.47162,32.4142
MHO,130.02,133.02,133.06,128.5,226210.585459,130.0051
LBRDP,22.09,21.85,22.1847,21.7386,26745.1739,21.9189
SPXT,108.2078,109.0,109.0,108.05,9764.1518,108.4
VET,11.86,11.7,11.975,11.4,1912219.292698,11.7326
LOAR,60.1,64.0,64.2525,58.95,1633283.169956,61.0464
HL,18.07,19.13,19.73,17.97,20351514.986217,18.8702
KF,65.355,68.39,68.929,65.355,33792.584306,66.6602
ET,19.92,19.8,19.945,19.52,12036298.037866,19.7422
ISPR,1.85,1.46,1.92,1.46,168017.431197,1.7917
PBR,20.37,20.52,20.53,19.915,28115484.142852,20.2779
PESI,11.17,11.54,11.69,11.0,279393.118091,11.2698
PH,886.85,904.46,906.4499,882.42,757148.125281,889.7166
EXR,143.27,143.57,144.24,142.13,1262556.048554,143.2202
COFpI,19.08,19.12,19.1899,19.04,72210.4487,19.1159
GABpH,20.29,20.28,20.3,20.28,763.9844,20.2997
CA,24.99,25.15,25.15,24.99,1340.3638,25.0997
OXSQ,1.86,1.89,1.9,1.85,2027446.772828,1.8642
NWL,4.45,4.62,4.65,4.44,6360214.211159,4.5003
AMH,32.42,32.59,32.825,32.04,6434609.583627,32.3903
AQNB,26.11,26.05,26.11,26.04,7800.742,26.078
PAM,82.5,82.0,82.78,80.33,275764.938067,81.6828
CIF,1.63,1.64,1.64,1.6201,34845.881993,1.631
CLOA,51.8373,51.87,51.87,51.83,384114.432183,51.8413
ACHR.WS,0.2846,0.285,0.329,0.2689,70467.0,0.2905
BSCR,19.65,19.67,19.67,19.64,812876.2931,19.6594
RPRX,50.2,50.64,50.94,49.2775,5602102.137586,49.9966
NVYY,14.25,14.14,14.25,14.115,226066.586937,14.1905
VNO,32.04,31.7,32.555,31.64,3822490.819131,32.152
SOXY,86.4936,88.01,88.12,86.0001,32313.126561,87.1235
THH,0.325,0.3315,0.3487,0.3152,215951.325786,0.3329
GLPG,27.73,28.53,28.53,27.15,288095.829985,27.8581
AYI,295.42,296.71,298.28,293.035,261233.943103,295.7263
GMAB,27.06,28.23,28.2799,26.805,3498109.723612,27.4762
PDS,89.93,90.19,90.99,87.735,156793.174515,89.4474
FVCB,15.81,15.88,16.01,15.73,333955.8192,15.8436
TBLD,22.02,22.19,22.3799,21.85,50087.3419,22.0289
SFBS,79.39,79.98,80.48,79.06,187132.50368,79.5242
BXMT,19.15,19.37,19.37,19.08,900611.184207,19.1919
AIOT,3.4,3.33,3.43,3.29,953913.960387,3.3875
ADCpA,17.05,17.13,17.15,17.05,6833.5997,17.1127
CARR,67.22,68.58,68.65,66.45,7627351.113128,67.3366
NCLO,24.9885,24.98,25.01,24.98,7213.682975,24.9881
MCFT,25.57,24.64,26.395,24.575,432558.256992,25.6449
MSGS,332.52,335.68,340.935,326.65,307520.252269,332.2334
VYMI,98.99,100.52,100.52,98.91,931242.74605,99.4774
IBOC,73.26,72.69,73.4,72.51,295835.865615,73.0743
GBAB,14.21,14.35,14.35,14.15,135097.350416,14.2272
FMY,11.935,11.89,11.9999,11.87,4768.7201,11.945
SKBL,3.35,3.37,3.42,3.25,257117.596171,3.3468
ENZL,45.62,46.09,46.2,45.5599,61637.749334,45.8644
XTIA,1.81,1.85,1.9399,1.8,1700610.256167,1.8527
PNC,219.29,220.94,223.05,218.48,1268578.511539,219.6102
BBC,44.2192,46.04,46.04,43.6,20976.85736,44.2976
EZGO,0.0689,0.08855,0.115,0.0638,279004513.213445,0.08841
ZD,43.31,43.95,44.48,42.855,822900.335442,43.5473
AALG,11.4744,11.5,11.75,11.12,86323.461448,11.5164
PSApH,22.43,22.44,22.45,22.3,29186.895,22.3614
SOC,12.83,12.66,13.05,12.11,3831682.516263,12.8
TGE,0.99,1.0,1.05,0.99,32297.0,1.0224
ARCT,8.9,9.11,9.19,8.66,491384.765012,8.7218
CRBD,23.88,24.0,24.09,23.76,18798.314,23.9047
SLXN,0.519,0.598,0.598,0.519,105264.111,0.5541
LHAI,1.34,1.37,1.37,1.22,527463.040725,1.3111
GV,0.17,0.163,0.1724,0.155,527708.155,0.1626
QQA,55.8944,55.98,56.17,55.776,96711.911154,55.9613
TMAR,26.0898,26.24,26.27,26.0898,5273.0,26.2305
USVM,103.3106,104.61,104.63,103.25,66335.670702,103.5453
TTWO,223.5,225.06,227.02,222.16,1901154.599787,224.3754
BETA,17.99,18.36,18.7054,17.58,2263978.041258,18.1527
GIG,6.74,7.48,7.5,6.61,50347.290449,6.8801
STZ,150.25,150.6,152.4499,149.13,1662304.491714,150.1387
NEEpS,56.92,57.89,57.89,56.68,27747.0,56.9533
HSHP,15.79,15.52,15.84,15.33,484354.147218,15.6291
IRHO,9.97,9.97,9.97,9.97,23547.626191,9.97
CARY,20.81,20.87,20.87,20.81,243817.839951,20.8332
SCVL,17.8,18.24,18.24,17.48,269172.715859,17.7919
III,4.17,4.15,4.2296,4.14,149385.06505,4.1785
NBOS,27.84,27.93,27.93,27.785,15266.567,27.8239
SRI,7.63,7.16,7.85,7.065,261185.698716,7.455
SXTP,1.58,1.69,1.7,1.57,54748.985861,1.6214
ARR,17.55,17.45,17.555,17.38,2158939.840462,17.5006
COHU,47.48,49.78,49.9551,47.29,1301772.306394,47.9036
MFApC,23.87,23.8,23.9,23.8,13471.299,23.8863
WGO,31.89,32.37,32.69,31.695,548354.005113,31.9143
TRN,36.64,36.58,37.27,35.74,655337.525095,36.659
SOJF,25.5,25.54,25.54,25.4601,22524.904,25.4956
AMZD,8.41,8.3,8.44,8.26,13157434.5473,8.3747
DLXY,0.5502,0.5884,0.6659,0.54,136818.957881,0.5833
NEEpU,25.245,25.3,25.31,25.22,31024.222,25.2718
GGLS,5.2,5.17,5.2799,5.17,17306844.970027,5.2337
ATR,125.11,122.94,126.47,122.57,749729.908048,125.3463
BARK,9.35,9.08,9.565,9.04,46686.759783,9.3391
SCEpG,18.7,18.6,18.7,18.55,10028.9935,18.6329
WST,322.01,315.28,323.625,312.56,1610527.352667,321.172
ZGN,13.05,13.04,13.38,12.935,1082209.461187,13.0628
BSM,13.37,13.6,13.63,13.22,987966.172568,13.4459
KD,12.64,13.32,13.8,12.5007,7201768.086116,12.7821
FIBK,36.25,36.5,36.78,36.16,1480224.596217,36.3611
WBX,2.88,2.9,3.0599,2.82,7840.845157,2.9023
FNGS,72.46,73.0,73.723,72.36,31118.503721,72.8803
XAGG,50.23,50.35,50.36,50.2,251508.747971,50.2654
AHLpD,21.32,21.46,21.7,21.32,28158.936,21.4791
RNG,45.39,46.88,47.94,45.03,3902296.985451,46.4749
OLN,26.76,28.28,28.5,26.54,2512290.561527,27.1249
MSM,104.31,106.21,106.54,103.8,637940.470323,104.8562
ICFI,74.5,73.46,75.68,73.2,527809.79513,74.4795
BTF,21.6531,21.94,21.94,21.58,12459.782652,21.7151
BRIE,29.32,29.82,29.82,29.32,45270.096,29.5314
DFDV,4.26,4.48,4.5311,4.185,913614.35628,4.2995
VMC,288.93,297.49,298.745,288.89,792797.230776,290.294
FLYT,17.92,20.57,21.0799,17.21,123027.639128,18.6832
BOOT,163.37,172.27,173.625,160.77,706121.663765,163.4435
WSML,34.1402,34.66,34.66,34.13,3118.5338,34.2703
BCO,107.75,110.05,110.9,103.24,857853.648264,106.5863
DBRGpI,16.3,16.51,16.5999,16.0,34404.8393,16.381
COFS,31.5,31.32,31.83,31.32,72757.6726,31.5495
EVTL,2.68,2.71,2.81,2.57,2908879.31946,2.7077
OTIS,77.47,76.83,78.705,76.75,5518603.733406,77.8986
RERE,4.5,4.44,4.565,4.42,807608.839117,4.4995
YUM,157.25,155.5,158.09,155.23,1597890.351817,157.0393
ATLX,5.92,5.72,6.095,5.46,1452044.836367,5.8482
ALGT,82.18,81.5,85.0,80.6,751847.150319,82.3147
USAC,27.61,26.8,27.61,26.39,222261.042577,27.3149
KPDD,8.53,8.49,8.75,8.49,91533.3589,8.5459
CRESY,11.23,11.64,11.64,11.15,195948.825803,11.3007
GNPX,0.865,0.885,0.9,0.8643,360750.030036,0.8781
PBA,44.96,44.59,45.08,44.22,974567.135788,44.7024
CMREpC,26.18,26.26,26.33,25.9,31406.273,26.2194
AWP,11.82,11.94,11.94,11.751,112744.42512,11.8282
AIXI,0.7229,0.7,0.7699,0.6988,5117047.279698,0.7254
CYH,2.9,2.84,2.9397,2.84,1024090.790208,2.8956
EFRA,35.5549,36.24,36.24,35.5549,1883.2765,36.1299
SMP,39.34,39.25,39.55,39.06,107099.982397,39.329
FAAR,33.56,33.49,33.6599,33.3281,31800.055228,33.5251
IIPR,56.59,57.85,59.155,56.57,319079.943196,57.6415
OCCI,3.41,3.35,3.48,3.34,289921.435181,3.4182
HSY,187.06,185.46,187.35,182.84,1833366.059122,186.1762
LEE,8.0,8.31,8.31,7.68,72707.4355,8.0396
AISP,2.52,2.56,2.575,2.455,413825.989887,2.5101
KVHI,10.2,10.74,10.83,10.01,214697.764749,10.4164
NBET,39.9943,39.86,39.9943,39.43,2949.338,39.6724
KOID,38.67,39.41,39.43,38.575,65424.462667,39.0136
MLKN,16.38,16.06,16.42,15.955,865094.006053,16.338
TNC,86.91,87.88,88.86,86.61,252047.826618,87.3228
SHO,10.35,10.3,10.39,10.245,1659876.744502,10.3303
IBTH,22.38,22.39,22.39,22.37,289914.912403,22.3769
WNW,3.67,3.74,3.8,3.5501,50931.547001,3.6918
SOJC,21.74,21.74,21.81,21.72,17960.7224,21.758
FEAM,1.65,1.8,1.8,1.65,238984.525164,1.695
PBYI,7.26,7.52,7.52,7.02,352491.921016,7.2007
WFCpL,1187.5,1195.0,1196.11,1185.01,4353.8169,1189.9381
GTLB,25.92,25.2,26.19,24.98,5932910.200848,25.765
ORR,36.75,36.77,36.8399,36.4,354322.341137,36.5298
GEOS,8.5,9.34,9.6639,8.45,451130.712944,8.7082
BDX,153.26,151.0,154.45,149.27,6344336.275509,152.3201
CATH,87.86,88.38,88.38,87.645,18843.332484,88.0338
PATK,95.36,96.15,96.425,94.705,413620.150316,95.3437
GINN,76.5933,77.15,77.38,76.481054,11908.1288,76.9558
RVMDW,4.97,6.0,6.0,4.955,101650.0,5.1745
CLRB,3.3,3.4,3.49,3.2,618413.108669,3.3716
IDE,13.6,13.55,13.66,13.53,34545.545,13.5754
RMD,206.89,209.26,211.23,206.37,1315641.354508,207.6317
LLY,974.96,985.37,989.0,967.1,3494856.183097,975.2174
OVV,58.31,58.49,58.975,56.71,6166220.163,57.8977
SPE,14.42,14.54,14.58,14.38,26922.699882,14.5063
JPMpL,19.17,19.15,19.21,19.1114,84008.5446,19.1662
BLTE,156.0,156.0,156.56,147.84,136694.982,153.6378
INCY,97.77,99.68,99.68,97.12,1021629.967381,97.9065
MODL,49.6536,49.93,49.96,49.5912,28718.4612,49.8021
IDAI,2.4899,2.46,2.52,2.43,25511.049,2.4906
CALX,43.52,44.75,45.275,43.125,713419.38219,43.7559
SA,29.71,31.19,32.24,29.61,1647232.875981,30.3245
GWH,1.12,1.13,1.17,1.08,926473.913858,1.1174
HAL,39.12,39.95,39.99,38.825,12617506.080657,39.184
HBR,12.23,12.43,12.43,12.19,43531.978758,12.3484
XNCR,12.31,12.64,13.21,12.1,947693.417104,12.4715
BUI,27.65,27.86,27.88,27.55,80112.521633,27.6576
COUR,6.27,6.05,6.3099,5.98,5348631.434385,6.2018
ALTG,8.19,8.43,8.69,8.0601,264456.807356,8.3467
PEG,77.83,78.94,79.12,77.46,3156815.256119,78.0232
NOMD,10.14,10.36,10.37,9.85,2695967.032041,10.0428
APO,127.79,129.36,130.76,126.3635,4060947.769041,127.6139
FATE,2.43,2.25,2.465,2.1,4386767.520576,2.3048
ABUS,4.35,4.41,4.445,4.275,923932.473938,4.3581
MEXX,33.4641,33.6,34.785,33.04,22391.513109,33.8226
CHRS,1.76,1.76,1.77,1.71,921646.271959,1.7428
CRK,14.8,14.94,15.145,14.4,4066307.854996,14.7726
NLYpI,25.62,25.65,25.65,25.61,29187.8581,25.6253
USXF,64.8302,65.09,65.51,64.69,48571.642449,65.0331
BAFN,7.1731,7.26,7.51,7.0,113780.733807,7.3142
NVS,145.39,147.97,148.06,144.99,1005070.804552,145.8672
ZTR,6.8,6.85,6.8591,6.8,83007.6047,6.8238
AM,21.24,20.95,21.265,20.67,2708521.140289,21.0927
BTX,8.1,8.2,8.22,8.06,495763.480149,8.1311
CXT,43.88,44.56,46.02,43.8,1391431.70209,44.4386
CFA,95.2602,96.03,96.03,95.2602,1462.067255,95.5273
ESNT,61.58,61.01,62.11,60.71,988209.39628,61.5105
IH,1.67,1.66,1.7199,1.66,6319.907145,1.7015
ALGN,168.39,174.96,176.455,167.82,753268.941256,169.3726
GLNG,55.03,54.35,55.215,53.2507,1834729.117603,54.6904
EVG,10.92,10.97,10.99,10.92,61370.4333,10.9564
EEMA,114.54,116.01,116.01,114.29,57818.964254,115.0789
UPBD,18.76,18.99,19.28,18.62,785653.058211,18.821
GMEX,2.17,2.0,2.49,1.91,1762454.892672,2.215
EXP,211.71,220.16,220.91,210.12,353549.273992,212.7059
HPI,16.31,16.39,16.39,16.22,60630.3149,16.2906
OGIG,45.7933,45.57,46.1201,45.52,19115.031471,45.8424
MTC,7.02,7.34,7.86,7.01,48090.985703,7.3965
WRB,66.53,65.79,66.875,65.59,1493310.664274,66.4766
NIOBW,1.9801,2.2,2.25,1.98,50707.0,2.1906
HESM,38.61,37.01,38.61,36.72,3916318.464933,37.8021
OZKAP,16.53,16.59,16.6,16.53,16822.373,16.5667
AMUU,158.36,166.29,169.06,153.225,178126.000079,161.8487
MYE,22.4,22.91,24.25,21.62,461005.130997,22.2781
CANG,0.55,0.539,0.55,0.4948,638451.342278,0.5236
SVV,8.21,8.06,8.53,7.99,2258497.060844,8.2346
ANF,78.51,78.95,79.85,77.75,1196581.054735,78.5957
LTM,51.82,52.9,54.075,51.4125,1225990.222452,52.4671
CGGR,45.93,46.12,46.37,45.71,2007557.630729,46.0176
ALC,63.88,65.13,65.49,63.84,4383380.600434,64.486
PSKY,10.76,10.86,11.06,10.665,13606360.242962,10.8292
EBMT,22.91,22.74,23.34,22.66,39992.516,22.9358
AFGC,18.62,18.65,18.65,18.59,6493.5,18.6156
NTSK,11.4,10.61,11.59,10.61,4601524.229193,11.3136
IEX,214.87,218.62,219.405,213.73,1051154.884372,214.908
CORZZ,22.15,22.38,22.78,20.7,29232.661002,21.8027
NMIH,38.58,38.25,38.885,38.01,671009.926165,38.5854
ALCY,11.96,11.875,11.96,11.8133,2557.0,11.8901
ATLCZ,25.445,25.3836,25.5,25.35,15489.0,25.4187
ALAR,7.99,7.54,8.2,7.5201,47727.023617,7.9029
CGDV,47.1,47.47,47.49,47.02,4694303.250212,47.1949
PNI,7.04,7.07,7.07,7.036,8207.4946,7.0543
BIOA,17.82,18.36,18.53,17.14,223667.684954,17.7104
PMTW,25.62,25.6,25.645,25.6,2368.6592,25.6217
HMN,45.15,45.45,45.84,44.02,233466.43904,45.2363
ZH,3.39,3.32,3.42,3.2805,249729.10567,3.3656
JILL,12.89,12.51,13.115,12.51,75823.3355,12.906
LMT,512.41,515.025,515.5,503.03,2056298.527995,509.4555
CCU,12.03,12.0,12.375,11.82,166049.279832,12.1324
ALTGpA,25.2,25.15,25.2,25.15,1273.0333,25.1985
PSO,15.07,14.99,15.215,14.97,1631074.833708,15.0869
CASY,850.95,853.69,859.6925,832.345,422876.668683,844.2813
USMC,71.5395,71.88,71.99,71.42,175854.68866,71.8519
CMP,28.24,25.78,29.03,23.61,1217881.191771,27.0647
INDB,78.23,78.76,79.315,77.76,327488.10793,78.3192
ACP,5.34,5.4,5.4,5.34,297080.678984,5.3733
CRTO,16.45,15.85,16.68,15.71,485687.008475,16.3786
VMI,509.16,525.0,525.0,506.12,171369.300514,511.2896
MBOT,2.13,2.19,2.2,2.09,768056.805411,2.135
CBU,63.87,64.05,64.305,63.01,167542.55375,63.929
EHAB,13.77,13.8,13.8,13.77,658865.713382,13.7861
ENVX,6.42,6.68,6.68,6.31,4951626.652638,6.4451
PXS,4.45,4.51,4.525,4.3,48634.0,4.4475
FCBC,43.25,43.33,44.1,43.145,65551.0072,43.3334
NUS,7.02,7.3,7.3776,7.01,640039.84277,7.1094
SPAM,34.1163,34.29,34.345,33.78,1535.3429,34.1707
HGLB,8.22,8.25,8.25,8.18,24099.644509,8.2064
CRACW,0.0455,0.05,0.05,0.0455,3150.0,0.047
EMO,49.87,49.5,49.965,48.65,57645.210645,49.3971
PSApS,16.13,16.13,16.14,16.11,4922.9434,16.1319
JXN,110.09,115.29,116.09,109.7,706845.531058,111.4429
VNOpM,17.8,17.42,17.8,17.42,12850.5064,17.6674
BTMD,2.09,2.1,2.195,2.065,236128.716709,2.1135
KSS,14.35,14.42,14.73,14.095,3936482.724651,14.3138
BN,46.51,46.71,46.95,46.11,6423368.902763,46.511
KAI,340.59,330.8,352.74,330.8,312006.851141,345.4938
FCPT,25.47,25.47,25.605,25.3,498517.614349,25.4829
NEON,1.82,1.74,1.87,1.74,155184.01657,1.828
PR,20.08,20.4,20.57,19.605,26595731.055462,20.0331
LTCC,13.815,14.0,14.0,13.7,10894.703,13.8507
GDO,11.04,11.05,11.05,11.01,17049.8526,11.0275
AZO,3554.88,3522.72,3560.0,3498.235,230379.447547,3540.924
OGE,47.33,47.52,47.91,47.225,1599889.126175,47.3925
NIQ,11.2,10.57,11.245,10.555,1392322.017765,11.0643
VVOS,0.6636,0.7263,0.7498,0.6506,176794.651227,0.6742
TVRD,4.21,3.67,4.3399,3.63,107842.0,4.0716
VBIL,75.49,75.5,75.5,75.49,2018659.75445,75.4972
MST,34.297,35.55,35.57,32.93,61063.320888,34.4776
PACS,33.63,33.65,34.13,32.97,539339.954676,33.6006
DSGX,73.38,72.49,75.08,72.47,465867.732206,73.7632
WK,52.29,52.8,53.845,52.195,1374057.473937,52.8107
FNY,102.713,105.36,105.36,102.26,14558.9471,102.9272
HYZD,22.52,22.54,22.5647,22.5,32311.5905,22.5341
EOG,130.89,130.92,131.45,128.83,5807885.609294,130.481
RITM,9.79,9.85,9.905,9.76,4381869.442004,9.8143
WNEB,14.09,14.15,14.295,14.08,30385.637329,14.1463
CTOS,9.77,10.01,10.055,9.77,749709.949459,9.8619
EXEL,46.21,48.45,48.7,45.65,3519429.0878,46.3667
EG,351.73,351.09,354.95,347.81,354123.592259,351.8186
RITMpD,24.93,24.92,24.93,24.8801,22786.5485,24.9044
EAI,20.66,20.72,20.72,20.594,10986.652,20.6497
LGN,97.44,102.27,102.635,95.88,1893290.515749,97.301
EOI,19.9,20.06,20.085,19.88,81587.1679,20.0137
OALC,39.23,39.55,39.55,39.1501,7427.551298,39.2541
HOVR,2.2,2.45,2.45,2.115,4215727.917914,2.2491
NFEB,29.8422,29.79,29.85,29.79,675.0,29.8131
RLJ,8.85,8.81,8.96,8.74,4623823.806221,8.849
DBEU,50.54,51.83,51.83,50.51,59935.64335,50.8687
BSCS,20.425,20.46,20.46,20.42,331889.32616,20.4341
FLY,32.36,34.615,35.1999,31.81,3701811.871136,33.0768
SLG,45.28,44.65,46.79,44.565,1560638.257711,45.7637
LNZA,22.65,22.08,23.865,22.08,11301.24723,23.1354
FMNB,14.18,14.25,14.375,14.15,265371.727566,14.2204
GLOB,40.97,41.44,42.3,40.555,1505863.778853,41.2446
VVR,3.08,3.07,3.08,3.05,612363.662646,3.064
MTLS,5.44,5.6,5.62,5.32,208011.28647,5.4135
USA,5.78,5.86,5.86,5.78,918171.030266,5.8179
VPC,16.275,16.2,16.31,16.1689,18151.03656,16.2403
ELE,17.55,18.76,19.13,17.49,1703325.923605,17.7752
EPRX,7.47,7.5,7.79,7.4,127103.232214,7.5758
IMUX,11.75,10.92,11.84,10.46,361155.474357,11.1278
DLTR,96.76,96.09,98.33,94.26,4145858.389699,96.6212
WTRG,37.7,37.26,37.895,36.8,2042511.533285,37.506
GOF,11.49,11.55,11.55,11.47,1035737.33914,11.5022
ASH,54.46,54.86,55.315,54.08,1026692.33107,54.5717
SCMB,25.64,25.68,25.69,25.64,1333003.0857,25.6586
PSApK,18.93,18.82,18.95,18.82,10618.8058,18.8831
SILC,44.25,44.18,46.08,42.13,213288.937078,44.4667
BZFD,0.8155,0.83,0.867,0.7969,249960.504198,0.8209
JCSE,1.09,1.11,1.16,1.06,22766.115611,1.0986
IPW,0.81,0.84,0.84,0.805,335950.739524,0.8194
LTC,38.62,38.55,38.71,37.78,470075.107195,38.4502
XSMO,86.55,88.0,88.0,86.05,232042.853499,86.9575
EES,63.907,64.53,64.53,63.83,10952.426446,64.0822
TROX,8.42,9.56,9.76,8.36,6198422.279992,8.8136
DLB,57.47,58.6,59.35,57.42,631997.216759,57.9772
ASIX,23.94,24.77,24.82,22.7501,537286.033231,23.6857
WFCpD,17.33,17.3,17.34,17.2801,26351.4927,17.3186
CHSN,1.83,1.71,2.5,1.6,9383195.436938,1.9783
AGYS,72.93,69.55,73.585,69.55,226084.836357,72.762
PRLB,68.17,69.74,70.0,67.33,169841.862665,68.3179
PXED,30.62,30.0,31.2,29.8001,90805.58646,30.6408
HBNC,18.56,18.59,18.755,18.48,247355.68573,18.5837
MINV,50.2681,51.36,51.36,50.2681,22654.471731,50.6202
ACT,43.22,43.19,43.48,42.29,376685.148434,43.1218
GSJY,51.9285,52.37,52.37,51.8725,5022.4777,52.1422
FXNC,27.96,27.47,28.435,27.47,122201.4811,28.0273
FMB,51.1747,51.24,51.24,51.11,86214.72178,51.1845
SIHY,45.28,45.29,45.39,45.26,19032.7461,45.2899
DUOL,113.61,105.53,115.4999,105.53,2617006.280317,112.4078
IIPRpA,24.0,23.76,24.2099,23.7,361166.8237,24.0129
RYAN,31.71,29.28,31.885,29.28,4092443.665862,31.2892
RNP,21.22,21.32,21.36,21.16,70272.457302,21.2649
CRDT,23.3098,23.54,23.54,23.24,15449.3061,23.281
CRNX,43.49,41.93,43.62,40.11,2061807.815082,42.4959
YMAR,28.3,28.41,28.41,28.22,6249.3182,28.2718
PGP,9.03,8.87,9.1199,8.87,53695.5036,9.0118
FCNCN,25.34,25.23,25.34,25.23,28031.0,25.3057
AQST,4.23,4.23,4.3,4.155,1307334.400473,4.2192
ENTG,147.66,155.99,156.42,145.39,2915250.934087,148.4126
CHSCO,26.14,26.12,26.2499,26.12,15783.252,26.1836
DJD,60.22,60.45,60.6099,60.1301,27039.349221,60.3148
TLSA,1.51,1.45,1.52,1.3613,179293.141568,1.4505
HPS,14.83,14.89,14.89,14.75,40849.01275,14.8186
DTM,144.13,143.13,144.505,141.465,755486.883677,143.5861
TEI,6.4,6.41,6.505,6.37,184285.792063,6.4257
PAI,12.2,12.2,12.214,12.15,44385.79176,12.2026
BENF,3.52,3.3,3.56,3.22,34250.575995,3.4108
AIPO,31.89,33.2,33.2,31.66,1536900.705734,32.2984
TSXU,46.72,47.53,48.89,46.0,21141.918682,47.483
PSF,19.94,20.01,20.05,19.91,34709.4048,19.9733
GTY,33.01,33.04,33.35,32.79,458975.89258,33.0937
CBAT,0.7852,0.78,0.7902,0.7781,65930.0,0.786
MFSB,24.96,25.07,25.07,24.96,68534.341,25.0012
UNFI,50.09,51.28,51.945,49.16,753103.244326,50.1578
WOK,1.31,1.33,1.345,1.28,15300.978145,1.3214
ILOW,44.72,45.38,45.4,44.72,18068.198979,44.9113
COSO,25.83,25.71,26.0,25.71,79902.0,25.8295
HLLY,2.53,2.82,2.895,2.51,1886671.377189,2.6265
AGX,690.0,724.95,728.545,687.885,333239.480632,701.9231
SOUL,10.32,10.31,10.32,10.31,2685.0,10.3144
VHI,14.28,14.56,14.66,14.28,3627.391528,14.4762
CRMT,12.79,12.9,13.14,12.49,54536.082042,12.75
HOPE,12.52,12.68,12.755,12.5,917358.071717,12.5775
LITP,17.85,18.2,18.56,17.85,143057.208119,18.2401
BKUI,49.685,49.71,49.71,49.68,18222.81414,49.69
Q,143.59,150.9,150.91,142.51,1953360.49226,145.0013
LAZ,46.44,47.0,47.33,45.91,1706405.817109,46.4187
TPST,1.97,2.0,2.05,1.91,84998.566216,1.983
FISV,56.81,56.37,57.74,56.355,7149820.381173,57.0342
FSM,10.46,10.315,11.185,10.23,13075277.811789,10.698
BKU,47.28,48.19,48.29,47.19,469472.564348,47.4728
GTEK,54.1228,55.09,55.09,53.98,23098.7874,54.3658
UGP,5.9,6.05,6.16,5.86,2922439.440339,5.9887
RSP,203.54,204.96,205.53,202.945,10151386.512361,203.9723
HTH,38.25,38.15,38.65,38.14,322783.106119,38.3401
HEI.A,220.73,227.5,227.545,218.815,281757.913283,221.7671
ARTL,2.68,2.65,2.78,2.64,105058.1928,2.7044
JBS,16.32,16.68,16.7597,16.28,4478439.266335,16.3782
ERET,29.1645,29.66,29.66,29.16,3881.0,29.4621
TpC,18.76,18.72,18.7799,18.69,92299.3586,18.7226
BBNX,10.5,10.57,10.97,10.44,459621.611207,10.5782
WLDS,1.04,1.03,1.05,1.02,159075.896182,1.036
BRC,79.53,80.76,80.94,79.445,275790.199663,79.9541
TAC,12.76,12.88,12.88,12.385,1362140.666078,12.7095
ZION,62.73,63.95,64.37,62.58,1383438.530393,63.0161
FLX,2.73,2.73,2.89,2.64,229657.0,2.7036
KEYpK,21.18,21.25,21.3,21.12,24101.955,21.2281
ODC,75.68,75.44,76.755,74.63,47540.364259,75.6583
FBIZ,56.72,56.3,56.85,55.92,28586.479501,56.5296
NTES,117.11,119.31,119.33,117.07,689793.50926,117.8737
SWKS,65.04,65.16,67.55,64.56,6475204.322245,65.5436
MMM,143.75,146.43,146.94,143.47,2764418.890594,144.5668
NFXL,24.64,24.76,25.29,24.601,525665.432531,24.9234
OSK,153.06,156.92,157.815,152.2,802323.302902,154.2084
JCPI,48.519,48.63,48.63,48.45,81124.014919,48.5335
ASIC,19.43,19.57,20.2827,19.4,60759.522547,19.639
RQI,13.39,13.44,13.5,13.3,184155.085976,13.3962
KR,66.41,65.5,66.55,65.18,4899061.168294,66.1211
DHF,2.4,2.42,2.43,2.4,279378.71374,2.4204
NNE,26.7,27.8,28.2282,25.88,3695311.741501,26.918
CHPX,85.2,87.4,88.27,84.68,89287.314919,85.9494
DJCO,492.33,488.14,498.03,483.99,29073.041311,492.2407
BZ,14.24,14.33,14.505,13.99,5566500.616476,14.2654
CAPL,21.32,20.71,21.44,20.4,67848.979577,21.1789
ASPI,5.33,5.45,5.475,5.2,3123329.318531,5.3328
BKKT,8.55,9.1,9.1,8.3,1221573.495444,8.6317
ELCV,30.57,30.94,30.94,30.49,125799.950539,30.5704
DIVG,35.3822,35.47,35.68,35.3822,2697.003851,35.4754
SCL,51.9,53.52,53.535,51.87,115976.313852,52.3033
ALDF,10.63,10.62,10.635,10.62,1508.0,10.63
AUB,37.82,38.57,38.59,37.74,776848.344195,37.9533
MUYY,26.725,26.68,26.77,26.6399,37444.92,26.7148
VPL,111.07,112.78,112.9008,110.9,1051989.927934,111.5977
TALK,5.18,5.19,5.2,5.18,1590344.020868,5.1895
MKC.V,47.58,48.36,48.37,47.58,11922.063782,47.922
LST,44.3975,44.9,44.9,44.275,8593.767463,44.6628
FSEP,54.0608,54.225,54.26,54.02,10943.0,54.1139
YUMC,48.11,48.66,48.66,48.02,1252250.168713,48.2132
CGDG,37.03,37.46,37.46,37.02,432966.013615,37.1698
XRNpA,24.12,24.26,24.26,23.76,9947.5086,24.103
SGP,25.39,25.3,25.475,24.555,134541.196047,25.1481
RSI,27.9,27.89,28.3,27.3,3003300.048098,27.7361
LUCK,7.53,7.39,7.765,7.01,80052.66682,7.4364
QUIK,17.56,18.58,18.6,17.0,622901.881585,17.4867
IAE,8.26,8.31,8.34,8.25,119148.7949,8.2916
BSL,13.26,13.23,13.28,13.14,14591.0743,13.2565
METU,25.31,25.15,25.97,25.05,7387661.829212,25.5273
CLX,92.11,90.05,93.455,89.9,3876888.764225,91.7899
MAT,15.0,15.1,15.35,14.85,2997388.540728,15.0523
AIXC,1.38,1.42,1.48,1.36,25459.291038,1.4236
YQ,2.73,2.74,2.9,2.725,5074.438735,2.7741
LKQ,28.71,29.01,29.32,28.39,4760800.038156,28.6858
NAVN,18.01,18.39,18.9,17.94,3755677.341393,18.1882
IIF,22.4,22.63,22.64,22.22,48835.314,22.4332
BOX,25.69,24.66,26.0,24.66,3735458.1796,25.6861
MWA,26.89,27.41,27.8,26.85,1636370.065219,27.034
AGCO,117.71,120.88,121.99,117.6,531114.956875,118.5324
NTLA,13.71,13.78,14.065,13.415,4043553.194389,13.697
PPLC,49.1,48.94,49.23,48.89,10277.0,49.0738
SNTG,2.21,2.1744,2.21,2.07,15720.6172,2.1346
CARL,9.75,9.89,10.065,9.5,110446.039004,9.7317
SCHW,89.5,91.81,92.43,88.6601,14791981.790162,89.6273
CAGE,26.95,27.37,27.37,26.845,149997.4452,27.0667
DLRpJ,20.6,20.65,20.65,20.59,3226.6694,20.6062
BNTC,12.14,12.5,12.56,11.925,60841.480125,12.1859
VLGEA,43.94,43.19,44.7844,43.0,41595.158203,43.6734
INSW,90.18,90.4,91.575,87.01,1224867.517986,89.8414
PEW,2.98,2.87,3.1,2.82,540748.659817,2.9609
HERO,25.97,26.22,26.5297,25.79,55512.165998,26.2221
BOKF,133.45,135.52,135.57,133.23,243572.340786,133.7865
WU,9.05,9.045,9.155,9.0,5351025.109481,9.0613
INOD,45.64,47.21,47.98,45.47,2627975.955416,51.8489
SI,12.77,13.04,13.19,12.57,44781.110904,12.8445
LQD,108.74,109.37,109.385,108.68,24184895.481805,108.9639
FLOW,37.1623,37.15,37.285,37.15,805.616,37.206
TRIB,0.592,0.6425,0.6425,0.5901,51603.603663,0.6054
JCAP,20.4,20.52,20.88,20.295,353379.262885,20.4786
AB,39.81,39.9,40.19,39.72,401133.246883,39.913
DRMA,1.3,1.25,1.32,1.25,33936.83353,1.2775
GEF.B,84.89,84.87,86.05,84.5,24197.4193,85.0991
CTO,20.3,20.5,20.56,20.245,337356.432452,20.3636
KEP,15.12,15.49,15.69,15.08,626986.673545,15.2469
KEN,86.34,92.08,92.08,78.42,119461.160995,85.6787
GETY,0.834,0.802,0.8489,0.798,539874.026356,0.8309
GDVpK,17.945,17.93,17.99,17.93,2442.2362,17.9514
UAMY,11.02,12.55,12.64,10.85,14340118.60621,11.4858
ETX,18.7,18.92,18.98,18.65,15600.5076,18.7739
YRD,2.03,2.12,2.14,2.025,30617.959899,2.0569
SSSS,13.45,13.97,14.22,13.37,265173.702917,13.6977
GNLpD,23.66,23.45,23.66,23.45,4906.914,23.4916
GATX,183.02,191.89,191.89,180.04,490752.750157,183.9821
WMK,70.7,70.46,71.61,69.27,187174.660154,70.3796
XHG,1.035,1.05,1.05,1.02,2342.9575,1.0347
GIF,25.3613,25.58,25.73,25.2245,15139.1419,25.4674
AIT,310.37,315.5,317.095,308.57,221392.860089,311.2854
CAEP,10.43,10.44,10.44,10.42,61536.0,10.4221
CAAS,4.54,4.59,4.59,4.5,15302.762642,4.5295
SLQT,1.14,1.21,1.26,1.08,2308055.759175,1.1311
CTEV,24.21,25.63,26.6,23.295,111119.898478,24.3198
JOBY.WS,0.7801,1.1,1.1,0.7012,106250.382437,0.8278
BDTX,2.72,2.77,2.79,2.43,1928044.435136,2.5858
RITMpE,24.39,24.46,24.49,24.38,24822.3186,24.4146
LNN,112.34,114.44,115.025,112.21,167861.796393,113.3373
VIPS,14.54,14.7,14.79,14.495,2257961.697031,14.5783
FER,70.03,71.45,71.47,69.9,1479889.211607,70.496
BMBL,3.46,3.47,3.64,3.45,4891874.808388,3.5274
DEVS,0.1665,0.1411,0.1718,0.1411,5303253.63823,0.1529
UNP,264.89,268.15,268.83,264.1,2032529.158418,265.8786
SPPL,2.68,2.7,2.75,2.67,250701.567961,2.6969
NAMM,1.74,1.83,1.852,1.68,655936.493064,1.7767
MANH,143.66,140.64,145.87,140.63,649286.445965,143.8839
LENZ,9.72,9.63,9.76,9.36,565521.707979,9.6279
XYZ,70.14,71.78,72.3,69.82,10022258.776848,71.1048
JOYT,55.7465,55.88,56.0,55.71,7221.7154,55.8508
ARDT,9.9,9.52,9.98,9.48,728208.458587,9.7782
MSLE,7.14,7.65,7.735,7.14,9025.342,7.4394
ACB,3.43,3.54,3.55,3.4299,660000.161401,3.4757
CYRX,12.76,12.65,13.28,12.65,962938.839987,12.9807
LXP,51.76,52.38,52.7925,51.64,392537.8863,51.9633
AFJKR,0.25,0.3,0.3,0.25,58087.0,0.2726
SIFY,15.88,15.22,16.055,15.04,109685.930398,15.8016
SBH,13.86,14.04,14.19,13.67,1688954.236513,13.8462
LTH,32.19,33.64,33.948,31.48,5482921.225078,32.0036
LADR,10.26,10.28,10.3211,10.2,537823.985579,10.2527
NBSD,50.82,50.89,50.89,50.795,88245.3228,50.8361
SBSW,13.19,14.04,14.1,13.15,6534763.430937,13.5044
TECX,26.87,28.69,28.8,26.3112,242069.745476,27.0965
EJAN,36.09,36.06,36.14,35.98,29227.717,36.0018
AER,148.49,149.83,151.0,148.02,1701652.630129,148.8543
ZVRA,11.0,10.86,11.21,10.22,2628920.844768,10.6343
BMN,25.85,25.56,25.97,25.54,14598.2272,25.7425
SRBK,18.46,18.55,18.58,18.35,19007.426392,18.4829
MUA,10.71,10.73,10.75,10.7,134739.643813,10.7294
BILL,37.66,38.05,39.5,37.41,5138875.312949,38.1656
VNT,30.67,34.65,34.73,30.01,5339253.747956,31.3042
IBAT,43.34,44.52,44.52,43.06,173470.464603,43.7064
ADSK,251.04,246.56,255.135,246.56,2026633.574344,251.8902
PRSO,0.942,0.99,0.9994,0.94,802967.369772,0.9675
HASI,42.47,43.39,43.94,42.34,1242491.658774,42.886
CINT,3.99,4.07,4.127,3.9512,111383.759174,4.0217
MSSM,57.78,58.67,58.67,57.6497,9796.524,58.0336
ETO,30.18,30.47,30.6399,30.12,27719.214,30.3268
FTXO,38.6306,39.15,39.15,38.59,171873.3147,38.8673
ALK,40.59,41.25,42.1,40.05,3144938.683454,40.9738
FTNY,7.91,7.91,7.91,7.87,213507.8461,7.8944
TTC,95.38,96.75,97.46,95.18,575626.425993,95.7542
SEALpA,25.7,25.59,25.75,25.59,8168.5034,25.6796
XBIT,2.5,2.5,2.54,2.5,28242.714714,2.5075
BRCB,11.46,11.79,12.07,11.31,459049.51586,11.524
SCSC,43.29,43.25,45.55,41.115,460738.163327,43.4592
PANG,11.28,10.78,11.52,10.78,128848.449977,11.1351
FRST,14.59,14.75,14.79,14.532,218437.939725,14.6575
ELS,63.29,63.38,63.64,62.45,1341295.732648,63.2254
TOWN,34.83,34.92,35.14,34.65,399524.725287,34.8707
MGRX,0.3401,0.341,0.3699,0.3401,286927.172701,0.3525
QUAD,7.66,7.5,7.7,7.495,189478.748616,7.6174
PSApQ,15.5,15.53,15.53,15.48,5885.3006,15.5011
CURI,3.14,3.09,3.185,3.09,366614.566123,3.1336
MAKO,7.78,8.06,8.3,7.755,102505.220262,8.0797
PICS,12.63,13.13,13.26,12.4575,442482.981744,12.7949
KDK,9.1,8.87,9.15,8.68,1544127.071665,6.9601
VTEX,3.97,3.92,4.205,3.92,1842698.701802,4.0744
FDVV,59.22,59.51,59.59,59.13,716592.574442,59.3621
SPWH,1.42,1.43,1.46,1.3722,309203.62961,1.4285
DRTS,7.85,7.75,8.03,7.52,509891.81196,7.8102
TWOpB,24.66,24.62,24.7,24.612,8071.1533,24.6665
PMTV,25.23,25.22,25.24,25.22,16188.5917,25.2298
STVN,18.03,18.11,18.545,16.95,903588.959764,18.0823
CNET,0.7,0.7043,0.71,0.6982,5950.0,0.701
VGSH,58.3,58.37,58.38,58.29,2102791.891028,58.3281
RHP,110.42,111.65,112.5,109.78,643422.944957,110.9676
KRC,34.57,35.24,35.69,34.55,2983138.823928,34.8005
UDR,36.93,36.85,37.305,36.85,3582616.058618,37.0277
FDS,223.98,210.9,227.07,210.86,813909.821169,222.6587
CHDN,88.85,91.63,92.32,88.57,1261040.497866,89.4229
OVT,22.045,22.1,22.11,22.02,2162.6961,22.0426
SEAT,8.97,7.81,9.48,7.76,230946.919717,8.662
PRVA,23.99,22.97,24.5489,21.4,2868795.831112,23.5437
TACT,3.49,3.5,3.5799,3.4501,8841.882,3.4948
SJ,1.1,1.13,1.13,1.0901,5355.0291,1.1016
GDS,43.62,45.37,45.37,43.01,1558578.601956,43.7539
CCCC,2.98,2.91,3.1,2.795,2798592.590852,2.962
CUZ,26.25,26.79,27.04,26.25,4753252.8016,26.4215
JEF,51.46,51.72,52.2399,50.85,2896148.778323,51.4597
MID,66.4304,66.66,66.765,66.4304,4384.4823,66.7039
JPC,8.0,8.04,8.04,8.0,828708.163955,8.019
CVSB,50.69,50.63,50.707,50.63,11347.5586,50.6798
PAB,42.285,42.48,42.48,42.28,19335.0,42.2955
BRBR,10.46,11.0,11.44,10.38,6850789.083783,10.8143
FIS,47.25,45.83,47.26,45.81,9359122.013784,46.8492
XOM,146.58,146.8,147.08,144.19,22509403.196732,146.0742
KB,109.79,110.99,111.0,109.2948,166780.580287,109.9409
WDI,13.86,13.96,14.0208,13.76,132435.749764,13.8914
EART,33.9721,34.9,34.995,33.7601,30186.08107,34.4741
KMTS,21.52,20.74,21.81,20.59,233778.326779,21.3667
CENX,60.58,63.6,63.74,59.84,1425606.666998,61.1107
BGSI,120.27,119.67,121.665,119.41,19174.548644,120.3405
ORKT,1.07,1.04,1.08,1.0001,130701.385185,1.0456
DUSB,50.81,50.8,50.82,50.7943,172328.772266,50.8022
ARRpC,20.95,21.0,21.0399,20.88,12868.4125,20.9652
HRMY,31.42,28.95,31.495,28.86,2229964.881002,30.6745
BUD,80.25,81.06,81.28,80.21,1954300.849476,80.5828
AIRE,2.575,2.84,2.99,2.53,275816.339725,2.7299
ASMB,30.93,31.22,31.89,30.72,163651.828362,31.2379
MCY,98.01,95.71,98.129,94.59,296115.772349,97.1007
COAG,25.74,24.96,26.0,23.76,202210.387637,25.1215
AGL,60.66,43.59,63.8714,41.76,3892885.331249,54.5397
OOMA,19.0,18.89,19.26,18.69,263271.539972,18.9896
FNK,59.1955,59.83,59.83,59.0801,13684.0523,59.3606
HCC,87.84,87.12,89.265,85.96,697171.995823,88.1045
CMREpB,25.65,26.19,26.19,25.65,731.0,25.7615
CRH,112.63,116.58,116.99,112.55,4504290.873449,113.2372
GXPC,33.17,33.29,33.29,32.98,54792.7481,33.1027
BRTX,0.225,0.24,0.2499,0.2222,1328722.486596,0.2345
XFOR,4.29,4.22,4.38,4.19,329911.201851,4.286
PLNT,44.01,44.83,45.0,37.03,17245859.364265,43.1955
MLPX,73.32,72.6,73.38,72.03,473643.207304,72.9583
ARX,13.56,12.89,13.905,12.89,1450829.308826,13.6083
VG,11.69,11.72,11.775,11.155,18783022.238029,11.5056
CRD.B,9.37,9.23,9.5499,8.78,6662.1123,9.1615
SABR,2.07,2.17,2.215,1.92,18714386.430593,2.0862
RSF,14.625,14.65,14.75,14.5734,6450.5867,14.6367
PDO,13.36,13.35,13.36,13.32,555420.5113,13.3441
ICCC,8.47,8.56,8.82,8.38,32102.0,8.5833
CNQ,44.74,44.04,44.825,43.74,9442644.323789,44.4301
GHRS,21.01,22.33,22.58,20.57,198597.394818,21.189
OSIS,241.11,239.9,244.77,233.05,567976.820848,240.1743
AFYA,13.91,14.13,14.25,13.82,68770.009906,13.9223
CORO,35.47,36.01,36.01,35.38,487437.152874,35.5483
WBS,72.69,73.2,73.52,72.58,1482617.482805,72.9091
MQQQ,222.01,223.66,225.19,220.65,74891.504,221.9297
SNDX,20.54,20.71,20.845,20.2,1187914.006543,20.4854
STGW,6.46,6.49,6.53,6.385,1285142.407235,6.4565
PBI,15.58,15.14,15.8,14.95,4324065.634017,15.5982
HSCZ,42.2794,42.81,42.81,42.21,25343.578981,42.4792
VYNE,0.6735,0.6696,0.6799,0.6696,232638.336001,0.6764
HCIC,9.88,9.88,9.88,9.875,2502.0,9.8772
PFO,9.21,9.25,9.269,9.21,25945.1657,9.2352
AVTX,22.87,22.3,24.27,21.31,5742150.859662,22.749
SLGB,0.588,0.5235,0.6,0.5021,145583.594717,0.562
WOOD,69.045,69.81,69.95,69.045,111131.434175,69.4985
PYPD,4.435,4.46,4.52,4.3,20399.2392,4.4243
OPENW,0.81,0.8559,0.8559,0.7,495180.393082,0.7859
SURG,0.5579,0.5435,0.5739,0.5293,38429.017831,0.5394
MNDO,1.01,1.01,1.035,1.0,65705.228951,1.0067
TIMB,23.6,24.68,24.68,23.51,1225579.334055,23.9509
HACK,84.71,83.74,85.34,83.44,182715.735804,84.4256
IMMX,9.54,10.25,10.26,9.47,649592.524215,9.7163
GXO,51.88,50.66,53.02,50.66,1977938.052164,51.8085
AKBA,1.18,1.14,1.225,1.13,11754313.180891,1.1832
SKIN,0.91,0.93,0.955611,0.85,2659654.776313,0.8787
POOL,190.44,190.0,195.9,189.96,1574586.83768,192.8721
AMSF,30.3,29.6,30.475,29.6,267689.222062,30.2148
CNS,71.1,70.91,72.04,70.25,258283.500919,71.2421
TGS,30.66,31.1,31.16,30.2,371183.630015,30.5507
ROC,5.71,6.06,6.2,5.71,52656.963334,6.0052
FAF,69.82,69.35,70.13,67.43,642218.830781,69.723
MGX,1.42,1.4,1.4482,1.39,204150.347555,1.4196
ALBG,17.41,18.6,21.01,17.25,164298.725597,19.1259
TCAI,47.55,49.75,49.75,47.15,147803.862212,47.9733
AOM,49.26,49.57,49.57,49.24,91573.632094,49.381
CABA,4.0,3.75,4.05,3.72,6881456.790856,3.9403
BMED,27.9569,28.38,28.38,27.9499,3942.305687,28.1323
PEB,14.52,14.68,14.845,14.44,2402685.442867,14.6422
EVGO,1.9,1.91,1.98,1.875,4490358.175195,1.9187
GABC,44.08,43.9,44.335,43.775,106254.59502,44.0764
VSME,0.9259,0.9247,0.9379,0.9205,32782.0,0.925
OGS,85.34,85.8,86.45,85.06,688723.333666,85.6064
PFL,8.03,8.02,8.04,8.02,96081.36432,8.03
AIRS,3.46,3.52,3.749,3.44,1080746.406473,3.5644
INSE,8.1,7.27,8.22,7.27,142237.329871,7.9199
GRDN,36.27,35.34,36.64,32.25,1107026.737516,35.3077
VTN,11.18,11.29,11.29,11.13,24878.91586,11.2115
INTR,6.7,7.7,7.77,6.66,11919985.180306,6.874
OBK,46.64,47.4,47.75,46.56,174584.254324,46.853
AKO.A,22.6,22.6,22.6,22.6,285.404535,22.611
SENS,5.36,5.36,5.4399,5.08,1697489.819309,5.2586
DAKT,20.01,20.3,20.69,19.92,327447.115318,20.1094
DAVEW,0.7,0.8077,0.9,0.6981,27489.0,0.7826
RSSE,22.3657,22.3,22.4,22.3,1231.0,22.3586
FpC,20.89,20.74,20.91,20.74,44374.0642,20.8421
XGN,2.94,3.1,3.1251,2.9001,255654.282681,2.9834
BKT,10.62,10.65,10.68,10.62,117645.407528,10.6474
O,61.79,63.6,63.6655,61.52,13525038.839719,62.0526
FOF,13.9,14.15,14.15,13.87,45707.353829,14.0133
ESTA,72.03,73.97,74.0,70.945,553275.948832,72.1779
AVO,13.3,13.59,13.62,13.17,916749.428948,13.3482
RTX,176.78,176.54,177.39,173.68,5658926.266204,175.8705
GPMTpA,19.995,19.85,19.995,19.85,995.2581,19.9714
MPG,9.85,11.15,11.15,9.56,215374.428381,10.4686
MNTN,9.18,8.97,9.71,8.953,1266441.18309,9.3449
IOVA,3.55,3.51,4.075,3.46,40972368.238036,3.6456
M,19.23,19.87,20.02,19.06,5344963.600347,19.2526
MWYN,0.7801,0.7706,0.8146,0.7699,221332.0,0.7843
RMTI,0.781,0.7976,0.7997,0.737,550520.533698,0.7796
UUUG,15.43,15.46,18.7,15.26,736404.556186,16.9133
DDL,2.59,2.6,2.62,2.58,276152.082696,2.5986
HOOX,21.769,23.11,23.47,21.4,143137.71146,22.2784
ESUM,28.72,28.9,28.91,28.65,20873.4801,28.7518
NUHY,21.33,21.41,21.43,21.31,8720.32376,21.3724
SCEP,24.8957,25.045,25.045,24.8601,41295.372,24.936
AGEM,48.0074,48.78,48.78,47.98,18092.977674,48.1891
NWE,72.41,70.99,73.72,69.95,479592.733766,72.3504
MTZ,412.27,435.505,435.505,406.195,1143052.641306,413.1558
CSL,360.46,377.28,380.35,360.4,508848.21729,364.3248
PSApO,15.34,15.32,15.36,15.26,16616.3581,15.3012
TR,42.74,41.96,42.839,41.0,106974.786036,42.3757
THW,12.81,12.83,12.8627,12.75,62368.064778,12.8057
GLOPpA,25.61,25.8,25.85,25.61,5012.812,25.7613
WISE,38.9478,39.7,39.7,38.65,1958.767706,39.0092
OKLL,10.82,12.79,13.4,10.5,15026445.011111,11.9518
EMD,10.68,10.8,10.81,10.66,290984.497048,10.7141
RAMP,30.17,30.07,30.69,29.95,416687.201465,30.2515
OXLCZ,24.85,24.78,24.85,24.7501,3379.0,24.795
CUBI,77.91,78.98,80.0,77.78,316050.707457,78.4754
VTWG,267.6634,274.4,274.4,266.7875,17158.209546,269.3273
RGC,31.47,27.5,32.0,27.4,370266.094373,30.4944
LOCO,13.51,13.35,13.535,13.2,256443.34062,13.4059
NP,30.47,25.25,30.55,24.935,1431046.27893,28.9914
BACpO,17.62,17.67,17.67,17.6,36854.9534,17.6347
CTOpA,21.47,21.02,22.695,21.0,9689.1367,21.6
KVYO,15.77,16.4,16.78,15.555,17366894.999436,15.9706
PTRN,16.95,14.79,17.03,14.46,4660710.24324,15.8404
SCHI,22.64,22.75,22.75,22.6201,2774663.247874,22.6723
FRPH,21.26,21.15,21.53,21.15,58707.35,21.3059
FWDI,4.67,4.93,4.965,4.57,1089133.912281,4.736
FEMR,40.6063,41.14,41.14,40.585,69732.725972,40.8484
TKR,116.34,119.77,120.6475,116.01,1121691.587978,117.1164
DBL,14.5,14.5,14.55,14.4701,58086.83,14.5063
GRRR,15.35,15.17,16.2,14.83,1414560.985911,15.6056
FIHL,21.02,21.13,21.27,20.99,477613.592132,21.0813
CBC,27.37,27.29,27.53,27.15,338294.077495,27.3786
UNM,80.32,80.22,80.71,79.41,1335623.369139,80.2741
EQNR,36.91,36.77,37.17,36.065,7367012.692418,36.6797
PLCE,3.36,3.32,3.49,3.27,206120.785606,3.392
AIV,4.31,4.22,4.32,4.22,2522269.96293,4.2861
ATHpD,16.76,16.75,16.78,16.65,24162.493,16.7242
DOX,65.14,63.93,65.386,63.93,991714.646143,65.0666
PASG,4.08,3.95,4.2841,3.95,57293.851314,4.0841
MTX,77.81,79.89,79.89,77.66,216647.459183,78.1007
SNCY,16.86,16.51,17.38,16.51,924308.919636,16.8592
ISRA,69.21,69.4,69.87,68.6201,12101.580373,69.3518
MGRD,15.08,15.12,15.12,15.04,4442.0,15.076
RC,2.16,2.06,2.18,2.0301,2359609.906411,2.1086
MUC,10.85,10.87,10.87,10.83,183600.63987,10.8555
MNRO,17.43,17.79,18.055,17.28,1002052.659398,17.4779
ALH,25.12,26.07,26.34,25.1,579015.757427,25.3161
TDW,77.86,80.38,81.5,76.815,1263878.87001,78.2738
INTU,406.78,395.38,411.8,395.0,2200436.938208,406.5987
AEON,0.91,0.9068,0.9431,0.9011,24055.09899,0.9095
GELS,0.466,0.4633,0.5127,0.4472,48621.77,0.4679
AWK,126.2,124.86,126.915,123.55,2098617.819104,125.9231
VOD,15.69,16.02,16.05,15.68,4758472.902713,15.7831
MZYX.WS,0.4,0.4,0.4,0.4,17943.0,0.4001
WT,18.72,18.97,19.29,18.67,2919944.498042,18.9248
SPRY,9.0,9.25,9.35,8.845,1479841.288842,9.0162
PYPY,27.987,28.3,28.45,27.98,22838.875317,28.2807
ARE,45.58,46.11,46.95,45.43,3025499.550838,45.9073
IP,33.08,33.72,34.12,33.025,6412920.362963,33.3743
JPMpD,24.31,24.34,24.3699,24.26,152453.9205,24.3142
CHI,12.35,12.46,12.48,12.25,163294.160293,12.3246
IRT,16.37,16.36,16.635,16.345,3509412.462037,16.4565
LCLG,69.6065,70.29,70.29,69.6065,523.4797,70.0487
APAM,37.61,38.0,38.18,37.35,529697.322086,37.6447
SOBR,1.8,1.2,1.991,1.17,69557422.929241,1.7239
BTI,58.08,58.58,58.63,58.05,2907129.019153,58.3162
POST,102.99,102.68,104.05,102.1,953923.375619,103.1392
PAR,14.99,14.21,15.5,14.12,2577791.007126,14.9585
MHNC,13.4921,13.23,13.4921,13.23,1796.0,13.2949
PGY,15.5,16.9,17.14,15.085,12749257.360698,15.7414
INMU,24.11,24.13,24.13,24.1,98578.0143,24.1114
INGN,7.19,7.13,7.425,7.0921,448696.001359,7.2134
RCI,36.57,36.44,36.835,36.44,690559.715916,36.6097
NX,20.08,20.39,20.62,19.8,250878.799277,20.103
ELLA,25.6888,25.7,25.7,25.6888,600.0,25.6588
PKX,88.94,90.82,91.61,88.62,292392.09146,89.7145
AARD,5.6,5.76,5.76,5.37,126182.988144,5.5589
CRUS,171.68,175.47,179.0,169.7301,1179261.65315,173.5264
FLNA,1.36,1.42,1.435,1.345,524617.601146,1.3806
ARBK,3.54,3.66,3.66,3.52,20986.031822,3.573
PPHC,13.47,13.32,13.725,13.32,35102.0,13.513
IXN,128.23,129.06,130.145,127.5001,186011.680968,128.6342
XTLB,2.67,3.18,3.18,2.6,104031.378802,2.9071
SENEA,140.08,142.71,143.905,138.87,120829.847106,141.1102
BCAT,15.45,15.4,15.4899,15.38,594894.619705,15.4443
ATKR,73.97,76.78,76.8,73.91,337856.120461,74.5691
GGAL,43.24,43.41,44.16,42.68,648162.63193,43.1573
ATRC,27.8,28.31,29.189,27.14,1005701.830506,27.8561
WETO,0.45,0.4575,0.505259,0.45,23127.0,0.4768
GLDN,17.9746,18.42,18.59,17.9746,2538.179763,18.3479
JVA,4.26,4.65,4.66,4.12,136628.4766,4.3072
ANGpD,24.8,24.82,24.83,24.8,6414.0,24.8191
AEHR,91.26,95.27,98.37,89.31,1960508.513788,92.85
SGHC,12.97,12.93,13.12,12.845,2165444.790286,12.9659
MTEK,1.18,1.19,1.25,1.15,162138.622487,1.1985
EAF,8.95,9.38,9.66,8.94,207056.943557,9.1812
GNK,25.24,25.96,26.15,25.12,272876.286507,25.4777
CING,5.23,5.37,5.47,5.1,420223.479761,5.2825
ANDG,35.98,35.22,36.62,34.55,161925.476925,35.8741
TMCWW,0.407,0.4179,0.4179,0.354985,154544.0,0.3796
HIFS,286.91,289.12,292.71,285.2,25275.005032,288.4816
HSDT,2.15,2.23,2.23,2.15,118257.942907,2.1738
BHST,4.11,4.2,4.415,4.11,168900.7947,4.2017
IGR,4.85,4.9,4.9,4.81,339546.392936,4.8469
BIAF,2.12,1.94,2.21,1.9,289364.176969,2.0986
KNDI,0.6811,0.71,0.7309,0.68,130431.818513,0.707
ECL,256.55,264.02,265.5,256.44,1860110.054122,258.2993
PENN,16.77,16.71,17.01,16.555,2638133.695393,16.7664
MCS,18.29,18.22,18.45,17.92,113847.649558,18.2883
FGBIP,20.15,20.06,20.3,20.06,2892.266,20.1542
MBWM,52.01,52.33,52.67,51.91,77284.024264,52.1703
ISHG,76.2017,76.59,76.59,75.9,48051.026174,76.3359
MD,22.93,22.17,22.98,21.58,1127003.211934,22.7553
BRAI,7.45,7.0,7.5996,6.9,28845.289427,7.2324
CXDO,9.78,9.775,9.84,9.18,515989.014992,9.6821
ODYS,4.56,4.48,4.6963,4.48,13864.0,4.5192
WHRpA,39.82,36.17,40.95,36.0,2213463.0,38.8168
IMRX,5.22,5.21,5.265,5.1041,566386.262354,5.1906
TPGXL,24.59,24.73,24.905,24.59,53070.579,24.7174
BX,122.33,124.52,125.08,121.92,5131408.074653,122.7498
PFD,11.52,11.54,11.55,11.4976,13798.7723,11.5311
SCM,9.7,9.74,9.76,9.54,96840.068838,9.6548
CHPY,72.33,73.4,73.6,71.81,625625.027167,72.7297
BGLC,2.08,2.01,2.14,2.01,2515.0,2.1066
MAN,30.45,29.35,30.88,29.32,811134.770703,30.3556
NMI,10.49,10.26,10.49,10.26,26171.0177,10.3426
WING,134.88,143.45,144.58,133.7,2281231.549245,136.4591
AGZD,22.615,22.66,22.66,22.5601,42359.97379,22.5914
NAMI,0.386,0.4,0.4,0.386,5868.0,0.386
PCLA,1.8,1.8,1.88,1.75,7566.0,1.8045
SCCR,25.56,25.68,25.68,25.55,344439.0284,25.6084
OTLK,0.2157,0.23,0.231,0.2066,7422638.175967,0.2145
ACH,3.74,3.67,3.89,3.64,660228.843853,3.8113
FRHC,139.03,141.13,144.755,139.03,55758.242435,141.1481
AHR,49.6,49.9,50.1,49.065,1801726.673582,49.6891
INFY,12.57,12.51,12.735,12.465,11742662.968031,12.5888
GCDT,0.8572,0.85,0.927,0.8481,40321.843517,0.8899
VOYA,79.69,80.32,81.29,79.03,2102990.149662,79.9726
JHI,13.355,13.41,13.42,13.31,43261.5168,13.3802
SWX,90.76,91.91,92.0,90.38,588828.490996,90.9525
SPT,6.8,6.46,6.875,6.45,1449685.578863,6.7734
VSTM,5.66,5.98,6.05,5.625,2898109.775548,5.6964
OTTR,87.84,89.01,89.01,86.88,318688.022913,88.0125
SMHX,53.86,54.75,54.9568,53.42,101649.62264,54.1156
WGMI,57.57,59.07,59.205,55.74,615574.827155,57.3873
RMAX,11.06,10.77,11.4,10.77,1358122.757351,11.1294
LB,63.97,64.02,67.61,61.05,514555.642739,63.646
RDCM,15.85,16.0,16.39,15.78,117155.383834,16.0356
NMFCZ,25.279,25.2194,25.28,25.2035,4531.0,25.2425
MVV,84.64,87.79,88.0,84.63,4363.572832,86.0377
TFCpR,18.84,18.82,18.9199,18.78,35946.8184,18.8265
ITDH,41.0964,41.64,41.64,41.07,4303.622818,41.4658
EVR,331.28,336.69,338.745,329.34,503040.560731,332.0517
UTHY,40.4511,40.74,40.74,40.44,4828.1368,40.4995
NWSA,27.04,26.2,27.06,26.04,7251258.779961,26.6364
ALP,0.26,0.2769,0.2769,0.2506,6783754.278627,0.2686
LNG,246.78,240.16,250.11,236.0,5014903.946698,246.7632
BOBS,12.67,10.7,12.78,10.25,2981717.320901,12.1669
STT,148.78,151.21,152.15,148.275,2166531.599523,149.1535
NICO,24.9547,25.25,25.25,24.94,17601.0,24.9976
GSBD,9.94,10.05,10.115,9.86,1310035.182594,9.9641
JPMpC,25.09,25.07,25.09,25.03,76307.7228,25.0562
VNOpO,15.48,14.98,15.48,14.98,53865.7135,15.2161
BHC,5.73,5.66,5.89,5.645,2125071.539718,5.7557
IMCR,30.62,30.89,31.48,30.17,358192.337443,30.8034
SPIR,16.14,17.85,18.13,15.94,1047805.900372,16.6519
TDTH,1.96,1.94,1.98,1.8801,16174.972496,2.0075
MSpA,19.48,19.49,19.5,19.34,48543.1339,19.457
BSJT,21.245,21.35,21.35,21.24,625258.9635,21.3124
PFE,26.48,26.51,26.72,26.16,48345971.211233,26.3886
TAOP,1.295,1.27,1.295,1.27,3798.0,1.3054
LAB,1.0,0.9549,1.03,0.9502,1656133.783353,1.0002
WRBpH,15.76,15.8,15.83,15.76,7523.397,15.7831
KNF,88.73,92.82,92.82,88.36,424561.150288,89.3934
MBI,6.39,6.17,6.43,6.075,640736.207141,6.325
DFAC,42.89,43.25,43.3199,42.835,2553225.561974,42.9676
IMTE,0.5299,0.53,0.5359,0.503301,10245.0,0.5216
CFGpI,25.07,25.14,25.14,25.03,7723.395,25.0738
BSJQ,23.185,23.21,23.21,23.18,134728.312251,23.1931
NSSC,41.58,41.6,42.61,41.05,584304.02115,41.6001
KEYS,355.06,366.62,367.12,352.43,1190610.833086,357.6852
ACIU,2.92,2.96,3.01,2.915,201015.842138,2.952
GUT,6.17,6.2,6.2,6.15,115861.421045,6.1738
HOUR,2.66,2.34,2.74,2.3,113844.973311,2.5517
AVNT,36.52,38.79,39.505,36.43,761198.65875,36.9015
FBL,25.9251,25.79,26.63,25.69,1511559.402397,26.1536
TRON,2.3,2.31,2.32,2.2,674766.924292,2.2629
PBIpB,20.92,20.81,20.9984,20.81,16808.875,20.8947
CNP,42.24,42.2,42.4,41.92,4982436.51659,42.2465
CIG,2.39,2.43,2.45,2.39,6582045.956571,2.415
LNSR,5.23,5.38,5.44,5.18,55769.630453,5.2929
BINC,52.26,52.38,52.39,52.235,1496839.920712,52.2912
AFL,113.6,113.19,113.75,112.0,1888151.81151,113.2411
FNX,138.6297,140.69,140.69,138.49,29037.89879,139.3813
TMHC,59.47,60.72,61.16,59.01,949289.848764,59.5007
VGUS,75.505,75.5,75.51,75.5,115892.371686,75.5049
SAFT,72.87,72.48,73.095,68.9,159520.027584,71.9054
CFBK,27.36,26.78,27.52,26.78,24961.7625,27.1893
HLIT,12.28,12.17,12.38,11.9,1879556.205177,12.2352
DSU,9.91,9.96,9.96,9.9,202563.26359,9.9123
MDY,672.37,684.97,685.5,671.48,606306.232213,675.278
DT,40.37,40.01,41.0,39.82,5785587.021997,40.3455
MATW,27.66,28.15,28.52,27.61,165426.822029,27.9073
CNI,110.84,112.88,112.92,110.84,1121016.662452,111.5
CSB,64.1263,64.21,64.3922,64.1263,14743.5539,64.2478
ENIC,4.63,4.69,4.74,4.6,437715.084941,4.6521
MLAA,10.01,10.03,10.03,9.98,6927.0,10.0255
BF.A,28.2,27.29,28.51,26.8601,279322.21853,28.0404
TOTR,40.27,40.42,40.42,40.27,3961.9354,40.3296
OKTA,80.88,79.96,83.0,79.96,3695922.20135,81.2696
LEGH,21.57,21.73,21.895,21.45,77899.710642,21.6702
BCH,36.47,37.89,38.092,36.42,348725.717738,36.8981
OPRT,5.75,5.83,5.96,5.72,401462.656,5.8349
DRCT,4.75,6.4,6.66,4.56,187509.307364,5.0903
HQ,10.0,10.81,10.94,9.6825,367669.967692,10.1919
AVGE,96.57,97.67,97.67,96.4401,48580.618769,96.8432
URNM,67.01,69.01,70.22,66.51,1039106.641945,68.2425
CEE,20.74,21.12,21.12,20.42,32383.069517,20.6468
WDAY,130.88,125.72,133.36,125.72,6015541.125198,130.7575
EFR,10.53,10.58,10.5803,10.51,96942.62611,10.5302
CARS,12.33,12.0,12.54,11.4002,1839558.88902,12.035
MSpK,24.27,24.26,24.32,24.21,40680.8193,24.2438
RFIX,38.97,40.2,40.2,38.97,215872.3737,39.3139
FTS,56.14,55.91,56.35,55.81,486971.386188,56.0932
PHR,9.83,9.59,10.045,9.56,1382789.668666,9.8402
PPG,108.93,112.86,113.86,108.89,2139987.341656,109.6296
AMBA,74.27,78.01,78.5999,73.52,1547226.569864,74.9628
ELV,372.92,372.43,375.6384,369.4,1410408.33694,372.9727
SMCL,66.7927,69.4,75.09,64.33,318201.949412,69.752
PMM,6.3,6.29,6.34,6.255,130461.9197,6.3072
OVLY,33.2,33.15,33.42,33.04,34483.4677,33.2231
FTDR,67.92,66.26,68.78,65.98,759207.375606,67.8816
XPEG,7.5765,7.9,7.9,7.52,22867.0,7.7198
GDOT,12.64,12.54,12.67,12.54,214423.045645,12.6142
XRNpB,24.6101,24.76,24.76,24.265,11899.54,24.5244
FINS,12.86,12.9,12.98,12.8,29160.3117,12.8565
ONCO,0.404,0.45,0.45,0.37,1320809.15319,0.4011
CDRpC,21.7,21.45,21.7499,21.205,1739.6913,21.5077
UVE,40.53,40.4,41.1999,40.1,318795.528678,40.624
XAIR,0.4972,0.5637,0.565,0.492,358716.081827,0.5285
BSCX,21.165,21.26,21.26,21.15,263290.5219,21.1728
HBNB,5.98,5.88,6.3664,5.88,2527.614498,6.0532
COPP,38.83,40.09,40.27,38.825,222103.723091,39.5202
ALNT,65.8,65.62,71.05,61.07,649536.592221,65.922
COWG,37.0427,37.49,37.4995,36.97547,247773.092472,37.154
LX,2.06,2.12,2.15,2.05,1424816.909207,2.0873
DMXF,81.6759,83.1,83.1,81.6759,23339.225342,82.1691
AVD,2.98,2.925,3.4,2.8877,441405.876797,3.1504
MANU,19.13,18.86,19.45,18.86,261576.415127,19.1826
DIVO,45.46,45.78,45.8729,45.365,851863.271398,45.5386
INDI,4.49,4.61,4.69,4.35,4997543.555744,4.4622
AAMI,66.53,67.82,68.07,66.41,245087.123326,66.8685
SFST,56.85,57.0,57.63,56.48,201875.0,56.985
BOC,11.21,11.43,11.45,11.14,286524.439228,11.2577
E,52.59,53.08,53.08,52.4,479808.690349,52.7252
IOO,138.6,139.42,139.71,138.42,114468.465694,138.993
KEX,142.22,141.88,143.905,140.14,774462.085643,142.5284
SLDB,7.07,7.22,7.336,6.86,752729.913989,7.056
CNCK,1.79,1.86,1.9692,1.79,24888.212354,1.8447
DLNG,3.84,3.82,3.89,3.82,16735.473362,3.853
VTV,205.91,207.35,207.6399,205.5,2620502.544875,206.3253
SAFE,15.41,15.1,15.58,15.085,398640.8109,15.4139
LIDR,1.89,2.04,2.05,1.89,1225482.524202,1.9628
JANU,29.635,29.8,29.8,29.635,5164.0,29.7468
FTDS,59.9403,61.0,61.0,59.68,4988.0266,60.1278
IGI,16.09,16.12,16.14,16.06,105279.6186,16.1177
XENE,56.0,58.25,58.35,55.93,576369.068622,56.7183
MVLL,63.64,73.23,73.25,62.6201,704724.155932,67.2756
ELMT,15.35,15.67,15.79,15.12,302017.883657,15.5436
PCM,5.94,5.98,6.0,5.72,80984.9341,5.9309
BPRN,35.55,35.1,35.6698,35.01,9209.707,35.3598
WIMI,1.62,1.73,1.73,1.58,395126.408178,1.6489
RRR,53.74,53.17,54.11,52.14,924404.632399,53.2019
ASUR,9.18,8.77,9.28,8.71,74798.711056,9.0921
TV,2.83,2.88,2.885,2.83,1076016.009999,2.8474
BDSX,15.47,14.94,15.85,14.77,79476.254904,15.239
SN,113.12,115.77,116.84,111.68,2551436.701663,113.3939
RNGT,10.06,10.06,10.06,10.06,100.0,10.06
ICG,1.31,1.36,1.36,1.27,11633.0,1.2995
TLPH,0.8783,0.86,0.8982,0.8424,116664.193628,0.8695
HAIL,38.0205,38.89,38.89,38.0205,2031.031276,38.678
OIA,6.205,6.23,6.23,6.2,30436.09997,6.2156
CMSD,23.42,23.35,23.42,23.35,20877.336,23.406
IMOS,59.44,59.2,60.4652,58.68,153673.175994,59.6425
JHMM,72.03,73.2,73.2,71.8501,325806.419003,72.2773
STNG,84.69,84.29,85.0,82.76,1760432.704575,84.4774
HUYA,3.2,3.26,3.28,3.15,400700.165094,3.1992
ISD,13.46,13.58,13.58,13.43,40868.4005,13.5083
CRIS,0.577,0.6165,0.6165,0.575,118197.446428,0.5941
ECCW,25.16,25.16,25.16,25.16,323.0,25.1661
NAMSW,22.8,20.0,22.8,20.0,2884.0,21.1854
TTAM,16.75,17.06,17.5,16.41,591413.1637,16.7577
ACLS,158.66,168.53,169.0,157.085,1421698.280266,159.7499
TBBB,38.43,38.2,39.34,36.8,412117.220259,38.038
LBRDK,37.37,36.26,38.055,36.26,1487801.469532,37.4933
CRS,445.14,465.22,475.69,444.73,564818.487523,449.5947
DTF,11.43,11.45,11.45,11.4,21152.4761,11.4305
LDI,1.41,1.39,1.5,1.37,2056386.890802,1.4292
BA,231.03,231.45,236.63,229.6,8489752.48272,232.3746
GGB,4.75,4.93,4.95,4.74,15516788.022744,4.8041
NGLpB,25.19,25.35,25.35,25.03,23483.1746,25.2337
ETD,20.44,20.52,20.88,20.25,449868.00477,20.4318
WHWK,3.94,4.14,4.145,3.86,136468.602516,3.9732
IBIJ,26.25,26.31,26.3199,26.23,19710.2887,26.2682
CHCO,122.73,122.96,124.3799,122.72,84899.213635,123.1068
BCYC,4.89,5.11,5.12,4.845,417573.642084,4.9187
ACIW,46.65,47.3,48.54,45.46,1323939.794133,46.5241
TBI,6.01,6.05,6.515,6.0,586108.121599,6.1711
INTW,285.72,292.0,311.175,282.83,868475.218221,294.4646
MOH,191.85,195.54,200.55,190.75,738840.934706,193.7826
GM,78.41,78.82,79.37,78.17,6735051.9656,78.5516
WEAV,6.05,6.05,6.2475,6.03,1408201.596711,6.1248
USIO,1.31,1.34,1.4,1.31,27836.0,1.3491
FDTX,48.3973,48.91,48.94,47.93,19374.8798,48.5087
NTAP,113.0,112.23,115.01,110.88,2029942.249865,113.223
VRSN,278.47,274.72,280.7,274.72,1029768.202811,278.5205
XLO,7.81,7.99,7.99,7.8,6962.070571,7.9078
ASBpF,20.64,20.64,20.64,20.57,5931.0,20.5955
ONCH,10.205,10.23,10.23,10.2,24937.0,10.2019
VIVO,3.01,3.13,3.13,2.95,887257.078986,3.0176
COIO,8.0534,8.13,8.18,8.04,1444.241,8.1333
OMSE,4.6,4.52,4.79,4.52,22263.0,4.6351
MMD,15.3,15.25,15.31,15.19,66808.655,15.2755
ATHE,4.6699,4.56,4.7299,4.52,41475.331924,4.5599
GFAI,0.4725,0.5099,0.5199,0.471,159353.051594,0.4962
MMYT,50.51,49.49,51.09,49.49,870764.000957,50.5239
KMT,41.71,42.94,43.1199,41.59,2493705.559308,42.1132
BTCT,1.24,1.24,1.25,1.2207,28120.176502,1.2337
ALRS,26.91,27.04,27.1,26.67,250294.794071,26.893
YSS,33.38,36.26,36.4506,32.91,1508510.529273,34.2301
BDC,112.26,115.32,115.665,111.16,474601.884661,112.2378
FCX,60.61,61.63,62.55,60.12,18316123.648868,61.1703
KEY,21.69,22.25,22.29,21.615,10224122.688824,21.7536
FRSX,1.96,2.02,2.05,1.96,35016.380952,2.0098
ECC,4.28,4.2,4.29,4.155,829274.976553,4.2347
STRC,99.96,99.96,99.98,99.92,2111356.998455,99.9556
ALSN,123.02,127.98,128.21,122.675,973211.834321,123.9062
MYI,11.02,11.04,11.05,10.98,309852.018037,11.0162
FOSL,4.49,4.47,4.62,4.395,434277.6039,4.4829
DFCA,50.08,50.12,50.12,50.0602,65222.6065,50.0819
NREF,15.82,15.53,15.87,15.53,38167.016261,15.7037
CBZ,31.67,29.53,32.48,29.53,874293.935233,31.6209
FINV,5.11,5.24,5.27,5.09,1180616.091647,5.1501
LND,3.84,3.87,3.875,3.77,136459.863864,3.8251
AIBU,60.8,61.71,62.33,60.5601,17781.870902,61.5803
UXIN,2.84,2.89,2.92,2.8101,89635.020399,2.8482
PSIX,71.99,74.0,74.49,70.34,474029.825374,71.8881
XRAY,10.96,11.29,11.57,10.94,6611764.652538,11.1673
BNDP,74.165,74.43,74.43,74.165,1786.5213,74.3483
TMUSZ,21.94,22.1,22.1,21.94,9177.0,22.0051
HERE,3.27,3.22,3.3,3.19,54635.099668,3.2375
FLGT,15.11,14.97,15.145,14.77,592085.678709,15.0051
ORGN,1.42,1.5,1.5,1.4,113748.672359,1.4354
MSBI,28.34,28.0,28.46,27.93,223711.408463,28.2706
CGTX,1.16,1.24,1.26,1.13,940425.248624,1.1618
ROCY,53.39,53.64,53.64,53.32,153312.976861,53.4577
RTXG,19.9088,20.06,20.06,19.32,19316.982897,19.5704
XRTX,2.65,2.7,2.86,2.6,8065.331083,2.6868
KBDC,15.21,15.15,15.25,14.89,190234.0768,15.0974
ESS,267.37,267.09,268.826,264.48,408309.849657,267.3919
DH,0.922,0.94,0.9636,0.9209,332015.269793,0.9402
PFGC,92.71,92.3,93.75,90.22,2740673.941476,92.7
EXK,10.15,10.17,11.4259,10.06,20953408.916181,10.6586
VKQ,9.79,9.8,9.8194,9.74,340122.8068,9.7859
GCV,4.53,4.57,4.57,4.5101,51506.636998,4.5443
UTHR,569.18,599.0,599.0,568.75,830890.719993,575.305
IIM,12.21,12.27,12.3,12.1801,119247.80987,12.2446
PSN,51.22,52.0,52.595,51.03,1532891.216778,51.4888
FMUB,51.07,51.1,51.18,51.055,51983.986,51.083
DPZ,332.53,324.66,336.37,323.825,1035919.884981,332.046
DEI,12.03,12.23,12.29,12.025,3587098.677055,12.1395
EOLS,6.39,6.3,6.58,6.27,938533.252655,6.4497
IMNN,2.73,2.79,2.82,2.695,37137.634629,2.7609
CLGN,0.3929,0.424,0.4399,0.3799,24328.33177,0.4087
IZEA,4.41,4.4,4.49,4.38,24454.49,4.4393
CMPS,9.39,9.72,9.8,9.14,2810767.439426,9.4013
VSAT,66.33,67.97,68.9199,64.73,1769249.35759,66.9967
BSJU,25.84,25.93,25.94,25.83,30807.6054,25.8839
BMI,122.56,123.44,125.5,121.8,466706.236571,122.813
BBYY,12.4751,12.51,12.53,12.46,17071.8133,12.4946
OPTU,1.18,1.26,1.335,1.13,9988127.470733,1.233
LGIH,46.29,46.98,47.625,45.61,374175.8197,46.2327
TCPA,24.0,24.03,24.04,23.91,42132.253,23.986
PUSH,50.39,50.37,50.43,50.3401,11695.307,50.3773
CRC,61.12,60.01,61.629595,58.45,1402839.834915,60.609
GRNT,5.6,5.59,5.6152,5.41,1175053.409581,5.5323
GLXY,29.3,30.495,30.495,28.51,4576429.799827,29.2953
CCB,74.86,75.07,75.865,74.44,162549.20029,75.0113
CNK,27.47,27.92,28.21,27.44,1368307.525544,27.6159
HAYW,14.77,15.11,15.27,14.66,3299689.17441,14.8293
FV,67.6275,68.31,68.31,67.33,85998.46827,67.801
XMTR,78.5,76.0,82.11,69.2,4629818.93625,77.6369
MMT,4.57,4.56,4.58,4.535,114743.2949,4.5599
LCUT,7.19,5.89,7.32,5.45,246066.265149,6.8543
BOND,92.1,92.42,92.43,92.045,388291.776154,92.1778
FSS,120.46,125.06,125.06,120.37,471821.762538,121.8815
PTOR,9.86,9.86,9.86,9.86,1383.0,9.8589
MCRB,7.72,7.97,8.0,7.42,48243.22167,7.6871
TDOC,6.96,6.85,7.21,6.795,7462365.835942,6.9861
GBUG,45.9633,46.57,47.95,45.88,70699.712106,47.1652
VRTX,425.0,425.13,429.61,423.59,1112655.539017,426.015
INVE,5.04,5.25,5.295,4.9107,170652.985134,5.0424
AOD,10.37,10.46,10.5,10.355,301424.219312,10.4353
CHSCN,25.345,25.29,25.3899,25.29,11051.0571,25.3334
MNST,75.97,76.71,76.96,75.375,6626134.955015,76.2518
MTBpK,25.04,25.06,25.06,24.97,12613.86,25.0269
DPG,14.51,14.65,14.6517,14.48,44563.1284,14.5598
SRE,91.57,92.18,92.2,89.62,4261043.592777,91.3122
KIMpM,20.49,20.36,20.51,20.36,11967.5776,20.4375
AEXA,11.36,11.27,11.44,11.27,136759.347,11.4108
IBBQ,29.39,29.98,29.98,29.11,20996.865,29.3932
PSCE,60.34,60.24,60.4399,58.57,65111.423319,59.6082
GPRO,1.39,1.395,1.465,1.3895,4399054.71067,1.4144
ONDS,8.89,9.25,9.25,8.78,45228604.28461,8.947
JGH,12.73,12.79,12.8,12.695,57682.476,12.7435
HIG,132.67,132.94,134.1,132.08,1877254.863554,132.6761
CTS,59.85,60.19,60.815,59.0,479648.463391,59.7983
FFBC,30.43,30.66,30.94,30.395,729387.654268,30.5297
ABRpD,17.29,17.0,17.29,16.95,16919.9473,17.1565
EIKN,9.17,9.93,9.96,9.06,238793.793946,9.2578
QDEL,10.77,10.81,11.53,10.5,2792259.920168,10.906
ASST,15.46,15.98,15.99,15.1,2463401.506083,15.522
CCO,2.39,2.38,2.39,2.38,4041733.294842,2.3839
NYT,80.18,83.95,84.4,80.14,2553932.97219,80.9441
PRIFpK,22.54,22.43,22.54,22.43,241.1368,22.5033
FCUV,1.09,1.06,1.22,1.05,202921.18,1.1269
NOAH,10.82,10.89,11.01,10.71,23984.755815,10.8048
NEBX,92.76,99.89,107.24,84.78,1711110.991324,93.261
KYN,13.75,13.68,13.78,13.52,425885.448642,13.6383
DTG,17.17,17.2,17.24,17.15,17345.156,17.1908
MKL,1799.97,1781.1,1800.25,1770.0,72970.789096,1791.4325
EL,85.29,87.04,87.9,84.88,3023316.744928,85.4967
ETOR,38.24,38.78,39.48,37.9,839127.926854,38.3166
MINY,45.7752,46.47,47.02,45.73,13851.9622,46.0821
VRTS,141.85,143.95,145.5,140.335,89125.464258,142.5201
ASPN,5.12,4.67,5.5498,4.61,5397573.859882,5.2158
CURB,27.56,27.68,27.74,27.46,584657.037775,27.6227
FDT,97.04,98.71,98.71,96.86,198817.4787,97.7894
AOMR,8.82,8.93,9.0,8.82,64791.854079,8.8773
BXC,52.96,58.46,61.9999,52.53,149631.813302,55.0014
GEL,16.48,16.3,16.48,15.745,433385.422349,16.0884
TECK,60.76,64.03,64.07,60.69,3948922.351676,62.5316
SUZ,8.77,8.78,8.84,8.735,2851272.052601,8.7755
ARBE,0.8,0.86,0.86,0.7851,988390.352809,0.8155
NEEpV,50.67,51.42,51.42,50.03,82062.5094,50.8077
LHX,301.18,303.05,304.99,299.1,1674154.345562,301.3189
BBCQ,10.36,10.4,10.4,10.35,264537.142,10.3555
IPX,40.67,38.14,41.6899,37.02,788934.889812,39.842
SLRC,13.66,13.89,13.89,13.41,1515599.031022,13.5754
ALLW,30.005,30.29,30.29,29.945,1081000.2454,30.0995
XIFR,11.41,10.57,11.44,10.51,2072107.287663,11.1138
AGBK,7.39,7.15,7.5565,7.0,886982.196092,7.2873
JCE,16.22,16.32,16.4,16.17,24617.9255,16.259
EFC,13.59,13.61,13.62,13.42,1703247.81424,13.5335
FIGS,15.37,14.75,15.58,14.72,6492503.415106,15.2358
CVKD,6.02,6.19,6.5,5.8524,55441.277835,6.2429
WCT,2.105,2.01,2.2,2.01,2458.46,2.1282
FRPT,55.87,56.99,57.94,55.3,2859699.107075,56.2429
OFG,45.62,46.13,46.32,45.55,291856.202401,45.7256
QQQT,18.2495,18.29,18.37,18.2006,19285.355437,18.2886
MOMO,6.34,6.41,6.43,6.33,440093.336417,6.3623
UAN,127.34,128.89,130.09,126.5,113134.717309,128.0692
MSGE,66.74,69.12,69.865,59.85,917829.344977,66.939
GIC,30.22,29.75,30.64,29.59,112192.57156,30.2064
BACpM,22.03,22.01,22.06,21.95,53559.2208,22.0019
CBLL,20.38,20.11,20.93,20.11,239214.129406,20.5228
JOYY,59.0,60.2,60.2,57.94,268977.77288,58.7586
BW,14.84,15.67,16.0,14.42,2673824.615216,15.0138
ASB,28.47,28.87,29.03,28.38,1583121.161844,28.5976
HCSG,22.31,22.14,22.6225,22.08,744479.145469,22.3476
LVWR,1.67,1.72,1.785,1.67,132295.75239,1.706
JRS,8.24,8.28,8.28,8.2,39201.661455,8.2338
GOODN,22.332,22.24,22.34,22.24,3146.4799,22.3265
CPSD,26.5295,26.58,26.58,26.5295,211.0,26.5446
FSEA,16.65,16.65,16.7,16.62,232062.92328,16.6552
NCZpA,20.18,20.15,20.26,20.13,4858.8325,20.2038
YTRA,1.03,1.01,1.04,0.9911,62129.0,1.0149
SRPU,10.72,12.08,12.7999,10.0,156302.97198,10.9294
BTZ,10.35,10.38,10.39,10.32,313838.13855,10.3538
EMN,73.69,76.19,76.93,73.52,1468132.906217,74.3856
EQH,42.85,43.73,44.39,42.61,4255741.426807,43.2985
FIVY,26.1767,26.73,26.73,25.9,17332.874638,26.3627
FHI,54.34,55.71,56.0,53.99,745950.030125,54.494
MOD,269.65,287.3,287.3,268.68,1312797.344567,273.0654
MMU,10.2,10.25,10.25,10.17,153217.450634,10.2156
UPV,95.12,99.75,99.75,95.12,10148.6592,98.8317
BTM,5.22,5.38,5.7,5.1001,210437.071437,5.3714
ATPC,2.66,2.72,2.73,2.535,214763.52,2.8478
WSO,429.24,435.59,439.29,427.1,386209.842848,431.911
KEYpL,24.95,25.01,25.12,24.83,21912.6226,24.9622
RVSB,5.45,5.24,5.5,5.24,38335.9904,5.4235
DB,31.48,32.36,32.43,31.445,2601495.512778,31.8921
CTBI,66.31,66.45,67.075,66.11,70224.334731,66.471
IHY,21.8496,21.95,21.95,21.83,9468.653056,21.8685
MFI,10.21,10.48,10.49,10.21,1986.564272,10.4163
LMBS,49.97,50.07,50.0806,49.92,373552.077771,49.9737
SLYV,103.2,104.22,104.37,103.06,444702.478573,103.6453
JLL,328.06,327.37,332.26,324.87,387201.549666,328.7574
GABpK,20.58,20.64,20.705,20.52,14384.3118,20.5988
TRND,35.8817,36.31,36.31,35.8817,33553.075192,36.0969
SLS,4.93,5.1,5.11,4.875,4105668.368997,4.9631
LBTYA,12.27,12.2,12.34,12.01,1527143.716695,12.228
ARTW,2.55,2.6,2.6,2.501,9908.481985,2.5697
GRBKpA,23.15,23.45,23.45,23.15,2219.9197,23.2908
TAYD,52.06,51.08,52.385,50.56,36527.862364,51.5105
QQQE,112.44,113.01,113.32,112.06,60019.431361,112.6779
GWH.WS,0.0192,0.025,0.025,0.0192,2014.0,0.02212
BFC,145.0,146.13,147.77,144.78,60751.374357,146.3705
TEX,62.82,64.33,65.63,62.19,1409054.818116,63.1361
VTMX,35.73,36.07,36.46,35.0,78513.14298,35.8295
PWV,72.24,72.72,72.755,72.093,47917.706473,72.2729
FTIF,27.7719,28.19,28.19,27.6701,15186.9556,27.9046
SOCL,47.0522,47.43,47.58,47.04,4569.425429,47.3465
XHS,109.836,110.22,110.22,109.4299,3538.573661,109.7095
ALLT,7.65,7.78,7.8922,7.556,293156.723661,7.6909
DFIV,54.75,55.64,55.64,54.7,1248801.564265,54.9693
ALKS,35.4,35.32,36.3199,35.25,2094196.606701,35.7291
DFSE,48.7902,49.51,49.65,48.78,20708.108139,49.0981
DFUS,79.61,80.18,80.18,79.44,784894.386468,79.7311
CI,284.04,283.3,285.57,280.745,1201206.90903,283.6691
NATR,24.55,26.19,26.19,24.42,79016.934496,24.9514
DHX,3.21,2.88,3.21,2.81,725665.628283,3.0556
WDNA,17.939,18.12,18.23,17.81,1102.5368,17.9334
MLPA,54.82,54.23,54.82,53.57,222228.289083,54.1903
OMC,76.92,76.76,77.605,76.11,3841164.337121,76.9899
COSM,0.35,0.3549,0.3549,0.3404,294986.370528,0.3486
RETO,0.648,0.6362,0.6536,0.613,66416.34,0.6358
TSBK,41.43,40.92,41.77,40.92,17548.9244,41.3565
LOGI,103.21,105.83,106.57,102.85,1386205.26601,104.1799
ARQ,2.59,2.35,2.685,2.34,668434.373985,2.5855
GTM,6.63,6.68,6.8675,6.565,7560399.697394,6.7198
DOMO,3.92,3.88,4.09,3.87,945894.693735,3.9598
EIG,42.0,41.36,42.29,41.285,323191.1493,42.0173
TCRX,1.21,1.26,1.29,1.1627,801829.7811,1.2032
HCHL,2.01,1.92,2.165,1.75,48711.0,2.0535
BGIG,34.59,34.79,34.805,34.56,357980.8214,34.6929
YOOV,1.28,1.4636,1.4645,1.18,16300.0,1.3353
GLpD,15.975,16.1,16.1,15.97,7663.624,16.0469
CVNY,27.5587,27.27,27.71,27.24,22183.456755,27.4414
MPX,8.46,8.15,8.64,8.15,105429.404881,8.4654
VIRC,6.17,6.02,6.2106,6.02,14643.3534,6.1454
TSAT,52.35,48.85,54.24,48.85,246023.839227,52.2252
VSTS,9.29,9.3,9.5,9.26,1275942.767534,9.3384
NXTT,1.52,1.57,1.61,1.485,70995.830377,1.546
EMNT,98.7459,98.75,98.78,98.73,6799.3174,98.7507
TYA,12.95,13.11,13.11,12.935,55787.44307,12.9781
STC,69.82,68.59,70.38,66.95,230208.893307,69.5669
FHNpH,25.16,25.18,25.21,25.08,541793.0,25.1029
SBSI,33.65,33.63,33.95,33.4,83499.36865,33.6931
XHR,16.85,16.8,17.075,16.74,692787.330033,16.9109
PPCB,0.093,0.1,0.1029,0.0929,439376.3,0.09673
NYC,8.128135,8.0,8.61,8.0,3066.5,8.2601
ACHV,4.79,4.81,4.85,4.7,761079.234602,4.7685
BHV,11.31,11.42,11.49,11.31,2012.5815,11.4169
DBAW,46.0647,46.64,46.64,46.025,9556.3227,46.1842
JANX,14.54,14.6,14.71,14.325,622996.808547,14.5215
GDLC,35.93,36.29,36.33,35.61,46706.158806,35.8671
NBHC,42.81,43.06,43.4,42.7,313224.018084,42.9251
KFRC,43.26,42.27,44.12,42.27,211782.136081,43.4164
MRX,51.88,50.08,52.3,50.0,1316087.002208,51.5884
SHOC,101.27,102.02,102.9287,100.563042,20115.450183,101.6562
CG,49.01,50.08,51.49,48.53,5645720.107902,49.3812
METCI,25.1,25.17,25.29,25.1,1913.0,25.2125
LRGF,73.29,73.78,73.88,73.18,75929.749796,73.4805
BWMN,34.75,36.12,37.52,34.19,132632.683313,35.3991
VKI,8.98,9.04,9.06,8.9501,118096.788391,9.0149
KNGZ,39.2558,39.35,39.35,39.13,6641.4659,39.2647
MLCO,5.6,5.5,5.61,5.46,1522845.34649,5.5589
SNTI,0.9851,0.98,1.05,0.95001,157360.809477,1.0002
CNTA,39.61,39.62,39.675,39.52,1724530.902921,39.6168
NCMI,3.71,3.61,3.735,3.5969,175540.08974,3.6983
FNUC,2.11,2.29,2.29,2.09,371055.310354,2.1859
SAH,80.13,79.0,81.56,79.0,313171.285416,80.0962
DXCM,60.91,60.36,61.55,60.35,5080786.045167,60.982
SCHY,32.01,32.4,32.469,32.01,497429.818527,32.1739
PPA,166.67,169.48,170.0,165.9,222579.856109,167.4314
HIW,25.57,25.9,26.09,25.525,1564686.807887,25.7599
PBJ,48.5405,49.29,49.29,48.24,22346.305666,48.5952
TMSF,50.1434,50.21,50.21,50.1434,763.0,50.1728
HRTG,28.03,28.42,29.39,28.02,381322.297941,27.9073
AYA,18.65,18.79,19.4,18.37,624002.335834,18.828
OXSQH,25.39,25.34,25.4,25.12,4388.0,25.3219
BBAR,15.36,15.74,15.74,15.14,488806.111478,15.3826
AWI,165.08,167.46,168.55,163.76,355789.553115,165.085
PLD,142.29,143.38,144.4,142.21,3902365.444346,142.8006
SPYV,59.9,60.19,60.29,59.79,2516891.465062,59.9297
QLEP.U,10.01,10.03,10.03,10.0,59489.0,10.0102
FOX,56.5,55.87,57.11,55.87,1325263.502517,56.5762
SOTK,4.86,4.99,4.99,4.82,9802.7996,4.8904
UNCY,7.86,8.12,8.15,7.75,759084.410836,7.9233
FCXG,12.7805,13.28,13.6,12.56,28980.9533,13.1449
UPST,29.0,29.0,30.0,28.3501,7132884.208495,29.2293
PRCT,25.44,24.8,25.61,24.59,1040531.996363,25.3268
BWG,8.0,8.05,8.15,7.99,101785.7088,8.0381
NRDY,0.88,0.8734,0.941,0.861,547684.190654,0.901
MAX,9.28,8.98,9.29,8.95,513422.616304,9.1768
KTF,9.1101,9.14,9.14,9.11,87101.455002,9.1232
RVTY,98.85,100.08,100.96,97.65,2004990.027596,99.3608
CIMP,25.1601,25.28,25.28,25.14,9251.0,25.245
AU,100.23,101.21,103.639,99.68,4734967.663191,101.1467
IESC,665.63,681.07,681.07,653.48,283566.901448,664.4001
AFRIW,0.7725,0.84,0.84,0.6899,9479.0,0.8262
CENN,4.01,4.17,4.18,4.01,10983.951313,4.0791
ATHpA,24.53,24.49,24.56,24.3451,26251.994,24.4917
JLS,18.37,18.3,18.61,18.14,25637.419,18.4004
HTAX,24.61,24.57,24.63,24.57,325.9849,24.6081
CHD,93.88,94.58,94.67,93.28,1518680.690425,94.0103
FICS,40.4641,41.1,41.1,40.42,19673.4666,40.7506
ELF,61.79,62.09,63.57,61.25,2354687.150373,62.1968
IBTA,36.78,38.0,40.485,36.47,257910.291624,38.0818
ASA,67.4,68.37,70.9499,67.27,105628.825736,68.8011
IRDM,40.19,40.91,41.02,39.1201,1590869.193718,40.2736
NOWL,4.32,4.18,4.49,4.175,19501737.155434,4.3434
PEGA,36.73,37.28,37.89,36.56,1930698.582342,36.9868
OCGN,1.44,1.46,1.51,1.38,13596979.92593,1.4461
SHEN,16.23,16.18,16.52,15.79,318593.896637,16.2845
IRD,5.36,5.26,5.36,5.025,1168130.370988,5.1781
XRXDW,0.2928,0.2962,0.2962,0.2651,656075.824066,0.2822
WLFC,225.47,238.88,238.88,221.01,109992.172425,225.7445
EPRpE,32.95,32.24,32.95,32.24,22135.1907,32.6736
FTV,60.9,60.71,61.15,59.96,2809928.76996,60.7456
MNDR,1.17,1.2,1.21,1.11,288943.844294,1.1656
ELAN,24.01,26.12,26.16,23.54,11810925.457791,24.231
RVT,18.57,18.71,18.805,18.4921,170835.936958,18.6639
ATHpB,19.67,19.55,19.69,19.49,13645.328,19.5884
BEPH,14.9,14.94,14.99,14.85,18904.066,14.9199
CC,22.41,23.31,24.11,22.17,4777417.86886,22.8771
ABX,9.38,9.48,9.58,9.31,619600.05685,9.451
NEGG,29.21,31.82,32.2,29.2,112356.90527,29.9682
VTWV,184.9693,187.92,187.92,184.8057,23182.27764,185.6931
JBI,5.23,5.38,5.455,5.23,1115393.033077,5.2776
NBXG,15.23,15.35,15.44,15.17,163881.602864,15.3041
MMLP,2.57,2.41,2.59,2.36,84058.4218,2.4943
METL,29.8589,31.02,31.11,29.85,30307.488272,30.5774
DOCN,150.43,161.46,162.0,147.0001,6112224.305277,150.9357
CDRO,9.29,9.19,9.72,9.145,33726.920366,9.2889
IGPT,85.51,86.69,87.22,85.0,110508.74901,86.0743
KE,25.95,25.16,26.88,24.725,285253.663132,26.0384
FSSL,11.79,11.96,12.0,11.76,302459.72701,11.8554
CABO,60.77,54.89,62.375,53.94,297066.228615,60.6418
KEYpI,25.09,25.06,25.14,25.06,11100.6129,25.1064
BDJ,9.1,9.25,9.25,9.1,756164.01186,9.1395
PRME,3.115,3.41,3.55,3.0601,3958731.018137,3.2051
ADPT,14.69,14.58,15.06,14.22,1950183.826592,14.5957
MTUS,18.32,19.02,19.15,18.12,320538.730688,18.4013
AVNW,16.32,16.5,17.33,16.28,274299.317388,16.6451
CYCU,0.9,0.93,0.949899,0.8877,456364.451876,0.9086
CRMG,6.08,6.03,6.225,5.985,1560437.02262,6.0607
QVOY,29.4715,29.77,29.78,29.4715,1914.908,29.595
BYRN,5.53,5.57,5.7,5.5,375337.724208,5.5548
PFXF,18.7,18.77,18.87,18.67,2511354.613601,18.7951
FGMC,10.25,10.2,10.255,10.2,20817.779736,10.2251
BCPL,24.8,24.98,24.98,24.8,227108.5144,24.8152
GRBK,65.64,66.87,67.34,65.0,147307.948987,65.6793
IAUM,46.86,47.29,47.48,46.705,1799616.013706,47.06
TDUP,4.92,4.95,5.06,4.81,2887124.973788,4.9495
PRG,35.71,36.34,36.83,35.35,472394.373447,35.7685
AMAL,41.92,41.92,42.75,41.68,198755.34269,42.078
MXF,21.81,21.79,22.25,21.75,62133.51338,21.9321
FEMY,0.4491,0.4606,0.4606,0.4425,267876.328165,0.4511
KMX,39.91,39.34,39.95,38.97,2463754.181765,39.6822
WRLD,149.53,150.0,156.15,149.145,212875.320012,152.12
DFAX,37.14,37.71,37.71,37.1,708389.863397,37.3258
CORP,96.76,97.18,97.18,96.6901,34822.723891,96.9037
LFST,8.85,8.0,8.89,7.8,13799881.954639,8.4798
JBND,53.5,53.69,53.7,53.48,712304.261462,53.5709
TQQY,13.83,13.74,13.83,13.69,120205.6423,13.7348
QLYS,94.97,93.0,95.61,92.1,1310147.759958,94.291
SGRT,33.98,34.96,34.9699,33.54,79519.088639,34.0447
VPV,11.18,11.19,11.19,11.08,63621.2956,11.1597
INMB,1.43,1.53,1.535,1.43,312072.425445,1.4767
RCS,5.55,5.49,5.55,5.45,124293.695186,5.5083
PSApJ,18.4979,18.52,18.54,18.48,11322.8192,18.506
ALMS,23.76,25.43,25.45,23.62,923935.269532,24.1875
NIXX,0.6592,0.62,0.6698,0.614,315186.740767,0.6503
ALKT,17.43,17.76,18.13,17.16,2582356.846842,17.5852
SABA,8.49,8.53,8.5984,8.48,46787.40727,8.5239
AHLpF,24.75,24.72,24.83,24.72,126608.533,24.7647
LGI,17.8,17.99,18.005,17.8,64062.22992,17.9357
GUSE,43.61,43.72,43.8421,43.54,2608.7617,43.659
ICON,1.25,1.24,1.27,1.17,83555.587544,1.2202
IAG,18.34,19.08,19.43,18.29,8733395.579381,18.6987
DMO,11.08,11.1,11.18,11.004,35413.03785,11.0969
XPER,7.72,7.24,7.925,7.24,1675747.827502,7.7195
STHH,110.2072,113.34,113.34,110.2072,1325.860821,112.5756
HYLS,40.95,41.12,41.12,40.915,112304.489254,41.0162
THTA,15.605,15.57,15.62,15.51,28838.845248,15.5776
ROAD,131.36,134.99,136.14,128.49,985167.188025,131.8202
GFS,70.93,72.145,76.3699,68.93,8995798.181802,72.3154
TAXF,50.5,50.53,50.53,50.4,38832.977734,50.4478
XOS,1.85,1.86,1.9133,1.816,22661.646098,1.8588
MCO,457.1,446.08,458.0,444.5432,1033490.569565,454.7796
MX,3.86,3.94,4.1,3.8,1396040.083986,3.9488
MASI,178.5,178.45,178.65,178.305,1241492.299036,178.4988
URGN,26.59,26.41,26.65,24.57,1346733.448129,25.7583
SOS,1.11,1.12,1.15,1.11,10489.818005,1.1297
CTRM,2.02,2.01,2.14,2.0,54480.196923,2.072
FCTE,26.8156,27.25,27.25,26.7725,22223.169054,26.8262
TZOO,9.34,9.09,9.85,9.045,205415.112761,9.4497
VEMY,28.736,28.8487,28.91,28.736,33458.2312,28.8094
UECG,10.5839,10.9,11.365,10.03,29159.697,10.7305
BFRG,0.6497,0.7,0.72,0.6401,299609.623869,0.6743
LIT,89.35,90.51,91.33,89.3,773660.062402,90.3148
BABU,16.75,17.45,17.45,16.65,55964.065984,16.9352
IOSP,76.64,77.91,79.025,76.59,197573.771636,77.2235
MIAX,49.77,48.5,50.41,47.015,1944611.090456,49.5277
VTVT,31.04,31.63,31.63,30.39,33759.483787,30.8866
ELTK,8.2425,8.05,8.41,7.9723,5671.798988,8.2294
QETH,22.83,23.13,23.13,22.7,35253.235744,22.8988
BRSL,12.69,12.67,12.88,12.62,1001200.190819,12.7392
DKL,51.02,50.37,51.17,49.915,80671.293083,50.5192
RBIL,50.175,50.18,50.18,50.16,44735.5557,50.1738
TRNO,66.54,66.33,67.2,65.88,635820.138122,66.5333
ANGO,11.27,11.08,11.39,11.03,228360.931042,11.2112
WTI,3.82,3.67,3.82,3.57,5526390.011897,3.7195
CPA,122.9,123.7,127.5,121.43,326438.956214,124.0383
ITGR,87.92,86.91,89.025,86.91,486070.44645,87.968
BCC,72.76,75.31,76.475,72.68,412807.049666,73.5892
JMOM,77.86,78.68,78.68,77.631,98503.99774,77.983
TPH,46.95,46.96,46.965,46.94,2332538.103651,46.9539
GS,925.87,937.93,945.29,921.98,1715327.709028,928.8358
XPON,0.659,0.67,0.688,0.6333,118734.323831,0.6584
AS,36.49,37.35,37.35,35.845,3669673.375979,36.5034
BR,152.89,152.92,156.16,151.0,1760619.735572,152.8356
HYBB,46.6011,46.73,46.74,46.6,12600.927059,46.6661
GNSS,2.0,1.99,2.02,1.975,29908.85011,1.9948
BWEN,2.11,2.02,2.135,2.015,351176.476945,2.0616
SHV,110.14,110.14,110.14,110.13,2269711.01962,110.136
AXS,99.31,98.73,99.74,98.02,495717.422937,99.2703
GJAN,44.475,44.44,44.5,44.381,9761.1742,44.4255
NCL,0.1456,0.1512,0.1512,0.143,317520.147119,0.1488
ZURA,4.54,4.9,4.94,4.49,976626.404863,4.5922
FDX,375.93,379.99,381.0,373.46,1580376.659538,376.2967
NKTX,3.15,3.32,3.34,3.07,1029359.149264,3.1779
COMP,8.74,9.34,9.42,8.5112,20258185.450619,8.784
WEAT,23.13,23.08,23.1759,22.85,824472.704153,23.0649
BSMZ,25.47,25.55,25.55,25.43,14430.296,25.4796
VGLT,54.79,55.18,55.18,54.75,3311456.988165,54.8999
AVEX,23.83,26.07,26.1651,23.23,970698.877275,24.3249
SOXQ,87.89,89.65,89.77,87.16,2260220.023561,88.1883
TWAV,1.79,1.94,1.94,1.7601,53216.0,1.8348
TWIN,18.41,18.29,18.8699,17.3847,112964.264649,18.4148
LOCL,1.58,1.78,1.7998,1.57,48996.619245,1.6648
ONFO,1.12,1.12,1.16,1.12,42172.160092,1.1279
MCI,17.44,17.46,17.59,17.4,22303.94429,17.4439
FWRD,17.33,18.44,18.45,17.16,2113715.793679,14.4914
TCBK,50.82,50.9,51.32,50.735,88150.2119,50.9557
BON,1.2197,1.2,1.2311,1.2,14871.0,1.2189
GRNJ,30.04,31.16,31.16,29.89,133063.994071,30.2666
CWST,85.45,84.72,86.34,84.23,609133.66462,85.7353
GEMG,12.275,13.59,13.74,12.01,11443.359,12.8387
RELX,34.16,34.49,34.62,33.92,3150285.095377,34.2668
EGO,33.15,32.6,34.34,32.46,8038827.401102,33.2314
FRTpC,19.54,19.55,19.625,19.5,7660.7068,19.5531
FWONA,85.71,79.68,85.99,78.22,246164.089958,84.7793
KIM,23.53,23.79,23.8,23.475,6439568.618116,23.5684
DLY,14.23,14.28,14.2999,14.22,143561.115413,14.2402
NCEL,3.24,3.28,3.38,3.21,7256.130387,3.2875
GAIA,2.48,2.47,2.49,2.42,69815.532171,2.4612
GNOM,46.3573,46.97,46.97,45.715,7665.865464,46.2877
TRV,298.94,300.29,304.6578,297.8543,1205929.329003,299.4821
INGM,26.87,27.15,27.41,26.73,2710027.634194,27.0696
TNET,42.87,40.95,43.51,40.95,421536.11853,42.8298
AIRO,7.22,7.46,7.48,7.1554,211838.936762,7.2882
VBF,14.99,15.03,15.22,14.99,124234.655823,15.048
ATAT,38.23,38.86,38.86,37.8,1008684.029329,38.3128
PEBO,34.28,34.31,34.6,34.195,185505.23593,34.3581
GTLS,207.39,207.63,207.82,207.29,1519245.625903,207.5028
CXAI,0.154,0.1536,0.162,0.1536,2900000.424113,0.1575
ROP,352.44,350.26,357.26,350.26,966251.870344,353.585
LAKE,10.84,9.65,11.14,9.65,315365.78986,10.7357
OMCL,43.33,43.87,44.97,43.09,384779.33006,43.58
BTDR,13.84,14.72,14.9,13.34,6815330.200797,13.9141
GPTY,45.36,45.12,45.36,44.53,57666.493468,44.9507
RMOP,25.18,25.22,25.25,25.18,116040.1409,25.203
DBVT,19.99,20.3,20.4,19.6,108082.7456,19.9833
PSHG,1.81,1.87,1.87,1.79,47816.0,1.825
NTWK,4.16,3.9,4.17,3.9,101884.820512,4.0275
LEG,10.3,11.25,11.5,10.22,5712530.999558,10.5521
BLIN,1.01,1.0,1.0634,1.0,16380.0,1.0306
STUB,7.67,7.6,7.88,7.47,2234630.195599,7.692
ITIC,241.5,236.96,242.82,235.35,16006.382331,240.1646
PFSI,88.66,87.38,89.7,87.0,747809.689231,88.5231
TDY,630.78,644.36,646.94,626.765,312356.658156,632.09
NUVB,4.81,5.05,5.14,4.72,4432489.01047,4.876
CDNL,51.3,53.61,53.825,51.11,272937.408237,52.0283
RTO,33.65,33.94,33.94,33.565,771471.04173,33.7138
KIDZ,0.6679,0.6481,0.67,0.6317,293369.66,0.6522
WAVE,8.21,8.25,8.575,7.9748,12628.2457,8.2572
CENT,38.53,39.0,41.53,38.38,104279.537774,39.5895
DAN,34.56,35.78,36.27,34.55,937501.28764,34.9919
RF,27.95,28.13,28.3,27.76,14389146.827824,27.9414
H,170.47,169.37,171.325,168.16,1478722.771863,170.1315
CSQ,20.07,20.1,20.2999,20.05,212416.328772,20.1534
ETG,22.69,23.06,23.1499,22.61,91487.636476,22.8735
TFGZ,34.8722,35.62,35.62,34.86,1019.0,35.2348
MFAN,25.12,25.08,25.15,25.08,33758.7558,25.125
HXHX,0.482,0.47,0.4912,0.4512,82404.0,0.4736
BTCL,20.9,21.24,21.24,20.47,53710.838039,20.8733
KAPA,0.5546,0.588,0.588,0.5545,34462.124,0.5652
HTOO,3.4,3.33,3.5378,3.33,221804.428461,3.7515
AEIS,351.94,363.51,364.5,345.38,1069497.531701,353.8769
TSHA,6.67,6.985,7.025,6.46,2782434.11799,6.6837
LDOS,131.26,133.84,135.5,130.0,1447320.489622,131.5155
LNGX,42.65,42.52,42.79,41.88,62998.926188,42.2176
JHX,20.47,21.53,21.9,20.45,7100981.247161,20.7791
TRUG,2.25,2.22,2.31,2.21,63398.908,2.2659
BGMS,0.98555,1.01,1.01,0.95,9333.802098,0.993
YMM,8.92,9.14,9.14,8.92,5469381.09879,8.9858
AVXX,8.3,8.9,8.9,8.01,364331.87997,8.2861
NRK,10.7,10.71,10.77,10.665,286555.4277,10.7215
MIDU,66.41,70.12,70.26,66.16,59518.305954,67.934
MENS,2.05,2.14,2.1801,2.05,41489.096733,2.108
NWFL,30.67,30.28,31.28,30.28,15123.513915,30.6476
JPMpJ,19.68,19.71,19.73,19.65,45236.5888,19.6892
OI,9.01,9.19,9.365,8.96,1987326.856879,9.1052
ESEA,72.28,74.69,74.74,71.7,38454.596565,72.7796
WRAP,1.44,1.48,1.4967,1.43,101213.143465,1.4602
YSG,2.95,2.87,2.98,2.87,51752.36582,2.9408
RVLV,20.24,20.11,20.7022,19.78,1905360.912644,20.205
CSTE,1.38,1.37,1.42,1.35,119772.263568,1.3792
NEPH,3.23,3.22,3.3,3.125,7084.9356,3.2093
HG,30.68,30.24,30.98,30.17,415136.330065,30.7486
YHGJ,3.5,3.38,3.5,3.38,1637.612777,3.3838
BNL,19.86,19.87,20.0,19.745,2195865.54127,19.8761
BOH,79.87,80.88,81.17,79.83,289601.517412,80.1912
HLXC,10.16,10.16,10.16,10.16,357.489,10.1641
VTGN,0.5868,0.61,0.61,0.58,317686.893217,0.5923
HGV,48.62,48.83,48.84,48.2,700994.276071,48.5776
SGMT,7.64,8.33,8.33,7.61,1036496.489559,7.8108
TDC,29.63,30.84,31.51,29.33,4693459.449313,30.0826
STNE,11.04,11.4,11.4,10.96,6117015.487524,11.0876
NRXPW,0.0091,0.0098,0.0098,0.005,24591.0,0.006645
ZETA,17.28,17.51,17.78,17.1014,6822243.432639,17.3724
FCF,18.6,18.62,18.725,18.55,481896.955957,18.6285
BGH,14.19,14.32,14.4,14.18,81317.112047,14.2611
ED,106.39,106.16,107.09,105.32,3106227.983861,106.4036
TAOZ,85.2147,85.5,85.5,85.2147,100.0,85.5
NNY,8.51,8.55,8.55,8.5,33389.212148,8.5154
ETY,14.88,15.0,15.015,14.87,178103.7553,14.9401
NCZ,15.64,15.72,15.8,15.52,108665.266205,15.6212
CBT,81.28,83.0,83.58,80.69,516529.308089,81.3712
SNOY,7.35,7.3,7.51,7.26,42009.946141,7.3452
IBG,0.8445,1.0,1.0,0.8263,191529.270675,0.9053
XXI,8.36,8.6,8.65,8.17,1275984.970044,8.3049
SYPR,3.23,3.38,3.42,3.14,85119.338675,3.2725
YPF,42.8,42.3,42.98,41.6306,1682733.529389,42.3387
JEMA,61.1191,62.15,62.15,61.1191,25812.31966,61.4821
EDAP,4.16,3.51,4.25,3.51,210739.365448,4.1268
ARHS,7.075,6.8,7.47,6.8,2953099.299068,7.0097
GSID,74.4033,75.74,75.74,74.4033,4570.434852,74.8306
SMFG,21.48,21.84,21.84,21.44,1379382.193625,21.5635
FRO,38.12,38.33,38.62,37.535,2189574.15278,38.0947
CISS,3.32,3.41,3.425,3.25,33043.275285,3.332
UL,58.73,59.48,59.56,58.7,4707103.461072,59.0473
BIP,36.97,37.01,37.55,36.63,1191844.543426,37.0018
LMUB,50.64,50.7,50.7,50.52,155672.9763,50.6405
MTBpJ,26.7,26.72,26.7693,26.5,18228.876,26.678
KKRS,16.7,16.69,16.7399,16.65,17089.333,16.689
TUYA,2.4,2.39,2.42,2.38,803002.388346,2.3957
J,122.76,127.04,127.05,119.8,1844941.380131,122.0274
NWAX.U,10.31,10.31,10.3321,10.31,12453.0,10.3196
MIND,6.61,6.62,6.89,6.53,253159.962584,6.66
LPSN,2.68,2.53,2.68,2.53,125067.592949,2.5993
RIO,103.11,106.08,106.24,103.035,2780026.330855,104.1405
ELC,20.552,20.52,20.6,20.46,13362.089,20.5178
MQ,4.19,4.17,4.3,4.105,4179009.998466,4.1947
RZB,25.23,25.23,25.24,25.22,234465.666,25.2233
PHIN,78.45,78.85,79.226,77.84,329121.413033,78.5076
RHLD,107.92,131.66,131.66,107.42,278459.580517,114.2364
CSV,44.6,43.95,46.3699,41.5114,352647.355401,43.9638
FNF,50.27,47.3,50.56,46.6675,2927327.85281,49.5245
IMKTA,85.78,86.05,86.68,82.71,197903.367109,84.9861
PPBT,3.9101,4.15,4.3,3.91,9952.5,4.1558
PACHU,10.3,10.3,10.3,10.3,100.0,10.3
MSDL,15.51,15.5,15.575,15.34,489040.933265,15.4786
BJ,94.33,92.24,94.43,92.08,1874779.156701,93.8045
RZLVW,0.965,0.92,1.08,0.92,59014.728,1.0169
QNRX,6.37,6.69,6.69,6.0301,22856.751662,6.3211
VCLT,74.7,75.16,75.2199,74.615,3974040.039517,74.9128
DECK,102.72,104.92,106.01,102.2,1791317.127858,103.3011
GEG,2.05,2.05,2.13,2.05,9625.4481,2.0563
PAGS,10.12,10.46,10.46,10.115,4056160.554532,10.2239
PBHC,13.88,14.0,14.0,13.8,4102.928572,13.9107
WTIP,39.0908,39.05,39.189,38.91,3008.0346,39.1532
APXT,10.0,10.0,10.0,9.99,104960.0,9.9926
BFRI,1.14,1.17,1.17,1.12,148536.444081,1.1444
HISF,44.5506,44.75,44.75,44.5506,22409.1517,44.5838
CATO,2.9,2.88,2.92,2.84,20429.307661,2.8716
NEEpN,23.85,23.95,23.95,23.82,35388.175,23.8817
ABOS,2.47,2.54,2.59,2.4,328304.923399,2.4791
PROP,0.9563,1.06,1.065,0.927,7709608.2131,0.9888
SNTH,29.4122,29.39,29.67,29.3301,45146.23,29.5419
NPT,1.56,1.4,1.69,1.4,101503.309524,1.5342
COIA,6.2714,6.44,6.59,6.12,70497.2337,6.0581
CORZW,15.57,15.54,16.37,14.2,714615.121029,14.9941
ENTX,1.37,1.25,1.37,1.2138,195005.443062,1.3139
CONY,26.35,26.86,26.94,26.12,473677.897821,26.469
FFAI,0.3746,0.3832,0.39,0.363,9040261.637879,0.3719
HPAI,0.99,1.15,1.2,0.96,134100.863037,1.0882
AVB,185.79,186.07,186.99,185.1,1560163.026036,185.8508
RBRK,61.49,61.0,62.47,60.38,4841936.916504,61.6533
ASND,246.14,223.42,247.31,222.0,1491370.725966,238.2728
KLTR,1.4,1.41,1.44,1.4,278307.49906,1.4174
USOY,8.49,8.2,8.57,8.05,805123.11147,8.3169
QQEW,143.9321,143.33,145.16,143.0798,45390.365447,144.111
PDI,17.7,17.71,17.72,17.68,2396127.845082,17.6959
LPCN,2.39,2.38,2.42,2.34,71399.35307,2.3836
EMAT,9.33,9.29,9.69,8.51,226419.0,8.9871
AMTD,1.05,1.01,1.06,1.01,9265.666666,1.0274
NXTE,46.2943,47.11,47.11,46.2943,542.3732,46.822
WF,68.33,69.15,69.23,67.68,94782.307631,68.4431
TWST,58.54,59.25,59.6,57.68,1550973.850368,58.5629
HELE,25.81,25.43,27.025,25.4,1142864.167529,26.2064
PMMF,100.28,100.28,100.28,100.27,114382.031863,100.2809
IYK,71.08,71.26,71.39,70.53,320970.559126,71.0751
EPAC,35.54,36.1,36.1,35.32,429375.952633,35.5419
BVFL,19.77,19.54,20.13,19.54,16828.0,19.9556
IVA,5.35,5.4,5.52,5.265,374110.461904,5.3976
TNXP,13.62,14.65,14.78,13.455,455355.670973,14.0754
MUFG,18.0,18.32,18.35,17.99,3206618.251943,18.0988
FBIOP,13.49,14.2,14.295,13.35,35094.82,13.8815
IMDX,4.96,5.01,5.18,4.68,345506.184854,4.9444
IR,77.5,79.14,79.88,76.99,3832950.325138,77.7832
YALA,6.93,6.82,7.04,6.8,401567.696286,6.938
ENS,222.95,225.44,226.78,220.62,483796.905377,223.5505
BIO,257.32,260.49,262.83,254.93,268574.728953,257.034
UZE,18.17,18.23,18.29,17.83,4141.28,18.1102
DGICA,17.22,16.84,17.295,16.71,193400.245013,17.0736
NOC,552.27,559.23,561.32,548.3,841481.337118,551.5582
SNAG,7.8096,7.0,8.62,6.9,149732.584,7.7733
QPUX,29.1581,32.38,33.82,28.0701,191907.244486,30.5861
CCTG,0.5605,0.577,0.599,0.55861,11101.0,0.5677
LEN.B,84.68,87.84,88.325,84.57,82108.40689,85.2297
PRE,15.87,15.76,16.3241,15.06,326374.507104,15.8391
KBWB,85.86,87.2,87.655,85.61,870895.003723,86.1629
CGAU,17.79,18.54,18.96,17.715,3445883.035909,18.0236
USBpR,15.9,15.94,15.9599,15.87,22712.0119,15.9054
OII,36.58,37.07,37.08,35.42,1157084.122808,36.5163
LYG,5.29,5.44,5.455,5.27,15298988.169514,5.3558
VTR,86.55,86.3,86.9,85.17,5148365.736554,86.3814
WMB,72.95,72.17,73.11,71.85,7202168.260122,72.7178
SPME,25.1,25.1,25.1,25.1,969.118,25.1085
RUM,7.47,7.96,7.98,7.38,2419011.652413,7.6247
AEM,187.77,195.5,197.8,187.62,3821925.115117,190.6464
BCBP,10.1,9.92,10.175,9.8901,69279.254984,10.109
RGNX,10.42,10.11,10.44,9.87,1468940.649199,10.2161
KBWD,13.2946,13.35,13.39,13.26,378447.481511,13.3147
CALC,0.6354,0.6341,0.6779,0.6118,266882.570241,0.6497
SLP,16.06,15.96,16.75,15.66,372611.351172,16.0305
DGII,62.03,67.04,69.81,61.62,648934.674999,64.3352
IIIN,27.12,26.75,27.53,26.66,267227.384743,27.1159
FUBO,10.79,10.54,11.1,10.4869,2015977.149898,10.7482
SPOK,10.83,10.59,10.86,10.55,164308.174972,10.7786
GLPpB,25.36,25.34,25.4216,25.3,3815.352,25.3876
MDRR,11.1501,11.15,11.1501,11.15,961.733,11.2004
EXC,44.41,44.805,44.9,44.155,9412748.77241,44.4014
NOW,93.59,92.17,95.56,91.89,27960738.741423,93.9336
NWBI,13.83,13.9,14.0,13.805,986507.625282,13.8686
ARWR,77.95,78.38,79.1,75.52,2351104.655962,77.36
YMT,0.1436,0.15,0.1519,0.1355,763649.0,0.1451
SLGN,40.26,40.54,40.97,40.24,740244.528059,40.4345
AENT,7.31,7.36,7.68,7.31,10604.032613,7.4625
OMAB,106.98,107.69,107.69,106.275,42614.170177,106.9209
FT,8.07,8.1,8.16,8.07,67035.5003,8.1093
SYK,294.23,292.96,298.73,292.48,2648766.789747,295.3605
BGL,1.09,1.22,1.22,1.02,933863.888766,1.1039
MQY,11.52,11.57,11.57,11.48,274148.93269,11.5079
PSTL,22.84,23.49,23.49,22.64,431331.172886,22.849
CRAI,139.12,145.39,151.29,135.22,230754.87677,139.9552
TWO,12.38,12.25,12.415,12.24,1852064.001817,12.3604
HXL,95.77,96.94,97.125,94.82,889129.988362,95.8849
FMC,13.68,14.7,14.97,13.635,3443693.92863,13.8972
NFBK,14.07,14.03,14.14,14.01,132457.52495,14.0682
CHCI,17.37,17.41,17.48,16.5,9574.619633,17.0551
GSM,3.965,4.71,4.83,3.96,1838529.84775,4.1708
BEEP,1.86,1.8,1.96,1.8,15600.73224,1.8759
VOR,16.08,15.9,16.5,15.825,750482.479055,16.1306
VFQY,161.2127,162.02,162.285,160.85,4917.245463,161.6696
SJM,99.44,96.18,100.35,95.71,2422464.816761,98.945
SVRE,5.62,6.07,6.2999,5.55,43559.590881,5.843
DOLE,14.8,14.88,14.88,14.54,1447105.875799,14.7362
HLI,153.5,147.0,156.53,147.0,2204425.239466,152.2739
EEX,4.8,4.57,5.0282,4.55,26295.340869,4.7713
CABR,0.9344,0.94,0.9699,0.90001,54627.968,0.9328
CCS,54.51,54.67,55.33,53.77,404182.496898,54.4516
IEUR,74.45,75.95,75.955,74.39,706643.326021,75.0611
NPFD,19.32,19.42,19.42,19.2501,21113.3117,19.3497
NRIX,16.28,16.88,16.88,15.86,663142.383668,16.2782
DJTWW,4.4,4.3,4.56,4.3,14939.90376,4.4346
VIST,65.8,66.48,67.25,63.77,3783106.284666,64.7255
KLIC,98.15,106.01,107.0099,91.8,2711732.504982,97.2387
GF,12.05,12.01,12.27,11.85,63767.4765,12.0242
GEF,68.0,68.87,70.65,67.82,169205.25511,68.1616
VRRM,14.63,13.25,14.835,13.0195,3913362.510618,14.2664
DYNB,39.4205,39.57,39.57,39.42,7271.8025,39.4852
UIS,3.05,3.3,3.355,3.0,1266763.677082,3.1416
PEN,324.65,323.82,326.43,323.82,683301.497352,325.1686
SHG,67.77,68.79,68.92,67.41,205971.595896,68.1265
KT,20.96,21.13,21.23,20.94,1123471.155277,21.0411
KBR,33.2,35.31,35.74,33.035,2882495.786336,33.5819
MBB,94.58,94.98,94.98,94.51,1666039.480501,94.6844
PALC,54.7282,55.13,55.13,54.685,9693.9566,54.9575
VOYApB,23.91,23.97,24.19,23.85,12359.0196,23.9266
SPNT,23.49,23.23,23.735,23.14,716995.854156,23.5151
SECT,68.21,68.56,68.72,68.03,116402.7444,68.289
GSpD,19.11,19.09,19.14,19.08,103311.7531,19.1121
RGCO,23.65,24.38,24.38,22.266,13988.1322,23.7328
YAAS,1.07,1.12,1.13,1.07,188591.8324,1.1203
SPSK,18.05,18.11,18.11,18.04,195405.513222,18.0826
JAAA,50.57,50.57,50.59,50.56,5362493.256575,50.5698
CWEN,38.14,38.5,38.9092,38.01,1270074.054381,38.2042
RZC,25.37,25.39,25.44,25.36,24489.525,25.4034
GGRP,0.5051,0.529,0.539899,0.5005,70179.0,0.5235
NU,14.26,14.5,14.6,14.205,38026641.699569,14.3431
FEED,1.32,1.27,1.52,1.2,2596391.111344,1.3703
TSES,30.58,31.03,31.03,30.09,6466.11022,30.5362
QLTI,26.3205,26.76,26.76,26.3,8756.6338,26.3974
IRON,67.53,68.0,68.7,66.055,395193.320242,67.294
INGR,107.36,106.39,108.16,105.55,657302.866627,107.4082
ALLpI,19.21,19.21,19.24,19.18,9388.0879,19.2149
SAC.WS,0.53,0.46,0.53,0.46,1123.0,0.487
SUNE,1.66,1.57,1.67,1.55,159873.026769,1.614
HLT,320.3,321.08,324.0,319.1401,1433280.494037,320.8108
TBCH,12.4,12.72,12.89,12.34,228994.009913,12.5139
SORA,2.73,2.86,2.86,2.65,16811.8849,2.8216
BULL,7.21,7.29,7.34,7.05,8524618.509883,7.2038
SATA,99.27,99.21,99.4999,99.2,82420.064172,99.3156
STRA,79.09,78.5,80.225,78.09,260043.985634,79.1951
APG,44.63,46.32,46.42,44.59,2562359.411764,44.9515
CODA,11.9,12.0,12.19,11.82,91531.627388,11.9821
JPMpK,18.91,18.85,18.94,18.81,292215.073,18.8762
QNTM,5.01,5.25,5.4045,4.85,184599.167709,5.0893
GEN,20.19,19.89,20.37,19.67,14260297.950506,20.0647
BUR,5.16,5.37,5.42,5.16,3568745.859679,5.2532
WAL,82.31,83.64,84.165,81.9,761048.37078,82.4752
BROS,53.54,54.0,55.0,51.55,12790854.555069,53.2667
ARI,10.91,10.95,11.04,10.865,1030919.119153,10.9401
PAG,171.61,170.25,173.36,168.56,302568.723086,171.3629
CMI,682.88,712.81,718.08,680.75,1169222.315308,689.2647
BY,33.36,33.32,33.62,33.16,192983.469844,33.3606
ECCpD,19.0,18.75,19.0,18.7,20045.56379,18.8327
RES,7.13,7.18,7.25,6.855,2240666.767213,7.0204
JOE,65.05,66.21,66.25,63.7,277887.215715,65.1962
RM,34.97,35.23,35.9,34.78,61150.617964,35.1872
DYNC,10.73,10.73,10.75,10.73,80304.4807,10.7378
AVAH,6.94,6.79,6.95,6.74,1480759.782958,6.8984
PSUS,42.33,42.89,42.89,42.17,708651.588397,42.4517
ROL,54.39,54.16,54.64,53.87,1994764.078708,54.3078
DOGZ,1.12,1.06,1.2,1.06,36912.172204,1.1336
GBCI,48.79,49.81,50.1499,48.59,786860.93236,49.0349
OPP,7.86,7.88,7.89,7.85,115290.7696,7.8708
BIDG,17.94,18.31,18.31,17.4,19162.2,17.9225
HYXF,46.6465,46.81,46.83,46.6201,16998.066301,46.7744
TAP,43.13,42.64,43.4,42.57,3582901.085245,43.0404
XBIL,50.07,50.06,50.07,50.06,51148.104405,50.0655
GHC,1131.1,1130.24,1140.635,1108.37,15482.235493,1131.2975
NAD,11.89,11.96,11.99,11.88,595775.57726,11.9182
LMND,54.43,52.93,54.87,52.04,1705601.424675,53.8173
DKI,0.371,0.396,0.426899,0.368,781354.529,0.3935
OLOX,4.563,4.7,4.795,4.456,34899.93135,4.609
PBH,54.59,54.36,55.135,53.64,700241.203979,54.5645
VEEA,0.4966,0.47,0.52,0.47,82397.193615,0.5007
VLRS,7.81,7.99,8.075,7.77,385840.736197,7.8615
PCG,16.19,16.13,16.31,16.005,26315508.941606,16.1455
CGCV,31.49,31.73,31.73,31.435,279946.7768,31.5392
CUE,35.73,34.45,35.77,28.62,428835.355433,32.4811
NXDT,5.09,5.22,5.255,5.09,85310.906886,5.152
MCRI,117.28,118.19,118.36,116.53,112805.265933,117.5182
DIBS,4.46,4.44,4.48,4.365,128989.139049,4.4299
REFI,11.62,12.2,12.2,11.5,309223.470438,11.7436
MCN,5.96,6.0,6.0,5.93,56070.9273,5.9406
ANIP,83.91,84.18,84.7838,82.83,400485.705241,83.7857
LU,1.95,2.02,2.025,1.94,969442.959371,1.9723
SEG,22.24,23.02,23.74,22.14,69756.354035,22.6226
LRHC,1.8,1.98,1.98,1.69,1431020.937625,2.0015
SETM,37.88,38.89,39.46,37.77,1438588.209148,38.6428
NVIT,51.6572,51.1,52.06,51.05,3384.286827,51.6484
ASTI,3.88,4.44,4.44,3.85,712728.189649,4.0605
QB,45.935,46.1,46.1,43.4,2342.233,45.8859
KRUS,56.3,55.53,56.31,53.64,201397.035117,55.5068
ATO,181.86,186.86,190.186,180.68,1868767.994291,182.25
NUKX,48.6667,50.8,50.8,48.045,33401.275605,49.5853
COM,34.22,34.1,34.225,34.02,89731.98302,34.1293
NEUP,5.34,5.33,5.3799,5.25,22354.118854,5.3289
MARO,6.61,6.56,6.6339,6.41,232421.219984,6.5477
FEBO,1.11,1.09,1.12,1.09,815.0,1.1097
BHRB,63.48,63.47,64.22,63.42,101719.712846,63.6942
PCGG,11.0412,11.05,11.05,11.0412,449.92,11.0581
VECA.U,9.99,9.99,9.99,9.98,183516.0,9.9877
COP,114.88,116.13,116.24,114.05,10356589.896413,115.1257
ASC,18.87,19.47,19.62,18.31,857250.593425,18.8309
ONEW,11.94,11.89,12.395,11.83,340860.889851,12.0762
DLTH,3.38,3.31,3.38,3.2223,32167.151941,3.3187
RDTL,20.58,21.61,21.88,19.521,669816.425065,20.2443
MANE,107.85,109.57,112.845,106.48,592324.216583,109.6184
BCIL,30.3522,30.8,30.85,30.3522,3805.1325,30.709
FTCI,4.27,4.15,4.395,4.01,288311.488334,4.2303
STAG,38.67,38.68,38.7,38.225,2795307.781899,38.6081
WLKP,23.2,23.53,23.53,23.2,35629.6188,23.3629
MULL,362.58,370.0,406.0,350.18,332844.438047,372.8263
CWK,13.85,14.24,14.4,13.59,2546950.203181,13.8634
TFIN,67.45,67.22,68.3537,67.09,227868.347974,67.4612
EMXC,95.57,97.28,97.28,95.47,2540095.529614,96.1468
RFpC,24.44,24.51,24.58,24.41,32706.3124,24.4991
GRAG,7.2379,7.45,7.62,7.2,49483.5,7.4014
ITUB,8.18,8.42,8.435,8.18,40198069.588423,8.272
ISMD,45.3049,45.68,45.69,45.3049,15484.845704,45.4825
PETS,2.3,2.29,2.36,2.26,45145.076141,2.2825
JELD,1.69,1.72,1.81,1.67,2438276.07409,1.7249
IGA,9.56,9.64,9.7,9.56,66765.27664,9.5978
R,241.82,243.13,246.105,241.0,395822.376207,242.3304
FTRE,15.57,15.64,16.2,15.2653,1635154.563471,15.7454
CDRE,29.91,31.17,31.62,29.77,459351.900241,30.3138
ABR,8.17,8.29,8.54,8.14,7589744.581771,8.3903
RCAX,7.7278,7.74,7.9088,7.43,198651.842,7.5383
BLNK,0.7932,0.86,0.8605,0.7811,2340397.683038,0.8094
SEM,16.44,16.43,16.45,16.43,1583916.450866,16.4381
VTSI,4.38,4.45,4.47,4.34,21614.920137,4.393
SF,76.16,78.66,78.96,75.605,1890208.218115,76.3741
EA,200.85,200.74,201.27,200.25,2215058.19095,200.8494
MCW,7.04,7.06,7.06,7.03,1423640.368328,7.0392
KWR,142.94,143.66,145.985,142.44,143181.569515,143.7677
EIC,10.59,10.47,10.63,10.47,125683.855065,10.5515
NGEN,3.85,3.84,3.95,3.8,132456.710987,3.8538
CQP,63.19,63.5,63.5,60.0,188839.179704,62.0986
FOURpA,58.3,57.34,60.96,57.16,8707.6779,58.9527
SMTK,0.329,0.3831,0.3831,0.31,907163.919181,0.3578
BIXI,9.9511,10.0,10.0,9.95,14701.0,9.9517
WD,54.83,54.76,56.85,53.41,365582.105737,54.9405
IMST,12.33,12.35,12.41,12.17,35861.157273,12.3565
ACFN,16.76,18.92,18.92,16.72,28289.915264,17.5728
ADV,44.43,44.88,46.8,42.45,103528.189454,44.5326
IREG,23.86,26.33,28.99,22.74,566272.455962,27.1304
RNST,40.18,40.72,40.83,39.95,525457.089199,40.2171
MPAA,11.47,11.66,11.94,11.25,41144.924033,11.457
ISPC,5.29,5.8,5.835,5.0,282204.391584,5.3816
KODK,14.15,14.4,14.6,13.85,1460743.703282,13.9556
RADX,4.15,4.27,4.3167,4.06,30732.7,4.179
OIS,8.9,8.75,9.005,8.6,1168755.040546,8.8556
MMSI,62.33,61.9,63.04,61.5312,771907.104761,62.3912
TSL,16.45,16.25,16.64,15.97,1295377.201057,16.3125
MCHX,1.6,1.63,1.69,1.52,8227.0,1.5876
HELP,5.34,5.37,5.47,5.2,596125.257524,5.3363
NPV,11.49,11.5,11.52,11.48,48034.2641,11.4976
FTXR,41.4575,41.98,42.025,41.37,59400.877691,41.7141
RVI,34.25,32.7,34.31,32.1,505245.888292,33.3568
ALT,3.04,3.22,3.24,2.995,3720531.417112,3.0591
TWLO,197.07,198.56,201.4,194.5531,2588850.784955,197.7947
LOB,37.63,37.96,38.21,37.33,225661.900551,37.6698
SIG,87.99,87.5,88.375,85.815,639911.933215,87.3919
CACI,489.88,496.94,505.54,486.54,360770.21984,493.9824
VMET,11.74,11.99,12.35,11.705,98220.589413,11.9968
BGM,0.2862,0.2901,0.3095,0.285,95710.406255,0.2963
VIV,15.38,15.8,15.8,15.38,1834614.990817,15.6177
TSUI,19.4161,19.94,19.94,19.4161,7766.679,19.6981
LII,526.61,543.94,551.495,524.46,494379.975283,531.625
EVMN,22.5,23.75,23.78,22.49,289485.53454,22.8259
RUBI,2.99,3.08,3.25,2.98,23376.05444,3.0913
SPOT,427.43,427.82,437.62,426.32,2464366.924334,430.5469
ASRT,22.37,22.23,22.4999,22.185,110916.472301,22.3141
AEFC,19.58,19.53,19.6232,19.53,38737.078,19.5733
ELPC,12.3,12.7,12.7,12.2801,143241.918079,12.4542
CLS,385.21,411.0,411.0,375.0,3171314.047668,385.6631
ROBO,83.81,85.23,85.44,83.49,198456.524673,84.5469
SKYH,9.96,10.12,10.25,9.865,121858.0061,10.0292
ACAD,22.56,21.89,22.84,21.52,3670142.815916,22.342
VRIG,25.09,25.08,25.09,25.08,257855.1585,25.0875
CAT,895.69,929.96,931.35,886.88,2957310.630889,900.4494
OXY.WS,31.86,31.52,32.35,31.19,59358.5,31.7308
TSMX,83.51,84.84,85.6,80.845,1363891.503723,83.7807
FIIG,20.82,20.91,20.91,20.805,432191.0733,20.8621
SOLS,77.76,83.24,83.98,77.47,2444861.98246,79.4792
ORN,14.75,15.25,15.25,14.41,413987.320877,14.7899
BXP,59.46,59.97,60.64,59.2,1861318.273235,59.72
GAM,64.01,65.4,65.82,63.96,9459.0059,64.7067
LANDP,20.69,20.7,20.7,20.6,12953.2446,20.6636
FRME,40.51,40.75,41.09,40.395,262903.301633,40.6329
FIXD,43.6,43.93,43.93,43.6,283919.417849,43.7547
AGI,42.37,43.22,44.58,42.19,6206181.259895,43.0376
NKX,12.47,12.41,12.47,12.4,137499.626105,12.4346
JSCP,47.125,47.23,47.235,47.12,121092.57217,47.1744
NOA,14.49,14.48,14.55,14.27,99386.169253,14.466
BOE,11.88,11.99,11.99,11.83,124872.145681,11.8909
HLpB,68.08,65.25,69.0,65.25,1269.3536,67.4053
KBWY,17.2,17.18,17.3799,17.11,144116.933405,17.2561
FOFO,2.62,2.54,2.94,2.54,21901.0,2.6599
XCUR,3.35,3.4,3.405,3.3,6132.0,3.3555
WPM,131.56,138.5,139.9399,131.05,3203585.492467,134.6264
KMDA,8.26,8.3,8.48,8.19,61715.600898,8.3286
PLTG,13.27,12.9,14.0324,12.8405,901432.083081,13.614
MVO,2.22,2.39,2.46,2.2001,307518.94411,2.3171
ICPI,50.7527,50.74,50.77,50.735,3794.591,50.7485
EYPT,13.41,13.39,14.14,13.225,1122341.143033,13.4884
KGEI,5.25,5.18,5.31,5.042,203657.461506,5.1919
VPLS,77.5354,77.82,77.83,77.52,136737.804556,77.615
RZLT,3.09,3.13,3.1571,3.0001,933493.870354,3.0862
DAR,62.27,61.8,62.76,61.09,2724689.964903,62.0872
GPCR,39.15,40.615,40.7525,38.88,985103.005701,39.4478
ETON,31.02,30.0,31.37,29.76,607160.212271,30.8342
MET,78.82,80.56,81.19,78.015,4476055.979024,78.9307
CLOZ,26.35,26.35,26.35,26.31,296583.915602,26.319
NTCL,0.3791,0.3874,0.392,0.3782,78379.657516,0.391
GRCE,2.25,2.37,2.3988,2.2121,355672.90281,2.2655
ARES,123.15,124.1,125.01,122.09,3267917.739958,123.1093
AFB,11.14,11.19,11.21,11.14,190297.3377,11.1891
AIG,76.43,77.44,78.0729,76.255,2802837.40273,76.6673
HMH,21.55,21.11,21.98,20.8833,166668.548656,21.534
DZZ,1.8396,1.75,1.88,1.62,42580.8483,1.7508
CBL,43.95,44.04,44.9899,43.2548,148898.211141,43.941
LILAK,7.99,8.32,8.5,7.39,1664369.629863,7.9982
DLNGpA,26.245,26.12,26.26,26.11,4325.304,26.1408
HYT,8.62,8.69,8.7,8.62,409428.41996,8.6669
QBTZ,12.67,11.73,12.89,11.19,1330240.932121,12.0554
SQNS,3.34,3.3,3.385,3.25,112968.264496,3.3254
BTCC,17.3,17.47,17.47,17.28,10266.00864,17.391
WTO,1.01,0.96,1.125,0.9471,261549.384424,1.0311
AMYY,16.7294,16.81,16.9,16.62,23226.741911,16.7196
QCLN,58.59,60.59,60.65,58.21,400641.713228,59.1158
SVCO,12.06,12.5,12.805,11.75,539584.448191,12.1638
BBT,28.88,29.04,29.13,28.79,700658.087981,28.9093
MLAAW,0.4702,0.5,0.55,0.4702,35353.406647,0.5081
AGMpG,17.57,17.7,17.7,17.56,8869.2843,17.6234
IQLT,48.98,49.87,49.87,48.95,1277587.582862,49.2473
WDIG,52.555,54.93,54.93,52.555,6252.962,53.5836
GHM,97.08,97.51,98.795,93.06,238364.172844,96.4637
OEF,363.83,365.08,366.29,363.0,657329.18145,364.5548
PRQR,1.58,1.72,1.72,1.55,538955.204896,1.6153
CMCM,5.33,5.36,5.45,5.33,4778.970982,5.3815
RDN,37.62,35.25,37.975,34.96,3118011.884817,36.9755
ATEX,53.21,51.62,53.75,50.7601,351721.631638,52.9959
ZUMZ,25.03,24.94,25.24,24.6,95478.253747,24.9377
GSK,50.5,50.82,50.82,50.415,3403388.476298,50.5862
RWAY,6.83,6.82,6.8799,6.7,562010.127623,6.8007
LKFN,62.6,62.3,62.68,61.62,120000.71484,62.445
QUCY,0.3681,0.3835,0.3835,0.3403,314604.784393,0.3546
VUG,86.05,86.39,86.82,85.79,8792383.006746,86.1711
RDGT,1.47,1.55,1.56,1.38,118054.719966,1.4721
SUNC,66.74,64.89,66.83,64.02,843253.186416,65.829
MTRN,191.06,199.13,199.13,189.18,297629.96815,192.5826
SEI,73.07,76.5,76.5,71.0,2766647.298974,72.9759
JACK,13.87,13.72,14.02,13.4201,493625.480266,13.8239
AQB,0.95,0.98,0.98,0.92,55904.254996,0.9536
AMR,193.43,195.57,197.31,192.32,183037.09962,194.426
DGRS,56.4693,56.91,56.95,56.39,21747.983263,56.6936
UAE,19.49,19.8,19.8,19.43,236002.364387,19.6305
PIPR,80.46,80.76,81.54,80.03,499514.250152,80.5857
RLTY,15.81,15.95,15.95,15.69,40684.1078,15.798
MUU,414.68,421.42,463.0,400.0,2233503.084798,425.7744
BUZZ,36.1,36.76,36.96,35.7201,214869.806627,36.2397
APLE,13.89,14.05,14.11,13.82,3094581.194993,13.9467
CE,58.4,62.17,62.5645,58.37,3037537.227249,59.1452
DOO,55.77,56.02,57.57,55.39,376373.512962,56.02
DTST,4.14,4.25,4.25,4.0601,20611.990703,4.1316
TNK,81.27,80.65,82.09,79.89,342647.760763,81.1304
TNL,65.91,65.71,66.605,65.12,1199921.94167,65.7968
IMTB,43.72,43.865,43.88,43.6501,27118.921169,43.7255
JPME,120.6829,122.86,122.86,120.6829,12069.703377,120.994
CNM,49.66,51.04,51.79,49.65,1538773.973927,50.1483
LPG,39.81,39.49,40.2999,39.18,465783.782295,39.7524
BFH,86.48,88.69,89.0,85.88,547915.885487,87.0103
TAOX,6.16,6.86,6.86,6.1001,186348.828288,6.5297
CXE,3.79,3.75,3.8,3.75,77980.8013,3.7763
GOVX,1.76,1.76,1.95,1.7,904110.674957,1.8213
PJP,106.9082,107.08,107.295,106.315,9116.606211,106.8434
AXTA,28.57,29.55,29.6493,28.44,2836344.133551,29.0092
NTST,20.36,20.48,20.63,20.17,1569368.314359,20.4261
SHW,320.21,326.76,328.993,318.27,1828288.140795,320.534
SAFX,0.4108,0.4868,0.522,0.4056,13275869.586493,0.4556
MBIN,46.79,46.72,47.44,46.37,133419.60115,46.7587
ATLN,1.49,1.44,1.5199,1.39,363767.573777,1.4593
GPRK,9.15,9.19,9.25,8.9002,744664.699671,9.1576
ADVB,7.2,6.95,7.6999,6.91,63062.146275,7.3361
VGSR,11.225,11.41,11.41,11.225,60783.044138,11.2684
SLAI,0.81,0.78,0.82,0.77,47901.944497,0.789
BH,300.72,301.48,303.97,291.05,47683.750797,298.5392
TOST,29.38,28.81,29.83,28.81,16362462.038194,29.1836
DGX,190.84,188.19,190.99,187.895,739973.462265,190.0536
GKOS,134.15,136.35,137.34,132.12,549156.309271,134.0407
BANX,19.77,19.78,19.9,19.6,28668.576844,19.7498
PINE,19.64,19.46,19.915,19.215,215539.864068,19.6017
HUBG,43.01,43.67,43.85,42.7,680397.082153,43.057
CSRE,28.65,28.77,28.77,28.51,75138.0618,28.6853
TPC,81.96,85.0,85.4452,77.865,1402725.090834,81.2634
PFN,7.17,7.21,7.21,7.16,422373.676721,7.1827
NXE,12.38,12.96,12.985,12.22,8514826.788663,12.4903
FISR,25.59,25.67,25.709,25.58,50500.5096,25.6188
COIG,7.9883,8.1,8.39,7.79,178984.6643,7.9005
DBX,25.13,25.22,25.48,25.06,4404271.149914,25.248
SOWG,1.21,1.05,1.21,1.04,232846.644532,1.1145
HIGpG,24.995,25.0,25.0,24.9,10304.109,24.939
TEN,44.0,43.11,44.0,42.5,326589.402136,43.3997
RCTR,37.9445,38.99,38.99,37.73,10660.624623,38.2237
CODIpC,21.9,22.1,22.2238,21.9,25118.9466,21.9996
USBpP,22.34,22.36,22.36,22.25,32394.04616,22.3037
IOT,30.11,29.65,30.81,29.35,5532891.952785,30.339
MTW,13.62,13.54,14.34,13.3,380465.732572,13.7201
MOVE,13.85,13.7,14.375,13.54,52396.68555,14.0674
STRZ,20.1,20.37,20.515,19.98,95799.23595,20.2058
VERS,71.2712,71.88,71.88,71.2712,421.7102,71.8774
HPP,11.77,10.74,12.11,10.56,2355141.579832,11.628
HVMCW,0.2601,0.28,0.28,0.2601,456.0,0.2756
GMED,85.07,90.29,91.44,84.88,2931862.640951,86.8692
TE,5.15,5.28,5.32,5.02,10600601.98302,5.135
AVIE,72.5415,72.55,72.66,72.36,1693.6237,72.5965
USBpH,18.77,18.68,18.8,18.64,36587.679666,18.7237
SOLT,50.79,51.87,51.87,50.2,428323.884038,50.9774
SHIP,16.21,16.28,16.49,15.92,287656.037154,16.2007
UBS,44.41,45.51,45.56,44.29,2225301.287918,44.8147
XERS,6.63,6.7,7.005,6.19,5574051.47236,6.7134
XPEV,15.55,15.87,15.95,15.495,5520223.180901,15.647
USBpS,17.89,17.96,17.96,17.8,38863.4178,17.8504
WEC,112.78,113.59,113.9,112.57,1704495.860437,112.9354
CACC,522.87,545.55,545.55,519.411,154026.552961,525.0446
NZAC,45.5176,45.88,45.88,45.49,2331.189898,45.734
BHK,9.14,9.16,9.185,9.13,366359.029606,9.1638
GEO,21.22,22.29,22.305,20.69,3507824.47981,21.3271
ALLpJ,26.13,26.18,26.24,26.055,36264.4822,26.1661
KFY,67.14,66.22,67.87,66.22,456515.923058,67.2786
NOG,23.93,24.04,24.18,23.445,2811920.806832,23.8781
SUSA,148.66,149.54,149.69,148.4901,46636.670163,149.1166
MLTX,17.2,17.51,17.605,16.88,765295.949602,17.1213
FLO,8.57,8.61,8.695,8.32,5444019.437642,8.5713
VNQI,47.54,48.14,48.15,47.49,199551.234735,47.8015
LHSW,0.2321,0.2317,0.2449,0.2196,406448.0,0.2305
BCAB,4.35,4.49,4.58,4.2,10336.620044,4.3903
AGM,182.63,179.35,183.1575,179.15,83115.452397,181.3648
AIZN,19.65,19.65,19.86,19.55,9761.484,19.6649
ARAI,0.688,0.706,0.7188,0.6628,1562797.672283,0.6857
WRBpG,16.5,16.47,16.51,16.4514,2026.27,16.4907
GSAT,81.48,82.24,82.27,81.17,1663823.127738,81.4217
FAD,181.38,185.61,185.61,180.425,31464.1253,181.5567
TYL,331.08,324.62,335.94,324.62,440261.081743,331.2525
SQM,91.6,96.0,98.0,91.55,1478027.594467,94.7673
CLSK,13.98,14.104,14.29,13.515,19788642.349245,13.934
ECOR,6.27,6.585,6.8799,6.1657,62282.711553,6.4219
TBB,21.67,21.63,21.7,21.6,58740.37365,21.6555
DSGN,14.1,14.55,14.68,13.96,394077.387286,14.2251
CBSH,52.48,52.7,53.0,52.295,1134068.553688,52.5827
MDIV,16.5893,16.6,16.61,16.47,39836.315116,16.5399
UPB,8.985,9.14,9.14,8.69,272845.500683,8.9362
CLPS,0.906,0.906,0.91765,0.906,4250.142,0.9024
MAS,71.93,73.28,74.35,71.59,3459430.589866,72.1491
ETW,9.45,9.53,9.53,9.44,344342.56833,9.4939
KSCP,3.03,3.11,3.1702,3.02,345774.16768,3.0757
UBND,21.7851,21.85,21.85,21.77,127604.3334,21.7931
POR,48.62,48.53,48.92,48.05,1171896.857898,48.601
MYPS,0.44,0.408,0.4461,0.4035,858084.543625,0.4241
MCR,6.04,6.02,6.08,6.02,60804.85307,6.0578
SARO,26.03,26.68,26.89,25.92,5787131.878413,26.2236
XLRI,23.6798,23.76,23.76,23.59,1960.1101,23.6304
MFG,8.66,8.82,8.82,8.64,3283679.481671,8.7091
BV,12.99,13.6,13.8675,12.71,1077413.563708,13.0233
ONTO,274.17,295.49,295.49,273.46,1176666.117388,279.1085
PAAS,57.81,59.05,61.34,57.79,7512007.303828,59.1773
HTB,46.0,46.18,46.43,45.9,42510.0,46.1032
LYEL,20.06,21.23,21.23,19.535,52199.430414,20.0706
CMTL,3.74,3.85,3.86,3.71,115494.265131,3.7794
IBTP,25.44,25.57,25.57,25.43,61770.4296,25.5084
OWLT,4.86,5.25,5.25,4.83,210116.757956,4.9687
EVCM,11.79,11.05,11.87,11.05,84767.576611,11.5858
HR,19.99,20.24,20.27,19.985,4602762.537476,20.116
PK,11.19,11.26,11.44,11.12,5366419.079751,11.2398
EWCZ,5.82,5.8,5.85,5.8,5669099.329245,5.8212
TAFM,25.47,25.52,25.52,25.46,124362.16,25.4697
CTSO,0.6095,0.584,0.629,0.57,163640.61788,0.5989
CCL,27.0,27.615,28.05,26.75,26335112.274106,27.3074
GBTG,9.44,9.41,9.475,9.41,6219194.227484,9.444
MDV,17.8,17.5,17.93,17.5,166972.582484,17.7782
TPSC,45.5374,46.07,46.07,45.4701,31182.890861,45.6369
TMFX,21.5414,21.77,21.77,21.451,1820.141012,21.6003
HVT,21.75,21.77,22.36,21.495,77255.145499,21.8105
STWD,18.05,18.3,18.32,18.02,3768248.366445,18.0979
NRGU,33.16,34.0,34.0,31.32,235364.925699,32.8066
NEXR,1.87,1.87,1.95,1.821,68284.49159,1.8768
SKT,36.33,36.88,36.97,36.22,1257264.652025,36.4282
ISTB,48.3,48.4,48.4,48.28,359994.166128,48.3366
WAI,2.035,2.02,2.09,2.02,9427.0,2.0297
LZMH,0.0957,0.102,0.102,0.0947,4427966.189142,0.0974
ICHR,71.23,72.72,72.76,67.77,1199141.650622,70.6574
TMCI,1.92,1.91,1.985,1.87,378455.132968,1.9269
IQV,178.64,177.86,182.0,177.255,1803269.223659,179.2397
PRSU,41.33,44.0,45.47,41.33,406569.227212,42.5631
CMCT,6.52,5.52,6.52,5.4501,49396.518834,5.8969
CHRN,15.0,13.95,16.4099,13.76,562690.069714,15.1284
CGIC,35.79,36.37,36.4251,35.77,433324.371879,35.9471
SEIC,89.89,91.31,92.12,89.65,602507.595612,90.2717
DHC,8.09,8.3,8.39,8.075,1737194.859591,8.1797
UNMA,23.51,23.45,23.5374,23.45,10219.781,23.5056
WRBpF,19.38,19.45,19.4501,19.33,16503.425,19.3786
IBN,26.74,26.82,26.9,26.685,7228080.537895,26.7565
TKC,6.53,6.58,6.61,6.53,771017.066512,6.5681
ABEO,5.77,5.98,5.9999,5.585,1499037.860055,5.7539
EOS,22.59,22.7,22.82,22.56,160274.09507,22.6993
AII,19.67,19.56,19.68,19.3,62583.1527,19.5766
THO,76.94,77.85,78.28,76.18,724617.984061,76.8631
NODE,44.528,45.77,45.77,43.975,14386.065524,44.9493
AMP,458.84,472.09,477.615,457.4,604538.561724,462.2
SHBI,19.76,19.78,19.91,19.6701,126333.92825,19.7849
FOUR,46.85,48.875,50.62,45.38,2888905.034906,47.2743
EQRR,74.9783,76.0,76.0,74.6601,35248.3107,75.07
IBTM,22.77,22.86,22.86,22.76,159949.74159,22.8017
KRMN,60.45,62.89,63.94,58.89,1843736.492552,60.2894
DFSC,3.95,3.55,4.0,3.45,148444.891397,3.8485
SR,85.52,86.1,86.555,84.65,686464.438111,85.6107
GDV,29.11,29.21,29.34,29.07,77520.09022,29.223
GSpC,19.47,19.44,19.48,19.36,28849.6447,19.437
DLX,26.83,26.31,27.05,25.55,904132.830408,26.7088
LILA,7.81,8.29,8.29,7.09,771503.515645,7.7865
YNOT,32.4037,32.78,32.96,32.37,6998.0,32.6786
ROIV,28.28,28.84,28.86,27.87,3570597.822406,28.2884
VSOL,11.7251,11.85,11.85,11.69,12443.544,11.7602
URI,944.12,966.39,973.72,934.31,478513.54007,945.7524
LSAK,4.97,4.95,5.005,4.87,104810.794427,4.9679
AVBP,28.85,29.59,30.64,28.0,342962.304934,28.826
CM,110.51,112.38,112.79,110.02,861349.093382,110.742
BFST,27.58,27.68,27.83,27.53,131820.667709,27.6209
TIL,8.03,7.92,8.3,7.8,62589.72311,8.0549
DMB,11.04,11.05,11.07,11.008,26486.4471,11.0374
ABVC,1.1,1.12,1.15,1.095,73584.890484,1.1138
JTEK,100.67,102.09,102.09,99.86,197458.361762,100.6919
IHS,8.23,8.19,8.255,8.19,1831207.445951,8.2278
CTSH,51.94,51.41,52.79,51.41,7547370.237687,52.0924
YHC,0.84,0.89,0.9308,0.84,40712.714285,0.8601
HYUP,41.705,41.82,41.8299,41.705,5074.420026,41.8014
CGEN,2.86,2.76,2.93,2.76,411006.667787,2.8646
AESR,19.41,19.61,19.63,19.391116,12081.0211,19.4506
PNNT,4.79,4.81,4.88,4.755,513271.624244,4.8279
ORC,6.95,6.95,6.97,6.9,4444368.388266,6.9389
CVSA,117.0,116.15,118.93,115.05,382982.110719,117.0281
COO,61.11,61.615,61.81,60.8,2096270.200914,61.161
ETV,14.57,14.72,14.72,14.5301,200582.3036,14.6167
PSA,309.33,308.8,309.79,304.74,691393.946192,308.3793
UBSI,43.41,43.75,43.86,43.375,769393.17846,43.5304
ITDE,39.117,39.57,39.57,39.08,10074.63707,39.2996
BTC,35.45,35.82,35.82,35.18,1418703.553204,35.4363
REZI,40.3,41.61,41.76,40.05,841401.761044,40.5327
KBAB,11.9365,12.4,12.4,11.82,23717.375683,12.0366
MBC,7.82,7.85,8.06,7.74,4245503.796115,7.8517
CDIO,1.81,1.85,1.9,1.7512,46951.029241,1.8039
PODD,160.4,153.09,163.18,152.52,2827245.818042,160.2758
FND,51.52,51.5,52.8,49.89,3911177.078228,50.9241
HAFN,8.84,8.79,8.85,8.54,1690860.817227,8.7199
NIVF,1.29,1.34,1.34,1.21,244478.7446,1.2568
BIPJ,25.08,24.85,25.1,24.85,8844.125,24.98
WFRD,102.3,108.2,108.2,101.7701,1167215.312267,103.413
AGD,12.37,12.49,12.51,12.28,71319.157803,12.38
CWT,43.62,42.88,43.91,42.51,547250.196952,43.5762
THR,65.32,68.7,69.26,64.635,791686.217404,65.666
ISSC,20.91,21.71,21.71,20.86,232874.931637,21.1184
SHPU,11.35,10.48,11.4,10.44,804582.502568,10.9
FTGS,36.0,36.28,36.47,35.98,74984.5834,36.1682
CINF,162.05,159.92,162.41,159.5,777218.44182,161.6642
MGPI,19.09,19.24,19.5,18.97,173550.465852,19.1388
NUKZ,73.59,76.25,77.34,73.08,415707.093594,74.8097
SB,6.94,6.89,6.99,6.85,337892.675518,6.9283
PJT,153.19,152.6,156.4,151.88,397584.04037,154.237
SSTK,16.99,16.66,17.05,16.66,202321.245264,16.9166
CNC,54.98,54.99,55.97,54.74,8815686.806917,55.1954
AFG,131.7,131.63,132.79,130.125,551593.12219,131.9872
ROCK,37.59,36.68,39.28,35.25,844096.111043,37.789
CARG,38.16,37.63,38.25,37.43,1794573.749994,37.911
UCB,33.56,33.96,34.095,33.43,513145.45652,33.6337
SPXX,17.7,17.85,17.85,17.7,252290.784479,17.7642
CLPR,3.12,3.11,3.236,3.1,31895.55496,3.1296
WLY,40.7,40.88,41.42,40.62,439101.740136,40.8309
XMAG,24.0804,24.37,24.37,24.05,18746.332647,24.2327
GRDX,2.85,2.515,2.96,2.48,248485.456667,2.6451
HUBC,0.2597,0.3223,0.3293,0.234,5580311.910384,0.294
FTBD,49.2642,49.43,49.43,49.2642,1562.8394,49.391
HEPS,2.79,2.78,2.7939,2.76,198457.3716,2.781
NSPR,1.16,1.15,1.2,1.125,413133.468975,1.1653
CGHM,25.61,25.61,25.625,25.585,308793.23335,25.6088
FE,45.17,44.97,45.18,44.73,4963008.585207,45.0168
FENC,6.9,7.14,7.175,6.79,207025.76078,6.9091
EME,924.06,945.22,947.96,914.235,357960.691547,925.4666
WABC,54.86,54.72,55.205,54.695,84791.615736,54.8672
ZTEN,50.55,50.83,50.83,50.55,1149.0,50.7504
FC,22.55,22.65,23.05,22.295,120692.917304,22.687
FFIN,32.39,32.73,32.9,32.36,696891.061146,32.4973
JUNS,0.344,0.374,0.3749,0.341,60929.680111,0.3568
LPL,4.32,4.38,4.44,4.3,2218456.571807,4.3606
CGIE,36.0,36.59,36.59,35.99,315131.04155,36.2341
ZWS,51.05,51.6,51.89,50.965,868919.858075,51.1806
CHGX,30.6825,31.0161,31.0161,30.62,21574.800583,30.6726
CNDT,1.83,1.77,1.84,1.77,789839.908575,1.8096
BACpB,25.04,25.0,25.04,24.9796,53453.0726,25.0094
SUI,126.07,126.39,126.94,124.69,842093.739469,126.1574
FPH,4.87,4.96,4.985,4.85,126351.067233,4.8946
KRMD,4.44,4.49,4.68,4.33,380747.511,4.4984
TH,15.29,15.66,15.79,15.28,1845679.633393,15.5917
BEPC,37.15,37.48,37.7,36.85,1281889.470775,37.1803
BAC,52.75,53.55,54.0,52.5001,28682052.086555,53.0212
GRRRW,0.33,0.3,0.33,0.2803,3951.9,0.3028
BAMG,41.62,41.97,41.97,41.55,9497.6693,41.5688
EEFT,71.58,69.96,73.08,69.96,490986.241358,71.8127
PCF,5.69,5.71,5.7199,5.67,45136.48197,5.6908
JBTM,138.02,138.2,142.025,137.61,910092.277742,139.3063
RXO,23.11,21.705,23.29,21.38,6564856.65652,22.7922
HRZN,4.51,4.625,4.65,4.4,989792.147319,4.5082
ALGS,6.03,6.38,6.51,5.96,94729.140781,6.1787
SILA,30.58,30.58,30.6,30.57,744231.039512,30.5793
PSX,168.31,168.39,170.21,165.44,2477480.342169,168.3696
GLW,182.4,186.82,187.21,178.0,20243072.55229,182.1684
FRWD,29.813,30.27,30.27,29.63,377899.068992,29.8873
CLW,13.66,14.22,14.3725,13.62,134024.951516,13.8706
FLNG,32.24,31.83,32.4,31.54,412822.630052,32.0935
CMC,70.52,72.3,72.55,70.24,761596.622224,70.8123
VIA,18.34,17.5,18.77,17.5,549738.339185,18.3175
HHS,2.78,2.89,2.92,2.78,9084.011061,2.8479
NPCE,19.29,18.0,19.44,17.875,369759.570935,18.88
SRV,47.92,48.5,48.5,46.66,79947.306772,47.4416
SYF,74.0,75.39,75.67,73.82,2951779.639672,74.2618
BIPpA,17.09,17.14,17.16,17.03,3428.597,17.1125
XFLT,19.03,19.01,19.1599,18.85,57821.02365,19.0467
EC,13.0,13.13,13.23,12.79,2969030.910733,13.0084
OILT,29.8375,29.85,29.935,29.36,5229.9205,29.5851
BLD,428.03,439.0,439.79,426.29,757282.655207,430.5513
QSI,0.9806,1.03,1.03,0.956,7220967.355947,0.9896
NSC,313.39,317.79,318.0,313.27,862270.522418,314.2636
SNX,232.45,235.85,237.5088,230.49,842547.64891,233.0312
RIV,11.66,11.75,11.76,11.65,41640.9896,11.7155
MFSI,31.68,32.14,32.1591,31.64,210328.8961,31.8506
PFRL,49.4,49.47,49.47,49.3601,3251.9064,49.4201
ABG,200.45,197.88,202.365,195.14,216968.858043,200.1299
GHY,11.83,11.9,11.9499,11.82,155124.3401,11.883
KALU,176.16,182.87,183.0,175.72,268652.059591,178.0188
ATHS,25.16,25.11,25.2,25.11,23197.0,25.1555
PBFR,30.2439,30.35,30.35,30.24,82688.4141,30.2869
ENR,18.56,18.97,19.22,18.29,1167301.117673,18.6195
BSMS,23.455,23.49,23.49,23.44,63781.7231,23.4653
GNTX,23.08,23.71,23.71,23.065,2083809.317735,23.1818
AVNS,24.77,24.75,24.8,24.72,1750473.951821,24.7704
RDVY,74.36,75.53,75.53,74.19,1096658.766082,74.5805
SOLV,71.65,71.36,72.26,70.51,1698578.27835,71.7507
KNOP,11.04,11.08,11.12,10.8,48802.98699,11.0212
HON,216.07,216.86,218.26,214.01,3573133.203687,215.9543
NRT,8.12,8.1,8.2,8.01,28613.86595,8.0751
LSPD,9.78,9.55,9.92,9.55,788577.547482,9.7905
THMZ,33.0254,33.44,33.44,33.0254,1761.0237,33.2266
GOOD,12.72,12.38,12.798,12.29,541074.931023,12.6436
HGER,32.37,32.13,32.435,31.92,760087.570563,32.2153
GRFS,8.06,8.45,8.465,8.01,1135803.750099,8.2668
ABCB,86.33,87.48,87.68,86.23,267105.09375,86.5917
ASPC,11.4001,11.37,11.4656,11.37,2340.152149,11.4408
PHIO,1.14,1.15,1.17,1.135,99569.6747,1.1478
NIC,146.69,147.75,149.025,145.99,87857.290784,146.9766
ACIC,10.85,10.61,11.01,10.53,401484.656493,10.8607
BWNB,25.0,25.0,25.02,25.0,1886.24,25.0093
CSW,277.76,285.01,287.99,276.31,100878.390226,279.289
CHMI,2.59,2.59,2.5929,2.57,98883.025591,2.5786
BSSX,25.8062,25.78,25.87,25.7,44916.8075,25.816
KMRK,2.855,2.7,2.86,2.7,15885.90876,2.7962
TFCpI,19.48,19.3,19.5,19.3,12218.0891,19.4435
ALDX,1.73,1.73,1.7465,1.685,646040.76074,1.72
BEEM,1.89,1.85,1.94,1.85,348801.618284,1.8985
SNA,370.67,387.4,388.55,364.9,668753.151382,371.719
PHG,27.16,27.65,27.795,27.15,1309131.296146,27.4488
NXXT,0.3515,0.3514,0.3742,0.3501,1416380.455177,0.3625
KFS,10.7,10.64,11.16,10.248,58289.958,10.6734
KMPB,23.68,23.8,23.8,23.55,26464.0,23.6666
FRD,21.03,20.91,21.47,19.7001,29188.920728,20.9585
UMHpD,22.19,22.15,22.24,22.07,13044.118,22.1697
COPZ,17.05,18.14,18.355,17.05,22628.0,17.8343
CNA,43.72,43.18,44.0,43.18,639906.785449,43.7115
TYG,48.78,48.95,48.95,47.69,73777.81259,48.3527
NGNE,31.26,32.3,33.53,29.62,152690.201174,30.9647
TRC,20.48,20.2,21.31,19.98,164114.091891,20.4547
SBET,7.45,7.6,7.625,7.335,4469812.445368,7.4817
AMCX,8.56,8.52,8.635,8.47,244920.35282,8.5642
FBIN,39.08,40.69,41.24,38.95,3577869.374127,39.2954
ROBN,19.32,20.64,20.82,18.88,2020474.522572,19.7873
XBOX,99.4275,99.42,99.44,99.42,4188.001,99.4299
DTE,142.0,142.29,142.29,140.66,2117956.958396,141.5565
PEJ,61.33,61.82,62.06,61.0,31900.194697,61.6366
RLMD,7.43,7.84,7.84,7.265,680021.937947,7.4968
PTA,19.78,19.75,19.85,19.6701,165423.260072,19.7601
NMG,2.06,2.18,2.2,2.06,803346.56742,2.1242
LAMR,151.2,149.96,151.36,146.6001,1435550.574159,149.6006
EFT,10.99,11.0,11.0,10.9599,65830.642678,10.9869
IYG,87.1598,87.73,88.17,86.99,74453.912812,87.271
ADUR,13.13,14.02,14.03,12.8511,410369.113087,13.2702
BKpK,25.53,25.53,25.6006,25.4179,23392.3392,25.516
QVAL,53.9856,54.76,54.76,53.89,26421.686553,54.1378
CCM,5.14,4.86,5.38,4.7478,16953.0,5.1845
CERS,2.61,2.59,2.715,2.54,2197569.729232,2.6154
UP,6.62,6.01,6.77,6.01,115181.235951,6.4574
NBBK,20.32,20.49,20.71,20.27,302295.19427,20.4102
BCG,2.08,2.11,2.2,2.0764,119731.458372,2.134
WSM,183.42,187.01,187.505,181.42,819667.524648,183.183
PPIH,32.81,33.64,33.9999,32.405,70325.353072,32.8612
SKIL,8.27,8.33,8.625,7.93,88482.597492,8.2657
DOC,19.66,19.5,19.66,18.91,15362818.876368,19.4032
NFG,80.22,80.98,81.365,79.63,1178486.188725,80.3455
CODI,12.03,11.97,12.64,10.3732,2451090.159319,12.0385
OMEX,1.27,1.3,1.35,1.21,1376522.245435,1.2632
PSCC,32.9231,33.08,33.105,32.8741,4267.7032,33.0071
AEC,5.16,5.15,5.3784,5.065,79847.687031,5.195
DXpC,25.71,25.64,25.843,25.63,6540.636789,25.7029
EVLV,7.13,7.024,7.345,7.024,2863494.863246,7.2116
PNW,99.53,100.18,100.37,99.09,1464843.263066,99.5841
LION,12.38,12.87,13.0,12.22,4389580.576291,12.462
PPC,30.4,31.13,31.29,30.39,1503032.871073,30.6644
SLNG,4.16,4.12,4.2699,3.7801,25666.073297,4.0247
WSBF,18.56,18.41,18.71,18.41,35108.63113,18.5261
CLNE,2.31,2.24,2.33,2.175,1659138.681119,2.2688
TWOpC,24.8794,24.94,24.94,24.87,19007.009,24.8959
PXI,58.0608,58.25,58.25,57.15,3631.58742,57.6156
ULST,40.41,40.39,40.41,40.385,180152.753987,40.3927
TMET,32.1484,32.3,32.3,32.12,6505.4866,32.1882
UTZ,7.72,8.31,8.43,7.7,2864771.221343,7.9094
TDS,45.5,45.52,45.84,45.015,677477.3342,45.4743
WCPB,25.36,25.43,25.45,25.35,59491.5439,25.3749
ASX,33.34,34.0,34.0881,32.97,8238614.49277,33.4614
NRGV,4.15,4.21,4.25,3.935,3916711.080611,4.0773
CDNA,21.44,20.95,22.16,20.92,647171.281965,21.4511
EPRpG,20.3,20.3,20.35,20.02,7877.4164,20.2246
UCTT,79.9,83.89,84.99,77.8224,983847.851028,79.9369
IMCC,0.2616,0.269,0.2705,0.2565,117485.555092,0.2635
GTOP,45.2905,45.29,45.68,45.12,13740.942977,45.4658
SFD,26.08,26.17,26.36,25.845,1230702.752661,26.1267
LBTYK,11.93,11.91,12.06,11.72,1201493.739462,11.8842
ACCO,4.06,4.03,4.164,4.01,745837.009931,4.0862
BRNS,0.67,0.6631,0.7,0.64,10757.193164,0.6683
SILO,0.42,0.43,0.44,0.415,199097.791754,0.4286
ASLV,29.49,29.83,29.83,29.47,4652.0,29.5627
MSpQ,25.54,25.54,25.58,25.47,29978.86,25.5187
BBAI.WS,0.57,0.5801,0.6299,0.5451,39247.0,0.578
IYH,60.95,61.29,61.51,60.81,632990.119059,60.9963
NUE,226.7,233.92,233.92,225.3,1766982.164767,227.2072
NVDB,32.88,31.7557,33.69,31.7,23753.733698,33.0725
NIM,9.29,9.33,9.34,9.22,36706.1668,9.3239
VGI,7.58,7.59,7.6,7.57,46617.4853,7.5859
SARK,28.35,27.86,28.65,27.78,621694.456571,28.1948
CCEC,20.39,19.2,21.2494,19.2,11189.572901,20.5864
CMMB,1.74,1.84,1.84,1.72,63837.029065,1.7558
RVPH,0.8624,0.89,0.89,0.83,207162.085229,0.8624
RGEN,126.43,127.05,127.685,123.84,935896.72257,125.6364
BNS,78.09,78.47,79.0,77.9,1039490.221774,78.209
AORT,35.42,35.15,36.26,34.835,902248.166575,35.4757
ONIT,38.31,38.58,39.91,38.31,65315.765988,38.6553
WHLR,1.14,1.19,1.2,1.11,137647.352232,1.1444
ECAT,15.04,15.04,15.24,15.02,679086.583708,15.1467
SLQD,50.34,50.41,50.42,50.33,163942.538324,50.3764
PFH,16.8,16.86,16.8799,16.78,32594.918,16.8228
PCPI,50.375,50.31,50.405,50.31,53707.019,50.389
HIX,3.94,3.99,4.0,3.94,542941.15752,3.9625
BACpS,19.23,19.22,19.3,19.19,54594.232,19.2543
QXOpB,52.87,55.17,55.17,52.54,415155.2985,53.5925
STEL,37.52,37.9,37.905,37.48,268389.57422,37.5835
IBM,231.31,227.5,231.82,227.41,5485545.069762,230.0881
EMOT,25.1539,25.32,25.32,25.15,334.9761,25.2156
MSpL,20.46,20.42,20.4702,20.4,19032.336,20.4312
TVE,23.68,23.84,23.87,23.6,16184.9248,23.7298
HDB,25.67,25.77,25.94,25.65,6424069.740666,25.8045
UHS,170.56,168.35,172.87,168.22,1254646.617468,170.9954
GME,23.97,25.12,25.25,23.79,8794029.988306,24.2652
NKLR,5.92,6.73,6.73,5.855,798041.891147,6.0173
PAII,10.15,10.15,10.15,10.15,400.0,10.15
APOS,26.0,25.91,26.39,25.86,46370.568,26.1471
PAX,12.04,12.53,12.6399,11.75,2269705.597841,12.0063
PERF,1.67,1.66,1.69,1.66,108349.202621,1.6776
JZXN,0.902,0.8911,0.9228,0.86,219168.25,0.9078
AGG,98.95,99.34,99.39,98.9,10903136.358576,99.031
HIMZ,31.71,34.57,35.42,30.9727,796829.472023,32.3587
EIX,68.57,68.33,69.15,67.595,3172087.694013,68.5004
KOF,106.13,107.18,108.22,106.03,134028.921126,106.9444
OVID,2.73,2.76,2.81,2.665,1379646.83585,2.7379
HFRO,6.22,6.18,6.26,6.12,125553.38865,6.1949
NRSN,0.877,0.89,0.9,0.8611,48308.357,0.8851
APVO,4.86,4.95,4.97,4.7001,28714.368708,4.8521
NESR,23.35,24.45,24.85,23.33,1908777.899776,23.6215
HOOZ,28.06,26.37,28.579,26.19,232648.075374,27.5569
XRPN,10.42,10.44,10.44,10.4091,43283.285573,10.4242
RJF,153.53,158.88,160.6,152.84,1423993.773882,154.0769
EMP,21.05,21.05,21.0632,20.97,7821.89,21.02
NVDD,32.91,33.46,33.71,32.54,158773.120052,32.8358
KOP,41.16,41.49,42.41,41.09,176878.94587,41.2985
NABL,5.15,5.1,5.49,4.7,1263910.953222,5.2419
BRX,30.09,30.28,30.28,29.79,2346507.137621,30.0762
CHWY,23.67,24.9,25.32,23.195,11752057.799379,23.6298
PHYL,35.09,35.21,35.219,35.09,85304.4185,35.1411
MSFD,12.9262,12.95,12.95,12.7,4236851.3099,12.8489
NUAIW,1.85,2.05,2.35,1.85,32335.341,2.0171
GAB,5.67,5.76,5.765,5.65,1414841.616836,5.7164
LFT,1.16,1.16,1.18,1.155,95441.963541,1.1636
JYNT,8.67,8.77,8.9,8.67,34249.056196,8.7235
CpN,29.395,29.45,29.5,29.38,84279.049,29.4076
RPAR,22.84,23.06,23.11,22.84,120492.81143,23.0217
PRGS,29.37,28.38,29.8889,28.2,680562.103984,29.4068
VRM,12.45,13.1,13.1,12.45,7722.222859,12.8742
BEKE,18.41,18.45,18.63,18.375,3338064.161763,18.4406
SXT,117.85,119.79,119.87,117.23,357179.048219,118.2326
MIR,19.75,20.45,20.535,19.57,2305453.568659,19.8033
WEX,144.26,144.6,146.69,143.13,556940.020774,144.4754
CRMD,7.92,8.05,8.13,7.8487,893174.521493,7.9428
ETSY,64.02,64.59,65.04,62.929,2462083.409114,63.7805
HODU,7.93,8.51,8.51,7.76,371369.506761,8.0004
SJB,15.35,15.27,15.35,15.27,138540.671067,15.3188
APD,294.99,298.38,299.05,291.52,1216430.485206,294.3746
SUSC,23.1,23.2,23.2,23.08,416512.936916,23.1294
QLTA,47.45,47.67,47.67,47.42,401862.924422,47.507
MGR,20.66,20.64,20.71,20.5492,20740.139,20.6467
JIG,82.94,84.31,84.39,82.87,17322.413563,83.5392
NTRB,3.79,3.92,4.025,3.7,10688.837699,3.787
VIOO,127.34,128.7,128.86,127.05,91628.780358,127.7876
DMA,7.49,7.45,7.55,7.45,8675.5209,7.4885
BWMX,16.76,17.11,17.185,16.65,74528.571027,16.8563
BLK,1067.74,1075.62,1080.7421,1058.49,477264.936515,1067.6369
FBRT,9.04,9.15,9.19,9.015,715461.878701,9.0867
SFpC,23.11,23.12,23.225,23.11,8189.0,23.1406
TRAK,10.15,9.89,10.35,9.89,122062.085431,10.1777
GSBC,69.76,69.86,70.58,69.125,121789.5598,70.0062
COWS,34.9105,35.36,35.36,34.9105,2683.7993,35.2918
FVRR,11.75,11.3,12.04,11.3,844413.333757,11.7588
EARN,4.85,4.85,4.915,4.84,361290.605013,4.8825
COST,1012.06,993.5,1012.66,990.66,2013993.436155,1006.6188
IART,13.56,14.19,14.385,13.47,1769488.522391,13.7905
CAFX,24.78,24.84,24.84,24.76,22498.0,24.7722
CYD,43.73,43.18,44.1,41.56,315136.681456,43.1917
AVK,12.75,12.87,12.88,12.7,126924.00109,12.7814
WTS,294.14,306.2,317.99,293.86,462908.065356,301.961
BP,43.81,44.18,44.188,43.395,9606810.213748,43.7769
GIX,9.87,9.87,9.87,9.87,7512.0,9.87
PSQO,20.75,20.7,20.8,20.7,19421.0317,20.7678
VRNS,28.68,28.2,29.53,28.2,2622133.134265,28.6463
IFGL,23.766,24.04,24.055,23.73,12614.02189,23.8647
CHE,425.82,423.19,429.51,420.235,219157.218629,426.0577
PUBM,10.24,10.18,10.3599,10.07,722418.811653,10.2235
BMLpG,19.355,19.33,19.42,19.2401,4303.79,19.3659
OABI,1.47,1.43,1.475,1.415,415702.869706,1.4511
CRUX,29.953,30.06,30.07,29.94,231411.8253,29.9957
MSpP,25.3,25.38,25.47,25.29,59306.0704,25.3215
PCAPU,10.31,9.895,10.31,9.895,309.0,10.0404
MESO,14.8,15.61,15.61,14.72,201746.164404,14.9055
RKDA,1.1,1.15,1.15,1.05,22715.0,1.0949
DUSL,88.9843,94.44,94.44,88.29,18383.966378,90.5245
DVA,196.26,194.32,197.08,187.04,1817681.252969,193.7881
LULU,133.59,133.14,135.17,132.19,3014143.373717,133.5451
DDS,553.46,569.3,576.555,550.01,83020.485992,554.4376
RVSN,6.95,6.71,7.0782,6.71,9631.475333,6.878
BOF,3.49,3.64,3.675,3.49,27997.0,3.5798
EZRA,0.1752,0.182,0.182,0.17495,1594112.591638,0.1786
FTMA,9.035,9.01,9.05,9.01,262473.5219,9.0362
IONS,76.02,76.56,76.56,74.87,1885704.202382,75.6417
KGS,70.27,70.0,70.81,68.03,2324961.456527,69.8636
FVD,47.25,47.5,47.5,47.2,1400246.985542,47.3426
GWRS,7.16,7.02,7.165,6.99,77798.887422,7.1056
NAN,11.465,11.48,11.5,11.45,59580.795,11.4804
RY,181.35,181.73,182.725,180.56,696696.339064,181.3306
TXNM,59.24,59.18,59.3,59.1,2221034.278081,59.2075
GPC,105.25,105.44,106.6699,105.0501,1342184.648821,105.5544
FITBO,19.21,19.15,19.25,19.15,13649.0313,19.1802
AVY,165.53,167.0,169.07,164.48,894994.499387,165.9952
USOI,55.63,55.14,56.03,53.35,116675.979309,54.553
AEG,8.23,8.38,8.395,8.2201,5097307.365985,8.2825
CNMD,38.1,37.56,38.42,37.45,457803.19357,37.9998
PRFZ,51.0908,51.74,51.8714,51.0056,46598.9132,51.2659
DFH,14.35,14.61,14.77,14.05,630746.099017,14.3155
ALPS,0.833959,0.84,0.84,0.83,12457.62119,0.8381
AVIG,41.44,41.61,41.61,41.421,332329.016802,41.4853
BIRK,39.04,39.84,40.89,39.0,1712078.617908,39.398
BLSH,41.2,44.26,44.26,41.15,815374.181392,42.1829
BSMT,23.08,23.13,23.13,23.07,74758.063,23.1026
MUJ,12.37,12.31,12.41,12.31,137422.6736,12.3628
LLYVA,95.39,94.36,96.77,93.72,233480.311943,94.8027
CHA,10.99,10.98,11.125,10.92,458057.946743,11.0284
AUUD,1.57,1.6,1.63,1.48,418103.803159,1.5576
EBIZ,28.745,28.83,28.866,28.745,1370.355184,28.8003
TFC,49.74,50.76,50.97,49.66,5339077.775792,49.9256
TGT,125.88,129.24,129.8,123.63,7538992.2486,125.6609
PEP,156.29,155.01,157.35,154.88,4464045.085625,156.2837
TMO,474.46,473.36,480.295,468.28,2533657.458876,472.9801
IMMR,6.49,6.54,6.68,6.45,529345.337418,6.5379
MATX,180.14,183.73,185.295,176.99,318397.158642,180.7596
TTEC,3.06,3.03,3.11,2.93,665716.045685,3.0184
PSQH.WS,0.08,0.07,0.08,0.06,50180.0,0.07268
TSMU,73.2115,74.77,75.459,71.0,114829.700516,73.8592
FDLO,69.17,69.37,69.415,69.0375,59975.478802,69.2173
ORGO,2.53,2.6,2.665,2.485,1815796.01436,2.539
MDCX,0.314,0.3291,0.33,0.3052,2941153.721025,0.3154
CWCO,33.18,33.06,33.36,32.85,70380.947739,33.1311
CTDD,19.33,19.26,19.435,19.25,67863.156,19.3378
BWAY,16.71,16.71,17.1784,16.44,102629.076956,16.7447
SAIA,448.94,455.71,460.05,445.545,336643.069248,450.8479
CNTB,2.33,2.44,2.4799,2.3,127518.104121,2.3815
FTHY,13.5,13.45,13.56,13.45,77364.14745,13.499
ELDN,3.86,3.8,3.925,3.67,1332104.780956,3.819
PIM,3.21,3.22,3.22,3.2,62964.47561,3.2069
ORA,122.52,122.935,127.23,119.28,2390793.888027,122.6687
CTRN,47.17,46.27,47.95,44.9274,61787.866831,46.8515
EWP,56.79,57.51,57.83,56.76,142349.530538,57.1475
FQAL,79.1468,79.44,79.63,79.09,39483.6554,79.3097
DTCX,2.35,2.32,2.37,2.28,261786.577305,2.317
ENO,22.02,22.15,22.15,21.9827,7900.09,22.0252
SELF,5.41,5.51,5.51,5.39,14002.60969,5.4429
MBLY,8.87,9.1,9.1398,8.775,4874095.084465,8.9322
PMTpA,23.34,22.95,23.34,22.95,7846.8635,23.1232
DHI,145.97,148.74,149.86,145.57,1807183.987125,146.5899
BGB,11.47,11.4,11.5,11.3625,190584.01053,11.4558
LIFE,30.59,24.5,32.4999,24.245,2277078.956569,29.9796
FTSM,59.815,59.84,59.86,59.81,860142.789515,59.8274
SRJN,24.86,24.92,25.015,24.83,14019.22,24.9334
ASMH,102.0818,103.93,103.93,101.5199,2764.877599,102.6972
FMS,21.65,21.54,21.9,21.41,1069442.195858,21.718
JFR,7.53,7.54,7.54,7.51,494871.295248,7.5224
TLK,16.99,17.03,17.18,16.975,578602.536207,17.0547
CERT,6.31,6.34,6.45,6.235,2000418.735091,6.3172
CADL,7.79,7.58,7.91,7.37,2338482.504256,7.7316
MERC,1.11,1.11,1.15,1.11,529250.015774,1.1261
CAH,185.28,191.6,192.39,185.01,3102882.818663,186.5463
ASLE,7.33,7.35,7.52,7.295,458140.83739,7.3792
FG,27.08,28.67,29.8,26.8,960486.841395,27.4057
MFEM,28.42,28.99,28.99,28.41,15319.7869,28.6867
HQH,19.88,20.33,20.33,19.825,110086.7706,19.9925
GWW,1234.1,1280.0,1286.555,1233.03,639744.636817,1249.3619
CLF,10.65,11.17,11.19,10.57,16028843.274605,10.7688
NIE,26.4,26.63,26.63,26.33,44318.139003,26.4652
ZIM,26.09,27.81,27.81,26.09,2108408.679358,26.7073
EVTC,23.36,27.0,27.8,22.83,2218238.144016,23.7842
OXY,53.94,53.905,54.34,53.18,18219345.680413,53.8499
CRBU,1.88,1.95,1.955,1.845,1668434.412175,1.883
WHFCL,25.535,25.45,25.535,25.45,250.0,25.501
FDUS,18.45,18.57,18.58,18.22,255466.715477,18.4383
DTK,24.75,24.76,24.78,24.67,23235.516,24.7423
OCC,10.01,10.25,10.25,9.62,177764.910086,9.9305
HSAI,21.86,22.75,22.75,21.72,1035883.069233,22.0694
SOULr,0.16,0.151,0.1999,0.151,5056.0,0.174
SUN,67.88,66.91,68.18,65.8,947357.667352,67.2144
QQUP,65.104,65.02,66.1,64.98,9358.921572,65.4181
THRY,3.72,3.65,3.82,3.65,661543.041645,3.7442
BACpP,16.7975,16.78,16.85,16.76,26866.5522,16.7933
OPEX,25.885,28.45,28.45,25.66,104078.358306,26.7429
NJR,55.53,54.92,55.69,54.44,595452.335557,55.3798
EMBX,51.6176,51.79,51.79,51.59,38023.0494,51.7166
JXNpA,26.11,26.1,26.1988,26.06,23774.6823,26.1254
VWAVW,1.0198,1.08,1.08,1.0,2236.0,1.0268
CONX,9.8436,10.0,10.38,9.6,103471.556307,9.6883
LNKS,1.53,1.56,1.61,1.52,66728.689616,1.5561
HYPR,1.68,1.75,1.79,1.67,467461.101936,1.7185
MICC,14.67,14.76,14.85,14.57,1130320.98221,14.6708
BBUC,33.61,35.08,35.08,33.35,226296.927132,33.7993
AMX,26.75,26.99,27.14,26.52,1734153.581206,26.821
GH,92.26,92.805,93.9,88.89,2403799.486903,91.2125
FpD,22.28,22.27,22.38,22.25,42150.167,22.3186
NBR,96.52,99.63,99.75,94.17,356339.983317,96.198
BULG,43.8846,44.23,45.42,42.5,3519.21,43.8021
GIXXR,0.2501,0.29,0.29,0.2501,1900.0,0.2858
QBSV,26.3,26.32,26.34,26.3,19596.0,26.32
TFINp,22.1149,22.08,22.1149,22.08,977.8234,22.0902
ONL,2.84,2.9,2.91,2.78,324370.465425,2.8423
CVS,87.36,87.0,87.99,86.22,9388716.523553,86.957
RYZ,26.43,27.16,28.07,25.87,621489.737576,26.6892
NOV,19.3,19.8,19.87,19.205,8825282.987399,19.5365
BRLS,1.54,1.52,1.6805,1.4801,33970.736917,1.5632
BCRX,8.9,8.8,8.94,8.565,5549204.556628,8.7726
EAGL,32.9,32.88,33.105,32.8238,244779.402047,32.9366
GME.WS,3.88,3.96,4.03,3.78,611507.124243,3.8794
CMTG,2.52,2.59,2.6994,2.48,820826.145861,2.5658
IVR,8.03,8.02,8.08,7.98,2808705.972935,8.0285
VNOM,46.98,47.5,47.5,46.08,1651197.227726,46.7292
EFOR,20.87,20.67,21.39,20.41,1271545.971803,20.8249
AXR,26.78,27.05,27.05,26.57,3136.801606,26.8521
BOHpA,16.16,16.11,16.25,16.11,4140.5431,16.1944
CURV,1.53,1.52,1.59,1.515,136163.628548,1.5494
PTEN,11.41,11.58,11.59,11.08,6521028.46595,11.3137
UWMC,3.38,3.53,3.53,3.27,25863025.046841,3.3904
AP,11.49,11.95,12.2899,11.49,124100.53539,11.722
APLS,41.01,40.98,41.07,40.98,8392647.900328,41.0163
POW,32.26,33.41,33.755,32.0253,135159.780195,32.6817
CII,24.53,24.65,24.65,24.46,52863.087345,24.5447
ENGNW,0.23,0.84,0.84,0.14,81824.0,0.2253
PRIFpL,24.65,24.52,24.65,24.52,2053.0517,24.5473
DFCF,42.32,42.48,42.485,42.2901,1311029.34542,42.3547
CECO,81.38,87.47,87.47,80.34,888728.702891,81.928
MOB,6.25,6.31,6.51,6.02,220782.732747,6.3207
CGABL,16.85,16.9,16.9699,16.81,10067.0,16.8803
MAYT,38.3066,38.46,38.49,38.3,33331.0,38.39
ONBPP,24.75,24.8332,24.85,24.65,24819.2,24.7156
TDOG,21.7522,22.43,22.43,21.69,1858.0,21.8609
IFLR,51.6956,51.98,52.09,51.6956,13448.5676,51.9682
NVGS,22.87,22.66,23.115,22.075,382707.086003,22.7962
BOUT,45.7587,46.71,46.71,45.55,3831.263,46.04
SSS,20.405,20.54,20.54,20.405,316.486132,20.5562
RUSHB,68.33,68.95,70.06,67.76,138253.2411,69.2386
HAO,0.708,0.7507,0.8433,0.665,30353.0,0.7769
XV,24.585,24.57,24.66,24.53,48323.909378,24.5887
SEPZ,44.5911,44.85,44.87,44.5301,5152.7643,44.6803
REW,7.6599,7.571,7.69,7.45,23267.787847,7.5999
DECZ,42.4682,42.6,42.69,42.43,4444.038049,42.625
KITTW,0.0339,0.03,0.039,0.0235,26474.0,0.03129
BUL,58.6082,59.64,59.64,58.6082,12667.4146,58.8393
SIXZ,31.02,31.07,31.09,30.9652,42096.0,31.024
CHSCL,25.72,25.63,25.74,25.63,15669.1788,25.6896
ATXG,4.89,4.98,5.1399,4.82,25409.0,4.901
TRUT,29.6232,29.63,30.0,29.575,118573.636,29.7164
ARW,189.83,196.15,196.82,183.85,1769296.26433,189.8521
OCTZ,44.8911,45.03,45.19,44.79,5730.6443,44.981
DGRE,39.41,39.98,39.98,39.2301,6787.2111,39.5895
MBS,8.675,8.69,8.7099,8.66,36406.976718,8.6797
TLDR,25.015,25.01,25.015,25.01,305.7206,25.0122
TRIO,63.732,64.0,64.0,63.732,2499.0,63.9509
ETCO,12.015,12.19,12.19,11.95,2580.516223,12.0449
ONEZ,27.2085,27.325,27.3798,27.15,48680.8678,27.2656
GTN,4.42,4.75,4.95,4.41,3218343.842342,4.6424
MWG,1.85,1.9186,1.9186,1.833,1583.8,1.8769
HNGE,55.0,53.95,55.68,52.51,2753075.159866,54.7768
DFEB,49.8925,49.94,50.03,49.86,8056.018,49.9438
BABW,31.5987,32.165,32.165,31.5987,421.780173,31.8758
RILYL,15.24,15.1,15.44,15.01,16864.7683,15.183
PTMC,39.91,40.62,40.62,39.88,71904.9259,40.0315
IMAR,30.0457,30.29,30.3799,30.0457,146904.0,30.2049
TARK,46.0647,47.68,47.68,45.07,12068.852775,46.9602
RFLR,30.3922,30.61,30.61,30.16,31354.765,30.4729
BSBK,8.55,8.47,8.5984,8.2601,19240.452,8.4833
ACES,35.98,37.01,37.01,35.74,68357.881114,36.5838
ZETX,15.9831,16.4,16.66,15.7,25847.0,16.1098
ODTE,27.0996,27.33,27.33,27.08,7904.968,27.0839
USGOW,0.49,0.547,0.567,0.45,74908.0,0.5108
DUKH,24.06,24.1599,24.1599,24.06,837.0,24.1571
KBH,49.18,49.79,50.0,48.655,1115676.961748,49.1784
SCDV,26.5374,27.4,27.4,26.5374,5709.4782,26.6813
BURL,306.6,317.81,318.54,303.1201,827321.823789,307.3115
GUG,15.8,15.94,16.04,15.73,72750.5016,15.8579
VYX,8.09,7.97,8.49,7.87,5601301.808127,8.2223
GROZ,31.382,31.63,31.81,31.382,30230.5799,31.5692
MRK,112.3,113.51,113.75,111.1001,7329028.161626,112.091
QBER,23.81,23.895,23.895,23.75,12600.84802,23.7906
BIOY,25.0919,25.28,25.28,25.0919,1551.95,25.1832
OCTT,45.74,45.785,45.81,45.67,2543.0,45.7528
QRHC,1.08,1.11,1.17,1.08,123295.0,1.116
AUGZ,44.5611,44.755,44.755,44.4601,2292.0,44.5792
SMA,33.48,32.52,33.99,32.28,1112976.545125,33.2578
AVGV,83.38,84.335,84.37,83.3,35231.870972,83.5976
CANC,37.3902,38.43,38.43,37.27,11089.108172,37.623
SMIZ,41.9449,42.7735,42.7899,41.8785,16591.5666,42.2386
BBGI,17.46,17.26,17.61,16.775,14929.4998,17.3301
TGL,4.7,4.8034,4.8034,4.44,49689.0,4.7381
QUIZ,28.805,29.3499,29.3499,28.79,22652.9471,28.9461
ZECP,36.53,36.84,36.84,36.455,36591.0243,36.6098
APLU,24.755,24.82,24.82,24.75,305965.959,24.7536
PMCB,0.8,0.7404,0.8,0.7404,93066.081933,0.773
JSPRW,0.015,0.0151,0.0151,0.0142,9489.0,0.01518
IBP,216.92,259.5,270.0,212.445,1791503.277205,224.9087
MMCA,21.7,21.74,21.74,21.7,58448.5548,21.7155
TWG,3.34,3.41,3.41,3.28,145089.924074,3.3262
LCDL,0.8333,0.8939,0.8939,0.803,390751.916533,0.8236
ARMH,89.0663,90.81,94.96,87.945,15204.921299,90.8768
BHFAN,13.0,12.965,13.05,12.91,27274.03436,12.9647
DECU,28.7833,28.881,28.925,28.74,19654.868357,28.8382
SPVM,70.58,71.21,71.21,70.5,3926.2314,70.6325
NEMG,21.096,23.18,23.6999,21.096,5850.385,22.3292
WAGN,14.745,14.75,14.8,14.66,93219.445737,14.7549
LCFY,4.1201,4.17,4.17,4.12,3238.523,4.1376
BOEU,40.1684,40.16,42.06,39.77,51525.5579,40.6668
BMAY,46.61,46.74,46.76,46.56,76439.832885,46.6601
JBL,349.6,367.731524,367.731524,344.37,1753465.761062,351.0298
RBLY,13.6416,13.58,13.89,13.58,2698.8133,13.8156
NUG,10.6361,10.98,10.98,10.6361,7539.0,10.734
CPS,30.49,34.0,35.92,30.18,431454.950272,31.4942
HYRM,23.27,23.26,23.27,23.26,209.0,23.2695
TENJ,26.87,26.9,26.9,26.82,1256.0,26.8604
BCTXZ,0.0912,0.09,0.112,0.0751,148151.0,0.08889
MSFY,19.107,19.22,19.34,19.1015,11174.3555,19.238
SGU,13.45,13.53,13.53,13.1718,66062.014416,13.4254
QCAP,24.62,24.62,24.66,24.57,21898.6472,24.6107
JMIA,8.71,9.134788,9.62,8.53,11242100.14917,9.0301
BQ,0.8103,0.794,0.82,0.794,14126.09756,0.8052
TINT,40.4934,41.51,41.51,40.4934,4590.8072,41.138
GTPE,57.3332,58.29,58.29,57.3332,277.521,58.0254
JULW,40.355,40.365,40.39,40.3301,15532.0,40.3679
MBSF,25.6589,25.6809,25.7099,25.6001,66178.400116,25.6747
IPDN,0.753,0.7498,0.77,0.711,32805.260939,0.7343
SCNI,0.5434,0.561,0.6105,0.5434,138161.096,0.5687
GSpA,19.32,19.3192,19.3464,19.2601,47948.7434,19.3181
DNOW,13.05,12.85,13.42,12.65,8327600.573452,13.0651
BRT,14.78,14.58,14.83,14.4,30989.5152,14.6905
OFAL,0.7161,0.7801,0.795099,0.704,418849.0,0.7357
TSXD,9.35,9.28,9.38,9.07,12348.0,9.3089
FLJJ,33.2,33.2,33.245,33.2,1927.0,33.2102
EETH,28.233,28.56,28.56,28.15,25656.093932,28.2888
PJUL,48.125,48.3079,48.3079,48.09,56047.80406,48.1353
EDTK,1.0,1.03,1.03,1.0,1655.0,1.0204
EZRO,25.7439,25.7,25.78,25.61,7612.766,25.7527
SAMG,13.7,13.36,13.83,13.36,22501.534229,13.6554
TVACW,0.55,0.600101,0.640001,0.55,6076.0,0.57
OPER,100.085,100.09,100.09,100.08,7934.4011,100.0431
FDNI,28.1621,28.42,28.42,28.1621,686.4087,28.2548
EWX,74.4317,75.24,75.4499,74.4317,21142.598949,74.7013
UPSG,14.2685,14.4,14.55,14.1101,8763.0,14.3691
DUKZ,25.4692,25.62,25.62,25.42,16249.3686,25.4784
TOL,137.09,142.37,143.48,136.88,910888.548787,137.9495
DDV,25.315,25.39,25.39,25.31,10581.0,25.3341
OPHC,5.56,5.59,5.6,5.48,26503.271,5.5622
LRE,1.3004,1.3196,1.32,1.27,11742.0,1.2936
SIOO,19.735,19.76,19.76,19.6801,13410.5797,19.7293
CGV,16.68,16.82,16.82,16.66,10285.8115,16.7144
GDT,39.727,40.1699,40.2594,39.727,1121.278,40.2072
TCPB,50.77,50.97,50.97,50.71,21164.8087,50.8393
CDIG,26.6585,27.05,27.05,26.65,16230.925766,26.8216
KRKR,3.73,3.935,3.935,3.6,17354.0,3.8373
RSPE,31.9092,32.22,32.22,31.88,67490.4816,32.0997
TEXU,37.57,37.6,37.67,37.49,1217.4193,37.515
EUV,25.5316,26.085,26.085,25.53,2445.0,25.9811
CPNX,16.8696,18.71,18.71,16.8696,15227.0,17.8351
MYSZ,0.58,0.597966,0.614999,0.5508,62373.0,0.5689
KBFR,25.6406,26.0,26.0,25.6406,8815.0,25.7161
NMBL,21.155,21.23,21.26,21.14,18400.065,21.2199
ORIQ,10.24,10.25,10.25,10.24,22927.0,10.25
DMII,10.015,10.02,10.02,10.015,106471.0,10.0198
SIO,25.69,25.77,25.77,25.69,6482.4233,25.7433
HFBL,19.6,19.5,19.6,19.5,1624.6192,19.5379
PMBS,49.4838,49.6473,49.66,49.44,208401.9487,49.561
LTTI,18.4481,18.63,18.63,18.4481,1351.0,18.5406
TSMZ,8.45,8.459,8.56,8.36,56224.237996,8.463
FDCF,49.5224,49.6202,49.86,49.41,7695.6032,49.5504
UYSC,10.62,10.62,10.62,10.61,3011.0,10.6168
CLCG,28.4435,28.41,28.67,28.41,3204.0,28.5295
WFF,1.61,1.61,1.63,1.61,6657.877,1.6207
LGCB,0.715,0.7134,0.79,0.6601,425184.0,0.7427
AINT,29.5086,29.6001,29.895,29.3,5445.006,29.5602
RVYL,6.75,6.55,7.0311,6.41,14389.74947,6.7941
KOSS,4.182,4.395,4.395,4.182,12192.282927,4.2477
IBMQ,25.48,25.495,25.5,25.48,49975.390027,25.4953
ESN,18.9247,19.0101,19.0101,18.895,55283.9064,18.9351
AUGW,33.5725,33.6,33.6,33.5725,3353.0,33.5911
VSECU,52.58,53.8,58.66,51.93,49231.693,52.7331
TRAD,9.9,9.91,9.91,9.9,52699.0,9.9004
NBFR,25.8443,25.98,25.98,25.8101,5122.0,25.8953
DNMX,9.98,9.98,9.98,9.9799,26202.0,9.98
YDDL,4.25,4.755,4.8384,4.2,207508.842859,4.4019
TPAY,53.2894,53.61,53.61,53.2894,846.685,53.4395
MSS,1.22,1.35,1.3727,1.2,179170.360891,1.2777
FACTW,0.75,0.7,0.75,0.6277,1590.012666,0.7071
FLXR,39.21,39.29,39.29,39.18,446134.14879,39.2342
DHCNL,19.234,19.05,19.25,19.01,21193.646483,19.1924
HQWWW,2.7,2.7,2.8,2.34,37627.0,2.6594
DUOG,40.5105,36.61,41.45,36.55,48764.202997,39.3214
SQFT,3.52,3.49,3.6,3.45,7280.097404,3.5043
TWOD,25.31,25.3,25.33,25.28,15687.0,25.3045
UGI,32.32,34.525,34.525,31.65,5924610.367196,32.321
IBMO,25.6198,25.63,25.64,25.58,35330.608695,25.614
FPA,51.97,53.57,53.6899,51.97,71211.5854,52.2909
FLMB,23.895,23.91,23.91,23.88,5401.5734,23.8987
DARP,56.2496,56.71,56.84,56.0699,5811.5225,56.4901
PIPE,29.4767,29.0501,29.49,29.0501,2369.5371,29.2539
MAC,21.37,21.91,22.11,21.305,5403461.55383,21.4929
PZIV,27.0137,27.46,27.46,27.0137,4089.0,27.3191
XBFR,25.878,25.99,25.99,25.8401,41741.0,25.9027
RILYN,24.8,24.75,24.805,24.75,20021.69,24.7896
RKTL,12.02,13.07,13.07,11.93,15074.126,12.2765
EURK,11.36,11.36,11.36,11.36,395.0,11.3605
CDROW,0.75,0.7498,0.75,0.715,24800.0,0.7403
AUGT,37.345,37.38,37.38,37.345,709.0,37.3669
NOVZ,46.2386,46.37,46.45,46.2386,2423.5161,46.3682
STSM,22.2781,22.27,22.79,21.8,8453.0,22.3595
FEGE,49.57,50.13,50.13,49.57,273263.2323,49.8102
EAOR,37.082,37.35,37.35,37.082,655.2813,37.3269
HTCR,3.29,3.254,3.69,3.08,132107.0,3.3233
VCX,144.14,178.0,217.7799,140.0,886464.731179,184.7821
FXZ,80.43,82.58,82.58,80.43,45889.2812,81.372
JOJO,15.5905,15.66,15.66,15.59,793.5996,15.6287
MDIA,0.9213,0.97,0.97,0.8926,16315.0,0.9448
IBFR,49.045,49.33,49.345,49.035,1872.0,49.2728
GLNDW,1.0,0.93,1.15,0.8224,319624.637931,1.0412
MVBF,26.39,26.09,26.625,25.88,24412.746628,26.3992
SLVX,19.3901,20.29,20.6,19.3901,11948.9817,20.3369
LIQT,2.3073,2.2385,2.35,2.2385,9295.0,2.3216
EFSI,38.07,38.0,38.81,37.96,16434.0,38.3686
SWAG,1.595,1.68,1.68,1.5859,10065.523,1.6208
OPFI,9.89,10.2,10.95,9.66,1449105.245431,10.3388
MAYZ,35.3613,35.55,35.55,35.3613,1853.0,35.5281
DXST,2.0,2.02,2.02,1.91,17530.107969,1.9863
TDV,98.28,99.115,99.115,98.0677,11634.239016,98.6575
XZO,13.94,15.75,16.45,13.58,873707.760632,14.2483
ASIA,42.5525,43.2,43.28,42.52,9228.5154,42.9844
JSM,18.74,18.65,18.84,18.6,17741.206,18.6947
SCEpM,24.9,24.95,25.04,24.85,43991.461,24.9187
CMGG,14.9271,14.2,14.9271,14.1499,3718.5905,14.4525
EVTR,50.91,51.05,51.1021,50.8626,770310.0501,50.9736
BHRpB,15.05,15.1,15.15,14.9,14052.7424,14.9856
BBHM,11.8,11.973,11.973,11.785,80345.0,11.9033
AVOS,26.7303,27.04,27.04,26.7303,26878.19,26.9328
DGP,183.0543,185.99,187.23,182.0,378497.421416,184.3834
ZMUN,50.1163,50.115,50.13,50.115,615.0,50.119
DUNK,23.2289,23.3499,23.3499,23.13,9110.6604,23.1824
EPSV,29.1002,29.47,29.47,29.1002,135.0,29.4286
EDGX,26.3794,26.455,26.46,26.32,6876.7984,26.3916
SNPD,28.6736,28.79,28.79,28.6736,749.85718,28.7389
KJD,20.3847,20.905,20.905,20.28,3380.0,20.4734
YSXT,1.03,1.02,1.06,1.02,63077.872098,1.0339
HOVRW,0.4075,0.48,0.48,0.39,112633.666,0.4103
SEIE,34.8009,35.35,35.39,34.78,104955.1289,35.0827
UAA,6.39,6.57,6.63,6.38,6670298.934285,6.4376
BRIA,1.79,1.65,1.83,1.57,13868.7767,1.6594
BIS,8.5836,8.3,8.7,8.3,25102.11127,8.5742
RVER,30.618,30.95,31.02,30.618,459.2828,30.8533
VUSV,66.5552,67.16,67.16,66.54,7396.0119,66.7283
BCARW,1.62,1.6,1.67,1.48,344569.477436,1.5925
FGRU,17.91,17.3,17.91,16.79,31739.5,17.712
CCSO,28.485,29.25,29.25,28.485,3151.219164,28.7252
PAYR,53.0825,53.33,53.33,53.0,11806.8218,53.1007
RAIN,1.46,1.865,1.91,1.43,92059.236895,1.6708
EDUC,1.46,1.44,1.49,1.44,13333.8536,1.4598
JHMU,26.2012,26.22,26.22,26.19,6957.7999,26.2085
BKYI,5.34,5.13,5.395,5.12,15141.6,5.2123
AIRTP,20.35,20.3782,20.3782,20.15,1256.641,20.324
JOUT,53.5,50.486436,53.54,50.486436,60795.003034,53.0542
TRTNpG,24.6,24.46,24.62,24.46,2351.0,24.572
DLFE,31.26,31.325,31.34,31.24,9113.0,31.2608
SPUT,28.1653,28.28,28.285,28.11,2165.8481,28.201
SBIL,100.12,100.14,100.1414,100.12,735030.0099,100.1405
RDZNW,0.2206,0.2337,0.285,0.2153,71581.0,0.2599
SMRI,38.7893,38.89,39.07,38.755,10356.0354,38.8827
DINT,29.4,29.94,29.94,29.4,16967.22148,29.6034
MMI,29.52,28.58,29.94,28.56,222461.00406,29.5075
MLECW,0.0185,0.0205,0.0209,0.018,94066.0,0.02063
NYM,25.02,25.04,25.1499,25.0101,105249.65205,25.0363
MFSM,25.09,25.08,25.1,25.08,21705.9488,25.0905
WTF,3.82,3.4501,3.86,3.4501,5154.0,3.7149
FEOE,53.31,54.13,54.13,53.31,145092.2038,53.6596
UA,6.22,6.27,6.41,6.195,1570948.002572,6.2498
CHRI,87.0472,87.37,87.39,87.0472,970.6964,87.373
BANL,0.4973,0.5,0.513,0.487,278729.538092,0.5037
GRMLW,0.23,0.207549,0.2449,0.201,43272.773121,0.2294
KZR,7.36,7.43,7.45,7.35,176476.975168,7.3941
BDGS,36.362,36.39,36.4201,36.3599,3011.666,36.388
SMID,35.02,34.49,35.625,33.64,4443.647756,34.7589
BULX,4.9956,5.1098,5.12,4.82,8308.0,4.9859
MMID,25.554,25.72,25.755,25.53,1710.086,25.6792
MAKX,63.8511,65.7,65.71,63.58,4845.3466,64.9297
XLSI,23.4746,23.42,23.49,23.3705,10330.5829,23.4426
HAE,54.37,57.08,60.14,53.63,1823976.861873,56.4105
PRHI,0.6651,0.6651,0.6651,0.66,14202.0,0.6644
MFSG,29.68,29.85,29.93,29.605,46027.8993,29.7862
SBTU,4.0239,4.145,4.19,3.92,49047.320157,4.0426
BHRpD,16.7,16.52,16.72,16.4,14066.187,16.5199
THIR,33.03,33.16,33.27,33.0199,45145.18,33.0903
UFG,0.82,0.8375,0.94,0.808,195106.235294,0.8541
FLAU,35.0256,35.7,35.7,35.0256,7452.174547,35.3684
PTORW,0.3011,0.3,0.33,0.29,8450.0,0.2922
MBINN,20.94,21.02,21.23,20.89,6339.0,21.0674
YOLO,3.19,3.275,3.275,3.15,69477.997713,3.217
DRLL,35.4599,35.25,35.6099,34.95,25390.251567,35.2656
SCC,14.0813,13.88,14.19,13.815,20609.275576,13.9778
AREBW,0.0103,0.0103,0.0119,0.01015,12945.0,0.01078
USDU,25.9,25.7901,25.9,25.78,139136.432364,25.8412
BKHY,47.46,47.66,47.66,47.46,16477.2548,47.5398
PCSA,2.87,2.78,2.97,2.78,25700.8,2.8576
LFS,2.22,2.24,2.28,2.1795,29006.633,2.2239
OCTB,26.705,26.745,26.7899,26.705,1107.0,26.75
BLSG,6.0252,6.845,6.865,6.01,16921.117,6.5377
ZBAO,0.6201,0.706899,0.719899,0.6201,107412.0,0.6465
LVO,5.39,5.0622,5.48,5.0622,60534.070243,5.3188
AFRU,9.8286,10.0,10.21,9.6,140432.459931,10.0449
WPACr,0.35,0.35,0.35,0.35,5100.0,0.35
JUST,104.4439,105.17,105.17,104.31,5876.084,104.6953
TECY,25.27,25.275,25.38,25.2,26633.227,25.2746
DOYU,4.7,4.82,4.8668,4.65,24561.16279,4.7397
JANB,26.8053,26.85,26.88,26.8053,861.478925,26.8613
FINY,25.085,25.17,25.26,25.02,26230.328,25.1349
SDMF,25.3816,25.21,25.39,25.169,6643.0397,25.3352
BBLG,1.29,1.37,1.37,1.29,15921.0,1.3417
NERD,20.763,20.985,20.985,20.763,886.939983,20.8995
TLTI,45.4775,45.755,45.79,45.44,9750.8727,45.7238
XDEF,22.4062,22.925,22.925,22.4062,2076.0,22.9679
ZJUL,29.675,29.68,29.69,29.67,7937.0,29.6792
OPFI.WS,0.27,0.3499,0.46,0.2176,53559.0,0.3202
UCL,1.14,1.12,1.165,1.1,10832.0,1.1478
BNZIW,0.01,0.01,0.0101,0.0066,48454.0,0.009664
BBAG,45.92,46.1052,46.1052,45.9001,23353.194197,45.982
OVS,40.1648,40.63,40.63,40.1648,1364.9914,40.4841
MB,6.65,8.1838,8.1838,6.2,20006.362416,7.3139
VALG,21.5803,22.27,22.27,21.5803,3920.0,21.7995
IPOS,22.1565,22.32,22.41,21.87,4983.069474,22.2363
BACCR,0.322,0.3099,0.3671,0.3028,107391.2,0.3208
REBN,2.45,2.45,2.538,2.39,77416.0,2.4508
DXF,0.4491,0.505,0.507,0.4216,353311.0,0.4709
IBIE,26.335,26.36,26.36,26.33,15837.9005,26.3385
JULB,26.8025,26.81,26.86,26.8025,769.0,26.8317
BGDV,30.0457,30.314,30.314,29.99,10887.9737,30.1897
ROMA,6.47,6.5972,6.5972,6.2401,12332.648092,6.375
APIE,38.19,38.65,38.65,38.11,59158.933,38.2049
EGGQ,54.7353,56.09,56.09,54.3854,4752.75423,55.0432
BZQ,9.53,9.27,9.5696,9.27,97226.1988,9.4891
BERZ,26.78,26.65,27.2,25.5,56373.0862,26.7375
JDVL,29.3093,29.759,29.76,29.3093,1940.0,29.7445
ARMY,24.7507,25.27,25.27,24.7507,5847.08,25.0219
USPH,59.0,67.39,70.5925,58.55,476989.1081,60.9891
FLNT,2.77,2.9025,2.91,2.73,15733.0,2.8142
NULC,52.3078,52.63,52.63,52.3078,3862.2185,52.4026
CPAI,47.16,47.5,47.57,47.01,27164.6182,47.2641
GMEY,32.6463,33.835,33.835,32.6463,1832.014777,33.3555
BRK.A,716250.0,710000.0,718000.0,708138.511,366.021593,714350.9178
AFOS,42.658,43.19,43.19,42.5899,8188.56708,42.7974
WBUY,1.24,1.29,1.31,1.23,32850.041919,1.271
CNR,88.56,84.51,90.54,84.51,1114962.035804,88.0647
CCSB,19.995,20.1,20.1,19.995,1147.7291,20.0666
BUXX,20.21,20.24,20.245,20.21,398009.874747,20.2285
OSCG,15.5813,13.72,15.61,13.72,12524.009,15.2546
MBIO,0.727,0.7465,0.749155,0.725,21152.0,0.7398
KXIN,4.4965,4.675,4.91,4.3,902973.249221,4.3277
UX,30.55,30.87,30.97,30.24,20382.139141,30.4884
PLYY,10.85,10.84,10.99,10.8301,4123.452078,10.9071
LACG,13.4043,15.16,15.325,13.39,42529.9232,14.283
BESF,39.3425,38.71,39.3425,38.62,2395.271569,39.058
DDSQ,20.815,20.85,20.85,20.815,8332.0,20.8433
BU,21.1433,22.0914,22.2,21.1433,1397.789,22.0287
VINP,10.84,11.11,11.11,10.75,79996.180984,10.86
BNDC,22.12,22.1944,22.1944,22.11,8963.7734,22.148
TPZ,22.1708,22.2,22.2,22.08,5865.1663,22.143
SVIV,10.1,10.0,10.1,10.0,324350.732341,10.0288
CNCKW,0.18,0.162,0.2081,0.162,3570.0,0.1807
ACCL,1.48,1.48,1.48,1.44,9767.0,1.442
BBBI,51.42,51.63,51.63,51.38,15523.132769,51.4686
SQFTP,6.46,6.6,6.6,6.3101,3349.0,6.469
NUGO,42.3233,42.5899,42.636,42.31,2603.632,42.4255
LCTD,58.2429,59.13,59.13,58.21,8622.42282,58.5627
SHFSW,0.028,0.028,0.0283,0.02555,16887.0,0.02734
PBE,82.4581,83.16,83.16,82.14,2784.795106,82.5756
NMTC,4.54,4.385,4.54,4.3,37164.218188,4.4396
SATO,18.9585,19.27,19.27,18.73,7561.266425,18.9737
GYLD,14.24,14.31,14.4,14.22,24214.0,14.3125
BGI,0.6719,0.6774,0.709999,0.657501,11204.0,0.6851
LOT,1.21,1.23,1.2833,1.21,45447.037157,1.2273
ESSC,29.4383,29.78,29.83,29.4383,4538.143472,29.6121
WINN,32.32,32.42,32.56,32.22,81390.3217,32.3695
DVLU,37.5151,37.94,37.94,37.465,3012.6513,37.5662
GLIX,27.055,27.27,27.27,27.05,9169.55,27.068
CBTL,18.9086,18.99,18.99,18.9086,4008.0,18.9547
FMUN,50.23,50.285,50.31,50.23,8471.052,50.2667
AHLpE,20.96,21.28,21.44,20.86,54714.0,21.0857
TFFI,19.955,19.87,19.955,19.87,389.0,19.9039
YYYM,19.9149,19.92,19.975,19.9149,571.7423,19.9297
IAUX.WS,1.1,1.2,1.2,1.02,7863.73827,1.177
MBBB,21.3601,21.45,21.4575,21.3601,1654.3801,21.4274
HYTR,21.445,21.52,21.52,21.44,86617.0797,21.4732
TFX,131.68,129.62,136.3,127.02,1349622.912972,133.4766
LCTU,78.0511,78.49,78.54,78.0,31612.716016,78.2757
CCG,0.6669,0.690501,0.690501,0.6669,29072.662923,0.6828
OWLS,6.04,5.985,6.05,5.9,33369.0,5.9606
XXV,23.885,23.91,24.03,23.85,9241.062582,23.9136
DKNX,21.4344,20.11,21.54,20.05,28876.498,21.0848
STRV,47.14,47.33,47.453836,47.0503,44455.221809,47.2122
VBCD,75.54,75.77,75.77,75.54,562.465,75.6986
SKYU,34.3965,34.42,35.0,34.255,810.2623,34.5587
AXTU,26.07,24.0,26.5,22.7,59300.398,24.5358
DFVX,80.64,81.26,81.26,80.51,8946.2529,80.6965
RCG,2.8,2.76,2.8,2.76,3326.7706,2.7684
STXK,36.58,36.68,36.85,36.39,27490.8319,36.5239
BEDY,27.9,28.2,28.2,27.84,32983.3685,27.9438
BRID,7.83,7.7898,7.83,7.675,1521.0,7.7314
BIPpB,16.5307,16.6,16.6,16.4711,12853.0,16.5152
DRKY,20.4347,20.805,20.805,20.25,12479.4207,20.5908
VBCJ,75.53,75.915,75.92,75.53,1089.067,75.8791
SEEM,38.575,39.1,39.16,38.57,48116.0,38.886
ASRV,3.78,3.7401,3.8701,3.62,23094.129819,3.7182
TELO,1.32,1.3404,1.345,1.3,85575.827885,1.3202
AIIOW,0.0177,0.0171,0.0498,0.0143,226750.0,0.02987
USDX,25.76,25.52,25.8599,25.52,37870.0139,25.642
BMLpL,19.68,19.5,19.71,19.48,16467.9082,19.6201
FLMX,38.8424,38.99,39.2645,38.72,2985.92469,38.9076
AGMH,0.9,0.878,0.9188,0.878,24494.524893,0.9073
NIVFW,0.0233,0.0232,0.0233,0.020001,25995.0,0.02271
WBIY,34.0615,33.95,34.14,33.95,5785.5981,34.0542
BANCpF,25.61,25.5589,25.64,25.5589,27927.0529,25.5998
DSCO,24.82,24.88,24.89,24.81,19255.6184,24.841
TBLAW,0.0064,0.0094,0.0115,0.0052,23710.0,0.005956
ONMDW,0.0351,0.035,0.0478,0.035,2200.0,0.03616
NVR,6008.85,6125.2,6195.0,5995.4,17759.637009,6030.1992
ENJ,20.365,20.3,20.365,20.3,545.0,20.3435
UFOD,25.36,26.28,26.29,25.36,6188.564,26.199
FFUT,58.96,58.17,60.15,58.14,11246.917,58.8857
ADAMZ,18.7588,18.855,18.93,18.7588,1892.203,18.8681
JETU,28.264,29.27,29.27,27.63,9821.1198,28.6887
DURA,37.3885,37.4,37.452938,37.2899,4657.3415,37.3707
GMUB,51.21,51.265,51.2799,51.17,16078.499,51.2523
XBIO,3.12,3.148,3.27,3.12,11347.469,3.2013
ADAG,3.58,3.55,3.71,3.55,68228.138056,3.6522
CVR,10.902,11.91,11.91,10.762,4705.9498,11.2932
REK,15.7,15.6275,15.73,15.62,3234.586941,15.6845
XJR,48.5999,49.18,49.18,48.56,4589.345362,48.6847
VGAS,1.84,1.845,1.845,1.79,6665.339509,1.8074
FTPA,8.67,8.68,8.6899,8.65,69625.8282,8.6751
FMFC,0.4,0.4,0.426001,0.3811,196275.0,0.4107
GENZ,36.03,36.58,36.58,35.87,2123.85282,36.1744
WDAF,36.1151,36.82,36.95,36.11,307668.750753,36.8837
PRPO,30.4,30.25,31.0,29.27,13554.172556,30.0437
SPFF,9.505,9.5,9.5335,9.47,45354.541822,9.4983
CSPF,26.075,26.14,26.17,26.07,3061016.8581,26.0793
ELWT,7.83,8.06,8.06,7.6032,19550.499,7.8715
PFEB,42.465,42.54,42.6014,42.42,29253.00781,42.4763
BMLpJ,20.32,20.26,20.38,20.16,19232.435,20.3133
DRTSW,0.98,0.95,1.05,0.95,11073.0,1.0013
PCTTW,1.6,1.73,1.73,1.55,12770.0,1.6022
SFHG,2.5,2.52,2.56,2.49,8055.0,2.5159
KMAY,29.41,29.58,29.61,29.32,71401.0,29.4061
AGCC,18.6,17.95,18.99,17.07,32308.5,17.8295
QPX,47.41,47.795,47.795,47.41,2867.0,47.5307
EDHL,2.5701,2.685,2.8,2.5701,14684.0,2.7055
TRUC,27.4038,27.42,27.55,27.27,3381.0,27.4655
ECCU,25.47,25.82,25.82,25.33,3661.0,25.3846
NTSE,46.5589,47.26,47.26,46.5589,6479.5482,47.0243
HIGH,21.54,21.57,21.5999,21.54,9570.84781,21.5606
NBCR,33.125,33.27,33.27,33.12,7188.0,33.1784
HIDE,24.432,24.38,24.46,24.3201,44160.6008,24.4225
NXTG,139.9016,141.78,141.78,139.42,29365.584388,139.9545
MLR,47.69,48.59,49.425,45.66,123992.07714,47.6263
USAI,45.4924,45.12,45.52,44.67,8648.70192,45.1432
ADBU,27.823,27.65,28.39,27.44,11910.975463,27.7319
ADAML,24.3,24.32,24.35,24.24,33967.0,24.3166
ALZN,1.06,1.085,1.09,1.06,37859.720062,1.0715
ASPS,6.79,6.96,7.0,6.66,17241.246376,6.8675
NNAVW,8.2401,8.4,8.4,7.97,81400.291,8.1407
APOpA,65.0,66.48,66.48,65.0,54999.1001,65.5023
ABVEW,0.1701,0.1412,0.17558,0.13,20148.885489,0.1482
PRTC,16.97,17.7,17.7,16.8601,39997.178,17.2582
APADR,1.0,0.98,1.2,0.95,1121580.813999,1.0598
AMAX,8.04,8.05,8.07,8.02,46184.931446,8.0364
VABK,44.25,48.58,48.58,44.25,6920.5777,44.4185
PDEX,57.42,58.64,58.64,57.3748,27128.517906,57.8908
FORA,2.15,2.15,2.165,2.15,136402.0,2.1592
KAT,55.055,55.3,55.3,55.055,3304.9339,55.1568
TMYY,25.1726,25.16,25.21,25.04,4137.432,25.1432
STXD,37.9907,38.37,38.37,37.985,8924.078332,38.2427
BACpK,24.96,24.89,24.97,24.88,45567.1569,24.9232
CLBR,10.09,10.09,10.11,10.09,141718.0,10.0935
FPXE,34.5472,35.46,35.46,34.5472,1747.2271,34.7067
SPXD,27.6237,27.74,27.74,27.6237,641.5328,27.6715
CEV,10.36,10.42,10.43,10.36,14489.9887,10.4138
PIE,31.6651,31.765,31.96,31.635,9884.370801,31.7789
NMAY,28.995,29.06,29.12,28.94,90781.0,29.019
GLOO,6.64,7.04,7.1971,6.5446,81957.868183,6.8787
LGPS,0.72,0.7,0.72,0.69,20830.46429,0.708
BFRZ,26.6321,26.675,26.71,26.601,40660.18071,26.6667
CORB,29.5195,29.65,29.65,29.5195,127369.208,29.5301
TMUSL,24.88,24.872,24.96,24.82,20742.0,24.8485
CCIX,10.805,10.8,10.81,10.79,126740.070632,10.7999
SIXH,41.73,41.69,41.76,41.6,5852.5183,41.7017
GRVY,60.61,61.982,61.99,60.35,36497.257786,61.0175
FMED,25.1175,25.14,25.17,24.85,52244.9362,25.0401
ACEI,24.4698,24.669,24.669,24.43,12031.6572,24.5366
BNOV,46.895,47.045,47.055,46.85,8945.0,46.9133
NAII,2.74,2.75,2.75,2.69,5228.0,2.7344
ICAP,28.52,28.61,28.61,28.4066,16003.849368,28.5414
TLTE,77.0288,78.12,78.12,77.0288,2653.101132,77.9549
LFMDP,23.715,23.625,23.75,23.5,6156.0,23.693
JHCP,25.145,25.23,25.23,25.141,7721.039,25.1434
RNWZ,32.3696,32.68,32.68,32.3696,815.9756,32.618
TOLL,37.958,38.3581,38.3581,37.89,2628.4015,38.0852
TLA,24.8674,24.92,24.959,24.8674,653.1748,24.9168
STXE,48.211,49.03,49.03,48.211,9376.270899,48.4815
XFIV,48.82,48.99,49.0,48.8,73976.6235,48.8637
INFO,26.3998,26.5319,26.54,26.39,4529.0,26.4511
ADAMO,25.2,25.12,25.2112,25.12,20483.563,25.1458
RSPD,54.542,55.059,55.059,54.37,10627.623328,54.6656
MZYX.U,9.98,10.2,10.2,9.98,1181.0,10.0086
SOUNW,3.105,3.14,3.27,3.0001,30167.0,3.0602
USMF,51.6125,51.79,51.81,51.54,15228.86236,51.644
JAJL,29.635,29.6699,29.6699,29.61,14702.0,29.6389
CLDT,9.96,9.06,10.145,9.06,1110915.967508,9.8746
HBB,20.61,19.67,21.0,17.57,27171.1308,20.1758
CRMLW,5.4,5.5,5.8,5.18,20165.0,5.4385
APHU,19.6025,20.0,20.175,19.4,9487.8676,19.7244
EINC,116.9813,115.06,117.14,114.57,6194.187151,115.9775
MAPP,27.8157,27.9,27.9,27.8157,290.0,27.8965
FIXT,37.6908,37.82,37.82,37.671,6118.2538,37.7068
APMU,24.9376,24.951,24.951,24.9201,10155.0675,24.9376
XLFI,22.769,22.86,22.86,22.73,7889.793304,22.8225
POCI,4.75,4.675,4.755,4.6,40884.338948,4.6979
PTIN,35.4078,35.9,35.9,35.39,4881.3971,35.6248
NWAX,10.07,10.08,10.08,10.07,10880.0,10.0717
IMOM,44.505,45.3277,45.3277,44.425,15403.8372,44.7931
DXR,9.66,9.85,9.85,9.1,12129.0,9.469
OBND,25.845,25.9208,25.9208,25.845,1243.0288,25.8771
VNOpN,17.75,17.55,17.76,17.5292,16126.753,17.6273
SOMN,50.4,50.41,50.61,50.2,20237.0,50.3812
UFEB,38.175,38.29,38.29,38.14,17790.33305,38.2019
AEMS,11.4516,11.5543,11.5543,11.43,37750.8996,11.4627
ZJYL,2.2,2.33,2.4,2.0,13121.713584,2.1884
SOFA,12.78,13.28,13.47,12.5,47478.863511,12.8933
AADR,85.75,86.755,86.78,85.75,1139.0503,86.5882
UZF,17.92,18.17,18.17,17.92,2952.0,18.0193
AVNV,84.27,85.295,85.295,84.27,3295.398969,84.5992
AGGS,40.795,40.8013,40.8013,40.795,337.0,40.8022
CW,724.43,750.0,750.0,708.42,391848.570038,727.3773
HYSD,20.16,20.21,20.214,20.16,337.129455,20.198
HSBH,98.8998,100.8,100.8,98.8998,5464.9613,99.7747
ANV,25.275,25.03,25.3095,25.03,2222.479,25.2624
UTSI,2.5,2.41,2.5,2.41,4257.0,2.4889
SAMM,31.26,31.925,31.925,31.26,2932.4318,31.4277
ECCX,25.17,25.16,25.17,25.16,5117.0,25.1619
EHY,11.2963,11.45,11.45,11.261,8932.8037,11.3728
NPWR.WS,0.25,0.31,0.31,0.25,1802.0,0.2729
BFHpA,25.1,25.244,25.244,25.05,8574.0,25.1106
PGJ,27.1332,27.45,27.45,27.06,10860.930867,27.2551
TXBC,16.0832,16.31,16.33,16.01,8721.78,16.0922
CLLS,3.86,3.9,4.0,3.74,12659.315892,3.8713
LFTpA,19.76,19.925,19.9899,19.37,4853.0702,19.7616
HAPI,43.4352,43.745,43.745,43.43,560.260541,43.6251
MCHPP,85.52,85.79,85.79,84.54,32977.08216,85.1979
ATCL,25.1953,25.22,25.26,25.195,51669.57,25.2124
QCMD,17.035,18.3,18.3,15.14,509450.8297,16.0382
INCE,66.3481,66.82,66.8201,66.3,9520.225746,66.4941
AVMU,46.31,46.35,46.35,46.29,8663.9822,46.3234
PCGpX,41.19,40.93,41.28,40.82,33596.8524,41.0923
YCS,52.18,51.79,52.18,51.78,10126.768336,51.9892
SVREW,0.011501,0.0166,0.029,0.0112,180463.0,0.01561
HCI,152.82,152.13,153.0,144.75,263730.329668,150.232
XHYE,39.145,39.15,39.18,39.13,409.45,39.1525
MXC,9.39,9.47,9.5801,9.3,23687.646857,9.4193
EFIV,70.8227,71.04,71.24,70.74,17521.183685,70.9006
RFAIR,0.1,0.1,0.1,0.0902,2900.0,0.09088
PSR,101.5233,101.8,101.8,101.0701,1554.8215,101.3381
SMCO,29.3188,29.58,31.1675,29.29,3882.1849,29.4972
BTOT,49.5925,49.765,49.765,49.5925,393.643,49.6875
BPRO,22.9286,23.27,23.43,22.9286,66275.125391,23.064
DVXP,25.3975,25.24,25.3975,25.24,656.395,25.2274
CWY,24.2677,24.46,24.46,24.15,7211.794,24.2959
BGSF,5.2,5.1,5.44,5.1,19086.373962,5.2907
BOBP,30.42,30.93,30.93,30.42,2592.0,30.7003
NFLW,22.11,22.28,22.45,22.11,10491.586056,22.2618
IBIC,25.985,26.0,26.0,25.975,9783.753,25.9813
STXG,54.1,54.44,54.49,53.98,19053.599732,54.182
CPK,127.23,127.0,129.08,125.62,302687.531045,127.21
IBIG,26.44,26.4799,26.4799,26.42,10515.0778,26.4392
CNTY,1.47,1.4585,1.47,1.41,54007.851346,1.447
MSW,1.93,1.5507,1.97,1.54,123158.594224,1.7863
FERA,10.37,10.36,10.37,10.36,24301.0,10.3697
AOMN,24.97,25.08,25.09,24.965,6632.039,25.0134
GCTS.WS,0.2705,0.2761,0.2875,0.24,172152.731836,0.2613
ILCB,101.2,101.67,101.9047,101.12,7792.01346,101.3778
MNZL,56.6745,57.26,57.26,56.56,4136.332598,56.7746
SLGL,69.54,71.0,71.0,67.63,9041.02991,69.8073
IBIH,26.438,26.46,26.46,26.42,9530.5451,26.43
QRED.U,10.08,10.05,10.1,10.05,337395.0,10.073
ESLA,1.27,1.335,1.335,1.25,18028.0,1.2904
STXT,20.0,20.08,20.1,20.0,12695.6089,20.0715
BYSI,1.42,1.55,1.59,1.4174,17028.959184,1.4878
BTCW,84.79,85.2911,85.2911,84.13,25156.408948,84.6619
ZVOL,8.5682,8.57,8.571,8.521,3960.442111,8.5534
RTACW,0.8388,0.7994,0.84,0.76,16631.0,0.8048
IBIK,26.0,26.045,26.045,26.0,3985.1785,26.021
RANGR,0.299,0.299,0.299,0.299,104.0,0.2975
HUIZ,1.56,1.55,1.6899,1.4319,3503.992809,1.5585
LEGT,11.06,11.03,11.08,11.03,8743.451,11.0593
HNVR,23.26,23.31,23.325,23.26,16408.8646,23.3002
IBII,26.166,26.185,26.2,26.14,9515.440342,26.1789
RITMpF,24.4,24.555,24.555,24.3,70763.793,24.3927
CIMpD,24.475,24.54,24.56,24.475,22087.5931,24.5316
MATV,9.4,9.33,9.565,8.66,803346.865665,9.2977
GXPS,27.15,26.95,27.235,26.8099,25822.3085,27.0431
UBR,37.2477,38.259,38.259,37.245,9959.933568,37.7426
QTAP,50.444,50.445,50.56,50.444,2042.648,50.5259
RWLC,35.74,35.8,35.98,35.74,3069.575443,35.9162
INKM,34.56,34.54,34.56,34.45,3658.3556,34.508
CMBO,102.075,102.08,102.08,102.075,1228.0,102.08
KREFpA,18.449,18.27,18.45,18.27,30112.9725,18.3956
GIWWR,0.291,0.279,0.3,0.275053,6700.0,0.2848
IBIF,26.3894,26.4145,26.4246,26.36,9193.607189,26.3952
HPEpC,79.49,79.75,80.0,78.77,14997.5945,79.31
BHFAO,16.55,16.675,16.7199,16.5402,10611.4071,16.6369
FLSA,33.1375,33.33,33.3301,33.1375,1794.506995,33.2309
XDIV,29.7583,29.88,29.95,29.75,13717.6829,29.8816
BSVO,27.7294,27.92,27.92,27.69,90873.7785,27.7955
IBIL,25.755,25.8111,25.82,25.74,4498.729,25.7716
PFI,58.4075,59.095,59.095,58.4075,643.093,58.8481
BAFE,28.4442,28.58,28.62,28.39,35834.0,28.5074
JPRE,51.9629,52.1,52.1,51.72,12345.84412,51.9202
QALT,25.67,25.71,25.7291,25.66,7093.9559,25.6832
TISI,17.29,17.481,17.5,16.75,3429.0,17.1319
MCGA,10.17,10.18,10.18,10.17,3168.803537,10.1768
VBCC,75.585,75.73,75.73,75.58,21169.028,75.5904
AVMV,78.1874,79.11,79.11,78.17,37208.23913,78.4362
CHOW,0.423,0.4253,0.4346,0.421,89179.697712,0.4259
WTM,2092.5,2080.0,2106.28,2050.01,26154.258197,2087.4794
FNLC,29.15,29.125,29.495,29.03,11606.245213,29.2227
ULE,13.03,13.1104,13.13,13.03,4482.83709,13.1003
KKRpD,43.45,43.81,43.88,43.1,45160.5821,43.4802
BOSC,4.63,4.53,4.64,4.5,66795.158922,4.5511
HFGM,33.3902,33.68,33.68,33.3326,375563.850953,33.424
TCBIO,21.6199,21.55,21.62,21.47,3979.2076,21.5602
DVXF,23.2907,23.57,23.63,23.2907,1337.0,23.5919
ISCV,74.371,75.2855,75.2855,74.371,5826.9029,74.6943
SPIT,31.5446,31.94,31.94,31.5446,912.7905,31.751
DBRGpJ,16.0,16.13,16.55,15.75,93149.3945,15.9538
LQDB,86.28,86.59,86.62,86.265,28482.2816,86.4041
FULTP,18.36,18.38,18.38,18.25,2238.1964,18.2845
TPYP,41.83,41.61,41.93,41.35,54784.877174,41.6646
BUYB,39.6012,39.89,39.89,39.5997,13563.743319,39.7432
MKDW,7.365,7.29,7.5,7.28,2713.0,7.4202
SRS,40.4694,40.16,40.79,40.16,5436.3673,40.4186
OXLCO,23.95,23.78,23.95,23.6119,1950.0,23.7087
AVSE,78.328,79.38,79.38,78.328,6192.8092,78.5414
LSTA,3.23,3.255,3.346,3.13,52694.965,3.2589
RJMI,25.58,25.58,25.59,25.58,4355.7166,25.5893
STXV,36.5,36.6,36.6,36.3701,23526.954778,36.5067
OMFS,50.43,50.84,50.86,50.265,4897.5549,50.6683
OCTP,31.7104,31.76,31.785,31.7104,19210.0,31.7423
SCKT,0.87,0.861,0.8799,0.85,29684.0,0.8674
HELS,23.909,24.26,24.26,23.81,30568.0911,23.9981
JF,1.02,1.03,1.03,1.02,3073.0,1.0236
HTLM,1.8348,1.7443,1.86,1.7443,1756.590208,1.7837
FEBT,40.3961,40.5,40.54,40.38,13074.0,40.4272
SLE,4.19,4.05,4.19,4.01,5629.217979,4.114
TBX,28.2617,28.13,28.2617,28.13,376.749656,28.1863
FTCE,26.0924,26.06,26.2005,26.05,2099.8774,26.0927
FEMD,35.9298,36.37,36.37,35.9298,9279.057,36.0519
FLCC,34.4428,34.74,34.74,34.4011,5878.4357,34.5198
MBAV,10.8,10.7726,10.8,10.76,608134.893,10.7989
AMIX,0.3824,0.3824,0.3898,0.375,155585.0,0.386
RKSG,27.2867,27.43,27.43,27.2867,10980.613,27.4026
GMHS,0.99,0.96,0.99,0.95,1965.0,0.9737
BBHL,16.62,16.72,16.72,16.6,2240.0,16.6602
UAPR,34.7287,34.7765,34.82,34.725,9281.0,34.7588
IUS,63.5563,63.86,63.86,63.4901,71169.081972,63.6175
ZHOG,51.51,51.57,51.57,51.51,2148.8389,51.5328
GAPR,41.1599,41.205,41.24,41.0801,49775.8359,41.1589
HSCS,1.94,1.8201,1.9899,1.8201,14691.4,1.9118
KMCA,22.1413,22.62,22.73,22.1413,15034.513,22.5932
DSX.WS,0.46,0.47,0.48,0.42,45138.551998,0.4531
JULT,46.9503,46.96,47.01,46.9301,5752.0,46.9643
ZAUG,27.285,27.28,27.3,27.28,4622.140826,27.2878
AHT,3.11,3.09,3.115,3.01,17428.873351,3.0633
CRY,25.104,25.45,25.45,25.0,3167.855,25.1451
CIMpC,23.16,23.0377,23.175,23.01,23690.479,23.114
NAUG,31.1599,31.14,31.18,31.14,4737.0,31.1539
CCEL,3.58,3.515,3.73,3.51,7141.072298,3.5813
HCM,13.31,13.415,13.55,13.3,18218.298566,13.3388
FCNCO,21.52,21.5,21.62,21.4597,3981.29,21.5763
SZZL,10.3,10.31,10.31,10.3,35034.0,10.3031
LGH,62.2229,62.61,62.755,62.09,11769.7154,62.3446
CAAA,20.3969,20.43,20.43,20.39,14292.3701,20.4011
GPJA,22.23,22.1501,22.28,22.13,8355.758,22.2126
CARD,2.7654,2.72,2.79,2.7118,15625.162,2.7633
IROC,50.895,50.84,51.01,50.8,105252.3713,50.8769
QMFE,23.945,23.97,23.97,23.91,3636.043,23.9576
TBLU,51.6815,52.24,52.24,51.6815,1919.04,52.0255
DIPS,40.5105,41.26,41.26,40.06,8678.69784,40.4074
IFV,27.8957,28.4,28.4,27.89,41546.7417,28.1753
GAING,25.55,25.5,25.55,25.41,9350.0,25.4728
MTBpH,25.16,25.1301,25.1999,25.12,17011.9346,25.1375
TNGY,10.06,10.04,10.09,9.94,50083.888537,10.0343
AKTX,6.58,5.9,6.59,5.86,11981.224143,6.2114
ACGLO,20.33,20.3399,20.3582,20.2601,7669.009828,20.3099
JFLI,53.1549,53.32,53.32,53.15,2694.6796,53.2388
BDCI,10.025,10.03,10.03,10.025,1567.0,10.0253
PMTpC,18.35,18.26,18.39,18.25,16527.9918,18.342
KJAN,44.35,44.5,44.5,44.3,9475.0,44.4075
AFGE,16.87,16.72,16.9,16.72,4651.748,16.8688
LIXT,4.93,4.32,5.0,3.965,163094.163557,4.2657
XC,32.59,32.97,33.019,32.59,10094.1111,32.8132
NXDTpA,13.1999,13.24,13.25,13.13,5810.7465,13.2171
SCAG,0.8342,0.8274,0.86,0.8274,4627.0,0.8437
TSEC,25.82,25.8106,25.84,25.81,11354.7012,25.8142
ABEQ,37.16,37.38,37.4,37.16,15343.5016,37.2793
PRVS,30.3863,30.66,30.66,30.3863,4829.827,30.53
RCKY,36.29,36.46,36.952,36.0,66445.525995,36.4111
GVLU,26.1149,26.19,26.27,26.1149,5791.286956,26.1866
FKU,53.3314,54.505,54.505,53.3314,11830.2365,53.8879
BUUU,18.38,19.0,20.01,18.0,44280.071244,18.7371
DTB,17.07,17.0648,17.12,17.055,11459.072,17.0824
SDEM,32.5785,32.9,32.9026,32.5785,4582.64046,32.7114
FITBI,25.43,25.411,25.4329,25.4,18670.9384,25.4258
SFLO,33.23,33.17,33.38,33.09,35451.6621,33.2342
AHG,2.05,1.96,2.055,1.93,202281.0,2.0528
BETE,37.85,38.27,38.27,37.64,3408.823089,37.9514
BMGL,0.76,0.6965,0.768,0.6758,42184.0,0.7406
CMSpC,17.2,17.1976,17.37,17.19,8078.1807,17.2318
AIVI,56.6837,57.46,57.46,56.6837,677.3489,57.1811
GROY.WS,1.73,1.64,1.75,1.63,1684.473145,1.6875
HNNA,10.2,10.0,10.2,10.0,3007.8305,10.1135
FSI,6.28,6.29,6.3533,6.2,10632.505,6.2516
DTSS,0.8949,0.89,0.915,0.8535,63759.655555,0.9032
RXD,10.4376,10.31,10.49,10.3,9161.7685,10.4076
TRTNpE,19.49,19.39,19.52,19.39,3528.0,19.4822
AQLT,30.92,31.16,31.16,30.88,65820.138,30.9265
BATRA,55.34,55.5191,56.06,55.23,22132.87803,55.5373
VBCB,75.535,75.629,75.63,75.535,2767.482,75.5623
JHLN,24.72,24.72,24.72,24.72,26721.04,24.72
QSEA,10.42,10.41,10.42,10.41,1924.0,10.4107
CGHY,25.36,25.4,25.4,25.35,10459.1365,25.3789
EGHA,10.27,10.265,10.27,10.26,5795.0,10.2605
BKFI,23.9049,23.95,23.9797,23.9049,280928.0,23.9256
EMCB,66.26,66.79,66.79,66.18,29105.4266,66.4297
TCAN,24.655,24.72,24.98,24.585,5677.952914,24.7119
OEFA,33.37,33.92,33.92,33.36,4820.2174,33.4938
VACI,10.07,10.13,10.14,10.07,135052.0,10.1303
ZALT,33.55,33.5699,33.5699,33.5,47069.836,33.5256
XTNT,0.57,0.5886,0.5886,0.5641,51619.0,0.578
SAPH,32.5765,33.01,33.29,32.5765,1334.0,33.051
AOTS,23.2483,23.3201,23.33,23.24,2753.631,23.2935
PBEU,30.115,30.7652,30.7652,29.985,55932.0,30.1662
IRIX,1.03,1.04,1.0491,1.03,7015.48,1.0392
GBLI,27.3,27.31,27.58,26.968,5751.953064,27.1743
GARY,24.3565,24.53,24.58,24.29,9878.503,24.321
PMN,9.83,11.0,11.0,9.63,113927.64,10.2079
CTOR,0.9009,0.9102,0.943099,0.8808,64221.054383,0.9093
GLED,9.9104,9.92,9.92,9.91,31201.0,9.9151
NCNA,2.09,2.225,2.275,2.05,37532.809499,2.1672
IPM,1.86,1.84,1.89,1.84,28862.55,1.8653
KOYN,10.115,10.12,10.12,10.11,6603.0,10.1112
FID,21.9353,22.14,22.14,21.91,16508.642867,22.0
QRFT,67.5979,67.77,67.77,67.5979,528.4013,67.6757
UBEW,31.75,33.1214,33.1214,31.62,7713.7036,31.9166
XDSQ,42.305,42.385,42.42,42.29,3703.88535,42.3425
DECW,35.1841,35.21,35.25,35.15,22340.557,35.2097
EEMO,22.1416,22.56,22.62,22.1416,5643.616578,22.478
JPEM,65.9102,66.58,66.58,65.88,8287.546615,66.1813
PBPH,24.8692,25.125,25.125,24.83,72162.068444,24.8813
TLNC,10.1601,10.16,10.1601,10.16,395.0,10.1697
CBK,29.11,28.97,29.64,28.91,53561.429,29.1769
FDEC,53.5379,53.64,53.73,53.47,23061.093,53.549
ACVF,52.061,52.32,52.375,51.97,2261.532373,52.1716
LKSP,10.1,10.1,10.1,10.09,3833.0,10.0908
DDX,24.99,25.12,25.12,24.99,1264.898,25.0992
YB,15.85,15.6104,16.19,15.4,66565.426903,15.7531
HFMF,22.6412,22.365,22.6412,22.35,7025.436,22.5143
JA,50.09,50.12,50.12,50.09,10288.388005,50.1021
RHRX,21.3368,21.557,21.63,21.3368,5048.0,21.574
LEGT.WS,0.6653,0.67,0.69,0.6307,4201.0,0.6605
LPRE,28.9425,28.94,29.0,28.79,733.0,28.9264
TGRW,47.1643,47.27,47.46,47.13,3514.5971,47.2482
REFR,0.8332,0.8701,0.9879,0.83,90732.321956,0.8597
PTEU,32.0819,32.7115,32.7115,32.0819,769.716119,32.597
DIVP,26.35,26.285,26.48,26.2,101644.085,26.3629
JDZG,1.43,1.3029,1.55,1.3,225684.393886,1.4556
NEWTH,25.35,25.7,25.7,25.31,4762.0,25.4394
FRAF,57.57,57.22,58.35,57.22,17270.7499,57.6234
GDMA,41.4999,41.78,41.78,41.4,7453.511488,41.6196
ALTL,45.6429,46.3,46.3,45.5401,7958.137,45.9347
GTN.A,11.3,10.55,12.15,10.55,5823.613458,11.4557
NVNO,10.22,10.1715,10.3195,10.17,4138.235073,10.2231
AGOX,33.2,33.495,33.8387,32.83,21177.7882,33.1761
DNNG,11.4638,12.5,12.75,11.4638,701.087,12.3927
INTG,37.58,39.295,39.415,37.51,16457.7997,38.7044
BKMI,26.285,26.33,26.37,26.28,53414.5403,26.3142
WARP,25.2772,26.03,26.03,25.23,11656.174207,25.6443
SEMG,26.5214,26.58,26.63,26.4311,3295.542,26.5314
FLYD,56.9264,54.69,58.28,54.69,6007.328,57.8999
ORIS,0.4385,0.4433,0.4497,0.4132,40524.007287,0.4308
VALQ,66.7,66.7369,66.96,66.41,6027.6535,66.7181
EFAS,21.7291,22.03,22.03,21.72,10535.351,21.8502
CPSR,25.72,25.725,25.725,25.69,1277.0,25.7016
LEAD,84.9761,85.56,85.665,84.9761,1579.30371,85.5677
VIOG,139.7273,140.815,141.095,139.57,13958.060689,140.3478
SBU,20.821,20.84,21.19,20.345,4949.049753,20.6597
BRF,19.02,19.36,19.42,18.99,5295.879891,19.2654
HYFM,1.04,1.1438,1.2102,1.04,32247.817623,1.1422
DBP,111.9746,113.47,113.91,111.915,23026.758517,112.3015
PGRO,47.08,47.28,47.38,47.015,3235.8311,47.1572
GCL,0.4755,0.4631,0.4881,0.463,14320.0,0.4583
LGHL,0.783,0.7896,0.8,0.75,95231.9,0.7733
ELSE,7.65,7.625,7.6599,7.625,3647.0,7.6408
MMLG,36.09,36.19,36.3,36.0121,8847.0,36.1614
SLDPW,0.26,0.2814,0.28145,0.22,36014.0,0.2642
PSTP,36.23,36.35,36.39,36.23,7453.0,36.3393
BHFAP,15.9,15.95,15.9999,15.9,20151.9752,15.9442
WETH,1.79,1.85,1.85,1.77,25325.649635,1.792
NE.WS.A,25.37,25.37,25.37,25.37,838.0,25.3655
ZCMD,2.13,2.03,2.23,1.9001,43512.0,2.0798
TNON,0.7501,0.76455,0.7784,0.7476,30750.0,0.7615
ATGL,19.14,16.8,27.0,15.31,62326.99405,21.9785
NDRA,4.95,4.9,5.02,4.85,8431.960874,4.9078
NODK,12.92,13.03,13.0699,12.8,13281.0,12.9102
HAWX,44.0285,44.515,44.515,43.96,31250.056845,44.2897
EEV,12.1,11.8778,12.14,11.84,89886.58433,11.831
VBCF,75.73,76.0363,76.0363,75.73,3576.0,75.8031
CLOB,50.4603,50.44,50.5205,50.39,12988.300401,50.4314
EXOZ,10.0001,10.091,10.091,10.0001,720.9,10.0963
SBND,18.79,18.82,18.83,18.79,26858.7285,18.8079
BKMS,25.505,25.48,25.505,25.48,23161.0,25.4905
UJAN,44.7766,44.8101,44.8799,44.73,15702.55095,44.8003
MITQ,0.612,0.6201,0.6349,0.6002,100237.0,0.621
GSIG,47.3226,47.42,47.42,47.32,790.042,47.3998
RGYY,9.505,9.6365,9.64,9.47,4692.6472,9.5731
VBCE,75.685,75.945,75.945,75.685,20718.33,75.6892
INTL,30.718,31.08,31.1,30.65,12398.986244,30.8663
OFLX,30.47,30.4,31.275,30.4,48964.45667,30.7722
AGNCL,24.815,24.8999,24.8999,24.75,15669.2365,24.8413
FBDC,17.8595,17.77,17.8999,17.69,8700.326,17.8286
UNHU,44.5349,44.24,44.5349,43.62,2402.619343,44.0864
SEIV,45.28,45.4,45.62,45.2294,97401.484883,45.3688
XLKI,26.788,26.8499,26.94,26.75,4462.765791,26.8152
TSRS,27.0447,26.95,27.09,26.87,588.3892,26.9763
NVOH,25.0499,25.55,25.6,25.0499,7495.5043,25.2525
PTBD,19.1509,19.23,19.2397,19.14,40473.9483,19.1978
STOX,30.172,30.3085,30.335,30.13,8992.0,30.263
MSTB,42.5419,42.655,42.655,42.5,5801.1447,42.5759
ARBEW,0.05,0.0499,0.05,0.041,15640.916791,0.04958
ASCE,32.29,32.65,32.6899,32.21,10838.1603,32.3159
BITY,34.0902,34.2774,34.2774,34.04,4337.2898,34.188
PDEC,45.19,45.305,45.32,45.17,81813.03712,45.2231
EPV,19.4904,18.83,19.4904,18.83,27230.359107,19.2071
ABFL,79.79,80.23,80.6566,79.26,17424.80148,80.0675
MATH,1.03,1.08,1.16,1.02,63975.725358,1.0685
EVLN,48.87,48.905,48.95,48.84,345169.8184,48.911
FSCS,35.9807,36.09,36.28,35.9807,2951.936,36.0801
ROE,39.53,39.7301,39.845,39.42,7517.5166,39.6029
FTWO,45.5838,46.4,46.4,45.5,3809.8795,45.9367
WALpA,23.68,23.9,23.9,23.68,22539.0533,23.7658
BLES,47.48,47.925,47.925,47.45,73915.592832,47.711
AVMA,71.84,72.28,72.28,71.84,4406.412621,71.9338
ZJUN,27.35,27.3699,27.3699,27.33,2152.067,27.3525
XSLLW,0.25,0.235,0.25,0.235,29343.0,0.2485
OPTZ,43.0653,43.52,43.52,42.83,3016.9622,43.2469
EMTY,11.98,11.9,12.0686,11.9,4378.2555,11.9842
ADAMM,25.53,25.53,25.59,25.53,16174.3983,25.5682
JMSB,21.47,21.5,21.61,20.96,30455.2312,21.365
SHDG,32.2977,32.26,32.2977,32.26,161.3255,32.2636
KQQQ,29.9011,30.07,30.25,29.815,54579.071763,29.9851
WBIG,24.2045,24.32,24.32,24.18,2942.9992,24.2348
STRS,29.8,30.225,30.45,29.085,122134.037,29.8211
SVACW,1.67,1.62,1.7,1.56,4055.0,1.6116
GIGGW,0.45,0.5,0.51,0.395,94018.0,0.4744
COPL,10.37,10.37,10.37,10.37,1803.0,10.37
TAXX,50.65,50.64,50.68,50.63,15860.4723,50.6475
SXTC,1.66,1.75,1.81,1.66,19454.850647,1.7005
FTHF,45.95,46.5,46.67,45.776,22591.799989,46.4407
SEIQ,39.15,39.24,39.455,39.145,53129.9353,39.2331
CPNM,26.62,26.66,26.68,26.62,1366.457,26.6548
TOPP,1.0,1.0,1.05,0.916,66397.932203,0.9795
MAXJ,28.835,28.8301,28.878,28.83,6551.2262,28.8383
EGG,6.97,6.81,7.2,6.5501,20675.096813,6.8905
VXZ,54.89,55.11,55.25,54.83,24963.474623,54.9398
UXI,56.5064,57.58,58.0,56.5,3634.599772,57.2602
PLUT,2.92,3.04,3.04,2.92,262.0,2.9632
BUFP,31.59,31.63,31.66,31.54,94493.3797,31.6334
WSBK,12.74,12.72,12.8564,12.7,17676.0,12.7469
JUNP,31.66,31.6504,31.665,31.65,13340.0,31.6593
DFMC,56.28,56.62,56.69,56.25,15942.883,56.4335
SMAX,27.595,27.59,27.595,27.561,3042.0,27.5757
RBLD,88.1653,89.12,89.12,88.1653,2141.0154,88.4193
QLV,74.6216,74.67,74.735,74.575,1591.295192,74.6656
BAGY,31.1684,31.335,31.37,31.02,5147.9432,31.2549
BPYPO,15.48,15.335,15.48,15.2628,9902.402963,15.3433
PSCI,173.7245,175.28,175.77,173.7245,1374.197236,175.0505
IBX,21.15,20.9,21.15,20.48,61467.7862,20.8861
TLTP,21.1852,21.29,21.29,21.15,15486.4083,21.2161
BKHAR,1.4,1.44,1.45,1.35,6627.0,1.4141
FLSP,27.06,27.045,27.16,26.93,29151.211766,27.0182
HERZ,18.45,17.625,18.45,17.0001,7397.4057,17.8989
TNXT,26.275,26.4994,26.4994,26.19,1305.9575,26.3439
DFE,76.3889,77.42,77.42,76.3889,3609.6066,77.0563
BOTJ,23.21,23.22,23.5,23.1101,42448.723623,23.2753
CPRY,27.69,27.69,27.74,27.66,18875.0,27.7142
JANT,43.236,43.31,43.35,43.23,1164.0,43.2621
KPLTW,0.0018,0.0019,0.0019,0.0015,39200.0,0.001896
RINT,31.161,31.53,31.54,31.16,15156.709,31.3437
BWEB,76.5614,77.36,77.36,76.5614,291.0,77.2147
DBRGpH,16.5,16.36,16.5,16.0001,23925.484,16.3556
SCEpL,17.98,17.9,17.99,17.88,9611.386,17.966
RITMpB,25.22,25.17,25.25,25.1687,42428.2759,25.2051
SEIS,31.5496,31.97,32.04,31.52,52669.9597,31.7881
TENpF,27.11,27.1,27.3,27.1,12936.0,27.1572
DAPR,40.46,40.5,40.5399,40.42,29652.5513,40.4668
ATMP,34.6154,34.09,34.6154,33.9601,2521.841474,34.2013
LDRC,25.1814,25.22,25.22,25.18,8252.2315,25.1946
MAMB,24.315,24.4,24.4399,24.29,17386.06,24.3422
LONA,9.86,9.63,9.92,9.51,47225.702557,9.7336
FDM,88.0447,88.385,88.72,87.99,4249.2836,88.3566
PIII,3.58,2.83,3.85,2.83,76384.735247,3.4162
TXXS,4.9856,5.175,5.175,4.89,7758.0,5.0046
LRGE,84.4328,84.92,85.242661,84.4328,7185.722918,84.8103
BBB,30.4372,30.55,30.55,30.4372,236.514634,30.574
SELV,32.25,32.34,32.34,32.225,11436.963293,32.273
OOSP,10.14,10.16,10.169,10.115,778.5092,10.1482
BZFDW,0.0199,0.0185,0.0199,0.0185,6295.0,0.01854
RDFI,23.5684,23.7,23.7,23.5684,3628.2894,23.6508
AIMDW,0.0681,0.0834,0.0834,0.0681,1312.0,0.07624
LALT,24.6442,24.6,24.7099,24.5701,7159.7311,24.6433
POLE,10.7,10.7,10.7,10.7,4836.0,10.7
TPLC,48.44,48.84,48.86,48.422,133692.768899,48.6
TRSG,1.3,1.2003,1.3,1.2003,4390.123076,1.2924
DRAI,34.5467,34.75,34.96,34.5467,4518.9226,34.819
RSEE,38.0167,38.37,38.4,38.0099,6366.1065,38.1193
LDRT,25.135,25.17,25.68,25.13,49613.4714,25.1887
MYCH,24.885,24.92,24.92,24.88,173966.8652,24.8904
BMRA,2.195,2.19,2.22,2.1693,13079.0,2.2035
BNT,46.44,46.89,46.89,46.135,14347.30286,46.4545
ICMB,1.67,1.725,1.78,1.65,33310.839145,1.6862
MTRA,26.1051,26.49,26.49,26.1051,142.0,26.4811
URSP,45.16,45.78,45.78,44.97,23241.5676,45.3825
PBMY,30.815,30.86,30.89,30.8,39888.5662,30.823
RREVU,9.97,9.96,9.97,9.96,4893.0,9.9618
LCOW,24.47,24.56,24.57,24.44,7757.567619,24.467
RSBY,18.6065,18.55,18.65,18.53,31735.115372,18.5624
QLVD,33.1848,33.42,33.46,33.1848,1042.059126,33.322
PRFD,51.2004,51.285,51.3299,51.1701,12226.9557,51.2356
TMB,25.4757,25.51,25.51,25.45,19715.4804,25.4855
GSSC,84.3217,85.01,85.19,84.18,26781.0415,84.6032
ARP,33.1216,33.17,33.21,33.09,1509.5804,33.1635
BASG,25.6441,25.77,25.825,25.61,8215.473,25.6694
BFEB,51.71,51.825,51.845,51.65,6941.0,51.7279
NNOV,30.6802,30.73,30.8199,30.68,8017.0,30.7209
FEMV,25.1433,25.355,25.355,25.1433,385.098,25.2602
PRMR,25.7323,25.885,25.92,25.72,4828.0,25.8303
USPX,63.92,64.1575,64.32,63.77,33986.61368,64.037
MYXXU,10.065,10.065,10.065,10.065,510.0,10.0651
KDKRW,1.59,1.565,1.68,1.5,52881.0,1.2778
MJSC,59.4,59.74,59.82,59.4,3044.0,59.6252
AEHL,0.5099,0.5,0.51,0.495,96511.039861,0.5025
LEXI,38.9747,39.17,39.21,38.95,41802.6784,38.9722
IBUF,30.51,30.7299,30.7299,30.51,6055.583,30.6033
HEEM,42.5207,42.75,42.91,42.47,11714.042628,42.5846
FLQS,45.9804,46.23,46.23,45.9804,704.550313,46.1449
BPYPP,15.8,16.05,16.29,15.75,33350.077,15.8239
EAOA,44.174,44.48,44.5299,44.174,841.0404,44.3563
ACTS,27.8969,28.32,28.32,27.86,460.0,28.1576
FSEV,25.3053,25.555,25.555,25.3053,517.06,25.4431
CPRA,27.4153,27.4101,27.48,27.4101,690.0,27.4618
BLUX,30.84,31.07,31.11,30.8,44732.3218,30.8942
MARW,35.7003,35.7101,35.741,35.7003,1133.962,35.719
BDCX,21.2824,21.32,21.35,21.2,1568.7888,21.3197
IVVM,36.42,36.445,36.48,36.3812,7398.8611,36.4291
SCEC,25.025,25.13,25.13,25.02,121955.4011,25.067
MAGA,54.2917,54.74,54.75,54.2917,693.5618,54.6107
JHCB,21.211,21.32,21.34,21.21,48864.213297,21.2226
PMTpB,22.91,22.81,22.99,22.81,13773.5165,22.8857
PFIG,24.02,24.1,24.1,24.01,9404.0166,24.0462
WAFU,1.6132,1.61,1.6499,1.6,12603.0,1.6101
IAPR,32.7,33.0,33.03,32.7,6744.0,32.828
BETRW,0.2599,0.2455,0.26,0.232,1480.0,0.2482
RAUS,28.5557,28.68,28.75,28.5,13956.599,28.6231
UIVM,72.546,73.43,73.43,72.546,1083.1517,73.1072
GLDW,51.7775,52.26,52.5154,51.66,22456.431988,52.1834
ABCS,31.9885,32.23,32.23,31.9885,2122.0,32.1244
WENC.U,10.01,10.0026,10.01,10.0,4071.0,10.0015
CDTG,0.2784,0.284,0.2848,0.2606,17631.0,0.2735
FINT,35.5564,35.92,35.92,35.5564,11099.337185,35.6711
LSAT,42.5744,42.86,42.87,42.52,2368.3495,42.6569
XSVN,47.34,47.54,47.54,47.32,29803.812364,47.3927
SWAN,33.2832,33.47,33.5899,33.25,16862.427603,33.4113
JXG,3.9,4.09,4.09,3.9,635.082564,3.9268
ACNB,53.0,53.52,53.91,52.98,38230.374746,53.3569
AVUQ,65.1484,65.49,65.725,65.135,7082.425047,65.3888
DWM,73.7231,74.66,74.66,73.7231,7296.62651,74.2025
IBIM,25.45,25.52,25.52,25.43,2137.262,25.4534
RITMpA,25.18,25.2611,25.34,25.18,19833.8091,25.2338
BPI,26.42,26.69,26.69,26.42,1720.6058,26.5155
MTNE.U,10.05,9.96,10.08,9.96,16642.0,9.9899
FLCO,21.36,21.46,21.4766,21.36,31642.301819,21.4024
KFFB,4.31,4.35,4.36,4.22,15455.0,4.3001
SPIN,32.0,32.08,32.14,32.0,3484.957794,32.0983
RWTpA,25.1,24.95,25.135,24.95,5963.5327,25.038
FMTL,36.9085,37.81,37.91,36.9085,12446.218813,37.5179
PONO,9.86,9.86,9.86,9.85,51103.0,9.8597
ALVOW,0.2057,0.21,0.228,0.2052,10011.0,0.2235
EDOW,42.6254,42.86,42.86,42.56,14447.0988,42.6599
PLSM,3.75,3.64,3.98,3.48,2821.102301,3.7799
QEW,27.8984,27.96,28.07,27.8,17087.785645,27.8854
RJDI,28.6,28.76,28.76,28.54,52911.0,28.5784
MEDI,30.3982,30.11,30.595,30.04,10116.226083,30.202
RAY,3.27,3.2,3.2821,3.18,9892.331427,3.2164
BSJW,25.38,25.5099,25.5099,25.38,3057.359,25.4163
BPAY,24.9306,25.45,25.45,24.9306,794.8217,25.2835
WLTG,37.2609,37.47,37.49,37.24,19668.6724,37.2928
FTHAU,9.97,9.96,9.97,9.96,1201.0,9.9608
FTMN,8.85,8.84,8.85,8.83,42582.309,8.8375
HSPT,7.9,7.99,8.45,7.855,6608.0,8.1589
CHMG,68.9,67.4,69.4,67.22,33454.75,68.0927
JMID,30.876,31.2,31.2,30.876,300.999,31.2437
DIVY,28.1617,28.3,28.31,28.1617,1112.0954,28.2536
BLCN,25.25,25.71,25.71,25.05,7201.033635,25.3901
FFF,23.4382,23.48,23.66,23.43,395.042,23.516
ASTLW,0.0376,0.0375,0.0376,0.0312,35905.0,0.03516
MBSD,20.655,20.71,20.71,20.655,2548.656875,20.6897
CFFI,77.48,79.9999,79.9999,77.48,4573.2661,76.636
VOTE,86.0225,86.4,86.63,85.92,17746.052102,86.1491
FEMG,25.5678,25.81,25.81,25.465,1995.352,25.6045
TULP,3.995,4.05,4.05,3.97,3101.0,4.0195
COPA,49.1425,50.31,50.31,49.1425,1119.70643,49.5819
SAIH,11.15,11.05,11.15,11.05,1462.0,11.1606
LGLV,178.91,179.27,179.385,178.6,15975.146301,179.0471
TRTNpC,25.24,25.04,25.4026,25.04,17139.0,25.2394
AAPY,25.035,25.19,25.425,25.035,6932.024328,25.278
DVGR,26.2771,26.45,26.45,26.2771,1807.0,26.3729
BGLWW,0.2994,0.33,0.33,0.2673,38500.0,0.2839
PAUG,44.9,44.94,44.97,44.89,17573.0,44.9105
LVIG,98.58,98.97,98.97,98.58,9739.0,98.6481
FTXG,22.2924,22.2499,22.36,22.1,7692.416345,22.264
OVLH,41.3075,41.49,41.5599,41.3,6275.5749,41.4234
AAME,2.58,2.54,2.58,2.54,2339.932322,2.5442
GHTA,30.8953,31.22,31.22,30.81,1488.3898,30.9629
APRW,36.7546,36.76,36.81,36.7433,14599.0,36.7829
SWVLW,0.0091,0.006,0.0097,0.006,206601.0,0.006046
PASW,0.15,0.153,0.1539,0.14,197368.0,0.1518
FLEE,38.38,39.05,39.069,38.38,4212.690736,38.6577
OBOR,28.3238,28.6,28.6,28.3238,804.1187,28.5845
STNC,35.9203,36.195,36.195,35.9203,827.8435,36.0543
MDCXW,0.49,0.49,0.49,0.49,299.413435,0.474
EALT,35.365,35.4,35.41,35.31,15629.0,35.3647
NHIVU,10.1,10.01,10.11,10.01,2021.0,10.0584
PYPU,26.4311,27.1414,27.45,26.4311,4291.735,27.0285
XCH,1.0,1.0,1.0599,0.9888,4839.4221,1.0013
JATT,10.5,10.5301,11.0,10.4,8717.0,10.6515
GAINZ,24.12,24.23,24.25,24.12,7266.0,24.2197
BUFG,28.8357,28.8701,28.93,28.82,42508.0,28.8711
CBSE,47.585,48.02,48.53,47.27,2219.637437,47.9525
KCAI,32.3679,32.45,32.52,32.3679,2900.03,32.5992
CAM,25.035,25.03,25.07,25.02,86853.36,25.0344
BPH,67.021,67.07,67.15,66.22,1512.984,66.7118
EZPZ,19.9285,20.01,20.04,19.88,9222.0328,19.9417
IACQU,10.02,10.01,10.02,10.01,4530.0,10.0097
NELS,27.5419,27.7399,27.7399,27.54,1882.0,27.5834
GLDB,24.9872,25.27,25.345,24.9872,1079.8808,25.1468
CICB,24.96,25.115,25.115,24.95,4228.0,25.0406
MSDD,27.6649,26.8,28.5132,26.8,7732.827474,27.7071
TTT,68.7561,67.52,68.7561,67.52,2098.361283,68.4652
DXIV,71.6,72.15,72.15,71.55,5061.006,71.7742
CINGW,0.017,0.0171,0.0171,0.017,10000.0,0.01702
BLTD,25.17,25.3,25.3,25.16,22239.8931,25.1989
BSMQ,23.555,23.56,23.58,23.555,57497.9022,23.566
AINP,25.03,25.1,25.1,25.03,30195.0,25.0426
HVMC,10.11,10.11,10.11,10.11,115.0,10.1115
FITE,97.0226,97.89,98.4,96.6,10206.881654,97.479
GBF,103.6916,104.06,104.06,103.6916,2793.558,103.8719
UFIV,48.6147,48.76,48.76,48.61,1042.0843,48.6591
GSUS,100.91,101.21,101.549,100.6875,32666.7045,101.1448
CHSCM,24.96,24.96,25.06,24.93,15694.9832,25.0036
KBSX,1.24,1.2,1.2799,1.2,4089.0,1.2504
TACO,10.38,10.36,10.38,10.36,59305.0,10.3647
IONQ.WS,35.65,39.84,39.84,35.0,9248.74,37.6753
TSLO,18.6923,18.62,18.6923,18.62,1107.0,18.6749
IWLG,55.3086,55.46,55.86,55.23,22221.7759,55.6748
NOMA,3.75,3.8,3.87,3.3984,9278.0,3.6767
NMAR,31.78,31.78,31.78,31.7151,4046.0,31.747
CTW,2.72,2.79,2.8,2.715,13439.0351,2.7393
XUDV,30.0328,30.215,30.215,29.9864,1410.4294,30.0693
UDEC,41.11,41.17,41.23,41.09,14075.0,41.1606
PINEpA,25.26,25.25,25.3,25.2301,5342.7991,25.2595
SPTU,25.025,25.02,25.0264,25.02,1595.1079,25.0214
MZZ,6.32,6.19,6.32,6.19,1317.334,6.2592
LRGG,28.3,28.35,28.45,28.3,143475.4513,28.3463
ZNOV,27.2534,27.29,27.29,27.25,6331.0,27.2731
GJUN,40.82,40.84,40.855,40.81,46079.0,40.8335
TRTNpB,25.42,25.33,25.42,25.32,8747.0,25.3773
RGLO,32.02,32.12,32.26,31.93,43090.028,32.0879
NFXS,17.6678,17.49,17.67,17.49,4365.2528,17.5857
ABLD,31.7507,32.19,32.19,31.73,6720.0818,31.87
IJUN,30.6249,30.71,30.71,30.57,4073.967395,30.6296
MUND,103.395,103.31,103.395,103.31,161.0,103.254
CATF,50.19,50.17,50.24,50.06,18738.666,50.2118
NDOW,29.21,29.32,29.33,29.17,7856.5909,29.2498
GRABW,0.0646,0.0675,0.0675,0.064,16827.0,0.06506
LDEM,63.365,63.815,63.87,63.365,1165.899,63.9627
GRNI,20.8228,21.04,21.0999,20.8,58218.65327,20.9097
TOT,22.9573,23.08,23.1,22.95,6479.0,23.0571
BAOS,2.77,2.87,2.895,2.77,6991.0,2.8313
HOII,10.3872,10.5992,10.6199,10.35,2837.789,10.483
BAMV,34.57,34.82,34.82,34.56,12539.6311,34.5945
KNRG,25.79,25.82,25.865,25.66,24414.6131,25.7776
DMX,50.15,50.23,50.24,50.13,9002.843,50.1864
DIVD,42.1222,42.44,42.47,41.92,1843.9624,42.2561
GABpG,20.2699,20.305,20.32,20.25,3122.0,20.2844
SHOpI,20.545,20.1,20.89,20.1,151618.4547,20.7671
XLYI,23.4459,23.52,23.52,23.3932,2868.5533,23.4751
PMTU,25.467,25.45,25.475,25.45,2119.294,25.458
SHOpH,21.4,21.4,21.8,21.4,24353.8467,21.7132
FCRX,25.1,25.1,25.1,25.0932,9867.0,25.0981
MFICL,25.55,25.55,25.55,25.55,2663.0,25.5445
PDLB,17.94,17.655,17.95,17.655,42422.39828,17.8519
TEK,37.7924,38.05,38.39,37.7501,3464.8534,38.0553
FB,44.17,44.141,44.1999,44.141,659.800117,44.1756
MGRT,139.0,134.81,139.0,134.59,35613.416168,136.7788
EMCS,44.2323,44.55,44.78,44.19,2623.8896,44.2757
INDP,2.03,2.02,2.2,1.81,95037.633733,2.0572
ARB,29.42,29.49,29.53,29.42,19871.694116,29.4842
UPGR,26.2809,26.77,26.8,26.26,18405.9544,26.5962
BWIV.U,10.12,10.12,10.125,10.0962,7161.0,10.1144
SIXA,54.4452,54.62,54.76,54.4452,2493.81728,54.5367
MARB,20.86,20.84,20.8899,20.83,15954.0811,20.8715
SGA,10.98,11.03,11.2,10.85,21331.914988,11.0509
NVBW,35.105,35.14,35.1699,35.08,7906.0,35.1147
RWTO,25.18,25.18,25.2101,25.18,1553.0,25.1998
TPFC,24.7324,24.985,24.9899,24.72,137364.0,24.9303
MAYP,31.98,32.01,32.04,31.925,19113.0,31.9712
DHLX,13.2475,13.32,13.32,13.235,774114.9785,13.3016
FUND,10.11,10.16,10.192,10.11,14331.2867,10.1555
DDT,26.08,26.15,26.17,26.0201,11957.72155,26.0842
BTMWW,0.0329,0.0345,0.0345,0.0315,37529.23912,0.03298
QQWZ,27.783,27.86,27.975,27.705,2446.3494,27.816
MEGL,1.16,1.12,1.17,1.1,5815.5,1.1245
HOLD,33.4716,33.345,33.4716,33.345,452.9139,33.3521
MRM,1.16,1.2,1.21,1.16,11761.0,1.1907
CNOBP,24.86,25.0,25.05,24.86,6016.0,24.9501
GNOV,41.2,41.245,41.3,41.15,7579.0,41.2075
CGTL,1.09,1.1201,1.24,1.05,112986.051333,1.085
BASV,29.1017,29.37,29.37,29.1017,6149.0,29.2047
DEEF,39.6307,40.17,40.19,39.6307,1129.4113,40.0083
FMSTW,0.98,0.9639,0.98,0.75,2094.0,0.8166
IVVB,34.1616,34.2,34.22,34.14,10685.79072,34.1765
MEMS,31.7791,32.13,32.15,31.7791,3625.3142,32.0019
SCOR,6.98,7.19,7.19,6.9681,9643.353852,7.0473
SONM,5.03,5.26,5.39,5.03,13167.402796,5.2072
VLYPO,25.05,25.04,25.05,25.0001,5658.8144,25.0359
GNTpA,20.7646,20.64,20.7646,20.6,2942.2942,20.6848
FUSEW,0.0999,0.1,0.1,0.097499,3377.0,0.09962
EMXF,55.4391,56.01,56.03,55.38,5300.63583,55.745
SOGP,15.23,15.31,15.42,15.19,10877.145584,15.2589
DULL,50.1177,49.01,50.2699,48.32,8861.96,49.9985
HBANM,22.5797,22.6,22.6,22.46,10966.0,22.5281
RISN,30.098,30.37,30.37,30.098,5027.7359,30.2543
RCON,0.84,0.8595,0.8605,0.8222,2787.162,0.8502
IJUL,34.93,35.11,35.18,34.93,4133.0,35.0497
AAPR,29.4052,29.49,29.49,29.405,4424.0,29.4474
RBUF,30.65,30.64,30.7,30.57,13633.993,30.6357
FSEC,43.92,44.0478,44.13,43.91,262530.6894,44.0579
CBLS,31.5912,31.92,31.92,31.5912,1790.683144,31.8021
WTIB,32.2107,30.98,32.33,30.55,7248.238,31.1244
LBAY,25.8567,25.98,26.03,25.8567,440.673952,25.9802
KNOV,30.6651,30.81,30.81,30.6651,6769.0,30.7684
TKNQ,23.8097,24.04,24.04,23.8097,117.0,24.0234
FCEF,23.7689,23.86,23.91,23.73,9558.6382,23.8265
SSACR,0.17,0.17,0.17,0.1601,5800.0,0.1615
DCX,2.47,2.27,2.5,2.251,25481.603444,2.398
IMSRW,3.575,3.83,3.88,3.45,22037.0,3.6002
NEXRW,0.0148,0.0144,0.0185,0.0113,17478.0,0.0145
CGGG,29.19,29.28,29.46,29.12,55213.0425,29.2012
FBYY,13.1663,13.16,13.18,13.16,1543.8201,13.1666
MODD,3.95,3.8,4.02,3.8,11647.1001,3.9406
CEW,19.562,19.67,20.555,19.562,2134.8542,19.6498
DDFL,21.01,21.0001,21.025,20.99,3094.0,21.0012
MINN,22.37,22.41,22.41,22.31,22830.7675,22.3572
JABS,49.995,50.03,50.03,49.995,412.8676,50.0249
BEAG,10.54,10.55,10.55,10.54,3208.0,10.5412
GSEP,40.315,40.3501,40.43,40.28715,13927.0,40.3653
GDEC,39.2684,39.33,39.355,39.25,7322.932,39.2936
XYZG,14.7434,15.18,15.25,14.685,46716.5705,16.351
MXE,13.48,13.5,13.71,13.48,3757.3924,13.6411
EMOP,51.2814,51.52,51.78,51.2401,501913.9581,51.5785
PLAG,1.92,2.19,2.19,1.83,28942.024875,1.9996
SPKLW,0.1725,0.18,0.19,0.17,10900.0,0.1797
FVC,38.9653,39.14,39.34,38.78,10098.5919,39.0377
AAPG,21.7,22.3723,22.3723,21.7,2904.495964,21.8965
JBDI,0.5801,0.575,0.6199,0.575,16925.0,0.5851
MITTpB,22.5193,22.491,22.7,22.49,3901.718,22.6092
QQXL,54.6251,54.95,55.37,54.39,2278.9139,54.7152
UCOP,40.4147,41.17,41.265,40.11,3882.0,40.7954
BJDX,1.82,1.89,1.9,1.6901,25736.514396,1.7753
XLBI,24.0155,24.45,24.45,24.0,2439.7742,24.2196
XCNY,32.8513,33.16,33.16,32.8513,327.426113,33.1087
UJB,78.3459,78.95,78.95,78.3459,264.5381,78.6196
FTW.WS,0.88,0.904,0.92,0.88,38630.0,0.9013
LOPP,37.6629,38.3599,38.36,37.6629,1158.378,38.3925
FITBP,23.66,23.515,23.66,23.495,3848.5491,23.586
TMTSW,0.56,0.56,0.56,0.56,4678.0,0.56
XTRE,49.2,49.315,49.32,49.2,14449.8436,49.2356
SYZ,29.2371,29.351,29.351,29.22,5454.0,29.3035
SRGpA,20.3,20.51,20.51,20.2,8358.0711,20.3303
GUMI,50.2801,50.28,50.29,50.27,19191.7633,50.281
TMTSU,10.17,10.3,10.32,10.15,3433.0,10.2194
AGQI,17.776,17.91,17.91,17.776,173.2818,17.9092
BApA,73.15,72.89,74.73,72.89,1973349.483006,73.627
TVA,10.51,10.52,10.54,10.49,26123.605346,10.5211
DSMC,39.5118,39.75,39.75,39.5098,2247.8772,39.5844
INNpF,17.6,17.58,17.77,17.58,10446.3676,17.6463
FDTS,71.2,72.09,72.09,70.92,1339.5746,71.3219
MDBH,3.5846,3.85,3.85,3.5846,849.0,3.7765
GIND,24.4244,24.705,24.705,24.42,5068.0,24.5082
EQLT,38.45,38.88,38.91,38.41,7159.7093,38.692
DFII,15.0648,15.14,15.16,14.98,17532.9445,15.0714
SFWL,0.8815,0.8801,0.9214,0.88,7925.0,0.8858
QMAG,24.95,24.93,24.97,24.9,11914.041,24.9269
CHMIpB,23.317,23.35,23.425,23.1,3978.5132,23.3259
WLDU,16.9,17.169,17.22,16.89,34684.1056,17.0325
RDAGW,0.48,0.49,0.49,0.48,887.0,0.4837
LDRH,24.655,24.706,24.72,24.655,6593.6475,24.706
EOCT,34.0105,34.01,34.02,33.9601,568.0,34.0244
FACTU,10.99,12.0,12.0,10.99,1100.0,11.0818
MGIH,1.47,1.52,1.52,1.47,5573.0,1.4891
CSNR,36.69,36.999,37.12,36.69,7975.815,36.8353
SAAQ,10.2,10.19,10.22,10.185,92670.037135,10.1931
AHTpI,6.0,5.85,6.31,5.3758,2869.0058,5.7803
ACOG,6.09,6.25,6.39,6.04,5445.700151,6.2641
RSBA,20.82,20.91,20.91,20.82,11294.9694,20.8628
RSSL,110.354,111.46,111.46,110.354,1973.4791,110.8915
DDFF,19.77,19.79,19.79,19.74,3693.0,19.7648
TRSY,30.12,30.125,30.1299,30.1141,4228.0766,30.1211
GXPD,27.3,27.36,27.36,27.15,10366.3322,27.231
VTEL,103.65,103.65,103.68,103.55,30464.716323,103.6092
MYY,15.75,15.58,15.76,15.58,9283.679658,15.7487
METCZ,25.3699,25.09,25.37,25.082,4039.0,25.1498
FDIQ,70.935,71.17,71.1999,70.935,1944.5983,71.0996
TAFL,24.995,25.0,25.04,24.995,15333.0,25.0031
QBUF,30.485,30.47,30.5072,30.46,38303.0,30.4812
CHAR,10.77,10.77,10.77,10.77,254.0,10.7651
ETFT,9.74,9.82,9.82,9.74,1610.124462,9.7837
XELB,2.43,2.37,2.45,2.2959,25640.301,2.3927
TBG,36.09,36.07,36.115,35.9302,16077.0684,36.065
SPYA,29.455,29.61,29.61,29.455,141.9627,29.6004
CCIXW,0.45,0.3801,0.45,0.3003,45373.942072,0.3991
CEPV,10.24,10.24,10.25,10.24,2306.0,10.2428
WCME,19.35,19.66,19.66,19.35,1665.2044,19.4621
SACHpA,17.98,18.07,18.07,17.96,3552.2948,17.9917
OBA,10.18,10.17,10.18,10.17,23329.0,10.1702
PTNQ,83.7494,84.0485,84.42,83.41,15388.9642,83.8861
LOTI,25.7622,25.84,25.84,25.7622,4047.0,25.7889
FKWL,3.46,3.51,3.53,3.41,6396.01,3.4844
TLNCW,0.35,0.5,0.5001,0.35,1373.0,0.4177
BBCQW,1.36,1.39,1.435,1.35,4689.0,1.381
HOVNP,20.85,20.82,20.85,20.8,1519.391944,20.8416
PZLV,26.7409,26.97,26.97,26.7409,257.0,26.9644
VIDI,39.2407,39.63,39.7,39.18,9043.441882,39.2767
AVRY,24.2498,24.34,24.39,24.21,6757.0,24.2811
INDE,27.9538,28.305,28.305,27.9538,2147.4565,28.2025
XTWO,49.05,49.11,49.11,49.0335,11946.8459,49.0571
NFLP,23.2341,23.385,23.57,23.2341,3113.0025,23.421
DYLG,26.7626,26.94,26.94,26.751,2530.6377,26.8525
PRXG,38.8157,38.98,39.11,38.765,7856.8328,38.9872
XRPR,11.3467,11.451,11.451,11.34,14019.062056,11.4038
VEM,27.3536,27.75,27.75,27.3536,973.0,27.7501
RSMR,22.9609,23.08,23.08,22.96,1133.0,23.0022
LITB,2.54,2.29,2.54,2.28,1320.259414,2.4153
EQTY,27.48,27.62,27.62,27.4,83658.6703,27.5409
NZUS,37.6312,37.82,37.82,37.6312,5419.0,37.8193
BZAIW,0.4401,0.46875,0.46875,0.432,13687.0,0.4439
BUFY,23.091,23.21,23.24,23.07,19045.713,23.1268
SQFTW,0.0122,0.0174,0.0174,0.0121,64365.843,0.016
ASPCR,0.1829,0.1829,0.1829,0.1829,104.0,0.1805
FDAT,21.9803,22.105,22.125,21.9803,331.0,22.0659
UONEK,5.725,6.5,6.5,5.725,6065.649019,6.0476
TAVIR,0.1318,0.1375,0.16,0.108801,13579.0,0.1126
HWCPZ,22.4,22.44,22.45,22.385,5205.112,22.4373
GENT,10.285,10.295,10.3099,10.27,12302.4362,10.2853
RUMBW,1.45,1.615,1.615,1.36,14040.089285,1.5264
JELH,25.178,25.195,25.33,25.178,4252.198,25.2565
GECCG,25.15,25.15,25.15,25.15,523.0,25.089
TPCS,4.12,4.25,4.31,4.08,17701.0,4.1787
XMAR,42.215,42.23,42.265,42.2,6123.0,42.2313
SLNHP,9.4999,8.86,9.4999,8.86,11231.9513,9.1257
KIDZW,0.0133,0.016,0.016,0.0132,233348.392592,0.01334
DIPR,25.0446,25.54,25.54,25.0446,319.0,25.543
DFTT,29.032,29.29,29.29,28.97,5448.172,29.2058
HURC,16.66,17.0,17.0,16.6536,8726.3639,16.7628
DAIO,2.83,2.87,2.92,2.815,43841.0,2.8584
CCZ,65.8,65.8,65.8,65.8,1282.0,65.2439
AAVM,33.848,34.2,34.32,33.848,9082.5611,34.2944
BUFC,42.0477,42.06,42.13,41.94,36904.0,41.9969
ZNB,1.672,1.71,1.75,1.66,11339.366323,1.6976
GDTC,0.7232,0.9001,0.91,0.7232,16882.0,0.8535
HWAY,37.525,37.45,38.12,33.71,2510.302964,36.868
JBK,26.6,26.5,26.6,26.45,20325.7579,26.5824
AGNCN,25.74,25.7763,25.7872,25.71,12731.894224,25.7554
QLC,86.98,87.34,87.5,86.885,17560.3506,87.1626
PEZ,98.9892,100.0,100.0,98.9892,348.119,99.7359
LSAF,48.82,49.112,49.112,48.78,3449.8633,48.9207
DJAN,44.945,45.025,45.08,44.9,9201.3166,44.9794
QSPT,33.96,34.02,34.1,33.94,17464.0,34.0327
PNOV,43.625,43.7,43.7732,43.5912,22157.0,43.6357
ATLCP,23.6589,23.94,23.94,23.6589,3960.2207,23.8123
SZK,10.9184,11.01,11.11,10.9184,1175.7768,11.0459
LIFT,24.9629,24.94,24.9629,24.94,144.1843,24.9495
ASHS,45.9769,46.21,46.2732,45.82,91911.527666,46.0501
VICE,32.866,33.3,33.3,32.866,595.088296,33.2883
RGEF,33.79,34.0801,34.0801,33.79,333.097019,33.9975
EUDV,53.4489,54.16,54.16,52.96,8390.7933,53.3697
AVMC,77.38,77.98,78.005,77.255,19863.8022,77.5796
RSPM,39.5254,40.23,40.23,39.525,11076.535573,39.7338
LCR,38.8967,39.045,39.07,38.8967,2322.8013,39.0374
RSPF,75.16,75.55,75.55,75.0801,8637.998324,75.2703
HTEC,34.0981,34.37,34.455,34.025,1968.855397,34.2447
NXTS,5.85,4.52,6.21,4.52,160690.751502,5.4746
VLN.WS,0.03465,0.039999,0.04,0.0337,9444.0,0.03763
VPX,27.4084,27.525,27.58,27.36,1113.0,27.5164
TPRY,20.5505,20.66,20.7,20.52,4355.583,20.6522
DYLD,22.4696,22.49,22.55,22.43,3039.8215,22.4615
ADPV,44.9282,45.29,45.29,44.86,9181.4612,45.0626
IBMR,25.34,25.34,25.35,25.3308,25932.4962,25.341
APLMW,0.0175,0.015999,0.0177,0.0138,83686.0,0.01679
YHNAR,0.12,0.1201,0.1201,0.12,4700.0,0.12
IPEX,10.45,10.45,10.45,10.45,145.0,10.4497
TACU,26.6018,26.71,26.76,26.58,2901.9473,26.6576
SSBI,13.63,13.53,13.63,13.53,1293.3378,13.6195
LDSF,19.0126,19.0105,19.02,18.985,20313.71258,19.0091
FBUF,31.75,31.77,31.77,31.75,2783.0146,31.7531
MLCI,4.07,4.145,4.33,4.05,23699.011023,4.1669
NAMMW,0.171,0.2301,0.2301,0.168,43679.0,0.2007
ZSEP,27.3598,27.31,27.3598,27.31,1836.0,27.3304
SVIVW,0.95,0.85,0.95,0.85,53198.0,0.8521
TSNF,29.57,29.86,29.96,29.55,2594.540924,29.8975
HIHO,0.795049,0.79,0.80245,0.79,3823.625333,0.8001
TLCI,25.61,25.95,25.95,25.59,1420.0,25.6569
QQQS,41.5003,41.84,41.96,41.43,4050.9797,41.6657
XHYT,33.875,33.93,33.93,33.875,155.6702,33.9278
GREEL,19.8092,19.92,19.92,19.8092,2001.0,18.6438
MMSC,27.2774,27.57,27.62,27.17,4594.715178,27.3273
SWZ,6.095,6.1,6.115,6.08,69096.5116,6.0998
JMSI,50.165,50.16,50.205,50.14,61213.7749,50.1762
HIND,2.1,2.2,2.21,2.1,6220.001,2.1606
BKMC,118.2128,119.21,119.265,118.2128,7169.9714,118.7612
PONOU,10.08,10.08,10.08,10.08,5000.0,10.08
SWP,28.6045,28.63,28.6999,28.53,5595.405894,28.6878
ANNAW,0.32,0.33,0.331,0.3061,8631.0,0.3179
MSST,42.5746,43.3,43.3,42.25,2692.2589,42.6365
GEMD,42.1489,42.31,42.35,42.1489,3700.875,42.2851
EZMO,26.5065,26.72,26.72,26.5065,3487.518,26.6164
MVPL,40.9604,41.28,41.44,40.9604,1085.9097,41.1076
PHEQ,33.9839,34.08,34.1,33.9839,10573.8855,34.0738
SFGV,34.41,34.64,34.64,34.39,15636.1601,34.4681
UMAR,41.6961,41.85,41.85,41.66,12170.0,41.7444
AGNCM,24.98,24.88,24.98,24.88,5726.2666,24.9558
IBMS,25.87,25.865,25.9,25.86,39669.4023,25.8739
RNIN,31.6126,31.555,31.75,31.555,8223.0,31.6787
MBINL,24.7,24.6164,24.7,24.61,14968.083,24.6318
TPFG,25.2217,25.35,25.3616,25.07,106662.0,25.3497
ASBPW,0.0152,0.0175,0.0175,0.0152,6214.0,0.01626
NBCE,40.0992,40.255,40.5,40.07,1975.9641,40.2708
CRBN,248.5,250.07,250.8613,248.5,6324.464989,249.2714
AIUP,27.6015,27.71,27.85,27.6015,3137.919,27.7676
KEMX,48.8419,49.4001,49.5898,48.8101,7328.765352,49.1715
PSFO,34.0107,34.05,34.05,34.0107,450.0,34.069
GFEB,43.4459,43.55,43.56,43.385,5964.0,43.4976
GSEU,47.8959,48.685,48.727,47.8959,5705.8254,48.4072
QJUN,33.4905,33.49,33.53,33.47,12870.0,33.4969
JG,6.66,6.76,6.76,6.66,1082.039,6.6688
SVRN,8.22,8.27,8.78,8.22,4928.59103,8.4048
GXUS,62.2434,62.89,62.89,62.2434,562.867,62.6632
NTWO,10.59,10.59,10.59,10.59,5852.0,10.5901
RGS,27.99,26.385,28.0,26.385,31172.913,26.9106
SFpB,23.68,23.65,23.94,23.65,17356.0,23.7226
ABRpE,16.99,16.8,16.99,16.8,10421.6009,16.8831
SSXU,36.36,36.69,36.69,36.34,11684.2357,36.5132
DYFI,22.8253,22.88,22.88,22.82,1006.0901,22.8342
GRAN,1.01,1.01,1.08,0.9355,6876.0,1.0176
CGCTW,1.2,1.2,1.23,1.15,135831.0,1.1983
XTOC,35.3463,35.38,35.4,35.32,11920.0,35.3577
GLOPpB,25.89,25.85,25.89,25.66,2111.0,25.7126
CPLB,21.005,21.0101,21.08,20.99,179266.0,21.0389
NAPR,58.49,58.55,58.68,58.4806,10022.0,58.5889
EFCpB,24.7,24.7693,24.7693,24.7,1890.8828,24.7226
VACH,13.0,12.84,13.16,12.725,7096.935207,13.0116
DXUV,64.7304,65.0,65.1783,64.72,13856.628151,64.9611
FNWD,31.85,31.0,32.0427,31.0,9573.2578,31.6086
BACC,10.43,10.35,10.4999,10.35,133935.507219,10.4404
INNpE,18.65,18.78,18.87,18.56,13582.4814,18.7324
NUBD,22.115,22.1905,22.1999,22.115,34375.9251,22.1567
WEEL,20.35,20.52,20.52,20.33,19833.0442,20.3928
CSIO,28.5556,28.697,28.74,28.5556,1302.7452,28.6891
NSI,39.1231,39.36,39.45,39.1231,340.0,39.3315
SABSW,0.0307,0.0243,0.0549,0.023601,101808.0,0.03336
JDVI,38.3745,38.915,38.915,38.3745,974.0,38.7101
EUO,28.84,28.72,29.2,28.68,15015.55166,28.7904
GPUSpD,19.5,20.0,20.0,19.5,3857.0,19.5658
DVXB,28.7294,29.55,29.55,28.7294,700.069,29.158
ADME,54.7546,54.94,55.09,54.6801,6579.621081,54.8053
TAXM,50.2214,50.23,50.23,50.2,4709.9156,50.2283
CPAG,102.3959,102.73,102.73,102.3959,669.0,102.6938
NPFI,26.03,26.089,26.09,26.025,22978.6038,26.0698
IRHOR,0.151,0.17,0.17,0.151,53752.0,0.1602
LWAY,25.64,26.4,26.65,25.61,36437.198198,25.9355
DTSTW,0.033,0.03,0.033,0.0226,208275.0,0.02999
GVUS,59.5588,59.88,59.9399,59.5588,212.5006,59.9049
QBY,9.4853,9.5501,9.59,9.465,3981.0455,9.5545
GRAF.WS,0.12,0.12,0.12,0.12,2230.0,0.12
CRGOW,0.11,0.104,0.1194,0.1005,3311.0,0.1098
NUAG,21.03,21.055,21.06,21.02,34961.6094,21.0312
XNOV,39.066,39.08,39.08,39.065,960.0,39.0772
UJUN,38.525,38.525,38.56,38.49,9263.44414,38.5244
UJUL,40.16,40.2,40.24,40.16,5331.93856,40.1935
TVGNW,0.0347,0.0316,0.036,0.0316,20734.0,0.03459
TGLR,39.15,39.35,39.35,39.06,5668.4523,39.2059
EBUF,31.368,31.395,31.4,31.34,5331.6927,31.3603
BITK,12.6152,12.67,12.69,12.56,1492.2868,12.6294
BLRK,9.93,9.94,9.94,9.925,14232.0,9.9321
DEED,21.41,21.44,21.46,21.41,8757.335048,21.4381
FPRO,24.8265,24.83,24.94,24.73,1276.964,24.8421
APUE,44.88,45.04,45.15,44.79,146292.74,44.9163
USEP,40.7355,40.78,40.82,40.71,6549.0,40.7797
NUCLW,1.8,1.9,2.09,1.8,159725.0,1.9606
BLST,25.09,25.14,25.14,25.085,13974.9656,25.1046
ZJAN,27.84,27.87,27.87,27.84,1884.014351,27.8416
BVAL,30.08,30.17,30.2,30.02,21720.8587,30.0721
RSPC,38.3556,38.6054,38.6054,38.34,4164.748539,38.3681
MSTI,20.375,20.41,20.41,20.375,341.9807,20.1331
UAUG,41.41,41.46,41.5,41.3818,6826.0,41.4345
UOCT,40.495,40.5328,40.5999,40.47,5893.0,40.5179
TACN,27.511,27.88,27.88,27.511,952.572,27.6908
GAA,35.1679,35.26,35.4,35.16,22712.0526,35.2806
ADGM,0.953,0.9713,1.04,0.95,35241.0694,0.9742
SMN,10.0514,9.79,10.1,9.79,1470.5363,9.98
JHEM,39.4727,39.8582,39.96,39.4301,13298.0265,39.7959
OCIO,36.755,37.06,37.09,36.755,3153.68,36.9146
CNOpA,18.08,17.95,18.1699,17.92,4824.0,18.0062
KCCA,14.945,15.03,15.03,14.91,57845.149216,14.9587
FLV,79.76,79.93,79.96,79.61,36566.2862,79.7717
JZ,0.89,0.9215,0.9697,0.873,3968.399934,0.9312
SROI,36.4909,36.7407,36.7407,36.4909,314.745,36.7448
DMAR,44.2401,44.28,44.33,44.2401,3755.0,44.2721
XCOR,86.7997,87.42,87.42,86.7997,1346.246,86.9681
TEND,26.72,26.77,26.77,26.72,20608.548,26.7688
KCA.U,10.05,10.1,10.1,10.05,6503.0,10.0515
LSBK,15.8425,15.885,15.95,15.8216,6777.515989,15.9282
CVLC,91.22,91.65,91.845,91.085,23998.158899,91.6351
DVXE,36.7271,36.35,36.73,36.335,831.066,36.4021
BFIX,25.28,25.27,25.37,25.23,1096.8618,25.3139
BOEG,15.8708,15.73,16.6198,15.7,44845.2185,16.2866
NGHT,27.32,26.95,27.4,26.95,1293.032,27.3571
DMBS,49.165,49.3697,49.38,49.15,52605.9626,49.218
TJUL,30.105,30.1,30.15,30.06,4679.887128,30.0941
BRNY,55.07,55.495,55.55,55.0,119979.348159,55.0735
NETL,26.5087,26.43,26.575,26.4,3274.6616,26.4972
BNAIW,0.1575,0.17,0.17,0.145,31897.0,0.154
OXBRW,0.1004,0.1003,0.1004,0.1003,200.0,0.1004
FDG,134.3001,134.71,135.09,134.0,21131.5988,134.4316
CUB,10.8,10.81,10.81,10.78,4347.0,10.8081
DMAA,10.6,10.57,10.6,10.57,20602.724528,10.5994
NNNN,25.88,27.2,27.2,25.43,27548.465824,26.2317
MMK,100.065,100.05,100.065,100.05,286.0,100.0553
KHYB,24.175,24.2,24.21,24.17,7954.1486,24.1852
MBCC,38.2612,38.46,38.46,38.1701,5875.1057,38.2949
BEATW,0.1152,0.1152,0.1178,0.1152,1637.0,0.1119
EPAI,27.9618,28.29,28.45,27.89,3231.555366,28.2381
DHCNI,18.38,17.4668,18.38,17.35,9227.924,18.0848
VLYPP,25.25,25.3,25.3,25.25,1202.0,25.2565
BHFAM,11.63,11.64,11.6773,11.55,3830.0,11.6089
DCOY,5.74,6.01,6.01,5.51,2192.85511,5.8387
LGCL,1.79,1.77,1.94,1.7101,4054.362162,1.7711
SCCD,24.8,24.65,24.8,24.62,4434.0,24.6843
EMIF,28.775,28.99,28.99,28.775,1349.6648,28.9522
ZIG,39.1443,39.17,39.23,39.1443,872.6185,39.1951
BVC,10.516,10.9,10.9,10.516,1009.260132,10.5185
MSSS,33.25,33.27,33.27,33.14,2166.3914,33.1966
GSIW,29.23,29.23,29.23,29.22,4070.264876,29.1757
INCR,0.841,0.855799,0.8916,0.841,5113.0,0.8748
GRN,29.5739,29.62,29.675,29.57,2981.0,29.6471
ILLUW,0.31,0.3849,0.3999,0.31,121950.0,0.3193
KWIN,25.47,25.56,25.62,25.46,13780.621263,25.5081
ECCC,24.2499,24.31,24.41,24.0801,20590.0,24.196
ABLV,0.67,0.675,0.675,0.65,7079.0,0.66
NPFE,26.198,26.35,26.38,26.198,407.0,26.3294
PMMY,26.64,26.6801,26.7,26.64,9525.0,26.6921
MCGAW,0.34,0.34,0.35,0.34,2567.0,0.3444
TOUR,6.08,6.055,6.37,6.055,18595.33648,6.1818
XEY,24.9311,24.99,24.9901,24.925,988.0,24.9459
ZOCT,27.3858,27.415,27.415,27.38,2482.984,27.3977
JGRW,26.79,26.9,27.01,26.79,27100.4003,26.8975
NHPBP,20.58,20.7,20.8,20.58,4469.9751,20.72
KRAQW,0.5,0.5,0.5,0.44,3113.0,0.4716
GNLpE,23.1,23.01,23.11,23.01,11782.093,23.0736
GGNpB,20.07,20.0272,20.12,20.0101,2049.0958,20.0665
FDRS,23.09,23.16,23.26,23.06,27486.086,23.1137
PCSC,11.28,11.48,11.48,11.28,3142.0,11.3465
AMHpG,23.13,22.85,23.13,22.85,4357.4379,23.0084
CODIpB,22.4275,22.5,22.5,22.01,4137.903,22.3495
TMH,50.98,51.18,51.18,50.98,320.999411,51.0937
MDPL,26.48,26.3,26.56,26.28,3198.0,26.475
SPBX,28.6709,28.73,28.7599,28.62,12616.0,28.7161
THY,22.09,22.17,22.17,22.09,4242.323805,22.1384
DDEC,46.73,46.8,46.835,46.6901,10374.0,46.7455
RLJpA,25.25,25.09,25.25,25.09,18704.3459,25.2004
SVACU,10.77,10.78,10.78,10.77,1180.0,10.7807
AVSD,79.2,80.15,80.21,79.13,13656.7337,79.5241
BRKRP,337.61,337.99,340.6,335.41,4283.482126,337.732
AMHpH,23.98,23.98,24.02,23.96,3050.7112,23.9809
LQDM,24.8852,24.96,24.97,24.885,5347.064,24.9496
PQNT,22.362,22.55,22.55,22.362,205.0,22.5286
PLUN.U,10.02,10.02,10.03,10.019,10673.0,10.024
AFIX,24.865,24.94,24.94,24.86,928.08,24.8942
CBNA,37.3,37.225,37.38,36.8113,2087.0,37.2004
INAC,10.18,10.18,10.18,10.15,6010.0,10.1726
VBCA,75.485,75.495,75.52,75.485,2462.495,75.5047
NUSB,25.21,25.215,25.22,25.21,4125.034849,25.2152
GLXG,1.185,1.102,1.185,1.09,5273.0,1.1139
BEGS,21.063,21.48,21.48,21.063,770.9217,21.4007
HEMI,41.5698,41.57,41.7,41.56,2513.0,41.6253
YDKG,0.882,0.8802,0.8952,0.8666,11270.306155,0.8789
XCLR,27.2435,27.32,27.32,27.2435,478.9698,27.3103
MARU,29.1804,29.31,29.31,29.1804,4600.0,29.234
TIME,26.4711,26.64,26.64,26.415,13899.4993,26.5486
FLGpU,41.68,41.5,41.7,41.415,6123.0,41.5879
ARCLU,10.02,10.02,10.02,10.02,8154.0,10.02
BNKU,31.6758,32.51,32.51,31.6758,8299.434215,32.1219
VACI.WS,0.81,0.7465,0.85,0.74,74552.0,0.8073
BDEC,52.2299,52.36,52.3601,52.14,7755.0,52.2253
EFO,70.6224,72.48,72.62,70.5501,27532.335484,71.1846
EONR.WS,0.0993,0.0901,0.11,0.0885,9182.0,0.09493
BRES,26.3923,26.52,26.57,26.3923,39700.394343,26.5554
RECT,1.4,1.3799,1.4493,1.32,25142.841255,1.3819
INOV,36.095,36.4,36.4,36.095,281.7971,36.4031
ALCO,41.3,40.745,41.42,40.715,10623.0858,41.0883
IBHK,25.665,25.755,25.768,25.665,6958.613842,25.7166
VBCI,75.6054,75.98,75.98,75.6054,4438.2665,75.7525
KEMQ,25.28,25.62,25.6428,25.28,2713.192,25.3726
SCSB,24.99,25.0,25.0,24.96,14377.4307,24.9919
JCTC,2.05,2.135,2.135,1.99,87270.0,2.0347
BDMDW,0.071275,0.071275,0.071275,0.071275,100.0,0.07128
CFTRpA,24.95,24.85,24.95,24.85,1481.8115,24.8843
JIII,49.855,50.02,50.02,49.82,6918.0707,49.9057
QQXT,97.8979,98.211291,98.48,97.8979,985.8551,98.2274
CAIIU,9.96,9.9622,9.97,9.96,107169.0,9.9697
ESIX,35.2865,35.41,35.56,35.2865,1911.4166,35.4212
PRCS,27.7871,27.94,27.95,27.77,29962.551,27.8447
IQDY,41.6606,42.1,42.15,41.6606,2100.43801,41.9433
INTM,51.725,51.7698,52.02,51.725,1000.0,51.8989
STEN,26.97,27.04,27.0699,26.94,11034.3335,27.0404
GCAL,50.8899,50.91,50.97,50.88,18195.868385,50.9074
FXP,19.0809,18.86,19.15,18.815,3740.0,18.9197
DDTJ,19.775,19.8,19.81,19.775,1779.0,19.797
THLV,32.3025,32.51,32.51,32.29,4098.8655,32.3696
TRBF,49.455,49.62,49.62,49.42,1686.0,49.5108
GQQQ,34.4497,34.705,34.82,34.42,8932.8145,34.684
SAAQU,10.45,10.32,10.45,10.32,805.0,10.321
IOCT,36.3428,36.555,36.5999,36.3428,1401.0,36.4894
HWBK,37.0,36.38,37.0,36.3341,11240.9959,36.7351
MVFG,34.2199,34.49,34.49,34.15,14557.6818,34.2237
AGGA,25.105,25.155,25.16,25.0905,26720.8457,25.1219
LVWR.WS,0.039,0.0375,0.039,0.0375,29487.0,0.03819
OAKI,25.4666,25.88,25.88,25.4666,1170.2,25.6548
ACPpA,19.87,19.821,19.9606,19.821,4534.0,19.89
SIXS,54.9726,54.93,54.9726,54.93,117.0,54.9717
BCTXL,0.99,1.01,1.1,0.99,35945.0,1.0597
IOTR,2.4,2.5293,2.565,2.2941,7217.325203,2.4938
GSGO,42.6273,42.91,42.97,42.56,5803.0,42.7517
PSTR,30.38,30.56,30.56,30.28,7649.0,30.4322
CSBR,5.99,5.99,6.0,5.865,17145.0,5.938
WFCpY,23.91,23.9211,24.0,23.9,30410.2314,23.9474
ETHO,74.2719,74.705,74.74,74.2719,4958.463131,74.6345
PBQQ,30.945,30.95,31.01,30.88,409514.8541,30.9498
DEMZ,44.3257,44.4942,44.51,44.3257,1722.5844,44.4152
GLEDr,0.22,0.2,0.25,0.2,25443.0,0.2013
IDUB,27.25,27.481,27.58,27.24,26259.3563,27.4263
DHDG,35.885,35.92,35.97,35.8601,7049.0,35.9172
QRED,9.89,9.9,9.91,9.87,406671.0,9.8898
HCRB,35.07,35.2,35.2,35.07,11421.056,35.1158
GOCT,40.9,40.93,40.975,40.87,6152.6471,40.9325
MAYU,33.5858,33.7299,33.74,33.58,5625.0,33.621
RWTQ,25.54,25.55,25.6101,25.5219,16897.0,25.587
INTJ,10.0,10.0,10.0593,10.0,2057.0,10.0045
WTBN,25.245,25.335,25.35,25.245,3444.4628,25.2984
IPAV,34.8952,35.4,35.4,34.8952,1158.855,35.0383
INRO,34.9204,35.17,35.17,34.9204,1191.8898,35.1137
COLA,10.59,10.57,10.59,10.55,2036.0,10.5651
FCBD,25.4381,25.49,25.49,25.4334,3189.5207,25.4658
AHYB,46.2109,46.3385,46.34,46.2109,3161.9574,46.3265
MEMX,46.9466,47.48,47.495,46.9466,2970.8721,47.3352
CAPN,11.0,11.0,11.0,11.0,300.0,11.01
RSMC,28.3919,28.7993,28.82,28.3919,38279.0,28.8088
HVIIR,0.405,0.440399,0.4839,0.405,5141.0,0.468
CPNQ,27.1895,27.22,27.22,27.1895,523.0,27.22
REMG,36.105,36.63,36.66,36.07,13419.675,36.3294
TDSC,27.235,27.31,27.34,27.2,9331.008,27.2953
FJP,77.855,77.85,78.69,77.41,11340.227445,78.1739
GMOM,37.18,37.505,37.505,37.17,2141.7018,37.397
CFIT,25.9261,26.01,26.02,25.9261,1998.76,25.988
TSIC,25.4183,25.39,25.4183,25.35,738.063754,25.4058
OXSQG,24.32,24.32,24.32,24.32,139.0,24.2944
PSNYW,3.0,3.04,3.0501,3.0,3599.707107,3.0353
NATH,101.48,101.255,101.74,100.8801,18329.282,101.5118
XBB,40.806,40.925,40.93,40.805,7466.029033,40.8461
BAMY,27.7174,27.81,27.81,27.71,8355.2137,27.7415
KMID,25.061,25.14,25.18,25.055,1927.8019,25.1496
FMKT,22.38,22.55,22.58,22.32,11539.5503,22.3827
STRRP,10.17,10.1101,10.18,10.11,2053.1589,10.1604
TOLZ,60.2553,60.2319,60.41,60.13,6017.548817,60.2727
RUSC,36.0797,36.46,36.475,36.042,6317.094,36.2467
PY,53.2438,53.34,53.44,53.21,6167.62564,53.3492
ROPE,28.6531,28.67,28.67,28.6531,519.0,28.6673
SDAWW,0.15,0.15,0.15,0.1056,6464.0,0.1276
KAPR,38.53,38.72,38.727,38.53,4742.664,38.6004
RAFE,44.9438,45.1,45.1,44.9438,1950.1735,45.0479
TSEL,28.7624,28.83,28.9085,28.72,8383.0,28.8162
RIFR,28.32,28.41,28.45,28.32,10816.137,28.3694
BOCT,51.9873,52.1203,52.1601,51.95,9172.0,52.085
GBND,50.502,50.71,50.71,50.485,17917.87,50.5893
HPPpC,14.95,14.16,15.15,14.16,10933.4876,14.9308
CLSM,26.4048,26.49,26.55,26.34,5329.546864,26.4063
MIGO,27.7355,27.95,27.95,27.66,205.0,27.8021
EDGU,30.438,30.59,30.65,30.41,32728.2183,30.4903
DRES,29.9,30.03,30.17,29.9,2201.4523,30.0554
RUNN,32.8655,32.945,33.119,32.8036,33588.9303,32.865
WSGE,27.2265,27.42,27.44,27.2265,633.551,27.4014
MTGP,44.195,44.3758,44.3758,44.16,21841.5452,44.35
TDSB,24.8483,24.9001,24.93,24.83,1809.707,24.8487
TCV,30.4641,30.44,30.4641,30.44,164.0,30.4811
EVAC,10.14,10.14,10.14,10.14,299.0,10.1392
CAPNR,0.23,0.2191,0.23,0.2191,500.0,0.2219
MSMR,36.21,36.25,36.27,36.13,23473.7276,36.2058
SFEB,25.39,25.51,25.51,25.3872,10281.0,25.4241
RPHS,10.586,10.58,10.64,10.5401,4227.4541,10.5855
DIVS,32.293,32.44,32.4658,32.293,1204.0634,32.4307
MYCJ,24.71,24.8,24.8,24.71,735.0,24.7415
LDRX,35.0917,35.39,35.39,35.0917,9835.8607,35.1911
IRTR,31.7852,31.94,31.95,31.78,3106.494357,31.8728
XITK,185.2368,187.57,187.57,185.2368,810.846,185.6989
BYFC,9.84,9.49,9.86,9.49,8913.245294,9.6867
BMHL,3.7,3.53,3.7,3.49,4480.0,3.5469
GABF,43.916,44.08,44.08,43.916,2500.3116,44.0393
RJVI,24.935,25.01,25.01,24.935,641.08,25.0035
BDBT,25.24,25.33,25.33,25.235,40600.8261,25.2619
XTWY,37.0405,37.34,37.34,37.035,12422.7887,37.1803
PONOR,0.22,0.22,0.22,0.22,467499.0,0.22
MMAX,26.95,26.99,26.99,26.95,1174.9861,26.9569
XFLHr,0.1,0.1001,0.1001,0.1,90800.0,0.1001
HBTA,31.6206,31.7889,31.91,31.565,5827.0,31.761
EGHAR,0.31,0.31,0.31,0.31,1211.0,0.3104
CABZ,23.81,24.05,24.05,23.77,1983.476,23.9018
SPLS,52.8654,53.1,53.22,52.8654,10355.0131,52.9446
QQQP,212.6365,214.59,214.59,211.68,1536.74,212.8377
LFSC,38.3888,38.62,38.62,38.3888,256.029,38.7117
OXLCL,24.28,24.26,24.34,24.2131,2354.04,24.2661
LSE,4.95,4.95,4.99,4.9,5108.820896,4.9414
PDYNW,0.0511,0.0561,0.05905,0.0476,151971.0,0.05176
FLEU,34.7357,35.32,35.32,34.7357,3518.3945,35.0553
NJUN,32.765,32.785,32.7851,32.74,5805.0,32.7477
GEGGL,24.55,24.59,24.6,24.45,2668.0,24.5526
KRMA,46.3128,46.55,46.55,46.3128,1701.8145,46.4161
ONOF,39.0739,39.21,39.21,38.9502,7284.4024,39.0622
IVAL,35.0846,35.41,35.47,35.0846,9278.777214,35.2583
DWUS,58.3522,58.73,58.73,58.3522,296.2091,58.7215
RDACU,9.66,9.9,9.9,9.66,761.483111,9.7708
BINT,31.84,32.13,32.19,31.82,28520.0265,31.94
FHYS,23.135,23.15,23.16,23.12,17085.3318,23.1424
PQAP,31.59,31.58,31.59,31.57,703.0,31.5917
PARK,16.875,17.16,17.25,16.875,6494.0,17.2392
TDEC,26.31,26.34,26.34,26.31,400.0,26.325
AHLT,28.8973,28.975,28.975,28.78,6431.01,28.8703
HYNE,15.7,15.65,15.7,15.61,40925.0779,15.6851
XTJL,40.65,40.63,40.6899,40.61,18712.0,40.616
DABS,50.525,50.56,50.72,50.51,13985.655,50.556
RIBBR,0.23,0.23,0.23,0.23,400.0,0.23
ZTAX,26.05,25.75,26.05,25.75,496.5268,25.7969
APRB,26.51,26.54,26.58,26.5,2594.0,26.5246
DNOV,50.605,50.64,50.675,50.57,10970.0,50.5913
CFO,77.2363,77.43,77.71,77.2363,3891.791571,77.4637
FHDG,35.705,35.75,35.75,35.66,18854.0,35.6725
OVM,21.7698,21.775,21.8199,21.7545,1976.5645,21.7768
EPMB,25.7906,26.0,26.0,25.7906,111.0,25.991
GTR,26.7662,26.85,26.91,26.7662,6058.0,26.897
CIIT,1.52,1.42,1.52,1.41,13848.317143,1.4553
XDQQ,40.19,40.18,40.27,40.17,4214.7448,40.1946
AQEC,24.3543,24.33,24.4,24.31,57328.0,24.3749
FGMCR,0.6425,0.5742,0.65,0.56,79571.0,0.6161
TRFM,56.4096,57.135,57.34,56.1097,24897.8566,56.866
ARLI,25.8331,26.11,26.11,25.8331,905.0,26.0192
APWC,1.5001,1.51,1.56,1.5001,4126.063292,1.4893
VYLD,28.2196,28.191,28.2196,28.16,3918.0,28.1925
PBOC,30.19,30.242,30.242,30.18,8896.0,30.201
JANP,34.1769,34.245,34.245,34.161,10530.0,34.173
BOLT,4.59,4.6,4.7899,4.5,24595.284878,4.6487
LRND,43.5724,43.84,43.84,43.5724,178.5933,43.8002
MITTpA,23.005,22.9,23.115,22.8,3720.1478,22.9142
ISEP,33.9047,34.07,34.07,33.9,4724.0,33.9619
PBJL,30.935,30.9596,30.96,30.9,11870.0,30.9244
DTW,21.72,21.8,21.8443,21.7142,13281.837,21.7794
CELUW,0.0078,0.007901,0.007903,0.0078,66500.0,0.007898
BCHP,37.7469,37.93,38.0,37.73,13670.704,37.9034
WRND,41.828,42.175,42.175,41.82,1156.4632,41.8881
PCLG,22.5866,22.65,22.69,22.56,14645.42993,22.619
ACLC,82.3135,82.8,82.8,82.28,22903.415,82.5446
AHTpF,6.2,6.57,6.57,6.12,6967.7783,6.286
FTRK,0.3989,0.3998,0.3999,0.3807,8318.0,0.3942
EASY,26.3322,26.3,26.38,26.3,14923.5293,26.3755
DTEC,47.1041,47.465,47.465,47.025,290.0238,47.246
SOVF,28.7466,28.92,28.96,28.7466,2648.822,28.8632
FDSB,15.21,15.1001,15.21,15.1001,3627.0,15.1656
URE,69.9476,69.48,70.3701,69.43,3643.129434,69.9975
VDIG,60.397,60.44,60.56,60.3,4268.9378,60.4374
SAGU.U,10.0,10.0,10.01,10.0,2497898.0,10.0033
IDVZ,34.7584,34.965,34.99,34.73,10434.1116,34.8544
PFOE,23.6487,23.795,23.84,23.62,13524.0,23.7115
XTR,27.8768,28.03,28.069,27.8768,3771.324,27.992
PCHI,24.64,24.621,24.6999,24.58,1458.824,24.6594
UEVM,61.2223,61.555,61.555,61.2223,15752.9061,61.2795
EJUL,30.92,30.97,31.0399,30.92,8016.0,30.9941
PFDE,26.9031,27.105,27.12,26.85,14313.0,26.97
SPHL,2.68,2.82,2.84,2.66,6914.0,2.752
QVML,43.1985,43.42,43.45,43.17,3826.2953,43.2727
PEBpG,20.03,20.1,20.16,19.99,63185.7898,20.0336
TDOT,15.811,15.9299,15.9299,15.719,6238.875,15.7989
CAQUU,9.965,9.965,9.965,9.965,100.0,9.965
ESLG,26.3912,26.61,26.66,26.3912,4937.9898,26.5928
HLXX,24.2591,27.65,28.72,24.2591,8783.0,27.1467
BMAR,56.57,56.75,56.83,56.5601,6213.884,56.6405
UDI,34.0908,34.13,34.22,34.0908,1469.0847,34.1349
BAMO,33.84,33.93,33.93,33.81,7455.253,33.8491
DDFA,19.975,19.999,19.999,19.975,1858.0,19.9858
COE,23.6001,26.0,26.0,23.6001,4544.090848,24.8834
MOG.B,322.79,322.78,322.79,322.78,252.510722,321.5349
ICPY,12.055,12.15,12.15,12.05,1951.2347,12.0754
SHE,147.9574,149.52,149.52,147.64,2109.299792,148.3248
BLUC,30.5757,30.75,30.8,30.53,30134.9066,30.6024
HOMZ,44.2852,44.34,44.55,44.2852,1487.22417,44.4169
ETS,0.5432,0.57,0.58,0.5431,84012.0,0.5559
FLN,26.8356,27.14,27.14,26.8101,10420.973486,26.9126
NPAC,10.32,10.3201,10.3299,10.32,17921.0,10.3243
GIGM,1.43,1.4241,1.43,1.34,18465.0,1.4205
OZ,50.91,50.85,51.0,50.85,1556.0,50.9132
LYLD,29.599,29.64,29.64,29.599,283.0644,29.6413
WAFDP,16.68,16.66,16.7188,16.56,7047.233,16.6366
ARKT,18.8499,18.92,18.92,18.78,466.11514,18.8842
FLGR,33.4843,34.049,34.049,33.4843,3084.110578,33.8893
DUKX,28.2434,28.53,28.5301,28.2434,406.7812,28.527
OPBK,14.59,14.42,14.64,14.42,31652.9728,14.5783
XIJN,30.78,30.7836,30.8029,30.74,11035.8741,30.7791
SURI,17.7009,17.7,17.75,17.7,579.933,17.712
MITN,25.24,25.36,25.36,25.24,1638.197,25.3077
CUSD,19.545,19.345,19.545,19.345,552.9774,19.3996
DDFN,19.83,19.84,19.86,19.82,69412.0,19.8207
SECR,25.535,25.59,25.6,25.535,806.113,25.5883
MEM,44.1628,44.61,44.61,44.1628,3150.4682,44.2735
AHRTpA,21.7,21.58,21.7,21.58,3328.0653,21.642
ZMAR,28.09,28.09,28.09,28.06,7132.0,28.0802
MKTN,25.45,25.54,25.54,25.45,10241.0331,25.5043
DUKQ,30.111,30.265,30.34,30.111,2010.2595,30.3249
PSQA,20.57,20.53,20.6,20.53,10271.0204,20.5798
DDNQ,20.515,20.53,20.55,20.5,47709.0,20.5017
ECCV,23.92,23.89,24.0,23.89,1564.924,23.9306
BFSpD,20.57,20.62,20.68,20.54,1101.2023,20.6094
ESLV,27.0112,27.11,27.13,27.01,8767.7134,27.0813
ARCI,9.95,9.949,9.95,9.92,30000.0,9.945
JANM,33.635,33.632,33.635,33.61,1030.0,33.6122
BJAN,57.84,57.94,57.99,57.77,10856.72784,57.8265
IACOU,10.0,9.98,10.01,9.98,55611.0,9.9997
NJAN,57.992,58.02,58.02,57.89,4181.0,57.9535
EFAX,53.1139,53.76,53.82,53.1139,6633.9981,53.5529
DEFR,26.6452,26.74,26.74,26.61,18166.0,26.6517
FUNC,38.18,37.885,38.47,37.19,9023.0059,38.0107
VEGA,51.7551,51.94,52.09,51.75,4734.332,51.9159
WCAP,9.22,9.26,9.26,9.2,1603.107898,9.2169
IQSU,59.45,59.795,59.82,59.31,1792.1056,59.5935
DDFO,22.23,22.23,22.31,22.21,3001.0,22.2657
ADAMN,23.43,23.25,23.43,23.25,11551.3731,23.3768
GENVR,0.45,0.434,0.49255,0.428,23784.539163,0.466
IVSS,28.3273,28.36,28.51,28.3,10482.074,28.3937
NBIE,25.625,25.87,25.9,25.625,17453.0,25.8319
ELLO,24.5,24.02,24.5,24.0,1982.473,24.0193
DVAL,15.0667,15.07,15.07,15.0667,226.659,15.1268
BPYPM,16.95,16.805,16.95,16.805,9384.74331,16.9237
NSTS,12.75,12.7501,12.7501,12.75,552.0,12.7005
FMQQ,12.045,12.18,12.18,12.03,4403.8776,12.0675
EVIM,52.985,53.02,53.03,52.97,13584.497,52.9942
ICUCW,0.0199,0.0198,0.02,0.0175,34061.0,0.01944
ITDI,41.0735,41.35,41.35,41.0735,3485.09452,41.1421
OVB,20.61,20.7299,20.7299,20.61,4012.0033,20.6594
THEQ,29.3667,29.49,29.49,29.35,1558.0126,29.3631
RINF,32.5225,32.38,32.5225,32.38,2766.2602,32.4309
QBF,19.0931,19.19,19.19,19.065,927.5407,19.1112
JELM,25.14,25.21,25.21,25.14,909.862,25.1528
LTL,27.5567,27.61,27.83,27.54,1055.4089,27.6789
ADFI,8.4952,8.525,8.525,8.4952,7844.1065,8.5058
JHDG,26.7591,26.92,26.92,26.7591,3825.037,26.8997
CEFD,19.0367,19.2,19.2,19.0,1460.5881,19.1732
BSMC,38.1825,38.35,38.41,38.1023,7007.7642,38.3215
QTJL,41.805,41.825,41.825,41.75,503.0,41.7756
PCLO,24.945,24.94,24.95,24.94,923.661,24.9465
CHMIpA,20.95,21.1,21.1,20.95,2855.9445,21.0613
ZAPR,26.515,26.53,26.56,26.49,6088.0,26.5344
SIGIP,16.74,16.715,16.76,16.715,2049.634,16.7376
WENN,10.23,10.235,10.24,10.23,131483.0,10.2399
MILK,24.565,24.65,24.65,24.56,2466.6386,24.6254
SHMDW,1.54,1.6,1.6,1.48,30254.0,1.5512
DUBS,40.7423,40.98,40.99,40.69,14882.6008,40.827
IBMT,25.73,25.74,25.7407,25.725,7447.3229,25.7441
KEEX,65.72,64.64,65.905,56.6501,6730.725319,63.3841
CSHP,99.365,99.38,99.38,99.365,243.0119,99.3708
TSCM,19.6516,19.6743,19.68,19.6516,814.0,19.6784
RANG,10.61,10.59,10.61,10.59,100100.0,10.59
GSWO,62.205,62.609,62.66,62.1767,61370.930259,62.5725
WRBpE,21.61,21.715,21.751,21.6,6833.53,21.6946
JULU,31.415,31.58,31.59,31.39,6423.0,31.4867
HNNAZ,24.93,24.94,24.94,24.93,498.0,24.933
ESBA,5.51,5.43,5.595,5.43,5688.2135,5.5744
CTEX,40.697,41.5664,41.5664,40.65,2498.2411,40.7743
SCNM,24.9775,25.02,25.02,24.96,12432.5474,24.9841
ARLU,31.3774,31.53,31.53,31.3774,1353.0,31.5276
MFLX,17.18,17.245,17.25,17.18,12470.753,17.2443
CEFZ,8.295,8.335,8.35,8.27,8007.2771,8.3041
CSTK,31.3688,31.44,31.49,31.3688,544.1895,31.4274
NAAS,2.27,2.2363,2.36,2.2,5090.0,2.2902
XSEP,43.815,43.855,43.86,43.78,945.0,43.8218
ICRpA,20.98,21.0,21.0001,20.95,2073.5945,20.9887
RFAMU,9.95,9.94,9.95,9.94,1768.0,9.9462
AMJB,35.6,34.68,35.6,34.6278,8071.891025,35.1099
HFROpB,16.43,16.44,16.51,16.43,4795.7146,16.463
QTJA,32.2624,32.33,32.33,32.2624,69073.55847,32.27
KAMO,24.73,24.7601,24.7601,24.72,16595.0,24.7442
RYOJ,2.04,1.97,2.0799,1.9599,8040.045198,2.0044
SYFpA,20.05,20.0909,20.12,20.03,74880.5893,20.0621
WVVIP,2.865,2.865,2.865,2.865,138.7596,2.8649
USCA,43.4038,43.6187,43.6187,43.4038,395.8087,43.5426
MSC,2.7,2.19,2.71,2.19,14066.166306,2.4859
WDGF,32.2235,32.4,32.6398,32.1601,3715.267,32.5356
DAUG,46.067,46.1101,46.14,46.04,8633.8883,46.0881
PFFL,8.2038,8.26,8.26,8.2038,107.817,8.2639
FLGpA,22.955,22.9564,23.05,22.91,16879.4779,22.9685
BAMA,36.0619,36.29,36.29,36.04,7704.0067,36.0549
GAVA,22.8665,22.98,22.98,22.78,929.412,23.1257
BRKW,38.719,38.415,38.76,38.4,1911.946553,38.6202
YBTY,14.1616,14.235,14.2599,14.08,5176.915546,14.345
NLYpG,25.2,25.17,25.2,25.155,11112.7876,25.1875
XOSWW,0.002,0.0027,0.0027,0.0019,206549.0,0.002302
ASBpE,21.05,21.0086,21.05,21.0074,1813.8419,21.0408
DSPY,62.8612,63.135,63.15,62.74,4967.4423,62.8225
DGZ,5.32,5.1,5.66,5.1,1565.9,5.5125
WLIIW,0.6,0.64,0.936,0.551,21790.0,0.655
DALI,30.776,31.04,31.2564,30.66,1702.2248,30.8708
NJUL,76.415,76.41,76.415,76.37,1858.0,76.3994
TACH,10.34,10.34,10.34,10.34,1979.0,10.34
CLWT,1.25,1.25,1.25,1.25,984.0,1.2103
EMPB,31.2479,31.38,31.39,31.2479,1463.8731,31.3713
WXM,0.47505,0.4652,0.48,0.4501,22008.0,0.4718
HBDC,24.7148,24.76,24.76,24.7148,200.1927,24.7574
DDFD,19.7474,19.75,19.75,19.72,51869.0,19.7207
MFUT,19.2,19.24,19.25,19.18,5093.659,19.2332
UTMD,65.4,65.405,65.91,64.4,9887.766299,65.2353
OXLCN,24.7834,24.9,24.95,24.7834,1366.0658,24.851
PBTP,26.345,26.365,26.365,26.34,8517.802558,26.3477
RWEM,34.9206,34.75,35.7499,34.375,1702.9144,35.1413
TEMD,25.03,25.09,25.09,25.03,517.920446,25.0428
RW,24.575,24.83,24.84,24.575,981.5461,24.8171
GINX,34.1747,34.28,34.36,34.155,2349.8748,34.2473
CCOM,25.105,25.36,25.36,25.042,1104.0,25.2905
FARX,29.13,29.07,29.13,29.07,371.0,29.0967
ACLO,50.349,50.35,50.36,50.32,5539.8554,50.341
UYM,30.6741,31.465,31.569,30.6741,5035.2008,31.1635
DDFS,21.791,21.82,21.83,21.79,19491.0,21.8235
LIMNW,0.0601,0.0601,0.0601,0.06,8975.224,0.0601
GXPE,32.7935,32.37,32.7935,32.37,122.061,32.455
BCEM,27.8203,28.1,28.29,27.8203,15701.0,28.1529
BCGD,26.3793,26.51,26.55,26.3793,874.0,26.44
GQRE,64.819,64.77,65.06,64.77,14295.1621,64.9681
TRTNpA,25.98,25.98,26.0,25.86,2088.0,25.9394
DDTS,22.2218,22.27,22.27,22.18,2837.0,22.2378
CMCI,29.2604,29.0,29.2604,29.0,224.0,29.0717
TRTXpC,18.85,18.65,18.85,18.65,2398.6612,18.7496
FTKI,19.9246,19.98,19.99,19.89,2772.783,19.9476
TAVI,10.6,10.6,10.6,10.6,9321.0,10.6001
ANTA,9.74,9.7,9.74,9.5,1040.90329,9.521
ONCHU,10.3,10.29,10.3006,10.29,1452.0,10.298
NPACU,10.38,10.38,10.38,10.38,117.652504,10.3805
CHNR,4.3,4.3,4.3,4.27,3982.519715,4.2048
GGUS,65.8383,66.29,66.37,65.76,6900.0,66.1053
FEDM,61.7146,62.5,62.5,61.7146,1592.0,62.3926
DAAQW,0.35,0.4,0.4,0.35,14161.0,0.39
DDFM,19.56,19.57,19.57,19.555,1469.697,19.5599
BYRE,27.38,27.225,27.39,27.225,3289.5,27.3499
LIMI,61.9425,63.28,63.28,61.9425,832.951435,62.7165
FBRTpE,19.97,19.955,20.01,19.9,15546.61,19.9704
WBSpG,24.3,24.16,24.4,24.16,2779.8298,24.2847
GAINI,25.64,25.6002,25.64,25.51,17551.039,25.5869
DFNSW,0.0719,0.0624,0.0743,0.0605,74797.0,0.06781
SUIS,25.1557,25.36,25.419,25.12,1659.398,25.2297
RIVpA,22.6,22.6506,22.6506,22.6,1234.914,22.6154
MHIP,19.8042,19.99,19.99,19.8042,553.0,19.975
AFGB,21.375,21.36,21.44,21.36,4465.0,21.3863
ESK,14.0159,14.07,14.07,14.0159,133.6077,14.0746
PFXNZ,23.88,23.74,23.88,23.74,123077.0,23.7707
VSTD,0.3725,0.3722,0.3896,0.3721,37634.257334,0.3806
OWNB,22.5438,22.83,22.83,22.23,6429.8452,22.4501
ECBK,18.62,18.425,18.96,18.15,12805.0,18.5807
DMAX,27.1346,27.16,27.16,27.13,15196.0988,27.1461
IVRpC,23.79,23.9,23.9,23.76,6112.0461,23.8341
ORIQW,0.1311,0.1311,0.1311,0.1311,424.698426,0.1311
SSEA,10.19,10.19,10.19,10.19,501.0,10.19
DRDB,10.51,10.52,10.52,10.51,58675.0,10.5199
AUSM,25.06,25.07,25.08,25.06,7010.673,25.074
CICC,25.13,25.03,25.14,24.975,7309.0,25.0641
NMB,24.5862,24.65,24.65,24.585,483.3863,24.6018
QBIF,25.6153,25.68,25.68,25.6153,350.0,25.68
TMLP,28.61,28.0,28.61,28.0,1826.057,28.3265
OEI,25.7504,25.82,25.82,25.69,6762.9839,25.7911
INVN,20.7747,20.79,20.91,20.71,2756.8537,20.8308
EBON,2.4,2.52,2.52,2.4,3266.213128,2.4338
FEUS,79.02,79.46,79.56,79.02,2801.904,79.2798
OFSSH,23.7375,23.7,23.75,23.7,1537.0,23.7431
MFVL,20.3066,20.37,20.381,20.3066,1423.597,20.3759
VUSE,70.0529,70.575,70.7,70.02,6108.377561,70.244
MART,41.233,41.315,41.44,41.171,3415.992257,41.2539
GGTpG,20.5,20.47,20.5,20.47,690.0,20.4827
SIZE,170.85,171.75,172.02,170.79,3649.849064,171.4021
RAAA,25.075,25.09,25.09,25.075,779.0896,25.0855
BPOPM,25.33,25.34,25.4,25.33,2386.063,25.3009
MYMI,24.645,24.645,24.645,24.645,144.081,24.645
STBQ,22.2758,22.38,22.3801,22.2758,1373.0,22.3841
SAZ,25.66,25.65,25.66,25.65,1742.0,25.6642
BENJ,52.5,52.51,52.51,52.49,7888.0,52.5041
USG,37.3456,37.735,37.735,37.33,1066.8473,37.4408
GPRF,50.3425,50.46,50.46,50.24,3703.1756,50.3294
BPYPN,14.04,14.04,14.0604,13.96,24006.0,14.0172
GGTL,36.7967,37.16,37.16,36.7967,218.0,37.2484
GIGL,50.36,50.55,50.55,50.36,3799.9018,50.4492
PACH,10.18,10.18,10.18,10.18,46675.0,10.18
RILYG,23.9499,24.0909,24.0909,23.81,25697.0,23.8971
SNOV,26.355,26.44,26.46,26.33,1162.0,26.3902
BBSC,84.8091,85.37,85.37,84.78,1642.8592,84.9189
AFBI,22.46,22.44,22.48,22.44,2160.0,22.4654
SMXWW,0.0549,0.0568,0.058101,0.05,24265.0,0.05383
GLOPpC,25.6928,25.6,25.6928,25.6,2607.0,25.6182
EPRF,17.1215,17.12,17.15,17.09,11358.544,17.1163
QIDX,11.2532,11.3,11.3,11.2532,1949.018676,11.2945
SPKL,11.4,11.4,11.4,11.4,37198.0,11.3999
RWTP,25.37,25.3,25.37,25.16,22880.0,25.2343
UG,7.0,7.18,7.3705,7.0,2587.4009,7.1098
VETZ,19.81,19.83,19.86,19.73,3858.5007,19.771
SDD,9.4436,9.33,9.4436,9.33,109.2443,9.3327
PAYM,25.1437,25.4499,25.46,24.93,19256.5048,25.1556
AMID,34.9506,35.36,35.39,34.91,23449.0,35.2254
EVAC.WS,0.3199,0.3,0.3199,0.294851,8522.0,0.2997
CPSP,26.795,26.8,26.8,26.795,500.0,26.8
PAYH,25.523,25.35,25.6,25.31,8737.0141,25.4397
MCHS,44.975,44.5599,45.12,44.39,128807.0,44.5686
TC,9.55,9.331,10.5,9.331,11059.937419,9.9967
RILA,11.48,11.56,11.57,11.46,3384.9991,11.505
LVLN,24.72,24.73,24.73,24.72,294.0,24.723
VLYPN,26.05,25.99,26.05,25.985,3686.0944,26.0032
SHAG,47.595,47.67,47.67,47.59,2575.1136,47.6228
PCGpC,18.78,18.78,18.78,18.78,309.9037,18.779
BAERW,0.38,0.3301,0.38,0.2769,23350.0,0.3337
MLCIL,23.86,23.86,23.86,23.86,105.0,23.8557
RWTN,25.38,25.36,25.57,25.36,7253.688,25.4263
MSAIW,0.0251,0.022,0.0251,0.02,34755.0,0.0218
BAPR,52.435,52.57,52.57,52.38,8456.019047,52.4199
SBXD,10.75,10.77,10.77,10.75,1268.014,10.7527
UST,42.7082,43.05,43.0701,42.7082,1076.705971,42.9242
QCLR,28.5364,28.58,28.58,28.48,391.9733,28.5354
PEBpF,19.99,20.0,20.200877,19.99,8487.906,20.0141
CCEF,29.2783,29.47,29.47,29.2783,1986.6365,29.4392
XHYH,35.425,35.55,35.55,35.3527,1779.517,35.4504
VABS,24.19,24.2101,24.2101,24.19,877.1644,24.2097
RBKB,16.03,16.0101,16.155,16.01,5264.226238,16.0675
NOVTU,59.53,60.36,60.36,58.913,30498.0,60.3317
PEBpH,17.99,18.73,18.73,17.99,14057.0,18.0157
DECT,38.5321,38.67,38.68,38.49,10686.0,38.5702
FENG,1.7264,1.72,1.73,1.7,2293.848007,1.7086
IPCXR,0.3616,0.3614,0.3658,0.3614,15467.0,0.3622
CMREpD,26.84,27.04,27.1299,26.6,6134.0,26.8286
PBAP,30.6902,30.75,30.75,30.68,6838.032,30.6812
SBpD,26.25,26.18,26.42,26.175,4302.091,26.2451
SMOM,27.0341,27.11,27.14,27.0341,4038.0,27.0887
TAXS,50.205,50.21,50.21,50.205,19892.0,50.21
XCHG,26.4639,26.59,26.62,26.45,1771.0,26.4926
LANDO,21.095,21.39,21.39,20.9737,7604.5577,21.2336
PEBpE,20.0,20.175,20.175,19.95,31544.3276,20.0188
UZD,20.005,20.11,20.11,19.79,11543.0,19.9673
LOBpA,25.3,25.32,25.3489,25.28,4377.0,25.3185
INLF,4.39,4.15,4.3998,4.14,9458.081797,4.2335
MUSI,43.67,43.7999,43.82,43.67,29380.7842,43.7204
DJUL,49.3462,49.405,49.44,49.34,10775.0396,49.397
UNHW,49.44,48.73,49.44,48.72,1278.2797,49.0128
PWS,31.7425,31.75,31.79,31.68,38960.023,31.7411
XIDV,37.5714,37.94,37.94,37.5714,1304.8276,37.7842
COOTW,0.0195,0.0157,0.02075,0.0157,85757.0,0.01906
ANSC,11.35,11.335,11.35,11.33,352182.0,11.3372
MDLV,30.2109,30.19,30.22,30.19,3275.0,30.2144
GFAIW,0.0342,0.0342,0.0342,0.0342,518.0,0.0342
SKYH.WS,0.84,0.84,0.84,0.84,16768.0,0.8417
WPAC,9.95,9.95,9.95,9.95,113.0,9.9498
TAXI,51.19,51.2,51.21,51.18,10007.0,51.1955
BDL,31.38,30.5,31.38,30.5,449.7128,30.7247
VSMV,59.2597,59.12,59.455,59.12,4028.482952,59.2668
DWAS,112.7317,114.17,114.2099,112.42,7727.8416,113.2958
YBST,15.475,15.53,15.53,15.45,3179.914,15.4982
MOTG,39.1673,39.53,39.53,39.1673,597.1519,39.2744
FACT,10.57,10.5698,10.57,10.56,4650.0,10.5618
CRTC,38.1473,38.33,38.43,38.08,25914.3153,38.1196
JANI,25.3692,25.63,25.63,25.3692,1090.0,25.4993
LOTWW,0.06,0.045,0.06,0.045,15002.0,0.04605
BAYAR,0.0944,0.1111,0.1111,0.0944,769.866786,0.1053
NSApA,23.1588,23.0,23.2,23.0,6063.3124,23.1321
QQDN,21.2884,20.94,21.34,20.94,2038.6761,21.229
YFFI,10.035,10.15,10.1799,10.035,1414.0,10.1494
NVAWW,30.88,31.0,31.0,30.88,834.858016,31.8648
GECCH,25.22,25.22,25.22,25.22,291.8767,25.2245
HDMV,37.6441,38.0,38.0,37.6441,681.491,37.8309
HMYY,7.36,7.39,7.39,7.34,2781.546,7.3759
TURF,34.375,34.555,34.555,34.36,1695.6996,34.4486
EBI,62.8057,63.1,63.31,62.8057,19732.269,62.9604
AIRJW,0.635,0.61,0.645,0.61,2569.842519,0.6233
THNR,24.7502,24.9,24.9,24.7502,807.1357,24.8643
AUBN,23.14,23.06,23.25,23.02,5124.3861,23.1598
SQS,27.6983,27.99,27.99,27.6602,13721.0,27.746
PMIO,50.875,50.89,50.99,50.86,4878.6442,50.9037
ORGNW,0.001,0.001,0.0012,0.0007,79115.0,0.0007525
CODIpA,20.75,20.4,20.75,20.4,2902.2579,20.5303
CXIIU,10.11,10.13,10.13,10.11,54295.0,10.1101
BUFM,39.915,40.01,40.01,39.915,11389.0,39.9442
MAGO,24.3428,24.6199,24.6199,24.3428,617.9248,24.4588
MARZ,36.0252,36.19,36.19,36.0252,950.583,36.1531
SPBC,47.4865,47.75,47.75,47.42,1057.201734,47.586
IBGA,24.2881,24.445,24.45,24.2881,9315.8854,24.4039
TRUD,26.9518,27.17,27.17,26.91,33888.0,26.9907
GDEVW,0.0069,0.0069,0.0069,0.0069,1000.0,0.0069
SES.WS,0.0266,0.03,0.036,0.023098,15305.0,0.02918
PETZ,0.97,0.9793,0.98,0.9601,3725.0,0.9706
BSMU,21.925,21.9359,21.94,21.92,26057.3616,21.9304
HSMV,37.5669,37.68,37.7,37.5669,942.0,37.6667
GIW,10.02,10.02,10.025,10.02,112542.0,10.0246
SMLV,147.4288,147.7875,148.155,147.4288,5366.36208,147.8294
MGMT,48.2281,48.305,48.5,48.22,5040.4721,48.3532
BKEM,92.5958,93.93,93.95,92.5958,2352.915027,93.3599
TOS,28.433,28.85,28.85,28.433,2632.0,28.5213
RWAYL,25.49,25.48,25.49,25.48,1013.08,25.4727
SWAGW,0.0201,0.0207,0.0207,0.0201,12400.0,0.02047
MMSD,25.3455,25.345,25.35,25.33,3182.0,25.3418
BRKC,40.8209,40.66,40.9999,40.66,3385.1474,40.8133
QDEF,85.4633,85.8988,86.04,85.4633,5056.4934,85.7799
GDIV,17.9827,18.14,18.14,17.9827,3492.0524,18.0619
QNXT,29.4732,29.63,29.63,29.4732,914.842134,29.5888
AXPG,12.1035,12.24,12.26,12.05,4052.405,12.1399
FIGXU,10.1901,10.545,10.545,10.19,1009.0,10.3587
NTSI,46.39,46.895,46.91,46.32,7601.992437,46.5003
DIVN,28.4243,28.4,28.51,28.365,12806.885549,28.4365
SMOX,29.0206,29.275,29.275,28.98,3001.07,29.1938
DSXpB,26.81,26.97,26.97,26.81,1001.0,26.8805
FRGN,30.6849,31.12,31.12,30.39,6213.0,31.0652
IBMU,25.32,25.31,25.46,25.295,8130.0,25.3415
DIVE,25.8022,25.7948,25.835,25.7948,394.147948,25.8151
QGRD,28.9224,29.05,29.05,28.89,5641.0,28.959
CMAG,25.8234,25.93,26.0,25.8234,2136.9,25.9964
SFTY,30.06,30.19,30.22,29.99,25463.0,30.114
SFTX,30.2825,30.62,30.69,30.252,20172.428,30.5568
FLXN,25.0478,25.14,25.14,25.0301,2831.079,25.1001
DRIO,8.125,8.16,8.285,8.01,6302.0,8.1478
ZTG,2.88,2.48,2.9,2.48,21625.11,2.676
ABNG,17.8645,17.9,18.03,17.53,18487.0,17.8821
GASZ,24.5707,24.845,24.845,24.5707,596.0,24.7562
TDAC,10.63,10.63,10.63,10.63,37139.0,10.63
HUBCW,0.0099,0.008751,0.01,0.0075,55275.0,0.009694
SBB,11.9719,11.84,11.9719,11.84,161.899,11.8764
OMH,0.91,0.949,0.949,0.9,10830.0,0.9165
CEPF,10.31,10.27,10.32,10.27,21440.3,10.2925
XBJA,33.2543,33.315,33.35,33.2543,14039.0,33.3078
DLUX,50.33,50.34,50.39,50.3196,3302.0,50.3429
WALDW,0.042,0.0399,0.06,0.0327,69708.0,0.04654
JPY,35.9001,36.03,36.145,35.88,995.1465,35.97
MLAC,10.59,10.585,10.59,10.58,17877.0,10.5808
HUMAW,0.07,0.0753,0.084,0.0698,13207.319,0.07425
BUYZ,35.3234,35.32,35.4001,35.22,1533.3416,35.3089
HUHU,10.16,10.09,10.355,9.88,5360.0,10.1025
SUMAU,10.07,10.07,10.07,10.07,4783.313,10.0705
LGL,7.15,7.01,7.21,7.01,7571.0,7.1444
EWUS,42.3972,43.13,43.13,42.3972,574.101387,42.745
DRAY,18.3833,18.13,18.3833,18.13,1212.630658,18.1828
QTOC,37.1355,37.19,37.19,37.1355,62575.0,37.1708
VRAI,27.5956,27.41,27.68,27.4,543.7108,27.5237
CCNEP,24.97,24.99,25.05,24.9558,4555.0,24.985
BULLW,2.36,2.41,2.41,2.33,1987.0,2.3599
QSIAW,0.068,0.068,0.068,0.068,3972.0,0.068
CPRO,27.8243,27.841,27.841,27.8243,500.0,27.8408
UXOC,38.2524,38.47,38.47,38.2524,392.0,38.4384
PQUS,27.0114,27.14,27.5699,27.0114,1477.0,27.1261
ACCS,8.426,8.55,8.55,8.32,7962.0,8.383
KEAT,33.6677,33.83,33.83,33.6677,23180.0807,33.8289
JAPN,23.3893,23.44,23.44,23.3893,442.3818,23.4061
RAYJ,39.6,40.01,40.01,39.6,2766.0,39.8966
XOEF,28.3336,28.45,28.49,28.3336,3341.3054,28.4315
VBCH,75.5804,75.909,75.91,75.5804,2181.065,75.735
MKAM,31.5351,31.62,31.62,31.5351,105.8795,31.616
RXI,200.2507,201.818,201.82,200.0,4217.563698,200.5139
BLGR,31.1768,31.44,31.44,31.13,26931.6602,31.2076
IAUG,29.6101,29.72,29.72,29.6101,124.0,29.7025
QCJA,23.045,23.08,23.08,23.04,4728.0,23.0519
CPNS,27.8997,27.891,27.91,27.88,1067.0,27.897
DFVE,34.4365,34.47,34.47,34.39,11500.011,34.395
PAACU,10.02,10.02,10.02,10.02,3434.0,10.0202
WLIIU,10.14,10.14,10.14,10.14,500.0,10.14
IIGD,24.5848,24.64,24.64,24.5848,232.423159,24.6197
SBFG,22.8,22.54,22.97,22.5,5519.6353,22.6609
YJUN,26.5915,26.67,26.67,26.57,22270.0,26.5857
MUZE,9.88,9.88,9.88,9.88,25498.0,9.88
BESO,25.578,25.575,25.58,25.575,903.0,25.5878
BAVA,25.4506,25.45,25.4506,25.45,313.039,25.4621
MCDS,64.285,64.68,64.68,64.285,1769.1048,64.5568
GDOC,31.8001,32.12,32.1201,31.79,3141.1644,32.0027
SAV,25.42,25.5,25.5,25.36,22401.0,25.3948
ALF,10.8,10.83,10.83,10.8,5713.891003,10.8263
KDEC,27.5,27.61,27.62,27.47,57281.0,27.4713
AMPGZ,0.075,0.08,0.09,0.075,3598.4,0.08006
GCGRU,10.1,10.09,10.1,10.085,2329.0,10.089
MTR,4.32,4.28,4.34,4.28,5851.1767,4.3872
GMOV,29.5504,29.58,29.58,29.54,2020.202,29.5523
WTFCN,26.48,26.4001,26.5,26.36,11082.9857,26.4199
DMIIR,0.086,0.09,0.09,0.086,14284.0,0.08938
APRP,32.1159,32.2,32.2,32.1159,10272.0,32.1452
DUTY,23.6695,23.9,23.9,23.55,2941.774,23.79
LOWV,79.86,80.265,80.265,79.78,3058.942807,79.9416
NUDV,31.9416,32.02,32.06,31.92,2527.741411,31.9815
UCC,50.7753,51.34,51.34,50.7753,485.9628,51.1713
MMTXW,0.1311,0.1311,0.1311,0.1311,393.873379,0.1312
SGLC,42.36,42.655,42.66,42.2301,6996.272142,42.3839
PRXV,32.77,32.93,32.95,32.76,8438.251605,32.9023
OCCIN,24.73,24.75,24.75,24.73,1180.012,24.742
FAMI,1.16,1.1773,1.2,1.14,9110.083333,1.1664
RMRC,25.0001,25.06,25.06,25.0001,1138.0,25.0141
NEMD,52.9378,53.1414,53.1414,52.905,3921.1883,53.0036
MYCM,24.685,24.7798,24.7798,24.685,786.0,24.7319
XPND,37.9798,38.25,38.28,37.9,2855.5722,38.0068
QARP,64.1889,64.43,64.43,64.13,2840.2744,64.2197
SDFI,35.5925,35.64,35.64,35.5925,12183.1996,35.6009
ROSC,52.6573,52.92,52.92,52.6573,1394.8991,52.8088
SPCL,26.2323,27.445,27.445,26.2323,2093.398,26.7598
BLZR,10.1,10.095,10.1,10.09,4048.0,10.0929
MBOX,38.4273,38.545,38.62,38.425,2926.8492,38.5551
BLUI,25.81,25.81,25.81,25.78,19258.202,25.7929
FCAP,57.28,56.0,57.455,56.0,3693.193,57.0983
AHTpG,5.9999,6.0999,6.155,5.84,7757.792,5.9693
AFSM,37.3295,37.84,37.84,37.32,13652.742,37.5389
HACQW,0.51,0.55,0.55,0.51,200.0,0.53
CTApB,68.4454,68.4454,68.4454,68.4454,644.3173,68.5391
GGOV,49.9349,50.045,50.045,49.9349,819.0,50.0233
SPEGR,0.245,0.23,0.25,0.23,30296.0,0.2466
BNR,16.58,17.17,17.17,16.58,2005.089894,16.9468
NOCT,61.33,61.43,61.45,61.3,2674.0,61.379
FCRS,10.29,10.23,10.29,10.23,26515.0,10.2555
EDBLW,0.0899,0.072,0.09,0.072,6678.0,0.08014
BEBE.U,10.02,10.02,10.02,10.02,431.0,10.1211
DEFI,90.7702,90.82,90.83,90.69,2314.180283,90.7815
ASMF,25.8981,25.8,25.8981,25.8,564.6514,25.8237
PBJN,30.805,30.82,30.82,30.8,9341.0,30.8049
USVN,47.8884,48.05,48.05,47.8884,599.0098,47.9657
QREDr,0.22,0.22,0.23,0.2,1502600.0,0.211
FERAR,0.2944,0.2961,0.3,0.2781,18528.0,0.2925
LANV,1.672,1.71,1.71,1.672,5809.958579,1.714
SPMA,25.13,25.18,25.25,25.11,1933.0,25.1681
LEGO,9.85,9.85,9.85,9.85,105.0,9.8508
FFDI,31.6964,32.146,32.146,31.6964,656.3674,32.0548
AGMpF,19.07,19.19,19.19,19.0401,4253.257,19.1344
LPAA,10.78,10.75,10.78,10.75,4955.0,10.7584
IPCX,10.3,10.295,10.3,10.295,9851.0,10.2988
HCXY,24.8057,24.75,24.8057,24.75,1186.0,24.7622
VFSWW,0.43,0.44,0.4401,0.43,3919.0,0.438
ISWN,22.1787,22.48,22.48,22.1787,661.8912,22.4487
KWT,38.6801,38.72,38.72,38.68,909.250483,38.8045
MVRL,14.7351,14.87,14.925,14.7351,12501.0451,14.8549
INDS,40.1761,40.31,40.32,39.94,15922.907822,40.0097
WCEO,35.9951,36.185,36.185,35.95,1717.385053,36.0734
TXXI,50.5541,50.6,50.61,50.52,3381.2312,50.5691
APXM,31.555,31.585,31.6,31.555,3796.0,31.5803
EYES,25.7687,26.0725,26.0725,25.7687,127.0,26.0297
MOBBW,2.35,1.9201,2.38,1.9201,17015.0,2.2733
FXED,17.74,17.745,17.745,17.69,27552.256,17.7005
CMSC,22.97,22.955,23.0099,22.9101,8637.0,22.9622
NEWZ,29.0058,29.01,29.01,29.0058,540.2917,29.0088
NACP,56.1756,56.5,56.5,56.06,994.53157,56.2484
BREE,26.4453,26.695,26.7,26.4453,7251.0,26.671
IVRS,32.581,32.97,32.97,32.581,108.325,32.9592
KAUG,28.1416,28.191,28.23,28.14,6628.0,28.1541
TIPC,100.7463,100.94,100.94,100.7463,203.0,100.9395
TOXR,13.5249,13.58,13.58,13.52,6625.7822,13.5661
XIDE,30.25,30.265,30.265,30.24,404.257,30.2492
MDEV,18.538,18.71,18.71,18.538,533.0,18.6667
PALO,9.86,9.87,9.87,9.86,5699.0,9.8612
RDOG,39.9853,40.0,40.045,39.9853,705.82,40.0138
AOTG,59.771,60.25,60.25,59.54,2931.0622,59.8947
QUMS,10.17,10.16,10.17,10.16,50224.0,10.16
VHC,12.64,13.245,13.245,12.59,11569.419893,12.8496
AIHS,1.19,1.18,1.22,1.18,5062.0,1.2006
MARM,33.9896,33.995,34.0166,33.925,6301.243037,33.9861
TALV,26.8803,27.09,27.09,26.8803,217.0,27.0202
TWLVR,0.1502,0.16,0.16,0.1502,20100.0,0.16
MKLY,10.12,10.14,10.14,10.11,4060.0,10.1227
KYIVW,4.79,4.91,4.91,4.79,2196.0,4.8034
IRAB.WS,0.29,0.29,0.29,0.26,215400.0,0.2789
SOFR,100.2,100.1899,100.2,100.175,2376.661136,100.1851
FLDB,50.33,50.365,50.365,50.28,1694.0945,50.3445
QTAC,23.82,24.04,24.11,23.7401,43126.0,23.9482
BRIF,33.265,33.55,33.57,33.23,2833.3666,33.3096
CDEI,87.7053,88.41,88.41,87.7053,3044.0,87.7954
CBON,23.61,23.57,23.61,23.51,3545.903101,23.558
LARK,28.02,27.4999,28.48,27.4999,6035.6671,28.0538
AKO.B,27.13,28.53,29.8625,27.13,1309.572175,28.4846
MTAL,10.06,10.06,10.06,10.06,357.0,10.0631
VSDA,55.3235,55.5346,55.54,55.2,6245.3785,55.4547
BTSGU,175.14,176.77,177.45,175.14,2937.0,176.436
KELYB,15.959,16.37,16.37,14.99,6753.934646,15.1994
KEQU,36.48,37.0,37.0,35.305,4557.879,36.3557
DADS,21.01,21.12,21.12,20.9,552.0,21.0082
JPSV,63.5147,63.675,63.675,63.5147,1076.739,63.7101
JHHY,25.67,25.725,25.725,25.62,10813.534,25.6454
BHM,11.0599,10.785,11.0599,10.785,6485.612886,10.8226
ONEV,138.61,139.285,139.29,138.51,137609.757148,138.6741
POWWP,24.86,24.86,24.86,24.8501,1249.7334,24.8572
CDC,72.2478,72.3372,72.37,72.1401,8792.969877,72.2539
KOKU,127.7814,128.95,128.95,127.7814,441.245522,128.7884
BHAVU,10.05,10.05,10.05,10.05,109.0,10.05
FCRS.WS,0.7614,0.775,0.7801,0.7614,5768.0,0.7892
PFAI,4.02,3.85,4.1,3.85,10772.057818,3.9924
MLP,15.78,15.6929,15.89,15.61,9803.0,15.7918
TKLF,2.1,2.12,2.12,2.1,1318.955664,2.1006
YDESW,0.5225,0.495,0.565,0.495,16617.0,0.5097
BTR,27.2093,27.34,27.34,27.2093,6240.0,27.3397
AGM.A,135.3001,135.2801,135.3001,135.2801,1122.992648,135.526
SPDG,44.4941,44.64,44.64,44.47,513.9489,44.5146
XMAY,35.745,35.745,35.745,35.745,343.0,35.7442
HYDW,46.7171,46.78,46.78,46.7171,3823.876852,46.7519
BSR,29.9308,30.06,30.06,29.9308,5384.0,30.0581
BLZRW,0.4593,0.4397,0.4593,0.4397,1667.0,0.4457
EPEM,29.1341,29.48,29.48,29.091,342.0,29.3294
TOCT,26.96,27.02,27.02,26.96,2817.0,26.9878
TOPC,33.2064,33.43,33.43,33.1999,4065.4748,33.3606
LSH,0.6115,0.684899,0.684899,0.6115,29861.0,0.6473
STHO,8.835,8.94,9.005,8.725,12928.977348,8.8718
ZBAI,8.24,7.59,8.36,7.59,4679.003703,8.0885
BIVIW,0.3,0.3299,0.33,0.263,7374.0,0.3155
FEBW,35.14,35.22,35.22,35.12,12203.0,35.1878
SPBW,28.376,28.3801,28.43,28.33,22569.0,28.3646
NOEMW,0.0753,0.0753,0.0753,0.0753,130.0,0.07638
CBOO,24.43,24.4406,24.47,24.421,1954.2713,24.4421
MNTSW,0.0115,0.0106,0.01195,0.0105,52623.0,0.01103
IBHM,25.35,25.42,25.42,25.33,6544.0,25.3511
IWFG,53.3537,53.76,53.76,53.3537,288.281,53.5506
SCCE,23.93,23.97,24.01,23.93,4846.0,23.9764
XBJL,39.56,39.64,39.64,39.56,8397.0,39.5631
IRS.WS,1.91,1.81,2.04,1.81,29867.0,1.8923
EVGOW,0.0153,0.015,0.0158,0.015,2334.0,0.0153
IPFXU,10.15,10.15,10.15,10.15,32750.0,10.15
XBOC,34.9261,35.03,35.03,34.91,2989.58,34.9309
WVVI,2.897,2.8769,2.91,2.8501,2417.0,2.8751
ACRpD,21.9,21.9,21.9,21.9,497.4683,21.8941
ARCIU,10.01,10.01,10.01,10.01,3990.0,10.01
AVBC,20.12,20.05,20.43,19.915,40781.816,20.1198
VS,1.24,1.31,1.31,1.2,30168.0,1.2685
FIXP,19.9699,19.99,19.99,19.96,1619.4702,19.9621
BDIV,24.074,24.2,24.2,24.074,125.9965,24.1937
KRSP.WS,0.8499,0.79,0.85,0.764999,14700.0,0.7875
EVYM,50.3865,50.49,50.49,50.3865,1812.9044,50.4512
RTACU,10.995,10.61,10.995,10.61,5673.0,10.9671
PVEX,30.116,30.315,30.35,30.09,4709.0,30.1437
NEN,59.94,58.98,59.94,58.98,1907.983289,59.4727
EMDM,41.292,41.86,41.86,41.292,20212.3936,41.476
ONEH,24.58,24.59,24.59,24.58,1555.0,24.5804
WBSpF,21.31,21.25,21.589,21.25,3508.6765,21.4203
CIMN,25.31,25.235,25.31,25.235,3464.0,25.3039
RMCO,2.95,2.8922,3.1,2.8922,9860.354,3.0209
IVSX,24.5038,24.82,24.82,24.5038,1154.0,24.7738
GVLE,43.7128,44.0,44.0,43.7128,239.0,43.8345
NSEP,30.7701,30.82,30.82,30.74,989.0,30.7848
DNMXU,10.14,10.14,10.14,10.14,409.0,10.14
DDXX,27.3585,27.61,27.61,27.3585,338.0,27.488
FTAG,29.7734,29.91,29.91,29.77,933.415989,29.8468
XLCI,24.9728,25.0808,25.0808,24.95,4772.8085,24.9694
SIMS,46.1295,46.5401,46.5401,46.1295,258.2241,46.5681
PEMX,84.2702,85.49,85.49,84.2702,206.5146,85.2089
FCTR,37.6047,38.04,38.04,37.455,4159.5291,37.6323
FHNpF,17.9,17.96,17.97,17.82,12520.0281,17.8866
AVEE,71.9839,72.625,72.635,71.9839,3795.9848,72.3121
FIAX,17.69,17.775,17.7799,17.68,10560.279,17.724
ARQQW,0.08,0.083325,0.088,0.0793,7108.0,0.08312
DSEP,46.6671,46.775,46.775,46.65,5442.0,46.7041
BELT,39.5171,39.92,39.92,39.51,3100.125,39.6856
FFEB,60.0356,60.1954,60.2199,59.98,14497.0,60.061
MYCI,24.7754,24.829,24.829,24.7754,1523.0,24.7971
RNGTU,10.13,10.23,10.23,10.13,623.0,10.177
AIOO,26.12,26.15,26.15,26.1,2003.0,26.1278
RCpC,12.7,12.155,12.7,12.155,2051.8066,12.4761
SPD,40.5147,40.71,40.75,40.42,11783.5127,40.5726
WSTN,10.03,10.03,10.03,10.03,34016.0,10.03
SEPT,36.82,36.895,36.895,36.77,6977.0,36.8336
DDTO,22.605,22.64,22.64,22.54,6284.0,22.5673
SIXP,33.195,33.245,33.245,33.15,615.0,33.1778
JULZ,44.6266,44.91,44.91,44.6266,1043.5173,44.835
SPYC,44.3819,44.69,44.69,44.29,166987.96779,44.4326
STAX,25.415,25.42,25.42,25.415,362.9429,25.4198
TFJL,19.4346,19.53,19.53,19.43,1197.0,19.4965
GJH,9.75,9.66,9.75,9.65,6012.0,9.7195
QOWZ,33.7013,33.91,33.91,33.7013,302.6303,33.7513
IFEB,30.8276,31.07,31.07,30.805,968.0,30.9077
AENTW,0.58,0.614,0.614,0.58,6655.0,0.5954
SPUC,48.7608,48.96,48.96,48.68,174838.5179,48.7382
LAPR,25.345,25.36,25.36,25.345,2087.8936,25.3458
PJFV,92.2319,92.7,92.7,92.2319,1356.2216,92.6023
ESLAW,0.1375,0.1425,0.1425,0.1375,3576.0,0.139
EBIT,37.8354,38.13,38.13,37.8354,235.4448,38.117
BBSB,98.4101,98.52,98.52,98.4101,870.4868,98.5236
LOCT,23.905,23.8901,23.905,23.8901,125.9617,23.8908
MITP,25.18,25.2,25.2,25.17,5748.0,25.1931
DDTL,21.685,21.7,21.72,21.66,8013.118,21.6765
RNWWW,0.0073,0.0033,0.0075,0.0033,45518.0,0.007101
YJ,1.88,1.77,1.88,1.77,2873.0,1.8298
NOVP,31.9651,32.05,32.05,31.95,9218.0,31.9512
EFFI,24.9973,25.23,25.23,24.9973,354.0,25.176
USSH,50.475,50.52,50.52,50.475,172.0164,50.5271
XUSP,51.3312,51.73,51.73,51.3,8171.234,51.3817
MLDR,48.83,48.98,48.98,48.83,107.9664,48.9738
EVHY,52.305,52.42,52.42,52.305,7171.7499,52.3775
AUGU,31.11,31.24,31.24,31.1,2647.0,31.1276
ACEP,19.1494,19.26,19.26,19.1494,805.128,19.1911
TRINZ,25.4801,25.4399,25.535,25.38,8421.0,25.4398
NYSX,120.0088,120.93,120.93,119.7,1920.1948,119.8641
KOOL,14.4836,14.57,14.57,14.47,6654.348,14.482
PROV,17.16,17.2,17.2,17.15,2878.2962,17.1715
BOXA,105.34,105.48,105.48,105.34,335.2449,105.4317
JNEU,32.3185,32.46,32.46,32.3185,434.0,32.3682
SPXN,80.6315,81.119,81.119,80.6,3359.818,80.7955
UPGD,78.2517,78.62,78.71,78.2517,681.198571,78.5006
HUDI,1.21,1.205,1.2154,1.2,1824.0,1.207
OXLCG,25.43,25.53,25.55,25.4,5120.2677,25.4951
SEPW,32.9555,32.96,32.9796,32.94,13496.0,32.9511
IVSI,27.7856,28.05,28.05,27.7856,4003.0,28.0499
DLPN,1.44,1.4157,1.4401,1.41,28627.45,1.4216
PBMWW,0.0277,0.03,0.03,0.0255,15241.610966,0.0277
AKAF,32.015,32.1,32.13,32.015,706.9553,32.0878
ADXN,7.01,6.85,7.35,5.97,13179.7173,6.6152
PJIO,63.9585,64.67,65.11,63.885,3445.3091,64.465
MBINM,25.4198,25.485,25.485,25.4198,922.0,25.4614
HBANZ,21.07,21.06,21.19,21.05,8522.081,21.1278
AVTM,52.5268,52.88,52.89,52.5,7742.2361,52.7525
EMCR,43.5967,43.9401,43.965,43.545,1171.8138,43.9276
AIIA.U,10.26,10.27,10.28,10.26,20539.0,10.2604
IBMV,25.35,25.34,25.38,25.34,4058.316,25.4288
CCOR,25.6384,25.65,25.65,25.6,1613.033314,25.6413
BTBDW,0.1579,0.12645,0.1579,0.0934,5000.0,0.1194
ITDJ,31.945,32.19,32.19,31.92,3707.6962,32.0087
ASPSZ,0.2,0.24,0.24,0.2,27582.0,0.2272
FLAG,27.2413,27.275,27.275,27.2413,123.8226,27.2747
IBGB,24.2268,24.3,24.3,24.22,18169.943,24.2452
WSBCO,25.84,25.79,25.89,25.79,5571.0,25.8541
PCYO,11.68,11.62,11.775,11.5601,38734.1905,11.6596
DISO,10.4043,10.48,10.52,10.37,8136.176761,10.4322
BWBBP,19.955,20.1,20.1,19.955,350.0449,19.9978
PPEM,22.476,22.74,22.74,22.476,716.0,22.5941
ACGR,68.4556,68.91,68.91,68.4556,317.7741,68.8462
QBSF,26.755,26.76,26.78,26.71,1644.0,26.7519
GDEV,16.9095,15.6,16.9095,15.52,1750.143223,15.8776
KCAC.U,10.18,10.2,10.2001,10.15,20045.0,10.1786
DYORW,0.2999,0.3,0.311,0.2999,1220.0,0.3019
MVFD,30.0541,29.98,30.15,29.98,10595.7158,30.0873
PLMK,10.62,10.62,10.62,10.62,420.0,10.6096
LAFA,10.03,10.03,10.04,10.03,51744.0,10.0301
GRAF,10.875,10.765,10.875,10.765,2822.0,10.7694
VAL.WS,14.5,14.5645,14.5699,14.3,2220.0,14.4402
AACO,9.91,9.91,9.91,9.91,108.899092,9.9078
DSYWW,0.0199,0.0199,0.0199,0.0198,6512.306532,0.01987
SCLZ,55.4263,55.6099,55.6099,55.4263,438.0,55.6312
BNCWZ,0.4208,0.4,0.6,0.4,804.0,0.5068
CRANR,0.2138,0.21,0.22,0.21,62300.0,0.2101
SAAQW,0.76,0.76,0.76,0.76,116.0,0.7531
IMRA,16.5282,16.645,16.645,16.0901,1913.6027,16.4321
BETH,44.6644,44.568009,44.69,44.41,1999.988015,44.5112
LVDS,54.5519,54.7402,54.7402,54.535,2339.2089,54.6242
CLST,16.17,16.052,16.25,16.052,8930.0,16.1923
NGLpC,25.4899,25.28,25.4899,25.28,1815.1847,25.4225
CPHY,51.2744,51.38,51.38,51.2744,199.059,51.359
EVPF,50.275,50.38,50.38,50.275,1267.0,50.3298
HAUS,18.7,18.82,18.83,18.7,2190.6475,18.787
LQIG,94.4053,94.7,94.7,94.4053,423.9331,94.6778
TLNCU,10.35,10.35,10.35,10.35,105.0,10.3516
MOLN,4.1,4.21,4.211,4.1,4128.0,4.1971
AAAA,29.81,29.95,29.9501,29.77,13453.0697,29.7974
MBAVW,0.28,0.28,0.3583,0.27,8147.631184,0.2932
AFGD,20.4,20.44,20.44,20.4,2224.95,20.4177
PRTO,27.564,27.79,27.795,27.56,1178.242,27.7597
IPHA,1.37,1.48,1.48,1.37,29351.797297,1.3986
TEST,45.5207,45.48,45.5207,45.06,875.2683,45.2959
SAUG,27.1712,27.2101,27.2101,27.1712,262.0,27.205
TRGSU,10.03,10.04,10.0634,10.03,7850.0,10.0406
GAMR,86.5825,87.08,87.18,86.5825,1483.690603,87.1084
BENFW,0.0106,0.01,0.0107,0.00975,54201.0,0.009972
AAEQ,52.2309,52.53,52.53,52.035,1454.981,52.3082
MUNA,100.195,100.14,100.195,100.14,201.0,100.1404
GUTpC,22.465,22.41,22.5,22.41,847.6322,22.4625
FIGX,10.19,10.19,10.2,10.18,86513.0,10.1899
XBP,2.9,2.99,2.99,2.71,8043.0,2.8356
LNZAW,0.0165,0.015901,0.0165,0.015901,200.0,0.0162
JANZ,40.2157,40.3485,40.3485,40.11,2294.2448,40.1916
PCGpG,18.53,18.0,18.92,17.95,10504.0,18.0234
DAT,38.5174,38.97,38.97,38.5174,9637.0,38.7247
NJNK,20.0253,20.1,20.1,20.0253,1455.342235,20.0861
NBJP,35.672,35.79,35.79,35.67,1100.7581,35.7659
HCOW,23.8651,24.025,24.0899,23.82,4437.097,23.9786
COCHW,0.065,0.0663,0.0696,0.0648,12890.0,0.06575
ABLVW,0.0213,0.0195,0.0213,0.0195,1849.507042,0.02043
BFLB,53.456,53.58,53.58,53.456,1078.0,53.5546
ACSG,45.9449,46.51,46.51,45.9,3858.0,45.9882
EICA,25.0244,25.0244,25.0244,25.0244,615.3007,25.0169
GRW,30.44,30.665,30.665,30.37,5249.391,30.4322
COOK,42.24,44.0,45.5,40.56,7698.306686,43.5395
SSACU,10.07,10.07,10.07,10.07,116.0,10.081
NXPLW,0.0074,0.0075,0.0075,0.0074,200.0,0.00745
XISE,30.34,30.35,30.37,30.34,4982.8355,30.3521
BRAZ,32.915,33.03,33.03,32.91,792.779622,32.9754
DSY,2.15,2.11,2.17,2.11,3134.35,2.1229
SBpC,26.3,26.05,26.3,26.05,1157.222,26.2739
BDVG,13.5404,13.6004,13.6195,13.5404,3900.5355,13.5979
ALDFW,0.321,0.3211,0.3211,0.321,1582.0,0.321
HFND,24.235,24.37,24.37,24.235,4496.8849,24.2756
CKX,10.7201,10.7201,10.7201,10.7201,1091.0,10.7216
SWKHL,25.41,25.3601,25.41,25.3601,455.0,25.3818
CUBB,22.42,22.56,22.56,22.41,2913.815,22.5069
EFAD,42.4957,42.69,42.6901,42.4957,1427.634103,42.5972
EQS,1.1299,1.1101,1.1299,1.1101,3098.0,1.1197
BCSM,23.1282,23.33,23.33,23.022,6283.089,23.1182
IOR,18.0,17.86,18.0,17.86,3031.0,17.8794
MEMA,31.6059,32.0,32.0,31.6059,3125.0,31.8386
REGCO,22.365,22.26,22.365,22.26,1530.0,22.3121
HFEQ,23.0041,23.24,23.24,22.99,587.5485,23.1644
MPRO,32.3561,32.4301,32.44,32.33,6997.0,32.3625
EAOK,28.0481,28.15,28.18,28.0481,5867.4517,28.1253
ARKD,20.0098,20.11,20.11,20.0098,332.151,20.1122
VHCP,9.92,9.92,9.92,9.92,5000.0,9.92
DTSQR,0.1373,0.1536,0.1536,0.1373,11659.0,0.1407
ARL,13.51,13.5451,13.5451,13.2468,2503.596402,13.4986
GPATW,0.1446,0.1446,0.1446,0.1446,3550.0,0.1446
FIGXW,0.2599,0.25,0.26,0.25,3260.0,0.2506
MAApI,53.7717,54.3,54.3,53.7717,467.2499,54.1597
PSCM,104.42,106.237361,106.237361,104.42,8754.546664,105.9022
DWAW,48.3906,48.71,48.72,48.3906,1246.772,48.6948
QMNV,24.69,24.7,24.7,24.67,3988.041,24.6903
PSCU,64.7659,65.43,65.43,64.71,1769.398296,65.0605
REVBW,0.0089,0.009,0.009,0.007649,4423.0,0.008509
AOMD,25.61,25.69,25.69,25.61,1101.078,25.6676
BRCE,28.0385,28.21,28.21,28.02,900.0,28.1189
EPIN,26.37,26.56,26.56,26.37,2508.168,26.4027
JDIV,55.985,56.25,56.25,55.925,2035.8172,56.0775
STSSW,0.0322,0.0253,0.0323,0.0252,40501.0,0.02527
GDVpH,22.22,22.21,22.27,22.21,1070.0,22.4407
MZYX,9.89,9.89,9.89,9.89,50004.0,9.89
ABLG,32.438,32.67,32.67,32.41,1643.019862,32.4695
GYRO,7.56,7.56,7.56,7.56,228.0,7.4518
JADE,76.8586,77.43,77.43,76.8586,590.367,77.3131
IBHL,25.3702,25.42,25.43,25.3702,3380.2792,25.4137
PSFD,39.1375,39.21,39.21,39.13,741.685,39.1902
LOGO,20.8448,20.94,20.94,20.8448,114.0,20.9332
SEPU,30.57,30.62,30.62,30.51,15051.0,30.5627
WTMU,25.725,25.74,26.01,25.695,6344.0,25.8119
VBCG,75.4755,75.68,75.68,75.4755,229.0,75.6802
ONEO,144.4535,144.9801,144.9801,144.4535,724.889599,144.9685
XTJA,33.325,33.38,33.38,33.325,44175.7264,33.3799
CLCV,28.4743,28.59,28.59,28.46,897.6417,28.5264
ONFOW,0.1,0.1,0.1,0.1,417.0,0.09943
PEVC,29.3936,29.48,29.48,29.3936,207.9914,29.493
FRMEP,25.3501,25.3801,25.5499,25.3501,854.0,25.4596
DEW,67.7447,68.07,68.07,67.7447,3840.410151,67.7679
YLDW,25.4083,25.51,25.51,25.4083,9593.058,25.487
AIMS,26.8099,27.03,27.03,26.7534,1576.185,26.8049
SOLR,34.6713,35.07,35.07,34.6713,800.5496,35.0449
KORE,9.15,9.15,9.16,9.15,2793.8942,9.152
LITL,31.3673,31.64,31.64,31.3673,213.8349,31.5803
QRMI,15.5392,15.545,15.5495,15.53,1457.3487,15.5374
DDFJ,19.51,19.555,19.555,19.51,9772.0,19.523
CDIOW,0.0137,0.0116,0.0138,0.0116,32266.0,0.01172
CCID,25.2203,25.31,25.4,25.2203,997.0,25.3175
MFUL,22.2237,22.27,22.27,22.2237,119.1637,22.268
GGROW,0.0051,0.0051,0.0051,0.0051,275.0,0.0051
RNTY,50.2528,50.26,50.44,50.2528,728.4406,50.4211
ARKR,7.4,7.325,7.4,7.325,2304.5664,7.325
KMAR,31.1198,31.22,31.26,31.0504,1589.0,31.1799
UCRD,21.545,21.62,21.62,21.545,208.045618,21.5813
PDPA,25.185,25.24,25.24,25.185,768.0,25.2057
GSPY,39.5608,39.7,39.7,39.5608,337.593547,39.7054
SOLC,17.5144,17.45,17.58,17.45,482.0,17.5034
UPAR,16.823,16.92,16.92,16.823,264.517117,16.9744
PCEB,24.9628,25.07,25.09,24.9628,571.0,25.0494
YSEP,27.0855,27.12,27.17,27.0659,1806.0,27.141
LBO,25.9096,25.865,25.9096,25.865,1596.621,25.8707
NBGX,29.1515,29.21,29.21,29.1515,103.0,29.2099
HDL,13.58,13.58,13.58,13.58,1181.926363,13.5859
VALU,34.68,34.7499,34.8,34.68,1187.62664,34.8696
EVLVW,0.139,0.125201,0.1499,0.1196,131136.0,0.1244
FCRS.U,10.43,10.41,10.48,10.41,14386.0,10.45
IBGL,23.8075,23.87,23.89,23.8075,5872.6416,23.8765
OABIW,0.075,0.0751,0.0752,0.075,1020.0,0.07516
GGTpE,20.43,20.35,20.43,20.35,323.1262,20.3787
TIER,31.48,31.7797,31.7797,31.48,986.7705,31.595
NHYM,24.99,24.96,25.06,24.955,8930.61936,24.9883
BKHA,11.86,11.86,11.86,11.86,1822.0,11.8634
WZRD,9.6359,9.36,9.7,9.36,2478.3135,9.5787
NREFpA,22.7,23.05,23.27,22.7,4946.9524,22.8934
CCNR,40.7754,40.94,40.94,40.7754,4089.262444,40.8884
DAICW,0.0206,0.0206,0.0206,0.0206,156.0,0.01953
ALIL,30.5349,30.67,30.67,30.48,4889.627,30.6141
LLDR,44.64,44.8,44.8,44.64,221.066,44.842
BCLO,49.53,49.55,49.55,49.49,1438.449456,49.5361
ABIG,33.4081,33.49,33.5,33.4081,15531.0,33.4743
DGAP,30.1,30.125,30.16,30.1,800.0,30.1381
STRR,9.2501,9.35,9.3501,9.2501,2122.13224,9.3983
KWMWW,0.0373,0.037313,0.037313,0.0373,500.0,0.0373
TUG,44.4213,44.42,44.4213,44.29,412.63311,44.4207
PCRB,46.16,46.36,46.36,46.16,18988.043,46.1854
EEMX,52.125,52.19,52.39,52.07,2588.0896,52.2916
LWAC,10.17,10.17,10.17,10.17,1456.0,10.1705
OXLCI,25.5901,25.849,25.85,25.5901,3781.2968,25.7134
GJS,23.18,23.16,23.23,23.16,820.0,23.18
SAEF,30.0709,30.315,30.32,30.0709,3442.2065,30.2315
CUBWW,0.14,0.145,0.145,0.14,93842.0,0.1401
BCVpA,21.4,21.6,21.68,21.4,1133.8459,21.6178
CPSN,27.455,27.475,27.475,27.455,405.05,27.473
APRT,45.2,45.2,45.2,45.18,1500.0,45.1933
FTBI,21.674,21.66,21.69,21.59,5998.8711,21.6201
SSACW,0.0699,0.0699,0.0699,0.0699,400.0,0.0699
SSAC,9.935,9.93,9.94,9.92,6296.0,9.9231
CPSF,26.0823,26.06,26.0823,26.06,399.307,26.0608
MRNOW,0.0455,0.041,0.04655,0.041,2630.0,0.04142
HAWK,34.0,33.8,34.49,32.5,11444917.937148,33.7171
XCBE,9.89,9.89,9.89,9.89,7430.0,9.89
VNMEU,10.26,10.26,10.26,10.26,3000.0,10.26
MMMA,25.3349,25.33,25.3599,25.3172,5634.347,25.3327
BEBE,9.91,9.92,9.92,9.91,2037.0,9.9193
TEXX,27.8764,27.97,27.9701,27.8764,753.0,27.9593
VNME,10.15,10.15,10.15,10.15,3964.0,10.15
DANA,25.17,25.19,25.2,25.17,9146.0,25.1997
ALFUW,0.12,0.1211,0.1211,0.12,3490.0,0.1265
SLNZ,45.535,45.65,45.69,45.42,7115.3021,45.4911
TENM,26.575,26.6,26.6,26.575,1184.0,26.5994
FLYU,43.6757,44.28,44.28,43.6757,961.0,44.0394
NEOVW,1.1,1.05,1.1,1.025,2400.0,1.0625
SUJA,17.85,18.0,18.48,17.43,3902855.35024,17.9392
ZKP,9.9,9.9,9.9,9.89,26592.0,9.8982
UTRE,49.345,49.395,49.395,49.345,541.6726,49.3817
FEBU,29.175,29.29,29.29,29.175,2927.0,29.2673
PRAY,35.2733,35.45,35.45,35.2733,3410.904089,35.4014
SSFI,21.41,21.43,21.43,21.41,364.1012,21.4226
CNF,3.1,3.06,3.2,3.06,3580.0,3.0991
ACGCU,9.995,9.995,9.995,9.995,199.0,9.995
AHTpD,7.35,6.95,7.35,6.92,1046.7842,7.1512
ULVM,101.0467,101.27,101.27,100.93,572.3045,101.0708
CIG.C,3.45,3.59,3.59,3.45,381.314094,3.546
CTApA,54.595,54.23,54.595,54.23,538.0,54.3704
NCPLW,0.02271,0.0232,0.0234,0.02185,3789.0,0.02244
CCFE,27.7198,27.95,27.95,27.7198,7500.0,27.8633
USBpA,778.6,773.7,778.6,773.7,361.1446,775.7402
CBXY,22.0799,22.09,22.09,22.0799,596.8847,22.0839
APRH,25.215,25.25,25.2799,25.18,893.0753,25.2314
FVN,10.81,10.81,10.81,10.81,2916.0,10.81
TGLB,28.006,28.11,28.11,27.98,665.2511,28.0725
BBCB,45.208,45.31,45.31,45.208,929.329,45.3007
HDG,54.12,54.43,54.43,54.12,148.715578,54.3362
MEVOW,0.39,0.35,0.39,0.35,2604.0,0.3516
NOVM,33.505,33.4957,33.505,33.4957,329.0,33.4957
MEVO,9.88,9.89,9.89,9.88,30100.0,9.8817
DBEZ,58.6321,59.01,59.01,58.6321,3896.191,58.7461
TRTY,30.9828,31.057,31.057,30.98,19559.5036,31.0234
XFLH,9.93,9.93,9.935,9.93,5329.0,9.931
MCAHU,10.03,10.02,10.03,10.01,342772.0,10.02
LOKV,10.4599,10.4599,10.4599,10.4599,125.0,10.4601
DCMT,34.5925,34.35,34.5925,34.35,4231.4374,34.5279
EVNT,11.9193,11.91,11.95,11.9,1226.79,11.9215
QTR,33.3668,33.559,33.559,33.34,42936.661,33.4499
MEVOU,10.04,10.04,10.04,10.04,103.0,10.04
DVOL,36.4254,36.44,36.47,36.4254,1185.4659,36.4409
ACAA,9.92,9.92,9.92,9.92,1081.0,9.9195
SEPM,32.53,32.54,32.54,32.53,9060.0,32.54
TDWD,9.985,9.98,9.985,9.97,8113.0,9.9783
POWA,88.3232,88.46,88.4601,88.3232,1240.518,88.4412
KOCT,36.1647,36.25,36.25,36.1,2284.0,36.2003
DUSG,49.8123,50.085,50.11,49.785,1528.453,50.0455
LQ,24.8996,24.91,24.91,24.8996,101.0,24.9102
NSCI,25.165,25.17,25.17,25.165,79089.7332,25.17
MYSEW,0.0625,0.0451,0.0625,0.0451,2465.0,0.05225
MCVT,26.5613,26.58,26.58,26.5,2002.0,26.5117
JULJ,24.99,25.0,25.0,24.96,708.6374,24.9771
XNAV,94.5446,94.79,94.88,94.5446,1664.709857,94.7932
FSGS,31.0996,31.19,31.2,31.0996,1709.8212,31.1859
KTN,26.11,26.04,26.11,26.04,420.0,26.06
ARCIW,0.49,0.4001,0.49,0.4001,101061.0,0.45
KRAQ,9.9,9.92,9.92,9.9,5077.0,9.9097
WBIF,32.4884,32.6,32.6,32.47,599.0,32.573
WBIL,36.3043,36.38,36.4049,36.3043,1087.0,36.4289
PCR,20.7203,20.83,20.83,20.7203,828.0,20.8072
PSCF,62.2228,62.59,62.59,62.2228,408.5372,62.4577
CLDTpA,20.6,20.66,20.78,20.55,16710.5054,20.6343
MSOO,8.139,8.08,8.139,8.08,183.6779,8.0874
DLNV,32.415,32.46,32.46,32.415,1286.0,32.4443
LGRO,41.8676,41.99,41.99,41.81,3628.7873,41.8769
JULP,32.125,32.15,32.15,32.1,11800.0,32.1206
ABUF,26.57,26.62,26.62,26.57,4756.0,26.5931
CBXA,22.825,22.85,22.85,22.825,1230.2969,22.85
MSTQ,38.2963,38.43,38.43,38.16,531.3449,38.358
SCAP,38.3842,38.69,38.69,38.3842,490.8244,38.6594
PSMJ,33.37,33.37,33.37,33.37,149.0,33.37
MKLYR,0.14,0.14,0.14,0.14,125.0,0.14
TBFG,32.0259,32.08,32.08,32.01,2179.0,32.0439
BLRKW,0.35,0.33,0.35,0.33,3766.0,0.3353
PSFJ,34.615,34.6,34.615,34.58,2638.0,34.5887
RTAI,21.4156,21.42,21.42,21.4156,258.0,21.4229
DDTF,19.925,19.97,19.98,19.925,8365.0,19.9704
ANSCW,0.1901,0.195,0.21,0.19,55077.0,0.2001
NPACW,0.31,0.24,0.31,0.24,900.0,0.2478
NWAX.WS,0.53,0.53,0.53,0.53,1615.0,0.53
QVMM,34.4875,34.6,34.605,34.47,3067.6137,34.5553
FGSM,33.9637,34.13,34.13,33.9637,7684.0,34.0314
AMODW,0.0268,0.0304,0.0304,0.0268,3131.0,0.02311
QVMS,32.2498,32.33,32.3301,32.2498,438.7502,32.3255
NVBU,30.3702,30.46,30.46,30.33,4087.0,30.405
PACHW,0.22,0.2101,0.22,0.2101,1906.6875,0.2107
IWML,30.0211,30.02,30.1,29.78,1538.0,29.9003
MHIG,20.0129,20.12,20.12,20.0129,305.0,20.1207
NIXT,30.5609,30.61,30.61,30.5609,629.7123,30.7699
XDAT,24.2084,24.2,24.2084,24.2,440.5581,24.1804
JANJ,24.81,24.79,24.83,24.79,797.9335,24.8057
OCTH,24.13,24.14,24.14,24.09,1694.0474,24.1077
GENW,14.575,14.62,14.62,14.575,12024.0705,14.5919
JANH,24.85,24.87,24.87,24.83,546.1685,24.8403
JULH,24.995,25.019,25.019,24.97,576.9741,24.9909
OCTJ,24.1,24.03,24.1,24.03,928.0754,24.0783
BSJX,25.1923,25.2499,25.2499,25.1923,984.236,25.2505
BAMB,26.22,26.22,26.225,26.2,15234.2319,26.2142
OIMAU,10.1554,10.1554,10.1554,10.1554,151.0,10.1502
TIIV,29.2577,29.37,29.37,29.2577,465.034,29.3696
BSVN,43.95,43.5377,44.03,43.5377,7427.4861,43.9564
CRANU,10.25,10.25,10.25,10.25,344.0,10.2352
JEMB,53.6649,53.68,53.68,53.35,4662.0884,53.6258
TDACW,0.1,0.11,0.11,0.1,1800.0,0.1084
IBACR,0.1102,0.1102,0.1102,0.1102,3200.0,0.1102
FFIU,21.8824,21.95,21.95,21.8824,7061.3888,21.9499
INACR,0.1202,0.1202,0.1202,0.1202,4110.0,0.1202
DYORU,10.12,10.12,10.12,10.12,230.0,10.12
XOCT,38.9602,38.99,38.99,38.96,2452.0,38.9692
FDFF,33.6929,33.84,33.84,33.6628,4205.025,33.6949
GMMA,21.276,21.28,21.28,21.22,203.0,21.251
XIMR,31.5,31.5,31.5,31.47,6097.0901,31.4884
PEXL,69.3303,69.28,69.5,69.28,2052.1647,69.3947
IGTR,31.027,31.05,31.05,31.027,393.3911,31.1302
LPAAW,0.1101,0.115,0.115,0.1101,2383.0,0.114
FLDZ,30.2657,30.23,30.2657,30.23,188.8286,30.2296
NTWOW,0.1802,0.3075,0.3075,0.1802,2998.0,0.298
NEWTI,25.435,25.435,25.435,25.435,200.0,25.435
OYSE,10.23,10.23,10.23,10.23,1696.0,10.23
SNAV,37.132,37.17,37.17,37.13,1165.9281,37.1891
ADSE,11.03,11.45,11.45,11.025,1648.0366,11.1429
DDIV,44.6075,44.655,44.66,44.55,4393.9654,44.6194
KG,11.15,10.9,11.19,10.78,4771.0,10.9273
IBGM,24.7314,24.7895,24.7895,24.73,510.0,24.7685
FLCE,30.235,30.28,30.28,30.22,12530.8831,30.2325
TACHW,0.2905,0.2905,0.2905,0.2905,900.0,0.2905
FOWF,33.32,33.3,33.32,33.1901,999.6175,33.2817
SZZLR,0.1777,0.1777,0.1777,0.1777,1400.0,0.1777
IHT,1.12,1.12,1.14,1.12,4160.3965,1.1368
RAINW,0.18,0.195,0.195,0.18,4243.359801,0.1867
GTOC,25.14,25.18,25.18,25.14,5346.2839,25.1788
GTOH,25.505,25.53,25.53,25.505,2593.9958,25.5274
USAF,27.5748,27.61,27.61,27.56,1280.994,27.5795
GSEE,68.5421,69.01,69.02,68.5421,1245.624,69.0047
OCTM,33.345,33.38,33.38,33.32,297.0,33.3503
LXPpC,46.35,46.475,46.475,46.35,818.8104,46.4179
BRBI,14.77,14.77,14.77,14.77,828.0,14.7988
FLAX,36.245,36.355,36.355,36.18,51952.173861,36.187
QBKV,26.8949,26.915,26.915,26.8949,250.0,26.912
BFXU,22.6309,22.69,22.69,22.6309,100.0,22.69
QBIV,26.1965,26.33,26.34,26.1965,6711.0,26.287
NVBT,38.835,38.855,38.855,38.835,612.307,38.8314
BJUN,48.705,48.715,48.715,48.65,1601.020533,48.6748
MYLD,30.282,30.4,30.4,30.282,402.7481,30.3981
BUDA,9.6,10.015,10.015,9.3199,5554.0,9.768
RGNT,2.28,2.28,2.33,2.28,6014.0,2.3224
XJUN,44.1001,44.09,44.1199,44.08,1342.0,44.1008
ACSV,46.5081,46.73,46.73,46.5081,4389.0,46.73
DNMXW,0.3201,0.31,0.36,0.3099,15423.0,0.3199
BAMD,32.171,32.24,32.24,32.17,10933.2066,32.197
BUFE,21.47,21.5,21.5,21.47,787.0,21.4995
JLQD,41.3176,41.375,41.375,41.3176,197.2371,41.3843
JXX,30.9413,30.71,30.9413,30.71,286.3267,30.749
SIMA,10.86,10.95,10.95,10.75,6447.0,10.865
BRFH,2.52,2.48,2.54,2.48,2016.0,2.4796
OCCIM,25.11,25.1001,25.11,25.1001,365.0,25.1072
ABLS,20.8714,20.9,20.95,20.8714,562.5729,20.9155
FIYY,25.07,25.06,25.1,25.06,337.49,25.0811
GPAT,10.8,10.8,10.8,10.8,101.0,10.8002
GMOC,50.12,50.11,50.12,50.11,1019.9948,50.1098
REGCP,23.275,23.275,23.275,23.275,756.0,23.2772
IFLO,32.7235,32.87,32.87,32.69,1889.527209,32.7689
JUNW,34.32,34.32,34.32,34.32,515.0,34.32
GSKH,69.9747,69.94,70.1,69.81,319.028,69.9291
IACO,9.89,9.908,9.91,9.88,253004.0,9.8904
ACONW,0.0333,0.032051,0.0334,0.0306,600.0,0.03199
CHARR,0.0721,0.0792,0.0792,0.0721,926.768983,0.07674
XRLX,48.1659,48.17,48.1701,48.1659,370.5139,48.2318
HUBCZ,0.0051,0.0052,0.0053,0.0051,13000.0,0.005215
PQDI,19.47,19.47,19.48,19.47,1387.1286,19.479
FDND,21.7386,21.65,21.7386,21.65,316.5374,21.7293
CZFS,65.89,65.95,65.95,64.3172,5302.8002,65.5181
CLIX,60.4109,60.58,60.58,60.4109,132.0271,60.6134
UXJA,37.1179,37.18,37.18,37.11,688.0,37.1681
FEBM,31.05,31.01,31.05,31.01,5374.0,31.0127
HELX,33.7269,33.62,33.7269,33.4001,574.9494,33.4703
ENHU,27.1294,27.14,27.14,27.1294,201.0,27.1263
MYHD,24.965,24.98,24.98,24.965,212.0,24.9817
BEMB,53.3732,53.5,53.5,53.36,697.4469,53.4699
HCACR,0.314,0.3,0.32,0.3,37824.0,0.3008
PBSE,30.4359,30.42,30.44,30.42,6883.0,30.4395
DDTA,20.1674,20.14,20.1674,20.14,297.0,20.1596
NCEW,16.0,16.0,16.0,16.0,984.535178,15.9859
AZYY,17.3686,17.4,17.4,17.3686,1879.6048,17.4353
AJAN,28.3069,28.32,28.32,28.3069,218.0,28.3177
KRYP,22.565,22.48,22.86,22.48,2199.1436,22.7979
BCGS,27.0809,27.23,27.23,27.0809,181.0,27.23
CPSA,27.505,27.5,27.54,27.5,479.319,27.5317
KVACW,0.016023,0.016023,0.016023,0.016023,312.0,0.01602
ASGM,31.0921,31.125,31.17,31.0921,2858.4314,31.1444
ZDEK,26.245,26.2203,26.245,26.2203,1261.0,26.222
SLMBP,74.555,74.66,74.66,74.555,864.92,74.5623
TFNS,26.3541,26.33,26.3541,26.33,206.8548,26.3304
FTAIM,27.0,27.0,27.0,26.9999,2569.0,26.997
SCOW,20.4556,20.5,20.52,20.45,1446.769,20.4767
MMTX,10.06,10.051,10.06,10.05,5209.0,10.0594
EDGE,48.2239,48.21,48.2239,48.2,2065.321716,48.2013
APXTW,0.23,0.23,0.23,0.23,110.0,0.23
PLMKW,0.5,0.53,0.53,0.46,78084.0,0.5148
TEMR,28.3312,28.231,28.3312,28.231,183.019,28.2399
KOYNW,0.25,0.25,0.2583,0.25,11500.0,0.2501
TIPB,100.8481,100.85,100.85,100.8481,987.0,100.8502
GNLpB,21.48,21.48,21.48,21.48,603.0,21.5946
TFPN,31.1499,31.41,31.5,31.075,6951.9711,31.1572
TBXU,29.2131,29.28,29.2801,29.2131,719.082,29.3574
INBKZ,25.1,25.1342,25.225,25.1,4155.0,25.1596
IGCB,45.8,45.9,45.9001,45.8,918.4049,45.8573
AHTpH,6.205,6.1,6.37,6.02,4905.1959,6.134
RFEM,93.9809,94.02,94.22,93.9809,1598.4462,94.2152
AVGB,51.0552,51.05,51.1,51.05,3081.059,51.0709
SCCF,23.998,24.0,24.0,23.998,358.0,23.994
FGIIU,9.96,9.96,9.96,9.96,46124.0,9.96
XAUG,38.605,38.64,38.64,38.58,844.70546,38.6013
FGII,9.89,9.895,9.895,9.89,36242.0,9.8903
RYLG,23.7064,23.68,23.78,23.68,1322.000573,23.7439
CARK,46.0298,46.05,46.0501,46.0,1107.0,46.0458
FGIIW,0.18,0.1801,0.2,0.18,16720.0,0.1806
SSSSL,25.08,25.08,25.08,25.08,282.0,25.0801
IACOW,0.37,0.35,0.3701,0.35,15254.0,0.3688
XB,39.0986,39.14,39.17,39.0986,3321.4582,39.1199
CPST,27.5599,27.56,27.56,27.5599,11120.891619,27.56
BDCIW,0.489934,0.49,0.49,0.4785,6508.0,0.4884
PBOT,28.7983,28.7,28.7983,28.7,205.9925,28.7012
BREW,25.3198,25.47,25.47,25.3198,416.0,25.4791
DECM,33.485,33.5,33.5,33.485,134.0,33.4987
IGAC,9.97,9.97,9.97,9.97,5000.0,9.97
FTAIN,25.4002,25.405,25.405,25.39,2479.7756,25.3999
ZEOWW,0.045299,0.0489,0.0489,0.045299,2860.0,0.04742
FUFUW,0.198,0.204,0.204,0.198,251.0,0.2016
WCMG,20.4699,20.62,20.62,20.46,1916.0,20.5201
BLUWW,0.45,0.45,0.45,0.45,4400.0,0.45
TAXT,51.425,51.41,51.425,51.41,1963.0,51.4105
ABXL,26.0401,26.045,26.08,26.04,2457.521,26.062
GTERW,0.095,0.095,0.0951,0.095,3000.0,0.09505
XTAP,44.5766,44.58,44.59,44.57,2827.0,44.5805
SVAQW,0.28,0.2801,0.2801,0.28,1431.0,0.2785
RFAI,10.9301,10.93,10.9301,10.93,5604.0,10.9301
NRES,34.0306,34.18,34.18,34.0306,314.8143,34.1973
CHNU,24.5745,24.44,24.6692,24.44,939.633,24.5261
DECO,65.6359,64.455,65.6359,64.455,536.66,64.8926
GTOS,25.028,25.045,25.045,25.028,1487.0,25.0402
KFIIR,0.12,0.17,0.17,0.12,1091.859085,0.1435
PYT,23.3,23.28,23.3,23.28,426.0,23.2847
CTAA,9.86,9.86,9.86,9.85,35934.0,9.854
FLDDW,0.1599,0.153,0.1599,0.153,3300.0,0.1536
PSMD,33.795,33.805,33.805,33.795,1761.0,33.8048
BWTG,40.2173,40.1899,40.2173,40.1899,1054.0,40.195
ZHDG,23.1483,23.04,23.1483,23.035,3470.3094,23.0881
YFYA,9.8299,9.814,9.83,9.814,43540.3308,9.8291
PSCX,32.2,32.212,32.23,32.1815,7708.0,32.2115
CHPGR,0.16,0.16,0.16,0.16,25000.0,0.16
DYOR,10.0,10.0,10.0,10.0,783.0,10.0015
DHSB,26.8153,26.78,26.8153,26.78,1113.3922,26.7803
COMD,28.3963,28.28,28.3963,28.28,1251.527,28.3235
RISE,19.4,19.49,19.54,19.4,904.051,19.4557
USE,32.6431,32.37,32.6431,32.33,1961.4877,32.3256
BUFI,41.7127,41.78,41.8,41.7127,3610.0,41.802
IQSM,37.6461,37.665,37.71,37.6461,1064.0,37.6747
MBVI,10.11,10.105,10.11,10.105,2144.0,10.1056
IQHI,25.955,25.95,25.955,25.95,148.2305,25.9472
QBUL,24.1561,24.155,24.21,24.1,916.839,24.1729
DVQQ,30.24,30.18,30.24,30.18,2879.9867,30.1893
DVXK,33.3835,33.47,33.47,33.3835,165.902167,33.4799
BHYB,54.155,54.15,54.185,54.15,3728.036,54.16
PBJA,31.8925,31.9,31.9,31.87,6874.0,31.8991
GTOQ,22.3766,22.395,22.4,22.3766,1425.937,22.3931
IEAGR,0.1899,0.1987,0.1987,0.1899,5100.0,0.196
FOPC,25.5402,25.54,25.545,25.54,466.0,25.5553
MLPB,29.1601,28.83,29.1601,28.83,499.0,28.8363
LEGR,63.676,63.75,63.755,63.676,1168.059,63.8263
BIXIW,0.25,0.25,0.25,0.25,164.571428,0.2608
RSMV,28.1452,28.15,28.15,28.1452,10273.8702,28.15
MKLYU,10.2101,10.21,10.2101,10.21,918.0,10.2113
NUSA,23.1748,23.175,23.18,23.1748,765.8978,23.1788
DSTX,33.9846,34.08,34.08,33.9846,513.3652,34.0732
DRDBW,0.22,0.22,0.22,0.22,120.0,0.2167
IWFL,59.5803,59.72,59.72,59.5803,130.252,59.7195
RDAG,10.255,10.255,10.255,10.255,19471.0,10.255
VACHW,0.165,0.165,0.165,0.165,967.585454,0.1627
HYBX,29.88,29.83,29.97,29.8016,9072.2143,29.9335
QABA,62.2476,62.205,62.2476,62.205,283.0944,62.3559
BSAAR,0.15,0.15,0.15,0.15,60000.0,0.15
CLRO,3.1701,3.1701,3.1701,3.1701,1231.0,3.2839
STG,3.19,3.25,3.25,3.19,945.32893,3.258
KDVD,27.2169,27.32,27.35,27.2169,1804.079,27.3451
OPPpA,16.64,16.6,16.64,16.6,1650.0,16.6561
HBTC,20.8911,20.99,21.02,20.8911,1213.293,20.9698
DYNCW,0.12,0.1201,0.1201,0.12,7240.0,0.1201
BIII.U,10.07,10.07,10.07,10.07,666.0,10.0692
AIIAr,0.23,0.23,0.23,0.23,19817.0,0.23
CIMO,25.3,25.3,25.326,25.3,1072.0,25.3096
PSCD,107.5038,107.34,107.5038,107.34,575.0827,107.4788
SPCK,22.0651,22.055,22.0651,22.055,622.986039,22.1562
ADSEW,0.57,0.4768,0.57,0.4768,866.0,0.4896
IBRN,35.5374,35.38,35.5374,35.38,441.5315,35.549
HSPTR,0.2,0.27,0.27,0.2,9210.828666,0.2526
QSIX,41.4271,41.47,41.48,41.335,1602.9993,41.434
MGYR,17.68,17.545,17.68,17.545,1116.0,17.6287
PSCW,29.6898,29.68,29.6898,29.65,1635.0,29.6572
QFRD,26.3855,26.46,26.46,26.3855,232.0,26.4737
RFFC,72.7052,72.8,72.8,72.7052,10598.8509,72.8013
NBRGU,9.97,9.97,9.97,9.97,112.0,9.9882
RFDA,68.1693,68.31,68.31,68.1693,11240.0,68.3103
WUGI,82.312,82.28,82.312,82.28,511.5235,82.6882
SSEAR,0.1801,0.1802,0.1802,0.1801,11200.0,0.1802
BCDF,32.6276,32.57,32.6276,32.553,348.6285,32.6092
NDAA,23.7347,23.78,23.78,23.7347,496.868,23.8019
BEDZ,34.1399,34.24,34.24,34.1399,517.7219,34.1858
PCGpI,17.4283,17.4283,17.4283,17.4283,104.0,17.4245
SUPL,44.96,45.07,45.07,44.96,402.6448,45.138
SCCG,23.87,23.99,23.99,23.87,1092.0,23.9266
TPLS,25.16,25.18,25.19,25.155,1140.0185,25.1771
SFBC,42.24,42.63,42.63,42.24,2177.324947,42.3544
SPXV,80.9076,80.9,80.9076,80.8,755.2571,80.8856
AACB,10.38,10.38,10.38,10.38,375145.0,10.38
RND,31.3546,31.4,31.4,31.34,305.0,31.379
UCIB,34.805,34.29,34.805,34.29,339.0,34.2317
SAJ,25.65,25.65,25.65,25.65,248.0,25.6584
WTLS,56.6484,56.9099,56.9099,56.6484,766.0,56.8175
KRSP,10.4,10.35,10.42,10.34,19962.0,10.3649
PLGI,25.301,25.36,25.44,25.301,770.0,25.4051
JACS,10.6,10.6,10.6,10.6,358428.0,10.6
XHYD,37.84,37.98,37.98,37.0,60747.3862,37.6923
BLZRU,10.23,10.2289,10.23,10.2289,702.0,10.2296
BILT,29.12,29.235,29.235,29.1,3011.2421,29.1462
IDEC,33.7544,33.731,33.7544,33.731,440.232,33.7513
BAIV,25.065,25.08,25.08,25.065,908.0,25.1091
KBUF,28.495,28.57,28.59,28.495,508.0,28.5839
CPBI,17.55,17.39,17.55,17.39,5930.0,17.4241
GK,28.0987,28.106,28.12,28.0956,1575.652367,28.1205
KPRO,27.5262,27.535,27.535,27.5262,139.5506,27.5343
PSFM,34.3294,34.32,34.38,34.32,9856.0,34.3783
KLMT,33.54,33.61,33.62,33.54,635.02,33.6188
SHRY,43.5731,43.54,43.5731,43.54,6832.8572,43.5747
MBSX,25.81,26.789,26.79,25.81,810.0646,26.4689
FPAS,24.9052,24.94,24.94,24.9052,154.08,24.9259
GCBC,23.99,24.0,24.0,23.855,5316.4928,24.0177
PSMR,31.775,31.76,31.83,31.76,16024.0,31.8285
CVMC,70.74,70.57,70.74,70.56,5670.001649,70.6162
WISD,101.025,101.07,101.07,101.025,503.9957,101.0677
JPAN,40.8795,40.78,40.8795,40.78,398.877,41.0038
TACOU,10.64,10.64,10.64,10.6357,1864.0,10.6379
MMAY,32.2753,32.27,32.28,32.27,1800.0,32.2764
THYM,50.67,50.65,50.6769,50.65,1161.0,50.6596
ZTOP,51.935,51.96,51.99,51.935,1941.0,51.9868
GSRF,10.09,10.09,10.09,10.09,143.0,10.093
WAMA,25.6899,25.67,25.6899,25.62,2884.0,25.6654
WIMA,41.447,41.52,41.52,41.447,1011.0,41.4892
EVOXW,0.37,0.37,0.37,0.37,360.0,0.37
ARVR,53.949,53.77,53.949,53.77,226.0,54.0167
ADACU,10.04,10.04,10.05,10.04,2067.0,10.051
DDTM,19.765,19.8,19.8,19.765,122.0,19.7889
CLBR.WS,0.8,0.8,0.825,0.8,3259.0,0.8038
BLIV,2.6,2.54,2.6,2.54,833.0,2.5114
NCPB,24.95,24.97,24.97,24.95,3552.2062,24.9629
SAT,25.08,25.08,25.0906,25.0737,2165.0,25.0828
WENNW,0.3599,0.35,0.3599,0.3499,1223.0,0.35
LEGO.U,10.01,10.01,10.01,10.01,1036.0,10.01
FFOX,28.3,28.2,28.3,28.13,26536.0108,28.2422
CBOJ,24.102,24.09,24.102,24.09,426.2296,24.1028
OPPpB,18.32,18.32,18.32,18.32,389.768,18.2875
AAUA,55.4743,55.42,55.4743,55.42,106.86,55.4243
HOLOW,0.0564,0.0563,0.0564,0.0563,2010.0,0.05635
MYMG,24.69,24.68,24.69,24.68,200.0,24.6824
BAYA,11.89,11.598308,11.89,11.598308,504.0,11.7161
NITE,37.6065,37.43,37.6065,37.43,3947.455,37.4536
RAAR,50.6488,50.65,50.65,50.6488,1258.0,50.6496
ALCYW,0.111,0.13,0.13,0.111,2366.0,0.1242
PBFS,14.89,14.7,14.89,14.57,4804.0,14.8209
IINNW,0.0796,0.0796,0.0796,0.0796,240.0,0.0796
FFLS,22.7194,22.8,22.8,22.7,4986.9504,22.7554
FFND,31.493,31.46,31.54,31.46,10700.9993,31.5205
PBFB,31.5253,31.55,31.55,31.52,6921.0,31.5229
BBIB,97.9852,98.02,98.02,97.9852,137.02,98.0228
ALOVW,0.4099,0.41,0.41,0.4,48414.0,0.4096
TSCV,30.8535,30.9399,30.95,30.8535,2576.838241,30.9285
ESG,167.9083,167.811,167.9083,167.81,1006.599962,167.9081
ADIV,19.0499,19.07,19.07,19.04,786.6773,19.0519
QEMM,79.4546,79.595,79.595,79.4546,734.6617,79.6108
TACOW,0.56,0.58,0.58,0.56,18822.261067,0.5762
OACC,10.61,10.61,10.62,10.61,1614.0,10.613
NIXXW,0.0076,0.0076,0.0076,0.0076,3000.0,0.0076
MOBXW,0.104,0.0921,0.104,0.0921,350.0,0.0955
GRIN,31.3718,31.4,31.43,31.37,13929.0,31.4048
UBCP,16.31,16.16,16.31,16.16,1418.7557,16.2128
BMVP,50.871,50.95,50.98,50.871,435.0188,50.9611
PAMT,10.33,9.91,10.66,9.86,6141.0,10.2619
MYCG,24.94,24.94,24.95,24.94,1627.3717,24.9457
IQSI,37.5256,37.58,37.58,37.5256,489.9388,37.6348
HACQU,10.04,10.04,10.04,10.04,15004.0,10.04
AJUL,29.82,29.78,29.82,29.78,3191.0,29.7823
HACQ,9.97,9.95,9.97,9.95,6529.0,9.9543
CDTTW,0.0124,0.0125,0.0125,0.0124,20235.0,0.0124
XBNB,26.3732,26.39,26.39,26.3732,170.0,26.4741
RCKTW,0.01,0.0099,0.01,0.0099,1000.0,0.00993
UPLT,37.2838,37.21,37.2838,36.99,612.0,37.1189
TSOL,8.5757,8.6,8.6,8.5757,389.5462,8.5865
MRCP,33.8577,33.85,33.8577,33.845,9635.0,33.8507
FEBP,33.5091,33.5,33.5091,33.5,9134.0,33.5
PBNV,30.5257,30.52,30.5257,30.52,6268.0,30.5206
HPAIW,0.06,0.0601,0.0601,0.06,12132.0,0.06006
DECP,31.9511,31.94,31.9511,31.94,9451.0,31.9401
PBAU,30.9609,30.97,30.97,30.9609,6661.0,30.9702
IFED,43.0329,42.92,43.0329,42.92,102.0,42.9322
PBDE,30.5348,30.53,30.5348,30.53,6459.0,30.5306
PBMR,31.7259,31.72,31.7259,31.72,6450.0,31.7204
AUGP,32.4475,32.46,32.46,32.4475,9938.0,32.4599
SEPP,31.9376,31.94,31.94,31.9376,10100.0,31.9398
UPAL,35.7763,35.54,35.87,35.53,807.0,35.9657
RMIF,24.24,24.23,24.24,24.23,3368.6783,24.2314
MMTM,314.2842,314.08,314.2842,314.08,542.6795,314.2851
CPNJ,27.5647,27.551,27.5647,27.551,309.0,27.5522
SDG,89.4398,89.535,89.535,89.4398,1043.994264,89.9301
DVXC,27.6261,27.55,27.6261,27.5499,530.0,27.5516
DVXV,28.4602,28.45,28.4602,28.45,410.07,28.4513
SQMX,33.945,33.91,33.945,33.91,881.0,33.9053
EHLS,26.5637,26.5,26.5637,26.5,781.186,26.559
GTERR,0.09,0.0999,0.0999,0.065,8916.0,0.07714
PRENW,0.013,0.0132,0.0132,0.013,20000.0,0.01309
KVLE,27.0771,27.08,27.08,27.0771,317.762,27.0851
PIIIW,0.005,0.0048,0.005,0.0039,46057.0,0.004821
HEQQ,60.9577,60.96,60.96,60.9577,7219.0,60.9588
RPTpC,24.9,24.9,24.9,24.9,292.0,24.9364
PQOC,30.605,30.55,30.605,30.55,401.0,30.5501
BNGE,30.7119,30.63,30.7119,30.63,463.4904,30.7266
MCOW,20.4002,20.39,20.4002,20.39,173.996,20.4459
CXAIW,0.0378,0.0299,0.0378,0.0299,1881.0,0.03295
TCBS,16.8,16.71,16.8,16.71,934.696,16.7959
EVOXU,10.17,10.17,10.17,10.17,600.0,10.17
CPSJ,27.445,27.44,27.45,27.44,9963.0,27.4461
MUNB,100.77,100.99,100.99,100.77,267.0,100.983
PULT,50.31,50.315,50.315,50.31,473.3618,50.3172
NBDS,36.6568,36.54,36.6568,36.54,332.3417,36.5211
HTFC,24.8001,24.8001,24.8001,24.8001,321.0,24.7975
PGACR,0.1811,0.2,0.2,0.1811,24188.0,0.1998
XFLX,22.58,22.58,22.59,22.57,5176.3145,22.5807
OYSER,0.15,0.15,0.15,0.15,26732.0,0.15
BDCZ,15.5151,15.545,15.545,15.5151,103.0,15.545
WABF,25.085,25.08,25.085,25.08,1182.0081,25.1064
UYSCR,0.14,0.14,0.14,0.14,200.0,0.14
QIG,44.4251,44.43,44.43,44.4251,234.556,44.4377
CCIIW,0.6498,0.6499,0.6499,0.6498,980.0,0.6498
LCCC,10.35,10.35,10.35,10.35,890.0,10.35
TABD,25.005,25.0,25.005,25.0,127.0,25.0056
THRV,24.4306,24.455,24.46,24.4306,4143.964,24.4595
MYCN,24.49,24.5,24.5,24.49,179.0,24.503
CNCG,25.1159,25.6,25.6,25.1159,1215.75671,25.5208
EGUS,56.392,56.42,56.45,56.392,3951.6711,56.4268
MYPSW,0.0047,0.0047,0.0047,0.0047,100.0,0.0047
APADU,10.0,10.76,10.76,10.0,823.0,10.3186
MNBD,25.995,26.0,26.0,25.92,7040.357,25.9945
DGICB,19.72,18.71,19.72,18.71,798.835999,18.9692
JCHI,55.91,55.99,55.99,55.89,2753.389597,55.9436
PCS,50.0451,50.05,50.05,50.0451,589.039,50.0665
PWER,42.7261,42.79,42.79,42.7261,258.7971,42.9163
MCH,29.015,29.03,29.05,29.015,1180.130239,29.0591
SVCC,10.5,10.5,10.5,10.49,13757.0,10.4999
TBFC,29.2267,29.22,29.24,29.22,403.0,29.2305
SCAGW,0.0453,0.0453,0.0453,0.044731,2417.0,0.04492
UNIY,48.5036,48.63,48.63,48.5036,102.0,48.6279
SLDR,49.82,49.825,49.825,49.82,452.0,49.6605
FSML,28.1624,28.17,28.17,28.1624,227.0,28.1702
PMTR,10.31,10.31,10.31,10.31,3555.0,10.31
AOCT,27.07,27.085,27.085,27.07,833.0001,27.074
TMNS,50.0728,50.05,50.0728,50.05,1901.0,50.0658
PCI,50.0557,50.18,50.18,50.0557,300.0,50.18
VSHY,21.705,21.73,21.78,21.705,2175.5552,21.7334
ATIIU,11.2,11.2,11.2,11.2,154.0,11.2
CCXI,10.21,10.21,10.21,10.21,251.0,10.2093
TWOX,28.46,28.48,28.48,28.46,398.9746,28.4656
MBVIU,10.16,10.16,10.16,10.16,110.0,10.16
KPET.U,10.05,10.0472,10.05,10.0472,2535.0,10.0489
TYLD,25.25,25.25,25.25,25.25,458.9618,25.2485
CCIIU,10.4,10.4,10.4,10.4,106.0,10.3992
LSVD,33.3293,33.33,33.33,33.3293,760.0,33.3513
AACI,9.925,9.925,9.925,9.925,138.8999,9.9278
RCLR,50.471,50.48,50.48,50.46,1581.0,50.4767
MLAAU,10.29,10.29,10.29,10.29,1115.0,10.2896
REAI,21.7045,21.74,21.74,21.7045,122.7112,21.7828
MESHW,0.29,0.288,0.29,0.288,1000.0,0.2896
OIM,10.015,10.015,10.015,10.015,107.0,10.0179
AACIW,0.25,0.25,0.25,0.25,8484.0,0.25
VHCPU,10.02,10.02,10.02,10.02,107.0,10.02
PCGpE,18.8,18.8,18.8,18.8,591.9845,18.8082
YOKE,30.9329,30.89,30.94,30.89,8464.1175,30.9198
BPACU,10.25,10.25,10.25,10.25,100.0,10.25
MSBIP,25.32,25.32,25.32,25.32,306.0776,25.3177
PCAPW,0.34,0.34,0.34,0.34,160.0,0.34
CEPS,10.15,10.15,10.15,10.15,982.0,10.1584
BRRWW,0.3799,0.3599,0.3799,0.3599,2185.0,0.3673
AAUS,58.5416,58.46,58.5416,58.44,321.1305,58.4547
TEC,31.2,31.2,31.2,31.2,410.032,31.2839
CBFV,35.75,35.75,35.75,35.75,3904.0,35.5696
MUSE,49.62,49.62,49.62,49.62,109.0,49.6222
HCAC,9.98,9.98,9.98,9.98,178.0,9.9799
AEAQ,9.96,9.96,9.96,9.96,1017.0,9.96
FGNXP,24.97,24.97,24.97,24.97,3117.3579,24.9812
HVII,10.42,10.42,10.42,10.42,696.0,10.4204
VDI,35.12,35.12,35.12,35.09,508.0,35.1142
USNG,35.69,35.69,35.69,35.69,1102.495079,35.6441
FDRX,21.3073,21.28,21.3073,21.28,300.047,21.28
ADVE,46.93,46.84,46.93,46.84,692.8654,46.9232
NBTR,50.07,50.08,50.08,50.07,452.0,50.0733
RCLO,25.012,25.0,25.012,25.0,322.3574,25.0076
SAC,10.13,10.13,10.13,10.13,223.0,10.0907
CPHC,15.76,15.76,15.76,15.76,305.8841,15.7184
SUMA,9.83,9.83,9.83,9.83,1762.0,9.8302
TXS,39.25,39.25,39.25,39.25,772.432139,39.2119
PHYD,50.93,50.93,50.93,50.93,165.3941,50.9822
XJAN,37.96,37.96,37.96,37.95,531.0,37.9559
MVPA,33.8496,33.8496,33.8496,33.8496,309.6587,34.0082
SMDX,25.7734,25.7734,25.7734,25.7734,1.0,25.7812
AGRH,26.19,26.19,26.19,26.19,27.8574,26.2074
DESK,37.5207,37.5207,37.5207,37.5207,75.1886,37.7614
VUSI,50.245,50.245,50.245,50.245,4.0,50.2575
ABOT,37.2434,37.2434,37.2434,37.2434,64.4355,36.6949
MUNC,102.4997,102.4997,102.4997,102.4997,1.0,102.55
SSPY,93.2961,93.2961,93.2961,93.2961,14.9837,93.3536
BBBL,47.5727,47.5727,47.5727,47.5727,54.02,47.8598
ZCBE,49.6139,49.6139,49.6139,49.6139,1.0,49.84
ZCBG,49.5726,49.5726,49.5726,49.5726,2.0,49.81
FMCX,36.5591,36.5591,36.5591,36.5591,17.0,36.5667
GARA,27.8259,27.8259,27.8259,27.8259,0.0,
EMFI,50.2676,50.2676,50.2676,50.2676,0.0,
CRED,22.595,22.595,22.595,22.595,7.076,22.5791
BBLB,81.0325,81.0325,81.0325,81.0325,214.6359,81.4043
QDIV,36.5599,36.5599,36.5599,36.5599,378.8666,36.514
GMUN,50.385,50.385,50.385,50.385,104.5713,50.407
AGRW,31.4567,31.4567,31.4567,31.4567,25.6419,31.5886
NXUS,24.84,24.84,24.84,24.84,44.04,24.8693
EPSB,26.6248,26.6248,26.6248,26.6248,0.0,
GBHI,25.35,25.35,25.35,25.35,1.0,25.42
REMC,21.4419,21.4419,21.4419,21.4419,2.0,21.44
PCLN,29.7384,29.7384,29.7384,29.7384,9.1644,30.0832
GEOA,36.2046,36.2046,36.2046,36.2046,4.7489,36.4373
SRHR,57.8246,57.8246,57.8246,57.8246,54.539,57.6341
EMES,28.0924,28.0924,28.0924,28.0924,0.0,
CPRJ,27.4688,27.4688,27.4688,27.4688,0.0,
KDRN,23.285,23.285,23.285,23.285,3.0,23.2688
LCO,27.7273,27.7273,27.7273,27.7273,3.545,28.2069
JHDV,44.592,44.592,44.592,44.592,2.0,44.6223
PIFI,94.305,94.305,94.305,94.305,10.0654,94.3966
AUGM,34.7384,34.7384,34.7384,34.7384,0.0,
OGSP,10.005,10.005,10.005,10.005,16.7742,9.9955
SAWG,23.3752,23.3752,23.3752,23.3752,5.0,23.4241
DVND,37.4378,37.4378,37.4378,37.4378,95.6928,37.5652
OAKG,25.2923,25.2923,25.2923,25.2923,91.743,25.4107
ABXB,19.515,19.515,19.515,19.515,6.3175,19.5019
VMSB,49.7205,49.7205,49.7205,49.7205,0.0,
CUT,28.1424,28.1424,28.1424,28.1424,588.2303,28.3266
SXQG,31.7304,31.7304,31.7304,31.7304,18.9994,31.7322
LTAX,25.0664,25.0664,25.0664,25.0664,0.0,
BUYO,31.0882,31.0882,31.0882,31.0882,15.0,31.4594
NDIA,27.2934,27.2934,27.2934,27.2934,301.6744,27.2344
VNIE,26.4796,26.4796,26.4796,26.4796,2.0,26.5017
CPII,19.285,19.285,19.285,19.285,67.806,19.2975
AAUM,21.3812,21.3812,21.3812,21.3812,11.046,21.5764
GEND,12.5634,12.5634,12.5634,12.5634,104.0391,12.5485
EFFE,26.5456,26.5456,26.5456,26.5456,6.0,26.7223
USFE,34.606,34.606,34.606,34.606,5.0,34.67
KLMN,30.0067,30.0067,30.0067,30.0067,57.166,30.0225
PLDR,38.0481,38.0481,38.0481,38.0481,115.0513,38.0882
KCSH,25.065,25.065,25.065,25.065,10.0,25.0695
FRIZ,25.8364,25.8364,25.8364,25.8364,6.0,25.9848
PPTY,32.7031,32.7031,32.7031,32.7031,112.1952,32.7803
SMAP,26.3455,26.3455,26.3455,26.3455,75.0,26.329
GAID,24.553,24.553,24.553,24.553,0.0,
SDCP,25.67,25.67,25.67,25.67,2.0,25.6143
SHUS,48.7029,48.7029,48.7029,48.7029,0.0,
RCLY,100.8999,100.8999,100.8999,100.8999,1.0,101.0
APDB,25.355,25.355,25.355,25.355,2.0,25.4225
TROT,24.745,24.745,24.745,24.745,0.0,
CAS,27.7102,27.7102,27.7102,27.7102,15.242822,27.8759
NOEQ,27.9534,27.9534,27.9534,27.9534,0.0,
ZCBC,49.6159,49.6159,49.6159,49.6159,4.0,49.7033
HF,21.68,21.68,21.68,21.68,120.111,21.7111
LFEQ,58.0986,58.0986,58.0986,58.0986,157.0,58.3338
RAAY,101.2747,101.2747,101.2747,101.2747,0.0,
CLIM,26.136,26.136,26.136,26.136,31.0,26.1819
LGDX,24.3548,24.3548,24.3548,24.3548,0.0,
SRHQ,43.7628,43.7628,43.7628,43.7628,50.02905,44.1658
APRZ,39.1409,39.1409,39.1409,39.1409,4.0,39.1684
IETH,22.4275,22.4275,22.4275,22.4275,53.351357,22.776
MTUL,50.3381,50.3381,50.3381,50.3381,16.0,51.695
BFAP,15.4458,15.4458,15.4458,15.4458,14.0,15.4664
IRVH,19.79,19.79,19.79,19.79,8.9779,19.8046
GGRW,36.5473,36.5473,36.5473,36.5473,82.872,36.5564
ZSB,23.87,23.87,23.87,23.87,11.6331,23.9768
PRAE,39.882,39.882,39.882,39.882,5.902211,40.1026
CTWO,16.775,16.775,16.775,16.775,1.0,16.6
BCHI,39.4736,39.4736,39.4736,39.4736,20.5637,39.6714
CCRP,19.735,19.735,19.735,19.735,41.898544,19.732
MUNX,25.0223,25.0223,25.0223,25.0223,100.0,25.0174
PRAB,25.01,25.01,25.01,25.01,4.199,25.0132
MIDE,36.7116,36.7116,36.7116,36.7116,6.9742,36.9154
MDAA,116.8851,116.8851,116.8851,116.8851,5.0,118.844
RSJN,36.0251,36.0251,36.0251,36.0251,7.0,36.0472
ZCBF,49.5503,49.5503,49.5503,49.5503,2.0,49.76
BTYB,24.755,24.755,24.755,24.755,213.0847,24.913
BKSE,125.2692,125.2692,125.2692,125.2692,299.6728,125.6871
FCFY,27.048,27.048,27.048,27.048,14.0,27.0752
SCDL,51.7524,51.7524,51.7524,51.7524,228.0,53.602
MANI,25.6307,25.6307,25.6307,25.6307,163.5824,25.6496
ECML,37.8657,37.8657,37.8657,37.8657,8.0,38.0218
DVDN,17.7365,17.7365,17.7365,17.7365,109.4416,17.7701
BFOC,17.2999,17.2999,17.2999,17.2999,0.0,
SSMG,25.9774,25.9774,25.9774,25.9774,5.0,26.1836
FMCE,27.8165,27.8165,27.8165,27.8165,4.0,27.8682
BKCG,37.8486,37.8486,37.8486,37.8486,70.8109,37.8796
QULL,61.6687,61.6687,61.6687,61.6687,0.0,
AZTD,32.3875,32.3875,32.3875,32.3875,10.0,32.4336
PCCE,13.2881,13.2881,13.2881,13.2881,40.5592,13.3018
CPSY,25.545,25.545,25.545,25.545,0.0,
AMUB,22.2993,22.2993,22.2993,22.2993,47.0,21.84
XHYC,36.97,36.97,36.97,36.97,6.6843,36.9569
ESBG,22.7651,22.7651,22.7651,22.7651,16.2329,22.914
FTHB,25.2676,25.2676,25.2676,25.2676,39.0,25.48
EXEQ,25.9107,25.9107,25.9107,25.9107,0.0,
BILD,30.4266,30.4266,30.4266,30.4266,7.9448,30.4949
XHYF,37.19,37.19,37.19,37.19,79.5139,37.0994
JHID,42.6339,42.6339,42.6339,42.6339,15.8255,42.8648
BTRN,28.5598,28.5598,28.5598,28.5598,65.0271,28.6186
INVG,25.3858,25.3858,25.3858,25.3858,87.8735,25.4138
GXLC,87.8574,87.8574,87.8574,87.8574,2.0,88.03
ATTR,93.8078,93.8078,93.8078,93.8078,253.0,93.8421
RHTX,20.1993,20.1993,20.1993,20.1993,81.0,20.4999
CVRD,18.6662,18.6662,18.6662,18.6662,6.5496,18.6282
VNSE,40.981,40.981,40.981,40.981,50.0,41.255
WSDB,25.025,25.025,25.025,25.025,160.0,25.0583
GAUD,24.1895,24.1895,24.1895,24.1895,3.0,24.1949
BNKD,43.9121,43.9121,43.9121,43.9121,7.0,40.5086
MHY,25.2803,25.2803,25.2803,25.2803,2.0,25.2947
EPMV,25.6758,25.6758,25.6758,25.6758,5.0,25.858
USNZ,46.1482,46.1482,46.1482,46.1482,34.5896,46.2398
DWMF,33.6727,33.6727,33.6727,33.6727,60.7421,33.8456
NBFC,50.6581,50.6581,50.6581,50.6581,9.0,50.7407
ACSI,70.3993,70.3993,70.3993,70.3993,27.9508,70.6952
OND,34.818,34.818,34.818,34.818,66.0,35.0755
GGM,28.3847,28.3847,28.3847,28.3847,9.0,28.4731
LQAI,43.682,43.682,43.682,43.682,320.6989,43.8689
TIPA,101.0312,101.0312,101.0312,101.0312,1.0,101.03
ACVT,27.4826,27.4826,27.4826,27.4826,8.963557,27.4923
RFCI,22.3375,22.3375,22.3375,22.3375,18.2071,22.3775
CARU,24.1344,24.1344,24.1344,24.1344,29.0,24.2508
IQRA,30.4478,30.4478,30.4478,30.4478,2.0,30.4489
PGRI,26.6452,26.6452,26.6452,26.6452,0.0,
DPRE,25.5845,25.5845,25.5845,25.5845,0.0,
QIS,12.6328,12.6328,12.6328,12.6328,96.3191,12.1592
BWOW,17.7314,17.7314,17.7314,17.7314,385.73,17.9199
RESM,22.7726,22.7726,22.7726,22.7726,0.0,
BFJA,19.2899,19.2899,19.2899,19.2899,0.0,
CAMX,34.0805,34.0805,34.0805,34.0805,137.7397,34.2331
MUSQ,25.7998,25.7998,25.7998,25.7998,66.0044,26.3989
BFJL,16.88,16.88,16.88,16.88,2.0,16.88
DTAN,32.0565,32.0565,32.0565,32.0565,2.0,33.23
BRIB,25.0351,25.0351,25.0351,25.0351,240.0,25.0598
NHYB,24.7332,24.7332,24.7332,24.7332,311.04,24.7653
IOPP,25.6252,25.6252,25.6252,25.6252,21.6667,25.7383
MAVF,133.5597,133.5597,133.5597,133.5597,5.8646,133.656
IGME,24.8097,24.8097,24.8097,24.8097,53.6326,25.3775
ZCBA,49.5523,49.5523,49.5523,49.5523,1.0,49.69
DIVL,24.5345,24.5345,24.5345,24.5345,32.4387,24.5469
IGGY,28.3044,28.3044,28.3044,28.3044,0.0,
REFA,21.9781,21.9781,21.9781,21.9781,15.0,22.0668
ODHY,9.985,9.985,9.985,9.985,2.0,9.9852
ZCBB,49.5276,49.5276,49.5276,49.5276,11.0,49.5818
ALRG,29.733,29.733,29.733,29.733,17.1338,29.6794
AAAC,20.035,20.035,20.035,20.035,6.0,20.0324
CPSO,27.61,27.61,27.61,27.61,79.0,27.6
CLOO,25.045,25.045,25.045,25.045,4.0,25.0569
TINS,28.7107,28.7107,28.7107,28.7107,0.0,
AV,26.3263,26.3263,26.3263,26.3263,16.0,26.5922
IWDL,57.4674,57.4674,57.4674,57.4674,0.0,
CRXP,19.915,19.915,19.915,19.915,6.899511,19.9436
SAWS,23.7574,23.7574,23.7574,23.7574,6.4543,23.8859
VUS,29.0307,29.0307,29.0307,29.0307,79.034,29.205
SMLL,20.5076,20.5076,20.5076,20.5076,177.0,20.612
SHPP,33.1776,33.1776,33.1776,33.1776,14.9749,33.4337
WMSB,25.1347,25.1347,25.1347,25.1347,2.0,25.1365
BNDD,97.8294,97.8294,97.8294,97.8294,12.509,98.4696
HBRD,24.71,24.71,24.71,24.71,0.0,
CGRO,24.3979,24.3979,24.3979,24.3979,15.9803,24.5177
USMD,29.6679,29.6679,29.6679,29.6679,0.0,
FCSH,24.295,24.295,24.295,24.295,30.8725,24.2998
EAFG,26.1703,26.1703,26.1703,26.1703,10.0082,26.2647
JHAC,15.1212,15.1212,15.1212,15.1212,10.297,15.1616
USML,41.5317,41.5317,41.5317,41.5317,31.0,41.4822
TOK,147.5398,147.5398,147.5398,147.5398,2008.5665,147.9047
HAPS,34.7399,34.7399,34.7399,34.7399,5.6834,34.7878
ANEW,49.5123,49.5123,49.5123,49.5123,7.8041,49.5779
FEIG,40.7852,40.7852,40.7852,40.7852,141.9523,40.92
SIXL,38.2977,38.2977,38.2977,38.2977,67.51,38.2741
EGLE,29.5971,29.5971,29.5971,29.5971,227.0,29.706
BTOP,30.5068,30.5068,30.5068,30.5068,106.4188,30.5096
KNO,57.8633,57.8633,57.8633,57.8633,91.53,58.3089
MOTO,65.7312,65.7312,65.7312,65.7312,25.170584,66.35
PCFI,22.855,22.855,22.855,22.855,2.0,22.8412
GUSA,63.1434,63.1434,63.1434,63.1434,10.416596,63.1702
SIFI,43.59,43.59,43.59,43.59,48.8791,43.7037
ARWG,24.7099,24.7099,24.7099,24.7099,431.0,24.9243
QLVE,33.3531,33.3531,33.3531,33.3531,5.5514,33.4374
LSEQ,34.0269,34.0269,34.0269,34.0269,18.0,34.1367
SGRW,21.8843,21.8843,21.8843,21.8843,5.045,22.3392
ARCM,100.145,100.145,100.145,100.145,14.0689,100.1225
BCKT,42.63,42.63,42.63,42.63,7.2589,42.6706
TOAK,28.705,28.705,28.705,28.705,73.0,28.6904
GRPZ,29.9678,29.9678,29.9678,29.9678,77.9549,30.1018
VCOB,49.4976,49.4976,49.4976,49.4976,7.0,49.658
AETH,33.1474,33.1474,33.1474,33.1474,180.3088,33.2527
IQSZ,30.7993,30.7993,30.7993,30.7993,0.0,
VLLU,24.9857,24.9857,24.9857,24.9857,166.0,25.1159
TIPD,100.4254,100.4254,100.4254,100.4254,18.0,100.7731
MLPR,71.576,71.576,71.576,71.576,116.6839,70.4056
BAY,26.5142,26.5142,26.5142,26.5142,0.0,
JIDE,49.4452,49.4452,49.4452,49.4452,10.0,50.171
TTOP,18.6179,18.6179,18.6179,18.6179,251.0,18.6106
XHYI,37.62,37.62,37.62,37.62,9.6475,37.5977
LGHT,8.2753,8.2753,8.2753,8.2753,13.0,8.3446
SASS,24.2432,24.2432,24.2432,24.2432,50.0,24.17
RMCA,24.275,24.275,24.275,24.275,14.0,24.288
MAGG,20.255,20.255,20.255,20.255,4.950667,20.2809
ARKI,21.7299,21.7299,21.7299,21.7299,67.18,21.8243
SURE,137.2988,137.2988,137.2988,137.2988,139.2511,137.9705
DLAG,32.5305,32.5305,32.5305,32.5305,193.0,32.5165
PSCQ,30.6891,30.6891,30.6891,30.6891,2.0,30.69
CMAY,25.2703,25.2703,25.2703,25.2703,0.0,
SQLT,27.4839,27.4839,27.4839,27.4839,0.0,
YUNG,25.5014,25.5014,25.5014,25.5014,1.0,26.01
PSCJ,31.23,31.23,31.23,31.23,0.0,
QFHD,26.0477,26.0477,26.0477,26.0477,0.0,
SCUB,25.03,25.03,25.03,25.03,2.0,25.0316
MIG,21.3014,21.3014,21.3014,21.3014,359.7152,21.362
XFEB,36.935,36.935,36.935,36.935,53.0,36.9709
BLCK,27.0625,27.0625,27.0625,27.0625,9.0,27.0043
LFAW,174.9501,174.9501,174.9501,174.9501,0.0,
KSEP,29.9811,29.9811,29.9811,29.9811,0.0,
EMDV,47.5298,47.5298,47.5298,47.5298,15.2301,47.5108
MAYC,25.3212,25.3212,25.3212,25.3212,0.0,
TJAN,27.92,27.92,27.92,27.92,34.0,27.8509
HULL,25.7002,25.7002,25.7002,25.7002,7.0,25.9613
DVVY,25.8943,25.8943,25.8943,25.8943,80.0,25.9354
STYL,25.6689,25.6689,25.6689,25.6689,1.0,26.18
NXTI,32.0865,32.0865,32.0865,32.0865,77.3883,32.0895
KFEB,30.047,30.047,30.047,30.047,1.0,30.21
LIAM,237.1348,237.1348,237.1348,237.1348,0.0,
TJUN,23.525,23.525,23.525,23.525,0.0,
BZZ,24.6015,24.6015,24.6015,24.6015,41.0,24.863
MAYM,32.815,32.815,32.815,32.815,0.0,
LJUL,23.935,23.935,23.935,23.935,4.0,23.9237
IMF,51.8148,51.8148,51.8148,51.8148,369.0,51.9103
LDDR,79.9472,79.9472,79.9472,79.9472,47.4115,80.1686
DGOC,32.155,32.155,32.155,32.155,0.0,
IBMW,25.31,25.31,25.31,25.31,1796.0,25.4
PSMO,32.01,32.01,32.01,32.01,3.0,32.015
PMSE,26.075,26.075,26.075,26.075,0.306175,26.1288
VOXP,37.8073,37.8073,37.8073,37.8073,5.0,37.8589
JUNZ,34.4953,34.4953,34.4953,34.4953,4.574,34.547
LFBE,184.4059,184.4059,184.4059,184.4059,1.0,185.3801
PTNT,25.4929,25.4929,25.4929,25.4929,52.0,25.5231
FEBZ,39.6402,39.6402,39.6402,39.6402,57.9877,39.5474
QBQF,25.775,25.775,25.775,25.775,0.0,
PMAU,26.345,26.345,26.345,26.345,0.0,
HMAY,25.1799,25.1799,25.1799,25.1799,4.0,25.66
XEML,25.4911,25.4911,25.4911,25.4911,0.0,
WATS,26.008,26.008,26.008,26.008,49.0,26.4808
TSEP,25.855,25.855,25.855,25.855,10.0,25.96
MFEB,32.204,32.204,32.204,32.204,304.0,32.2526
TOAO,25.6681,25.6681,25.6681,25.6681,0.0,
PMFB,27.11,27.11,27.11,27.11,0.0,
PMJN,26.655,26.655,26.655,26.655,0.0,
TEMX,35.9899,35.9899,35.9899,35.9899,2.137,36.0994
CQTM,26.0087,26.0087,26.0087,26.0087,56.0,26.8555
WR,24.6192,24.6192,24.6192,24.6192,64.0,24.6126
CBOL,23.62,23.62,23.62,23.62,10.0,23.6035
UXAP,41.9484,41.9484,41.9484,41.9484,0.0,
PMJA,27.25,27.25,27.25,27.25,0.0,
LIBD,277.8799,277.8799,277.8799,277.8799,5.7395,278.0422
JUDB,25.415,25.415,25.415,25.415,2.0,25.4904
ROMO,33.159,33.159,33.159,33.159,34.979,33.3902
PMJL,26.42,26.42,26.42,26.42,0.0,
CHNL,22.7616,22.7616,22.7616,22.7616,10.0,22.954
PEX,22.8262,22.8262,22.8262,22.8262,119.3417,22.8617
USLN,50.73,50.73,50.73,50.73,8.0,50.6911
LFAO,163.9435,163.9435,163.9435,163.9435,3.0,164.2069
RB,46.3699,46.3699,46.3699,46.3699,39.089,46.3529
RMME,100.13,100.13,100.13,100.13,177.0,100.1586
TBJL,19.81,19.81,19.81,19.81,0.0,
PMOC,25.82,25.82,25.82,25.82,0.0,
DGJA,31.19,31.19,31.19,31.19,0.0,
PIEL,27.1069,27.1069,27.1069,27.1069,0.0,
FORH,25.4332,25.4332,25.4332,25.4332,21.2192,25.5072
PJBF,67.7207,67.7207,67.7207,67.7207,47.6841,67.7915
LIAE,208.9502,208.9502,208.9502,208.9502,0.0,
IDMY,24.7893,24.7893,24.7893,24.7893,0.0,
GLBL,27.575,27.575,27.575,27.575,0.0,
PSAI,25.6346,25.6346,25.6346,25.6346,10.0,26.03
QBKF,25.815,25.815,25.815,25.815,0.0,
QQMY,25.3975,25.3975,25.3975,25.3975,6.0,25.4
JUDO,27.2692,27.2692,27.2692,27.2692,54.0,27.4559
PJFM,66.915,66.915,66.915,66.915,2.0,67.266
UXJL,35.4929,35.4929,35.4929,35.4929,0.0,
GLAM,25.545,25.545,25.545,25.545,1.0,26.05
CVAR,28.7044,28.7044,28.7044,28.7044,156.0,28.806
PMAP,27.135,27.135,27.135,27.135,0.0,
JUNT,37.785,37.785,37.785,37.785,117.0,37.7615
XA,27.744,27.744,27.744,27.744,44.0,27.7411
KONG,30.9567,30.9567,30.9567,30.9567,15.0,30.9207
KNOW,12.645,12.645,12.645,12.645,21.0,12.7053
PMMR,26.95,26.95,26.95,26.95,0.0,
WDAI,25.7249,25.7249,25.7249,25.7249,10.0,26.0
CTIF,51.5848,51.5848,51.5848,51.5848,85.4358,51.672
STLU,17.5295,17.5295,17.5295,17.5295,282.0,17.6594
CTEF,80.8944,80.8944,80.8944,80.8944,245.1846,81.8512
LFAI,150.3917,150.3917,150.3917,150.3917,4.1835,150.7137
LJAN,24.6446,24.6446,24.6446,24.6446,461.0418,24.6513
CTMA,25.2311,25.2311,25.2311,25.2311,0.0,
KJUN,29.125,29.125,29.125,29.125,19.0,29.1473
OCDB,25.37,25.37,25.37,25.37,2.0,25.4207
FLAO,27.99,27.99,27.99,27.99,0.0,
CBXO,22.24,22.24,22.24,22.24,100.0,22.2229
JULM,34.3,34.3,34.3,34.3,48.0,34.27
NYNY,25.3403,25.3403,25.3403,25.3403,23.0,25.6031
NVDO,20.5431,20.5431,20.5431,20.5431,17.2,20.4472
LATR,24.8087,24.8087,24.8087,24.8087,8.0,25.1675
MVAL,35.9679,35.9679,35.9679,35.9679,34.6981,35.9624
WNDR,26.1785,26.1785,26.1785,26.1785,12.0,26.3583
ODDZ,25.4864,25.4864,25.4864,25.4864,81.0,25.4211
HYGM,24.9548,24.9548,24.9548,24.9548,122.0,25.0021
IBMX,25.12,25.12,25.12,25.12,1.0,25.145
BFEW,20.615,20.615,20.615,20.615,0.0,
JADB,25.36,25.36,25.36,25.36,0.0,
TMDV,49.4188,49.4188,49.4188,49.4188,7.5704,49.5113
KYC,24.732,24.732,24.732,24.732,5.0,25.14
JOUL,25.2084,25.2084,25.2084,25.2084,53.0,26.2098
MAUG,32.1166,32.1166,32.1166,32.1166,300.0,32.1677
PMDE,25.625,25.625,25.625,25.625,1.0,25.635
USEW,53.3991,53.3991,53.3991,53.3991,6.568,53.0389
PCL,49.5606,49.5606,49.5606,49.5606,2.0,49.5736
FLXI,49.36,49.36,49.36,49.36,0.0,
RULE,28.9518,28.9518,28.9518,28.9518,38.0,28.8961
SCMY,24.9765,24.9765,24.9765,24.9765,0.0,
SMQ,43.9661,43.9661,43.9661,43.9661,0.2,43.92
ORO,20.3269,20.3269,20.3269,20.3269,6.0,20.1433
CBOT,26.6312,26.6312,26.6312,26.6312,89.634637,27.0585
LIAU,262.0328,262.0328,262.0328,262.0328,0.016061,262.7388
GNMX,25.289,25.289,25.289,25.289,1.0,25.79
CBOX,100.24,100.24,100.24,100.24,58671.0,100.2398
DOCK,25.6939,25.6939,25.6939,25.6939,5.0,25.9539
CBXL,20.645,20.645,20.645,20.645,4.0,20.6834
MRGR,45.0614,45.0614,45.0614,45.0614,202.0,45.0878
QBQV,26.73,26.73,26.73,26.73,0.0,
VMAX,59.2254,59.2254,59.2254,59.2254,18.0,59.4336
ESGG,220.6651,220.6651,220.6651,220.6651,105.1132,221.1814
EMMY,24.8523,24.8523,24.8523,24.8523,0.0,
CBTA,23.3187,23.3187,23.3187,23.3187,337.429,23.3082
QMY,25.3991,25.3991,25.3991,25.3991,8.0,25.71
EHCC,25.8289,25.8289,25.8289,25.8289,43.0,25.5461
EUIG,49.82,49.82,49.82,49.82,1.0,49.92
CBOY,24.4199,24.4199,24.4199,24.4199,4.0,24.4219
IMTG,49.385,49.385,49.385,49.385,0.0,
PMNV,25.73,25.73,25.73,25.73,0.0,
STLR,18.985,18.985,18.985,18.985,72.207,19.1404
LFDR,184.4929,184.4929,184.4929,184.4929,105.9206,185.1819
TSPX,29.2531,29.2531,29.2531,29.2531,5.0,29.361
MNVR,32.172,32.172,32.172,32.172,501.0,32.2217
TXUG,26.1832,26.1832,26.1832,26.1832,27.823,26.2674
SJCP,25.18,25.18,25.18,25.18,14.0,25.1365
ZTRE,50.74,50.74,50.74,50.74,169.04,50.8073
QHDG,29.9731,29.9731,29.9731,29.9731,6.1,29.9736
LGCF,34.887,34.887,34.887,34.887,2.0,34.9555
MYHC,25.025,25.025,25.025,25.025,0.0,
HWSM,28.9503,28.9503,28.9503,28.9503,1.0,28.96
GFGF,35.235,35.235,35.235,35.235,6.9644,35.1941
QSML,31.0044,31.0044,31.0044,31.0044,58.2236,30.9736
CAFG,31.2828,31.2828,31.2828,31.2828,276.0881,31.5125
ABI,24.9,24.9,24.9,24.9,10.802358,24.9109
HFSP,14.395,14.395,14.395,14.395,4.0,14.3204
GKAT,43.285,43.285,43.285,43.285,59.0,43.5063
SPAQ,90.9563,90.9563,90.9563,90.9563,19.0,90.9208
OTGL,11.0057,11.0057,11.0057,11.0057,81.086789,11.1119
SCLS,25.0294,25.0294,25.0294,25.0294,0.0,
FGSI,19.91,19.91,19.91,19.91,8.3076,19.9976
PQJA,31.095,31.095,31.095,31.095,1.0,31.02
VEFA,76.5405,76.5405,76.5405,76.5405,0.0,
SUPP,81.2534,81.2534,81.2534,81.2534,64.7352,82.1219
USCL,82.4584,82.4584,82.4584,82.4584,19.2068,82.6078
JDOC,55.0975,55.0975,55.0975,55.0975,295.8748,55.2527
SCDS,70.8335,70.8335,70.8335,70.8335,104.9958,71.0528
DVRE,24.6488,24.6488,24.6488,24.6488,52.0,24.6644
UTWY,42.6174,42.6174,42.6174,42.6174,97.9912,42.7405
GLCR,26.445,26.445,26.445,26.445,16.0,26.5217
SPYQ,180.2774,180.2774,180.2774,180.2774,440.327405,181.4415
PEPS,31.005,31.005,31.005,31.005,10.935568,31.0606
EYEG,35.255,35.255,35.255,35.255,29.7053,35.3587
MYMF,24.82,24.82,24.82,24.82,3.0,24.8142
TRUF,26.855,26.855,26.855,26.855,0.0,
IBTR,24.8849,24.8849,24.8849,24.8849,36.0,24.9207
MYMJ,24.79,24.79,24.79,24.79,46.0,24.7946
DVUT,27.2405,27.2405,27.2405,27.2405,5.0,27.5029
QQHG,64.655,64.655,64.655,64.655,102.27143,64.7727
PQJL,30.7531,30.7531,30.7531,30.7531,3.0,30.7866
ISHP,35.2144,35.2144,35.2144,35.2144,10.2635,35.1768
KIQQ,25.3872,25.3872,25.3872,25.3872,2.0,25.425
RWIN,26.0794,26.0794,26.0794,26.0794,2.0,25.62
MYHE,24.945,24.945,24.945,24.945,95.0,24.9637
BEEX,26.9498,26.9498,26.9498,26.9498,116.0,26.9648
HQGO,63.8037,63.8037,63.8037,63.8037,14.9952,63.8729
ENHI,26.505,26.505,26.505,26.505,28.0,26.25
PABD,68.0636,68.0636,68.0636,68.0636,10.0,68.3906
MULT,25.14,25.14,25.14,25.14,2.0,25.1392
SJLD,25.47,25.47,25.47,25.47,15.0,25.4382
IBGC,24.8547,24.8547,24.8547,24.8547,0.0,
USRD,35.995,35.995,35.995,35.995,10.2852,36.139
DVXY,23.9953,23.9953,23.9953,23.9953,99.0,24.1477
DGLO,22.9863,22.9863,22.9863,22.9863,48.0,23.1125
ESMV,29.2757,29.2757,29.2757,29.2757,39.080232,29.332
PSL,110.6778,110.6778,110.6778,110.6778,122.7437,110.6336
MYHB,24.9729,24.9729,24.9729,24.9729,30.0,24.99
QMID,28.6234,28.6234,28.6234,28.6234,5.9948,28.6684
IBGK,23.1473,23.1473,23.1473,23.1473,41.0278,23.197
TMNL,50.2811,50.2811,50.2811,50.2811,60.0,50.31
GEW,53.9288,53.9288,53.9288,53.9288,7.71957,53.7843
WTMY,25.335,25.335,25.335,25.335,10.0,25.3148
EKG,16.6496,16.6496,16.6496,16.6496,108.0,16.6513
QQLV,24.5025,24.5025,24.5025,24.5025,90.0,24.5405
LCDS,69.7616,69.7616,69.7616,69.7616,2.0,69.9087
SMCF,37.5477,37.5477,37.5477,37.5477,283.398,37.8901
HECO,56.6028,56.6028,56.6028,56.6028,75.559156,56.5847
DVSP,28.2121,28.2121,28.2121,28.2121,27.0,28.627
TRUH,25.226,25.226,25.226,25.226,8.0,25.27
NFRX,26.74,26.74,26.74,26.74,5.8905,26.9064
MYHA,24.975,24.975,24.975,24.975,9.0,24.9917
BHDG,23.0028,23.0028,23.0028,23.0028,419.0,23.0346
MYMK,24.9852,24.9852,24.9852,24.9852,795.0,25.018
TEKY,43.2488,43.2488,43.2488,43.2488,40.491324,43.3095
CZAR,31.675,31.675,31.675,31.675,6.0,31.7354
RCGE,28.8856,28.8856,28.8856,28.8856,0.006,28.91
TAX,30.0841,30.0841,30.0841,30.0841,8.9966,30.2161
BGRO,41.4743,41.4743,41.4743,41.4743,14.9979,41.4913
PSWD,34.4009,34.4009,34.4009,34.4009,78.196,34.3287
AFSC,35.4643,35.4643,35.4643,35.4643,67.9804,35.5162
FCLO,50.235,50.235,50.235,50.235,91.3554,50.2201
INDQ,27.1663,27.1663,27.1663,27.1663,40.0,27.4886
USFI,24.48,24.48,24.48,24.48,10.0,24.4767
BEEZ,33.1188,33.1188,33.1188,33.1188,21.0,33.2707
MYCL,24.6906,24.6906,24.6906,24.6906,119.0,24.7065
SQLV,48.453,48.453,48.453,48.453,510.7147,48.465
EEE,20.9625,20.9625,20.9625,20.9625,70.046533,21.1938
ORLG,13.944,13.944,13.944,13.944,54.071,14.0981
MYMH,24.52,24.52,24.52,24.52,2.0,24.52
INDH,39.9174,39.9174,39.9174,39.9174,51.3762,40.1529
DINE,25.1172,25.1172,25.1172,25.1172,0.0,
PSET,75.1096,75.1096,75.1096,75.1096,66.4133,75.172
MYCK,24.82,24.82,24.82,24.82,212.0,24.8351
BREM,51.3801,51.3801,51.3801,51.3801,100.632,51.4315
DAK,28.6346,28.6346,28.6346,28.6346,304.0,28.6886
MYCO,24.4656,24.4656,24.4656,24.4656,2.0,24.5112
XXX,20.6456,20.6456,20.6456,20.6456,139.621,20.9474
RNEM,56.4286,56.4286,56.4286,56.4286,36.0,56.5927
CSCS,17.5761,17.5761,17.5761,17.5761,117.0,17.5434
PABU,75.4314,75.4314,75.4314,75.4314,108.9656,75.5908
FSZ,81.8225,81.8225,81.8225,81.8225,103.640607,82.5951
IDVY,25.4309,25.4309,25.4309,25.4309,1.0,25.5299
AMUN,26.025,26.025,26.025,26.025,21.934,26.014
ETRL,12.4964,12.4964,12.4964,12.4964,87.08,12.6608
DVIN,29.4816,29.4816,29.4816,29.4816,44.0,30.16
USIN,49.84,49.84,49.84,49.84,78.0,49.9548
MTEST,25.0755,25.08,25.08,25.0755,86200.0,25.0717
NTEST,25.0,25.04,25.04,25.0,14721.0,25.024
NTEST.I,25.045,25.06,25.06,25.045,2000.0,25.0408
MTEST.A,25.081,25.081,25.081,25.081,87650.0,25.0832
NTEST.H,25.07,25.07,25.07,25.07,1920.0,25.0573
ZTST,12345.0,12345.0,12345.0,12345.0,0.0,
ZXIET,100.0,100.0,100.0,100.0,2000.0,100.0
ZTEST,7616.1492,7616.1492,7616.1492,7616.1492,0.0,
ZVZZT,14.11,12.25,14.11,11.03,157737.0,13.2617
ZIEXT,1.0,1.0,1.0,1.0,1000.0,1.0
ZBZX,25.0723,25.0723,25.0723,25.0723,0.0,
ZXZZT,12.11,12.11,12.11,12.11,12012.0,15.3257
ZEXIT,10.0,10.0,10.0,10.0,2000.0,10.0
