Ticker,Price,Open,High,Low,Volume,VWAP
ALRM,43.72,47.15,47.71,43.54,640136.295284,44.3206
EPV,19.22,19.29,19.32,19.18,13490.22883,19.2555
FVCB,15.59,15.76,16.12,15.51,144075.900806,15.6027
BNBX,0.469,0.48,0.4849,0.45,91429.109165,0.4624
BDTX,2.94,3.04,3.18,2.92,1237783.885182,3.0182
FIZZ,34.55,35.07,35.08,34.23,398466.831721,34.5236
TRIB,0.596,0.6382,0.6382,0.59,109090.991,0.6043
GAUG,40.85,40.93,40.93,40.84,18340.0,40.8778
PTLC,57.54,57.31,57.635,57.31,101368.4004,57.5311
WULF,23.37,23.075,24.36,22.12,25227085.800503,23.6256
SCHL,40.06,40.26,40.78,39.91,260844.837422,40.1834
ORBS,0.9006,0.8691,0.945,0.8445,19948395.770218,0.9011
IONR,4.45,4.43,4.65,4.36,128462.918314,4.5102
ROSC,52.3861,53.14,53.14,52.3861,3068.8991,53.081
PYPL,45.07,45.215,45.52,45.03,18994508.032628,45.157
SCHQ,31.06,31.17,31.185,31.055,282998.702669,31.109
TILL,18.585,18.49,18.59,18.45,36157.069203,18.549
FLQM,55.86,56.27,56.27,55.79,94440.31713,55.9552
BABX,28.87,29.1,29.5,28.4,1011417.891285,28.9477
KTOS,56.99,56.865,57.71,55.01,6062810.251346,56.5507
CGXU,33.41,33.37,33.53,33.33,704517.767049,33.4363
MNTS,5.62,5.89,7.3,5.52,9366346.923249,6.4252
SBMT,10.34,10.56,10.595,10.13,163133.627519,10.3539
ENGN,1.49,1.51,1.58,1.445,5659507.385179,1.5011
FOXY,29.14,29.11,29.18,29.05,61499.201386,29.0791
WHWK,3.8,3.94,4.02,3.67,204325.044,3.8242
NTSX,58.3635,58.28,58.52,58.25,44583.671298,58.3758
CVIE,81.6823,81.73,81.91,81.62,6540.8367,81.8071
LAC,5.79,5.56,5.895,5.4,13172799.01189,5.7364
RPAY,3.35,3.55,3.55,3.3,549735.198659,3.3631
TKR,117.39,118.54,119.19,115.945,1010224.512259,117.3098
WSBC,33.48,34.35,34.35,33.4,668531.966945,33.6302
EALT,35.4049,35.45,35.45,35.36,7340.0,35.4081
ZONE,0.48,0.419,0.48,0.4,3175167.270251,0.451
MI,0.2,0.213,0.213,0.2,83433.0,0.2049
PIT,76.94,76.59,77.14,76.0,110495.492783,76.7044
DBI,6.57,6.935,7.02,6.53,519658.248734,6.6292
KSLV,38.98,38.53,39.11,38.2,84562.649895,38.6435
STOT,47.045,47.06,47.08,47.01,269831.3637,47.0213
XONE,49.385,49.39,49.39,49.38,85661.64203,49.3859
SRVR,35.36,35.09,35.6041,35.0,130350.115937,35.4348
NTES,116.21,116.32,117.385,116.04,598673.921778,116.5868
GQGU,26.07,25.98,26.085,25.97,95285.878,26.0138
CMCSA,25.03,25.5,25.68,24.87,35016091.748346,25.0896
AVIV,79.25,79.15,79.3885,79.0801,51958.599719,79.2244
VTWO,115.31,115.16,115.99,115.02,1558940.400946,115.5136
EVHY,52.3813,52.53,52.53,52.3813,5553.944,52.4877
WWR,0.685,0.66,0.69,0.6508,1110863.364735,0.6732
ONMD,0.98,1.01,1.03,0.98,182620.177484,1.0054
DTAN,32.34,31.63,32.45,31.63,5053.987,32.3335
EDV,63.5,63.88,63.88,63.45,737177.156303,63.6196
EZET,17.73,17.63,17.77,17.4874,25671.247489,17.6877
GMAB,26.18,25.99,26.605,25.92,2646904.009875,26.232
CABZ,24.4,24.19,24.57,24.1699,7252.175,24.4578
MAIR,42.08,44.0,44.2499,40.438,2814537.952794,41.9662
EVGN,0.7769,0.7777,0.8201,0.76,86184.193634,0.7734
ADBE,246.15,250.53,255.41,244.691,3225788.207006,247.494
JBLU,4.96,4.95,5.205,4.93,32916766.014665,5.0177
ERII,8.7,9.21,9.33,8.62,1588861.590658,8.8849
AAPL,292.68,291.979,293.88,290.23,42247285.857671,292.233
AMPU,11.49,10.0,12.95,9.96,278442.086065,11.834
IXJ,91.26,91.56,92.38,90.99,175522.001581,91.414
IHRT,5.49,5.68,5.86,5.39,988467.703438,5.5758
GTE,8.88,9.39,9.56,8.71,591461.996422,8.9392
KMCA,23.1596,23.11,23.17,22.85,5297.128735,23.0383
FUTU,139.86,147.43,148.15,139.56,2699292.082252,142.3272
PCN,11.91,11.96,11.985,11.91,354292.91923,11.9595
VBR,232.12,234.21,234.97,231.9301,297092.757154,232.8216
FTAIM,26.97,27.05,27.2425,26.9638,4372.0,27.0326
CRGY,12.49,12.62,12.6825,12.41,7737859.124348,12.5059
XYLG,28.5748,28.4,28.64,28.4,13157.750841,28.5863
UAPR,34.75,34.75,34.879,34.74,12526.0,34.7844
DNUT,3.38,3.57,3.58,3.36,3536094.950469,3.4372
DGXX,7.43,7.42,8.08,7.16,38246772.530061,7.6528
YSS,35.88,34.78,37.86,30.25,4741818.016854,33.9165
HYHG,64.6828,64.57,64.9299,64.3776,6350.720286,64.6326
FFTY,42.0,41.05,42.09,41.05,51321.265372,41.7591
UPWK,8.805,8.81,9.415,8.75,6806751.530871,9.0847
CRE,2.62,2.84,2.84,2.61,21199.0,2.6956
APUS,1.46,1.45,1.57,1.34,163252.926603,1.4496
SFNC,20.95,21.42,21.45,20.85,1169941.049722,20.977
VSDM,76.38,76.39,76.41,76.36,105859.974216,76.3856
NUMG,45.88,45.92,46.01,45.75,29658.796,45.8794
XLK,177.88,176.15,178.3,175.87,10461797.221036,177.4443
SGP,23.76,23.18,23.89,22.57,25554.332161,23.5335
FXL,197.548834,197.53,198.24,197.1601,18676.591965,197.4998
SCNX,0.4038,0.392,0.4189,0.388,322927.380763,0.4014
GOLY,29.83,29.85,30.24,29.64,63143.156773,29.7909
PBJ,48.476,48.85,48.85,48.46,12503.735616,48.6702
ONDU,8.62,7.81,9.0,7.465,129170.322588,8.3766
AKTX,5.15,5.81,6.19,5.02,17206.631901,5.6562
SLX,108.66,108.73,109.0499,107.81,38482.838832,108.5862
FLKR,62.53,61.8,62.9199,61.5,955363.676116,62.4395
IHF,50.06,50.0,50.41,49.74,364770.707237,50.0431
JDST,27.66,29.08,29.12,26.92,1330519.433724,27.8551
BGI,0.689899,0.66,0.706099,0.64,12904.0,0.6628
UBCP,15.64,16.34,16.34,15.62,4316.778323,15.8166
AA,65.34,64.09,65.8299,63.79,6877603.501624,65.0205
GJUL,42.9349,42.98,42.98,42.8607,12059.0,42.9341
TRS,41.59,42.72,42.9,41.57,656468.553567,41.8549
HECA,27.82,27.64,27.89,27.64,83794.1284,27.8164
PTMC,39.94,40.08,40.15,39.9,18952.1389,40.0165
EUV,27.41,26.79,27.6621,26.535,775956.691243,27.3879
SNDK,1547.56,1586.25,1600.0,1514.47,16516790.146521,1558.5585
EVI,19.26,20.1,20.89,18.2001,109067.729,20.0842
FLMX,39.162,38.95,39.45,38.95,23476.810356,39.2566
MLKN,15.52,16.18,16.315,15.505,541341.852564,15.6475
IEO,116.365,115.2,116.63,114.94,83092.959082,116.0579
RDNT,55.9,63.45,63.45,55.71,2415895.371684,58.7808
NDAQ,88.48,88.45,88.8,87.73,2714707.110093,88.2806
ERTH,50.8671,50.31,51.075,50.31,2119.497073,50.8709
AVMC,77.61,78.54,78.54,77.5495,13788.511,77.733
URTY,76.83,76.51,78.19,76.27,799568.121343,77.3188
DIVP,26.2758,26.51,26.51,26.25,2965.086,26.383
SCHD,31.75,31.82,31.97,31.63,24800709.536083,31.7293
STCE,74.76,72.56,76.605,71.25,133524.575365,74.7346
MSTR,195.94,189.2,197.0,182.31,16062957.209867,191.9678
FISI,34.9,35.41,35.41,34.585,90349.208109,34.8899
CVEO,31.9,32.16,32.955,31.39,122096.906372,32.1952
SGDM,79.72,77.5,81.05,77.5,43944.291237,79.0097
AMRC,30.58,30.0,30.93,29.93,359902.545356,30.5705
EMLP,43.52,43.3,43.62,43.158,219332.316556,43.4685
ERC,9.11,9.13,9.15,9.05,77747.3584,9.1047
HFGO,29.12,29.1,29.26,29.045,14473.144785,29.142
ITA,225.99,223.49,227.26,221.88,811705.95089,226.1055
XCCC,36.905,37.0,37.005,36.9,105763.511819,36.9563
PLTW,21.78,21.42,21.81,21.03,261584.785016,21.4595
NG,9.22,8.81,9.28,8.81,2526007.861051,9.1737
TSME,47.7,47.6,47.925,47.52,40412.5691,47.7757
XPL,0.853,0.844,0.8698,0.84001,127798.059337,0.8571
INN,5.4,5.58,5.58,5.37,434864.011349,5.4133
APEI,56.37,56.3,57.765,54.9,420949.651319,56.1381
PGRO,47.5008,47.24,47.675,47.24,6199.8101,47.532
MTRX,12.31,12.24,12.33,11.95,234558.39334,12.2188
BWB,17.995,18.48,18.88,17.97,57781.830234,18.0794
SOPA,0.361,0.3665,0.3849,0.3602,183922.362201,0.3716
DT,40.23,40.35,40.94,39.91,5644800.544634,40.1975
LTRX,6.25,6.07,6.3493,6.0,829793.432256,6.2141
USOI,56.8831,55.71,57.47,55.71,91216.649477,56.5139
VFMO,231.8,229.67,232.86,229.67,72309.319366,231.8528
PFEB,42.6008,42.55,42.63,42.55,26166.0,42.594
XLF,51.18,51.26,51.46,50.955,30759160.391861,51.1941
ACWV,120.59,120.89,121.12,120.4225,96283.282394,120.6447
VIR,9.29,9.15,9.645,9.12,1833483.018133,9.3552
MEHA,0.12,0.1593,0.22,0.1116,964413298.359641,0.1798
AYTU,2.44,2.51,2.5521,2.426,99223.455469,2.4812
METV,19.05,18.93,19.06,18.8,65554.823464,18.9755
NWSA,27.01,27.36,27.73,26.37,6803633.378216,26.8941
RXST,5.7,5.8,5.8483,5.56,652572.09359,5.7095
FDEV,36.73,36.63,36.95,36.63,39421.7421,36.8045
AGGY,43.55,43.62,43.65,43.55,104800.77786,43.5922
QQQS,42.5544,42.81,42.99,42.5544,6667.822583,42.8406
TRNR,0.874,0.838,0.9008,0.836999,79449.241692,0.8727
RXRX,3.26,3.24,3.445,3.24,14017303.826289,3.3222
BALT,34.0,33.97,34.06,33.97,368419.041281,34.0291
MWYN,0.7946,0.78,0.81,0.78,166858.503358,0.7898
FLYT,23.95,23.54,26.515,22.0555,894411.104331,24.1168
OPTX,7.58,7.39,8.25,7.2,1550439.903776,7.8008
ELMT,15.58,15.8,16.2825,15.51,285144.630537,15.7669
AIBD,5.58,5.6,5.63,5.525,68395.226817,5.5999
MRVU,94.83,87.025,98.5,85.56,248178.587429,92.5868
VISN,12.01,11.72,12.09,11.61,9806007.054212,11.9304
CRF,7.3,7.3,7.35,7.28,1820316.166265,7.3213
YINN,36.59,36.67,37.09,36.5,1899199.785431,36.6842
XTL,227.87,224.39,229.44,224.39,59291.938876,227.7531
IBDT,25.24,25.23,25.26,25.23,298828.480162,25.2504
DTIL,7.86,7.68,8.2,7.64,187387.294689,7.9422
UFOD,26.4385,26.03,26.6,25.8701,9837.24888,26.1653
FLYW,16.46,17.0,17.24,16.43,1418254.946662,16.6327
XOMO,11.85,11.66,11.85,11.63,109799.697225,11.7239
FXO,58.77,59.3,59.33,58.63,159399.0365,58.7922
HELP,5.1,5.3,5.35,5.04,777904.2047,5.1535
LGN,98.14,98.3,100.9999,95.35,2244526.264686,97.6233
WFF,1.92,1.77,1.98,1.75,28815.518438,1.8828
AMKL,22.9095,23.85,24.05,22.7946,58556.424553,23.3715
IBIE,26.405,26.39,26.42,26.39,19982.3985,26.4053
JEM,1.16,1.28,1.33,1.16,32276.99,1.2256
FCO,2.53,2.51,2.59,2.505,258517.391789,2.5354
WCBR,29.23,29.23,29.57,28.9,26287.993597,29.1175
ABUS,4.39,4.36,4.465,4.31,767300.965428,4.3893
MSLE,7.3,8.21,8.29,7.16,112154.2152,7.292
VSDB,76.2,76.275,76.3,76.2,48841.9821,76.2656
AMAT,443.62,439.245,448.45,437.27,8324011.800173,443.7556
SCSC,43.73,45.9,46.635,43.64,308846.7389,44.6681
ERY,11.63,12.0,12.03,11.6,1602143.880742,11.7819
OPFI,9.29,9.2,9.38,9.195,668049.591244,9.2709
HIPS,11.7995,11.85,11.85,11.77,27980.714606,11.7982
FLEE,38.5707,38.61,38.74,38.516,3411.189511,38.646
SYLD,78.2,78.81,79.09,78.075,46407.315817,78.3718
TRTY,31.32,31.09,31.35,31.09,35699.2343,31.3097
PHYS,35.88,35.78,36.0,35.69,2618171.704524,35.8431
EZBC,47.38,46.85,47.47,46.49,184298.007518,46.888
OMFL,67.28,67.25,67.575,67.22,136815.518853,67.3613
APRH,25.245,25.35,25.35,25.2,4201.0753,25.2735
CASY,877.07,864.85,877.53,859.66,370722.111479,871.3343
SHFS,0.4099,0.45,0.4636,0.39895,209071.0,0.4176
RNA,13.25,13.08,13.5,13.07,169893.719352,13.2209
SATS,129.14,127.88,132.1,126.0601,4684380.144903,129.5599
BTG,5.39,5.35,5.585,5.28,33567984.156064,5.3832
COMB,27.5401,27.28,27.58,27.28,213670.097879,27.3835
RARE,26.3,26.45,27.42,26.21,1861673.295028,26.4874
SPXL,267.27,264.46,269.01,264.38,1499064.374499,267.0126
CSD,136.03,135.88,136.9,135.675,13241.154641,136.1894
INTT,17.55,17.86,18.45,17.27,416298.215987,17.8253
LOW,226.06,228.0,229.0,224.5,1948558.231692,226.0783
ISOU,13.22,12.17,13.48,12.1,173901.702162,13.1627
KCCA,14.89,14.87,14.9,14.87,4294.5805,14.8854
NEXN,7.47,7.66,7.78,7.42,251104.931349,7.5554
MGRX,0.4205,0.4147,0.4616,0.4147,702925.129177,0.4389
FLBL,23.045,23.05,23.06,23.04,97321.452049,23.0521
PRSO,1.38,1.14,1.59,1.14,41525955.583743,1.3361
ICUI,124.68,126.6,132.7,123.59,403162.492266,125.2783
LAES,3.06,2.86,3.17,2.79,13581752.725836,3.0037
DES,38.39,38.78,38.8,38.325,86953.594825,38.479
LFWD,6.4,6.35,6.675,6.3,10361.495772,6.3525
MOS,21.79,21.89,22.42,21.1701,17351443.374073,21.7303
CDW,102.54,103.86,105.13,101.51,3248719.484312,102.9712
PG,143.36,145.79,145.945,141.97,7489537.426515,143.1377
VTEB,50.22,50.26,50.28,50.21,4497627.339057,50.2446
BSJW,25.43,25.47,25.51,25.43,10585.739,25.4741
DEO,82.01,83.62,83.78,81.36,3410068.850805,82.2402
WLDS,1.02,1.02,1.048,1.0,231397.220448,1.013
EUHY,53.405,53.39,53.43,53.31,76287.767608,53.359
ABTC,1.19,1.185,1.23,1.12,15897671.404182,1.1857
TECX,27.52,28.99,30.27,26.98,548549.135302,28.0798
LQDW,23.9732,24.0,24.03,23.95,54944.091734,23.9749
CGMU,27.37,27.4,27.4,27.37,851733.21914,27.3924
XSD,575.49,557.99,575.49,557.14,193494.213796,567.636
METW,27.52,27.8,27.85,27.52,22503.339762,27.7167
LIMNW,0.08,0.08,0.08,0.08,668.0,0.08
UFPT,221.97,230.38,233.45,215.45,227873.009868,226.7546
OPXS,10.42,10.28,10.8465,10.28,23202.295634,10.4913
AUR,7.26,6.95,7.51,6.9,31520852.884792,7.268
EU,1.67,1.7,1.74,1.62,4510289.452106,1.6806
CXM,5.2,5.28,5.42,5.1,3141315.888848,5.1951
DBO,22.17,21.77,22.395,21.705,805016.86077,22.0975
EPP,56.14,56.1,56.3,56.05,553211.56302,56.1837
TER,366.64,355.64,367.47,354.2525,4427876.400095,363.4339
GSG,33.69,33.34,33.87,33.3,3180538.180162,33.469
EWN,65.47,65.56,65.57,65.09,259905.959775,65.3663
FTCA,7.35,7.34,7.36,7.33,142784.590527,7.3462
GOOY,15.18,15.4,15.455,15.145,1118273.198786,15.3057
DWM,74.2766,74.26,74.4821,74.2591,8788.461617,74.316
RWK,138.62,139.83,139.83,138.62,28002.08317,139.2673
WTW,249.72,255.28,257.195,249.31,862070.942428,251.3792
SMDV,71.98,72.97,72.97,71.94,11782.243214,72.2388
HIPO,27.0,27.27,27.605,26.92,85766.07911,27.1125
TUSK,2.91,2.46,3.09,2.46,865316.514507,2.9196
FINX,25.92,25.6,26.0,25.37,60341.457793,25.6871
UNIT,11.37,11.9,12.385,11.345,6106875.648638,11.7113
JANT,43.4202,43.36,43.46,43.36,759.0,43.4274
BLV,68.43,68.62,68.678,68.43,397819.837075,68.5309
XBI,134.75,135.24,138.1,134.15,9991766.21461,135.9325
ETH,22.22,22.1,22.26,21.86,1837361.068411,22.121
TUG,45.4758,45.27,45.565,45.27,1015.248898,45.3858
FER,70.05,69.89,70.74,69.84,1838372.940925,70.1451
HOLA,54.199,54.14,54.29,54.1,15349.2138,54.2068
TTEK,29.59,30.265,30.67,29.43,2732642.668598,29.7197
EVMT,19.445,19.27,19.445,19.26,2969.7696,19.2972
XC,31.93,32.1,32.21,31.85,32301.648004,31.9362
RSBT,19.58,19.57,19.6,19.34,45694.498014,19.5156
TAGS,25.44,25.31,25.44,25.17,32781.2397,25.3494
GQRE,64.9928,65.06,65.2607,64.86,9676.71823,65.0685
ISPY,47.77,47.7,47.91,47.6888,90254.192722,47.8086
EFAA,55.32,55.0,55.32,55.0,44562.7845,55.1906
IPEX,10.44,10.44,10.44,10.44,526.0,10.4413
HEFA,44.68,44.65,44.685,44.55,393791.706403,44.615
EART,34.87,34.67,35.06,34.67,45938.440818,34.933
SFM,81.58,82.88,83.105,81.33,1720207.872766,82.1164
ROKU,128.07,129.98,131.39,127.51,2259054.266639,128.7071
VGMS,51.24,51.29,51.32,51.24,35566.4584,51.2832
STXX,48.88,44.07,49.73,44.07,226072.185964,47.9661
VXF,229.51,229.54,230.7,229.29,261613.023462,230.0222
AIP,33.13,32.11,33.46,31.272,1024014.156137,32.7152
THNQ,80.34,79.17,80.89,79.17,52246.841594,80.4209
TROW,104.75,105.29,105.71,104.55,1401313.031672,105.0443
NECB,23.98,24.34,24.44,23.9,24969.111136,24.054
TLH,99.77,100.09,100.125,99.73,583085.882239,99.8675
MDB,294.65,294.98,305.45,289.72,1441701.924518,294.5901
FTNT,115.44,112.095,115.485,112.095,6718134.1067,114.6605
BAR,46.63,46.57,46.75,46.37,309647.369544,46.521
ICAP,28.32,28.69,28.69,28.29,27848.0643,28.3844
SBND,18.815,18.8,18.82,18.8,43075.9073,18.8113
FGD,33.8,33.93,33.95,33.745,208461.670811,33.7996
GVAL,35.61,35.83,35.85,35.575,185703.40087,35.6941
ROLR,7.65,7.15,7.7999,7.15,210328.908214,7.4783
ICLO,25.61,25.57,25.61,25.57,154566.3503,25.6031
HYGH,86.32,86.26,86.4399,86.17,27671.530162,86.331
HYTI,19.26,19.32,19.32,19.26,28239.1563,19.2946
MBOT,2.19,2.14,2.25,2.1221,1992521.736468,2.1837
PFFA,21.81,21.81,21.855,21.69,865267.181255,21.7926
NNDM,1.65,1.59,1.68,1.59,1691431.520284,1.6493
MMIT,24.31,24.33,24.3599,24.29,673812.27664,24.2959
CELH,30.64,31.085,31.19,28.77,20371254.525813,29.7858
ECO,55.93,57.254,57.43,55.05,365131.820519,56.095
GAU,2.66,2.59,2.715,2.59,2463482.773083,2.6682
IWMY,19.81,19.7,19.9,19.7,90579.467751,19.8003
BSMC,37.5357,38.07,38.07,37.5357,6830.083392,37.7299
HGRO,31.04,30.64,31.165,30.64,53353.778596,30.9857
AUTL,1.58,1.59,1.66,1.575,1285314.299377,1.6165
TEST,48.7952,46.36,49.0977,46.15,3274.0087,47.276
KEMX,49.98,49.93,50.1787,49.9,15652.542934,50.0053
UVSP,38.27,39.0,39.02,38.175,149461.7242,38.3421
STIP,103.69,103.63,103.7,103.62,771047.40549,103.6723
IBHH,23.49,23.51,23.545,23.49,84049.658,23.5268
ARKK,80.03,78.58,80.685,78.25,7520339.039637,79.7813
AOK,41.27,41.32,41.32,41.245,158692.320333,41.2862
IAGG,50.0,50.04,50.09,49.9801,720142.587703,50.0104
PLRZ,16.12,16.12,16.91,14.6701,35117.656415,16.4181
WEST,8.75,8.305,8.9764,8.1,2667622.982572,8.6116
RFIL,16.95,15.85,17.18,15.58,526572.688772,16.5697
ERX,88.62,85.93,88.65,85.82,195292.032518,87.506
IBDW,20.875,20.89,20.91,20.8735,268633.804922,20.8957
LEUX,22.29,21.0,23.1,18.8098,61190.977451,21.1928
XVV,56.41,56.24,56.5385,56.1818,82244.10064,56.3964
SDIV,25.85,26.1,26.1168,25.83,456123.181353,25.9811
PROK,1.77,1.88,1.93,1.76,1329656.8632,1.8372
AUST,1.34,1.32,1.38,1.32,156157.877566,1.3525
MGLD,1.11,1.05,1.13,1.05,15198.727245,1.1022
MRNA,52.88,58.08,59.48,51.3901,25402172.499076,55.2298
EXFY,0.974,1.01,1.03,0.9512,588593.256715,0.9857
BNDI,47.29,47.4,47.4,47.27,44153.457159,47.3185
EWL,61.52,61.6,61.76,61.34,1624534.737026,61.5658
UGE,18.8067,19.14,19.14,18.6,13278.440601,18.7998
FTPA,8.68,8.7,8.7,8.67,41754.6082,8.6796
PUI,47.155,47.05,47.22,46.89,2030.336,47.0644
SQQQ,42.22,42.74,43.0,41.985,49617164.280351,42.3755
MGC,271.53,270.24,272.11,270.24,77208.801872,271.4747
RWM,14.15,14.17,14.1896,14.065,12902438.128687,14.1125
BKLN,20.65,20.66,20.68,20.64,9147854.842208,20.6668
TDVI,31.61,31.56,31.63,31.46,197524.150326,31.5539
NFLU,24.41,25.31,25.52,24.25,142142.145081,24.8351
ULTY,32.33,31.96,32.45,31.96,524350.178636,32.2486
CVY,28.4375,28.6,28.66,28.4375,1657.9773,28.5504
FICO,1092.0,1120.24,1120.24,1086.87,289871.126772,1098.3167
IBHG,22.09,22.07,22.11,22.07,89816.9761,22.0972
NSIT,88.23,83.91,88.79,83.6425,1430311.760487,86.7804
VSEE,0.176,0.1781,0.1801,0.17,679511.321888,0.1747
EWI,59.29,59.29,59.44,59.19,133651.279195,59.2708
ATFV,38.4859,37.86,38.8019,37.86,151399.8921,38.6577
BATRA,54.34,54.9,56.0,52.71,49667.502423,53.7311
BUFZ,27.6,27.56,27.65,27.56,117038.486,27.6213
UPLD,0.8188,0.966,0.9748,0.7559,569812.2485,0.8575
IETC,107.27,106.67,107.57,106.5933,36500.243735,107.2485
ASMB,30.41,29.44,30.8267,28.9,87317.193272,30.1289
RDYY,20.84,20.31,21.195,20.3,41171.921706,20.7904
POWA,86.6583,87.44,87.44,86.54,3796.9,86.9142
AIYY,9.6884,9.73,9.9599,9.67,95966.068674,9.796
IBMS,25.87,25.89,25.92,25.86,25523.6972,25.875
RXT,4.69,5.63,5.76,4.65,61024473.684785,5.2461
SNOV,26.46,26.51,26.5131,26.4364,2106.0,26.4859
CONL,10.14,8.73,10.255,8.0807,28911292.600457,9.4321
PQUS,27.2673,27.21,27.33,27.21,7937.0,27.3129
AVX,0.5251,0.54,0.5444,0.5192,467634.310798,0.5253
QCAP,24.72,24.63,24.75,24.63,48115.0832,24.7385
VLY,13.27,13.47,13.515,13.16,5412268.554452,13.2977
BGIN,3.94,4.0,4.19,3.57,96092.0,3.9739
VDC,227.58,229.93,230.2662,226.4,158254.439327,227.4519
HIBS,25.09,25.4,25.56,24.94,88477.585269,25.2072
USMF,52.06,52.05,52.28,52.01,22847.27276,52.0737
GYRE,7.09,7.4,7.445,7.05,59914.122585,7.1826
IMFL,34.26,34.15,34.3,34.1419,21822.430518,34.2192
IBMT,25.73,25.75,25.76,25.73,7027.033162,25.7547
EXLS,30.19,31.02,31.12,30.01,2672533.333207,30.2226
HAUZ,24.1,24.13,24.23,24.08,74664.955999,24.1681
PGF,14.08,14.08,14.1199,14.06,97673.65112,14.0838
IYY,179.58,178.81,179.95,178.81,11203.891466,179.5426
DFAW,81.75,81.77,81.91,81.655,56736.456336,81.7729
NCLH,16.58,17.0,17.02,16.4,30594360.086304,16.5786
LTPZ,51.17,51.37,51.419,51.15,79970.586866,51.2436
LUNG,1.3,1.26,1.3,1.21,887930.044347,1.2551
OSCV,40.66,40.94,40.94,40.65,55021.6221,40.7124
NASA,33.95,32.56,34.4099,32.25,5513677.307649,33.578
AIRI,3.06,3.06,3.125,3.0301,31606.796386,3.0641
SPYG,117.91,117.04,118.3941,116.93,2861356.672839,117.9407
GASS,10.06,10.09,10.17,9.92,138386.633526,10.0542
YYGH,1.06,1.09,1.16,1.0,1947076.303389,1.1469
SEVN,8.23,8.37,8.415,8.22,69656.103707,8.2784
PHXEp,23.9356,24.14,24.175,23.9,5979.0565,23.9984
OILD,43.15,45.16,45.16,42.94,76702.274728,43.9241
TWFG,19.25,19.44,20.6138,19.08,482682.670119,19.55
RGEF,34.1216,34.07,34.25,34.07,8693.8626,34.1624
BTCZ,3.635,3.73,3.785,3.62,11617229.839844,3.6839
SMRF,29.275,28.61,29.56,28.43,28901.507221,29.2617
DECT,38.7261,38.57,38.78,38.57,5603.0,38.7299
OPAD,0.6556,0.68,0.68,0.64,816003.409352,0.653
FLWS,4.365,4.81,4.8201,4.24,1071647.654132,4.435
SRRK,48.35,48.42,50.0,47.86,1005201.164487,48.6917
SKF,28.85,28.69,29.0,28.62,16839.0034,28.8251
EMBC,3.36,3.65,3.77,3.23,5708216.297354,3.3942
EQWL,125.11,125.08,125.505,124.88,70436.42949,125.1372
DJP,50.71,50.23,50.785,50.175,136465.231842,50.6028
SPT,6.56,7.5225,7.5225,6.36,2142176.682795,6.5812
MEDP,417.29,427.44,427.44,414.36,405166.086841,418.2757
DRUP,59.5045,59.58,59.945,59.3,6426.834465,59.5921
TPOR,34.12,34.87,34.9,34.0,18518.65357,34.5187
TIGR,6.38,6.38,6.495,6.335,1989956.298785,6.4132
AAPU,36.79,36.6,37.06,36.15,2074835.51705,36.6035
IWY,289.61,287.66,290.8199,287.66,476785.151318,289.7363
AFMC,39.26,39.15,39.37,39.15,11797.0494,39.2742
SCHO,24.18,24.19,24.19,24.17,2821256.504706,24.1823
QUBT,10.18,9.492,10.315,9.33,31560924.934648,10.55
DBEF,51.91,51.86,51.9899,51.82,400877.108246,51.9002
IGE,61.69,60.865,61.75,60.865,140570.921091,61.4809
CAMT,207.46,206.03,215.99,205.3,759500.159595,210.5575
NNVC,1.49,1.61,1.6499,1.46,611057.850799,1.567
PNQI,48.0203,48.48,48.51,47.97,59785.516972,48.2481
SLYG,108.85,109.5,109.5,108.6701,99850.926342,109.0827
AGIO,27.99,27.79,29.01,27.71,794284.818932,28.1416
MRAM,39.86,36.102,44.67,33.66,28028279.853595,39.1134
RSPM,40.01,39.87,40.1299,39.8,18844.060257,39.907
VLU,232.2465,233.31,233.31,232.05,9591.630272,232.4993
VT,155.32,155.33,155.63,155.0,2164588.621408,155.368
XFOR,4.5,4.37,4.6,4.37,449869.783078,4.5309
PLPC,356.98,346.46,365.375,340.49,68597.55528,358.7825
STEP,55.74,55.91,57.01,54.99,806136.563206,56.0077
JHMB,21.995,22.01,22.01,21.96,412535.5201,21.9716
URA,57.23,55.61,58.12,55.33,4701413.443436,56.9952
JEPQ,59.72,59.52,59.75,59.515,8153728.70391,59.6755
MSGM,5.32,4.9,5.36,4.876,109758.821651,5.1844
CHPX,92.9307,92.93,93.43,91.38,97003.432082,92.5221
MSTW,9.68,9.29,9.72,8.88,1070681.599106,9.2536
PGC,42.03,43.17,43.2,39.95,91287.727313,42.168
FLYX,2.29,2.36,2.41,2.27,316571.961178,2.3433
GDOG,13.1049,12.92,13.139,12.82,17867.3448,13.0501
ARMP,8.82,8.4,9.135,8.165,59763.191696,8.782
TURF,35.185,34.92,35.23,34.92,23113.444582,35.1509
FCG,29.58,29.36,29.7,29.25,1749335.276274,29.6164
AMZA,46.79,46.52,47.2099,46.26,33837.859909,46.7461
AVEE,72.6179,72.93,72.93,72.6179,4113.8894,72.7308
ELS,63.39,62.71,63.605,62.71,1473477.900986,63.377
CGEN,2.87,2.84,2.98,2.793,444195.828976,2.8804
MCHP,99.03,98.1,101.175,96.57,19625219.575284,98.3939
EMKT,31.175,31.36,31.37,31.14,26628.8371,31.2357
WAT,348.07,357.45,357.45,345.26,1074386.8427,350.0195
OPBK,14.03,14.42,14.42,14.0,46741.3983,14.1223
BNAI,23.56,24.22,25.26,21.83,709576.607447,24.3856
FLCB,21.4,21.42,21.4399,21.395,238221.380282,21.4136
CCBG,46.15,46.98,47.02,46.09,43573.379752,46.2558
SCHJ,24.67,24.68,24.69,24.67,325048.117696,24.686
FBTC,71.35,70.59,71.525,70.0,3160816.333459,70.8842
FDEM,36.9,36.9,37.14,36.82,91913.775157,36.9627
IRMD,84.32,86.41,86.41,83.31,67889.179203,84.4023
HST,21.78,22.3,22.39,21.73,8780653.644082,21.8245
EWC,58.14,58.19,58.55,58.095,991128.459938,58.2577
GLRY,41.34,41.06,41.47,40.97,18458.315415,41.3107
RGTU,27.6724,22.935,28.605,22.3,166659.840972,26.9332
DSGX,68.88,72.03,72.03,68.79,359097.021009,69.4171
CBUS,1.38,1.44,1.4619,1.37,237747.883403,1.4008
OZEM,31.6571,31.67,32.3,31.6,48236.858638,31.9817
OCSL,12.1,12.07,12.24,11.9946,956568.433845,12.1223
FNOV,57.6398,57.68,57.7054,57.62,9550.8,57.6741
CHSCP,27.82,27.77,27.84,27.71,8436.8836,27.7988
QTWO,47.3,50.05,50.13,46.485,1001620.643802,47.4253
NVX,0.7101,0.71,0.73,0.6962,354131.929644,0.7155
REZ,91.4,91.26,91.7495,91.02,24344.066239,91.3237
VPX,27.8994,27.82,27.92,27.82,575.962631,27.8921
TMF,34.96,35.38,35.42,34.91,3158747.896402,35.1465
VIXM,15.93,15.8,15.94,15.75,188971.470013,15.861
OGI,1.31,1.38,1.4,1.31,820692.162177,1.3498
BRKC,41.063,40.57,41.0655,40.57,10261.650237,40.872
STRT,64.15,61.5,66.27,57.01,283768.906477,62.686
AVGV,84.0313,84.0,84.35,84.0,20114.401605,84.1611
QCMU,46.13,44.12,49.78,43.77,912220.56627,45.6837
ALNY,284.84,294.15,296.37,284.28,1287797.057021,287.6429
RWR,110.5,110.56,111.18,110.11,313132.48826,110.4811
SINT,2.48,2.32,2.48,2.32,33975.170212,2.3936
IYZ,41.94,41.63,42.08,41.56,1183304.390833,41.8927
IDNA,29.78,30.23,30.485,29.71,73198.946316,30.0836
SFYF,62.5787,61.99,62.5787,61.9113,2148.932921,62.2916
SGOV,100.49,100.49,100.49,100.48,21436301.495047,100.4862
PTGX,103.5,100.14,105.325,99.94,572035.2338,103.2916
GDT,40.0576,40.08,40.12,40.0576,630.604,40.0869
CRM,177.49,179.905,182.5,176.31,11145016.498578,178.1244
NOTV,0.2936,0.304,0.31,0.29,265339.781749,0.2945
STAA,27.83,26.71,28.04,26.57,1239389.980498,27.7639
KORU,983.09,953.8,1007.7999,939.99,474028.36025,969.9357
CLSX,21.96,21.59,24.29,20.53,375091.495278,22.1214
RYAAY,56.6,57.71,57.84,56.5,1811185.090089,56.9193
SABS,3.72,4.2,4.2698,3.67,2627158.616983,3.8061
CCUP,7.65,6.42,7.985,5.03,13482825.350179,6.5875
SPIP,26.09,26.1,26.11,26.0801,176370.534381,26.0963
Z,40.44,41.45,41.94,40.275,2846979.298434,40.7582
SHIM,4.68,5.74,5.74,4.05,872911.798543,4.6208
PDSB,1.3,1.265,1.35,1.21,1047571.198738,1.284
NAMS,39.59,37.745,42.205,37.62,3163006.025515,40.0931
TFLO,50.54,50.54,50.54,50.53,1180214.164554,50.5352
ABNB,137.05,141.745,146.29,136.905,5172812.033212,139.5789
MSTU,9.63,8.99,9.72,8.35,35189935.419897,9.1017
ITDH,41.5059,41.57,41.6,41.503373,14826.552846,41.5488
ECPG,82.33,83.5,86.14,81.91,541745.001085,83.2859
CDXS,2.65,2.9,2.98,2.615,1413854.865649,2.7033
TRNS,76.51,76.25,77.92,74.14,148269.215544,76.3115
VFH,125.69,126.08,126.5,125.39,550603.202148,125.8122
SPFF,9.47,9.48,9.56,9.47,40021.059509,9.5211
IBDZ,26.05,26.11,26.11,26.05,134571.843,26.082
FLRG,40.4708,40.32,40.58,40.32,14353.0164,40.5184
QRVO,93.41,90.3,93.51,90.3,991283.391635,92.4265
XRPZ,16.09,15.89,16.175,15.79,511282.499011,16.0123
YLD,19.02,19.0,19.035,18.9702,212475.880261,19.0115
FLHY,24.295,24.3,24.3299,24.29,106474.371323,24.3114
FXH,112.47,113.36,113.3999,112.07682,8719.730094,112.6429
DRV,19.17,19.12,19.3799,18.9,48728.88011,19.108
MVV,84.79,85.51,85.6,84.6801,6198.272066,85.0326
GOOW,79.01,80.16,81.24,78.97,83750.728248,80.3719
LI,18.87,18.78,19.15,18.75,5380303.701184,18.9118
PAYX,93.88,93.09,94.37,92.4517,3404703.914219,93.6811
INR,16.0,15.67,16.6974,15.6,764125.40772,16.1408
IAUM,47.18,47.12,47.32,46.92,1837768.581875,47.0863
ESGV,130.27,129.91,130.58,129.895,136454.83959,130.2741
AOM,49.49,49.46,49.5485,49.4501,110728.56439,49.5078
JETS,26.61,27.16,27.185,26.565,4140932.683392,26.76
OM,3.65,3.71,3.82,3.47,237004.348327,3.6566
DLLL,75.4708,80.0,80.07,72.39,644662.993244,76.9681
DDTY,19.9301,20.0,20.03,19.93,18972.0,19.9807
BYLD,22.61,22.65,22.65,22.6044,45491.374696,22.6213
HIYY,16.68,16.48,17.15,16.34,42646.601223,16.5588
CLSE,33.02,32.9,33.325,32.9,398912.331506,33.1078
TPLC,48.3323,48.45,48.45,48.22,143733.241765,48.2912
QDEL,9.96,10.83,10.96,9.92,2477198.975436,10.1582
CSTL,19.04,19.905,19.98,18.89,627202.547158,19.1447
XDTE,39.8,39.61,39.8098,39.61,168470.287951,39.7693
ORLA,14.81,14.665,15.32,14.27,4375647.612339,14.7943
CGUI,25.34,25.31,25.34,25.31,81046.1831,25.3304
NBTX,53.55,48.89,54.7399,47.62,203754.300487,51.2404
CRSH,20.65,21.82,22.0,20.5085,31645.384322,21.1267
ULCC,5.03,5.14,5.175,4.99,4088084.480025,5.0663
IVOG,140.245,139.89,140.69,139.89,36678.684961,140.3323
INSP,43.35,43.57,45.085,43.03,926871.288506,43.7297
BKAG,41.95,42.01,42.03,41.9401,73068.51147,41.9777
SPWO,33.26,33.37,33.37,33.03,79365.409871,33.1801
ILCG,115.1,114.25,115.66,114.229,109492.579682,115.1495
OXLC,10.11,10.17,10.24,10.1,768192.588662,10.1466
BKF,42.4,42.72,42.72,42.4,1999.57592,42.5537
COLB,29.42,30.11,30.25,29.35,2974883.421247,29.548
PSEC,2.405,2.45,2.48,2.37,7486523.319134,2.4003
EFG,121.51,121.56,121.79,121.23,556425.781193,121.5346
PTN,19.0,20.4,20.4,19.0,11259.996587,19.4904
IBHJ,26.37,26.4,26.43,26.37,11237.4735,26.3957
BLOX,17.85,17.25,18.07,17.0294,518011.865371,17.6889
BANR,64.79,65.89,66.13,64.615,359074.093954,64.9813
PVEX,30.4828,30.0,30.6,30.0,7391.0,30.5124
PSIL,19.85,20.01,20.185,19.85,34716.486027,20.0102
JMEE,73.57,74.09,74.09,73.48,125017.52064,73.6914
DGNX,1.23,1.37,1.42,1.23,586249.441077,1.3149
SCHH,23.55,23.57,23.71,23.475,3360581.88323,23.5643
FBT,209.35,209.75,212.325,208.775,56178.326046,210.4627
NWL,4.08,4.56,4.63,4.015,10036857.155943,4.1568
ELBM,0.6424,0.6351,0.6608,0.6302,611811.469118,0.651
MGNI,13.37,14.08,14.23,13.22,3672322.988222,13.4903
ZKIN,1.4001,1.37,1.45,1.37,8822.217116,1.3936
STBF,25.475,25.49,25.49,25.46,40235.0,25.4692
DFAT,66.65,67.5,67.5697,66.63,387554.754882,66.9039
TDIV,113.36,113.07,113.7,112.88,117141.347318,113.1473
HEAL,25.01,25.31,25.32,24.95,11222.162006,25.1352
SMTC,136.53,125.94,137.1,125.43,4255159.198393,132.5605
FDRV,20.18,19.97,20.255,19.97,12069.764968,20.1484
IJK,112.9,112.84,113.19,112.6,259503.328039,112.8993
ORBX,62.056,59.0,63.46,58.36,112885.361415,61.0116
TSLT,23.49,21.14,23.92,20.625,6890763.773654,22.3289
QIS,13.227,12.57,13.227,12.57,2235.3191,13.1103
KLAC,1845.19,1852.75,1897.49,1843.589,1212941.824424,1861.509
BLZE,7.15,7.13,7.45,6.995,1981600.822942,7.1805
FTI,71.15,70.47,71.52,69.9246,3373400.206044,70.8296
KKR,99.46,101.0,102.99,98.61,5292118.511973,99.9312
KORP,46.71,46.76,46.79,46.71,117627.659323,46.7337
AGZ,109.24,109.35,109.355,109.24,12366.087888,109.3017
UNHG,19.96,19.58,20.0,19.13,957111.509835,19.5699
EEMO,23.31,23.3,23.45,23.25,5579.810344,23.3446
SAA,32.79,33.58,33.58,32.7467,5009.672904,33.0147
SEIX,23.33,23.32,23.35,23.32,41583.3121,23.3387
EMBD,23.78,23.84,23.879,23.74,12773.474263,23.8211
ARKF,42.54,42.14,42.81,41.68,224346.825841,42.3151
WMG,32.94,32.93,33.44,31.895,4569297.565377,32.635
FLCG,34.0586,34.1,34.21,34.03,281172.9252,34.071
DRIP,4.63,4.68,4.73,4.59,32241927.839951,4.6512
MFC,39.97,39.81,40.315,39.81,1272652.947341,40.0608
DIHP,34.23,34.23,34.275,34.16,551952.72794,34.2188
PCSA,2.69,2.72,2.74,2.44,85884.040627,2.5863
SRTS,3.41,3.29,3.5899,3.1401,135810.639924,3.3569
OVBC,46.11,45.49,46.26,45.005,21012.0,45.8204
FIGB,42.965,43.04,43.1,42.95,53548.8399,42.9856
JDIV,55.7805,55.85,55.85,55.7805,818.854226,55.8237
FSTR,40.92,42.47,42.47,40.195,130170.285157,40.9255
FAST,43.3,43.985,44.15,42.965,9109907.518438,43.4116
VOOV,216.84,216.86,217.16,216.39,60726.469076,216.8013
BMNR,23.02,22.02,23.365,21.955,40315673.600991,22.7147
JMBS,45.3,45.32,45.335,45.255,929874.798848,45.2977
TQQQ,76.96,76.0,77.36,75.55,60475028.464035,76.6458
AFLG,43.08,43.01,43.219,43.01,119923.7944,43.1197
FLRN,30.77,30.75,30.78,30.75,2070761.263871,30.7694
OPHC,5.51,5.6,5.6,5.46,21818.0,5.5194
CWEN,38.51,38.515,38.94,38.0,1076416.512391,38.5568
PAYS,6.7,6.15,6.71,6.15,853413.657013,6.5815
XLG,62.85,62.52,63.065,62.51,1035004.195029,62.8734
FFAI,0.3963,0.4259,0.444,0.39,15153383.642717,0.4206
UEVM,61.5816,61.62,61.745,61.5816,4338.0542,61.6811
MAZE,25.52,26.22,27.13,25.3,546075.870589,26.1257
MNY,1.32,1.37,1.41,1.3109,32651.041666,1.3696
SCHK,35.55,35.39,35.6101,35.39,334100.369415,35.5436
RDTE,29.39,29.27,29.495,29.27,93858.134317,29.4125
ACHR,6.54,6.37,6.75,6.24,67789966.242916,6.617
IBDY,25.8,25.8,25.84,25.795,100971.4293,25.8169
MEDI,29.6616,29.89,30.1,29.52,4145.6118,29.7849
LYFT,13.87,14.31,14.835,13.83,15750097.025122,14.1591
VTEC,99.7,99.73,99.78,99.7,219811.967101,99.7464
IONQ,56.89,48.14,58.54,47.89,61486247.204147,55.5811
SURG,0.559,0.5439,0.5615,0.5253,75436.290909,0.5509
ACHV,5.59,5.16,5.67,5.16,2183367.833787,5.5266
OVM,21.775,21.89,21.89,21.775,11268.8826,21.8061
VIOT,0.976,0.9721,1.02,0.9712,201416.0,0.9842
ITB,91.49,92.9,93.24,91.49,1267788.91387,91.8081
SCHI,22.67,22.69,22.7,22.66,3281043.449807,22.6858
WWJD,39.7,39.92,39.92,39.6,31144.4749,39.7167
GLIBK,28.34,28.38,29.61,27.73,1370793.962853,28.4726
MLPX,73.21,72.37,73.32,72.2,287769.394421,73.0283
DHC,8.42,8.48,8.585,8.39,1356708.733469,8.466
KBA,34.55,34.37,34.6,34.37,25667.922692,34.4997
LTBR,14.21,13.29,14.85,13.0594,1093633.186394,14.1075
TDAX,25.62,25.58,25.69,25.48,18323.0929,25.5971
FTAI,280.36,268.105,288.7,267.775,1512038.746802,282.2644
BIDG,19.5089,19.03,20.61,19.03,27661.701361,19.746
PLAY,10.25,10.2,10.41,10.04,1356227.085763,10.2467
RYDE,1.01,0.97,1.01,0.97,198428.400812,0.9911
ARTL,2.42,2.51,2.64,2.4,90119.827228,2.5342
RLGT,7.89,8.24,8.3395,7.87,399201.260949,7.9442
NAMM,1.65,1.55,1.66,1.45,804923.441706,1.5349
SPYD,46.66,46.92,47.03,46.545,667686.612497,46.7268
TETH,11.68,11.63,11.7003,11.5,620999.380804,11.6409
HYG,79.98,80.08,80.15,79.98,34366646.355739,80.0696
BBBS,51.055,51.1,51.1,51.05,304657.931313,51.0896
SABR,1.91,2.03,2.08,1.9,3589265.356,1.9693
IBHI,23.39,23.38,23.44,23.38,43311.7335,23.4084
BPRO,23.6749,23.56,23.75,23.42,39641.964,23.6221
VEA,70.82,70.81,71.0,70.715,9789408.662514,70.8495
BSTZ,28.45,27.88,28.63,27.79,229690.974427,28.431
BTM,4.9,5.09,5.09,4.59,276826.165898,4.7956
BRTR,50.235,50.26,50.28,50.22,75573.026141,50.2485
PDD,98.8,98.575,99.54,98.0,5588466.541299,98.8401
HAIL,39.3897,38.5,39.66,38.5,2462.7829,39.3458
ETCO,12.2447,12.29,12.29,12.11,6690.554687,12.2095
PTH,51.6419,51.58,52.555,51.55,4395.702958,51.8524
BSJV,26.325,26.4,26.4,26.2833,26977.1325,26.3593
TRI,89.22,91.68,92.88,88.1,1821233.258769,89.8247
VUSB,49.7,49.7,49.72,49.7,1550315.783852,49.7116
HYD,51.15,51.1,51.165,51.1,411012.949667,51.1444
RCMT,29.57,28.75,30.5,28.75,74051.830308,29.5656
WLDR,42.9405,42.05,43.1399,42.05,19643.692419,42.929
AREN,2.63,2.57,2.71,2.53,78063.9371,2.5925
AMD,458.79,460.55,469.215,450.88,46085390.620612,460.9734
BRN,1.1,1.09,1.11,1.081,81069.2118,1.0927
GIAX,17.0974,17.0,17.24,16.9309,104499.703353,17.1287
SKYY,128.16,129.0,130.255,127.42,197774.550031,128.6376
PFIX,47.74,47.12,47.74,46.86,202714.205966,47.3919
CRDU,66.73,54.73,67.19,54.27,528724.716957,61.5621
KGC,31.81,31.55,32.785,31.55,9992333.175936,31.9475
NANC,48.215,48.165,48.44,48.165,25578.341476,48.2867
BRZU,111.77,114.44,115.28,111.22,49050.142502,112.2473
XJR,48.402,48.92,48.92,48.402,3502.6891,48.7242
LCTX,1.31,1.37,1.425,1.31,1650978.719787,1.3545
FR,62.38,62.64,63.0,62.09,579620.163728,62.4495
QBER,23.77,23.75,23.8199,23.75,5706.94045,23.7789
RWL,124.05,124.55,124.6699,123.87,179234.744414,124.1201
JHMD,44.96,45.05,45.1,44.9,827396.066437,44.9208
CBOE,350.48,345.85,350.48,339.54,1476612.281426,346.1335
RBLX,41.31,41.265,42.38,40.95,14348983.920537,41.5974
MGRT,138.68,151.52,151.52,138.68,23054.129055,141.0397
RBB,23.53,23.84,23.895,23.41,73741.196937,23.6267
FFDI,31.9318,31.85,31.965,31.85,1498.6872,31.9306
PTL,280.25,278.86,280.56,278.86,14882.243547,279.8719
VGZ,2.37,2.24,2.4,2.24,1072231.781458,2.3377
QFLR,35.83,35.81,35.83,35.69,78308.06278,35.7615
RDIV,55.903,56.76,56.76,55.815,35841.704077,56.0815
AGMH,0.96,0.8911,1.0,0.8651,126645.74355,0.9276
NOBL,106.5,107.05,107.433,106.255,300637.843956,106.611
FLCA,52.02,52.0,52.3275,51.95,38973.984456,52.1069
SNDQ,7.81,7.41,8.13,7.29,36791418.570387,7.7126
ARKG,29.94,30.29,30.93,29.9,3296317.974806,30.4067
DDFA,19.94,19.92,20.02,19.92,15468.0,19.9652
HURC,16.8,16.47,16.96,16.47,11868.2168,16.7289
DEW,67.973,68.09,68.15,67.973,2297.712568,68.0602
DBP,114.7663,114.17,114.7663,114.17,5340.226268,114.4634
PSI,156.16,153.08,156.17,152.47,1237397.269341,155.2329
SUSL,131.0429,130.33,131.445,130.33,8422.34524,131.1971
WYNN,99.37,100.97,101.75,98.06,2717471.882306,99.5439
DEXC,79.47,79.47,79.845,79.23,8542.4217,79.5877
RNG,44.62,45.0,47.9336,43.75,2555594.895643,44.6256
FCVT,52.2725,51.77,52.519,51.77,18518.8127,52.2392
SSSS,13.46,13.11,13.78,13.0401,362175.966429,13.4017
SPHQ,82.99,82.49,83.08,82.4,979219.222804,82.9054
PLMR,109.22,113.15,114.235,107.51,357832.511896,109.5973
INO,1.43,1.63,1.635,1.39,8046154.349754,1.4658
ACVU,30.03,30.06,30.072727,29.99,5620.9075,30.0315
IOO,140.07,139.55,140.6087,139.55,153837.16932,140.1632
GGLS,5.33,5.26,5.34,5.22,8417498.124778,5.2652
DTD,91.06,91.01,91.34,90.965,10992.547975,91.1013
CPHI,0.53415,0.558,0.558,0.516,9906.086961,0.5361
FORA,2.17,2.16,2.17,2.15,64836.9847,2.1574
BILZ,100.76,100.77,100.77,100.76,66953.05789,100.7611
OOMA,18.99,19.1,19.56,18.6877,269125.055764,18.9225
CRML,12.09,12.0,12.95,11.44,12557595.296377,12.2695
PDYN,6.59,6.08,6.82,5.95,2215784.60314,6.4773
LEMB,42.14,42.23,42.26,42.1399,71579.073254,42.1909
BIZD,12.62,12.85,12.85,12.6,4987112.413372,12.6947
IYK,71.3,71.42,71.42,70.91,143781.347608,71.154
WYY,8.92,8.12,9.0,8.12,79260.740158,8.6898
DBVT,20.36,20.09,20.92,20.01,173821.483,20.4792
LGH,63.15,63.04,63.335,63.04,27742.1914,63.1913
VKTX,31.72,31.275,32.67,31.0,1960780.149234,31.8135
LLII,21.15,20.69,21.7,20.69,32815.4422,21.3303
ADUR,13.86,14.335,14.5857,13.76,650537.982976,14.1048
CWB,106.0,105.008,106.595,104.49,990968.923878,106.249
SARK,27.68,28.05,28.255,27.41,216731.274274,27.7763
DOGZ,1.12,1.14,1.16,1.12,19250.782849,1.1439
QUBX,14.99,13.07,15.33,12.58,1070938.730287,16.6239
JZXN,1.34,1.245,1.88,1.23,91494296.399078,1.476
REM,22.46,22.81,22.815,22.435,369417.489502,22.584
UUP,27.35,27.35,27.36,27.33,959218.507756,27.347
FFEB,60.26,60.3,60.35,60.235688,14342.0,60.2935
TLIH,3.72,3.99,3.99,3.72,49372.23365,3.8173
SDOG,66.09,66.41,66.501,66.01,13794.300424,66.1415
DTST,4.15,4.32,4.32,4.115,18686.721655,4.2365
BITX,21.06,20.63,21.176,20.25,7106183.787916,20.7477
XLP,83.37,84.08,84.29,82.825,11062689.692164,83.2511
NEOG,8.65,9.01,9.08,8.64,2080593.553747,8.7391
DBAW,46.5284,46.55,46.63,46.4401,15816.712942,46.5481
ITRG,2.93,2.89,3.035,2.885,2361849.644451,2.958
HOOY,28.93,27.8,29.1,27.41,158948.045496,28.354
IYJ,158.25,157.52,158.7685,157.02,55462.492758,158.1976
MLYS,29.73,29.71,30.15,29.06,718915.668158,29.5574
HOOG,21.4486,19.38,21.6,18.455,731955.127078,20.3518
FXR,86.955,87.38,87.49,86.92,13143.708971,87.2011
FLDR,50.11,50.15,50.15,50.1,342577.802819,50.1115
LILA,7.71,7.75,7.87,7.63,430054.235702,7.7146
SCOR,7.19,7.43,7.55,7.0,17059.6481,7.2796
EA,200.22,200.6,200.6,200.07,2373085.628204,200.2459
TOON,0.628,0.631,0.65,0.621101,158920.501414,0.6298
PMAY,40.96,40.97,41.01,40.95,191620.747,40.9719
GXPC,32.41,32.81,32.99,32.39,82436.6002,32.6645
EQAL,57.76,57.85,57.9093,57.67,25363.174063,57.8027
AVGW,49.91,50.01,50.6268,49.641,29636.166652,50.0865
UNG,11.22,10.95,11.25,10.94,10225641.345473,11.1111
SEF,33.032,33.05,33.07,32.91,3662.871552,33.0218
GLDW,52.03,51.75,52.2,51.73,16551.129708,51.8157
ROKT,117.49,113.49,118.92,113.4239,54264.736835,117.1117
MVLL,72.49,66.23,75.31,65.3546,1110006.026058,70.5658
CMDY,62.72,62.11,62.8,62.11,45608.153359,62.5499
ANL,12.96,13.12,14.3283,12.76,187269.846123,13.4144
FTMU,7.87,7.88,7.88,7.8502,52161.7703,7.868
RSPN,60.72,60.7,60.8499,60.535,36137.322944,60.7281
NAUT,3.02,2.86,3.04,2.82,1181337.289078,2.9121
PRAA,17.14,19.13,19.93,16.85,820760.032927,17.6632
EXTR,24.31,24.22,24.5,23.88,2280776.578303,24.2232
WDCX,94.57,84.84,97.49,84.84,567092.986252,92.3575
AI,9.48,9.74,9.8499,9.44,4573983.421946,9.5808
METCI,25.275,25.25,25.33,25.24,14226.0,25.2577
PSCE,61.56,61.05,61.795,60.81,45694.752438,61.4194
VTC,76.765,76.83,76.885,76.755,61103.776739,76.8276
CCB,70.73,72.86,72.86,70.27,260685.570782,71.0158
RUM,8.16,8.087,8.305,7.65,3350295.837572,8.1172
IZRL,31.275,31.525,31.6207,31.2,10558.167391,31.4278
SOFI,16.26,15.8,16.32,15.7703,70912418.39527,16.0854
RGTI,20.51,18.665,20.85,18.332,44620327.912094,20.1929
GDMN,106.44,104.5,108.0,104.5,53362.572652,106.0464
CNXN,66.51,66.65,67.56,66.235,75807.062153,66.6721
MSTP,65.7626,61.49,66.15,59.61,37379.567972,63.2911
ENTA,15.46,15.55,15.8899,15.1,298486.778778,15.3712
ARCX,22.43,21.42,23.76,20.39,162265.599679,23.0182
TMB,25.48,25.52,25.52,25.47,20485.4022,25.4984
TPHD,41.34,41.33,41.42,41.21,12958.543126,41.3086
IBMQ,25.5,25.52,25.55,25.49,105558.1573,25.5008
CPLB,20.99,21.02,21.02,20.975,20567.072787,20.9961
USMV,94.1,94.04,94.42,93.85,1504042.538712,94.1004
XXV,23.86,23.73,23.95,23.685,14940.124784,23.885
WKHS,3.6,3.49,3.88,3.3622,287021.602941,3.6797
SHIP,16.38,16.753,16.79,16.21,274213.38381,16.4126
CGCB,26.22,26.27,26.28,26.21,1193001.110814,26.2431
MATV,8.75,9.14,9.39,8.66,502978.946344,8.9141
CVM,1.41,1.74,1.7586,1.38,1261681.87461,1.5111
ARBEW,0.0499,0.05,0.05,0.0412,24102.0,0.04973
NBIG,21.27,19.91,23.41,19.66,587197.800974,21.8954
TBUX,49.845,49.84,49.86,49.84,104880.083091,49.8523
RAAX,42.7,42.18,42.71,42.18,476301.032036,42.6052
TOTR,40.2201,40.38,40.38,40.01,3293.9354,40.2256
JTAI,6.68,7.03,7.23,6.62,188606.135139,6.8622
MBAV,10.84,10.75,10.84,10.75,10319.0,10.7735
XPH,58.38,58.97,59.66,58.22,28237.278544,58.8491
BENF,3.28,3.37,3.49,3.2517,21947.319749,3.3478
IBIT,46.47,45.96,46.56,45.55,31097050.56663,46.1731
DFJ,107.72,107.89,108.64,107.72,29288.573645,108.0208
JAGU,2.54,2.38,2.5699,2.295,103193.514899,2.4713
EFOR,18.9,20.0,20.2799,18.88,1144082.34303,19.3757
DFUV,52.61,52.61,52.74,52.505,238847.320568,52.617
ESP,70.83,71.74,72.78,69.5101,31720.247234,71.0696
CWII,15.1098,14.705,15.73,14.705,14033.5193,15.598
AG,23.58,22.69,23.685,22.57,24043046.582353,23.2621
CSV,44.75,45.48,46.36,44.7,78958.720947,45.2298
WTO,1.07,0.9584,1.1299,0.9584,121253.401884,1.0603
DFUS,80.41,80.11,80.62,80.11,468578.631439,80.4457
SFL,12.0,11.95,12.0368,11.775,1131622.729051,11.9508
JOB,0.2419,0.2533,0.258,0.2391,235558.362,0.2473
OPPJ,59.2418,58.94,59.505,58.8997,67268.799856,59.1612
SCHG,34.13,33.91,34.26,33.91,10178352.180704,34.1422
HIDE,24.6004,24.49,24.63,24.49,35208.167487,24.5987
XLY,119.37,119.38,119.86,118.51,5829368.812865,119.3098
UTWY,42.575,42.7,42.72,42.57,1547.878553,42.6853
THRO,42.44,42.35,42.5399,42.3,1504918.80052,42.4476
TLDR,25.02,25.01,25.02,25.01,2938.0806,25.0136
JMTG,50.78,50.85,50.87,50.7539,304729.92176,50.8153
ETN,419.0,402.04,420.88,396.44,3724672.674465,414.539
IXP,123.0,124.08,124.08,123.0,12968.222986,123.5173
RACE,329.26,333.61,333.66,327.86,556867.082475,330.3006
DFAR,25.97,26.06,26.155,25.8999,3575785.70376,25.9975
TMO,452.6,464.855,466.79,447.88,3953047.006663,454.6244
CTRE,40.55,41.81,41.8453,40.39,3533621.45438,40.7875
SMHX,57.15,55.67,57.2,55.67,131748.766855,56.6892
DDTS,22.265,22.16,22.275,22.16,1462.0,22.2093
ASTX,31.61,28.59,33.39,27.04,13412766.298561,29.5477
NDSN,281.85,283.47,285.8699,279.49,398824.248919,281.1536
KODK,10.59,11.17,11.68,10.56,2189980.295282,10.8428
LQDT,34.33,36.15,36.15,34.05,297712.460961,34.5613
WCLD,28.98,29.62,29.99,28.69,1039625.78835,29.3069
LLYX,18.52,17.76,19.5899,17.65,636251.781195,18.815
DTH,56.58,56.61,56.7679,56.56,26993.632063,56.6557
AMN,30.27,29.09,31.65,28.6,3478860.105865,30.3071
KIDS,17.18,17.71,18.0,16.935,238116.216398,17.2341
NFLW,21.07,21.48,21.6997,21.05,19165.541587,21.2786
BMLpL,19.705,19.43,19.78,19.43,6235.9082,19.7029
JNK,96.32,96.5,96.54,96.3101,3337828.718257,96.4438
FMDE,38.86,38.91,38.97,38.8101,645226.465089,38.8911
FDL,49.12,49.25,49.42,49.02,418780.497683,49.1616
NN,20.22,19.76,20.5583,19.5957,1853230.890492,20.2092
AVSC,68.04,68.71,68.71,67.96,121813.458136,68.2361
APT,6.64,7.09,7.5,6.51,495581.402782,6.9849
BRLN,50.935,50.86,51.0,50.83,595.6637,50.9058
TMV,38.45,38.03,38.56,38.0,349918.844862,38.3402
YMAX,8.72,8.72,8.81,8.68,1359348.212011,8.7589
GPUS,0.1211,0.1208,0.1211,0.116,24193493.365056,0.1193
ZSL,16.02,16.34,16.81,15.975,13140888.383751,16.4403
VWAVW,1.08,1.05,1.09,1.0,25502.0,1.0726
NTCL,0.4517,0.236,0.4517,0.225,15590556.743196,0.3759
IBO,0.625,0.6267,0.644,0.6004,37868.272727,0.6227
DISV,42.39,42.5,42.6185,42.3499,243511.411455,42.4566
FFEM,43.36,43.28,43.47,43.205,20842.572288,43.3759
GOCT,41.02,41.06,41.06,40.98,2966.0,41.0342
NVNI,1.11,1.15,1.175,1.1001,99937.151731,1.1273
NFBK,13.92,14.09,14.09,13.85,232342.8668,13.9239
KYLD,22.36,22.28,22.37,22.0,65486.342549,22.1509
KTEC,14.44,14.38,14.48,14.38,45764.353227,14.4499
DOGG,21.04,21.22,21.22,20.94,30394.705,21.0621
JBI,5.08,4.92,5.17,4.9,1382168.702032,5.1051
TESL,19.72,18.45,19.72,18.21,24610.476612,19.0119
TECL,200.7,194.78,202.11,194.52,1161840.41918,198.7848
ETHA,17.67,17.56,17.7,17.385,19051225.274203,17.591
MEMY,21.9623,21.49,22.0,21.49,1079.078724,21.6934
VGK,87.82,87.88,88.04,87.64,3321866.587788,87.8435
SLV,78.0,77.05,78.0,76.141,38320830.382935,77.0393
WEEK,100.07,100.07,100.08,100.06,37797.129724,100.0715
CBTO,20.37,20.3,20.3895,20.3,21048.3685,20.3621
CGGO,39.87,39.8,40.04,39.7,1090669.66654,39.9268
LABX,48.7,44.31,49.0,43.61,500185.338467,46.7164
GMF,155.13,155.5,155.5,154.93,7189.891266,155.1893
ROAM,35.49,35.52,35.6,35.45,21296.72,35.5141
NUDV,31.9487,31.68,31.9487,31.68,4767.5249,31.7629
IBTM,22.745,22.78,22.79,22.7401,73134.06178,22.761
SCHF,27.36,27.32,27.43,27.32,7374707.635708,27.3694
JPME,121.0353,121.37,121.37,120.98,4428.949103,121.1003
PHIO,1.08,1.09,1.115,1.07,152476.938836,1.0956
HYSA,14.915,14.96,14.9651,14.88,25245.548435,14.9328
GNOV,41.315,41.38,41.38,41.27,3529.0,41.31
CIFR,20.28,19.92,21.49,19.14,28416092.022611,20.6278
IBHF,22.745,22.73,22.765,22.73,478259.215906,22.7428
DKNG,24.51,25.18,25.19,24.11,13589224.101684,24.6084
IBDR,24.21,24.2,24.21,24.2,285896.1433,24.2038
BILS,99.24,99.24,99.25,99.24,357825.131792,99.2442
NXGL,0.605,0.6187,0.63,0.5868,165121.336,0.6074
LVO,5.04,5.26,5.4,4.9701,45429.983118,5.1759
VFF,2.64,2.71,2.88,2.58,2495415.16232,2.6808
CREX,3.74,3.71,3.84,3.7,14875.994615,3.7333
YSWY,26.88,25.75,27.45,25.39,556371.918243,26.6521
NFRA,65.3917,65.5,65.56,65.32,50559.144175,65.4252
VREX,9.705,9.8,9.88,9.305,1075232.5727,9.7025
IREZ,8.26,8.34,8.9,6.7901,21290933.287836,7.7924
ECF,13.05,12.95,13.17,12.93,46580.9191,13.0765
TRAW,2.02,2.22,3.23,1.965,25876025.88481,2.6469
XTNT,0.5231,0.5243,0.5752,0.515,97678.0,0.5289
AMRX,12.78,13.15,13.26,12.74,1637628.66947,12.863
IHE,87.1,87.41,88.5905,86.9,85103.240384,87.5244
URTH,200.88,200.36,201.29,200.36,541830.077448,200.9819
PL,41.84,38.65,43.12,38.1,12219659.642076,41.5064
BBSI,29.42,29.75,29.89,29.34,165759.601917,29.503
RWO,49.68,49.56,49.82,49.41,20085.616775,49.6456
GVIP,176.1727,175.69,177.27,174.87,8875.860809,176.1111
AGIG,1.18,1.11,1.23,1.11,158853.376971,1.1859
QNC,3.02,2.7,3.05,2.635,1352729.390146,2.9253
ON,107.24,102.73,107.25,102.48,9686942.841079,105.9375
SGOL,45.09,45.03,45.22,44.84,1713934.246976,45.0307
PHO,67.0804,67.64,67.8771,66.9062,71877.426915,67.2676
PDM,8.29,8.47,8.495,8.25,922062.362816,8.3209
NCI,1.12,1.1,1.18,1.0203,3547144.334084,1.1548
IBDS,24.18,24.18,24.19,24.18,421640.377001,24.1866
STBA,44.03,44.52,44.89,43.81,316652.25182,44.0545
LSF,3.0,3.01,3.09,2.995,29637.943588,3.0122
DLX,25.8,26.58,26.75,25.24,677675.104091,25.7258
SPEM,52.5,52.45,52.5951,52.35,4331275.530032,52.4968
WTV,99.51,100.36,100.455,99.35,133679.886659,99.7897
JBSS,75.46,77.97,79.725,74.9,82539.114198,76.0311
NVAX,9.5,10.555,10.74,9.3007,10343093.842187,9.8956
FPE,18.13,18.14,18.155,18.13,699586.128814,18.1405
IDU,113.77,113.64,113.9897,113.21,44879.590578,113.6634
ONDG,5.42,4.88,5.6599,4.64,836070.433546,5.2564
CALF,47.78,48.49,48.71,47.735,391283.684183,48.0858
JHCR,25.305,25.36,25.36,25.305,10294.0,25.3525
NAVI,8.32,8.54,8.555,8.21,1207078.243206,8.3807
GLTR,231.62,230.36,231.95,229.415,57691.131549,230.4064
GUNR,55.39,54.8,55.43,54.8,302725.03987,55.3285
MSN,0.4299,0.414,0.4299,0.414,41696.0,0.4223
SACH,1.07,1.06,1.0899,1.06,102945.403419,1.0722
LABT,3.16,3.14,3.18,3.11,149057.728018,3.1228
VOO,679.52,677.08,681.06,677.08,5693446.611291,679.1694
PSLV,27.86,27.71,27.9,27.23,16108254.304893,27.6084
FIVA,37.58,37.48,37.6499,37.48,61080.168269,37.5447
GOOGL,388.64,393.645,397.44,388.47,30753738.319863,391.672
SPSK,18.07,18.09,18.15,18.04,491036.525135,18.0697
XLFI,22.5854,22.52,22.68,22.51,2192.5267,22.5939
PPI,22.3294,22.03,22.35,22.03,47142.806332,22.2401
LUV,39.99,40.91,41.27,39.92,4781008.141952,40.1169
DBJP,109.8776,109.55,109.9826,109.53,8540.740908,109.7511
CBLL,20.06,20.23,20.47,20.0,306853.747007,20.1469
PAAU,24.1064,23.89,24.345,23.22,13174.112,23.7599
PIEQ,35.575,35.53,35.675,35.5,32001.60344,35.5865
IWMI,52.1,52.01,52.235,51.935,330566.498737,52.1099
FBCG,60.9,60.66,61.3999,60.445,636484.460094,60.9932
ZBIO,20.4,19.975,21.09,19.75,384488.987321,20.4223
NLR,145.65,142.73,147.565,140.94,582718.161491,145.2319
SOUNW,2.595,2.74,2.74,2.51,39611.39,2.6062
ZDGE,3.06,3.22,3.2987,2.9301,100419.711834,3.0837
UHAL,51.94,52.41,52.97,51.89,184388.217586,52.2441
RDW,12.16,11.015,12.87,10.765,47387400.002754,12.1335
WEYS,34.7,34.0,35.17,33.66,17339.7906,34.5798
MJ,27.05,27.09,27.45,26.96,39029.174695,27.1282
VCYT,39.7,40.42,40.905,39.33,995000.522875,39.9259
OPPE,56.8359,56.81,56.88,56.54,22136.321026,56.7592
TEM,48.46,49.37,49.5,47.75,8238991.830321,48.8029
OVL,57.02,56.78,57.1082,56.74,143073.862035,56.9479
QQQ,713.29,710.36,714.59,708.91,36019146.312207,712.5696
YMAG,13.09,13.05,13.15,13.0,1063956.948672,13.0802
PZA,23.32,23.34,23.36,23.31,556853.928543,23.3302
SIXJ,35.8675,35.82,35.9,35.82,4552.9539,35.8843
NRSH,31.8262,31.83,31.8899,31.665,1577.6028,31.8244
IWF,123.52,122.75,124.025,122.65,5720799.276779,123.5911
SNDL,1.43,1.42,1.47,1.41,2287507.571128,1.4316
XMHQ,109.58,109.98,110.215,109.4401,134480.309102,109.6875
TBLL,105.715,105.72,105.72,105.71,288206.002724,105.7165
AEF,9.9,9.83,9.99,9.75,99631.820661,9.8838
TGL,4.32,4.55,4.71,4.3,20259.03915,4.462
TAOP,1.335,1.34,1.34,1.2915,8394.8596,1.3227
FFIN,31.48,32.38,32.415,31.32,700218.957315,31.5324
WGRX,0.0921,0.086,0.093,0.085,2179190.816419,0.08853
SSM,4.36,4.21,4.66,4.032,16566.0,4.3014
PAYM,25.45,25.29,25.79,25.29,10878.7208,25.5651
SMU,17.65,14.91,18.42,13.92,2056525.878284,16.6182
DVYA,51.1561,51.07,51.2293,51.07,3006.765771,51.1484
ILTB,48.914,49.05,49.05,48.9,45299.835907,48.9671
PSFF,33.88,33.9,33.9099,33.8463,61399.8598,33.882
PSK,31.43,31.42,31.5099,31.42,48989.83521,31.4521
AAOX,66.89,47.165,70.5,46.5,8323387.778791,60.6209
VFQY,160.6841,161.5,162.24,160.615,8752.403525,161.2584
CITR,6.97,6.92,6.97,6.76,21967.503,6.8798
EPRF,17.1717,17.13,17.24,17.13,16988.31797,17.1768
FCPI,54.01,53.94,54.1,53.94,6653.107857,54.0125
ZAUG,27.335,27.4,27.4,27.3,1716.0,27.3644
FAS,129.83,130.675,132.05,128.21,543422.981825,130.2334
NCMI,3.48,3.67,3.67,3.47,199196.775676,3.5247
EWQ,45.49,45.5,45.51,45.31,1914308.129447,45.461
DFSE,49.893,49.65,50.08,49.65,20653.8003,49.8875
BNDP,74.21,74.25,74.305,74.2,4471.5056,74.2583
CBAT,0.7851,0.7979,0.7979,0.785,76666.217375,0.7913
ORIO,0.98,0.99,1.0,0.98,93745.741358,0.9947
KMAR,31.2757,31.2,31.41,31.2,3390.0,31.2959
FMAY,55.51,55.57,55.57,55.5,86380.436,55.5451
GEM,51.41,51.31,51.53,51.18,57644.359858,51.3518
PODD,154.17,153.34,155.3899,152.13,1536228.467333,153.7749
FYLD,38.61,38.37,38.7007,38.37,49317.707911,38.612
CMF,57.24,57.26,57.28,57.24,454007.675931,57.2609
XOVL,19.99,19.86,20.13,19.675,114778.3011,19.9035
IVOO,124.9,125.37,125.41,124.6901,67584.173066,125.0606
BBIO,64.68,68.848,68.848,63.88,3648394.21036,65.2083
ATLO,28.03,28.9,29.025,27.99,58995.5021,28.2552
SOXS,8.2,8.65,8.77,8.15,300724041.439931,8.4354
SILO,0.39,0.4,0.4141,0.3852,311914.591754,0.3988
EAOR,37.3147,37.41,37.41,37.3,1656.799423,37.3587
CPER,39.39,39.24,39.55,39.14,1588694.893721,39.286
BOAT,42.5609,42.76,42.76,42.215,21730.929224,42.5021
VERS,75.8078,75.0,75.9,75.0,1212.6422,75.6223
EWX,75.54,75.47,75.62,75.2419,20129.359753,75.3906
FGL,2.37,1.96,2.4,1.85,225964.688444,2.1555
FDCF,48.795,48.81,49.12,48.79,11740.8417,48.9033
IDR,50.75,49.07,52.4,49.02,259758.362066,50.9715
PLU,47.78,42.36,50.6775,40.39,210582.274756,47.233
DOG,22.87,22.93,22.97,22.835,1831519.345454,22.8955
DIPS,39.1245,39.72,39.72,38.738,5915.398466,39.1029
CGNG,36.44,36.46,36.55,36.35,485275.306486,36.4666
TREE,37.16,39.655,39.655,36.95,369344.022579,37.6469
NXT,126.26,126.46,134.32,124.72,3156140.135545,128.9908
ZROZ,62.4,62.79,62.79,62.32,632736.75625,62.5126
COPX,87.59,86.76,88.83,86.76,6561996.876382,88.1011
ARMY,24.3777,24.2,24.46,24.19,3305.837685,24.3104
EQIX,1086.22,1072.61,1094.85,1071.3268,679362.572567,1086.9658
OKLL,12.68,10.73,13.13,10.0,17208973.574514,12.0325
RSPG,104.0,102.44,104.2251,102.44,87329.852425,103.6765
FNCL,73.02,73.26,73.445,72.845,96825.675668,73.0776
CNYA,38.39,38.13,38.4896,38.13,62953.608167,38.3134
GOOP,45.792,46.43,46.68,45.792,10580.469895,46.3938
RING,84.88,83.06,85.97,83.05,414257.472191,84.638
FFLV,26.625,26.6,26.72,26.595,5597.2149,26.6232
FNDF,53.49,53.39,53.585,53.39,1213332.629503,53.4946
FPX,190.14,188.53,190.94,187.6,75192.321017,189.8227
PLAG,1.85,1.84,1.93,1.66,52573.0,1.819
ELVR,97.81,97.99,101.5,97.81,105212.780234,99.1483
USBC,0.508,0.4352,0.5099,0.4352,1244866.222677,0.495
WOOF,2.535,2.79,2.8095,2.525,2835272.717727,2.5903
CARE,26.57,26.72,27.24,26.3,489270.571842,26.6784
CMT,24.17,25.72,25.89,23.87,64466.885798,24.7475
OLP,23.59,23.63,23.7,23.33,54503.23064,23.5858
STXS,1.88,1.93,1.955,1.86,334689.987037,1.8982
IEUR,74.92,74.89,75.16,74.73,611278.166127,74.9223
GJUN,40.9,40.95,40.95,40.87,2020.0,40.9077
VSGX,80.85,80.83,81.01,80.62,177706.173681,80.8292
STRD,76.5151,76.58,76.83,76.0301,111131.24269,76.4933
JCPI,48.68,48.5,48.71,48.5,57352.678522,48.6641
GLIBA,28.71,28.45,29.97,27.79,76557.315388,28.7249
FRDM,69.11,69.66,69.66,68.718762,305026.602674,69.2206
SMTH,25.785,25.82,25.83,25.7801,258333.622,25.7975
RODM,41.27,41.17,41.38,41.09,199145.042483,41.2528
CTRM,1.97,2.0,2.08,1.95,56719.924686,2.0158
MYO,0.85,0.8402,0.8588,0.7745,543319.412425,0.8121
SHLD,64.75,64.34,64.935,64.0703,2862127.332721,64.7126
SPRO,2.55,2.62,2.67,2.54,431855.818095,2.5992
AIB,1.15,1.14,1.19,1.14,170998.229815,1.1596
SPIB,33.48,33.51,33.52,33.47,9677339.822837,33.5007
ALP,0.2381,0.23,0.2445,0.208,6888819.880409,0.2325
ZLAB,19.59,19.39,21.09,19.31,984228.975153,20.0314
SEB,4592.13,4563.66,4706.1699,4560.01,5671.791601,4617.8963
SPOT,419.5,415.01,428.0,412.99,1965720.951866,420.3365
MNA,36.45,36.55,36.5774,36.41,21234.556555,36.4831
BUYW,14.41,14.41,14.44,14.39,427565.0993,14.4071
XNDX,24.19,24.47,27.85,22.57,403993.474791,24.9268
GIFT,0.882,0.82,0.89,0.82,35485.0,0.8581
LENS,46.3952,45.47,46.5,45.47,5482.439207,46.3799
PABD,68.5002,68.7,68.7,68.42,44534.413,68.4245
NEXA,13.31,14.489,15.046,13.1601,3112992.930732,13.7505
VCR,394.54,395.86,396.52,392.68,36148.959879,395.0736
VRP,24.4,24.37,24.445,24.34,3319456.437706,24.4209
EWY,192.85,190.87,194.58,189.99,17208340.580717,192.7025
RPG,58.24,57.67,58.48,57.62,536853.258391,58.013
RBLD,88.6823,87.86,88.85,87.86,4852.9741,88.5586
CBTJ,20.6598,20.52,20.67,20.47,28034.385365,20.605
PROV,16.95,17.132,17.24,16.88,11079.413191,17.025
PFLD,19.68,19.64,19.7,19.64,41662.981811,19.6795
INTL,31.06,31.06,31.11,30.9501,32167.129561,31.0389
RSIT,20.8129,20.76,20.85,20.76,53386.4859,20.798
ATCL,25.2595,25.28,25.28,25.24,11309.696,25.2595
PICS,11.86,12.16,12.8199,11.8,159469.498771,12.0526
EDZ,16.68,16.82,16.91,16.54,99872.043733,16.7191
XTIA,1.85,1.74,1.88,1.72,1569923.927815,1.8016
BTGO,12.97,12.48,12.99,12.0001,567149.0885,12.6063
IGRO,87.955,87.97,88.3,87.7701,41822.164806,88.0361
XRPR,12.13,11.94,12.18,11.92,14589.132116,12.0337
FNX,138.6017,139.31,139.5,138.555,13211.3291,138.9933
GNTA,0.6297,0.6208,0.65,0.615,57638.0,0.6259
IQDG,42.53,42.66,42.72,42.52,56761.346577,42.6246
DFAU,50.82,50.65,50.935,50.65,687923.441852,50.8328
CET,52.72,53.29,53.39,52.63,40484.6974,52.9033
GILT,20.85,19.09,20.928,19.04,1786078.043724,20.2321
GDXD,29.52,31.61,31.64,28.23,751768.048971,30.2885
NSPR,1.25,1.21,1.2897,1.16,683884.305252,1.2371
EWO,40.07,39.96,40.1364,39.96,9136.314247,40.051
SGVT,100.59,100.59,100.63,100.58,312688.318567,100.586
HYLB,36.53,36.56,36.61,36.51,720670.849234,36.5624
IT,153.8,154.62,160.83,152.015,1550017.071274,154.5786
CART,40.41,40.14,41.65,39.79,4839260.45815,40.6459
ESML,52.27,52.57,52.5718,52.24,83303.934312,52.4181
CORN,18.76,18.72,18.82,18.64,608229.126361,18.7378
UMI,58.8892,58.03,58.99,58.03,9117.7713,58.6287
EWG,42.53,42.5,42.665,42.43,1842537.825047,42.6041
FRSH,8.61,8.77,8.905,8.4847,12920449.040366,8.6319
BABA,137.3,137.66,138.85,136.22,9859181.611171,137.3558
IRTR,31.9334,31.98,31.98,31.84,15579.273762,31.9072
COGT,34.1,34.89,35.01,33.6,1070868.311739,34.1518
ABEO,5.86,5.95,6.015,5.855,1006644.286694,5.9193
ICVT,118.47,117.01,119.04,117.01,470149.002979,118.7547
FMHI,48.145,48.13,48.2099,48.1,73582.2215,48.1657
ADTX,0.1092,0.1092,0.11,0.098,1971315.872571,0.1025
VRSN,286.47,286.68,288.535,283.75,1001228.854488,286.3318
LINC,49.5,44.7,51.645,44.7,988374.624411,48.8746
OSUR,3.02,3.06,3.09,3.0,850258.294872,3.0337
GLU,19.905,19.76,20.1099,19.75,6078.63182,19.9934
ECNS,34.55,34.5,34.68,34.5,11513.027177,34.5682
PILL,12.61,12.97,13.52,12.5001,28237.735405,13.0096
HMOP,39.1,39.1,39.13,39.06,71515.14384,39.0924
RVSN,6.95,7.06,7.28,6.9,13642.324487,6.9969
JPSE,58.02,58.4,58.4,57.92,29384.8846,58.1196
SECU,49.82,49.87,49.98,49.8,32240.131,49.8774
CAAA,20.375,20.27,20.41,20.27,8366.3701,20.3709
CMAG,26.0602,26.23,26.23,25.998,906.268,26.1597
ISCG,61.97,61.84,62.2905,61.84,15267.824651,62.0786
JHSC,46.23,46.75,46.75,46.23,13697.60538,46.5011
VKI,9.03,9.04,9.05,8.9401,70658.820566,9.0107
TLTW,22.2,22.31,22.31,22.19,1558127.959234,22.2444
PVAL,49.53,49.34,49.72,49.34,1514165.948333,49.5638
MINN,22.38,22.35,22.42,22.35,21964.9302,22.3799
TFSL,14.87,15.15,15.17,14.84,737077.280908,14.926
ROM,138.53,135.82,138.9754,135.78,45653.273354,137.8176
MITK,14.98,15.6,16.48,14.86,2461699.769291,15.5493
TMFG,30.57,30.65,30.755,30.57,21778.759126,30.6885
DON,54.89,55.45,55.45,54.85,146523.785068,55.0214
SONO,15.22,15.3,15.55,15.14,3544677.613441,15.2102
FXY,58.42,58.5,58.505,58.4,131696.038476,58.4516
JOBY,10.74,10.61,11.03,10.155,42941124.010667,10.7673
NHC,189.75,190.71,193.2,185.5,89528.400772,190.2231
VMBS,46.82,46.86,46.9071,46.8,976935.447454,46.8295
EELV,29.15,29.28,29.29,29.01,25531.743,29.2049
CEVA,36.46,36.02,37.0,33.0001,1979858.636691,35.7432
DULL,49.1926,49.51,49.51,48.83,2806.925049,49.5272
EINC,118.2152,116.13,118.493,115.03,6494.492555,117.9143
GDE,70.39,70.05,70.6999,70.05,127241.634509,70.452
NDRA,5.05,4.98,5.085,4.98,2424.171427,5.0111
XSHD,13.52,13.71,13.75,13.5101,20696.143357,13.5779
THYF,51.7574,51.77,51.8,51.7401,7981.346,51.7728
QAI,36.25,36.1,36.2864,36.1,43054.237824,36.2539
BUFY,23.11,23.13,23.1899,23.11,15036.535,23.1698
XOVR,18.83,18.745,18.9,18.685,3144769.17165,18.8179
FTHF,48.1038,47.89,48.2787,47.87,53143.606826,47.947
ONEO,145.9673,145.92,145.9673,145.92,351.420366,145.9908
DMAR,44.3351,44.28,44.396,44.28,9464.0,44.3415
SIF,19.44,19.25,19.76,17.1601,207682.855053,18.6659
BVN,37.75,35.86,37.86,35.85,1174383.835512,37.4213
OSW,23.99,24.34,24.72,23.88,586087.009853,24.0889
CBC,27.31,27.16,27.81,27.16,1191829.388135,27.4859
BBUS,132.99,132.46,133.279,132.46,293453.149538,133.0573
FUTY,58.38,58.22,58.58,58.02,463311.234782,58.2819
QID,14.83,14.95,15.005,14.77,32414223.205459,14.8543
PZG,1.55,1.48,1.565,1.43,895041.175181,1.5283
RILYN,24.91,24.8,24.91,24.8,55817.0,24.8432
DDWM,46.19,46.1,46.28,46.07,184461.8744,46.1291
VNRX,2.05,2.25,2.25,2.0114,237225.261123,2.0923
AMZE,0.1385,0.13,0.1413,0.1225,20355467.818272,0.1337
IPO,49.7,49.07,49.88,49.07,43926.650629,49.5602
TGEN,4.37,3.67,4.59,3.65,583199.414077,4.1856
ACIC,10.17,10.53,10.625,10.09,223311.933908,10.2391
PED,14.03,14.06,14.63,13.09,62789.306136,13.9768
AFK,28.83,28.6,29.0,28.5852,104672.12491,28.7837
CSWC,23.54,23.88,23.93,23.49,697880.80836,23.6441
MDYV,90.38,91.43,91.43,90.34,77757.158671,90.7045
SRAD,12.8,12.965,13.16,12.7,2786933.87097,12.8682
ELUT,1.06,1.04,1.17,1.04,403430.506222,1.1109
SAIC,92.65,93.93,93.95,91.42,516351.589964,92.4931
ICOP,54.8,54.15,55.31,54.15,283389.887779,54.9586
ORMP,4.62,4.25,5.01,4.23,607167.872924,4.6257
NSRX,3.04,3.09,3.16,2.9001,57742.736478,3.0579
FAD,184.81,183.97,185.55,183.56,10704.6683,184.7037
FEED,1.22,1.28,1.28,1.2,253412.0631,1.237
ARMG,17.37,16.44,17.8178,16.28,2575172.802473,17.1111
RSSX,28.4331,28.25,28.48,28.25,14492.420786,28.3566
VRRM,13.79,14.3,14.41,13.6,2312714.165194,13.8042
BSEP,51.88,51.81,51.92,51.81,1259.4602,51.8488
VENU,3.57,3.75,3.755,3.52,297111.042076,3.6004
FAN,27.22,26.88,27.3,26.87,310202.263718,27.0718
QQQX,30.74,30.88,30.9,30.6001,100720.310002,30.7423
ONTO,287.52,283.85,290.3325,280.25,752758.531077,286.789
ALKT,17.22,18.1,18.1,16.97,1226914.79683,17.2978
SUSC,23.13,23.15,23.16,23.125,327287.723526,23.137
H,165.15,169.76,169.76,163.2,514823.91221,164.9814
XPON,0.626,0.64,0.6649,0.626,125213.925726,0.6411
ITDB,34.7187,34.75,34.775,34.701,30034.644604,34.7378
AMDY,55.08,55.13,56.045,54.22,402116.187691,55.2638
IOTR,2.18,2.31,2.31,2.18,8440.1,2.1793
NVDA,219.44,214.035,222.3,213.89,160685774.810465,219.5231
PIO,45.6494,46.01,46.01,45.52,30203.371464,45.7869
CISO,0.2871,0.3088,0.3099,0.282,265538.960951,0.2921
CLDI,0.1985,0.206,0.206,0.191,2405470.189855,0.1853
ZIG,38.7922,39.17,39.17,38.7922,879.4702,39.083
GWX,47.0229,46.91,47.28,46.91,41949.543995,47.0644
FLBR,24.3,24.61,24.64,24.26,533240.077147,24.3269
DDTN,20.12,20.03,20.2,20.03,4209.0,20.0987
IDEV,89.61,89.61,89.8275,89.46,938756.122613,89.6272
NLSI,49.3392,49.47,49.47,49.2901,980.0933,49.4684
ITOT,161.5,161.01,161.92,161.01,2896291.550019,161.52
AMPG,2.68,2.21,2.7,2.2,1802945.29532,2.5032
HSBC,90.55,90.95,91.11,90.38,1297611.161063,90.7158
LRCX,296.05,292.51,300.0,292.51,9149989.962384,296.5927
ATLX,5.96,6.465,6.51,5.91,877272.104133,6.1768
TMFS,34.73,35.11,35.1305,34.675,13651.1351,34.8799
XEL,80.6,79.56,80.99,79.4022,8070468.304849,80.4989
RMBI,14.61,15.27,15.27,14.61,32992.6172,14.8805
FWD,136.26,134.14,136.62,134.14,148229.820802,136.1573
MINE,3.17,3.2,3.2285,3.06,14231.4919,3.1584
FTIF,28.2279,28.14,28.2279,28.02,1255.3556,28.0547
FRMI,5.37,5.075,5.545,4.975,11328905.078387,5.3107
GOVT,22.765,22.805,22.8099,22.76,7886551.294351,22.776
PLSE,19.08,19.26,20.23,19.0,979943.493029,19.6481
BIYA,0.9009,0.9995,1.0,0.866,548065.908346,0.924
GGLL,139.01,142.67,145.37,138.88,1365820.440028,142.4353
ZTEK,0.818,0.7636,0.87,0.75725,242218.6042,0.8094
FPS,43.02,40.46,43.24,40.0,3859935.64076,42.6005
SPDN,8.79,8.83,8.83,8.77,30612811.601035,8.7939
INDO,3.1,3.11,3.1799,3.05,505219.142022,3.1133
CWI,40.38,40.34,40.435,40.26,165747.903087,40.3415
BABO,10.3786,10.44,10.49,10.355,55181.761983,10.4123
NKTR,78.72,79.65,80.95,76.61,1748077.577069,78.4886
IBTP,25.425,25.48,25.48,25.4201,24487.4256,25.4459
FRNW,26.49,25.85,26.66,25.85,116891.883231,26.438
MAGX,60.31,59.83,61.0,59.12,164035.346548,60.4036
GRNI,21.2155,20.99,21.24,20.99,25979.87244,21.1246
PAPL,1.08,1.14,1.14,1.08,359614.181134,1.0952
RKLZ,3.12,4.04,4.13,2.6201,35153135.591196,3.2553
HNST,3.29,3.52,3.57,3.28,2796120.498086,3.3656
EEMV,73.51,73.29,73.73,73.29,169838.056865,73.5718
IJJ,140.58,142.08,142.08,140.52,120769.675941,140.9579
OPENW,0.63,0.6735,0.6999,0.6102,519115.343183,0.6398
RXL,43.19,43.48,44.13,43.19,4083.924411,43.709
HIMZ,40.41,40.46,43.78,38.87,2612829.441847,38.1662
SPTS,29.04,29.06,29.07,29.04,585730.783253,29.0543
GILD,133.52,131.01,134.8599,130.98,5384970.414444,133.5183
XLVI,24.2569,24.45,24.5799,24.2,17054.737239,24.3864
LABU,189.89,192.6,203.8901,187.35,632086.982977,195.7181
WIP,40.6521,40.67,40.8647,40.57,209048.815243,40.727
BKKT,9.92,10.07,10.31,9.5127,2888549.489271,9.9398
FDIS,102.48,102.71,102.91,101.9501,48113.270051,102.5529
EQX,14.86,14.5,15.04,14.495,7174062.870993,14.8188
VIAV,54.93,51.65,55.365,51.32,6697006.321134,54.1756
BUFR,36.06,36.05,36.09,36.0283,886457.632819,36.0659
DFAX,37.65,37.55,37.73,37.55,728977.578075,37.6517
ACN,172.35,180.49,181.29,172.22,4624410.396006,174.4
AVGE,97.4,97.07,97.71,97.07,57205.70364,97.5538
CIBR,75.43,74.86,75.675,74.77,1273980.500673,75.2194
HUMN,37.68,37.12,37.805,37.062,132592.15105,37.5974
JMUB,50.35,50.4,50.42,50.35,549600.403056,50.3758
NRGV,5.04,4.485,5.29,4.47,9103427.250998,5.0251
IBD,23.87,23.82,23.92,23.76,54480.49615,23.8633
REFI,11.58,11.95,11.97,11.56,134578.45578,11.6849
VMAR,0.9259,0.9,0.9259,0.893,60208.0775,0.904
URAN,48.045,47.0,48.37,46.9711,28805.189147,47.5406
MUST,20.57,20.62,20.6399,20.57,53907.887052,20.6116
CBXJ,21.94,21.88,21.95,21.82,22601.0,21.8981
APOG,36.22,36.4,36.93,36.15,131222.972892,36.3373
QCLS,3.77,3.76,3.9,3.7174,226708.810634,3.8097
AOR,68.85,68.84,68.93,68.78,315589.783623,68.8637
SIEB,1.76,1.77,1.775,1.76,7364.4813,1.7641
VECO,61.21,61.68,62.25,59.92,2058491.069392,61.3248
CSMD,33.47,33.47,33.4981,33.32,34795.731,33.3896
RSP,203.99,204.46,204.815,203.635,7428684.757109,204.08
ESCA,19.12,19.75,19.75,18.76,44253.046437,19.1135
PIZ,58.7628,58.7,59.15,58.54,57768.49669,58.8224
MTA,7.56,7.32,7.58,7.28,459750.60391,7.47
PLTA,14.3,13.92,14.32,13.48,49400.471823,13.9093
VOT,290.29,288.71,290.98,288.58,241788.10353,290.1449
FTEK,1.49,1.5,1.5,1.44,125301.319377,1.471
OGC,32.74,32.18,33.7,32.115,245343.605059,32.7493
XXII,0.5943,0.58,0.5943,0.5103,873305.17017,0.559
QTTB,5.18,5.4,5.72,5.03,176732.068237,5.293
LWAY,24.95,25.6,25.6899,24.89,44502.774124,25.0744
USAR,26.3,26.24,28.01,24.88,19051970.941555,26.7362
TFPN,31.84,31.13,32.16,31.13,3144.8048,31.6033
FIVE,208.15,223.0,223.34,206.2761,1571233.943742,210.5367
FSIG,18.97,18.98,18.99,18.96,661410.231266,18.9761
UDOW,61.06,60.595,61.31,60.2,2747034.649942,60.7973
FFBC,30.11,30.75,30.75,30.01,877816.965762,30.1803
HQY,81.65,84.46,84.98,81.4,673740.149802,82.2364
GMAY,42.6098,42.69,42.69,42.56,14400.0,42.6303
LGL,7.16,7.0,7.16,6.9501,14160.3317,7.0164
DLTR,90.02,94.24,94.25,89.32,5089001.160106,90.2585
EFA,103.74,103.81,104.0,103.57,10717945.996283,103.7537
AVDV,109.89,109.76,110.3473,109.76,570653.167902,110.0358
TSMG,38.28,38.73,38.95,37.12,146433.894276,38.1432
UGRO,6.69,6.28,7.57,6.28,365949.511444,6.8722
GRPM,125.4456,126.19,126.19,125.28,6474.380106,125.6861
RMBS,134.51,126.19,134.58,125.04,1982026.190702,132.6256
VTG,75.22,75.35,75.37,75.2149,27973.315293,75.2916
MSII,8.86,8.64,8.9001,8.435,49626.54826,8.7932
UBT,16.07,16.18,16.21,16.05,34727.977889,16.1178
CRAI,146.4,140.66,146.82,135.8,266422.640017,144.1045
ANGI,5.12,5.835,5.97,5.0401,1826557.799056,5.2513
PSDM,51.155,51.17,51.19,51.15,18525.7577,51.1718
GLUE,20.26,19.4,21.27,19.4,1042713.642629,20.5322
NCIQ,20.54,20.27,20.54,20.16,47332.996168,20.4087
URG,1.82,1.76,1.87,1.64,16289653.597964,1.7737
FAPR,46.1748,46.16,46.22,46.14,20949.0,46.1897
REKR,0.8729,0.8796,0.9048,0.841,4653026.20969,0.8664
OBE,12.89,12.49,13.025,12.49,789314.746952,12.7873
KJUL,33.541,33.55,33.58,33.525,9017.772,33.5672
BKNG,157.8,164.095,165.31,156.07,10544280.066436,158.8731
RVER,31.355,31.11,31.64,31.11,2012.2828,31.3633
DEM,54.73,54.6,54.8365,54.59,209334.204055,54.7166
MSMR,36.7898,36.66,36.84,36.66,3804.7116,36.7327
SDY,147.75,148.52,148.66,147.5,200458.176566,147.8693
SCHP,26.85,26.86,26.87,26.83,2006019.026613,26.8422
ATLC,80.86,84.495,89.0,80.1769,89581.917815,82.6997
BBIN,78.06,78.02,78.3,78.0,35500.12205,78.1506
TVAL,40.26,40.2,40.31,40.165,60980.1119,40.2343
SECT,69.31,68.9,69.38,68.9,89754.080264,69.2525
FIDU,94.78,93.96,95.14,93.7,119987.146744,94.6564
ONEQ,103.5,103.09,103.75,102.8501,352730.030632,103.424
TDVG,46.99,46.87,47.06,46.75,42354.80638,46.9356
VCEB,62.78,62.83,62.89,62.78,67162.743356,62.8373
SHPU,9.51,10.54,10.66,9.49,825938.618562,9.9147
ACVF,52.6369,52.58,52.7,52.55,8049.863299,52.5906
WDTE,30.98,30.88,31.0959,30.88,24567.841427,31.0039
SPUS,56.54,56.095,56.6799,56.095,615439.058913,56.509
BWX,22.29,22.33,22.4,22.28,1330476.790727,22.3726
FXI,37.47,37.51,37.64,37.435,19442139.633926,37.5052
JTEK,104.04,102.83,104.29,102.59,218428.198429,103.7322
ETU,7.15,7.07,7.18,6.95,125798.5336,7.1099
AXTU,34.6539,30.26,38.0,27.4,240467.951689,32.3754
TDTT,24.33,24.31,24.33,24.31,212339.264935,24.3231
SCEC,25.025,25.06,25.07,25.02,61146.6791,25.0415
YDDL,4.2,4.5,4.59,4.2,106206.218983,4.3909
EMGF,73.11,72.86,73.26,72.62,162390.661778,73.0062
FYEE,29.15,29.12,29.1899,29.07,178134.486,29.1496
CQQQ,54.75,54.53,54.93,54.445,1272104.457876,54.759
ELAB,1.88,1.94,1.94,1.77,513128.76481,1.853
GTX,29.14,28.65,29.43,28.65,2603493.339226,29.191
DSGR,27.28,27.47,27.48,27.21,44856.901516,27.2899
ILCB,102.181,101.75,102.4247,101.75,7124.223673,102.218
EAD,6.57,6.55,6.6,6.55,124641.39251,6.5833
HTEC,33.3319,33.79,33.79,33.29,9060.617621,33.5421
SIVR,81.91,80.96,81.93,80.05,3138114.229194,81.0499
WDAF,35.8022,36.02,36.02,35.62,14607.7618,35.8199
RTXG,20.3376,19.78,20.5799,19.78,27137.793082,20.2513
PHAR,12.6236,12.97,13.095,12.49,24070.664826,12.9614
SYNA,126.55,127.29,128.58,122.515,1028836.798666,126.1076
RMTI,0.8384,0.83,0.85,0.8299,125002.337717,0.8369
BA,238.21,239.44,241.21,236.52,6267001.6936,239.1108
GRO,2.69,2.65,2.81,2.61,608720.688991,2.7119
SGDJ,97.11,95.16,98.255,95.16,40378.61737,97.193
USDU,25.87,26.0,26.0,25.81,228648.10335,25.8464
DCH,6.69,6.71,7.34,6.635,9044697.980295,6.9217
HTRB,33.8,33.85,33.87,33.8,109802.692633,33.8386
BBGI,17.99,17.18,18.84,17.03,24546.776428,17.9472
NIHI,51.55,51.55,51.7,51.3804,62675.726925,51.5035
AQLT,31.0411,31.03,31.09,30.96,6246.8552,31.0361
ION,68.1218,67.69,68.29,67.69,13864.46621,67.9504
JSTC,21.95,21.97,21.97,21.86,34999.224007,21.899
TNUK,27.6658,27.52,27.74,27.21,1213.902,27.5657
VMET,12.62,12.15,12.7,12.0601,180185.4168,12.4944
CORT,51.2,52.92,52.98,51.11,1325132.549077,51.4328
HYFI,37.405,37.47,37.47,37.405,23721.6617,37.442
CRSR,7.91,7.86,8.27,7.77,2616379.223794,8.0373
GENC,14.9,15.39,15.49,14.9,27255.055731,15.0921
SNYR,0.3284,0.3769,0.3769,0.315,1264210.630846,0.3525
FDRR,64.2141,63.98,64.37,63.98,18052.687069,64.1435
ALH,25.4,25.305,25.875,25.0,820756.526979,25.4773
EWZ,38.66,39.15,39.245,38.52,31075234.437137,38.7292
NAMI,0.37,0.38,0.386,0.3675,6169.0,0.3709
APLX,34.16,28.15,37.009,26.1,1512497.165553,33.2681
SCHR,24.72,24.76,24.7797,24.72,2298359.485679,24.7499
QFIN,13.18,13.24,13.42,13.13,1004626.676553,13.269
VRIG,25.105,25.11,25.11,25.1,335376.803878,25.1068
NBIL,30.32,28.425,33.46,28.0,1155892.910774,31.1868
NYF,53.57,53.6,53.61,53.565,175004.13456,53.5896
PSCH,44.9216,45.61,45.61,44.88,6742.116,45.0832
MPTI,76.58,80.01,82.0,76.3,73476.175495,78.6223
SPMB,22.31,22.34,22.355,22.29,1329015.470991,22.3083
NKLR,6.06,5.72,6.4,5.6,418181.113411,6.0502
HDB,24.2,24.74,24.8,24.17,7490820.741413,24.3331
ULTA,511.98,523.52,524.37,508.94,586274.796095,512.3929
RSSY,25.37,25.34,25.52,25.31,13036.8133,25.4077
CMCL,24.28,24.25,25.36,23.9,291880.078676,24.4826
FRI,31.0975,31.2,31.2201,31.015,96078.582199,31.045
LLYVA,93.19,93.75,94.1,91.925,149839.664154,93.1779
UECG,11.6194,10.35,11.97,10.35,25095.0,11.1476
DBX,26.49,28.195,28.61,25.775,8629472.9713,26.402
VLO,248.13,244.675,248.64,242.77,3045482.097872,247.2923
REMX,109.53,108.46,111.04,108.19,1614998.633971,109.8178
PSEP,45.45,45.4,45.48,45.4,35184.856414,45.4506
AQB,0.885,0.95,0.95,0.8783,83489.402316,0.9062
WB,8.39,8.44,8.4975,8.37,761082.030687,8.427
CD,6.02,6.5,6.5,5.8,75735.119397,6.0508
OCGN,1.48,1.53,1.6,1.46,9629028.999507,1.5087
VIG,228.27,227.845,228.82,227.7,1282925.31009,228.2499
ENOR,36.91,36.82,36.99,36.82,557365.220782,36.8466
SPBO,29.01,29.04,29.07,29.0001,313171.5625,29.0347
EGGS,40.905,39.71,41.11,39.71,36258.162549,40.8272
BTAI,1.2,1.2,1.24,1.19,485063.82442,1.2119
GDEC,39.35,39.45,39.45,39.35,13324.0,39.3842
BAB,26.91,26.86,26.96,26.86,88039.607798,26.9162
MTNB,0.6402,0.61,0.665,0.6001,26609.184915,0.6387
VONG,127.15,126.3,127.67,126.29,1493216.006469,127.1862
HDEF,32.77,32.85,32.9199,32.7453,128480.703935,32.8194
FPFD,21.8,21.8,21.805,21.79,12091.8175,21.7964
ROBO,87.02,86.71,87.49,86.4,229969.377127,87.0071
ARAI,0.7397,0.6786,0.7443,0.67,1626144.375042,0.7071
P,87.34,82.88,93.92,82.5,11207565.749667,88.0493
IYR,102.84,102.8,103.515,102.52,4127672.151264,102.9307
EMQQ,33.48,33.76,33.79,33.3804,31650.684096,33.5555
GOP,44.27,44.06,44.27,43.975,10239.195256,44.1453
POAS,2.34,2.39,2.44,2.3,696182.364435,2.3808
IPI,43.75,37.03,43.8,37.03,394467.499259,41.9692
FNGG,237.0218,236.26,239.1,236.25,9728.637321,237.31
SIDU,3.74,3.54,3.95,3.45,35983497.027976,3.7034
EUAD,40.18,40.27,40.4,39.95,538828.725754,40.1726
SOLS,85.42,79.42,86.79,78.72,4010203.991769,84.1802
SPLB,22.27,22.31,22.335,22.27,2888131.204312,22.2896
VFMV,139.3,139.57,140.24,139.005,10722.21022,139.5116
JSPR,0.9422,0.9266,0.947,0.8803,213500.275798,0.9206
QCML,37.08,35.48,40.0,35.23,4078278.068585,36.7548
BBP,87.4954,88.55,89.65,87.4954,6331.793377,88.7121
GLO,6.01,6.0,6.035,5.98,117933.94102,6.013
EIDO,14.63,14.67,14.675,14.59,1066294.507267,14.6358
VOX,194.42,196.4,196.65,194.42,115056.984384,195.3275
LUNL,29.9,24.46,31.9,23.3,719975.774848,28.2148
EVX,39.5474,39.81,39.81,39.49,12515.523624,39.5903
REE,0.431,0.4743,0.4743,0.4234,127624.131724,0.4362
AIM,0.3077,0.339,0.3399,0.2858,1442784.230391,0.3188
WDC,515.83,489.025,525.15,488.0,10022550.519442,513.2789
GSLC,139.99,139.55,140.275,139.45,136773.348184,140.0908
JBBB,47.43,47.42,47.45,47.3401,163552.843517,47.4337
VUSE,70.44,70.17,70.52,70.17,14982.53385,70.3955
RSPF,74.93,75.3,75.36,74.7901,10462.648397,75.0604
MRAL,72.59,68.16,75.94,64.0,178078.345901,71.494
AIQ,62.85,62.55,63.035,62.19,2608649.282729,62.7289
FSMD,49.88,50.14,50.19,49.82,136632.891592,50.0101
NULG,109.19,108.475,109.685,108.44,165651.846176,109.3348
NBSM,26.7,26.96,26.96,26.6788,7239.6209,26.7441
LOUP,88.1844,86.6,88.1844,86.6,14893.814855,87.6099
GCDT,0.8199,0.8179,0.88,0.7602,47508.776705,0.8143
XSOE,48.18,48.0,48.29,47.89,244340.190076,48.166
LGIH,47.28,46.735,47.99,45.96,503909.372191,47.2745
SCHM,34.82,34.86,34.955,34.77,799993.362421,34.869
GLQ,8.35,8.32,8.4399,8.2801,162993.630424,8.381
STAK,1.11,1.04,1.12,1.0399,44394.06608,1.0867
NUGT,206.3,197.84,211.2722,197.425,501723.646164,204.6717
SNOU,16.45,16.35,17.3,15.8438,122766.945212,16.4549
EPS,76.88,76.69,77.04,76.69,30100.156182,76.9241
EWD,51.25,51.27,51.41,51.015,77802.874949,51.2335
VIOV,110.31,111.75,111.7601,110.21,32382.274253,110.7431
TBPH,16.52,16.64,16.975,16.42,410517.187735,16.6015
RLYB,14.0,14.22,14.4459,13.74,176844.835377,14.0413
FPAG,39.15,39.39,39.39,39.15,52328.5217,39.1872
BESS,2.48,2.52,2.56,2.3201,48308.26786,2.4668
TSDD,6.88,7.67,7.86,6.735,43938540.177423,7.1639
UMBFO,26.93,26.93,26.99,26.93,3989.0,26.9551
UBEW,31.0257,32.24,32.24,30.7,10582.158535,31.1303
CHYM,18.23,18.13,18.52,17.94,5413147.095468,18.2479
AEHL,1.43,1.17,1.69,1.06,50989741.059869,1.3666
IEFA,97.09,97.08,97.3799,96.975,10329579.954605,97.1597
AIV,4.32,4.24,4.32,4.23,2269270.738218,4.2771
NEBX,93.69,87.85,103.8799,86.51,746252.410202,96.9218
FEMR,41.6532,41.38,41.75,41.38,38910.6012,41.6077
HDUS,70.54,70.28,70.68,70.28,18163.695,70.6159
JFB,5.79,5.71,5.86,5.55,228640.467991,5.6889
MUU,613.59,608.49,646.29,574.5,3773571.414239,605.7229
WULX,45.765,45.06,49.69,40.9,166751.682707,46.6708
DDLS,45.81,45.8,45.89,45.69,17776.204732,45.7986
CONY,29.03,27.25,29.21,26.5316,779900.762946,28.124
BEMB,53.38,53.42,53.445,53.38,565.6729,53.4315
SCHV,32.87,32.81,32.8951,32.78,2537842.902397,32.8373
BGLD,17.3754,17.38,17.43,17.32,45154.561794,17.3777
BGL,1.03,1.12,1.138,1.03,343654.239445,1.0602
MX,4.3,4.55,4.605,4.22,1786178.961781,4.3861
PSMT,156.98,158.23,158.46,156.41,154149.641946,157.1627
RGYY,9.58,9.4,9.61,9.4,4545.7129,9.7438
ONEZ,27.4,27.23,27.5199,27.23,24513.5078,27.4533
CCJ,120.14,114.23,121.54,113.2,3158235.212361,119.0057
MELI,1557.3,1641.325,1642.0,1536.71,1864548.629375,1568.0612
FHEQ,32.86,32.69,32.99,32.69,114333.481549,32.8851
UEC,16.47,15.54,16.8281,15.345,10165225.136444,16.2036
HTH,37.28,38.42,38.42,37.21,390599.151152,37.4554
BINV,42.9191,43.31,43.32,42.89,28781.208702,43.056
NXXT,0.3308,0.3401,0.355,0.3308,1391372.329282,0.3451
WGSWW,0.0049,0.0088,0.0088,0.0039,85543.0,0.005031
RWX,28.18,28.28,28.3499,28.14,9788.03208,28.2533
AMZP,30.43,30.55,30.9,30.43,11292.2711,30.7259
FSEP,54.278,54.33,54.36,54.2501,7576.0,54.3129
FTBD,49.3139,49.38,49.4381,49.29,2932.8584,49.3494
SJNK,25.03,25.07,25.09,25.03,1444793.0615,25.0638
QBTX,19.11,16.22,20.15,15.69,2011456.064313,18.6855
MWH,44.83,43.39,44.99,42.3,1482926.920766,44.0633
STIM,1.505,1.66,1.66,1.5,2099209.030018,1.568
NEAR,50.7,50.74,50.75,50.7,283783.553651,50.7254
ACTG,4.64,4.63,4.775,4.53,335504.728171,4.6295
SCHZ,23.13,23.14,23.22,23.13,1955321.344401,23.1493
ASTN,10.53,11.98,12.79,9.7,2312402.95038,11.595
AUPH,15.72,15.35,16.05,15.14,2182663.398546,15.6898
IGEB,45.07,45.1,45.1299,45.0368,112803.581812,45.089
PRGO,11.07,11.84,11.84,11.05,2628345.218865,11.2653
SILC,43.18,44.07,44.87,41.3,186582.031843,42.7632
TPSC,45.1665,45.67,45.67,45.15,9956.579628,45.3278
SEPT,36.935,36.85,36.98,36.85,5041.1839,36.9552
PSIX,62.45,76.32,82.48,61.36,3796626.65324,60.2443
WEAT,23.99,23.64,24.0,23.53,734443.983098,23.8055
PASW,0.1547,0.152,0.159099,0.1511,77769.0,0.1537
VTRS,16.92,17.3,17.505,16.785,14119499.639366,16.9844
ARM,212.65,206.535,215.5,206.078,10549519.220949,211.6253
FENY,31.95,31.48,31.98,31.45,1399692.028799,31.7478
MFIC,11.1,11.75,11.75,11.095,1381456.118056,11.3208
VNQI,47.78,47.81,47.945,47.7301,207189.928483,47.8263
ARKB,27.19,26.9,27.255,26.68,1625123.277111,27.0417
OILU,42.96,41.5,43.1591,41.33,156516.236326,42.1564
XLU,45.14,45.095,45.305,44.83,22669334.933181,45.1013
SMX,14.49,23.0,23.0,14.0,401617.376528,17.0961
GSEW,90.77,90.79,91.04,90.6,44562.64821,90.7488
ICSH,50.51,50.53,50.53,50.51,1105544.35947,50.5233
EMBX,51.535,51.63,51.66,51.52,254699.9011,51.5452
FCLD,35.48,35.45,35.71,35.2101,26162.283436,35.4691
ITWO,44.42,44.37,44.6665,44.2708,15923.185517,44.5237
LINE,39.32,39.98,40.115,39.18,1295267.575682,39.3595
TLT,85.56,85.88,85.915,85.49,17713653.824757,85.6565
SCOP,12.45,12.35,12.4573,12.22,557622.138,12.3517
TMFC,77.0,76.78,77.3799,76.78,105135.67553,77.0283
PRTS,0.7905,0.86,0.86,0.774,778514.709272,0.8365
PTON,5.31,5.65,5.7,5.225,11765653.97929,5.3525
DJUL,49.48,49.38,49.5,49.38,7512.0,49.4685
FBOT,40.04,39.85,40.1399,39.785,23185.9741,39.9785
QMNV,24.815,24.79,24.835,24.78,6804.5,24.8086
SSRM,34.74,34.21,36.28,33.79,4259120.221024,34.6884
AETH,33.8018,33.55,33.8018,33.39,798.248001,33.5616
TRT,12.8,12.46,13.86,12.01,968939.110845,12.8577
DIG,57.25,55.47,57.262,55.47,34028.910766,56.4511
BBCQ,10.46,10.46,10.53,10.37,331138.88512,10.4391
BDSX,16.11,15.18,16.41,14.81,109000.217578,15.5645
BCHT,1.34,1.4,1.4,1.26,146110.883,1.3181
KXI,67.94,68.51,68.51,67.765,39391.85269,67.9494
SCHE,36.66,36.69,36.755,36.58,2779906.472068,36.6611
BTCI,37.98,37.59,38.0,37.4,853133.980389,37.7357
EPI,42.55,42.74,42.94,42.475,661259.754237,42.6365
INFU,8.37,8.46,8.7,8.21,325447.280329,8.3953
HEWJ,61.2,61.1,61.2199,60.7,254265.630733,61.0221
BIIB,197.95,194.76,200.31,194.75,1772229.448412,197.7901
IGLB,49.76,49.84,49.905,49.76,1201157.026278,49.8204
UTES,81.65,81.73,81.99,80.7851,184461.250904,81.3529
BBSC,85.4157,85.94,85.94,85.4157,781.1462,85.7051
JFLI,53.395,53.23,53.44,53.23,13852.5471,53.3378
NCSM,42.05,40.4,42.36,39.625,50277.86073,41.0857
BMBL,3.29,3.56,3.62,3.28,4389925.688911,3.4128
MUB,106.94,107.04,107.04,106.92,1865479.947205,106.9882
SLVO,91.89,92.08,92.14,91.25,119297.208187,91.8092
TVRD,3.96,3.95,4.18,3.91,60079.895467,3.9998
PLX,1.94,1.94,1.965,1.91,604095.8606,1.9368
AGNT,6.04,6.55,6.92,6.015,1883602.152546,6.2321
XLI,175.04,173.24,175.55,172.88,6277196.600951,174.4247
PONOU,10.05,10.1,10.1,10.05,25520.0,10.0504
TXUE,34.415,34.41,34.54,34.38,26040.3721,34.4432
TECS,8.36,8.62,8.64,8.295,4269928.071466,8.4175
MRNO,0.297,0.2332,0.335,0.2313,5290512.864287,0.3018
MSFT,412.66,407.87,412.69,405.5,35657943.328144,411.3348
FDBC,45.01,46.17,46.17,45.0,2484.69361,45.2121
IDV,44.96,44.98,45.0251,44.855,643166.321575,44.9433
DFAE,40.21,40.12,40.32,40.01,953154.922477,40.2082
EVSM,50.29,50.34,50.34,50.28,120924.7839,50.3037
YETH,11.89,11.89,11.9251,11.76,71727.134251,11.8464
BV,13.04,12.8,13.04,12.7001,642466.522743,12.9662
METU,23.82,24.2,24.295,23.7601,5059816.047833,24.0492
PICK,65.91,65.29,66.2,65.13,968292.139789,65.9016
ATRC,26.3,26.34,26.44,25.5205,924247.052759,26.1505
WTPI,33.05,33.0,33.11,33.0,101633.989993,33.0502
JELH,25.215,25.13,25.28,25.1,8198.146,25.1673
IREX,39.95,39.76,50.47,35.2,2763369.581622,42.4998
YCS,52.46,52.33,52.625,52.27,13048.148494,52.4076
SRPT,19.4,19.99,20.99,19.27,3072520.039609,19.8203
KGRN,29.4,29.21,29.49,28.9891,16427.153729,29.333
UUU,6.15,6.01,6.29,6.01,24270.612369,6.1537
CBTA,23.5541,23.42,23.57,23.42,10460.2739,23.5505
NRC,18.71,18.73,18.93,18.25,85352.376578,18.6179
USHY,36.99,37.07,37.08,36.99,4991737.77016,37.0334
CRMX,21.845,21.5,24.8,19.7,357437.47793,22.1928
EDIV,41.87,42.01,42.01,41.7601,170921.165359,41.8859
GAPR,41.28,41.28,41.35,41.2469,96003.8931,41.2941
MSTZ,4.22,4.55,4.895,4.17,22617833.70795,4.4737
QLVE,33.7478,33.69,33.8136,33.69,6564.5514,33.7236
XRPC,15.74,15.55,15.815,15.45,296600.004852,15.6819
TBLA,5.13,5.16,5.255,5.1,3572874.89281,5.1604
QXO,18.44,18.53,18.78,18.12,13222420.245526,18.4707
EFV,78.28,78.24,78.48,78.145,2468175.19039,78.2978
CON,25.0,24.05,25.0,23.87,1139293.192933,24.8662
PMNT,0.2406,0.2472,0.2472,0.2405,253269.9548,0.244
HUN,14.84,14.75,15.3,14.75,3724618.125077,14.9351
FF,4.84,4.89,4.94,4.795,341933.406886,4.8347
PBFR,30.33,30.27,30.37,30.27,34426.6971,30.3185
COYA,4.18,4.12,4.2453,4.12,144119.422715,4.182
VCIG,0.825,0.86,0.86,0.82,123704.326256,0.84
DVGR,26.159,26.19,26.27,26.159,767.373,26.201
STRW,12.9,12.63,13.19,12.515,28036.125678,12.8803
ROBN,21.56,19.56,21.73,18.5,5706632.141549,20.6634
FNDC,50.61,50.65,50.8299,50.53,211626.967454,50.6601
CDRE,31.36,29.38,31.605,29.38,664852.086741,30.8035
ACSV,46.35,47.69,47.69,46.35,3334.0,47.2292
NUSC,49.07,49.59,49.59,49.03,30915.325592,49.2567
LRCU,56.97,55.11,58.4,55.11,70463.589662,56.8482
GNTX,23.2,23.42,23.42,23.02,1826803.607337,23.1897
UPRO,140.09,138.63,141.03,138.59,2677334.20462,139.9833
FNDA,35.82,36.13,36.1998,35.785,702265.605321,35.9222
FDMO,93.87,93.23,94.32,93.23,71108.950463,94.0174
XNET,6.49,6.39,6.53,6.27,142365.860663,6.407
IAT,56.46,57.61,57.61,56.28,237645.903358,56.7076
VTAK,0.8111,0.822,0.822,0.8079,20412.542978,0.8133
LGCY,11.56,11.68,11.8351,11.37,85763.989522,11.5377
DB,31.77,31.89,31.99,31.655,2319557.25224,31.8291
XNDU,14.775,14.8075,15.85,14.23,7854789.218164,14.9799
KGLD,31.79,31.73,31.84,31.6,134721.645879,31.7211
NYXH,3.33,3.3,3.35,3.2151,29882.432944,3.2731
CEGX,17.73,19.5,19.85,16.45,536230.853033,18.202
XLUI,24.5056,24.5,24.58,24.35,25312.405752,24.4616
OLMA,14.86,15.02,15.635,14.6,1306397.90838,14.9141
FMAR,51.6549,51.74,51.74,51.63,9638.0,51.7035
HIMX,20.65,19.06,21.8,18.7,13529074.78242,20.6537
GLL,19.655,19.7,19.87,19.5313,1810381.81276,19.7301
BRKR,43.27,44.435,44.55,42.8112,2778947.962039,43.6042
NML,10.11,10.01,10.14,9.95,81944.8479,10.0767
NEHI,35.89,35.5,35.93,35.3973,132963.664579,35.666
BDMDW,0.06,0.0705,0.0705,0.06,594.0,0.06873
FGMC,10.28,10.29,10.29,10.265,52490.684002,10.2703
BTAL,11.87,12.08,12.08,11.83,415745.420624,11.9015
PDC,7.6,8.14,8.2,7.41,31366.291,7.7626
ITRI,81.71,81.25,82.485,81.1007,763582.633595,81.7936
RFV,138.07,139.22,139.22,138.07,4531.671534,138.7237
WMTI,26.9,27.5,27.52,26.655,55534.679036,27.0021
VCLN,32.9715,32.0,33.4,32.0,2906.06,33.1082
SFIX,3.28,3.55,3.55,3.27,1415549.725782,3.3322
KBWY,17.15,17.27,17.36,17.095,122398.134378,17.1808
RSST,33.4,33.04,33.46,33.04,89873.026857,33.3263
ULST,40.405,40.4,40.42,40.4,63389.9126,40.4102
JXN,109.64,113.55,113.55,109.36,505496.557458,110.1473
HDV,27.07,26.95,27.0899,26.95,1757917.828291,27.0258
MBX,40.08,41.26,45.85,39.4,1886135.2462,41.8073
DNN,3.85,3.74,3.92,3.71,27564303.355438,3.8152
POWI,74.34,74.03,75.21,70.44,1527856.973598,73.9083
MOTO,66.8524,66.21,66.8524,66.21,681.550477,66.2718
AAOI,184.9,152.26,190.96,150.54,16660046.314869,176.5408
PAMC,53.2969,53.34,53.52,53.16,84845.4146,53.3016
SCL,51.92,52.85,53.29,51.87,121092.704475,52.1552
EUIG,49.82,49.94,49.94,49.82,272.0,49.9141
XBTY,6.955,6.91,6.97,6.8669,83690.0692,6.9143
CBOJ,24.162,24.11,24.17,24.11,5584.5849,24.1605
IJH,73.79,74.14,74.24,73.68,5466535.874485,73.9016
NVD,4.6,4.84,4.845,4.475,73630948.800388,4.5711
TMC,5.91,5.99,6.16,5.77,8222496.286027,5.9961
ISRG,420.06,446.91,448.75,417.74,4032891.849304,423.7569
ASMG,43.28,43.025,44.0,40.5497,148934.266251,42.08
SPEU,54.65,54.74,54.79,54.535,49209.977477,54.6871
WLDU,17.2426,17.23,17.3199,17.1,5418.175419,17.2538
WKEY,8.39,7.83,8.5,7.83,142379.267834,8.2529
SBFG,22.34,21.68,22.34,21.68,6633.7859,22.1774
INV,6.99,7.19,7.6256,6.78,3014493.082096,7.2423
RIG,6.55,6.41,6.64,6.4,32588919.456097,6.5354
TKNO,3.81,3.83,3.83,3.6701,64612.270115,3.7649
OMFS,50.8,50.91,50.95,50.78,7601.563212,50.8284
SBIT,37.9,38.81,39.43,37.72,963341.944512,38.2452
TLA,25.15,24.9,25.24,24.9,4029.8918,25.1658
GSEP,40.45,40.46,40.47,40.39,10751.4,40.4255
FRMM,4.49,4.43,4.7,4.25,377808.899929,4.4763
GNLX,2.9,3.11,3.2199,2.85,210064.94926,2.942
EBMT,22.44,22.88,23.1,22.39,31830.740445,22.5963
DEFT,0.738,0.7246,0.75,0.705,4918589.543497,0.7255
SST,3.83,3.73,4.2,3.6,405804.828108,3.875
SPY,739.3,736.45,740.79,736.45,44023951.70666,739.1047
DGT,184.84,184.54,185.085,184.1301,13584.061976,184.814
CORP,96.85,96.95,97.01,96.83,70148.428875,96.9139
NVOX,15.69,15.86,16.6,15.59,650492.26784,16.1072
POEL,66.56,53.25,70.52,48.0,1100469.396485,58.7305
USAS,7.14,6.92,7.2197,6.8,7096201.134426,7.0437
NATO,39.37,38.81,39.4928,38.63,36402.885147,39.2134
MCW,7.02,7.04,7.045,7.01,3654186.23405,7.0291
BKLC,141.5,140.87,141.745,140.87,113129.182192,141.5562
TXS,39.48,39.17,39.54,39.17,2891.351311,39.3944
CTSH,49.25,51.17,51.45,49.03,8339324.267522,49.5418
EXI,197.7581,196.35,198.115,196.35,15888.869315,197.6556
PFXF,18.88,18.8,18.95,18.8,2568338.313734,18.8947
SHBI,19.41,19.91,19.92,19.29,181234.495797,19.4357
LX,2.08,2.07,2.1,2.02,1848865.739697,2.0571
FDD,19.51,19.58,19.62,19.51,155110.221422,19.55
SLNH,1.73,1.865,1.95,1.73,28277066.243578,1.8452
YSEP,27.1452,27.23,27.23,27.1101,18181.0,27.1382
NTRA,199.14,194.12,202.42,190.57,2041865.371168,198.3865
ETHE,18.95,18.85,19.0,18.67,1969461.658097,18.8754
HYUP,41.755,41.83,41.85,41.755,4399.817717,41.826
BQ,0.7082,0.7595,0.8645,0.6747,554416.26909,0.7834
OSTX,1.71,1.65,1.76,1.65,479988.244856,1.7237
PBTP,26.41,26.41,26.41,26.405,6672.28556,26.4075
GUSH,37.15,36.74,37.4588,36.405,899309.566882,36.8915
IWM,285.33,284.92,287.05,284.59,20150350.304013,285.8572
PLTU,37.2,36.11,37.32,34.98,4245334.722913,36.1368
HON,219.11,215.28,221.035,214.87,4454027.570859,219.1042
TLRY,5.51,5.5,5.62,5.47,3616108.447243,5.5382
NPCE,15.67,18.35,18.67,15.58,523563.054803,16.5575
DFDVW,0.6001,0.59,0.66,0.59,6383.463716,0.6353
SMAY,27.1799,27.24,27.24,27.165,1841.0,27.1839
RBBN,2.63,2.76,2.77,2.625,870038.762413,2.6767
HODL,23.18,22.93,23.23,22.75,1860659.903438,23.0663
TVTX,43.51,42.6,43.66,41.55,2455899.036765,43.0091
LOGI,106.89,109.73,110.47,106.24,1380055.29889,107.7069
HAPI,43.345,43.31,43.48,43.31,846.3428,43.3592
KYN,13.83,13.67,13.87,13.59,588137.6398,13.7149
META,598.86,604.57,604.9069,598.0801,15940622.07692,600.9118
GORO,1.33,1.35,1.39,1.32,1861481.338269,1.3476
FITE,100.58,99.49,101.02,99.49,11384.973519,100.5216
LEU,213.22,204.86,216.6999,196.5,1087606.603186,207.6306
INCO,59.007,59.27,59.44,58.9419,29219.11582,59.0742
TOLZ,60.5277,60.16,60.7,60.16,23747.541,60.5836
TOK,148.8825,148.26,149.0299,148.26,1454.03657,148.6835
BCHP,37.43,37.52,37.91,37.43,11143.6255,37.6035
WERN,35.41,36.39,36.52,35.005,761085.703213,35.4732
EUDG,38.155,38.33,38.33,38.155,3628.811,38.2857
SHLS,9.32,8.76,9.63,8.75,5829627.86402,9.3813
LODE,2.97,2.95,3.03,2.825,1309235.699715,2.9331
POET,13.9,12.09,14.36,11.51,83732599.013593,13.1363
NIO,6.07,5.87,6.14,5.87,30815477.497198,6.0377
BRZE,20.73,21.52,22.2,20.38,2816507.237353,20.7435
DC,6.39,6.04,6.48,6.04,1441959.411132,6.3682
PLTR,136.89,134.91,137.14,132.771,41414474.028589,135.3772
ATCH,0.2562,0.246,0.263,0.246,2150843.238471,0.2551
BMNG,30.98,28.51,31.85,28.42,405439.631131,30.1874
CLOZ,26.395,26.35,26.4,26.3,282227.408494,26.3752
PTHS,26.85,25.3,26.85,25.28,81263.491575,25.679
LZMH,0.097,0.0965,0.0987,0.0926,2085827.966734,0.09623
XLEI,26.44,26.0,26.53,26.0,28891.30145,26.34
SPSM,53.41,53.95,54.1,53.38,1680027.056396,53.6227
LCOW,24.62,24.45,24.67,24.45,3392.6482,24.5573
UNL,6.59,6.49,6.599,6.49,149141.821642,6.5603
MSTY,27.78,26.975,27.9,26.2,2281580.792052,27.1219
DLS,88.3829,88.53,88.715,88.34,13189.95856,88.5096
GCTK,0.7731,0.7717,0.7985,0.7532,682462.394785,0.771
SPHD,49.61,49.78,49.89,49.44,757509.553424,49.6085
TMDE,1.0,1.0,1.03,0.9995,245140.136069,1.0116
MUNY,103.03,103.14,103.21,103.0,35622.666165,103.1155
SEIM,52.58,52.23,52.74,52.23,41272.7465,52.5977
OGEN,0.5576,0.5886,0.5999,0.5575,98643.72503,0.5805
NOWL,4.12,4.1,4.4088,4.03,18807668.162788,4.1395
SUIG,1.88,1.7,1.99,1.7,1402569.591935,1.871
DSS,0.548,0.539,0.553,0.53,45900.016806,0.5473
KOMP,69.02,68.13,69.525,68.13,97011.656059,69.0758
CVGW,27.16,27.39,27.607,27.14,317606.464131,27.2832
GLV,6.26,6.24,6.26,6.23,25698.9376,6.2463
EONR,0.691,0.6775,0.7033,0.6556,1394021.696943,0.6808
IWL,183.44,182.76,183.83,182.76,22899.571771,183.4313
DOJE,10.41,10.24,10.41,10.165,16634.109186,10.2681
JSI,51.62,51.65,51.67,51.615,83362.671,51.6439
REPX,34.76,33.46,34.95,33.46,440511.665613,34.59
TSMY,16.58,16.65,16.7,16.41,261543.233224,16.5836
NVDG,21.29,20.3,21.86,20.28,431459.470833,21.2825
AFRU,9.4899,8.78,9.4899,8.25,59278.949418,8.9091
AUDC,8.63,8.36,8.64,8.36,88928.614098,8.517
MXI,114.2962,113.47,114.53,113.31,10095.848715,114.1399
SYRE,76.43,75.15,78.8,74.39,1333266.031852,76.9329
ITP,0.194,0.191,0.194,0.1865,423150.0,0.1912
TAIL,10.88,10.9,10.9,10.8701,257246.496828,10.8859
BBHY,46.03,46.07,46.12,46.03,66573.518595,46.0969
CNTB,2.34,2.36,2.42,2.32,115181.520323,2.3639
EOSU,57.62,49.51,65.57,48.39,147201.879423,59.3452
AWX,2.52,2.53,2.55,2.52,11887.89,2.5337
FXZ,81.93,81.38,82.26,81.38,88870.41011,82.1102
XMLV,65.05,65.63,65.63,64.995,17144.45763,65.2317
CWCO,32.86,32.93,33.55,32.72,89056.978257,33.0549
YLDE,54.9872,55.21,55.21,54.9118,33093.77,55.0009
CSEX,22.68,21.21,23.9,21.112,91645.3103,22.7431
FDEC,53.7449,53.77,53.83,53.685,19003.646,53.774
IQLT,49.4,49.31,49.48,49.31,941013.763872,49.3875
VSS,162.68,162.15,162.91,162.09,309052.013799,162.4564
WDEF,28.7545,28.87,28.96,28.555,48139.533778,28.7331
AMLP,53.44,53.31,53.68,53.0,1419575.827371,53.4077
NHYM,24.965,24.98,25.0199,24.965,4759.65876,24.9884
PSQ,26.13,26.24,26.28,26.08,8739019.018966,26.1463
KYIV,13.92,13.7,14.3,13.505,1607042.574551,13.8799
RGP,4.36,4.45,4.49,4.36,346730.53043,4.409
PBD,22.12,21.81,22.34,21.81,96282.059834,22.2223
RVP,0.6834,0.708,0.7197,0.68,77558.006,0.6973
PPA,169.44,167.095,170.29,166.72,230374.813039,169.3139
GROZ,31.63,31.48,31.71,31.48,17983.9307,31.6437
BITQ,27.8,26.87,28.47,26.45,139004.634147,27.8752
DCOR,80.17,80.13,80.37,80.06,57482.02,80.2271
MNRO,16.78,17.71,17.805,16.55,924358.930558,16.8854
AIA,138.4,137.5,138.84,137.17,305872.666676,138.2503
IMTE,0.538,0.53,0.5388,0.5011,8657.521536,0.5249
MSTX,44.22,41.32,44.63,38.4,3170584.426266,41.7047
SYPR,3.28,3.31,3.48,3.21,48370.594451,3.3282
OVB,20.62,20.66,20.6691,20.6,10975.7733,20.6337
SIXZ,31.1151,31.08,31.19,31.08,24821.0,31.1331
PFX,40.125,40.32,40.64,40.125,1789.7351,40.4328
BBEU,76.91,76.9,77.04,76.68872,231587.689622,76.9021
ACEL,11.55,11.21,11.72,11.21,352149.727852,11.5516
ZSTK,4.65,5.5,5.5,4.16,46027.220123,4.8125
NTIC,7.97,8.0,8.05,7.97,76260.184436,8.0018
STRZ,21.15,22.025,22.26,19.93,297586.954003,21.1789
MAGY,46.92,46.98,47.165,46.66,122637.967246,46.949
TBF,24.53,24.445,24.55,24.43,122784.430415,24.4683
SRTA,5.66,5.53,5.82,5.53,1563336.102461,5.6712
CSIQ,19.85,19.24,20.85,19.13,3901211.135663,20.0656
PRTA,9.67,10.79,10.88,9.46,932830.290874,9.8519
IDX,12.72,12.74,12.75,12.695,22537.029429,12.7194
SRXH,0.12,0.1204,0.1221,0.1154,31621574.2906,0.1202
OXSQH,25.35,25.29,25.35,25.29,1010.0,25.3311
CERS,2.52,2.59,2.62,2.46,2124164.2547,2.5344
JGLO,70.71,70.53,70.88,70.53,64871.148154,70.7205
RNW,5.66,5.6,5.765,5.6,819329.432597,5.6748
IDMO,60.73,60.45,60.855,60.45,404782.720236,60.7088
SHYM,22.17,22.19,22.2,22.17,1079392.7947,22.1882
QTR,34.2828,34.213,34.41,34.213,1629.038738,34.309
SIMO,262.05,256.62,272.0,255.44,1778241.913165,265.4667
RIOT,25.34,23.845,25.8599,23.845,18705136.112845,25.2148
CTOS,9.84,9.56,9.99,9.56,1059613.915212,9.877
VCRM,75.75,75.79,75.81,75.75,218082.468699,75.7888
BTBT,2.15,1.865,2.2,1.81,59371399.711323,2.084
MKSI,319.71,313.47,321.65,313.47,1227047.640544,318.9815
UMBF,130.32,131.86,132.3535,128.56,646586.065018,130.0975
PRK,170.23,174.63,174.63,168.745,109089.86458,170.3526
DFIC,38.07,38.06,38.165,37.991,983050.648743,38.0627
PESI,11.0,10.89,11.24,10.89,205973.110206,11.0849
FXN,21.56,21.37,21.65,21.33,400876.165535,21.5183
GDLC,36.84,36.49,36.87,36.2099,37967.217878,36.5979
FLQL,76.27,75.91,76.455,75.91,69851.376785,76.2924
PNBK,1.1,1.13,1.155,1.09,171827.03382,1.1122
PMCB,0.6949,0.75,0.7661,0.6699,183632.296019,0.7155
ZJK,2.92,2.96,3.1,2.82,30255.082636,2.9163
IMTX,11.54,11.4,11.94,11.3914,519102.023912,11.6605
SNDU,115.35,122.68,123.27,110.35,1116248.178649,117.1212
KNRX,0.985,0.975,1.0025,0.9412,47928.5567,0.9746
NVDL,112.14,106.63,114.95,106.5101,8246739.877553,111.7607
IBHK,25.6648,25.65,25.7093,25.65,9585.9883,25.6965
APLD,44.59,40.38,46.6399,38.83,27374414.378995,44.4142
QDVO,30.38,30.31,30.4616,30.25,317662.279795,30.39
CAIE,27.38,27.31,27.4297,27.28,255154.415149,27.3613
DOYU,4.7,4.7,4.73,4.6231,8896.626685,4.6898
IYLD,22.22,22.2,22.325,22.2,23764.395192,22.2544
SMB,17.26,17.27,17.279,17.26,46015.1294,17.2663
TSII,20.46,19.61,20.6,19.445,54357.004507,19.9603
GECC,5.81,5.987,6.1,5.81,185191.546903,5.9723
CGIE,36.32,36.3,36.3693,36.21,752160.91435,36.2918
DZZ,1.98,1.98,2.16,1.87,28140.7265,1.9786
AMZW,43.6,43.975,44.6199,43.6,26891.823134,44.1555
GLIN,44.855,44.94,45.57,44.8,27319.034273,45.0371
CEMB,45.7,45.75,45.81,45.7,50535.176339,45.766
OCUL,9.28,9.67,9.73,9.18,3520980.836162,9.3207
BLRX,2.98,3.0,3.0899,2.9501,9122.461304,2.9918
BALI,33.43,33.38,33.48,33.365,227664.285739,33.4178
JETD,3.83,3.8,3.8597,3.7799,172341.7983,3.8196
ANGL,29.085,29.13,29.15,29.08,420870.315562,29.1203
ZS,148.87,150.73,153.45,147.66,2541177.577738,149.4013
XLRE,44.57,44.39,44.81,44.39,4172447.120175,44.5693
DDFF,19.795,19.71,19.795,19.71,2786.0,19.7721
ANY,1.98,1.78,2.1,1.78,254468.825273,1.9592
TDV,99.122,98.83,99.43,98.83,4561.6589,99.0335
TZA,4.58,4.6,4.62,4.49,274649651.121659,4.5401
GRCE,2.35,2.32,2.45,2.3,291346.434286,2.3662
VDG,78.0458,78.14,78.28,77.95,18297.3056,78.0699
URGN,31.33,30.46,32.37,29.94,1288673.712212,31.5057
FDN,263.76,265.47,267.27,263.2,1057042.754627,264.4374
RDVI,27.25,27.4,27.4,27.19,772400.216161,27.2688
EXEL,49.71,48.258,50.475,48.2,3831186.62065,49.6439
SBEV,0.253,0.2446,0.2667,0.2363,666663.846392,0.2521
VPU,195.62,195.13,196.33,194.5,156079.272554,195.4632
NXDT,5.1,5.23,5.27,5.03,83222.370168,5.0928
FDUS,18.71,19.73,19.73,18.7,387712.11806,19.0315
GPTY,45.72,45.62,46.07,45.46,72371.08325,45.7954
STPZ,54.18,54.14,54.18,54.135,42493.105617,54.1547
EFO,71.5115,72.29,72.29,71.4,8500.477695,72.0438
LITZ,14.35,19.17,19.17,13.52,1176650.720426,15.0787
HFSI,35.295,35.32,35.3397,35.295,94942.337962,35.3168
GDXY,13.65,13.38,13.79,13.375,885442.353011,13.5982
BB,6.22,6.42,6.52,6.12,27888306.731084,6.2776
NVTX,108.39,72.4,117.02,72.4,581835.880758,100.7594
URE,70.46,69.82,70.46,69.82,1301.313226,70.3602
EXOD,7.71,7.5,8.18,7.355,114955.173278,7.7101
XCEM,50.43,50.54,50.57,50.17,316698.537271,50.3602
ECC,4.23,4.245,4.3793,4.2,1912835.553467,4.2745
QCOM,237.53,232.005,247.9,231.2,45473982.648607,237.3876
IDVO,43.07,42.71,43.12,42.71,288769.589293,43.0286
MOAT,100.04,101.22,101.32,99.92,952071.431053,100.4422
FFUT,59.315,58.39,59.38,58.39,6077.6853,58.9992
JPUS,135.856,136.2,136.2,135.76,18953.2773,135.9261
COE,27.0,27.0,27.0,27.0,1537.946767,26.3012
VTHR,325.2,324.49,326.0,324.49,11263.734037,325.5432
ABFL,80.95,80.14,81.15,80.14,10120.0295,80.9043
UAL,96.62,98.73,98.88,96.46,4738761.766225,96.8968
AXTX,64.54,57.11,70.85,50.42,2477534.217975,60.6537
CRWV,114.7,112.02,119.49,111.5,27701915.360403,115.8028
CNRG,111.35,108.39,112.93,108.39,48054.683142,111.8769
WTMF,41.15,41.09,41.28,41.085,20327.407478,41.1863
NEOV,2.94,2.64,3.0488,2.61,674849.387558,2.888
NUGY,16.1519,16.0,16.18,16.0,13650.142475,16.0695
ALKS,35.47,35.22,35.9,35.205,2323469.590405,35.538
INTR,6.0,6.57,6.59,5.915,20399316.320132,6.1512
QGRO,112.56,112.35,113.04,112.35,79964.406321,112.6419
TARS,59.65,60.95,61.525,57.8066,1268479.791633,59.2858
WIMI,1.58,1.6,1.65,1.57,274813.496001,1.6004
DXJ,168.26,167.9,168.655,167.7959,160842.921656,168.2735
GNL,9.12,9.28,9.3,9.01,2533601.721655,9.1164
ACTU,2.975,3.27,3.35,2.9,687930.083658,3.1347
APWC,1.44,1.46,1.5999,1.43,7454.164834,1.4802
ILCV,100.03,99.98,100.1299,99.8701,20445.470821,99.9825
ASND,238.67,240.0,242.85,234.38,682348.660924,238.3139
IAUI,57.25,57.2,57.3199,56.97,287159.512727,57.1672
ARWR,77.74,72.69,80.265,72.65,2290057.788305,77.5982
NMM,73.2,75.51,75.51,73.2,93172.440058,73.7256
FHYS,23.14,23.18,23.18,23.12,9742.8953,23.1584
WTI,3.89,3.81,4.0,3.8,5290806.185946,3.8965
MBBC,14.77,15.75,15.75,14.3,87584.579188,14.7139
WY,23.42,23.48,23.845,23.35,4902303.459218,23.5137
FISV,54.39,54.99,55.26,54.13,6423390.420913,54.5579
CRCD,2.21,2.95,3.695,2.03,48070312.449226,2.6663
REGL,89.01,89.76,90.1,88.96,65972.311152,89.1679
PCTY,109.88,109.93,111.29,108.35,1023512.783298,109.7074
SPUU,211.93,210.72,212.81,210.72,17115.238224,211.9916
FEZ,66.67,66.79,66.87,66.39,1299392.008786,66.5755
MTEK,1.16,1.17,1.33,1.14,290143.971838,1.227
IDHQ,40.89,40.76,40.94,40.7101,58563.2474,40.8508
EGHT,2.63,2.71,2.715,2.53,1233470.964591,2.6138
ADPT,13.54,13.91,14.1,13.43,1505374.834128,13.6124
ZTS,76.67,82.12,82.12,76.38,15641084.440412,77.948
CCC,4.88,5.13,5.14,4.85,6118424.446047,4.936
NULV,50.04,50.14,50.1799,49.9339,89463.665443,50.044
BFRI,1.11,1.18,1.19,1.09,400391.907121,1.1558
CFBK,26.76,27.252,27.735,26.45,31530.0133,26.8789
TPET,0.4335,0.4478,0.46869,0.43,3591457.476847,0.4454
PPC,28.66,29.085,29.155,28.445,1474163.572643,28.7184
ACKY,19.0264,19.13,19.23,19.0264,28315.936673,19.1458
IBUY,64.6969,65.75,65.75,64.6969,25012.600624,64.9869
FXU,47.93,47.77,48.05,47.76,297693.316134,47.891
USGG,20.6864,20.63,23.545,18.63,722415.00421,21.8666
HRZN,4.33,4.5,4.5,4.315,922609.457968,4.3885
RZG,64.53,64.82,64.9205,64.51,3009.311304,64.7404
BNZI,6.52,6.09,7.59,5.9505,316685.365757,6.7825
BUSA,38.41,38.75,38.75,38.41,11563.937177,38.5312
SHYL,44.465,44.5,44.51,44.465,24502.023328,44.4969
CHAU,25.2,25.0,25.32,24.98,177315.240015,25.1403
SLYV,102.54,103.92,104.05,102.47,244779.265661,102.8955
IYRI,49.78,49.59,49.9,49.518,82003.151073,49.7165
TMSL,41.24,41.39,41.57,41.2001,289925.913635,41.454
TYD,24.12,24.29,24.29,24.12,59779.444003,24.2074
GURU,65.4197,64.98,67.0,64.98,1142.66632,65.6989
NRXS,8.15,8.39,8.755,7.9,268190.44992,8.2445
VAMO,35.2313,35.32,35.4,35.23,1868.3059,35.3172
FITB,48.65,49.45,49.6,48.415,4488864.674326,48.7871
NIVF,1.15,1.15,1.2,1.02,251354.452543,1.0941
SCHC,51.28,51.25,51.51,51.24,444013.657086,51.3816
PRF,52.62,52.69,52.76,52.5201,528162.812934,52.625
ZALT,33.53,33.53,33.6,33.53,72821.0,33.5571
RSHO,58.85,57.99,59.07,57.99,27638.664068,58.5118
MLN,17.615,17.62,17.65,17.6,175169.648548,17.6264
SRPU,9.28,10.07,10.765,9.21,44045.7413,9.9746
CRON,2.75,2.78,2.94,2.65,4655833.675445,2.7505
BCE,24.28,24.25,24.59,24.23,2956639.701755,24.3493
FLTW,94.66,93.91,94.66,93.4,61327.573892,93.991
FFAIW,0.012699,0.013,0.0136,0.0104,74931.0,0.0115
CLIP,100.17,100.16,100.17,100.15,260316.755383,100.1619
LITX,59.2,49.31,61.13,49.0,13694579.176775,55.3051
FETH,23.31,23.18,23.3599,22.955,1201711.304859,23.2056
TLTP,21.19,21.2,21.2899,21.13,19141.598623,21.1759
CHAT,86.84,85.6,87.4,85.6,767205.478525,86.7045
SOGP,15.18,15.28,15.57,14.6666,21980.421524,15.1867
EWJ,92.26,92.08,92.48,92.03,4372678.206446,92.2373
GOOG,386.77,390.69,394.33,386.23,16314946.768225,389.3524
CURR,4.49,4.45,4.6,4.23,429481.271923,4.4385
ONEV,138.6376,139.16,139.3799,138.555,4678.9793,138.7879
ELA,24.27,25.65,26.96,24.07,268845.843419,25.0808
MMIN,24.04,24.02,24.1,24.0049,57160.889,24.033
VTSI,3.97,4.22,4.32,3.73,220887.977049,3.8754
NX,19.95,20.2,20.33,19.9,205889.357116,20.0083
IMTB,43.7095,43.75,43.76,43.66,75638.643546,43.7336
VTI,363.63,362.61,364.48,362.415,3672228.781532,363.6852
RYTM,87.39,93.62,96.0,86.76,1198693.600935,88.8658
PSQA,20.61,20.59,20.65,19.9,143617.588603,20.5209
IAU,89.06,88.97,89.33,88.57,3017926.033611,88.9234
UVIX,5.37,5.23,5.41,5.15,31562667.131131,5.2798
FSLR,233.27,221.12,237.57,221.12,4050568.779115,233.1036
OLED,90.84,92.5,93.88,90.57,712330.145824,91.4929
BTCL,21.71,21.25,21.7701,20.94,58357.370931,21.4047
STGW,6.25,6.43,6.48,6.215,1314619.761867,6.2937
DRGN,39.81,39.39,39.96,39.39,13990.067133,39.6293
FLSW,42.5472,42.66,42.73,42.515,6577.2401,42.5721
FIDI,28.16,28.12,28.1799,28.0601,107820.183062,28.1275
TSLW,27.41,25.72,27.7,25.36,213907.668328,26.5901
TCBK,50.16,50.86,50.99,50.05,107083.7268,50.2723
GARP,77.15,76.84,77.5471,76.7861,256582.158792,77.312
CCTG,0.567,0.3788,0.5935,0.3534,7074816.378277,0.5444
ADM,79.84,78.09,79.91,78.0,3377589.347634,79.4505
VERU,2.21,2.26,2.28,2.19,57784.039231,2.2332
AAPW,39.35,39.44,39.55,39.06,21821.167427,39.2793
AMYY,16.8575,16.86,16.965,16.8,12194.913155,16.8673
AMS,1.89,2.06,2.1,1.77,418946.86294,1.9465
TSPA,46.86,46.62,46.9699,46.62,269353.61858,46.8482
SMLV,145.4366,147.46,149.125,145.4366,2361.765571,146.699
IWX,102.07,102.12,102.355,101.91,180286.698728,102.1409
MTUM,306.66,304.26,307.86,303.76,1070980.714799,306.3687
FEBT,40.5672,40.49,40.6499,40.49,5850.0,40.599
GE,300.77,296.03,303.07,292.85,4561956.319097,300.0754
ELIL,20.7536,19.88,21.9799,19.88,106880.310788,21.1789
ACAD,21.8,22.1,22.505,21.75,1944009.321796,22.0016
IWV,419.06,417.42,419.955,417.42,122712.214863,419.1217
IDRV,45.26,44.98,45.5,44.98,18666.654253,45.2088
KHC,23.26,24.0,24.12,23.095,13962508.36242,23.3471
GCC,26.17,25.91,26.17,25.91,29858.058935,26.0528
ATYR,0.9502,0.9524,0.9925,0.9323,1116575.496456,0.9312
COLL,35.81,37.8,37.83,35.76,495727.343296,36.6442
DFNL,45.97,46.47,46.52,45.9301,15238.2146,46.1202
GAL,53.27,53.35,53.37,53.26,23727.549509,53.2951
HYXF,46.6801,46.76,46.7689,46.6801,5679.517415,46.7339
AISPW,0.6672,0.75,0.79,0.64,53761.0,0.7198
TFI,45.5,45.49,45.5399,45.49,212189.33793,45.5179
SAUG,27.26,27.3,27.3,27.23,1146.0,27.2664
TBG,36.01,36.16,36.16,35.98,10730.8485,36.0568
GMAR,43.84,43.86,43.86,43.76,7906.274761,43.8232
HYDB,46.81,46.83,46.89,46.8,188828.080909,46.8329
WDAY,121.42,126.75,128.98,120.55,3709459.320315,122.5557
TOVX,0.341,0.335,0.341,0.3335,2865471.691956,0.3356
OSEA,30.4872,30.53,30.59,30.42,31020.5488,30.5009
WING,127.33,128.99,130.87,126.635,1335046.577493,128.2365
JAAA,50.59,50.59,50.61,50.59,6136116.888387,50.5963
BBCA,99.77,99.85,100.365,99.635,241589.012637,99.8733
HCWC,0.2858,0.2858,0.2986,0.2858,148718.0,0.2926
YHC,0.919,0.8724,0.94,0.8724,49579.0,0.9136
FDLO,68.74,68.82,68.9739,68.6,61232.265367,68.7917
XLV,143.04,143.745,145.02,142.67,9255725.602573,143.6579
BANX,19.51,19.83,19.83,19.45,40651.0879,19.6169
APRE,0.9303,0.99,0.995,0.9248,112195.59,0.9525
IYT,80.06,80.61,80.86,79.97,273133.800457,80.3533
VTEL,103.71,103.73,103.7599,103.645,21357.654384,103.7075
RCT,0.6802,0.67,0.69,0.66605,235590.460238,0.6788
NDIV,35.7475,35.96,35.96,35.57,10655.565106,35.7201
TLTI,45.45,45.58,45.665,45.45,11720.614198,45.5619
EPU,83.78,84.05,84.84,83.61,77829.168731,83.9978
KTUP,9.4,9.57,9.6681,8.75,300494.278365,9.2472
TII,2.51,2.52,2.57,2.46,299080.608959,2.5005
USEG,0.9264,0.919,0.928,0.9,1375192.615506,0.9157
FLMI,24.97,24.97,24.98,24.955,526634.818638,24.964
TRUG,1.8394,1.98,2.0567,1.82,117923.7005,1.9311
HYEM,20.15,20.13,20.15,20.09,62804.566594,20.1262
HRTX,0.9553,1.09,1.09,0.9,8533103.702072,0.9685
BITY,34.9557,34.58,34.9557,34.4,2097.5398,34.621
SPSB,29.99,30.01,30.02,29.99,3124615.131669,30.006
ATO,182.13,182.45,183.14,180.61,796364.258971,181.8655
HLXC,10.16,10.16,10.16,10.16,326.0,10.1672
MHH,7.25,7.14,7.25,7.14,20285.1532,7.2121
ICOW,45.525,45.35,45.6495,45.35,245864.467312,45.5339
TTD,21.52,22.75,22.89,20.835,21721403.439969,21.4198
XHLF,50.23,50.24,50.24,50.23,203543.055349,50.2332
LAB,0.99,1.02,1.026,0.985,2173466.741541,0.9993
BPYPO,15.42,15.47,15.6,15.37,8515.0,15.4373
SVIX,19.23,19.5,19.615,19.15,2049128.504899,19.3712
LIT,91.62,90.42,91.98,90.1,790290.13269,91.4908
AEIS,354.97,357.0,357.51,350.0,577290.209635,354.6308
WSE,15.4,15.96,17.47,14.88,482462.631006,15.7364
KARS,38.01,37.8,38.06,37.39,27994.778969,37.8914
SDEV,1.65,1.67,1.8994,1.6236,165113.735692,1.75
IUSB,46.11,46.15,46.2,46.1,3245611.781597,46.1561
FTLF,9.55,9.4,9.8399,9.4,19217.180862,9.5298
FNDE,41.61,41.52,41.65,41.48,741716.447451,41.5907
SJB,15.32,15.29,15.33,15.29,179618.022805,15.3002
SFWL,0.8415,0.8796,0.9215,0.84,17691.0,0.8695
DRIV,40.75,40.08,40.84,40.0074,80328.729628,40.5492
NAVN,18.26,18.45,18.71,18.03,2705787.528391,18.3155
NETG,8.95,9.12,9.91,8.84,1312752.404285,9.3375
RGS,27.0,27.3,27.75,27.0,9282.674006,27.3446
LQDA,53.13,44.1,53.93,39.6,6900133.052451,49.6801
FLQS,45.423,46.03,46.03,45.4064,835.949,45.7095
VDIG,60.1777,60.17,60.44,60.0899,4225.588598,60.2891
NSYS,13.74,13.05,14.22,13.05,28291.4851,13.6073
GNMA,44.315,44.32,44.38,44.235,40341.8109,44.311
HUBC,0.195,0.1876,0.1974,0.17,41310981.73375,0.2585
SMMD,87.01,86.83,87.4644,86.83,597418.94213,87.3097
FLGT,15.82,15.8,16.18,15.65,492785.114982,15.8837
KWEB,29.59,29.525,29.81,29.48,23280234.110519,29.6613
KLRS,4.73,5.02,5.055,4.69,155342.220879,4.796
RAVI,75.24,75.29,75.29,75.24,52041.6057,75.2714
CALI,50.43,50.43,50.44,50.42,59169.1212,50.4319
GDMA,42.65,42.04,42.685,42.04,32731.766146,42.5785
XRPNW,0.9799,1.01,1.01,0.94,75687.0,0.9715
MARM,33.99,34.06,34.06,33.935,13551.119862,34.038
WBD,27.24,27.07,27.28,27.05,16541152.198729,27.2088
EDC,92.74,92.18,93.45,91.44,72718.447354,92.5769
BP,44.22,44.04,44.445,43.865,6608392.397416,44.1868
BNO,55.02,54.48,55.73,54.25,2661605.217437,54.937
ULTI,14.3836,13.69,14.5399,13.3,84059.290286,14.1516
AAPR,29.485,29.47,29.53,29.4101,6763.0,29.4989
HIBL,107.355,106.0,107.85,105.59,54620.215567,106.7632
ZSEP,27.33,27.32,27.3799,27.32,3893.0,27.3369
CGVV,30.27,30.28,30.3499,30.2,50501.0396,30.2898
SMZ,19.3,23.34,24.07,18.4,158536.369192,20.2274
XERS,6.14,6.55,6.62,6.1,2513004.948776,6.2373
PCY,21.58,21.61,21.68,21.55,227991.353492,21.6033
TDS,43.31,46.61,46.61,43.18,2026690.040367,44.1695
AKAM,153.01,149.0,156.32,147.01,9873892.088975,152.5431
BK,132.49,130.46,132.55,130.23,3606133.273874,131.9539
SBUX,105.74,104.95,108.04,104.95,6499528.115754,106.1757
JUDO,27.3996,26.94,27.3999,26.94,625.482,27.2895
IBTH,22.375,22.39,22.39,22.37,348544.025532,22.3826
UVXY,36.98,36.15,37.13,35.77,6066518.385104,36.4666
LULU,126.34,130.685,130.685,126.1,3792378.044017,127.2953
CLST,16.0599,15.96,16.19,15.96,10737.4555,16.0137
RKLB,117.35,105.27,123.94,104.0,54779694.829865,116.2675
SVM,14.75,13.93,14.88,13.85,5527585.02209,14.5362
BUFH,21.26,21.31,21.31,21.25,3947.3,21.2852
DMBS,49.21,49.27,49.2702,49.2,43055.014875,49.2227
IBCA,25.62,25.61,25.66,25.605,63667.133641,25.6303
CODI,12.21,12.14,12.47,11.96,952512.539122,12.1924
AVRE,47.82,47.84,48.1,47.721,44089.599372,47.878
DXD,19.18,19.26,19.34,19.115,1556363.78871,19.2227
COIN,216.6,200.38,217.845,192.81,13659330.160909,210.641
VNAM,26.7235,26.6,26.73,26.38,39869.762161,26.5578
TXN,297.76,291.285,298.18,289.0,9347276.436738,295.0477
FNUC,2.05,2.04,2.1799,1.974,423349.22967,2.0519
GSM,4.0,4.1,4.155,3.99,1649714.834723,4.0567
FTSD,90.39,90.49,90.49,90.33,34889.746285,90.3634
CHGX,31.1957,31.25,31.29,31.15,9613.442377,31.2162
HEDJ,55.03,55.24,55.29,54.9667,56038.804002,55.1356
ISBG,22.83,22.54,22.8799,22.26,20911.200209,22.4879
ACIO,46.18,45.96,46.28,45.96,168055.800324,46.1773
HTUS,43.2016,43.37,43.37,43.12,8780.6696,43.27
EWS,28.91,28.97,29.05,28.89,2634255.253862,28.9432
SCHA,33.46,33.56,33.66,33.425,1992789.468954,33.5555
PCR,20.1557,20.52,20.52,20.1557,253.049,20.4647
ONEY,124.93,125.56,125.56,124.86,12521.188535,125.0289
CHIQ,20.06,20.0,20.2,20.0,12201.522385,20.0569
NERD,20.7,20.75,20.81,20.7,2820.766753,20.72
KAPA,0.53,0.5564,0.5586,0.52,448238.050989,0.5328
VAVX,21.2686,21.08,21.37,20.895,7335.470602,21.1595
KBE,62.92,64.24,64.44,62.765,6033234.493145,63.1664
SYSB,88.67,88.8,88.81,88.63,104316.838126,88.7269
AVL,61.13,61.12,62.605,60.25,233587.279634,61.2062
FXG,60.9991,61.92,61.92,60.93,9491.11905,61.1483
SEA,17.58,17.67,17.715,17.5601,11938.371114,17.6367
WQTM,35.51,34.4,35.7896,34.1,453760.688283,35.2544
VERA,36.61,36.59,38.96,36.19,1147621.602041,37.301
OVID,2.79,2.8,2.905,2.745,3794438.801754,2.8335
DPRO,5.54,5.38,5.75,5.26,2048373.078302,5.5808
ARKQ,137.2,133.66,138.43,133.66,501730.815805,137.052
KAPR,38.775,38.72,38.9,38.72,12890.5392,38.8472
ADI,422.73,412.21,422.88,411.484,3796844.687712,419.4226
REI,1.65,1.65,1.68,1.585,4881349.90112,1.6396
UPSX,16.37,16.54,16.97,15.75,107949.776574,16.3575
PTEN,11.86,11.68,11.985,11.53,5190116.440555,11.8234
PALC,55.4734,55.52,55.6085,55.47,4172.805041,55.5086
BXP,58.94,59.55,59.79,58.71,1553397.224658,59.0031
DUST,42.44,44.42,44.57,41.33,1121382.641917,42.7694
FREL,29.35,29.41,29.54,29.265,189424.825456,29.3781
TUSI,25.34,25.34,25.35,25.34,99210.29146,25.3444
JPIB,48.02,48.11,48.11,48.01,486284.183373,48.0345
VIXY,27.41,27.08,27.5399,26.8712,2431065.790068,27.2165
ROIV,28.96,28.61,29.51,28.6,4199138.062805,29.0827
SDVD,22.57,22.72,22.725,22.5,178714.8212,22.612
SNTH,29.92,29.58,29.93,29.58,35406.6715,29.8271
QLV,74.7552,74.55,74.76,74.55,5841.675273,74.6997
UBND,21.705,21.73,21.74,21.7,327605.9625,21.7181
WHLR,1.07,1.09,1.15,1.06,124754.088614,1.0844
DGP,184.78,183.52,185.75,178.7,145043.809307,184.4707
SACHpA,18.1,18.01,18.11,17.985,1798.2838,18.0395
USAI,45.9847,45.3,46.0999,45.3,7221.038739,45.802
TMFE,29.3716,29.51,29.58,29.34,8667.9244,29.4665
ITDC,36.2719,36.14,36.3419,36.14,22685.7584,36.2827
GMEU,9.72,10.55,10.69,9.64,473454.774064,9.8626
HIMU,48.75,48.79,48.81,48.73,206585.118415,48.7715
BCAR,10.55,10.64,10.7,10.5497,712464.517079,10.5737
UNH,384.44,380.45,384.81,376.0707,6949607.232701,381.883
NTRS,161.0,160.75,162.05,160.17,885734.775301,161.1379
CFFN,7.77,7.85,7.85,7.75,854164.464618,7.784
QDF,87.0265,86.79,87.335,86.79,95441.964351,87.1666
CMBS,48.71,48.85,48.89,48.71,37368.208958,48.7881
KCOP,25.39,25.21,25.6,25.0,53413.944561,25.4312
ONLN,57.305,58.34,58.34,57.28,6737.613145,57.7502
GFEB,43.5597,43.65,43.65,43.5,9803.152,43.5693
SMCZ,13.74,12.8,13.84,11.8558,516724.204021,12.9141
NBH,10.42,10.45,10.45,10.38,66680.4161,10.4343
VERX,13.91,14.53,14.84,13.76,2111320.410274,13.9499
NRO,3.07,3.08,3.08,3.06,317150.99662,3.0704
CRMU,9.46,9.4,10.855,8.6,162674.115147,9.6799
ROAD,135.45,141.49,145.09,134.51,800851.07873,137.1115
BITI,21.31,21.55,21.74,21.26,906378.557844,21.4403
MSBT,23.51,23.27,23.55,23.07,482286.647963,23.3405
CM,110.93,109.75,110.95,109.52,710225.529494,110.4308
RR,2.75,2.57,2.84,2.45,20052558.345029,2.6772
PFSA,0.4795,0.5055,0.5156,0.4702,195369.145387,0.4875
ROST,214.55,225.31,226.405,211.02,5500938.600192,214.5545
RDCM,16.14,16.57,16.72,16.05,249849.250054,16.2558
USE,33.5489,33.07,33.5489,33.07,409.6987,33.2196
GLDG,1.22,1.19,1.24,1.19,2431075.102631,1.2207
CWEB,28.5,28.33,28.8989,28.25,604151.193727,28.5894
EUSA,109.51,109.21,109.7299,109.21,44037.599701,109.562
BBJP,74.99,74.71,75.115,74.71,839028.583441,74.9322
TRIN,16.79,17.04,17.04,16.77,1389606.902891,16.9197
IMOS,57.17,57.92,58.525,56.42,137489.608941,57.4219
UFO,56.3,54.8,57.1145,54.56,1936492.564084,56.183
LEGH,22.54,23.34,23.705,22.44,112602.690852,22.7336
INDL,44.08,44.69,44.825,44.0,39626.602078,44.3859
CVNA,76.23,77.79,78.3799,74.52,7093590.794472,76.3797
GMEX,1.8,1.96,2.01,1.8,251634.391889,1.9053
YBTC,23.25,23.06,23.29,23.0,79150.239093,23.1535
XLC,115.58,116.52,116.72,115.43,4729316.511038,115.8527
CRWG,46.95,45.12,50.88,44.3,1450448.755257,48.1629
COII,10.7527,10.1,10.7527,10.1,14483.060848,10.4442
NVT,173.39,169.24,175.0,168.0,1881168.772018,172.999
GDYN,6.77,6.95,7.06,6.68,2704089.116867,6.83
ECVT,14.42,14.37,14.55,14.17,2656692.800677,14.357
AIBU,62.85,62.89,64.34,62.21,36796.099544,63.3179
GOGO,4.21,4.33,4.4057,4.025,1505059.854691,4.1716
LQDB,86.3347,86.33,86.48,86.33,3412.3689,86.4208
JPST,50.5,50.49,50.51,50.49,4353888.554193,50.5011
YCBD,0.8082,0.8232,0.8254,0.7674,348042.6625,0.7907
XPEV,16.15,15.94,16.4,15.92,7301319.032832,16.183
XES,126.36,124.81,126.99,124.29,53509.560027,125.7801
ITDI,41.4841,41.56,41.57,41.441,12581.16353,41.518
NOVT,139.98,139.54,140.14,137.3633,613128.879533,139.1447
PALL,137.42,138.15,138.19,136.085,225289.769157,136.9496
SPYI,53.49,53.35,53.56,53.35,3030380.012231,53.476
MRTN,15.04,15.58,15.58,15.04,532651.244231,15.1398
PXLW,5.59,5.75,5.7999,5.51,111116.300441,5.6642
NEM,120.67,117.12,121.26,116.99,7051106.496484,120.3185
DHYr,0.004,0.0031,0.0045,0.0031,3316219.4471,0.003584
UFIV,48.5822,48.65,48.66,48.5822,25172.4464,48.6397
FNLC,28.48,29.21,29.21,28.44,10444.7503,28.5618
ALGM,48.39,48.87,49.02,46.15,3466848.301539,47.4824
SPCE,2.92,2.87,3.03,2.77,10640524.52624,2.9387
TUA,20.79,20.87,20.885,20.79,112032.483472,20.841
TOP,0.7752,0.7649,0.785,0.735101,29713.902301,0.755
LPTH,12.815,11.51,13.07,11.33,4619539.95702,12.643
KSEP,30.0864,30.06,30.0864,30.06,246.0,30.0716
SLB,54.93,53.665,55.07,53.64,9513631.819506,54.5968
ITM,46.79,46.75,46.815,46.75,110771.500494,46.7866
TXMD,1.96,1.96,2.03,1.94,23181.663311,1.9787
LDUR,95.55,95.55,95.6,95.46,44347.821256,95.5358
GCT,39.4,39.69,41.03,39.13,886613.779767,40.0403
FBNC,58.47,59.0,59.0,57.51,329228.3026,58.2071
WEPN,45.0931,44.93,45.2,44.9019,4673.717895,45.0407
REW,6.905,7.03,7.03,6.88,23925.397672,6.9542
SMOT,37.62,37.77,37.79,37.59,40255.055701,37.676
UX,31.1224,30.35,31.275,30.35,13019.795562,30.8686
IBKR,84.91,84.28,85.799,83.38,3101340.77289,85.0469
MPU,0.5499,0.56,0.6,0.54,94805.877485,0.5584
DDTF,19.98,19.93,19.995,19.93,10880.3305,19.9822
MNR,14.04,13.75,14.1538,13.75,410129.610338,14.0079
ECX,1.08,1.14,1.172,1.08,1257428.335545,1.129
PR,20.15,20.09,20.3657,19.91,9955451.940067,20.1559
AVNM,84.086,83.91,84.25,83.91,30771.781206,84.0847
MWG,1.76,1.41,1.78,1.41,4761184.933,2.0441
MPLY,32.5222,32.56,32.62,32.49,9591.3748,32.5219
TOTL,39.51,39.57,39.6,39.51,367753.325865,39.5446
TMFM,20.7438,20.98,21.04,20.66,23809.210152,20.8127
EOSE,8.57,7.875,9.25,7.77,39580713.006321,8.7313
ZFEB,25.89,25.87,25.9199,25.87,2535.0,25.8909
OUNZ,45.52,45.47,45.65,45.28,488550.703375,45.4651
LHAI,0.9065,1.26,1.29,0.53,2096496.004583,0.855
PRAX,331.81,333.53,341.26,327.89,749051.671536,333.5975
MYND,0.3084,0.3,0.3217,0.2903,25427.85207,0.3055
GMTL,14.5,13.66,14.77,13.17,370520.405222,14.1958
TPIF,38.06,38.09,38.14,37.9701,54307.756945,38.0462
GOVZ,35.87,36.07,36.0899,35.815,92124.478635,35.9229
APLZ,4.13,5.14,5.44,3.63,2067961.359744,4.0865
SHM,47.8,47.8,47.825,47.78,193493.643906,47.8003
EMCR,44.5052,44.15,44.58,44.15,7260.8528,44.4724
FIW,104.51,105.69,105.755,104.33,58283.704206,104.7954
ANGO,10.84,11.2,11.2,10.73,452742.047609,10.8604
IYC,101.38,102.2,102.2,101.31,75199.097986,101.5123
UNHW,51.3154,49.64,51.3154,49.64,4804.1137,50.4841
CLM,7.72,7.7,7.75,7.7,1397338.722252,7.7305
BFOR,89.2327,89.8,89.93,89.2327,4083.6066,89.4864
WSBF,18.34,18.77,18.77,18.15,50127.934365,18.3171
MERC,0.8422,1.01,1.01,0.8408,863559.73701,0.896
POWWP,24.91,24.82,24.92,24.82,2417.7334,24.8723
CIFU,26.32,26.04,29.6,23.5,419250.328609,27.5551
RSPT,58.92,58.33,59.015,58.29,356645.111198,58.7557
VTEI,100.5901,100.63,100.68,100.59,88333.144563,100.6185
INQQ,12.46,12.58,12.65,12.44,28034.894022,12.5205
SLON,6.93,6.48,6.93,6.39,505043.081397,6.6188
VGT,113.72,112.41,114.0298,112.32,4822098.430124,113.4518
HSLV,6.14,5.99,6.445,5.99,218090.577706,6.2552
SLVP,40.76,39.21,41.035,39.21,688042.465218,40.4759
TOPW,39.11,39.03,39.39,38.78,108633.74815,39.1747
HUMA,1.0,1.04,1.05,1.0,8062858.987425,1.0122
UBRL,17.1406,17.08,17.6299,16.8,76551.559794,17.157
ALLO,2.28,2.29,2.39,2.27,4503825.150175,2.3207
PSKY,10.9,11.15,11.17,10.73,13264180.000951,10.8513
LNZA,21.0,25.65,26.55,20.13,29213.052522,22.1628
FLCH,23.503,23.53,23.5995,23.5,53316.908577,23.5415
GSOL,7.34,7.12,7.355,7.05,3603699.50027,7.2538
SDS,58.53,58.98,58.99,58.3,3151995.085341,58.6063
FSM,10.88,10.85,11.23,10.705,8926730.882426,10.8924
GSUS,101.87,101.49,102.11,101.49,29323.253699,101.964
TWM,23.41,23.49,23.52,23.13,425859.885573,23.3185
IWS,158.53,158.52,158.9,158.2,470973.773335,158.6407
ADEA,31.84,29.02,33.6981,28.9,5596620.476236,32.0029
STEX,0.949,0.95,0.9799,0.8766,1157154.671735,0.92
NIKL,17.72,17.27,17.82,17.26,280393.507224,17.6374
UWM,61.21,61.07,61.94,60.91,210884.155801,61.4825
BDMD,1.68,1.77,1.81,1.62,314719.286465,1.7037
FALN,27.0406,27.09,27.12,27.035,890896.185307,27.0691
HCMT,40.11,39.76,40.16,39.76,50809.977565,40.0452
FLIA,20.29,20.32,20.32,20.28,82243.548362,20.2957
CNC,56.36,56.45,57.03,55.62,5959879.403963,56.2441
APLS,41.02,41.03,41.06,41.02,9021713.477294,41.0286
RIVN,14.08,14.12,14.345,14.0,26215663.906103,14.1406
IPAC,82.76,82.7,83.02,82.7,35929.834799,82.8249
CWS,67.1003,67.58,67.58,67.03,102145.522516,67.1809
DIVO,45.42,45.33,45.5201,45.315,893137.241708,45.3809
SLN,7.17,7.05,7.45,6.92,112476.110487,7.1695
PYLD,26.41,26.46,26.4799,26.41,3187563.053135,26.4368
EZU,67.61,67.6,67.67,67.395,1258042.582475,67.5547
ACTS,28.1501,28.13,28.18,28.13,526.555,28.1507
DDI,11.64,11.57,11.71,11.295,254732.802288,11.5776
DEUS,63.3527,63.49,63.53,63.33,6217.7441,63.4007
BIDD,31.56,31.53,31.65,31.5212,40585.266919,31.5798
GAMR,88.2802,87.77,88.785,87.77,2154.606066,88.2341
FLOT,50.91,50.91,50.93,50.9,718063.629415,50.9177
NFGC,2.22,2.19,2.285,2.185,1715798.398002,2.2228
XLB,52.26,51.86,52.405,51.83,8586863.5204,52.1923
ELE,20.13,18.96,20.6399,18.87,331267.529828,20.0057
IE,14.88,14.01,15.04,13.92,2150007.086244,14.7784
RSPU,79.23,78.93,79.4,78.91,86528.786217,79.1984
OKUR,3.44,3.75,4.015,3.36,301972.37881,3.6221
WNTR,20.92,21.43,22.0999,20.85,147878.389257,21.334
SFEB,25.52,25.59,25.61,25.52,13294.0,25.5787
RDWR,27.34,27.36,27.95,26.97,260216.259678,27.4131
CGC,1.12,1.11,1.16,1.11,6414276.362518,1.1373
RSSB,30.48,30.48,30.61,30.48,46102.36168,30.5627
AAAU,46.69,46.64,46.825,46.44,1199045.542295,46.6147
EASG,37.7429,37.86,37.86,37.73,370.2015,37.7835
NICM,6.57,6.79,6.79,6.5,22261.779,6.592
WAFD,35.47,36.24,36.53,35.2,635685.45385,35.4592
SPOG,5.44,5.38,5.66,5.3,113317.806906,5.4692
VNTG,0.759,0.7581,0.759,0.721,31774.256637,0.7354
SPLV,72.66,72.77,72.95,72.36,2260593.540733,72.6402
WYFI,26.98,23.49,29.0,22.75,4930110.643047,26.9916
RPD,6.37,6.78,6.9,6.205,2244932.472098,6.3895
SBIL,100.16,100.18,100.18,100.16,151087.677645,100.1638
QUAL,210.57,210.1,211.225,210.06,972221.770542,210.7395
RPV,110.36,111.09,111.34,110.04,93161.34466,110.551
SEMY,17.25,17.11,17.25,17.08,469128.470532,17.1779
PREF,19.02,19.01,19.02,18.97,349691.71685,18.9826
FLGB,35.65,35.72,35.8548,35.5901,223977.795801,35.6932
TNA,65.93,65.65,67.07,65.39,5378000.646015,66.2812
FTLS,74.05,74.21,74.5199,74.05,67462.118425,74.2246
LUNR,32.42,28.95,33.635,28.35,15988927.018679,31.8536
AIEQ,49.0913,48.79,49.24,48.79,4150.348916,49.1295
GT,5.95,6.31,6.45,5.92,25610605.132155,6.0331
RMSG,1.38,1.4,1.4,1.24,312690.025593,1.3223
NXL,0.3401,0.3501,0.3501,0.34,204647.253456,0.3437
UAVS,1.13,1.15,1.16,1.12,2364151.04978,1.1404
FFGX,34.36,34.28,34.36,34.2,3780.173,34.2291
SHOO,38.89,40.95,40.97,38.79,835731.820141,39.3544
NFLX,85.45,86.525,87.34,85.1,40556459.48005,85.9068
STKE,2.03,1.83,2.19,1.78,767745.213077,1.9912
NCPL,0.4399,0.39855,0.4399,0.3984,618267.791705,0.4142
GMM,1.23,1.17,1.27,1.17,67417.645152,1.1961
ALTI,3.57,3.91,3.92,3.5,200793.206405,3.6606
DRSK,29.27,29.2,29.37,29.2,113051.99091,29.2776
NVII,28.77,28.26,29.08,28.26,141024.058268,28.7712
VELO,14.47,13.48,15.4,13.15,2688169.066162,14.4873
NVDQ,10.63,11.21,11.21,10.335,8248667.748577,10.5745
XSW,159.95,161.88,162.145,159.205,68930.955129,159.8826
ABNY,41.93,43.31,44.325,41.93,5427.221983,42.7719
BNRG,2.5,2.18,2.72,2.13,118522.308142,2.4455
IMAR,30.16,30.2,30.225,30.15,98843.0,30.2115
FBCV,38.6117,38.64,38.83,38.54,6119.24029,38.6518
DIVB,58.45,58.39,58.57,58.28,107899.845194,58.3833
MAGC,20.7059,20.9,20.9,20.65,3188.845508,20.7325
MAYT,38.5248,38.6,38.62,38.4701,19656.0,38.5619
XP,18.665,19.1,19.1,18.55,4575438.500665,18.7112
DXF,0.414,0.415,0.4235,0.3852,597124.0,0.4504
MAIA,1.31,1.29,1.36,1.29,626380.694061,1.3237
VALE,17.07,16.8,17.115,16.715,28538327.741063,16.9604
FRPH,22.17,21.04,22.48,21.01,188240.3524,21.9222
IYM,187.56,185.28,188.0,185.28,227642.410673,187.6657
HARD,35.77,35.45,35.83,35.405,48800.78297,35.6502
AGQ,152.22,149.24,152.46,145.6,4621047.759311,148.725
CV,7.27,7.11,7.65,6.67,151190.544753,7.2307
PEY,22.0222,22.33,22.35,22.0133,143863.963538,22.1303
AVGO,428.43,427.615,433.6463,425.0501,16825489.818933,428.9376
FFLG,33.875,33.575,34.03,33.575,106534.645562,33.8935
ONEG,1.11,1.08,1.3,1.08,1733685.17481,1.1388
EVMO,50.35,50.48,50.48,50.35,57405.5055,50.4152
XBP,2.4399,2.61,2.98,2.2,29166.1,2.4879
RWJ,55.16,56.13,56.13,55.16,64656.864482,55.5589
NIPG,0.66,0.6222,0.67,0.6222,51014.074,0.6451
IFRA,61.91,61.43,62.0997,61.335,204699.825384,61.79
AAL,12.79,13.02,13.1,12.73,46477842.415851,12.8738
YDEC,27.2235,27.32,27.32,27.1907,4458.0,27.2549
BOIL,13.7,13.27,13.805,13.23,7214134.069613,13.4804
ASHR,36.51,36.34,36.6,36.32,7675446.627299,36.5109
AMZU,43.89,44.22,45.435,43.725,2214493.225749,44.6836
BCV,25.28,24.85,25.33,24.85,21229.462478,25.1193
CORZZ,23.05,22.73,23.63,22.35,30225.815137,22.9751
TJX,148.91,152.84,153.88,147.27,5770538.675838,149.0433
XSHQ,45.435,46.01,46.01,45.4,19512.950161,45.6087
GSST,50.48,50.49,50.49,50.4743,157381.903247,50.4838
STRL,868.18,851.0,875.0,842.19,598949.414016,859.3105
PRPL,0.51,0.519,0.5298,0.4934,719916.853465,0.5156
HOWL,0.6605,0.6824,0.7159,0.6518,638803.439982,0.675
ACU,41.6,41.61,41.985,41.2,10012.21236,41.517
IMCG,90.83,90.08,91.05,90.08,65266.290027,90.7503
GMUN,50.39,50.43,50.43,50.39,213.5713,50.4195
EWW,80.22,79.76,80.95,79.6,723461.363087,80.42
CRGO,2.11,2.05,2.11,2.005,129242.078966,2.0545
TNDM,14.77,15.16,15.3501,14.18,3647417.70648,14.5684
CRCO,27.29,25.14,28.06,22.76,102654.866071,25.627
DJD,60.13,60.31,60.38,59.99,28450.638432,60.168
SENS,5.77,5.01,5.94,5.0,2389196.264136,5.6628
CDTG,0.316,0.269,0.4453,0.2686,977994.071704,0.3473
ABXB,19.524,19.45,19.524,19.45,288.427677,19.4648
KALU,180.39,182.43,183.0,178.48,261282.762386,180.2816
NTIP,1.47,1.47,1.495,1.46,53983.826,1.4731
RGTIW,9.585,8.5,9.84,8.03,217679.567,9.4414
PRPO,28.465,29.92,29.92,27.57,33462.554,28.3043
REA,24.1,24.72,26.0,22.5,675397.269081,24.3872
WTIU,16.63,16.18,16.8501,16.08,54981.939388,16.4305
PSP,61.32,61.94,61.94,61.2601,52519.032208,61.5341
VYMI,99.89,99.95,100.25,99.78,869935.71291,99.9924
ONDL,14.97,13.4,15.58,12.8,1348380.13818,14.5363
ITRN,60.98,61.23,62.31,60.822,170075.41465,61.5422
ARGT,90.17,89.92,90.5,88.99,179703.311965,89.648
SPCL,32.4013,30.18,33.37,30.18,13648.838,31.849
AVUS,124.84,124.62,125.13,124.62,199870.195455,124.8839
PAVE,57.04,56.8,57.26,56.61,1508071.316048,57.0169
FCOR,47.295,47.3,47.35,47.2501,52168.091372,47.3066
SMH,576.31,570.26,578.0598,566.8,12680940.400387,574.1705
WMT,127.59,130.18,130.6,126.38,18699179.827416,127.6623
TMQ,4.78,4.47,4.91,4.41,4621322.708941,4.7119
BCCC,15.1349,14.98,15.1398,14.94,18812.657248,15.006
OIH,431.15,424.6,432.27,423.6,233300.356703,429.0912
OPEX,21.1,21.15,22.07,20.22,73186.541549,21.2761
IPAR,90.25,94.28,94.28,90.1,353926.738487,90.7027
IDT,52.16,53.15,53.54,51.37,116008.432314,52.0142
FDV,30.91,31.15,31.15,30.81,159903.7575,30.9006
HYFM,1.01,1.02,1.05,1.01,11363.622,1.0311
OLPX,2.04,2.04,2.04,2.03,5360134.254184,2.0361
KVUE,17.17,17.62,17.62,17.1335,29004601.759017,17.2253
BITB,44.51,44.07,44.6051,43.66,1233842.30715,44.2543
INFL,53.35,52.82,53.35,52.82,277918.313057,53.0561
TSIC,24.87,25.21,25.21,24.87,2266.65193,24.9342
TRON,2.18,2.18,2.23,2.0307,1075936.708872,2.1503
FOCT,51.53,51.6,51.63,51.53,10254.7526,51.5855
USLM,109.77,110.01,113.04,109.25,109280.12418,110.3422
MRVL,170.84,163.665,174.1589,162.4894,22947641.575768,169.6178
TTGT,5.795,6.07,6.3,5.63,854477.401449,5.7911
ARKW,148.83,146.68,149.675,146.0,123543.175773,148.3532
BUFP,31.68,31.53,31.7,31.53,31430.4387,31.6742
GAMB,4.36,5.24,5.5,4.31,8787536.672303,5.1502
EIM,9.99,9.99,10.02,9.9601,57690.4266,9.9944
NKE,42.39,44.065,44.065,42.39,24863808.335753,42.7625
OEFA,33.395,33.42,33.49,33.395,3738.3984,33.4338
AXTI,125.81,118.38,132.48,111.04,12114018.421789,124.1196
GEV,1073.08,1041.78,1086.23,1031.15,2509952.750344,1071.0178
MORN,176.22,175.12,176.935,173.93,507537.70464,175.6913
ARLP,24.62,24.95,24.98,24.34,595508.873571,24.5473
DUSB,50.83,50.82,50.85,50.82,152433.32366,50.8315
VXUS,85.39,85.37,85.6,85.245,6528654.252688,85.424
CGON,69.32,68.32,71.065,68.32,789986.632482,69.5642
FLRT,46.82,46.83,46.85,46.8102,49428.89214,46.8341
RYLD,15.67,15.64,15.68,15.64,582218.836462,15.664
SEGG,1.43,1.43,1.6,1.285,2533509.641914,1.4267
IYE,60.63,59.7,60.68,59.68,849228.533655,60.2998
PAA,21.99,21.7,22.06,21.48,3030825.809117,21.8822
OMAB,108.02,107.75,108.89,106.6101,46124.967815,107.8914
SHYD,22.75,22.76,22.76,22.71,61190.01896,22.7345
IBIO,1.66,1.73,1.74,1.63,663700.42893,1.6894
IGPT,93.14,92.27,93.78,91.73,365852.67078,92.9128
HPE,30.87,31.19,31.64,30.67,14198327.771112,31.0371
SPSC,52.78,55.99,56.235,52.69,748474.593801,53.1578
JHPI,22.99,22.98,23.01,22.96,57829.0546,22.9795
OXLCM,25.305,25.3,25.33,25.14,10861.0,25.2871
HOOD,80.78,76.79,81.14,74.8,26357900.508458,78.9485
UBS,44.84,45.31,45.31,44.72,1974892.169764,44.9996
COLO,36.91,37.14,37.4,36.75,65835.905376,37.1148
CABA,3.82,3.875,4.06,3.71,5306173.837068,3.8465
ALEC,2.05,2.1,2.2,2.005,389060.922117,2.0724
ABAT,3.32,3.2,3.4,3.08,7124065.931474,3.2776
BITS,72.63,70.36,72.63,70.36,2435.939434,71.0196
TMFX,21.389,21.5,21.535,21.36,4916.845255,21.4153
FSOL,11.67,11.3,11.68,11.2,661325.406315,11.5133
MTSI,365.88,361.42,368.95,352.69,1885834.186586,361.5899
VIOG,140.16,141.0,141.0962,139.95,18106.326059,140.4288
HYDR,66.38,63.68,67.42,63.38,152106.439247,66.3158
USG,37.6657,37.52,37.6657,37.52,293.8988,37.5562
BCAL,18.6,19.04,19.09,18.6,189862.9823,18.7802
MMSC,27.8736,27.56,27.99,27.56,3904.8295,27.8974
RSPD,52.93,53.88,53.88,52.93,157231.687176,53.0218
AVGG,37.61,37.44,38.549,37.1,90255.945788,37.8065
ANEW,49.6217,49.64,49.64,49.6217,285.8421,49.6393
CDE,19.8,19.015,20.0,18.9,20803356.954347,19.6473
IBHL,25.4109,25.39,25.45,25.39,1524.6152,25.4234
EMMF,38.1081,38.08,38.1796,38.04,6958.6484,38.114
EMHY,40.47,40.52,40.538,40.455,74341.420072,40.492
FTF,5.9,5.89,5.91,5.89,93016.82792,5.8976
SPYU,33.42,32.93,33.685,32.89,549745.004895,33.3325
HEZU,46.5403,46.56,46.56,46.41,24469.399841,46.5004
ISSC,21.37,21.435,22.12,21.04,309634.319328,21.5823
VNQ,96.69,96.9,97.32,96.385,3868459.363644,96.7231
FCHL,1.59,1.81,1.81,1.52,526636.266437,1.7547
HYBL,28.14,28.14,28.15,28.13,85917.375645,28.1416
IVOL,18.16,18.27,18.27,18.16,138088.719482,18.2037
AEVA,15.53,13.54,16.64,13.2101,3246328.015773,15.423
DFGR,28.97,28.99,29.135,28.889,428216.943916,28.9738
GBR,0.7618,0.781,0.7897,0.7617,25700.905432,0.7768
PAL,6.17,5.96,6.34,5.72,310806.956059,6.1748
AMZN,268.99,269.835,273.63,268.48,38176696.653149,270.637
JGRO,96.81,96.01,97.14,96.01,641635.970047,96.8712
RZV,135.4834,137.47,137.47,135.4834,2364.01463,136.2968
BUFD,29.42,29.41,29.44,29.4,228570.062101,29.4201
KRE,68.55,70.06,70.28,68.365,20653737.256534,68.8225
YDKG,0.9376,0.9609,1.01,0.9018,168526.829145,0.9399
CTGO,26.87,27.5,29.52,26.35,674029.73691,27.2663
BAI,48.36,47.31,48.575,47.25,4252971.243021,48.2237
XNCR,12.79,13.01,13.49,12.75,857049.908444,12.9588
VDE,162.46,159.71,162.66,159.71,485356.457589,161.6584
IGC,0.303,0.3074,0.3101,0.2812,1005718.5354,0.3018
FA,16.04,15.86,16.3,15.71,2022602.00858,15.9995
CGSD,25.83,25.83,25.85,25.82,509335.644501,25.8335
ODFL,195.12,197.71,198.06,193.8,1207793.957205,195.3842
ATNM,1.34,1.32,1.38,1.29,129761.640103,1.3488
FTSM,59.845,59.85,59.85,59.84,449156.997291,59.8456
QRMI,15.5567,15.51,15.569,15.51,19231.03616,15.5339
PLUG,3.52,3.095,3.635,3.05,175288950.97067,3.5304
PXE,36.62,36.37,36.7494,36.312,18917.321147,36.5401
MARS,35.63,34.29,36.2799,33.82,363798.805705,35.1715
NEWT,13.66,14.32,14.32,13.61,254745.032138,13.7896
EUO,28.6,28.68,28.68,28.54,37297.950092,28.6309
CLSKW,0.3201,0.3076,0.343,0.3076,182885.826382,0.321
CDX,21.28,21.32,21.365,21.27,90938.203573,21.3211
SLI,4.12,3.89,4.215,3.89,2321737.569529,4.128
FNGU,29.42,29.29,29.895,29.04,6461555.530376,29.5343
FLY,38.24,38.44,40.355,36.9,7972931.741567,38.7496
ONBPP,24.73,24.84,24.84,24.68,73232.101,24.6069
DRCT,3.71,4.19,4.19,3.59,53599.356172,3.8682
FAUG,55.605,55.56,55.6499,55.56,8573.0,55.609
QS,8.03,7.42,8.34,7.41,30483379.290493,8.0851
USL,53.9,53.21,54.07,52.6,20628.608229,53.4703
MMA,0.5448,0.5333,0.55,0.5223,146845.207098,0.5392
SPXU,38.76,39.2,39.22,38.52,8912012.100877,38.7927
SKYE,0.88,0.88,0.904999,0.8383,142552.820039,0.8727
IXC,54.38,53.74,54.44,53.66,2881289.769782,54.1351
ALMU,28.18,23.93,30.2,23.5,2061230.146792,27.5716
OBT,33.75,34.002,34.59,33.62,36833.885211,33.8598
SPRE,21.31,21.34,21.4501,21.29,131159.627304,21.3644
FLTR,25.5,25.5,25.5,25.48,953229.410331,25.4938
WSFS,70.96,71.97,72.275,70.53,590619.106653,70.9945
CBON,23.7054,23.72,23.75,23.68,7129.102106,23.7154
FLNC,25.23,23.555,27.39,22.22,27322418.259459,25.2381
DSI,140.8,139.98,141.1957,139.98,168819.826832,140.7778
CAOS,90.55,90.51,90.5784,90.51,57358.560215,90.5328
BRBS,3.31,3.43,3.43,3.31,359424.64821,3.3479
SLM,21.76,22.42,22.535,21.65,2716983.993952,21.8712
PRNT,23.905,23.81,24.01,23.81,13797.402787,23.899
LVHI,40.75,40.63,40.77,40.63,434314.799425,40.706
HYIN,14.6,14.83,14.83,14.6,18011.0187,14.6906
IGV,90.69,90.095,90.79,89.805,13442577.369919,90.3558
INCM,29.13,29.1,29.25,29.01,418704.402107,29.1822
EVER,19.75,20.06,20.236,19.26,869483.8497,19.7321
COPA,52.0334,52.159,52.58,51.0,4652.381722,52.1471
OCC,11.36,10.63,11.68,10.35,345804.565473,11.1371
HBM,25.5,25.435,26.345,25.32,4796763.89621,25.786
PGHY,19.86,19.93,19.99,19.85,49179.786855,19.9212
MBLY,9.24,9.21,9.5299,9.115,6797287.40521,9.2779
QYLD,18.12,18.115,18.12,18.11,4170461.987357,18.1149
BBAG,45.9231,45.96,45.99,45.9102,26811.55044,45.9409
SPHY,23.43,23.45,23.4699,23.41,2748790.950977,23.4438
TCAF,40.01,40.07,40.225,39.99,716197.677863,40.1231
DFAS,77.46,78.18,78.18,77.41,394950.588027,77.6601
DGRO,73.14,73.07,73.3,72.95,1608953.489922,73.0944
ZMAR,28.08,28.08,28.1301,28.08,4155.0,28.1106
PTIR,13.73,13.37,13.7807,12.9,3930543.352304,13.365
RUSHA,72.49,72.59,73.0599,71.395,457765.902161,72.4759
PVLA,122.09,121.75,128.39,119.66,338980.827977,122.0912
CGW,63.945,64.33,64.58,63.83,70274.467797,64.1212
QRHC,1.07,1.15,1.15,1.07,43862.936889,1.0983
FLUD,24.94,24.98,25.0192,24.94,55478.2088,24.963
FCUS,45.68,44.41,45.83,44.41,43387.5212,45.2308
CSCO,98.72,96.35,98.83,95.325,31852518.848208,97.8565
TCHP,51.4,51.15,51.62,51.15,271129.747175,51.5228
PAAA,51.39,51.38,51.39,51.38,908863.64224,51.3862
NAIL,37.4,39.34,39.4436,37.34,1505803.339906,37.9446
DYNF,66.08,65.62,66.21,65.62,1761920.051134,66.0564
BSCX,21.185,21.21,21.2101,21.18,102297.8484,21.1985
BIOX,0.543,0.497,0.559899,0.4925,331726.744827,0.5258
TSLY,32.29,31.03,32.5473,30.68,1400998.812153,31.7256
III,4.14,4.05,4.16,3.93,314252.039699,4.0948
B,47.0,44.21,47.585,44.21,23856072.658749,46.5999
GROY,3.72,3.61,3.76,3.6,1952683.399233,3.6731
XSMO,87.57,87.48,88.1,87.41,221019.301105,87.7336
SPTI,28.45,28.5,28.5,28.44,1471413.909215,28.4673
EWU,46.65,46.8,46.89,46.555,1471581.815044,46.778
COIW,14.45,13.14,14.55,12.66,212056.543864,13.7867
XRPM,15.06,14.84,15.15,14.83,24758.698923,14.986
AVO,12.72,13.53,13.67,12.71,980432.9558,12.8674
FNDX,30.41,30.45,30.5058,30.36,2060238.863709,30.4126
EIPX,32.02,31.91,32.125,31.78,34522.5263,31.9606
TH,18.08,16.285,18.23,15.7,5048274.818831,17.6716
XLE,57.17,56.26,57.22,56.24,31943312.777166,56.8375
FJUL,58.575,58.58,58.66,58.55,16402.341,58.6021
LAPR,25.365,25.47,25.47,25.33,18521.8936,25.4008
FBGL,0.585,0.61,0.61,0.5836,71685.0,0.6004
ARMW,46.2698,45.0,47.0,45.0,24273.008677,46.0838
RLY,37.21,36.78,37.2499,36.78,157533.205897,37.1808
OPENL,0.3404,0.364,0.385,0.32,234058.671805,0.345
SCHX,29.07,28.93,29.12,28.93,7432409.696938,29.0606
MDA,37.34,34.97,37.62,34.97,1212816.490253,36.7531
VB,288.58,288.9,289.6815,288.125,392518.781995,288.9187
GLSI,24.13,23.2,26.0,23.2,264676.335967,24.5414
IHI,47.55,48.88,49.03,47.365,4834303.382171,47.8269
IMSR,7.66,7.205,8.0,7.035,3367079.564736,7.5769
ATAI,4.04,4.05,4.17,4.0,3388195.801873,4.0748
TOPT,33.56,33.34,33.675,33.3,234960.517965,33.5692
HOOW,24.67,23.2,24.77,22.54,249862.852846,23.9101
VOLT,41.34,40.64,41.595,40.43,757962.482896,41.2673
SCJ,105.54,105.42,105.965,105.39,154532.854284,105.7104
IEP,8.1,8.05,8.21,8.04,1294624.86192,8.1308
OFS,3.65,3.86,3.8977,3.63,64609.484133,3.7741
IMCR,28.85,29.42,30.08,28.59,157666.991515,29.0096
PANL,7.69,7.84,7.94,7.65,510228.161337,7.7387
SPGP,116.63,117.17,117.32,116.545,75395.611127,116.823
EMLC,25.62,25.65,25.685,25.6,1847577.520894,25.6341
XEMD,44.92,44.93,44.93,44.855,859276.9419,44.9115
VTV,208.25,208.24,208.55,207.63,2627211.891585,208.0597
ORCX,44.25,43.49,45.12,42.78,1681611.236261,43.9374
WEED,22.37,22.355,22.693,21.75,41984.105403,22.2297
EFAX,53.43,53.49,53.53,53.3866,7171.396498,53.4685
AUGO,81.06,83.26,85.72,79.73,957775.068149,81.4128
GTO,47.0,47.06,47.09,47.0,161258.88514,47.0332
SR,85.76,86.66,86.6896,85.18,541123.626504,85.9074
UCTT,85.45,88.0,88.3721,85.01,815198.063917,86.0577
IXHL,4.53,4.4,4.67,4.22,330447.561068,4.515
DHS,110.19,110.55,110.81,110.02,29893.719443,110.2531
CGGR,46.24,46.15,46.43,46.1,2370957.578966,46.3071
BMO,153.08,152.095,154.04,152.095,726539.262079,153.0711
VLUE,185.19,185.75,186.945,183.825,1529439.617285,184.8417
OPTT,0.3573,0.35,0.3609,0.347,2903531.17652,0.3558
TOXR,14.4171,14.25,14.48,14.19,11380.1142,14.3973
VRME,0.69,0.765,0.7749,0.66,190675.553742,0.7195
COZX,19.16,18.6,20.51,17.69,93754.229,19.7432
XHE,77.43,78.73,78.75,77.2415,15485.83689,77.8414
XNAV,97.1549,96.16,97.35,96.16,553.6134,96.7554
DSP,10.59,11.67,12.19,10.5,575709.732854,11.0748
DFAI,41.63,41.63,41.73,41.565,985708.077384,41.6369
RECS,42.49,42.6,42.7299,42.46,458019.543134,42.5957
MINT,100.5,100.49,100.51,100.49,1115832.553558,100.501
AMPX,17.68,16.575,18.89,16.23,11845246.425087,18.0796
FAX,14.69,14.87,14.9899,14.65,204696.003008,14.7199
VTWV,186.15,186.68,187.47,186.0101,22692.59619,186.8846
QABA,61.1894,62.23,62.23,61.1894,3740.2704,61.3809
GOODN,22.12,22.42,22.42,22.12,5498.8045,22.2634
DRN,10.98,10.9,11.15,10.86,1067532.499959,10.9797
VRTX,435.17,429.5,442.155,428.5,1264201.657064,436.7053
FNGS,74.45,74.37,74.8499,74.3,29211.879392,74.6231
STLD,235.97,235.55,238.26,234.42,755928.336899,236.1029
ZHDG,23.3948,22.66,23.395,22.66,4828.3094,23.3031
SBTU,4.33,3.98,4.6,3.98,163002.933103,4.1722
DEHP,42.2352,42.13,42.3446,42.06,19081.55036,42.2083
CPNG,16.13,16.8,16.815,16.1,25567962.007823,16.3405
OILK,58.09,57.05,58.33,56.8345,141141.207898,57.7172
CHDN,86.17,88.28,88.915,85.56,1133637.930503,86.5572
ZM,107.12,109.305,111.56,105.46,4110327.952705,107.5536
NANR,84.7485,83.32,84.8891,83.32,26653.150782,84.6357
TRMD,34.09,34.48,34.62,33.83,901800.793273,34.167
SUB,106.37,106.4,106.42,106.3,382967.36987,106.3794
MRNX,26.8,32.59,34.7799,24.66,188118.771819,30.2368
EMC,37.459,37.55,37.555,37.41,4326.41335,37.495
STZ,142.41,147.34,147.4,141.32,2439440.329164,143.5427
RMNI,3.7,3.96,4.01,3.7,339740.87962,3.7934
INUV,1.84,1.86,1.91,1.82,147557.617134,1.845
GWW,1226.09,1237.79,1237.79,1210.33,240387.765434,1224.1847
CNL,17.46,18.39,18.67,17.46,52352.959439,18.0673
OTEX,24.4,24.5,25.23,24.1,2922064.197634,24.4736
SGC,11.36,11.53,12.15,11.1828,67431.355636,11.6251
IPWR,5.75,4.43,5.97,4.308,902110.460674,5.329
SWIM,5.37,5.49,5.495,5.26,899289.588706,5.357
EXPO,60.16,61.39,61.455,59.59,416470.513288,60.1015
QLD,92.26,91.52,92.61,91.16,3982018.077656,92.0135
CPOP,0.3,0.31,0.31,0.3,26774.0,0.3035
FBUF,31.8475,31.93,31.96,31.8475,5371.5936,31.8784
WXET,20.9376,20.33,20.97,20.17,19892.924567,20.6291
VSAT,73.07,71.18,74.25,71.18,1946517.578226,73.0151
CMDT,34.535,34.17,34.535,34.17,32188.889475,34.4605
RGLD,245.13,240.63,246.88,240.45,672092.690115,244.7511
IGBH,24.58,24.56,24.5995,24.56,45935.48039,24.5794
STX,834.01,793.25,841.31,790.48,6078554.604803,826.2619
FHTX,4.33,4.45,4.53,4.3102,123045.040589,4.3843
XLSR,65.06,64.74,65.21,64.74,71481.308417,65.0953
DRAM,55.08,54.91,56.38,53.7,79681428.359697,55.0939
USRT,65.13,65.25,65.51,64.92,323807.707303,65.1546
CAEP,12.56,11.0,12.56,11.0,16299.122,11.841
ODTX,17.45,16.56,17.72,16.405,426999.934912,17.0036
ISCF,45.2936,45.34,45.44,45.26,31763.197366,45.3357
MAKO,8.3,8.15,8.3657,8.1,120328.594171,8.2322
SOC,13.25,12.98,13.46,12.52,3560225.020171,13.2163
APPN,20.53,21.675,22.04,20.2,975847.50102,20.6892
INDS,40.4,40.41,40.41,40.205,6435.260556,40.3244
EBC,19.65,20.1,20.41,19.625,1562153.424722,19.7579
DLN,94.28,94.1,94.4748,94.1,114563.814764,94.264
CVR,10.0,10.8,11.0,9.7652,34101.74044,10.067
SMJF,3.35,3.35,3.41,3.347,162362.5,3.3642
FVAL,77.63,77.51,77.88,77.47,36063.394033,77.7212
JUNT,37.8251,37.57,37.86,37.57,2435.0,37.6113
NORW,38.19,38.28,38.37,38.065,48132.315263,38.1878
CETY,0.82,0.85,0.909999,0.8173,59942.779574,0.8336
CUPR,0.2705,0.2792,0.2792,0.2701,91580.0,0.274
NODE,45.7762,44.64,46.57,44.64,16738.0678,45.9765
DARP,58.59,57.9,58.83,57.9,7211.942099,58.4201
IXUS,95.96,95.945,96.175,95.79,1949285.083126,96.0018
TTWO,221.47,221.41,224.9273,219.04,2060955.811838,221.542
EVT,26.47,26.4,26.59,26.34,64513.0203,26.4757
IWMW,38.35,38.385,38.43,38.34,12127.402141,38.3643
NVMI,526.01,520.1,529.84,507.73,370558.477638,521.4882
HOG,25.53,26.05,26.99,25.435,3834060.045565,25.7983
SH,33.53,33.66,33.66,33.46,7348699.991105,33.5569
BTMD,2.21,2.18,2.215,2.095,221208.130479,2.1494
IAI,177.82,177.0,178.13,175.59,172601.920896,177.4568
OARK,33.2932,32.7,33.44,32.7,16768.192476,33.2377
SFY,146.7,145.82,147.18,145.82,14275.849116,146.5641
BLES,47.71,47.63,47.78,47.56,6813.299823,47.6859
HZO,33.29,34.31,34.38,33.25,463239.634184,33.4888
CATX,3.88,3.81,3.995,3.775,1134827.062641,3.9079
LPA,3.41,3.47,3.8492,3.32,37587.926,3.492
AVLV,87.99,88.17,88.3438,87.83,817244.968002,88.0495
DDC,1.4,1.46,1.46,1.35,87934.425754,1.4106
IMO,130.23,128.37,130.52,127.53,523757.600517,129.9772
NEWP,5.97,5.83,6.01,5.735,1722677.89485,5.8821
DSTL,58.675,59.22,59.33,58.57,64945.76628,58.9586
CRDO,210.22,187.31,210.97,186.78,7999323.858404,204.2175
VOOG,81.86,81.26,82.19,81.23,1565557.88667,81.821
VSLU,45.9,45.78,46.0499,45.78,18600.105158,45.9298
CEF,51.87,51.43,51.88,51.14,715342.547725,51.5959
XSPI,49.68,49.3,49.6984,49.3,57598.994143,49.573
PBUS,73.97,73.67,74.11,73.67,134938.022279,73.9567
WRTH,24.895,24.97,24.97,24.89,66502.615894,24.9105
GABF,43.7261,43.72,44.035,43.68,2691.5856,43.8268
JMOM,79.78,79.33,79.86,79.33,69174.547725,79.6683
SLQD,50.35,50.39,50.41,50.35,590087.195305,50.3755
ATAT,38.61,38.01,38.805,37.765,911557.689484,38.5116
ODV,3.38,3.19,3.43,3.19,1214669.5963,3.3582
SF,74.6,76.88,76.88,73.5,2623200.979233,74.4926
QVMT,65.2864,64.81,65.3299,64.81,3930.724668,65.258
VZLA,3.73,3.63,3.78,3.6201,7413638.491399,3.7242
PLTD,7.85,7.97,8.095,7.8407,46775808.555035,7.945
PMI,0.2026,0.2115,0.2169,0.2006,2782883.248615,0.2087
MGK,88.04,87.5,88.5,87.43,1813352.362286,88.086
CRWU,8.84,8.48,9.5697,8.39,1678645.398264,9.0817
XPAY,54.61,54.48,54.7299,54.4401,143335.508044,54.6053
AMOD,0.234,0.227,0.234,0.2236,363298.897566,0.2272
UTG,43.13,42.56,43.404,42.4835,200889.68858,43.0279
HAO,0.045,0.0635,0.0664,0.0403,271523706.373014,0.04939
FSEA,16.665,16.68,16.8,16.65,132855.8259,16.6678
OBND,25.89,25.96,25.96,25.875,9537.9108,25.923
BUFF,52.1,52.03,52.1684,52.03,52544.752781,52.1275
NVCT,11.06,11.61,11.85,11.0,92014.847643,11.3208
SPTE,45.68,45.52,45.82,45.2201,72901.545995,45.5705
CECO,81.5,82.0,84.275,81.37,701142.855092,82.5845
ASLE,6.51,6.66,6.68,6.44,371845.06713,6.5421
IPOS,22.2551,22.15,22.2551,22.095,4046.0584,22.1913
MSFO,12.2,12.16,12.23,12.05,167225.200976,12.1686
ALZN,1.05,1.03,1.09,1.03,57081.21882,1.0551
MSFY,18.7052,18.54,18.7052,18.54,15470.921086,18.6292
SNXX,191.5,203.74,204.56,183.0201,9054207.502458,194.5082
FORM,151.4,156.07,157.63,139.29,3814351.509576,149.2004
OLN,28.42,27.34,28.95,27.09,2223965.445157,28.4492
AAPX,33.25,33.17,33.57,32.8,77884.448577,33.1923
FVD,46.97,47.14,47.23,46.88,1277877.305316,46.976
KLIP,26.4406,26.4,26.5399,26.4,48742.444257,26.4992
REVB,0.9783,0.95,1.0,0.875,126656.823647,0.9344
TSLG,8.29,7.47,8.435,7.275,84036274.775748,8.0365
GGN,5.43,5.37,5.45,5.36,415761.3372,5.4271
USTB,50.56,50.57,50.58,50.5424,154396.64381,50.5619
PGNY,22.55,23.99,24.39,22.3227,2905939.958423,22.7644
REGS,11.32,11.25,11.36,11.25,19700.3469,11.3103
GDXW,53.83,52.47,54.6556,52.47,57631.053651,53.6951
SNAL,0.463,0.46,0.4776,0.451,194838.907535,0.4647
PLBC,51.25,52.33,52.33,51.16,20509.656107,51.4811
NBIZ,2.41,2.61,2.63,2.11,8532705.77128,2.3037
VTEX,3.47,3.76,3.795,3.44,1952033.191772,3.5239
QQQM,293.71,292.47,294.22,291.92,4695680.326783,293.3325
ABVX,122.13,122.11,124.395,119.18,678111.015642,122.2521
CNXC,23.24,24.325,24.325,23.15,1634078.032455,23.4741
JVAL,55.4169,55.58,55.6,55.33,16667.975558,55.4505
YANG,25.65,25.53,25.705,25.27,709073.522134,25.5331
SSG,13.8,14.31,14.31,13.6294,705620.711004,13.8609
LPLA,289.04,303.88,308.96,285.35,1707085.953638,291.6832
JSML,85.1419,85.16,85.767,85.04,11134.1512,85.4612
EYLD,46.07,46.16,46.5499,46.07,144209.588133,46.2534
VUSV,66.3051,66.63,66.7,66.3051,9810.9752,66.4629
DJTU,1.375,1.37,1.48,1.3,1048039.785202,1.4037
TCOM,52.2,51.27,52.705,51.21,3470381.44356,52.2581
ENLV,0.7432,0.7804,0.7999,0.74,275344.231799,0.7649
PINK,35.82,35.96,36.3577,35.795,31752.784819,35.9703
FJUN,59.39,59.43,59.43,59.36,13598.657,59.4012
IVVW,44.51,44.48,44.545,44.408,45973.908917,44.4958
LFGY,24.89,24.35,25.18,24.0,78206.999692,24.7364
BHST,3.69,3.93,4.025,3.57,57588.956839,3.7746
SPTM,89.6,89.36,89.815,89.36,752108.754282,89.5995
SPMO,146.07,144.84,146.79,144.65,2327798.199926,145.8423
ARMK,44.56,44.85,45.09,44.14,5890263.278277,44.4201
SMCY,6.63,6.82,7.0564,6.61,750294.755231,6.8369
SPRB,56.4,57.53,58.38,55.65,45699.044123,56.9456
ZENA,1.99,2.05,2.09,1.9801,2239235.613336,2.0223
ZURA,4.75,4.8,4.99,4.59,1125307.637146,4.748
FURY,0.5978,0.5958,0.6082,0.5901,389858.697669,0.5979
ASML,1565.81,1559.3,1567.99,1521.36,2191329.195911,1551.1314
RDWU,14.0,11.67,15.5011,11.1,1027832.893047,13.8344
CTM,0.7276,0.75,0.7699,0.715,1750205.397058,0.7324
CFA,95.0436,95.11,95.4,95.02,4695.595954,95.131
USAX,34.19,33.77,38.7,30.89,233184.912777,35.593
WBTN,13.31,13.11,13.41,12.83,301549.470934,13.132
YYY,11.54,11.57,11.57,11.52,326113.793823,11.542
NNE,28.35,26.62,29.73,25.65,2893454.872543,28.2
FUMB,20.065,20.08,20.08,20.05,237234.1576,20.0584
OXSQ,1.78,1.83,1.84,1.78,2522977.275761,1.8036
GIF,26.048,25.47,26.1,25.47,12836.6219,25.8712
GLDM,93.69,93.56,93.96,93.16,2644259.822269,93.5624
TILE,28.7,29.39,29.74,28.59,860261.50777,28.884
BBRE,105.08,104.87,105.44,104.78,33544.76815,105.0787
PAB,42.2805,42.37,42.41,42.28,15697.0,42.3196
TITN,21.35,21.55,21.72,21.0289,124978.547362,21.4709
PWZ,24.26,24.27,24.29,24.25,134015.8567,24.2709
NKTX,3.18,3.2,3.32,3.135,498233.71805,3.2202
CHSCM,25.09,25.0,25.1,24.98,21885.9172,25.0252
PATN,34.905,34.84,34.98,34.72,126892.2643,34.8918
CENX,60.18,58.975,61.38,57.84,1678964.145599,60.1031
QDTE,31.55,31.33,31.57,31.33,523071.991184,31.4704
FMAT,60.53,59.94,60.68,59.94,30881.762703,60.4543
SEIC,91.59,91.18,91.89,90.35,592384.840125,91.2865
JOBX,28.96,28.26,30.0799,25.5,158448.406594,28.4239
FCOM,73.45,74.19,74.32,73.45,109611.012209,73.8834
COHX,59.72,49.73,61.05,48.22,1470372.198623,55.2641
NUMV,41.63,41.78,41.85,41.58,32358.4832,41.6848
LPRO,1.85,1.9,1.962,1.785,632778.118889,1.8432
UGL,62.07,61.92,62.45,61.4,1924832.716079,61.7774
ADTN,15.68,15.91,16.1,15.5617,2413515.090492,15.7696
EQL,50.27,50.22,50.3048,50.135,20116.782676,50.2253
ARHS,6.12,6.5,6.51,6.05,2011233.21219,6.1557
HCRB,35.085,35.17,35.17,35.07,25256.470435,35.099
MNDO,0.9024,0.99,1.0,0.886,130527.606845,0.9563
PXH,29.46,29.46,29.5,29.375,146970.070321,29.4346
ITEQ,63.9998,63.28,64.0,63.28,6053.5839,63.7238
SMLF,83.83,84.06,84.3499,83.76,176834.587007,83.9644
MAGS,69.44,68.87,69.85,68.75,2421766.133014,69.4147
ANGX,3.04,3.33,3.4,3.01,1628764.551936,3.1322
RIO,107.9,106.92,108.43,106.83,2555579.533694,107.9287
CFG,62.16,64.29,64.29,61.95,5528081.488461,62.4309
VPL,114.43,114.0,114.75,114.0,380208.27575,114.4659
SAIL,11.77,12.0,12.14,11.62,3000357.662408,11.7844
BOTT,56.695,55.33,57.04,55.05,42349.6772,56.331
SILJ,33.78,32.6,33.855,32.56,8183694.532076,33.4692
SOAR,0.164,0.1894,0.1894,0.1561,5224464.621964,0.1708
USO,138.66,136.69,140.9,135.86,6252843.393372,138.3512
EEIQ,3.46,3.6,3.6,3.3445,26139.621173,3.4313
MSFX,18.49,18.13,18.49,17.87,171552.346939,18.3127
BSJU,25.905,25.9,25.93,25.89,44256.8694,25.9128
KIO,11.16,11.17,11.22,11.135,273357.143957,11.1783
DRH,10.6,10.79,10.835,10.535,1374878.819952,10.6055
NVDX,21.35,20.33,21.9073,20.31,11018401.199738,21.353
DFAC,43.19,43.15,43.31,43.14,1439850.449791,43.234
XGN,3.98,3.36,4.13,3.08,6242884.784874,3.614
TSLR,28.72,25.88,29.21,25.19,4718151.589808,27.3166
CNBS,29.1138,29.1,29.47,28.41,18542.042721,29.3237
SCMB,25.675,25.67,25.69,25.6629,1473421.41934,25.6793
PLTY,34.49,34.1,34.59,33.695,365485.410905,34.1199
AVES,67.69,67.73,67.8399,67.5201,43751.287404,67.6972
LBRX,32.695,31.99,33.47,31.975,78781.920912,32.7764
RSBY,18.605,18.57,18.679,18.57,26913.489744,18.5996
DIEM,42.505,42.43,42.66,42.38,15603.301101,42.5619
ISCV,74.3069,75.23,75.23,74.3,6840.7405,74.6887
SMMU,50.42,50.46,50.46,50.4,93145.5226,50.4271
KROS,12.01,12.05,12.21,11.5501,262519.841898,11.883
BKGI,45.84,45.52,45.84,45.3751,269983.238546,45.6503
CTBI,65.11,66.58,66.58,64.69,118172.272328,65.1642
VUZI,3.05,3.08,3.2469,3.05,1132433.380513,3.1323
TXG,20.5,21.255,21.7,20.18,2885164.991013,20.5619
MWA,25.85,26.46,26.46,25.84,753726.652663,25.9625
TAN,63.05,61.77,64.14,61.77,1562901.233252,63.4263
PDP,141.8034,139.76,142.205,139.76,58785.251149,141.7109
EZGO,0.04,0.0559,0.0686,0.0342,1757842951.281026,0.06347
ILF,36.23,36.45,36.65,36.145,2099750.961564,36.3284
GDXU,223.05,209.0,231.86,208.66,1247518.606955,217.7672
NTSI,46.5702,46.61,46.748,46.45,19179.5136,46.6105
MUYY,26.475,26.37,26.54,26.18,25967.319091,26.4834
SEIQ,39.0,39.1,39.24,38.91,19908.1013,39.0426
LABD,13.53,13.36,13.72,12.54,7275573.515354,13.0824
EVSB,50.85,50.85,50.85,50.8301,10362.9733,50.8387
GBIL,100.0,100.0,100.01,99.99,1333136.481844,99.9992
SDOW,28.49,28.725,28.92,28.38,4792337.220316,28.6257
SHYG,42.43,42.48,42.51,42.43,840972.887718,42.4829
CTMX,3.86,3.9,4.12,3.81,3647698.729756,3.9167
ACMR,64.67,61.48,65.98,60.6195,2013458.73563,63.944
ARTY,69.31,68.46,69.7813,68.43,920807.076126,69.2494
COHR,379.69,345.0,384.85,338.0,9856105.918021,369.1459
LSGR,45.2975,45.24,45.63,45.22,81443.435139,45.4397
NRDS,8.42,9.0,9.0899,8.37,3171170.010958,8.5824
NVDS,20.5777,21.33,21.36,20.1201,479571.490514,20.4796
KALV,26.71,26.73,26.755,26.7,1935733.228689,26.7244
CIK,2.55,2.59,2.6,2.55,1079947.326672,2.5692
HPQ,21.67,22.775,22.775,21.51,22194363.479248,21.9397
NOK,13.92,12.97,14.05,12.76,143926914.576867,13.5444
CATY,57.04,57.57,57.575,56.12,560066.474719,56.9494
NFXL,23.1,23.67,24.1323,22.9,867485.286621,23.389
DELL,247.04,253.595,255.45,242.0,11517041.484435,247.8213
MOO,81.91,81.71,82.07,81.6,1140598.967613,81.8259
GTEK,55.6717,55.15,55.98,55.15,10478.169123,55.6178
LQDM,24.8851,24.96,24.97,24.88,31773.392,24.9451
SBFM,1.03,1.04,1.14,1.02,139052.275784,1.0639
TSLQ,16.21,18.08,18.54,15.88,18305770.932155,16.9202
HELE,24.32,24.92,25.0,23.62,589496.136807,24.1788
MCHI,58.7,58.73,58.905,58.65,2936124.034342,58.6692
MGNR,54.8252,54.4,55.14,54.4,93760.838618,54.8816
YMAT,0.675,0.507,0.6822,0.44,21639607.787723,0.5752
IEZ,30.98,30.53,31.05,30.47,223401.058696,30.8433
KSA,39.15,39.15,39.27,39.08,387896.047535,39.1496
MLEC,7.95,8.64,8.74,7.8,27590.781749,8.1728
TLX,10.83,10.89,11.04,10.72,162365.582146,10.9155
MAYW,34.55,34.44,34.685,34.44,119594.9041,34.5441
SHE,152.2456,151.58,152.71,151.58,3421.09915,152.1191
HAWX,44.501,44.5,44.59,44.444,16602.4967,44.5289
ONB,24.16,24.39,24.6,24.03,4251629.27443,24.1897
SNPE,67.58,67.28,67.75,67.262,176912.329295,67.5915
ILDR,37.05,36.73,37.17,36.53,28360.983677,36.9863
UMMA,36.5307,36.46,36.67,36.31,49834.747622,36.5262
TCX,14.66,15.13,15.16,14.39,22519.981047,14.8319
KULR,3.33,2.9,3.48,2.83,3843794.061685,3.2226
PMTR,10.31,10.3,10.32,10.3,152625.0,10.3101
WRN,3.08,3.12,3.205,3.07,4262312.984454,3.1312
IAK,130.54,130.52,131.02,129.69,38889.465428,130.3251
IMVP,20.98,21.15,21.155,20.92,25872.797981,21.0739
MAKX,65.6384,65.2,66.1,64.96,6391.0805,65.725
TTDU,4.12,4.58,4.65,3.84,711078.236897,4.0817
APH,122.47,127.97,128.41,121.43,24755921.656944,123.6564
ACIU,2.83,2.86,3.09,2.81,310158.375764,2.8886
DMRC,8.95,9.35,9.515,8.865,168909.830718,9.1199
BWMX,16.74,16.94,17.17,16.61,121233.689697,16.8533
MUNI,52.4,52.41,52.427661,52.38,211212.847617,52.4071
TGB,7.57,7.64,8.05,7.56,6118609.989573,7.7371
COHN,12.25,14.8,14.84,11.93,127016.829969,12.7808
XAIX,53.7401,53.55,53.9,53.2201,31553.27463,53.5912
GRNB,24.0891,24.09,24.1399,24.0891,19846.876942,24.1022
USFR,50.4,50.4,50.4,50.39,4423533.593906,50.396
DBB,25.92,25.76,25.975,25.75,412079.600894,25.8449
BOXX,116.65,116.66,116.66,116.65,1953364.270243,116.6559
TM,183.8,184.0,184.36,183.07,609496.239633,183.756
BCBP,9.81,10.062,10.15,9.81,71517.971355,9.8943
FBL,24.43,24.825,24.92,24.37,1546779.72569,24.6619
BKUI,49.7,49.7,49.72,49.7,32473.5595,49.7079
DEMZ,43.9691,44.29,44.35,43.9691,5118.509652,44.1184
FXC,71.43,71.48,71.6,71.43,9314.902243,71.5106
JNUG,223.89,215.6,230.8,215.5,263621.189882,222.7334
SPPL,2.76,2.8,2.9,2.68,4990595.886858,2.8131
PFFD,19.06,19.08,19.15,19.06,377514.846666,19.102
AVDS,79.3367,79.31,79.67,79.29,17607.635067,79.4792
BTQ,3.21,3.03,3.34,2.95,2675476.364092,3.2202
IVES,36.55,36.11,36.84,36.085,496975.947168,36.555
ETHV,34.19,34.03,34.27,33.72,101056.154217,34.0258
CRCA,67.44,56.3,70.34,45.0,4274735.841319,58.0512
QTOP,37.89,37.77,38.005,37.64,277088.090311,37.8999
ABLD,32.1298,33.06,33.06,32.11,11645.0238,32.2009
FCA,33.8341,33.78,34.0815,33.7,22901.345414,33.8456
PHUN,1.99,1.97,2.04,1.97,124184.262401,2.0056
ASTS,82.55,78.03,84.94,75.9,39710243.517289,80.7104
TINY,84.0364,84.4,84.63,83.23,4114.82645,84.0858
SUNS,7.41,7.65,7.764,7.399,99868.38944,7.4806
DRMA,1.22,1.26,1.2852,1.22,28433.506259,1.2422
SHOP,102.54,107.35,108.42,102.38,18802616.638044,104.1493
TS,61.87,60.72,61.91,60.6538,1619792.812998,61.4466
BATL,2.83,2.89,2.9699,2.74,3186033.94944,2.8733
CVRX,6.92,6.92,7.23,6.75,361359.53327,6.9625
MGA,62.54,63.66,63.66,62.3,1106572.346872,62.7087
IREN,55.15,54.97,61.72,52.36,112561479.590154,56.8621
CMTG,2.32,2.47,2.47,2.295,541189.113403,2.3425
EEMS,79.13,79.21,79.3438,79.1,7473.79056,79.2236
CRCL,131.76,118.85,134.8,105.36,49792979.610915,124.6114
SATL,8.7,7.85,8.8999,7.48,16629381.704972,8.3744
BBMC,121.35,121.49,121.5722,121.02,240153.843034,121.0876
SPMD,64.72,65.02,65.035,64.605,2616778.694609,64.8153
QEFA,97.53,97.61,97.87,97.2219,36204.495206,97.6109
KCE,153.43,153.51,153.8,152.23,45514.922493,152.9904
BERZ,22.98,23.46,24.11,22.8,122893.797558,23.2837
RZLV,2.72,2.42,2.74,2.41,27693029.815423,2.6096
XHB,101.59,102.8,102.9,101.49,1765958.936411,101.8642
AMDW,98.61,98.99,100.75,96.325,74602.612383,98.8237
CROX,100.42,103.74,104.23,100.02,1040810.580324,101.2287
EUM,16.02,16.03,16.08,15.715,52527.561458,16.0184
CTKB,4.12,4.56,4.5812,4.11,1113117.298874,4.2962
LNTH,94.07,93.95,95.86,93.115,1190359.113828,94.3417
DHT,18.73,19.135,19.18,18.38,2962839.870571,18.6949
DIA,497.11,495.8,497.84,494.76,4249103.649055,496.6016
TOLL,38.4789,38.36,38.59,38.36,3034.035297,38.486
VHC,14.0,13.21,14.19,12.998926,40171.416,13.37
WLTH,11.52,11.47,11.78,11.4,672552.918066,11.5815
DBE,32.15,31.69,32.52,31.64,37333.375152,31.9744
SCYB,26.17,26.21,26.2299,26.17,1033212.434332,26.2045
BDVG,13.655,13.57,13.655,13.57,1972.146999,13.6019
AXON,394.36,394.2,400.185,379.19,1403565.507215,388.621
CLOI,52.77,52.75,52.8,52.75,102786.71865,52.78
OTTR,88.29,88.33,89.025,87.865,340906.208729,88.4034
URNM,68.19,66.66,69.3459,66.47,864523.261238,67.9698
FLTB,50.32,50.34,50.38,50.2907,68152.435966,50.3301
VOE,192.21,192.45,192.6371,191.8272,427619.724865,192.2112
INDA,48.42,48.74,48.895,48.415,6856090.55595,48.5651
FFOG,50.13,49.89,50.44,49.82,75366.1454,50.1069
FJAN,54.445,54.47,54.5424,54.3017,17223.0,54.474
NCL,0.1527,0.1472,0.1546,0.1465,238757.912111,0.1508
AGNG,34.79,34.97,35.2,34.76,7200.208795,34.9774
PZT,22.4876,22.49,22.5,22.48,15025.6644,22.4882
HTZ,6.19,5.955,6.46,5.9,10333634.044476,6.2588
DUG,18.97,19.56,19.615,18.965,116260.041309,19.1627
CPSH,4.32,3.95,4.41,3.9,470668.216054,4.2543
NFTY,53.075,53.38,53.445,52.85,56764.122467,53.2314
QMMY,26.0261,26.08,26.08,26.0,132915.0,26.0392
TEAM,87.31,90.24,92.43,84.9,7931115.104621,87.0218
QLTY,40.12,40.21,40.355,40.02,628462.96613,40.1568
KNG,48.55,48.79,48.8642,48.41,304028.476787,48.5225
TDAQ,28.36,28.27,28.36,28.12,228199.363747,28.2749
GPRE,17.15,17.91,18.4878,17.13,2190910.516803,17.3956
BNDX,47.98,48.035,48.06,47.95,4378489.324584,47.996
ROP,328.8,339.765,339.765,327.88,1365403.446967,331.2006
OPEN,4.85,4.87,4.96,4.71,41714853.192835,4.847
NVDW,42.34,41.22,43.07,41.22,120902.512571,42.4444
PEBO,33.7,34.405,34.44,33.6,190341.610854,33.7816
BEZ,2.08,2.38,2.385,1.8508,7453778.144509,2.0233
CVU,3.85,3.99,3.9999,3.78,74148.42454,3.8454
TSLP,20.67,19.6,20.845,19.3,40158.274781,19.9502
SSK,13.33,12.9,13.33,12.7702,117514.070696,13.0747
FTXN,35.9068,35.57,35.99,35.43,317241.970387,35.777
XOMX,42.3157,39.98,42.475,39.98,22952.3405,41.7511
LGPS,0.7,0.73,0.76615,0.6686,41074.0,0.7347
QUCY,0.3419,0.347,0.356999,0.3212,360604.751261,0.3367
FIX,2032.98,1955.0,2045.14,1942.6574,377376.693486,2015.4529
UGA,119.57,118.48,120.98,118.3,38023.589254,119.6623
AXIL,7.04,7.15,7.15,7.0,10262.643277,7.036
KYTX,10.34,9.37,10.714,9.37,1295804.505325,10.2675
SSO,66.51,66.04,66.8,66.02,2521575.272154,66.4836
CWVX,38.23,36.85,41.52,36.23,1554053.347494,39.4295
FAZ,45.77,45.66,46.34,45.06,522258.717219,45.7578
TTEQ,41.5975,41.38,41.7,41.205,76054.3054,41.4437
REET,27.41,27.5,27.58,27.36,2317865.266765,27.4284
BUFQ,38.83,38.86,38.86,38.74,297684.506,38.8038
LQD,108.93,109.04,109.18,108.89,23050594.394244,108.9979
LUD,6.04,5.95,6.29,5.6401,13695.691105,6.0368
TSM,404.54,406.74,407.73,398.19,14679985.880339,403.6258
QQQI,56.59,56.47,56.6699,56.4,5018096.297056,56.5667
SPAB,25.51,25.55,25.56,25.5,3288695.704433,25.5161
PEGA,34.26,35.605,36.3,33.94,1877747.035543,34.4089
POWR,27.92,27.58,28.03,27.46,264882.47257,27.7376
EQIN,49.922,49.97,50.1199,49.8253,22180.16263,49.9262
TECB,69.0414,68.79,69.12,68.79,18425.192129,68.9784
ONL,2.87,2.91,2.93,2.86,367066.817727,2.9002
ELCV,31.02,30.86,31.07,30.84,38814.306126,30.9695
SEDG,41.79,41.31,42.8199,41.15,2473393.766656,41.9408
EDEN,112.12,112.91,113.445,112.12,11269.203472,112.601
GLE,0.5951,0.4491,0.6,0.4491,3167094.092017,0.5352
PFFV,22.35,22.3,22.35,22.3,30182.363,22.3254
TSMU,69.61,70.38,70.5,67.5,224536.545989,69.3419
DWX,46.6463,46.66,46.82,46.63,9719.943341,46.7304
DRTS,10.34,9.75,10.8,9.25,4924758.538982,10.2918
DOCT,46.07,46.0,46.1399,46.0,12047.0,46.0776
BIBL,53.13,52.89,53.1995,52.89,31822.42996,53.0839
ABT,82.56,84.44,84.44,81.97,16460499.964264,82.8367
LEE,7.91,8.09,8.28,7.8501,68342.351819,8.1302
IHT,1.1068,1.11,1.168,1.1,17606.046062,1.1111
TROO,4.08,4.15,4.2899,4.01,233696.34403,4.1339
PXF,76.5001,76.36,76.64,76.36,133997.258628,76.4993
VYM,155.81,155.87,156.15,155.49,1213325.73818,155.7224
GHYG,45.4851,45.63,45.6332,45.4,13275.951622,45.5248
JCPB,46.9,46.95,46.97,46.88,2249655.944563,46.9272
SCUS,25.1555,25.17,25.17,25.1506,99692.6186,25.1645
CMPR,88.45,92.74,93.13,88.31,164730.303312,89.9683
PBP,22.78,22.76,22.785,22.76,27809.076303,22.7759
GSY,50.21,50.22,50.23,50.21,438997.51543,50.2238
VNM,19.49,19.56,19.57,19.4,601880.17892,19.5062
RYM,27.17,28.69,29.14,26.57,28168.886376,27.8503
SCHB,28.48,28.38,28.55,28.37,5286065.556523,28.4863
RUNN,32.426,33.0899,33.0899,32.3701,23803.946412,32.4715
VMC,282.7,283.49,284.54,279.81,928212.555623,282.3935
XME,124.54,121.63,125.82,121.46,2173505.459699,124.2347
RIME,0.6067,0.5712,0.6199,0.5379,994594.573803,0.5738
WEBL,23.55,24.09,24.57,23.41,420984.244995,24.0651
UUUU,22.04,21.62,23.0198,20.93,14553890.327132,22.1501
EFAV,91.28,91.33,91.59,91.2,323298.079101,91.3371
ROK,456.66,451.6,462.105,451.54,888368.768974,457.2965
ETHT,17.95,17.78,18.03,17.4,1176412.44294,17.7959
MLPA,53.82,53.71,54.03,53.31,319583.477183,53.6524
SMIN,67.26,67.98,68.08,67.26,128965.694037,67.5282
UNCY,7.95,8.05,8.12,7.895,491905.314351,7.9918
SPAM,34.825,34.89,35.155,34.645,3098.0174,34.9358
AURE,2.35,2.32,2.36,2.3,26788.0,2.3489
JHMM,72.27,72.36,72.5199,72.12,150011.598929,72.3518
BTCO,81.59,80.66,81.75,80.05,189418.988643,80.9792
CGTX,1.18,1.21,1.245,1.16,957239.942336,1.1939
IDUB,27.58,27.67,27.67,27.5017,23151.3563,27.5585
QMAG,25.035,25.11,25.11,25.01,2280.0,25.0486
ICG,1.23,1.24,1.24,1.1701,84952.872813,1.2158
EEM,67.89,67.83,68.15,67.585,14667108.070781,67.9156
PANW,213.66,207.79,214.3,205.65,9404301.420957,212.0488
CHSCO,26.3,26.15,26.4,26.15,17326.2374,26.2976
ARGX,813.28,812.03,827.805,795.985,497993.403004,811.0516
SPTL,25.99,26.09,26.1,25.985,5969743.950704,26.0242
ASTI,4.65,4.35,4.8901,4.35,1095532.443568,4.6935
IQQQ,49.37,49.25,49.5099,49.14,40118.020033,49.3308
XAR,269.4,264.59,271.41,262.67,276824.010399,268.6921
DUTY,24.7182,24.38,24.83,24.38,4494.040714,24.7937
ADVB,5.01,5.86,6.2003,5.01,26005.7293,5.4476
IHDG,50.13,50.1,50.2,50.02,207010.096277,50.0904
CYPH,1.1,1.16,1.1799,1.08,3316719.366622,1.1313
GNS,0.2416,0.2465,0.2548,0.2384,2129701.19922,0.2447
FXF,113.4,113.43,113.56,113.35,47170.180983,113.4638
SIFY,16.33,16.25,17.49,16.15,163579.510672,16.7251
BSCY,20.775,20.8,20.81,20.77,64085.4579,20.789
QQQG,29.2697,28.87,29.32,28.87,5803.500777,29.246
IDGT,122.07,120.7,123.0399,120.7,123378.980587,122.1005
BIDU,145.78,143.5,149.92,143.5,3938444.350784,146.2608
SGHT,5.31,5.12,5.545,5.12,251376.208183,5.3586
BSCS,20.435,20.45,20.45,20.43,485120.717332,20.4443
YBIT,25.0305,24.84,25.08,24.715,56136.771711,24.9124
NBTB,44.82,45.59,45.9,44.7,365159.36941,44.8723
USD,99.03,96.16,100.3182,96.1,929781.233113,98.5191
AURA,8.19,8.42,8.52,8.15,333975.114754,8.2658
MVST,2.02,2.09,2.18,2.01,12810536.768018,1.7722
BODI,12.58,13.75,13.75,11.755,196051.691825,12.4639
EGGY,40.31,38.9,40.58,38.9,69733.503816,40.0624
IPST,5.16,5.33,5.33,5.16,11367.354551,5.2412
KMTS,21.83,20.96,22.03,19.0,282203.988636,21.4991
TACT,3.28,3.42,3.45,3.24,51130.3318,3.3116
EETH,28.7902,28.61,28.85,28.35,24922.022476,28.701
SHAZ,53.81,53.0,59.76,52.41,683934.249382,56.463
SOUN,8.45,8.72,8.78,8.36,35610514.010799,8.4909
PDBC,18.55,18.36,18.5999,18.335,4853025.851173,18.4928
CNTY,1.41,1.53,1.58,1.36,104654.938379,1.4198
XRT,81.66,84.51,84.57,81.52,8026037.521217,82.0055
IAUX,1.6,1.6,1.63,1.57,11795808.040836,1.6004
GOOX,98.82,101.045,102.8,98.77,69710.061282,100.7607
DIVL,24.6622,24.5,24.6622,24.5,150.921769,24.5222
IVW,136.23,135.22,136.73,135.08,2107619.383304,136.2247
ODYS,4.75,9.8,11.3,4.14,39260386.411105,8.5716
LITE,1053.09,949.715,1073.33,949.45,9550934.177873,1022.1875
GNLN,4.88,4.99,5.05,4.66,12587.711667,4.8828
LNOK,82.09,72.48,82.82,69.0,511600.525543,75.2964
PGX,11.16,11.18,11.2,11.16,1581182.965772,11.1734
QNCX,1.24,1.25,1.2699,1.22,549084.334941,1.2437
BBC,44.6832,44.89,46.1,44.515,9971.672156,45.2229
ADIL,1.44,1.47,1.49,1.42,82169.94331,1.4459
EMBJ,60.36,61.125,61.85,60.2,2412798.262536,60.8292
HEFT,27.145,26.67,27.2,26.67,34809.4583,27.0731
KNOP,11.06,10.9,11.24,10.9,62116.06062,11.0834
GIG,5.52,5.88,6.2499,5.46,40679.740136,5.7386
MCRP,2.61,2.58,2.77,2.58,50980.460518,2.6662
FAAR,33.88,33.82,33.94,33.82,28016.099244,33.9001
PKBK,30.6,30.65,30.91,30.26,98278.887852,30.5471
SI,13.22,13.19,13.77,13.19,59135.210544,13.4626
EUSB,43.432,43.51,43.51,43.4305,22841.189792,43.4602
OMCL,43.3,43.82,44.16,42.9,381604.276697,43.2128
SPXS,27.66,27.96,27.96,27.47,8700106.903832,27.6758
WUGI,84.9275,83.99,84.9275,83.99,1703.79587,84.3533
KWT,38.34,38.21,38.355,38.21,895.557322,38.2457
TRDA,7.0,6.96,7.355,6.82,794528.312863,7.0274
VFMF,168.99,169.69,170.825,168.44,21397.849586,169.6748
MLPI,56.32,55.78,56.39,55.55,308847.764416,56.0172
RSPS,29.47,29.84,29.84,29.3514,93817.54328,29.4889
BFC,144.51,146.79,146.79,144.32,58534.940856,145.1841
INVX,27.06,26.36,27.39,26.36,223767.216154,27.0976
YJUN,26.67,26.7,26.7,26.6,10544.0,26.6231
GDXJ,129.5,126.68,131.36,126.62,6506930.96232,129.3236
GGME,60.1234,60.42,60.64,60.03,5426.7165,60.3243
CLYM,11.12,11.52,12.48,11.09,1248701.16551,11.6799
IBND,31.74,31.95,31.95,31.645,124328.478672,31.7627
EPM,4.78,4.69,4.7999,4.666,196664.380937,4.7374
NHS,6.47,6.48,6.49,6.45,133719.232021,6.4669
ASM,7.52,7.19,7.7,7.11,6714542.72713,7.5214
FCTR,38.9492,38.44,38.9492,38.44,968.1595,38.7835
BMNZ,13.33,14.61,14.69,12.87,1515928.363516,13.7692
TRVG,3.26,3.46,3.491,3.25,73417.545282,3.3735
CVV,7.42,7.11,7.8779,6.55,237105.54587,7.364
SER,1.6,1.71,1.75,1.6,128347.017385,1.6844
KIDZ,0.5346,0.61,0.6284,0.4155,40268298.729842,0.726
ORLY,91.35,92.33,92.43,90.31,8672902.229261,91.1286
OVT,22.0451,21.97,22.1,21.97,23629.4149,22.036
IBX,20.17,21.09,21.09,19.8,43818.756334,20.1031
STRK,78.12,78.81,79.01,77.56,182472.728891,78.1345
ARCM,100.19,100.24,100.24,100.1459,1970.2509,100.2016
FTXO,37.64,38.25,38.275,37.53,176385.561622,37.8066
PW,0.6199,0.648,0.648,0.55,159945.34248,0.5833
PAPR,41.85,41.87,41.87,41.8,43343.013,41.8353
JELM,25.175,25.1,25.24,25.1,7676.06,25.1458
SAP,170.1,173.24,173.83,168.8,2791696.789341,170.54
SUPX,8.13,7.65,8.17,7.1,314379.945014,7.5774
SOXX,532.76,524.08,533.74,521.66,7492556.93472,529.1964
FMAG,36.11,35.87,36.2599,35.87,28050.253615,36.1275
FJET,5.39,5.77,5.8799,5.3,1872463.052018,5.5172
DCBO,19.13,20.53,20.6,18.5506,401899.273546,19.2197
QURE,27.64,27.16,27.97,25.68,2694754.414004,27.3015
ZD,41.895,41.38,42.14,40.36,717313.168886,41.5347
BURU,0.24,0.2245,0.243,0.2224,11510245.904115,0.232
FCEL,15.94,13.63,16.84,13.1,13177220.541813,15.6606
TSLA,445.0,422.16,449.16,416.8,78376127.437281,435.7793
TNYA,0.9981,1.04,1.15,0.958,15258441.798433,1.054
SSB,93.89,96.4,96.825,93.68,688800.275613,94.2399
DHY,1.76,1.77,1.78,1.76,986959.190505,1.7702
GVI,106.26,106.4,106.42,106.25,102999.087744,106.319
FFLC,57.92,57.67,58.1794,57.67,75645.44965,58.0281
PMEC,0.72,0.6713,0.72,0.659,25771.0,0.6876
RMAX,9.8,10.4,10.44,9.78,705836.206691,9.9113
VIVK,1.71,1.85,1.85,1.6,108195.544919,1.7069
SRTY,25.89,25.99,26.085,25.42,2230343.485093,25.7177
CEG,299.69,315.3,317.74,288.83,6274249.677616,298.8863
NOW,91.49,91.04,94.75,90.47,21402857.082981,91.814
ASYS,22.68,22.04,22.948,20.2859,626074.493985,22.0377
RZLT,3.17,3.27,3.345,3.15,1322726.306382,3.1978
AMST,0.82,0.86,0.8823,0.7958,185712.298951,0.8433
REPL,3.74,4.0,4.2299,3.62,7633642.564057,3.8938
BHB,34.5,35.02,35.16,34.48,152765.1231,34.6978
SMBS,25.477,25.51,25.5114,25.47,1139338.771071,25.496
IDN,7.35,7.4,7.6092,7.3,381199.480853,7.3885
FSP,0.5251,0.5399,0.5599,0.525,184906.246649,0.5312
IDLV,35.3299,35.28,35.47,35.28,11583.859098,35.3275
GLD,434.65,434.182,436.04,432.21,5569059.910148,434.0617
UMAC,15.34,13.53,15.83,13.35,5297417.890975,15.0154
RNTX,1.15,1.22,1.23,1.14,617200.154254,1.178
RBLU,5.65,5.67,5.95,5.54,680154.651748,5.7637
FSLY,19.58,20.48,21.59,19.05,16209165.022399,19.645
NUTX,132.88,138.71,140.15,132.64,137360.065209,135.1421
YMAR,28.31,28.36,28.39,28.31,51667.3182,28.3475
PEX,22.2701,22.36,22.54,22.2701,16805.607016,22.4441
EMSF,40.4995,40.55,40.64,40.46,5257.3663,40.5258
JPO,13.58,13.65,13.74,13.55,63885.8672,13.6345
FOXF,17.4,17.51,17.87,17.01,871604.93219,17.5063
ERH,12.24,12.39,12.39,12.16,18750.4117,12.3129
UYG,78.12,78.35,78.695,77.79,16826.446123,78.1994
NINE,10.3,10.2,10.42,10.007,29118.060938,10.2829
PLUL,25.65,20.48,27.26,20.48,215721.838915,27.0709
IFLN,18.3,18.32,18.33,18.3,27132.134395,18.3153
HYBB,46.6502,46.67,46.72,46.65,19421.526118,46.6916
WTRE,25.5669,25.34,25.75,25.34,5779.9368,25.5619
ZVOL,8.43,8.53,8.53,8.43,31786.596879,8.4692
BUFS,24.37,24.4,24.44,24.36,22130.01,24.4062
HYMB,25.12,25.14,25.14,25.1013,329198.399139,25.1241
VEU,83.21,83.17,83.41,83.07,2061196.378414,83.2462
AMKR,76.69,77.38,78.6399,76.1723,3708632.925569,77.2541
ARQ,2.73,2.68,2.78,2.65,394412.376643,2.719
APIE,38.08,38.01,38.24,38.01,34328.468685,38.0991
DGS,65.39,65.7,65.88,65.39,36348.049833,65.6771
KVHI,11.0,10.19,11.03,9.98,220645.855647,10.7409
FTMH,11.7,11.78,11.78,11.695,173654.2656,11.7097
BTMWW,0.0318,0.0374,0.0375,0.0318,90327.559645,0.03476
IMRX,5.2,5.24,5.46,5.2,557973.225706,5.296
MAAY,7.3336,7.27,7.365599,7.23,7564.2294,7.4861
NUWE,1.04,1.07,1.08,1.0,51537.55961,1.0395
VIVO,3.22,3.03,3.42,2.9741,1348929.582408,3.2625
BLDP,4.17,4.062,4.235,4.03,8418586.16426,4.171
OOSP,10.145,10.13,10.18,10.12,2604.6072,10.1425
IJS,128.47,130.14,130.36,128.4,153683.007317,128.9823
OPRA,18.25,18.41,18.83,18.092,414246.446079,18.3021
CVE,29.13,29.0,29.215,28.62,6146638.173606,29.0129
IBUF,30.635,30.49,30.66,30.49,9641.31,30.6148
POM,0.1481,0.0713,0.244,0.0713,335889344.894513,0.1748
SCO,6.41,6.67,6.715,6.35,57570527.247561,6.5088
SVXY,50.94,51.24,51.45,50.82,1053679.895732,51.118
NTNX,45.16,45.74,46.26,44.7101,3339208.328631,45.2624
VRAI,27.759,27.75,27.759,27.75,423.7611,27.7534
ABTS,0.9248,1.06,1.11,0.8151,214450.784472,0.9659
FTMN,8.83,8.84,8.855,8.825,74229.902126,8.8435
PAGP,23.51,23.95,23.95,22.94,1483890.990816,23.4062
PLD,144.07,144.31,145.34,143.68,2685839.067533,144.2549
OSBC,20.88,21.32,21.42,20.72,510610.860179,20.9039
XRPN,10.43,10.45,10.45,10.42,157150.086723,10.4368
DUSA,55.86,56.125,56.22,55.69,68329.337247,55.8486
STSM,23.3783,23.17,23.93,23.17,9766.0,23.5131
EES,63.39,63.96,64.515,63.39,16767.732056,63.7702
VRDN,17.2,17.0,17.84,16.74,3205722.286388,17.2003
AGNC,10.8,10.83,10.9,10.785,11415546.409969,10.8406
LMNR,13.02,12.9,13.22,12.87,137447.007165,13.0299
EVV,9.4,9.49,9.5,9.39,334117.557631,9.4509
ITDD,38.04,37.99,38.09,37.9801,30125.148305,38.0545
HRMY,30.18,30.9,31.53,30.15,796423.768947,30.4669
SMR,13.29,12.285,13.63,11.815,48204152.708887,13.0595
WEBS,20.22,19.66,20.2899,19.4,64130.4115,19.7998
HRTS,33.2186,33.49,33.49,33.12,3070.873313,33.2633
LBO,25.6612,26.12,26.12,25.62,2207.966,25.7475
SMHB,3.935,4.0,4.0,3.92,30681.097047,3.9708
TLTX,23.12,23.27,23.27,23.1001,35003.594595,23.1597
DAVA,3.94,4.05,4.1109,3.92,735615.74671,4.0069
SNBR,2.45,2.79,2.79,2.35,1366256.201943,2.4818
FMB,51.185,51.2,51.2699,51.17,112178.74025,51.1941
SPYM,87.02,86.7,87.195,86.68,6539180.43347,87.0094
GNR,75.41,74.6,75.56,74.6,242924.3817,75.3589
STTK,7.02,6.88,7.29,6.6501,452707.267545,7.064
XHG,1.01,1.05,1.05,1.01,5568.0625,1.0232
NBIS,186.1,179.9,196.456,178.55,14061617.312853,189.4206
QHY,46.018,46.04,46.15,45.97,7356.27,46.0629
BIL,91.48,91.48,91.48,91.47,6150378.659838,91.4761
ESLT,794.95,774.09,804.205,774.09,146071.760305,791.285
JCHI,56.619,56.65,56.725,56.619,2329.697681,56.6878
EVIM,53.0,53.06,53.06,52.975,240477.4602,53.0186
FIAT,19.54,21.12,21.62,19.49,136583.465081,20.2818
KIE,56.18,56.44,56.67,56.045,1642958.18753,56.2821
BRBR,9.4,10.27,10.365,9.265,5246194.816543,9.6535
DDM,59.54,59.22,59.68,59.05,184058.369489,59.3978
CHOW,0.4222,0.425,0.43,0.4193,140846.709827,0.4266
PLG,1.84,1.76,1.87,1.76,1943897.247076,1.8302
IAF,13.05,12.98,13.13,12.98,14201.910622,13.0491
ONDS,9.42,8.92,9.65,8.72,44661860.332807,9.2855
AVSF,46.62,46.69,46.69,46.62,62800.544768,46.636
ONC,310.75,317.2,317.999,309.15,346710.901145,312.575
IWP,137.77,137.0,138.165,136.9,825041.935072,137.6883
HCOW,23.6779,24.19,24.19,23.6779,5059.792,23.7849
JEMA,62.4341,62.4,62.62,62.25,25151.298201,62.4658
NXST,202.79,204.72,211.11,201.64,375268.160457,203.7684
MU,795.33,792.98,818.67,768.0,70972938.043087,792.1947
FGDL,62.96,62.99,63.2,62.76,22529.241694,63.0024
CHY,13.04,12.92,13.1,12.9,271613.607421,13.0289
SLSR,10.43,10.27,10.77,10.24,123742.015294,10.5094
AZTR,0.231,0.23,0.2383,0.2286,337462.880426,0.2327
CVSB,50.675,50.65,50.69,50.65,8565.0426,50.626
IDEF,33.32,32.83,33.5,32.6219,537869.440842,33.3378
SATG,19.3038,19.0,20.14,18.56,367977.079855,19.355
SPYT,17.72,17.67,17.73,17.67,118456.12646,17.699
BKTI,96.21,104.55,104.55,94.89,55656.169466,97.9481
SEIV,45.75,45.9,46.13,45.69,54337.9258,45.7974
IGR,4.82,4.83,4.84,4.78,385744.351868,4.8062
SIRI,26.785,27.0,27.48,26.7,3820636.335406,26.9541
FEMS,48.47,48.77,48.77,48.28,51507.36512,48.521
IMTM,53.02,52.73,53.06,52.73,540845.535824,52.9822
MRT,2.05,2.05,2.08,2.05,16570.070524,2.0629
SNOY,7.27,7.21,7.4,7.17,51395.319743,7.2804
BMNU,2.25,2.05,2.31,2.04,161487827.556836,2.1784
ARDT,9.95,9.66,10.35,9.51,400708.966687,10.0176
UDN,18.41,18.4,18.42,18.39,196735.381385,18.4101
OMDA,14.69,14.9,15.1938,14.35,1442831.737113,14.6371
REBN,2.35,2.54,2.5501,2.1401,97600.008,2.3335
ICF,68.01,67.81,68.39,67.75,88887.417617,68.0386
SPXT,107.63,107.9,107.9722,107.61,7251.996103,107.8936
STXL,40.05,36.0,40.63,35.99,584789.209802,38.9077
ETHU,27.02,26.73,27.1399,26.16,4094520.358754,26.8265
UAMY,10.65,10.695,10.89,10.04,12629690.253253,10.4946
EAGG,47.38,47.45,47.4589,47.375,184545.516402,47.4169
NWGL,0.911,0.9001,0.911,0.846,10907.0,0.8964
GTBP,0.3429,0.38,0.388799,0.3422,622909.489681,0.3611
SPYX,60.45,60.31,60.595,60.27,1607673.107047,60.4991
JD,30.53,30.44,30.845,30.35,11216136.049396,30.6028
TDTF,24.265,24.27,24.2797,24.25,197451.915199,24.2625
FNGR,0.8435,0.819,0.85,0.7677,515448.191838,0.8054
HYS,93.44,93.48,93.6799,93.4,88941.804843,93.5135
IBLC,53.665,51.34,54.84,50.5754,40070.318581,52.5923
DHX,3.82,3.55,3.9899,3.54,1066887.946969,3.7954
DFIS,36.57,36.49,36.78,36.49,424362.368913,36.6247
JXI,86.0,85.76,86.13,85.72,14402.227244,85.9723
CUT,27.7608,28.25,28.25,27.69,4358.7733,27.8933
LIEN,9.05,9.01,9.19,8.92,45391.458567,9.0518
AMAL,41.18,42.05,42.07,40.98,155044.114377,41.2907
JIRE,80.62,80.64,80.8,80.475,829891.679814,80.6478
EP,2.75,2.65,2.75,2.61,34401.183704,2.6945
IMAY,31.468,31.52,31.52,31.42,20689.0,31.4765
ALC,62.02,62.71,63.155,61.835,3167486.370202,62.356
PGY,14.54,14.86,15.0989,14.465,3753083.349708,14.7587
CDEI,88.0898,88.05,88.48,88.02,767.0,88.3078
HYLN,2.76,2.47,2.79,2.46,2440852.924899,2.6668
VTIX,4.08,4.05,4.2862,4.03,112585.597495,4.1243
KRKR,3.8,3.71,4.3199,3.6,70015.0,3.9843
MEAR,50.28,50.2,50.305,50.2,84347.613913,50.2874
KURE,17.3807,17.5,17.5,17.3807,7767.34419,17.4546
CRDD,22.9744,22.99,23.089,22.9,1417.561687,22.9911
GXC,97.64,98.38,98.9508,97.64,31168.21934,98.4153
QQA,56.82,56.77,56.9,56.6001,85041.618822,56.7785
XCH,0.832099,0.9,0.9,0.750601,29169.0,0.8259
RAYA,3.49,3.9,3.9599,3.4601,38480.144543,3.619
ILOW,44.98,45.06,45.1386,44.95,36824.7996,44.9984
ETHO,74.21,74.86,74.86,74.15,6473.404565,74.3841
ICHR,76.95,76.01,78.0,73.75,1083266.139675,76.353
MFUS,63.64,63.69,63.73,63.52,60667.1956,63.5704
XHLD,1.2801,1.33,1.335,1.1801,47749.161233,1.2559
SGML,20.3,21.89,21.9,20.15,4907471.743136,20.6453
TMP,83.76,85.87,85.99,83.48,32783.408394,84.0165
SYNX,1.17,1.17,1.21,1.1699,159755.7583,1.1981
MLGO,4.12,4.12,4.37,4.08,76375.904423,4.1948
OCCI,3.61,3.43,3.62,3.41,388265.207603,3.5287
NKSH,35.97,37.14,37.42,35.04,71117.995355,36.0727
WTAI,41.4,40.82,41.495,40.695,191941.163006,41.1475
CARY,20.8354,20.8,20.849,20.8,233024.226795,20.8363
SKWD,45.84,46.29,46.68,45.45,442268.646428,45.8367
VGHY,74.78,74.82,75.0,74.77,52737.795123,74.8741
FMC,13.11,13.585,13.81,12.9701,3345908.764809,13.1481
ARKX,34.9,34.15,35.27,34.05,1557317.200819,34.7767
EWT,97.15,96.39,97.265,95.99,5478874.152668,96.8683
QTUM,147.82,145.6,147.97,145.45,735596.520453,147.088
GOEX,89.6,87.23,90.36,87.23,18311.869375,89.3037
IVV,742.75,739.92,744.22,739.91,5321949.702568,742.5471
DBEU,50.84,50.83,50.86,50.6525,74419.02481,50.6944
KOD,39.85,42.76,45.24,39.14,1261870.311916,41.3391
RICK,24.31,25.15,25.15,24.15,91679.127087,24.444
YCL,18.65,18.69,18.69,18.63,27882.860139,18.662
RGC,27.33,29.29,29.29,27.33,109564.025977,27.9977
BLOK,65.16,64.08,65.9799,63.25,226646.238931,65.1109
FEBO,1.08,1.2,1.2,1.07,6873.0,1.1001
HCKT,10.37,10.63,10.69,10.2,786088.582839,10.4479
SPDW,50.41,50.38,50.5299,50.315,4500437.196296,50.3934
GEVX,75.34,70.36,77.291,69.54,158653.690922,74.7242
HIMS,29.14,29.09,30.385,28.55,61192950.457754,28.7478
XYF,4.9,4.99,5.0,4.83,114503.100915,4.8981
FCAL,49.4429,49.38,49.4899,49.36,9152.2323,49.4137
GLXY,31.68,29.77,32.28,29.1601,5452956.594913,31.2445
CORD,5.33,5.54,5.62,4.87,4403974.82147,5.1955
RETL,7.54,8.39,8.39,7.5,718680.258105,7.7119
CBTY,20.1688,20.09,20.18,20.09,15149.3607,20.1704
HYDW,46.7541,46.76,46.82,46.7541,2545.121723,46.8028
VIRC,6.1,6.04,6.14,5.97,27339.5163,6.0703
AIRG,7.05,7.17,7.183,6.775,205761.95403,7.0153
STOK,32.64,33.33,34.35,32.05,461073.909496,32.9764
NBSD,50.81,50.84,50.86,50.79,194575.78268,50.8165
ALTY,12.3746,12.38,12.385,12.37,8155.923125,12.3782
TOPS,1.965,2.23,2.23,1.94,224223.212275,2.0708
INGN,6.62,6.95,6.95,6.37,815610.009411,6.5369
CEFS,25.03,24.88,25.175,24.76,109277.185961,25.048
NVDU,149.2,142.11,153.12,141.86,620725.445004,148.7582
DIV,19.17,19.36,19.39,19.1613,186317.569084,19.2363
GLND,2.93,3.06,3.06,2.86,1318659.711861,2.9512
TSSI,12.2,12.42,12.57,11.54,2724048.146932,12.0729
OPCH,19.83,20.65,20.98,19.795,4827559.450503,20.0626
VTES,101.08,101.09,101.12,101.075,128110.832664,101.1032
INMU,24.11,24.14,24.14,24.1,67904.3912,24.1105
SCIO,20.7,20.75,20.75,20.67,135620.5415,20.7044
PSTV,6.04,6.07,6.24,5.9,136279.397906,6.0671
MLSS,0.4002,0.4366,0.4366,0.3974,821180.875121,0.4086
CLWT,1.205,1.16,1.25,1.15,1913.5777,1.2057
AIUP,27.2255,27.31,27.44,27.2255,3144.382,27.3562
SEPZ,45.0189,44.81,45.16,44.81,3094.6803,45.0251
OTH,2.5176,2.45,2.56,2.3,56490.982,2.4648
WTBA,23.44,24.09,24.09,23.39,27974.0166,23.5555
ECH,41.2,41.53,41.99,41.09,353300.264663,41.3633
AIRS,4.35,3.92,4.565,3.8906,3020194.974612,4.3377
PROF,7.25,6.91,7.5296,6.8573,146166.643103,7.197
MFDX,42.275,42.33,42.41,42.24,11042.393866,42.3214
VFL,10.2812,10.23,10.34,10.23,24648.5078,10.2471
YALL,44.19,44.07,44.2401,43.9,9933.687476,44.1072
CVMC,71.1028,71.14,71.3,71.03,3464.9983,71.1847
CLRB,3.06,2.93,3.165,2.93,317042.7917,3.0047
GDX,97.6,95.34,98.74,95.29,24402835.704872,97.3417
ENVX,7.18,6.63,7.45,6.53,11830520.593063,7.1761
CANF,3.36,3.39,3.51,3.32,38163.042876,3.4044
JPEM,66.4292,66.52,66.59,66.28,23442.074672,66.4296
NYAX,69.1,68.65,70.33,68.515,27522.226556,69.1099
TACK,31.08,30.88,31.11,30.88,196053.342863,31.0412
TRX,1.28,1.24,1.3427,1.24,4758523.729337,1.3008
PFFR,17.96,17.91,17.99,17.91,44474.9844,17.955
INTC,129.44,130.88,132.75,123.92,179486503.679021,128.2416
KE,25.81,26.68,26.68,25.71,141970.980346,25.9882
KINS,14.08,15.34,15.34,13.94,407222.247485,14.4592
BBOT,7.89,7.85,8.31,7.7,468105.601771,7.9211
FXE,108.68,108.75,108.7724,108.64,49667.935747,108.7061
DWLD,47.962,48.09,48.27,47.91,5784.766651,48.0155
GCOW,45.96,45.8,46.0499,45.8,217693.697881,45.9137
SRLN,40.61,40.6,40.65,40.58,1018375.915297,40.6141
BZ,14.31,14.0,14.45,14.0,2550558.424458,14.3175
BGRN,47.45,47.49,47.555,47.4001,29312.25481,47.4808
HAP,74.0694,73.27,74.22,73.21,21075.924355,74.0003
O,62.36,61.995,62.6,61.98,5683206.786205,62.2845
INVZ,0.8014,0.78,0.83,0.7553,3891636.771786,0.7992
TBT,35.8,35.5,35.835,35.4879,216877.168963,35.6937
TLSA,1.53,1.6,1.62,1.5103,113996.5,1.5576
AGNCN,25.77,25.71,25.78,25.71,11151.2292,25.7676
HACK,85.35,85.0,85.92,84.55,132799.713186,85.0802
NAK,2.18,2.15,2.27,2.15,9203350.795299,2.2157
FIS,42.36,43.14,43.51,41.635,10691339.458466,42.2724
BSV,78.05,78.12,78.13,78.05,2805279.328166,78.0819
DFEN,67.25,64.75,68.3,63.3201,261346.55551,66.6591
XTR,28.2,28.13,28.24,28.13,9190.442,28.197
XRP,16.56,16.35,16.65,16.25,1099980.038487,16.4652
FXB,130.93,130.99,131.26,130.91,20963.004517,131.1203
OSS,15.92,15.595,16.5,14.87,2140611.511586,15.6132
IXN,134.32,132.97,134.61,132.82,544949.706967,133.3753
CCOI,16.4,16.7,17.25,16.27,1072657.342593,16.6092
GII,76.53,76.17,76.6063,76.17,33317.06209,76.4683
FTDR,63.78,65.28,65.28,62.46,708345.898617,63.7041
RES,7.02,6.795,7.14,6.795,1965693.077491,7.0292
DBC,31.06,30.74,31.17,30.74,3213644.446056,30.8523
SRL,6.21,6.26,6.305,6.01,13040.352259,6.2177
ELMD,25.93,27.01,27.24,25.7,47850.516173,26.1283
BILI,22.08,21.92,22.41,21.92,2023998.86094,22.2171
MRDN,11.37,13.01,13.85,11.21,117226.527328,12.1821
HFXI,36.935,37.02,37.07,36.8501,110607.6735,36.9608
WOLF,50.31,49.0,53.98,48.26,9139193.137975,51.017
ASHS,47.0855,47.09,47.4,46.91,26312.842792,47.0628
SBC,3.16,3.17,3.26,3.1213,175287.6055,3.21
UTSL,45.64,45.2,46.03,44.71,98408.36854,45.393
TSLL,16.835,15.17,17.13,14.77,155128209.105173,15.9766
SPCI,39.02,37.0,39.77,36.65,32502.0123,38.0527
IVOV,108.28,109.36,109.36,108.28,7687.690743,108.7972
BBAX,62.735,62.71,62.9095,62.65,196354.8153,62.7727
WAR,31.94,31.49,32.1655,31.49,24276.129677,31.8543
AKRE,53.15,54.0,54.16,53.05,1038914.64669,53.3396
BRR,1.93,1.94,1.995,1.885,1722083.882238,1.9214
TSLZ,10.41,11.64,11.91,10.2,9028040.944581,10.8894
COWZ,63.25,63.51,63.84,63.105,933811.122795,63.3562
BKR,64.6,63.98,65.11,63.845,6702236.118459,64.5164
BEX,63.85,57.89,68.6,56.728,885827.010597,63.6005
DFCF,42.34,42.37,42.408,42.33,760663.6152,42.3627
TLN,383.44,389.24,389.24,376.62,632977.881579,382.1393
KHPI,26.03,25.95,26.05,25.92,121380.676574,26.0077
TEMT,18.8,19.67,19.67,18.32,316803.637424,19.2322
QLDY,47.3731,47.07,47.5,47.07,32629.938545,47.3322
FRT,115.42,116.21,116.54,115.08,665264.894676,115.4836
NVOH,25.2311,25.89,25.9,25.2311,2835.079754,25.6082
GXIG,24.94,24.94,24.9899,24.94,2710.5552,24.9502
GLXU,13.77,12.42,14.34,11.89,407728.208789,13.3543
ROUS,64.52,64.63,64.74,64.41,33483.17253,64.5006
HYLS,40.98,41.08,41.08,40.98,129085.6346,41.0438
THD,70.98,71.14,71.3145,70.98,31129.675143,71.1437
SOXL,190.42,181.0,191.2899,178.94,50495958.850195,185.2823
RNXT,0.85,0.8618,0.91,0.83,224418.47,0.8565
MT,62.34,62.58,62.73,61.84,1388505.120963,62.2296
DBA,28.33,28.21,28.385,28.18,1520252.661064,28.2949
AUSF,48.18,48.5,48.5,48.0901,118711.045703,48.2679
UMC,15.59,15.65,15.9,15.39,13858566.434705,15.5854
BSCU,16.735,16.75,16.7571,16.73,442449.617399,16.7433
RSPH,30.16,30.63,30.69,30.12,118822.531629,30.3798
OLLI,75.73,80.85,81.17,74.9201,1953848.974821,76.2201
PMN,10.68,9.85,11.1399,9.83,61892.7562,10.6949
EPRX,7.42,7.39,7.595,7.39,53496.9398,7.4937
ACNT,13.53,13.69,13.885,13.47,89013.434823,13.5633
FULT,21.1,21.53,21.58,20.915,1896113.209673,21.1015
BSY,32.64,32.5,32.78,31.9201,3651847.445873,32.5134
DIVI,42.9,42.89,42.94,42.7652,168191.816675,42.8597
PSNL,5.78,5.94,6.04,5.74,1614413.868596,5.8478
RVMD,144.15,142.56,145.52,141.575,1640884.652754,143.6471
VNLA,48.95,48.96,48.97,48.95,286029.8532,48.9577
LWLG,16.86,16.19,17.4498,14.9,9241678.284246,16.5272
XNTK,342.71,341.65,343.43,339.24,42893.130318,341.9712
PBW,41.95,40.245,42.69,40.18,1525832.603754,41.9293
PLYY,10.6128,10.57,10.62,10.44,7396.5062,10.541
KEEL,4.3,3.58,4.5,3.56,61837762.623957,4.1595
GPIQ,57.75,57.545,57.81,57.44,1622307.267911,57.6879
CHR,1.65,1.75,1.7599,1.62,31386.882233,1.6633
XOP,168.66,167.7,169.28,166.83,2683284.676633,168.2964
VXX,28.47,28.05,28.54,27.83,8584847.181876,28.1971
MDYG,107.74,107.68,107.9,107.4144,52275.823063,107.6455
AGEN,3.26,3.61,3.67,3.2,2016183.053355,3.3489
YOLO,3.08,3.13,3.2199,3.05,44648.597432,3.1141
RECT,1.27,1.35,1.3699,1.23,29324.3006,1.3089
BUDA,9.94,9.2,10.0999,9.2,5705.994,9.8261
SLNO,52.94,52.96,52.97,52.925,1484436.963492,52.9412
TBRG,25.89,26.36,26.51,25.8001,316542.242883,25.8564
VZ,47.23,47.5,47.99,46.97,18560051.082987,47.3014
DGRE,39.94,39.97,40.05,39.74,5192.8201,39.9055
ARXS,38.56,35.4,38.65,34.65,2242212.906093,37.2497
HLIT,12.83,13.02,13.0901,12.7105,3100839.240017,13.0958
JEPI,55.85,55.93,56.04,55.74,7700567.678146,55.8548
PHGE,0.676,0.62,0.739899,0.59745,465154.07423,0.6614
IGLD,24.865,24.82,24.945,24.77,216890.568718,24.8505
AFSC,35.8453,36.32,36.33,35.8453,1085.9804,36.2582
CGABL,17.11,17.15,17.15,17.01,10466.432,17.0517
ASAN,6.34,6.84,6.98,6.07,7933933.791781,6.3522
VNO,31.04,32.07,32.22,30.97,2177287.209803,31.1904
IVT,31.31,31.11,31.54,31.1,333632.236634,31.311
IJR,137.35,138.69,139.05,137.21,2455760.09322,137.8148
WAY,19.9,21.185,21.2382,19.729,2120864.208525,20.0183
NVTS,22.65,18.13,23.82,18.13,70915094.675434,22.0727
AAA,24.9,24.92,24.95,24.67,14105.3609,24.8252
PCGpB,20.2,20.45,20.45,20.2,685.2287,20.2245
THM,2.83,2.65,2.88,2.615,2085701.55889,2.7846
GWH,0.8144,0.8199,0.9,0.7906,1572351.99994,0.841
DLXY,0.54,0.5389,0.5934,0.53,297718.369481,0.5463
KOCT,36.365,36.28,36.44,36.28,6549.182,36.412
FINW,13.37,13.39,13.875,13.27,16523.8224,13.4554
PNTG,34.13,36.01,36.445,34.07,434645.367634,34.7572
NUCLW,1.71,1.82,1.82,1.71,306493.0,1.7473
USCI,101.04,100.5,101.21,100.26,16891.626089,100.921
IHAK,51.73,51.94,52.19,51.43,145704.034503,51.7788
SMMT,18.66,18.21,19.415,18.15,4233583.633996,18.7914
BBLU,16.21,16.23,16.27,16.21,113758.4278,16.2372
VEGI,46.07,45.46,46.07,45.345,34997.232732,45.774
FSCS,35.7312,35.95,36.0,35.7312,3431.0,35.9549
CDZIP,20.26,20.85,20.85,20.25,7866.0,20.6259
DUK,124.9,124.53,125.36,124.38,2256386.84802,124.8729
ABM,39.39,40.24,40.37,39.18,370138.030478,39.4491
TGE,1.01,0.97,1.01,0.9354,50540.0,0.9792
KRT,27.01,28.09,28.25,26.765,127395.78636,27.1927
JPEF,79.81,79.6,79.95,79.36,83355.207659,79.8183
AKR,21.79,21.8,21.955,21.655,702818.92484,21.7803
CRH,112.57,113.75,114.44,112.05,2950462.927096,112.8265
BELFB,302.73,300.38,308.27,295.9,139027.710301,303.9432
SHC,15.43,15.77,15.85,15.42,3025817.50856,15.4752
DYN,18.46,17.56,18.66,17.52,1182037.444287,18.2946
REIT,29.8419,29.86,30.01,29.77,16788.529465,29.9196
FONR,18.84,18.855,18.855,18.82,30842.9705,18.8418
SRET,22.65,22.82,22.82,22.61,42446.561447,22.6337
NEU,686.25,690.39,690.39,677.4625,50984.719908,685.3644
HMC,23.98,24.02,24.1,23.95,1868660.681517,24.0134
AON,312.07,312.42,314.85,309.865,1166105.585563,312.1491
UNF,252.35,252.24,255.3,251.29,147850.806827,252.7265
OZK,47.56,48.68,48.88,47.06,1269878.662805,47.6186
LCUT,6.5,6.49,7.2,6.21,268451.577751,6.6055
LAZ,45.98,47.53,47.645,45.845,889313.587729,46.3454
TBBK,55.11,56.52,56.945,54.87,614745.899948,55.5598
EPR,58.76,58.51,58.76,57.69,963193.61822,58.5781
GNLpE,23.16,23.16,23.2,23.11,3948.0,23.147
NMIH,37.48,38.73,38.845,37.39,509513.121268,37.6327
FBY,9.92,10.07,10.07,9.92,236269.733209,9.9752
UBXG,0.3018,0.3904,0.3904,0.3006,476729.402509,0.3309
HEQT,33.18,33.46,33.46,33.18,25586.999401,33.2124
MBWM,51.2,52.07,52.25,50.96,125868.712216,51.2374
VNDA,6.27,6.23,6.49,6.23,1297724.526396,6.3256
AVR,6.51,6.65,6.7548,6.435,821097.788703,6.5749
LEA,137.38,140.0,140.52,137.26,395582.436467,137.9639
MEC,27.26,27.94,28.145,26.33,352289.923609,27.1199
ATLCL,25.01,25.05,25.05,25.01,1782.043,25.0244
BCO,105.2,106.95,107.155,104.52,328742.24419,105.1712
GIL,57.68,59.18,59.61,57.57,819165.869129,58.0043
BORR,6.16,5.95,6.185,5.875,6017410.408266,6.0702
AB,38.42,39.13,39.21,38.2,453706.882063,38.4656
ACEI,24.475,24.64,24.64,24.43,11275.5752,24.5192
SAN,12.13,12.26,12.26,12.1,5945176.86308,12.1655
CMRC,2.85,3.06,3.22,2.755,2089159.819702,2.8905
PSApL,18.28,18.3,18.35,18.28,25019.8195,18.3172
ZTO,25.01,25.02,25.27,24.965,1295713.604442,25.0605
NTR,71.29,68.96,71.89,68.86,3791775.072064,71.029
SNES,1.73,1.68,1.73,1.57,211024.873313,1.6225
ENVA,168.9,174.46,174.79,168.46,240572.524384,169.8588
ORCS,24.93,25.21,25.3,24.725,35712.9016,24.9793
AIO,25.97,25.66,26.0424,25.66,82553.202373,25.9016
USA,5.75,5.8,5.8,5.75,1143769.028347,5.7841
VOYA,80.13,81.81,82.34,79.855,1227887.13831,80.3841
PACK,6.32,6.52,6.53,6.2801,668581.137314,6.4029
HTT,2.23,2.23,2.29,2.2,58934.051587,2.2302
BRO,55.35,56.01,56.74,55.2,5414938.546683,55.8632
XSLV,49.401,49.96,49.96,49.38,3464.76162,49.5517
ARRpC,21.0099,21.05,21.05,20.97,11749.3755,20.9961
NBCM,30.2747,30.0536,30.36,30.0536,13869.662935,30.2655
CPRI,17.64,18.44,18.5,17.47,2939038.355472,17.6837
LYB,73.53,73.1,73.765,71.92,5113293.582055,73.2371
FEAT,20.1758,20.24,20.375,19.83,22811.505588,20.0759
SVAC,10.52,10.48,10.5799,10.47,195852.571128,10.4949
ONT,15.92,15.95,16.62,15.18,1072345.754583,15.7511
CELC,125.64,131.255,132.7,124.555,946692.38246,127.1511
LTM,49.68,50.61,50.91,49.0607,1005920.676948,49.8716
LEGN,25.58,28.01,28.585,25.17,3048693.912444,26.4277
UHT,40.35,40.61,41.085,40.15,44798.161183,40.3773
GLOPpA,25.76,25.88,25.88,25.63,1461.812,25.8154
CHH,104.23,105.5,106.095,103.93,597922.842049,104.9305
XBCI,49.07,48.17,49.32,47.87,119899.440946,48.5583
LGO,1.15,1.14,1.19,1.13,1328111.815397,1.1611
NEEpW,25.18,25.27,25.31,25.15,49209.0,25.1984
BLUW,10.26,10.29,10.3,10.26,7135.0,10.2691
ENGS,1.49,1.24,1.6,1.239,341492.806681,1.4536
RFL,1.34,1.3,1.37,1.29,52846.892443,1.3288
NUS,6.63,7.06,7.1,6.63,954877.28842,6.7301
DIS,104.72,108.0,108.39,104.38,10562317.861558,105.4028
MYCM,24.7046,24.75,24.75,24.7046,1129.0,24.7231
GTN,4.38,4.35,4.54,4.27,2106577.94897,4.395
EDBL,0.3433,0.3739,0.3739,0.2962,675422.973383,0.3318
AQST,4.34,4.3,4.435,4.25,1387465.417082,4.3491
STKS,2.04,2.02,2.14,1.935,85831.076962,2.0449
VLT,10.49,10.55,10.57,10.49,21223.758698,10.5403
FHB,26.76,27.34,27.61,26.68,1805327.74418,26.8439
VIK,80.91,81.5,82.26,80.37,3113459.476968,80.9919
PINS,20.76,20.95,21.35,20.48,16123205.686979,20.7669
MODL,49.7787,49.75,49.94,49.75,50399.7609,49.8775
PUK,31.32,31.28,31.46,31.235,465067.979704,31.346
BCTX,4.16,4.22,4.31,4.13,96077.507007,4.2257
AGGH,20.34,20.49,20.49,20.33,122166.835084,20.3619
LICN,8.02,6.64,8.4,6.64,66086.75614,7.5074
ILMN,142.51,140.67,145.21,139.0,2063652.894839,142.5722
NCZpA,20.15,20.14,20.19,20.11,7180.8325,20.1531
JBGS,15.28,15.53,15.53,15.25,464308.399214,15.36
LIXT,5.15,5.22,5.47,4.9399,96109.79333,5.0786
XRN,33.54,34.22,34.49,32.97,656684.045987,33.5702
PATK,95.0,96.16,97.49,93.52,593328.694453,95.0233
FTQI,21.55,21.53,21.56,21.477,185177.089976,21.5286
VAW,236.42,234.26,237.1682,234.26,56834.298461,236.2011
TFCpR,18.5899,18.59,18.6,18.5001,57158.72229,18.5655
BMI,116.67,118.72,121.9,116.52,551912.440459,118.3373
ILIT,22.8363,22.14,23.27,22.14,247822.695665,22.4554
RHP,108.7,110.46,110.46,108.21,462270.881399,108.7763
AMWD,36.49,38.75,38.75,35.89,392846.594058,36.7704
ECL,251.1,255.82,257.37,250.13,1654141.852892,251.6849
SMPL,11.37,12.33,12.4,11.31,3876888.293379,11.4788
GWAV,3.755,3.92,3.92,3.735,5416.575669,3.7909
ACRE,4.86,5.12,5.12,4.855,598403.623988,4.9246
FMST,1.71,1.68,1.75,1.66,138768.57388,1.708
NYT,77.33,79.3,79.955,76.36,1974635.120514,77.5444
TDSpU,22.15,21.89,22.15,21.89,24439.5519,22.0493
VBIO,1.11,0.95,1.1996,0.92,326519.57485,1.0568
PN,4.96,5.75,5.9,4.96,232886.429399,5.3401
TCBX,37.13,38.44,38.44,37.1,91308.086909,37.3527
CNP,42.27,41.95,42.335,41.82,4749376.753799,42.1601
SUZ,8.74,8.91,8.94,8.74,2372339.772394,8.8199
GTY,33.0,33.16,33.26,32.98,457781.082398,33.0637
JRS,8.26,8.26,8.31,8.23,44504.0275,8.2693
FITBI,25.44,25.45,25.47,25.42,27946.7549,25.4489
CLAR,2.87,3.04,3.055,2.86,268382.177642,2.9143
GLBS,2.09,2.14,2.23,2.05,101362.2962,2.13
PRMB,23.62,23.11,23.71,22.71,5955507.160256,23.4273
PSApR,15.78,15.78,15.78,15.68,30894.896,15.7403
MEGI,15.16,15.22,15.3799,15.15,156654.527766,15.2227
FNY,103.5583,103.8,104.15,103.35,24506.194024,103.76
EHTH,1.83,1.87,1.88,1.74,384893.297337,1.7994
DXC,8.88,9.23,9.55,8.68,8897464.328061,8.9623
SNCY,16.42,16.91,16.91,16.42,437223.226961,16.5356
NMAR,31.925,31.92,31.93,31.92,980.0,31.9207
MEME,10.25,9.59,10.41,9.52,370599.155247,10.0714
FWRG,11.68,12.04,12.04,11.5,884863.189924,11.6594
EDUC,1.47,1.49,1.49,1.395,48863.0301,1.4525
ORIC,8.99,8.85,9.225,8.76,1163734.512699,8.9842
MAT,14.99,15.32,15.39,14.9035,4115582.228937,15.0134
TDAY,7.3,7.66,7.66,7.295,1453389.791845,7.4024
KEYS,366.36,363.07,370.175,360.8,1489384.928593,367.3576
MNSB,22.85,23.59,23.73,22.85,34854.93952,23.1323
FTK,16.95,15.97,17.74,15.7349,395697.715692,17.0482
AERT,0.7144,0.65,0.7477,0.645174,262204.983281,0.6907
HLX,9.97,9.79,10.0,9.79,1185005.231742,9.9391
IEAGU,10.21,10.3,10.3,10.2,6880.0,10.2333
KQQQ,30.8902,30.77,31.02,30.685,64945.003101,30.8782
VERI,2.23,2.14,2.27,2.09,3355462.279653,2.2054
ST,45.29,45.05,45.63,45.05,1313355.785358,45.3303
WW,9.99,10.2,11.11,9.93,327655.27552,10.295
GPOR,180.22,180.9,183.04,178.57,375691.324434,180.0086
UL,57.24,57.72,57.77,57.02,3639508.561888,57.3196
ET,19.61,19.36,19.73,19.135,10314782.176993,19.43
JPLD,52.145,52.16,52.18,52.14,366486.172626,52.1613
NXDTpA,13.3,13.22,13.635,13.22,7676.7465,13.3825
NIU,3.0,3.12,3.155,3.0,276834.105597,3.0626
LXRX,2.31,2.01,2.47,2.0,13977932.208571,2.3282
EWA,29.59,29.64,29.71,29.53,2716725.294891,29.6227
GOCO,0.8992,0.92,0.9224,0.8501,64559.040778,0.8819
FRA,11.15,11.14,11.18,11.13,73634.11288,11.1581
SCHWpD,24.97,25.0,25.06,24.97,28010.7819,25.0262
INTS,5.0,5.1,5.2,5.0,21942.336942,5.0593
EIPI,22.26,22.1,22.325,22.0501,65114.931,22.2336
HSDT,2.23,2.25,2.25,2.12,281545.832093,2.2003
AIFC,0.9331,0.9633,1.0,0.8889,2013382.439162,0.9368
XRMI,17.317,17.2,17.35,17.2,7627.525044,17.2933
MYSE,1.84,1.79,1.89,1.75,192568.627202,1.8351
WFG,60.58,61.75,61.95,60.34,137757.513165,60.9953
AGNCM,24.9699,25.0,25.0,24.96,7373.7,24.9814
AYA,19.86,19.845,20.47,19.68,438138.611471,19.9571
HOFT,12.8,13.27,13.4222,12.69,47705.683089,12.9958
CSGS,80.35,80.32,80.37,80.1033,356135.8709,80.3204
VIGI,92.8,92.97,93.2793,92.67,201753.705184,92.9256
IRAB,9.91,10.05,10.05,9.91,221.0,9.9767
QDTY,42.2801,42.15,42.4099,42.0501,12956.54045,42.2484
VSNT,41.31,41.33,41.79,41.22,1325751.449854,41.408
PSApQ,15.52,15.52,15.56,15.49,11942.6336,15.5216
WHR,41.08,44.45,44.6538,40.74,7776683.868604,41.6029
NEWTP,24.45,24.42,24.5873,24.42,4065.7694,24.4834
PFG,100.19,100.79,101.5,100.0,1065647.74115,100.3811
NNY,8.555,8.5,8.6,8.5,54980.5207,8.5623
UGI,32.45,32.62,32.92,32.14,1965449.755922,32.4907
AXPG,11.6372,11.88,11.88,11.6372,1905.0,11.7642
ICLR,118.96,124.14,124.8,118.79,824482.333573,120.3736
RFM,14.6727,14.64,14.7057,14.5369,13791.2958,14.6305
MSDL,15.17,15.41,15.53,15.16,820257.639619,15.3531
SW,40.9,41.95,41.95,40.83,3746622.716597,41.1606
CXSE,41.59,41.51,41.7288,41.51,12971.391028,41.5988
TATT,35.84,35.38,36.115,34.75,210971.829931,35.5832
CHRS,1.95,1.89,2.105,1.8701,3713116.089001,1.9847
MC,63.85,64.04,64.58,63.24,813017.731867,63.8286
IMVT,29.06,28.94,30.16,28.635,1150859.199244,29.1938
TBBB,36.5,38.0,38.65,36.23,597975.525974,37.2332
FLR,43.69,43.055,44.68,42.62,3915144.924546,43.6121
SNT,2.63,2.69,2.71,2.63,12803.298407,2.6661
IIIN,27.0,26.97,27.25,26.73,194881.702512,27.0226
KARO,48.64,50.0,52.0,48.13,117075.142019,48.9162
EGP,203.98,205.54,206.24,203.3701,330082.288806,204.229
VIRT,51.54,51.12,52.15,50.62,1479088.628587,51.5532
IONX,69.02,49.99,72.43,49.8,4567852.199485,64.7284
MIND,7.18,6.9,7.399,6.88,200800.500363,7.2052
CXH,8.37,8.36,8.38,8.35,106047.5528,8.3616
VRT,367.92,342.013,371.995,342.013,7279183.156075,363.8096
BSOL,13.26,12.85,13.27,12.73,5250568.033471,13.0699
ALLpH,20.79,20.85,20.9099,20.77,40713.9989,20.8155
PEG,77.68,77.31,77.92,77.14,4238702.31375,77.5764
STEW,17.61,17.65,17.65,17.59,56974.7362,17.6317
WSHP,7.31,7.41,7.7133,7.31,86982.812806,7.4881
DJIA,21.65,21.6,21.6957,21.57,83397.892243,21.6417
GUG,15.88,15.8,16.0,15.8,72995.6636,15.9291
YETI,40.92,41.31,41.85,40.1,1661662.975128,40.8533
DTSS,0.85001,0.9212,0.9383,0.85,72753.388589,0.8762
BCI,25.49,25.28,25.53,25.25,596169.458232,25.416
ETOR,38.75,38.19,39.645,37.5555,2474227.662834,38.9032
UFG,0.78,0.8,0.81,0.78,57617.945293,0.7972
ARAY,0.3428,0.3575,0.3838,0.34,1238454.189823,0.3537
MCBS,31.76,32.69,33.06,31.7,62220.474887,31.8934
CLBK,19.44,19.5,19.65,19.4,460316.893489,19.476
PCM,5.825,5.83,5.9399,5.77,24217.970213,5.8358
UPS,100.0,100.72,100.865,99.79,5327993.636913,100.2804
MOBX,2.24,1.94,2.34,1.94,1184268.208622,2.2014
BN,46.34,46.84,47.19,46.155,6688370.305309,46.5222
GP,1.1,1.11,1.18,1.0548,345643.669758,1.1188
BPRE,16.32,16.59,16.73,16.25,458008.502689,16.4191
SJT,4.43,4.14,4.49,4.14,277748.28381,4.3649
MFApB,20.995,20.93,21.01,20.85,6603.0765,20.9463
FEIM,64.11,61.46,64.99,61.44,193101.556609,63.6649
HIO,3.63,3.7,3.7,3.63,440493.8502,3.6531
FCEF,23.9149,23.93,23.985,23.8401,37495.7289,23.9253
SHMD,5.99,6.13,6.44,5.75,1400566.474019,6.0236
MIR,18.47,18.81,19.195,18.385,4301562.683777,18.6882
NWN,50.46,50.83,51.29,50.33,316816.894148,50.6884
CRNX,36.55,37.48,38.01,35.595,1927289.191045,36.5368
HTAB,19.16,19.14,19.16,19.11,51557.16868,19.1304
NTLA,14.42,14.06,15.5499,13.97,7237854.313052,14.7625
NCLO,24.95,24.76,25.0,24.76,20187.663419,24.984
CNS,72.15,71.99,72.36,70.83,391558.95466,71.7636
VHCP,9.93,9.93,9.935,9.93,110338.0,9.93
RQI,13.42,13.46,13.55,13.4,277440.088657,13.4713
FIGG,19.87,20.55,22.1499,18.955,175771.176425,20.547
THEQ,29.5781,29.55,29.67,29.55,1110.2806,29.6127
GIS,33.8,34.74,34.9,33.37,13603537.056234,33.7984
WNC,7.21,7.41,7.45,7.025,736170.369622,7.2276
EPSN,5.98,5.87,5.98,5.79,127657.460238,5.9396
BLLN,105.94,92.7119,107.0,91.61,1098288.194774,101.4558
ASG,5.26,5.25,5.305,5.25,261892.58375,5.2776
AQMS,4.91,4.85,5.21,4.8,31719.927209,4.9289
PH,874.36,871.18,880.25,862.69,687157.51604,874.127
AIXC,1.5,1.37,1.5199,1.335,89261.478018,1.4643
IBDV,21.82,21.84,21.86,21.82,454179.6962,21.8421
OPEG,5.2411,5.23,5.43,5.0,31009.673456,5.2919
FLNG,32.71,32.77,32.95,32.27,423742.84583,32.6562
AIPI,36.67,36.68,36.75,36.6356,121828.558636,36.6918
SUPN,49.37,51.04,51.745,49.13,853179.062502,49.8847
EQPT,23.27,21.8,23.51,21.715,2419162.028664,23.0781
PPT,3.5,3.51,3.53,3.5,71191.229198,3.5153
ARKO,6.79,6.94,7.07,6.6293,947392.054334,6.7552
LIDR,2.13,2.0,2.145,1.95,1667443.00273,2.0699
CGUS,43.23,42.95,43.37,42.95,972851.124911,43.2442
AGX,683.52,681.63,690.09,670.0,381328.930367,683.3206
PSApS,16.1499,16.16,16.2,16.1,13789.7073,16.1462
ACI,15.92,16.06,16.08,15.8,4300646.4958,15.8918
AIZ,244.14,240.0,244.415,239.07,481741.757828,242.1537
BACpM,22.07,22.11,22.13,22.03,36373.0088,22.0813
SUUN,0.6504,0.67,0.7095,0.6421,475813.020068,0.6832
NVG,12.74,12.73,12.7481,12.7,389312.43416,12.7264
ASPS,6.63,6.73,7.0,6.63,13940.341089,6.7922
FTSL,45.22,45.22,45.25,45.2,250234.418442,45.2195
KNF,85.68,90.05,90.34,85.58,510475.371319,86.5179
IKT,2.03,2.07,2.1299,2.015,506885.449229,2.0799
TNON,0.79,0.76,0.794,0.76,100775.901466,0.7755
PI,153.74,152.53,157.49,152.21,407655.450486,154.5584
SITC,5.61,5.55,5.655,5.52,481685.475874,5.5877
COLM,59.24,62.87,62.965,59.07,491413.700254,59.6286
HEI.A,217.53,220.35,222.0,214.81,399756.383652,217.8564
JEF,52.43,52.72,53.19,52.275,1979389.535796,52.664
OPY,94.87,95.03,96.14,93.8,56193.069313,94.967
FLXS,55.63,56.32,56.8,55.475,37257.14815,56.0959
VGAS,1.69,1.76,1.8288,1.676,27872.252541,1.7199
NREFpA,23.13,22.75,23.3999,22.75,2777.9472,23.1223
CEFZ,8.335,8.36,8.37,8.335,5223.2431,8.3547
SPWH,1.39,1.46,1.462,1.39,224464.819588,1.4081
MCI,16.75,17.03,17.19,16.75,107624.650469,16.9394
ALM,20.92,20.08,21.4,19.92,5778918.161741,20.7362
BNKU,30.12,30.99,31.04,29.92,18409.710466,30.3653
MSOS,5.06,5.0,5.15,4.88,5927842.422579,5.0365
HAL,40.26,40.16,40.52,39.695,7402366.52168,40.2237
ATHpD,16.78,16.8,16.81,16.75,23178.533,16.7782
TRMK,44.1,44.87,45.02,43.83,443156.43556,44.1311
TX,46.02,47.03,47.34,45.97,306377.135775,46.4801
OFG,44.71,46.18,46.18,44.66,204397.16269,44.8995
NMTC,4.33,4.74,4.74,4.33,11744.624849,4.5016
PVL,1.94,1.9,1.95,1.9,114422.73959,1.9326
CRK,15.07,14.22,15.19,14.22,4540779.338193,14.9515
APGE,84.6,83.99,88.28,83.33,983940.888788,85.145
GOVX,1.48,1.66,1.79,1.45,404441.258609,1.6135
RCAT,11.25,10.23,11.67,9.97,10199988.607307,11.146
ARIS,20.18,19.93,20.82,19.93,1147811.800292,20.2663
SMBK,41.22,42.49,42.49,40.985,66506.308008,41.4423
RNGR,15.99,15.9,16.195,15.74,249967.373816,16.0112
PSApP,15.89,15.82,15.92,15.7501,50210.408,15.8288
PSApH,22.615,22.64,22.64,22.4997,14782.1474,22.6056
AJG,198.57,197.95,200.34,195.14,1809562.725412,198.5785
ACRpC,25.11,25.06,25.1332,25.06,5142.1947,25.1066
CBAN,19.54,19.83,19.845,19.4,179248.304217,19.5594
FRST,14.13,14.45,14.545,14.11,181704.814352,14.1962
MRKR,1.45,1.47,1.5,1.43,64262.665473,1.4696
NWS,31.17,31.04,31.92,30.37,2361048.906896,31.0168
BITO,11.2,11.085,11.24,10.9801,148524363.541595,11.1362
PLBY,1.73,1.86,1.88,1.691,1511461.991847,1.7503
FWRD,10.46,10.05,10.6,9.52,3657916.733129,10.1905
COFpL,16.73,16.79,16.81,16.7011,38493.392,16.753
SDEM,32.901,33.05,33.05,32.805,3368.3976,32.8758
MOG.A,312.97,314.3,316.8099,310.98,224971.232222,313.5316
AII,19.79,19.73,20.19,19.53,83301.582554,19.8735
SVV,7.54,7.98,8.055,7.31,1541653.546385,7.4985
RMIX,16.38,16.75,17.5927,15.94,152090.4216,16.3277
RPID,2.58,2.65,2.66,2.53,79353.35303,2.5727
GOVI,27.105,27.18,27.18,27.0901,132858.02837,27.1389
BBVA,21.94,22.29,22.29,21.9,1380454.239866,22.0393
ACOG,5.95,6.07,6.15,5.95,8688.803539,5.982
KOS,2.88,2.85,2.93,2.77,15955805.584427,2.8634
DRNZ,25.47,24.91,25.716,24.76,163963.580873,25.3533
OBDC,11.12,11.25,11.3,11.11,3994602.858741,11.1747
PSNY,21.46,21.09,21.5812,20.59,103931.845509,21.2818
SSS,21.14,20.99,21.14,20.99,307.0,21.3234
DMRA,24.36,24.26,25.305,23.795,250720.972745,24.3275
THC,191.68,190.3,192.04,187.34,962132.698997,190.5275
VYGR,4.12,4.04,4.27,4.04,449598.951381,4.1443
CDL,75.0969,75.49,75.5,75.01,12578.394168,75.2253
FCN,159.09,162.96,165.05,158.78,457238.802542,160.7216
CARL,9.66,9.63,9.785,9.52,78059.65589,9.642
MZYX.U,10.0,10.3,10.3,10.0,712.0,10.1543
DRS,41.49,41.43,42.3,41.35,819862.988182,41.6097
ALAR,7.78,8.08,8.28,7.7301,27384.076019,7.9258
AGIX,43.86,43.55,44.0999,43.36,824197.508208,43.7611
BCARW,1.59,1.62,1.62,1.56,211875.214965,1.5965
HPF,16.16,16.19,16.2499,16.13,42155.8437,16.1916
QRED.U,10.09,10.06,10.09,10.06,1101.0,10.0627
INKT,10.95,11.01,11.755,10.95,45401.977996,11.211
IIPRpA,24.0,23.93,24.105,23.85,105074.73256,23.9579
SES,1.01,0.905,1.06,0.9005,20289999.307271,1.016
FMTM,41.33,40.48,41.34,40.28,268209.77072,40.9915
MTX,80.32,79.84,81.14,78.99,299129.090029,80.2665
GFF,86.19,87.9,87.9,84.46,406147.671747,85.9954
GPIX,54.99,54.87,55.06,54.82,775658.601024,54.9824
SOJD,20.17,20.12,20.18,20.06,36364.746,20.1493
CPRT,33.27,33.78,33.9,33.125,5943066.074045,33.2889
GNRC,271.4,268.52,273.565,264.46,572888.601332,271.034
CCCC,3.17,2.95,3.2,2.95,2989154.294966,3.1381
CLH,293.45,291.88,295.26,289.87,445866.207567,292.7646
CIMO,25.32,25.3,25.32,25.251,4029.0,25.3086
PPSI,4.32,4.24,4.54,4.0859,351735.299879,4.342
MILN,42.9182,43.55,43.55,42.9182,5324.01395,43.1975
SLF,70.53,70.35,71.36,70.0,847861.451601,70.6351
UFOX,94.11,91.72,94.44,91.5861,56200.003768,93.6074
ACON,3.1,3.21,3.2377,3.07,59151.534867,3.1418
CGBL,37.35,37.31,37.405,37.27,1061234.80655,37.3545
RCI,36.53,36.93,37.24,36.47,693467.980301,36.788
NRES,34.86,34.68,34.86,34.68,361.7563,34.771
KTTA,0.7912,0.76,0.81,0.76,131694.164036,0.7905
HKPD,0.586,0.622,0.64,0.5616,18537.582975,0.5966
MOOD,43.3809,43.27,43.48,43.27,20394.841692,43.4202
LXP,51.81,52.68,52.68,51.71,281320.732473,51.9374
GRDN,35.65,35.82,36.69,35.39,287058.27237,35.8336
DJT,8.83,8.78,9.15,8.599,4981752.032384,8.9202
HOUR,2.38,2.6,2.6,2.2701,59091.592876,2.4105
DSU,9.91,9.92,9.935,9.9,408367.407641,9.9098
IGD,6.06,6.05,6.06,6.01,162919.457685,6.037
GSHD,40.16,40.64,41.71,39.86,585100.337389,40.6558
APPS,3.99,4.0,4.065,3.92,1461471.269633,3.9841
LOOP,1.41,1.45,1.4885,1.4,47847.181807,1.4379
TFCpO,21.26,21.2,21.29,21.2,32620.3422,21.2236
ANIK,14.54,14.8,14.8,14.225,73969.856659,14.5336
SPRY,8.6,8.79,9.06,8.53,1296455.992653,8.7078
VWO,60.39,60.42,60.55,60.275,5425695.640908,60.4239
SKYQ,3.54,3.9,3.9,3.5,825569.289472,3.6915
FUSE,1.41,1.48,1.51,1.34,186376.497282,1.3938
BWA,63.15,61.6,63.69,61.3525,4806983.438945,62.7867
BZUN,2.7,2.75,2.77,2.685,257286.239594,2.7289
ETR,112.97,112.49,113.35,111.13,2743221.973495,112.7903
KOLD,24.52,25.41,25.5,24.33,2944891.857549,24.9014
RITMpA,25.29,25.33,25.33,25.14,11275.6176,25.2489
OGN,13.33,13.35,13.38,13.31,4928154.312559,13.3287
RTX,178.61,175.16,179.93,174.6,6524088.701736,178.5229
IDOG,43.2353,43.25,43.42,43.16,25619.459789,43.2829
XRPT,47.56,46.49,48.09,45.86,325649.7747,46.8971
EFSC,59.09,59.9,60.3925,58.77,265906.359227,59.1624
JRI,13.13,13.13,13.21,13.1,159499.46581,13.15
VFC,17.94,18.88,18.91,17.9,7888002.181161,18.1255
RNRG,39.11,39.0,39.39,38.8701,48518.222721,39.2064
COCH,0.644,0.69,0.69,0.63,195705.872599,0.6455
FEP,59.2257,59.21,59.475,59.1279,17945.922368,59.2766
NTCT,40.67,39.54,40.84,39.5152,791046.716498,40.3907
HGLB,8.16,8.2,8.2499,8.15,57914.4919,8.1898
SBS,6.26,6.36,6.36,6.22,4308797.316883,6.2737
RCKY,34.6,37.09,37.6,34.42,44805.653948,35.321
ACII,25.7,25.71,25.74,25.65,45797.6715,25.6867
GENVR,0.7668,0.74,0.9799,0.7,34574.825282,0.8391
CHEF,80.69,81.16,82.0,80.08,353908.610102,80.6013
KCAC.U,10.2165,10.25,10.25,10.205,2128.0,10.2327
UNFI,52.27,52.83,53.18,51.97,621002.913559,52.4345
FGSN,21.85,21.66,21.95,21.66,24983.517,21.8113
PLTK,3.75,3.64,3.88,3.6,1152219.894028,3.7568
MATW,27.77,27.78,28.085,27.2374,242270.780135,27.7709
CFND,3.5,3.6,3.65,3.46,84202.569,3.5234
DDT,26.1,26.06,26.15,26.04,6678.7054,26.0924
SKY,69.37,72.69,72.79,68.7,760091.347867,69.8118
CCAP,13.12,13.49,13.5499,13.115,155282.944215,13.2506
WSC,26.71,28.4,28.44,26.46,4625943.718469,27.0502
JAVA,76.43,76.45,76.61,76.29,422841.652407,76.4309
PRCH,10.53,10.97,11.015,10.48,1493054.721266,10.681
BWAY,16.73,16.87,16.905,16.33,197534.821015,16.6469
ACM,79.5,80.09,81.2799,79.15,1687469.467077,79.8896
AIRJ,3.82,3.83,3.875,3.5604,1416451.032088,3.7712
ASBP,5.52,5.5,6.39,4.97,249693.90297,5.5206
ADC,76.39,76.48,77.12,76.2,724987.685027,76.6229
OEC,7.44,7.77,7.93,7.44,452223.696351,7.5657
KOSS,3.9,4.13,4.13,3.75,81708.853233,3.9424
EEMA,116.46,116.37,116.98,116.06,62894.91342,116.6202
DFP,20.95,20.96,21.07,20.93,30929.298612,20.9785
ERIE,217.09,217.0,218.6,212.55,195651.24012,215.5596
LDI,1.3,1.4,1.415,1.3,2456515.076816,1.3345
CFGpE,19.22,19.25,19.25,19.17,28989.6638,19.2139
COF,183.93,189.59,190.44,183.76,5771029.537923,184.8167
HII,317.75,317.41,326.485,316.49,710284.904754,319.8573
CPAY,341.58,345.14,347.26,331.52,820030.634892,339.6752
SAMM,31.9918,31.41,32.18,31.41,5730.8478,31.8336
TMET,33.735,33.31,33.75,33.31,3014.856577,33.5487
RDVY,74.3,74.61,74.721186,74.175,1040197.755733,74.4598
TRN,36.49,36.7,37.36,36.37,458639.485664,36.6414
BWMN,34.07,34.52,35.35,34.05,151075.556252,34.3948
BTSG,55.07,55.0,55.305,53.41,2471994.503359,54.6662
TpA,20.065,20.02,20.14,20.02,89620.6943,20.0781
OSCR,22.0,21.1,22.0,20.741,8407838.719309,21.6768
OTLY,10.13,10.39,10.5711,10.11,61416.91366,10.2643
PEPG,1.7,1.78,1.785,1.68,608462.780815,1.7222
CYN,1.65,1.61,1.72,1.58,334042.580727,1.6584
BTGD,32.97,32.67,33.03,32.495,31482.471912,32.8225
FELV,38.45,38.49,38.5,38.38,113629.366737,38.4409
ECAT,15.28,15.14,15.4,15.12,724340.629614,15.3062
NL,5.81,6.01,6.01,5.81,31116.332321,5.8847
FGNX,6.64,6.74,6.88,6.45,267405.798701,6.7644
WFCF,13.58,16.62,18.1,13.0,170544.909964,15.1654
PAVM,6.75,7.29,7.31,6.75,41669.161151,7.0459
BAGY,32.0081,31.63,32.0081,31.6,8728.3392,31.8276
EIG,41.41,42.0,42.0,41.12,189836.71996,41.3989
CNH,10.97,10.69,10.98,10.62,14421518.237773,10.9069
VONV,102.96,103.06,103.16,102.78,1044362.444138,103.004
FDIF,38.0655,37.99,38.2399,37.99,1876.9412,38.1471
BULZ,46.65,45.79,47.17,44.47,1228316.349254,45.9849
TENpF,27.15,27.1,27.16,27.1,3883.81,27.1302
INCR,0.8201,0.816,0.8411,0.816,10378.822903,0.8277
AEMD,2.19,2.35,2.37,2.18,155950.558449,2.2712
SDA,1.02,1.06,1.0725,1.01,150354.683423,1.0407
CVLC,91.81,91.8877,92.1,91.68,25322.0391,91.9917
YUMC,47.44,46.96,47.63,46.95,1539592.203519,47.3858
MIRM,106.17,106.78,108.26,104.7066,528494.502609,106.0956
CCXI,10.24,10.22,10.245,10.21,25370.039178,10.2344
GXUS,62.9051,62.91,62.91,62.9051,148.848,62.9181
OACP,22.755,22.82,22.82,22.75,70543.335993,22.7645
FpD,22.43,22.32,22.55,22.32,24151.096,22.4555
RMI,15.57,15.65,15.79,15.45,16113.2384,15.6489
TKLF,2.3,2.05,2.39,2.01,23655.522278,2.2335
LRGC,82.42,82.22,82.6039,82.22,35665.1742,82.404
FIGS,11.94,11.62,12.09,11.075,6466645.833341,11.5917
LINK,3.34,3.3,3.49,2.86,4608284.696317,4.0689
CDNS,364.2,359.07,365.0,358.03,2642350.633273,363.206
GGAL,43.54,41.33,43.59,40.89,874742.239418,42.6936
SRE,92.83,91.97,93.725,91.5,3850384.808439,93.004
WSBCO,25.82,25.84,25.9193,25.79,7323.0,25.8399
LC,16.57,16.61,16.75,16.4533,1022560.070024,16.5934
PBR.A,18.93,18.92,19.005,18.67,7228389.416806,18.835
IDE,13.68,13.68,13.75,13.655,16648.073598,13.692
LENZ,9.99,10.08,10.58,9.86,741271.446828,10.0872
CGGE,33.79,33.77,33.87,33.74,524060.851,33.8004
WFC,73.58,75.67,75.72,73.185,25403874.153589,74.0118
CNSP,6.76,6.94,7.6,5.8001,220972.019706,6.5955
EGY,6.06,5.82,6.08,5.79,1891342.435871,5.9952
CONI,34.92,41.47,44.5,34.41,454796.822828,39.2525
GPRO,1.32,1.359,1.44,1.29,15099064.030615,1.4803
LTH,32.34,31.56,32.45,31.12,4013249.541154,32.1487
LNZAW,0.0163,0.0164,0.0164,0.014,44488.0,0.01411
XTEN,45.46,45.56,45.5799,45.44,95224.338637,45.4727
MOV,27.61,28.15,28.15,27.38,115302.192166,27.6384
EWJV,44.48,44.42,44.66,44.41,642729.489825,44.35
MARA,13.39,12.96,13.8,12.59,49736848.622765,13.4396
SGI,66.56,68.61,69.38,66.4,4237275.856269,67.0646
EDAP,4.17,4.07,4.275,4.01,50983.754933,4.1867
RISE,19.264,19.44,19.44,19.264,5131.0,19.4233
AMRZ,52.04,52.28,52.75,51.95,1737342.242514,52.2094
TXXS,8.555,8.16,8.6999,7.97,173878.817455,8.256
IFV,28.4072,28.16,28.52,28.16,34556.1547,28.4437
SLMT,0.6477,0.65,0.6748,0.6402,627021.89969,0.6559
KEYpK,21.4,21.39,21.41,21.36,14894.7182,21.3879
INTW,390.07,400.41,407.99,358.2136,1428850.405592,385.3077
EDSA,15.28,16.64,17.14,15.15,273121.702829,15.9969
LONZ,49.57,49.6,49.6276,49.57,529787.701034,49.5896
TRTNpD,23.23,23.42,23.6466,23.1,14741.23,23.207
NLY,22.44,22.61,22.64,22.39,4928200.842377,22.487
HURA,2.4,2.31,2.48,2.24,459211.582076,2.3839
AQWA,19.155,19.17,19.25,19.14,11575.567723,19.1813
MGY,28.21,28.22,28.66,27.82,2364884.936099,28.1268
ICLN,21.73,21.3,22.06,21.27,9835522.271464,21.8779
TBN,35.67,36.05,36.5,35.1,93319.811917,35.8495
WCN,150.98,153.08,153.445,150.25,1446531.384672,151.2186
GRNJ,31.0,30.45,31.2099,30.43,193850.628869,30.9116
TT,476.5,467.75,478.82,466.116,1525449.587136,476.2371
GTLS,207.79,207.35,207.83,207.21,1245144.724883,207.6049
LEO,6.48,6.5,6.505,6.44,158476.2182,6.4825
FPF,18.42,18.46,18.46,18.33,85800.158613,18.3884
MNVT,29.9484,29.6,30.68,29.395,29320.433045,30.2104
PLOW,45.77,45.66,46.64,44.405,258427.571127,45.5566
LULG,7.86,8.46,8.46,7.845,193970.170613,8.0536
FFIV,358.3,353.6,360.0,350.94,553850.996248,357.1885
DQ,19.21,18.66,19.83,18.65,1040189.960241,19.2335
PWB,155.17,153.79,155.54,153.79,129898.544293,155.0865
BSJS,21.875,21.87,21.88,21.87,118950.168262,21.877
CURX,0.3301,0.3237,0.3378,0.3232,80114.727988,0.3267
WWW,16.2,16.77,16.77,16.03,1112617.427347,16.2563
TSBK,39.71,40.92,41.37,39.62,23414.4951,40.0745
WPP,17.9,18.86,18.88,17.715,756835.519259,18.1186
GAME,0.4482,0.457,0.479899,0.445,2082172.685358,0.456
SPH,19.61,19.75,19.815,18.86,313307.47938,19.3646
LIDRW,0.050101,0.037,0.0563,0.037,89783.0,0.04662
TU,12.58,12.69,12.765,12.49,7510817.575888,12.6117
BRIA,1.65,1.88,1.88,1.5401,12673.109902,1.6278
TOUR,5.71,6.03,6.09,5.71,22271.495718,5.9047
PFBC,93.53,95.19,95.9551,92.94,95788.85497,93.8098
BMRN,52.58,53.46,54.5,52.48,2466505.874457,52.9434
CI,289.07,290.39,293.0,287.0,1695802.864444,289.4297
PFF,31.68,31.66,31.79,31.66,2307295.250567,31.7185
EQHpA,20.03,20.04,20.04,19.89,24905.7213,19.9832
LUMN,8.34,8.51,8.6,8.16,14933832.696307,8.3458
TY,34.42,34.3,34.65,34.28,33803.688006,34.5141
SNOW,151.5,150.16,154.8499,148.16,4799578.74372,150.9284
BL,27.5,30.13,30.54,27.11,1565783.534586,27.9078
ZYME,24.03,23.76,24.99,23.72,1185233.125137,24.1585
ACES,37.83,37.12,38.69,37.045,291108.763302,37.8972
TPST,1.94,1.97,1.99,1.91,72747.010268,1.9532
BEPJ,25.01,24.99,25.15,24.89,4914.211,25.0678
MRK,111.28,112.153,113.68,111.01,7750595.352978,112.1511
JIVE,92.395,92.4,92.6,92.225,226267.391442,92.4093
PAXS,14.33,14.37,14.55,14.31,181399.891643,14.4181
WTID,4.99,5.17,5.19,4.96,514059.574118,5.0556
RELL,15.41,15.55,15.61,15.26,82506.91537,15.4186
INNV,7.36,7.31,7.44,7.0,587059.273086,7.2548
STRA,77.61,80.18,80.985,76.71,276950.710831,77.8623
MSD,7.39,7.43,7.44,7.363,65597.801514,7.3882
KBWP,117.76,117.98,118.6,117.25,25069.013578,117.8145
GXAI,1.24,1.27,1.27,1.24,185062.339114,1.2521
ODD,14.1,14.82,15.09,14.05,1176639.938095,14.3556
PDDL,19.84,19.8,20.08,19.62,7535.6039,19.799
AIR,117.57,117.64,119.56,116.8,389841.932586,118.1988
CRT,10.59,10.47,10.65,10.33,26406.592035,10.5321
RENX,2.0,2.06,2.1,1.97,175479.912543,2.0339
AMUU,198.4,199.35,206.68,192.29,162668.636549,200.1062
IVZ,27.99,27.66,27.99,27.545,3865490.674867,27.8928
EYE,21.8,22.91,23.49,21.685,2948173.629258,21.9976
FMN,11.305,11.35,11.38,11.305,5202.0101,11.3338
AMLX,14.88,14.84,15.23,14.7,1995366.139881,14.9574
BXMT,18.34,19.1,19.1497,18.34,1949784.684091,18.6343
UUUG,13.6,13.11,14.8,12.4676,692770.813225,13.7785
SGRY,13.78,14.4,14.44,13.75,1039399.716784,13.9647
CATH,88.4756,88.23,88.67,88.23,39047.75461,88.5646
LAW,3.74,4.07,4.1552,3.645,837185.911762,3.7662
GRNQ,1.57,2.02,2.11,1.56,41538.434,1.732
XMVM,68.5029,69.62,69.62,68.4721,11901.14973,68.8381
LMT,512.25,505.0,515.63,502.45,1363642.937426,511.3421
RCD,22.45,22.5,22.55,22.435,17839.2502,22.4661
ASPI,6.22,5.62,6.5,5.51,9786543.366776,6.0909
HCXY,24.8399,24.7,24.9999,24.7,5548.227,24.7905
VRNS,28.0,28.44,28.935,27.42,1827500.366028,27.9047
FGM,66.46,65.86,66.545,65.075,20927.417383,66.2946
XTN,102.445,104.2,104.2,102.43,29167.542568,103.3803
HOYY,6.33,6.21,6.35,6.12,46407.025526,6.2421
VIPS,14.64,14.38,14.9,14.38,3619869.244535,14.6256
PRG,35.31,36.32,36.56,34.97,430523.636542,35.3408
PJP,105.5767,105.7,106.81,105.32,16467.666708,106.3065
ECG,163.85,164.37,166.1,161.19,515867.341663,164.0804
NABL,4.09,4.7,4.77,4.03,1725106.670807,4.2297
RPC,8.42,8.79,8.79,8.37,511669.078914,8.527
CAKE,61.17,61.66,62.08,60.82,677669.313398,61.2078
HAKY,25.3725,25.41,25.41,25.22,6905.7541,25.3373
FGBI,9.14,9.34,9.42,9.0933,21519.054998,9.2776
DUOT,8.66,8.25,8.725,8.16,570914.78061,8.4762
INM,0.621,0.6602,0.6775,0.62,25159.556,0.6489
HYBI,49.7327,49.8,49.83,49.72,34790.706768,49.7894
ATKR,74.63,75.0,76.2,73.77,496870.724823,74.6715
MTG,26.1,26.85,26.92,25.9201,1939553.409133,26.1651
FENI,39.94,39.9,39.99,39.835,1147465.272608,39.9167
RMCO,2.8,2.92,2.9201,2.8,9160.0273,2.8746
CRAK,50.24,50.1,50.24,49.72,115556.15673,50.0786
AVTR,7.97,8.3,8.3,7.95,6731114.359806,8.0255
SORA,2.53,2.01,2.74,2.01,27396.0,2.578
IFRX,2.5,2.61,2.72,2.45,3992024.302012,2.5928
ANDE,71.58,72.46,73.49,71.045,367504.502871,71.9883
IQMM,100.14,100.11,100.14,100.11,6602785.792116,100.1102
TCI,35.13,35.36,35.36,34.58,3321.369,35.0387
DBMF,31.02,30.84,31.07,30.82,1084266.436722,30.9694
IBDU,23.18,23.19,23.21,23.18,368771.988178,23.1976
GRN,30.43,30.43,30.53,30.4,982.6098,30.4895
ARDC,12.88,12.92,12.92,12.79,136805.635466,12.8415
TEL,206.12,206.61,207.175,202.42,4732032.203213,205.5564
NGG,87.16,86.58,87.63,86.57,1583842.654159,87.2059
INVH,28.92,28.96,29.03,28.655,5501948.180685,28.8689
HYGV,40.25,40.28,40.315,40.2445,209880.1884,40.2862
MYFW,28.97,29.21,29.21,28.575,24267.040304,28.9878
ZTR,6.7,6.71,6.74,6.6968,174136.801549,6.7174
LAUR,32.7,32.77,33.055,32.6,1108096.906875,32.7348
BHP,87.65,85.96,87.93,85.89,3003617.367798,87.3645
JMHI,50.15,50.46,50.46,50.1145,19493.64607,50.1946
BIOY,25.06,25.09,25.1,25.06,497.193,25.0838
QQQE,114.16,114.04,114.43,113.7,142011.089145,114.0158
AXSM,216.47,216.08,217.6,213.195,738195.205512,216.1444
PETS,2.26,2.27,2.325,2.22,47300.47538,2.2749
AGRZ,0.3422,0.3406,0.3649,0.3248,98567.602989,0.3439
ELM,29.1,29.12,29.12,28.97,13800.6705,29.0726
SOBO,35.39,35.11,35.47,35.11,597323.931984,35.3491
KRYS,312.88,308.38,315.165,306.84,386635.885124,311.3336
RRC,40.97,41.445,41.49,40.72,2267248.872969,41.0383
RBA,104.43,103.01,105.15,102.38,792327.563009,104.2631
CTEC,72.756,71.0,73.79,71.0,6234.191894,72.966
KSPI,85.84,88.99,89.625,85.34,431752.989975,87.0426
PBEU,30.2119,30.43,30.51,30.14,54499.0528,30.3168
AAT,20.98,21.16,21.17,20.9,162621.388808,20.9854
BBDO,3.28,3.34,3.34,3.27,38814.890902,3.2921
MITT,7.74,8.0,8.0,7.735,165333.838408,7.8215
RLJpA,25.26,25.27,25.28,25.21,9031.0797,25.2444
AMSC,58.72,55.1,60.18,54.81,1749703.760011,58.6609
REXRpC,20.99,21.0,21.0,20.9201,6901.7834,20.9534
YSPY,15.535,15.45,15.58,15.45,17711.8017,15.5252
HHH,64.28,66.09,66.85,64.2124,470439.939342,64.8565
CNNE,13.84,14.13,14.23,13.83,465353.45997,13.9288
FCBC,42.35,43.49,43.49,42.3,56120.187825,42.5406
GREK,72.72,72.41,73.27,72.41,149115.181569,73.0086
MFA,9.63,9.92,9.9419,9.59,1826899.209365,9.6895
EMCS,45.3804,45.57,45.57,45.31,1648.3256,45.4474
FDRS,23.28,22.95,23.32,22.95,8148.996367,23.2213
TNXP,14.11,13.99,14.48,13.8722,276179.624846,14.1346
IMPP,5.08,5.01,5.14,4.915,593355.175854,5.0595
IHG,148.23,149.11,149.44,148.19,163811.182871,148.6671
VGNT,43.72,42.13,43.87,41.745,1985268.504122,43.3048
GBTC,63.67,63.05,63.845,62.49,1235966.950139,63.2821
RDAC,8.26,7.82,8.26,7.355,79436.806905,7.8974
SSYS,8.54,8.52,8.74,8.43,1371179.454504,8.593
DVYE,35.36,35.5,35.58,35.3,105248.494344,35.3993
SLE,4.13,4.24,4.27,4.05,10148.486802,4.1768
LCDL,0.8197,0.8836,0.8836,0.77,849450.370265,0.8083
LILAK,7.88,7.93,8.06,7.795,862212.889699,7.8817
CB,320.26,321.7,322.64,318.21,1275646.508462,320.0453
APTV,55.41,57.14,57.5999,55.39,3798157.013743,56.0003
YB,15.81,15.51,15.94,15.51,9505.377574,15.7843
EMP,21.055,21.03,21.09,21.0145,4696.89,21.0626
OKE,87.79,85.64,87.92,85.335,5718283.282512,86.9839
AMH,32.05,32.15,32.425,31.81,3380102.888477,32.0197
DNLI,19.67,19.69,20.55,19.43,1834085.213393,19.7007
DTCR,30.87,30.7,31.115,30.56,1448630.66817,30.9006
XV,24.6775,24.69,24.69,24.62,17513.68245,24.6454
DXYZ,71.24,61.61,71.24,58.5,12777542.701305,65.1383
SII,143.83,141.16,144.36,139.33,133002.226574,142.6668
SPNT,23.01,23.51,24.0,22.84,952411.963836,23.195
POWL,322.05,311.495,328.0,311.495,497426.894614,321.6614
PSFE,8.72,9.2,9.28,8.65,274508.02994,8.8106
OAKpA,21.005,21.07,21.3,20.7001,11115.8414,20.8713
TPG,43.59,43.91,44.6,43.35,1976714.688416,43.7368
GIPR,0.2629,0.277,0.2778,0.255,236106.9304,0.2639
PDI,17.44,17.47,17.48,17.38,2752948.150826,17.4392
NGL,16.76,16.48,16.85,16.16,206866.311897,16.5907
CHD,90.72,93.3,93.3,90.05,1736098.115985,90.7986
UMH,15.57,15.86,15.905,15.475,867770.573342,15.5986
NTRSO,19.24,19.25,19.28,19.195,36198.25,19.252
XOMAO,25.3101,25.3,25.3101,25.27,2789.7806,25.2954
ASCI,37.7722,37.65,37.82,37.65,2734.583354,37.7806
EVLU,40.7427,40.35,40.805,40.35,5204.6192,40.7549
PKB,105.48,105.83,106.16,105.32,16911.721393,105.7045
ESQ,105.35,106.76,107.0,104.78,66198.3137,105.3842
FPXI,73.1521,72.99,73.47,72.8401,11352.584341,73.2113
ARTNA,32.16,32.05,32.385,32.04,42696.455588,32.1965
UAN,132.19,122.84,132.19,122.1,113191.369314,127.1141
BH.A,1333.84,1566.0,1583.0,1238.0,18536.919946,1322.3724
IWD,234.63,234.59,235.11,234.26,1585138.563663,234.6261
AIN,61.42,62.93,63.56,61.4,283103.205234,61.9944
VWAV,6.13,5.97,6.4899,5.9,734771.462287,6.2269
PTRB,41.6,41.64,41.65,41.58,106639.925786,41.6055
PAGS,9.74,10.06,10.08,9.64,2632603.798679,9.7936
CSHI,49.92,49.92,49.93,49.89,682668.934933,49.9152
SLG,44.22,45.51,45.51,43.93,825977.01569,44.3315
FFA,22.44,22.52,22.52,22.34,15267.054906,22.4681
IBOC,72.96,73.22,73.455,72.28,331507.907017,72.9427
SPPP,16.59,16.37,16.6099,16.32,735359.958272,16.4741
PWRD,114.0048,112.34,114.65,112.34,157617.198518,114.1455
FOX,61.18,57.97,61.48,57.21,1657937.142061,59.7162
NATR,22.18,24.02,24.2,21.27,169529.897917,22.2742
CYAB,0.5274,0.531,0.5477,0.5,480053.6684,0.5252
ECCpD,19.13,19.14,19.14,19.05,14001.30439,19.127
PSN,48.74,49.14,49.78,48.23,1117647.946311,48.8191
PRKS,36.53,39.81,41.42,35.8,2206665.423608,37.2649
USNG,36.195,35.52,36.34,35.52,9871.51292,36.1286
SDRL,49.96,51.25,51.25,48.07,999405.091631,49.55
FFSM,36.29,36.185,36.46,36.14,140955.254574,36.3772
DRAY,17.5323,18.04,18.04,17.361,4677.7651,17.7139
LRHC,1.36,1.49,1.545,1.35,191091.88475,1.4371
EPAC,34.98,35.5,35.96,34.93,422927.690301,35.1513
NCNO,16.74,17.52,17.89,16.59,2607181.653855,16.8267
DMLP,26.5,26.23,26.78,26.0688,172523.043503,26.4948
RVLV,18.63,20.55,21.0,18.56,1727636.61322,19.2338
BKMC,118.64,118.89,119.27,118.64,9688.365053,118.8137
ALLpB,25.81,25.97,26.01,25.81,27059.496,25.8949
ALTG,6.43,7.18,7.305,6.32,1310562.707762,6.6975
GNPX,0.8453,0.88,0.88,0.8306,389490.018066,0.8527
GEMI,5.22,5.03,5.34,4.931,1721056.126851,5.1391
RAMP,29.35,30.03,30.48,29.26,500613.268498,29.4558
LLY,966.99,949.0,995.0,943.26,3517454.79453,971.787
TBB,21.63,21.66,21.6856,21.62,82183.14854,21.6525
SYBT,70.72,72.21,72.21,70.27,204824.634448,70.749
OBTC,26.3617,26.16,26.365,25.91,18151.0,26.1704
BULD,32.4953,32.5,32.59,32.285,1293.915728,32.4088
RIGL,26.2,26.0,26.5,25.45,377019.078925,26.076
BALY,11.91,12.85,12.85,11.8,31382.569793,12.1828
AIT,310.55,309.31,311.82,307.43,167041.004896,310.0795
AFG,131.97,132.11,132.84,130.415,362705.722444,131.6544
SPXC,203.24,202.06,204.875,199.49,662864.474434,202.7259
IMMP,0.4431,0.431,0.4571,0.431,705725.774364,0.4414
HLIO,68.02,68.41,69.835,67.2,444710.695516,68.1311
CION,6.83,7.14,7.19,6.82,1262888.634234,6.9002
ATNI,26.79,27.0,27.48,26.285,73984.485257,26.8983
HTCO,7.05,7.02,7.6895,6.01,1447293.416906,7.0065
CLBT,13.05,13.5,13.63,12.97,1349135.376631,13.1573
DXPE,149.15,153.84,154.99,144.0,245864.466872,150.0601
HROW,38.04,38.82,39.84,37.3,1580977.395944,37.4601
JAN,27.23,28.03,28.15,27.23,547419.777671,27.477
ATRA,8.78,8.83,9.08,7.9,942889.573101,8.6319
LRMR,4.09,4.0,4.215,3.97,1826515.848191,4.0872
SIGI,84.81,85.195,85.75,83.5,427219.524394,84.992
DRVN,13.25,13.25,13.45,13.14,1270897.533559,13.2587
ACH,3.89,3.965,4.6887,3.38,2799829.671395,3.9398
EARN,4.8,4.9,4.91,4.8,487148.637984,4.8509
ALDX,1.76,1.72,1.77,1.71,713242.118281,1.7376
TLF,2.39,2.39,2.4499,2.36,19035.5566,2.4184
SHNY,13.81,13.77,13.91,13.5605,825553.65279,13.7276
ADT,6.79,6.85,6.89,6.755,14177494.605689,6.814
LVWR,1.52,1.66,1.6812,1.47,157946.700763,1.5326
AHG,2.11,2.02,2.17,1.99,188983.839908,2.0236
ORR,36.8,36.76,36.955,36.66,155538.987019,36.8092
GRPN,16.87,17.69,17.7742,15.7614,3211514.045762,16.557
LFST,7.67,7.76,7.83,7.59,12999189.353489,7.6674
BW,18.91,16.7,18.99,15.56,9219679.825475,17.9006
IBTJ,21.695,21.73,21.73,21.6901,154893.2283,21.7134
HCAI,11.34,11.63,11.99,9.8114,344430.270154,13.3141
JILL,12.35,13.2,13.268,12.29,93267.975422,12.597
IH,1.71,1.68,1.74,1.65,12768.087584,1.6928
SNDR,29.84,30.78,30.815,29.84,865865.016816,29.983
HMYY,7.525,7.47,7.5522,7.47,5108.634,7.5331
BGH,14.26,14.3,14.3679,14.23,56386.011931,14.2623
NGVT,74.44,76.02,76.46,74.315,296972.250209,75.0065
BYND,0.8086,0.821,0.8496,0.7815,51819613.590829,0.8179
LOVE,16.06,15.96,16.17,15.83,90887.22054,16.0436
RMCF,2.5,2.52,2.605,2.5,17201.5302,2.5304
AVNT,35.99,37.08,37.235,35.95,805996.07624,36.1498
FIVN,21.41,21.97,22.955,20.74,2692800.613957,21.3052
NHI,73.43,75.77,76.0,73.33,583200.337034,73.8689
GCTS,1.6,1.82,1.83,1.6,14249315.223981,1.7432
ALL,213.8,214.69,216.0,212.3,1288521.689319,213.8422
BBAR,15.56,14.81,15.56,14.725,565530.05965,15.2082
EDU,52.13,53.3,53.675,51.95,783251.072272,52.2564
NMR,7.9,7.89,7.945,7.8693,1386797.669308,7.9178
HNDL,22.8903,22.85,22.9412,22.7412,49225.760093,22.8963
MDXG,3.56,3.58,3.64,3.495,2452446.79591,3.5627
DSWL,3.37,3.45,3.4879,3.37,12185.196055,3.4142
ALVO,3.59,3.41,3.735,3.36,606803.770043,3.611
CVX,184.74,183.0,185.2,183.0,12042061.006063,184.5957
PBA,46.3,46.0,46.53,45.98,614620.456903,46.2973
SFBS,76.87,79.73,79.73,76.66,316018.298195,77.0457
DGRW,95.02,94.67,95.17,94.67,420307.153599,94.9984
KPDD,8.09,8.11,8.2,8.01,114155.902,8.0971
GDEV,17.42,17.56,18.01,17.19,5397.040446,17.6599
CLSK,14.3,14.1,15.0377,13.74,30223078.450919,14.4135
ADUS,97.79,99.79,103.5,95.0,414092.987255,97.0644
TYGO,4.29,4.21,4.35,4.083,749609.64475,4.2752
FHI,55.72,55.92,56.54,55.0,488069.018906,55.927
THFF,66.66,67.75,67.75,66.55,76029.0185,66.8937
AIFF,1.8,1.87,1.9,1.781,276032.748795,1.8472
IONL,36.3,26.15,38.06,26.15,2384724.312407,33.7758
CHKP,115.42,117.68,117.82,113.45,1686563.19455,115.0424
CHAI,1.19,1.17,1.22,1.1501,53689.338713,1.1817
AWP,11.88,11.94,11.955,11.8101,102545.82533,11.9047
CCK,100.38,101.35,101.96,97.725,1196211.092433,100.0091
DPZ,313.22,322.79,325.49,310.06,1146682.011525,315.1041
FTGC,30.19,29.95,30.2,29.92,322478.901789,30.1063
EVH,3.96,4.18,4.36,3.745,4666169.598229,3.882
EBON,2.35,2.34,2.35,2.27,4513.447902,2.3228
AACB,10.38,10.38,10.38,10.38,495.0,10.3805
TRTX,8.41,8.59,8.59,8.375,529476.905802,8.443
GRC,77.88,77.37,78.6299,75.485,95371.291464,77.5604
DLB,57.59,58.17,58.56,56.95,885636.842907,57.6357
UNM,81.51,81.14,81.86,80.765,1410426.618459,81.3233
ADCT,3.48,3.5,3.71,3.455,1100240.754895,3.5552
HGTY,10.05,10.01,10.25,9.71,225726.3595,9.9375
BG,126.14,125.0,127.63,124.32,1559492.567272,126.0108
AROW,36.39,37.34,37.39,36.28,94564.814073,36.5352
ULS,97.73,100.7,100.795,97.39,683863.792118,98.193
GGTpG,20.43,20.53,20.53,20.43,305.0,20.5015
UROY,4.36,4.0,4.46,3.97,3786134.789011,4.325
IPGP,103.48,104.49,106.44,102.0001,464630.017682,104.0918
TSRS,27.0256,27.14,27.14,27.0256,631.97886,27.0742
RPRX,51.65,50.62,51.72,50.48,4047064.249841,51.4745
APP,478.42,456.07,479.28,447.085,4568485.866209,461.9035
FWDI,4.94,4.97,5.115,4.825,1736784.757465,4.9905
CMSC,23.12,23.03,23.12,23.0,14945.292,23.0682
CGTL,1.65,1.08,1.7,1.06,3210778.104536,1.5152
NCV,17.47,17.37,17.53,17.2,135962.373281,17.4582
BETR,31.05,29.4634,31.99,29.4634,502832.705184,31.0969
STC,68.1,70.02,70.02,67.59,157016.332329,68.177
SXTP,1.47,1.56,1.56,1.43,109115.828528,1.4726
JABS,50.01,50.3,50.3,49.99,5853.8676,50.0503
EQHpC,16.39,16.42,16.45,16.39,6533.0663,16.4092
LGI,17.74,17.71,17.99,17.7001,41234.5291,17.8125
ASA,70.55,69.53,71.46,68.7512,51573.258678,70.5191
AOA,96.72,96.69,96.88,96.61,126949.603848,96.7613
HL,20.67,19.17,20.85,19.15,25351302.227826,20.3433
HBIO,6.84,6.9,7.15,6.82,32422.268682,6.9406
GABpG,20.33,20.35,20.37,20.25,6647.0,20.319
MMKT,100.215,100.21,100.23,100.21,10962.18263,100.2193
GROW,2.52,2.62,2.635,2.52,23377.900488,2.6162
SLSN,1.5,1.37,1.53,1.305,113478.97792,1.4396
CTNM,13.65,14.44,14.61,13.615,149536.5028,14.0046
DMXF,82.4468,82.49,82.5999,82.2779,309219.788008,82.4482
SMWB,3.19,3.38,3.415,3.1,1188990.445759,3.2307
SXC,7.47,7.34,7.55,7.26,1486862.862123,7.4677
INFQ,12.84,11.87,13.18,11.6,7544149.65516,12.7222
KTF,9.11,9.12,9.13,9.1,109856.580264,9.1178
MHF,7.01,6.97,7.06,6.97,64163.097628,7.0188
OLOX,4.74,4.38,4.8833,4.3527,58387.226994,4.6139
ROCK,39.24,40.54,40.61,38.9,439985.376937,39.3849
TASK,5.85,6.4,6.5778,5.85,1162748.915621,6.1108
AVGU,48.2933,48.35,49.475,47.85,52476.8797,48.2853
SUIS,33.9805,33.25,34.31,32.87,5238.031865,33.2767
CSTM,34.2,34.0,34.35,33.79,1748018.264698,34.1109
MSC,2.5,2.5,2.5,2.5,511.064,2.4146
BOND,92.1,92.19,92.275,92.07,516717.975941,92.1396
IVLU,42.37,42.35,42.475,42.305,772789.498471,42.3736
GRID,199.8,196.29,199.99,196.085,1031126.420021,198.4912
GMOV,29.5876,29.92,29.92,29.56,1807.202,29.698
PDLB,17.66,17.89,17.89,17.65,31079.024642,17.6997
ESGU,161.0,160.22,161.22,160.11,446940.879869,161.026
HBR,13.13,13.19,13.27,13.0,58669.273871,13.1408
CING,4.96,5.18,5.25,4.92,574669.559788,5.0706
SOCA,10.24,10.195,10.24,10.195,12621.0,10.2009
DIN,29.07,28.42,29.36,27.87,479814.448955,28.7433
AVLC,87.53,87.47,87.75,87.3555,41095.5989,87.5837
COKE,170.48,174.4,175.49,168.71,890258.76803,171.2768
ACET,8.17,8.45,8.7055,8.0813,198723.100312,8.2244
NUAI,5.0,4.9,5.57,4.765,10472437.656296,5.0983
YCY,10.1,10.11,10.12,10.1,5400.0,10.1176
CMS,73.19,73.03,73.4494,72.765,2314498.571939,73.1599
OTIS,74.0,74.68,74.95,73.72,4052888.098076,74.3177
MSGS,344.12,331.73,348.2,331.73,290345.074209,341.8502
FCF,18.33,18.62,18.62,18.27,704904.856898,18.3661
GAUZ,0.6194,0.5,0.8631,0.37,8849536.049578,0.6419
AKAN,24.79,26.5,26.5,23.9,256620.200111,25.6557
QB,46.2125,46.18,46.2525,46.18,1368.0,46.2202
PLCE,3.17,3.22,3.23,3.095,138338.745014,3.1702
MNDY,76.91,85.51,88.48,73.17,8527092.994568,78.7708
YAAS,0.8421,0.9408,0.95949,0.8421,98148.49997,0.8969
WAB,268.13,265.54,268.32,263.01,772534.004368,267.0196
FLS,70.77,70.94,71.96,70.17,1731356.800398,70.7702
NFJ,14.47,14.43,14.54,14.3614,114230.827031,14.4903
UEIC,4.23,4.3,4.36,4.22,45569.291154,4.2765
NOAH,10.62,10.84,10.84,10.61,35257.513222,10.6843
NMAX,6.38,6.25,6.4,6.1,840169.471029,6.2919
TRST,48.51,49.04,49.04,48.39,78068.076147,48.5631
VCLT,74.85,75.06,75.085,74.85,4982618.946455,74.9486
FEMY,0.4042,0.43,0.44,0.3951,651497.974413,0.4113
QSU,17.5224,15.02,18.8,15.02,171315.0238,17.6571
TDY,632.58,621.9,633.45,618.8486,238417.967766,630.0594
PKG,221.52,225.19,225.43,221.36,504629.028961,222.5307
CHEC,10.11,10.11,10.11,10.11,800.0,10.11
PNFP,96.53,98.2,98.2,96.175,1047535.743375,96.7519
TVE,23.7,23.66,23.75,23.66,4451.9248,23.6899
ATLCP,23.9,23.96,23.96,23.8115,3491.1777,23.8735
SLP,14.69,16.53,16.795,14.328,592932.522979,15.0504
IQDF,34.81,34.715,34.8296,34.715,51693.133811,34.7837
PDFS,55.09,51.99,56.46,51.97,1048033.459449,54.9172
DLHC,5.66,5.75,5.75,5.63,9990.945073,5.6672
IPDN,0.6348,0.6901,0.70945,0.6111,86469.928118,0.6507
BZAI,1.8,1.83,1.9,1.78,7488052.846208,1.8382
NRIM,23.82,24.64,24.65,23.81,99212.835355,23.9543
NFLT,23.07,23.1,23.1,23.02,246055.25433,23.055
WRD,7.76,7.39,7.89,7.3,3766613.919941,7.6428
HIGH,21.6499,21.49,21.65,21.49,69754.0701,21.6118
ELOG,0.85,0.8213,0.85,0.8001,8825.0,0.824
MMI,30.23,30.42,30.59,29.87,375276.146569,30.2309
PSC,64.65,64.88,64.99,64.57,106483.017847,64.7948
UE,21.77,21.69,21.785,21.54,733622.997954,21.7093
BLFS,21.73,22.0,22.41,21.525,338370.966466,21.8294
EFOI,4.01,3.78,4.24,3.78,77098.047393,3.9946
KKRT,24.96,25.3,25.32,24.84,67217.0,25.0966
PSApN,15.29,15.33,15.33,15.21,17788.1942,15.296
TBH,0.601,0.609,0.6599,0.601,175597.0,0.6329
FMBH,42.82,43.96,44.33,42.785,56293.9713,42.9744
SEPN,23.57,23.87,24.65,23.5,132898.819058,23.819
EQBK,45.24,45.76,45.865,44.75,88132.630377,45.2039
HIVE,3.01,2.78,3.13,2.72,20655551.586651,2.9828
CETX,0.7972,0.91,0.91,0.7971,395538.063544,0.8332
WPAC,9.96,9.99,9.99,9.96,14839.89,9.9602
RY,180.85,181.82,182.1,180.1354,1162098.7345,180.8884
IONZ,3.51,5.33,5.36,3.165,34667582.708541,3.7395
PRFZ,51.0499,51.38,51.4868,51.035,63210.26422,51.2238
FTXR,41.3337,41.63,41.63,41.28,118807.289816,41.3645
NDLS,12.05,12.54,12.6199,11.8,98787.733827,12.1065
SSL,13.32,13.11,13.43,13.065,1554187.78283,13.2629
AIFD,50.9457,50.25,51.29,50.04,31597.585693,50.7538
MXCT,0.8169,0.83,0.8435,0.80915,334651.934885,0.8223
IDA,145.41,144.74,146.01,144.64,452528.677047,145.2369
TEO,11.56,12.01,12.115,11.52,322579.678333,11.679
WHG,16.37,16.68,16.99,16.13,10631.168,16.5092
BBT,28.56,29.09,29.245,28.47,896880.967754,28.6204
HODU,8.84,8.02,8.89,7.61,305930.39123,8.4149
PKE,34.87,33.74,35.3,33.0948,215371.58671,34.7775
XIFR,12.08,11.87,12.61,11.86,2293516.734828,12.2503
KEX,146.09,142.69,147.55,141.58,853564.206523,146.2972
UBSI,42.58,43.5,43.78,42.36,885550.392059,42.6747
AIXI,11.73,12.59,13.985,10.96,414408.896967,12.774
PSQO,20.775,20.75,20.8,20.7101,22036.0317,20.7689
MATX,181.91,183.1,184.94,181.23,154938.681402,182.188
RONB,23.2,23.25,23.29,23.02,602813.068474,23.1271
TAL,11.36,11.09,11.42,11.08,3260096.109942,11.3474
NNOX,1.63,1.72,1.72,1.63,1890211.332269,1.6677
LBGJ,0.8918,0.8806,1.01,0.830101,59291.249251,0.8931
ABX,9.23,9.18,9.66,9.0,682598.337173,9.205
CFRpB,17.13,17.2,17.2,17.0501,6403.3114,17.1424
XPO,201.6,204.51,204.55,200.6301,864691.188884,202.0194
RBRK,62.17,61.46,62.93,61.1,2732120.723908,62.0294
CG,49.46,49.87,51.16,49.13,3949449.012143,49.6756
BCAT,15.59,15.46,15.705,15.46,766222.483114,15.6239
LMAT,101.64,107.3,109.0,101.56,410568.614359,103.3064
MPB,32.2,32.78,32.89,32.16,187516.1811,32.3649
RBLY,12.7718,12.75,13.025,12.75,5435.049997,12.9133
NXE,12.66,12.53,12.855,12.46,8266165.530563,12.6757
S,16.33,16.36,16.72,15.635,9843960.193646,16.1012
BAP,322.42,330.59,333.13,321.53,318328.517772,324.9011
BRIE,29.76,29.77,29.8,29.68,301948.058,29.7626
SY,3.04,2.99,3.1,2.99,339769.872033,3.0363
HBT,27.65,28.34,28.34,27.55,121186.927819,27.7245
BOX,24.5,25.29,25.74,24.295,2749855.581725,24.6019
CSRE,28.77,28.88,28.94,28.69,299091.954826,28.8157
BLDG,26.153,26.18,26.22,26.12,1522.1731,26.1568
EWM,30.14,30.3,30.3,30.12,240189.071715,30.2162
PRM,32.16,32.04,34.29,31.9,1641704.156691,32.6214
CGBD,11.38,11.29,11.595,11.26,1077761.444851,11.4541
XWEL,1.34,1.41,1.425,1.3,151252.00586,1.3638
GAMpB,25.0114,24.99,25.03,24.9272,7344.92,24.9973
WIW,8.55,8.55,8.55,8.51,150900.7484,8.5446
TONX,3.33,3.54,3.575,3.23,608965.816738,3.3834
GLMD,0.5804,0.5988,0.61,0.561,67839.0,0.5846
AERO,15.69,16.1,16.13,15.41,83848.194538,15.7055
FTRI,17.7463,17.56,17.77,17.56,28857.515213,17.744
EYPT,13.98,13.76,14.68,13.76,989493.53865,14.1968
EOG,133.31,131.61,133.49,130.92,3366804.874948,132.5234
SDVY,41.62,41.96,41.9899,41.55,961074.837975,41.6853
ISD,13.44,13.51,13.56,13.4,67983.202874,13.4605
SD,15.14,14.67,15.16,14.6488,365739.35093,14.984
SLDP,3.15,2.96,3.23,2.935,8115018.643685,3.1181
CCD,25.195,25.09,25.3999,25.02,138829.8101,25.2289
TUR,43.74,43.93,43.98,43.69,277450.219374,43.7953
DTG,17.23,17.24,17.24,17.1637,10172.245,17.221
EW,77.17,79.73,80.085,76.49,5262032.066153,77.4754
PRDO,35.63,36.04,36.57,35.36,763617.625574,35.7715
NI,47.03,47.07,47.465,46.875,5078497.056657,47.1148
BXSL,23.62,24.0,24.08,23.605,2773008.247742,23.7824
AJAN,28.3326,28.38,28.39,28.301,1830.0,28.3808
REXRpB,21.8,21.85,21.86,21.73,1285.0,21.8018
INFY,12.3,12.63,12.66,12.23,11768618.898808,12.3923
NATL,43.81,44.26,44.335,43.69,659478.805077,43.8915
DBRG,15.65,15.65,15.66,15.64,2250940.711482,15.6477
DDS,556.79,564.69,575.85,553.72,181690.25954,560.8519
NRUC,23.96,23.98,24.045,23.8815,6156.853748,24.0174
ELPC,12.26,12.44,12.51,12.235,155900.593164,12.3496
PXED,30.24,30.75,31.38,29.8,65427.526025,30.2749
IGM,155.36,154.26,155.81,154.06,370736.705571,155.1402
UG,7.0,7.1,7.1,6.9,11644.0235,7.0541
MRX,55.76,56.05,56.93,54.962,872505.891598,55.9657
MFVL,20.0599,20.24,20.6,20.02,5888.631,20.1979
BOTJ,23.26,23.45,23.45,23.15,11211.824753,23.3248
IZEA,4.42,4.37,4.54,4.242,79014.4206,4.4176
NVRI,18.88,19.26,19.51,18.77,1254786.068267,19.0408
SHOpH,21.33,21.7,21.7,21.05,10047.7977,21.2215
PIPR,79.98,80.87,81.58,79.59,668502.772466,80.1011
ZCMD,1.5201,1.61,1.66,1.5201,12865.315142,1.5764
BSM,13.38,13.33,13.52,13.21,579629.214774,13.3938
EIC,10.49,10.49,10.75,10.37,188035.417615,10.5273
QGEN,32.63,33.38,33.705,32.605,1832641.377883,33.0443
RSG,197.73,199.61,199.885,196.41,2265299.150349,197.538
AENT,6.85,7.31,7.42,6.85,11674.965683,7.1097
DTF,11.485,11.45,11.5,11.45,21517.3071,11.4801
ALLpJ,26.19,26.2,26.21,26.11,15815.5122,26.1647
SAFT,70.85,71.85,72.12,70.52,98647.109118,71.0514
NEA,11.64,11.64,11.67,11.6001,583181.800225,11.6276
INSE,7.72,7.96,7.96,7.4105,88031.305353,7.7212
TURB,1.28,1.36,1.47,1.27,761042.441192,1.3521
FTOH,8.395,8.42,8.42,8.39,30841.383523,8.4005
KLRA,22.93,21.52,23.2,21.52,482932.693326,22.7942
UFCS,48.56,48.83,49.87,48.49,186015.809034,48.9116
EZRA,0.1549,0.163,0.169,0.1525,1561472.803014,0.1583
MED,12.4,12.51,12.76,12.13,182988.353873,12.4409
SBR,75.81,75.51,76.34,75.11,44900.095955,75.5155
CRBG,26.34,27.26,27.52,26.18,6354507.335923,26.6978
ESAB,96.57,101.29,101.39,95.64,683013.470543,97.0799
UNMA,23.33,23.52,23.55,23.33,26212.351,23.4921
XYZG,15.87,16.85,16.85,15.8,37871.8022,16.227
MFG,8.81,8.8,8.865,8.79,3623959.989874,8.8249
AMDL,56.59,56.93,59.18,54.71,16115684.267459,57.2798
BBWI,19.16,19.7,19.84,18.96,5110893.686446,19.1624
BLCR,50.2,49.84,50.305,49.84,1648852.276853,50.1632
WRBpF,19.44,19.45,19.45,19.31,15877.016,19.3915
HVII,10.44,10.42,10.44,10.42,3610.0,10.4287
FUN,20.15,21.85,21.88,19.83,2036424.332199,20.2677
PPG,107.95,109.3,109.65,107.61,1180177.54821,108.1933
HOMB,26.25,26.85,26.85,26.13,1877424.093023,26.2856
RVYL,6.73,6.49,6.73,6.49,5709.133726,6.5876
BBBY.WS,0.59,0.65,0.674,0.5811,58322.071428,0.6124
GPC,101.42,104.16,104.36,100.98,1474037.118753,101.8962
RCUS,24.86,25.3,25.81,24.83,637930.735326,25.154
ELVN,39.59,41.33,42.0,39.345,705307.424312,39.852
PK,11.03,11.34,11.44,10.995,3983865.905106,11.0797
TKO,184.5,186.12,187.5096,183.38,2567462.788555,184.4959
MCS,17.69,18.13,18.13,17.49,108996.496496,17.6748
GPRK,9.9,9.52,9.955,9.395,518750.136858,9.7546
THTA,15.575,15.6,15.6,15.54,43004.984402,15.568
OAKM,27.55,27.78,27.8287,27.515,159635.31813,27.6543
TGRW,47.3413,47.11,47.5512,47.11,5735.75,47.4489
NEO,8.66,8.94,8.99,8.57,1793370.794845,8.71
INBX,127.58,150.0,150.98,127.17,1330089.197783,137.8815
EAF,10.03,9.32,10.52,9.32,273246.586456,10.1032
EDOW,42.586,42.64,42.7199,42.4831,16391.3551,42.62
CUBE,40.82,40.6,40.975,40.39,1894731.446783,40.7453
KDP,28.71,28.83,29.0,28.545,9720966.903777,28.751
IBDX,25.215,25.245,25.26,25.2113,164168.1207,25.238
CALY,16.11,17.54,18.0,16.08,4136528.221695,16.5063
BULX,4.7703,4.56,4.9,4.505,42642.5,4.7129
SMTK,0.289,0.339,0.348837,0.27,561805.552085,0.2882
CGMS,27.53,27.54,27.56,27.52,782056.01765,27.5359
SWAG,1.69,1.58,1.73,1.58,55232.513955,1.6709
ABR,6.66,7.16,7.18,6.6,11306370.555504,6.7869
WIT,1.9,1.97,1.97,1.9,13701752.213681,1.9216
PBFS,14.52,14.47,14.625,14.365,7245.0,14.4935
TXRH,183.54,177.4,183.73,176.94,2263693.877966,181.2326
GMUB,51.26,51.34,51.34,51.24,21273.499,51.2766
MGEE,73.83,73.87,74.44,73.23,266627.935645,73.6437
ATER,1.12,1.09,1.16,1.05,415196.130233,1.102
FNDB,29.72,29.78,29.82,29.67,113583.242405,29.7369
GRAL,61.26,61.42,62.59,60.1666,588909.322384,61.1918
WEX,140.5,141.46,142.9,138.31,500689.201544,139.9714
NVIT,53.0925,52.23,53.77,52.145,8044.703729,53.1164
CSPI,9.06,9.28,9.93,9.02,12760.923862,9.2577
RUBI,2.29,2.75,2.83,2.265,142790.044582,2.5454
WTF,4.2,3.78,4.48,3.78,267653.4721,4.263
MBVIW,0.35,0.35,0.36,0.35,2377.0,0.355
SOR,46.375,46.3,46.76,46.0,18469.20947,46.3711
WLKP,23.72,23.46,23.88,23.2103,52617.916168,23.5568
DGICA,17.14,17.2,17.31,17.03,120277.394349,17.1513
VCV,10.71,10.69,10.78,10.69,108889.3708,10.7127
CABO,56.04,61.99,63.2872,55.85,182284.345531,57.9484
RHLD,110.0,110.79,116.45,108.975,220639.300813,112.1757
TOWN,34.57,35.04,35.14,34.39,621085.148726,34.6917
TD,107.09,107.45,108.0,106.802,1080600.150235,107.1796
PFIS,57.36,59.2,59.38,57.29,51036.0807,58.198
TACH,10.36,10.35,10.36,10.34,2857.0,10.3438
USNA,17.43,18.87,18.87,17.35,132090.184887,17.6335
BWZ,27.4665,27.5,27.55,27.42,52810.778673,27.4913
BCH,35.47,36.0,36.19,35.27,228112.05783,35.5633
SPKL,11.91,11.8,11.95,11.605,29463.0,11.7793
USMC,72.3779,72.01,72.59,72.01,43615.270448,72.4265
JHX,20.42,20.98,20.98,20.31,4696739.953053,20.4748
LOAN,4.33,4.27,4.335,4.265,15106.00569,4.2938
SPFI,39.58,40.59,40.885,39.39,75219.701762,39.671
GABpH,20.29,20.28,20.322,20.28,862.9844,20.3119
SNA,370.46,374.89,374.89,368.865,331551.522892,370.4786
BLW,12.76,12.82,12.82,12.74,103622.98467,12.7865
UVV,53.6,53.95,54.42,53.56,140361.429258,53.8218
SKE,32.62,32.18,33.24,32.03,557537.435001,32.5209
EMAT,9.47,9.42,9.67,8.905,113596.064361,9.3677
OII,37.93,36.96,38.1,36.96,966119.435304,37.7981
SFD,25.44,25.95,25.95,25.32,1111572.068032,25.5037
TSI,4.55,4.57,4.57,4.55,65870.5534,4.5569
MBIN,45.79,46.33,46.75,45.395,110922.8412,45.8646
DX,13.37,13.42,13.47,13.35,4279322.590136,13.402
NMRA,1.87,1.85,1.89,1.74,1465247.716055,1.8302
FNGD,37.0,37.24,37.48,36.4,728880.230495,36.8308
CVGI,5.21,5.12,5.33,4.89,853564.480024,5.1218
PRE,17.55,16.29,17.84,16.28,226572.097013,17.1382
APXTU,10.14,10.14,10.14,10.14,137.0,10.1324
GBDC,12.96,13.16,13.16,12.955,1339199.339515,13.0422
ATR,119.96,121.22,121.22,119.44,706134.064315,120.0291
BIS,8.5132,8.54,8.545,8.26,5629.24137,8.4867
SWBI,14.4,14.59,14.635,14.3,474523.213151,14.4302
RGR,37.58,38.82,39.04,37.26,181294.831326,37.6713
GRAB,3.65,3.71,3.76,3.62,51166108.441339,3.674
OEF,368.03,366.42,369.11,366.33,223216.720383,368.2239
WES,43.95,43.5,44.19,43.381,954508.28463,43.8906
SITE,121.55,121.95,125.17,120.73,752142.656298,122.6605
MCB,87.81,90.62,91.025,87.04,178461.904339,88.0642
LFCR,4.5,4.75,4.77,4.37,244186.041838,4.5422
ELTX,11.61,10.2,12.8,10.2,336113.204988,11.801
SEG,21.96,22.34,22.65,21.8,72333.849068,22.0332
CGCV,31.55,31.41,31.58,31.41,165922.53539,31.5185
OFRM,15.36,16.2,16.2,15.12,360806.07567,15.4176
ODC,76.47,77.94,77.94,76.37,42896.932678,76.8005
BETZ,18.31,18.53,18.6701,18.281,10833.034362,18.4027
SU,65.12,64.86,65.37,64.52,3173157.06679,65.0936
CHMG,67.08,68.68,68.68,65.0001,42254.098324,66.2122
FUBO,9.95,10.1,10.2,9.79,1640860.327681,9.9845
CMSD,23.61,23.59,23.64,23.4109,30817.3487,23.5799
TPB,92.71,92.43,96.96,91.54,536718.222213,94.0641
EXG,9.5,9.52,9.55,9.5,335626.87101,9.5213
AXP,312.32,315.29,316.3999,311.81,3081593.541175,313.0801
LGOV,21.55,21.62,21.6515,21.52,116202.550605,21.5703
CWH,6.76,7.57,7.57,6.69,3554197.574519,6.908
SRBK,18.23,18.35,18.46,18.2,38916.389578,18.3106
CHRW,169.98,171.56,172.25,169.27,1283119.885967,170.6664
SHAK,64.5,69.51,69.7,63.51,6441805.105752,65.0724
NCVpA,20.92,20.94,20.95,20.8,2668.3761,20.8419
SANM,245.44,244.37,253.47,243.158,778263.454487,247.8852
BRRR,23.12,22.89,23.16,22.69,189242.064433,22.9983
MSIF,12.37,12.79,12.97,12.35,379731.310198,12.6005
IEMG,82.97,82.89,83.2888,82.605,11954862.016419,82.993
DRI,195.8,196.1,197.5199,193.71,1039982.006457,195.7269
GSUI,18.9799,18.55,19.249,18.23,105026.933061,18.5493
GSLpB,27.245,26.99,27.38,26.87,3805.0001,27.0485
JBS,15.59,16.29,16.31,15.57,9451072.736992,15.8146
OPP,7.85,7.88,7.88,7.84,71860.0977,7.8478
MSFU,28.03,27.38,28.03,27.05,6067953.496405,27.7011
BLTE,151.97,154.09,158.645,151.97,67289.213843,154.0337
CRWS,2.76,2.85,2.85,2.75,33512.771698,2.7711
ALLY,42.74,44.25,44.4999,42.555,3339601.164867,42.8733
BATRK,50.22,51.89,51.89,48.61,541364.409193,49.6861
FTCS,91.72,92.11,92.27,91.47,1013114.016953,91.901
CSR,67.92,68.22,68.68,67.71,61209.25002,68.0409
AMZD,8.49,8.44,8.5,8.3401,9054408.98251,8.4079
ADV,35.84,39.94,39.94,35.69,62788.281755,37.5581
KLAG,31.3707,31.99,33.16,31.3,37173.699562,32.1155
GURE,3.57,3.4,3.625,3.4,13497.0,3.4947
KPTI,8.81,8.64,9.265,8.45,466729.817669,8.8601
PRA,24.64,24.74,24.75,24.6,740239.766453,24.6484
QAT,19.1,19.08,19.19,19.05,570503.721803,18.9992
MDAI,2.33,2.2737,2.43,2.2609,681471.458221,2.3604
BACpQ,17.06,17.09,17.1399,17.03,59104.87,17.0718
LKFN,60.06,61.62,61.62,60.03,213815.869096,60.3321
CR,182.57,180.34,183.945,178.381264,574058.293271,182.5116
BACpE,19.4,19.39,19.44,19.3363,18484.987,19.4092
VACI,10.14,10.16,10.16,10.14,29952.2155,10.1507
IYH,60.23,60.43,61.03,60.06,448751.423566,60.4323
KNSL,299.72,304.7,304.7,297.1,268848.034074,301.0518
SOJF,25.56,25.59,25.59,25.51,36441.45,25.5504
COR,259.7,263.36,264.72,258.15,2775429.027177,260.8651
AMTM,23.94,24.53,25.24,23.85,5092413.880504,24.4182
SOJC,21.86,21.81,21.892,21.81,26035.6364,21.8477
CDT,1.85,2.0,2.0,1.83,37144.151737,1.9099
SUNC,66.09,67.1,67.58,66.065,1291782.161912,66.7196
MBRX,2.44,2.4,2.499,2.4,137171.133,2.444
BTOG,1.82,1.9,1.9,1.76,61912.383332,1.8271
GPMTpA,20.0,19.8,20.05,19.8,2758.2921,19.9962
PTC,145.92,144.81,146.5,143.5001,1429438.254982,145.0838
IP,32.47,33.01,33.01,32.45,4692274.066523,32.6058
EVRG,83.43,82.38,83.66,82.27,2255788.357772,83.1204
FGRU,19.035,17.5,19.52,17.5,19767.665554,19.0576
YELP,25.28,27.06,27.5,25.27,1769598.750491,25.975
PBIpB,21.6,21.2018,21.88,21.2018,19992.209,21.5403
ITDE,39.49,39.47,39.53,39.39,18018.613412,39.512
SOWG,1.71,1.53,1.8599,1.4703,438786.243032,1.6553
PFS,22.09,22.5,22.53,21.99,1019266.768202,22.1261
CAMP,4.4,4.4,4.72,4.35,81383.790144,4.5011
HOVRW,0.4298,0.4663,0.49,0.42,107588.0,0.4479
BEN,31.55,31.0,31.5968,30.84,3763255.982976,31.3816
MKOR,65.01,64.45,65.47,64.45,90784.357245,64.8996
OKTA,81.69,82.96,84.6999,81.13,2335737.875993,82.0154
SCZM,9.43,9.08,9.75,9.08,626502.046737,9.4072
VNCE,4.17,4.64,4.71,4.0,428574.977856,4.2263
HPAI,1.27,1.28,1.56,1.22,32979555.707497,1.4388
AMCX,8.19,8.74,9.1979,8.0801,2597247.209002,8.2556
FOR,27.07,27.57,27.83,26.86,121227.311618,27.1327
RNRpF,21.5724,21.56,21.61,21.48,15382.867,21.5525
PFUT,25.57,25.44,25.57,25.44,697.9992,25.5219
MTVA,1.04,1.19,1.19,1.0,249937.228,1.0544
CNI,110.6,111.04,111.78,110.195,1210980.770128,110.5729
MSI,392.17,389.34,399.6,388.6,2008971.543687,393.6215
RFpF,25.94,25.88,25.96,25.88,33445.814,25.8989
GGB,4.81,4.86,4.88,4.79,11316214.542888,4.8274
HYFT,1.32,1.3,1.4,1.28,368084.645371,1.321
TVA,10.51,10.48,10.5226,10.48,30393.8706,10.5069
CX,13.29,13.08,13.385,13.06,4346855.721533,13.2763
MRLN,8.66,8.12,8.8,8.12,1007609.481819,8.5073
AALG,10.767,11.27,11.29,10.75,48792.640691,11.0872
JHAI,32.7662,32.35,32.97,32.35,3549.452285,32.7779
JAKK,22.52,23.14,23.14,22.13,58030.021585,22.4693
LZM,5.87,5.86,5.99,5.5016,660843.082768,5.7663
IMDX,4.91,5.01,5.108,4.71,226524.208239,4.906
SETM,39.28,38.56,39.64,38.31,321775.406542,39.2619
PHG,26.73,27.39,27.44,26.7,1488683.99118,26.9465
CARG,32.39,34.59,34.85,32.33,1550854.383446,32.9309
TOMZ,0.801,0.8397,0.8399,0.721,586254.995028,0.804
NWBI,13.7,13.95,13.97,13.67,924636.08826,13.7378
HMH,21.16,21.51,22.405,20.65,126932.555263,21.2364
PMVP,1.39,1.4,1.455,1.39,259591.180043,1.4262
JMSB,20.8,21.12,21.25,20.8,16373.518963,20.9026
FBIZ,55.51,56.49,56.59,55.055,24911.525593,55.518
CCS,55.24,55.14,56.4,54.86,606520.728233,55.6479
BZH,25.16,25.3,25.6,24.1,5546542.105698,24.8915
CGIC,36.37,36.34,36.415173,36.28,310966.386901,36.3528
BZFD,0.7299,0.7953,0.807382,0.7299,13823023.430477,1.8459
KN,36.26,35.6,36.41,35.1,1722201.408021,36.0679
LEVI,21.85,22.63,22.715,21.69,3632847.685088,21.9396
EPRpE,32.94,32.72,32.95,32.64,8545.30694,32.8941
SRG,2.66,2.7,2.705,2.6403,124953.176,2.6618
JRSH,3.35,3.36,3.4499,3.285,79509.2932,3.3335
CTOR,0.904,0.88,0.904,0.8221,284702.137426,0.8486
BSBR,5.7,5.83,5.84,5.66,780846.895444,5.7098
PLUR,3.52,3.42,3.525,3.42,8812.0,3.4822
HWKN,171.68,168.8,172.37,167.01,92922.168289,170.6726
VEEE,7.64,6.05,8.8,5.98,1244649.04847,7.7844
RCL,263.46,271.27,271.27,261.6,2208091.094684,264.1734
MTBpJ,26.82,26.78,26.86,26.68,41158.055,26.7431
PRLB,70.95,69.19,71.365,68.05,227978.412906,70.4704
VSTL,28.1,26.74,28.31,25.96,137083.1101,27.1047
PICB,23.65,23.72,23.72,23.6302,58319.636452,23.6722
NBB,15.93,15.85,15.99,15.62,48742.70864,15.8798
EBIZ,27.62,28.03,28.03,27.62,2226.523,27.8018
GABpK,20.6399,20.52,20.64,20.52,1349.3118,20.5877
AXSpE,19.69,19.75,19.79,19.64,33600.98,19.6931
SAIA,446.18,448.08,454.61,440.315,261355.028694,446.7007
IMNN,2.73,2.75,2.76,2.65,50035.899497,2.7055
SEALpB,25.6001,25.52,25.72,25.52,2469.0949,25.621
KBH,47.87,49.7,49.95,47.82,1066033.846485,48.1709
MANE,108.13,105.0,111.36,104.68,386699.064913,108.5354
DNL,44.81,44.76,44.81,44.59,19653.853718,44.6842
EUDA,14.4,13.63,15.0,13.63,13665.336883,14.1817
WARP,29.32,28.03,29.78,27.87,123151.952915,29.0951
AAP,51.83,55.19,55.35,51.77,1928368.670062,52.5328
EEMX,53.2032,53.24,53.24,53.01,1939.94178,53.1837
GOOS,11.11,11.85,11.85,11.1,486427.460521,11.2814
BRUN,20.97,19.25,23.7,18.6636,1725097.51935,21.5612
GHRS,21.26,21.31,22.21,21.02,110475.222906,21.4404
ARQT,21.24,21.32,21.722,20.94,3327291.915132,21.2026
TNC,85.98,87.4,88.18,85.97,115293.73014,86.4552
GXRP,28.68,28.34,28.8699,28.23,41913.185696,28.5897
SDFI,35.595,35.6,35.6,35.55,21227.1436,35.5901
TNL,63.61,65.16,65.57,63.46,863633.372229,63.8585
EXC,44.19,44.075,44.505,44.03,6027581.859461,44.2611
UTI,36.75,35.7,37.34,35.405,800010.033448,36.4483
DVLT,0.5109,0.56,0.565,0.5109,51453862.541402,0.5462
FSBW,39.96,40.61,40.61,39.8101,9900.8372,40.1864
AVTX,20.25,21.81,22.02,19.802,2881491.008274,20.43
GLP,47.81,48.22,48.75,47.6501,78509.857106,48.466
YOU,56.89,56.9,57.94,56.33,1716004.573415,56.869
DCI,85.59,86.3,86.6,85.14,456817.72101,85.7531
HAFC,29.64,30.44,30.44,29.56,215319.123596,29.7504
HOPE,12.14,12.46,12.52,12.12,1004041.504666,12.2067
MAMO,0.9991,0.97,1.0,0.96,70994.823324,0.9774
MASI,178.5,178.35,178.75,178.31,833052.185176,178.541
VGUS,75.535,75.54,75.54,75.53,240025.637703,75.5407
BMR,1.88,1.96,1.9608,1.85,79393.035099,1.8993
CELZ,2.18,2.26,2.34,2.18,68075.629331,2.2408
RENT,4.54,4.7,4.74,4.5,49484.890686,4.6001
CNR,86.07,85.5,87.76,85.5,566805.972542,86.4912
IHS,8.24,8.25,8.26,8.23,777903.850784,8.2445
ORCL,193.84,192.15,195.6822,190.6,16890587.787642,193.3225
CMSpC,17.35,17.34,17.36,17.2,13001.1057,17.2887
MDV,17.77,17.99,18.05,17.68,70851.74727,17.8441
NUVB,4.76,4.71,4.86,4.71,2779918.365608,4.7868
MPWR,1661.1,1594.49,1663.9899,1585.0,526695.458061,1643.4647
PENN,15.94,16.59,16.59,15.87,2783085.866517,16.0669
CAPR,31.9,30.3,32.55,30.02,1671314.347796,31.6383
FAAA,50.165,50.17,50.18,50.15,37581.987,50.1705
SUNE,1.61,1.66,1.66,1.5653,146330.009108,1.6024
CMRE,17.27,17.63,17.68,17.1,569294.539242,17.3008
TBI,5.38,5.57,5.74,5.26,264756.625298,5.3887
CVCO,480.96,485.87,486.855,477.0,138783.1242,482.1488
QQLV,24.3143,24.58,24.58,24.29,3210.8663,24.4729
PAX,11.75,12.3,12.3,11.725,1668489.778899,11.8261
STHH,117.787,115.72,117.787,115.72,1870.960948,116.8508
CNTA,39.59,39.57,39.645,39.55,974664.892832,39.5844
BTTC,1.33,1.32,1.37,1.3,20614.611997,1.3254
WSR,18.98,18.98,18.99,18.98,404343.193685,18.9828
AVY,162.02,163.78,163.78,161.38,705568.889444,162.1819
NAAS,2.37,2.33,2.83,2.17,34451.718919,2.3902
TSCM,19.5266,19.64,19.64,19.4664,964.0,19.491
TpC,18.77,18.75,18.8,18.75,100334.63406,18.7777
BSMR,23.6456,23.66,23.665,23.63,42379.0227,23.6448
GAP,21.74,23.25,23.25,21.515,13251097.052673,21.9154
AGMpF,18.9901,19.07,19.07,18.985,11160.8157,19.0065
FCTE,26.47,26.45,26.745,26.41,32370.326707,26.607
BNS,77.04,77.46,77.81,76.87,2274895.775724,77.1231
FDIG,45.6197,44.36,46.74,43.7,77646.791503,45.4513
SSP,3.79,4.47,4.4951,3.62,1382090.143152,3.9371
CXE,3.75,3.74,3.81,3.73,125147.25515,3.7773
SEPI,27.67,27.67,27.72,27.6401,42522.116367,27.6908
HTOO,2.91,2.74,3.04,2.74,76079.615847,2.8949
FUTG,9.19,10.14,10.14,9.14,186738.0,9.6847
PEP,149.41,154.39,154.7,149.06,8373262.796815,150.0443
SAGT,1.365,1.47,1.49,1.3,327747.905301,1.4215
PANG,13.24,12.61,13.325,12.3202,87183.893674,12.998
DLPN,1.45,1.48,1.4824,1.41,76183.0,1.4453
BWLP,20.5,20.9,20.94,20.43,306491.784624,20.5717
HAIN,0.7274,0.75,0.78,0.6745,1638514.383772,0.7384
ETON,29.84,29.21,30.56,29.21,230750.600025,29.8487
CLUB,25.3414,25.5,25.5,25.26,52590.844145,25.343
SWKS,70.13,66.71,70.17,66.46,5647560.415271,68.961
ACWX,75.69,75.79,75.885,75.58,1497622.072713,75.7359
GLGG,11.8627,10.5,12.1952,10.28,41161.700933,11.5385
PNC,214.59,217.31,219.06,213.77,2698297.526779,215.3119
SGLY,0.4347,0.4488,0.4488,0.42,31818.22,0.435
QTRX,2.8,2.78,2.87,2.58,3159583.03941,2.7331
DCOM,36.67,37.41,37.6,36.65,541272.324559,36.9658
MYGN,4.21,4.26,4.44,4.17,1158085.459999,4.2658
STVN,18.28,18.3,18.3,18.071,451187.293469,18.2584
BC,79.53,81.67,81.815,79.26,426265.044351,79.8195
FBIO,2.24,2.39,2.4299,2.235,454092.401654,2.3115
TUSB,50.43,50.43,50.455,50.38,10309.0,50.4193
BNKK,2.34,2.41,2.49,2.33,124812.726098,2.3978
BIB,83.1915,82.86,86.16,82.5896,17648.44791,84.5267
MRNOW,0.0431,0.0422,0.0431,0.0421,6200.0,0.04228
HFRO,6.17,6.18,6.25,6.15,91119.87797,6.1919
LFVN,5.14,5.29,5.49,4.95,175577.787129,5.1447
AOUT,9.28,9.28,9.555,9.1,42541.592224,9.254
OMER,14.36,14.14,14.76,14.13,800492.102816,14.44
ORKT,1.04,1.03,1.08,1.0,103338.2,1.0557
GROV,1.3,1.27,1.31,1.26,83645.712836,1.2743
FPA,54.215,54.29,54.6752,53.9581,4193.870205,54.2485
CIB,64.31,65.27,65.51,63.84,322936.895868,64.5735
SDGR,12.72,12.98,13.37,12.625,1978277.665253,12.8817
AXIApC,11.25,11.45,11.51,11.065,83401.138583,11.3075
RSPA,52.3,52.25,52.33,52.04,247179.204569,52.1594
RIET,9.56,9.68,9.6995,9.56,41853.043271,9.6067
WFCpL,1190.3,1190.0,1190.99,1186.0001,6298.5869,1188.8564
EVC,8.87,7.34,8.87,7.34,7153174.475789,8.3075
LOPE,161.96,165.17,166.28,159.76,299992.478888,162.5793
EIS,136.14,135.2,136.4,135.02,88162.996825,135.9185
SID,1.37,1.39,1.395,1.35,3207910.525419,1.3703
ATOM,8.28,8.15,8.88,8.1,2285268.218871,8.3869
KRBN,32.14,31.81,32.14,31.81,5951.486738,31.8639
JSCP,47.14,47.18,47.19,47.14,120094.7057,47.1648
PERF,1.7,1.71,1.72,1.69,169099.03072,1.7071
HLF,13.51,14.4,14.4,13.48,2458834.395711,13.6862
YPF,44.93,42.91,45.04,42.52,1943086.713239,44.1327
DV,10.43,11.14,11.4,10.345,3798201.02832,10.5655
VRSK,168.57,170.64,171.87,166.68,1422238.58115,168.6077
NPV,11.52,11.52,11.54,11.47,31548.1327,11.5067
DLO,13.26,13.6,13.675,13.05,2354693.160905,13.2823
BFLY,4.2,4.14,4.35,4.14,3626720.791241,4.2433
RGEN,115.91,124.18,124.72,115.6,1283838.943415,117.8915
FDSB,15.1,15.11,15.175,15.1,9487.891758,15.1161
CLLS,3.98,3.94,4.11,3.85,29238.566067,4.0504
TIC,9.72,9.9,10.13,9.69,1846985.557326,9.8157
AGNCO,25.56,25.61,25.61,25.51,16663.0116,25.575
IDXX,532.0,559.9,559.9,524.62,761446.63724,534.4946
FERA,10.365,10.36,10.37,10.36,20534.0,10.3699
MRSH,161.58,162.99,164.82,161.38,4216073.480174,162.5435
LII,521.48,520.58,525.61,513.735,428348.684338,521.7765
TFII,137.43,137.77,137.915,135.41,151574.273998,136.9665
AVLN,29.57,27.28,30.4299,27.27,306734.206685,29.5393
BOOM,7.19,7.51,7.525,7.185,178166.697636,7.3076
RFMZ,13.32,13.17,13.35,13.17,106056.5327,13.3028
SKK,4.98,5.48,5.48,4.7,313792.081212,5.1025
FMY,11.66,11.75,11.7699,11.55,3671.0397,11.7197
TV,2.85,2.88,2.89,2.825,976706.154615,2.8447
FTA,93.0175,93.65,93.65,92.9128,22839.35973,93.2076
AGAE,0.46,0.46,0.48,0.4502,575785.202602,0.4568
GSpD,19.22,19.21,19.24,19.1,150078.7406,19.202
ATPC,2.27,2.35,2.42,2.27,40460.316504,2.3196
ELC,20.6343,20.68,20.68,20.59,11532.285,20.6494
EIKN,9.95,10.53,10.88,9.89,634769.013515,10.334
VMD,9.03,8.84,9.06,8.432,359219.901805,8.9671
AP,11.86,12.02,12.3,11.8184,168224.175961,12.0448
RKLX,72.57,59.4,80.0,57.55,6699429.496423,69.5656
CODX,1.9,2.55,2.65,1.8201,1506297.613814,2.1391
ETJ,8.45,8.47,8.5,8.437,114474.9425,8.4661
TRGP,253.18,249.63,255.94,248.29,1062902.33975,253.3639
RMR,19.53,20.25,20.4208,19.53,209819.219383,19.839
SLND,1.26,1.05,1.29,1.05,146812.434769,1.1979
PSApM,16.28,16.25,16.28,16.18,9428.6388,16.242
TSMX,79.35,80.27,80.68,76.83,1650497.645292,78.8025
CDIO,1.85,1.76,1.97,1.76,56737.62821,1.8982
SCM,9.47,9.66,9.79,9.46,236946.917003,9.5996
MBB,94.67,94.77,94.78,94.575,2516205.381195,94.6417
SMCL,66.0611,72.86,77.8999,66.0,148891.749855,71.6908
TENpE,26.65,26.83,26.84,26.65,6682.725,26.7416
DTSTW,0.0278,0.0224,0.0353,0.0193,133593.0,0.02935
CWAN,24.38,24.36,24.39,24.33,4893969.296026,24.3677
SAM,188.54,198.13,199.67,187.57,303143.197494,191.9812
CLF,11.24,11.1,11.335,11.05,10769784.502431,11.2164
KEYpL,25.09,24.91,25.1,24.87,17337.8881,25.0455
FROG,69.01,69.01,71.6499,66.82,3930946.589857,68.6593
FFC,16.07,16.11,16.15,16.05,72809.3274,16.1064
VTMX,35.66,35.73,36.13,35.38,92877.385427,35.8221
BLK,1081.32,1084.0,1089.88,1071.535,587585.619557,1081.3151
LYG,5.36,5.42,5.42,5.34,16179796.25736,5.3847
TOL,135.15,137.66,138.34,134.75,980044.99702,135.4094
PRH,23.85,23.86,23.86,23.775,18778.831,23.8345
NSC,311.11,313.39,316.0,310.77,2011393.291669,311.327
EFAS,22.075,22.02,22.1001,21.96,48109.461826,22.0476
MDT,74.54,76.25,76.5,74.4,10495717.971351,74.9326
NMZ,10.22,10.22,10.26,10.19,634369.24252,10.2267
SXI,260.0,261.42,266.915,257.72,170977.548711,260.7122
ELV,381.75,379.8,382.49,373.165,1947444.256274,379.4908
ESPO,90.2906,90.68,90.86,90.26,11402.175674,90.5831
EGBN,25.64,26.37,26.465,25.52,237418.028189,25.7211
BH,247.83,296.38,302.0,234.915,92064.899682,248.0282
AWAY,17.4254,17.77,17.77,17.42,8697.546585,17.6194
ZEO,0.9248,0.85,1.02,0.85,169433.50502,0.9498
AIG,76.06,76.77,76.98,75.45,3121853.130942,75.936
VST,152.05,148.0,152.75,146.2781,5905405.48825,150.1334
KNSA,58.37,58.98,59.745,57.36,399173.86019,58.5669
GLRE,17.7,17.89,18.0,17.66,156544.333823,17.8115
OI,9.05,9.31,9.31,8.85,2328581.778972,9.0353
CATO,2.91,2.87,2.9465,2.86,12777.306567,2.8987
LINT,247.5,249.53,257.65,227.09,455211.613989,242.6222
EMXC,97.94,97.63,98.305,97.285,2555255.581652,97.9681
GETY,0.8096,0.852,0.852,0.8,1941563.258613,0.8146
SABA,8.48,8.41,8.5099,8.41,42509.9024,8.4726
CRI,32.73,35.48,35.48,32.6,1072245.809523,33.4413
WRB,66.41,66.02,66.57,65.53,1672072.389658,66.2723
UZF,18.12,18.17,18.17,18.02,3079.0,18.0662
GLpD,16.04,16.04,16.09,16.02,5234.001,16.0413
GVA,141.21,141.67,142.19,140.39,580741.269629,141.1678
ALLE,132.35,134.09,134.44,132.055,1017317.292823,132.6945
ENB,54.46,54.14,54.88,53.81,3088720.824235,54.4909
AFGE,16.9799,16.99,16.99,16.88,5709.1692,16.929
ATIIW,2.05,1.97,2.2,1.87,311692.007462,2.0288
UI,738.61,823.2,835.75,728.19,269646.807657,751.2661
VTOL,42.43,42.48,43.04,41.45,233339.501042,42.326
METpE,23.105,23.04,23.15,22.9301,58286.1713,23.0778
BHFAN,12.99,13.0,13.015,12.9225,50720.0639,12.9824
RVPH,0.7953,0.8677,0.88,0.791501,495735.017553,0.8343
FLCV,34.1873,34.16,34.3,34.16,7590.6296,34.2223
AIS,70.93,69.12,71.595,69.0,681678.623946,70.519
ROOT,56.63,55.09,57.57,54.2475,374560.493619,56.5004
FSUN,35.73,36.75,36.9999,35.67,220254.795481,36.1503
PHK,4.6,4.6,4.62,4.57,786968.976217,4.589
IUSV,108.72,108.73,109.0,108.51,560294.514741,108.7233
DAO,12.16,12.56,13.04,12.03,94723.079374,12.5624
OFIX,11.67,11.89,11.93,11.62,375412.48291,11.7248
CNTN,3.19,3.03,3.35,3.02,780474.417442,3.2302
RIOX,55.54,49.27,57.645,49.27,404577.822496,55.5412
MTRN,203.03,200.95,204.83,199.33,393180.639794,202.5337
CEW,19.54,19.58,19.67,19.54,3876.6742,19.5922
SPXX,17.94,17.75,17.99,17.7,210527.371728,17.9009
AOMR,8.5,8.76,8.88,8.49,311591.466125,8.5616
GLOPpB,25.845,25.9,25.9,25.71,662.0,25.8008
ALLpI,19.1701,19.27,19.3099,19.17,12953.9049,19.2096
CRWL,34.76,32.1,34.76,32.1,240035.674214,33.3142
BIP,37.44,37.01,37.52,36.96,935094.651022,37.3603
PAR,15.39,14.76,15.625,14.36,2862426.888609,14.9546
ILLR,0.2593,0.259,0.2638,0.236,478757.827073,0.2505
WIX,79.31,79.99,82.48,76.57,1553401.547428,78.6209
FIIG,20.85,20.86,20.86,20.83,142075.9773,20.849
LESL,1.48,1.62,1.6387,1.47,80525.478245,1.5472
GHG,1.2,1.27,1.27,1.17,76321.769207,1.1919
RXO,20.7,21.85,21.93,20.66,2651514.466903,20.9701
CGCP,22.36,22.41,22.42,22.36,2023005.518573,22.3817
HCAT,1.38,1.51,1.51,1.365,282617.556031,1.4137
SPHB,142.31,141.9,142.59,141.5,147107.934684,142.128
SPVM,70.47,70.91,70.91,70.34,11199.8979,70.5626
EXK,11.32,10.5,11.32,10.4,12125706.628531,10.9483
INTU,393.29,392.52,400.08,389.0001,1622467.808508,392.9242
LHX,302.35,298.0,303.91,296.6709,1298644.472855,301.9734
BKE,50.18,52.39,52.39,49.93,494761.011427,50.4499
MFM,5.53,5.55,5.5599,5.505,106281.17953,5.5249
MA,497.81,495.0,501.655,492.01,3959768.502558,498.2869
WPM,143.8,140.0,145.61,139.81,2770484.413793,143.7649
AWK,126.01,125.82,126.215,124.99,1574366.865922,125.7334
CHE,421.43,425.16,428.065,414.73,170082.835422,419.7181
DCTH,11.06,11.41,11.62,11.035,667770.696897,11.2659
METCZ,25.37,25.35,25.37,25.23,4042.083,25.3345
IUS,64.2694,64.35,64.48,64.2358,45934.036134,64.3226
SBRA,20.68,20.79,20.95,20.6625,1458118.06906,20.7525
WMB,74.18,72.29,74.25,71.95,5815548.482706,73.7327
RPT,14.7,14.93,15.04,14.64,16318.925108,14.8645
LNGX,43.15,42.91,43.3068,42.72,17308.99935,43.0004
RWT,5.33,5.54,5.57,5.3,1592087.219231,5.3951
HOTH,0.6601,0.66,0.6672,0.65,233344.207096,0.6591
BSAC,29.79,30.06,30.26,29.61,248561.186808,29.8319
PIM,3.24,3.29,3.29,3.24,35103.9161,3.2409
DWAS,115.477,114.61,116.16,114.61,6989.383484,115.6824
SAH,80.82,81.45,83.305,80.195,290075.794021,81.5882
NAT,5.82,5.93,5.96,5.77,2998913.374009,5.8546
BTI,60.44,58.86,60.445,58.86,6672454.274559,59.788
XBIO,3.14,3.13,3.348,3.13,9626.0,3.1864
MRP,27.29,27.1,27.53,27.06,2227900.261083,27.2964
BKD,12.81,13.04,13.29,12.635,4741353.36357,12.848
FJP,79.555,79.3,80.0,79.17,6118.112141,79.5995
THQ,18.3,18.4,18.5984,18.25,82328.681663,18.3769
KRAQW,0.5,0.55,0.55,0.5,657.0,0.5381
BAFN,6.6,7.0,7.0,6.5,125403.465376,6.6723
PFD,11.55,11.52,11.565,11.52,19803.9343,11.5495
ATHpE,25.52,25.41,25.6099,25.41,19561.6906,25.4944
INCY,100.32,99.04,103.01,99.04,1662287.873099,100.9145
GNK,26.23,26.0,26.62,25.86,289945.879047,26.2733
LEGR,64.5963,64.67,64.795,64.49,4007.302295,64.6491
KUST,3.5525,3.72,4.38,3.52,171939.1545,3.9423
NRIX,16.28,16.56,16.93,16.24,660433.515531,16.4822
CNVS,2.56,2.56,2.625,2.5001,54032.394043,2.5513
PTF,125.76,122.04,126.65,122.0,105306.205777,125.0101
MINO,45.44,45.45,45.47,45.39,94011.5438,45.4459
COIO,8.774,8.34,8.774,8.22,838.857282,8.37
SMCX,16.34,17.99,19.2621,16.27,3335807.937612,17.8288
HOVR,2.24,2.43,2.5293,2.24,3250968.100979,2.357
CE,59.55,58.56,60.07,57.79,2233288.570555,59.372
KBDC,14.6,14.92,14.9699,14.57,195920.320857,14.7416
AMCI,5.5,5.83,6.1,5.5,85980.01742,5.758
KT,21.08,21.12,21.441,20.94,876325.792896,21.044
ETpI,11.64,11.6,11.67,11.12,264210.4709,11.4188
GRNT,5.25,5.13,5.3,5.05,829726.224077,5.2407
NSA,43.65,43.84,43.84,43.4,929057.870507,43.6273
CBU,62.46,64.14,64.21,62.2,192986.962844,62.5663
ADVE,47.2623,47.24,47.275,47.22,2104.0754,47.247
JFLX,50.0654,50.07,50.14,50.06,63558.2005,50.09
DPST,110.67,117.85,118.73,109.4,872103.266903,112.2294
APLY,12.56,12.52,12.56,12.435,102022.806018,12.4989
CLGN,0.3933,0.39,0.43,0.39,9590.424289,0.4123
PONY,9.11,9.09,9.25,8.88,6213253.319785,9.0748
MPA,11.47,11.44,11.48,11.42,9864.71202,11.4519
ICMB,1.54,1.68,1.7,1.51233,73071.773939,1.5651
WDS,22.27,22.24,22.33,22.07,641668.397247,22.2067
AER,146.22,148.41,150.32,145.73,1313663.283035,147.2535
MTBA,49.44,49.52,49.525,49.44,87416.266247,49.4793
MMED,11.16,11.6,11.875,11.1,579486.990562,11.3633
DSYWW,0.0177,0.0196,0.0196,0.0138,19020.66835,0.01642
SND,4.9,4.82,4.975,4.71,320740.322788,4.8855
PAY,26.67,26.43,27.54,26.0,876134.878862,26.8862
FLIN,34.72,34.97,35.075,34.705,429987.620535,34.8121
BIXI,9.96,9.99,9.99,9.96,937.0,9.9699
SLGN,39.6,40.36,40.775,39.34,632213.692841,39.6469
BHC,5.37,5.73,5.76,5.3201,2037499.186696,5.4473
HPPpC,15.45,15.53,15.6,15.44,5551.6126,15.5038
PLNT,48.4,45.66,48.57,45.185,5323958.614607,47.96
JMIA,7.51,7.55,7.741,7.245,3269303.094801,7.5563
BSJT,21.265,21.29,21.3,21.26,92776.08739,21.2882
GDS,44.95,43.6,45.25,43.5,1303621.347889,44.8808
QCOC,23.655,23.66,23.68,23.65,3079.0,23.6653
SUJA,17.58,17.76,17.87,17.455,459879.600232,17.6341
HUBS,191.34,196.52,206.2052,188.64,2805922.835356,192.9163
FEM,33.7304,33.65,33.77,33.6201,138323.742015,33.7247
NB,6.13,6.01,6.2493,5.81,3916000.506422,6.0921
ABG,197.49,200.57,201.96,196.055,308062.354357,198.5743
ONFO,1.15,1.12,1.16,1.12,202997.858215,1.1418
RDI,1.05,1.05,1.07,1.03,28598.0,1.0554
AXIA,11.68,12.0,12.0,11.615,2139602.564988,11.7359
PBI,15.9,16.07,16.52,15.515,6267944.925941,15.9001
BUYB,39.327,39.64,39.64,39.255,28763.539319,39.319
JWEL,2.35,2.52,2.52,2.2702,1557.0,2.4387
PTLO,4.12,4.32,4.4,4.105,2197285.88251,4.2211
OKLO,78.13,71.41,79.65,69.22,17333297.905795,76.7641
PPCB,0.0941,0.0948,0.098,0.0904,677425.515247,0.09391
EAI,20.7562,20.79,20.7995,20.75,11367.792,20.7739
IHD,7.44,7.43,7.49,7.43,88872.9731,7.4526
DFLV,38.14,38.12,38.21,38.03,1027620.927757,38.1227
EMR,139.43,141.3,141.5,139.09,2487558.875716,139.9359
HFROpB,16.4,16.37,16.42,16.37,24001.665,16.4001
HVAC,41.6364,40.96,41.84,40.96,14560.1222,41.635
FEAC,31.5192,31.35,31.67,31.35,1601.2811,31.5585
AVNW,15.86,15.8,16.325,15.79,233309.780113,15.9684
MBSD,20.67,20.66,20.69,20.66,10337.9571,20.6659
LPG,40.41,40.6,40.99,39.99,464430.292214,40.5325
TTRX,3.88,3.7,3.885,3.7,9676.390013,3.789
LAR,11.79,11.76,12.05,11.4101,4449498.900944,11.768
VIS,341.95,338.58,343.325,338.395,81509.874999,341.2862
IEF,94.64,94.86,94.879,94.635,4025428.500456,94.7177
BUZZ,37.61,37.07,38.0,36.96,80472.935658,37.6475
LEN,87.09,87.97,88.25,86.765,2791012.620388,87.1759
CEPO,10.58,10.57,10.58,10.56,36195.619419,10.5683
TZOO,8.73,8.93,8.93,8.22,230932.397945,8.5562
ANPA,6.87,7.01,7.5099,6.32,45497.60838,6.798
MUA,10.74,10.74,10.76,10.71,94359.60329,10.7378
IOYY,9.341,9.03,9.35,9.03,31181.5294,9.2855
NPWR,2.04,2.0,2.14,1.945,810554.670102,2.0703
VONE,333.34,332.32,334.12,332.32,63529.350659,333.4018
SDHY,16.03,16.08,16.13,16.02,68206.439574,16.057
ATEX,55.72,56.28,56.4999,54.81,479359.589697,55.7286
CGEM,14.73,14.74,15.21,14.62,875926.928822,14.8487
PWP,18.08,18.52,18.78,17.86,1127789.031373,18.1765
IMRN,0.86,0.79,0.880101,0.79,14248.154232,0.8544
VGLT,54.72,54.91,54.935,54.695,1161906.391575,54.7974
RLI,48.34,49.2,49.57,48.28,1165987.992391,48.7566
CMC,71.16,71.18,71.84,70.145,950903.030983,71.2604
BVS,10.19,10.52,10.825,10.165,450624.890319,10.3404
CRVS,15.81,15.87,16.85,15.745,1141256.549377,16.0436
JBHT,240.75,245.14,245.465,240.0,694519.482652,241.5719
SBSI,32.69,33.37,33.37,32.66,62652.71894,32.8165
ISPR,1.65,1.75,1.8168,1.62,34056.601109,1.6896
CNXT,57.1,56.4,57.35,56.299,315947.966035,56.8208
PSO,14.7,14.81,14.83,14.67,662984.933643,14.7452
RSKD,4.68,4.74,4.795,4.6,949914.173279,4.7121
HUYA,3.28,3.11,3.28,3.09,1331363.162252,3.2084
SEMI,37.4567,37.21,37.63,37.21,13878.490859,37.4824
SPIT,32.2138,31.73,32.2138,31.73,8030.6065,31.9555
LDOS,127.68,128.68,129.99,125.34,1890279.874001,127.2419
AKBA,1.15,1.15,1.23,1.14,5541735.838042,1.1784
NPACU,10.38,10.5,10.5,10.38,368.0,10.4613
FMNB,13.98,14.17,14.2,13.97,381922.6287,14.018
ORCLpD,57.2,57.15,58.22,56.51,133720.9876,57.0034
WT,19.4,19.22,19.62,19.03,3372147.945451,19.4747
BOE,11.92,11.91,11.95,11.86,148205.471364,11.9164
ABSI,5.78,5.99,6.72,5.755,6371132.59598,6.2354
EMPB,31.8611,31.7,31.865,31.69,2120.3321,31.8119
IGSB,52.42,52.47,52.48,52.42,1858510.27541,52.4533
ASIC,19.35,19.69,19.805,19.34,38228.6052,19.5264
PYXS,2.75,2.66,2.92,2.66,756528.710877,2.8317
DTEC,47.15,47.09,47.39,47.09,5442.651174,47.1677
AMX,27.42,27.2,27.72,27.18,1308690.607885,27.4726
MSB,29.15,28.88,30.025,28.635,219867.201319,29.2865
DG,104.63,111.83,112.305,103.64,6574903.842572,105.607
ESTC,50.38,51.42,52.74,49.485,2144213.649648,50.28
EPOW,0.7065,0.698,0.745,0.683,248547.240191,0.7054
OIA,6.18,6.21,6.24,6.17,117493.9834,6.2057
INDY,42.54,42.84,42.9,42.52,184105.523123,42.7036
METpF,19.29,19.29,19.31,19.18,52781.63,19.2594
IRS,13.98,13.82,14.2094,13.645,192657.912262,13.9718
COFpN,16.34,16.32,16.36,16.305,26427.1609,16.3336
ATS,34.25,35.12,35.24,34.16,84164.124024,34.6331
MGX,1.35,1.39,1.4,1.34,226407.763579,1.3762
ENVB,2.81,2.74,2.99,2.68,225798.163789,2.8527
HISF,44.5666,44.65,44.67,44.5666,54864.6287,44.6113
ASIX,22.53,20.39,23.01,20.39,681399.027525,22.4127
SNX,237.02,240.06,242.49,236.61,766038.199647,238.1435
ENFR,38.34,37.91,38.41,37.75,93794.917077,38.122
SEI,74.66,73.55,75.5,72.94,1866566.614219,74.6771
AME,232.16,232.97,234.01,231.12,1250539.946078,232.3373
BTO,36.67,37.45,37.615,36.55,63322.609369,36.8867
EZA,71.74,72.09,72.805,71.5,222664.300129,71.941
AZN,181.86,183.79,185.805,181.725,2106701.028901,183.5972
PBF,42.52,41.5,43.565,41.5,3125227.332426,42.6828
SMA,32.33,32.59,32.88,32.21,354579.421831,32.3929
SKM,39.1,38.39,39.34,38.09,3209155.714875,38.8163
BIT,12.77,12.85,12.88,12.7,276288.336317,12.7674
FDMT,10.79,10.25,11.21,10.2001,1021746.140911,10.7923
NTST,20.7,20.64,20.83,20.52,1210028.345223,20.7144
VCRB,77.185,77.26,77.3,77.175,364602.352567,77.2257
FNF,48.29,50.24,50.31,47.76,1823524.862577,48.4627
OAKpB,20.96,21.09,21.09,20.8301,3947.0732,20.9451
IDEQ,35.2,35.14,35.247,35.11,182401.9159,35.1951
CARS,10.93,11.62,11.87,10.92,856003.374384,11.184
BLSG,6.77,6.63,7.1,6.1059,44019.0,6.6925
VNET,9.14,8.91,9.38,8.91,9257957.95231,9.1743
ENSG,169.41,171.45,174.39,167.53,798471.319722,169.6353
ARVR,55.6561,55.63,55.6561,55.63,119.9926,55.6271
LIQT,2.28,2.29,2.3224,2.16,7877.072751,2.2678
BACpL,1210.75,1216.76,1217.095,1208.0,7094.7571,1211.7788
DTM,145.3,143.44,145.68,143.32,629790.713414,144.9757
ARE,46.0,46.05,46.85,45.56,1980550.22482,46.0784
FNGO,134.9502,133.95,135.96,133.95,11447.950188,135.1459
PCG,16.21,16.16,16.335,16.11,21682559.668674,16.2341
PAMT,10.05,10.12,10.96,10.05,14720.536665,10.3054
HFFG,1.9,1.92,1.9309,1.85,408570.165489,1.9859
PNFPpC,25.21,25.29,25.3,25.03,4634.9577,25.2434
AWF,10.09,10.18,10.185,10.06,956844.758205,10.1012
AHR,50.38,51.31,52.45,50.3,2780492.7605,50.7883
BMRC,25.7,26.01,26.48,25.5,125050.5791,25.7165
AHRT,6.48,6.4,6.5,6.33,848548.592151,6.4543
BSJR,22.455,22.48,22.48,22.45,102186.9006,22.4616
NHTC,3.17,3.06,3.28,3.06,124732.153631,3.1854
RAND,11.0,10.78,11.0,10.78,2126.780176,10.9593
ISTR,27.77,28.45,28.5,27.7,126677.053,27.9839
FBRT,8.79,9.07,9.1,8.785,604480.683768,8.8512
SLGpI,21.895,21.81,22.0,21.7902,6276.739,21.961
XAGG,50.26,50.31,50.32,50.26,94016.694199,50.2858
CASH,83.79,86.61,86.61,83.54,221177.29754,84.1481
MAA,129.72,130.05,131.0,129.19,710842.245933,129.6722
REVS,30.8452,31.03,31.1,30.81,59013.3981,30.9352
BOW,27.87,27.0,27.98,26.74,228480.892052,27.7154
VUG,86.81,86.3,87.24,86.19,6510789.729162,86.8475
SNGX,0.2801,0.29,0.2955,0.28,742742.32315,0.2864
IVDA,0.321,0.32,0.34,0.3044,496126.867782,0.3212
WEAV,5.49,5.86,5.885,5.435,1150003.032673,5.5479
APG,44.12,44.0,44.71,43.7242,2428860.012668,44.2506
USPH,59.42,58.9,62.02,58.9,335459.453102,59.8725
ENLT,93.77,91.7,96.0,91.58,239517.389029,94.2445
PNI,7.03,7.01,7.1,7.01,38372.3661,7.0582
EVG,10.89,10.93,10.94,10.865,36894.8803,10.9062
MIY,11.9,11.99,12.04,11.87,48687.6483,11.9659
BEP,34.43,34.09,34.47,34.09,343985.502925,34.3613
FRHC,141.76,139.93,142.84,137.9,65619.37153,141.5096
JYNT,8.72,8.75,8.89,8.65,62855.116828,8.7262
CSQ,20.34,20.29,20.45,20.29,188156.414865,20.3511
DOO,56.95,57.36,57.61,55.98,216410.900312,56.9073
IRTC,116.84,120.53,122.785,115.56,485407.837639,117.0296
AVAH,6.59,6.76,6.8,6.48,1079521.932707,6.5946
WCC,366.3,359.64,367.855,357.945,785753.238827,365.2218
UPB,9.11,9.2,9.595,9.05,618895.247921,9.1729
MSFL,18.55,18.09,18.55,17.9,1126223.096678,18.3459
BGY,5.78,5.78,5.81,5.78,166123.301506,5.795
IVEP,28.9531,28.25,29.1,28.2,61594.734389,28.8729
CMG,31.92,32.29,32.39,31.63,18647408.495204,31.9421
RMM,14.45,14.47,14.51,14.36,47865.27596,14.4861
AVAV,166.45,164.75,168.3363,158.3,1388967.536378,164.4607
KRC,34.26,34.99,35.12,33.945,1149332.512035,34.2404
NCA,9.72,9.64,9.78,9.6182,89969.567,9.7159
ANET,136.43,141.4,142.62,135.13,18520885.776204,137.6415
FATN,3.46,3.29,3.605,3.03,390142.675545,3.3192
OSK,134.03,136.49,140.88,134.03,1348218.976808,137.2183
SBLK,26.74,27.11,27.25,26.41,1176182.282364,26.7782
GLW,207.39,194.0,208.92,191.66,22399681.822479,203.1521
KRRO,11.46,12.12,12.6749,11.4,129619.080816,11.809
CLOA,51.88,51.9,51.9,51.86,1168517.157924,51.873
LEDS,2.39,2.13,2.49,2.052,100108.0723,2.3448
LIMN,0.205,0.2005,0.2061,0.2,646972.157041,0.2019
QMCO,9.78,9.62,10.261,9.1744,934158.480024,9.9219
SAY,25.55,25.58,25.58,25.52,3130.0,25.5435
CHA,10.44,10.49,10.62,10.12,642763.773876,10.368
FDTX,50.2965,49.56,50.52,49.56,33308.11997,50.2555
KOP,43.08,44.0,44.0,41.91,253107.857776,42.9715
FCLO,50.22,50.23,50.23,50.215,506.5974,50.2148
VKQ,9.79,9.79,9.805,9.77,148306.7691,9.7878
STN,85.92,87.0,87.25,85.7,240341.665935,85.9834
LGVN,0.8379,0.82,0.9,0.82,486467.100559,0.8422
PSIG,6.84,6.69,7.0,6.65,53509.883731,6.869
TEAD,1.01,1.05,1.0579,0.9425,448899.098636,0.998
BRAG,2.2,2.18,2.3,2.1277,7855.104359,2.1694
RH,129.2,133.96,136.55,128.34,1045747.768405,130.9645
CCEP,93.45,93.98,94.23,92.44,1824027.304559,93.2659
DGICB,19.16,19.16,19.16,19.16,197.9025,19.1542
WPC,74.05,74.42,74.66,73.8,1432952.05027,74.0909
METCB,10.69,10.5,10.805,10.01,33750.322987,10.5769
NUG,9.5356,9.99,9.99,9.49,3376.734675,9.7154
FHN,24.04,24.75,24.8,23.9413,3572631.329839,24.079
TRAD,9.91,9.92,9.92,9.9,253879.0,9.9101
EQR,66.18,65.9,66.25,65.625,2052237.653346,66.0527
EHAB,13.78,13.79,13.8,13.78,646772.536574,13.7893
AWR,77.15,77.73,77.73,76.64,210438.757733,77.2295
BIAF,1.97,1.93,2.06,1.92,193355.925278,1.99
RRGB,3.59,3.73,3.73,3.49,300058.227182,3.5974
MH,11.42,11.6,11.6,11.27,326757.760902,11.4219
GLNDW,1.06,1.24,1.24,1.01,72704.0,1.1025
CEE,21.23,20.85,21.26,20.85,3972.440809,21.0745
PPTA,31.54,29.95,32.1,29.915,1552982.97742,31.4645
PALU,21.49,20.28,21.6,20.12,120310.393028,20.9118
ONCY,0.9036,0.8947,0.9136,0.88,826710.095461,0.891
JQUA,68.3,68.24,68.4624,68.185,359392.82787,68.2946
EBND,21.11,21.1,21.125,21.08,290255.625051,21.0994
ADMA,7.88,8.2,8.305,7.81,8592927.931982,7.9654
CGDG,37.24,37.17,37.3,37.17,502646.214917,37.2382
IVE,224.58,224.6,225.0,224.03,577125.038654,224.4874
CNCK,1.75,1.95,1.95,1.75,55571.425178,1.8312
URAA,43.91,41.65,45.195,41.43,112596.515135,43.4203
QUIK,20.69,20.0,21.48,19.37,1037629.190584,20.5675
AGM.A,137.125,136.05,137.125,136.05,476.582955,136.2105
AVA,40.68,41.11,41.145,40.66,516526.046537,40.7707
CMU,3.51,3.53,3.53,3.49,303800.9262,3.5087
CEPT,12.1,12.14,12.2,12.05,424437.595475,12.1406
CCIX,10.8,10.78,10.805,10.78,18849.0,10.7983
PINE,19.15,19.42,19.5,19.04,149280.001556,19.2034
NGEN,3.83,3.8,4.0,3.75,298037.794237,3.8616
TPC,82.79,82.84,83.935,82.0,744193.786275,82.8329
DAPP,22.23,21.29,22.7,20.91,390921.453236,22.1255
LNSR,5.78,5.51,6.06,5.51,86518.295668,5.8546
C,125.85,125.87,128.09,124.69,11377095.131446,126.3742
CRY,25.925,24.73,25.925,24.11,6423.188,24.7649
HDSN,5.11,5.25,5.25,5.1,710948.009588,5.18
METL,31.26,30.6,31.41,30.6,21566.939662,31.1359
ANGpD,24.88,24.9,24.9,24.8001,6714.0,24.8688
QALT,25.8775,25.76,25.88,25.76,7894.0729,25.8537
LSTA,3.26,3.09,3.28,3.09,60043.751596,3.2216
MCK,725.17,743.45,755.0,723.68,1693267.561209,733.3963
BGR,16.17,16.0,16.19,15.99,73014.45792,16.0704
FEX,132.0493,131.34,132.435,131.34,21069.463108,132.0039
NEON,1.75,1.67,1.765,1.63,100999.980298,1.7124
POLA,1.88,1.88,1.965,1.8271,174374.459931,1.8929
COTY,2.33,2.47,2.485,2.32,7581078.022729,2.3522
AMPL,6.36,6.3,6.6,6.185,3409070.110184,6.3495
OVV,59.09,58.87,59.25,57.9,5238056.581605,58.6722
GLAD,19.36,19.84,19.875,19.36,168914.403957,19.5216
CENN,4.04,4.01,4.1248,4.01,8409.473008,4.0642
TRINI,25.4201,25.36,25.445,25.36,22563.0,25.4122
MAVF,133.4181,133.82,133.82,133.26,1609.2073,133.3028
HYZD,22.55,22.49,22.6,22.49,44501.498795,22.5755
MSpQ,25.62,25.58,25.62,25.5301,30962.0,25.5772
FYC,114.8228,114.89,115.79,114.76,61384.334552,115.327
BDJ,9.15,9.15,9.2,9.15,399684.440004,9.1745
BSMS,23.44,23.5,23.5,23.44,45757.4721,23.4691
BCG,2.14,2.18,2.195,2.02,135114.60192,2.096
GMOD,27.25,27.21,27.32,27.21,14075.5633,27.274
RIVpA,22.62,22.6,22.7,22.6,3271.864,22.6182
VMI,516.0,518.21,518.37,504.78,295501.886132,511.8345
AIHS,1.14,1.16,1.18,1.13,4279.000079,1.1555
STT,150.17,150.01,151.135,149.055,1825349.321483,150.3
SOFA,13.1179,12.49,13.18,12.49,66103.899022,12.8264
AZ,7.39,7.12,7.475,6.97,789369.817192,7.233
IEI,117.8,117.97,117.99,117.77,733465.383067,117.8624
EMPD,5.32,4.97,5.36,4.875,300043.094051,5.2728
UZE,18.31,18.48,18.48,17.95,1047.8975,18.2659
BACpS,19.19,19.26,19.26,19.17,36372.529,19.1976
JPIN,74.9221,75.01,75.185,74.86,11523.973754,75.043
OIS,8.93,8.81,9.005,8.66,841655.662876,8.8923
MNKD,3.36,3.525,3.595,3.33,7537876.211293,3.3998
GOF,11.56,11.54,11.61,11.5,1792567.028512,11.5707
BLMN,8.37,8.16,8.725,8.07,2719610.814266,8.4711
BABU,15.79,16.01,16.06,15.63,50448.29634,15.8432
EOD,6.53,6.49,6.59,6.48,167530.771604,6.5485
FT,8.05,8.0,8.1,8.0,29847.740122,8.0559
MUD,17.08,17.185,17.73,16.515,17118609.839019,17.2049
MPG,9.32,9.3,10.1,8.5,192797.496198,9.4086
FEMB,29.64,29.72,29.76,29.55,46246.837212,29.6632
RNAC,8.53,8.58,9.325,8.425,279631.421335,8.841
IIF,21.96,22.19,22.28,21.95,75819.972635,22.0564
BOHpB,26.58,26.64,26.6499,26.55,5120.0,26.6144
CCL,25.44,25.86,26.01,24.99,37239603.793489,25.3339
TG,9.36,10.18,10.49,9.35,247734.002732,9.6742
FDT,99.6145,99.48,100.705,99.48,118125.759381,99.76
AEM,196.84,195.15,200.64,194.99,2103988.426852,197.414
GME,23.17,24.2,24.37,23.1,17915543.06061,23.5191
PSCT,80.78,80.21,81.2599,80.19,106352.825952,80.7204
LAD,286.67,294.64,294.9,286.2,263551.085024,288.5826
SON,51.07,51.41,51.82,50.8801,1041145.541634,51.2956
SKYH,9.74,9.9,9.92,9.67,128470.075969,9.8027
BTE,4.8,4.96,4.965,4.75,15465375.794951,4.803
GEVO,1.76,1.83,1.83,1.74,4206024.444674,1.7694
ECOW,28.6073,28.58,28.71,28.58,102646.4922,28.6216
RDY,13.14,13.2,13.29,13.11,3363287.960115,13.1669
RANI,1.07,1.0,1.11,0.9901,2331519.302469,1.0576
SNPS,516.19,513.89,519.71,512.0,1310223.556248,515.3772
JBIO,24.86,26.46,26.83,24.68,449767.838186,25.4968
IBN,26.1,26.4,26.46,26.07,6395912.323074,26.1854
CMTV,38.07,39.35,40.38,37.56,14672.6058,38.3939
PXS,4.48,4.49,4.63,4.4077,61640.6583,4.4895
TVGN,7.0,7.1,7.4,7.0,4627.344801,7.1688
EXE,96.7,97.12,97.38,96.52,2111806.060656,96.8354
NEGG,24.8,26.14,26.6,24.3,105882.104506,25.182
TENB,21.31,21.79,22.13,21.04,2320062.378531,21.3045
LSE,4.899,5.01,5.0216,4.81,5995.0469,4.92
ACXP,2.18,2.13,2.19,2.05,109054.167427,2.1235
HGBL,1.22,1.28,1.29,1.21,166890.848627,1.2579
NTWK,4.31,4.31,4.41,4.01,108243.781798,4.2284
CCSI,30.51,33.27,33.97,30.01,280630.862623,31.7609
RDTL,19.37,18.21,20.1,18.014,738848.137322,19.2108
QTI,7.15,7.13,7.2,7.01,23918.9218,7.1557
IWO,372.81,369.59,374.73,369.59,336743.619156,373.2573
NPT,1.38,1.45,1.45,1.36,66590.650407,1.4067
RMT,13.85,13.69,13.9699,13.6201,99324.67801,13.8273
SOJE,17.34,17.37,17.3999,17.3,31254.896,17.3672
TGLR,39.1797,39.12,39.24,39.12,8006.127512,39.2117
HUBCW,0.0104,0.0102,0.0104,0.009,32973.0,0.01125
CW,728.58,721.26,732.83,712.75,234631.411525,727.0671
LCR,39.22,39.14,39.22,39.14,4310.8113,39.1872
LPSN,2.34,2.51,2.51,2.33,211707.670947,2.3813
BANF,110.98,113.47,114.95,110.16,112461.41976,110.9987
IQ,1.17,1.19,1.2,1.16,5316557.534525,1.1757
EMISR,0.15,0.135,0.15,0.1295,57206.0,0.1364
GBUG,48.3843,47.27,49.2,47.27,58195.736183,48.433
ASRT,22.36,22.09,22.58,22.09,267801.109722,22.4568
ABRpD,16.86,17.0,17.0,16.8,53755.5367,16.8483
PEN,321.71,321.88,323.07,321.38,351887.847144,322.0199
SLGL,69.98,71.97,73.0,69.88,16051.361222,71.004
BHR,2.56,2.8,2.8,2.52,772336.301135,2.5911
CURE,83.61,84.87,87.1696,83.13,99714.547969,84.74
SB,7.07,7.08,7.135,6.95,434815.506604,7.0605
DLNG,3.87,3.83,3.9099,3.8,75246.267316,3.8447
KNX,61.92,63.9,64.31,61.645,4117170.701075,62.2749
CAAS,4.75,4.57,4.7999,4.57,109572.593294,4.6529
ALMR,23.88,23.9,25.0,23.59,139107.58528,24.0688
VSTM,4.88,4.89,5.285307,4.86,3083327.347725,5.0452
APAM,37.61,37.93,38.09,37.565,622652.604293,37.6967
BTU,24.67,23.74,25.35,23.74,3549139.899865,24.7022
MBI,6.1,5.72,6.18,5.56,874152.307865,6.0197
VLN.WS,0.0461,0.04,0.0498,0.04,23774.0,0.04507
BCYC,4.7,4.83,4.935,4.69,202581.470813,4.7944
DMO,11.14,11.08,11.19,11.05,57225.7947,11.115
SDOT,0.2843,0.3,0.3016,0.262,2633235.682975,0.2841
MESO,14.51,14.63,14.78,14.5,139254.200986,14.6218
CAAP,25.1,25.24,25.51,24.76,199004.719246,25.196
ERET,29.2845,29.28,29.35,29.28,1342.484,29.3178
BATT,17.87,17.67,17.975,17.46,133343.88657,17.8473
CPZ,13.61,13.64,13.6417,13.5,101862.3742,13.5602
CAN,0.5,0.5,0.5149,0.4771,10350340.7764,0.4981
PRCT,26.45,25.36,27.81,25.0,2364039.913468,26.6068
BEKE,19.19,18.83,19.265,18.83,4949952.932191,19.1018
BSSX,25.7328,25.77,25.78,25.7085,3004.4675,25.75
CODIpB,22.39,22.36,22.41,22.36,3873.903,22.3956
BJRI,42.11,42.7,43.81,41.88,483966.370204,42.3643
LPX,72.98,75.03,75.16,72.72,1209753.408763,73.4931
EAOA,44.55,44.54,44.59,44.54,467.3107,44.5654
PCQ,8.88,8.91,8.9138,8.87,63152.1147,8.8843
DY,430.95,427.58,433.99,425.0001,297242.96582,431.101
TIGO,78.5,81.01,81.13,77.58,1766598.070295,78.6991
CCEF,29.4998,29.29,29.55,29.29,2590.3475,29.4809
LEXX,0.6048,0.61,0.6498,0.6011,95263.710576,0.6208
ASBpE,21.24,21.07,21.25,21.05,2762.8419,21.1737
MPX,8.49,8.71,8.71,8.42,25990.613335,8.5504
EPHE,25.04,25.11,25.1699,25.04,116776.62351,25.0927
RSF,14.63,14.68,14.7371,14.5873,28900.5867,14.6745
COST,999.47,1005.82,1007.0,985.15,2053529.142003,996.0316
CVNX,17.3514,17.68,18.09,16.61,47779.4705,17.4336
GRI,2.26,2.22,2.29,2.22,20087.638749,2.2721
GF,11.98,11.82,12.0174,11.8,29618.2632,11.9229
NWE,70.77,72.69,72.86,70.72,365550.353679,71.6217
WABC,54.19,55.0,55.0,54.14,155308.78365,54.4561
NTGR,26.42,27.53,27.85,26.11,399472.696028,26.689
JJSF,70.37,75.87,76.215,70.26,360351.20142,71.3902
YEXT,3.78,3.95,4.0,3.74,1038702.388717,3.8205
WFRD,102.28,103.17,104.51,101.45,1423384.474414,102.3479
VVR,3.04,3.04,3.07,3.04,760828.78974,3.0501
CAST,1.5,1.53,1.5885,1.46,117712.393188,1.5105
TRFK,91.12,89.78,91.12,89.63,137417.492952,90.6008
NTRB,3.65,3.67,3.705,3.6158,9659.012318,3.5737
SOFX,9.0851,8.61,9.13,8.605,1782527.506235,8.8849
USSG,68.86,68.47,68.96,68.47,14973.157824,68.7188
GBX,50.18,50.61,50.92,50.05,214638.848753,50.3181
NPCT,10.48,10.5,10.58,10.46,100248.93489,10.5119
XPER,8.03,8.01,8.205,7.92,1410305.554553,8.0454
GSpA,19.57,19.44,19.62,19.3201,81430.5486,19.5024
AX,85.49,87.12,87.225,84.97,525256.385939,85.7062
VPG,66.6,67.67,68.699,65.84,302751.972544,67.1633
NGLpC,25.3999,25.47,25.47,25.2801,953.1847,25.4032
SM,30.67,30.33,30.89,29.86,4388446.063767,30.5303
VICI,28.92,28.93,29.07,28.625,7553449.535817,28.8466
CCO,2.38,2.38,2.39,2.38,4075171.380793,2.3839
LHSW,0.2058,0.2149,0.2216,0.2013,289353.0,0.2114
PMMF,100.31,100.32,100.32,100.305,220708.298769,100.313
ESNT,61.47,63.38,63.38,60.75,912424.604538,61.5045
COTG,14.8065,14.83,14.85,14.45,41709.873754,14.6778
SPRX,47.8952,45.82,48.31,45.82,96471.445879,47.7983
XLRI,23.6815,23.7,23.78,23.59,5427.2754,23.7169
BBD,3.65,3.75,3.75,3.645,44291424.535674,3.6817
EFC,13.46,13.63,13.63,13.415,1202550.978812,13.467
OMAH,18.72,18.75,18.81,18.705,775991.959813,18.7557
PRFX,1.82,1.86,1.881,1.7505,21764.461469,1.7938
TSYW,44.455,44.75,44.75,44.455,1483.76286,44.5513
FELE,99.01,99.81,100.48,98.32,277693.863302,98.9734
LITL,31.495,30.2,31.495,30.2,12834.814,30.6668
OMSE,4.575,4.7,4.7,4.56,9305.236445,4.5916
TRV,297.13,299.38,300.54,295.27,1174889.846477,297.1882
LXEO,6.12,6.0,6.43,5.93,965019.398832,6.1507
ERIC,12.49,12.19,12.5,12.18,10871651.489996,12.3806
TCBI,98.1,99.96,100.03,98.03,311127.462593,97.7214
CUZ,26.29,26.8,26.8,26.17,2257132.862771,26.355
ANGH,3.25,3.35,3.5,3.25,10131.570426,3.4
EAT,139.61,139.77,141.58,137.88,1173157.471853,139.4839
TSEL,28.6516,28.44,28.97,28.44,50833.0,28.7221
MMLP,2.54,2.55,2.6,2.47,9926.433078,2.5534
BPRN,35.15,35.45,35.84,35.15,4331.0979,35.3416
RILYP,14.8,14.6,15.09,14.25,29168.7824,14.6562
CGCT,10.4,10.4,10.41,10.38,29984.5446,10.4002
IMNM,23.0,22.51,23.99,22.5,1277787.297121,23.1976
WASH,31.61,32.48,32.48,31.5,189233.084239,31.7444
DFII,15.3907,15.27,15.4,15.22,11595.2955,15.338
GMED,76.68,78.98,80.2299,76.64,2697029.612045,77.5367
STFS,10.0,10.0,10.4874,10.0,121030.985921,10.1112
ADAMO,25.3,25.2,25.325,25.2,73580.643,25.2827
PFRL,49.415,49.44,49.4699,49.3601,12829.7364,49.4261
RKTL,13.03,14.35,14.35,12.7,30147.4816,13.3163
MBC,7.26,7.49,7.56,7.125,4660389.297063,7.2699
TDUP,4.55,4.77,4.84,4.525,3272733.697493,4.6529
FITBP,23.7,23.71,23.8671,23.6,23464.5491,23.7082
FSSL,11.7,11.89,11.91,11.65,360180.02705,11.7938
MLAB,102.89,104.65,105.555,100.1,143041.0911,103.1014
FMX,123.12,121.51,123.4,120.58,334242.475767,122.689
CRNC,9.875,9.92,10.7398,9.69,1167523.209001,10.0551
SMUP,13.45,11.52,14.13,10.715,243488.558832,12.9254
TME,9.19,9.21,9.46,9.175,7995020.418972,9.2733
NFLY,9.42,9.56,9.63,9.41,288351.850795,9.4882
MNYWW,0.0555,0.055,0.0555,0.055,1781.0,0.05542
UFPI,83.09,83.84,84.355,82.85,507943.006664,83.3938
VSH,34.83,34.42,35.34,34.39,4479888.222255,34.9127
RCS,5.48,5.52,5.58,5.46,214048.379138,5.5137
BRSL,12.77,12.96,12.97,12.7,1597949.435714,12.8232
ENPH,37.65,36.58,39.41,36.54,6512638.129257,38.1271
PCSC,11.28,11.21,11.48,11.21,27968.0,11.3525
EVGO,1.98,1.95,2.11,1.925,5527297.020243,2.0235
PEZ,96.4834,98.98,98.98,96.4834,324.085051,98.321
RIV,11.74,11.74,11.794,11.71,46719.901016,11.7423
EIIA,25.2243,25.14,25.2243,25.13,6363.2586,25.1581
CCEC,20.36,20.13,20.5,19.8,2954.071391,20.1596
TAFM,25.48,25.52,25.52,25.45,230712.9905,25.4768
EMDM,42.2329,42.26,42.38,42.17,6816.321728,42.2713
RVT,18.76,18.68,18.88,18.68,201619.28136,18.7905
GRML,0.43,0.465,0.4756,0.43,2637466.165443,0.4448
ARCT,8.635,9.19,9.57,8.6101,498848.373572,9.0662
EDF,5.31,5.28,5.335,5.26,197261.317182,5.2989
CERY,37.92,37.58,37.946,37.56,162289.857713,37.8297
JOE,65.1,65.88,67.529,64.49,235879.723601,65.1205
ELTK,7.96,8.2,8.2,7.93,7438.405831,8.036
MYSZ,0.551,0.57,0.585001,0.551,37159.092,0.5645
FCFS,233.0,229.14,233.13,226.36,460184.889941,231.8541
HCHL,2.5,1.9,2.51,1.9,191627.0,2.3952
CGSM,26.34,26.35,26.36,26.34,201856.1054,26.3465
UPBD,17.99,18.84,18.86,17.88,845882.639559,18.0981
ATLN,1.56,1.52,1.7,1.52,303708.799624,1.6174
FTV,60.31,61.19,61.57,60.14,2548116.458423,60.4898
IPW,0.755,0.78,0.8415,0.755,918182.768372,0.8093
RELX,33.27,33.71,33.765,33.235,1882944.705912,33.4203
FITBM,26.25,26.3,26.33,26.25,27118.848,26.2885
WD,53.81,54.55,54.55,51.825,448467.46258,53.5035
BOEG,16.86,17.0,17.2499,16.63,46652.5987,17.0122
RZB,25.23,25.23,25.2468,25.23,214248.402,25.2303
GROY.WS,1.68,1.7,1.7,1.645,3433.212241,1.6771
JPRE,52.17,52.2,52.4499,52.065,12477.004043,52.2596
BRC,76.42,78.4,79.01,76.2101,243431.468325,76.8682
ENIC,4.56,4.6,4.65,4.55,658137.118464,4.5744
TNK,81.56,83.3,83.855,81.01,445555.095359,81.9871
NVYY,14.12,14.01,14.16,14.01,98150.60249,14.1159
CPT,104.92,104.65,105.45,104.13,1047598.512817,104.8805
TCAL,21.97,22.07,22.128076,21.94,116397.594534,22.0218
KNTK,48.04,47.54,48.72,46.93,1075305.737907,47.9678
CAPS,0.351,0.37,0.37,0.3459,320929.7948,0.3527
RJET,22.46,22.8,23.48,22.31,119165.557604,22.685
BSX,53.37,53.77,54.2,53.145,21607609.358289,53.4596
ICON,1.39,1.3,1.5,1.3,453396.028567,1.3837
TPR,133.34,135.04,137.165,132.02,3184992.438602,134.5217
BBNX,9.85,9.62,9.95,9.5,701362.896424,9.752
GLDY,15.0731,15.03,15.098,15.0198,39868.305977,15.0441
ELF,55.19,60.0,60.305,54.7,6412602.193953,55.972
EQT,56.45,56.5,57.0,56.15,7976918.660697,56.5286
SNTI,1.02,1.01,1.08,0.9988,263126.321569,1.033
EQ,2.25,2.14,2.25,2.14,122227.1588,2.1955
OBIL,50.095,50.1,50.1,50.09,54526.3957,50.0927
AKO.A,21.7737,22.95,22.98,21.3201,4756.2888,21.8302
IFN,11.79,11.91,11.99,11.7587,203070.636779,11.8926
AEXA,11.37,11.45,11.5,11.3572,157987.4902,11.4462
VCSH,79.08,79.1,79.15,79.05,3320515.427729,79.1001
GRWG,1.4,1.4,1.4199,1.385,287790.452099,1.4021
IPSC,2.29,2.27,2.385,2.27,808001.69974,2.3151
VHUB,1.01,1.07,1.07,0.9362,361080.903015,0.9934
QQQY,24.39,24.32,24.46,24.32,115637.816724,24.397
JCAP,19.33,19.91,20.13,19.29,217922.771331,19.4791
IIPR,56.49,57.6,57.6,56.05,267463.296025,56.7573
DTI,2.89,2.97,3.08,2.82,886599.025202,2.9331
GTLB,25.64,25.66,26.39,25.175,7167869.440371,25.5315
FRGT,0.9011,0.8239,0.9596,0.7791,142241.541568,0.868
IQV,173.55,178.12,179.73,172.375,1569362.348191,174.5547
GOSS,0.3387,0.3248,0.3387,0.3142,3055557.482978,0.3287
KR,64.8,65.79,65.8,64.395,4833492.618539,64.805
APHU,15.6674,17.08,17.32,15.51,34521.990874,16.4146
MSSM,58.4473,57.49,58.73,57.49,9960.919,58.6237
CIGI,95.99,98.58,103.395,95.67,705947.139696,97.5183
AEE,109.99,109.74,110.48,109.17,1620964.101798,109.874
ITOC,0.311,0.31,0.339999,0.31,63180.618408,0.3145
RADX,4.0,3.97,4.212,3.96,139307.4,4.0411
HTZWW,2.97,2.73,3.07,2.71,86925.442901,2.9396
PIII,3.78,3.71,4.15,3.25,40861.658254,3.7458
WLK,97.56,94.88,98.95,93.86,1499188.712914,97.4045
DECK,96.65,99.41,99.43,96.285,2071498.468505,96.9625
JUNS,0.3363,0.34,0.3903,0.33615,42391.076636,0.3473
ESGD,102.38,102.32,102.555,102.16,294423.021129,102.3591
EDGQ,28.245,28.22,28.3199,28.06,17739.0894,28.2065
EME,931.5,914.48,936.3099,908.18,321386.337761,929.9966
TSL,18.087,16.98,18.3,16.675,1784251.863262,17.6015
PTCT,76.85,74.88,77.93,73.69,3208949.562809,77.0292
GGRP,0.5059,0.5003,0.539,0.5003,70508.6,0.5151
TVC,24.2,24.13,24.28,24.1101,7088.178,24.1788
REAX,1.9,2.05,2.05,1.89,6095848.613719,1.9331
MSBI,27.53,28.34,28.34,27.49,94657.264246,27.6867
UBOT,31.53,31.38,31.86,31.3791,26649.780378,31.6168
PMTpB,23.07,23.15,23.15,23.07,3497.1922,23.0794
HIT,1.48,1.53,1.55,1.48,55328.058718,1.52
PMM,6.3,6.32,6.32,6.27,72318.6321,6.2936
V,323.86,319.1,325.18,318.01,9586163.139734,323.4494
ELAN,21.72,23.73,23.96,21.635,8236435.119096,22.3881
DLRpL,20.35,20.37,20.37,20.3,16120.1379,20.3257
RAVE,2.8,2.79,2.9102,2.7,16164.636987,2.8256
DD,50.58,50.0,51.215,49.98,4839410.495471,50.6821
EFCpB,24.675,24.86,24.86,24.6,4858.8868,24.662
PDX,21.08,21.1,21.1949,20.98,43331.346823,21.062
PAG,173.26,174.62,174.62,171.835,281607.226574,173.4325
MDLZ,61.41,61.54,61.73,60.88,7087413.926823,61.3342
VGIT,59.11,59.21,59.2199,59.1,2218311.727794,59.1477
SRV,48.48,47.59,48.69,47.59,60053.199789,48.2389
SGRT,36.17,35.4,36.4,35.4,137498.09683,36.1098
INBK,25.0,25.11,25.38,24.765,59394.5504,25.0907
NESR,25.43,23.33,25.92,23.33,2721557.351848,25.047
RBNE,1.32,1.3,1.36,1.26,222791.464263,1.3148
URI,938.15,938.4,944.18,931.45,493303.768447,939.4659
GGG,77.39,77.59,77.82,76.8801,1538011.862469,77.4517
ONEW,11.58,12.09,12.0959,11.495,112541.779455,11.6786
TUGN,27.6,27.56,27.7,27.53,24502.913102,27.6385
BFAM,68.68,70.58,71.07,68.65,1554508.05232,69.6456
SAMT,45.14,44.12,45.3997,44.12,60887.271229,45.1234
NWFL,29.42,30.69,30.69,29.37,12086.731758,29.6737
FEMG,25.3712,25.35,25.4,25.35,2040.377,25.3837
STTpG,22.35,22.23,22.36,22.23,40260.5875,22.3273
SLAB,217.21,217.35,217.97,216.46,438440.546601,217.1219
PRTC,17.45,17.39,17.705,17.06,33105.549105,17.3974
UAE,19.2,19.43,19.46,19.15,514784.475569,19.2946
OMF,53.17,55.0,55.22,52.81,1281255.676518,53.4513
LRNZ,50.2256,49.44,50.435,49.44,2529.27592,50.2415
TWG,3.34,3.29,3.38,3.07,190471.646166,3.2984
GCMG,11.36,11.4,11.65,11.25,492823.096262,11.4251
AEI,1.88,1.85,1.95,1.7461,27204.638169,1.8644
USOY,8.71,8.56,8.79,8.5502,303682.497582,8.6628
KBSX,1.34,1.2,1.34,1.2,7501.366413,1.2751
TDTH,1.74,1.83,1.9,1.72,36864.433849,1.802
TCRX,1.18,1.31,1.31,1.17,1100177.198805,1.2355
TXNU,56.16,54.55,56.16,52.94,35112.5545,54.3723
TTXU,28.8973,28.22,29.17,28.22,10025.539277,28.774
ZETA,16.51,16.82,16.96,16.46,9580138.373756,16.5962
CLNE,2.065,2.19,2.22,2.06,2137903.069682,2.1382
EPOL,39.71,39.54,39.76,39.53,1113385.611113,39.6368
ESEA,71.57,73.11,73.45,70.02,41006.585004,72.2901
W,61.38,65.96,66.085,60.975,4413542.148419,62.3572
MKC.V,46.67,48.1,48.24,46.51,4456.584057,47.2004
EDIT,3.06,3.11,3.27,3.03,1095604.463994,3.1397
ACP,5.25,5.37,5.37,5.25,544908.430573,5.305
ETHW,16.75,16.64,16.775,16.49,540668.332055,16.6738
ALAB,207.35,196.36,208.36,195.88,5615434.698286,204.4729
LIFE,29.78,29.36,30.605,27.02,781419.018299,29.2495
RNRpG,15.59,15.62,15.62,15.54,13732.0,15.5763
FGN,25.07,25.13,25.13,24.95,12279.778,25.0105
HAWK,33.19,32.59,33.82,32.05,1611102.892789,33.4554
IMCB,91.29,91.04,91.46,91.04,47862.544011,91.2642
IAE,8.4,8.39,8.41,8.3402,44113.529175,8.383
HSAI,21.8,21.61,22.5,21.5,2606866.553147,22.086
UTEN,43.32,43.41,43.41,43.305,22489.956686,43.3349
PGP,8.94,8.91,8.96,8.91,29062.705572,8.9333
BLNE,1.9,1.95,1.95,1.87,412201.32734,1.9016
DJTWW,4.37,4.14,4.48,4.075,36018.010453,4.3362
CRS,429.06,424.77,435.0,417.66,870507.763734,429.8535
HG,30.9,31.05,31.75,30.78,372444.227493,31.1135
PBOG,32.6313,32.26,32.7,32.26,53568.4686,32.6067
ANRO,24.53,24.34,26.05,23.74,389448.907216,25.0731
CPXR,32.22,31.97,32.39,31.771,90258.126044,31.9829
ABLV,1.05,0.76,1.08,0.7525,192204.092725,0.9371
HTB,45.74,46.28,46.375,45.36,56712.3769,45.6976
BE,283.92,269.5,296.39,267.98,11493922.550886,287.0724
RGTX,27.67,22.74,28.5,22.1662,1203481.600148,26.6979
ACA,129.6,129.2,132.27,128.02,401626.644337,129.9008
GNW,9.06,9.18,9.28,9.025,1732881.700231,9.0978
ICE,157.82,155.06,157.86,154.05,2886850.806281,157.0528
GRNY,27.19,26.94,27.2399,26.89,1404406.239933,27.0889
PPLT,192.96,191.34,193.69,190.0,276292.09007,191.8624
CAM,25.04,25.05,25.065,25.04,159238.5014,25.0479
GTM,6.04,6.35,6.66,5.985,23425275.09367,6.0159
LCTU,78.6727,78.64,78.8699,78.565,26524.177638,78.7247
WAL,76.95,81.65,81.79,75.74,2184920.517241,77.2849
HSPT,8.605,7.83,11.5,7.69,447361.8693,9.2517
BTCC,17.6548,17.6,17.71,17.45,19183.5676,17.6288
MDLN,39.25,39.5,40.0,38.57,7480145.395905,39.0586
NREF,15.56,15.98,16.0,15.5,43219.872708,15.7074
ROL,52.88,53.86,54.1,52.51,2992230.532898,52.8732
WOMN,41.9534,41.92,42.0,41.9,3580.47125,41.9876
CRBD,24.0,24.04,24.14,23.85,61621.426,23.9907
CNOB,29.73,30.1,30.25,29.54,396253.4241,29.7537
OGE,47.4,47.65,47.875,47.37,1402735.029123,47.5123
OSG,5.57,5.27,5.95,5.252,568749.525882,5.6757
KMPR,30.81,30.33,31.04,29.86,1260815.80114,30.7673
MSpK,24.22,24.24,24.25,24.18,19555.5903,24.217
RGTZ,9.07,11.27,11.49,8.64,7837639.154952,9.4202
BWpA,22.71,22.24,22.85,22.24,107550.9017,22.6251
FORR,6.59,6.85,6.85,6.535,53644.087331,6.6726
AVB,187.27,184.96,187.38,184.63,714919.062306,186.6225
GEOS,9.21,8.44,9.48,8.37,442506.392278,9.0441
HPEpC,82.32,82.78,83.88,81.78,130853.3365,82.0728
DEVS,0.1508,0.1482,0.1561,0.1436,1925609.222547,0.1494
ADX,24.6,24.49,24.8,24.4201,308500.767239,24.6776
SOXY,91.6913,91.01,91.7982,90.49,13924.515822,91.1491
THMZ,33.2101,33.29,33.33,33.205,1639.9877,33.2705
XRAY,10.91,10.91,11.16,10.89,6231420.898063,10.9812
GPCR,38.32,39.01,40.14,37.92,694843.714831,38.5875
XOM,149.68,146.02,149.72,146.0,14849473.284538,148.6629
FLAU,35.2308,34.55,35.34,34.55,3442.083313,35.2521
PAYR,52.8801,52.95,53.05,52.385,6047.8378,52.9511
SHG,66.65,67.81,67.83,66.07,285212.151302,66.8591
MAMA,13.43,13.2,13.6,13.06,490268.746717,13.3831
VRAX,0.1491,0.1745,0.19,0.143,11260898.252874,0.1671
XBOX,99.46,99.48,99.55,99.44,14456.838669,99.5166
SJ,1.11,1.1,1.11,1.08,19044.514268,1.0942
AS,34.5,35.92,35.92,34.08,6069450.000005,34.5649
TSCO,30.25,30.55,30.89,30.165,12410256.155998,30.373
STAG,38.56,39.07,39.155,38.47,1384871.441253,38.6589
NLYpJ,26.075,26.09,26.09,26.05,40786.3756,26.0751
FWONA,85.07,85.62,86.99,84.91,215108.618618,85.511
UBER,76.15,75.5,77.0157,75.1,18996393.040222,76.2256
RA,12.76,12.8,12.82,12.75,160180.919802,12.7846
UNP,263.35,265.63,267.0,263.34,1609788.088067,264.2158
IYW,240.04,238.5,241.055,238.2,947502.684191,239.8506
TANH,0.356,0.366,0.3719,0.355,150760.268721,0.3656
RUN,14.47,14.55,15.11,14.415,7535030.046848,14.6793
THR,65.47,66.01,67.41,65.365,803673.47019,66.2076
EQLT,40.02,39.86,40.11,39.83,14333.824994,39.9136
HCIC,9.88,9.88,9.88,9.88,21691.0,9.88
HSIC,68.99,70.95,71.27,68.7,2069121.960602,69.2853
MQY,11.51,11.55,11.56,11.5,252212.51686,11.5246
KC,16.35,16.1,16.615,16.05,1053626.96539,16.3608
TGT,118.44,125.55,125.69,117.67,7589692.421335,118.8349
DRKY,19.9223,19.86,20.14,19.86,10537.5121,19.9816
ACLS,165.08,164.93,168.14,160.45,639246.794682,165.1898
ECOR,6.61,6.34,6.651,6.16,61636.311997,6.4269
ARTV,10.6,11.68,11.68,10.43,864833.359837,10.9626
BFRG,0.6572,0.6664,0.68,0.6252,357947.214684,0.6529
EFX,167.82,173.86,175.24,167.79,1436630.918529,169.6603
DEC,15.71,15.95,16.2,15.7,770943.516127,15.839
COYY,3.92,3.82,3.93,3.78,272904.761153,3.8826
CSW,274.09,271.48,277.56,264.64,141601.322946,273.5875
CAI,15.94,16.18,16.46,15.7,3256055.886816,16.1022
IBCB,25.15,25.18,25.19,25.15,17020.0,25.1633
NBIX,150.59,152.0,154.44,150.32,1216875.763359,151.2496
SLRC,13.27,13.46,13.5,13.25,705639.654952,13.3649
OWLT,6.12,5.88,6.35,5.88,307286.725331,6.1431
RILY,9.05,8.29,9.38,8.24,1815426.775904,8.9629
VVV,34.5,35.63,35.8,34.27,2468787.868686,34.6675
IVA,5.8,5.62,6.06,5.62,1101061.689087,5.8799
ETY,14.85,14.95,14.9899,14.84,202334.562177,14.9173
JBTM,131.89,139.23,140.21,131.87,584331.384189,134.3043
IWB,403.13,401.78,403.91,401.61,476820.271404,402.9967
EVCM,11.0,12.0,12.33,10.98,142803.879611,11.5268
CNEQ,38.625,37.73,38.8648,37.71,237591.22992,38.3276
BUG,30.55,30.59,30.86,30.26,1111797.625987,30.4918
KDEF,58.66,58.7,59.35,58.155,117460.210067,58.8445
VLTO,86.57,86.71,87.63,85.95,1959169.775003,86.4745
BDC,110.91,111.94,113.0164,109.4001,511959.57034,110.8459
AMTD,1.02,1.05,1.06,1.0,14422.511478,1.0259
MOB,6.57,6.33,6.88,6.33,102047.027778,6.6415
IWR,105.53,105.48,105.745,105.27,1310781.419455,105.513
BIPJ,25.05,25.15,25.18,24.885,6629.525,25.0417
JCE,16.33,16.37,16.45,16.2601,25753.347,16.3507
WNW,3.2,3.5,3.5993,3.2,50913.927514,3.3926
PDT,12.97,12.97,13.0,12.917,76071.43936,12.9725
AMG,301.28,302.6,304.6525,298.39,273363.185514,301.989
DOUG,1.86,2.0,2.09,1.82,765223.283864,1.9166
TSMZ,8.67,8.63,8.775,8.6194,46607.875,8.6896
GPZ,23.59,24.0,24.0,23.54,128065.106363,23.753
LADR,10.1,10.24,10.285,10.06,599258.845327,10.1336
AUROW,0.4994,0.49,0.5085,0.3992,82713.0,0.4774
MPAA,11.6,11.66,12.0,11.3301,41991.18058,11.6521
AOD,10.57,10.52,10.6,10.49,355166.985701,10.5472
HE,13.93,14.77,14.9,13.3401,5529233.692438,13.9177
NVEC,95.34,99.98,110.03,92.0001,373867.90145,98.8099
SPG,201.0,202.75,203.39,200.0,1895654.879589,201.1559
SOLV,74.12,73.1,74.2,72.6,1989098.251693,73.6723
ETHB,30.1,29.94,30.13,29.64,222490.379989,29.9569
ARCO,8.64,9.0,9.07,8.635,1072872.820994,8.7675
MIST,1.9,1.9572,1.969,1.89,965153.793963,1.9254
XZO,14.37,13.45,14.44,13.2,221137.199106,14.186
VEXC,93.56,93.75,93.8299,93.465,34601.800902,93.6833
UMDD,33.4983,33.84,33.84,33.4983,1879.4286,33.6343
CRMG,5.51,5.65,5.82,5.44,962396.916885,5.5734
JKHY,143.65,144.87,146.455,142.93,1306463.709504,144.0417
LITS,1.24,1.22,1.262,1.21,610883.713684,1.2331
YOOV,1.1136,1.2,1.2295,1.1,40950.587373,1.1743
BMRA,2.28,2.17,2.28,2.15,16804.991,2.1902
SLJY,36.44,35.29,36.63,35.29,34584.084409,36.2234
DLR,196.24,195.57,197.54,194.81,1295365.152805,196.3375
CBRL,31.37,31.21,31.8,30.52,925549.377786,31.2656
INGR,106.2,107.39,107.6005,105.205,809780.198635,106.1994
SSNC,67.04,68.725,68.73,66.63,2707004.086188,67.1043
CRESY,11.16,11.065,11.28,10.89,305600.022169,11.1354
BWBBP,20.0,19.93,20.2788,19.85,8052.25,19.9426
IVAL,35.44,35.19,35.52,35.19,12361.1991,35.4314
CBZ,30.28,30.71,31.22,30.185,513346.168897,30.4989
NUDM,38.885,38.92,38.98,38.8007,35895.931708,38.8763
NAD,11.95,11.93,11.96,11.91,422237.864611,11.9387
CAPL,22.67,21.84,22.765,21.645,67905.529758,22.1062
JMM,5.8,5.88,5.88,5.75,21541.0683,5.7836
APPX,37.57,34.06,37.75,32.84,1857096.71197,34.4607
BLCO,16.03,16.16,16.315,15.955,780501.782328,16.1083
JENA,10.35,10.35,10.35,10.35,102.0,10.3489
BACpK,24.9,24.94,24.99,24.9,37754.0771,24.9351
PEMX,85.656,85.57,85.68,85.5,1625.909639,85.6061
OSPN,11.84,12.1,12.33,11.76,570484.38881,11.9222
AGMpG,17.59,17.7,17.75,17.59,8916.2993,17.6807
MFAN,25.15,25.13,25.19,25.116,10404.9549,25.1496
EVTC,23.02,23.83,23.98,22.88,710554.875881,23.2905
BBN,16.1,16.08,16.21,16.06,119732.585639,16.0962
XYZ,73.17,75.09,75.55,72.76,5319326.71505,73.5141
TTAN,60.29,62.94,64.1241,59.08,1033497.183153,60.4102
JAGX,3.3,2.97,3.45,2.87,99636.960418,3.298
HFROpA,16.6345,16.57,16.6999,16.57,15502.0608,16.6529
CHW,8.83,8.78,8.87,8.74,161779.1767,8.8208
BITW,52.98,52.44,53.075,52.1064,47873.653972,52.627
SOXQ,95.07,93.51,95.2983,93.08,2802366.056748,94.2458
URNJ,32.57,31.75,33.18,31.65,320476.287448,32.5179
GAB,5.59,5.55,5.665,5.54,2154012.494977,5.6154
BAC,50.55,51.21,51.39,50.27,33132236.88128,50.6678
ORIS,0.4064,0.42,0.42,0.3916,57947.0,0.401
AIFU,1.53,1.58,1.65,1.53,9996.574064,1.6195
RGA,209.47,210.78,211.71,207.83,324288.049939,209.841
SONM,5.165,4.865,5.28,4.865,6969.8567,5.0986
SMCI,33.52,35.07,36.37,33.44,39601085.387374,34.8376
NMG,2.04,2.05,2.11,2.035,893804.830804,2.0657
PMT,10.78,11.01,11.01,10.76,1033085.389275,10.8613
SYM,51.71,52.1,53.61,51.155,1986504.18793,52.0972
ATII,10.85,10.79,10.9,10.78,516561.723523,10.846
VIST,66.83,66.13,67.2,64.52,1721958.122148,66.1536
KOYNU,10.19,10.19,10.19,10.19,100.0,10.19
COMT,35.4694,35.1,35.63,35.04,251611.652603,35.3951
JDZG,2.01,1.56,2.0418,1.53,475258.807947,1.8821
INSG,15.76,16.09,16.48,15.3001,339963.314362,15.6811
XRTX,2.46,2.71,2.805,2.35,65494.0,2.5757
SGHC,13.18,12.93,13.425,12.79,6523431.062716,13.19
ICCC,8.45,8.19,8.49,8.115,15190.822223,8.377
CHT,43.1,43.57,43.84,43.08,191722.170238,43.3567
WRAP,1.47,1.48,1.53,1.445,121252.972344,1.4817
VOYG,30.82,29.43,33.36,28.7,2595662.968061,31.6331
PLXS,271.78,268.24,273.325,266.365,196007.077446,270.571
METD,16.7351,16.65,16.75,16.59,152179.464877,16.6757
XMAG,24.3872,24.33,24.4399,24.33,37668.66545,24.377
SGRP,0.6402,0.66,0.684051,0.6264,45131.0,0.6606
SAMG,13.26,13.43,13.65,13.25,9337.365504,13.3116
SCEpL,17.99,18.05,18.05,17.91,9209.326,17.9694
ETHD,48.48,49.08,50.0,48.2701,211147.641544,48.8593
IBAT,44.98,44.17,45.23,44.17,44067.596231,44.9264
NPKI,15.29,14.99,15.45,14.9054,597847.163952,15.2678
CXAI,0.1407,0.145,0.152,0.1407,3409981.628536,0.1465
CALM,75.45,76.12,76.58,73.7875,811180.180096,75.1815
BOTZ,41.31,41.29,41.515,41.2,1060148.905123,41.3576
ALTGpA,25.02,25.15,25.22,25.02,3155.9923,25.1329
DFEM,40.83,40.78,40.95,40.64,1127256.610999,40.8527
BACpB,25.03,25.08,25.08,25.01,42028.4656,25.037
RLTY,15.85,15.83,15.95,15.83,49228.894945,15.8797
GNLpB,21.6,21.65,21.65,21.575,3736.0,21.5831
QBTZ,10.55,12.39,12.8,9.71,882781.806324,10.7249
TBIL,49.91,49.9,49.91,49.9,1660354.893609,49.9055
SCD,15.18,15.12,15.2485,15.12,44821.276719,15.1829
MG,17.77,17.55,18.06,17.295,263072.468758,17.7261
PCEF,20.0903,20.1,20.16,20.08,44410.79347,20.119
ASRV,3.69,3.65,3.75,3.6,10204.2643,3.7097
IPKW,59.2788,59.32,59.5,59.22,25065.26457,59.3666
DOCS,26.26,25.77,26.49,25.56,4192656.853429,26.026
VBNK,18.15,18.9,18.94,18.04,70913.797951,18.4498
CVBF,20.1,20.39,20.39,20.025,1682040.74583,20.1608
LIVN,70.09,71.45,72.78,69.17,1085060.636228,70.5017
TEXN,32.7375,32.28,32.74,32.26,2337.9035,32.3932
CLB,13.3,13.28,13.4,13.09,392299.42535,13.2928
SHEL,85.36,85.09,85.55,84.81,8268383.036055,85.2629
RDDT,159.51,153.5,162.45,153.5,5077727.259214,159.1683
CNA,43.13,43.71,44.0199,43.025,665218.843128,43.2604
HCSG,22.35,23.06,23.11,22.2,532524.254251,22.4903
MAX,8.91,8.99,9.26,8.85,555606.95365,9.0083
TRAX,18.76,19.42,20.41,18.085,345549.815203,18.7942
SGA,10.26,10.73,11.05,10.24,47117.935925,10.6502
MO,68.61,68.7,68.985,68.03,10608349.514397,68.6019
NFG,79.44,80.15,80.795,79.22,566414.875635,79.6473
EEX,4.99,5.05,5.0799,4.98,5228124.840903,5.0009
LOBO,0.56,0.55,0.5788,0.55,147486.710967,0.5571
CGGG,29.041,28.91,29.185,28.91,50195.3625,29.0318
TLK,17.08,17.16,17.35,17.01,454645.11566,17.1068
TMAR,26.265,26.26,26.368,26.235,15375.0,26.3054
PMBS,49.52,49.61,49.61,49.5064,118564.928,49.5399
MRNY,17.18,18.64,18.81,16.87,376168.789818,17.9623
WFCpA,18.93,19.0,19.0,18.9,29240.2815,18.9231
HRTG,22.18,22.51,23.08,21.605,854846.774972,22.1719
FTNJ,8.765,8.81,8.81,8.76,49305.7235,8.7787
DETX,4.36,4.5,4.5,4.32,13697.0,4.4144
RLJ,8.8,8.99,9.0,8.63,4558555.351927,8.7426
IBIG,26.52,26.52,26.5287,26.5,11471.999,26.5181
TRP,65.51,65.01,65.9807,65.01,3956543.038713,65.6003
PSA,311.55,311.75,312.41,309.13,755648.342957,311.1732
FMUB,51.115,51.13,51.15,51.105,21133.136,51.1205
QTPI,25.645,25.6,25.69,25.5001,2827.5716,25.6492
YSG,2.89,2.85,2.94,2.81,80045.440548,2.8808
XENE,55.78,55.99,57.27,55.31,714926.458967,56.1863
BTBD,1.1,1.09,1.1399,1.03,459880.3683,1.0817
FSCO,5.12,5.13,5.1888,5.1,981715.241779,5.1525
EVEX,3.12,3.16,3.21,3.035,1256911.342949,3.1394
RYAN,31.29,31.57,32.44,31.1,3747851.691706,31.7986
HWM,273.58,269.35,275.164,266.03,2980136.254827,272.7366
CBK,28.97,29.15,29.32,28.91,25329.0,29.0369
IGOV,42.07,42.26,42.26,42.025,135816.377801,42.1169
WOOD,68.1325,69.12,69.12,68.0114,12959.478295,68.5118
XPRO,15.86,15.6,15.96,15.6,685855.619864,15.8335
TRAK,9.81,10.16,10.2,9.6247,108464.319842,9.782
DKI,5.61,5.22,5.75,4.51,69182.501,5.1907
EZPW,34.65,34.02,35.22,33.61,897074.109902,34.6112
HQ,12.57,10.49,12.84,9.9201,402589.850261,11.5492
FLGpA,23.06,23.01,23.08,22.98,23946.2149,23.0453
AGO,78.91,75.65,79.48,75.65,848484.050555,78.5538
ORN,15.15,14.9,15.76,14.7672,603194.044274,15.2206
NUV,9.23,9.23,9.235,9.21,377611.10769,9.225
SWVL,1.76,1.75,1.8471,1.74,8311.602379,1.7872
DOLE,15.21,14.46,15.29,14.31,1917840.162781,15.0843
CERT,5.13,5.22,5.91,4.99,8081519.86969,5.3043
PCT,9.89,9.5,10.39,9.4,5782164.726593,9.9558
LUCK,7.92,8.12,8.12,7.7547,87578.325806,7.9418
SPDF,27.0585,27.049,27.15,27.045,16235.516,27.1002
HOLO,1.77,1.75,1.86,1.7101,828776.105197,1.8049
E,55.46,54.95,55.59,54.905,312958.353907,55.2914
LSCC,128.96,127.19,129.38,124.8746,2335682.566108,128.1279
MYN,10.07,10.05,10.09,10.049,84395.40874,10.0709
BCML,30.47,30.95,31.0,30.25,35308.603319,30.5301
JANX,14.23,14.34,14.695,14.06,914948.164092,14.2775
PACS,31.9,33.54,34.0707,31.85,1023653.933332,32.9527
CYH,2.81,2.79,2.82,2.724,1866808.867755,2.7905
RMMZ,14.96,15.02,15.08,14.9201,7525.9293,14.9859
BOF,3.48,3.4,3.54,3.29,47248.68551,3.4141
OXBR,1.025,0.9999,1.03,0.97,2030154.0,1.1305
OGS,84.96,85.44,85.5,84.5,520464.311041,85.06
GLPI,48.03,48.19,48.505,47.88,2013569.429764,48.0936
TDIC,1.04,1.18,1.44,0.99,889338.882007,1.1111
SCEpN,23.8,23.89,23.895,23.8,19284.6186,23.8304
AUBN,24.0101,23.37,24.0101,23.37,3183.966,23.7963
GDL,8.5,8.49,8.51,8.4801,4908.299795,8.4952
PHM,115.45,117.45,117.985,115.35,1376839.503098,115.7427
LNC,34.77,35.9,36.52,34.55,2900052.188001,34.9858
PJAN,48.94,49.04,49.04,48.94,70317.724098,48.9751
PPH,99.69,100.07,101.54,99.59,172796.981054,100.2727
AAPD,12.08,12.12,12.1854,12.045,5150529.893192,12.1157
BCSF,13.3,13.67,13.68,13.29,318427.664088,13.4182
SDST,2.38,2.33,2.5,2.27,138895.275182,2.4134
NAN,11.45,11.5,11.5,11.44,154876.837,11.4687
ECON,35.0211,35.01,35.115,34.9701,11616.1106,35.0288
EOI,19.91,19.93,20.02,19.82,67905.8377,19.9535
PDS,92.06,89.07,92.665,89.07,124335.329848,91.4926
TBLD,21.9,21.85,22.1263,21.789,78010.007,21.9302
PS,52.09,40.87,54.94,40.845,1224118.000772,48.6538
MTC,6.37,6.95,7.2916,6.16,95586.427524,6.5197
DVA,198.93,200.83,202.13,196.93,1106603.099633,198.7305
PDEX,56.51,58.91,58.91,56.51,37346.713552,57.5677
SQFTW,0.0155,0.0193,0.0193,0.0146,670.0,0.01562
INDI,4.74,4.27,4.82,4.27,7174545.330656,4.6631
MATH,1.0,0.99,1.08,0.96,242691.4865,1.0027
TCPA,24.02,24.08,24.15,23.99,22796.775,24.0405
RRX,211.33,213.85,217.275,209.34,1460331.982675,212.3889
WINA,361.31,374.69,374.69,357.7101,40295.805468,363.1396
WELL,214.84,215.0,217.565,213.175,2631865.933339,215.0009
VOC,3.11,3.04,3.19,3.04,192834.815778,3.1112
KOF,105.23,106.05,106.97,104.105,139047.425571,104.8406
TLSI,4.54,4.45,4.71,4.45,77619.665674,4.5588
RSVR,9.95,10.19,10.19,9.88,34571.747098,9.9915
ARBE,0.896,0.82,0.9455,0.81,2919858.988909,0.9021
QBIG,42.2373,41.83,42.39,41.83,3330.3126,42.1676
HCC,87.18,86.25,89.59,86.25,837571.991158,87.5664
LGCB,0.59,0.6518,0.6518,0.58,58840.500583,0.5938
HD,311.4,316.5,317.12,309.71,4335726.961025,312.0762
TALO,15.33,15.28,15.45,15.0,1528837.465686,15.3372
ROCQ,56.71,56.57,56.8,56.4,435130.704436,56.677
NXP,14.35,14.27,14.37,14.27,76845.05274,14.324
HEI,289.77,291.29,293.29,286.52,719573.107892,289.8349
SKYX,1.205,1.32,1.33,1.16,3223775.848822,1.2607
PPL,36.24,35.88,36.32,35.815,7428579.784145,36.1784
VWOB,66.96,67.03,67.08,66.925,449842.560491,67.0053
FINV,5.15,5.18,5.23,5.12,566913.222097,5.1673
HGER,33.14,32.9,33.14,32.835,503686.790652,33.0288
CSHP,99.395,99.42,99.42,99.39,1193.0209,99.4002
ULH,12.56,13.18,13.18,12.22,105548.634042,12.6602
GEVG,32.25,30.05,33.09,30.0,83647.489707,31.5759
ORGN,1.3,1.35,1.3899,1.295,162528.390086,1.3313
HTFC,25.04,25.04,25.04,25.04,790.0,25.0144
FLC,17.06,17.08,17.14,17.02,13523.0059,17.0867
LTC,38.46,39.18,39.41,38.44,431953.663255,38.7171
IBRN,35.659,36.27,36.27,35.659,754.161434,35.8347
MFEM,29.18,29.2,29.28,29.07,7389.2359,29.1898
ABVE,0.593,0.614,0.638999,0.5795,2167728.104224,0.5985
HKIT,0.66,0.69135,0.6998,0.6415,141396.107755,0.6689
ONCO,0.4021,0.38,0.437,0.361,852932.588218,0.3981
EMB,95.97,96.13,96.16,95.895,2376846.022894,96.006
EOLS,6.32,6.36,6.58,6.3,639427.202505,6.3991
PLTG,13.18,12.91,13.28,12.475,376705.365398,12.8995
TECK,65.29,65.13,66.5,64.87,2846632.582469,65.6472
TRIP,9.66,10.29,10.43,9.63,3990015.705963,9.8031
BACpP,16.75,16.76,16.79,16.75,46094.5522,16.766
KGS,75.52,73.63,76.68,71.78,3437112.655834,74.4049
EVOX,10.0,10.0,10.005,10.0,54537.0,10.0
ICCM,0.24,0.247,0.25,0.2301,525103.030011,0.239
OFLX,28.83,30.26,30.26,28.44,27435.3793,28.9149
VTP,77.04,77.1,77.125,77.01,17021.2915,77.0536
BIRD,5.34,5.61,6.0899,5.3001,491639.297073,5.5993
SNAP,5.75,6.0,6.095,5.65,46562532.883614,5.7729
BIO,243.79,254.35,254.35,242.62,430848.046198,245.8307
CIVB,24.72,25.21,25.29,24.655,71714.031593,24.7822
SNN,29.1,29.69,29.75,29.08,1447136.268203,29.2901
AGEM,49.3597,49.09,49.52,49.09,4979.3694,49.3516
BBW,37.08,37.99,38.11,36.65,318656.610737,37.1338
CBNK,30.81,31.36,31.42,30.7,60956.9553,30.9051
ASPSW,0.39,0.39,0.411,0.39,44265.727282,0.3926
IRIX,1.05,1.03,1.05,1.025,28231.4527,1.036
FE,44.6,44.48,44.715,44.29,4689904.637582,44.4813
TBLAW,0.0079,0.0099,0.01,0.0075,30360.0,0.009212
CMTL,3.76,3.94,3.94,3.705,369917.238888,3.7791
DNP,10.75,10.71,10.81,10.6872,1023073.278307,10.7484
AVBP,29.02,29.78,30.55,28.63,271246.765072,29.2294
HPK,5.97,5.91,6.075,5.845,548878.267848,5.9929
AMIX,0.3354,0.3389,0.3499,0.3349,129460.115181,0.3335
IOVA,3.7,3.64,4.03,3.64,19047401.965241,3.7726
WBS,72.15,72.57,72.64,72.11,1659967.627628,72.2597
TXT,91.66,91.11,92.1741,90.31,1388617.766722,91.763
AM,21.31,21.0,21.37,20.88,2033860.277808,21.2473
BCAX,22.92,22.49,23.78,21.9101,656927.012051,22.9109
JBK,26.0,27.89,27.89,26.0,656.0,27.5579
HNGE,54.74,55.52,56.5,53.85,1782087.794613,54.8349
LEN.B,84.88,86.04,86.04,84.42,60360.89183,85.0431
PRIFpL,24.62,24.55,24.75,24.51,1550.0517,24.5886
FIHL,20.71,21.02,21.16,20.56,402289.863979,20.7713
JOF,11.88,11.71,11.9845,11.68,52025.452691,11.867
JPC,7.99,8.03,8.035,7.98,1113434.32755,8.0042
CRCT,4.36,4.29,4.53,4.285,525283.056191,4.3937
CRIS,0.551,0.56,0.5852,0.5502,206924.355226,0.5708
NIQ,10.09,10.69,10.8122,9.96,1242147.956304,10.1893
ETO,30.56,30.47,30.69,30.2901,24665.0287,30.5416
AAMI,72.38,69.05,73.1,69.0,529410.276382,71.4674
FPEI,19.32,19.32,19.33,19.305,338623.297092,19.3159
WISE,40.2035,40.0,40.595,39.92,8696.1204,40.1688
MSS,1.22,1.23,1.26,1.2,88895.789896,1.2233
INFO,26.66,26.59,26.7299,26.59,52283.0,26.644
NC,50.01,50.16,50.65,49.75,8250.388818,50.2315
TTE,90.69,90.35,90.9,90.2535,893318.080672,90.5894
AVXX,8.1,8.0,8.24,7.31,279536.42651,7.8144
VITL,8.74,9.0,9.055,8.3,5284728.514024,8.7092
BSMW,25.0811,25.11,25.12,25.055359,4320.5243,25.1024
XBIL,50.085,50.08,50.09,50.08,102720.179991,50.0843
WK,46.42,50.52,51.61,46.41,1515498.748926,47.4942
MTCH,35.77,36.88,37.0,35.34,4409706.710924,35.7829
PTY,12.15,12.15,12.21,12.15,942922.258712,12.1863
SNSR,48.0,47.78,48.0,47.71,40911.624776,47.7839
CARR,65.88,66.87,67.0,65.64,5310801.703545,65.9758
TDF,11.56,11.53,11.65,11.5,30181.664159,11.6061
COLD,14.56,15.09,15.15,14.24,6189804.395682,14.5094
CANC,37.3256,37.63,38.27,37.14,11973.580518,37.6486
CVNY,26.75,27.11,27.3182,26.34,95732.433552,26.772
AMC,1.41,1.48,1.51,1.41,21306252.968958,1.4563
CTNT,2.7,2.71,2.79,2.59,324328.586362,2.7251
WGMI,58.47,56.36,61.185,55.11,431323.855342,58.8884
ISHG,76.2653,76.38,76.38,76.22,88730.1654,76.2566
AROC,36.71,37.21,37.71,36.62,2427131.075464,37.0685
XXRP,4.5,4.4,4.55,4.34,3782185.513697,4.4525
ZVRA,10.8,11.3,11.86,10.7107,2235093.110269,11.1888
GEL,15.79,16.43,16.48,15.74,423794.183586,15.9107
COCP,1.3,1.4,1.4399,1.29,189052.296225,1.3284
BTOC,0.292,0.285,0.2992,0.285,452522.0,0.2941
RBIL,50.245,50.2,50.25,50.2,20082.3377,50.2364
DAKT,20.68,20.64,20.87,20.56,290847.21482,20.7111
GLBE,29.91,29.46,30.515,29.0,2842659.697325,29.9433
CHSCN,25.315,25.3,25.35,25.2662,15885.8121,25.312
GCBC,23.56,24.08,24.08,23.56,6507.396046,23.7291
NPFD,19.41,19.42,19.4599,19.3541,62303.093356,19.417
OPRT,5.47,5.81,5.87,5.385,473948.139806,5.549
HSTM,23.12,23.73,24.11,23.095,323581.282127,23.2579
MCHPP,83.54,83.68,84.51,82.14,36308.452179,83.3283
XYLD,40.6,40.55,40.61,40.55,607627.417892,40.5915
TIP,111.31,111.35,111.38,111.26,1752988.170672,111.3158
FCPT,25.14,25.26,25.415,25.09,723838.902388,25.1746
WHRpA,35.82,38.34,38.39,35.4902,1538538.334,35.7091
STBQ,23.1443,22.78,23.1499,22.77,1785.431,22.8717
SXT,117.33,118.29,119.655,116.56,348750.50667,117.4774
GDOT,12.42,12.55,12.66,12.42,444563.933928,12.5328
R,232.47,240.72,240.855,231.49,589403.583086,233.5567
NIE,26.64,26.53,26.845,26.45,60995.384817,26.6336
AHLpD,21.2001,21.18,21.32,21.18,5298.936,21.2255
ALT,3.09,3.09,3.22,3.06,2937164.368195,3.1278
AFB,11.17,11.22,11.25,11.17,49929.7824,11.205
PSTL,23.35,23.49,23.6699,22.95,342250.791683,23.2536
KSS,13.09,14.42,14.42,12.88,7347540.164172,13.2084
PHVS,29.95,30.22,31.65,29.82,844064.927948,30.5179
CRVO,3.8,3.91,3.98,3.7001,56522.348162,3.8301
DMAC,6.45,6.31,6.63,6.262,117731.481358,6.4292
AVBH,29.445,30.2,30.69,29.37,47269.0746,29.7494
SMHI,7.44,7.54,7.54,7.38,34523.569934,7.4602
GDDY,88.08,91.41,92.59,87.15,2060042.590493,88.3624
CRDF,1.63,1.65,1.665,1.61,579312.366487,1.6328
CYCU,0.9475,0.87,0.9699,0.8347,987436.031556,0.8966
HCI,148.98,152.26,154.0,146.6401,304032.09763,150.0231
EXPD,155.54,156.41,157.0,153.95,774026.869757,155.3464
VIV,14.74,14.96,14.99,14.49,2437271.149048,14.752
VYNE,0.6645,0.66,0.6661,0.66,124052.582266,0.6631
CHCT,16.86,17.07,17.19,16.83,215536.797315,16.9648
BRCB,10.99,11.44,11.505,10.95,207034.491076,11.095
BUI,27.35,27.37,27.65,27.32,96357.422472,27.5031
AMPGZ,0.104,0.09,0.11,0.05601,47358.839109,0.09331
CWBC,23.65,24.0,24.16,23.58,218343.156801,23.7288
ADAM,8.66,8.8,8.84,8.61,550688.330747,8.6861
GRAG,6.76,6.81,7.12,6.6177,26350.2934,6.9299
LXEH,1.08,1.15,1.15,1.06,25610.227073,1.0774
BCDA,1.11,1.07,1.13,1.06,398562.793338,1.0909
CCI,90.67,90.96,92.305,90.44,3640693.978875,91.195
PII,66.28,68.26,68.515,66.2,734696.71599,66.6465
ATHpB,19.7799,19.76,19.8,19.6367,12632.526,19.7378
ARES,124.61,126.21,127.37,123.0,3767275.619915,125.1531
PWV,72.36,72.44,72.56,72.225,68522.374588,72.347
RVTY,98.95,100.79,102.995,98.29,1600921.523156,100.1998
CLMB,19.76,20.17,20.43,19.525,89044.688696,19.8675
AFYA,14.01,13.93,14.6589,13.93,96339.067344,14.1099
HMY,18.13,17.96,18.41,17.93,4423472.483411,18.1847
SONY,21.29,21.51,21.63,21.185,16234300.134366,21.3513
CIFG,10.9502,10.4,12.21,9.86,392897.315333,11.7359
MSAI,6.0,5.9,6.26,5.74,33096.845923,5.973
AVEM,95.83,95.66,96.075,95.35,1514619.45989,95.8362
JPMpJ,19.74,19.69,19.74,19.68,48450.5701,19.7133
EXP,204.93,210.0,210.865,204.78,335383.176015,206.1425
CFGpI,25.33,25.3,25.33,25.17,40425.0,25.2854
LQDH,93.03,92.97,93.13,92.97,18204.123866,93.068
CCM,5.33,5.54,5.585,5.0802,9298.0,5.2944
DORM,121.01,123.58,123.98,120.26,262146.643912,121.8664
PEW,3.14,3.23,3.34,3.12,1641410.130675,3.2321
RCEL,4.37,4.13,4.47,4.11,433716.790204,4.3557
CMPX,1.83,1.7756,1.91,1.775,5811889.833617,1.8496
RITMpE,24.34,24.35,24.44,24.31,26710.2859,24.3779
OCG,1.69,1.97,2.02,1.64,191578.863075,1.8092
SREA,21.59,21.61,21.64,21.52,36732.15,21.582
BSBK,8.47,8.48,8.55,8.34,17382.5189,8.4792
DOMO,3.67,3.81,3.8846,3.595,522737.641869,3.6594
RDGT,1.55,1.51,1.59,1.5,135379.073412,1.5613
RAAQ,11.4,11.39,11.4599,11.21,460388.667749,11.3767
CMREpC,26.1994,26.12,26.2,26.11,11888.273,26.1869
MMM,143.34,143.5,144.81,142.88,3319348.294537,143.5208
SPE,14.41,14.54,14.56,14.33,23696.15412,14.4393
HTO,57.39,57.72,57.8,56.945,371063.814033,57.3032
MHK,100.97,103.76,104.68,100.43,914729.666911,101.4211
FTEC,271.46,268.47,272.1099,268.295,309149.365965,270.8602
NXTT,1.52,1.46,1.65,1.46,119856.002701,1.5499
FC,21.99,22.21,22.62,21.38,43950.266847,21.942
ORRF,36.17,37.18,37.29,36.06,125174.087856,36.258
PCB,23.96,24.72,24.83,23.96,23717.1734,24.2256
NGNE,30.89,30.78,32.29,30.24,116643.760849,31.1751
LMB,75.94,71.9,77.36,71.0,739359.241438,75.4386
PWR,781.38,749.42,781.73,745.0,1411464.984186,770.6402
KSCP,2.9,2.99,3.02,2.86,495408.850383,2.9406
FOURpA,53.5,53.98,53.98,52.25,8347.7787,52.9709
NCTY,6.51,5.71,6.6668,5.71,96011.966606,6.2808
STK,51.83,51.54,52.04,51.325,52248.964017,51.7892
DSL,11.07,11.09,11.1,11.01,663580.075317,11.057
RKT,14.83,15.51,15.55,14.615,30505638.316096,15.004
ALOY,9.36,9.85,9.85,9.2,1629533.486077,9.4102
ESGE,54.31,54.23,54.48,54.045,838389.22958,54.339
RLMD,7.36,7.33,7.56,7.24,894483.102787,7.3653
BNC,3.19,3.2,3.3,3.1017,179093.0666,3.2171
TAK,16.36,16.46,16.535,16.28,5164420.810225,16.385
HYPD,3.63,3.6,3.81,3.51,202801.114432,3.6482
VEEV,159.33,164.36,166.66,158.35,2382131.490943,160.5972
VEON,50.03,50.08,51.66,49.35,249870.275757,50.4307
SHW,312.7,317.02,317.65,311.72,1786994.36357,312.9669
PBM,5.27,5.28,5.56,5.0,96558.4918,5.2793
CAT,926.79,903.61,929.0,895.06,2811658.787383,916.7129
GENT,10.275,10.27,10.3,10.27,33645.0408,10.2804
TREX,39.5,39.6,40.97,39.14,2559158.271082,39.8209
OTAI.U,10.0,10.0,10.01,9.99,261725.337523,10.001
ORIQ,10.25,10.25,10.25,10.25,6000.0,10.25
IMUX,12.0,11.62,12.25,11.45,239387.276621,11.8768
EWH,24.32,24.26,24.35,24.24,2124400.117402,24.3123
EG,350.78,352.56,355.31,348.64,375204.053613,351.5994
BY,32.6,33.26,33.26,32.4,226016.332631,32.6508
QQQH,55.5913,55.58,55.81,55.44,47648.539455,55.6081
LBTYA,12.06,12.2,12.25,11.965,1352154.707695,12.0562
RGT,14.56,14.61,14.6899,14.55,8547.9852,14.6001
FBP,23.73,24.21,24.275,23.512616,1029262.616118,23.7338
OPPpB,18.2003,18.4,18.4,18.2003,236.0,18.285
CPRX,31.15,31.15,31.2,31.14,3684016.452388,31.1546
BKIE,99.39,99.47,99.5,99.09,42084.097424,99.2546
HYT,8.65,8.65,8.69,8.65,574064.123275,8.6749
PPIH,33.76,33.78,34.595,33.28,46787.904121,33.8022
FULC,7.0,7.21,7.5,6.93,633953.830115,7.171
FLEU,34.8483,34.86,34.925,34.7502,10368.3454,34.8503
SPRU,3.24,3.3,3.3,3.21,34104.781405,3.2504
PFM,53.9601,53.77,54.03,53.77,8479.148842,53.9644
BYRN,5.14,5.28,5.34,5.1,387597.620036,5.1781
AREC,2.45,2.23,2.5,2.15,4577808.759827,2.3824
MTBpK,25.08,25.12,25.12,25.0242,12878.0,25.0656
NWPX,111.18,112.01,112.52,110.0,113902.714609,111.1781
VSCO,46.04,48.85,48.86,45.7,2367515.946592,46.5798
CDLX,0.651,0.6,0.6745,0.59,1259588.262065,0.6387
FCRS.WS,0.7975,0.85,0.862001,0.78,9146.0,0.8317
EQNR,38.22,37.57,38.515,37.41,3569126.4531,38.0871
VSDA,54.749,55.13,55.13,54.66,6186.86747,54.8154
WETO,0.5,0.4746,0.5599,0.45,93378.0,0.5014
CLOV,3.2,3.08,3.29,3.0501,9941702.419844,3.1981
NXTG,146.4057,145.45,146.92,145.45,14216.74894,146.3419
ATRO,75.79,74.88,76.61,73.0175,607707.703017,75.6932
HRI,136.12,133.53,138.24,130.13,454694.120234,136.3014
CHNR,4.18,4.3,4.3,4.06,9718.274859,4.1599
IVVD,1.51,1.49,1.575,1.49,2834879.146517,1.5256
LH,255.08,254.5,256.9999,253.0,677620.550779,254.8027
GCTS.WS,0.305,0.4,0.4,0.28,138048.26996,0.3015
WENC.U,10.0,10.02,10.02,10.0,6528.0,10.0102
PCEB,25.055,25.0,25.14,25.0,119297.8963,25.0386
NWG,15.76,15.9,15.915,15.7123,3789915.603638,15.8093
WSML,34.4302,34.5,34.54,34.4,3101.736634,34.4652
LFMD,4.39,4.72,4.87,4.365,1216344.520908,4.6066
AUID,1.2,1.27,1.2836,1.1701,207447.800188,1.2252
JFIN,4.97,4.97,5.01,4.95,67954.839404,4.967
HQI,11.66,11.94,12.03,11.4,6209.998955,11.692
RELY,24.28,24.03,24.92,24.02,6228004.749056,24.5628
ALBpA,83.39,82.26,85.67,82.26,130049.794571,84.0672
TRMB,58.04,60.4,60.68,57.28,2618676.32666,58.3032
CSTE,1.37,1.35,1.46,1.3495,52425.191066,1.3941
MASK,2.18,2.9,2.9499,2.05,1225696.317413,2.4911
JPXN,99.81,99.65,99.978,99.65,7095.451496,99.7922
WEEI,23.54,23.11,23.59,23.11,120360.828044,23.4692
VHT,267.95,269.19,271.8,267.33,261050.459255,269.0113
SLTY,25.66,25.56,25.6791,25.5501,11916.788262,25.6274
SUPV,8.18,7.95,8.28,7.8827,644710.828869,8.1293
KEY,21.31,21.68,21.75,21.225,8110869.93241,21.3926
VLN,2.85,2.77,2.895,2.64,4957923.135255,2.7836
MSGE,63.95,65.11,65.21,62.73,657573.975907,63.6993
CIMpA,21.55,21.64,21.65,21.3301,13398.197,21.4779
TK,13.62,14.11,14.11,13.52,624068.342867,13.7154
TWOpC,24.81,24.88,24.9,24.79,58893.626,24.8372
HIND,1.97,2.03,2.2,1.95,45639.502282,2.0628
RPGL,0.4551,0.7504,0.7742,0.39235,12215024.011592,0.4912
AMPH,18.45,19.13,19.41,18.33,1359763.533794,18.7183
JRVR,3.97,4.15,4.22,3.76,1483180.613761,3.9503
QSIAW,0.0455,0.046,0.05585,0.0401,21113.237,0.04832
VFLO,43.21,43.6,43.78,43.125,837064.261442,43.3047
LOAR,61.22,59.2,61.79,57.565,1033233.740018,60.651
HTGC,16.05,16.12,16.22,15.96,2122214.947802,16.0753
NEE,94.84,94.0,95.8,94.0,7233830.256641,95.0431
RBC,613.59,607.63,619.465,603.68,191450.945817,612.8321
WEA,10.59,10.64,10.65,10.59,18344.7321,10.6133
BFSpE,22.76,22.76,22.76,22.76,169.7,22.8699
MGPI,18.63,19.67,19.67,18.56,207776.39948,18.7976
GRX,8.98,9.04,9.06,8.9,20467.98792,8.9717
BIV,76.82,76.94,76.96,76.8101,1010133.747303,76.8781
INMB,1.35,1.43,1.43,1.35,159022.258081,1.394
OPTU,1.06,1.08,1.16,1.03,7919554.592348,1.098
BWIN,20.16,19.95,20.5,19.95,1099414.018156,20.2281
RRBI,89.08,90.29,91.64,88.86,73684.536225,89.7286
EVLV,6.92,7.03,7.09,6.9,2672332.732735,6.9593
KMLI,7.29,8.19,8.19,7.132,556816.655113,7.4313
TMCR,13.75,14.82,15.38,13.6,405143.515154,14.322
GFLW,30.98,30.91,31.1,30.91,45132.2039,30.9887
MCRB,7.84,7.68,8.0,7.68,34361.582084,7.886
VIVS,1.38,1.39,1.405,1.38,67304.439005,1.383
BST,45.0,44.89,45.69,44.7842,167239.244637,45.2497
BLIN,0.9601,1.04,1.04,0.9574,45025.048828,1.0008
NMFC,8.07,8.29,8.305,8.07,523194.808853,8.1391
DUOL,105.15,107.82,109.4703,104.975,1485996.138535,106.5588
BR,149.13,148.28,150.515,146.6301,1803452.158414,148.5429
PULM,1.25,1.26,1.305,1.25,10224.0,1.2718
CNK,26.76,27.24,27.57,26.575,1958735.452868,26.9215
BTC,36.24,35.88,36.3399,35.57,1419246.770058,36.0908
CLIR,4.3648,4.61,4.61,4.18,22542.986669,4.4311
MIN,2.47,2.49,2.49,2.47,74892.637412,2.4778
LECO,271.23,272.87,274.03,270.041,274731.73104,271.5207
EVF,4.98,4.98,5.01,4.98,42219.9409,4.9865
SSTI,6.86,6.95,7.09,6.56,185801.344107,6.7678
TYG,45.38,46.33,46.33,44.93,632314.038595,45.328
NEXM,3.02,3.29,3.29,2.99,32159.878006,3.0878
DAIO,2.91,2.83,3.1086,2.67,58869.8582,2.9409
IMXI,15.81,15.87,15.91,15.8,812802.665072,15.867
TE,6.04,5.98,6.58,5.98,18426334.445182,6.2769
AMBQ,45.67,44.19,46.89,44.14,939252.830926,45.5052
HMN,44.29,44.69,44.765,43.89,160425.981661,44.2136
UDR,37.15,37.0,37.275,36.835,4018926.96355,37.1002
MDIV,16.615,16.63,16.66,16.58,40271.1327,16.6174
MBS,8.675,8.7,8.7,8.66,37503.526987,8.677
CRPT,16.3952,15.76,16.4999,15.3851,187515.159132,16.1976
CRUS,174.23,173.14,176.32,169.29,612949.106841,173.0971
SCEpG,18.77,18.6,18.78,18.56,8217.8515,18.7226
BNT,46.18,46.58,47.1,46.18,22673.746931,46.4897
SBGI,14.27,14.48,14.93,14.23,493971.233695,14.427
BULLW,2.38,2.11,2.38,2.11,4366.0,2.2605
QUAD,7.39,7.51,7.5799,7.39,225933.659824,7.4664
GRABW,0.0496,0.064,0.0644,0.0402,77170.0,0.0519
ALV,120.53,121.65,121.8,119.27,604943.942098,120.459
KWM,0.2874,0.3038,0.3056,0.2785,649729.708995,0.2896
MICC,14.87,14.83,14.88,14.735,857845.992904,14.8233
BEEP,2.22,1.82,2.28,1.76,180221.525378,2.1371
BTT,22.79,22.87,22.885,22.7201,68582.926052,22.8127
BNTC,12.08,12.34,12.64,11.855,74656.342159,12.1213
ABVC,1.02,1.06,1.09,1.015,78169.240535,1.0336
TOYO,13.46,12.09,13.5,11.9055,428939.100591,12.8662
GEO,21.41,21.68,21.78,21.27,1748787.491797,21.4679
ARX,13.36,13.14,13.57,13.06,1201290.388273,13.3784
IX,36.74,38.56,38.56,36.58,497075.595498,36.9028
MHD,11.8,11.85,11.88,11.75,490708.9985,11.8083
CVKD,5.5225,6.13,6.3199,5.47,91007.776435,5.7865
STUB,7.58,7.6,7.73,7.475,3434992.886151,7.5695
ALK,39.06,40.22,40.4,38.79,2984391.530208,39.1529
CCNR,41.8663,41.62,42.01,41.62,7641.366,41.8998
COSO,25.29,25.92,26.0,25.215,74877.6848,25.4761
WCPB,25.35,25.33,25.39,25.33,20975.6614,25.3713
UGP,6.02,6.14,6.195,5.95,2507432.378339,6.0455
SLAI,0.7549,0.79,0.8,0.73,91085.100167,0.7638
WSO,424.75,420.3,428.115,415.795,334685.572218,424.1733
MTB,207.98,212.78,212.78,207.39,1010119.217443,209.1053
AGM,176.95,181.16,182.05,175.16,123897.919958,177.4889
LRGF,73.85,73.6,73.9796,73.6,73384.257784,73.85
GENB,14.37,13.65,14.95,13.46,358920.661895,14.4258
IALT,28.18,28.3,28.3,28.05,207576.475484,28.1935
CDRpC,20.0,20.4,20.4,19.815,5531.9263,20.0176
MHO,130.24,132.59,132.59,130.16,173523.057564,130.6774
TTEC,2.595,2.7,2.7701,2.52,606632.351627,2.6171
BKT,10.62,10.69,10.7026,10.61,102277.928711,10.6379
KMPB,24.1,24.1,24.28,24.0,48881.003,24.1025
ORKA,65.68,65.07,67.7699,64.05,937835.440336,66.13
KMRK,2.82,2.79,3.08,2.66,67121.468478,2.834
SMC,29.82,30.0,31.0,29.0,39448.2756,29.8112
BRHY,50.875,50.92,51.03,50.8119,14616.764918,50.9232
WTFCN,26.56,26.5,26.56,26.38,10658.1907,26.4692
BSL,13.26,13.18,13.27,13.18,62986.9913,13.2442
AGCC,18.8,19.27,19.27,17.99,41800.862163,18.5875
EBAY,108.13,107.9,108.7,106.8,6368500.321543,107.8634
KRMN,58.82,59.33,60.5193,57.58,2209880.882,58.9049
UHS,168.23,169.88,171.07,167.21,959815.051592,168.5173
SPMC,11.28,11.44,11.5,11.165,34375.092865,11.3767
BMEA,1.57,1.55,1.695,1.5,1559678.985353,1.6145
IBRX,8.11,8.435,8.69,7.93,14502080.472148,8.2598
CVI,34.88,33.83,34.94,33.45,904396.162604,34.5273
PHIN,80.26,80.05,80.58,78.8001,293201.599166,80.0914
KEYpI,25.25,25.22,25.25,25.2,18475.8299,25.2112
FAI,50.9904,50.87,51.21,50.84,28566.913127,50.992
OKLS,15.43,18.71,19.96,14.75,927890.156703,16.1285
UXIN,2.58,2.72,2.72,2.54,166827.673165,2.61
HIG,132.11,132.64,133.03,131.075,1334596.081566,131.9049
GRW,30.325,30.28,30.37,30.2701,5831.145,30.3203
ALGT,79.38,82.36,82.36,79.31,590328.675421,79.9443
LSPD,9.31,9.76,9.775,9.265,976763.977493,9.4196
DPG,14.68,14.69,14.7697,14.4801,77302.618521,14.6837
ACRS,4.95,4.94,5.12,4.8,1814440.417647,4.9525
NUKX,49.4663,50.11,50.22,47.64,11327.376931,49.1983
EGO,34.4,34.56,35.85,34.11,3874437.919324,34.7673
ZNTL,4.14,4.41,4.465,4.025,723405.061501,4.1989
OBIO,3.91,4.05,4.11,3.9,193343.376483,3.9836
CTRI,33.2,34.81,34.91,33.05,2081712.677908,33.5398
PGEN,4.2,4.28,4.34,4.19,1945090.13442,4.2459
ORCU,15.82,15.64,16.14,15.32,1393991.233071,15.6884
KLIC,104.28,102.66,104.37,101.77,1120847.291852,103.6895
ALCO,40.65,41.0,41.415,40.4,24815.857352,40.7734
VOTE,86.8698,86.58,87.04,86.58,6452.114865,86.8969
SVRE,5.75,5.66,5.87,5.53,19988.574155,5.6674
AVS,7.29,7.3,7.345,7.205,1781996.933318,7.2774
LVS,52.07,52.43,52.94,51.64,5316398.139718,52.133
COOT,0.6302,0.61,0.6383,0.61,102509.225926,0.6269
HERZ,18.135,17.77,18.85,17.5,3810.3988,18.3137
TTC,94.96,95.63,95.835,94.17,559900.557129,94.9463
AIPO,33.24,32.2,33.49,32.05,2083634.304499,33.0213
SATA,99.4,99.6,99.602,99.29,229372.212356,99.4234
USCB,18.25,18.91,18.97,18.09,46265.4424,18.3629
VTGN,0.6736,0.61,0.697,0.61,1323680.312577,0.663
NUCL,10.42,9.7,10.66,9.27,318733.62412,10.2841
MDGL,497.03,511.32,513.355,493.57,307741.255843,499.4655
GSpC,19.69,19.59,19.69,19.5202,18949.3663,19.6016
TWO,12.62,12.69,12.705,12.56,8055190.624117,12.6366
KBR,32.47,32.56,32.84,32.21,1946361.474541,32.5097
BFH,84.93,87.3,87.63,84.51,522265.836275,85.5326
OBAI,0.6,0.57,0.6088,0.559,384211.543796,0.5787
EDD,5.51,5.55,5.58,5.51,324783.25821,5.5259
NCZ,15.82,15.68,15.8999,15.5001,98204.40244,15.8397
MSpO,17.38,17.36,17.42,17.34,50111.664,17.3901
KGEI,5.37,5.2,5.41,5.2,117132.509458,5.329
DEI,12.13,12.38,12.45,12.12,3157547.802316,12.2065
BULL,7.07,6.925,7.17,6.8,9554329.276772,7.0354
LQTI,19.42,19.46,19.49,19.3801,76187.2356,19.4397
TAYD,51.13,52.39,52.39,50.12,29302.320818,50.9419
UCB,32.73,33.57,33.7,32.69,750133.418743,32.8691
IBB,170.0,170.07,173.31,169.36,1456850.349958,170.8488
WDH,1.59,1.56,1.61,1.55,178599.28434,1.5886
FCNCN,25.285,25.36,25.36,25.21,21784.0,25.2984
OIO,1.91,1.95,2.0464,1.8501,48863.926079,1.9409
BRF,18.66,18.91,19.02,18.5046,12078.454866,18.681
VPV,11.16,11.14,11.19,11.1309,38793.8896,11.1674
WTBN,25.285,25.28,25.34,25.235,16173.5278,25.2866
AEFC,19.64,19.56,19.7,19.46,24426.2004,19.6216
KURA,9.51,9.51,9.94,9.51,1181802.869653,9.6731
MSpF,25.24,25.28,25.28,25.24,26716.8298,25.2485
GOLF,87.69,91.1,92.455,87.47,632072.67313,88.3325
HNI,32.44,33.5,33.54,31.96,724270.576494,32.4085
ACHC,25.01,25.14,25.69,24.95,1706675.798303,25.1577
MULL,538.36,530.85,564.06,502.6514,569822.762577,530.3915
TIPX,19.255,19.25,19.26,19.245,284174.286704,19.2557
CDZI,4.67,4.75,4.845,4.66,682530.497636,4.7435
PXI,59.4556,58.67,59.4556,58.67,22479.3684,59.0578
GTEC,0.5707,0.6,0.625,0.56325,193939.443209,0.5909
AMTX,2.32,2.58,2.58,2.31,1789563.929051,2.4665
HCA,426.37,435.68,437.95,420.76,2414077.248168,426.7664
BHK,9.19,9.19,9.2,9.1601,181835.268225,9.184
GPGI,13.32,13.7,14.09,13.25,5095124.931314,13.5601
VINP,10.68,10.95,10.9507,10.6005,91919.245685,10.7347
ABCB,85.05,86.97,87.075,84.45,376414.579343,85.114
KLXE,3.65,3.39,3.7207,3.3401,159797.249085,3.5538
MSpL,20.49,20.49,20.5,20.45,20975.58,20.4782
SOLZ,9.92,9.6,9.93,9.52,2363562.266106,9.742
ETV,14.71,14.67,14.8,14.595,168796.1763,14.7102
BHRB,63.06,64.06,64.17,62.78,163752.8781,63.054
PVH,83.3,89.02,89.1139,82.07,1218974.899259,83.847
SKT,36.01,36.42,36.61,35.96,658952.124868,36.0638
UTWO,48.165,48.21,48.21,48.163583,78995.885019,48.1874
VMO,9.82,9.82,9.845,9.795,223826.55222,9.8105
BLSH,44.03,42.92,45.0,41.55,1679767.721699,43.9459
CAH,182.5,184.5,185.7581,181.92,2012675.111884,183.1417
FLG,14.05,14.32,14.325,14.02,2921287.120803,14.1047
DFGP,54.465,54.53,54.54,54.45,156079.90494,54.4833
TRFM,58.16,57.43,58.32,57.43,33276.3486,58.1139
BSCR,19.67,19.68,19.68,19.66,719331.674916,19.6727
TSLS,49.73,52.47,53.16,49.25,1481118.579987,50.7008
ETB,15.4,15.39,15.485,15.36,41211.622841,15.3611
HBNC,18.13,18.51,18.72,18.095,275536.7928,18.1987
BRNS,0.685,0.71,0.71,0.67,49537.878249,0.6896
TPL,402.63,396.5,408.7699,393.39,345861.283555,402.5466
RDTY,38.7979,38.63,38.97,38.63,6051.638202,38.8185
SPCB,10.54,11.4,11.4,10.54,90685.56073,10.8987
TELA,0.9701,1.02,1.06,0.9626,170842.814913,0.9919
QTEC,297.8,295.43,297.9,294.6,111854.349877,296.8537
ANEL,14.78,16.0,16.1299,14.44,989659.664188,15.1068
CHSCL,25.82,25.84,25.87,25.776,35557.910109,25.8262
RGNX,10.08,10.71,11.36,9.96,1581494.778491,10.4215
VCEL,32.92,32.99,33.91,32.1,827669.796066,32.7974
PEVC,29.67,29.52,29.67,29.48,7426.9574,29.5867
AVUV,118.98,120.25,120.6899,118.8901,1203445.994686,119.4412
DRUG,86.55,85.17,87.0,83.755,149006.830677,85.4143
XTLB,2.85,2.69,2.85,2.585,59871.138344,2.6948
HEPS,2.75,2.79,2.82,2.745,742293.257126,2.7848
CWST,83.15,85.15,86.19,82.59,603570.248938,83.4516
CC,25.26,23.48,25.38,23.48,3479904.296966,24.8913
ASX,35.3,34.19,35.32,34.06,8256362.760743,34.9151
RNAZ,7.0,7.12,7.48,6.5001,24034.911987,7.0177
BCS,23.17,23.59,23.6,23.055,8909490.046453,23.325
SOUX,21.91,23.33,23.7,21.59,315318.967869,22.3203
TLS,4.25,4.84,4.84,4.23,1409534.40903,4.4125
TGS,30.28,29.44,30.47,29.0409,259776.935146,29.8213
RF,26.83,27.76,27.76,26.585,16833928.705887,26.845
MTN,123.7,125.0,126.725,122.69,808074.900143,123.6804
FRPT,49.64,52.85,53.365,49.575,1888324.43215,50.3475
CGO,13.67,13.53,13.705,13.53,59356.2727,13.6278
ATHE,4.8,4.92,4.95,4.6079,36012.313792,4.863
ASTE,52.81,52.99,53.6,52.01,271642.226086,52.8293
RDNW,7.91,8.1,8.1,7.76,66270.851981,7.9504
AIZN,19.75,19.77,19.8188,19.7,9128.71,19.7515
CLPR,3.01,3.05,3.1,2.98,73252.135661,3.0104
EWZS,14.79,15.22,15.22,14.73,3880778.177933,14.8314
CPRO,27.84,27.76,27.895,27.76,5772.035,27.8504
CRWD,542.26,523.78,542.67,522.0,2793317.989605,535.5244
AVAL,4.55,4.56,4.59,4.47,419812.767961,4.5395
HYPR,1.75,1.71,1.815,1.7052,496677.547209,1.778
RJF,151.04,154.38,155.025,150.615,1254040.019548,151.5482
PBYI,7.14,7.5,7.54,7.08,394774.309511,7.2721
UXRP,4.33,4.23,4.3786,4.1714,741679.810605,4.2874
ELDN,3.82,3.88,4.0,3.79,896913.636026,3.9095
MAAS,9.53,9.5,10.5,9.5,58654.814806,10.01
HIHO,0.78,0.78,0.7815,0.78,15476.176,0.7801
DMII,10.03,10.02,10.03,10.015,95019.0,10.02
MEOH,63.35,61.5,64.47,61.455,713661.224909,63.1161
PBDC,27.21,27.7,27.7,27.18,168926.356318,27.4173
IMA,5.61,5.24,5.62,5.1,67706.546595,5.3969
ROMA,7.11,6.66,7.355,6.5289,21791.027331,6.9414
SJM,99.22,99.49,99.865,98.24,2310343.229845,99.0904
AFCG,3.23,3.18,3.32,3.16,364532.12514,3.2279
CMPS,9.65,9.91,9.97,9.55,2481150.58956,9.7492
LFUS,465.86,457.03,467.12,448.75,314842.393577,460.0425
AMBP,3.97,4.0,4.015,3.92,979472.29286,3.9635
QLTA,47.5,47.54,47.58,47.5,272651.77751,47.5304
AMR,187.39,184.37,193.0,182.0,247250.774407,187.5855
AVT,82.86,82.64,83.63,82.2607,729416.891596,83.0804
EQS,1.34,1.3,1.34,1.3,3312.0,1.323
IGF,67.42,67.19,67.515,67.085,868300.93258,67.3617
AZI,1.29,1.26,1.32,1.2427,20443.525,1.278
WCMI,18.85,18.72,18.92,18.72,1153250.3224,18.8386
UMAY,37.7,37.69,37.76,37.67,38907.32,37.7203
ZYBT,0.9969,0.91,1.0043,0.8702,431744.290064,1.0021
SIL,101.95,99.19,102.775,99.0007,2105866.619657,101.2825
GSL,41.78,42.42,42.7,41.51,279116.531414,41.8942
HOV,108.15,108.15,109.27,106.65,55225.452337,108.1328
INDP,1.76,1.88,1.99,1.735,41607.078391,1.8117
NAGE,3.98,4.1,4.225,3.935,1951786.1347,4.0466
DGIN,33.6197,33.59,33.85,33.58,3013.8001,33.6941
EH,10.21,10.15,10.46,10.06,552153.423429,10.2647
MSpE,25.41,25.42,25.42,25.4033,25099.6384,25.4164
CGCTW,1.14,1.16,1.16,1.1,40970.0,1.1348
BROS,51.13,53.0,53.53,50.83,4448875.841857,51.7305
ASO,51.54,54.0,54.17,51.45,1254712.514908,52.1092
EPSM,1.268646,1.3,1.32,1.2505,10616.705425,1.288
HTHT,47.43,46.62,47.57,46.62,2731684.646508,47.1889
ZBH,79.58,82.31,82.395,79.12,2229821.775961,80.1295
KXIN,4.89,4.42,4.9,4.31,1631840.780604,4.7082
NWTG,1.13,1.21,1.21,1.1,31419.240924,1.1432
OHI,47.01,47.5,47.81,46.94,1947381.407693,47.1733
FQAL,79.34,79.2,79.7,79.2,36529.976554,79.4728
IBP,206.2,219.44,221.48,203.34,1187950.404012,207.2219
BDEC,52.4883,52.4,52.57,52.4,7772.632,52.4855
LNCpD,26.68,26.67,26.74,26.6,40563.76239,26.659
CPB,20.63,20.94,21.18,20.35,6213503.888751,20.5612
GPK,10.22,10.61,10.66,10.01,7444986.703573,10.2434
NXRT,29.58,30.05,30.29,29.44,126175.255812,29.6338
SE,84.87,84.82,85.33,81.84,11019026.971302,83.9212
MGRC,113.9,114.0,116.77,113.88,238394.677359,115.0976
NUKZ,74.79,73.04,75.17,72.6701,203104.957859,74.1521
HBNB,6.1,5.66,6.4999,5.66,57510.322491,6.0016
COIG,9.97,8.63,10.075,8.09,254775.504752,9.0858
NRGU,36.31,34.63,36.31,34.4116,71845.391151,35.495
CPIX,4.57,4.54,4.67,4.43,77988.828421,4.5661
JSMD,93.1725,92.49,93.81,92.49,122847.56654,93.4289
CNDT,1.7,1.78,1.789,1.7,1444192.798317,1.7303
HXL,94.15,95.04,95.109,93.16,664463.585288,94.3283
SO,93.1,92.26,93.53,91.94,4434567.61025,93.0358
MOH,185.19,187.05,188.99,179.33,1038859.711659,184.5428
CALC,0.591,0.6267,0.6413,0.591,49453.0264,0.618
ABOS,2.57,2.54,2.735,2.54,430573.143392,2.6399
AFRI,10.0,10.1,10.17,10.0,32864.767887,10.0453
GNT,8.55,8.5,8.58,8.5,33563.699693,8.5559
NRXPW,0.01,0.012,0.0143,0.01,67767.0,0.01281
HQH,20.06,20.16,20.44,19.9794,166728.533945,20.2266
WBI,28.01,27.76,28.39,27.5,360407.293615,28.049
ORGNW,0.0006,0.0007,0.0009,0.0006,171610.0,0.000634
TWOpB,24.7,24.63,24.77,24.63,16004.6475,24.6757
FLGV,20.285,20.32,20.32,20.28,46626.08751,20.2987
FEOE,54.25,54.2,54.29,54.1001,163402.0864,54.223
CWK,13.76,14.12,14.2,13.655,1244451.464767,13.8031
TRUT,30.7303,30.44,30.805,30.44,110150.606,30.7077
KRNT,16.25,16.22,16.65,16.11,166252.861752,16.2844
AEP,130.7,130.75,131.77,130.095,3179201.823818,130.7709
LW,40.34,42.03,42.18,40.3,1621403.092206,40.7379
REMG,37.025,36.99,37.13,36.8102,13341.559,36.9971
FSK,10.76,10.54,11.06,10.54,7667258.705351,10.8503
CJMB,1.07,1.13,1.13,1.06,28503.0,1.0685
NSCI,25.215,25.18,25.275,25.18,14601.7332,25.2166
CSPF,26.08,26.02,26.11,26.0,31275.8741,26.0728
LIN,504.4,493.91,506.21,493.85,1769292.863674,502.5795
LKFT,27.45,28.0,28.18,27.37,194448.424251,27.6183
FTGS,36.01,36.07,36.21,34.676032,107626.2234,35.9659
AMP,463.7,466.0,467.47,460.595,549087.951654,463.8412
CMBT,14.77,15.07,15.14,14.665,1160710.030574,14.8476
EMA,52.23,52.7,53.01,52.15,198864.128685,52.3844
DNA,8.67,8.78,9.04,8.41,1620624.028893,8.7149
SOS,1.1,1.1,1.16,1.1,17656.777222,1.1191
SPXV,81.8175,81.76,82.16,81.76,1334.399763,81.9803
CODA,12.1,12.15,12.19,11.83,116126.190116,12.041
AIRR,130.4,129.78,130.79,128.93,729601.392146,130.2721
MNRS,43.677,42.01,44.96,41.0715,3775.7118,43.3742
MGRE,24.11,24.13,24.13,23.985,27642.343,24.0384
OBK,46.2,47.01,47.28,46.07,166910.84478,46.3168
ELWT,8.8,7.98,8.8599,7.71,25356.084224,8.3892
BACpO,17.63,17.63,17.695,17.59,48154.3204,17.6388
KEYpJ,21.45,21.38,21.51,21.38,9008.2574,21.4199
MS,191.1,192.36,193.67,190.04,5272549.582426,191.4538
QYLG,29.7138,29.68,29.76,29.64,56468.103468,29.702
TMCWW,0.4025,0.37,0.49,0.36,213351.0,0.419
BAER,1.8,1.75,1.905,1.75,1106338.660901,1.8563
NKX,12.49,12.47,12.51,12.4,131894.744829,12.4703
STRO,39.31,40.75,41.6651,38.3,198259.05491,39.829
ESE,297.85,303.89,305.37,290.07,360655.806446,298.3941
BBH,185.1456,185.32,187.62,184.5901,5617.270137,186.5719
USBpH,19.05,18.8,19.05,18.8,61461.559766,18.965
SCCD,24.7,24.65,24.7125,24.605,6749.0,24.6512
SPWR,1.14,1.15,1.19,1.105,2074777.477662,1.1308
NP,30.68,29.8,30.73,29.39,490003.638985,30.0921
PALI,1.94,1.81,1.975,1.774,2828352.396006,1.9105
NWAX.WS,0.55,0.55,0.55,0.55,2711.0,0.5503
GFR,5.82,5.85,5.9399,5.75,110856.9289,5.8196
UCAR,1.45,1.46,1.4702,1.321,433389.109971,1.4096
TEI,6.4,6.45,6.49,6.39,116922.273222,6.436
UTZ,7.21,7.61,7.67,7.2,2234415.221112,7.292
MPLX,54.03,54.1,54.21,53.4,1826782.344751,53.8767
FBND,45.63,45.7,45.75,45.62,2303340.15051,45.6561
BJ,91.11,92.7,93.275,90.69,1539474.542956,91.5129
CHWY,22.49,22.7,23.24,22.45,12139452.053843,22.7998
CPA,117.04,121.81,121.81,116.94,304959.17661,118.0517
FTXL,248.97,245.82,249.5799,244.06,331520.629601,247.5236
FRME,39.91,40.5,40.5,39.62,383593.678339,39.9223
GENI,4.41,4.4,4.45,4.245,5873245.026531,4.3614
NMS,12.47,12.05,12.47,12.05,35530.8876,12.3314
PSApF,20.72,20.67,20.78,20.67,15700.7453,20.732
OXLCI,25.75,25.87,25.88,25.6,5130.1178,25.7267
DFGX,52.745,52.83,52.835,52.72,162756.2657,52.7826
ZIP,3.45,3.61,3.84,3.295,1336743.12408,3.452
MBUU,29.66,30.09,31.045,29.46,507992.887386,29.8755
CRCG,44.87,37.2,46.76,29.51,8110589.037859,38.7433
ASUR,8.88,9.19,9.2,8.87,63533.582286,8.986
PCVX,53.99,53.43,54.63,52.74,1514859.249419,53.7832
BPYPP,15.65,15.75,16.0,15.625,202838.0,15.5337
MTUS,18.31,18.53,18.83,18.2,261437.719984,18.3667
BURL,292.21,303.79,303.79,287.42,1076184.541394,292.3706
AUMI,100.9081,99.12,102.51,99.12,4957.543293,100.9487
VNOpO,15.41,15.42,15.42,15.26,5524.7135,15.3508
VNT,29.97,29.93,30.77,29.485,3152275.970547,30.1088
BLND,1.44,1.35,1.475,1.31,3654998.294471,1.4191
WGS,39.61,39.8,40.41,38.22,1817623.224437,39.2944
ATI,161.16,156.0,161.44,153.025,1397643.289166,159.2579
NLYpF,26.0308,26.0,26.09,26.0,25065.7539,26.0472
DDD,2.51,2.5,2.62,2.385,5040111.172637,2.5745
POOL,184.77,188.47,188.76,184.6,995432.649053,185.8449
STRC,100.0,100.0,100.01,99.99,4467754.144392,99.9988
AKTS,18.27,18.66,18.975,17.88,134313.398481,18.3301
VNOpN,17.65,17.71,17.71,17.5152,3085.753,17.6717
KLC,3.69,3.89,3.92,3.68,631498.010217,3.772
PEBpH,17.88,17.99,18.05,17.86,20261.1339,17.9158
CHPT,6.41,6.23,6.63,6.15,507683.264059,6.4304
KPLT,6.49,6.9,6.9,6.49,38054.092424,6.6685
SYK,282.58,285.56,286.34,281.0,2619762.988473,283.0948
GMOI,37.82,37.82,38.0,37.795,42540.0652,37.8938
DIBS,4.11,4.21,4.24,4.07,259833.801734,4.1428
PM,182.11,173.04,182.28,172.96,7016901.267247,180.3693
AGRO,13.49,13.35,13.65,13.15,948895.41842,13.4394
VCTR,85.83,85.1,87.31,84.05,581766.943025,85.8116
ESS,268.77,265.62,269.22,264.98,411504.337125,267.6668
IRM,129.96,129.98,131.55,129.1101,1358894.589899,129.9675
LIF,43.28,42.78,44.83,42.52,1126096.300853,43.8562
SRJN,24.82,24.96,24.97,24.81,15588.001,24.897
KTB,68.53,73.0,73.0,67.27,1242978.833292,68.6701
SSD,185.62,188.39,189.85,185.61,334732.133617,187.2783
GFAI,0.4842,0.519,0.52,0.4831,378301.54553,0.4966
CLFD,46.73,40.5,46.75,39.73,878806.787145,44.878
OALC,39.6251,39.57,39.77,39.56,33322.148556,39.6916
ESRT,5.47,5.69,5.71,5.47,1827220.322596,5.5178
IMCC,0.251,0.253,0.2599,0.244,320105.273937,0.251
ARI,10.96,10.99,11.045,10.93,1351189.936891,10.9783
MCD,274.6,275.83,276.74,271.975,5848956.654994,274.1474
DYOR,10.0299,10.02,10.03,10.01,33549.511381,10.1541
CYCN,3.19,3.06,3.2,3.035,48463.77,3.1451
ARVN,9.66,10.11,10.3825,9.56,1421478.149526,9.7881
TWN,96.65,96.94,97.0,95.8001,17824.298462,96.5721
SYFpB,26.05,26.11,26.1199,25.91,10347.9206,26.0599
SPGM,85.01,84.97,85.18,84.92,47063.814843,85.0454
BSJQ,23.195,23.19,23.2,23.19,139127.97863,23.1945
PHR,9.57,10.1,10.21,9.5,984217.952958,9.6548
KRNY,7.91,8.2,8.2,7.905,299915.753661,7.9688
SBAR,25.58,25.57,25.66,25.56,102694.237075,25.6316
ARLO,13.59,15.3,15.34,13.3,2846924.928546,13.7891
TSYY,3.23,3.2,3.24,3.2,911708.21787,3.2118
RAL,49.56,47.37,49.65,47.35,4225445.364545,48.9084
SKYW,86.06,87.24,87.29,85.93,247477.383879,86.3196
LOMA,10.95,10.99,11.23,10.855,377895.221579,10.9919
LE,11.16,11.45,11.5301,11.11,224327.438279,11.2844
EQRR,76.1163,76.19,76.34,75.99,19378.845,76.2013
ETG,22.96,23.01,23.1999,22.86,83950.136091,23.0348
HVMCU,10.26,10.3,10.3,10.26,1103.0,10.2963
EAGL,32.28,32.42,32.5943,32.26,252368.98527,32.3493
PFLT,8.74,8.87,8.955,8.72,1723262.07548,8.8162
GSBD,8.95,9.28,9.4,8.92,2694573.954826,9.0446
HERE,3.24,3.25,3.345,3.19,84548.126587,3.2403
GNSS,2.1,2.07,2.1,2.045,94852.560699,2.0767
IMMR,6.53,6.68,6.72,6.45,692477.153615,6.5798
GKOS,135.37,132.36,136.2599,130.64,814293.315062,134.883
NGLpB,25.345,25.35,25.37,25.208,11534.4716,25.3373
ALLT,7.86,7.75,8.1144,7.7,605877.140902,7.8904
AUSM,25.07,25.09,25.09,25.07,481.673,25.0803
BCPL,24.79,24.91,24.92,24.79,63183.4899,24.807
SPHR,126.91,133.16,133.16,125.05,753538.450577,127.4064
BOH,78.46,80.8,80.93,78.26,481205.865654,79.049
HBAN,15.96,16.14,16.21,15.83,17660334.507781,15.975
TWAV,1.86,1.86,1.92,1.85,27518.627027,1.8869
MGF,2.9,2.94,2.94,2.89,285910.95397,2.8973
TENX,11.95,11.7,12.32,11.55,1382557.252304,11.8614
IVRpC,24.05,23.95,24.14,23.9,31172.8484,24.0589
FLNA,1.28,1.28,1.3492,1.28,236746.08956,1.3047
DCGO,0.592,0.571,0.5966,0.5695,747485.298323,0.5846
RITMpB,25.25,25.22,25.27,25.2,29361.5886,25.2218
PAC,246.41,246.17,248.44,244.0,122137.579461,245.9175
CHCO,121.17,123.21,123.21,120.55,116335.620653,121.3796
SQNS,3.93,3.77,4.05,3.67,533603.921689,3.8343
UIS,3.15,3.16,3.24,3.095,687258.213508,3.1551
AMA,25.0,24.81,25.46,24.27,303279.764398,24.8186
CDNL,60.37,54.1,60.8,53.125,796342.110129,58.3775
WTM,2133.58,2143.0,2173.11,2110.0,20958.262444,2139.4717
TW,109.94,108.81,110.47,108.26,1214955.456169,109.7253
IYF,122.14,122.64,122.93,121.79,110262.779266,122.2314
OLB,0.4745,0.4933,0.5,0.468,235109.981,0.4784
DMB,11.14,11.12,11.15,11.12,44008.344651,11.1344
INTF,41.45,41.46,41.5698,41.35,124201.160234,41.4359
EVO,3.06,3.07,3.11,3.04,63585.95145,3.0751
PCRX,22.74,23.32,23.68,22.46,895966.035094,22.7873
YDES,5.31,5.15,5.31,5.11,3426.269006,5.2594
AMRN,15.02,14.97,15.58,14.8401,37650.257262,15.1911
MCR,6.08,6.05,6.09,6.05,67195.316,6.076
MCY,99.05,100.09,100.95,98.36,246798.424343,99.1913
APD,304.5,297.46,304.92,297.46,781866.51918,303.5299
HOOZ,24.78,27.72,28.97,24.61,97389.300357,26.3524
PONX,6.0461,5.94,6.25,5.75,27914.5919,5.9761
ITT,206.83,208.21,210.0175,206.03,889952.155436,207.453
GCV,4.58,4.56,4.61,4.515,217103.09878,4.5793
FRTY,22.3653,21.81,22.525,21.81,10506.820873,22.3183
TMDX,64.3,68.77,69.25,63.24,3167628.789571,65.1389
CUBI,74.12,77.52,77.645,73.94,525840.00856,75.4273
JQC,4.87,4.86,4.87,4.85,455677.77286,4.86
ARRY,8.73,8.59,9.15,8.51,4560475.317551,8.8864
HELO,67.6,67.45,67.68,67.45,189503.571009,67.6228
TMUS,190.85,192.34,193.63,189.46,4476598.90646,191.238
FATE,2.18,2.36,2.43,2.15,3424313.878467,2.2643
ERO,28.97,29.23,29.84,28.905,1595462.270823,29.2714
BF.B,26.83,27.52,27.9,26.81,4433000.095468,27.1256
SMST,21.89,23.54,25.3,21.68,448570.41408,22.9572
ALPS,0.83,0.8,0.85,0.795,33093.612154,0.816
BLNK,0.9561,0.86,0.989,0.86,9296173.477339,0.9513
CBRE,146.11,146.16,147.645,144.9,1568452.284295,146.1261
FCCO,29.8,30.52,30.64,29.75,49831.119321,29.9615
RHI,26.54,27.02,27.49,26.17,1894870.672763,26.6606
GUT,6.2,6.25,6.25,6.2,257954.81959,6.2299
TSPY,25.59,25.49,25.62,25.49,335523.340922,25.5652
AISP,2.44,2.51,2.69,2.29,1103295.049735,2.463
RSSS,2.52,2.6,2.6382,2.49,132875.234953,2.5639
JMST,50.88,50.91,50.91,50.87,949239.228158,50.8976
BKV,28.34,28.06,28.66,27.64,829230.212387,28.2723
OMC,75.15,77.15,77.28,74.61,7468712.5495,75.3757
AGG,98.92,99.05,99.1052,98.92,6848275.493344,98.9901
PRIM,114.39,106.36,116.07,105.425,3395510.533542,113.236
MD,23.37,23.49,23.69,23.13,821761.80056,23.3806
TOST,24.19,25.29,25.615,23.93,14592474.055105,24.3298
ALSN,123.72,124.71,125.13,123.0,696879.087797,124.0073
GNOM,46.2641,46.74,47.35,46.11,10814.24857,46.7773
NATH,101.4,101.3,101.445,100.895,18546.274229,101.3349
SPIR,18.66,18.5,19.76,18.27,2285566.125183,19.1161
OPER,100.125,100.1,100.1463,100.1,30335.4011,100.1109
CLDT,9.88,9.93,9.97,9.76,888361.875985,9.8499
UP,5.16,6.21,6.21,5.13,425475.091546,5.4482
WOR,54.4,54.59,54.77,53.78,245497.19482,54.299
NYC,8.4,7.81,8.44,7.81,3271.6042,8.1452
JPMpD,24.27,24.32,24.34,24.26,76960.7054,24.3053
PULS,49.62,49.63,49.63,49.62,1929195.90639,49.6254
MBINL,24.76,24.73,24.76,24.7001,14373.5256,24.7423
DUKpA,25.23,25.2,25.23,25.17,68384.5391,25.2072
SSACW,0.06,0.06,0.06,0.06,142.0,0.06106
EMN,74.64,74.28,75.3,73.0226,758730.624441,74.6864
EFIV,71.56,71.25,71.74,71.25,15335.380132,71.5622
ENR,17.58,18.87,18.87,17.55,1091453.335387,17.7924
RSI,28.13,27.69,28.21,27.27,2508466.369335,27.9231
MFIN,9.38,9.272,9.59,9.272,48783.729429,9.3736
DUHP,39.84,39.73,39.92,39.71,875241.404127,39.8317
L,103.72,104.93,105.33,102.88,862366.790193,103.6377
EFSCP,20.87,21.1,21.2154,20.87,886.0,21.0886
KRAQ,9.91,9.96,9.96,9.89,39257.0,9.939
CANG,0.6491,0.6771,0.68,0.6355,1423049.084038,0.6603
CXDO,9.47,9.31,9.5,9.0,554535.806843,9.3017
ACGLN,17.2,17.17,17.2,17.11,21365.891,17.1565
DLRpK,22.8302,22.94,22.94,22.83,5695.1294,22.8891
FCXG,14.3598,13.4,14.72,13.4,59272.242542,14.1532
GQQQ,35.2964,35.11,35.38,35.11,34045.786134,35.321
BXC,50.49,52.15,52.79,49.82,153939.608064,50.6855
NEEpU,25.3799,25.35,25.41,25.31,41509.106,25.3792
LMRI,10.16,10.28,10.7,10.11,625617.674848,10.4055
TROX,9.33,8.98,9.575,8.94,3522652.521393,9.3927
CSCL,46.07,44.21,46.07,43.18,59412.020371,44.8337
RVNL,23.9843,24.25,24.82,23.69,47984.3457,24.214
PCGpX,41.08,40.98,41.395,40.98,8202.8524,41.2852
SYFI,35.78,35.78,35.83,35.74,79245.248212,35.7772
NVCR,18.1,17.87,18.92,17.85,2593329.428003,18.5216
NLYpI,25.71,25.63,25.73,25.6218,28066.1441,25.6919
HITI,2.48,2.53,2.59,2.48,489926.115134,2.5282
HTLD,12.67,13.2,13.21,12.65,518301.85732,12.8334
TLPH,0.8675,0.9043,0.9242,0.8485,234193.190683,0.8747
GO,7.85,8.14,8.23,7.7508,3084293.373842,7.8817
BAK,3.8,3.82,3.87,3.68,1286703.955891,3.7578
TTAM,16.67,16.51,16.73,15.8013,159357.209831,16.5745
CURI,3.01,3.06,3.1,2.915,618677.209791,3.0134
REX,49.4,50.24,51.015,49.3,125416.835517,49.7382
PHI,20.17,20.51,20.52,20.1,87776.673749,20.2678
SANA,3.56,3.57,3.75,3.51,2270500.004268,3.6085
CDLR,29.43,29.27,30.01,29.27,58981.510554,29.6313
EQH,40.99,42.46,43.0316,40.79,3293245.407053,41.648
MUX,25.07,24.65,25.96,24.65,1121311.542084,25.1791
BRLT,1.385,1.43,1.4325,1.36,46751.382807,1.3835
HFBL,19.75,20.3,20.3,19.75,2120.6192,19.7726
DJCO,491.9,500.58,507.475,485.53,17507.893423,493.1841
GEG,2.2,2.15,2.2,2.05,27145.207,2.1372
FEPI,44.52,44.32,44.5799,44.32,207350.768325,44.4642
CODIpA,20.8,20.53,20.9,20.53,7681.5539,20.7739
BMM,6.815,6.84,6.94,6.7,225909.275767,6.7996
GCO,32.81,34.6,34.6,32.2101,281988.82881,33.0685
PID,22.85,22.94,22.9699,22.83,25730.012699,22.8815
VBIL,75.53,75.54,75.54,75.52,2000349.530443,75.5278
CCHH,0.4029,0.4203,0.4324,0.4,79224.337484,0.4062
KWR,143.33,149.33,150.58,142.6,148321.167594,144.4858
GWRE,134.32,136.38,138.365,131.56,1424716.095938,133.8434
KBWD,12.925,13.16,13.2,12.92,623914.381381,13.0292
FPI,10.42,10.56,10.62,10.355,384294.490612,10.4597
QCRH,89.66,91.47,91.7,89.47,77388.2881,89.8701
ACV,27.46,27.25,27.65,27.25,22092.050934,27.4918
PSX,175.36,173.51,176.34,171.56,2432410.005079,175.1252
MTAL,10.02,10.02,10.02,10.02,114.7,10.0232
DRTSW,1.99,1.66,2.26,1.56,307825.0,1.9527
GPI,348.6,358.31,358.31,348.21,170853.521063,353.575
MIDD,156.25,164.67,165.465,155.89,720125.91696,157.834
BUSEP,25.965,25.99,25.99,25.965,6369.0,25.9841
DGII,62.8,65.88,66.79,62.425,518682.411183,64.6533
LOT,1.16,1.18,1.19,1.15,103389.06118,1.1704
AMTB,23.09,23.5,23.5,22.93,176074.5985,23.0841
SVRA,5.12,5.21,5.385,5.11,1051647.017996,5.2146
COAL,25.7,25.31,25.8299,25.2401,57348.901634,25.4375
ZEPP,11.29,12.5,13.82,11.29,259354.243028,11.9366
PSBD,10.76,10.91,11.04,10.75,91405.3243,10.8889
BCTXL,1.09,1.08,1.09,1.025,15641.0,1.0857
GLDN,18.6435,18.49,18.88,18.49,19432.7894,18.6881
PAI,12.18,12.18,12.225,12.15,85918.66134,12.1542
ICL,6.5,6.41,6.535,6.4,1590549.742585,6.491
SBI,7.8,7.75,7.88,7.75,93266.4724,7.832
BRK.A,720999.99,716000.0,721999.97,716000.0,124.768592,719621.9878
BBAI,4.32,4.15,4.42,4.07,45404918.066315,4.297
BKSY,41.38,38.26,43.11,37.53,4542072.079111,41.2972
DXCM,59.33,60.335,60.59,58.425,5272514.810945,59.1958
FRD,21.43,21.62,21.775,21.32,14981.1747,21.512
OPK,1.12,1.13,1.14,1.11,1625884.557958,1.1228
AMDG,95.94,96.58,99.86,93.15,170863.755446,96.3936
EVN,10.66,10.68,10.68,10.62,79063.3336,10.6462
KBWB,84.24,85.17,85.52,84.01,958974.427689,84.6006
PBT,25.24,23.1,25.61,23.1,261134.296497,24.5893
CFGpH,26.34,26.24,26.35,26.2101,32535.3478,26.2965
BIVI,1.35,1.47,1.54,1.35,179332.711804,1.4008
AIOS,17.93,19.01,19.39,17.0,28032.063737,18.4372
ONCH,10.205,10.19,10.205,10.19,2000.0,10.1975
BCIC,8.1,8.35,8.35,8.1,79702.855483,8.2299
APM,0.8273,0.86,0.865,0.79,37958.0,0.8303
ASGI,24.01,24.06,24.18,23.86,120581.035927,24.0241
ASST,17.95,15.92,18.15,15.71,5456013.47374,17.2743
BKCH,89.31,85.34,91.93,82.752,86150.953471,88.0048
PSApK,18.885,18.94,18.94,18.84,6445.8058,18.8945
IGIC,25.13,25.3,25.6,25.01,44540.309423,25.2493
KLTR,1.36,1.4,1.43,1.3,748170.419786,1.34
PLTZ,30.38,31.26,32.1693,30.33,313471.382661,31.203
EBS,8.95,9.59,9.66,8.95,633563.97299,9.2581
NU,13.5,13.88,13.955,13.42,61451358.399028,13.5138
TCAI,50.27,49.075,50.75,48.9104,161595.455522,49.9565
AVSE,80.1031,80.12,80.2722,79.99,4505.674769,80.1297
SDTY,42.7254,42.64,42.75,42.52,17716.4829,42.6318
CMCO,15.72,15.93,16.07,15.66,301440.497865,15.7674
BGT,10.95,10.95,10.9699,10.92,58480.5525,10.9435
BOLD,1.55,1.41,1.575,1.4,332844.020925,1.4867
BLX,52.95,53.73,54.55,52.55,171621.141842,53.2473
F,12.05,12.34,12.39,12.01,48850838.87146,12.0959
LOCL,1.41,1.55,1.55,1.41,51111.554078,1.4539
FTCE,26.3608,26.14,26.39,26.14,3335.5019,26.2735
BRK.B,479.55,476.4,480.4,475.9,4290690.814194,478.6505
BLRKU,10.02,10.02,10.02,10.02,100.0,10.02
CXIIU,10.12,10.13,10.13,10.12,40998.0,10.123
ASMU,28.23,28.03,28.28,26.64,103998.497695,27.6151
DDOG,202.32,196.26,203.58,193.16,7740097.061354,200.2484
JPM,300.0,302.1,303.19,298.88,9511957.757984,300.2791
CHPS,86.04,85.99,86.16,84.5,51834.191872,85.4471
ASTC,2.77,2.83,2.83,2.71,33732.936767,2.7869
NBP,2.1,2.18,2.2197,2.08,792716.75379,2.1303
CNQ,45.19,45.2,45.295,44.81,9420603.395738,45.0322
GJAN,44.54,44.52,44.56,44.4901,14963.5431,44.5398
PYPU,25.1382,25.4,25.41,25.1382,5009.0,25.302
BOEU,42.79,43.43,43.56,42.0,88153.9211,43.2144
SLVM,41.17,41.06,42.61,39.81,358383.581125,41.5589
TEX,64.13,64.76,66.33,63.35,1572832.807026,64.8275
BUUU,17.6,16.1,20.0,16.04,16451.796315,18.7067
COPJ,44.94,44.01,45.22,44.01,157832.557188,44.8931
CNMD,35.23,36.57,36.845,35.07,497690.518909,35.5143
SBIO,55.27,55.61,57.0399,55.179975,26190.454811,56.3248
IQI,9.96,9.94,9.99,9.93,98663.72154,9.9653
FTRK,0.3601,0.4,0.4,0.3451,52559.55,0.3722
PSQH,0.7444,0.73,0.7585,0.7172,203553.753213,0.7396
COAG,25.0,25.1,25.305,23.0001,239347.493172,24.6058
AIOT,3.29,3.44,3.44,3.25,1300845.907141,3.3036
IJT,163.0,163.73,164.01,162.7701,90814.307161,163.3359
ANDG,36.65,36.63,37.07,35.72,207139.713153,36.3513
GOAU,46.27,45.39,47.003,45.39,26258.109616,46.1931
MADE,37.32,36.85,37.4899,36.85,18611.715819,37.2077
ARBB,4.44,4.43,4.71,4.3,14049.5233,4.4575
CPK,125.56,127.11,127.184418,125.32,114534.400993,125.8632
KELYA,9.75,9.88,9.93,9.64,496706.745121,9.7548
IBEX,32.57,32.04,33.49,31.87,142084.969618,32.4951
IMMX,9.92,9.79,10.1,9.66,658634.218581,9.8547
BCTK,29.345,29.0,29.4835,29.0,15337.4383,29.3175
AN,200.48,205.97,205.97,200.4,336071.09841,202.4061
LNG,240.7,240.93,243.89,240.44,2118135.782184,241.8448
G,31.3,32.98,33.31,31.14,4159817.833101,31.5551
PCGpA,22.94,22.78,22.94,22.65,3040.9946,22.7929
DTE,142.43,141.58,143.28,140.94,1598226.014701,142.3241
IBTO,24.175,24.23,24.23,24.17,57123.1121,24.1923
GTOQ,22.395,22.41,22.435,22.395,2484.879,22.4124
PBR,20.75,20.56,20.885,20.315,20950386.612639,20.6329
BKDV,32.28,32.31,32.34,32.205,201163.081171,32.2512
GRRR,14.19,14.56,14.7786,13.975,1056498.002084,14.2947
WNEB,13.48,13.97,14.16,13.42,34564.298911,13.5265
GDTC,0.809,0.81,0.86,0.7766,12407.0,0.8063
CTAS,164.67,166.78,167.1,163.45,2055693.729219,164.634
LMFA,0.2301,0.24,0.25,0.23,552433.736849,0.2404
HUHU,9.76,9.48,9.99,9.48,4232.175764,9.7496
INHD,1.48,1.59,1.59,1.475,342703.581636,1.5344
TLNC,10.22,10.19,10.22,10.19,32147.0,10.2035
FEAM,1.63,1.63,1.67,1.6,199108.420633,1.638
KKRpD,43.41,44.17,44.21,42.9,291577.8231,43.1618
TWST,56.21,57.08,57.65,55.6,1146680.981169,56.6607
MTBpH,25.19,25.16,25.2,25.15,7372.9824,25.1728
LAMR,152.26,157.16,157.66,150.29,1149028.009213,152.876
IBTA,33.13,35.06,35.62,31.57,241367.207917,33.3441
NBHC,41.95,43.1,43.11,41.78,294102.84214,42.0507
MIRA,0.99,0.98,1.01,0.976,75944.6004,0.9929
AMZZ,40.18,40.53,41.59,40.01,172558.4228,40.8885
GLOO,6.0,6.55,6.8399,5.91,61513.419265,6.2074
SIHY,45.33,45.31,45.38,45.2603,23455.9064,45.3455
QXL,3.15,3.2,3.2,3.1,60996.0188,3.1372
PSApI,19.43,19.47,19.52,19.43,9181.5205,19.4745
MIMI,2.78,2.85,3.1,2.7,176130.814185,2.8677
IPAY,46.46,46.45,46.46,46.08,142711.657941,46.2963
BSCZ,20.565,20.59,20.6,20.56,47564.327733,20.5823
VPLS,77.555,77.66,77.6673,77.55,144852.377724,77.5911
TAOX,6.55,6.43,6.9,6.05,145322.241882,6.6781
DOCU,45.49,47.31,48.385,45.265,4051879.481281,45.7986
XT,79.55,78.79,79.6,78.79,116038.950704,79.3912
VFS,4.11,4.28,4.3,4.065,698075.915679,4.1765
CSAN,4.0,4.17,4.19,3.99,1161719.521688,4.0645
ARR,17.72,17.65,17.75,17.59,2838011.013725,17.7
DFLI,2.0,2.05,2.1499,2.0,519233.385961,2.0641
GDV,29.2,29.0,29.35,29.0,120298.17777,29.151
AMCR,40.2,40.08,40.3,39.48,5147467.703148,40.0534
ELME,2.01,2.07,2.08,2.01,2938230.009079,2.0248
BOKF,129.89,132.81,133.4,128.985,303621.199939,130.2058
MVIS,0.7258,0.69,0.7723,0.673,13507115.573991,0.7344
FHLC,69.25,69.57,70.21,69.1,305983.074003,69.4835
WTFC,150.48,152.04,152.575,149.22,675605.041733,150.5524
TDI,45.6256,45.33,45.74,45.33,94489.1447,45.6596
WST,322.3,327.46,330.88,321.6,879386.815663,323.5271
YUM,150.29,151.67,152.2299,149.39,1858798.98926,150.4366
CP,84.77,85.7,86.37,84.46,2762564.353522,85.0412
SURI,18.1553,18.0,18.2,18.0,3467.933,18.1339
PRN,245.3779,241.01,246.55,241.01,25471.082856,244.7006
AAXJ,117.59,117.21,117.99,116.94,299087.909552,117.5438
IR,74.7,75.74,75.7825,74.65,2856033.46545,75.0783
BSCT,18.66,18.67,18.68,18.65,413366.732282,18.6662
CHRN,14.425,16.01,16.5999,14.32,532688.202295,15.5642
PGJ,27.26,26.99,27.41,26.99,17037.509262,27.2327
CORB,29.52,29.57,29.57,29.51,142662.0,29.5222
DNTH,87.12,86.62,89.5733,85.47,254979.837199,87.2562
BON,1.21,1.15,1.22,1.15,22113.1736,1.1861
LBTYK,11.72,11.87,11.89,11.63,741222.045448,11.7214
SOHU,15.47,15.68,15.8,15.46,46885.228477,15.636
AXG,3.64,3.75,3.76,3.61,67942.8008,3.637
ENTG,149.15,148.03,149.73,146.41,3159921.317989,148.5018
NA,2.04,1.65,2.08,1.63,621528.090582,1.8014
IZM,0.3667,0.38,0.38,0.36,63952.906666,0.3689
HCAC,10.0,10.0,10.0,10.0,1153.0,10.0
MDWD,16.46,16.59,16.67,16.32,74038.4283,16.4609
NAKA,0.1809,0.1745,0.1859,0.171,3932970.103914,0.1802
INBS,3.14,2.39,3.6,2.3626,809265.450874,3.0942
DOMH,3.77,3.84,4.5485,3.72,1093000.60439,4.1124
GHC,1104.03,1130.14,1134.5,1102.455,14115.331409,1110.5687
NEXR,1.66,1.7,1.7899,1.65,82686.859728,1.7025
CMDB,18.65,19.32,19.745,18.45,38275.54196,18.9712
PPLC,48.68,47.98,48.99,47.98,200769.0,48.5977
PRHI,0.6505,0.66,0.6794,0.6505,23315.0,0.6596
MEI,9.56,9.72,9.8,9.24,344130.614466,9.5292
COHU,51.28,50.46,52.4283,49.88,1249930.340752,51.2078
NJR,55.82,55.88,56.06,55.46,380418.305355,55.8235
ALLR,1.68,1.58,1.72,1.52,411913.740974,1.6442
IMST,12.7044,12.59,12.71,12.46,28969.189566,12.7138
ZION,60.8,62.71,62.81,60.64,2092524.75111,61.06
MSW,1.62,1.79,1.79,1.58,35046.58865,1.6622
AFGD,20.49,20.49,20.5,20.45,9620.935,20.4755
SLVR,69.76,67.79,69.9499,67.7306,354711.509187,69.0722
WCME,19.636,19.58,19.7,19.56,23034.6303,19.6559
BRKU,21.5091,21.26,21.6,21.26,252568.251263,21.4594
CRTO,16.11,16.45,16.8443,15.9,401376.294307,16.2337
GCL,0.451,0.45,0.4687,0.45,20632.0,0.4571
JCI,141.78,138.74,143.05,137.84,2788524.961057,141.6511
MORT,10.33,10.48,10.48,10.32,1039803.541878,10.3866
MSEX,51.83,51.905,52.21,51.16,86039.601815,51.8214
TARA,5.27,5.27,5.52,5.2,767190.742941,5.3397
KW,11.03,11.02,11.03,11.02,419555.51969,11.0253
FTHI,23.72,23.75,23.75,23.66,502062.401825,23.7043
NERV,5.63,5.86,6.05,5.6,66537.693705,5.7578
GXO,50.82,51.44,52.12,50.4806,1143626.208862,51.0993
PRLD,4.8,4.85,5.14,4.745,343725.411712,4.9069
LXFR,15.51,15.55,15.72,15.4,109121.524685,15.5298
PNNT,4.14,4.53,4.55,4.11,1688807.045672,4.2613
UK,3.06,3.08,3.85,2.97,65187.0,3.2515
JF,1.0,1.02,1.02,0.96,5125.0,0.9983
CLW,13.42,13.6,13.77,13.35,180188.496754,13.5633
LGND,220.48,221.41,225.815,218.0,204247.867725,221.9701
ETD,19.63,20.37,20.5,19.62,636563.861102,19.8158
PBH,50.65,52.28,52.34,49.28,869091.75746,50.3154
IRDM,43.15,42.0,43.6,41.4611,2656913.124784,42.993
BBAI.WS,0.5852,0.58,0.5899,0.54,90591.0,0.5693
STSS,2.09,2.03,2.135,2.0,331347.866216,2.0803
EPC,19.67,21.0,21.157,19.54,1147647.695673,19.7759
SMRT,1.18,1.24,1.3,1.16,1940098.953163,1.2143
KO,78.66,78.16,78.73,77.8423,10967894.218775,78.3854
FFIC,15.56,15.98,15.98,15.54,299590.884926,15.6124
USVM,103.173,104.08,104.1,103.173,56238.319217,103.5513
HIW,25.41,25.56,25.72,25.23,961477.346946,25.3714
MKC,47.07,48.49,48.93,46.82,4415393.31371,47.217
BLDX,26.8412,26.67,26.9199,26.67,3821.023,26.845
PKW,135.5834,136.92,136.92,135.57,28279.799082,135.9464
KYMR,84.1,85.98,89.46,83.98,486221.603443,85.8644
SOBR,1.54,1.67,1.79,1.53,1360145.742292,1.647
PAPI,26.28,26.36,26.4199,26.16,105176.435564,26.2557
TAP,41.44,42.33,42.47,41.43,3189339.676465,41.9034
FELG,43.84,43.57,44.05,43.57,329560.452444,43.8831
AHCO,11.24,11.49,11.635,11.165,1838509.451555,11.3087
IBTI,22.175,22.19,22.19,22.17,128466.843443,22.1785
CFR,135.65,139.49,139.945,135.17,936553.089548,135.894
FNV,237.6,233.55,238.98,233.36,841022.95644,237.3572
BCRX,8.58,8.67,8.8,8.515,3710142.297237,8.6106
FWONK,92.76,93.94,95.59,92.21,2537473.952887,93.3049
JGH,12.79,12.78,12.855,12.67,58633.0231,12.7829
EVLN,48.98,48.88,48.99,48.88,177185.442589,48.9601
NMAI,14.17,14.14,14.2,14.01,101032.0017,14.1444
PHDG,41.7338,42.06,42.06,41.6,2617.57763,41.891
EML,21.97,22.17,22.4199,21.81,7226.1061,22.0173
REXC,22.94,22.95,23.35,22.4,230711.839925,23.0133
MPC,252.48,248.85,252.5,247.76,2429065.968873,251.3531
SMBC,68.02,69.07,69.6,67.24,102424.786,68.0285
SCWO,2.22,2.3,2.4001,2.21,84354.945607,2.2911
ATMU,56.6,55.71,57.09,55.235,1351794.390933,56.5201
OSCX,68.2205,64.99,68.2205,61.37,7626.165352,65.5837
SLS,5.25,5.01,5.395,4.98,6382624.951556,5.2736
NNN,44.3,44.53,44.76,44.2,1515145.230863,44.3957
PFL,7.95,7.94,7.9999,7.93,281668.46478,7.973
MTD,1078.53,1116.66,1130.0,1078.435,316704.521592,1093.1724
MANH,137.73,141.59,143.16,136.1101,547669.865548,137.9795
WH,82.06,82.41,82.8415,80.93,1083961.3524,82.2594
FLUX,1.015,0.99,1.08,0.99,302304.90167,1.0401
CIG.C,3.45,3.38,3.498,3.38,1854.378374,3.4278
CCLD,2.25,2.32,2.33,2.175,1259692.803532,2.2347
DBGI,1.46,1.71,1.71,1.45,451101.785104,1.5572
AMPY,5.48,5.45,5.585,5.41,909791.334624,5.5001
AAUC,29.94,29.72,29.94,29.41,1206016.950511,29.8513
MMD,15.3,15.33,15.335,15.25,46098.8433,15.2929
HFWA,26.94,27.63,27.69,26.91,212486.258898,27.0161
JCSE,1.29,1.15,1.34,1.15,199335.794012,1.2504
CACI,482.57,481.19,485.04,465.0,415324.992408,474.9832
TTI,10.18,9.86,10.41,9.7917,1151292.441211,10.2294
ERAS,10.44,10.5,10.69,10.1,3804401.442837,10.4491
OUSA,57.32,57.45,57.56,57.17,30913.918672,57.3459
NPK,140.79,142.34,145.215,140.07,119535.41297,142.843
COUR,5.66,5.75,5.836,5.64,4735160.47174,5.7076
KOPN,4.97,5.42,5.42,4.88,13663808.831479,5.0782
BEG,91.61,80.17,97.2051,80.17,131578.057961,91.364
CTO,20.26,20.38,20.44,20.04,339432.689633,20.2043
TEVA,35.84,35.71,36.43,35.68,5872125.078292,36.0629
RYET,0.96,1.075,1.075,0.96,17258.866152,1.019
TKC,6.74,6.82,6.85,6.675,936912.680979,6.7671
LNN,108.86,109.36,109.42,106.84,167578.631496,108.37
XXI,8.73,8.57,8.89,8.54,1084073.674497,8.7436
FVRR,11.05,11.4,11.41,10.96,827696.503083,11.0947
GEF,66.61,68.28,68.28,66.55,188532.796623,66.8068
LUXE,8.36,8.34,8.6799,8.275,198341.180911,8.4195
IOSP,80.82,80.55,82.61,80.15,254394.737224,81.2812
EFXT,26.69,27.38,27.79,26.3334,762058.650589,26.7923
ZSQR,12.05,12.4,13.04,11.8,151253.198,12.4202
POW,33.48,32.68,33.65,32.2504,203457.959667,33.1514
KTTAW,0.0078,0.0078,0.0078,0.0078,200.0,0.0078
CEPI,34.1819,34.02,34.3963,33.8,54415.443972,34.0195
MOBI,12.0,11.65,12.1,11.11,370844.282639,11.6896
HSY,189.23,185.76,189.69,183.69,2315970.092906,187.74
BANCpF,25.58,25.68,25.68,25.5601,14158.9811,25.6053
IMKTA,85.41,87.04,87.88,85.22,138777.479745,86.2744
AEHR,104.56,99.8,107.0,94.81,3005276.853922,103.293
ATHpA,24.66,24.62,24.69,24.54,11752.544,24.6361
EPD,37.9,37.21,38.18,37.21,2842714.736657,37.7942
CNM,48.91,48.67,49.26,48.27,1502137.48203,48.9296
QQQJ,42.04,41.68,42.1899,41.68,101043.93304,41.9845
VAL.WS,17.3,15.69,17.36,15.69,7267.0,16.8693
SGU,12.92,13.01,13.083,12.86,12787.254118,12.952
WLFC,216.31,222.91,226.55,215.0501,73354.682977,219.8991
WS,40.54,40.6,41.84,39.8,321352.712106,40.9235
WATT,25.69,28.31,28.87,25.515,483979.44609,26.5884
CADL,8.85,8.5,9.2554,8.5,3892167.197254,9.0012
ACIW,42.36,44.89,45.3,42.09,987281.199584,42.9571
LBRT,33.39,33.58,34.23,32.775,3067286.537944,33.4768
BTZ,10.28,10.27,10.32,10.27,185658.309683,10.2973
SCEpM,24.81,24.91,24.9499,24.81,24476.4513,24.8786
TSAT,54.91,54.23,55.825,53.03,133629.983645,54.646
VIOO,126.86,128.12,128.32,126.81,88614.759671,127.3412
ALRS,27.06,26.84,27.16,26.51,192893.216417,26.9488
HAUS,18.7765,18.72,18.7765,18.72,1161.486,18.7207
USGO,13.5,13.6,13.65,13.31,53276.683473,13.4616
MUC,10.85,10.86,10.87,10.84,236173.0886,10.8525
SCYX,0.8241,0.91,0.91,0.8,475050.304596,0.8418
TDG,1198.67,1218.74,1226.5492,1191.89,405054.697259,1202.8141
WTIP,39.9879,39.8,40.06,39.57,13132.3624,39.9359
EOT,17.11,17.14,17.14,17.0495,24998.77403,17.1058
PODC,3.72,3.53,3.82,3.38,179810.14071,3.5221
TIPT,17.12,17.3,17.57,17.065,231670.671964,17.2113
KIMpM,20.48,20.52,20.6143,20.4001,29072.5776,20.5029
MCO,448.39,448.16,452.6765,446.36,924464.148493,448.1886
DVAL,14.9694,15.03,15.03,14.94,4089.002,14.9583
QMAR,36.895,36.85,36.95,36.84,9703.0,36.8927
CIM,13.44,13.71,13.71,13.43,691533.367538,13.487
USBpP,22.45,22.47,22.52,22.4,42794.24132,22.4708
CHRD,140.07,139.4461,141.44,138.11,807727.039941,140.0436
PGZ,10.09,10.11,10.214,10.09,22644.26631,10.1229
BRCC,1.29,1.29,1.31,1.21,622524.814935,1.2736
ING,30.1,30.31,30.37,30.055,1815115.929434,30.1758
MGNX,2.95,3.0,3.055,2.93,891048.528721,3.3616
THO,74.66,77.27,77.3499,74.0801,930887.884763,74.9104
DHR,166.52,171.73,171.73,165.25,7378509.628565,167.0567
ES,67.24,67.19,68.1,67.1,2730087.657352,67.4042
VSTS,9.3,9.26,9.355,9.145,1359518.469871,9.2824
PLRX,1.2,1.22,1.225,1.2,185620.957366,1.21
NPB,17.35,17.61,17.64,17.25,99519.250032,17.3451
MFIG,19.8911,19.95,20.02,19.88,19296.8831,19.9415
KBAB,11.3036,11.27,11.52,11.21,20459.1534,11.3716
FLEX,145.07,141.93,145.395,137.77,8741582.951082,142.4861
FNB,17.55,17.96,18.055,17.5143,5577684.040055,17.5964
XE,33.11,30.0,34.24,29.86,6020345.033195,32.6693
VLRS,7.55,7.61,7.63,7.525,201712.025692,7.5677
GOOD,12.53,12.82,12.85,12.36,676185.514838,12.5332
AMJB,35.64,35.28,35.73,35.2301,31407.115427,35.3957
ASCE,32.5002,32.97,32.97,32.5,101095.1603,32.6494
CORZ,22.95,22.4,23.81,21.92,13994394.037741,23.2077
FRBA,14.95,15.17,15.17,14.9,79625.625731,14.9947
BGIG,34.79,34.56,34.82,34.56,181101.6805,34.7317
MISL,45.63,44.86,45.945,44.69,462418.207998,45.647
STNE,10.42,10.75,10.76,10.255,5548018.650773,10.43
COPP,41.39,40.93,41.88,40.93,239136.66046,41.4871
SMP,39.0,40.02,40.05,38.79,121999.798497,39.0607
FTFT,1.22,1.29,1.29,1.22,39723.3412,1.2432
SEIS,31.7618,31.83,31.96,31.74,31192.9597,31.8686
QDPL,45.18,45.0,45.2489,44.94,95154.944166,45.1323
LDP,21.14,21.08,21.23,21.0056,101545.5765,21.1449
PRME,3.24,3.2,3.595,3.185,3193933.119124,3.4137
ATCX,5.55,5.52,5.75,5.52,15671.538428,5.5936
USAU,17.78,17.12,18.24,17.12,257550.941999,17.7866
TRTNpF,24.9065,24.72,24.9065,24.72,5779.0,24.7905
TTMI,162.99,156.67,166.66,155.0,2436562.673432,162.7657
NDMO,10.39,10.39,10.4,10.35,59555.4216,10.3795
THG,189.89,190.09,190.615,188.730786,264822.818964,189.7938
RVI,43.69,42.76,48.84,42.0,1533539.986495,45.2965
SUSB,24.98,25.02,25.02,24.98,83104.008493,25.0014
PRS,22.97,23.02,23.04,22.85,44800.12584,22.9241
DYNB,39.4097,39.49,39.49,39.4097,1050.7525,39.45
KNDI,0.657,0.6864,0.691,0.641,339060.14964,0.6647
PBQQ,31.11,30.99,31.18,30.99,20607.8587,31.1537
SBH,12.98,13.88,13.98,12.435,3028013.948861,12.9397
XMMO,167.31,165.69,167.68,165.37,424792.98375,167.0355
AMHpG,22.9469,23.1,23.18,22.84,6531.5839,23.0292
USXF,66.56,66.16,66.75,66.16,45565.565681,66.5311
SN,107.49,111.08,111.08,106.64,2000978.506792,107.9493
LQDI,26.527,26.6,26.6,26.49,3235.3518,26.5141
FIBK,35.1,36.08,36.19,35.01,1724700.869631,35.2578
MENS,2.07,2.05,2.1,2.0,65753.611092,2.0289
FND,48.76,50.82,51.21,48.45,4157324.026179,49.0696
DUO,1.38,1.44,1.44,1.35,66685.36597,1.3978
MCFT,26.27,27.33,27.3575,25.79,207587.261324,26.4413
VSA,0.4682,0.5402,0.5505,0.4651,956271.141135,0.5031
DFNM,48.26,48.32,48.32,48.25,153998.669,48.2633
TSUI,26.2802,25.61,26.579,25.28,47744.285908,25.8902
VBF,14.96,14.99,15.03,14.93,95357.215718,14.9643
GLOB,37.21,38.74,39.52,36.795,1852838.784832,37.6446
NXPI,305.99,295.92,306.62,291.16,4975633.566114,301.8473
UFI,4.3,4.3,4.37,4.2,38007.522794,4.2867
LAKE,10.75,11.2,11.32,10.605,162372.623993,10.8677
BWXT,210.8,201.65,212.1,199.23,1028472.82217,209.1363
HPAIW,0.068,0.0625,0.13,0.0625,11498.0,0.09514
CQP,61.84,62.23,63.08,61.84,90479.166677,62.4074
HLI,148.85,153.2,154.34,148.11,702679.120689,149.4959
FGI,6.15,6.33,6.58,5.94,65395.985246,6.2547
CLDX,32.28,33.98,34.78,31.76,960368.766525,32.7022
CHSN,1.43,1.46,1.4616,1.35,402116.129716,1.4205
CWD,1.01,1.01,1.03,0.9797,102376.080645,1.0145
IFF,78.75,81.04,81.8,78.21,1833719.587943,78.8984
BAX,17.53,17.96,18.09,17.28,7239900.811474,17.5145
ITGR,84.85,87.68,88.685,84.71,535991.693641,85.877
JFU,3.8,3.41,4.25,3.07,14932.553436,3.8733
GANX,1.82,1.85,1.85,1.75,537278.439953,1.8068
BITC,41.59,41.12,41.72,40.88,6998.66444,41.2119
SOTK,4.8,5.0,5.185,4.7609,35513.92,5.0046
DE,588.74,575.71,589.17,573.73,907529.635683,584.7243
BHE,86.51,85.97,87.6,83.7919,290956.662809,86.6391
ARCC,18.68,18.91,18.965,18.66,6203490.646044,18.7906
PCOR,50.1,52.69,53.39,49.58,2572288.228126,50.2156
ARCB,118.31,120.96,121.895,117.8,241281.014743,118.8133
CGDV,47.45,47.2,47.56,47.2,3255517.312697,47.4348
LITP,18.1,17.9,18.33,17.785,135600.295548,18.1509
BSMY,24.5649,24.61,24.61,24.5502,5393.246767,24.5638
CREG,0.179,0.3,0.3099,0.1617,6106926.472045,0.2089
TWIN,18.5,19.22,19.6599,18.01,54709.585026,18.6123
BCX,12.51,12.39,12.57,12.345,222238.326801,12.5087
HUT,102.19,97.865,106.33,94.2,5772444.019094,102.5863
AADR,86.55,84.89,86.6199,84.89,5033.9366,86.0314
IRE,29.57,29.32,37.5,26.28,15786651.909985,31.9307
MERpK,25.5214,25.55,25.58,25.52,13402.709,25.5514
CINF,163.33,161.74,163.54,161.2818,839577.341703,162.7564
NXG,59.26,58.65,59.59,58.5,202694.9214,59.2355
DBL,14.47,14.58,14.59,14.47,43376.1779,14.5304
CISS,3.32,3.31,3.393,3.215,20650.604533,3.3101
NVDY,14.29,14.02,14.42,14.0,3137658.696438,14.285
FMKT,22.8393,22.6,22.91,22.54,2470.9823,22.7891
WAVE,8.02,7.9,8.69,7.9,19940.140039,8.2522
IBTG,22.865,22.87,22.87,22.86,224470.772793,22.8642
MYI,11.03,11.04,11.05,11.0,154118.498467,11.021
WDNA,17.8684,18.12,18.26,17.8684,637.0528,18.1684
OC,119.85,121.59,121.97,119.13,1221268.395172,120.2702
U,26.87,27.93,28.34,26.05,14314432.413434,26.7216
IVF,1.61,1.69,2.02,1.61,199539.828967,1.7557
COCO,72.46,72.03,72.59,70.85,1273131.20051,72.083
INDV,38.84,39.22,39.7,38.735,2972509.57332,38.945
FDIV,27.0603,27.23,27.265,27.0401,65713.5647,27.1208
GSIE,45.79,45.76,45.88,45.66,248940.915,45.7667
BSCQ,19.55,19.57,19.57,19.55,856004.715489,19.5579
ACWI,155.53,155.24,155.83,155.2,2474873.206746,155.5916
OXM,43.69,45.16,45.205,42.39,257343.53094,43.5961
SMFG,21.78,21.76,21.95,21.73,2300077.301931,21.8375
BBBI,51.495,51.58,51.58,51.495,27058.2967,51.53
GHM,98.32,98.09,99.59,93.11,415604.983039,97.1624
BIOA,18.16,17.99,19.07,17.87,509420.23428,18.3528
LCNB,15.76,16.36,16.36,15.73,27221.6627,15.8526
PRIV,25.235,25.28,25.3,25.1719,10054.547151,25.2585
HYI,10.69,10.74,10.76,10.67,68645.382885,10.7209
AVD,2.92,3.1,3.2,2.85,311582.49299,3.0176
XAIR,0.5196,0.5,0.5327,0.42,381094.126,0.4856
RUMBW,1.82,1.64,1.82,1.64,11180.732589,1.7563
FICS,40.2965,40.57,40.57,40.26,16833.527139,40.3716
AEG,8.42,8.43,8.48,8.4,3449765.954171,8.4335
TSQ,7.21,6.63,7.47,6.63,229915.905398,7.2189
NIXX,0.593,0.63,0.6496,0.593,314301.842486,0.6205
TAGG,42.58,42.62,42.62,42.54,75405.8503,42.5814
CLPT,12.31,12.64,12.89,11.992,587774.562993,12.345
XOS,1.89,1.85,1.9286,1.8401,5026892.351192,2.4817
JHG,51.67,51.7,51.75,51.67,1488155.279708,51.7084
PKX,88.61,87.75,89.06,86.85,182045.660763,88.118
GOODO,20.24,20.32,20.3949,20.2001,8644.8499,20.3015
JLL,322.89,328.99,329.47,321.97,203526.820188,324.0596
TALKW,0.0016,0.0025,0.0026,0.0016,33740.0,0.001755
SMID,31.6,34.85,35.55,31.23,15440.6013,33.4711
VICR,312.96,280.01,313.525,279.78,1803096.303212,302.59
BME,38.76,38.9,39.31,38.75,66636.657516,39.0541
CENT,37.76,38.11,38.1482,37.46,46128.353783,37.7586
HQL,18.11,18.22,18.46,18.095,115607.9079,18.2859
CANE,10.05,10.0,10.059,9.95,494355.86348,10.0039
KZIA,14.1,14.56,15.21,14.0,199611.416995,14.5556
EURK,11.32,11.38,11.4,11.32,6301.0,11.3686
SAFE,15.21,15.16,15.25,14.9801,357762.829784,15.1572
JPMpM,17.73,17.79,17.7999,17.7,86404.3134,17.752
RL,343.1,356.12,356.67,340.01,616558.839243,344.0102
AOSL,38.62,38.71,39.8,37.12,937279.427015,38.6444
A,111.46,115.81,115.85,111.43,2179626.55782,112.4008
ELFY,44.795,44.0,45.0,44.0,121902.799808,44.8116
PDBA,37.75,37.61,37.83,37.5371,271727.715321,37.7134
ZNB,1.7409,1.76,1.76,1.6008,20353.465381,1.7037
NVVE,0.3514,0.35,0.36,0.342,127077.459591,0.3487
INGM,27.0,27.15,27.59,26.96,1899273.848327,27.1531
PEO,25.85,25.56,25.94,25.44,76949.570012,25.7459
DAR,63.82,63.505,64.115,61.35,3883813.46536,63.2835
VPC,15.955,16.12,16.17,15.95,16846.325729,16.03
USBpR,15.91,15.96,15.96,15.91,29789.0119,15.9316
WLY,40.41,41.38,41.565,39.9,302152.339326,40.3936
DWTX,1.69,1.65,1.79,1.65,91072.717126,1.7069
ZG,40.65,41.96,42.37,40.42,1163553.686231,41.0437
PPBT,4.06,4.0,4.1547,3.8201,14861.148067,3.9811
T,24.87,25.23,25.34,24.66,37447605.837597,24.8748
EXR,144.58,143.83,144.825,143.39,938851.807881,144.3764
IGI,16.15,16.15,16.18,16.1001,13430.374613,16.1406
GRMN,242.38,240.86,244.37,240.86,1105281.673789,242.638
TXO,12.5,12.42,12.83,12.35,846370.307236,12.6289
BHFAM,11.53,11.63,11.63,11.491,11892.0,11.5353
IMAX,33.84,35.45,35.79,33.76,859669.303196,34.3615
HCTI,2.12,2.23,2.25,2.1,96683.31207,2.1597
LRN,87.34,87.21,88.37,86.35,905790.546426,87.3184
RTAC,10.44,10.4,10.46,10.4,53592.8699,10.433
CGAU,18.73,18.48,19.28,18.34,1579294.224412,18.7425
HUTG,26.8072,25.18,28.9099,22.96,75930.368915,27.0991
ONON,34.04,35.01,35.34,33.57,11180779.377987,34.0668
AR,36.59,36.65,36.73,36.165,3756892.628383,36.5001
FSBC,41.04,41.83,42.09,40.92,90078.300212,41.203
TERG,51.0908,48.33,51.29,47.85,108648.630385,49.9117
MRCY,91.95,90.46,92.805,89.12,509277.328956,91.5623
Q,153.24,147.8,156.5325,147.41,3341483.149133,153.5688
KREF,6.47,6.58,6.6,6.45,1232316.513626,6.5126
TGHL,0.3649,0.34,0.364999,0.3311,16754.595744,0.3456
ACDC,6.78,6.76,6.895,6.55,1080875.485151,6.7568
SCPQ,9.94,9.94,9.94,9.94,1000.0,9.94
MANU,18.9,19.59,19.6733,18.89,257875.281352,19.087
ANVS,2.39,2.3,2.4705,2.262,861254.907066,2.3866
DXST,1.88,1.92,2.02,1.8701,32945.930461,1.9512
SKLZ,6.38,6.52,6.67,6.17,394674.71226,6.3855
ROCY,53.4953,53.43,53.61,53.42,116930.21781,53.5207
FNK,58.6035,59.54,59.54,58.59,7691.9793,58.6924
RGCO,23.05,23.47,23.5,22.94,8323.088467,23.1977
MSpA,19.64,19.54,19.65,19.495,52707.8799,19.5842
PENG,43.54,46.26,46.75,42.3,4423700.520217,44.2311
CHPY,76.39,75.15,76.39,75.0299,613878.738583,75.8773
NE,51.01,50.82,51.37,50.28,1562476.742048,51.0011
ARQQW,0.080101,0.076,0.0891,0.076,37263.0,0.08306
FID,22.145,22.14,22.18,22.1101,11834.80849,22.1436
HESM,39.19,38.27,39.34,38.17,2614772.108732,38.6793
OUT,32.24,33.94,33.975,31.74,2661164.386089,32.4405
BFSpD,20.62,20.55,20.62,20.3101,2946.8028,20.5278
BFST,27.22,27.68,27.74,27.17,221899.915094,27.3406
LUCY,1.02,1.03,1.04,1.02,66655.282772,1.027
SKIL,7.73,8.53,8.53,7.4701,101940.343672,7.816
CIEN,581.47,558.0,593.0,550.49,2380716.895809,579.9995
AVGX,64.73,64.49,66.4,63.77,272254.210465,64.9298
RBCAA,76.17,77.48,77.79,76.03,75256.0413,76.6266
ETX,18.78,18.85,18.85,18.73,17844.2986,18.8281
CF,124.48,117.01,124.8,116.04,2808638.231599,122.6879
VOD,16.32,16.54,16.605,16.3,4505336.812921,16.3954
GOU,34.83,36.17,36.52,34.83,67666.314441,35.7587
KRUS,55.92,57.48,58.66,55.25,279790.63329,56.3812
IINN,0.4067,0.452,0.4532,0.4011,424317.802829,0.42
ACHR.WS,0.2921,0.28,0.3099,0.269,369470.0,0.2901
BTDR,13.17,13.37,13.67,12.875,6721830.4537,13.2573
RNR,295.95,301.25,302.08,295.28,299789.911092,297.207
ZH,3.28,3.25,3.32,3.235,115607.701435,3.2839
RWAY,6.49,6.54,6.625,6.39,1056416.919826,6.5038
HEDG,29.8148,29.9,29.9,29.77,25329.086034,29.8379
UPXI,1.47,1.4,1.49,1.35,5744529.198341,1.4378
MBAI,1.59,1.43,1.64,1.41,609766.235569,1.5702
BILL,41.5,41.56,43.57,41.24,3873546.837922,42.0774
HAS,95.19,98.1,98.4,94.59,1468728.381694,95.5506
JHI,13.34,13.39,13.39,13.2959,10113.8878,13.3474
LMBS,49.98,50.04,50.04,49.97,480622.807722,49.9926
ALG,154.8,163.06,165.5,153.01,356540.054316,155.807
FTCB,20.96,20.98,20.99,20.94,1170173.6778,20.9621
VOR,17.25,17.13,18.28,17.0,1389901.167932,17.5062
BVFL,19.84,19.83,20.1145,19.58,12033.0489,19.7984
AVPT,10.47,11.21,11.32,10.445,3916335.284432,10.5802
NRK,10.72,10.72,10.73,10.68,185806.1787,10.7038
LPCN,2.32,2.32,2.3992,2.31,138512.043856,2.3494
SUI,125.79,126.28,126.85,124.8401,869376.328749,125.5317
SAR,21.83,22.3,22.33,21.81,110299.965293,21.9645
NNBR,2.58,2.75,2.81,2.57,1129596.370695,2.6468
VYX,7.78,8.24,8.28,7.515,3308967.111593,7.7329
KMI,32.25,31.66,32.35,31.51,9001448.754106,32.1449
URBN,68.4,71.46,71.47,67.07,1227351.909063,68.6178
WALD,1.67,1.81,1.8361,1.6,398261.691,1.6979
WTTR,17.62,16.9,17.65,16.71,1680712.359801,17.4227
NVA,6.48,6.47,6.68,6.4,641383.095718,6.5326
MTH,63.79,65.48,65.71,63.62,663180.649488,64.126
FTXH,33.9216,33.95,34.2208,33.87,7428.465,34.0367
CMCT,6.18,5.65,6.18,5.65,26665.2428,5.9235
PAM,81.9,80.01,82.61,79.35,272275.038229,81.1894
CRVL,56.99,58.43,59.03,56.58,191851.37108,57.1649
ALIT,0.8281,0.9354,0.95,0.8168,46024635.845477,0.8454
IRWD,4.17,4.25,4.36,4.08,2267646.89981,4.1903
KFY,66.57,67.72,67.75,66.5,275996.382262,66.924
CHCI,16.66,17.38,17.38,16.4,4703.1166,16.8013
CLOU,22.48,22.75,23.1,22.33,466160.699948,22.5346
CLIK,2.26,3.29,3.44,1.77,45990360.94157,3.8052
RERE,4.7,4.82,4.825,4.6301,867064.631191,4.6934
RRR,52.56,53.79,53.845,52.09,844625.489262,52.6824
DSGN,15.61,14.5,15.75,14.355,721866.390458,15.4792
GL,153.86,153.33,155.275,152.7,784562.194634,153.7682
FELC,41.24,41.1,41.358,41.1,573214.919033,41.2883
PCAR,112.96,114.16,114.5599,112.24,2440556.996449,112.8656
PGR,196.91,195.62,196.9799,194.0,2387555.474004,196.1011
AESI,18.84,18.97,19.38,18.7,3236102.043414,18.9819
RLX,2.15,2.15,2.17,2.085,2245255.477789,2.1243
MTDR,56.33,56.27,56.805,55.87,1275427.381464,56.3711
NIOBW,2.07,1.88,2.18,1.88,25109.0,2.0181
FV,69.78,69.19,69.93,69.19,96298.483649,69.7111
GLOPpC,25.6899,25.69,25.69,25.6899,1594.0,25.6848
QBTS,24.03,22.2,24.78,21.77,36127090.589071,23.8489
DRAI,35.58,35.58,35.65,35.43,17405.322798,35.5316
WYHG,0.7903,0.869799,0.869799,0.7602,508351.945308,0.8303
PYPD,4.34,4.34,4.478,4.25,49618.345237,4.3769
ALX,236.7,242.98,247.275,235.555,36344.203017,238.6662
GLNG,56.82,55.75,57.0,54.855,1595770.515434,56.4643
JVA,4.31,4.618,4.618,4.28,41046.2006,4.3629
GRFS,7.8,8.0,8.08,7.7301,829811.736078,7.8806
UTF,27.3,27.03,27.31,27.0007,331993.080821,27.1885
BETA,18.59,18.51,19.3,17.78,2199037.933831,18.638
IDYA,28.13,28.5,29.5,28.0,1085121.116521,28.3981
CLS,380.99,374.71,391.395,370.54,1970528.054098,382.6653
ULBI,6.125,6.08,6.37,5.69,152735.013888,5.9954
BNTX,93.34,96.2,96.8,92.53,647776.051721,94.0605
IAC,41.59,43.77,43.915,41.58,1382126.413638,42.1444
NRT,8.37,8.38,8.52,8.2601,62114.520871,8.4035
IFS,44.44,44.78,45.7228,43.8001,274951.093248,44.4593
APVO,4.845,4.9,5.19,4.69,28818.351008,4.9465
PMTS,15.29,15.61,16.93,15.125,66770.648423,15.4027
PASG,4.4,4.16,4.49,4.16,61659.822762,4.3987
ORC,7.02,7.05,7.07,7.0,3483591.105532,7.0317
AEBI,12.26,11.66,12.41,11.565,350481.195208,12.1418
FAMI,1.18,1.23,1.2372,1.18,17180.0,1.1945
DUSL,90.5767,87.71,90.91,87.29,26057.931508,89.412
RCKT,3.59,3.63,3.83,3.57,2229361.245556,3.669
ALXO,2.08,2.06,2.13,2.01,891797.443223,2.0663
KMB,95.75,98.27,98.38,95.3,5168975.596474,95.9979
BOSC,4.48,4.56,4.645,4.41,132671.0039,4.5128
ALBT,0.4,0.39,0.4,0.375,423327.114417,0.3844
WVE,7.07,7.16,7.355,7.03,3009380.080918,7.1773
JACS,10.61,10.6,10.61,10.59,200910.0,10.5999
FDVV,59.24,59.43,59.505,59.14,754336.355456,59.338
CWT,42.88,43.25,43.64,42.7,331114.396515,42.9378
DSX,2.7,2.71,2.72,2.6501,621603.301847,2.6961
FESM,44.68,44.64,44.92,44.64,470283.579831,44.7849
ECCU,25.37,25.39,25.41,25.345,5579.2,25.3886
SCNI,0.5124,0.5643,0.6,0.51,163896.26678,0.5432
APO,130.46,133.47,133.69,129.5,3096486.137217,131.0303
HNRG,19.32,18.73,19.4,18.51,892079.739779,18.9814
EDGU,30.9304,30.91,30.99,30.91,22624.2893,30.9374
IPX,41.29,41.53,43.07,41.15,390228.3702,42.272
AGMI,78.5378,76.11,78.99,76.11,4247.383828,76.9888
UTHR,569.88,566.96,580.45,566.96,460695.827947,571.3579
ZGN,12.51,13.15,13.15,12.4,846499.55168,12.5414
FCT,9.76,9.8,9.8099,9.75,46181.029922,9.7758
YRD,1.96,1.98,2.03,1.96,90621.329037,1.9754
CBOT,26.7942,27.0,27.07,26.71,8784.26,27.0435
OWLS,5.98,5.9,5.99,5.5001,29435.264958,5.9235
SIGA,4.55,4.84,4.92,4.54,498795.844816,4.6765
RITMpC,24.57,24.54,24.7,24.5,23395.7714,24.5778
PRI,271.74,276.22,278.23,271.41,160150.461233,273.0608
PARR,64.5,65.1,65.9899,64.0,1363452.198652,64.6818
BNL,20.0,19.94,20.08,19.87,1750738.649505,19.9827
COIA,7.82,6.73,7.9,6.34,122242.884792,7.2116
APPF,159.56,165.45,166.56,156.9875,289705.547231,159.3945
EVGOW,0.0128,0.01,0.0134,0.01,62275.0,0.01241
BITU,16.54,16.21,16.625,15.93,3322238.677687,16.3242
HAYW,14.38,14.56,14.63,14.33,2159096.385049,14.443
IMCV,88.3772,88.56,88.71,88.211,21049.749328,88.3857
SPB,79.08,81.9,81.9,77.95,504867.918882,79.05
CL,86.74,87.39,87.39,85.965,4398431.802895,86.5206
XRX,2.66,2.78,2.96,2.58,8228133.863902,2.7513
XDIV,30.0787,29.9705,30.1201,29.9705,9669.83653,30.066
PALD,19.5841,20.24,20.29,19.44,5154.0,19.9091
LND,3.85,3.83,3.88,3.83,51961.226358,3.8558
FLO,8.22,8.5,8.57,8.135,5436202.070176,8.2329
SKRE,7.699,7.37,7.729,7.37,24588.9715,7.6284
STEL,37.13,37.47,37.565,36.865,310751.875562,37.162
HUM,274.26,272.08,284.295,269.9623,2485069.845153,276.4993
NDIA,26.52,26.82,26.82,26.51,2100.906495,26.6026
HVT,21.26,22.29,22.29,21.25,103407.738853,21.3915
CVLT,103.995,104.05,105.71,102.012,616479.506994,103.5259
BALL,57.72,59.03,59.3,57.53,2500889.235503,57.8975
FENC,7.1,6.92,7.35,6.8,142323.374022,7.1229
NNI,122.52,122.63,126.99,120.69,197723.53375,122.9783
RC,1.77,1.89,1.89,1.755,2794715.891141,1.7857
SVOL,15.86,15.84,15.91,15.84,392435.116982,15.8869
BGX,10.92,10.95,10.95,10.88,33573.3116,10.9282
SEZL,101.1,94.3,101.99,93.8906,611821.332439,99.4243
GDO,10.97,10.96,11.07,10.9201,29091.618428,10.9846
RITM,9.7,9.82,9.865,9.67,5522099.466285,9.7323
CII,25.09,24.73,25.3406,24.73,84967.720968,25.0268
YYAI,0.6942,0.72,0.7321,0.6892,454599.167418,0.7038
GSUN,0.4781,0.5209,0.5209,0.4699,130248.04937,0.4883
NUEM,42.3934,42.27,42.51,42.27,19210.202648,42.38
CIA,5.21,5.18,5.555,5.15,106832.321983,5.2741
CNTX,2.39,2.38,2.47,2.32,468945.250741,2.3994
CGMM,31.44,31.43,31.59,31.405,1068890.812778,31.5093
YQQQ,10.355,10.41,10.41,10.3201,64681.05961,10.3506
PNW,99.71,100.1,100.53,99.54,1732461.27804,99.804
PSF,20.0,20.0,20.04,19.89,50275.7013,20.0026
SHY,82.22,82.28,82.29,82.22,1693984.693387,82.2477
PRGS,28.37,29.79,29.87,27.83,528463.169764,28.3685
STE,201.85,205.86,207.225,201.08,1025853.606077,202.8756
CSHR,6.35,6.01,6.56,5.9,444850.0,6.2553
TWI,7.67,7.85,7.88,7.62,879018.316229,7.6797
ACGL,93.83,94.15,94.85,93.425,2271691.696942,93.9459
BAM,48.93,49.77,50.36,48.77,4017968.819455,49.2031
XWIN,8.45,8.36,8.555,8.35,2245099.51934,8.4511
TRNO,65.71,66.26,66.58,65.61,725670.674106,65.9077
TDC,32.31,31.45,32.365,31.05,2656750.554523,32.0264
AGNCL,24.9399,24.99,24.99,24.86,11141.2795,24.9309
TBCH,11.82,12.2,12.61,11.56,379168.189972,11.9975
SBCF,30.38,31.14,31.37,30.27,850981.673285,30.4647
SFB,20.22,20.34,20.34,20.17,9761.425,20.2772
TALK,5.19,5.19,5.2,5.18,1902557.279875,5.188
TCMD,23.9,25.35,25.37,23.74,588011.875351,24.082
UCO,47.59,45.95,47.99,45.6,4150207.17062,46.9401
MNDR,1.11,1.05,1.14,1.04,175461.320773,1.0878
XOMA,41.5,41.87,41.99,41.5,119367.890812,41.6813
NUVL,104.55,105.53,109.11,103.81,334571.744825,105.1479
GSAT,82.25,81.96,82.42,81.55,1201221.067111,82.072
BGS,5.09,5.32,5.355,5.03,2375237.23987,5.1374
IGIB,53.2,53.26,53.2974,53.19,3995226.506746,53.2376
KTCC,3.28,3.36,3.445,3.15,26846.9372,3.3638
SAEF,29.6957,30.04,30.0401,29.6957,805.1351,29.8485
BKH,73.44,75.64,75.9813,73.41,961286.021305,74.1471
JOUT,44.82,51.26,51.26,44.38,156592.246728,45.645
DVN,46.73,46.41,46.99,46.2,16317269.455794,46.6763
EVAX,4.225,4.36,4.5,4.225,41304.0,4.3866
EE,35.7,34.03,35.89,33.522,635995.182893,35.4059
PEB,14.37,14.71,14.84,14.32,1498175.384471,14.4191
EWTX,34.56,35.94,36.0,34.11,1096570.778641,34.8441
GDVpK,17.99,18.0,18.0,17.935,1186.5862,17.9623
NEUP,5.17,5.23,5.24,5.13,12259.346012,5.1941
BOXL,0.8008,0.9254,0.94,0.79,325344.050507,0.828
FDG,136.5034,134.87,137.45,134.87,20251.062809,136.9978
LPCV,9.97,9.97,9.97,9.97,400.0,9.97
AVXC,82.5591,82.51,82.77,82.36,14203.7428,82.562
MMSI,60.31,61.39,61.525,60.225,960734.191642,60.5711
ASTH,37.97,39.47,39.652,37.08,561085.808643,37.9231
NMFCZ,25.245,25.25,25.26,25.23,4716.0,25.2406
CAG,13.93,14.17,14.32,13.7,13751700.458847,13.8593
SDHC,12.6,13.05,13.05,12.47,53798.359537,12.5958
RDZN,1.75,1.8,1.84,1.75,815718.144494,1.7845
FTCI,4.41,4.44,4.5378,4.1,106342.972831,4.3727
VBK,346.86,343.44,347.97,343.34,202983.321917,346.529
HPI,16.04,16.34,16.38,16.0,117126.2252,16.2067
CNX,36.11,36.2,36.27,35.71,2038354.322842,36.0333
KPRX,2.41,2.5,2.58,2.395,39463.824309,2.4296
VSTD,0.3924,0.39,0.3924,0.3713,44822.0,0.3842
ADGM,0.94,0.97,1.0,0.94,53089.940118,0.9502
HAE,52.24,54.65,55.4,51.655,1021907.829946,52.5371
DNOW,13.13,13.14,13.3099,12.93,4191464.306828,13.1319
FDX,378.9,380.77,384.18,376.42,931054.021179,380.347
GENK,2.28,2.32,2.32,2.1305,37062.812165,2.2282
ACYN,20.76,20.77,20.83,20.715,821520.0121,20.7422
BMLpH,19.45,19.47,19.54,19.44,11567.0,19.4767
GLNK,9.49,9.36,9.49,9.23,428924.437566,9.393
CTAP,31.7298,31.36,31.845,31.35,52958.4874,31.7019
CAIQ,26.94,26.88,26.959,26.83,177997.57022,26.9061
UPC,2.65,2.62,2.7301,2.62,22955.011235,2.6795
BSRR,37.54,37.94,38.0,37.1,77394.611692,37.5074
ARDX,6.61,6.8,6.835,6.57,4044595.571503,6.6718
STLA,7.46,7.6,7.62,7.45,16973493.84584,7.5072
PROP,0.9766,0.9619,1.02,0.96,2328038.766011,0.9905
NSP,32.43,32.74,33.42,31.71,497329.327349,32.6383
PCYO,11.56,11.63,12.44,11.425,64792.025849,11.5787
AUB,36.99,38.11,38.22,36.85,849347.434159,37.0799
XSVM,66.1489,67.12,67.12,66.1489,19194.163116,66.563
SCI,77.38,78.0,78.31,76.96,862764.974009,77.438
JPMpK,18.92,18.89,18.9399,18.86,61172.3776,18.8995
MB,6.955,7.52,7.6,6.71,13175.0,7.163
PST,22.764,22.67,22.764,22.645,6919.1705,22.6663
HRB,36.06,36.87,37.9,35.52,4203572.249215,36.1041
ARTW,2.6,2.65,2.75,2.58,45592.3528,2.658
GERN,1.39,1.39,1.46,1.38,32391608.128398,1.4125
JELD,1.61,1.69,1.73,1.5899,1821356.025906,1.6575
FLL,2.93,2.93,3.06,2.89,194593.100928,2.9596
SEV,2.57,2.55,2.6,2.51,155079.869552,2.5596
SUN,66.5,66.96,67.76,66.5,1507068.005362,67.1456
EVR,335.38,340.44,343.61,333.8986,730535.989504,337.0142
AVIG,41.46,41.51,41.5296,41.455,154279.534748,41.4886
DFIV,55.49,55.49,55.61,55.414525,967114.289418,55.5071
BMLpG,19.32,19.35,19.44,19.29,10724.79,19.3602
AMDD,3.61,3.61,3.68,3.5301,18362049.730437,3.591
XPEG,8.133,7.92,8.35,7.92,14171.0,8.1708
VV,339.72,338.22,340.4,338.22,237250.82572,339.5909
PLAB,54.96,54.91,56.0,54.0,901035.169084,54.9374
NUGO,42.88,42.7,43.07,42.7,15165.130141,42.8576
PPHC,13.5,13.46,13.62,13.43,48063.403974,13.5054
DFTX,21.4,21.73,22.24,21.3011,1482854.016061,21.7046
SBAC,217.26,218.0,220.38,216.04,457783.251513,217.9823
COWG,37.5404,37.42,37.69,37.42,230647.809973,37.5251
FBK,52.76,54.29,54.37,52.59,286026.624498,52.9361
JHML,86.8751,86.8,87.0599,86.8,13149.47546,86.9348
GBCI,47.23,49.02,49.025,47.16,870626.352672,47.5698
SLQT,1.04,1.12,1.12,1.005,1871299.230229,1.038
IBOT,66.167,65.99,66.25,65.94,18199.840452,66.1402
CBL,46.42,47.61,48.64,46.375,195273.564384,46.8487
ETIp,24.21,24.15,24.43,24.15,500.2568,24.277
LANDP,20.865,20.77,20.9,20.7,20350.7236,20.8125
ENOV,24.78,26.15,26.6,24.11,1520918.840962,24.9924
AYI,289.62,293.35,295.44,289.56,254630.204957,291.2983
SRFM,1.35,1.35,1.5,1.3,5615699.404841,1.4236
GSIT,11.72,9.29,12.42,9.29,13878307.870608,11.7035
BMEZ,14.12,14.11,14.2108,14.0711,175286.040709,14.1557
IGA,9.61,9.62,9.6752,9.58,68093.006,9.6424
CPST,27.59,27.07,27.595,27.07,7619.329,27.5386
APOS,26.0,26.05,26.17,25.94,27685.5778,26.0394
USAC,27.43,28.05,28.19,27.33,220107.19542,27.6451
CHGG,1.0,1.13,1.14,0.982,3516947.221491,1.0436
NRSN,0.835,0.88,0.8889,0.83,95115.754636,0.8504
BHVN,9.08,9.77,9.99,8.975,1945852.372856,9.312
ABXL,26.1,26.13,26.13,26.075,3210.0,26.1117
MIAX,52.19,51.05,52.42,49.71,1539386.566392,51.4283
MMYT,46.29,46.16,47.16,45.2,922405.584831,46.1723
FSYD,48.9294,48.84,48.94,48.84,16892.762795,48.9205
API,4.11,4.21,4.22,4.08,287434.304615,4.1479
WLDN,92.91,86.98,98.0,84.0,1746860.970335,92.9914
BPYPM,16.98,16.85,17.0,16.85,7844.58886,16.9639
ALAI,42.61,41.97,42.7299,41.868325,42522.1532,42.3589
APA,36.7,36.7,37.095,36.03,6878752.220409,36.6772
VRA,4.0,4.14,4.17,3.99,196861.427944,4.0556
LTRYW,0.0106,0.0072,0.0115,0.0072,99957.0,0.008434
PFO,9.2,9.21,9.25,9.18,46384.7138,9.2083
SRZN,29.28,29.0,30.79,28.65,95497.867626,29.7692
NET,193.52,195.395,204.2699,192.5012,6525289.205739,196.2346
DOX,62.57,63.61,63.71,62.44,1689219.649145,62.8549
DYAI,0.7242,0.7899,0.7899,0.7037,108549.0,0.7425
BWNB,25.01,24.98,25.04,24.98,14066.4046,25.0089
QQQA,72.5945,71.65,72.65,71.65,37742.07052,72.3095
VTN,11.15,11.17,11.295,11.14,32354.05146,11.1971
XYL,112.0,113.57,114.24,111.82,1669415.050076,112.4799
WRBY,28.79,28.91,29.8799,27.83,4224735.343285,28.9617
STEM,9.13,8.93,9.41,8.69,193366.283465,9.143
INTA,23.82,24.6,25.29,23.36,876354.795517,23.9501
CMMB,1.83,1.77,1.95,1.77,41023.558487,1.8666
ELVA,11.21,10.53,11.69,10.385,831249.210012,11.2525
LIND,19.48,20.73,20.9282,19.1,1415976.41372,19.9961
CYD,47.46,46.06,47.72,45.67,95172.402471,47.0344
MAIN,52.3,53.68,53.95,52.1,1192560.425218,52.7145
VRTS,142.7,143.54,145.44,142.52,69620.11169,143.4656
XBIT,2.47,2.47,2.5,2.46,40150.78536,2.4777
NBXG,15.42,15.23,15.5,15.23,174885.094768,15.4204
GMMF,100.295,100.3,100.3,100.29,35561.944954,100.2973
TYRA,34.01,34.38,35.135,33.41,407926.247405,33.98
VC,116.01,114.62,117.2,110.88,558218.233405,115.8041
MNTSW,0.0145,0.0147,0.0159,0.0131,439017.0,0.0145
MYPS,0.513,0.479,0.5346,0.4548,820343.904487,0.4911
TCPC,4.2,4.2,4.3,4.15,660256.68506,4.2315
MUJ,12.4,12.37,12.43,12.3202,126525.849345,12.3916
AHTpD,6.83,6.9,7.18,6.78,3438.2514,6.8902
SQM,93.42,93.87,95.41,92.6725,1355898.285389,93.7926
KRP,14.75,14.67,14.8499,14.605,784291.618062,14.7611
DFEV,42.42,42.28,42.5199,42.2,158054.218103,42.4006
GVH,4.79,4.43,5.0,3.95,134208.47001,4.4896
NTWO,10.64,10.64,10.64,10.64,106.0,10.6391
MSCI,584.63,582.74,588.02,578.17,664633.129119,584.0833
SVCO,11.13,11.91,12.47,10.89,531544.518123,11.3098
LNKS,1.41,1.37,1.4694,1.33,143458.8669,1.3823
FLUT,93.96,97.94,98.69,93.58,4556108.270155,95.261
BTX,8.38,8.19,8.4398,8.175,617663.03641,8.368
ALHC,17.16,17.7,17.7,16.18,7621544.695973,16.7894
MFSG,29.85,29.8,30.0,29.76,811743.2517,29.9246
ETS,0.564,0.5601,0.6301,0.5512,59656.700625,0.5811
BEPH,15.16,15.16,15.16,15.0501,8115.860881,15.1452
DOW,38.76,37.5,38.82,37.49,9412508.665833,38.4332
METC,15.17,14.85,15.7,14.63,1386017.835323,15.0842
EHC,104.82,106.14,106.795,103.77,576814.97667,105.0702
BLIV,2.58,2.58,2.58,2.58,244.596775,2.4967
ZAP,34.06,33.76,34.24,33.62,147955.936646,34.0192
CCIF,3.36,3.35,3.38,3.29,169309.19714,3.3464
HYP,30.991,30.0,31.16,30.0,4975.078964,30.8899
HVMCW,0.3,0.3,0.3,0.3,4484.0,0.3
GRBKpA,23.42,23.45,23.5,23.1769,10178.1363,23.358
CURV,1.44,1.52,1.55,1.41,232733.215329,1.4642
ONIT,37.99,39.5,39.5,37.46,91758.389,38.2183
EMD,10.69,10.74,10.76,10.66,184015.422843,10.6875
IUSG,186.16,184.81,186.89,184.71,676722.177872,186.2209
PDO,13.12,13.21,13.21,13.09,628611.877543,13.1369
KIM,23.47,23.53,23.5999,23.35,3768019.727657,23.4564
AWI,159.43,160.9,161.63,159.18,359966.553454,160.1766
DCBG,26.5,26.6,26.6,26.455,831.0,26.4824
XRXDW,0.3937,0.4,0.4,0.33,381405.332762,0.3684
DVY,152.21,152.76,153.02,151.86,251927.81609,152.2678
GV,0.2083,0.182,0.2095,0.18,2313429.095209,0.1917
CpN,29.155,29.37,29.4,29.0,177660.041,29.236
CRDL,1.335,1.33,1.39,1.32,371128.649331,1.3606
BNGO,1.27,1.29,1.3399,1.27,177529.956871,1.2925
RISR,36.4,36.37,36.58,36.3575,61858.786234,36.4519
GOTU,1.95,1.96,1.975,1.92,417147.505066,1.9506
PLUS,89.0,90.52,92.67,88.23,327011.594983,89.5267
BSVO,27.5532,27.85,27.9399,27.55,154844.3016,27.6871
FMFC,0.424,0.393,0.4364,0.393,78224.354212,0.4097
CNO,45.68,46.16,46.27,45.48,935114.893062,45.6986
FDP,35.52,36.58,37.005,35.3,555118.663052,35.6972
COM,35.01,34.78,35.06,34.735,196788.351834,34.9566
BINC,52.31,52.36,52.37,52.31,1307173.113353,52.3295
PSHG,1.77,1.73,1.78,1.73,102944.0243,1.752
AES,14.35,14.36,14.38,14.3,23288288.010698,14.3242
HXHX,0.4401,0.43,0.472901,0.4298,61697.0,0.4393
MARO,6.77,6.6,6.9099,6.425,574506.98482,6.7251
NAII,2.67,2.7,2.7501,2.66,11970.252066,2.7049
GEHC,61.7,63.0,64.35,61.49,6074298.254587,62.5309
CRUX,29.978,30.05,30.05,29.97,188011.6793,30.0012
BRX,29.84,29.94,30.13,29.65,2604798.011246,29.8096
RAIL,8.37,7.92,8.3899,7.81,225385.550051,8.1838
EPAM,97.35,99.27,99.38,95.4,1686762.039187,96.9918
RFpC,24.56,24.58,24.65,24.4583,19259.7324,24.5909
EEFT,69.6,68.52,69.625,67.44,769471.196436,68.7566
PXJ,44.7267,44.12,44.89,44.11,28817.56192,44.3458
ENS,236.82,230.81,238.37,230.05,506439.430275,235.7419
FpC,21.05,21.0,21.14,21.0,45951.2778,21.0622
NGS,40.14,39.29,40.99,39.29,75947.341757,40.3223
TRU,69.99,71.47,72.08,69.495,1580233.444318,70.2729
PMO,10.42,10.43,10.51,10.42,30102.2665,10.4792
VLGEA,43.65,44.77,44.77,43.57,35842.035055,43.9201
SCCO,185.23,188.44,192.02,184.72,1983657.122051,186.6253
BIPC,39.52,39.05,39.885,39.0,1108295.951813,39.6136
ROC,5.9625,5.94,6.0999,5.85,46097.966705,6.0208
OSIS,231.92,230.0,237.32,226.5,415452.369215,232.2702
FG,27.74,28.58,28.58,27.61,572098.642181,27.8596
GPT,33.5,33.37,33.57,33.191,3272.480848,33.4562
HP,38.63,38.3,39.12,38.0101,1047568.451414,38.6985
GHI,5.09,5.41,5.41,5.08,89586.302137,5.2328
CXT,44.48,45.32,45.32,43.96,955071.224296,44.6214
BNZIW,0.0139,0.0109,0.0139,0.0094,66614.0,0.01158
CLNN,6.5,7.28,7.705,6.5,380749.399296,6.9988
RYN,20.31,20.5,20.76,20.3,2182363.879671,20.4684
ALLW,30.24,30.3,30.33,30.212,702490.578418,30.2529
UITB,46.795,46.87,46.877,46.785,144984.3072,46.8238
BFRZ,26.755,26.7,26.8982,26.69,86029.3248,26.7597
KSPY,28.5963,28.42,28.625,28.42,10777.5109,28.6047
CPF,34.36,34.83,34.83,34.24,153979.322176,34.4402
HBB,19.12,20.93,20.93,18.81,12191.985803,19.8286
IEX,214.01,217.63,217.63,213.755,646497.99867,214.7232
AMBR,1.975,2.13,2.13,1.95,48809.404103,2.0453
DSMC,39.1392,39.63,39.63,39.132,10677.8774,39.2092
FTRB,25.16,25.26,25.26,25.13,59608.353034,25.1724
DLNGpA,25.96,26.3,26.3,25.5,10556.798,25.9184
JLHL,17.3,18.48,19.01,17.25,20706.939424,18.1183
SNY,42.5,43.48,43.61,42.44,5057785.2592,42.9377
TMUSZ,22.34,22.28,22.34,21.9001,10802.0,22.2087
PRSU,41.59,42.57,42.645,41.4,242972.991735,41.851
TR,40.78,42.28,42.575,40.78,204920.196924,41.0907
DH,0.9884,0.98,1.01,0.92065,410482.21537,0.9732
SCLXW,0.1201,0.12,0.1699,0.12,9740.0,0.1281
DHF,2.41,2.41,2.42,2.41,234305.58875,2.4108
ESPR,3.13,3.145,3.15,3.12,19798115.507431,3.1313
AHTpH,5.99,5.99,5.99,5.71,3466.4886,5.7995
GIII,30.26,31.8,32.06,30.25,481135.365063,30.5623
KRO,7.36,7.36,7.49,7.3,262340.964851,7.4039
UYLD,51.105,51.08,51.12,51.08,158906.273117,51.1067
ANF,72.33,77.13,77.645,72.25,1670320.347016,73.2939
GFL,36.65,36.71,36.99,36.22,1695849.559617,36.5788
SERA,1.73,1.882,1.9285,1.685,140029.343673,1.7276
MST,39.12,36.95,39.5,35.06,46213.375228,37.9362
DLY,14.19,14.21,14.25,14.1501,153370.819344,14.1984
GELS,0.45,0.4482,0.4698,0.4411,7114.312,0.4497
EHI,6.09,6.13,6.18,6.085,76618.702303,6.1128
MPL,25.63,26.0,27.78,23.3,50078.29745,25.8497
NFE,0.6979,0.69,0.7125,0.6564,4900217.430282,0.692
HEQ,11.46,11.46,11.5887,11.45,29678.4643,11.4729
CPSS,9.9,10.19,10.28,9.8,31509.0,9.9396
AGL,59.61,55.24,60.0,52.13,703923.307211,56.4976
GAING,25.33,25.31,25.45,25.2,24267.0,25.2514
FRO,38.15,39.155,39.32,37.57,3095369.161627,38.3833
YALA,6.94,6.94,6.99,6.88,147140.25992,6.9449
NUW,14.04,14.04,14.0708,14.0201,60531.3203,14.0483
JIG,83.99,83.87,84.14,83.7,45804.5546,83.9284
UHAL.B,47.44,48.61,48.68,47.44,348707.97565,47.7083
TELO,1.29,1.31,1.31,1.28,89404.143,1.2919
XLO,7.73,7.91,7.9986,7.72,20003.4326,7.8314
LNT,72.47,72.14,72.76,72.055,1671706.238152,72.4468
JACK,13.4,13.74,13.96,12.975,863203.573363,13.3462
AIIO,1.13,0.80005,1.16,0.7601,20933927.207023,0.9825
UVE,39.18,39.62,40.56,38.94,185372.368956,39.4628
FCUV,0.8401,0.98,0.990001,0.825,121461.68584,0.9056
GNE,14.33,14.45,14.87,14.27,58279.365537,14.4837
GPN,68.77,68.73,69.78,68.315,2393253.311855,68.8305
SPKLW,0.4874,0.49,0.54,0.42,132544.208791,0.4883
RYAM,9.23,9.3,9.46,9.2,827536.37605,9.3102
XRPI,8.29,8.19,8.335,8.135,322034.71915,8.228
BDX,143.15,148.71,149.635,142.96,3588607.687726,144.7526
MREO,0.2425,0.2497,0.25249,0.2296,2984512.481844,0.2371
SA,33.33,31.61,33.47,31.45,1052173.712891,33.0694
PDCC,11.55,11.02,11.75,10.99,19938.442728,11.4203
SFpC,23.19,23.27,23.27,23.1101,12291.0,23.1897
IBBQ,29.495,29.47,29.96,29.39,13565.218399,29.6163
CSIO,28.6617,28.51,28.75,28.51,42049.1062,28.6722
SEAT,8.51,8.85,9.115,8.29,95859.287214,8.6413
CRBP,11.04,10.99,11.57,10.87,261988.805754,11.1273
IONS,75.38,76.03,77.01,74.85,1533667.415291,75.8011
ESUM,28.99,28.91,29.03,28.91,21348.0101,28.9627
JLS,18.54,18.58,18.58,18.5,21865.0184,18.5444
VRE,18.96,18.97,18.97,18.95,459482.204066,18.9591
MYRG,458.42,437.86,458.88,436.02,266296.502556,450.5513
MPLT,30.09,27.26,30.99,27.26,288240.738799,30.1407
SMSI,0.8715,0.86,0.88,0.8428,162346.558331,0.8681
AMBA,79.72,79.48,81.02,77.92,1294202.711487,79.3089
MKTX,145.21,146.99,148.52,144.31,694179.636956,145.3766
AEYE,7.69,7.86,7.9,7.63,102737.422019,7.7245
TGRT,45.78,45.51,45.98,45.51,63273.9901,45.8388
DSM,6.19,6.18,6.21,6.1671,62444.153757,6.1894
AFRM,66.45,63.09,66.605,61.85,7789663.261246,64.8559
TPGXL,24.64,24.64,24.64,24.5,11482.046,24.6093
SBET,7.76,7.37,8.01,7.35,10020135.107106,7.6784
CAL,12.06,13.46,13.46,11.94,813011.560556,12.2761
QQMG,49.2091,48.94,49.31,48.94,31803.632156,49.1634
FSTA,53.0,53.49,53.49,52.72,135289.862382,52.9615
KITT,2.41,2.22,2.53,2.2,374955.963276,2.3942
SELX,0.2359,0.235,0.246834,0.2241,176301.67147,0.2375
DGRS,55.9325,56.66,56.66,55.71,67425.65674,56.1627
NEXT,8.08,7.645,8.29,7.6,3309251.900261,8.016
GDC,0.148,0.14325,0.15369,0.1194,87463842.681387,0.1412
PZZA,33.38,31.16,33.77,30.59,2509373.475285,32.5222
MGV,154.8,154.62,155.01,154.3,178124.34681,154.6313
MAN,28.95,29.99,30.232,28.9,845386.912738,29.163
KVYO,15.52,15.09,15.65,14.91,8735567.560956,15.3594
SUSA,149.8199,149.47,150.07,149.42,32464.353704,149.8613
KOID,40.82,40.37,40.84,40.25,161096.186154,40.6615
JOBY.WS,1.14,1.2,1.31,0.92,359662.415755,1.1309
PURR,6.53,6.7,6.85,6.24,7126597.193483,6.5164
MTLS,5.47,5.38,5.49,5.3,192880.18068,5.423
METpA,21.88,21.8,21.89,21.7401,27400.4167,21.8217
CRMLW,5.145,5.11,5.48,4.73,43514.0,5.1271
BANC,18.85,19.1,19.11,18.76,2879276.420256,18.8847
ADBG,4.56,4.74,4.905,4.505,2936297.754692,4.616
MAC,21.64,21.96,21.97,21.63,2485942.248612,21.6904
EPRT,31.35,31.5,31.62,31.22,1159259.7227,31.3602
ADP,211.67,211.26,213.13,209.98,2260138.569114,211.4009
PNR,75.83,77.17,77.92,75.64,1477328.015473,76.1025
SNEX,121.84,123.35,125.3759,121.26,694379.051975,122.9804
DFSD,47.93,47.96,47.98,47.92,497064.67075,47.9485
SFpD,17.0,17.07,17.0914,16.93,8822.0,17.0463
JPIE,46.02,46.06,46.0606,46.02,1128082.201243,46.0381
MSA,168.57,169.8,171.24,167.975,241288.547336,169.0079
LUCD,1.02,1.04,1.06,1.02,631756.339559,1.0353
ZBAO,0.7707,0.5909,0.7707,0.580101,3382997.0,0.7123
DFCA,50.07,50.12,50.12,50.06,59765.2287,50.0768
BANL,0.4829,0.5017,0.5221,0.4652,217223.0,0.5039
CIMpD,24.54,24.47,24.59,24.47,5981.2454,24.5549
TAXE,51.1513,51.2,51.24,51.14,21903.9244,51.1778
KAI,333.81,337.62,345.87,329.58,171663.713247,338.4178
MGRB,16.95,16.85,17.0399,16.85,13926.467,16.9488
BAH,74.95,77.1,77.1,74.55,1441716.690901,75.3317
EDRY,22.18,21.8,22.86,21.51,30540.592329,22.3764
HURN,115.94,118.44,119.48,113.88,291170.596388,116.4312
HWC,67.75,68.85,69.22,67.66,1128501.990456,68.013
MDY,673.63,676.2,677.25,672.395,392906.38132,674.0316
JOUL,25.9383,25.3,25.98,25.3,1186.27,25.6637
IBTL,20.245,20.28,20.28,20.24,98216.5206,20.2575
SELF,5.33,5.3,5.3514,5.25,22374.776617,5.3008
AZO,3427.8,3477.71,3480.04,3409.42,280457.459436,3431.6814
BUCK,23.5,23.5,23.57,23.5,84784.964525,23.5125
MGRD,15.19,15.17,15.21,15.145,3652.0,15.1556
BWG,8.04,8.05,8.08,8.02,17728.4696,8.0456
NOMD,9.48,9.63,9.7563,9.47,2318778.359489,9.56
QCMD,14.33,14.8,14.8,13.74,270180.593114,14.3514
INSW,89.71,91.0,91.57,87.795,581916.529149,89.6296
TSYX,23.8248,23.66,23.89,23.66,18103.926256,23.8191
CAE,26.09,26.74,26.86,26.06,1077263.833329,26.2944
MLI,140.71,140.83,141.465,139.47,541130.771621,140.6007
ADNT,22.12,22.82,22.87,22.1,1117291.355204,22.3597
LONA,10.01,10.17,10.4161,9.53,23594.649761,10.0084
XLBI,24.3503,24.37,24.44,24.2,5715.9783,24.3413
MGM,37.3,38.71,38.72,37.285,4710998.036013,37.4998
FANG,196.15,190.5,197.03,190.5,2290551.184137,195.2927
LYV,163.0,160.83,164.56,159.765,2493415.528891,162.8035
NEEpT,52.68,52.0,53.02,52.0,17521.0,52.5476
HPS,14.79,14.84,14.84,14.73,46742.108,14.7936
IREG,22.2,21.77,28.0,19.75,1127353.608276,23.3431
SIG,83.13,87.26,87.26,82.46,669748.291418,83.5399
OKYO,1.65,1.63,1.6728,1.63,9960.172316,1.652
BWEN,2.03,2.15,2.18,2.005,456773.600816,2.0671
DCO,140.68,137.23,140.88,131.61,430751.401723,137.9941
TEKX,60.5165,58.13,61.33,58.13,10342.571162,60.635
OUSM,46.53,46.91,46.91,46.475,51493.59413,46.5742
BLKB,34.36,36.99,37.265,33.98,695909.025508,34.6022
LSBK,15.85,15.95,15.95,15.82,17240.0,15.87
INSM,103.89,100.0,108.2,98.9,7898445.716991,105.007
SAT,25.11,25.11,25.11,25.11,516.0,25.1122
SPMA,25.2,25.12,25.28,25.12,5643.246,25.2369
MLP,15.35,15.55,15.56,15.26,6643.532692,15.4173
LTRN,2.09,2.1,2.14,2.05,131468.319486,2.0976
AIMD,1.74,1.69,1.755,1.67,16725.079281,1.7167
RXI,198.5145,199.42,199.426,198.5145,3221.247926,198.994
TECH,47.42,49.39,49.52,47.31,2706682.278834,47.7963
JOYT,55.8593,55.73,55.96,55.73,18014.44894,55.8955
BRSP,5.82,5.97,5.99,5.78,1219654.038718,5.8511
CVSA,130.23,131.72,133.74,125.18,451603.649108,130.6913
MKL,1838.77,1823.99,1848.44,1823.99,78770.911526,1837.8833
BYSI,1.52,1.46,1.64,1.43,17532.305702,1.5004
MARPS,5.0,4.91,5.05,4.91,7086.9542,5.0198
IPCX,10.3,10.3,10.3,10.3,16020.901381,10.3
LARK,27.86,28.32,28.32,27.86,4144.7406,28.0148
AGYS,69.09,70.83,71.045,67.22,365901.390485,68.3819
ITUB,8.18,8.37,8.395,8.14,36143365.367693,8.2023
FBIN,37.78,37.8,38.365,37.25,4185070.154304,37.8997
GD,344.03,345.24,348.61,341.81,1895597.579782,344.0256
INOD,103.83,83.4,114.77,83.4,11238827.232483,104.658
PRTH,5.94,6.09,6.28,5.68,877324.75338,5.9706
MRVI,4.74,4.84,4.995,4.615,4736605.484588,4.7899
GAM,64.65,64.68,65.0,64.29,45195.273955,64.6131
MMU,10.2,10.26,10.26,10.18,167376.54288,10.2221
DOV,219.97,220.46,221.755,218.85,652150.909909,220.2126
TWLO,198.59,201.0,203.71,196.43,1981198.650461,198.5354
USBpS,17.95,17.91,18.0,17.8557,35924.8448,17.939
EVTL,2.65,2.76,2.85,2.625,3409759.763708,2.7097
PERI,10.75,11.06,11.27,10.585,646149.780483,10.7992
TPFG,25.6992,25.33,25.72,25.33,105809.0,25.7178
ED,106.21,106.95,107.67,105.69,2115165.916122,106.4762
EVMN,23.21,23.86,24.88,23.09,668351.435333,24.0023
AFOS,44.2082,43.64,44.37,43.64,39721.112249,44.2151
CDP,31.64,31.81,31.86,31.535,622896.64842,31.6931
EIX,70.58,69.62,70.9125,69.38,2570409.416779,70.4816
SYY,72.57,72.36,72.93,72.0212,3191248.12615,72.5331
NTSK,11.24,11.46,11.66,10.9,3068380.37036,11.2295
COFpI,19.2,19.21,19.28,19.18,68167.6587,19.2374
COO,58.98,60.17,60.415,58.91,1697159.838893,59.2782
GS,944.86,932.65,949.78,926.63,2411447.732664,943.9426
CPS,30.16,30.94,30.96,29.965,196933.611371,30.4317
ATOS,5.5,5.58,5.71,5.45,37720.638396,5.5668
M,18.69,19.61,19.6486,18.6,6547166.773996,18.8889
MUSA,577.94,579.03,580.165,564.15,346273.480173,575.5088
THRM,30.49,31.29,31.42,30.44,129812.23213,30.6434
SCVL,17.03,17.94,17.94,16.83,403550.651748,17.0762
ESOA,17.64,17.4,17.93,17.1,79841.719549,17.6314
PJT,153.34,153.86,155.07,151.3301,213847.661232,153.6409
ALTO,4.9,4.67,4.975,4.6,2996019.837603,4.8453
TMHC,59.3,60.06,60.2,59.13,1279367.06757,59.3912
CYRX,13.17,13.5,13.79,12.93,720976.816148,13.2293
GHYB,44.79,44.82,44.86,44.79,10313.375843,44.8639
ACRV,1.91,1.99,1.99,1.89,549441.665467,1.9303
YMM,8.79,8.82,8.91,8.765,6915364.55834,8.8325
DIOD,111.99,112.03,112.72,107.0401,810214.188912,110.0817
TAFI,25.15,25.19,25.19,25.15,515227.4593,25.1705
TFX,129.72,132.24,134.235,129.1475,857312.325218,130.4055
ICFI,67.27,70.33,72.0,66.2201,499510.096294,68.5283
RCAX,9.0146,7.41,9.6447,7.155,318518.82589,8.8637
PRIFpK,22.5,22.2,22.5,21.61,996.1368,22.2519
IBCP,33.68,34.49,34.49,33.57,196396.398,33.7726
BOBS,13.17,13.45,13.64,12.91,1932763.908571,13.2179
AWRE,1.34,1.3,1.35,1.29,24266.297508,1.3253
IMOM,45.5259,45.03,45.7,45.03,24604.534856,45.4296
CCRN,13.12,13.14,13.17,13.115,933804.659778,13.1328
UNTY,53.01,53.49,53.96,52.94,46443.90474,53.231
FDHY,49.23,49.18,49.34,49.15,92266.598973,49.2217
FAF,68.45,71.16,71.16,68.01,777839.527165,68.8278
FKWL,3.44,3.4,3.51,3.4,5548.3632,3.4569
PHEQ,34.11,33.89,34.12,33.89,31939.7759,34.0025
BNH,15.65,15.65,15.72,15.5865,5532.933,15.6576
SPDV,38.0951,38.42,38.42,38.058032,6335.484314,38.1496
SCCR,25.565,25.61,25.61,25.56,446332.452597,25.5802
HUBG,41.86,42.99,43.285,41.72,505307.635451,42.1669
BSCW,20.625,20.63,20.655,20.62,270620.1095,20.6406
ITW,252.09,255.12,256.475,251.01,1201114.089716,252.5731
VTWG,272.0165,269.72,273.39,269.72,14441.936006,272.2184
SCHW,87.83,88.62,88.865,87.61,9542668.740436,87.9108
LOB,36.68,37.8,37.8,36.36,212129.14896,36.7389
DERM,5.0,5.1,5.19,4.9,333733.261683,4.9812
ASH,54.08,55.22,55.22,54.01,851529.254825,54.3152
LVHD,42.23,42.36,42.36,42.12,42744.91886,42.2238
FBRTpE,19.955,20.05,20.05,19.9,13287.997,19.98
GEME,43.605,43.07,43.99,43.07,79705.809,43.7287
BFS,34.44,35.19,35.265,34.02,66753.898926,34.5187
SITM,901.48,833.08,901.81,810.8,693640.79388,873.4107
OPENZ,0.3152,0.3405,0.3498,0.3101,289578.496958,0.3282
NRP,110.12,110.93,113.245,109.905,26063.58264,111.3649
WFCpZ,19.06,19.05,19.0899,19.025,126271.1077,19.0541
DLTH,3.06,3.22,3.22,3.0,113916.659767,3.0854
CMCM,5.09,5.33,5.33,5.01,27651.627326,5.1123
MXL,102.27,101.38,104.27,96.25,4909476.457123,100.9729
SMXT,0.56,0.5852,0.5967,0.55201,80422.606971,0.5695
MNTK,1.45,1.34,1.49,1.295,298975.959189,1.4249
LNAI,0.3239,0.3351,0.3351,0.3073,851911.665002,0.3151
AXR,24.85,25.65,25.65,24.4,14236.6713,24.9654
GABC,42.95,43.63,43.78,42.775,69483.375239,43.0047
PKOH,30.77,30.96,31.16,30.02,87042.843883,30.5398
ORGO,2.33,2.37,2.38,2.245,1276595.056696,2.3359
MRBK,17.53,18.18,18.185,17.51,79073.536395,17.7295
QGRW,65.05,64.67,65.4,64.67,307552.435989,65.1478
STI,5.18,5.21,5.5368,5.09,65048.542299,5.2822
PAYP,19.21,19.5,19.54,18.7,1193412.356046,19.1696
RCON,0.7904,0.875,0.875,0.7666,16698.236364,0.7938
VRCA,7.4,7.85,7.85,7.4,42887.411235,7.5656
MRM,1.04,1.14,1.15,1.04,30500.0,1.0857
BKpK,25.56,25.57,25.66,25.5001,23805.2722,25.5965
MKTW,18.64,20.36,20.68,18.11,70944.820173,19.1292
SMYY,8.715,8.79,8.85,8.7099,56668.547698,8.789
CVS,92.22,91.155,92.77,90.63,12024381.170496,92.1567
DFMC,56.15,56.74,56.85,56.075,16309.278091,56.3017
SRI,7.29,7.63,7.63,7.08,219886.161602,7.3708
SXTC,1.65,1.72,1.72,1.61,24370.539997,1.6762
KFS,11.48,11.72,11.72,11.34,35846.5098,11.465
TRUP,23.84,24.59,24.59,23.74,442201.657587,24.0098
SNWV,16.0,15.84,16.2551,15.385,81185.4328,15.7702
HERO,26.3605,26.43,26.645,26.335,25522.505983,26.4585
IAG,18.99,18.84,19.585,18.82,5884706.696816,19.0443
PIE,32.295,32.08,32.295,31.84,41253.8665,32.189
FCX,64.37,62.215,64.98,62.14,14852332.229899,64.2664
CSGP,32.92,32.45,33.19,32.09,8214738.921407,32.6903
UCON,24.94,24.97,25.0191,24.94,444044.4964,24.9621
MXF,22.0,21.91,22.3,21.91,60039.595772,22.1038
TRVI,14.88,14.5,14.945,14.302,1131889.180354,14.7556
ALMS,23.66,23.7,25.1,23.5,962796.761494,24.163
BX,121.4,123.26,123.84,120.84,4187422.159762,121.9956
VTIP,50.44,50.41,50.45,50.4,2523207.916079,50.4297
COMP,8.76,8.72,9.025,8.65,13739862.566411,8.8199
PEJ,59.29,60.27,60.31,59.15,131600.083782,59.301
SPYV,60.16,60.21,60.3,60.015,3339165.63408,60.1194
IEV,72.25,72.2,72.39,72.02,121661.658779,72.2207
FRSX,2.03,1.99,2.15,1.95,116720.316178,2.049
THRY,3.5,3.81,4.19,3.48,1253835.291847,3.6653
BBCB,45.2748,45.3099,45.36,45.2748,7885.380778,45.312
COPZ,19.17,18.9279,19.81,18.9279,176937.261455,19.5454
HR,20.03,20.03,20.265,19.92,4687709.548271,20.0612
VET,12.24,12.09,12.3,12.04,1360850.834682,12.1986
NICE,91.39,91.37,92.59,89.03,1015210.361356,90.6173
HUBB,490.16,489.95,498.32,487.14,788811.175747,492.2665
ICOI,12.58,12.15,12.7399,12.0,100743.583058,12.4799
VTR,87.69,87.67,88.76,86.83,4559574.28546,87.6729
FIG,20.05,20.5,21.19,19.61,14182350.584657,20.2114
GHY,11.95,11.93,11.9596,11.88,127127.781587,11.9202
CLMT,32.32,32.56,32.77,31.79,1268170.079224,32.3426
PTNQ,85.9525,85.55,86.125,85.55,17209.55864,85.908
FENG,1.7,1.81,1.81,1.7,3076.0,1.7305
FXNC,27.19,28.14,28.14,27.18,54984.107105,27.5103
YHGJ,2.95,3.53,3.53,2.85,7137.0,3.1193
MNPR,65.52,64.12,67.9,63.41,166547.588179,66.3032
PHAT,12.22,12.15,12.55,11.9803,919172.231018,12.2393
FBDC,17.3,17.6,17.6,17.3,19469.657753,17.4242
CINT,3.99,3.85,4.05,3.82,116228.87155,3.9521
FLJP,39.5,39.42,39.62,39.4001,813673.646028,39.5074
SVC,1.6,1.61,1.655,1.55,8489343.470028,1.6054
VRTL,207.4,180.23,210.0,180.23,82569.068829,198.4626
YSXT,1.01,1.0,1.06,1.0,34421.0,1.0296
SCHWpJ,18.28,18.31,18.3499,18.27,48012.828,18.2993
IBTQ,25.09,25.15,25.15,25.0836,34658.1429,25.1085
AGNCP,24.98,24.91,24.99,24.881,79909.676203,24.9729
AAPG,21.66,21.43,21.99,21.43,1454.76913,21.6804
ALB,209.99,210.2,219.075,209.0,2811333.338709,213.0152
PCF,5.69,5.7,5.7,5.64,55983.00287,5.6706
HRL,20.16,20.45,20.51,19.885,5195722.320952,20.1206
FTHM,0.7695,0.8081,0.819999,0.7401,169866.615348,0.7734
NBN,123.34,124.65,124.65,122.51,94186.204859,123.6607
KSTR,25.17,24.86,25.3,24.86,393080.28395,25.1598
IPM,1.88,1.84,1.9129,1.84,24144.789,1.8902
COFpJ,18.36,18.37,18.39,18.3,47832.4983,18.3568
GPMT,1.42,1.47,1.48,1.42,94480.627943,1.4471
SPRC,6.06,6.31,6.465,6.04,13030.077352,6.2289
DASH,157.33,162.34,162.85,156.58,4356268.56277,158.4112
BNED,10.41,10.5,10.625,10.37,158671.654426,10.448
CRD.B,9.49,9.27,9.74,9.27,8024.2472,9.5356
HBANL,25.59,25.5,25.61,25.48,18583.546,25.5708
ANTX,4.72,4.48,4.8,4.4601,213688.707739,4.681
DUOG,34.6106,36.48,37.0066,34.51,21808.646484,35.813
RM,34.37,35.32,35.32,34.11,56647.569,34.5594
RFI,11.67,11.68,11.7499,11.63,48278.452274,11.6885
WEC,112.77,112.25,113.0,111.83,1394733.547604,112.5611
FLJH,43.7499,43.66,43.82,43.61,128175.625987,43.6719
CPAC,10.75,10.58,10.75,10.575,11978.659516,10.6883
GUTpC,22.5304,22.54,22.63,22.52,2641.6322,22.5296
MFMO,24.2456,23.99,24.33,23.988,22214.9596,24.122
EC,12.79,12.89,12.96,12.69,2637535.632459,12.7942
CMI,702.66,682.93,702.66,678.04,831896.091547,698.5582
DRD,30.5,30.49,31.0027,30.18,235253.70622,30.5101
IBG,0.871,0.8633,0.88,0.7782,133725.96289,0.8446
LZ,6.1,6.07,6.245,6.055,3095931.435789,6.1429
NTHI,5.5,5.45,5.75,5.0,121901.688113,5.3625
AKA,11.06,11.06,11.06,10.85,2926.152229,11.0046
GRVY,63.96,65.55,65.55,62.31,50707.741144,63.7492
PAYO,5.11,5.17,5.265,5.09,5861170.951597,5.1348
KORE,9.16,9.15,9.18,9.15,8298.270684,9.1581
SOLT,62.4,58.65,62.569403,57.75,636742.167139,60.4687
MAR,353.32,350.54,353.53,348.145,1729258.888387,351.4994
STM,60.12,59.05,60.2,58.365,10762507.535892,59.4129
NOC,548.21,546.0,554.2481,544.12,667698.18915,549.6192
IWC,187.21,185.98,189.5,185.98,240939.082557,188.2667
SCZ,85.89,85.89,86.2145,85.815,737144.741451,86.0214
POST,100.53,102.66,103.2,100.5,960425.168467,101.063
HKD,1.65,1.68,1.6827,1.632,169278.072193,1.6636
CZR,27.77,27.96,27.96,27.47,3577767.697424,27.7451
PTA,19.85,19.83,19.92,19.7607,204501.895136,19.8726
OESX,9.61,9.88,9.99,9.55,36445.186722,9.7932
ACGLO,20.3701,20.3,20.39,20.27,10977.924,20.3488
CGNT,10.86,11.41,11.5,10.77,1221224.616974,11.1105
NXDR,1.93,2.0,2.09,1.9,4182890.867305,1.9739
ENO,22.08,22.14,22.21,22.03,4448.0,22.0948
QNRX,6.28,5.72,6.35,5.72,10824.3258,6.2146
ACR,21.95,22.38,22.485,21.75,23240.034451,22.0844
DTCX,2.39,2.36,2.48,2.36,546929.294711,2.4155
SPTX,15.25,16.0,16.44,14.935,399483.268795,15.5368
TMUSI,22.26,22.12,22.26,21.98,11933.951,22.1716
YTRA,0.96,1.01,1.015,0.94,50976.775133,0.9848
BSMQ,23.6,23.58,23.64,23.57,31894.67837,23.5959
CEPU,14.54,14.12,14.5981,13.9475,236818.621803,14.3347
SLDB,7.68,7.33,7.87,7.33,972360.7437,7.6666
PFGC,94.07,92.69,95.08,91.58,2117860.765454,93.8239
AU,108.34,108.88,111.98,107.51,2332750.993827,108.9797
JEDI,30.73,29.07,31.43,28.75,220686.860259,30.5695
TCHI,25.3,25.33,25.51,25.2801,27040.280037,25.3955
OZKAP,16.55,16.57,16.625,16.45,34504.6,16.5454
BHF,61.11,61.89,61.89,61.03,312238.713784,61.2415
MINV,52.14,52.69,52.69,51.75,11429.632706,52.2131
SSII,4.08,3.96,4.1,3.8461,36477.552333,3.9463
DFNS,0.435,0.493,0.493,0.4341,1872685.823273,0.4506
IBTK,19.595,19.63,19.63,19.59,182547.3547,19.6152
GSK,49.81,50.65,50.92,49.71,3575532.327246,50.1911
IIIV,20.17,20.35,21.065,19.6,631145.634384,20.169
SUNB,71.93,73.17,73.34,71.29,1959754.561257,72.1394
COPY,14.69,14.77,14.77,14.665,105616.064114,14.7109
POR,48.36,48.8,48.8,48.215,1222438.947098,48.3873
NVDD,31.818,32.5,32.52,31.3551,127645.926823,31.7987
FUFU,2.34,2.29,2.37,2.217,213271.062567,2.3135
SERV,8.85,8.59,9.245,8.35,5702560.845885,8.8902
MUFG,18.19,18.22,18.335,18.175,2376394.783522,18.2451
LCID,6.03,6.22,6.2241,5.83,20646573.843858,5.9958
BBEM,78.1563,78.34,78.34,78.0,8521.158724,78.0556
ATEC,6.99,7.49,7.49,6.82,5109503.777183,7.0393
CpR,25.04,25.04,25.04,25.0,86080.273,25.0202
DOC,19.76,19.55,19.85,19.5,8468029.969416,19.7324
GWRS,6.96,7.11,7.18,6.96,118522.105482,7.0009
IRD,5.12,5.0,5.23,5.0,845405.955462,5.1298
DAC,133.34,135.0,135.06,131.3693,92764.988713,133.2649
OR,39.8,38.98,40.53,38.7,839700.01013,39.9259
RMD,198.76,205.16,206.68,198.61,1805478.453359,200.3226
NEEpV,51.24,50.75,51.5,50.75,63177.5094,51.3746
LZB,35.44,35.7,35.7,35.02,364653.042607,35.4356
CLVT,2.79,2.75,2.87,2.75,5781913.357729,2.7993
MLAA,10.0,10.01,10.03,10.0,3574.0,10.0177
VSEC,191.21,193.05,195.55,190.03,364238.62166,192.148
WPRT,1.93,2.02,2.02,1.92,17998.367915,1.9656
IIM,12.16,12.25,12.28,12.1499,118558.895353,12.2032
NMCO,10.84,10.8,10.85,10.79,185920.71041,10.8184
PRZO,0.565,0.601,0.61,0.56,1415210.088274,0.5862
BRW,6.78,6.8,6.83,6.7699,272043.811042,6.8005
HOOX,24.3247,21.7,24.5319,21.0,158095.197923,23.2683
MCHB,14.5,14.82,14.88,14.415,365730.8758,14.5058
TIMB,23.32,23.59,23.91,23.2,442569.854922,23.4253
JAZZ,223.61,226.99,230.205,221.29,997701.360314,225.0319
OGIG,44.6444,44.77,44.91,44.59,7388.4184,44.7455
SKYT,35.09,33.0,35.37,32.8201,3591818.127719,34.8159
AZZ,148.65,147.95,151.67,146.95,369447.95247,150.2162
FOSL,4.45,4.42,4.495,4.28,572753.97927,4.428
ANIX,3.03,3.01,3.03,2.93,125872.434507,3.0015
LEG,9.65,9.99,10.045,9.65,3829096.349565,9.7627
HCWB,0.3084,0.3261,0.3261,0.3,143373.698692,0.3082
CTEV,29.65,27.0,31.7,27.0,203509.144124,29.7297
BUD,79.86,80.29,80.42,79.51,1415506.895508,79.8812
OCFC,18.31,18.91,18.97,18.31,701762.673581,18.4407
WFCpD,17.29,17.32,17.3246,17.24,70080.4927,17.2765
BOC,11.53,11.4,11.53,10.9,290994.24337,11.3028
ENTX,1.17,1.25,1.28,1.17,128372.992007,1.223
CURB,27.98,27.96,28.28,27.76,927570.55668,28.0674
BSMU,21.94,21.97,21.97,21.94,17881.4776,21.9516
XHR,16.6,17.09,17.09,16.555,457594.053001,16.6601
SWX,89.13,90.57,90.885,88.95,501088.401623,89.494
ASTL,5.14,5.15,5.19,5.04,883732.240546,5.1328
SQFT,3.11,3.59,3.62,3.08,212990.354,3.3629
CORZW,16.19,16.09,17.01,15.17,435704.36897,16.5632
SLNG,3.93,3.95,4.065,3.9001,30533.139292,3.9603
DCOMp,18.97,19.29,19.29,18.965,6905.3946,19.0659
REAL,9.97,10.01,10.17,9.76,5106338.526309,10.0001
HSCS,1.94,1.93,2.0999,1.85,35963.288,1.9403
DBD,77.48,78.29,79.52,77.34,275753.840241,77.9284
CIMpB,24.65,24.66,24.7399,24.58,35077.6953,24.6566
BGDE,6.06,6.21,6.42,5.7101,143250.108761,6.0188
MIDU,66.67,67.48,67.4861,66.38,18111.610147,66.9449
SCII,10.0,10.0,10.0,10.0,6100.0,10.0
RAPP,38.43,38.19,40.7,37.82,548106.370018,39.6854
FERG,243.98,241.74,245.72,240.67,1631566.758666,244.1317
ARBK,4.17,3.63,4.23,3.61,87989.034304,3.9992
LITB,2.46,2.52,2.54,2.46,2030.329633,2.5138
AFL,115.48,113.75,115.57,113.41,2055900.275506,114.8254
TWOpA,24.6,24.78,24.83,24.6,18369.7184,24.6982
GXPT,31.86,31.54,31.95,31.54,34836.696649,31.8345
NAC,12.0,11.97,12.01,11.94,663056.4941,11.9739
LAND,9.44,9.71,9.7482,9.405,690089.161887,9.5257
VGSH,58.28,58.33,58.33,58.28,2240485.470554,58.3113
TFIN,64.85,66.58,66.83,64.47,249974.625072,65.0196
ESTA,71.5,71.57,72.55,70.7,313566.693982,71.6237
LBRDA,34.41,35.845,35.95,34.0999,205223.468481,34.5139
XYZY,27.94,28.6,28.6,27.85,45114.180738,28.06
FCNCA,1919.94,1949.82,1959.91,1904.48,46392.992617,1921.3854
JPHY,50.3876,50.43,50.51,50.3876,13722.893188,50.444
ADSE,10.87,11.2,12.05,10.87,23858.6748,11.4897
GIB,65.46,67.52,68.25,65.02,551052.482992,66.0699
CSL,357.6,358.68,360.99,355.8401,310149.255092,357.8367
NMT,13.15,13.05,13.25,13.05,15020.8205,13.1541
DAN,33.86,34.68,34.775,33.795,1079725.135202,34.0397
SWMR,33.24,27.37,34.41,27.31,956616.215013,32.0998
TFPM,35.52,33.61,35.595,33.61,916588.788337,35.1209
AARD,5.72,5.45,5.73,5.31,152640.581652,5.5499
CHTR,147.79,153.745,154.02,146.46,3535302.872521,148.9932
XMTR,80.735,80.07,80.815,78.58,784628.695982,80.0996
FET,56.09,54.17,57.0,54.17,137680.360134,55.9784
VATE,12.45,11.91,12.7624,11.865,62547.776573,12.3991
SKIN,0.65,0.6201,0.6844,0.5506,3492782.54271,0.6343
BUR,4.76,4.93,5.12,4.72,6939136.237134,4.8913
BGB,11.51,11.44,11.52,11.44,104182.2194,11.4899
KFRC,42.11,43.65,44.075,42.11,233474.674009,42.6789
SEED,1.13,1.102,1.15,1.1,13025.026552,1.1235
JKS,25.81,24.54,26.49,24.375,1234231.157624,25.7576
MQ,4.055,4.13,4.21,4.01,3278990.957053,4.0671
MLR,48.02,48.2,48.6,47.34,83002.612352,47.9955
FTRE,14.99,15.43,15.46,14.835,1196743.318944,15.0278
MDXH,1.99,2.0,2.04,1.99,138390.806034,2.0091
NCDL,13.27,13.66,13.79,13.24,160380.530956,13.4317
AUNA,5.05,5.04,5.11,4.98,261843.921555,5.0643
AEO,15.52,16.7,16.73,15.49,4548197.099024,15.7065
BGC,11.24,11.39,11.4,10.955,2878248.194582,11.1883
PRQR,1.61,1.62,1.71,1.585,576134.022076,1.6435
BND,73.37,73.47,73.5,73.36,9494207.89678,73.4172
BCC,69.2,70.74,71.53,69.06,546530.099727,69.732
PHYL,35.115,35.14,35.165,35.105,142867.8602,35.1381
CTVA,82.83,81.56,83.33,81.13,4570912.979917,82.7525
CMP,29.26,28.0,29.8,28.0,1597594.302384,29.2899
MTYY,4.7578,4.7,4.77,4.65,41123.093126,4.7055
MDVpA,24.955,24.98,24.98,24.92,2258.2926,24.9256
CIG,2.4,2.42,2.42,2.36,5598663.762172,2.3874
PML,7.61,7.61,7.65,7.6,439691.944284,7.625
LLYVK,95.58,94.9,96.39,93.76,375729.021823,95.5615
RNST,39.77,40.24,40.47,39.48,677010.579149,39.7765
FOF,14.17,14.16,14.2,14.11,37058.289182,14.1552
LBRDK,34.47,36.0,36.0,34.16,2088420.338148,34.7136
IESC,685.11,664.69,700.2,657.0001,206487.650666,684.9347
AMGN,329.59,332.99,334.19,327.62,1918848.491974,329.8907
JFR,7.53,7.53,7.54,7.525,655743.0731,7.535
HASI,40.98,41.43,42.17,40.78,1439083.613249,41.2514
KMDA,8.45,8.46,8.65,8.435,57805.353145,8.5004
CUE,31.32,32.51,33.145,29.9201,225716.166796,31.5391
ROG,138.52,141.8,142.57,137.42,322744.332479,138.77
QSI,0.9222,0.9,0.9478,0.89,5786596.017975,0.9226
BEEM,1.8,1.84,1.8685,1.78,373389.738634,1.828
SOPH,4.79,5.19,5.5,4.73,270205.552995,5.2533
SKBL,3.31,3.4,3.45,3.3,353886.673343,3.3827
QPUX,35.74,29.73,37.15,29.0,240298.599207,34.8416
MLAAW,0.52,0.5101,0.5491,0.49635,30678.0,0.5174
CORO,35.92,35.89,36.05,35.8501,284157.189865,35.9765
WIA,8.19,8.18,8.22,8.15,55608.0463,8.1811
SGMT,7.69,7.7,7.91,7.5802,896933.77373,7.7498
ALGN,164.61,168.88,169.66,162.72,1129357.338468,164.3342
CNEY,0.7293,0.7252,0.7372,0.6873,26490.166527,0.7211
NLOP,11.91,11.98,12.065,11.6301,171213.777806,11.8905
REZI,37.47,39.59,39.875,37.36,1589655.00793,38.0164
FIP,4.67,4.84,5.17,4.57,1990828.601304,4.7597
BKU,46.37,47.68,47.68,46.19,608085.811122,46.4386
SLXN,0.507,0.53,0.53,0.47,175111.074511,0.4962
PONO,9.87,9.86,9.87,9.86,31738.0,9.8694
AGD,12.71,12.52,12.71,12.501,104009.37614,12.6468
CZNC,21.05,21.49,21.5199,21.03,35511.842022,21.2107
YGLD,40.921,40.0,41.065,40.0,20421.453293,40.7442
JPMpL,19.17,19.16,19.22,19.1501,72874.28968,19.1782
NHP,13.22,14.25,14.39,13.11,786482.407926,13.3612
NPO,315.08,310.16,318.9,304.576,253573.319406,314.6503
AGBK,7.3,7.22,7.61,6.935,522286.000503,7.4141
ZKH,3.02,2.96,3.05,2.95,397872.0,3.0146
ORI,39.22,39.46,39.6499,39.01,1007493.923503,39.2543
LFT,1.16,1.2,1.2,1.12,257501.023549,1.1506
ZMAY,25.915,25.89,25.97,25.89,223972.0,25.9209
ATHM,19.17,18.98,19.535,18.98,425465.048919,19.2592
SMG,60.03,60.99,61.245,59.08,1365467.439595,59.9001
CLX,88.9,92.0,92.3899,88.67,3138052.026593,90.0157
CGHM,25.63,25.65,25.65,25.6101,230239.601,25.6246
ARW,202.56,197.16,206.07,195.39,772320.072093,202.439
VG,11.62,11.71,12.03,11.45,19572542.396052,11.7297
USBpA,774.32,774.32,774.32,774.32,721.1446,774.8752
WF,66.01,68.52,68.53,65.92,152295.599922,66.5731
VOYApB,24.11,23.99,24.12,23.8401,16924.3656,24.0133
NMB,24.6255,24.71,24.72,24.6,1041.2058,24.6487
SNDX,21.38,21.77,22.69,21.33,2157192.237781,21.917
FDS,219.19,221.29,224.77,218.11,553139.40241,219.8745
SYFpA,20.11,20.1,20.16,20.07,83528.1203,20.0927
WM,214.11,215.45,215.79,212.15,2122565.876183,214.0231
MOVE,14.03,14.56,14.56,13.54,43396.732527,13.9167
HTFL,29.39,29.12,30.25,28.825,844154.320427,29.7093
TDW,81.33,81.86,82.68,79.64,738925.798266,80.6901
AMPX.WS,7.05,6.35,7.8,6.35,226951.0,7.2893
GFI,46.14,45.15,46.41,45.02,2806503.470287,45.8846
DAIC,0.179,0.1696,0.1897,0.1563,17065858.7783,0.2176
QQQT,18.675,18.6,18.75,18.58,33042.519289,18.687
CALX,42.73,43.35,43.9799,42.51,811946.150913,42.8315
RPM,99.54,100.67,100.69,99.2,594241.89134,99.6851
ARQQ,15.0,14.66,15.5,14.2,487412.544417,15.1063
PRT,2.68,2.67,2.79,2.65,93237.3443,2.697
WAGN,14.78,14.91,15.0,14.75,150165.901326,14.8236
BOLT,4.7,4.76,4.9,4.6169,12938.192974,4.7698
DXLG,0.6513,0.6453,0.671,0.6453,33842.651403,0.6587
CTA,31.28,31.08,31.44,31.03,381074.863822,31.2726
TSEM,228.88,212.36,230.6,211.98,2691844.14432,223.721
LCII,113.14,119.1,119.49,112.53,296370.010025,114.4903
CTSO,0.63,0.61,0.63,0.61,62594.059107,0.6221
DWSN,3.47,3.23,3.6194,3.185,65912.572336,3.3867
STRF,101.1,100.74,101.48,100.3301,89474.667953,100.8462
PNRG,240.19,240.96,248.0,236.05,48865.312135,241.3056
SMTI,18.02,18.4,19.0,17.77,36484.194518,18.2046
CIMpC,23.3,23.34,23.39,23.2499,12713.8373,23.3345
DAVE,249.42,247.76,253.93,242.38,475493.634381,248.3584
QQQU,60.51,59.38,61.2,59.29,74558.301524,60.2147
GAIA,2.33,2.56,2.56,2.32,105757.344779,2.3922
TXXD,8.4777,8.23,8.51,8.081,72660.513,8.3175
MOD,284.8,276.62,286.965,273.0,907297.373302,282.4593
CACC,521.74,535.32,538.35,517.66,193190.053886,526.72
CENTA,34.22,34.37,35.045,33.73,384181.029999,34.2156
GOLD,43.38,46.1,48.265,43.37,1148439.942811,44.7146
XCUR,3.38,3.31,3.38,3.15,9686.399334,3.2652
TMCI,1.94,2.02,2.02,1.805,364973.428822,1.9098
MLCI,3.91,3.93,3.98,3.875,25697.823,3.9385
BGMS,0.9004,0.87,0.942,0.87,68534.413968,0.9093
VEL,17.16,18.13,18.13,17.07,131474.146623,17.3543
TXNM,59.25,59.05,59.25,58.9675,1199960.222844,59.1976
POWW,1.97,2.01,2.026,1.95,469162.388629,1.9861
FRWD,30.7561,30.35,30.91,30.35,30546.504695,30.7802
WXM,0.5254,0.56,0.59,0.433701,17090.339292,0.5382
AOS,58.52,58.66,59.21,58.28,1765093.111043,58.6721
AMZY,12.47,12.53,12.62,12.45,589637.117434,12.5354
SWK,79.07,81.18,81.46,78.1302,2114870.317856,79.087
GTN.A,11.53,11.35,11.56,11.35,669.707495,11.5215
GOAI,3.72,3.53,3.72,3.4,73494.915255,3.5942
CGIB,25.32,25.25,25.33,25.25,67688.1736,25.3077
HALO,66.41,63.95,66.82,63.5,2923099.474577,65.9754
FOUR,41.47,41.9,42.7503,39.85,2076101.943068,41.1085
GLWG,34.43,30.54,34.93,29.78,2497729.855994,32.6047
VTVT,30.46,31.1,31.48,29.83,21338.200835,30.5022
PAHC,36.32,39.43,39.85,35.08,991419.603825,36.5972
BAND,49.95,50.0,53.21,49.5,1325881.380637,51.2896
SIOO,19.84,19.72,19.88,19.72,26586.5131,19.8506
APYX,3.92,3.79,4.14,3.79,418621.902434,3.9601
QBY,9.5093,9.39,9.555,9.335,3498.7324,9.4474
ANAB,67.92,69.75,70.47,66.9,504139.304811,67.9366
OPLN,37.05,37.78,38.52,36.82,1036562.858368,37.2023
BLCV,39.17,39.25,39.31,39.15,11215.251,39.2089
ASC,19.12,19.85,20.025,19.1,1049904.977093,19.3707
CAR,151.19,144.55,155.5399,143.5,787219.803239,151.3293
BBY,57.62,60.0,60.025,57.545,3832687.550085,57.9392
SPOK,10.66,10.88,10.92,10.6301,214490.132063,10.7161
ELPW,5.68,5.8,6.206,5.405,335199.657714,5.8616
YBTY,14.295,14.11,14.32,14.06,5364.9135,14.1701
BEAT,0.8868,0.895,0.97,0.8868,1307643.409265,0.9274
LMND,55.05,54.5,55.83,53.41,1686498.658202,54.9002
CMND,0.5202,0.56,0.56,0.52,372087.688375,0.541
NVST,24.2,24.34,24.69,23.8,5032823.469343,24.1046
EPRpC,26.09,25.86,26.22,25.86,1436.2999,26.0535
DXIV,72.2658,72.58,72.58,72.135,11673.479644,72.3992
MET,77.98,78.35,78.85,77.225,3137181.215991,77.8659
YORW,29.56,29.73,29.78,29.43,146065.637282,29.5857
FNWB,9.55,9.78,9.78,9.435,33603.5386,9.5489
INDB,76.71,78.54,78.6,76.565,455652.696446,76.9578
MTEN,1.02,1.05,1.05,0.9797,31983.764001,1.0177
EXPE,221.46,224.93,230.83,219.44,2937646.844831,222.6514
UONE,6.7,7.26,7.26,6.4,36939.531658,6.7004
AGCO,118.83,117.0,118.84,115.97,531983.95854,118.1369
MARB,20.855,20.81,20.88,20.81,4824.0922,20.8555
MCN,5.94,5.96,5.9695,5.92,58078.016395,5.9448
ACVA,6.09,6.31,6.46,5.975,4722783.05217,6.152
AMSF,30.26,30.36,30.5,29.92,197491.562671,30.2654
NTRP,2.48,2.58,2.7499,2.4415,49905.0,2.5368
WFCpC,17.6399,17.62,17.6399,17.5624,43060.30846,17.5966
MSM,107.32,104.77,107.99,104.435,843049.326609,106.6075
DINO,72.81,73.0,74.259,72.4,2534510.038842,72.9339
ABBV,202.78,202.01,205.375,202.01,4931663.578079,203.0684
GITS,1.39,1.45,1.4974,1.39,20458.058432,1.4323
MASS,7.93,8.12,8.355,7.855,214118.366863,8.0293
ORA,123.63,122.44,125.37,122.01,1232545.64537,123.8278
KMLM,29.53,29.3,29.59,29.3,222063.718009,29.4935
ENHA,7.31,9.0,9.0,6.4901,264269.249536,7.5116
ISCB,71.4817,71.88,71.88,71.4817,2168.6816,71.696
XELLL,24.47,24.47,24.5499,24.36,60759.761,24.4816
NRDY,0.8736,0.838,0.9063,0.8363,568561.165809,0.8719
SILA,30.55,30.58,30.58,30.53,488448.700962,30.5509
DFSV,37.23,37.71,37.83,37.225,1112552.510755,37.3874
FLOC,26.34,25.06,26.56,25.06,775493.001371,26.0216
RDN,37.56,38.36,38.59,37.42,1080955.821995,37.6917
MLCO,5.31,5.32,5.405,5.25,4369823.457948,5.3004
CRBU,2.03,1.97,2.185,1.9546,1891311.504253,2.0782
UPST,28.69,28.44,29.155,28.17,3772646.383843,28.717
RS,368.47,370.65,371.9599,366.36,265786.225929,369.0678
HYMC,43.71,39.94,45.64,39.94,4212513.131822,43.634
FPH,4.88,4.95,4.99,4.88,182378.712154,4.933
ASB,27.91,28.64,28.75,27.83,1955099.386725,27.9987
ASPN,5.12,5.0,5.545,4.97,2195987.104388,5.3091
GNTpA,20.72,20.73,20.73,20.57,3175.1978,20.6295
AVDE,91.27,91.13,91.475,91.1,2056507.320059,91.282
ZBRA,216.96,226.05,228.98,216.405,971704.160155,219.406
ERNA,7.21,7.4,7.9,6.56,488950.814773,7.2753
AGH,4.29,4.48,4.48,4.24,535673.934447,4.3481
FIGR,38.97,37.6,39.43,36.36,5463947.614525,38.5289
EUFN,37.94,38.05,38.155,37.885,414713.482057,38.0256
OXY,55.14,54.01,55.46,54.01,13719764.315131,55.0051
PSApG,20.37,20.39,20.46,20.3301,13918.4719,20.3723
EWBC,121.91,123.5,123.97,121.295,1028177.959232,122.2045
TPH,46.96,46.97,46.99,46.96,1916876.827117,46.9684
AHLpF,24.8116,24.9,24.91,24.8116,3126.018,24.9013
REGN,712.77,714.99,727.385,701.99,1227186.908398,714.0072
AVXL,3.24,3.19,3.36,3.16,1063270.6513,3.2639
MVO,2.01,2.07,2.1861,2.01,183496.45607,2.0824
QQUP,66.8247,65.41,67.435,65.41,15041.6242,66.4473
NVGS,23.38,23.15,23.38,22.9,405921.304166,23.2153
FNKO,5.44,5.29,5.45,4.9514,1879874.789793,5.3105
BLD,424.63,427.24,429.32,421.97,615452.483785,425.5661
MPT,5.04,5.21,5.25,5.03,5099913.961522,5.1181
TEN,43.44,44.0,44.24,43.05,202186.286324,43.6065
ATEN,28.02,27.5,28.02,27.4201,979623.389655,27.9025
DKNX,20.0949,21.38,21.38,19.45,20675.344046,20.4756
ISBA,40.77,42.62,42.8,40.63,23218.0196,41.373
LION,12.23,12.3,12.31,11.88,3738786.23057,12.1556
MMT,4.58,4.56,4.59,4.54,125133.874368,4.5733
BNJ,15.0,15.0,15.08,14.9,24578.201,14.9974
OMEX,1.14,1.22,1.26,1.14,1028346.37229,1.1765
MPV,16.68,17.17,17.3853,16.5801,22913.6681,17.0234
OPRX,6.21,6.36,6.47,6.14,298663.559042,6.2532
MFApC,23.8,23.89,23.89,23.75,27525.1079,23.8168
EMF,22.48,22.53,22.56,22.36,17523.548103,22.4828
PMTW,25.67,25.63,25.68,25.63,1211.6624,25.6631
QQQD,12.31,12.4,12.4,12.24,84804.760961,12.3106
CSAI,0.5806,0.535,0.62,0.51,389606.337242,0.5729
MMS,61.52,63.71,64.04,60.68,1105634.519945,61.6671
BASV,28.9977,29.22,29.22,28.95,14434.0,29.0338
CDRO,9.12,8.87,9.29,8.62,22219.432589,9.0026
TGLS,38.69,39.77,40.5,38.61,346155.522424,39.3522
JPMpC,25.11,25.13,25.13,25.08,56444.7847,25.1064
FTS,56.23,56.12,56.69,56.12,425578.304183,56.3603
BApA,75.24,75.32,75.97,74.01,1365137.012,75.657
DEA,22.85,23.45,23.5899,22.68,510101.544579,22.9035
GBTG,9.39,9.42,9.45,9.38,4208434.823394,9.404
CRMT,12.5,12.93,13.11,12.35,90338.559807,12.5491
MSOX,3.64,3.49,3.79,3.41,1756111.477651,3.6279
BARK,8.47,9.12,9.12,8.35,41647.633401,8.646
IWN,211.2,212.43,212.835,210.97,653465.395358,211.9272
EMET,46.6777,46.39,47.14,46.39,10000.411565,46.8288
EMOP,52.25,52.28,52.37,52.09,174356.9581,52.1391
STNG,85.15,85.205,86.1,82.35,1654117.118463,84.5951
LTCC,14.41,14.33,14.4593,14.17,14038.6313,14.331
WWD,370.25,370.34,374.11,365.0,614764.292366,370.3914
GTES,25.98,26.18,26.33,25.9,1602756.217451,26.0438
BEATW,0.085,0.0949,0.0949,0.085,3081.0,0.08701
SRCE,72.67,74.04,74.105,72.335,145976.166142,72.7368
FNWD,31.74,31.47,31.74,30.585,9073.8357,31.5048
CASS,46.71,47.63,48.435,46.6,68582.620499,46.9813
NIM,9.31,9.37,9.375,9.31,24746.96217,9.3507
BUSE,26.26,26.67,26.72,26.1,636051.602185,26.2709
OCS,32.65,34.0,34.475,32.42,629009.879437,33.4164
TSN,67.08,68.655,68.9,65.15,3467815.307461,66.8741
ACNB,52.28,53.48,53.93,52.08,44844.811203,52.6565
BRT,14.48,14.58,14.645,14.0956,26160.265,14.3782
DFIN,41.89,42.44,42.99,41.7,295218.353811,41.9145
KD,11.8,12.16,12.34,11.765,4415530.304834,11.9609
STKH,1.8063,1.77,1.8114,1.6819,14244.806876,1.7211
LYEL,19.2,18.91,20.7,18.55,97141.882831,19.2322
FIXD,43.69,43.81,43.87,43.69,305415.922654,43.7495
ACT,42.86,44.04,44.07,42.66,345066.089603,42.9653
IXG,120.65,121.12,121.12,120.61,9642.965054,120.8633
EOS,22.67,22.78,22.81,22.65,70015.048895,22.7205
WTS,298.16,296.51,300.23,294.065,317546.639814,298.092
PEBK,39.92,41.31,41.38,39.81,28710.037143,40.373
REXR,35.89,36.31,36.47,35.84,1670320.101317,36.0276
DFSC,4.34,4.1,4.46,4.08,169648.974311,4.2633
GM,75.29,78.8,79.0,75.1077,6366860.971604,75.9057
CRMD,7.66,7.902,8.09,7.635,1112420.018769,7.8496
SLGB,0.5703,0.577,0.6,0.5377,73415.382577,0.571
XHYH,35.375,35.45,35.45,35.35,30869.194,35.3622
MTEX,5.09,5.35,5.4772,4.76,98537.2661,5.1563
SION,45.95,44.68,48.445,44.51,670726.254183,46.4167
KRMD,4.02,4.17,4.17,4.01,105036.02157,4.075
AREB,0.1597,0.146,0.179,0.14,17470674.96776,0.1875
TUYA,2.46,2.49,2.5399,2.455,1116888.151359,2.4941
XRNpB,24.585,24.57,24.785,24.57,8691.67,24.6245
CRL,168.46,176.97,178.405,168.44,762281.437643,170.5
TAC,12.8,12.77,12.97,12.71,1321657.927881,12.7961
BNDS,51.112,51.12,51.19,51.11,9586.504272,51.1426
PLYX,3.39,3.75,3.75,3.36,68171.050488,3.5306
TQQY,13.755,13.71,13.755,13.71,89866.6162,13.7288
GUTS,0.769,0.7793,0.82,0.7437,3183139.388266,0.7863
TVGNW,0.0337,0.0355,0.0355,0.0305,6188.0,0.03377
QSR,78.23,79.71,79.915,78.2,5731426.494838,78.8159
EFT,11.01,10.99,11.02,10.9644,58130.612147,10.996
VGM,10.42,10.44,10.4445,10.4,98606.510162,10.4219
EFR,10.53,10.56,10.56,10.51,157027.51969,10.5417
EDN,24.47,23.18,24.82,23.18,100183.593786,24.1886
NODK,13.37,13.26,13.6976,13.1,58295.0,13.3333
MAS,70.59,71.6,71.6,70.385,2577405.374288,70.7116
HUIZ,1.51,1.72,1.72,1.5,11343.4732,1.5988
VVX,69.18,69.99,70.74,68.95,635920.92217,69.4655
MDCX,0.3326,0.3357,0.3444,0.3131,1938678.94292,0.327
ICU,4.58,4.59,4.7,4.42,37744.9655,4.5221
BCpC,24.6411,24.71,24.73,24.5625,12226.0,24.6678
ENSC,0.382,0.3767,0.4,0.301,89449700.850818,0.4598
FLLA,29.14,29.3,29.4,29.01,219429.027006,29.0442
BEPC,37.33,36.77,37.51,36.67,1197082.619228,37.2756
MLECW,0.019,0.0204,0.0204,0.019,55083.0,0.0195
FBRX,26.0,23.39,26.4,23.32,436014.040364,25.5364
NEPH,2.95,3.51,3.51,2.922,47952.653159,3.0943
BSCV,16.485,16.51,16.51,16.48,367883.794713,16.4937
FTC,179.3231,176.63,181.2899,176.63,10360.335299,179.2621
SAV,25.47,25.42,25.5,25.41,8506.0,25.4721
PATH,10.66,10.72,10.95,10.61,36951646.897462,10.6884
CME,282.58,281.42,284.21,280.63,2607822.188434,282.5766
AVBC,19.41,20.27,20.37,19.37,38688.985699,19.5639
GGZ,15.95,15.95,16.13,15.9,10710.924,15.941
ZIM,26.47,26.61,26.84,26.41,786178.157569,26.625
TSXU,53.44,53.02,54.285,51.765,18649.438406,53.0622
VGI,7.5,7.52,7.5999,7.48,45031.8621,7.521
EEA,10.72,10.64,10.835,10.64,44458.657013,10.7089
FMS,21.76,22.0,22.03,21.735,859177.596945,21.816
WBX,2.67,2.7,2.87,2.67,10649.830537,2.7316
AUUD,1.23,1.43,1.4394,1.22,590537.467297,1.3071
ISTB,48.3,48.35,48.35,48.29,401595.890145,48.3134
QNST,12.735,13.1,13.165,12.58,940363.440137,12.7896
ANNA,3.24,3.22,3.38,3.22,403707.550023,3.2973
SHEN,16.0,16.21,16.21,15.71,363224.925207,15.9368
FMAO,27.2,27.76,27.76,26.64,101328.70162,27.2498
URSP,45.3603,45.33,45.5565,45.21,7395.6168,45.3509
PEBpG,19.91,20.01,20.31,19.85,234046.3471,19.9833
KF,71.63,71.0,72.06,70.93,28302.233487,71.5128
CHI,12.61,12.49,12.7,12.47,198611.338668,12.5995
BPOP,146.95,150.07,150.07,146.56,389233.250485,147.5038
SIBN,11.61,12.37,12.37,11.48,1752774.305508,11.8104
ISMD,45.42,45.73,45.73,45.35,12754.076242,45.5222
MCGAW,0.3426,0.35,0.35,0.34,2340.0,0.3447
PAYC,138.44,136.08,139.46,134.25,1203866.925695,137.804
USEA,2.27,2.34,2.34,2.27,52003.324417,2.3074
AQN,5.97,6.1,6.12,5.94,3177752.73389,5.9889
CAF,19.98,19.38,20.57,19.14,105678.383917,19.8116
BEAM,31.75,32.75,34.375,31.67,2410397.589096,32.3887
DAVEW,0.72,0.7064,0.728,0.609999,56871.0,0.6598
RILYT,20.4969,20.52,20.63,20.25,22743.574,20.4856
VO,77.47,77.29,77.565,77.195,2459021.684931,77.4064
TFC,47.97,49.24,49.375,47.845,6549289.465918,48.1695
AORT,23.81,25.82,25.83,23.33,1813452.466219,24.0687
HTD,25.46,25.46,25.5899,25.28,44441.339579,25.4222
XFLT,19.36,19.18,19.4599,19.18,67798.479835,19.3333
KB,108.98,109.5,109.69,108.115,193607.816832,108.8755
TFLR,51.01,50.95,51.06,50.95,46740.2278,51.0089
SYF,70.28,73.0,73.19,70.205,4483156.445928,70.8359
FCNCO,21.575,21.55,21.625,21.5,11802.0717,21.5639
RTO,33.08,33.38,33.43,33.025,768733.085588,33.1936
FBYD,10.78,11.76,11.9752,10.33,66585.697827,10.7458
DAL,71.2,73.05,73.08,71.09,6681732.205416,71.7067
SPGI,421.0,417.95,422.7,416.89,2201913.179738,420.647
HLAL,70.16,69.91,70.29,69.7796,98564.266575,70.0983
SG,6.74,6.88,7.08,6.61,5477027.139886,6.8409
TINT,41.3033,40.44,41.35,40.44,2482.8162,40.6836
BBDC,8.61,8.89,8.905,8.61,644281.444056,8.7299
NEEpN,23.99,23.94,23.99,22.72,43954.998,23.828
VTS,18.42,18.1,18.44,17.91,449742.978275,18.2344
CXW,19.88,20.28,20.72,19.82,1458376.106262,20.013
SAGU.U,10.0,10.0,10.01,10.0,60071.0,10.0025
MLM,585.98,589.81,592.84,583.63,466343.624002,586.5854
AAON,141.7,139.66,146.415,136.0501,1399206.19998,142.7311
GBFH,28.06,29.02,29.195,28.0,33714.933836,28.2161
ADSK,236.07,241.83,244.97,234.28,1926690.737781,237.7864
NOV,19.77,19.41,19.86,19.395,3178844.784452,19.6978
ADAMM,25.5781,25.5,25.5781,25.47,8992.7413,25.5066
NOG,23.63,23.84,23.895,23.52,1885734.944789,23.6686
IBM,223.55,228.66,230.23,222.55,6677186.856274,224.4725
KMX,39.08,40.43,40.475,38.94,2240482.695993,39.4187
OWL,10.08,10.49,10.53,9.98,27971835.512498,10.1765
YMT,0.14,0.1507,0.152,0.14,374354.077031,0.1435
WMS,143.81,143.08,144.33,141.06,667989.025187,143.5965
MSpP,25.31,25.29,25.32,25.27,35024.5204,25.2922
BLDR,74.88,77.11,77.46,74.58,2217461.782561,75.4675
NRXP,2.82,3.07,3.07,2.8,1349036.368572,2.9046
BTCT,1.192,1.22,1.22,1.19,63208.089937,1.2045
MNOV,1.41,1.4,1.41,1.4,14683.93298,1.4054
PB,68.45,69.51,69.765,67.8,1115560.719626,68.5492
ALNT,65.48,65.11,66.69,63.79,344514.635013,64.9566
HY,36.41,37.21,37.31,36.26,78518.005136,36.5256
CVLG,32.6,33.32,33.51,32.265,112768.652271,32.7315
VALN,6.3,6.17,6.6499,6.17,116636.815244,6.3779
GRDX,3.19,3.33,3.42,3.02,87969.914833,3.2325
LPL,4.37,4.34,4.445,4.34,1876049.776581,4.3999
ESI,45.06,44.42,45.515,44.0,3363045.795908,45.023
NGVC,26.97,26.47,28.06,26.4,154121.668078,27.095
CLPS,0.91,0.9001,0.95,0.8961,11056.776864,0.923
WSM,176.1,182.56,182.56,175.92,1034644.343083,177.254
MCRI,117.04,119.13,119.63,116.06,97153.99357,117.2236
CCNE,30.73,31.16,31.33,30.65,75887.0921,30.7966
HBANM,22.63,22.46,22.69,22.46,10677.0,22.5451
CRNT,2.59,2.54,2.655,2.54,518028.003365,2.6025
INAB,1.625,1.61,1.64,1.5901,67665.97423,1.6336
INMD,13.77,13.855,14.01,13.635,1373389.820181,13.7531
USGOW,0.49,0.531,0.59,0.4507,49461.0,0.4962
WDI,13.7,13.79,13.85,13.69,220394.73938,13.7693
VNOM,47.51,47.44,47.71,46.8,1136200.966571,47.3841
CTXR,0.6386,0.6434,0.6596,0.616,692749.406754,0.6343
ASIA,44.03,44.05,44.2099,43.92,5835.679514,44.0495
GIC,28.71,28.83,29.33,28.605,108198.046807,28.8377
UTL,50.75,50.8,51.3499,50.675,102134.053288,50.8584
EVTV,2.1,2.13,2.28,2.06,868935.442856,2.1647
TGTX,43.14,42.75,43.18,41.11,2782188.252633,42.3861
PBPH,24.7712,24.71,25.14,24.71,91889.0,24.7841
AUBpA,25.0835,25.05,25.1,25.0016,7623.09,25.0626
NBBK,20.11,20.17,20.24,20.01,295566.07886,20.1426
BLBD,70.36,71.08,71.505,67.61,640776.859541,69.8232
DUKB,24.16,24.13,24.19,24.105,24128.06325,24.1561
DYNC,10.74,10.74,10.77,10.74,89532.450404,10.7466
AMWL,8.15,7.97,8.18,7.635,71372.236699,7.9384
KMT,37.07,36.36,37.65,35.425,1879243.579551,37.0173
WGO,30.49,31.8,31.8,30.42,640785.415134,30.743
CTS,61.49,61.95,61.985,60.64,367494.212493,61.2636
FN,649.53,619.41,666.57,618.625,981071.229343,649.4284
LXU,14.9,14.39,14.99,14.12,1028968.529646,14.7768
KDK,7.49,7.3,7.55,7.2007,1443134.985969,7.3795
AEC,5.24,5.0,5.39,5.0,108250.2478,5.1878
CELU,0.77,0.891,0.89426,0.7101,305941.758184,0.7835
GREE,1.28,1.22,1.34,1.21,258371.977272,1.2758
ZWS,51.02,51.22,51.45,50.7,943206.286317,51.1724
FTW,10.99,11.01,11.4499,10.985,104365.350194,11.1345
GRBK,65.26,66.12,66.4889,65.13,254738.802031,65.4562
AXS,98.51,99.81,100.73,98.23,647367.404021,98.9041
BSET,14.29,14.12,14.415,14.12,17768.55258,14.298
TSLX,17.4,17.76,18.0,17.39,1048585.787581,17.6432
JBL,365.24,355.2,368.63,355.15,949254.139334,364.9271
THH,0.3201,0.3202,0.342801,0.316001,69108.615569,0.3225
SEM,16.44,16.43,16.44,16.42,1128101.652727,16.4343
NZF,12.64,12.66,12.665,12.61,538482.17406,12.6359
ADBU,25.4991,26.6,27.29,25.2943,12581.428,26.0849
FHNpF,17.9,18.0,18.0,17.84,16828.4661,17.8882
ANTA,8.49,8.35,8.9799,8.35,1924.71359,8.6055
IRT,16.45,16.59,16.645,16.3925,1372864.769726,16.4704
HLN,8.98,9.13,9.13,8.9501,12119568.85602,9.0219
USIG,51.21,51.27,51.3,51.2,3100610.729536,51.2393
BOOT,153.1,162.3,164.185,152.58,830256.260443,154.8282
HLLY,2.72,2.75,2.83,2.625,1246477.959494,2.694
VALQ,66.7067,66.99,66.99,66.52,3902.7028,66.6846
ANIP,78.71,80.75,81.28,76.1201,895758.339416,77.9342
UDI,34.02,34.12,34.12,34.015,912.4317,34.0493
FMED,24.41,24.82,24.89,24.33,3115.98528,24.4582
DMA,7.26,7.44,7.48,7.2124,50738.1499,7.3263
LMTL,31.5301,30.92,31.9793,30.5,70811.503787,31.3159
HAFN,8.9,9.0,9.01,8.8,752115.95567,8.8942
VAL,97.32,96.5,98.93,95.32,622232.413725,97.3826
WOK,3.92,1.58,4.09,0.192,152415647.280156,1.7772
DLRpJ,20.6399,20.65,20.65,20.5928,2215.6694,20.6176
WRLD,148.23,149.28,152.2,146.26,208848.533476,150.3097
VVOS,0.6926,0.693,0.7,0.6616,165136.997546,0.6841
MTGP,44.2201,44.34,44.34,44.1815,2419.2712,44.2674
DIAL,18.2144,18.24,18.25,18.21,20700.005688,18.2296
TRC,19.49,20.06,20.185,19.37,99158.285961,19.5981
VSME,0.905,0.8979,0.918,0.8831,50209.613457,0.8929
EJH,1.35,1.38,1.39,1.32,8075.0016,1.3567
WKSP,1.0,1.08,1.1131,1.0,437346.1327,1.0525
SHV,110.18,110.18,110.18,110.17,1903274.704975,110.1749
DGX,189.81,187.36,190.45,187.13,620698.870867,189.18
IPOD,10.37,10.38,10.38,10.37,55031.903661,10.3709
BCD,38.24,37.84,38.24,37.84,101880.851748,38.0705
OXY.WS,33.1899,32.42,33.3701,32.02,79866.35564,32.9606
TOI,4.01,4.07,4.07,3.89,2347138.173574,3.9854
GAINI,25.56,25.5,25.65,25.5,7208.8434,25.531
AIRO,7.93,7.45,8.19,7.26,846129.64553,7.8863
ABEV,3.28,3.29,3.34,3.27,25767692.642561,3.2907
MTW,13.02,13.18,13.32,12.95,220062.740094,13.1038
TDOC,6.92,7.2,7.28,6.91,4690519.739873,7.0108
TOUS,37.11,37.14,37.271,37.09,164618.55887,37.1869
MOMO,6.23,6.23,6.31,6.17,484718.008467,6.2484
MUR,37.62,37.68,38.05,37.12,2302443.214837,37.6437
AXGN,40.79,41.8,42.2,40.06,1338080.163864,40.7401
CDNA,21.55,21.84,22.3,21.402,507107.994791,21.7226
AD,52.52,53.14,53.735,51.82,422088.265153,52.9385
MNTN,8.28,8.54,8.7099,8.21,941008.803433,8.406
BDRY,12.65,12.5,12.685,12.5,72871.750093,12.574
USFD,83.61,84.01,85.33,82.39,3530285.235354,83.9897
MSBIP,25.45,25.18,25.45,25.18,2242.0776,25.3485
QCLN,62.13,60.0,62.77,60.0,222675.817879,62.1043
CBT,84.55,86.11,86.43,82.59,550602.451178,84.177
AQNB,26.24,26.32,26.385,26.24,16373.799,26.2909
BDN,3.04,3.12,3.13,3.02,1880260.191603,3.0518
REFR,0.7601,0.9,0.9,0.7601,80298.231117,0.7928
DARE,2.52,2.71,2.8488,2.43,755610.202805,2.6006
NVS,145.23,146.59,147.28,144.75,2098902.395014,146.0003
SEER,1.83,1.85,1.895,1.82,133317.15135,1.8508
INVE,4.82,5.09,5.12,4.81,162506.536004,4.9399
KEN,89.89,89.68,90.99,89.27,17820.372716,89.9857
LSAK,4.99,4.9,5.0,4.86,151216.677839,4.9585
AMT,177.47,177.05,178.99,176.145,2456447.225627,177.5544
USB,54.49,55.53,55.87,54.355,7847926.287291,54.7822
ILPT,7.73,8.16,8.3,7.7,315815.293901,7.9273
HLMN,7.72,7.84,7.945,7.705,1229110.565501,7.8183
PIIIW,0.0039,0.0052,0.0052,0.0038,66169.0,0.004085
PMAX,2.54,3.49,3.57,2.2,1474897.864833,2.7721
RLAY,12.85,12.8,13.03,12.5,3228409.106709,12.7825
RNP,21.18,21.38,21.44,21.125,101280.03406,21.2874
IRON,69.23,69.01,72.815,68.23,518543.553924,69.655
FLD,1.47,1.38,1.48,1.3486,120622.953191,1.425
MDIA,0.9499,0.9464,0.95,0.935,26123.231578,0.9354
JOYY,59.03,59.17,59.5,58.6137,200071.327736,58.9943
VNOpL,17.98,17.97,17.98,17.8,15442.004,17.8692
PFE,25.81,25.79,26.18,25.68,43557962.237104,25.8642
BRTX,0.2012,0.2066,0.2099,0.2,810572.683167,0.2044
BKYI,5.31,5.22,5.4502,5.1428,40460.894868,5.2984
TORO,5.2,5.38,5.38,4.98,165622.267917,5.179
GRND,14.53,15.08,15.08,14.28,2396963.910761,14.5602
BMY,55.67,56.175,56.49,55.405,8390896.463395,55.8023
IART,13.97,13.89,14.37,12.94,1532970.536508,13.8246
DMAAR,0.1299,0.1486,0.1486,0.1275,171216.777927,0.1301
FUL,60.35,61.56,61.56,60.22,396914.137925,60.5508
CRC,59.68,59.86,60.3731,58.93,1856228.898511,59.5248
BCAB,4.52,4.86,4.86,4.48,47920.157108,4.5992
MGN,0.1461,0.1648,0.1651,0.1453,1036310.488839,0.1546
CBSH,50.98,51.98,52.09,50.745,1163170.92456,51.1466
D,62.56,62.35,62.63,61.7501,5559476.106524,62.2006
ITAN,40.2801,40.6,40.6,40.28,3743.744,40.3326
TYL,312.27,315.8,320.03,307.37,742193.675349,312.5648
MBIO,0.66,0.6951,0.6951,0.655,41385.399118,0.6781
HSHP,15.93,16.27,16.308,15.81,243625.198423,16.0068
QLYS,91.53,93.71,94.38,87.52,882785.970868,90.239
HCM,12.87,13.13,13.13,12.7,37666.461082,12.8817
BBUC,31.81,30.69,31.82,29.59,341222.009458,31.3973
SAFX,0.4195,0.42,0.4399,0.4056,2688707.334329,0.42
FEGE,49.86,50.0,50.04,49.8,288388.923897,49.9014
INCE,66.7669,66.78,66.8694,66.71,15525.559203,66.7669
TSXD,8.069,8.38,8.38,8.005,20638.0,8.1719
GAIN,16.49,16.68,16.69,16.49,290407.927032,16.5993
SHOC,108.051,106.74,108.2799,106.52,23656.332622,107.6818
BIGY,52.7463,52.84,52.93,52.7,22101.19068,52.6833
ISRA,69.745,70.15,70.15,69.6101,4622.576627,69.8677
GGT,4.3,4.29,4.3,4.2602,387380.407233,4.2839
CRSP,54.01,55.23,56.16,53.84,1317773.076949,54.7471
PLTM,20.42,20.25,20.4899,20.1,330677.373269,20.2826
REYN,21.6,21.88,21.88,21.54,1223704.247291,21.6329
NTB,55.68,56.35,56.69,55.6,189718.939759,55.8328
ABCL,5.25,5.4774,5.63,5.24,13448736.065111,5.4071
SOMN,50.75,50.37,50.89,50.37,60088.0,50.5937
DFDV,4.92,4.5,5.11,4.45,1527836.352917,4.8156
CAGE,27.34,27.37,27.43,27.215,93300.533,27.3673
FBLG,0.99,1.05,1.09,0.9523,2940517.696282,1.137
WHF,7.33,7.62,7.6669,7.33,118299.243805,7.4773
MAXI,12.16,11.87,12.2,11.8201,34577.925708,11.9671
FSS,117.38,118.19,119.46,116.915,431276.894861,117.988
LASE,0.85,0.8705,0.8799,0.821,1770225.336658,0.8496
CAC,48.025,49.1,49.15,47.895,78484.968104,48.2148
AVNS,24.81,24.78,24.91,24.78,789001.548245,24.8369
SHPH,0.6788,0.64,0.681,0.6083,325238.417142,0.6492
LB,67.24,66.09,68.24,65.5,328419.324295,67.0764
JNJ,221.43,221.32,223.28,220.37,6223182.125713,221.3992
MID,64.5996,63.81,64.685,63.81,5550.804522,64.2906
NSSC,40.21,40.77,41.1199,39.96,365852.717946,40.3191
PY,53.2939,53.63,53.63,53.21,7924.35969,53.3257
SHO,10.27,10.5,10.56,10.25,1183928.625981,10.2947
CDC,71.9865,72.2,72.2,71.905,7062.302884,72.0398
MGTX,9.9,9.84,10.23,9.8,687224.330778,9.9491
LRGE,85.4946,84.88,85.82,84.88,10312.2034,85.466
APC,20.09,19.51,20.2965,19.2225,287481.98051,19.8764
MAGN,11.41,12.18,12.18,11.38,478458.16803,11.6199
ZOOZ,0.275,0.3,0.301701,0.2721,389272.194578,0.2823
SCLX,6.9,7.8,8.01,6.8601,141803.746253,7.29
DKL,51.45,51.5,51.88,50.08,66132.471303,51.2285
UMHpD,22.285,22.21,22.285,22.176,18387.5703,22.2223
PTRN,16.04,15.79,16.297,15.55,1660540.422315,15.948
FABC,4.09,4.47,4.5,3.7001,1014158.956873,4.0
GEN,22.4,22.68,23.1,21.755,9117604.720866,22.2379
TDSpV,20.08,19.97,20.23,19.97,44070.4251,20.1249
KLAR,14.39,14.43,14.58,13.86,6061647.976174,14.2458
NTAP,117.73,117.73,120.04,117.27,2288093.741089,118.4737
PD,6.9,7.18,7.365,6.82,1666984.540748,6.9335
SARO,26.8,25.8,26.98,25.55,8862094.438281,26.6038
CGNX,67.26,66.14,67.815,65.925,3077591.050209,67.1203
ISPC,5.05,5.21,5.5,5.05,362105.465277,5.2888
SFLR,37.69,37.5,37.816375,37.5,195173.6178,37.7135
BAVA,27.4426,27.24,27.4426,27.24,5407.292,27.3684
DAMD,2.85,2.84,2.96,2.72,20227413.275677,2.8175
TCAN,27.415,26.07,27.45,26.0,42696.336,26.5255
PUMP,16.65,16.01,16.76,15.97,4788423.524191,16.4583
GATX,186.8,187.29,191.8399,186.0,243312.040685,188.4811
AAPB,35.65,35.55,35.76,34.945,81275.661017,35.3464
ALGS,6.21,6.39,6.58,6.1504,136128.696416,6.3611
VIA,16.93,17.14,17.88,16.55,887612.729849,16.8711
NVDB,35.31,34.0899,36.12,33.99,12976.044042,35.4049
GREEL,19.75,19.39,19.8,19.2,5475.0,19.5324
ETSY,59.86,62.04,62.5,59.48,3571958.053257,60.3238
OVLY,33.06,33.45,33.62,32.97,20121.4677,33.1482
ZVIA,1.45,1.51,1.515,1.43,738189.073387,1.4581
BBBY,4.9,5.15,5.25,4.895,2361133.632767,4.9784
MBINN,20.95,20.89,21.18,20.65,10730.0,20.8837
J,117.02,118.18,118.73,115.7,1611656.740064,117.0577
TCPB,50.7652,50.89,50.93,50.75,27547.8337,50.8191
FVR,18.19,18.27,18.43,18.11,57982.003139,18.2139
LGHL,0.7005,0.7885,0.7885,0.68,156334.033846,0.7179
LRGG,28.0314,27.9,28.14,27.9,28628.1502,28.0469
INVA,22.52,23.07,23.54,22.265,800994.646939,22.6463
DKS,220.25,224.43,225.03,219.19,917868.38655,221.4411
LYTS,24.33,24.62,24.99,24.14,373176.771837,24.4221
DXpC,25.6758,25.76,25.825,25.61,20332.803,25.7331
WKC,27.18,27.21,27.55,26.97,523189.329528,27.2488
NMRK,16.53,16.73,16.83,16.365,1424306.93963,16.5133
QQEW,144.44,144.18,145.0,143.93,32264.537394,144.1924
WILC,36.86,36.4,36.9,36.4,6688.154119,36.5757
GALT,2.21,2.09,2.4,2.08,654298.80869,2.2812
SSTK,16.57,17.15,17.24,16.55,239758.948263,16.7121
COP,115.55,114.43,115.97,113.8,6200051.854648,115.2852
SDCI,28.87,28.64,28.89,28.5868,86412.188909,28.7715
RFpE,16.63,16.63,16.7399,16.6,28091.08769,16.6519
FOA,19.94,21.47,21.48,19.79,44150.7011,20.2212
EGAN,7.24,7.46,7.46,7.055,282623.213042,7.1929
REG,77.72,77.84,78.13,76.98,1393234.391565,77.604
GRMLW,0.2551,0.25,0.29,0.25,38946.993654,0.2548
SENEA,138.92,138.4,142.9,138.0,84923.397965,139.9078
DGCB,54.6981,54.72,54.75,54.68,89469.8453,54.7033
QNTM,5.06,4.79,5.34,4.6,173011.848897,4.9562
DFNSW,0.0708,0.082,0.089,0.0632,357040.0,0.07271
MTZ,421.37,415.0,423.17,412.4901,1010625.773114,420.0228
TNGX,23.48,23.2,24.575,23.1932,1143861.424367,23.7215
BCPC,158.93,161.5,161.5,157.85,160896.588566,159.0973
PRVA,22.76,23.07,23.28,22.28,1286926.414609,22.6157
MDST,28.9911,28.66,29.08,28.5402,31316.023404,28.9746
FBIOP,13.56,13.32,13.945,13.32,17863.0,13.6808
SFBC,42.02,41.77,42.06,41.77,5350.427543,41.958
PRU,101.12,101.0,101.52,100.07,1464164.168938,100.9514
WEN,6.76,7.01,7.16,6.75,10806060.094221,6.8715
WMK,69.27,70.83,71.46,69.0,182121.664716,69.708
EMO,49.99,49.81,50.25,49.3201,72516.626866,49.8773
BWET,174.97,183.0,183.0,172.99,66921.115231,176.0765
SCHY,32.34,32.33,32.445,32.3,510684.894406,32.3627
FINS,12.9,12.95,13.059,12.83,56239.0267,12.9384
NMI,10.48,10.78,10.78,10.48,7934.85606,10.5952
HGV,46.04,48.47,48.5,46.01,749131.952755,46.4466
KYNB,6.8,6.95,7.025,6.8,15619.260269,6.9333
DAX,45.24,45.32,45.59,45.14,61167.611312,45.2384
GSBC,68.99,69.85,69.99,68.26,104942.0344,69.1835
OTLK,0.2477,0.225,0.2529,0.217,5089353.700536,0.2402
IFGL,23.87,23.95,23.98,23.85,5596.693747,23.9244
KEP,14.76,14.79,14.83,14.63,675180.076958,14.7409
MDU,22.8,22.61,22.98,22.43,2229677.415819,22.8113
RZC,25.43,25.43,25.58,25.41,28665.765,25.4803
TPVG,5.62,5.77,5.84,5.6,225681.701475,5.6629
ETW,9.47,9.47,9.49,9.455,117616.4321,9.4768
BLCN,24.8354,25.49,26.19,24.16,49425.58364,25.8392
PHOE,20.34,24.5,24.7,20.0,91019.441819,21.648
VOXR,6.01,5.98,6.16,5.825,277125.090355,6.0347
WHD,56.53,54.86,57.06,54.86,714744.568649,56.4153
FTMA,9.045,9.01,9.05,9.01,145741.3949,9.0443
AHT,3.04,3.06,3.1199,2.975,32942.93303,3.0371
LASR,84.95,75.46,84.98,75.46,2396151.608557,82.9564
DDFY,19.905,19.93,19.9399,19.89,58363.7785,19.9074
PFSI,88.35,90.36,90.5,88.13,519588.581541,88.7384
OUST,26.8,24.51,28.89,23.6,5618316.525144,27.2477
AVK,12.94,12.93,13.04,12.89,188145.5614,12.9742
ASEA,19.78,19.79,19.98,19.75,30604.167281,19.8497
HIX,3.93,3.93,3.9399,3.9,492036.932587,3.9159
AZTA,17.95,19.03,19.165,17.88,1044447.747289,18.192
CBIO,18.52,18.72,19.81,17.68,549555.546999,18.3825
JHS,11.185,11.18,11.21,11.1501,6332.0743,11.1778
CYTK,74.56,77.66,78.49,74.16,5316878.063766,75.176
GBAB,14.26,14.3,14.33,14.21,127442.528439,14.2676
NRG,137.3,138.04,139.1075,136.97,2886346.548977,137.6095
VCIT,82.71,82.82,82.88,82.69,7682531.558571,82.7827
THW,12.8,12.81,12.86,12.76,73156.644612,12.8267
SOYB,25.08,25.21,25.21,25.07,114646.338433,25.1421
MSFD,13.1948,13.35,13.41,13.19,2027966.3539,13.257
EBF,20.32,20.68,20.68,20.24,129498.420692,20.3489
MNST,86.41,85.01,86.45,83.26,7794316.010686,85.7294
HPP,11.33,11.01,11.51,10.695,1526608.59392,11.227
PFN,6.95,7.02,7.065,6.95,497944.701349,6.9832
OPAL,2.19,2.2,2.34,2.09,411923.249117,2.2264
AGPU,6.66,5.55,6.77,5.31,516113.245427,6.211
LOCO,13.67,13.86,14.17,13.39,503877.40069,13.6767
MVBF,25.82,25.95,26.535,25.7,30850.1704,25.8734
BIRK,39.15,39.34,39.99,38.74,2055541.324672,39.1872
NCEL,3.35,3.27,3.4709,3.2502,30950.985,3.3223
FLSP,27.17,26.97,27.2,26.97,37525.32216,27.1166
FTHY,13.48,13.5,13.56,13.47,69796.3458,13.4804
HLNE,88.56,88.86,89.995,87.47,714239.02096,88.3798
ACB,3.42,3.4,3.51,3.39,687550.684588,3.4556
MSpI,25.11,25.15,25.17,25.09,40159.4095,25.13
GQI,58.14,58.33,58.33,58.1102,15751.121507,58.1743
PFH,17.0,16.95,17.0,16.85,31309.309,16.9439
OTF,10.76,10.93,10.98,10.7101,2259229.844709,10.7983
GDRX,2.84,2.86,3.0,2.81,1927501.682613,2.869
TNMG,0.8276,0.8474,0.87,0.8,71838.5,0.835
AGI,43.9,43.83,45.1,43.48,3125722.826813,44.0451
ACCO,3.92,4.02,4.03,3.91,1215647.755487,3.9616
LSTR,178.92,183.6,183.63,177.69,356630.513969,179.2918
ASR,313.89,308.99,313.89,308.46,64266.503042,312.3551
OABI,1.67,1.67,1.69,1.64,702106.947646,1.6581
MGR,20.76,20.7,20.805,20.7,16496.766,20.757
MEGL,1.13,1.11,1.16,1.09,18801.0,1.108
BF.A,27.46,28.49,28.49,27.46,189810.313864,27.8578
CHMI,2.59,2.58,2.6,2.56,218506.13924,2.5777
PECO,39.71,39.7,39.98,39.545,592591.100516,39.6945
MNZL,57.9608,57.81,58.08,57.81,9752.155259,57.9595
MYE,22.85,22.97,23.19,22.29,232253.410939,22.8427
KALA,3.91,3.62,3.958,3.2412,189057.505564,3.5458
SPAI,4.72,4.24,4.79,4.05,632237.520238,4.3964
PACB,1.355,1.422,1.4497,1.35,4670154.662779,1.3788
MSGY,0.4324,0.458,0.48,0.431,379678.663032,0.4505
BBCP,7.78,7.97,8.13,7.685,68806.237384,7.8069
CAVA,79.99,78.89,80.87,78.4939,3713625.695158,79.9185
APLE,13.79,14.15,14.1936,13.74,3034076.756554,13.8683
HLT,315.53,314.58,317.01,312.54,1632312.074584,315.3507
HBANP,17.07,17.06,17.0799,17.0,27117.0,17.0318
FOXA,67.72,65.2,68.04,63.58,6700055.697226,66.168
BYD,82.75,84.99,85.2,82.34,745220.177779,82.8179
ITDF,40.8315,40.8,40.94,40.8,27311.024819,40.8955
PYPG,5.73,5.78,5.835,5.725,557714.079403,5.777
TLYS,3.91,4.21,4.28,3.87,205263.317104,4.0275
GFS,74.99,75.3,76.98,73.56,3355534.213741,75.0349
BNDW,68.1646,68.27,68.2883,68.14,123283.71508,68.2162
GXDW,29.5604,28.78,29.745,28.78,7809.9764,29.4776
FNRN,17.85,17.95,17.99,17.83,116102.0171,17.9051
CONX,12.2828,10.51,12.44,10.01,72722.256808,11.5688
RAA,30.295,30.12,30.325,30.12,52275.3165,30.2866
KRG,26.67,26.75,26.8,26.52,1328665.291764,26.6666
FpB,21.7,21.66,21.77,21.65,46111.0663,21.7138
EMEQ,66.4128,65.89,66.81,65.82,195078.822492,66.5104
BMA,74.73,73.5,76.01,72.625,239031.046161,74.4003
IVR,8.19,8.24,8.27,8.13,1984474.709376,8.186
CCU,11.81,12.0,12.0,11.6101,92818.888537,11.7371
PMTpC,18.43,18.35,18.44,18.3301,20573.1141,18.3799
AIIOW,0.0719,0.05,0.08,0.04,1059797.0,0.05547
GIWWU,10.5,10.28,10.5,10.28,2798.0,10.3293
NBR,100.15,98.97,101.7,98.91,194779.446191,100.2912
ATHS,25.21,25.2,25.29,25.1,23791.237,25.1876
GIXXR,0.29,0.25,0.29,0.25,11065.0,0.2819
SBSW,13.83,13.59,13.875,13.58,3060363.213863,13.7606
LU,1.97,1.94,1.99,1.92,798531.595428,1.9529
INTZ,0.7529,0.77,0.7974,0.7447,101374.548143,0.7613
NUE,232.0,229.02,232.96,226.6743,1612010.136912,231.4101
AXTA,28.39,29.38,29.46,28.38,1615654.251824,28.7036
DK,46.82,46.5,47.24,46.07,1538435.561436,46.8098
BOHpA,16.23,16.16,16.26,16.15,7092.0941,16.228
XPEL,41.73,43.38,44.24,41.69,236429.126212,42.1815
NXTC,9.78,9.76,10.0233,9.69,17336.29051,9.7825
MZTI,112.29,113.69,114.45,112.095,339753.256412,112.7247
PUBM,9.88,10.68,10.84,9.685,1828395.441863,10.2705
EVSD,51.035,51.08,51.08,51.03,74649.6454,51.0545
EL,82.75,85.34,85.6,82.0446,3091546.505102,82.7047
OSRH,0.5678,0.589,0.589,0.5289,1395823.833175,0.5641
IOT,29.07,29.28,29.8899,28.57,4614669.198678,28.935
TAXF,50.47,50.51,50.51,50.45,29700.861829,50.4666
AIRE,2.42,2.25,2.62,2.18,368773.840172,2.3894
SNFCA,9.55,9.84,9.84,9.42,20210.3,9.6132
CIF,1.63,1.64,1.64,1.63,119116.421648,1.6353
BTCS,2.13,2.13,2.2,2.0601,614710.954921,2.1485
TSHA,6.82,6.76,7.0,6.66,1770160.726078,6.8113
BMOP,24.915,24.86,24.9613,24.86,32774.0,24.8885
GNLpA,22.8489,22.8,22.86,22.8,2931.0055,22.836
BGM,0.2632,0.315,0.315,0.2603,224325.406356,0.2777
NVO,46.4,46.69,47.79,46.27,17851623.847911,46.956
ANNX,5.68,5.78,5.925,5.585,2275203.161266,5.7279
STWD,17.23,17.8,17.81,17.23,4863874.196112,17.3887
AXIN,10.2,10.2,10.2,10.19,1274.705303,10.1985
DHI,144.96,147.55,147.62,144.75,1758247.867383,145.4603
MSOO,8.5736,8.41,8.5736,8.41,802.6159,8.4296
FTNY,7.892,7.89,7.9199,7.88,168509.9697,7.898
CSX,44.74,44.7,45.155,44.6,10583903.089597,44.7526
AHMA,1.25,1.36,1.39,1.21,365729.489603,1.2912
ZUMZ,23.17,24.98,25.125,23.105,110445.392457,23.6815
IDCC,269.575,278.77,284.63,267.81,404892.481916,273.6888
HMR,0.813,0.81,0.8293,0.8005,21971.678424,0.8113
DFH,15.03,14.52,15.1,14.08,2001926.093806,14.6672
GDHG,1.66,1.75,1.75,1.65,2959.964082,1.6801
NCNA,1.97,2.07,2.14,1.83,111766.063081,1.9647
VANI,1.2,1.2,1.24,1.18,139111.601021,1.2062
AVIR,5.41,5.43,5.62,5.37,358829.432643,5.4357
WTRG,37.57,37.74,37.97,37.4,2134464.924756,37.6223
AOTG,60.6871,61.37,61.37,60.3499,10095.044926,60.8056
BRLS,1.31,1.45,1.5599,1.28,55057.584906,1.3939
SLDE,18.56,18.42,19.01,18.42,1368292.516063,18.679
BULG,41.8296,40.81,42.69,40.09,6085.2066,41.1734
NXGLW,0.049,0.049,0.049,0.049,200.0,0.049
MLTX,18.84,18.24,21.0,17.84,3343141.250232,19.2878
XQQI,52.39,52.14,52.39,52.04,210987.037265,52.2347
AFGC,18.65,18.68,18.68,18.5937,12255.0,18.642
SNOA,1.16,1.19,1.19,1.1301,93588.071246,1.1563
AGIQ,23.64,23.48,23.64,23.48,15942.358137,23.5643
TFINp,22.24,22.06,22.25,22.06,3231.7861,22.1239
VAC,75.19,76.77,76.77,74.8,481282.356954,75.3893
UWMC,3.33,3.32,3.45,3.08,33736973.664151,3.269
MNSO,14.31,14.63,14.645,14.31,469633.913634,14.4419
TNET,41.89,42.84,43.645,41.76,510833.419601,42.0281
GH,96.71,95.95,97.54,94.47,2027743.551321,96.3104
GSGO,42.9241,42.58,42.9241,42.58,2361.183,42.8588
XPOF,5.18,5.5,5.67,5.075,654601.948879,5.3301
MP,67.41,67.05,70.4,64.25,7260231.639788,67.8157
BJDX,1.76,1.72,1.76,1.72,16377.11794,1.7539
DDL,2.49,2.53,2.545,2.47,631651.740371,2.5058
LKQ,28.1,28.74,28.94,27.87,2954893.216081,28.2216
CRD.A,9.94,9.97,10.26,9.795,108122.34092,9.9969
PAAS,62.29,61.0,62.685,60.8,6344441.386991,61.8634
IQST,1.34,1.31,1.38,1.27,152475.134809,1.3188
NIC,144.21,147.79,147.79,143.63,141127.202636,145.1674
RYZ,26.24,27.21,27.44,26.16,475062.732236,26.5768
JXNpA,26.18,26.17,26.18,26.05,27977.0543,26.1177
YEAR,50.34,50.33,50.3491,50.32,108725.527098,50.3288
COSM,0.3069,0.3245,0.3387,0.3069,2497946.606414,0.3303
IYG,86.47,86.69,87.01,86.225,53142.027105,86.5613
GTOP,45.96,45.65,46.3485,45.65,12696.10241,45.9482
MBNE,28.981,29.0,29.0,28.91,3612.5751,28.9353
RDVT,46.9,49.52,49.8,46.56,132623.513849,47.4144
DTK,24.77,24.86,24.86,24.7,34991.0976,24.7798
AGMpE,20.95,21.01,21.02,20.95,7821.4024,20.9878
WDFC,206.32,208.48,208.48,203.62,126821.094811,205.3129
NRGD,28.28,29.63,29.705,28.14,17770.138179,28.9046
GME.WS,3.69,3.98,4.0,3.65,980493.608845,3.7252
ALOT,14.57,14.61,14.96,14.495,46287.102973,14.6813
EWP,56.98,57.13,57.245,56.92,350811.253042,57.091
AVEX,24.41,24.32,25.26,23.25,1220907.703281,24.2495
DOCN,162.72,162.85,162.85,155.49,3353081.060464,160.2506
ROBT,54.805,54.61,55.07,54.51,60578.015685,54.8465
CTRN,44.28,46.3,48.0,43.56,160736.638901,45.3622
BUFG,28.937,28.94,28.98,28.92,24574.847,28.9533
BUFT,25.7438,25.72,25.76,25.72,11448.494,25.741
INFQ.WS,6.32,5.9,6.46,5.9,126290.0,6.2761
DSX.WS,0.5,0.46,0.51,0.46,18863.24294,0.4952
ETFT,9.6339,9.72,9.72,9.58,3171.03679,9.6529
EUDAW,0.0399,0.036,0.04,0.0333,37725.0,0.03672
GLOF,58.512,58.54,58.66,58.501,9445.591973,58.5523
MAMB,24.3551,24.38,24.4,24.34,25304.616,24.3842
NBET,40.3069,39.94,40.3069,39.86,3551.135,39.99
DFSB,52.045,52.13,52.1699,52.0301,37469.9015,52.08
LCTD,58.5128,58.66,58.71,58.46,4182.701747,58.5925
AGNCZ,25.42,25.43,25.45,25.4,50898.196,25.43
RXD,10.6759,10.46,10.7299,10.44,13426.6565,10.4858
CATF,50.11,50.135,50.2,50.018,14686.384,50.15
FEIG,40.8452,40.885,40.885,40.83,40290.0003,40.8695
PSUS,41.13,42.05,42.1757,40.99,1327490.520404,41.3142
WU,8.97,9.07,9.15,8.95,7847527.822485,9.0067
AUAU,42.074,41.45,42.56,41.45,1775.414,42.0689
BKKT.WS,0.1133,0.12,0.12,0.084,8344.0,0.1033
UAA,6.06,6.41,6.435,6.01,13921431.48381,6.1361
BACpN,20.49,20.54,20.58,20.4801,70577.8366,20.5192
PMAR,47.25,47.3101,47.36,47.25,17831.8107,47.2994
BMAR,56.852,56.81,56.97,56.81,5113.491,56.8717
HYGW,29.0,29.04,29.06,29.0,67034.662,29.0356
REK,15.63,15.65,15.68,15.6,7985.184523,15.638
VCX,276.0,236.0,276.0,220.0,795805.338366,246.5598
MFI,10.2,10.4,10.4475,10.11,5728.003523,10.3216
XLII,25.285,25.08,25.31,25.01,4350.7358,25.1958
PABU,76.0383,75.82,76.3,75.82,1807.575299,76.1184
BCSM,22.9643,23.0,23.0,22.91,5236.560822,22.9418
UNX,42.866,46.58,47.19,40.55,13996.718,42.4162
ZJYL,2.33,2.1001,2.42,2.1001,13184.572755,2.3003
IFLR,52.1715,52.11,52.24,52.11,4243.9676,52.1846
MFSV,27.44,27.49,27.5,27.389179,160741.37115,27.4393
MPWX,26.8,24.73,26.9599,24.73,13844.814,25.8987
BU,26.4016,24.14,26.6999,23.99,13724.16,24.4273
WALpA,23.82,23.78,23.89,23.78,15774.0533,23.8324
CLSZ,6.415,6.75,6.7972,5.75,68161.935637,6.4231
ALTL,46.8567,46.68,46.921,46.68,4290.85031,46.7495
WETH,1.72,1.82,1.82,1.66,85647.0,1.7318
LOWV,79.97,79.68,79.97,79.675,16045.0216,79.8455
ASPSZ,0.20845,0.201,0.2249,0.2,18454.40871,0.203
SMOG,156.581,154.21,157.27,154.21,1464.457666,156.2495
RYLG,23.9056,23.84,23.945,23.84,1137.7157,23.9152
CMREpD,27.27,26.51,27.2735,26.51,2065.808,27.0901
SVRN,7.9,8.21,8.42,7.9,13810.112717,8.1968
KYIVW,5.38,5.49,5.55,5.3001,59395.0,5.4506
RFIX,38.17,38.04,38.76,38.04,285044.8352,38.4786
GYLD,14.225,14.22,14.345,14.125,22952.075733,14.2291
FSV,131.34,134.14,134.94,131.1,179142.879077,132.1997
LACG,14.0423,12.28,14.5,12.28,32453.964767,13.8833
IMTG,49.425,49.5,49.5,49.425,102.525,49.499
TJGC,1.9,1.64,1.93,1.6,2560553.0,1.6651
SVREW,0.0194,0.0122,0.0195,0.0113,10721.0,0.01606
AMOM,58.7325,58.4,59.05,58.4,5435.831531,58.6755
BDRX,3.68,3.84,4.1,3.65,52079.038,3.9214
WDIV,81.0589,81.52,81.52,81.05,5877.627671,81.1969
OPFI.WS,0.1551,0.1752,0.185,0.1551,12526.0,0.1775
LFS,2.13,2.15,2.2,2.05,23601.0,2.1396
QTOC,37.3563,37.36,37.43,37.3563,3069.0,37.3939
BDYN,27.2078,27.15,27.3,27.15,408253.2807,27.2345
HTCR,3.07,3.1801,3.24,3.065,43555.3457,3.1392
TEXU,39.11,38.07,39.11,38.07,3195.254,38.7095
NUBD,22.125,22.155,22.155,22.12,63100.618392,22.1404
FISR,25.5877,25.6351,25.645,25.5877,116619.8386,25.616
LALT,24.87,24.74,24.87,24.735,19134.887287,24.8294
DDX,25.0901,25.1,25.12,25.07,1820.898,25.1086
FLYD,62.7842,60.0,62.7842,60.0,1508.0,61.2257
CIMN,25.35,25.25,25.35,25.15,8214.731,25.2931
SFpB,23.73,23.75,23.88,23.73,12497.0,23.8113
BAPR,52.5843,52.6,52.67,52.55,5834.973,52.5888
WTLS,57.3025,57.465,57.55,57.3025,561.761,57.4807
GCAL,50.8975,50.96,50.97,50.8864,5883.749462,50.9197
HWAY,37.64,36.11,37.64,36.03,1096.4194,36.5744
AVOS,26.8663,26.99,27.13,26.8663,27243.19,26.9896
RYOJ,1.92,2.04,2.18,1.9,16555.0,1.9788
ZHOG,51.505,51.53,51.53,51.505,1006.8389,51.5299
DIME,10.27,10.069,10.33,9.96,10524.900808,10.1632
VBCB,75.5573,75.57,75.58,75.53,5799.9629,75.5662
JMMF,100.125,100.11,100.13,100.07,985.104082,100.1215
CWY,22.785,22.7101,22.92,22.7101,2499.7,22.823
GCOR,41.16,41.22,41.2231,41.15,90738.3414,41.1831
PFIG,24.0362,24.08,24.08,24.0362,6184.9336,24.0555
EVUS,34.54,34.5992,34.6,34.5,15134.3487,34.5401
BELFA,270.76,264.755,276.205,264.755,37947.41148,272.522
JBND,53.49,53.6,53.6,53.48,4915680.194436,53.5104
PCLA,1.715,1.77,1.77,1.5601,6927.722518,1.8013
UA,5.88,6.229,6.229,5.84,3381146.388397,5.9725
TSLI,31.1194,28.44,31.83,27.93,36738.193838,30.9363
CCSB,20.04,20.06,20.09,20.04,2581.6426,20.0611
SEEM,39.3542,39.43,39.48,39.27,29775.0,39.3913
AIVL,124.3296,124.27,124.421,124.26,1084.813972,124.3597
XLKI,27.3624,27.325,27.42,27.28,12786.7048,27.3523
CARD,2.865,2.8,2.88,2.8,4255.931,2.8407
FTMS,9.91,9.91,9.92,9.9,68211.6733,9.9133
PAUG,44.99,44.98,45.0201,44.98,12144.0,45.0036
BTYB,24.8,24.78,24.86,24.78,607.5567,24.8252
SNAG,7.2166,8.0,8.03,6.94,130364.854854,7.3034
SCKT,0.8842,0.8885,0.9,0.8601,37451.068743,0.8818
TWLV,9.94,9.93,9.94,9.93,1500.0,9.935
PJUL,48.215,48.16,48.2496,48.16,14217.18823,48.1969
SOLR,35.3166,35.07,35.4,35.07,2136.4706,35.259
FRAF,55.96,58.5,58.72,55.96,21704.990317,57.2409
AACG,1.14,1.22,1.235,1.14,29474.822014,1.1862
TCBIO,21.51,21.55,21.64,21.44,23931.0306,21.5167
JXX,31.0067,31.04,31.09,30.96,5976.3267,31.0083
QTAP,50.7229,50.8599,50.8599,50.7229,4941.425,50.7893
SNDA,36.96,35.16,37.71,33.1,977704.995389,36.811
AMAX,8.115,8.095,8.15,8.07,44016.054645,8.1203
RVMDW,5.1,5.14,5.18,4.86,36263.0,5.0703
CAFX,24.7752,24.8,24.81,24.7752,23334.0,24.7899
VXZ,55.95,55.3137,55.95,55.3,11596.9091,55.8026
DRLL,36.1894,35.88,36.215,35.802531,17262.932652,36.0145
BESS.WS,0.8,0.65,0.8,0.65,32052.0,0.7428
THYM,50.625,50.78,50.95,50.62,19165.0,50.6929
QDEF,86.0673,86.07,86.31,85.93,8212.148266,86.0641
BCLO,49.565,49.58,49.58,49.49,3152.495,49.5565
SFLO,32.5385,33.2231,33.2231,32.505,51257.334875,32.6839
NIOG,19.5377,18.845,20.07,18.845,12324.751491,19.4863
ISUL,19.4447,21.79,21.79,19.25,168539.527483,20.163
SIGIP,16.8357,16.79,16.88,16.76,10968.0,16.8087
AOHY,11.06,11.08,11.0899,11.03,44871.7041,11.0573
CBXA,22.9839,22.92,22.9839,22.92,13545.4893,22.92
LMUB,50.65,50.61,50.71,50.58,111748.8473,50.6645
WENN,10.24,10.24,10.2401,10.24,3489.0,10.24
QXOpB,52.29,52.53,52.53,51.2,101020.1955,51.875
HSCZ,42.7291,42.73,42.9,42.71,12161.292815,42.7722
BBHM,11.668,11.75,11.77,11.65,165394.0,11.6764
FDLS,41.06,41.259,41.35,41.0,30114.3213,41.0924
BKSY.WS,0.059999,0.0535,0.062501,0.0452,372541.0,0.05833
EVYM,50.44,50.57,50.74,50.42,16569.0164,50.4545
TAXI,51.215,51.22,51.24,51.215,34426.0,51.2392
MFLX,17.21,17.23,17.25,17.1658,2790.637,17.2089
BUXX,20.24,20.24,20.24,20.23,203391.305026,20.234
AHLpE,20.95,20.95,21.07,20.88,7040.0,20.931
AIVC,103.0467,102.5,103.6487,102.22,38158.423176,103.2265
CNQQ,25.5058,25.43,25.53,25.4099,14065.1631,25.4808
EDGX,26.5277,26.45,26.59,26.42,10139.3304,26.5161
WAI,1.91,1.8986,1.95,1.87,6397.36,1.9022
DYLG,26.8671,26.771,26.87,26.771,4146.4997,26.8456
OABIW,0.064,0.064,0.064,0.064,705.0,0.06007
ACLO,50.365,50.34,50.39,50.34,111587.8554,50.272
NURE,30.29,30.37,30.4,30.2,6724.029697,30.2752
RTYY,12.985,12.79,13.06,12.79,9179.6331,13.0
FLXR,39.25,39.28,39.28,39.22,665103.46273,39.2459
SDMF,25.7359,25.65,25.79,25.65,2857.067,25.6958
NCT,2.46,2.555,2.57,2.41,22567.0,2.4888
ALBG,19.2782,19.795,20.78,19.2782,36647.2026,19.8812
ABRpE,16.8,16.85,16.95,16.66,6306.4119,16.775
AEON,0.882,0.89999,0.89999,0.8006,85485.186519,0.8608
WINN,32.36,32.26,32.49,32.26,84785.779154,32.3666
PBRG,45.7504,45.14,46.215,44.185,18996.221,45.2927
PSTP,36.3915,36.37,36.45,36.37,3886.0,36.4082
IGHG,78.3358,78.18,78.4496,78.18,10808.811057,78.2792
CELGr,0.1,0.137,0.137,0.1,2966.0,0.1201
CTOpA,21.74,21.1,21.74,21.1,1720.5137,21.646
SEIE,35.172,35.3,35.33,35.14,44000.1599,35.2211
UJUL,40.25,40.2,40.3,40.2,2625.5068,40.2696
KROP,35.9298,35.76,36.01,35.57,3319.3932,35.7892
ABRpF,23.25,23.34,23.5645,23.18,13690.9377,23.3245
EVTR,50.91,50.96,50.98,50.8701,280278.1463,50.9234
ADCpA,17.08,17.11,17.125,17.06,14836.7986,17.0964
OWNB,23.88,22.8,24.04,22.8,7783.127472,23.4256
CARZ,115.8181,114.0,116.26,114.0,2424.703433,115.0318
AMZO,14.7919,14.55,14.7919,14.31,5791.1923,14.4751
PATX,7.9994,8.29,8.45,7.9994,20055.884,8.1394
PULT,50.335,50.34,50.34,50.335,980.7618,50.34
QUIZ,29.08,28.99,29.11,28.99,17976.5341,29.0848
XA,28.4817,28.46,28.58,28.28,2134.246,28.4363
VDV,77.2725,77.38,77.51,77.2725,6281.994,77.349
XPND,38.5996,38.5,38.6366,38.5,1590.4602,38.562
RITA,20.8543,20.93,20.96,20.85,2378.165876,20.9366
TPZ,22.1913,21.86,22.24,21.86,9516.62404,22.0871
TPYP,42.1514,41.7,42.25,41.69,80288.589514,42.0511
STRS,29.58,29.8,29.885,29.1,31420.3673,29.628
HFGM,34.0627,33.85,34.1499,33.85,66045.157026,34.0366
WANT,46.64,46.44,47.11,45.64,26717.713159,46.3487
ABNG,17.0094,19.23,19.28,16.9714,4256.658,18.1189
RPAR,23.053,23.07,23.1,23.0412,9286.470979,23.0867
PLTI,14.5525,14.22,14.5525,14.16,7873.7006,14.2958
YXT,0.5157,0.51755,0.52,0.4623,20377.0,0.4937
DISO,10.0457,10.4,10.4,10.03,11607.333772,10.2297
VFVA,142.555,145.49,145.49,142.4494,5557.177166,143.9599
RCpC,13.37,12.63,13.4699,12.63,1250.9666,13.1014
AAAA,30.1197,30.15,30.16,30.09,6267.5507,30.132
TBFC,29.4325,29.47,29.48,29.4325,1516.0,29.4636
ATLCZ,25.48,25.43,25.48,25.43,15027.358,25.4637
VBCD,75.575,75.67,75.67,75.575,3097.077,75.6531
GDEVW,0.007,0.007,0.007,0.007,1644.0,0.007
VGVT,75.2495,75.32,75.32,75.18,1329.0961,75.2529
SHMDW,1.85,1.8899,1.93,1.75,41313.0,1.8406
CFO,77.0434,77.18,77.18,76.98,2659.3028,77.081
MFSB,24.97,24.98,25.01,24.96,103055.79796,24.9819
YIBO,1.14,1.05,1.15,1.0,37416.105264,1.0862
XBAP,41.3911,41.41,41.49,41.38,3212.0,41.4174
FYT,65.3732,66.62,66.62,65.3732,154096.526132,65.5748
GEMG,14.6863,13.42,14.94,13.42,22509.725111,14.1976
VEEA,0.5955,0.545,0.6125,0.53071,206815.002898,0.5817
VEMY,28.7185,28.77,28.79,28.61,55687.5982,28.7377
FBLA,13.97,14.15,14.15,13.97,108531.5,14.0581
AVNV,85.375,85.4,85.5584,85.375,4023.203887,85.4417
VBCC,75.59,75.655,75.655,75.59,1610.781,75.64
QQXT,96.6724,97.25,97.25,96.62,1671.622923,96.8388
CXRN,20.275,20.121,20.43,20.07,20076.851546,20.1809
BAIG,40.44,36.41,41.64,36.38,41926.900506,39.4515
ISSB,24.61,24.15,24.61,24.05,4806.757147,24.2236
BIII.U,10.08,10.07,10.08,10.06,1259.0,10.0702
VACH,10.91,12.05,13.11,10.68,29510.686144,12.047
BBYY,12.1558,12.16,12.1999,12.1558,1282.455831,12.1788
EZPZ,20.49,20.2261,20.49,20.16,8875.2808,20.3494
TXXH,27.03,25.7511,27.03,25.42,6478.0,25.6275
GDVpH,22.27,22.31,22.31,22.27,518.0,22.2559
IDAI,2.275,2.48,2.48,2.1893,102610.283633,2.2742
WBUY,1.21,1.28,1.28,1.18,33196.361641,1.2249
VBCA,75.495,75.51,75.52,75.495,1598.22,75.51
MSFW,28.9844,28.8,29.0,28.6848,13785.730489,28.8208
XBJA,33.3416,33.34,33.4,33.33,1233.0,33.3683
CQTM,28.14,25.88,28.6,25.88,10325.892111,27.7546
OVLH,41.69,41.605,41.763,41.605,13345.8529,41.6847
TYA,12.9,12.98,12.98,12.895,56620.950559,12.941
CIIT,1.43,1.2505,1.53,1.2505,36691.031428,1.3963
VBCE,75.72,75.825,75.825,75.72,3181.052,75.791
ETEC,30.7016,30.5,30.78,30.46,1733.7353,30.5379
BRUNW,10.34,8.25,11.5,8.0,124717.266257,10.6496
XDEC,42.3545,42.395,42.42,42.32,2905.746,42.3652
HWH,1.07,1.04,1.1,1.02,16118.689,1.0687
UCYB,55.315,55.24,55.32,55.22,2079.418,55.1612
CPAI,47.85,47.98,48.09,47.7,26518.662666,47.8481
HUDI,1.125,1.1353,1.165,1.1,13496.5,1.1321
CBNA,36.81,36.81,37.225,36.81,2240.2242,37.0071
VSECU,49.92,55.19,55.19,49.92,26869.0,50.3892
NVR,5910.67,6008.99,6008.99,5887.06,19268.399553,5922.0265
STXV,36.6547,36.75,36.83,36.62,8934.1161,36.6581
SZZL,10.31,10.31,10.31,10.3,37895.0,10.3048
TLTE,78.536,78.76,78.76,78.38,6467.442337,78.4869
MFSI,31.84,31.89,31.93,31.8,162718.0664,31.8608
BOBP,31.47,31.3,31.47,31.3,2626.24,31.348
MAYP,32.1,32.085,32.14,32.07,6299.0,32.1029
IBIM,25.5,25.55,25.57,25.48,18168.891,25.514
CNAV,41.64,41.24,41.77,40.93,10109.7682,41.5872
OASC,33.9792,34.14,34.15,33.9792,26652.750397,34.0933
MFSM,25.0953,25.09,25.12,25.09,27201.4928,25.1023
OAIM,47.6291,47.74,47.74,47.52,27533.490945,47.6426
NMAY,29.27,29.3,29.32,29.24,49683.248,29.2649
SOVF,28.3684,28.68,28.68,28.2901,9108.1345,28.4856
SELV,32.03,32.2,32.2,31.95,6466.0563,32.0503
ISMF,28.3434,28.34,28.41,28.26,4105.850306,28.3136
FULTP,18.29,18.3295,18.35,18.29,8033.8628,18.3304
RITR,0.4967,0.478,0.4968,0.46,45167.03505,0.4844
MODD,3.82,3.8,3.8699,3.61,29994.31445,3.7166
TNGY,10.2,10.01,10.22,10.01,65604.858999,10.1447
INLF,4.355,4.29,4.505,4.29,6032.5,4.3683
FSZ,81.8619,82.54,82.54,81.8619,1116.913154,82.4951
MFICL,25.35,25.45,25.5,25.32,19515.0,25.4129
MAGA,54.2243,54.12,54.2243,53.5,1084.607158,54.0847
QEW,28.269,28.35,28.35,28.26,40326.312719,28.2957
PTLE,5.45,5.9,5.98,5.3701,7273.613212,5.7653
KITTW,0.0376,0.0379,0.0379,0.0261,15547.0,0.03351
SWAN,33.5356,33.5,33.64,33.5,8277.285064,33.5859
PYPY,27.3815,27.59,27.63,27.38,18486.438187,27.5274
FCSH,24.275,24.29,24.33,24.2749,1815.8725,24.3022
MMCA,21.7114,21.75,21.75,21.71,12248.4908,21.7372
RILYZ,18.78,18.84,19.1999,18.695,90632.6383,18.8555
TXBC,16.6989,16.539,16.6989,16.52,3710.77994,16.6232
QEMM,80.95,81.07,81.15,80.95,1762.404048,81.0305
EMM,44.1349,44.26,44.2699,43.36,29163.020913,43.7607
FCRS,10.26,10.26,10.275,10.24,63111.4128,10.2592
CPSL,27.82,27.83,27.83,27.81,8711.814,27.8194
HIFS,271.2,279.31,282.91,271.01,25665.860099,274.7998
USCA,43.573,43.6,43.648,43.573,518.8157,43.6123
HDMV,37.7169,37.774,37.774,37.7169,343.8727,37.765
GIBO,1.3,1.31,1.35,1.3,8183.428461,1.3098
EDTK,1.01,1.04,1.04,1.01,553.0,1.0248
STLU,20.0171,19.74,20.49,19.74,2265.114,20.199
MEXX,34.29,34.6399,35.19,34.0408,32625.480148,34.7201
MKDW,7.25,7.28,7.44,7.23,3043.632177,7.2946
RCTR,38.019,37.4,38.08,37.4,3142.086197,37.9629
MYCH,24.905,24.91,24.91,24.9,228340.8522,24.9098
FLX,2.53,2.5,2.6,2.48,204959.686275,2.5435
NULC,52.5899,52.7,52.79,52.5899,422.8632,52.6891
TIL,8.13,8.17,8.22,8.02,25596.736484,8.1148
MGIH,1.48,1.5,1.521,1.43,19179.0,1.4733
ACCL,1.45,1.43,1.45,1.395,21231.1846,1.4133
JIII,49.88,49.97,50.07,49.8409,5592.0727,49.931
ZETX,14.5428,15.3329,15.3329,14.5407,15964.35371,14.8244
LMNX,12.7317,12.31,13.1599,12.05,38902.685,12.6854
CDROW,0.75,0.7168,0.75,0.6746,3670.0,0.7371
ADAMZ,18.5001,18.65,18.65,18.5001,1238.0,18.5788
BLZR,10.1,10.1,10.1,10.095,14998.0,10.1
STXT,20.0047,20.07,20.1,20.0,15526.5695,20.0523
ALCY,11.675,11.66,11.675,11.47,27143.412,11.5882
FYX,132.8872,133.85,134.43,132.7201,81687.695992,133.5661
APXT,10.0,10.0,10.0,10.0,397.0,9.9997
ARTC,9.86,9.87,9.87,9.86,32659.0,9.86
PBL,32.8516,32.78,32.88,32.7701,6227.236,32.8137
NBOS,27.92,27.89,27.92,27.83,29732.8568,27.8599
KDKRW,1.31,1.37,1.41,1.27,131369.0,1.3126
SCC,14.2125,14.23,14.34,14.12,5800.104016,14.2914
CVRT,52.1373,51.55,52.4,51.37,9014.8798,52.1801
GGR,4.0,4.08,4.1312,3.73,18637.992389,3.9622
PARK,18.03,17.402,18.26,16.66,58766.89006,17.6881
SFST,56.22,56.065,56.85,55.795,100974.0516,56.1293
EXUS,27.575,27.56,27.67,27.56,2092.8421,27.6116
BWIV,9.96,9.85,10.0,9.85,10593.0,9.9689
STXK,36.408,36.68,36.68,36.408,12617.768134,36.5348
PSTR,30.4953,30.525,30.63,30.4953,476.990419,30.5444
PLOO,13.8666,13.5,13.8666,13.5,258.0,13.617
AFBI,22.48,22.5,22.5,22.45,10214.1,22.4891
CRDX,26.1786,25.89,26.4499,25.84,4207.0,26.314
BZQ,9.595,9.35,9.64,9.35,13458.48469,9.6035
BEPI,15.75,15.66,15.75,15.66,6763.923,15.7324
AGMB,12.18,12.04,12.34,11.63,119424.0,12.0797
IONQ.WS,45.8,37.79,47.0,37.79,24489.08,44.2304
NSApA,23.08,23.02,23.26,22.95,35993.5874,23.052
RWAYI,25.04,25.1,25.14,25.0,28859.0,25.0777
BIPH,16.55,16.5,16.577,16.5,10626.5192,16.5466
IEDI,54.88,55.42,55.42,54.76,5891.842248,54.9744
QBUF,30.53,30.545,30.58,30.51,21194.17831,30.5489
AIDX,1.37,1.35,1.44,1.35,40812.6478,1.3855
AXIAp,12.8,13.04,13.05,12.67,84322.071245,12.8937
MTR,4.28,4.23,4.3,4.2,8968.1726,4.2551
VIASP,25.4847,25.5,25.59,25.3802,3459.0,25.4744
BAOS,2.715,2.6603,2.715,2.66,3290.9123,2.6834
PRMR,26.2083,26.17,26.25,26.17,4798.0,26.2138
PRIFpD,25.115,24.92,25.115,24.92,1159.0,24.9718
QLTI,26.09,26.2,26.2,26.03,51532.0278,26.0636
FIAX,17.71,17.74,17.745,17.71,9188.077299,17.733
ACPpA,20.08,19.87,20.22,19.87,2114.0,20.0578
AESR,19.845,19.8054,19.89,19.76,37584.373679,19.8224
DBEM,40.375,40.309,40.52,40.07,7914.7671,40.204
RAAQW,2.65,2.575,2.74,2.57,153002.0,2.6839
HNVR,22.91,23.15,23.23,22.91,13250.8646,23.0656
MLCIL,23.7135,23.77,23.77,23.7135,791.0,23.7387
PSCC,32.1832,32.86,32.88,32.1832,10756.6122,32.3613
QCJL,24.82,24.79,24.82,24.79,6054.0,24.7989
REGCO,22.175,22.175,22.175,22.175,1214.0,22.199
MVRL,14.6004,14.7799,14.875,14.53,22727.076916,14.6383
NOMA,3.5,3.79,3.79,3.485,6911.0,3.5878
IGACU,10.135,10.21,10.21,10.135,3452.0,10.1413
RSSL,111.76,111.39,112.135,111.39,3920.7795,111.9475
TSSD,25.1366,24.93,25.1366,24.93,4449.5434,24.9651
NUAG,21.0,21.02,21.02,20.9903,5230.903573,21.0044
POCT,45.785,45.815,45.84,45.77,37517.934412,45.8066
RETO,0.6275,0.6251,0.645,0.62,56847.55,0.6134
RNTY,50.4012,50.45,50.45,50.23,787.689614,50.3762
STXE,49.6727,49.67,49.71,49.46,18638.568063,49.5893
SOLM,12.6683,12.37,12.669,12.37,13145.0446,12.5787
ILS,19.87,19.86,19.89,19.86,29915.840465,19.8823
SLVX,21.1934,20.925,21.22,20.8,14322.2029,20.9441
DSCO,24.845,24.84,24.88,24.82,8791.794353,24.8465
IVVB,34.27,34.28,34.31,34.19,8964.802169,34.2777
STRV,47.6092,47.55,47.72,47.52,65247.694638,47.6605
CMGG,13.7566,14.08,14.08,13.55,1950.2783,13.8207
RCG,2.8,2.75,2.81,2.72,9175.751055,2.7697
AQEC,24.1018,24.31,24.31,24.05,77116.083,24.1163
SOFR,100.2436,100.24,100.26,100.24,3550.70497,100.2561
RSSE,22.3949,22.44,22.44,22.38,1521.424,22.3899
EGGQ,57.9701,56.59,58.49,56.59,14383.179209,58.0111
EXOZ,9.8,10.125,10.125,9.8,1481.0633,9.8237
SLNZ,45.515,45.45,45.515,45.38,30387.3021,45.4632
KKRS,16.849,16.825,16.9199,16.751,9553.924,16.8419
TPCS,4.21,4.26,4.4069,4.2,11442.597246,4.2631
DDFD,19.81,19.814,19.82,19.76,4479.0,19.7958
JHCP,25.165,25.199,25.2099,25.165,7353.0,25.1788
CLNK,19.3989,19.12,19.515,18.94,21113.514,19.2297
BZAIW,0.4,0.489999,0.515,0.4,310745.0,0.4345
VS,1.23,1.2203,1.24,1.1,41552.196419,1.1662
DDFM,19.605,19.62,19.62,19.6,5019.0,19.6081
GSEU,48.1302,48.29,48.3392,48.08,9943.6164,48.2081
BYAH,1.3,1.36,1.36,1.23,44085.67684,1.3085
QMOM,79.92,78.8535,80.4669,78.8535,32717.361213,79.9332
NOA,14.58,14.62,14.76,14.51,79151.553377,14.6098
RSPE,32.09,32.18,32.23,32.07,9395.3076,32.1356
DBND,45.705,45.7762,45.7897,45.7,80649.7464,45.7222
TMUSL,24.8501,24.87,24.94,24.84,11934.205,24.8939
DFSI,45.47,45.38,45.59,45.38,39303.838115,45.4876
IRHO,9.98,9.98,9.99,9.97,691443.0,9.9798
XTWY,37.0003,37.17,37.17,36.995,7759.5569,37.0666
NDEC,29.66,29.64,29.685,29.63,44008.0,29.6363
CNET,0.73,0.67,0.785,0.6501,19869.519681,0.7027
FUND,10.31,10.179,10.31,10.179,16048.0978,10.2708
CTEX,43.9073,43.34,44.92,43.34,2467.2122,44.307
JOJO,15.6087,15.64,15.64,15.6087,1919.3836,15.6245
NLYpG,25.373,25.3,25.43,25.26,20049.4306,25.3798
RVSB,5.44,5.5492,5.5492,5.37,51983.1844,5.4707
GMEY,31.7423,32.7,32.7,31.7423,2669.158013,32.3031
CPSM,29.165,29.21,29.21,29.1119,34922.254977,29.1631
PGYWW,0.065551,0.065,0.0694,0.065,29673.0,0.06676
INEQ,40.4965,40.599,40.66,40.48,30303.4899,40.5898
MSDD,23.0361,26.59,26.59,23.0,18673.6822,24.5456
MCAHU,10.03,10.03,10.03,10.03,630.0,10.0284
PAVS,1.2,1.26,1.26,1.18,64020.840689,1.2264
HBCP,64.09,64.745,65.1,63.94,78910.294,64.3534
FTWO,46.5517,45.91,46.57,45.91,13519.818469,46.402
PMTU,25.4299,25.45,25.45,25.33,8712.389,25.3954
DTW,21.83,21.81,21.9,21.76,18585.709,21.8262
DINT,29.7587,29.795,29.85,29.7101,9053.7275,29.7808
UNOV,39.67,39.7,39.735,39.67,79695.961247,39.7082
BCDF,32.7401,32.67,32.7401,32.64,939.4865,32.6829
TMVE,17.03,17.08,17.08,16.99,4230.7472,17.0307
UCL,1.12,1.185,1.185,1.1,10115.750879,1.1142
POLEW,0.25,0.27,0.28,0.24,3898.0,0.2622
BLGR,31.56,31.43,31.65,31.43,50869.183254,31.608
DYNCU,10.8,10.8,10.8,10.8,306.0,10.8
NHPAP,21.068,21.0,21.37,20.81,9306.5737,20.9912
GMHS,0.99,0.9279,0.99,0.9,3578.0,0.9282
VRM,12.45,11.81,13.74,11.5,9396.265386,12.2209
GCAD,52.28,51.6401,52.3,51.6401,1327.3661,52.129
EIRL,74.2819,74.86,74.87,74.15,2687.886287,74.3957
TCRT,2.63,2.63,2.6538,2.6,13964.469298,2.625
PTOR,9.88,9.88,9.88,9.88,199.0,9.8772
COSW,45.1245,45.17,45.19,44.5,3506.931422,44.958
LDRC,25.15,25.175,25.19,25.15,7950.3065,25.1738
ITDG,41.4978,41.5198,41.6,41.4978,20584.103012,41.5281
SMIG,31.42,31.485,31.61,31.41,231181.752649,31.5076
MAGO,24.5141,24.31,24.77,24.11,2213.474,24.4937
TEXX,28.2499,27.87,28.2499,27.87,1156.0,28.0215
SEALpA,25.657,25.64,25.6995,25.64,3990.8699,25.6661
FEMV,25.41,25.445,25.47,25.41,1508.182,25.4334
RWTP,25.23,25.35,25.35,25.19,3061.0,25.2572
CLCG,28.748,28.75,28.81,28.711,981.0,28.7753
SWP,28.4027,28.445,28.55,28.4027,6550.5239,28.4662
ADAMH,25.74,25.75,25.75,25.7001,5968.237,25.7354
TECY,25.04,25.07,25.08,25.035,2155.083,25.0579
BOXA,105.3739,105.515,105.705,105.3739,887.474,105.5686
INDQ,26.898,27.0,27.05,26.82,7363.3769,26.9411
QBF,19.4175,19.2,19.44,19.2,5617.1584,19.3591
FGMCU,11.1,11.66,12.83,11.02,758.0,11.3847
ENZL,46.1533,46.0,46.32,45.97,61853.175356,46.131
YBST,15.55,15.38,15.58,15.38,2909.897007,15.4883
ADAMG,25.33,25.29,25.3398,25.2001,18933.7437,25.298
HERD,47.727,48.13,48.13,47.7201,6912.8214,47.8375
ABEQ,37.32,37.31,37.36,37.28,25379.931,37.3043
GLDI,167.755,167.9,167.9,167.17,32245.95581,167.4778
BKHY,47.55,47.62,47.62,47.53,15194.12062,47.5791
BKFI,23.8755,23.93,23.94,23.87,140168.0,23.8854
FSEV,25.34,25.59,25.64,25.34,1101.355,25.5099
CLDTpA,20.32,20.5,20.5,20.19,12500.5054,20.2793
WFCpY,23.96,23.95,24.0221,23.95,29170.2592,23.9737
AVMV,78.05,78.23,78.27,77.95,23553.185543,78.104
BKMS,25.51,25.5,25.53,25.4823,115182.0,25.5042
FMNY,26.755,26.77,26.79,26.74,14573.8975,26.7572
MTNE.U,10.03,10.03,10.03,10.03,200.0,10.03
CZA,116.6184,117.13,117.13,116.48,3536.5408,116.6998
QQH,84.3487,84.02,84.6,83.76,53084.367899,84.2581
JAPN,23.6553,23.66,23.75,23.65,11677.6159,23.731
LDRT,25.1301,25.13,25.17,25.13,22304.4714,25.1425
BEDY,28.0294,28.0,28.045,27.95,45514.5775,27.9949
EVLVW,0.133367,0.1266,0.1395,0.1215,10595.0,0.1292
NYSX,122.902,122.53,123.24,121.84,3375.5147,122.8703
PCIG,8.36,8.48,8.48,8.35,12333.6,8.3831
TMAT,28.543,28.28,28.62,28.28,40576.4287,28.5282
LJUL,23.945,23.91,23.945,23.91,1026.0,23.9105
ARMH,88.2354,87.33,88.3801,87.33,1676.224821,87.8618
EGHA,10.27,10.265,10.27,10.26,8274.0,10.2617
EHGO,1.8,1.72,1.8,1.71,10626.9375,1.7588
ZBAI,8.82,8.35,8.9,7.97,5944.833517,8.4624
RINF,32.6,32.55,32.6,32.55,1331.5372,32.5541
NEXRW,0.0176,0.0176,0.0176,0.0176,5000.0,0.0176
NAMSW,29.99,28.0,30.45,28.0,1451.0,29.6163
RDFI,23.57,23.66,23.66,23.57,11174.3978,23.6298
SPYH,55.8975,55.85,55.99,55.8101,13942.468635,55.9481
BRKRP,337.59,341.9999,344.15,334.31,13085.0,336.0439
VECA.U,9.975,9.98,9.99,9.97,26337.0,9.9841
BHFAP,15.91,15.985,15.9999,15.8202,34763.2072,15.8937
FPWR,37.3268,37.06,37.36,37.06,2742.5598,37.2005
LKSP,10.105,10.1,10.105,10.1,3265.0,10.1002
NVNO,9.88,9.9,9.9,9.3606,14374.124947,9.6949
NAZ,12.61,12.68,12.7,12.5,7964.725174,12.6432
UPSG,14.2556,14.3,14.31,14.2556,330.0,14.2747
SIMA,10.99,10.97,11.24,10.91,701.0,11.0003
FTW.WS,1.03,1.07,1.07,0.99,25704.56,1.0332
CULP,3.52,3.625,3.72,3.49,62404.3574,3.5406
CLSM,26.9733,26.91,26.98,26.91,10827.2688,26.9527
RPHS,10.6917,10.63,10.7,10.63,6508.8421,10.6875
LCFY,4.3,4.4,4.4,4.28,8925.6422,4.344
USPX,64.49,64.36,64.58,64.36,54347.4858,64.4943
MVSTW,0.0318,0.0339,0.034,0.03,368774.0,0.01661
OWNS,17.37,17.39,17.4,17.37,20017.328902,17.3805
LBRDP,21.5,22.12,22.12,21.5,47045.9969,21.7237
SDG,91.2645,91.1355,91.612708,91.1355,2361.487159,91.4722
APCB,29.41,29.44,29.44,29.37,75639.389107,29.416
EET,118.15,117.8471,120.31,117.755,16909.358756,118.045
BINT,32.295,32.29,32.34,32.27,30547.0205,32.3002
MXC,9.56,9.24,9.56,9.1,9709.039,9.2261
QSEA,10.45,10.41,10.45,10.41,3587.043063,10.4182
TC,10.0,10.11,10.3,9.8,7829.191089,10.0149
KAT,54.69,55.05,55.0682,54.66,12235.9339,54.9461
ECBK,18.3,18.71,18.71,18.1701,5892.8139,18.4567
BNR,16.21,17.3,17.3,15.83,14682.706403,16.2524
MLACR,0.21,0.24,0.27,0.21,4000.0,0.2651
COFS,30.94,31.475,31.505,30.85,44556.3488,31.0147
RFG,62.4327,62.08,62.48,62.08,5971.7934,62.38
BKMI,26.3132,26.3,26.3791,26.29,33407.0,26.3362
APLM,14.65,14.95,14.993,14.5001,2773.574441,14.7418
FLCC,34.6109,34.69,34.72,34.58,13230.4357,34.6526
AFIF,9.4,9.41,9.421,9.39,51120.993213,9.4015
ATXG,4.83,5.14,5.14,4.82,11907.533333,4.9184
SSBI,13.7,13.7,13.7035,13.685,2135.3378,13.7007
RTRE,25.0639,25.06,25.07,25.06,22344.1101,25.0615
FUSI,50.35,50.38,50.38,50.33,1903.134,50.3434
KWIN,25.55,25.57,25.57,25.451,11972.354239,25.5341
JYD,4.75,4.83,4.85,4.7022,14127.813987,4.7761
BLZRU,10.24,10.2699,10.2699,10.22,1018.0,10.23
TMED,30.1257,30.4549,30.4549,30.08,1773.4412,30.3828
GXPD,27.12,27.07,27.21,26.99,9593.2506,27.1554
NDOW,29.48,29.37,29.625,29.37,21444.5909,29.4161
CCLDO,27.48,27.4806,27.49,27.48,5752.0842,27.4855
SLXNW,0.012849,0.0106,0.0133,0.0106,10319.0,0.01199
SNAV,37.64,37.58,37.7,37.58,8742.9281,37.6127
KNGZ,39.4393,39.7,39.7,39.35,1795.536,39.4592
SDSI,51.31,51.32,51.38,51.31,14048.5633,51.3308
OILT,30.3225,30.1,30.3225,30.0299,6654.304,30.1708
NCPLW,0.023,0.025,0.025,0.023,2500.0,0.02428
POLE,10.7,10.7,10.7,10.7,15922.0,10.7
CPLS,35.195,35.27,35.27,35.195,7992.406378,35.2257
TMYY,24.8604,24.4,24.91,24.4,4352.0,24.7273
TDSC,27.5618,27.55,27.5618,27.54,4072.448,27.551
SBB,11.975,11.89,11.9992,11.89,5246.899,11.9551
NCRA,0.2515,0.2353,0.2571,0.2257,152204.0,0.2416
RUSHB,66.84,68.1,68.6,66.64,147388.777027,67.7429
BOUT,46.6091,46.445,46.6091,46.445,539.6877,46.5341
TDSB,24.9804,24.99,24.99,24.97,1385.707,24.9775
RDZNW,0.1903,0.2575,0.2575,0.19,17275.0,0.2159
NELS,27.7725,27.79,27.83,27.76,19131.0,27.7909
ETTY,11.9528,11.85,11.97,11.8,13613.6944,11.925
DAAQ,10.29,10.29,10.3,10.29,17520.543,10.2902
KMAY,29.59,29.525,29.679,29.5,20603.0,29.6131
EMTY,12.4573,12.195,12.48,12.195,16041.103685,12.3775
GHTA,31.117,31.18,31.18,31.117,4681.2278,31.1783
MBBA,49.69,49.78,49.78,49.6211,4703.9737,49.6874
RSEE,38.7148,38.7,38.83,38.7,11528.597,38.7263
QVAL,54.0094,54.2639,54.45,54.0094,18066.026674,54.1638
SRGpA,20.5,20.25,20.52,20.25,20411.0711,20.3348
RJDI,28.9037,28.76,28.94,28.76,43540.0,28.8757
NSI,39.0878,39.16,39.16,39.07,1547.414736,39.0989
NICO,25.63,25.2,25.63,25.2,7496.107,25.4512
UNB,23.85,23.895,23.95,23.81,3314.24769,23.9109
PIPE,29.74,29.4401,29.81,29.4401,4516.7681,29.7386
MLPD,25.425,25.3,25.51,25.3,6323.302139,25.4066
ORIQW,0.1703,0.1703,0.1703,0.1703,544.504282,0.168
LTTI,18.4343,18.58,18.58,18.4343,5879.0,18.5587
GRAN,1.05,0.93,1.08,0.93,66696.958832,0.9981
THCH,2.03,1.98,2.09,1.98,1755.500312,2.0353
PUSH,50.38,50.378,50.44,50.35,20133.0,50.3736
UIVM,73.355,73.5,73.595,73.355,2843.3117,73.4856
EGG,6.8,6.97,7.1,6.66,42004.89089,6.9208
BGSI,113.64,117.18,117.18,111.3601,37480.464523,112.9952
CHMIpB,23.265,23.265,23.265,23.17,1311.5132,23.2227
KVACW,0.0125,0.0155,0.019,0.0121,79028.0,0.01643
MGOV,20.305,20.31,20.33,20.25,28042.0608,20.28
CPAG,102.39,102.539,102.54,102.39,2571.0,102.4902
FMET,38.5848,38.491,38.7999,38.49,9187.086364,38.6246
WBSpF,21.41,21.41,21.435,21.41,4954.6765,21.4117
ESN,19.2252,19.1638,19.25,19.1638,208224.4734,19.2134
WBIY,33.8134,34.045,34.045,33.75,2488.06313,33.8311
DIVG,35.3214,35.42,35.42,35.3214,1375.629557,35.3719
NNAVW,8.88,8.75,9.13,8.59,255141.0,8.9347
SLMBP,74.71,72.67,74.8,72.67,1156.02,73.9714
XBB,40.885,40.9,40.93,40.87,74107.06502,40.9176
GPRF,50.425,50.51,50.51,50.425,1157.1756,50.4282
BDVL,26.06,26.06,26.13,26.0001,330109.8818,26.034
QLEP.U,10.01,10.01,10.01,10.005,11582.0,10.0092
OAEM,48.86,48.55,48.92,48.395,30670.723391,48.765
RINT,31.405,31.39,31.48,31.3408,19084.018,31.4376
QBSV,26.3498,26.35,26.39,26.3498,7427.0,26.3755
TOV,31.0954,31.0464,31.0954,31.0464,503.7853,31.0875
BBHL,16.63,16.65,16.69,16.62,43510.0,16.6685
MCGA,10.18,10.19,10.19,10.18,44924.643,10.1865
PDYNW,0.0469,0.0427,0.0495,0.0426,23162.0,0.04487
LANDO,21.35,21.2808,21.4,21.2,7413.7734,21.3343
MBOX,38.845,38.9,38.945,38.84,9473.9762,38.8794
EURL,44.8,44.9,45.05,44.435,47096.469591,44.7172
OCCIN,24.69,24.7908,24.7908,24.69,2758.0,24.7247
TDEC,26.353,26.37,26.3701,26.353,3864.0,26.3696
SOEZ,17.08,16.5,17.09,16.4,38067.0849,16.9046
TISI,15.99,17.4999,17.4999,15.6,16764.2682,16.343
FSI,6.05,6.26,6.26,5.99,32402.561651,6.0581
MSST,45.943,43.415,46.27,43.415,3746.075192,44.2848
NEMG,23.7422,23.5,23.98,23.3501,5859.065,23.6945
TACO,10.35,10.36,10.38,10.35,3687.0,10.3618
CZWI,21.08,21.33,21.42,21.035,11473.018,21.1889
KCAI,32.885,32.7056,32.885,32.7056,1344.614,32.8216
TLTD,101.0971,101.095,101.37,101.07,19627.791691,101.1873
JUCY,22.18,22.21,22.23,22.16,38451.935108,22.1982
UJAN,44.895,44.8329,44.92,44.8329,9380.0,44.8833
OXLCN,25.0373,25.01,25.0373,24.77,2062.6618,24.9409
PRTO,27.9164,27.93,27.94,27.9164,2735.0,27.9407
JHLN,24.717,24.72,24.72,24.71,6618.0,24.7195
DWSH,6.5729,6.45,6.59,6.45,73218.552599,6.5682
IBID,26.25,26.25,26.27,26.22,15829.4877,26.2483
EFNL,54.8743,54.24,54.92,54.19,205880.79093,54.6115
GIND,23.845,24.03,24.03,23.845,1295.0,23.9094
RAC,10.41,10.3704,10.41,10.3704,448.0,10.3997
ASBPW,0.0199,0.0193,0.02,0.0175,14526.0,0.01943
YQ,2.22,2.5,2.85,2.15,24905.528972,2.4874
MCH,29.61,29.53,29.61,29.51,2018.625545,29.5268
JA,50.125,50.14,50.14,50.11,1452.873088,50.1193
ODTE,27.37,27.32,27.45,27.28,3356.15,27.3652
EDGH,35.74,35.6299,35.74,35.56,32338.995026,35.6735
BRNY,55.3633,55.46,55.63,55.3633,38055.8026,55.4792
CHARR,0.08,0.11,0.11,0.08,1644.863012,0.09617
OKTG,11.6643,12.145,12.215,11.58,8122.050065,11.8923
OFAL,0.7285,0.71,0.74,0.6677,395589.0,0.7049
AMBO,2.11,2.29,2.37,2.11,6241132.10578,3.6867
LOKV,10.46,10.47,10.47,10.46,40936.0,10.4609
CCEL,3.52,3.4739,3.55,3.41,7748.926628,3.485
PSECpA,17.7,18.01,18.2,17.6,12500.1099,17.8542
DOL,74.1445,74.1,74.33,74.05,7568.3274,74.2185
ARESpB,41.46,41.0,42.04,40.96,332835.9492,41.3265
UNHU,48.2249,47.57,48.28,46.41,7881.0,47.6808
EDHL,2.4899,2.35,2.49,2.25,18665.933539,2.3358
RITMpD,24.9,24.89,24.93,24.8549,21508.4565,24.8993
TTT,69.0238,68.05,69.0238,68.05,1661.5725,68.8064
LDRI,25.645,25.65,25.65,25.62,1294.8105,25.6402
IBMU,25.325,25.34,25.45,25.325,22961.0,25.3582
WAFDP,16.77,16.7,16.77,16.64,15126.294,16.7215
GXPS,26.8687,26.869,26.88,26.6949,13635.0595,26.7864
CDIG,26.1431,26.13,26.29,26.13,8102.587,26.2032
GIGB,45.83,45.87,45.9,45.82,32349.6514,45.8613
SMDD,8.6968,8.64,8.6981,8.62,6256.438702,8.657
CCG,0.676,0.688,0.6999,0.6602,58752.282799,0.6732
ASMF,26.3,26.13,26.32,26.13,1200.385443,26.2495
APLU,24.67,24.76,24.76,24.655,84828.959,24.684
MFAO,25.26,25.215,25.2901,25.215,28857.0,25.2596
STXD,37.9247,37.89,37.98,37.87,2929.3954,37.9319
MEDX,32.3769,32.75,32.75,32.3769,1062.822,32.6636
BILD,30.6625,30.6596,30.6625,30.6596,279.9448,30.6584
BSAA,10.3,10.3,10.3,10.3,9996.0,10.3001
JHEM,40.4038,40.47,40.48,40.305,21420.1115,40.4236
ECCC,23.65,24.1,24.1,23.5601,24247.0,23.7453
AREBW,0.010101,0.01,0.0116,0.01,3205.0,0.01034
NIXT,31.0247,30.98,31.0247,30.98,324.3879,31.0535
KEEX,72.1084,62.834,79.13,61.85,14736.696518,71.9423
TYO,13.86,13.79,13.8982,13.78,11737.8162,13.8633
TRTNpB,25.48,25.42,25.48,25.42,2861.0,25.4339
RTH,262.0219,264.69,264.84,261.89,4648.142623,263.5503
ADAG,3.79,3.375,3.805,3.21,80592.068932,3.7323
JL,6.5375,6.22,6.6799,6.22,4315.401529,6.4598
RAYJ,40.78,40.78,40.84,40.765,1611.8026,40.8141
FIVY,27.0785,26.74,27.12,26.74,2699.454389,26.8675
JOET,43.4325,43.36,43.5183,43.36,21256.129576,43.4402
TRTXpC,19.25,19.15,19.37,19.15,3598.6612,19.2875
HVIIR,0.45,0.48,0.48,0.45,906.0,0.4713
SIO,25.7146,25.7468,25.76,25.71,9143.7483,25.7299
PSQH.WS,0.085,0.061,0.0969,0.061,45234.265,0.07767
VSOL,13.0093,12.61,13.05,12.545,54155.114,12.8537
ELSE,7.63,7.63,7.63,7.63,2771.7884,7.6382
SPBC,48.0799,47.99,48.19,47.99,2150.7916,48.0931
FIXT,37.705,37.74,37.74,37.7,2044.3428,37.7104
HYNE,15.645,15.665,15.75,15.61,50639.0779,15.6637
PZIV,27.49,27.63,27.63,27.49,4454.0,27.5573
WCAP,9.205,9.121,9.22,9.121,19068.0,9.1965
ARKT,19.135,18.9,19.15,18.9,2432.8316,19.0546
PBAP,30.75,30.76,30.76,30.75,144.0,30.7568
MATE,30.31,30.23,30.39,30.23,3145.253867,30.2965
PMTV,25.27,25.3,25.3,25.23,19423.4557,25.2592
CPBI,17.51,17.51,17.54,17.51,2133.0,17.5349
RANGR,0.2999,0.3,0.3,0.24,2700.0,0.245
RDHL,1.03,0.9503,1.03,0.9503,24788.97264,0.9824
PNOV,43.79,43.82,43.8699,43.79,29093.0,43.8266
MITQ,0.6047,0.6037,0.62,0.6,145876.0,0.6085
CPSF,26.08,26.09,26.09,26.08,8858.0,26.0859
DDDD,31.8185,31.8,31.94,31.725,2606.509,31.8117
EGHAR,0.3104,0.29,0.3104,0.29,2850.0,0.2957
DRDBW,0.22,0.22,0.22,0.22,1200.0,0.22
SEATW,0.066,0.0326,0.0698,0.0326,17100.0,0.05746
IBIF,26.47,26.445,26.4799,26.445,16306.8702,26.466
FLV,79.4965,79.74,79.81,79.42,9551.61354,79.5291
SIMAW,0.1464,0.207799,0.23,0.1464,12762.975441,0.2079
TOIIW,0.0457,0.0543,0.0598,0.0309,3892.0,0.04305
QSOL,9.87,9.6,9.87,9.51,17260.533562,9.8213
HWBK,36.33,36.67,36.8199,36.26,8110.2133,36.4992
HIDV,87.1225,87.43,87.43,87.12,2411.1988,87.2629
QPX,48.2013,48.16,48.2101,48.16,1734.0,48.2012
RSPC,37.8244,37.98,37.98,37.74,1805.0876,37.8725
RCpE,13.26,13.4,13.4,13.1255,3987.2776,13.2519
HFMF,22.715,22.62,22.715,22.62,3952.023,22.6495
GEMD,42.255,42.32,42.32,42.24,4360.119,42.2777
NFXS,18.2613,18.009,18.305,17.88,34500.725359,18.1718
LVLU,9.9,9.85,10.235,9.73,32830.01337,10.0262
GRRRW,0.289899,0.28,0.289899,0.2751,15619.0,0.2805
KRMA,46.4719,46.565,46.565,46.4719,5701.49108,46.5325
ARTCW,0.32,0.32,0.32,0.31,9456.0,0.316
INTG,36.88,37.7,38.57,36.61,35032.6791,37.5553
DHLX,13.04,13.08,13.11,13.0,35319.0448,13.0781
RZLVW,0.9915,0.95,0.9915,0.895,61763.0,0.9457
HEGD,26.6,26.59,26.65,26.56,39739.5026,26.6023
SIZE,171.79,171.74,172.12,171.65,8287.593844,171.7784
IFLO,33.0105,33.17,33.17,33.0105,873.2668,33.1212
SSUS,54.07,54.04,54.18,53.73,21393.3565,54.0297
ATMP,34.7737,34.25,34.79,34.25,14641.1132,34.6096
FSEG,26.1,26.12,26.2399,26.06,1453.838,26.1622
DMX,50.1961,50.25,50.28,50.1301,18568.98,50.2218
WRBpH,15.81,15.73,15.8715,15.73,7284.0,15.7882
FDFF,33.645,33.6,33.755,33.6,2792.8586,33.6833
STRN,26.5033,26.45,26.74,26.415,17504.0,26.6037
AIRJW,0.77,0.7709,0.790995,0.77,1519.0,0.7753
DBRGpJ,16.0,15.8001,16.36,15.8001,23586.0968,16.0463
BDBT,25.245,25.27,25.27,25.2301,12627.18,25.2446
UPGR,27.842,27.31,28.25,27.31,1988.938344,28.087
RSPR,36.1691,36.12,36.32,36.02,45322.259025,36.1149
ARB,29.44,29.53,29.53,29.44,7886.7494,29.4928
STXG,54.6712,54.59,54.8104,54.59,3632.86466,54.7205
BNDY,25.3751,25.39,25.41,25.35,25374.7261,25.395
IG,20.635,20.65,20.66,20.635,97120.3138,20.6409
XJH,49.5772,49.79,49.82,49.57,220501.3619,49.671
KFEB,30.21,30.2,30.3,30.17,5657.0,30.2157
SCDV,26.66,26.72,26.79,26.66,7104.3496,26.7645
WEEL,20.47,20.53,20.55,20.3895,4651.9867,20.4495
LDRH,24.705,24.69,24.73,24.68,2348.2325,24.7067
UYM,31.6491,31.3,31.7951,31.3,9124.939891,31.6237
IVVM,36.5152,36.53,36.56,36.515,5001.919095,36.5323
FRTpC,19.56,19.55,19.6399,19.55,6379.4618,19.5888
SAGP,34.9999,35.09,35.17,34.94,4369.6593,35.078
DNNG,12.0936,11.5405,12.0936,11.5405,908.2639,11.8949
OCTZ,45.3115,45.22,45.39,45.22,1359.6043,45.3294
BELT,40.1811,39.98,40.1811,39.98,271.372,39.9544
MCVT,26.6376,26.79,26.79,26.6376,13683.418,26.7225
AFIX,24.875,24.92,24.92,24.87,3312.401638,24.8852
STOX,30.4766,30.54,30.58,30.4624,5653.0,30.529
FSEC,43.99,43.99,44.03,43.95,286955.663653,43.9837
CAFG,31.5011,31.65,31.65,31.5011,4300.9781,31.5881
DYLD,22.475,22.54,22.54,22.4201,1994.2008,22.445
FITBO,19.14,19.215,19.2899,19.0,39808.6943,19.1055
OBA,10.22,10.17,10.22,10.17,2005.0,10.1888
HDGE,16.99,16.78,17.04,16.78,34712.505814,16.964
SSAC,9.94,9.94,9.94,9.94,59861.0,9.94
CBSE,49.5532,48.92,49.77,48.92,2338.02,49.5107
XB,39.1782,39.26,39.26,39.1782,90569.139037,39.2301
PMIO,50.955,50.935,50.96,50.935,741.857908,50.954
BKCG,37.9711,37.84,37.99,37.84,4305.0299,37.974
NPACW,0.32,0.32,0.32,0.286,2400.0,0.3058
RILYL,15.44,15.0,15.84,15.0,16986.90724,15.3804
FFOX,27.95,27.98,28.1,27.91,33077.0108,27.9983
CFTRpA,24.925,24.98,25.01,24.92,2947.7635,24.9594
ZTG,2.76,2.58,3.0,2.55,31739.0,2.7683
HFND,24.4335,24.44,24.5,24.4335,3035.5662,24.4848
SQS,27.825,27.73,27.94,27.73,21799.0,27.8582
SCEP,24.84,24.84,24.91,23.985,19342.197,24.785
SZK,11.1083,11.13,11.1811,11.1083,4912.7768,11.1446
PTIN,35.9994,36.02,36.06,35.9,19209.3103,36.0084
DDFL,21.025,21.02,21.05,21.01,12029.0,21.0214
UXI,57.1984,56.31,57.31,55.89,2786.179352,56.5423
CMSA,22.22,22.145,22.2699,22.14,10384.717779,22.1772
LST,45.1389,45.3,45.335,45.1,18630.6039,45.2098
XMPT,21.9799,22.0,22.0,21.97,50518.878828,21.983
IBIH,26.5,26.5,26.52,26.485,18987.9993,26.5125
DSPY,63.5799,63.66,63.66,63.5799,429.9523,63.6166
GVLU,25.97,26.17,26.17,25.935,12200.9148,25.9952
TRBF,49.56,49.59,49.65,49.53,4540.0,49.5813
DABS,50.56,50.57,50.6299,50.53,125771.409,50.5898
JHID,43.0985,43.16,43.16,43.0985,804.7515,43.161
SOUL,10.32,10.31,10.32,10.31,54790.0,10.3106
BDL,30.45,30.01,30.45,30.01,584.3163,30.5398
BESO,27.1073,26.7,27.1073,26.7,3885.553,26.6988
SCCG,23.96,24.02,24.06,23.95,5583.0,23.9896
NTSE,47.543,47.5905,47.5905,47.53,1228.170959,47.58
BAMV,34.63,34.72,34.8,34.61,3050.6888,34.6378
IBII,26.24,26.23,26.2487,26.22,12452.5418,26.2339
IBIJ,26.34,26.335,26.34,26.32,9380.1487,26.3316
MAXJ,28.87,28.88,28.88,28.86,3870.2452,28.867
BEGS,22.0,21.79,22.0,21.65,1700.1427,21.8274
DECU,29.02,29.0,29.08,29.0,4443.2,29.0349
CABR,0.91,0.875,1.0,0.86,257254.8301,0.8891
CPNX,14.7932,15.16,15.8499,14.7932,13015.014,15.3789
QQXL,58.057,58.12,58.12,57.89,1292.7996,58.0112
FLYE,1.82,1.86,1.99,1.78,35021.3933,1.8993
BRES,26.4568,26.59,26.59,26.4568,43112.66236,26.5168
ASBA,25.2382,25.15,25.25,25.1,21508.0,25.1825
WCT,2.01,2.1,2.1,2.0,4123.9,2.0305
ULE,13.1446,13.16,13.16,13.12,3339.224,13.1289
PJFV,92.663,93.02,93.22,92.663,9442.2216,93.1049
FLN,26.8137,27.29,27.29,26.77,15772.886015,26.9804
FDNI,27.808,27.91,28.07,27.79,52540.8481,27.8654
SFTY,30.32,30.34,30.41,30.32,56895.0,30.3872
WRBpE,21.72,21.6004,21.73,21.6001,5861.0,21.6864
SCNM,25.0,25.03,25.03,24.99,3870.3034,25.0129
XBNB,27.9482,27.121,27.9482,27.121,715.0,27.5291
EFZ,11.76,11.76,11.86,11.76,62187.6904,11.8088
CLOX,25.525,25.54,25.54,25.5201,76112.8861,25.533
ASLV,29.48,29.51,29.53,29.46,4700.0,29.464
BFHpA,25.1801,25.3,25.3,25.1801,3006.0,25.2422
IQDY,42.4255,42.52,42.52,42.38,1079.939941,42.4399
PRCS,27.6985,27.74,27.83,27.69,10408.983,27.7788
GARY,24.7994,24.78,24.86,24.78,2031.1037,24.8311
DSTX,34.3036,34.48,34.48,34.3036,361.2566,34.4297
NNNN,25.35,26.0,26.5,24.82,19880.546075,25.8422
NFLP,22.4259,22.77,22.9,22.39,6847.7753,22.662
BSMV,21.045,21.04,21.0669,21.02,14911.4638,21.0426
HWCPZ,22.41,22.48,22.55,22.33,10285.112,22.4545
OZ,50.355,50.7,50.7,50.355,1043.6963,50.375
SPBU,29.9458,29.97,30.03,29.8501,11360.0,29.957
DFE,77.1166,77.4,77.4,77.05,3222.771659,77.179
EPRpG,20.5079,20.26,20.5079,20.15,7926.5752,20.3166
BAMG,42.2209,42.23,42.35,42.18,6428.7393,42.2173
NYM,25.02,25.05,25.05,25.01,298768.1822,25.029
AUGZ,44.9793,45.01,45.06,44.911,416.0,44.993
GLIX,26.97,27.1,27.1,26.97,911.0,27.0208
BAMB,26.189,26.23,26.23,26.18,2924.0109,26.1956
BCGD,26.1125,26.15,26.22,26.1125,1980.511,26.1655
ARP,33.79,33.7,33.79,33.68,4274.645995,33.7377
HEEM,43.4448,43.425,43.57,43.23,10917.846344,43.3886
FEUZ,68.5309,68.38,68.71,68.36,2731.0363,68.5116
VIDI,39.9586,40.13,40.13,39.9189,28189.902888,40.0213
AVUQ,65.4813,65.57,65.76,65.4813,5023.206,65.6462
ABCS,31.7975,32.02,32.02,31.78,1310.8221,31.971
PRSD,25.03,25.06,25.06,25.03,9379.2286,25.0439
WLTG,37.28,37.28,37.37,37.28,1442.612332,37.3177
IBIK,26.08,26.08,26.0999,26.07,25696.826186,26.0865
MQQQ,233.53,232.79,233.9699,232.3,164103.332161,233.3673
QINT,70.4719,70.675,70.675,70.415,10178.109045,70.5648
SNSE,20.73,23.06,24.43,20.73,25213.352467,22.6438
SKOR,48.5475,48.59,48.5997,48.54,25753.872733,48.5751
MFUT,19.888,19.715,19.99,19.715,7338.997,19.8101
CICB,25.05,25.0356,25.05,24.97,19269.0,25.0044
HYSD,20.205,20.2,20.21,20.2,319.2287,20.2034
NXTS,4.685,4.89,4.9002,4.63,13358.605685,4.7915
MLAC,10.59,10.58,10.59,10.58,2317.0,10.5836
OXLCG,25.39,25.41,25.57,25.33,6279.2677,25.4155
ESIM,28.3863,28.47,28.47,28.3863,528.9648,28.4467
FLAX,36.995,36.97,37.055,36.97,3227.2079,37.0167
BYFC,10.0,9.82,10.0,9.82,3414.293614,9.924
BWIV.U,10.15,10.11,10.2,10.09,148974.0,10.1464
CSSD,25.22,25.23,25.23,25.22,174.0,25.2284
IBIL,25.825,25.84,25.8599,25.81,10464.730548,25.8326
ONBPO,24.87,24.91,24.91,24.85,5358.0,24.8768
SATLW,2.6,2.03,2.69,2.01,121485.0,2.4156
GAEM,26.815,26.87,26.87,26.8,3480.066003,26.8177
ANNAW,0.34,0.38,0.38,0.33,36197.0,0.3441
BSJX,25.26,25.3091,25.34,25.26,4782.39,25.3086
OXLCO,24.98,23.95,24.98,23.7,14362.187,24.1431
ADXN,6.86,6.87,6.87,6.86,1789.484,6.8859
BBLG,1.28,1.3,1.355,1.265,7154.9875,1.3016
BRKW,39.04,38.865,39.04,38.86,2803.149694,38.931
TAXX,50.655,50.66,50.7,50.6,24823.4772,50.6452
GSC,61.424,61.49,61.77,61.37,12821.5698,61.5244
TDOG,22.46,22.1,22.489,21.99,8278.628,22.0975
XPP,24.0602,24.26,24.26,24.0209,1988.176218,24.1413
HELS,24.44,24.32,24.505,24.29,24661.889,24.4204
CLOB,50.44,50.455,50.47,50.4,7003.6242,50.4581
BENFW,0.0106,0.0097,0.0112,0.0097,64101.0,0.009894
CCII,10.21,10.23,10.24,10.21,167096.0,10.2216
DUBS,41.155,41.17,41.26,41.11,21413.6008,41.1669
LPRE,28.8493,28.92,28.92,28.81,52629.0,28.831
EVAC,10.15,10.145,10.15,10.145,35901.0,10.1494
CAML,38.8554,38.91,39.0,38.8,17699.0,38.9387
YBMN,16.8151,16.47,16.9,16.39,8057.4563,16.6758
TLG,27.3075,27.4,27.43,27.3075,5406.397,27.3499
EMHC,25.305,25.3301,25.35,25.285,104305.901532,25.3193
AGZD,22.605,22.57,22.61,22.57,15514.825869,22.6028
BITK,12.92,12.75,12.94,12.71,6750.399043,12.8677
GUSE,43.8813,43.9,43.99,43.875,15237.1327,43.9272
ARWG,24.9961,24.855,24.9961,24.855,542.0,24.9136
MSLC,57.9977,58.02,58.15,57.97,61254.919,58.095
QQWZ,28.53,28.42,28.55,28.42,3894.284113,28.4912
BSMT,23.0985,23.12,23.13,23.09,18343.157,23.1092
SLDR,49.83,49.87,49.87,49.83,1599.178,49.7503
CLBR,10.12,10.15,10.15,10.12,17256.0,10.1302
DFSU,45.625,45.75,45.79,45.5701,76361.3569,45.6485
JULT,47.0501,47.08,47.08,47.0501,845.0,47.0753
XOMAP,25.2701,25.36,25.36,25.26,1294.0,25.299
UONEK,5.9001,6.25,6.25,5.8,15548.036939,5.8519
ADIV,19.2978,19.34,19.35,19.24,10260.7458,19.3191
AEMS,11.64,11.63,11.71,11.63,39328.0196,11.6835
RKDA,1.06,1.125,1.14,1.05,34775.144492,1.0982
IBMO,25.615,25.6101,25.6499,25.61,79043.9,25.614
FOFO,2.43,2.53,2.58,2.4,18028.9,2.4669
AHYB,46.295,46.32,46.345,46.295,1317.8514,46.3105
CPNJ,27.5825,27.561,27.61,27.561,2216.0,27.5741
BIPpA,17.31,17.31,17.31,17.0531,3944.0,17.2763
CODIpC,22.0,22.0,22.0,21.8,15702.7149,21.9419
MMSD,25.3119,25.35,25.3552,25.3,23283.0,25.3296
PDEC,45.34,45.38,45.4,45.34,26116.367647,45.3742
PQDI,19.49,19.525,19.525,19.49,1316.0776,19.5173
ERNAW,0.061249,0.0825,0.0825,0.03,8280.149979,0.06472
SOCL,46.85,47.18,47.3733,46.85,7699.40831,47.1399
TDWD,9.98,9.99,9.99,9.975,16872.0,9.9859
JPAN,41.768,41.79,41.79,41.768,1005.4185,41.7774
TWOD,25.34,25.54,25.54,25.34,12565.0,25.3898
BZFDW,0.0196,0.0196,0.0196,0.0196,266570.0,0.06041
AVSU,84.6936,85.0,85.08,84.63,5930.9715,84.7937
CEV,10.4,10.42,10.44,10.395,13630.1187,10.4253
LODI,25.235,25.25,25.29,25.23,3298.8772,25.2544
IJAN,37.6176,37.67,37.6985,37.58,7653.0,37.6523
UPAR,16.985,17.059,17.059,16.985,1240.772436,17.0328
FMTL,38.5336,38.79,38.79,38.5,8585.834402,38.6279
EAPR,33.1735,33.195,33.24,33.14,6852.0,33.183
OPTZ,44.3017,44.38,44.45,44.3017,6898.3666,44.4213
RKNG,27.6634,26.98,28.145,26.98,16724.39,27.7609
RFDI,86.7037,86.883,86.883,86.54,3739.0,86.759
GMOM,37.8989,37.84,37.9499,37.815,2428.779969,37.8815
TLCI,25.481,25.56,25.56,25.481,3897.0,25.5286
KNRG,25.82,25.83,25.83,25.81,19055.1875,25.8159
QTJL,41.88,41.85,41.88,41.85,8773.0,41.8564
XLCI,24.6342,24.69,24.69,24.6,3616.2122,24.6523
FMF,51.7,51.695,51.89,51.6,17205.513038,51.7268
SVACW,1.63,1.55,1.66,1.55,21724.205,1.6024
CRAC,10.07,10.07,10.08,10.065,400022.0,10.0718
RMRC,25.0797,25.07,25.09,25.0596,3016.0,25.0663
XTJL,40.715,40.68,40.715,40.67,6515.0,40.6726
BOCT,52.2202,52.2,52.31,52.2,4024.172614,52.2631
BUFC,42.08,42.14,42.16,42.08,38558.0,42.1529
OMH,0.9365,0.9418,0.9418,0.8817,5472.6153,0.9256
MYCJ,24.73,24.76,24.76,24.73,6815.0,24.7481
CRAQR,0.16,0.18,0.18,0.16,24956.0,0.1799
IHY,21.92,21.91,21.95,21.8902,11010.719896,21.9239
AVRY,24.0348,24.31,24.31,24.0348,14134.0,24.1527
PHYD,51.0202,51.04,51.04,51.0202,500.0,51.0352
RAY,3.63,3.36,3.63,3.36,12309.117038,3.5342
NOCT,61.672,61.67,61.72,61.65,3854.0757,61.6923
RSMC,28.3128,28.46,28.59,28.28,4903.0,28.4346
INNpE,18.63,18.85,18.89,18.45,18370.4814,18.5741
TAFL,25.01,25.03,25.04,25.01,4794.0,25.0219
SIXO,35.43,35.44,35.445,35.42,6136.1,35.4361
TAOZ,84.3775,84.95,84.95,84.3775,377.0,84.8165
QVML,43.588,43.67,43.67,43.58,1846.016431,43.6132
DHDG,35.995,36.01,36.05,35.98,21581.277,36.016
SWZ,6.06,6.13,6.13,6.06,231495.3216,6.0723
PSR,101.9834,102.5,102.5,101.77,828.884782,102.354
EVAC.WS,0.34,0.34,0.3564,0.34,6420.0,0.3494
DEFR,26.635,26.69,26.69,26.63,8568.0,26.6458
FDIQ,70.145,70.26,70.26,69.67,2657.404588,69.8924
PRFD,51.23,51.29,51.29,51.15,89095.9557,51.2191
SCMC,25.08,25.12,25.125,25.07,12638.455,25.0972
HIGpG,25.0,25.0,25.04,25.0,11217.219,25.0055
PFOE,23.075,23.23,23.27,23.06,7407.75,23.1543
TRINZ,25.41,25.43,25.49,25.4,2135.0,25.4274
XCLR,27.3136,27.37,27.37,27.28,982.8388,27.326
FLGR,33.3779,33.47,33.66,33.35,9276.291458,33.4823
DECW,35.277,35.28,35.2999,35.27,9945.8431,35.2863
TRTNpE,19.26,19.43,19.43,19.2,14175.0,19.2888
JANW,38.29,38.31,38.3399,38.28,16627.528,38.31
RITMpF,24.5,24.5386,24.55,24.46,14420.0,24.5292
PTEU,32.1589,32.33,32.33,32.1589,645.4228,32.2688
DCMT,35.4079,35.1,35.42,35.03,7172.6064,35.2307
INEO,0.5509,0.573,0.573,0.5509,13662.0,0.5584
AFJKR,0.268,0.29,0.3301,0.267,17900.0,0.3027
TRPA,38.905,38.8673,38.94,38.8673,3571.778667,38.8922
MYSEW,0.0598,0.0599,0.06,0.0598,2145.0,0.05988
OCTW,40.4551,40.465,40.4899,40.44,13623.0,40.4636
XSVN,47.31,47.4,47.4,47.295,21217.478288,47.3275
CCSO,28.9638,28.84,29.16,28.84,1906.011981,29.0237
RMOP,25.24,25.25,25.265,25.22,53180.0619,25.2519
GAINZ,24.16,24.17,24.1701,24.16,4262.0,24.1689
FDTS,72.1878,72.53,72.53,71.96,8183.288505,72.4332
ADPV,46.16,46.39,46.42,46.095,7827.804783,46.1846
JHMU,26.22,26.23,26.25,26.22,1627.534753,26.2258
DDFJ,19.55,19.58,19.59,19.54,9517.0,19.5552
LCAP,32.64,32.5302,32.7,32.5302,15044.663416,32.6573
BMAY,46.85,46.88,46.92,46.83,20665.0,46.8794
JANZ,40.56,40.5185,40.59,40.5185,1019.9443,40.5472
LDSF,19.0004,19.0,19.03,18.9901,12195.4695,19.0036
XELB,2.1199,2.1597,2.22,2.05,22148.824178,2.1063
SEMG,26.3421,26.46,26.4799,26.3421,1722.031,26.4643
DBRGpH,16.25,16.335,16.4501,16.15,13134.6563,16.2625
MSSS,33.3569,33.37,33.41,33.2813,5374.3914,33.3519
AACI,9.95,9.9365,9.98,9.9365,907.0,9.9649
QCJA,23.14,23.15,23.17,23.13,7701.0,23.16
SPCT,27.1949,27.235,27.235,27.13,5964.4754,27.1786
IQHI,25.965,25.95,25.965,25.95,113.1535,25.9508
RDAGU,10.46,10.42,10.46,10.42,211.0,10.439
RAUS,28.85,28.88,28.965,28.84,7484.541,28.8994
RDACU,9.15,9.2,9.35,9.15,591.0,9.2149
JMSI,50.14,50.14,50.2,50.115,20315.8429,50.1475
DEED,21.41,21.43,21.44,21.41,6838.9355,21.4156
GSIB,55.7966,56.12,56.12,55.7966,1054.421509,55.9981
STSSW,0.0399,0.031,0.05,0.031,53624.0,0.04013
TOPP,0.97,1.0,1.0,0.9501,36356.0,0.983
GAVA,24.6631,24.395,24.73,24.3,4295.2632,24.5987
FGMCR,0.58,0.64,0.64,0.58,1726.540986,0.6306
JSM,18.84,18.845,18.97,18.825,8423.219,18.8499
OXLCL,24.396,24.46,24.47,24.34,7805.04,24.3688
KJAN,44.515,44.57,44.68,44.5,7115.0,44.6398
SCAG,0.805,0.8,0.805,0.8,4737.0,0.8006
SWAGW,0.02635,0.023,0.02635,0.0229,15618.0,0.02307
INTJ,10.1988,9.2,10.2,8.7,3952.151873,9.6966
GSSC,84.61,85.1,85.26,84.54,33645.473997,84.9775
BPYPN,13.98,14.02,14.02,13.95,5521.0,13.9827
PJUN,43.235,43.22,43.31,43.22,20651.565,43.2643
CGHY,25.375,25.39,25.4,25.375,6463.0965,25.3886
SNPD,28.5705,28.63,28.63,28.5705,156.4883,28.6465
AVMU,46.29,46.34,46.34,46.285,7426.2168,46.2953
BBCQW,1.465,1.48,1.5,1.43,50292.0,1.4582
EEV,11.66,11.65,11.695,11.58,46969.15622,11.6408
HNNA,10.16,10.0,10.19,9.9512,27821.7365,10.0347
TSEC,25.805,25.82,25.85,25.76,24253.779496,25.8096
PSApJ,18.61,18.51,18.61,18.4601,10210.9872,18.5488
WENNW,0.37,0.37,0.37,0.36,1537.0,0.3645
QQHG,64.835,64.79,64.94,64.79,1098.5774,64.8994
KG,11.66,10.75,11.67,10.75,5707.9159,11.3194
ALDF,10.64,10.64,10.65,10.64,9200.0,10.6409
DFVX,80.72,80.8765,80.8765,80.59,11241.257532,80.7514
AVSD,79.6939,79.91,79.985,79.685,5801.0897,79.7761
DVXB,29.6411,29.48,29.66,29.47,401.0,29.5194
ZIONP,19.12,19.1742,19.2,19.12,13653.0417,19.1584
DXUV,64.9142,65.16,65.16,64.9142,5682.4396,65.0023
ALVOW,0.26,0.2217,0.2892,0.2217,5619.0,0.2499
DECZ,42.8603,42.8,42.88,42.79,818.7757,42.8304
WPACr,0.38,0.38,0.38,0.38,8000.0,0.38
PBMY,30.8664,30.92,30.92,30.8664,20242.7712,30.8975
OSCG,17.2349,16.09,17.2349,15.5,2496.4687,16.4256
VGRO,25.92,25.98,25.98,25.92,614.127752,25.9454
ZDAI,1.98,2.04,2.08,1.85,16670.36825,1.9278
BIPpB,16.53,16.44,16.5799,16.44,8062.0,16.5133
MBSF,25.65,25.6935,25.7,25.63,9066.0011,25.6549
MKZR,2.4001,2.445,2.46,2.4,31661.877306,2.4369
TPRY,20.7447,20.799,20.8899,20.7447,1520.429,20.8082
BMGL,0.7635,0.729501,0.8,0.729501,57034.0,0.7498
AGOX,34.1634,33.825,34.585,33.6,116158.1206,34.2119
UTHY,40.4234,40.5599,40.5599,40.4,14302.474508,40.4853
GLDB,25.755,25.66,25.7584,25.62,2579.938644,25.7128
NZUS,38.04,37.98,38.04,37.97,10126.0,37.9837
IJUN,30.71,30.68,30.71,30.68,165.967491,30.6931
JULW,40.39,40.38,40.42,40.38,9234.0,40.4023
SBpD,26.2897,26.11,26.39,26.05,11751.0,26.093
SMMV,44.45,44.86,44.86,44.44,7111.9649,44.5101
NJAN,58.315,58.27,58.36,58.25,6189.5268,58.2904
CHMIpA,21.11,21.09,21.27,21.09,1852.9445,21.1435
NOVZ,46.6465,46.58,46.78,46.58,1448.5161,46.6613
SECR,25.5498,25.55,25.57,25.54,1681.113,25.5567
UOCT,40.6104,40.5817,40.66,40.5817,2954.0,40.6315
EDGI,31.03,31.05,31.06,30.9644,11139.626,31.0173
DHCNL,19.68,19.49,19.9,19.4749,31148.384,19.6358
SMXWW,0.0512,0.0512,0.0525,0.0475,38888.0,0.05056
CCZ,65.59,65.3,65.6,65.3,554.0,65.5346
IBMP,25.33,25.36,25.375,25.33,238248.589026,25.364
NSEP,30.875,30.86,30.89,30.86,1491.0,30.8771
SSFI,21.41,21.44,21.51,21.41,1761.0082,21.4225
IROC,50.885,50.95,50.95,50.83,3510.4303,50.8804
UFEB,38.28,38.29,38.3294,38.27,17945.66208,38.2948
NNOV,30.95,30.99,31.01,30.95,11924.0,30.9651
LGLV,177.51,177.9688,178.22,177.17,13097.34188,177.6649
RFDA,68.4528,68.56,68.57,68.425,1593.028,68.4894
AAME,2.45,2.5102,2.5233,2.45,9722.168869,2.5008
BHM,11.49,11.0,11.63,10.75,119581.4587,11.1934
LVDS,54.9661,55.06,55.075,54.95,2300.6619,55.0295
HLP,0.86,0.91,0.92,0.82,22372.0,0.8485
YI,5.77,6.08,6.36,5.73,16400.59949,5.935
EVPF,50.3499,50.46,50.46,50.3499,2330.0,50.3806
MITN,25.4,25.24,25.5,25.205,6021.197,25.3107
BRAZ,32.5901,32.91,32.91,32.51,3421.285516,32.6308
BJUL,53.38,53.37,53.41,53.37,4599.0,53.3929
WVVIP,2.76,2.76,2.8,2.7501,1061.4829,2.7712
GSWO,62.77,62.75,62.96,62.7301,93334.4012,62.8549
JETU,27.5872,27.81,28.13,27.5872,9318.4528,27.8243
DURA,37.6249,37.6,37.6249,37.54,498.0195,37.5626
NXPL,6.91,6.77,7.1,6.77,3951.732022,6.907
GLOW,33.3911,33.45,33.45,33.36,8738.031,33.4152
ACLC,82.7718,82.72,82.85,82.64,5166.415,82.7797
DAAQU,10.43,10.43,10.43,10.43,110.0,10.43
DDEC,46.86,46.905,46.92,46.83,8820.0,46.8898
JANP,34.2999,34.33,34.33,34.2901,11500.0,34.318
PCMM,49.695,49.76,49.76,49.49,23092.0338,49.6334
BGDV,29.945,29.99,30.015,29.94,12937.019437,29.9862
TEK,39.7316,39.365,39.9,39.35327,2134.7584,39.7425
BPI,27.1379,26.86,27.1379,26.86,898.436,26.9405
XJUN,44.11,44.07,44.17,44.07,8657.0,44.1236
EOCT,34.11,34.06,34.13,34.02,4276.0,34.087
PBE,82.53,82.92,83.195,82.53,1735.316035,82.7993
IAPR,32.92,32.93,32.95,32.86,10125.692404,32.9018
WAFU,1.6368,1.6168,1.6376,1.61,29196.0,1.7189
AGRH,26.225,26.225,26.225,26.225,1026.8574,26.2255
MANI,25.66,25.6586,25.6799,25.6501,1862.5824,25.668
NAPR,58.84,58.89,58.9,58.8152,2305.0,58.8547
TRUD,26.9025,26.96,27.06,26.89,21311.0,26.9915
ZECP,36.44,36.48,36.52,36.349,56857.2511,36.4169
GSID,74.9412,75.15,75.18,74.8,5765.897596,74.9896
MCHS,46.5946,46.27,46.7,46.27,18055.284,46.5984
FLNT,2.7,2.75,2.79,2.6,24891.2913,2.7144
EZJ,64.0018,64.16,64.25,63.79,4178.261507,64.0174
REED,2.81,3.02,3.02,2.7638,14158.0,2.8991
XUDV,30.4093,30.47,30.47,30.4093,3679.0802,30.4562
VUSG,64.275,64.32,64.48,64.25,2884.3333,64.376
SGLC,42.92,42.9,42.98,42.845,13969.018411,42.9103
NBFR,26.0371,26.08,26.11,26.0371,868.097,26.0847
OVF,32.0166,32.1,32.1374,32.0166,20106.5258,32.0716
MLPR,72.171,70.6,72.171,70.5,1555.0007,70.6833
FIEE,6.9,7.09,7.1,6.765,8458.075935,6.9052
CUB,10.79,10.8,10.81,10.79,3398.276084,10.8078
AIOO,26.17,26.17,26.1999,26.16,26386.0,26.1811
BSVN,42.77,43.72,43.72,42.75,11967.766,43.1787
BWIV.WS,0.4999,0.35,0.4999,0.35,10100.0,0.4706
PAWZ,47.1201,48.28,48.28,47.12,4336.319298,47.565
AFSM,37.8,38.17,38.17,37.7459,13533.8602,37.8813
ACCS,7.872,8.55,8.55,7.66,12574.6851,7.9404
IWLG,56.0902,55.99,56.3,55.99,7577.7592,56.1624
CARU,23.1193,23.12,23.45,22.89,1411.8489,23.3385
RVNU,24.935,24.98,24.98,24.9,6055.160219,24.9351
SRS,40.15,39.85,40.2362,39.83,3437.8834,40.105
GASZ,24.7389,24.5399,24.77,24.44,2339.0,24.6264
GNLpD,23.76,23.56,23.8,23.56,6809.6994,23.6947
VLYPP,25.31,25.26,25.31,25.25,2913.0,25.2816
AFJK,43.0,47.0,47.0,42.0,3231.328551,43.0367
DFLIW,0.04,0.0402,0.0402,0.04,7190.0,0.04003
IMSRW,3.75,3.675,3.85,3.58,22136.0,3.7138
FXA,71.76,71.85,71.885,71.76,8256.790086,71.8109
USDX,25.72,25.75,25.75,25.7,29525.178721,25.723
THIR,33.6,33.625,33.75,33.6,35874.05384,33.6777
MITP,25.2,25.22,25.225,25.18,3157.0,25.2085
SCLZ,55.8135,55.93,55.93,55.8135,311.0,55.8672
GMNY,50.065,50.11,50.11,50.065,209.1893,50.0923
PSFJ,34.69,34.66,34.69,34.65,1354.0,34.6571
XDAT,23.5114,23.545,23.555,23.47,1247.3131,23.5402
IBGA,24.2734,24.3578,24.3578,24.265,11454.090917,24.2912
BFEB,51.95,51.93,52.02,51.93,6891.054,51.962
BTSGU,183.23,179.6,183.23,179.6,4638.45,181.3142
ITIC,235.27,238.5,240.46,233.342,10448.6944,236.5879
COWS,34.8031,34.95,35.0,34.8031,1815.460516,34.9662
SWVLW,0.0083,0.0084,0.0084,0.005,10642.0,0.008826
BPH,67.3904,67.12,67.3904,67.07,1851.51,67.117
IDYN,30.8314,30.86,30.875,30.82,1297.9066,30.8403
APMU,24.94,24.94,24.99,24.93,22660.748923,24.9568
JDVI,39.085,39.177474,39.18,39.01,6636.0,39.108
FHNpE,24.78,24.8,24.85,24.7101,6266.8465,24.8204
VGASW,0.0302,0.0374,0.0375,0.0302,194452.0,0.03255
DHCNI,18.59,18.7,19.0525,17.76,27038.5866,18.5825
BACC,10.44,10.46,10.46,10.35,20631.892944,10.3936
INBKZ,25.02,25.24,25.24,25.02,2682.0,25.0766
SMN,9.7544,9.82,9.82,9.74,2996.5363,9.7557
AFGB,21.43,21.46,21.47,21.3301,9454.168,21.4146
RBUF,30.6808,30.67,30.71,30.67,8800.199,30.6894
AVTM,52.9251,53.03,53.05,52.9251,6285.3411,53.0287
MZZ,6.3,6.26,6.3,6.25,808.0,6.2733
TSNF,31.04,30.78,31.22,30.78,7164.838341,30.9263
NBJP,36.5799,36.5,36.59,36.5,4088.7581,36.5633
RAFE,45.2894,45.4,45.4,45.22,11600.4925,45.2642
FSMB,20.005,20.005,20.01,19.99,98272.0806,19.999
NZAC,45.8892,46.0,46.05,45.8216,1833.627691,45.9038
UPSD,27.795,27.78,27.82,27.75,15056.735,27.7884
XCOR,88.2098,88.19,88.37,88.17,1946.5037,88.2508
NUAIW,2.13,2.1,2.35,1.99,49374.707,2.1402
OCSAW,22.3,22.635,22.635,22.3,200.0,22.4675
CFFI,73.35,69.4401,74.3813,69.4401,3286.6436,72.9936
NPWR.WS,0.25,0.25,0.26,0.23,3030.0,0.2493
SHEH,60.84,60.74,60.84,60.66,803.3876,60.7855
IPFXU,10.14,10.14,10.14,10.14,36405.0,10.14
MCHX,1.5999,1.61,1.75,1.51,21463.595579,1.7036
CYCUW,0.022,0.02345,0.0236,0.022,4181.0,0.0222
ISVL,52.12,52.27,52.27,52.06,8022.176542,52.1572
PRVS,30.6,30.61,30.66,30.58,3608.905,30.6052
IQSI,37.8524,37.9,37.9,37.8524,382.0584,37.861
ROE,40.1926,40.085,40.24,40.04,87137.239547,40.1774
VLYPN,25.9999,25.91,26.025,25.91,15845.3803,25.9896
DPRE,25.6858,25.86,25.86,25.6858,132.904,25.8303
MPRO,32.37,32.41,32.41,32.32,10610.0,32.3692
AMID,34.8476,34.98,34.99,34.8476,45567.0,34.9422
QWLD,150.7634,151.14,151.14,150.62,1111.8947,150.7577
GGUS,66.3207,66.29,66.59,66.29,10208.3977,66.4528
EMTL,42.835,42.87,42.87,42.82,6478.2741,42.849
CLOC,25.015,25.03,25.03,25.015,3502.0,25.0299
DIVZ,37.29,37.19,37.3,37.17,20745.012088,37.2292
IBMR,25.31,25.3493,25.35,25.31,37710.2864,25.3214
RSBA,20.7998,20.85,20.85,20.7601,23834.0964,20.7892
XIMR,31.5,31.54,31.54,31.46,4922.0167,31.4727
FSCC,34.5031,34.715,34.75,34.5031,9196.8773,34.6514
FTBI,21.68,21.7599,21.7599,21.66,8006.3736,21.72
BUL,58.4496,58.79,58.79,58.34,1746.2564,58.4521
AINP,25.065,25.09,25.09,25.065,25115.0,25.0708
CCOM,25.2101,25.37,25.479,25.2101,237.4229,25.4032
LEXI,39.47,39.44,39.51,39.43,7392.1914,39.4712
NSTS,12.5,12.5,12.5839,12.5,2853.3587,12.5252
VBCF,75.795,75.93,75.93,75.795,1855.118,75.8441
AINT,29.6583,29.76,29.88,29.6583,840.042,29.736
DNOV,50.7,50.71,50.8,50.69,12858.0,50.726
ESBG,23.0005,22.96,23.019,22.96,857.7509,22.9737
LVWR.WS,0.0359,0.0381,0.0386,0.0335,24312.0,0.03637
AGGA,25.115,25.15,25.16,25.115,10685.8457,25.1404
MVFG,34.4118,34.53,34.53,34.4118,2671.6838,34.4451
ECFpA,21.45,21.49,21.49,21.4,2481.3,21.4709
THY,22.125,22.17,22.17,22.125,13652.2787,22.1437
JBDI,0.5767,0.584,0.61,0.574,6425.0,0.5952
SQLV,47.8428,48.31,48.31,47.8428,360.1147,48.1213
RIFR,28.409,28.43,28.46,28.36,5307.539,28.4163
DUKZ,25.5649,25.54,25.63,25.54,6483.3686,25.6018
DMAA,10.6,10.6,10.6,10.6,177.0,10.5876
EBI,63.3785,63.52,63.52,63.36,4791.413,63.4288
TRSY,30.135,30.135,30.15,30.135,49974.9466,30.1449
JADE,78.5308,78.47,78.7499,78.47,1187.317,78.5981
UCC,50.3232,50.45,50.535,48.83,8590.602646,49.4837
BNAIW,0.16015,0.1501,0.17,0.1501,8590.0,0.1643
FMQQ,11.48,11.5,11.53,11.475,1536.9157,11.5029
HFEQ,23.4307,23.26,23.435,23.25,1490.5105,23.3376
BLUX,31.14,31.19,31.24,31.1,26535.3218,31.1788
VGSR,11.275,11.31,11.34,11.24,45878.258509,11.2861
HLXX,31.6182,29.66,31.71,29.66,1819.6953,30.7459
MAYU,33.8818,33.89,33.96,33.88,33354.0,33.9077
IMF,52.4578,52.53,52.74,52.33,6116.6746,52.556
DDSQ,20.8,20.87,20.87,20.8,11181.0,20.8456
ZTOP,51.95,52.06,52.07,51.95,16904.0,52.0699
BSMZ,25.47,25.52,25.53,25.47,3023.078,25.5246
NBCE,41.555,41.6,41.7,41.4401,6662.0361,41.6797
THMR,26.8448,26.78,26.87,26.76,11797.0,26.8372
EWV,18.6849,18.716,18.85,18.52,4811.150854,18.697
VACHW,0.17,0.15,0.17,0.15,780.196286,0.1553
FXD,64.9299,65.64,65.715,64.91,4695.440192,65.2404
RUSC,36.2406,36.415,36.9,36.2243,6401.763965,36.3746
DFIP,42.255,42.25,42.26,42.22,99976.7795,42.2451
RGLO,32.1606,32.19,32.26,32.1214,35943.073898,32.1978
BREE,26.9839,26.875,26.9839,26.875,3875.0,26.9539
FLCO,21.415,21.43,21.45,21.4002,35401.1396,21.421
NUHY,21.36,21.36,21.37,21.35,18040.8744,21.358
LOTI,25.6733,25.72,25.72,25.6401,2961.0,25.6605
CCOR,25.3897,25.46,25.46,25.3897,980.755731,25.4558
NSApB,31.25,31.5,31.5,30.5001,599.7294,31.1437
AHLT,29.5155,29.36,29.5155,29.36,2075.9004,29.4375
IBGM,24.71,24.8,24.8,24.71,305.202,24.7796
IBTR,24.865,24.92,24.92,24.865,7370.1,24.8979
WDIG,54.35,54.6199,54.8788,54.225,10251.713059,54.5101
PRXG,39.1228,39.13,39.31,39.08,5280.3418,39.1698
GLXG,1.05,1.05,1.08,1.05,3542.0,1.0564
SBpC,26.08,26.1,26.1,26.075,1177.16,26.0906
FINT,36.08,36.08,36.12,36.05,18421.549,36.0701
SAZ,25.65,25.7186,25.719,25.65,2463.808,25.6692
RILYG,24.2,24.09,24.2,24.0201,16595.0,24.121
APRP,32.19,32.23,32.23,32.19,881.0,32.214
ADSEW,0.5399,0.44,0.5599,0.44,3219.0,0.508
QVOY,30.1996,30.14,30.23,30.14,2234.035,30.1733
XFIV,48.785,48.86,48.86,48.785,18402.0908,48.8244
CNOBP,24.955,24.9,24.955,24.9,779.0,24.9438
ICRC,31.1677,28.62,31.36,28.62,2079.105,30.8627
SXQG,31.3421,31.47,31.47,31.3421,222.9994,31.3919
GLPpB,25.32,25.32,25.3804,25.3,7657.352,25.3304
CRBN,250.67,250.985,251.42,250.67,4310.537355,251.031
DDIV,45.0146,44.98,45.135,44.94,5906.3212,45.0352
BRAI,7.2068,7.31,7.4,7.0001,30801.948389,7.1808
CPRY,27.7351,27.71,27.7351,27.71,1476.076,27.7168
OPTXW,1.2,1.19,1.32,1.19,37365.0,1.2641
DXR,10.05,10.03,12.22,10.03,66472.1806,10.9541
JHCB,21.2502,21.2601,21.319,21.2502,16549.0424,21.2815
BLUC,30.8744,30.86,30.95,30.85,23966.0366,30.9218
CMII,9.9042,9.9042,9.9042,9.9042,262.0,9.9038
QXQ,31.7363,31.68,31.83,31.68,7236.7088,31.7895
QADRU,9.94,9.98,9.98,9.93,11270.0,9.9599
PSAI,26.087,26.07,26.1199,26.01,927.0,26.0683
EGUS,57.1153,56.96,57.27,56.96,6440.2321,57.1192
FHDG,35.77,35.78,35.78,35.77,179.2455,35.785
LFSC,38.435,38.83,38.935,38.3,3750.9099,38.5595
DMAX,27.175,27.16,27.19,27.16,6786.5618,27.1784
PSCF,61.4977,62.25,62.25,61.4977,2991.3272,61.7431
RMME,100.17,100.19,100.19,100.17,160.0,100.1899
GTIP,49.61,49.581,49.62,49.58,12780.301906,49.6023
KEMQ,25.781,25.75,25.81,25.75,1537.062341,25.7828
FMUN,50.27,50.33,50.33,50.22,14249.268,50.2657
SPTB,30.06,30.09,30.09,30.04,35221.3206,30.0801
GSJY,52.4807,52.3701,52.59,52.37,4907.0344,52.4741
ADAMN,23.6,23.4,23.6,23.3,2622.3731,23.4823
BTBDW,0.0502,0.0744,0.0744,0.0502,1318.0,0.05214
APRW,36.8,36.83,36.8399,36.79,10587.8981,36.8131
AOCT,27.12,27.12,27.12,27.09,7547.0441,27.1063
MITTpB,22.72,22.62,22.745,22.6,2671.718,22.6961
INDZ,24.2736,24.39,24.39,24.2736,2473.0,24.3279
MRSK,37.9,37.95,38.05,37.9,32684.4247,37.9379
GUMI,50.27,50.29,50.31,50.26,16512.3463,50.278
EJAN,36.0654,36.139,36.1399,36.0101,6563.6974,36.085
ENDW,34.0531,34.05,34.11,34.0217,12100.6257,34.0776
TRUC,26.8809,27.115,27.115,26.8809,3343.165,26.9946
MMAX,26.99,26.94,27.02,26.94,21886.429915,26.978
ZJUL,29.695,29.7,29.7,29.6881,9812.228,29.6955
LOBpA,25.32,25.3,25.3699,25.27,4205.0,25.3043
DDTL,21.725,21.7002,21.75,21.69,4836.0,21.7039
TMH,49.6072,49.47,49.6072,49.47,409.310018,49.5931
ISWN,22.2584,22.34,22.3599,22.22,2872.1682,22.3079
CRTC,38.2271,38.235,38.32,38.17,11803.3173,38.2555
RWTN,25.3501,25.58,25.58,25.35,2569.688,25.4282
CIMP,25.125,25.18,25.27,25.1,10782.0,25.166
PFI,58.4475,59.04,59.04,58.43,1180.7515,58.7299
BKHAR,1.4,1.4,1.4,1.385,12600.0,1.3999
XITK,190.9609,190.18,191.53,190.18,1171.1256,190.613
PTBD,19.17,19.21,19.21,19.15,21157.169104,19.1963
TPFI,24.95,24.9999,25.0,24.95,5030.284,24.9667
WLII,10.0,9.98,10.005,9.98,414.0,9.9915
UPW,23.8137,23.5709,23.9212,23.5709,12542.067173,23.7708
MDAIW,0.872,0.8342,0.8783,0.8,24126.0,0.8536
ESK,14.2885,14.195,14.2885,14.195,326.9557,14.2351
BVC,9.45,9.9,9.9,9.31,2423.847152,9.6227
EMCB,66.45,66.37,66.5907,66.35,4320.2851,66.41
CBTL,19.0651,19.01,19.08,18.97,6989.052,19.035
AIIA,10.1,10.105,10.105,10.09,60550.986542,10.0984
TCV,30.567,30.53,30.67,29.98,9697.092,30.4253
ABVEW,0.19,0.14,0.1999,0.14,4116.366568,0.1896
GINN,77.2938,77.32,77.51,77.17,9778.586769,77.2126
MUNB,100.625,100.56,100.625,100.56,102.0,100.565
NWAX.U,10.34,10.33,10.34,10.33,1433.0,10.3389
INKM,34.5212,34.54,34.58,34.5001,1993.6016,34.5542
SHDG,32.3412,32.29,32.3412,32.29,111.704814,32.2952
BKCI,52.51,52.52,52.58,52.485,5209.675,52.5072
PDN,47.3233,47.37,47.43,47.3224,5411.283174,47.4135
RWTpA,25.24,25.1298,25.4,25.1298,13907.5327,25.2976
SABSW,0.0212,0.039,0.049,0.0212,34895.0,0.04089
PJFG,114.7533,114.98,115.425,114.73,2495.7096,115.0649
VEGN,72.8695,72.6476,73.09,72.5194,11095.655988,72.9466
RREVU,9.99,9.98,9.99,9.98,148410.0,9.9847
BMED,27.5611,27.93,27.93,27.5611,1935.8805,27.8587
HSBH,100.09,100.6,100.6,100.05,597.425031,100.2192
PSH,50.11,50.15,50.16,50.02,52845.43316,50.0376
ONCHU,10.3,10.3,10.3,10.3,193.0,10.3
MVFD,30.26,30.34,30.36,30.17,14494.7158,30.2888
XUSP,52.151,52.1,52.2101,52.1,1440.5913,52.1551
QETH,23.27,23.149,23.28,23.01,3802.485447,23.1659
CSBR,6.01,5.9999,6.1067,5.83,17924.648555,5.9734
TE.WS,0.18,0.1973,0.23836,0.17,9577.0,0.1997
DLFE,31.32,31.36,31.39,31.32,64287.0,31.3765
TSES,31.16,30.82,31.21,30.82,4827.2281,31.0151
ACAA,9.93,9.93,9.93,9.93,66832.0,9.93
DCX,2.3,2.34,2.5,2.2601,29087.382969,2.3516
QLC,87.591,87.79,87.8537,87.54,22603.1528,87.7273
USBpQ,15.08,15.0203,15.09,15.02,24587.7501,15.054
GTENW,0.65,0.6,0.65,0.6,31744.316666,0.6499
USIO,1.25,1.265,1.27,1.16,25211.0,1.2293
MYCF,25.015,25.01,25.02,25.01,9599.1684,25.0103
DRNL,11.8134,11.44,12.093,11.44,1929.075353,11.8265
CTW,2.91,2.84,3.0,2.8,78090.0,2.9287
BCTXZ,0.0874,0.09,0.090251,0.076,206860.0,0.08174
RVSNW,0.0255,0.0255,0.0255,0.0255,1001.0,0.0255
SSACR,0.17,0.17,0.17,0.17,27630.0,0.17
QREDr,0.2108,0.1813,0.22,0.1813,8300.0,0.2101
WSBK,12.8,12.76,12.81,12.7501,2633.608458,12.7873
INVG,25.435,25.46,25.46,25.435,893.8735,25.4491
USLN,50.78,50.785,50.785,50.78,148.0,50.7857
DVND,37.5614,37.6,37.6,37.5614,227.6928,37.5734
SCIIR,0.24,0.21,0.24,0.205,24222.0,0.214
PSNYW,3.21,3.18,3.22,3.01,8707.33226,3.1754
ADFI,8.5052,8.51,8.52,8.5,13095.295823,8.5143
GAA,35.3035,35.2,35.34,35.1872,1630.9084,35.2522
RILA,11.47,11.47,11.5,11.47,5558.03361,11.4916
MBBB,21.4099,21.41,21.42,21.4099,2016.4451,21.4116
FTAG,30.095,30.08,30.1,30.075,1851.8018,30.0963
NEWTH,25.13,25.25,25.4,25.11,20008.039,25.2661
BNOV,47.1752,47.2299,47.2299,47.111,14013.0,47.1766
RJMI,25.595,25.6,25.615,25.59,1240.7166,25.6002
TRTNpC,25.09,25.205,25.205,25.08,5330.0,25.1181
QBSF,26.78,26.78,26.82,26.74,898.0,26.773
PNFPpB,26.525,26.205,26.9,26.1701,12096.4543,26.4243
CGV,16.93,16.93,16.97,16.92,14697.927067,16.9536
BGSF,5.12,5.16,5.205,5.0,12740.383531,5.0965
SETH,42.0695,42.31,42.655,41.9901,20339.161,42.2478
AXINR,0.19,0.18,0.19,0.18,31344.0,0.1825
WBSpG,24.44,24.3704,24.45,24.29,1579.7958,24.4054
CNOpA,18.1,18.17,18.17,18.1,2017.0,18.1344
HDLB,16.33,16.64,16.64,16.3,1469.8712,16.4113
DVXE,37.6731,37.06,37.6731,37.06,197.0,37.0991
ASPC,11.36,11.3501,11.71,11.35,8330.021125,11.5034
DNMX,9.98,9.99,9.99,9.98,406.0,9.985
JNEU,32.6793,32.621,32.73,32.621,1938.0,32.6856
RWIN,26.2384,26.28,26.33,26.2384,2101.0,26.2929
GECCI,25.3499,25.4,25.42,25.3499,4437.8162,25.3871
BIPI,16.47,16.6577,16.66,16.47,23662.2118,16.5602
TFCpI,19.27,19.26,19.35,19.26,6904.0891,19.3168
ORIQU,10.2,10.2,10.2,10.2,200.0,10.2
FKU,53.5544,54.05,54.14,53.48,24550.4887,53.8019
XLSI,23.4344,23.41,23.4344,23.36,3830.2546,23.3957
JG,6.6,6.87,6.87,6.6,1156.7488,6.683
BETH,45.6587,45.265,45.6587,44.98,1452.468778,45.4676
CPNM,26.6932,26.67,26.7299,26.67,6186.0,26.704
SES.WS,0.026,0.0266,0.0291,0.0215,45105.0,0.02641
DIPR,28.3333,28.04,28.7097,28.04,10252.702,28.659
FEBM,31.09,31.05,31.09,31.05,4556.0,31.0625
DCRE,51.82,51.8494,51.87,51.8001,39646.006713,51.8273
PETZ,0.98,0.9601,0.9999,0.9601,3074.0,0.9762
NACP,57.6323,57.485,57.68,57.485,4429.369264,57.6376
XTAP,44.6347,44.61,44.75,44.61,1120.0,44.6798
ROPE,28.6261,28.645,28.645,28.6261,458.0,28.649
EQTY,27.2516,27.41,27.41,27.2,25080.30848,27.2954
QRFT,68.5853,68.53,68.5853,68.5,1552.20852,68.5567
TRTNpA,25.98,25.83,25.98,25.83,625.0,25.8583
FHNpH,25.0801,25.2,25.21,25.08,20701.0,25.1315
ODDS,23.9028,24.01,24.0101,23.9028,618.6005,24.0007
ARCIW,0.55,0.49,0.56,0.49,55811.0,0.5478
MDCXW,0.5,0.4228,0.5,0.4228,3100.0,0.4519
ADAML,24.24,24.24,24.24,24.17,2239.9131,24.2161
BWFG,51.35,51.8,52.03,50.94,25838.110998,51.4704
MINY,47.0294,46.77,47.255,46.77,4968.638,46.9821
SOLC,19.4297,19.0,19.4297,18.79,1272.0,18.9306
UDIV,59.18,59.18,68.06,58.82,10678.2773,60.3801
FTDS,59.2285,59.56,59.56,59.18,6472.4926,59.241
IMRA,17.1741,17.26,17.295,17.1741,1006.750514,17.2198
SPTU,25.035,25.0399,25.0399,25.035,1465.4409,25.0354
CSM,84.66,84.74,84.74,84.45,4149.849,84.6547
WDAI,26.11,26.095,26.11,26.095,579.607,26.1062
BYRE,27.4522,27.56,27.57,27.3802,3292.1723,27.5095
NWAX,10.08,10.079,10.09,10.075,40822.765,10.0806
SWKHL,25.4,25.37,25.4,25.37,409.0,25.3868
ESLV,27.15,27.12,27.2,27.12,3263.0144,27.1519
XAUG,38.675,38.63,38.7,38.63,985.53537,38.6554
CRGOW,0.1064,0.12,0.12,0.0927,6700.0,0.1096
APUE,45.26,45.29,45.345,45.21,82640.62,45.2807
XHS,111.3952,111.82,111.83,111.3952,1412.063294,111.7978
RMSGW,0.055,0.0675,0.0675,0.0501,4422.285714,0.06153
KRYP,23.775,23.42,23.8,23.42,1324.0116,23.5469
ZJAN,27.8692,27.89,27.89,27.86,4441.010409,27.8725
PSCX,32.2995,32.305,32.305,32.2995,181.0,32.3007
SSSSL,25.05,25.0701,25.1,25.05,4162.0,25.0856
EDGF,24.8,24.81,24.8197,24.8,75659.373,24.8096
TIME,26.8302,26.81,26.88,26.81,4352.9181,26.8373
ACRpD,22.0892,22.09,22.1,22.0892,2399.9703,22.0906
THNR,24.801,25.01,25.15,24.801,1783.0977,24.9927
BABW,30.3511,30.85,30.855,30.3511,1887.630811,30.5961
AZYY,17.0722,17.31,17.34,17.0722,4498.4558,17.2675
LSH,0.6418,0.5501,0.749899,0.5501,43517.0,0.6412
DVOL,36.3657,36.3201,36.4,36.279494,6687.4389,36.3387
MCDS,64.3816,64.4,64.45,64.3816,2402.1818,64.4197
MRGR,45.1316,45.15,45.15,45.1316,812.0,45.1526
QRED,9.9,9.9,9.91,9.89,937542.0,9.8998
ESGG,224.4711,224.12,224.4711,224.12,178.6457,224.2425
STHO,8.75,8.65,8.855,8.635,14007.885584,8.7877
DAPR,40.59,40.58,40.6375,40.54,26820.0,40.5874
STLR,20.3215,20.28,20.3215,20.28,141.0,20.3027
CSHRW,1.39,1.5,1.5,1.17,447.0,1.3736
CPSD,26.539,26.54,26.5636,26.539,802.2868,26.5517
DBRGpI,16.17,16.27,16.5499,16.08,27888.3806,16.2362
HSPTU,10.0,9.1,10.0,8.95,1876.0,9.245
ZJUN,27.365,27.35,27.365,27.33,11893.0,27.3429
EJUL,31.005,30.96,31.04,30.95,3743.0,30.9926
SAAQU,10.42,10.42,10.42,10.42,523.0,10.4202
MUZEU,10.01,10.01,10.01,10.01,1900.0,10.01
SPCK,22.1442,21.83,22.1442,21.83,422.695275,21.9212
HEMI,41.8193,41.76,41.8193,41.76,808.0,41.7602
GIGM,1.43,1.45,1.49,1.43,1837.1011,1.468
PSApO,15.37,15.32,15.43,15.32,10502.6821,15.3836
EDOG,24.977,25.04,25.04,24.977,835.840045,25.0058
BGLWW,0.3101,0.33,0.345,0.31,22948.0,0.3307
KTH,28.2,28.155,28.21,28.12,1839.0,28.154
EBUF,31.43,31.41,31.46,31.41,4929.217,31.4301
IGACR,0.17,0.17,0.19,0.1601,36800.618363,0.1702
KIMpL,19.8,19.915,20.0,19.7701,12833.764,19.8645
VACI.WS,0.9514,0.901,1.0,0.9,89519.0,0.9648
JDVL,29.68,29.67,29.73,29.67,3654.966274,29.6844
ECCV,24.04,23.95,24.04,23.95,2016.924,23.9911
LSAF,48.85,49.0001,49.23,48.803,2152.3233,48.9498
PFDE,27.3691,27.35,27.4716,27.32,8068.577,27.4187
TARK,48.344,47.47,49.12,47.3999,17024.432876,48.2267
MUZE,9.88,9.88,9.885,9.88,2055.0,9.8804
FLDB,50.34,50.3101,50.4,50.29,28606.0491,50.3305
TJUL,30.133,30.11,30.133,30.09,2481.8958,30.1081
GTIM,1.26,1.2789,1.28,1.22,59678.0,1.2413
SYZ,29.4022,29.57,29.57,29.4022,1952.351,29.5547
PCFI,22.9,22.94,22.94,22.88,2861.0,22.8935
LSAT,42.6703,42.84,42.84,42.58,1972.4055,42.7272
THLV,32.6179,32.54,32.66,32.54,6189.8655,32.6177
APOpA,66.46,68.16,68.19,66.46,157334.1,67.1243
GDIV,18.0898,18.12,18.1302,18.0898,2733.3326,18.1209
BLTD,25.19,25.22,25.23,25.1799,4279.8931,25.195
RISN,29.543,29.7,29.705,29.543,8733.076622,29.67
ESLG,26.7004,26.71,26.76,26.7004,3486.9898,26.7535
CANQ,30.855,30.9,30.914,30.855,1848.7379,30.9004
CSB,63.5617,63.84,63.85,63.56,8857.604315,63.7122
ASBpF,20.51,20.69,20.69,20.51,3110.0,20.5894
MMLG,36.0343,36.08,36.13,36.02,7103.735,36.0563
TTXD,18.4023,19.04,19.16,18.31,15832.6321,18.4067
DEEF,39.94,39.97,40.015,39.931,2223.4113,39.9282
AMPGR,0.035,0.029,0.043,0.025,12736.0,0.0327
MIGO,28.308,28.32,28.35,28.24,600.0,28.2933
NEWTG,25.6,25.53,25.6,25.53,717.0,25.5793
ESLA,1.26,1.26,1.28,1.22,18449.422187,1.2535
SIJ,8.7733,8.89,8.91,8.7733,3908.9442,8.8829
BHV,11.3,11.31,11.31,11.3,2763.7366,11.3062
NDAA,23.977,23.99,24.01,23.977,884.0,23.9888
IWFG,53.5951,53.62,53.735,53.5951,602.297,53.6776
LRE,1.34,1.315,1.34,1.27,6759.0,1.3032
JAJL,29.68,29.67,29.68,29.65,10517.0,29.6738
HBTA,32.215,32.1896,32.33,32.12,6748.9222,32.2486
LTL,26.7068,27.06,27.06,26.6177,2201.622535,26.781
BENJ,52.52,52.5281,52.53,52.52,7388.0,52.5276
AHTpG,5.65,6.02,6.0999,5.635,4862.792,5.7475
RWTQ,25.4,25.6001,25.6001,25.3,13584.0,25.498
UTMD,64.0,64.03,64.4959,62.4801,8856.251749,64.1911
BTF,22.115,21.945,22.13,21.84,5706.633629,22.039
FEBU,29.495,29.51,29.57,29.495,34460.0,29.5203
HSMV,37.3377,37.54,37.54,37.3377,785.781,37.4485
TOCT,26.98,26.985,27.03,26.98,2774.0,27.0117
XDSQ,42.4,42.44,42.44,42.36,10070.0253,42.4044
QGRD,29.5659,29.49,29.64,29.49,17395.0,29.5781
JGRW,26.54,26.69,26.74,26.53,37153.1372,26.7206
NVBU,30.66,30.68,30.6901,30.66,772.0,30.6879
IPHA,1.42,1.42,1.48,1.42,5227.0,1.4357
DFTT,29.9998,29.95,30.04,29.87,2015.0,29.973
OBOR,28.689,28.74,28.74,28.689,452.2487,28.7426
XOEF,28.54,28.52,28.56,28.52,2486.314507,28.5537
ELD,29.04,29.1,29.1,28.98,47820.715774,29.0858
ZNOV,27.29,27.32,27.32,27.29,9077.0,27.2957
DGAP,30.155,30.23,30.2399,30.155,1400.0,30.2391
FDAT,22.2609,22.23,22.28,22.205,507.0,22.233
DVLU,37.5998,37.64,37.72,37.5998,4940.1453,37.6775
THRV,24.4517,24.45,24.48,24.35,3293.964,24.4555
MILK,24.585,24.61,24.61,24.585,5028.9648,24.5915
MSAIW,0.0249,0.03,0.03,0.0191,24193.0,0.02813
FLCE,30.37,30.45,30.48,30.36,12906.1631,30.4288
TAXM,50.2551,50.29,50.29,50.24,903.924,50.2614
CCNEP,25.05,24.99,25.05,24.99,6209.0,25.0435
EHLS,27.255,27.07,27.255,27.07,1964.4735,27.1823
JANJ,24.82,24.85,24.85,24.8,3234.9335,24.8121
IBIC,26.025,26.025,26.04,26.025,1888.5186,26.027
SVAL,39.29,39.58,39.58,39.29,5230.2645,39.4837
DJUN,48.93,48.87,48.9999,48.86,4410.0,48.9281
SPBW,28.4311,28.48,28.48,28.41,14341.0,28.444
DUKH,24.08,24.12,24.13,24.08,2568.0,24.1001
NTZ,2.89,3.04,3.0599,2.83,4020.0,2.9387
JMID,31.0978,31.09,31.145,31.09,2004.999,31.1116
ATGL,16.39,17.0,17.04,16.39,4071.465299,16.943
QTAC,24.33,24.34,24.4,24.3,9633.0,24.3485
MLDR,48.805,48.855,48.855,48.805,109.1764,48.8524
CPSR,25.735,25.71,25.74,25.71,506.0,25.728
XIJN,30.75,30.79,30.8295,30.75,22559.8991,30.8011
CAPE,32.23,32.35,32.35,32.11,26091.369475,32.1879
DUKQ,30.4373,30.475,30.48,30.4373,427.2595,30.4672
SDP,11.026,11.0718,11.17,10.9701,9447.2983,11.0766
ATHR,3.754,3.8,3.98,3.754,9108.832915,3.8361
DUKX,28.5679,28.58,28.58,28.5679,205.7812,28.5792
HBANZ,21.06,21.06,21.19,21.04,12331.56,21.1069
IOCT,36.4598,36.495,36.52,36.43,2622.0,36.4933
GIGL,50.4307,50.5187,50.529,50.4307,5614.3468,50.4868
GBND,50.54,50.555,50.58,50.51,22289.507,50.5581
MUSI,43.7,43.71,43.73,43.6899,22517.344983,43.7109
NFEB,30.0224,30.02,30.03,29.995,4008.0,30.0179
IJUL,35.0699,35.13,35.13,35.05,3082.0,35.1092
XTJA,33.4248,33.49,33.51,33.4248,2040.0,33.4923
SMCO,29.4828,29.62,29.62,29.4828,8789.5549,29.5451
FEBW,35.22,35.21,35.2599,35.19,5938.6916,35.232
PBOC,30.295,30.3,30.3,30.2801,12393.97791,30.2988
DESK,37.0774,37.3,37.3,37.0774,573.4956,37.2684
CPSN,27.49,27.495,27.5,27.49,1593.485,27.4937
WISD,101.1611,101.13,101.18,101.13,28331.994718,101.1681
RHRX,21.7486,21.77,21.8425,21.675,5910.164,21.7419
BAFE,28.1676,28.25,28.25,28.16,24989.0509,28.2113
BDCI,10.03,10.025,10.03,10.015,163208.651956,10.0203
HUSV,38.6313,38.62,38.65,38.48,3717.5162,38.563
RWTO,25.0731,25.35,25.35,25.0731,4624.3888,25.205
XBJL,39.615,39.6,39.62,39.6,6748.0,39.6123
PACHW,0.2056,0.23,0.23,0.2056,8600.0,0.2297
IQSU,60.2153,60.28,60.28,60.2048,1447.615905,60.258
TKNQ,24.392,24.33,24.5,24.33,1713.11,24.3893
KLMN,30.265,30.295,30.295,30.19,259.829498,30.2472
LQIG,94.5677,94.65,94.65,94.5677,477.2354,94.5966
UJB,78.5144,78.78,78.78,78.5144,70202.5381,78.7799
PBDE,30.6001,30.6,30.625,30.6,6864.0,30.6042
BHFAO,16.59,16.63,16.768,16.51,22765.4071,16.6114
DSY,2.13,2.1,2.13,2.0018,3719.764761,2.0959
CAQ,9.86,9.86,9.86,9.855,19464.0,9.8599
BAUG,52.65,52.66,52.690336,52.65,2861.0,52.6676
APRJ,24.98,25.04,25.04,24.96,4983.6433,24.9804
APXM,31.57,31.62,31.6499,31.52,3393.0,31.6011
IVSI,28.0375,28.06,28.06,28.0375,1027.0,28.0601
TOPC,33.575,33.6,33.64,33.53,10250.225778,33.6078
DRES,29.89,30.005,30.005,29.89,765.626988,29.9485
RNWWW,0.0033,0.0033,0.0034,0.0033,432.0,0.003328
NBRGR,0.1999,0.182,0.1999,0.182,400.0,0.1954
KREFpA,18.35,18.35,18.41,18.345,9725.3125,18.3627
IVSX,24.7559,24.805,24.87,24.7559,2800.0,24.8344
CSTK,31.6503,31.72,31.72,31.605,4075.1895,31.6436
PWS,31.9932,32.0,32.0,31.925,722.054,31.9494
ACYS,20.3,20.31,20.34,20.28,368591.0,20.3091
NGHT,27.16,27.67,27.735,27.16,19374.38,27.5058
TOGA,28.64,28.765,28.765,28.64,700.48,28.6982
SDD,9.4898,9.35,9.4898,9.35,234.2433,9.3815
BNCWZ,0.345,0.46,0.7469,0.345,7720.159027,0.431
BPOPM,25.33,25.33,25.35,25.33,3236.0,25.2826
DECM,33.525,33.5,33.525,33.49,1090.0,33.4963
UAUG,41.485,41.49,41.505,41.48,2726.0,41.491
IND,22.395,22.57,22.57,22.395,1152.074,22.4502
SMOM,27.52,27.4,27.5301,27.4,5363.0,27.4846
SXTPW,0.0393,0.0459,0.0459,0.0388,23586.0,0.04073
OIMAW,0.58,0.64,0.64,0.4612,9329.0,0.5611
KEAT,34.2507,34.17,34.27,34.17,2253.7405,34.2008
XISE,30.3875,30.38,30.4,30.38,1768.2177,30.3916
DNMXW,0.333,0.33,0.34,0.33,72926.0,0.3303
SHRT,6.565,6.61,6.61,6.56,8150.3536,6.5627
AHTpF,6.02,6.22,6.33,5.99,10423.7783,6.1259
IDVZ,35.022,34.99,35.1,34.98,5586.4897,34.995
BCEM,28.3331,28.4,28.4,28.3331,4609.0,28.3991
CNF,3.0,3.18,3.18,2.8801,8630.936812,3.0025
NTSD,44.742,44.78,44.93,44.74,3019.609,44.8089
ASTLW,0.0399,0.0324,0.0399,0.0275,861.0,0.03432
BAMO,34.01,34.0,34.01,33.98,5302.3474,33.9934
EMNT,98.82,98.825,98.825,98.8001,2060.5224,98.8174
CAIIU,9.975,9.965,9.98,9.96,110214.0,9.9705
MYY,15.7301,15.66,15.74,15.66,2427.112236,15.6941
FEDM,62.1219,62.24,62.2799,62.1,2506.4093,62.215
TFFI,20.105,20.05,20.1099,20.05,4083.0,20.0742
CBOO,24.465,24.44,24.465,24.4301,424.2713,24.4343
AJUL,29.845,29.81,29.845,29.8,1751.0,29.8052
UPGD,77.75,78.09,78.09,77.75,638.0,77.8359
KIDZW,0.0146,0.0137,0.0171,0.0137,34968.0,0.01437
SAAQW,0.75,0.8,0.9,0.75,12700.0,0.7766
FLJJ,33.3,33.28,33.3,33.28,178.0,33.2781
KNCT,191.5638,190.84,191.63,190.84,7714.301936,191.1008
OTGL,10.99,11.03,11.03,10.99,117.609563,11.0235
QUSA,18.573,18.6,18.615,18.57,8051.5214,18.5881
SFGV,34.46,34.57,34.57,34.44,8188.131178,34.4622
ADAMI,25.46,25.46,25.46,25.2301,3605.0,25.3461
QLVD,33.1336,33.22,33.22,33.13,674.475044,33.1419
PCHI,24.62,24.62,24.62,24.59,367.824,24.6037
KPET.U,10.03,10.05,10.15,10.03,7729.0,10.0568
IACQU,10.02,10.02,10.02,10.02,508.0,10.0199
ARLI,25.9785,26.03,26.03,25.9785,586.0,25.9982
MLPB,29.2507,28.99,29.2999,28.99,7402.4094,29.0204
ZOCT,27.4217,27.42,27.43,27.42,3419.0,27.426
RESM,22.8693,22.99,22.99,22.8693,202.0,22.9891
REMC,21.4764,21.52,21.52,21.4764,205.0,21.5199
WRBpG,16.61,16.575,16.61,16.56,2906.0,16.5816
HBDC,24.705,24.73,24.765,24.66,1530.152223,24.7152
DTB,17.08,17.14,17.14,17.0601,18453.0,17.0847
ACGCU,10.0,10.01,10.01,9.98,555.0,9.998
DADS,21.27,21.28,21.33,21.25,2834.488,21.2843
LRND,43.9592,44.1,44.1,43.9592,218.4433,44.0686
POCI,4.49,4.58,4.58,4.39,19264.60944,4.475
HQWWW,3.48,2.66,3.76,2.66,128751.0,2.9342
QOWZ,33.4183,33.58,33.58,33.4183,5586.7813,33.4806
MOTG,38.7193,38.93,38.93,38.7193,834.96948,38.8231
HOVNP,20.91,20.98,20.98,20.91,1152.0128,20.927
MOTI,35.04,35.175,35.175,34.87,13330.8363,35.0181
BVAL,30.3255,30.36,30.36,30.28,46992.8587,30.3119
EPAI,28.691,28.52,28.72,28.4099,5705.2029,28.5961
GIGGW,0.45,0.47,0.47,0.38539,31601.0,0.4534
UDEC,41.23,41.26,41.3,41.23,9762.0292,41.2493
COLA,10.74,10.59,11.075,10.55,342028.871,10.6567
BLUI,25.8126,25.83,25.835,25.8126,2922.202,25.8284
AUGP,32.55,32.56,32.56,32.55,650.0,32.5514
LCLG,69.9651,70.14,70.14,69.9,620.1477,69.9796
MEVOU,10.06,10.06,10.06,10.06,171.0,10.0499
UMAR,41.8099,41.835,41.89,41.7601,7584.0,41.7884
USEP,40.805,40.821,40.8898,40.805,14384.0,40.8328
NXTE,48.3136,48.49,48.49,48.2,1355.3732,48.3998
HCICU,10.04,10.04,10.265,10.04,800.0,10.0963
YJ,1.87,1.8,1.91,1.7999,6232.975,1.8545
UJUN,38.545,38.52,38.545,38.52,511.37764,38.5339
BLST,25.0765,25.11,25.11,25.0765,3032.689,25.0896
MYLD,29.871,30.15,30.15,29.871,694.9811,30.0273
BBIB,97.9297,98.01,98.0105,97.9297,992.949027,97.9984
TIPZ,53.17,53.16,53.19,53.14,14491.6717,53.1731
VSMV,59.5649,59.8384,59.8384,59.49,3062.76641,59.5638
SMLL,20.5399,20.68,20.68,20.5399,264.0,20.6654
RNGTW,0.3201,0.3201,0.3201,0.32,4250.0,0.3201
BASG,25.598,25.67,25.72,25.52,11077.964,25.6298
PSCU,63.7819,64.31,64.31,63.7819,203.763997,64.1413
SDAWW,0.1029,0.13,0.13,0.1025,8454.0,0.1133
SEPU,30.81,30.83,30.9,30.8,29617.0,30.8575
XCHG,26.4721,26.5,26.5401,26.4721,1302.0,26.528
KRSP.U,10.48,10.46,10.53,10.45,7755.0,10.4843
PYZ,131.5475,130.91,132.1499,130.91,3382.7616,131.6525
NBIE,25.87,25.95,25.95,25.83,33401.0,25.9066
LGRO,41.905,42.08,42.08,41.88,35694.3233,41.9538
DDTD,20.065,20.1,20.1,20.0407,696.0,20.068
BETE,38.7026,38.32,38.77,37.99,5728.890693,38.6232
DTRE,43.0132,43.05,43.13,43.0132,1267.8111,43.027
EZM,72.3,72.765,73.14,72.28,19911.1686,72.5776
YNOT,33.1528,33.025,33.25,33.01,11027.0,33.1496
USSE,38.31,38.13,38.32,38.13,22886.0,38.2571
JUST,105.371,105.66,105.7099,105.25,2751.986331,105.5242
OEI,25.7001,25.81,25.81,25.6101,1338.9839,25.6579
KTWO,9.95,9.99,9.99,9.95,405.5,9.956
EMFI,50.365,50.445,50.445,50.365,495.0,50.445
CHAR,10.71,10.77,10.77,10.71,5297.0,10.712
TXXI,50.5539,50.53,50.61,50.53,1317.2312,50.5755
QTJA,32.53,32.55,32.56,32.52,2072.5087,32.5368
ITDJ,32.2568,32.32,32.33,32.2568,4258.100827,32.2972
AACO,9.94,9.94,9.94,9.94,115.1,9.9337
PLUN.U,10.01,10.02,10.02,10.01,6321.0,10.0189
SCPQW,0.3501,0.25,0.3501,0.25,8364.0,0.2981
CPNS,27.926,27.93,27.955,27.88,1770.035,27.935
ADAC,9.93,9.92,9.93,9.92,48702.0,9.9218
JUNP,31.68,31.71,31.71,31.66,13414.0,31.6891
SPHL,2.675,2.7201,2.78,2.6,4340.071364,2.6866
ENGNW,0.1674,0.12,0.179,0.1199,86293.0,0.1446
WLIIW,0.677501,0.695,0.695,0.66,4423.350128,0.6844
DFEB,50.0401,50.04,50.08,50.02,5452.045,50.0461
DAUG,46.17,46.2,46.2194,46.15,4853.8883,46.1961
DSEP,46.825,46.8,46.85,46.8,4818.0,46.8292
TPLS,25.17,25.195,25.195,25.17,1099.9395,25.1878
AUGW,33.65,33.621,33.69,33.62,5645.0,33.6315
SMIZ,42.27,42.275,42.34,42.1,16458.7466,42.2568
FACT,10.57,10.56,10.57,10.56,107171.0,10.5601
EVEX.WS,0.29,0.28,0.33,0.27,24298.0,0.3134
VBND,43.66,43.7325,43.7325,43.61,24133.7002,43.6421
DMAY,46.71,46.69,46.72,46.67,5222.44,46.7007
XHYT,33.81,33.85,33.85,33.8,31802.9332,33.8198
ARCLU,10.03,10.02,10.03,10.02,5368.0,10.0207
GSPY,39.8904,39.95,39.95,39.8904,1483.193062,39.9418
JULZ,45.0459,45.07,45.07,45.0459,601.5173,45.0583
ADME,55.3983,55.33,55.42,55.3,7827.7773,55.3636
APOC,26.135,26.1462,26.1799,26.09,11678.0,26.1399
BNDC,22.105,22.1325,22.14,22.09,9958.595256,22.1085
TILT,269.2112,269.775,270.02,269.2112,5697.438299,269.7396
OCTU,30.19,30.21,30.24,30.17,28564.0,30.1983
SCPQU,10.06,10.03,10.06,10.03,1145.0,10.0338
DJAN,45.1,45.05,45.1299,45.0301,8177.0,45.0887
NBCR,33.2,33.29,33.31,33.2,2609.0,33.2683
GEND,12.54,12.61,12.61,12.54,13095.9122,12.5845
DDFO,22.29,22.26,22.3,22.26,588.0,22.2925
DDFS,21.82,21.845,21.845,21.82,199.0,21.8127
DDTJ,19.8289,19.82,19.85,19.82,1545.0,19.8322
TACU,26.85,26.87,26.9,26.82,1399.0,26.8595
INVN,20.6478,20.92,20.92,20.6478,373.9277,20.8026
DCOY,5.44,5.71,5.895,5.4,9601.944361,5.6528
OXLCZ,24.765,24.8499,24.8499,24.76,12279.7144,24.7712
CICC,25.05,25.0,25.05,24.94,6997.0,24.9906
FLOW,37.0407,37.29,37.2901,37.02,1528.827857,37.1917
SBU,21.3903,21.7,21.7,21.3903,1655.0,21.545
DDFN,19.88,19.86,19.88,19.86,110.0,19.8646
BTCW,86.71,85.33,86.84,85.11,4469.667197,86.0649
XJUL,40.33,40.29,40.3799,40.29,1499.0,40.3451
NVBT,39.05,39.02,39.08,39.02,1308.0,39.0695
JUNZ,34.832,34.79,34.832,34.79,1043.574,34.804
FSGS,30.7515,30.955,30.955,30.7515,528.2439,30.3807
BMVP,50.81,50.89,50.89,50.73,842.7098,50.7742
RFEM,95.4783,95.28,95.69,95.28,1691.4462,95.5305
SVIV,10.06,10.09,10.09,10.03,955.227478,10.0398
ACEP,19.5669,19.62,19.62,19.5669,784.157707,19.612
NUMI,25.095,25.13,25.2,25.095,4465.547,25.1816
DDTA,20.21,20.19,20.25,20.19,464.0,20.2046
FCBD,25.43,25.42,25.45,25.4,4146.5207,25.4451
ARLU,31.6901,31.64,31.6901,31.64,255.0,31.6813
EUDV,53.4175,53.59,53.59,53.4175,182.2115,53.475
TEQI,49.2227,49.27,49.27,49.13,4654.876359,49.2026
JUSA,66.54,66.51,66.6301,66.4999,6201.3118,66.5793
ESLAW,0.134799,0.081,0.134799,0.0807,1269.0,0.1003
WSGE,27.4555,27.5,27.505,27.4555,1973.547,27.4981
RFFC,72.7277,72.7203,72.79,72.6501,718.8509,72.7469
LEGT.WS,0.75,0.75,0.75,0.7,7531.0,0.7391
MBNKO,25.77,25.77,25.77,25.65,707.9778,25.728
CBLS,32.746,32.32,32.746,32.32,410.264,32.4143
CPSO,27.645,27.64,27.645,27.64,795.0,27.642
QJUN,33.55,33.56,33.5699,33.5201,23639.3221,33.5569
APRB,26.58,26.58,26.58,26.58,315.0,26.5798
TSOL,9.51,9.2,9.54,9.18,6217.71789,9.4412
KNOV,30.8,30.86,30.89,30.8,3243.0,30.8574
RFCI,22.355,22.36,22.37,22.34,1457.2961,22.3557
ONOF,39.4816,39.43,39.62,39.43,3594.3774,39.5082
DIVS,32.276,32.2301,32.276,32.2001,752.204426,32.2311
GIXXU,10.14,10.1504,10.1504,10.12,2100.0,10.131
CRACR,0.1413,0.14,0.15,0.1299,71920.0,0.132
NAUG,31.2607,31.22,31.275,31.22,4827.0,31.2492
DDXX,27.6231,27.65,27.65,27.6231,436.0,27.6506
OVS,40.15,40.3399,40.3399,40.15,6715.0262,40.2455
BKEM,94.3766,94.54,94.93,94.3766,2637.207776,94.6735
QDEC,35.15,35.11,35.21,35.11,34839.4236,35.173
BWTG,40.6463,40.75,40.75,40.6463,227.0,40.7512
KNO,60.1925,59.91,60.29,59.91,1792.537,60.0372
JULP,32.19,32.21,32.21,32.19,1096.0,32.2039
SPXN,81.6588,81.54,82.18,81.54,3175.678539,81.8867
CMREpB,25.78,25.87,25.87,25.78,777.0,25.8004
DYTA,31.02,30.97,31.05,30.97,9540.9851,31.0148
DECP,32.07,32.09,32.09,32.07,365.0,32.0781
DWMF,33.696,33.85,33.85,33.66,548.6831,33.7315
AUGU,31.42,31.38,31.43,31.38,2819.0,31.4229
ASMH,104.9119,102.32,104.9119,102.0,1407.4016,103.5087
SPLS,53.4463,53.38,53.54,53.38,6026.3041,53.4378
SFHG,2.46,2.4,2.58,2.2401,12663.8,2.4887
BJAN,58.118,58.09,58.185,58.09,6540.19497,58.119
ARKI,22.13,22.0,22.22,22.0,3544.169,22.0333
TRTNpG,24.14,24.35,24.44,23.92,39713.0,24.0906
PMTpA,23.225,23.3699,23.3699,23.0707,798.8635,23.1956
INNpF,17.5,17.85,17.85,17.49,8512.3676,17.6197
HYTR,21.46,21.49,21.51,21.46,81326.1958,21.4914
IGTR,31.7906,31.65,31.7906,31.65,296.3382,31.6827
MDPL,26.17,26.35,26.35,26.12,12916.114,26.1525
EZMO,27.015,26.96,27.03,26.96,1684.0,27.008
WAMA,25.9116,25.9,25.95,25.87,22244.712,25.914
DDNQ,20.52,20.58,20.58,20.52,6920.0,20.5409
BAMY,27.74,27.77,27.78,27.735,5893.2487,27.76
IVSS,28.0955,28.34,28.34,28.0955,2775.53,28.2244
VBCJ,75.635,75.74,75.78,75.635,929.0,75.7381
TACN,27.7009,27.71,27.78,27.66,13453.0,27.6886
FMSTW,0.7901,0.8726,0.8726,0.775,1583.0,0.8257
XTWO,49.0349,49.06,49.06,49.03,42511.0926,49.047
RNIN,31.08,31.43,31.43,31.08,1102.0,31.1734
SCOW,20.1457,20.3,20.3,20.1457,613.054,20.2168
IPCXR,0.371,0.35872,0.371,0.35872,905.0,0.3601
GTOH,25.525,25.55,25.56,25.525,4176.9958,25.5532
SAPH,31.5655,31.95,31.95,31.41,901.0,31.5122
SVAQW,0.31,0.29,0.31,0.28,2905.0,0.2872
LYLD,29.74,29.78,29.78,29.71,1058.9804,29.7402
AAPY,25.6279,25.65,25.68,25.45,5724.7457,25.5584
NOEM,10.45,10.45,10.45,10.45,151.0,10.4405
KCAC.WS,0.6,0.6,0.6,0.6,228203.0,0.6
WATS,28.5938,28.01,29.07,28.01,828.244,28.7073
RAIN,1.46,1.27,1.59,1.2608,35251.8243,1.3856
BRRWW,0.34,0.37,0.37,0.3201,12856.0,0.3478
TBLU,51.3397,51.45,51.54,51.335,6193.3997,51.4361
BMHL,3.95,3.56,4.0,3.5501,9971.0,3.8106
MHIP,19.8719,20.0,20.0,19.8719,529.0,19.9477
BMLpJ,20.36,20.32,20.47,20.32,7663.49511,20.4057
SNPG,56.2255,56.1299,56.42,56.1299,1779.5849,56.3223
INDE,27.235,27.37,27.37,27.235,1935.1634,27.3098
TACOU,10.6,10.6,10.6,10.6,1000.0,10.6
ALCYW,0.1059,0.1112,0.1112,0.1058,14408.0,0.1101
UPV,96.2077,96.4,96.4,96.2077,514.815215,96.4352
NEWTI,25.45,25.375,25.45,25.375,333.0,25.412
BJUN,48.75,48.75,48.77,48.72,3081.0,48.7242
JCTC,1.99,2.01,2.025,1.93,68369.917948,1.995
OCTT,45.8759,45.88,45.91,45.8759,302.0,45.8938
BSTP,38.857,38.84,38.88,38.8,15004.0,38.8566
BRCE,28.1714,28.235,28.26,28.14,1200.0,28.2267
MMTM,313.3,313.945,313.945,312.96,2527.512072,313.4846
MHNC,13.31,13.31,13.31,13.31,847.0,13.3297
TDOT,16.6391,16.34,16.65,16.329,17515.027,16.386
COFpK,17.79,17.77,17.82,17.74,6298.5068,17.7819
CHNU,28.5195,27.385,28.609,27.385,4115.756,27.9673
YOUL,0.9399,0.89165,0.9399,0.84,21873.0,0.8677
NEEpS,57.6,57.75,57.92,57.59,25241.0,57.4376
YDESW,0.495,0.55,0.55,0.4575,5804.0,0.5222
FMCX,36.9523,36.94,36.9523,36.87,574.4145,36.8892
NOVTU,60.85,60.25,60.85,60.2,2956.0,60.3327
JUNM,34.91,34.88,34.91,34.88,1221.312,34.9075
TEKY,44.2992,44.09,44.35,44.09,244.647833,44.2452
GGTL,37.5511,37.55,37.6,37.55,285.0,37.5869
FXP,18.6402,18.42,18.7,18.42,1587.2505,18.6404
LANV,1.581,1.6222,1.77,1.581,8654.49397,1.6413
LDDR,79.9194,80.04,80.04,79.8301,1184.8253,79.9905
EASY,26.0727,26.15,26.15,26.0,6905.5293,26.0296
IFBD,0.97049,0.95,0.9705,0.9001,4442.65854,0.9428
IRHOR,0.17,0.17,0.172,0.162,11063.0,0.169
UTRE,49.325,49.36,49.3601,49.325,58579.0816,49.3599
MXE,13.7713,13.97,13.97,13.7217,1452.316929,13.7361
KELYB,15.8,15.21,15.8,15.2,2112.545585,15.7874
WHFCL,25.46,25.6,25.6199,25.46,1621.0,25.5301
RCLO,24.975,25.02,25.02,24.95,10935.3584,24.973
SPUT,28.32,28.31,28.3999,28.31,3820.9491,28.3598
NEMD,52.9999,53.07,53.09,52.9999,1321.8373,53.0763
LIAE,209.2884,209.19,209.2884,209.19,159.0,209.19
PRXV,33.1,33.16,33.16,33.1,2515.251,33.1576
STRRP,10.175,10.175,10.175,10.175,362.1589,10.1639
GSRF,10.1,10.1,10.1,10.1,151.0,10.1
LGCL,1.67,1.78,1.87,1.67,5306.75058,1.7172
XOSWW,0.002486,0.002,0.0026,0.002,48758.0,0.003211
JANB,26.8865,26.91,26.91,26.8865,451.0,26.8983
SIXA,54.92,54.94,54.98,54.869,11031.24,54.9295
JULB,26.89,26.87,26.92,26.87,785.0,26.9049
OCTB,26.7989,26.8,26.8,26.7989,270.0,26.7999
RTACW,0.83,0.84,0.84,0.81,3353.0,0.8187
HOMZ,43.8035,43.99,43.99,43.8035,1680.655617,43.9546
GSHRW,0.22,0.2192,0.22,0.2192,7331.915126,0.2198
SANG,4.18,4.185,4.32,4.18,3516.807261,4.1707
PQOC,30.79,30.8,30.8394,30.79,800.0,30.8246
ICUCW,0.02,0.0175,0.02,0.0155,124402.0,0.01963
BIVIW,0.286,0.3086,0.3105,0.286,3403.0,0.2934
MOBXW,0.103,0.0921,0.103,0.092,11902.0,0.09781
ACONW,0.0335,0.0322,0.033901,0.0322,2859.0,0.03335
AAUA,55.897,55.9,56.05,55.897,3065.86,56.0388
FTAIN,25.4099,25.395,25.41,25.38,3991.7756,25.3949
PEBpF,19.99,19.89,19.99,19.88,28892.906,19.9298
OAKI,25.3205,25.4201,25.435,25.29,4645.2896,25.3674
VICE,33.11,33.22,33.22,33.11,222.915098,33.2014
WVVI,2.775,2.94,2.955,2.775,7367.0,2.9048
CTApA,54.1301,54.0,54.1301,54.0,1046.2451,54.0826
NIVFW,0.0163,0.0235,0.0235,0.0163,3604.0,0.0187
VNOpM,17.77,17.75,17.87,17.66,20160.5064,17.7349
TACOW,0.6,0.6,0.6,0.57,56158.0,0.598
QMFE,24.067,24.08,24.08,24.067,758.0,24.08
COOK,41.34,42.9,43.61,40.18,8085.040251,42.9456
ONEH,24.585,24.71,24.71,24.585,1418.6,24.6367
BACCR,0.3379,0.38,0.39,0.33,132784.0,0.3657
CTEF,82.3825,82.23,82.3825,82.23,543.3986,82.2441
CEPV,10.25,10.2209,10.25,10.2209,2238.0,10.2338
FCRX,25.19,25.16,25.19,25.1228,2017.0,25.1414
XSLLW,0.25,0.25,0.25,0.25,104.0,0.2492
STG,3.22,3.2,3.22,3.2,1522.469653,3.2029
SLNHP,9.66,9.6336,9.76,9.49,10150.9513,9.6566
ARKD,20.335,20.1,20.335,20.0801,932.189,20.1717
NPFI,26.06,26.06,26.09,26.0501,7551.3948,26.0648
MOBBW,2.5501,2.6,2.6,2.55,1501.0,2.5781
BBCQU,10.95,10.9,10.97,10.9,13584.0,10.9563
QHDG,30.015,29.98,30.015,29.98,149.256,29.9811
GPATW,0.142,0.142,0.142,0.1401,6020.0,0.1414
ICPY,12.14,12.1332,12.1465,12.13,4540.73615,12.137
ASGM,31.5633,31.4,31.5633,31.4,796.1432,31.4263
CBOL,23.6401,23.61,23.6401,23.59,4137.042,23.6136
DNMXU,10.15,10.14,10.15,10.12,5702.0,10.1436
FCAP,56.59,57.36,57.36,56.59,1649.1225,56.8269
BAYA,11.79,11.8501,11.99,11.5,5521.0,11.7322
UAC.U,9.89,9.89,9.89,9.89,100.0,9.89
BEPpA,18.25,18.4499,18.45,18.185,2083.0,18.2829
ELLA,25.69,25.68,25.69,25.68,1884.0,25.687
QSML,30.9013,31.07,31.07,30.9013,2109.2236,31.0119
PQJA,31.31,31.2701,31.36,31.2701,1645.0,31.3266
RSJN,36.0612,36.07,36.07,36.05,209.0,36.059
DDTO,22.63,22.62,22.65,22.62,4196.0,22.6321
IBGB,24.2027,24.245,24.245,24.19,12566.0,24.2334
SORNU,10.0,10.0,10.0,10.0,100.0,10.0
VHI,14.53,14.775,14.775,14.46,10234.63142,14.6144
LIFT,24.9549,24.998,25.0,24.9549,1912.6458,24.9929
BDCZ,15.0325,15.17,15.21,14.55,2212.0,14.9215
RWLC,36.32,36.2,36.37,36.2,3389.9757,36.2959
NTWOW,0.1821,0.2018,0.2751,0.1819,2954.0,0.2283
ZAPR,26.535,26.53,26.61,26.49,184975.0,26.5036
ZTWO,50.47,50.48,50.4899,50.47,747.3917,50.4853
OXSQG,24.225,24.0501,24.45,24.0501,2442.0,24.1437
CRAN,10.01,9.98,10.02,9.98,5431.0,10.0185
ACSG,46.4938,46.69,46.69,46.4938,397.0,46.6152
JPY,36.6,36.62,36.69,36.6,1362.21363,36.6512
PQNT,22.4642,22.5,22.5,22.4642,238.0,22.4868
CFIT,26.07,26.07,26.1101,26.0699,8339.658,26.0922
KIQQ,25.7206,25.64,25.7206,25.64,1091.0,25.6696
SPYC,44.9487,44.99,45.03,44.946,4035.071452,44.9654
GINX,34.4,34.41,34.44,34.3201,8401.1308,34.3828
BIII,9.89,9.89,9.89,9.89,422.0,9.8909
RIGS,22.905,22.91,22.93,22.85,3089.0759,22.9087
EFAD,42.6962,42.77,42.815,42.65,7609.0439,42.7385
JPMB,40.0495,40.09,40.115,40.0495,8306.622279,40.093
FLMB,23.895,23.895,23.909,23.895,1479.8824,23.897
NXTI,32.4418,32.42,32.4418,32.42,125.3883,32.4267
IBGK,23.1254,23.17,23.18,23.12,17895.6698,23.169
CUBB,22.72,22.625,22.7399,22.5,5198.0035,22.6298
DIVD,42.2184,42.25,42.33,42.2184,4023.4385,42.2894
BUFB,38.75,38.78,38.82,38.74,25234.84,38.7849
NPFE,26.155,26.21,26.235,26.14,7012.0,26.2125
SUMAU,10.0802,10.0701,10.0802,10.07,3200.0,10.0735
PSCI,171.9421,172.84,172.84,171.9421,1584.968898,172.6932
ZTRE,50.77,50.795,50.795,50.77,578.0,50.7928
COLAR,0.3901,0.35,0.4749,0.32772,256340.348778,0.407
BGLC,2.06,2.06,2.06,2.0301,9021.0618,2.0212
CEPF,10.295,10.33,10.33,10.29,1875.0,10.3091
RAINW,0.2,0.19,0.2,0.19,553.0,0.1933
FPRO,24.8709,24.93,24.96,24.815,5220.244,24.9007
ASPCR,0.1829,0.18289,0.1829,0.18289,235.584893,0.1759
IPEXR,0.6,0.69,0.69,0.6,861.183333,0.6333
OCTP,31.8301,31.85,31.87,31.8301,1272.0,31.8595
QUMSU,10.35,10.34,10.35,10.34,1335.0,10.3437
PLUT,2.5101,2.61,2.93,2.5101,1518.0,2.7235
MRCP,33.9701,34.02,34.02,33.97,305.0,33.987
ICPI,50.825,50.815,50.84,50.815,498.0,50.8248
DWAW,49.5337,49.56,49.56,49.51,824.652733,49.5356
XHYF,37.125,37.06,37.26,37.06,29301.259,37.0928
XHYI,37.62,37.62,37.62,37.58,28390.0,37.5805
FTKI,19.7987,19.83,19.83,19.7987,3024.782,19.8024
TOS,29.3926,29.16,29.45,29.16,1152.0,29.418
BHFAL,16.84,16.9,16.92,16.81,11238.045,16.8794
TRUH,24.9428,25.17,25.17,24.89,344.0,25.0084
PONOR,0.2001,0.2,0.2001,0.2,21000.0,0.2001
FLDDW,0.16251,0.1745,0.185,0.1625,10300.0,0.1684
SQLT,27.502,27.59,27.59,27.502,570.0,27.6605
AERTW,0.02175,0.0198,0.0233,0.0198,16322.0,0.02074
DIVY,27.953,28.1,28.1,27.95,5087.2084,28.0211
AHRTpA,21.85,21.94,21.96,21.85,1933.3873,21.9215
SPGpJ,54.27,54.27,54.27,54.27,884.3408,54.3003
QCLR,28.6225,28.64,28.649,28.57,25051.9384,28.5786
NBTR,50.075,50.11,50.11,50.075,5214.0,50.11
NBFC,50.78,50.81,50.81,50.78,4088.423,50.809
BTOP,31.175,30.69,31.26,30.69,2550.2898,31.0379
PBJA,31.9602,31.98,31.99,31.9602,3361.0,31.9775
SMAX,27.635,27.6,27.6374,27.6,873.0,27.6295
BUFI,41.8508,41.91,41.92,41.8508,12172.0,41.9195
BOT,39.0,59.0,59.0,23.78,961901.087575,34.7323
NETL,26.5371,26.585,26.585,26.49,1587.782084,26.5641
INRO,35.4246,35.46,35.46,35.4246,1149.6678,35.4477
AVMA,72.2872,72.4,72.41,72.2799,1930.6253,72.3428
DYNCW,0.12,0.12,0.14,0.1,69322.87372,0.119
KDEC,27.62,27.66,27.6949,27.62,12508.8143,27.6647
EDGE,48.2883,48.25,48.32,48.23,3501.855,48.2991
IAUG,29.6784,29.69,29.7,29.6784,10100.470389,29.6957
AGMpH,24.16,24.25,24.31,24.16,14624.0,24.2596
NIXXW,0.0055,0.0055,0.0055,0.0055,5650.0,0.0055
DUNK,23.1213,23.2492,23.2738,23.085,13864.3934,23.1741
PMNV,25.7498,25.75,25.75,25.7498,100.0,25.75
LBTYB,14.77,15.5,16.2854,13.59,78915.44171,14.6935
OCTJ,24.095,24.1,24.15,24.07,3969.0754,24.1019
VBCG,75.5435,75.595,75.61,75.5435,2073.33,75.6006
SAAQ,10.19,10.19,10.21,10.18,42573.0974,10.196
NCEW,15.2,14.84,16.0,12.21,4488.0,14.6828
VBCI,75.735,75.79,75.82,75.735,856.101,75.7919
KRSP,10.3501,10.45,10.45,10.3501,11130.0,10.3873
JSPRW,0.015,0.014,0.0151,0.014,1187.0,0.01485
ABUF,26.645,26.68,26.68,26.645,6594.0,26.68
HOLD,33.9896,33.9,33.9896,33.9,737.9139,33.9224
KAUG,28.19,28.235,28.2527,28.19,13509.0,28.2098
SOUL.U,10.51,10.54,10.54,10.51,1135.0,10.7482
RKSG,27.4679,27.6,27.6,27.4679,5771.0,27.5961
RMCA,24.27,24.31,24.31,24.27,469.084,24.2974
MMMA,25.339,25.36,25.37,25.339,1401.0,25.3603
USIN,49.81,49.88,49.88,49.81,261.4616,49.8733
BNCWW,0.026,0.0251,0.0294,0.025,32952.0,0.02565
MYCG,24.945,24.95,24.955,24.945,2145.6017,24.9509
XDQQ,40.285,40.295,40.31,40.27,3921.93066,40.2961
RWEM,35.86,36.05,36.05,35.5,2584.2169,35.6927
DGZ,5.61,5.64,5.64,5.61,460.0,5.5426
SUGP,4.39,4.465,4.47,4.39,3821.2,4.4262
SSXU,36.5725,36.67,36.67,36.5725,1726.3731,36.6325
IQM,114.2769,114.435,115.1899,114.2,4601.347032,114.4029
RTAI,21.4115,21.43,21.43,21.4115,242.0,21.4297
PCTTW,2.64,1.75,2.66,1.75,41778.0,2.2789
SFTX,31.085,31.1306,31.16,31.08,45608.0,31.1393
CRANR,0.22,0.212499,0.22,0.212499,12173.0,0.2157
CRANU,10.2,10.2,10.2,10.18,1839.0,10.1978
DALI,31.4022,31.26,31.4639,31.25,4215.2248,31.3001
SMOX,29.2119,29.245,29.33,29.17,5071.0,29.2297
GENM,10.3,10.3,10.33,10.27,45187.0,10.3082
FRGN,31.6,31.58,31.7,31.58,4470.0,31.6358
TRSG,1.33,1.1801,1.35,1.1801,27884.365336,1.2961
HVT.A,22.19,21.43,22.19,21.41,890.958566,21.8633
DIVN,28.5722,28.585,28.62,28.515,16047.557,28.5753
TRND,36.2918,36.325,36.39,36.2918,911.386943,36.3225
GECCH,25.515,25.39,25.8999,25.39,1361.8767,25.6276
FLXN,25.0471,25.095,25.11,25.0471,3728.951,25.0904
SIXH,41.675,41.8,41.8,41.65,8430.0083,41.7002
SLDPW,0.226,0.25,0.269,0.2111,60411.288,0.234
MARW,35.74,35.77,35.795,35.74,1379.0,35.7556
PFAI,3.71,3.76,3.76,3.7096,5332.009901,3.7415
RGNT,2.1762,2.0777,2.19,2.0777,6807.1235,2.139
VLYPO,25.08,25.05,25.08,25.045,9761.7354,25.0698
GK,28.8072,28.835,28.88,28.8072,912.396119,28.8226
SPXE,79.6257,79.65,79.78,79.6257,1256.65201,79.7216
BWEB,76.6664,76.71,77.3044,76.6664,1946.076377,76.8528
MOLN,4.1301,4.11,4.275,4.11,16996.011,4.2056
SPIN,31.9984,32.0491,32.05,31.9984,4277.9464,32.015
KMID,24.74,24.77,24.77,24.69,13520.1639,24.7283
SPUC,49.1876,49.2201,49.29,49.13,2296.0892,49.1999
CLRO,3.22,3.12,3.23,3.12,5122.992766,3.1826
IMPPP,26.05,26.0499,26.05,25.7001,1968.0,25.7659
XRNpA,24.06,24.15,24.15,23.5301,5389.6206,23.852
TPAY,53.8657,53.9,53.9,53.86,990.0947,53.8922
JANI,25.54,25.55,25.55,25.52,2401.0,25.5202
XAPR,37.36,37.39,37.42,37.36,3455.0,37.3884
FDM,86.84,87.72,87.72,86.805,3567.293323,87.4062
FEUS,80.0289,80.1,80.21,79.98,1439.904,80.0887
BIXIW,0.28,0.25,0.28,0.25,358.0,0.2585
LWAC,10.2,10.2,10.2,10.2,673.0,10.1999
FLGpU,41.69,41.41,41.89,41.41,2296.0,41.7366
BAYAR,0.1106,0.08,0.1219,0.08,3101.0,0.1046
UNIY,48.505,48.535,48.535,48.505,266.835734,48.5351
BCHI,40.31,40.29,40.31,40.29,431.351427,40.2974
GWH.WS,0.0121,0.0121,0.0142,0.0121,20551.739,0.01209
SKYU,33.6776,33.88,33.88,33.64,2078.8649,33.8
EONR.WS,0.12,0.1198,0.12,0.1198,475.0,0.1144
BPAY,24.5719,24.43,24.5719,24.43,1285.1117,24.4652
WBIG,24.2416,24.22,24.25,24.21,8030.9992,24.2247
GFAIW,0.0416,0.0416,0.0416,0.0416,700.0,0.0416
GRIN,31.9798,31.92,31.9798,31.92,225.291,31.9144
HOII,10.9494,10.67,10.9494,10.67,3365.647,10.7751
SEPW,32.98,32.99,33.01,32.98,3520.0,32.9866
MIDE,36.8003,36.86,36.8601,36.8003,954.249297,36.8624
FAB,96.8301,97.11,97.18,91.63,2980.0817,96.5232
LIMI,62.48,62.58,62.82,62.48,773.428119,62.5565
ILLUW,0.302,0.35,0.35,0.302,4413.0,0.3466
VABS,24.2,24.21,24.22,24.2,901.775874,24.2111
BFRGW,0.2149,0.1999,0.31,0.19,21598.0,0.2514
TBX,28.2951,28.2601,28.2958,28.26,1690.5438,28.2753
CMCI,30.0533,29.935,30.0533,29.935,257.040797,29.9435
KCA.U,10.01,9.99,10.05,9.97,194070.0,9.9948
NHICW,0.69,0.68,0.714,0.68,1001.0,0.6942
BDCIU,10.15,10.15,10.15,10.15,131.0,10.1429
FTXG,22.2227,22.17,22.25,22.16,4033.514015,22.2169
ESSC,29.6752,29.79,29.79,29.6752,3252.3507,29.6958
OND,35.0164,35.18,35.18,35.0164,319.348,35.159
AIRT,21.26,20.7828,21.26,20.78,937.246,21.1414
QUS,182.42,182.48,182.63,182.0501,11979.479664,182.3748
PSFD,39.31,39.335,39.35,39.3,1829.0,39.317
PSMR,31.865,31.85,31.865,31.85,6612.0,31.8501
DSXpB,26.8825,26.85,27.0,26.85,3075.0,26.9442
JZ,0.7435,0.8721,0.8721,0.738849,71568.354,0.7743
DAICW,0.016753,0.0207,0.0207,0.0161,1322.0,0.01707
IEUS,73.0,73.42,73.42,72.96,3264.276763,73.139
HECO,58.3019,58.11,58.53,58.09,737.908063,58.2931
IDEC,33.8876,33.915,33.9399,33.8876,1435.408,33.9147
ABLVW,0.019307,0.019307,0.019307,0.019307,232.0,0.01932
XHYE,39.14,39.16,39.19,39.12,31306.10964,39.1596
XHYC,36.965,36.95,36.965,36.95,28630.6843,36.95
XHYD,37.975,37.96,37.975,37.96,28261.2784,37.9609
KAMO,24.735,24.74,24.75,24.7201,23322.0,24.7432
MAApI,53.8,53.84,54.0,53.75,2090.1991,53.8223
PMMY,26.68,26.71,26.71,26.68,119.0,26.7055
MEMA,32.3188,32.38,32.38,32.3188,207.8644,32.3629
BHRpB,15.0,15.2114,15.31,14.965,3714.7424,15.1039
YOKE,31.4412,31.37,31.49,31.37,1160.1175,31.4209
EHY,11.5801,11.5,11.59,11.4999,7179.4637,11.5449
MITTpC,25.3001,25.37,25.4,25.0,6356.3511,25.2696
AGGS,40.7351,40.76,40.83,40.7351,1356.0,40.7802
WCEO,35.7364,35.85,35.85,35.7364,694.529,35.8492
GIWWR,0.28,0.32,0.34,0.28,37166.0,0.3268
DRIO,7.98,7.77,7.98,7.75,1975.0,7.8417
OPPpA,16.68,16.5701,16.68,16.5701,1832.0,16.6344
BIXIU,10.08,10.08,10.08,10.08,121.0,10.08
GIW,10.02,10.02,10.02,10.02,1746.889333,10.0203
MLAAU,10.27,10.24,10.27,10.24,3065.0,10.2584
BDCX,20.2794,20.6,20.6,20.2794,714.5491,20.5394
RFLR,30.5326,30.639,30.64,30.5326,3337.9803,30.6012
MOGU,2.38,2.26,2.38,2.2313,2678.0,2.2882
GVUS,60.247,60.19,60.355,60.16,1310.5006,60.225
UST,42.61,42.76,42.76,42.61,3571.168137,42.7223
BEEZ,32.6803,32.63,32.69,32.63,525.061,32.6491
AHTpI,6.045,5.8,6.045,5.8,1215.0058,5.8977
MYMK,24.99,24.995,25.02,24.99,311.0,25.0055
ACFN,17.61,17.7722,17.7722,17.41,7814.703757,17.5501
MYMJ,24.785,24.795,24.8,24.785,881.0,24.7927
MYMI,24.645,24.655,24.66,24.645,435.0,24.6538
QSIG,48.53,48.55,48.56,48.5,3370.011721,48.5382
DIM,88.3131,88.53,88.53,88.3131,669.4508,88.5148
ARL,13.94,13.34,13.94,13.34,3027.0353,13.7863
VALU,34.4,34.64,34.965,33.9591,1219.744392,34.6108
TOAK,28.705,28.72,28.7201,28.69,12061.0,28.6955
JANU,29.9085,29.925,29.99,29.9085,1661.989,29.9446
SEPM,32.58,32.54,32.58,32.54,429.0,32.5437
WHLRP,7.16,7.02,7.16,7.02,3208.0,7.0678
MYCI,24.785,24.805,24.81,24.785,2535.0,24.804
IFEB,30.95,30.99,31.03,30.93,25590.0,30.9905
SPBX,28.7598,28.79,28.8,28.7598,7025.0,28.7842
ARKR,7.01,7.04,7.1,6.755,5391.2065,6.9613
EWK,26.421,26.56,26.56,26.34,635618.933681,26.4398
SRZNW,0.0254,0.02,0.0255,0.0188,9244.0,0.02492
SIXF,33.5748,33.56,33.61,33.52,5437.0,33.5664
UTSI,2.61,2.61,2.675,2.59,22298.0,2.6416
VYLD,28.2,28.25,28.25,28.16,1781.0,28.195
JACSr,0.14,0.14,0.14,0.14,5000.0,0.14
VEGA,52.0938,52.115,52.16,52.0938,1195.8527,52.1467
OTGAU,10.26,10.22,10.26,10.22,1125.0,10.2469
KOYN,10.12,10.12,10.12,10.11,3119.0,10.114
BRIB,25.07,25.08,25.1,25.07,298.0,25.0931
NJUL,76.56,76.57,76.58,76.56,592.5349,76.5729
BAMD,32.19,32.165,32.23,32.16,7332.657474,32.1766
DECO,68.2585,68.1,68.55,68.1,1102.964609,67.857
AMHpH,24.0599,23.925,24.11,23.9,3832.7112,24.0031
BTR,27.3306,27.33,27.3306,27.33,4264.0,27.3298
BHAVU,10.05,10.05,10.05,10.05,107.0,10.05
QQDN,20.7313,20.6,20.7313,20.5,1868.7634,20.6685
PMMR,26.97,27.01,27.01,26.94,615.0,26.9716
BSR,30.0723,30.07,30.0723,30.03,3782.135,30.0689
BRIF,34.04,34.0199,34.09,33.99,2100.7526,34.0475
LDRX,35.5005,35.58,35.7099,35.5005,4470.7666,35.6275
TENM,26.6507,26.67,26.67,26.6507,477.0,26.6805
SVIVU,10.15,11.0,11.0,10.15,622.0,10.4438
ESG,170.3354,170.4101,170.575,170.24,3016.056135,170.3651
ORLG,12.9835,12.865,12.9835,12.77,815.0,12.8106
AAUS,59.0812,59.15,59.15,59.0812,266.1305,59.1279
HWSM,28.8161,28.89,28.8901,28.8161,2003.0,28.8902
BAERW,0.32,0.32,0.3643,0.32,37934.0,0.3557
LKSPU,10.19,10.19,10.19,10.19,524.0,10.1965
SIXP,33.2839,33.28,33.29,33.28,1562.0,33.2888
SCSB,24.99,25.01,25.01,24.99,259.4307,25.0066
SAIH,11.9,11.3,11.9,11.15,8353.7303,11.4617
TRIO,63.89,64.0,64.0,63.89,316.87,63.9658
RAAA,25.08,25.07,25.08,25.07,1269.1286,25.071
FOWF,33.32,33.33,33.3794,33.32,1794.6175,33.3629
TULP,4.11,3.81,4.24,3.81,4097.0,4.1002
PCGG,10.87,10.915,10.94,10.87,2727.92,10.9249
PNFPpA,25.68,25.625,25.75,25.625,6691.96041,25.703
TMLP,28.8015,28.49,28.8015,28.49,848.027,28.6319
CEFA,39.4864,39.6,39.65,39.47,9068.468392,39.6013
LOPP,37.9254,37.88,38.16,37.88,315.313,38.0637
JANH,24.88,24.88,24.8801,24.88,494.0625,24.874
SCCE,24.0,24.002,24.11,23.945,2125.0,24.0217
WMSB,25.1146,25.1,25.1146,25.1,702.0,25.1001
MBCC,38.3072,38.43,38.43,38.3072,5657.23427,38.4057
AGQI,17.822,17.79,17.822,17.79,862.1928,17.7955
BNDD,97.6998,97.29,97.6998,97.29,646.539,97.3126
CLOD,30.2419,30.06,30.2419,30.06,576.3191,30.1672
NHPBP,20.75,20.75,20.75,20.75,628.0,20.6942
MEM,44.9142,45.01,45.01,44.89,1944.3682,45.3337
IBAC,10.83,10.83,10.83,10.83,10341.0,10.7898
NITE,37.7753,37.7301,37.89,37.7301,737.999482,37.7847
MDLV,30.333,30.31,30.333,30.29,9727.0,30.3156
SASS,24.2565,24.18,24.2565,24.18,538.0,24.21
CSNR,37.5385,37.44,37.58,37.44,94984.6597,37.4516
EMIF,28.7089,28.75,28.75,28.68,2361.9268,28.7146
NVBW,35.21,35.225,35.225,35.2,2310.0,35.2251
TTOP,19.1182,19.03,19.1182,18.9924,324.011,19.0158
CZFS,63.17,64.5,67.995,61.625,4314.829534,63.0042
BRBI,14.15,14.26,14.26,14.015,2223.0,14.1244
AGMpD,20.57,20.63,20.65,20.56,10757.7699,20.6
GENZ,35.3,35.23,35.3,35.21,2766.3062,35.2723
FTHAU,9.97,9.965,9.97,9.96,246237.0,9.9698
AOTS,23.0482,23.1,23.109,23.04,1418.989,23.0768
SPYQ,183.6089,184.16,184.18,183.6089,1000.695152,183.8239
SCCF,24.0,23.95,24.0,23.95,1102.0,23.9812
FB,44.295,44.325,44.33,44.295,292.978515,44.3098
HUMAW,0.07275,0.0756,0.0756,0.0727,4355.0,0.07541
CCID,25.42,25.3,25.52,25.2101,10008.0,25.3443
XBOC,35.0089,35.02,35.04,35.0089,1013.0,35.0228
REGCP,23.19,23.19,23.19,23.19,1067.0,23.1963
DVXP,25.0804,24.88,25.0804,24.88,1530.0,24.8933
MITTpA,22.94,23.05,23.1899,22.94,1688.2728,23.0466
EWUS,42.4168,42.665,42.665,42.4168,1544.560956,42.5611
RCLR,50.375,50.455,50.46,50.375,8373.934,50.4267
PEXL,70.6045,70.74,70.74,70.6045,831.9739,70.7546
RAAR,50.645,50.66,50.66,50.645,3695.0,50.6593
SIXS,54.1487,54.41,54.41,54.1487,6066.667,54.4097
JULM,34.34,34.31,34.34,34.31,331.0,34.31
FGII,9.895,9.89,9.895,9.89,6136.0,9.8909
LIVE,13.35,13.425,13.5,13.35,1591.809457,13.4077
HUBCZ,0.0098,0.0071,0.0109,0.0071,62175.0,0.00869
MGMT,48.4,48.62,48.6821,48.3415,22004.0111,48.5982
FIXP,19.9399,19.97,19.97,19.9399,108.415,19.9676
NUSA,23.18,23.19,23.19,23.17,13926.7688,23.1888
XSEP,43.875,43.8701,43.88,43.85,2048.0,43.872
GTR,26.9082,26.92,26.99,26.89,1275.0,26.9264
AMUN,26.025,26.03,26.03,25.95,9090.934,25.99
SMCF,37.3488,37.44,37.4401,37.3488,287.002,37.4181
CLBR.U,10.21,10.18,10.22,10.18,1063.0,10.1982
LATAW,0.3,0.3,0.3,0.3,500.0,0.3
FCRS.U,10.41,10.43,10.44,10.4,7299.0,10.42
ALDFW,0.3211,0.33,0.33,0.3211,1883.0,0.3325
XTRE,49.18,49.227,49.23,49.18,14003.9396,49.2007
PCLG,22.27,22.405,22.405,22.27,36838.27093,22.294
JHDG,26.8973,26.97,26.97,26.8973,1218.0,26.9553
IIGD,24.5918,24.62,24.62,24.5918,2376.4816,24.6094
SPKLU,11.78,11.5,11.78,11.5,210.0,11.6467
PBJL,30.985,30.98,31.02,30.97,12047.0,30.9887
GTPE,58.6162,58.14,58.6162,58.14,419.98112,58.3033
RTACU,10.77,10.71,10.77,10.71,820.0,10.7554
NHIVU,10.08,10.08,10.08,10.08,713.0,10.0788
XDEF,21.5429,21.6,21.62,21.5429,582.092,21.5876
TNXT,26.8002,26.85,26.85,26.8002,155.0,26.7402
MYXXU,10.07,10.07,10.07,10.065,15764.0,10.0674
NJNK,20.095,20.09,20.12,20.0899,2014.1044,20.0973
BLUWW,0.38,0.38,0.38,0.3799,5221.883806,0.3801
PSET,74.7791,74.89,74.9,74.65,8448.2293,74.7039
DYFI,22.83,22.85,22.85,22.82,3519.1411,22.8376
AOMD,25.67,25.57,25.67,25.57,2264.546,25.63
UZD,20.16,20.16,20.29,20.1,4910.7559,20.14
UXOC,38.69,38.81,38.8299,38.6501,20064.0,38.7501
SCAP,38.216,38.4,38.4,38.216,6286.9864,38.3591
ALOVW,0.4199,0.41,0.4275,0.41,40478.0,0.4151
MYPSW,0.0049,0.0032,0.005,0.0032,1200.0,0.003492
GLED,9.91,9.91,9.91,9.91,2757.0,9.91
RFAIR,0.1,0.1,0.1,0.095,1100.0,0.09909
TWLVR,0.1402,0.16,0.16,0.1402,3000.0,0.1508
IBACR,0.11,0.11,0.11,0.11,2218.206576,0.11
GCGRU,10.11,10.11,10.14,10.1,17359.0,10.1193
LPAAW,0.1127,0.1127,0.1127,0.1127,866.0,0.1127
PLGI,24.8282,24.8985,24.94,24.8282,514.0,24.921
EVOXU,10.1885,10.19,10.19,10.18,1088.0,10.1883
ALIS,10.08,10.05,10.08,10.05,1828.0,10.0776
AENTW,0.587499,0.585,0.59,0.585,633.0,0.5868
TYLG,40.7961,40.82,40.86,40.76,2764.052111,40.7893
RMIF,24.2597,24.28,24.28,24.2597,181.6783,24.2863
ZKP,9.895,9.915,9.915,9.895,1726.0,9.9127
DBEZ,58.7385,58.775,58.79,58.64,1560.452039,58.7549
AVGB,51.0461,51.079,51.1,51.0461,2128.0,51.0832
ZDEK,26.27,26.28,26.28,26.25,8448.0,26.2606
IPAV,35.0004,35.01,35.01,34.991,1166.0,35.0073
PQJL,30.84,30.86,30.88,30.84,2149.0,30.8696
HACQ,9.95,9.95,9.95,9.95,55015.0,9.95
SATO,19.7285,19.56,19.77,19.56,1468.18535,19.529
CPHC,15.79,15.6063,15.79,15.6063,585.536743,15.7233
SZZLR,0.17,0.17,0.17,0.17,1300.0,0.17
LAFAR,0.1002,0.1002,0.1002,0.1002,2320.0,0.1002
ALFUW,0.1201,0.1201,0.1571,0.1201,1395.0,0.1255
BLZRW,0.46,0.43,0.46,0.43,1333.0,0.436
ABLG,32.6924,32.64,32.6924,32.64,188.3796,32.6401
RDIB,9.55,9.55,9.55,9.55,235.673825,9.7231
MKTN,25.3547,25.39,25.4,25.2607,3123.5175,25.3421
VETZ,19.84,19.859,19.859,19.84,1296.6327,19.8544
AOMN,25.09,25.09,25.09,25.02,3246.99,25.0654
MSTI,20.36,20.365,20.3651,20.35,629.662718,20.3604
BRFH,2.36,2.4,2.45,2.36,6722.7747,2.432
BHDG,22.65,22.8,22.8,22.65,9234.0,22.7204
HOLOW,0.0603,0.0614,0.08,0.0603,24697.0,0.07634
CELUW,0.0077,0.0077,0.0077,0.0077,24986.0,0.0077
ANSC,11.34,11.34,11.34,11.34,392.247068,11.3412
SBCWW,0.1963,0.21,0.2102,0.1963,7840.0,0.2074
DFVE,34.327,34.365,34.525,34.16,5126.21856,34.3506
GGTpE,20.44,20.445,20.445,20.44,1212.1262,20.4423
DGOC,32.11,32.2,32.2084,32.11,321.0,32.2058
OAKG,25.0392,25.25,25.25,25.0392,4647.4751,25.2271
EFU,7.6287,7.48,7.643,7.48,4703.1307,7.6345
RDOG,39.7973,39.75,39.7973,39.75,261.3633,39.7934
INDH,39.2888,39.52,39.52,39.2888,401.3102,39.3778
LXPpC,46.2701,46.27,46.2701,46.27,684.6904,46.348
FMACU,10.035,10.03,10.04,10.03,23201.0,10.0301
IVRS,33.4408,33.38,33.4408,33.38,244.030037,33.3569
PVI,24.805,24.76,24.805,24.76,5227.271559,24.7791
OXLCP,25.05,25.0514,25.09,25.05,1219.0851,25.0633
XNOV,39.1348,39.14,39.16,39.1348,263.4951,39.1524
CBOA,24.66,24.67,24.67,24.66,123.3756,24.6651
EBIT,37.6035,37.6601,37.77,37.6035,7995.2878,37.6816
SIXL,38.002,37.94,38.002,37.93,4463.794397,37.9482
FGSM,34.1297,34.25,34.25,34.1297,3058.22,34.2299
FARX,29.44,29.43,29.45,29.43,626.14,29.4321
GPUSpD,19.25,19.5,19.5,18.0,11733.072,19.0806
XLYI,23.3967,23.45,23.45,23.3967,905.2905,23.4076
FOPC,25.5551,25.57,25.57,25.55,3841.586,25.5674
OACCW,0.85,0.85,0.85,0.85,1007.0,0.8498
IEAG,10.08,10.03,10.08,10.03,61418.02381,10.0314
QSPT,34.245,34.26,34.29,34.2,10006.0,34.2481
IEAGR,0.2,0.19,0.2,0.19,17175.0,0.1932
APLMW,0.0166,0.0141,0.0166,0.0132,41841.0,0.01362
EVOXW,0.37,0.37,0.37,0.37,232.926487,0.37
SROI,36.7711,36.8,36.8,36.7711,318.4782,36.7935
MGYR,17.4,17.545,17.545,17.4,1913.1,17.5281
FFF,23.418,23.47,23.47,23.418,251.0,23.4323
RW,24.6619,24.7999,24.7999,24.6619,1266.3021,24.7936
EMXF,56.7072,56.89,56.9239,56.62,6273.278983,56.7209
TPFC,24.9001,24.86,24.9001,24.86,136970.0,24.8672
AKO.B,27.96,28.3,28.76,27.8025,5124.592381,28.2559
ZKPW,0.2501,0.25,0.2501,0.25,750.0,0.2501
MESHU,10.05,10.03,10.05,10.03,942.0,10.0408
PINEpA,25.27,25.285,25.29,25.27,1875.7991,25.2762
DTSQR,0.1672,0.1672,0.1672,0.1672,908.0,0.167
MART,41.3824,41.44,41.44,41.3501,612.0,41.373
CCIIW,0.75,0.7498,0.75,0.7062,82761.0,0.7487
JEMB,53.825,53.82,53.9043,53.82,1204.0776,53.8472
LKSPR,0.9,0.9,0.9,0.9,320.0,0.9075
USAF,27.6835,27.65,27.7,27.65,737.536,27.667
HVMC,10.13,10.11,10.13,10.11,22624.0,10.1297
FUNC,37.27,37.94,37.94,36.92,19766.691948,37.1812
OSRHW,0.058331,0.0582,0.0585,0.058,13037.661512,0.05828
ONFOW,0.1005,0.1005,0.1005,0.1005,147.0,0.09765
ONCHW,0.46,0.48,0.48,0.46,200.0,0.47
GDOC,31.41,31.58,31.58,31.41,709.7564,31.5645
FFIU,21.84,21.866,21.92,21.84,726.161906,21.875
AAVM,34.3967,34.48,34.48,34.3967,180.6981,34.4698
FBYY,12.875,12.98,12.98,12.875,765.7677,12.9732
NAMMW,0.186,0.174,0.19,0.174,2100.0,0.1813
OBAWW,0.21,0.2,0.21,0.2,3382.0,0.2059
RSDE,22.765,22.8,22.81,22.765,9869.0,22.7907
DAT,39.6864,39.92,39.92,39.5,803.12227,39.7307
QBQV,26.7895,26.79,26.8,26.7895,2750.0,26.7948
MBSX,26.81,26.81,26.81,26.81,330.9896,27.5298
ITHAW,0.2201,0.22,0.2201,0.22,1500.0,0.22
GLCR,26.94,27.0,27.0,26.94,467.0,27.0031
HHS,2.81,2.85,2.85,2.81,2806.840535,2.8272
QVMM,34.5147,34.54,34.54,34.5147,667.6137,34.5403
BKSE,125.2448,125.73,125.73,125.2448,2537.9461,125.705
DBCAU,10.05,10.05,10.05,10.05,100.0,10.05
TACHW,0.3,0.2711,0.3,0.2711,1110.0,0.2815
FLSA,33.761,33.84,33.84,33.72,1356.240057,33.7671
RNEM,56.25,56.43,56.43,56.25,877.0,56.4209
YLDW,25.5198,25.525,25.57,25.5198,12327.0,25.5247
SOCAU,10.26,10.26,10.26,10.26,100.0,10.26
AAEQ,52.6943,52.79,52.7968,52.6943,406.981,52.7905
DIVE,25.66,25.67,25.7,25.66,1011.5835,25.6813
SPD,40.99,41.01,41.03,40.99,2152.3843,41.0
WBIF,32.5378,32.535,32.5378,32.5,6793.0,32.5142
GPJA,22.38,22.38,22.43,22.3301,5491.6963,22.3764
GSEE,69.821,69.945,69.945,69.775,1212.682174,69.8506
WBIL,36.5249,36.495,36.5249,36.44,8910.0,36.4646
IBFR,49.4799,49.52,49.52,49.4799,283.06,49.5069
GBLI,28.0,27.07,28.0,27.07,4883.5275,27.7365
GXPE,33.44,33.251,33.44,33.251,623.0,33.2975
TFJL,19.4041,19.43,19.43,19.381,429.0,19.4106
FEDU,10.3,10.36,10.36,10.3,440.0,10.3084
ALUB.U,10.13,10.13,10.13,10.13,150.0,10.13
QIDX,11.1933,11.18,11.1933,11.18,2381.501111,11.1803
VABK,42.36,43.49,43.495,42.36,6135.9576,43.1179
CEPS,10.18,10.18,10.18,10.16,105134.0,10.162
SMRI,39.2227,39.322,39.322,39.2227,617.9604,39.2921
CKX,11.2,11.0,11.86,10.26,163713.2128,10.829
OXBRW,0.12,0.12,0.12,0.12,450.0,0.12
YFFI,10.03,9.96,10.03,9.96,1047.349,9.9611
TSCV,30.6838,30.77,30.82,30.6838,2316.0,30.7729
TVAI,10.27,10.27,10.27,10.27,101.0,10.27
GGNpB,20.1895,20.1754,20.1895,20.1754,850.0958,20.1473
BUFE,21.525,21.57,21.57,21.525,287.0,21.5595
MNSBP,24.91,24.9,24.91,24.9,716.0,24.9065
FACTW,0.68,0.7299,0.82,0.66,11364.0,0.7331
KFFB,4.67,4.265,4.67,4.265,6855.875138,4.4784
KBDU,33.624,33.67,33.855,33.624,339.026693,33.7438
BCFN,21.165,21.22,21.22,21.165,174.0,21.2398
VSHY,21.745,21.7671,21.7671,21.745,526.325737,21.7714
LEAD,85.7051,85.65,85.7051,85.65,214.1653,85.6633
PBHC,13.01,13.5,13.55,12.49,10242.8436,13.2713
GEF.B,83.98,85.375,85.86,83.2501,23401.3501,84.1476
COLAU,10.99,10.79,10.99,10.79,517.0,10.9047
GRF,9.9,10.11,10.12,9.8998,10133.0891,10.0022
QARP,64.4877,64.61,64.61,64.45,1048.0123,64.5104
HMAY,25.2151,25.22,25.22,25.2151,211.0,25.2425
GBF,103.7017,103.7919,103.7919,103.685,2172.406957,103.7395
HYGM,25.0002,25.05,25.05,25.0002,5809.154,25.0245
BANFP,26.4599,26.4599,26.4599,26.4599,512.0,26.456
EXEQ,25.6848,25.711,25.711,25.6848,100.0,25.711
EPSB,26.8997,26.9,26.97,26.8997,2075.0,26.9195
SHFSW,0.0269,0.027,0.027,0.0269,4768.0,0.02706
ABIG,33.4896,33.66,33.66,33.47,51128.5832,33.6456
ETRL,12.8463,12.94,13.05,12.83,1259.6863,12.8866
PBFB,31.6,31.6,31.63,31.58,2310.0,31.6025
CAPN,11.02,11.02,11.02,11.02,102.0,11.0196
MBAVW,0.38,0.36,0.39,0.3379,30306.0,0.3613
WRND,42.1461,42.25,42.25,42.1461,389.5492,42.2408
QSIX,42.4154,42.32,42.44,42.32,1444.5853,42.3934
LOGO,20.53,20.6,20.6,20.515,344.7273,20.5651
KJD,20.7783,21.05,21.05,20.7,4445.0,20.9134
CHRI,87.8698,88.02,88.02,87.8698,186.9374,87.9482
LKOR,41.7105,41.77,41.77,41.7023,2867.9176,41.7185
MBVI,10.12,10.115,10.12,10.115,7141.0,10.1182
XJAN,38.0051,38.0,38.0051,38.0,53517.0,38.0
RDAG,10.27,10.255,10.27,10.255,46901.0,10.26
MKDWW,0.0132,0.0132,0.0132,0.0132,100.0,0.0132
CDRpB,20.25,20.795,21.5,20.23,3518.5338,20.7142
CMBO,102.115,102.12,102.12,102.115,139.0,102.1197
NHIC,10.54,10.52,10.54,10.52,3505.0,10.5308
LCF,43.91,43.98,44.02,43.8332,9135.2045,43.8996
SAJ,25.6501,25.67,25.67,25.65,1647.0,25.6585
BDIV,24.0602,24.09,24.09,24.04,792.5055,24.0602
NEOVW,1.29,0.93,1.29,0.93,2795.0,1.075
RSMV,28.6721,28.68,28.68,28.64,579.8702,28.6556
FXED,17.69,17.64,17.7,17.62,4143.9788,17.6885
INACU,10.28,10.28,10.28,10.28,158.0,10.2933
EPMV,26.0665,26.06,26.0665,26.06,853.0,26.06
ILLU,9.87,9.87,9.87,9.87,100135.0,9.87
XCNY,32.83,32.85,32.85,32.781,2797.511816,32.8455
PCAPW,0.34,0.34292,0.34292,0.34,3108.0,0.3428
CBOX,100.27,100.3,100.3,100.27,18312.0,100.2707
IRHOU,10.05,10.03,10.05,10.03,330.0,10.0616
MBND,27.2512,27.258678,27.26,27.24,5841.3202,27.2506
ISEP,34.026,34.0,34.045,33.99,1764.0,34.0081
FORH,25.22,25.2,25.35,25.2,7324.2192,25.2079
PCGpD,18.435,18.37,18.435,18.36,2187.0,18.4214
UXJL,35.9561,35.96,35.96,35.9561,100.0,35.96
KBUF,28.5689,28.53,28.71,28.53,2272.0,28.5948
OCTH,24.145,24.13,24.155,24.13,1763.0474,24.1489
MBINM,25.5213,25.57,25.7,25.5213,4792.0,25.6395
BUFX,21.95,21.955,21.99,21.95,4308.0,21.9655
PEW.WS,0.457501,0.457501,0.457501,0.457501,681.0,0.4584
BZZ,25.3388,25.4,25.7,25.3388,624.705,25.4726
CCXIW,0.72,0.72,0.74,0.703681,18000.0,0.7251
GPAT,10.79,10.89,10.89,10.79,625250.0085,10.89
RWAYL,25.475,25.49,25.5,25.4501,2300.08,25.4786
PCAP,10.24,10.24,10.24,10.235,1063.0,10.2376
XXX,21.1411,21.15,21.15,21.1411,278.0,21.1462
COMD,29.1822,29.1801,29.1822,29.18,974.643,29.1587
EFSI,37.36,37.25,37.59,37.2,7828.6928,37.4098
NVIR,39.09,39.095,39.115,39.05,3287.7899,39.0715
WDGF,32.08,32.02,32.08,32.02,4511.364866,32.0254
SPXD,27.7307,27.71,27.7307,27.71,307.3575,27.7357
BRID,8.05,7.775,8.09,7.775,2680.6209,7.9863
EFCpC,25.59,25.59,25.59,25.59,825.7101,25.5987
TAXT,51.46,51.52,51.52,51.46,5283.0,51.5199
STNC,36.13,36.01,36.13,36.01,109.8435,36.0167
SPEG,10.22,10.215,10.22,10.215,10017.0,10.2196
JUNW,34.34,34.3,34.34,34.3,390.0,34.3037
ITHA,9.94,9.94,9.94,9.94,4700.0,9.94
PQAP,31.74,31.8,31.8,31.74,997.0,31.7881
HACQU,10.06,10.05,10.08,10.045,12800.0,10.0555
BAIV,25.2006,25.18,25.25,25.18,22322.0,25.2486
LBAY,26.0605,26.11,26.11,26.0605,3772.992122,26.1114
PCGpE,18.8,18.8,18.8,18.8,530.9845,18.8199
BCGS,27.2698,27.35,27.35,27.2698,100.0,27.35
BEAG,10.54,10.54,10.54,10.54,2485.845692,10.5415
CBXO,22.2899,22.26,22.32,22.24,3613.412,22.2951
SPWRW,0.2175,0.24,0.2597,0.2175,7839.0,0.2305
PSL,111.4491,111.35,111.47,111.35,769.3795,111.3585
EAOM,31.09,31.08,31.09,31.01,14801.5116,31.0634
WALDW,0.0489,0.038101,0.04895,0.038101,800.0,0.04351
ILAG,4.24,3.9,4.24,3.9,1451.0,3.9765
FDND,21.1465,21.26,21.26,21.1465,870.4804,21.296
RBKB,16.06,15.82,16.3,15.82,7613.8,16.1352
DBCAW,0.35,0.35,0.3544,0.35,106760.0,0.35
MBVIU,10.16,10.16,10.16,10.16,107.713963,10.1601
PLBL,7.2,7.4,8.05,6.89,6870.63362,7.4165
HACQW,0.55,0.5,0.57,0.5,1200.0,0.5142
TMDV,48.9035,48.96,48.96,48.9035,215.6904,48.9885
LQ,25.065,25.05,25.065,25.05,102.039,25.0501
DRDBU,10.51,10.51,10.51,10.51,318.901046,10.7071
BCIL,30.7262,30.715,30.8,30.69,2236.1325,30.7816
FPXE,34.7041,34.645,34.7041,34.645,359.808336,34.6107
FGSI,19.8322,19.8499,19.8499,19.78,12377.3076,19.8212
LPCVW,0.3264,0.27,0.4775,0.27,5507.0,0.3528
ATTR,93.96,93.955,93.96,93.955,711.123,93.9664
TMSF,50.2249,50.2,50.2249,50.2,994.0,50.2028
AIIAr,0.228,0.2001,0.23,0.2001,6945.0,0.2244
SHRY,43.6329,43.47,43.6329,43.47,191.8572,43.487
ELLO,23.35,24.5,25.24,22.6,105513.886,23.8722
CIX,23.55,23.56,23.56,23.55,1936.054234,23.7331
YFYA,9.825,9.84,9.84,9.82,2911.958665,9.8207
UCIB,37.36,38.33,38.33,37.36,276.0,36.3573
BMN,25.605,25.9499,25.9499,25.605,3223.1539,25.874
FLYU,39.253,39.66,39.71,39.22,2316.0978,39.6072
WSTNU,10.17,10.17,10.17,10.17,101.0,10.1702
SDHI,10.38,10.38,10.38,10.38,50002.0,10.38
PEBpE,20.0,19.99,20.03,19.95,5019.3276,19.9983
KRSP.WS,0.85,0.85,0.85,0.85,50359.0,0.85
HQGO,64.0447,64.095,64.18,64.0447,1251.9952,64.134
NBDS,38.1707,38.19,38.27,38.1707,2163.3417,38.1661
TAXS,50.23,50.22,50.24,50.22,1077.0,50.2274
CGRO,24.6068,24.55,24.6068,24.55,127.3863,24.5525
XIDV,37.9256,37.93,37.98,37.9256,1436.9966,37.9386
SVIVW,1.03,1.02,1.285,0.97,5106.0,1.0728
RCKTW,0.0099,0.0099,0.0099,0.0099,200.0,0.0099
LFMDP,23.725,23.775,23.775,23.725,229.0,23.736
CRDT,23.4849,23.54,23.575,23.46,26959.98458,23.498
ZTEN,50.62,50.63,50.66,50.62,1046.0,50.6444
IACO,9.85,9.87,9.87,9.85,65555.0,9.8613
EFRA,35.5143,35.63,35.63,35.5143,347.6925,35.6132
BESF,40.05,40.12,40.15,40.05,1779.7366,40.0419
BILT,29.1093,29.149,29.17,29.105,3898.249,29.1377
ICRpA,21.4,21.4,21.4,21.4,482.5945,21.3936
FGBIP,20.505,20.41,20.505,20.41,981.0758,20.4466
ODVWZ,0.1501,0.1502,0.1502,0.1501,3236.0,0.1501
FEBZ,39.9833,40.05,40.05,39.9833,302.9877,40.0487
HCMAU,10.27,10.29,10.29,10.27,701.0,10.2857
EYEG,35.2952,35.33,35.33,35.2952,310.7053,35.3232
MEMX,48.2482,48.25,48.25,48.2482,306.26678,48.2514
CTAAR,0.2001,0.22,0.22,0.2001,1170.0,0.2171
KEQU,36.67,37.44,37.9499,36.53,1292.0,37.0591
OCIO,37.0651,37.1425,37.2,37.065,1252.223649,37.1116
ONMDW,0.0328,0.0328,0.0328,0.0328,100.0,0.0328
NCPB,24.97,24.9799,24.9799,24.97,6996.9762,24.9702
JULH,25.005,25.005,25.005,25.005,597.7086,24.9999
JULJ,24.995,24.995,24.995,24.995,553.6374,24.9945
BBB,30.8483,30.86,30.9499,30.8483,1342.37797,30.8777
CPRA,27.4555,27.4401,27.475,27.44,6500.0,27.4406
CBXY,22.1199,22.1,22.1199,22.08,2879.8847,22.0936
NRSNW,0.1005,0.12,0.1303,0.0722,3539.0,0.1033
BCSS,10.16,10.16,10.16,10.16,1381.0,10.16
OCCIM,26.055,26.055,26.055,25.13,2655.0,25.6996
VBCH,75.7,75.759,75.79,75.7,2502.846,75.7534
QVMS,32.2222,32.4,32.4,32.2222,427.7502,32.3981
MMID,25.204,25.27,25.27,25.204,101.009901,25.2698
DINE,25.13,25.2,25.2,25.13,852.039,25.1785
BLRK,9.94,9.94,9.94,9.94,132.0,9.9424
XTOC,35.46,35.51,35.51,35.46,362.0,35.4904
KHYB,24.23,24.23,24.25,24.23,1213.0036,24.2365
AEAQW,0.34,0.3499,0.35,0.34,23936.0,0.3405
EEE,21.2255,21.27,21.29,21.2255,1002.047756,21.2798
LEGO,9.89,9.89,9.89,9.88,9703.939067,9.8865
PMTRW,0.7001,0.6899,0.75,0.6899,139435.0,0.7
DTSQ,11.2377,11.2377,11.2377,11.2377,253.0,11.2135
LPBB,10.7,10.66,10.7,10.65,43465.0,10.6537
LOCT,23.92,23.91,23.92,23.91,16512.9617,23.9101
TYp,44.14,44.04,44.14,44.04,781.561,44.0988
FGIIW,0.2,0.19,0.2,0.19,2510.0,0.1957
INOV,36.2576,36.24,36.2576,36.2202,1063.7971,36.2303
PAAC,9.91,9.91,9.91,9.87,11118.0,9.9064
INACR,0.1493,0.1493,0.1493,0.1202,4017.0,0.1479
NMPAR,0.199,0.1955,0.199,0.1955,4200.0,0.196
APACR,0.15,0.15,0.15,0.15,7738.0,0.15
KTWOR,0.2,0.2,0.2,0.2,4710.0,0.1999
TRGS,9.87,9.87,9.87,9.87,7146.0,9.87
RAC.WS,0.6433,0.62,0.6433,0.55,10179.0,0.6174
PAACW,0.3,0.2999,0.3,0.2999,2312.0,0.3
PBSE,30.49,30.49,30.49,30.48,951.0,30.4817
TEND,26.8449,26.85,26.86,26.8449,6610.958303,26.8503
MARZ,36.345,36.37,36.37,36.345,220.583,36.3483
BFOC,17.4391,17.42,17.4391,17.41,1506.0,17.4106
SEPP,32.015,32.02,32.06,32.015,3937.0,32.0342
BBSB,98.3977,98.45,98.45,98.3977,515.3963,98.4512
EHLD,8.49,8.51,8.65,8.49,1768.6169,8.5928
SQMX,33.965,33.965,34.0,33.93,8642.0,33.9885
PFFL,8.2001,8.2101,8.22,8.2,2801.0,8.2101
SIXD,30.515,30.51,30.515,30.51,1402.0,30.51
TRGSR,0.22,0.22,0.22,0.22,3866.0,0.2197
SKYH.WS,0.72,0.84,0.84,0.72,3942.0,0.7796
MESHW,0.29,0.29,0.29,0.29,2416.0,0.29
AACOW,0.35,0.35,0.35,0.35,2489.0,0.35
AACBR,0.2776,0.2999,0.3,0.2776,4695.0,0.2957
MZYX,9.9,9.9,9.9,9.9,3611.0,9.9
XBFR,25.97,26.0,26.02,25.93,8831.107,25.9742
MSTB,42.847,42.97,42.98,42.78,10437.4979,42.9404
IPODW,0.36,0.35,0.39,0.33,16600.0,0.3718
BTOT,49.625,49.64,49.64,49.61,1006.399,49.6257
HSPTR,0.25,0.3,0.3,0.25,7381.807174,0.2949
COOTW,0.0656,0.0199,0.0656,0.0158,108902.0,0.03058
TAVIR,0.1185,0.11,0.1189,0.11,1956.0,0.112
MKAM,31.71,31.76,31.76,31.71,2711.455554,31.7598
TIPA,101.3088,101.27,101.3088,101.27,500.0,101.27
ARCI,9.93,9.93,9.93,9.925,9401.0,9.9299
ARCIU,10.04,10.03,10.04,10.03,7151.0,10.0342
XFLHr,0.13,0.12,0.13,0.075,2458.0,0.1208
PTNT,25.7313,25.73,25.7313,25.73,504.272,25.7193
KFIIR,0.14,0.163,0.163,0.12,5049.62234,0.1451
DEEP,40.0343,40.26,40.26,40.0343,503.3012,40.2115
SUMA,9.83,9.84,9.84,9.83,11353.0,9.8393
CAQUW,0.28,0.28,0.28,0.28,110.0,0.28
DLNV,32.495,32.5,32.5,32.495,1404.0,32.5002
IINNW,0.0687,0.1274,0.1274,0.0687,5780.0,0.08467
CCIXW,0.44,0.42,0.45,0.4199,118318.0,0.4396
IOPP,25.121,25.1301,25.1301,25.121,376.6667,25.1603
ANV,25.395,25.36,25.3992,25.36,1570.303,25.3706
IBMX,25.115,25.12,25.12,25.115,3000.0,25.12
KOOL,14.6362,14.67,14.71,14.61,1664.771022,14.6891
MMTX,10.065,10.07,10.07,10.065,3399.0,10.0688
MZYX.WS,0.4,0.396,0.4,0.396,1452.0,0.3997
YCY.WS,0.18,0.18,0.18,0.1501,2239.0,0.1762
QUMS,10.17,10.17,10.17,10.17,1786.0,10.17
DAAQW,0.4499,0.415,0.45,0.415,1244.0,0.4219
ALUB,10.01,10.01,10.01,10.0,84424.0,10.01
GSKH,68.763,68.96,68.96,68.763,108.0262,68.9567
BEDZ,33.5068,33.48,33.5068,33.48,2521.6449,33.4912
ACGR,68.8781,69.045,69.045,68.8781,248.7741,69.0035
RNGT,10.04,10.04,10.045,10.03,30106.0,10.0381
FERAR,0.3,0.3,0.3049,0.3,41113.0,0.3001
CPSA,27.535,27.52,27.535,27.52,564.941,27.5308
OTGA,10.12,10.11,10.12,10.11,20551.0,10.1101
GGROW,0.0066,0.0066,0.0066,0.0066,843.0,0.0066
PLDR,38.1308,38.25,38.25,38.1308,129.01564,38.2403
LGHT,8.0746,8.06,8.0746,8.06,4251.915,8.067
PTORW,0.3,0.305,0.305,0.3,900.0,0.3006
WTIB,33.8554,33.9,33.9,33.8554,618.99818,33.6152
DVDN,17.0299,17.12,17.12,17.0299,598.0677,17.135
HDG,54.1566,54.34,54.34,54.1566,2018.96333,54.2987
AIVI,57.274,57.365,57.365,57.274,807.4492,57.3605
AFRIW,0.76,0.7815,0.8196,0.75,4740.0,0.7763
EVNT,11.865,11.85,11.865,11.83,2026.945,11.8484
EZRO,26.2744,26.29,26.29,26.21,5432.422,26.2572
LFTpA,19.71,19.71,19.71,19.71,456.5262,19.7281
FCNCP,21.24,21.12,21.37,21.12,1264.5581,21.2035
GTERW,0.099,0.099,0.099,0.099,669.0,0.09824
XSLL,9.86,9.86,9.86,9.86,15048.0,9.86
BCUS,35.1665,35.25,35.25,35.16,2068.123262,35.2027
RJVI,24.9845,24.99,24.99,24.9845,1600.0,24.99
AACPU,10.07,10.07,10.07,10.07,2042.0,10.0699
DRDB,10.52,10.53,10.53,10.52,27773.0,10.5202
PMFB,27.14,27.145,27.145,27.14,220.0,27.1444
PSCM,106.7372,107.15,107.15,106.73,1239.5854,106.8433
FSML,28.3992,28.5,28.5,28.3992,234.910489,28.5017
CTApB,68.16,68.3203,68.3203,68.16,1244.3449,68.4256
SPME,24.99,24.99,24.99,24.99,4673.0,25.0992
SQFTP,6.41,6.5,6.5,6.33,2601.0,6.5908
MEMS,31.9674,32.06,32.06,31.9674,693.3142,32.0343
RFAM,9.86,9.84,9.86,9.84,67897.0,9.84
CCXIU,10.26,10.27,10.285,10.26,1675.0,10.2688
SSPY,93.4341,93.51,93.52,93.4341,691.724552,93.5155
MKLY,10.13,10.13,10.13,10.13,50001.0,10.13
STAX,25.405,25.4001,25.405,25.4001,176.0209,25.4041
PLMKW,0.52,0.51,0.52,0.51,24919.0,0.5104
SLND.WS,0.0369,0.0319,0.0369,0.0282,19561.0,0.03204
AACIW,0.2498,0.2498,0.2498,0.2498,592.0,0.2498
BGRO,42.1222,42.145,42.145,42.1222,179.9979,42.1486
CLBR.WS,0.77,0.85,0.85,0.77,418.213961,0.7891
XFEB,37.0,37.02,37.02,36.975,896.0,37.0098
BALQ,55.9237,56.069,56.069,55.9237,588.8974,55.9069
IETH,22.8088,22.8499,22.8499,22.8088,109.3287,22.8407
JHHY,25.66,25.69,25.7,25.66,1822.784,25.691
QFHD,25.9062,25.92,25.92,25.86,823.0,25.8901
AUGT,37.445,37.42,37.51,37.42,502.0,37.4559
MHLA,12.53,12.5417,12.5417,12.53,553.0,12.5442
RMCOW,0.22,0.25,0.25,0.22,6899.0,0.2374
FFLS,22.83,22.83,22.8697,22.78,14690.9504,22.8319
PWpA,8.9,8.0812,8.9,8.0812,2229.0,8.2632
BHAV,9.88,9.88,9.89,9.88,280524.744,9.8805
XFLX,22.6023,22.625,22.625,22.6023,600.5365,22.6197
JRE,26.8761,26.9,26.9,26.8761,409.475,26.9048
AIMS,26.9319,27.13,27.13,26.9319,227.184,27.1378
HTLM,1.79,1.8,1.88,1.79,3287.734417,1.8224
FVN,10.84,10.84,10.84,10.84,1184.0,10.8378
QDIV,36.4795,36.41,36.4795,36.4,847.788771,36.4462
SAWG,23.6062,23.63,23.63,23.5999,772.0,23.604
ISHP,34.67,34.735,34.735,34.67,303.7715,34.7282
GLED.U,10.1,10.1,10.1,10.1,128.0,10.1
AVIE,73.3301,73.34,73.34,73.3301,872.1867,73.325
PLMK,10.62,10.61,10.62,10.61,1255.716981,10.6128
PAYH,25.6241,25.79,25.83,25.6241,1902.4541,25.7417
NVDO,21.0353,21.1,21.1,21.0353,303.938,21.0587
TMTSW,0.5,0.5,0.5,0.5,335.0,0.5178
NVNIW,0.039,0.04,0.0419,0.039,3789.0,0.03984
GLAM,25.0615,25.11,25.11,25.0615,106.0,25.1314
NOVP,32.1071,32.13,32.13,32.1071,355.0,32.1236
WZRD,9.196,9.245,9.2899,9.196,654.102,9.2888
KTN,26.12,26.12,26.12,26.12,331.0,26.086
IBHM,25.3661,25.4,25.4,25.3661,156.0,25.3991
HTAX,24.6,24.59,24.6,24.59,130.9847,24.5949
VFSWW,0.42,0.42,0.4201,0.42,528.0,0.4209
OTGAW,0.3001,0.3,0.3001,0.3,2188.0,0.3023
NVAWW,31.5,29.43,31.5,28.23,324.734607,29.6662
ULVM,101.9015,101.89,101.94,101.89,592.761723,101.9444
CLCV,28.7,28.65,28.7,28.6401,516.6417,28.6468
XMAR,42.275,42.26,42.275,42.26,1104.0,42.2676
RND,31.4765,31.46,31.4765,31.46,104.0,31.4599
BUFM,40.1,40.09,40.1,40.08,37017.0,40.0905
MDRR,11.15,11.2,11.2,11.15,2402.9028,11.1727
XMAY,35.745,35.745,35.745,35.71,1058.0,35.7249
TAX,30.0912,30.15,30.15,30.0912,1021.831311,30.1503
MDBH,3.695,3.695,3.695,3.695,513.0,3.6427
HYBX,29.835,29.86,29.86,29.835,65230.5473,29.8601
MNBD,25.995,25.995,25.995,25.995,246.3764,25.9917
PDPA,25.15,25.18,25.18,25.15,358.0,25.1556
EKG,16.1113,16.1299,16.1299,16.1113,1038.444669,16.1317
NMBL,21.0616,21.11,21.11,21.0616,244.618327,21.1155
DVXV,27.9829,27.9,27.9829,27.9,143.071,27.9137
LVIG,98.615,98.65,98.65,98.61,3460.536,98.6475
GTOC,25.1374,25.16,25.16,25.1374,534.2839,25.1586
LCCCR,0.15,0.17,0.1833,0.11,1407.0,0.1476
SHAG,47.602,47.61,47.61,47.602,1180.9621,47.614
PGAC,10.53,10.52,10.53,10.52,11079.0,10.5254
FEMD,36.0956,36.2,36.2,36.0956,137.0,36.1943
FEBP,33.6333,33.64,33.64,33.6333,208.0,33.6403
FPAS,24.895,24.92,24.92,24.895,176.0,24.9181
DDV,25.345,25.36,25.36,25.345,1204.0,25.36
PBMWW,0.0282,0.0213,0.0283,0.0213,2300.0,0.02195
SNTG,2.0851,2.0851,2.0851,2.0851,865.0,2.1108
TIER,31.805,31.82,31.82,31.79,2838.507,31.8219
KVLE,27.1752,27.1401,27.1752,27.1401,1343.762,27.1695
GRAF.WS,0.14,0.1918,0.2,0.14,15619.0,0.1925
RAAQU,13.4,13.0,13.4,13.0,1673.0,13.2161
MTEKW,0.19,0.19,0.19,0.19,214.0,0.19
VUSI,50.29,50.31,50.31,50.29,1592.0,50.31
SAWS,23.6052,23.61,23.61,23.6052,681.9823,23.6138
RNWZ,32.8109,32.84,32.84,32.8109,282.142078,32.8279
APDB,25.465,25.47,25.48,25.465,7856.0,25.4766
HCMA,10.15,10.15,10.15,10.15,2035.0,10.1498
FUSB,15.875,15.875,15.875,15.875,576.178477,15.8473
BFLB,53.7,53.665,53.7,53.665,5880.0,53.6938
KPLTW,0.0015,0.0018,0.0018,0.0015,38790.0,0.001587
BHRpD,16.67,16.67,16.6701,16.67,844.187,16.6715
JULU,31.7289,31.73,31.73,31.725,935.8389,31.7344
BCOR,28.229,28.31,28.31,28.229,170.1061,28.2016
SURE,137.7647,137.74,137.7647,137.74,1330.2511,137.8112
ALIL,30.8077,30.89,30.89,30.8077,1042.0454,30.8894
HCACU,10.2999,10.3,10.3,10.17,3366.0,10.2852
EFCpD,23.03,23.0232,23.03,23.0232,221.0,23.0475
NPAC,10.36,10.325,10.36,10.325,29755.0,10.326
FFND,31.52,31.57,31.57,31.51,1650.9993,31.5536
POLEU,10.71,10.71,10.71,10.71,100.0,10.71
MYCL,24.72,24.73,24.73,24.72,397.0,24.7301
MYCO,24.4976,24.51,24.51,24.4976,1640.0,24.5267
BAMA,36.3761,36.37,36.38,36.37,4951.5499,36.3765
HF,21.8057,21.81,21.81,21.8057,335.111,21.8106
BAMU,25.31,25.31,25.31,25.3,1899.1786,25.3069
FUFUW,0.187,0.211499,0.211499,0.185,5600.0,0.189
GJT,22.88,22.7,23.03,22.7,1000.0,22.7918
MAYZ,35.7,35.68,35.7,35.68,1420.0,35.6876
EURKR,0.3468,0.3468,0.3468,0.3468,102.0,0.3455
MSTQ,39.2288,39.12,39.2288,39.12,347.090577,39.1286
KONG,30.9607,30.93,30.9607,30.93,3162.296,30.9325
MYCN,24.53,24.54,24.54,24.53,345.0,24.5401
KBONW,0.62,0.62,0.62,0.62,3520.0,0.6204
KPHO,24.4369,24.41,24.4369,24.41,350.0,24.4464
CEFD,19.2102,19.17,19.2102,19.17,122.16,19.1918
AIRTP,20.395,20.395,20.395,20.395,157.0,20.3859
BEEX,26.925,26.93,26.93,26.925,8270.461967,26.93
HLpB,72.0,73.02,73.02,72.0,546.3536,71.833
PBMR,31.785,31.77,31.785,31.75,4226.0,31.7526
DRMAW,0.0144,0.014401,0.014401,0.0144,4600.0,0.0144
GENW,14.785,14.78,14.785,14.78,1711.752599,14.7805
PCPI,50.46,50.46,50.46,50.46,4438.021,50.4608
JDOC,54.9844,54.91,54.9844,54.91,587.8748,54.9183
RPTpC,25.025,25.025,25.025,25.025,159.0,25.0063
PWER,44.0461,44.0983,44.0983,44.0461,325.2231,44.215
WHLRD,36.93,36.93,36.93,36.93,188.0,36.1082
DVIN,29.6714,29.665,29.6714,29.665,154.0,29.6567
LOKVW,1.72,1.7,1.88,1.7,56331.0,1.7791
KBON,10.1,10.1,10.1,10.0601,20530.0,10.0966
CSCS,16.38,16.46,16.46,16.35,4178.57,16.3771
UBR,36.96,36.9,36.96,36.9,1119.9554,37.2067
XCBE,9.9,9.9,9.9,9.9,3876.0,9.9001
AAUM,21.5135,21.505,21.5135,21.505,131.0,21.5396
APXTW,0.2399,0.2352,0.24,0.2352,10935.0,0.2389
YYYM,19.9522,19.97,19.97,19.9522,243.4003,19.9741
SOCAW,0.26,0.259999,0.26,0.259999,1000.0,0.26
MUND,103.333,103.28,103.333,103.28,205.0,103.2676
CARK,46.262,46.265,46.265,46.262,1009.978467,46.2654
ITHAU,10.04,10.97,10.97,10.04,400.0,10.2725
MYCK,24.8376,24.84,24.84,24.8376,362.0,24.836
QBUL,24.265,24.29,24.29,24.265,628.839,24.2778
SORN,9.9,9.9,9.9,9.9,10319.0,9.9
WLIIU,10.17,10.17,10.17,10.17,956.0,10.17
NOEMR,0.14,0.1499,0.15,0.14,2595.504686,0.1476
PCGpG,18.06,18.06,18.06,18.06,104.0,18.0587
CHECW,0.21,0.21,0.21,0.21,100.0,0.21
GSIW,29.99,29.95,29.99,29.0,2883.0,29.9013
MDEV,18.1,18.1,18.1,18.1,304.527,18.0957
PRAY,35.4273,35.43,35.43,35.4273,392.822727,35.4797
LEGT,11.03,11.03,11.03,11.03,943.301,11.0466
DANA,25.142,25.13,25.142,25.13,108.0,25.1219
TVACW,0.55,0.6,0.6,0.55,3355.0,0.59
HNNAZ,24.97,24.97,24.97,24.97,111.0,24.9716
DVXK,35.8155,35.85,36.9499,35.8155,6240.902167,36.7185
AEAQ,9.96,9.96,9.96,9.96,3143.0,9.9599
ZMUN,50.14,50.14,50.14,50.14,407.7396,50.1385
ALF,10.85,10.85,10.85,10.85,991.0,10.8512
PACH,10.2,10.2,10.2,10.2,542.0,10.2
MULT,25.1542,25.18,25.18,25.1542,363.0,25.1798
LPAA,10.79,10.79,10.79,10.79,645.0,10.79
CPRJ,27.45,27.45,27.45,27.45,443.662,27.4515
CBFV,35.08,35.67,36.23,34.95,3138.6121,35.4993
SBXD,10.79,10.79,10.79,10.79,548.0,10.79
RSVRW,0.1535,0.1535,0.1535,0.1535,200.0,0.1535
KCHV,10.32,10.32,10.32,10.32,327.0,10.3188
SENEB,137.98,137.98,137.98,137.98,282.0,138.0345
GEW,54.15,54.16,54.16,54.15,10176.72957,54.1505
OACC,10.73,10.62,10.73,10.62,1028.0,10.6512
BUYZ,34.03,34.03,34.03,34.03,272.6476,34.0758
CUBWW,0.159699,0.159699,0.159699,0.159699,100.0,0.1597
INAC,10.2,10.2,10.2,10.2,547.0,10.2
FOXXW,0.0901,0.0901,0.0901,0.0901,921.0,0.09011
MUSQ,25.8823,25.8823,25.8823,25.8823,226.3784,25.9558
KCSH,25.08,25.08,25.08,25.08,54.0,25.0707
GGM,28.766,28.766,28.766,28.766,119.0,28.7772
IFED,42.4424,42.4424,42.4424,42.4424,13.0,42.5177
IGGY,28.0702,28.0702,28.0702,28.0702,1.0,28.3
PPIE,27.975,27.975,27.975,27.975,5.046,27.9704
REFA,22.1458,22.1458,22.1458,22.1458,3.0,22.1246
DEFI,92.8767,92.8767,92.8767,92.8767,170.113757,92.059
GAID,24.3856,24.3856,24.3856,24.3856,4.0,24.4058
GOLS,25.5277,25.5277,25.5277,25.5277,63.0,25.6072
LGDX,24.5104,24.5104,24.5104,24.5104,8.203,24.5102
TBXU,29.9497,29.9497,29.9497,29.9497,143.5747,30.0171
ZCBB,49.4824,49.4824,49.4824,49.4824,0.0,
EPSV,29.3937,29.3937,29.3937,29.3937,44.0,29.4702
APRT,45.2839,45.2839,45.2839,45.2839,24.0,45.339
LTAX,25.0551,25.0551,25.0551,25.0551,0.0,
GEOA,36.1444,36.1444,36.1444,36.1444,70.6779,35.7594
AUGM,34.7937,34.7937,34.7937,34.7937,0.0,
JIDE,49.906,49.906,49.906,49.906,4.0,49.6825
TROT,24.74,24.74,24.74,24.74,0.0,
BTRN,29.2258,29.2258,29.2258,29.2258,44.0271,28.9684
CPII,19.425,19.425,19.425,19.425,104.806,19.4185
RAAY,101.2999,101.2999,101.2999,101.2999,0.0,
VNIE,26.6205,26.6205,26.6205,26.6205,2.0,26.6076
TEMR,28.8443,28.8443,28.8443,28.8443,1.0,28.9099
CRED,22.6816,22.6816,22.6816,22.6816,109.251,22.759
AMUB,22.4289,22.4289,22.4289,22.4289,16.0,22.275
YXI,20.84,20.84,20.84,20.84,95.0,20.8873
GAUD,24.2204,24.2204,24.2204,24.2204,0.0,
TEC,31.499,31.499,31.499,31.499,230.38,31.6226
MDAA,119.4237,119.4237,119.4237,119.4237,0.0,
LQAI,45.3392,45.3392,45.3392,45.3392,119.524291,45.2241
RSMR,22.994,22.994,22.994,22.994,0.0,
SIFI,43.625,43.625,43.625,43.625,12.8791,43.6444
FLAG,26.9891,26.9891,26.9891,26.9891,30.8226,27.0377
SIMS,46.5693,46.5693,46.5693,46.5693,240.6181,46.6723
KDRN,23.305,23.305,23.305,23.305,2.0,23.2968
GGOV,49.785,49.785,49.785,49.785,44.713968,49.9279
PRAE,40.7257,40.7257,40.7257,40.7257,4.0,40.6903
SHPP,33.4308,33.4308,33.4308,33.4308,33.9749,33.471
MAPP,28.0649,28.0649,28.0649,28.0649,24.0,28.0402
RCLY,100.68,100.68,100.68,100.68,0.0,
GUSA,63.7767,63.7767,63.7767,63.7767,19.0,64.7442
KBFR,25.7249,25.7249,25.7249,25.7249,3.338,25.798
MJSC,61.1956,61.1956,61.1956,61.1956,16.0,61.1529
CTWO,16.85,16.85,16.85,16.85,1.0,16.65
UPLT,40.8071,40.8071,40.8071,40.8071,21.0,40.1338
PIFI,94.275,94.275,94.275,94.275,5.137305,94.2637
GBHI,25.4,25.4,25.4,25.4,1.0,25.3982
SRHQ,43.3509,43.3509,43.3509,43.3509,2382.7813,43.0107
VUS,29.4346,29.4346,29.4346,29.4346,23.032,29.4972
TIPB,101.1459,101.1459,101.1459,101.1459,2.0,101.0922
SSMG,26.6802,26.6802,26.6802,26.6802,7.0,26.6316
SPDG,45.0155,45.0155,45.0155,45.0155,321.1482,44.9688
IQSM,37.7526,37.7526,37.7526,37.7526,77.0,37.935
PGRI,26.9515,26.9515,26.9515,26.9515,0.0,
IGCB,45.825,45.825,45.825,45.825,6.4269,45.832
NOEQ,28.2382,28.2382,28.2382,28.2382,0.0,
AAAC,20.045,20.045,20.045,20.045,4.0,20.0449
FTHB,25.31,25.31,25.31,25.31,63.0,25.3556
TIPC,100.9719,100.9719,100.9719,100.9719,1.0,100.96
TABD,25.025,25.025,25.025,25.025,23.0,25.0409
BUYO,31.0706,31.0706,31.0706,31.0706,143.563,31.1979
CAS,28.711,28.711,28.711,28.711,149.7598,28.7002
CRXP,19.93,19.93,19.93,19.93,2.0,19.931
USMD,31.0543,31.0543,31.0543,31.0543,0.0,
KLMT,33.83,33.83,33.83,33.83,140.6307,33.7923
IGME,24.0822,24.0822,24.0822,24.0822,154.4966,24.5291
JLQD,41.375,41.375,41.375,41.375,14.3169,41.3824
PCRB,46.1445,46.1445,46.1445,46.1445,3.0,46.1897
JHDV,45.2769,45.2769,45.2769,45.2769,5.0,45.2415
LSEQ,35.2449,35.2449,35.2449,35.2449,124.5845,35.0929
VEM,27.7881,27.7881,27.7881,27.7881,0.0,
IWFL,60.3424,60.3424,60.3424,60.3424,26.4108,59.7122
ZCBA,49.5151,49.5151,49.5151,49.5151,0.0,
MHIG,20.1888,20.1888,20.1888,20.1888,0.0,
PZLV,26.5123,26.5123,26.5123,26.5123,261.0,26.655
TGLB,28.2064,28.2064,28.2064,28.2064,19.033,28.2026
PBOT,29.2226,29.2226,29.2226,29.2226,81.9925,29.2077
PCCE,13.5251,13.5251,13.5251,13.5251,50.5592,13.5118
ZCBG,49.5229,49.5229,49.5229,49.5229,0.0,
VDI,35.3181,35.3181,35.3181,35.3181,76.0,35.5844
TIIV,29.455,29.455,29.455,29.455,3.0,29.4933
ECML,38.2118,38.2118,38.2118,38.2118,35.0,38.3109
TALV,27.0199,27.0199,27.0199,27.0199,0.0,
MUNC,102.5086,102.5086,102.5086,102.5086,0.0,
NBGX,29.1535,29.1535,29.1535,29.1535,6.0,29.2054
EMOT,25.2113,25.2113,25.2113,25.2113,40.9761,25.2587
MMK,100.095,100.095,100.095,100.095,41.0,100.0998
HAPS,34.5919,34.5919,34.5919,34.5919,4.5404,34.651
PPTY,32.6923,32.6923,32.6923,32.6923,65.9297,32.7326
LLDR,44.585,44.585,44.585,44.585,43.159,44.5246
RHTX,20.5224,20.5224,20.5224,20.5224,80.0,20.495
UCOP,44.6644,44.6644,44.6644,44.6644,252.55,44.5216
USFE,34.5374,34.5374,34.5374,34.5374,2.0,34.525
BWOW,18.3002,18.3002,18.3002,18.3002,125.1859,18.0793
SCDL,52.4169,52.4169,52.4169,52.4169,10.0,52.0
KDVD,27.2213,27.2213,27.2213,27.2213,17.475167,27.3977
VNSE,41.1976,41.1976,41.1976,41.1976,0.0,
AKAF,32.0051,32.0051,32.0051,32.0051,44.9553,31.996
SRHR,57.8736,57.8736,57.8736,57.8736,147.539,58.1379
EFFI,25.1479,25.1479,25.1479,25.1479,158.920761,25.2097
ZCBE,49.5665,49.5665,49.5665,49.5665,2.0,49.5841
USML,41.4445,41.4445,41.4445,41.4445,82.0,40.9245
BCKT,42.6242,42.6242,42.6242,42.6242,33.3269,42.6248
PPEM,23.005,23.005,23.005,23.005,319.3929,23.0199
MUNX,25.05,25.05,25.05,25.05,0.0,
AZTD,32.8011,32.8011,32.8011,32.8011,36.0,32.7507
EFFE,27.553,27.553,27.553,27.553,3.0,27.5116
PCLN,30.2478,30.2478,30.2478,30.2478,32.9964,30.1436
FCFY,26.9386,26.9386,26.9386,26.9386,20.578,26.9168
ABOT,37.3935,37.3935,37.3935,37.3935,56.570744,37.4127
OGSP,10.015,10.015,10.015,10.015,12.7742,10.0537
ALRG,29.7702,29.7702,29.7702,29.7702,20.1338,29.8127
SMAP,26.34,26.34,26.34,26.34,4.0,26.369
ACVT,27.5641,27.5641,27.5641,27.5641,2.0,27.5439
VCOB,49.505,49.505,49.505,49.505,5.984278,49.5643
CLIX,58.9878,58.9878,58.9878,58.9878,121.4048,59.1488
CPSY,25.57,25.57,25.57,25.57,58.0,25.5417
BBLB,80.9639,80.9639,80.9639,80.9639,38.2697,80.9489
ZSB,24.4627,24.4627,24.4627,24.4627,31.9368,24.3977
EPIN,26.9229,26.9229,26.9229,26.9229,1.0,26.975
FMCE,28.18,28.18,28.18,28.18,2.0,28.1637
VMSB,49.74,49.74,49.74,49.74,5.0,49.79
JHAC,14.93,14.93,14.93,14.93,12.066,15.0111
CAMX,33.7411,33.7411,33.7411,33.7411,20.7397,33.7469
EPMB,26.0467,26.0467,26.0467,26.0467,0.038,26.105
XRLX,48.6517,48.6517,48.6517,48.6517,7.5139,48.5676
TBFG,32.4,32.4,32.4,32.4,12.736558,32.3878
EPEM,29.6896,29.6896,29.6896,29.6896,3.0,29.8327
NXUS,24.81,24.81,24.81,24.81,46.0,24.8113
MUNA,100.2748,100.2748,100.2748,100.2748,0.0,
SDCP,25.6646,25.6646,25.6646,25.6646,54.0,25.6408
ZCBF,49.5033,49.5033,49.5033,49.5033,0.0,
VLLU,25.2661,25.2661,25.2661,25.2661,142.0,25.2709
DLUX,50.315,50.315,50.315,50.315,3.0,50.3017
MUSE,49.835,49.835,49.835,49.835,8.0,49.8433
ZSC,31.1489,31.1489,31.1489,31.1489,24.3704,31.2282
PRAB,25.015,25.015,25.015,25.015,7.0,25.0186
CVRD,18.471,18.471,18.471,18.471,9.5496,18.4654
ODHY,9.995,9.995,9.995,9.995,2.0,9.9951
JPSV,63.6116,63.6116,63.6116,63.6116,14.78,63.9631
SUPL,44.85,44.85,44.85,44.85,38.0758,44.8604
APRZ,39.4965,39.4965,39.4965,39.4965,4.0,39.4788
IRVH,19.815,19.815,19.815,19.815,8.9779,19.8208
PCLO,24.965,24.965,24.965,24.965,7.0,24.9638
IWDL,58.7758,58.7758,58.7758,58.7758,19.0,58.7729
HBRD,24.74,24.74,24.74,24.74,200.0,24.7584
ZTAX,25.7366,25.7366,25.7366,25.7366,71.3268,26.1002
LCO,28.7694,28.7694,28.7694,28.7694,0.0,
DHSB,26.8751,26.8751,26.8751,26.8751,48.3922,26.9123
QULL,62.3701,62.3701,62.3701,62.3701,3.0,62.48
GMMA,21.4299,21.4299,21.4299,21.4299,119.0,21.4478
KOKU,128.9447,128.9447,128.9447,128.9447,126.3027,128.9463
GMOC,50.11,50.11,50.11,50.11,96.9948,50.1159
LVLN,24.755,24.755,24.755,24.755,114.0,24.7568
CPSJ,27.465,27.465,27.465,27.465,0.0,
SGRW,22.1545,22.1545,22.1545,22.1545,0.0,
BBBL,47.7102,47.7102,47.7102,47.7102,10.0,47.7535
LSVD,33.6793,33.6793,33.6793,33.6793,88.0,33.7357
FRIZ,25.7187,25.7187,25.7187,25.7187,3.0,25.7133
AGRW,31.6376,31.6376,31.6376,31.6376,14.6029,31.6238
ACSI,70.3008,70.3008,70.3008,70.3008,73.542548,70.3689
GARA,27.998,27.998,27.998,27.998,0.0,
MHY,25.35,25.35,25.35,25.35,2.0,25.3368
EGLE,29.7338,29.7338,29.7338,29.7338,9.0,29.7001
ESIX,35.1726,35.1726,35.1726,35.1726,30.9561,35.2626
CCRP,19.775,19.775,19.775,19.775,21.0,19.7712
MVPA,33.1472,33.1472,33.1472,33.1472,133.6657,33.3229
GRPZ,29.8314,29.8314,29.8314,29.8314,32.4589,29.8449
BFAP,15.5888,15.5888,15.5888,15.5888,10.1621,15.5259
IWML,30.7444,30.7444,30.7444,30.7444,8.0,30.9944
IQSZ,31.108,31.108,31.108,31.108,0.011,31.165
KPRO,27.6166,27.6166,27.6166,27.6166,5.5506,27.6501
IQRA,30.5915,30.5915,30.5915,30.5915,3.0,30.5944
GSIG,47.35,47.35,47.35,47.35,52.0,47.3511
MTUL,54.8899,54.8899,54.8899,54.8899,1.0,54.8588
ZCBC,49.5699,49.5699,49.5699,49.5699,2.0,49.5701
EMES,28.6032,28.6032,28.6032,28.6032,0.0,
CLOO,25.095,25.095,25.095,25.095,75.278,25.1099
NHYB,24.7534,24.7534,24.7534,24.7534,124.0,24.7597
BFIX,25.3196,25.3196,25.3196,25.3196,232.8218,25.262
BNGE,30.6495,30.6495,30.6495,30.6495,67.4075,30.7323
GXLC,88.7861,88.7861,88.7861,88.7861,5.0,88.686
UPAL,36.6357,36.6357,36.6357,36.6357,35.959142,36.9547
BFJA,19.4793,19.4793,19.4793,19.4793,0.0,
SMDX,25.6765,25.6765,25.6765,25.6765,1.0,25.75
BAY,26.9452,26.9452,26.9452,26.9452,150.0,27.0094
CPSP,26.81,26.81,26.81,26.81,0.0,
MAGG,20.27,20.27,20.27,20.27,7.094342,20.288
SZNE,38.24,38.24,38.24,38.24,16.8813,38.2116
MVPL,41.7708,41.7708,41.7708,41.7708,14.8877,41.7003
ABLS,20.5275,20.5275,20.5275,20.5275,17.9989,20.6098
PJIO,64.2048,64.2048,64.2048,64.2048,271.3091,64.2289
GGRW,36.6734,36.6734,36.6734,36.6734,136.008,36.6538
WCMG,20.4819,20.4819,20.4819,20.4819,0.0,
CPNQ,27.2491,27.2491,27.2491,27.2491,198.0,27.2559
CLIM,26.1713,26.1713,26.1713,26.1713,51.037965,26.2098
WSDB,25.015,25.015,25.015,25.015,0.0,
LFEQ,58.7131,58.7131,58.7131,58.7131,64.983011,58.7188
CPSU,27.615,27.615,27.615,27.615,0.0,
TIPD,100.5923,100.5923,100.5923,100.5923,0.0,
SHUS,48.7706,48.7706,48.7706,48.7706,1.193,48.6954
AV,26.1593,26.1593,26.1593,26.1593,108.267,26.1504
TEMD,25.045,25.045,25.045,25.045,1.039,25.0473
USNZ,46.5818,46.5818,46.5818,46.5818,17.4446,46.5677
TOT,23.1855,23.1855,23.1855,23.1855,126.0,23.1888
TINS,28.8604,28.8604,28.8604,28.8604,0.0,
RMNY,24.54,24.54,24.54,24.54,51.087,24.5783
BNKD,46.1501,46.1501,46.1501,46.1501,213.062,45.1255
BFJL,16.925,16.925,16.925,16.925,2.0,16.9233
EAFG,26.4901,26.4901,26.4901,26.4901,10.0082,26.5022
MARU,29.4488,29.4488,29.4488,29.4488,55.0,29.4699
BLCK,28.4475,28.4475,28.4475,28.4475,133.246,28.0892
RULE,30.7218,30.7218,30.7218,30.7218,363.047,30.5129
RB,46.3802,46.3802,46.3802,46.3802,0.0,
BFXU,22.8998,22.8998,22.8998,22.8998,0.0,
INTM,51.73,51.73,51.73,51.73,0.0,
ROMO,33.4211,33.4211,33.4211,33.4211,108.5095,33.3457
QBKV,26.995,26.995,26.995,26.995,0.0,
MMAY,32.3451,32.3451,32.3451,32.3451,60.0,32.4
PCS,50.07,50.07,50.07,50.07,41.0,50.0937
PMJL,26.44,26.44,26.44,26.44,0.0,
LFAI,150.2866,150.2866,150.2866,150.2866,4.1835,150.3882
PSFO,34.1352,34.1352,34.1352,34.1352,0.0,
NJUN,32.79,32.79,32.79,32.79,146.0,32.7916
CHNL,24.5542,24.5542,24.5542,24.5542,11.0,24.4281
TYLD,25.265,25.265,25.265,25.265,257.1012,25.2695
VOXP,38.1524,38.1524,38.1524,38.1524,5.0,38.25
XOCT,39.065,39.065,39.065,39.065,130.0,39.0348
IBMW,25.3,25.3,25.3,25.3,0.0,
CBXL,20.735,20.735,20.735,20.735,14.048,20.7394
VMAX,59.4993,59.4993,59.4993,59.4993,12.0,59.6518
ORO,20.7098,20.7098,20.7098,20.7098,16.0,20.4335
PSMD,33.915,33.915,33.915,33.915,21.0,33.9027
GTOS,25.03,25.03,25.03,25.03,95.0,25.0431
XIDE,30.28,30.28,30.28,30.28,125.6744,30.2723
PBNV,30.6101,30.6101,30.6101,30.6101,29.0,30.6242
MAYC,25.4275,25.4275,25.4275,25.4275,11.0,25.5013
YUNG,25.1534,25.1534,25.1534,25.1534,102.0,25.406
STYL,24.5451,24.5451,24.5451,24.5451,102.0,24.8023
TSLO,19.2475,19.2475,19.2475,19.2475,211.739,19.0305
PMJN,26.6594,26.6594,26.6594,26.6594,9.058143,26.6683
SPCZ,25.8201,25.8201,25.8201,25.8201,2.0,25.8156
JUDB,25.565,25.565,25.565,25.565,0.0,
USEW,53.788,53.788,53.788,53.788,7.122,53.3626
MFEB,32.31,32.31,32.31,32.31,0.0,
OCTM,33.39,33.39,33.39,33.39,64.0,33.3739
PMJA,27.2846,27.2846,27.2846,27.2846,17.0,27.3052
KJUN,29.135,29.135,29.135,29.135,0.0,
WR,25.1389,25.1389,25.1389,25.1389,156.785,25.0517
PJFM,67.4158,67.4158,67.4158,67.4158,2.0,67.3916
UXAP,42.4381,42.4381,42.4381,42.4381,0.0,
HULL,25.7311,25.7311,25.7311,25.7311,103.0,25.7369
QIG,44.5016,44.5016,44.5016,44.5016,209.52352,44.5408
EYES,25.5755,25.5755,25.5755,25.5755,45.273,25.5086
PMAP,27.17,27.17,27.17,27.17,61.0,27.1841
PCL,49.6555,49.6555,49.6555,49.6555,7.0,49.6861
FLXI,49.402,49.402,49.402,49.402,0.0,
TEMX,36.565,36.565,36.565,36.565,2.0,36.55
EAOK,28.1411,28.1411,28.1411,28.1411,6.672972,28.1587
PJBF,67.6325,67.6325,67.6325,67.6325,75.6841,67.93
MIG,21.345,21.345,21.345,21.345,43.7152,21.3435
QBIV,26.3398,26.3398,26.3398,26.3398,0.0,
PSCQ,30.7851,30.7851,30.7851,30.7851,1.0,30.77
PMOC,25.84,25.84,25.84,25.84,0.0,
ITOL,26.8833,26.8833,26.8833,26.8833,115.0,26.8644
LFAW,174.8171,174.8171,174.8171,174.8171,0.0,
XOEX,38.8137,38.8137,38.8137,38.8137,40.09222,38.8492
CMAY,25.3472,25.3472,25.3472,25.3472,1.0,25.335
ODDZ,24.7489,24.7489,24.7489,24.7489,148.0,24.8155
GNMX,25.1469,25.1469,25.1469,25.1469,104.0,25.6181
IBMV,25.33,25.33,25.33,25.33,0.0,
PMSE,26.1241,26.1241,26.1241,26.1241,4.0,26.12
QBIF,25.66,25.66,25.66,25.66,0.0,
HELX,33.5828,33.5828,33.5828,33.5828,353.9114,33.7514
QQMY,25.593,25.593,25.593,25.593,11.0,25.8241
PSCW,29.74,29.74,29.74,29.74,1.0,29.7407
TOAO,25.4351,25.4351,25.4351,25.4351,2.0,25.44
BFEW,20.635,20.635,20.635,20.635,0.0,
TWOX,28.5347,28.5347,28.5347,28.5347,129.5267,28.5065
QFRD,26.9096,26.9096,26.9096,26.9096,41.0,26.8457
TAPR,26.335,26.335,26.335,26.335,0.0,
LIBD,277.8838,277.8838,277.8838,277.8838,4.7395,278.0448
CVAR,28.5865,28.5865,28.5865,28.5865,94.0,28.6585
DVVY,25.8698,25.8698,25.8698,25.8698,20.115,25.846
PSMO,32.1048,32.1048,32.1048,32.1048,5.0,32.118
HBTC,21.2606,21.2606,21.2606,21.2606,20.293,21.1476
PMAU,26.38,26.38,26.38,26.38,0.0,
SCUB,25.04,25.04,25.04,25.04,2.0,25.04
JANM,33.685,33.685,33.685,33.685,0.0,
MFUL,22.31,22.31,22.31,22.31,7.1637,22.2864
PBJN,30.82,30.82,30.82,30.82,18.0,30.82
CTIF,51.6028,51.6028,51.6028,51.6028,24.1448,51.5768
LFAO,163.8211,163.8211,163.8211,163.8211,2.0,164.2019
MNVR,32.2607,32.2607,32.2607,32.2607,0.0,
MCOW,20.6051,20.6051,20.6051,20.6051,4.0,20.6675
JADB,25.455,25.455,25.455,25.455,101.0,25.49
IDMY,24.8228,24.8228,24.8228,24.8228,101.0,24.9966
MAUG,32.185,32.185,32.185,32.185,0.0,
EHCC,26.184,26.184,26.184,26.184,42.371,26.0773
PSCJ,31.3,31.3,31.3,31.3,0.0,
PSFM,34.4401,34.4401,34.4401,34.4401,56.0,34.4079
LJAN,24.655,24.655,24.655,24.655,117.0141,24.6644
SMQ,42.7116,42.7116,42.7116,42.7116,3.13,42.7245
DLAG,32.6138,32.6138,32.6138,32.6138,83.0228,32.588
UXJA,37.5852,37.5852,37.5852,37.5852,151.0,37.4764
EMDV,47.96,47.96,47.96,47.96,105.2301,47.9588
NYNY,25.2763,25.2763,25.2763,25.2763,96.0,25.3746
CBOY,24.425,24.425,24.425,24.425,4.0,24.4213
LIAM,237.4187,237.4187,237.4187,237.4187,50.0,237.715
PSMJ,33.4251,33.4251,33.4251,33.4251,4.0,33.415
PMDE,25.66,25.66,25.66,25.66,0.0,
LFBE,184.2677,184.2677,184.2677,184.2677,6.0004,184.19
NOVM,33.54,33.54,33.54,33.54,0.0,
BREW,26.121,26.121,26.121,26.121,59.0,26.0068
KYC,24.357,24.357,24.357,24.357,102.287,24.2278
BHYB,54.195,54.195,54.195,54.195,35.994,54.2207
QBKF,25.86,25.86,25.86,25.86,0.0,
MTRA,26.347,26.347,26.347,26.347,1072.27,26.3235
XEML,25.3947,25.3947,25.3947,25.3947,1.0,25.32
WNDR,25.3866,25.3866,25.3866,25.3866,102.0,25.5186
PIEL,27.7939,27.7939,27.7939,27.7939,0.0,
QBQF,25.8,25.8,25.8,25.8,0.0,
KNOW,12.685,12.685,12.685,12.685,6.0,12.7614
TENJ,26.92,26.92,26.92,26.92,0.0,
TBJL,19.82,19.82,19.82,19.82,122.116,19.8013
OCDB,25.4747,25.4747,25.4747,25.4747,0.0,
MAYM,32.82,32.82,32.82,32.82,0.0,
DGJA,31.24,31.24,31.24,31.24,10.0,31.255
TJUN,23.54,23.54,23.54,23.54,19.0,23.545
GLBL,27.715,27.715,27.715,27.715,0.0,
MVAL,35.3117,35.3117,35.3117,35.3117,92.6981,35.4918
CTMA,25.3146,25.3146,25.3146,25.3146,0.0,
LATR,24.2482,24.2482,24.2482,24.2482,126.0,24.2307
DOCK,25.5853,25.5853,25.5853,25.5853,2.273,25.6152
LIAU,262.2109,262.2109,262.2109,262.2109,0.0,
STEN,27.115,27.115,27.115,27.115,228.3335,27.0857
SCMY,25.0511,25.0511,25.0511,25.0511,0.0,
EMMY,25.1161,25.1161,25.1161,25.1161,0.0,
PBAU,31.015,31.015,31.015,31.015,58.0,31.012
SPYA,29.76,29.76,29.76,29.76,9.12546,29.7123
LFDR,184.349,184.349,184.349,184.349,7.9206,184.3828
FLAO,28.035,28.035,28.035,28.035,1.0,28.0
PCI,50.1839,50.1839,50.1839,50.1839,4.0,50.22
QMY,25.722,25.722,25.722,25.722,0.0,
TSEP,25.9198,25.9198,25.9198,25.9198,148.0,25.9207
FLDZ,30.1196,30.1196,30.1196,30.1196,4.8286,30.0241
TSPX,29.4952,29.4952,29.4952,29.4952,0.0,
DDTM,19.83,19.83,19.83,19.83,0.0,
TJAN,27.975,27.975,27.975,27.975,138.0,27.9662
HFSP,14.335,14.335,14.335,14.335,4.0,14.2604
MYHB,25.0049,25.0049,25.0049,25.0049,28.0,25.03
MYMF,24.83,24.83,24.83,24.83,2.0,24.8295
HEQQ,61.1447,61.1447,61.1447,61.1447,1.024,61.2364
XEY,25.1688,25.1688,25.1688,25.1688,28.2,24.8462
REAI,21.77,21.77,21.77,21.77,21.7112,21.7875
ABI,24.805,24.805,24.805,24.805,60.0,24.7967
ESMV,29.2288,29.2288,29.2288,29.2288,9.2566,29.2232
IDVY,25.9129,25.9129,25.9129,25.9129,31.0,25.9021
USSH,50.465,50.465,50.465,50.465,111.0164,50.4887
IBGC,24.83,24.83,24.83,24.83,0.0,
VALG,23.9215,23.9215,23.9215,23.9215,98.0,23.6676
PSCD,105.1157,105.1157,105.1157,105.1157,187.0491,105.7737
SCLS,25.259,25.259,25.259,25.259,1.0,25.2
USCL,82.7634,82.7634,82.7634,82.7634,18.2118,82.7877
DVSP,28.7705,28.7705,28.7705,28.7705,36.0,28.76
SUPP,81.8797,81.8797,81.8797,81.8797,68.7352,81.5502
TXUG,26.0726,26.0726,26.0726,26.0726,5.823,26.0115
CUSD,19.345,19.345,19.345,19.345,170.9774,19.4687
FVC,40.2309,40.2309,40.2309,40.2309,367.2035,40.0549
USVN,47.855,47.855,47.855,47.855,123.9688,47.8872
TFNS,26.1197,26.1197,26.1197,26.1197,313.8548,26.1347
BREM,51.425,51.425,51.425,51.425,2.915,51.4159
WTMU,25.705,25.705,25.705,25.705,2.0,25.7046
UCRD,21.505,21.505,21.505,21.505,23.0,21.5299
USFI,24.49,24.49,24.49,24.49,5.0,24.5047
NFRX,26.835,26.835,26.835,26.835,117.8905,26.618
DAK,28.8902,28.8902,28.8902,28.8902,3.382,28.93
DGLO,23.0011,23.0011,23.0011,23.0011,81.0,23.0503
USRD,36.2005,36.2005,36.2005,36.2005,5.2852,36.1796
CCFE,27.2849,27.2849,27.2849,27.2849,127.4806,27.514
QQQP,222.1988,222.1988,222.1988,222.1988,134.8864,221.6379
MYHD,24.99,24.99,24.99,24.99,0.0,
TMNL,50.2904,50.2904,50.2904,50.2904,3.0,50.3533
SJCP,25.22,25.22,25.22,25.22,6.4764,25.1748
DVRE,24.8067,24.8067,24.8067,24.8067,4.0,24.82
SCDS,71.8619,71.8619,71.8619,71.8619,5.9958,71.7929
MYHE,24.905,24.905,24.905,24.905,0.0,
WTMY,25.35,25.35,25.35,25.35,2.0,25.3491
MYHA,24.995,24.995,24.995,24.995,6.0,25.0065
IBGL,23.7853,23.7853,23.7853,23.7853,133.6416,23.8161
DVUT,27.2893,27.2893,27.2893,27.2893,7.22,27.3046
PEPS,31.257,31.257,31.257,31.257,29.0,31.2622
WIMA,41.7527,41.7527,41.7527,41.7527,161.0,41.7705
DVQQ,31.4202,31.4202,31.4202,31.4202,362.6193,31.4435
SPAQ,92.315,92.315,92.315,92.315,8.0,92.2331
RCGE,28.8497,28.8497,28.8497,28.8497,2.012,29.3025
MYMH,24.53,24.53,24.53,24.53,0.0,
GFGF,35.0845,35.0845,35.0845,35.0845,6.9924,35.0742
LCDS,70.3422,70.3422,70.3422,70.3422,3.0,70.2397
ENHU,27.375,27.375,27.375,27.375,5.0,27.361
WABF,25.085,25.085,25.085,25.085,292.0881,25.1165
MYHC,25.0599,25.0599,25.0599,25.0599,0.0,
DVXF,22.9308,22.9308,22.9308,22.9308,1002.0,23.2495
FIYY,25.025,25.025,25.025,25.025,18.252,25.0496
TRUF,26.7047,26.7047,26.7047,26.7047,26.0,26.6654
SJLD,25.5,25.5,25.5,25.5,2.0,25.4963
FDRX,21.6454,21.6454,21.6454,21.6454,54.0,21.1098
TMNS,50.055,50.055,50.055,50.055,0.0,
CPHY,51.32,51.32,51.32,51.32,4.817,51.4074
VEFA,77.6735,77.6735,77.6735,77.6735,0.0,
MYMG,24.7,24.7,24.7,24.7,0.0,
CNCG,26.4287,26.4287,26.4287,26.4287,356.396023,26.0368
TFGZ,35.1386,35.1386,35.1386,35.1386,2.0,35.0075
FINY,25.03,25.03,25.03,25.03,94.259,25.0225
CZAR,31.575,31.575,31.575,31.575,40.0,31.5959
ENHI,26.445,26.445,26.445,26.445,4.336,26.4369
QNXT,29.586,29.586,29.586,29.586,250.362755,29.497
DWUS,59.7516,59.7516,59.7516,59.7516,12.418523,59.6255
QMID,28.4158,28.4158,28.4158,28.4158,197.9948,30.1182
GKAT,43.2056,43.2056,43.2056,43.2056,51.0,43.3276
BDGS,36.52,36.52,36.52,36.52,167.0,36.4546
PSWD,35.2938,35.2938,35.2938,35.2938,220.386,35.1621
DVXC,26.7959,26.7959,26.7959,26.7959,1011.0,27.0109
DUSG,49.7411,49.7411,49.7411,49.7411,582.114,49.8838
LDEM,63.4741,63.4741,63.4741,63.4741,114.26,63.5477
LGCF,35.0233,35.0233,35.0233,35.0233,3.001,35.0039
DVXY,23.8172,23.8172,23.8172,23.8172,0.0,
NEWZ,29.165,29.165,29.165,29.165,17.6027,29.1234
GVLE,44.3194,44.3194,44.3194,44.3194,20.977534,44.4294
NUSB,25.215,25.215,25.215,25.215,9.0745,25.2148
MTEST.A,25.0549,25.0549,25.0549,25.0549,79650.0,25.0698
NTEST.I,25.045,25.06,25.06,25.045,1680.0,25.0517
NTEST.H,25.04,25.04,25.04,25.04,2000.0,25.065
NTEST,25.0,25.0,25.0,25.0,12483.0,25.0294
MTEST,25.0694,25.0694,25.0694,25.0694,82700.0,25.0719
ZTEST,7616.1492,7616.1492,7616.1492,7616.1492,0.0,
ZVZZT,19.2,16.1,20.3,14.94,111751.08642,17.9763
ZIEXT,1.0,1.0,1.0,1.0,1000.0,1.0
ZXZZT,12.16,12.11,13.32,12.11,12844.0,15.2136
ZEXIT,10.0,10.0,10.0,10.0,2000.0,10.0
ZBZX,25.0723,25.0723,25.0723,25.0723,0.0,
ZJZZT,10.0,10.0,10.0,10.0,21500.0,20.4846
ZWZZT,10.01,10.01,10.01,10.01,15000.0,10.01
ZTST,12345.0,12345.0,12345.0,12345.0,0.0,
ZXIET,100.0,100.0,100.0,100.0,2000.0,100.0
