Ticker,Price,Open,High,Low,Volume,VWAP
LAKE,10.64,11.13,11.18,10.46,261298.320759,10.8354
TDAX,25.52,25.03,25.52,24.96,26116.404637,25.2679
WCMI,18.9,18.92,18.97,18.8101,229452.7434,18.8829
LRNZ,49.57,49.4,49.57,48.82,6753.005367,49.2879
PW,0.6334,0.71,0.71,0.6201,94571.99,0.6566
IETC,107.31,106.01,107.31,105.59,34428.185788,106.4443
VITL,8.94,9.24,9.65,8.8,6525701.271939,9.1323
SBFG,22.28,22.65,22.775,22.28,6234.9597,22.537
PAMC,53.23,53.51,53.51,53.13,16067.5526,53.1879
PSCE,60.19,60.02,60.885,59.73,19867.398901,60.412
PDD,98.78,100.815,101.43,98.57,6679113.558329,99.3936
NCI,1.12,1.11,1.17,1.06,1470860.175282,1.1278
IWF,123.54,123.03,123.68,122.92,6329492.000785,123.4835
EWZS,15.2,15.47,15.5499,15.2,92149.076833,15.3607
SGDJ,94.641,93.79,95.62,93.4,62942.981655,94.254
IBDZ,26.125,26.11,26.14,26.1,1034808.0423,26.1198
EFA,103.96,103.765,104.04,103.39,12280190.213292,103.7358
RLGT,8.27,8.36,8.45,8.22,105478.08042,8.3085
YYGH,1.12,1.1,1.16,1.08,109904.136621,1.1141
ROCY,53.4367,53.53,53.54,53.36,171565.973555,53.4659
RRGB,3.73,3.71,3.8099,3.625,163682.317265,3.7244
TASK,6.445,6.31,6.515,6.0575,733884.229743,6.3852
UNHG,19.49,18.7,19.49,18.7,901254.324426,19.0091
MBUU,30.09,27.5,32.0,26.92,1224395.668919,29.9123
EPV,19.1526,19.13,19.335,19.1,14821.793154,19.2334
USMF,52.0,52.0,52.0,51.595,8695.41547,51.8599
MTA,7.27,7.09,7.49,7.02,321802.410951,7.2479
TCAL,22.04,22.4,22.4,22.03,147295.9898,22.145
NIKL,17.08,17.15,17.34,17.03,354719.57589,17.1396
CCUP,5.76,5.82,5.9097,5.36,2899330.703333,5.7431
BTCZ,3.805,3.88,3.88,3.78,11374950.286486,3.8243
FLY,39.68,33.315,40.4,32.775,11917290.789324,37.9119
DJT,8.93,9.045,9.075,8.7,4960996.908416,8.873
FAS,130.41,133.71,134.18,129.66,648460.419152,131.2166
SYNA,125.43,108.26,129.78,105.95,2177240.407966,122.3983
AMZA,46.2456,46.73,46.989,46.2,23476.113998,46.7069
BBUS,132.81,132.49,132.87,132.41,87196.305164,132.708
INSM,101.35,108.01,108.6315,98.98,8588262.483757,102.5948
RARE,26.12,26.05,26.67,25.93,1557063.336303,26.1733
MNVT,29.46,29.75,29.75,28.71,48130.756978,29.2604
INCY,98.56,98.6,99.87,97.47,877843.06543,98.5973
SUPN,51.53,52.46,52.59,50.355,854620.82334,51.3682
IYY,179.2,178.71,179.2372,178.71,15333.349856,179.0414
SMJF,3.39,3.41,3.49,3.35,1900679.75,3.4572
GLQ,8.31,8.3,8.41,8.29,72746.491421,8.3263
WWR,0.6649,0.67,0.68,0.6536,740967.03584,0.6624
GEMI,5.0,4.7,5.0,4.58,1985167.8615,4.8639
ACHR,6.48,6.3,6.535,6.075,45655746.078029,6.3252
INBX,134.35,125.19,134.92,121.4,398277.630403,132.3421
TLDR,25.015,25.02,25.02,25.01,675.9176,25.0176
BRLT,1.43,1.4,1.43,1.38,43319.532717,1.3966
NMR,7.95,7.94,7.98,7.91,1332582.754432,7.9413
MBWM,52.11,52.04,52.27,51.69,67819.6416,52.0687
CLAR,3.01,3.06,3.125,2.905,587890.01555,3.0255
IBDY,25.86,25.85,25.86,25.83,149188.6814,25.8467
PTMC,40.05,40.16,40.16,39.9501,19439.307712,40.0823
GGNpB,20.16,20.05,20.16,20.05,2285.0958,20.1137
NVMI,521.16,515.34,521.84,511.19,391736.135746,518.8803
UST,42.9054,42.95,42.97,42.9054,1425.321352,42.9586
COE,24.73,24.49,24.73,21.0069,15494.07755,22.937
RELL,15.38,14.8,15.61,14.71,140160.393276,15.3993
CBOE,348.56,338.2,349.39,335.73,806593.803669,345.8553
MEHA,0.0951,0.095,0.1026,0.0831,3232703.734756,0.09316
KLAC,1869.19,1816.63,1889.06,1805.0,1289736.136181,1864.4067
GRND,15.09,14.76,15.18,13.92,5925076.554593,14.705
BZAI,1.87,1.83,1.89,1.7,8931787.112304,1.8002
YANG,26.06,25.6,26.24,25.275,549642.340804,25.8573
VFF,2.57,2.74,2.8051,2.55,5529961.716556,2.654
RENT,4.74,4.75,4.835,4.59,42414.354029,4.7066
SSP,4.535,4.55,4.9499,4.19,966439.544055,4.5922
FAZ,45.62,44.54,45.87,44.43,345394.798455,45.3673
SQQQ,42.57,44.82,44.89,42.57,60666285.490484,43.405
CGMM,31.46,31.67,31.67,31.405,812411.9149,31.4894
DRSK,29.25,29.18,29.2915,29.18,68704.1665,29.2484
RECT,1.37,1.42,1.43,1.37,19247.919144,1.3947
DIHP,34.24,34.1,34.265,34.09,481738.894075,34.2083
MBOT,2.13,2.13,2.15,2.1,962779.298976,2.123
RBA,103.28,103.35,104.96,102.47,853989.842459,103.7863
FLTW,93.19,92.04,93.33,91.99,309086.462076,92.9639
AKAM,147.71,145.45,149.76,132.85,21492867.776303,142.9657
IBHH,23.56,23.56,23.57,23.525,74003.66156,23.5442
FTAI,270.29,286.948,286.948,265.81,968053.758845,270.0576
TSLW,26.44,25.53,26.65,25.53,148278.565223,26.3029
BSCR,19.66,19.67,19.67,19.6502,573925.641763,19.6659
TER,359.77,367.0,367.87,354.24,3485988.537252,360.6953
USL,52.19,51.19,52.36,51.19,20477.780063,51.9522
LFGY,24.3589,24.5,24.555,23.95,64474.712434,24.2653
ZSL,18.54,18.38,18.9,18.085,7874426.68052,18.5734
OXLC,10.18,10.21,10.2899,10.16,544928.21753,10.2097
PWB,153.83,152.91,153.83,152.91,81368.814474,153.3931
CATY,57.45,56.92,57.63,56.92,296014.123246,57.3725
NWL,4.54,4.48,4.545,4.44,5841325.495479,4.5023
NXGL,0.5932,0.61,0.6238,0.5869,94921.301464,0.5975
DFAI,41.62,41.63,41.63,41.43,1109277.015196,41.5544
NWS,31.31,30.31,31.31,29.73,2393654.674953,30.8028
EPP,55.97,56.09,56.165,55.865,624777.418391,56.0096
SPYG,117.56,116.8,117.605,116.63,2214081.292782,117.3723
AUTL,1.57,1.62,1.6399,1.55,1204349.934351,1.5939
TFLO,50.54,50.54,50.54,50.53,789016.40289,50.5362
TEND,26.82,26.77,26.83,26.75,9913.0,26.7927
FIW,105.58,107.01,107.01,105.58,43399.742076,106.008
PROK,1.86,1.9,1.905,1.85,719130.414743,1.88
EGY,5.6,5.733,5.8286,5.515,2732541.932782,5.6348
TOP,0.762,0.774,0.7741,0.7308,21616.967894,0.7506
FNOV,57.6103,57.62,57.665,57.49,18405.8,57.5961
WYNN,102.42,106.0,106.205,99.6,3981186.530983,101.6185
FELV,38.29,38.18,38.37,38.12,88442.417551,38.2828
SKYX,1.36,1.54,1.54,1.35,2686449.796998,1.4013
FFTY,40.81,40.73,40.93,40.37,31054.217449,40.7493
MOAT,101.53,101.66,101.753,100.63,603188.256027,101.4047
AVDS,79.1189,79.1,79.29,78.91,13214.94905,79.0894
TPIF,38.05,38.0,38.06,37.89,33657.103319,37.986
ATOM,8.41,8.22,8.52,7.74,1404054.329876,8.1448
GLRY,41.14,41.46,41.46,41.08,23830.9391,41.1938
FEP,59.11,59.06,59.3,58.9035,17191.16023,59.1034
SNT,2.64,2.67,2.83,2.64,10115.058142,2.6892
RSPA,52.18,52.35,52.35,51.945,277043.569586,52.1312
BLCR,49.67,49.28,49.765,49.267,264249.4508,49.6102
ORCU,16.2,15.67,16.51,15.25,1396373.059837,16.0223
CLIP,100.15,100.15,100.16,100.15,205410.656274,100.1549
CHYM,18.425,19.03,19.11,18.2,7570927.729197,18.3897
CGEM,14.55,14.61,15.2,14.3,625193.561041,14.5727
MCRB,7.7,7.7,7.8699,7.5,27910.539435,7.6735
PSA,311.04,308.86,313.12,308.21,808408.839881,311.1594
IJJ,141.76,142.1,142.2615,141.345,64878.129612,141.861
XDEF,22.0235,22.12,22.195,21.96,7235.273,22.0084
VIXM,15.77,15.64,15.77,15.625,216959.960123,15.7271
GLTR,225.77,225.7,227.04,224.2227,40604.627082,225.4495
NAK,2.15,2.1,2.15,2.07,5154378.41638,2.1075
BALT,34.0,33.99,34.05,33.99,289725.44298,34.0431
SNSE,23.4,23.76,25.235,22.75,16234.9605,23.4081
TNXP,14.09,13.7,14.14,13.52,262912.732496,13.9394
AFMC,39.12,39.19,39.19,39.06,9660.9594,39.12
KORP,46.85,46.8,46.85,46.79,53549.980475,46.8136
MGNX,3.0,2.96,3.095,2.9,814239.465206,3.0138
ULTY,32.03,31.88,32.04,31.79,363897.3282,31.9086
ARTL,2.54,2.63,2.655,2.51,91091.339633,2.5789
TDOG,21.955,21.47,21.955,21.47,403.0,21.6767
PRFZ,51.3314,51.28,51.4,51.035,31359.9477,51.279
IRMD,86.285,87.39,87.39,85.65,53461.4689,86.2957
PSC,64.69,64.65,64.695,64.185,89425.405574,64.5089
ARAY,0.38,0.314,0.38,0.29865,4103617.471447,0.3451
SBAR,25.52,25.59,25.6099,25.52,124587.109,25.5695
AERT,0.6451,0.63,0.66,0.63,124734.836077,0.6459
GAME,0.4735,0.45,0.5,0.4482,1952528.288014,0.474
KXI,68.63,68.76,68.895,68.565,36072.034397,68.7352
LTPZ,51.47,51.56,51.6399,51.45,53351.983892,51.5412
DRUP,60.0109,59.88,60.0109,59.25,3607.8237,59.6801
MSFT,415.12,417.385,418.63,414.0,33383790.687455,415.7801
TILL,18.37,18.19,18.39,18.19,75870.150486,18.3359
CWB,104.68,104.93,104.93,104.02,1190755.376419,104.3843
BATRA,54.87,55.06,55.565,54.645,31822.594602,54.9957
RPD,6.9,6.6,7.0199,6.34,2316230.303168,6.8386
TRPA,38.9,38.85,38.9605,38.8186,45966.231465,38.873
FNCL,73.28,73.84,73.84,73.11,66840.936692,73.3662
ARMP,8.3,9.11,9.2502,8.3,50803.384093,8.6351
AMAT,435.44,423.11,438.04,417.9,8165197.744514,433.6741
TOMZ,0.824,0.7174,0.825,0.7,1767052.653074,0.7651
DDM,59.3,59.83,59.87,59.01,136874.913456,59.3632
IVLU,42.21,42.11,42.22,41.995,4476228.866406,42.1215
SWKS,66.78,67.09,67.44,65.395,5143880.445929,66.659
PIZ,59.2894,58.68,59.47,58.68,90708.8203,59.1126
SMN,10.0211,9.9472,10.0211,9.9472,1312.6443,9.9821
NTSX,58.4118,58.21,58.46,58.21,37253.606404,58.387
PHEQ,34.13,34.01,34.13,34.01,7292.6025,34.0953
SEA,17.725,17.74,17.74,17.61,10600.849322,17.679
SDA,1.06,1.07,1.09,1.03,96038.923558,1.0633
VTWO,114.84,114.78,115.13,114.195,2659177.758911,114.7145
EFG,122.56,122.11,122.56,121.7,807559.439285,122.1921
FGNX,6.74,6.36,6.89,6.2,257053.079877,6.6747
OILD,46.58,46.38,46.75,45.105,89065.571584,45.9041
OCFC,18.8,18.95,19.0,18.745,400152.184541,18.8096
RSPD,54.13,54.58,54.58,53.9702,8516.67491,54.3566
GASS,9.9,9.96,10.01,9.75,57787.828272,9.91
CALY,17.52,15.97,17.7,15.74,8090403.775921,17.2322
RDYY,20.56,21.27,21.27,20.5,53887.689554,20.7218
FBY,10.07,10.14,10.15,10.02,134908.776382,10.0832
AREN,2.66,2.73,2.83,2.5002,59820.198831,2.6717
KIDZW,0.0175,0.014,0.0175,0.013202,37098.392592,0.01564
BLV,68.77,68.72,68.875,68.705,406610.609705,68.7841
MDAIW,0.842,0.867,0.8935,0.7972,104225.731,0.8468
DGXX,6.63,6.17,6.8,5.9,16461211.613614,6.3647
BOBS,13.64,12.45,13.65,12.265,2268243.380835,13.3064
SABS,4.11,4.18,4.5923,3.79,6027640.609439,4.1489
TCHP,51.5,51.43,51.61,51.39,84253.72673,51.4803
FIDI,28.0207,28.09,28.12,27.96,81878.372399,28.0202
SNPS,516.48,504.37,519.11,500.589,1733379.696003,514.2698
NKE,44.14,44.26,44.66,43.8,17357056.208098,44.1807
ZDGE,3.18,3.21,3.25,3.1001,48543.737953,3.1892
CQQQ,53.64,53.95,54.2299,53.375,2278634.1554,53.8068
SPIN,32.0,32.02,32.06,32.0,9619.0133,31.9614
SPEU,54.8195,54.7,54.86,54.525,43837.425748,54.7007
EWJV,44.22,44.2,44.39,44.08,220328.409289,44.1731
SEVN,8.4,8.41,8.45,8.315,36223.409055,8.3947
HCAT,1.52,1.57,1.585,1.5,413895.159079,1.5358
LICN,6.88,6.21,7.05,6.21,101684.591044,6.4561
XLK,175.52,171.59,175.6,171.3,11222155.354626,174.5056
CNXT,54.38,54.29,54.47,54.15,252089.891548,54.2303
PIT,74.97,74.49,75.15,74.49,15403.907102,74.9862
CVGI,5.1,5.398,5.398,4.86,582054.555678,5.1158
FLQM,56.34,56.65,56.65,56.15,69592.706352,56.3419
VNDA,6.28,6.49,6.53,6.2,1309361.017996,6.3372
DLN,94.015,94.27,94.395,93.98,117728.604257,94.1508
VSDM,76.37,76.43,76.43,76.37,68689.766224,76.3888
ATS,35.38,34.33,35.7,34.33,172926.086569,35.2313
HFWA,27.52,27.44,27.6,27.25,188836.833,27.5036
PBA,45.72,45.73,46.45,44.82,1033354.232953,45.7313
OBIL,50.105,50.1,50.11,50.1,15778.6335,50.0892
FLTR,25.5,25.5,25.5,25.4801,700846.193632,25.4958
NBCM,29.5617,29.51,29.6499,29.51,18215.3704,29.603
SYLD,78.59,78.62,78.76,77.87,54352.3723,78.5114
CETY,0.8501,0.92,0.9932,0.8035,131471.796343,0.8697
AIRR,129.62,130.62,130.62,129.09,755616.715019,129.4875
TMF,35.59,35.62,35.885,35.535,2616837.17044,35.6701
PGRO,47.4239,47.32,47.48,47.32,4696.5361,47.4007
NG,8.75,8.65,8.98,8.56,2824430.82733,8.7077
PESI,11.0,11.44,11.52,10.92,179186.268399,11.0771
MNDY,72.07,71.89,72.9076,68.86,2595078.518934,71.5258
KBWP,117.6581,118.1,118.3856,116.91,8420.20653,117.6905
SPPP,16.02,15.82,16.1,15.82,244155.779825,15.9624
ION,66.902,66.94,67.0378,66.54,5500.5012,66.706
IBIC,26.005,26.03,26.03,26.0,4989.5,26.0027
CSHI,49.92,49.92,49.92,49.89,574543.253142,49.9093
TBBK,57.0,59.7,59.7,56.67,770380.899297,57.6816
EAD,6.62,6.62,6.635,6.615,106815.782595,6.6236
KLXE,3.39,3.2,3.43,3.2,101203.722603,3.3704
ERTH,50.3998,50.14,50.435,50.14,5930.285783,50.2909
TOXR,13.828,13.52,13.828,13.52,450.3532,13.5383
DTSS,0.94,0.8203,0.97,0.8203,168973.684287,0.9004
NAMS,38.73,34.85,41.17,34.85,4805884.699191,38.8363
MI,0.2113,0.2064,0.2179,0.201001,257563.995135,0.2084
CIFU,27.25,29.055,29.99,25.06,182653.900869,26.8115
MSTU,8.86,8.03,8.86,7.94,28163692.065191,8.4369
RPAR,23.0608,22.98,23.11,22.98,23993.115198,23.0078
IONQ,49.24,48.685,49.44,45.72,25990725.954326,47.7262
POOL,187.77,190.44,192.284512,184.5,827378.105927,188.1362
ITM,46.785,46.83,46.83,46.75,97380.606659,46.7866
IFRX,2.58,2.62,2.8,2.36,7488472.193714,2.6675
CHPX,90.69,87.12,90.69,87.12,103819.54894,88.9785
PGF,14.1,14.04,14.1,14.04,95453.30676,14.0776
CMCSA,25.4,26.25,26.26,25.35,36599444.398996,25.5629
WWJD,39.8721,39.69,39.9599,39.6745,17912.204759,39.8106
HOPE,12.41,12.38,12.44,12.295,693723.463228,12.379
GLNK,9.23,8.79,9.3364,8.7703,271480.0679,9.1028
ENVB,2.85,3.16,3.18,2.822,286879.36839,2.9609
CGBL,37.31,37.21,37.32,37.15,1024327.912978,37.256
SIMO,253.59,251.177,254.8399,238.5233,1010764.239387,248.7138
RSSB,30.58,30.45,30.62,30.45,47828.268607,30.5588
DOJE,10.14,9.94,10.16,9.94,14947.429607,10.0702
RVNU,24.97,24.98,25.0,24.8304,27237.9032,24.9025
CXSE,41.0153,41.21,41.3004,40.89,56424.801106,41.0208
INTW,363.57,296.97,393.48,296.97,1599491.628698,350.5678
CHSCP,27.845,27.81,27.9,27.71,5216.0735,27.8503
NDIV,35.1834,35.06,35.42,34.93,16989.3441,35.2899
PDLB,17.84,17.87,17.95,17.74,35920.911012,17.8514
SELV,32.16,32.24,32.26,32.1,10904.0563,32.2045
TRIB,0.6069,0.629,0.6425,0.592,74924.991,0.6159
FCO,2.59,2.56,2.59,2.5205,74040.0933,2.5516
XRPZ,15.43,15.06,15.5,15.05,254986.499422,15.2929
TFPN,31.2974,31.03,31.36,31.03,2631.9427,31.1999
OAKM,27.82,27.96,28.005,27.798,126415.40393,27.8817
APUS,1.5135,1.51,1.59,1.4,175386.977578,1.4813
FUTU,144.59,151.56,155.81,142.95,3090410.651243,146.5013
QLD,91.72,88.9,91.74,88.81,3645247.40685,90.5637
XBI,134.71,133.87,135.88,133.265,11783757.612243,134.6519
JSTC,21.95,21.83,21.95,21.76,100546.1273,21.8985
HCAI,12.0,14.5,14.5,11.0001,46130.861836,12.8404
ESGV,130.2,129.61,130.23,129.56,131579.710247,129.9253
SLYG,109.28,109.2,109.52,108.651896,117822.33844,109.2101
APLS,41.03,41.02,41.05,41.0,7067495.136933,41.0272
TSME,47.3857,47.6,47.6,47.11,29719.494624,47.3912
XSLV,50.014,49.83,50.105,49.83,7323.04403,49.9678
HSLV,5.95,6.05,6.206,5.92,139098.354,6.0166
SVAC,10.45,10.49,10.49,10.4201,17939.952056,10.4712
SGOV,100.48,100.48,100.48,100.47,20272051.997908,100.477
PTF,120.79,118.17,120.86,118.14,76290.76918,119.6779
MEDP,424.0,430.51,430.51,418.04,291516.643372,424.4546
GOLY,29.79,29.75,29.9896,29.63,41465.702936,29.7824
CLSE,33.01,32.53,33.01,32.53,119477.843382,32.8892
FBTC,69.81,69.31,70.015,69.19,2001581.059228,69.5897
NWSA,27.02,26.81,27.03,25.97,8656943.404297,26.6439
SEPI,27.6,27.53,27.63,27.53,28811.784645,27.5607
DT,40.7,40.08,40.8,39.14,5280666.708888,40.3735
IBX,21.38,21.03,21.405,20.29,64885.790801,20.9183
DFAR,25.98,25.92,26.09,25.92,3065686.933911,26.0257
ACWV,121.0,121.09,121.145,120.77,133962.642061,120.9175
DUST,45.34,46.73,47.125,44.52,1173577.155878,45.8958
SMDV,72.81,73.1,73.1,72.75,8617.2611,72.8973
GNR,74.13,74.02,74.3499,73.95,599065.535746,74.1516
DVN,45.61,46.0,46.3686,45.175,15147820.748588,45.7205
BSY,32.76,34.01,34.125,32.5,2714288.826901,32.8754
DFSI,45.575,45.59,45.61,45.41,175679.076462,45.5408
AMD,455.19,418.59,456.29,418.29,58134868.020613,441.7021
CHKP,114.93,113.29,115.25,112.34,2016246.20238,114.1331
URNM,64.99,67.67,67.85,64.87,664936.10221,65.7018
HL,18.61,18.545,19.2,18.28,12249028.810955,18.5552
VBNK,18.84,18.68,18.88,18.45,44091.0,18.7343
SPXN,81.4694,81.13,81.595,81.13,2004.417424,81.4368
STOT,47.068,47.09,47.09,47.06,56002.4757,47.0725
RSPN,60.75,61.27,61.27,60.645,44789.8944,60.9215
KNG,48.79,49.1,49.13,48.745,285514.329915,48.8668
BTG,5.3,5.04,5.32,4.96,34043739.394269,5.1934
IFV,28.2543,27.91,28.43,27.91,32379.6677,28.2283
DES,38.66,38.63,38.805,38.47,100957.481932,38.6947
EUHY,53.43,53.39,53.43,53.37,13572.8297,53.3879
THFF,67.85,67.68,68.11,67.49,53400.4559,67.79
QQQS,42.4175,41.9,42.4175,41.69,6414.181206,42.1389
GLD,433.77,434.05,436.2,431.7,5380821.453913,433.8942
RING,82.23,80.9,82.745,80.9,185303.708006,81.8896
PLTG,13.38,13.02,13.46,12.5299,359573.675991,13.0221
FER,70.42,71.48,71.71,70.13,1669384.950997,70.6435
DSY,2.1,2.15,2.17,2.0673,6591.340377,2.1344
IBHL,25.447,25.46,25.46,25.425,1832.0692,25.4373
ROOT,56.41,56.002,57.03,52.5601,442394.136461,54.8786
KRYS,305.71,297.0,306.1,292.0,470598.829179,301.5152
RXST,5.85,5.8,5.87,5.629,923384.110739,5.7763
IREZ,6.91,6.09,7.85,5.66,33305681.275882,6.7526
IHF,49.97,49.16,49.97,49.06,373292.953758,49.4323
FLBL,23.05,23.04,23.05,23.03,120630.683296,23.0418
FVD,47.05,47.36,47.46,47.01,1312131.099041,47.1601
TARA,5.27,5.34,5.365,5.1,635570.233418,5.2456
CEG,303.63,314.87,317.65,301.76,2948643.556461,307.2575
TXUE,34.375,34.32,34.56,34.2266,41945.8881,34.3302
CRF,7.33,7.34,7.37,7.32,946501.497056,7.3379
LABD,13.54,13.74,13.99,13.185,4497307.753234,13.5968
CSD,135.1719,133.69,135.175,133.0,6093.152651,134.3234
REVB,0.96,1.0,1.02,0.95,228950.732958,0.9936
FLCB,21.44,21.45,21.465,21.4301,158452.086127,21.4478
STRT,62.45,66.0,66.1414,59.16,232720.237,61.8463
FXH,113.2219,114.04,114.04,112.75,4667.088835,113.0651
FTCA,7.345,7.38,7.38,7.34,174953.206455,7.3513
IXC,53.06,53.38,53.56,52.99,3508842.739178,53.23
VEA,70.83,70.42,70.835,70.39,9468538.011676,70.6423
PGC,42.98,42.8,43.23,42.1344,130112.672016,42.9129
CBON,23.725,23.57,23.76,23.57,10682.058507,23.715
AMPU,10.36,10.65,10.75,9.46,171246.08294,10.1159
IGLB,49.94,49.89,49.995,49.89,580151.855368,49.9404
PAWZ,48.73,49.36,49.36,48.57,4204.394969,48.7307
THNQ,79.04,78.31,79.2,77.9,15691.109441,78.5816
FSMD,49.92,49.93,49.9987,49.56,140534.2583,49.8618
RYDE,1.03,1.13,1.13,1.015,304546.297269,1.0655
NTES,115.91,117.38,117.725,115.43,655375.0692,116.0962
ARIS,19.7,19.36,19.94,19.2801,1078937.473105,19.5764
AOA,96.74,96.58,96.74,96.49,111125.359528,96.6257
JHMD,45.06,45.05,45.1199,44.815,83022.455,44.9231
FDL,49.03,49.28,49.4,48.9747,474710.591847,49.1388
USAX,36.1,36.32,37.6,33.1281,149046.401267,35.4958
VT,155.18,154.94,155.27,154.7,2360737.107593,154.9775
SBSI,33.37,33.55,33.8,32.83,58793.4413,33.4573
VNM,19.77,19.6,19.78,19.575,478025.151961,19.7315
COP,113.87,114.64,115.49,113.62,8009464.63919,114.1987
EIS,136.88,136.77,136.94,136.1517,55423.565548,136.5463
TIGR,6.46,6.45,6.55,6.28,3190106.916267,6.4196
BULZ,45.37,41.69,45.55,41.67,1191571.596379,43.6128
XRT,84.72,84.57,85.11,83.85,3983727.352711,84.6754
BHB,34.98,34.72,35.145,34.68,66987.5709,34.9533
XCCC,36.975,36.96,37.0,36.93,49166.670868,36.9858
PDFS,51.63,46.14,52.28,42.72,919241.913033,49.3638
AAPX,33.41,32.81,33.7,32.81,77330.845027,33.3376
HIVE,2.82,2.9,2.92,2.76,11636979.424458,2.8358
DFSB,52.248,52.24,52.25,52.185,30060.837851,52.2331
LGN,99.89,99.16,99.99,97.76,1510437.216598,98.9242
POCT,45.78,45.74,45.8225,45.73,653775.0,45.7687
PSH,50.105,50.19,50.2,50.08,10865.3809,50.1334
CELC,131.06,130.705,133.395,129.23,799756.001249,130.9845
HURA,2.38,2.42,2.43,2.28,490494.130076,2.3324
DVLT,0.5422,0.5104,0.5472,0.504,48589603.021088,0.5341
CHRS,1.75,1.77,1.8,1.735,676080.716875,1.7657
PWRD,111.87,113.17,113.17,111.7,101143.506375,112.1713
IDOG,42.9549,42.9,43.06,42.78,15738.70091,42.9297
ZTG,2.7,2.96,3.1,2.65,50038.0,2.9161
GLOPpA,25.75,25.62,25.81,25.61,7189.812,25.642
VCRM,75.73,75.82,75.835,75.73,211792.505155,75.7688
SCHO,24.2,24.2,24.2,24.19,2726333.027922,24.1946
BELFB,297.98,294.52,301.865,291.32,155781.391666,295.8035
ISPR,1.74,1.85,1.91,1.72,73553.55963,1.8069
AB,39.11,39.11,39.2999,38.65,356657.368332,38.9727
OBE,12.43,12.74,12.78,12.4017,800269.484452,12.5682
UUUU,21.38,23.39,23.6846,21.22,12598439.798878,21.7876
IBHG,22.12,22.13,22.13,22.07,56458.03618,22.1078
IONR,4.13,4.15,4.26,4.125,57510.384,4.1762
CXM,5.33,5.29,5.35,5.18,3414532.357509,5.3012
MNSB,23.5,23.54,23.71,23.22,23205.213167,23.4632
KSLV,36.61,36.72,36.885,36.01,55434.069882,36.3724
FPAG,39.56,39.67,39.67,39.4201,66720.7235,39.5164
PLTK,3.63,3.5,3.74,3.465,2254399.622582,3.629
GAU,2.58,2.58,2.59,2.5,1685111.908324,2.5492
ZONE,0.4219,0.3572,0.43,0.3421,3861938.778853,0.3934
CLGN,0.4022,0.4007,0.42,0.385001,20418.737657,0.403
DNUT,3.6,3.65,3.76,3.5901,2830721.524877,3.6537
ASBP,0.185,0.1214,0.193,0.1103,31284927.457972,0.1493
TNON,0.7307,0.779,0.7874,0.7307,126350.882,0.7674
HIBS,25.46,26.49,26.635,25.45,119192.96182,25.9095
ELME,2.1,2.12,2.13,2.09,701217.795931,2.1042
LQDH,92.986,93.0,93.0282,92.84,15068.638432,92.9544
VAW,233.25,233.99,234.165,232.75,48792.585912,233.4184
RWR,110.41,110.25,110.91,110.25,227777.761498,110.652
USAS,6.63,6.58,6.725,6.3,4163834.213553,6.5028
RBUF,30.71,30.72,30.72,30.61,17184.0,30.6741
MARS,33.78,31.54,33.79,31.5,217592.72074,32.8225
WSBC,34.24,34.11,34.32,34.005,772109.705568,34.1838
INUV,1.84,1.85,1.89,1.82,95377.77824,1.8478
PFIS,59.35,58.9,59.6791,58.74,49083.3305,59.2047
ADP,212.995,212.69,213.56,208.6248,2804143.548263,212.23
MRVU,94.02,88.2,94.4437,86.75,169870.412979,90.3132
APP,468.55,494.07,495.0,447.475,7766914.090732,464.2731
XYLG,28.53,28.5,28.6,28.46,19382.882741,28.532
SLX,108.15,107.2,108.18,107.2,40922.95098,107.6727
PAVE,56.79,57.32,57.33,56.695,1090086.420678,56.9048
TSLR,26.61,25.26,26.97,25.26,3346972.167052,26.334
SIVR,76.74,77.01,77.56,75.96,1736881.455658,76.618
IBHJ,26.43,26.43,26.43,26.395,10865.0375,26.4157
CRSR,7.88,7.41,8.25,6.98,3994140.123101,7.6346
EWC,58.09,57.99,58.15,57.79,1241588.125061,58.0367
TEAD,1.06,0.89,1.09,0.87,586892.891676,1.0196
FRPH,21.14,21.35,21.5,20.934,65931.85,21.1412
AESI,18.71,18.32,19.085,17.67,2962420.906804,18.648
NCSM,40.36,39.51,41.85,39.5,30363.49942,40.8255
XSD,554.17,536.38,554.17,535.6618,124806.828547,544.0535
IBHF,22.75,22.76,22.76,22.725,279905.22707,22.7459
MU,746.81,676.45,747.21,676.21,65130914.207459,721.4838
FTXO,38.2494,38.8,38.82,38.21,126815.643957,38.5177
FEDM,62.29,62.14,62.96,62.08,10356.7463,62.1823
PFG,100.5,100.41,101.36,99.6,1022137.36336,100.5765
LTRX,6.16,5.98,6.26,5.8502,809138.281269,6.0257
PTLC,57.39,57.21,57.44,57.21,104792.14265,57.3744
BIB,82.9,81.15,83.75,81.15,33554.88982,82.6218
FPEI,19.33,19.32,19.34,19.3,256589.5983,19.3208
EDV,64.03,64.04,64.28,63.9799,708034.884843,64.1154
CAIE,27.39,27.39,27.46,27.28,376142.211893,27.4036
LPTH,11.51,12.232,12.2325,10.765,5775916.721184,11.1757
KMI,31.41,31.54,31.79,31.23,8886434.59409,31.5155
FVCB,15.76,15.93,15.93,15.675,107045.7682,15.7624
BGIN,4.09,3.95,4.1,3.83,36206.233083,4.0101
DYN,17.61,17.48,17.88,17.32,1741667.964004,17.6057
ISOU,12.05,12.3,12.49,11.91,57671.760865,12.154
DIN,28.38,28.51,29.53,28.28,509109.993837,28.8007
EFAA,55.2519,55.19,55.37,55.035,187534.62681,55.2021
UMBFO,26.84,26.88,26.88,26.635,5974.0,26.808
NOBL,107.07,107.91,108.0,106.9605,262021.493267,107.295
ERX,84.1,84.48,85.66,83.44,197543.705927,84.5692
SPYI,53.41,53.3,53.42,53.27,2878772.210546,53.3745
OOMA,19.31,18.92,19.31,18.53,265475.079644,19.1438
UAN,126.23,127.24,128.82,125.0001,134443.902247,126.8697
UAL,99.58,100.0,101.145,98.64,3897182.066681,99.8918
GLO,5.99,5.94,6.0,5.93,204472.751077,5.9754
VONV,102.61,102.45,102.71,102.145,514161.01702,102.5286
SBND,18.82,18.81,18.82,18.795,18041.343251,18.8079
AGZ,109.4,109.48,109.48,109.32,8841.407033,109.4168
SU,64.01,63.52,64.82,63.17,2461693.011671,64.2084
GLMD,0.611,0.63,0.6599,0.611,109773.775144,0.6409
PN,5.81,6.25,8.2,5.58,529963.118122,6.4885
HFGO,29.09,29.08,29.09,28.9642,6009.099,29.0436
IBMQ,25.48,25.51,25.56,25.42,51040.8653,25.494
NVAX,10.11,9.36,10.75,9.32,13354044.599282,10.2591
BEZ,2.53,2.29,2.76,2.29,5519104.718278,2.5058
CLS,375.55,389.36,394.9999,373.53,2539866.480895,379.3047
YBTC,22.92,23.14,23.14,22.69,39474.472649,22.7957
INV,7.0,6.21,7.07,6.2,3802278.691528,6.8207
ACYS,20.31,20.29,20.3389,20.25,495665.0,20.2853
BAGY,31.2303,31.03,31.28,31.03,7229.8222,31.1685
ULCC,5.29,5.39,5.45,5.215,5286587.191118,5.2912
GRRR,15.1,15.09,15.18,14.6,1476258.323806,15.0138
BABX,30.05,30.99,31.63,29.737,774727.349239,30.4957
NVX,0.705,0.739,0.7448,0.6824,422276.064427,0.702
GBDC,13.16,13.26,13.26,13.01,1402391.256587,13.123
SPXL,265.56,262.79,266.14,262.49,1479067.568009,264.6923
CTNM,14.53,14.61,14.89,14.31,133370.526272,14.5685
CGDV,47.25,47.28,47.395,47.185,2645601.518876,47.2866
FHYS,23.16,23.13,23.18,23.12,9162.2308,23.1496
IGE,60.27,60.45,60.57,60.11,321755.114158,60.2965
VCRB,77.33,77.36,77.3999,77.305,453198.638091,77.3519
XSOE,48.11,47.71,48.1499,47.71,245257.908636,48.0731
PGEN,4.21,4.18,4.24,4.11,4873575.315252,4.1993
RHP,110.55,110.985,111.6999,110.16,468131.129336,110.6434
PRLD,4.86,5.15,5.315,4.79,528314.523807,4.9225
CONL,8.82,7.54,8.82,7.27,23838780.722171,7.9014
IVOV,109.2035,109.46,109.555,108.88,15048.670982,109.2035
CRDU,54.58,56.93,58.99,51.24,257486.357763,54.0352
FXN,21.11,21.2,21.29,21.0,6530476.82843,21.1162
ACU,41.61,41.82,41.86,41.19,8406.008493,41.5687
ONB,24.3,24.39,24.39,24.1503,2174750.46268,24.2688
FTOH,8.4,8.42,8.43,8.3801,78695.496,8.3949
UPWK,8.82,7.65,8.85,7.44,26575669.706744,8.4596
NXL,0.3524,0.348,0.3599,0.348,82320.936618,0.3489
SKYY,129.89,128.15,129.95,125.935,575218.862106,128.7784
GOOW,82.95,82.04,83.03,81.69,34217.424491,82.4363
AGGY,43.6869,43.67,43.7299,43.67,44919.80394,43.6928
FXL,197.81,194.73,197.81,193.41,14318.687205,195.3865
MUB,107.0,107.07,107.13,106.94,2132244.325977,107.0184
WEST,8.25,6.87,8.62,6.87,5061878.97881,8.0831
XLF,51.24,51.68,51.74,51.135,29627685.490432,51.3141
ILIT,22.81,22.8,23.615,22.47,36936.310586,22.776
CAR,145.75,153.48,156.685,143.39,1253029.181676,146.4611
SKYE,0.8627,0.8877,0.9,0.84,106532.032559,0.8593
USAU,16.99,16.78,17.15,16.67,124721.188778,16.9036
SHNY,13.72,13.74,13.9283,13.56,445910.823427,13.7203
PYLD,26.47,26.48,26.49,26.4504,3954290.52082,26.466
PTH,51.431,51.42,51.76,51.33,6584.589538,51.5135
VTEB,50.25,50.29,50.3,50.215,4194611.273258,50.257
VABK,43.55,43.84,43.84,43.55,1941.181171,43.6673
FLMX,39.0064,39.05,39.28,38.9519,18886.44914,39.1254
KRT,28.07,30.93,30.93,27.5001,152373.702616,28.3041
CSNR,36.8813,36.71,36.98,36.71,179562.306,36.9207
TTEK,30.29,30.69,30.88,30.255,2854736.313272,30.4772
DMBS,49.329,49.33,49.3499,49.29,43884.2642,49.3207
GOVT,22.815,22.83,22.84,22.81,4791346.705735,22.8224
EMQQ,34.1156,34.47,34.53,34.089402,74218.562241,34.1971
NXT,125.91,123.81,127.02,123.0,1694935.088597,125.5183
XTOC,35.445,35.35,35.445,35.35,480.0,35.3823
AI,9.87,9.44,9.88,9.2,4339053.868803,9.6408
JSI,51.66,51.71,51.71,51.6401,122585.890986,51.659
BATL,2.89,2.83,2.9666,2.7,4754219.605926,2.8237
CRML,12.53,13.02,13.3828,12.34,10623921.204114,12.7228
TECS,8.71,9.39,9.42,8.7,3697783.702375,8.9551
AMZE,0.13,0.1387,0.218,0.1218,91394066.5858,0.1621
VOX,197.71,197.91,197.98,197.07,298641.010117,197.4077
NECB,24.46,24.41,24.7265,24.315,19289.169727,24.4795
MRSK,37.85,37.76,37.92,37.76,13797.0477,37.8997
BNDI,47.409,47.33,47.48,47.33,18447.760135,47.4089
FEPI,44.59,44.64,44.64,44.32,219022.181277,44.4869
IBIE,26.3795,26.38,26.38,26.3506,9403.4795,26.3653
VGVT,75.375,75.49,75.49,75.3,505.4354,75.3801
DUHP,39.74,39.91,39.91,39.7,576630.566914,39.777
XDTE,39.68,39.53,39.695,39.53,126872.455774,39.6404
ACII,25.675,25.43,26.12,25.43,115338.3125,25.6833
DSS,0.553,0.5488,0.5825,0.53,83535.0,0.5542
INO,1.46,1.405,1.79,1.364,21007953.31781,1.5998
XLG,62.9,62.63,62.965,62.595,1018139.21156,62.8571
LINT,230.74,188.74,249.2299,188.54,414593.550883,223.4924
XOEF,28.4156,28.47,28.64,28.345,4664.060433,28.4552
YINN,35.96,36.615,37.09,35.73,2180644.453625,36.2421
FXO,59.28,59.41,59.41,59.04,26253.229,59.2171
WLK,93.85,97.88,98.47,93.42,1404939.545673,94.3924
FRSH,8.83,8.89,8.92,8.54,9173057.796197,8.7823
LXRX,2.0,1.69,2.0,1.64,7018739.518646,1.8515
ISPY,47.73,47.525,47.915,46.98,86839.962577,47.6612
EZET,17.55,17.25,17.6,17.21,39714.408959,17.5114
FORM,147.87,149.39,153.62,146.06,1865963.275711,149.5551
NUMG,45.94,46.34,46.34,45.59,20528.33849,45.9025
PAPL,1.13,1.16,1.1793,1.05,334025.408125,1.1117
TRS,42.72,42.04,43.715,41.51,617185.573801,42.8639
MDB,299.47,289.65,301.15,282.05,1813007.378494,294.9241
FIGB,43.045,43.07,43.145,42.9988,47619.258745,43.0461
FSIG,18.99,18.99,18.9903,18.98,230634.969296,18.9844
ANDE,71.45,71.76,72.68,70.38,374672.111686,71.5751
BWAY,17.17,17.11,17.26,16.79,93573.763646,17.0848
HYPD,3.6,3.55,3.82,3.48,691942.362746,3.6105
IJS,129.78,129.68,130.145,128.93,111668.071276,129.8259
HYD,51.15,51.19,51.2,51.13,336922.191361,51.1608
URA,55.18,56.54,56.8199,54.91,5210323.695087,55.4007
ABTC,1.19,1.16,1.21,1.13,9142764.439879,1.1759
VISN,11.72,12.0,12.0,11.57,6815153.067933,11.7264
RCG,2.7306,2.77,2.77,2.72,11096.872417,2.7362
EWO,39.9124,39.81,39.9124,39.7,8599.784321,39.8222
SYSB,88.89,88.82,88.95,88.82,48578.43887,88.891
VXF,229.5,229.9,230.1799,228.0,482421.71108,228.9805
SNDK,1562.34,1394.37,1564.0,1391.12,20567636.814673,1490.2669
JETU,28.3323,28.77,28.77,28.19,7757.4528,28.5502
EQWL,124.83,124.58,125.045,124.35,118062.291136,124.7331
NVDU,143.67,140.75,147.1533,140.75,558427.327372,144.1378
MYGN,4.29,4.13,4.375,4.0,1983486.808184,4.2541
LFUS,457.03,448.03,459.05,442.055,335430.704,453.1116
IDNA,29.88,29.56,30.0388,29.33,192544.511919,29.7694
BSOL,12.5,11.92,12.53,11.87,2812889.715855,12.2517
VRT,339.97,349.785,350.99,339.71,4080985.940914,343.2051
METV,18.873,18.67,18.8799,18.62,29591.762143,18.7631
FLRN,30.76,30.75,30.77,30.75,706895.841393,30.7565
FLKR,61.47,59.52,61.58,59.485,1174949.857358,60.9169
WULF,23.39,25.5,25.75,22.7401,36270219.274459,23.6267
ORLG,13.464,14.02,14.12,13.464,2402.075,13.797
EWD,51.42,51.55,51.64,51.14,153367.566689,51.3175
SPLV,72.63,73.28,73.44,72.615,4272357.11107,72.8746
RFIL,15.28,15.28,15.8,15.0079,183538.62386,15.4069
VICI,28.84,28.87,29.12,28.75,5218376.899044,28.9021
XYLD,40.59,40.6,40.6,40.55,519706.113954,40.5708
AAON,139.66,132.5,140.82,129.3001,1937199.454926,137.7089
NTRSO,19.26,19.23,19.2699,19.1501,22877.363,19.2164
FDEM,36.85,36.67,37.0,36.67,63766.244924,36.8798
HELS,24.1147,23.6,24.1147,23.6,20389.409,24.0087
SPDG,44.655,44.85,44.85,44.655,602.493835,44.7555
ASTX,26.39,21.33,26.6599,20.9101,6554863.683681,23.6393
FTCB,20.99,21.0,21.01,20.97,291168.9428,20.9928
HIMU,48.77,48.84,48.84,48.72,544798.20385,48.7743
HDSN,5.25,5.3,5.4,5.23,562468.287052,5.3056
NUGT,193.89,188.91,197.2,187.02,351776.268332,191.6494
ADBE,253.04,252.9,253.37,246.1,3667468.097247,250.9765
SABR,2.06,2.01,2.205,1.98,10929079.192297,2.087
IBDS,24.19,24.18,24.19,24.18,299947.9042,24.1859
TSLT,21.79,20.62,22.08,20.62,5068646.38792,21.5456
AGIG,1.13,1.07,1.16,1.06,198732.796925,1.1136
TRAX,19.54,18.12,19.82,17.5,355231.508721,18.7816
VFMO,229.14,228.0,229.31,227.38,54801.446195,228.4226
UYG,78.45,79.54,79.54,78.26,15231.127177,78.7135
OARK,32.897,32.74,32.897,32.45,12456.080928,32.6893
NCLH,17.08,17.28,17.49,16.89,17712862.4961,17.1161
TMFM,21.0429,21.11,21.11,20.89,9884.5771,20.9993
UPXI,1.38,1.34,1.409,1.2909,2901187.690638,1.3688
LCTD,58.639,58.72,58.72,58.4099,4526.7432,58.5951
JSML,84.67,84.76,85.06,84.025,14845.4925,84.5106
ERY,12.28,12.23,12.37,12.04,1060540.714162,12.196
NEWT,14.27,13.75,14.3,13.73,307267.07915,14.0645
JETS,27.48,27.66,27.75,27.3013,3555702.25084,27.4786
HQGO,64.1081,63.88,64.1081,63.88,185.9952,63.8766
GVI,106.44,106.51,106.51,106.4,64557.855385,106.4379
COII,10.1103,9.41,10.1103,9.41,6337.445565,9.6895
SMMU,50.425,50.45,50.45,50.39,65546.203,50.4134
IBDT,25.27,25.27,25.27,25.25,346195.277301,25.2595
RDWU,11.67,8.76,11.79,8.62,1373142.893999,10.5033
VBR,233.57,233.9,234.38,232.39,244167.593994,233.5766
RIOX,50.45,51.93,51.93,46.74,399528.184469,48.2538
MHH,7.1,7.09,7.1999,6.85,12510.15,7.0037
SMUP,12.08,11.5,12.08,10.34,226686.641621,10.9929
DFAU,50.75,50.64,50.77,50.56,592732.422506,50.7103
FGD,33.75,33.69,33.8,33.585,146651.774128,33.695
HYGH,86.3192,86.14,86.4,86.06,52176.600195,86.2577
BIZD,12.9,13.0,13.03,12.75,4451990.332392,12.8469
NOW,91.18,91.13,91.85,88.99,24699020.709722,90.6086
PCGpH,17.0,17.0,17.0,17.0,1848.0,16.9988
XBTY,6.83,6.8,6.8499,6.78,76494.931231,6.8233
VOT,288.69,291.58,292.0,288.01,145363.218795,288.7564
TOUR,6.05,6.01,6.105,6.01,19902.302475,6.0376
PMCB,0.7558,0.78,0.7951,0.74,59458.0,0.7631
TKNO,3.83,4.01,4.19,3.76,157446.686742,3.9116
WINA,373.4,368.71,375.915,364.46,32051.157713,371.7703
PEPG,1.76,1.742,1.86,1.73,698752.521127,1.7868
SIEB,1.77,1.77,1.79,1.75,17364.661743,1.7726
JCPB,46.99,46.99,47.03,46.97,1846285.066361,46.9949
OVL,56.86,56.72,56.88,56.5836,73223.100708,56.7874
LLYX,17.81,18.89,19.045,17.81,596635.98997,18.1929
CRVO,3.95,3.84,4.153,3.81,60118.283035,3.9546
LIDR,1.99,1.88,2.01,1.85,1113066.52716,1.9323
FCBC,43.52,43.49,43.63,42.93,64940.0224,43.4203
SPYD,46.69,46.9,46.95,46.575,679687.102762,46.7716
LEUX,21.56,22.22,22.22,19.95,90406.1796,20.7048
REA,23.43,24.97,26.36,22.395,1136701.079635,24.5947
YLD,19.07,19.01,19.07,18.9692,203174.544273,19.0257
TROW,105.33,104.02,105.565,102.31,1506095.965621,104.7127
ELCV,30.72,30.76,30.78,30.671,68691.987068,30.7266
MDYG,107.51,107.79,107.79,107.08,64774.562185,107.3258
NOTV,0.3041,0.3085,0.3099,0.2973,323509.550231,0.3025
FHLC,69.48,70.03,70.07,69.36,176650.283171,69.5779
BRK.B,475.94,474.85,478.88,474.48,5225574.36972,476.5074
ICVT,116.76,117.11,117.16,116.18,598346.491709,116.5197
COPP,40.33,39.79,40.595,39.79,170243.649403,40.1629
UNB,24.18,24.47,24.5,24.16,5889.3304,24.3434
FLJP,39.45,39.42,39.51,39.265,947304.062632,39.4244
IQDG,42.9333,42.91,42.96,42.73,47828.3016,42.8746
VOXR,5.95,5.835,5.99,5.815,137711.424098,5.9305
DCTH,11.48,11.36,11.49,11.025,569736.141798,11.302
RPAY,3.54,3.56,3.59,3.425,579031.799196,3.5191
QCOM,219.09,213.0,228.05,208.63,37849999.894148,218.7672
SPDF,27.008,26.99,27.08,26.985,4538.524,27.0416
XMVM,69.2507,69.35,69.5488,69.005,16081.428318,69.3127
DEW,67.7043,67.92,67.92,67.65,4638.459,67.8325
GQI,58.1853,58.25,58.25,57.97,15559.1208,58.142
WYY,7.94,8.44,8.48,7.91,72509.600715,8.1012
EDOW,42.7168,42.76,42.76,42.6,11189.8038,42.6763
BSJS,21.875,21.82,21.88,21.82,78061.96891,21.8674
TKR,117.97,117.25,118.4,115.19,831504.748707,117.5252
UAMY,10.66,11.495,11.5,10.49,10666096.9707,10.7893
BWET,167.37,170.98,176.4613,165.0,72408.995352,170.1099
ECF,12.9,12.93,12.93,12.84,14708.7995,12.8831
DJIA,21.605,21.66,21.7141,21.57,57922.560856,21.6333
PRTC,17.14,17.11,17.42,16.74,35777.14436,17.1485
SKIN,0.58,0.8251,0.8267,0.5749,4808916.108801,0.6439
XCEM,50.65,49.97,50.65,49.9007,254728.832265,50.4472
TIP,111.4,111.4,111.44,111.305,1142747.681183,111.358
NVDX,20.53,20.16,21.041,20.14,7402438.145604,20.6051
TITN,21.55,21.64,21.745,21.31,65559.025696,21.5379
MINE,3.16,3.19,3.19,3.08,9498.492,3.1182
CXAI,0.145,0.159,0.159,0.1441,5528346.497927,0.1487
SCJ,104.74,104.92,105.2,104.41,22237.720615,104.7279
UCAR,1.51,1.56,1.56,1.45,347866.611174,1.496
RMBS,129.245,128.96,131.5913,125.0206,2254692.964191,129.2014
CRWV,114.15,118.46,123.75,110.5501,48479367.828858,114.7238
NUGY,16.011,15.94,16.02,15.93,14419.1818,15.9667
RACE,339.69,342.97,343.77,338.15,699219.320975,340.1041
PBUS,73.81,73.72,73.82,73.66,35080.256664,73.7606
ITA,223.49,224.65,224.65,222.74,709711.14449,223.7117
GLDM,93.49,93.54,93.985,93.05,2241773.492196,93.4735
UPLD,0.9921,0.98,0.9974,0.9302,183761.087129,0.9628
APPS,4.04,3.95,4.075,3.85,1507613.593098,3.9801
BFOR,89.6145,89.79,89.79,89.435,1455.5049,89.6271
IWX,101.78,101.37,101.83,101.26,47518.616987,101.6864
OPFI,9.33,9.9,9.9,9.055,1194814.242993,9.3328
WENN,10.24,10.24,10.24,10.24,17907.0,10.24
PROF,6.85,7.29,7.8899,6.81,189358.148757,7.2985
BCYC,4.81,4.88,4.918,4.79,349904.99242,4.8445
OSCV,40.94,41.02,41.0767,40.89,16597.3093,40.9421
SCHQ,31.24,31.24,31.31,31.215,247578.430218,31.2504
AMKL,22.8901,21.85,23.1284,20.65,50244.087,22.0504
UNG,10.57,10.87,10.92,10.52,8642332.67909,10.6969
VGZ,2.25,2.3,2.33,2.23,1077654.123236,2.2585
CRM,181.82,179.68,181.8718,176.88,15123889.11462,180.363
TCPC,4.19,4.35,4.35,4.165,1040428.265867,4.2178
JBBB,47.425,47.39,47.475,47.36,260516.260668,47.4304
PFFA,21.84,21.7,21.865,21.68,772311.903888,21.7883
EXE,95.94,97.68,98.18,95.9,2173840.729502,96.6377
CVLT,105.09,102.5,105.96,101.6918,1012321.799969,104.9257
IYC,102.78,103.18,103.38,102.63,204695.28232,102.8293
WOOD,68.9389,69.25,69.25,68.77,4621.761645,69.0601
SPWO,33.19,33.18,33.19,32.95,35204.318779,33.0816
EWL,61.8,61.75,61.925,61.48,257686.995888,61.7451
SOAR,0.188,0.2,0.2,0.175,4244687.2879,0.1872
MJ,26.96,27.78,27.78,26.93,40823.432698,27.1512
Z,41.43,43.76,44.035,41.1,3861851.785153,41.7388
FDN,267.6,267.28,267.795,265.43,295398.088491,266.9899
IBTG,22.865,22.87,22.87,22.86,545290.547667,22.8641
SEPN,23.87,23.98,24.86,23.82,208364.514114,24.2127
IOVA,3.62,3.52,3.62,3.38,20688669.383682,3.5055
XTJL,40.695,40.64,40.73,40.64,8054.0,40.7176
FTMU,7.865,7.87,7.88,7.85,73421.2763,7.864
NAUT,2.68,2.9,2.9,2.67,257950.43163,2.7637
STRS,29.83,29.8,29.83,29.8,4720.7,29.8461
RIVN,14.22,14.27,14.345,13.84,31623074.480456,14.1044
GDX,94.59,93.13,95.3,92.75,19426913.419074,94.094
PLRZ,16.34,14.04,17.18,13.812,153844.444175,15.6099
SLVO,90.58,90.96,90.99,90.1094,105388.954282,90.4586
MTNB,0.638049,0.56,0.6449,0.56,16443.381532,0.6006
FRST,14.46,14.51,14.54,14.365,164435.722539,14.4634
AGIX,43.46,43.46,43.5899,42.93,423847.475698,43.2943
PSFF,33.86,33.79,33.8898,33.79,95913.5038,33.8682
KDKRW,1.32,1.01,1.35,0.975,1014510.0,1.2197
BSTZ,27.97,27.86,28.038,27.63,196449.903819,27.8649
MSII,8.58,8.19,8.585,8.19,14581.458352,8.4118
MEDI,29.8518,30.32,30.32,29.8518,3015.198446,30.102
VLU,232.8169,232.71,233.3599,232.33,4776.2685,232.7416
MSFY,18.88,18.86,19.02,18.8,20969.4661,18.896
XLB,51.59,51.81,51.905,51.5,7599997.752608,51.6952
STXX,43.08,42.58,45.31,42.01,185347.490208,43.5466
CEV,10.4,10.41,10.4799,10.36,20902.2037,10.4149
TLH,100.26,100.3,100.48,100.21,606459.212127,100.3151
FLOT,50.9,50.9,50.92,50.9,724765.741896,50.9141
SDOW,28.67,28.27,28.875,28.25,4335086.244977,28.5982
RPID,2.63,2.57,2.7,2.53,74499.826347,2.5942
GLDW,52.035,51.93,52.3399,51.88,7776.738865,52.0675
EMLP,43.07,43.55,43.66,43.01,470439.721182,43.3086
BUFZ,27.62,27.62,27.63,27.57,120609.25,27.6046
ARKW,146.89,145.29,147.12,144.0,98754.006449,145.6933
MGRT,138.0,139.0,139.0,134.0,16676.203096,136.0157
RWO,49.64,49.59,49.8599,49.47,57713.817426,49.6928
UFOD,25.7586,25.94,25.94,25.46,3251.409,25.7432
AUR,7.08,7.098,7.22,6.6973,28192178.743414,7.0365
FLCO,21.445,21.47,21.47,21.445,20858.31787,21.456
HEFA,44.67,44.67,44.67,44.46,456210.837972,44.5803
MVLL,71.96,67.175,72.18,66.15,535867.961633,68.9202
QSPT,34.2201,34.04,34.2275,34.04,7793.0,34.1807
IWMY,19.74,19.81,19.81,19.655,40309.396111,19.7035
PLRX,1.22,1.25,1.25,1.22,208195.371034,1.2304
MGEE,73.65,74.75,74.75,73.0,748072.533514,73.8172
WTRE,25.324,25.31,25.43,25.28,3046.7708,25.3908
DFAT,67.25,67.19,67.4151,66.85,268979.855164,67.2349
ITDJ,32.2361,32.26,32.26,32.2361,466.034766,32.2206
DTCR,30.42,30.12,30.46,30.03,2260927.449444,30.3046
RRBI,91.2,92.2,94.03,90.29,63329.992,91.4169
DOG,22.91,22.8,22.965,22.79,1095381.196278,22.8956
TSLP,19.78,19.41,19.945,19.33,24481.169575,19.7698
CPRX,31.15,31.14,31.21,31.13,4480767.638152,31.1615
TWFG,19.12,21.0,21.0,18.82,946953.656716,19.2506
NANC,48.22,48.33,48.33,47.865,20408.336864,48.1862
PFFV,22.35,22.25,22.35,22.24,210417.465847,22.2908
BWXT,205.33,212.73,213.46,203.3766,1007350.635458,205.5383
SPHQ,82.44,82.65,82.75,82.24,1169868.915069,82.5253
RWL,124.39,124.06,124.53,123.87,96776.176013,124.2371
NHP,14.12,13.5,14.855,13.21,624798.110153,13.9038
SDGR,13.13,13.102,13.21,12.602,1778361.275867,13.0318
PFUT,25.61,25.71,25.71,25.56,1045.0382,25.6391
FSEP,54.2629,54.16,54.31,54.16,13898.0,54.2321
SDS,58.81,59.24,59.29,58.72,3107314.685367,58.9237
SOXL,176.94,163.0,177.5,161.51,47016488.841059,170.1232
WTMF,40.85,40.86,40.9984,40.8174,11418.40009,40.8992
LXEO,5.83,5.82,5.96,5.6661,994001.07,5.8245
TGLB,28.2515,28.1,28.2515,28.1,839.6745,28.1642
RCEL,4.11,4.216,4.22,4.01,214918.198681,4.1194
OSS,15.68,15.39,16.1,14.8,2652433.072325,15.4774
QGRW,64.9,64.51,64.94,64.4399,580713.13222,64.8417
TEM,49.86,49.35,49.89,46.75,11664414.486806,48.5333
RSI,27.74,27.81,28.14,27.25,1503837.398828,27.5992
VTHR,324.7514,323.74,324.9221,323.72,18554.492993,324.4402
SGRY,14.44,14.31,14.54,14.14,1262448.007806,14.4146
PSNL,5.98,5.7,6.07,5.42,2726776.949822,5.8629
GCTS,1.7,1.54,1.95,1.52,12337065.592288,1.7321
OUST,25.2,25.6,25.6859,24.3,3848682.386598,25.0566
RSPG,101.43,101.67,102.51,101.06,57761.848332,101.9305
ARCX,22.05,20.76,22.46,19.38,62373.411894,21.0769
AGRO,13.13,13.3,13.36,13.08,571999.664985,13.1916
PULS,49.62,49.63,49.63,49.61,1795959.787746,49.6179
LAC,5.57,5.68,5.71,5.4225,11117826.811604,5.5504
MSTR,187.59,178.68,187.77,177.6,15985219.333437,183.7891
LEGT,11.09,11.11,11.11,11.0475,9025.0,11.0617
HECA,27.58,27.3,27.67,27.3,206032.9997,27.5703
SPTS,29.07,29.07,29.0899,29.07,652183.096652,29.076
BSTP,38.8416,38.95,38.95,38.8,4521.0,38.8491
GOOX,104.23,102.92,104.86,102.7001,60791.464904,103.924
LSTA,3.15,3.2,3.21,3.15,19847.378,3.172
RCAT,10.37,10.57,10.6,9.855,8728409.947029,10.1503
VENU,3.8,4.0,4.0,3.75,429932.773866,3.8284
MTEK,1.17,1.17,1.29,1.1505,55833.190553,1.197
FLYX,2.35,2.39,2.39,2.25,167262.359223,2.3231
SNDQ,7.67,10.52,10.57,7.65,40762327.132561,8.9129
AFYA,13.93,14.16,15.03,13.83,55340.929559,14.2506
HYDB,46.89,46.79,46.89,46.79,183219.769603,46.8526
CATH,88.45,88.27,88.49,88.16,39488.118529,88.3893
BDTX,2.99,2.72,3.15,2.7,1663363.5298,2.9825
SMHX,55.8251,54.77,55.84,54.6406,96222.950684,55.3279
FYEE,29.11,29.19,29.19,29.06,59185.3768,29.1016
LEMB,42.32,42.31,42.345,42.265,64411.256213,42.3097
WOOF,2.81,2.75,2.825,2.73,961961.432618,2.7931
IQMM,100.12,100.12,100.1398,100.12,4051449.920407,100.1201
VFLO,43.62,43.08,43.62,42.7801,644234.355181,43.3721
NUMV,41.73,41.88,41.88,41.63,27903.053077,41.7169
VV,339.05,337.84,339.22,337.61,205165.227608,338.6608
DBEF,51.94,51.87,52.01,51.72,496674.35875,51.867
XOVR,18.81,18.93,18.96,18.64,2328272.83439,18.7579
LARK,28.04,28.02,28.5,27.86,10015.776512,28.0861
AMZZ,41.37,40.9,41.65,40.5114,85671.742535,41.2737
SGP,23.41,25.77,25.77,23.4,31481.90296,24.3979
BKAG,42.055,42.06,42.09,42.03,106863.74971,42.0546
MSW,1.76,1.87,1.9499,1.75,39367.0,1.8547
CMDY,61.26,61.15,61.4885,61.07,29035.222814,61.2862
GREEL,19.41,19.46,19.46,18.89,10041.0,19.0056
VDC,230.24,230.87,231.75,230.155,395907.486596,231.1937
TACT,3.47,3.54,3.59,3.411,6842.2443,3.4907
EMKT,31.13,31.0,31.26,31.0,17970.666,31.1655
BMBL,3.62,3.48,3.63,3.37,4205805.102333,3.5269
PREF,19.015,19.01,19.02,19.0,143891.1709,19.0097
GIAX,17.065,17.05,17.11,16.92,224735.270865,16.9962
SMCZ,12.5521,14.17,15.04,12.28,1477076.077907,13.1938
MPLY,32.5943,32.53,32.5943,32.52,9274.5448,32.6811
FATN,3.15,3.55,3.5525,3.1,230658.332505,3.2663
DSI,140.53,139.86,140.6595,139.74,86208.35872,140.3463
KEEL,3.97,4.06,4.16,3.83,31757335.902994,3.9563
VUZI,3.11,2.86,3.145,2.85,2012144.191581,3.0771
FLTB,50.368,50.35,50.385,50.33,35377.6056,50.3495
NIU,3.17,3.14,3.19,3.125,145810.388931,3.1678
LVHD,42.2441,42.56,42.56,42.235,39200.652775,42.3836
MS,193.09,190.88,193.5,190.47,5873843.468957,192.5521
FDTX,49.5958,48.8,49.5958,48.8,37911.2858,49.2195
CART,40.35,38.0,40.68,38.0,6083598.181648,40.0332
OSW,24.82,24.45,25.1,24.45,666186.9516,24.8632
BUG,30.81,29.865,30.83,29.315,1663877.871426,30.2021
WSC,28.1,26.425,28.755,25.48,13336249.561945,27.7235
WANT,47.65,47.87,48.61,47.43,23829.982727,47.9913
BGI,0.67,0.6738,0.69,0.6601,17641.1,0.679
LESL,1.61,1.4,1.6592,1.38,91303.981349,1.5689
EFNL,54.1199,53.67,54.135,53.67,4928.942962,54.0009
NTGR,27.47,26.4,27.98,25.86,661831.479323,27.2731
XOMO,11.52,11.67,11.67,11.48,58712.628189,11.5411
MA,495.48,500.13,500.41,491.7275,4143614.670642,495.725
ACWX,75.79,75.56,75.82,75.41,1259680.140833,75.6262
AMPH,19.0,18.575,19.525,18.28,1983804.384751,19.0042
NERD,20.6566,20.99,20.99,20.635,10132.26245,20.7327
SLXN,0.525,0.54,0.55,0.5021,130862.666667,0.5335
SOUN,8.88,8.685,8.92,8.35,49273016.687764,8.617
IGF,66.98,67.49,67.58,66.9599,614973.948361,67.1681
IOO,140.08,139.29,140.13,139.29,71730.319445,139.8795
SYFI,35.76,35.74,35.775,35.725,54081.992455,35.7591
GLRE,17.86,17.69,18.06,17.38,130199.4445,17.8903
SPRX,45.9149,45.3,46.0095,44.88,72251.025751,45.4433
QDEC,35.1409,34.9,35.1409,34.9,10698.654,35.0345
AVTX,21.57,22.74,22.97,20.98,1780361.722208,21.4652
IAGG,50.16,50.17,50.21,50.14,1003322.602076,50.1749
ETHW,16.58,16.26,16.61,16.24,504766.780049,16.4618
IE,13.9,13.55,14.36,13.27,3053836.369309,13.7489
BL,30.63,30.6,31.25,30.01,857084.410689,30.735
PRZO,0.6361,0.6514,0.6617,0.6264,429244.149932,0.6425
IWV,418.32,416.79,418.56,416.64,472118.197769,417.8984
PI,152.91,153.64,154.66,146.24,458912.60672,151.0412
APYX,3.67,3.402,3.82,3.4001,256859.277097,3.6551
ROMA,6.89,6.4,6.9,5.75,22097.394209,6.3578
GMOI,37.76,37.81,37.81,37.64,87094.1087,37.7041
YYY,11.56,11.59,11.59,11.5204,291595.142516,11.5435
CZWI,21.4,20.99,21.475,20.45,17243.515948,21.3287
FMBH,43.935,43.6,44.045,43.6,73326.0599,43.8695
PAYX,93.93,93.69,94.67,92.0,2446658.029438,93.8261
USG,37.47,37.46,37.58,37.42,3328.66515,37.5336
ZYME,23.89,26.21,26.21,23.39,1454524.838193,24.1254
EIM,9.99,9.98,10.01,9.9601,75904.2826,9.9907
BKGI,45.39,45.41,45.63,45.27,344556.855462,45.4148
BELFA,265.37,265.64,272.7019,259.045,30939.761873,262.9559
INEQ,40.4248,40.48,40.48,40.38,5703.2899,40.4245
KMLM,29.18,28.9,29.22,28.9,143939.47725,29.1229
FFLG,33.68,33.56,33.74,33.56,162523.467319,33.6339
VTP,77.115,77.17,77.22,77.085,19465.6678,77.1091
PRK,173.24,174.39,174.74,172.0,55737.68665,173.4437
EDAP,4.13,4.19,4.26,4.045,65066.377171,4.2058
PID,22.8,22.79,22.8897,22.7301,27038.31044,22.7967
IXG,121.01,121.37,121.45,120.62,12571.845026,120.9162
FUMB,20.055,20.06,20.065,20.0542,17975.5982,20.0577
TSXD,8.3388,8.96,9.0,8.33,13621.254,8.6232
ACT,44.04,42.94,44.345,42.94,311166.514168,43.9916
XOM,144.57,145.85,146.5,143.9201,19550073.876949,144.7342
ACLS,163.03,157.25,164.685,149.1873,1033547.137304,160.6305
SFYF,62.0569,60.78,62.0569,60.78,2231.95741,61.2523
NSPR,1.15,1.16,1.18,1.12,263190.5014,1.1704
HAUZ,24.19,24.13,24.23,24.0906,110284.795954,24.1601
RCKY,37.38,36.18,38.19,36.08,57034.843579,37.4603
VS,1.22,1.24,1.29,1.2,19950.282315,1.2459
AMN,28.97,26.03,29.0,24.205,3823841.480113,27.5955
ALP,0.2397,0.265,0.27,0.2324,41088975.9406,0.2811
FURY,0.5892,0.616,0.616,0.5708,693083.109812,0.5884
RGR,39.04,39.48,40.06,38.75,147394.932831,39.1292
AMWD,38.58,39.53,39.7695,38.345,403341.200087,38.8412
OZEM,31.5769,31.63,31.7,31.5,11965.653532,31.6064
FMUN,50.24,50.39,50.39,50.24,6450.95,50.3144
MMIT,24.32,24.39,24.39,24.3,298546.0806,24.3354
MYND,0.321701,0.318,0.3354,0.318,2501.0,0.3239
FMST,1.68,1.66,1.72,1.635,232959.108908,1.6784
AVLC,87.31,87.17,87.35,87.06,60608.597,87.2672
AUST,1.37,1.33,1.41,1.32,44184.200628,1.347
JHMB,22.03,22.08,22.08,22.02,12032.0831,22.0333
BPRO,23.1061,22.82,23.12,22.82,997.32846,23.0265
SDIV,26.07,25.99,26.1125,25.95,468343.508276,26.0656
XEL,79.39,80.46,81.18,79.27,4559448.949547,79.7147
OVM,21.82,21.9,21.9,21.78,7708.0536,21.8329
EDZ,16.69,17.21,17.21,16.675,201105.255021,16.8263
XTN,104.27,104.56,104.56,103.905,7438.793236,104.2341
CAKE,61.65,61.76,62.18,60.882,1743573.958931,61.7713
FNDX,30.38,30.3,30.425,30.22,2001886.724382,30.3576
CDXS,2.85,2.6,2.9198,2.56,1826223.45121,2.776
CLOB,50.5002,50.33,50.5745,50.33,4886.108631,50.4837
TMAR,26.3401,26.36,26.36,26.34,1105.406,26.3515
SCWO,2.37,2.24,2.41,2.1711,87006.964436,2.3261
MSFX,18.74,18.99,19.01,18.63,181831.674508,18.8289
LCID,6.34,6.035,6.37,5.965,13085312.744029,6.2425
VFH,126.13,127.08,127.34,125.87,236818.617109,126.3073
TCAF,40.16,40.08,40.2055,40.03,431065.762171,40.1404
QADRU,9.93,9.91,9.945,9.91,783.0,9.9309
SKF,28.78,28.48,28.84,28.42,13636.1334,28.6655
BBH,184.5956,184.96,186.4254,184.105,2557.975588,184.7952
MLSS,0.457,0.4722,0.4722,0.4301,399805.356525,0.4495
GV,0.1823,0.175,0.2581,0.1463,30856304.180524,0.2098
SPYX,60.38,60.23,60.4201,60.12,74630.848956,60.3407
NYAX,72.0,71.83,73.14,70.65,53967.905119,72.1756
IPWR,4.39,4.69,4.73,4.31,193970.429135,4.518
GENVR,0.655,0.48,0.669999,0.48,79737.450557,0.589
ECH,41.64,42.38,42.38,41.53,436711.776269,41.7608
PED,13.98,14.03,14.125,13.54,25141.001823,13.8352
RWK,139.9512,140.49,140.49,139.455,42527.15267,140.2639
LUNR,28.97,25.05,29.38,24.665,16468522.116451,27.8131
EURL,45.1798,44.82,45.29,44.625,19255.795512,44.936
BRIF,33.6982,33.55,33.71,33.55,6053.7526,33.6418
XWIN,8.34,8.25,8.435,8.24,2094727.670662,8.345
ZTEK,0.7549,0.62,0.76,0.59301,146552.443699,0.6893
NEOV,2.64,2.48,2.7,2.45,477554.5058,2.6203
FXB,130.9789,130.98,130.9865,130.86,5339.106868,130.9473
ENTA,15.34,15.06,15.7,15.0,191732.61977,15.3779
QUBT,9.6,9.815,9.95,9.22,12800958.127058,9.5581
TBPH,17.01,16.78,17.07,16.605,237594.79844,16.9012
PSTV,6.12,6.04,6.3,5.82,108891.643852,6.1409
VLY,13.41,13.46,13.525,13.315,4772844.279915,13.4077
TQQQ,76.28,72.82,76.31,72.695,68713740.943243,74.8683
MSFU,28.37,28.69,28.86,28.2201,6508647.049032,28.5707
BTBT,1.8,1.825,1.87,1.765,26516088.278651,1.8137
FWRG,12.1,12.155,12.455,11.9,990879.980321,12.1161
IXJ,91.6,92.14,92.26,91.43,119679.008835,91.7306
ORBS,0.8709,0.8079,0.8927,0.7904,13903250.553462,0.8392
HYGV,40.3045,40.27,40.31,40.255,100536.986207,40.2833
TSLZ,11.3,12.05,12.05,11.12,6792792.450386,11.4032
BSJT,21.2897,21.23,21.3,21.23,65761.51896,21.2834
OMSE,4.7,4.65,4.725,4.61,4318.810127,4.6633
BOXX,116.65,116.63,116.665,116.62,1967487.608231,116.6374
GXC,97.53,98.07,98.49,97.48,29207.282103,97.6508
SIGI,84.78,84.78,85.39,83.37,400118.94519,84.7154
NDSN,283.53,285.65,286.424,282.6404,442943.476598,283.697
OGI,1.36,1.38,1.3899,1.36,617806.703994,1.3712
ORIO,0.99,1.01,1.05,0.9811,88305.603363,1.0049
CHY,12.84,12.8,12.9,12.73,181522.453243,12.8168
JBS,16.11,16.53,16.53,16.05,4844382.001963,16.2677
MYRG,437.86,435.93,438.23,427.67,205047.290939,433.8066
LFST,7.7,8.01,8.04,7.665,24976010.194289,7.8039
IBDX,25.275,25.27,25.29,25.25,119529.5077,25.266
FCOR,47.3594,47.37,47.41,47.31,14935.410134,47.3529
RDTE,29.27,29.17,29.295,29.06,122707.718835,29.1588
QTI,7.02,7.1,7.2,6.82,78581.006994,7.0441
ZVRA,11.13,11.14,11.595,10.78,2650226.285412,11.156
DIAL,18.2453,18.25,18.26,18.2401,16236.2261,18.2461
PH,878.83,891.99,892.5,875.07,753857.219014,881.1543
WTW,256.36,257.22,258.27,253.55,1066362.414413,256.5892
QQQ,711.23,699.92,711.23,699.5,44320421.872176,706.5667
CTNT,2.92,2.76,3.13,2.61,7594202.67568,2.9582
FAX,14.91,14.6,14.93,14.56,191045.482289,14.7499
MYFW,29.3,29.24,29.5,28.95,25110.296,29.3219
OCCI,3.44,3.39,3.53,3.335,288834.034554,3.4511
PSEC,2.47,2.68,2.685,2.44,19276437.274388,2.4846
ZCMD,1.58,2.05,2.115,1.52,32581.958,1.7224
FLQL,76.16,76.2,76.339,76.04,105388.492995,76.1648
IAI,177.49,177.28,177.49,176.07,31781.290102,176.8251
NBIG,19.3,20.84,21.61,19.16,750500.431547,20.0565
RIOT,24.08,24.41,24.47,23.14,17796285.472716,23.8296
SOUNW,2.9,3.0,3.0,2.51,78322.933,2.6506
JHEM,40.41,39.96,40.41,39.96,54909.9245,40.2374
ASM,6.9,7.08,7.225,6.725,4201693.946568,6.9208
VXX,28.06,27.74,28.15,27.56,9358579.823125,27.9387
KGRN,28.68,28.67,28.89,28.6643,3385.699251,28.7296
IYZ,41.44,41.24,41.505,41.045,907172.612154,41.3094
ROKU,129.53,128.01,130.72,124.76,2049862.699752,128.8967
CGW,64.4088,65.06,65.06,64.4088,21908.205616,64.6563
PFEB,42.58,42.53,42.6138,42.53,18721.80698,42.5553
NNOX,1.73,1.74,1.78,1.73,1228300.906568,1.7512
ERC,9.16,9.2,9.21,9.16,33401.421971,9.1862
GCMG,11.36,11.13,11.44,10.66,472123.36122,11.2866
VTC,76.93,76.85,76.97,76.85,41990.701958,76.9214
NNDM,1.58,1.7,1.77,1.58,5133115.926945,1.6329
GDS,44.25,44.78,45.38,43.535,1123568.404644,44.4677
EVLV,7.05,7.15,7.23,7.0209,3022901.192961,7.0936
HII,316.28,317.41,319.89,313.43,615391.163762,315.9474
QVOY,29.9386,29.41,29.97,29.41,7338.908,29.8292
TRT,12.33,11.85,12.55,11.51,593981.810543,12.0713
SMXT,0.593,0.609,0.609,0.5854,37249.562713,0.5959
VOOV,216.62,216.59,217.055,216.1094,73172.760673,216.6904
VGHY,75.0,74.81,75.0,74.76,112938.306137,74.8569
UTES,80.99,82.65,82.8999,80.95,150919.604751,81.7003
STIP,103.6,103.57,103.61,103.535,823015.282253,103.5702
SIF,19.86,18.75,20.39,18.05,342410.443209,19.2478
HDV,26.83,26.96,27.01,26.795,2127663.78807,26.8948
MGX,1.41,1.43,1.43,1.38,174411.683445,1.4083
EXOD,8.18,8.0,8.31,6.89,241961.026115,7.7068
PATK,95.17,95.51,96.0,94.28,395520.969148,95.2068
GSOL,6.93,6.59,6.9399,6.5799,2418547.944856,6.794
TDVI,31.49,31.34,31.509,31.11,163576.915325,31.4132
MMLG,36.1012,36.32,36.32,36.07,3388.0,36.2112
MUD,18.26,20.6,20.6,18.26,10558558.953647,19.0831
PTN,19.47,18.24,19.54,18.24,2483.279199,19.3176
GRPM,125.89,126.34,126.4299,125.76,10458.700017,126.1037
BIDD,31.39,31.3,31.4393,31.3,25624.13909,31.3678
UJUN,38.54,38.5,38.56,38.5,2862.0,38.5296
FLXS,55.84,55.33,56.19,53.9801,34525.4527,55.4758
EDEN,112.1461,110.61,112.1461,110.61,9128.576096,111.5926
INDA,49.84,49.78,49.875,49.665,4003175.207777,49.7972
SUPP,81.4208,82.91,82.91,81.4208,1755.7575,82.3257
AUSF,48.5,48.67,48.67,48.23,152656.3469,48.4855
GLXU,12.69,12.52,12.69,10.99,496606.2064,11.4709
KBWD,13.1978,13.26,13.26,13.11,329206.285168,13.1884
SGDM,77.89,75.75,77.98,75.75,56075.741678,77.1294
IGRO,88.08,88.42,88.42,87.7611,62254.803952,87.9727
AXIA,11.99,11.99,12.1,11.92,1903641.153311,12.0093
IPAY,46.6,46.91,46.91,46.320791,12898.111627,46.6982
MVV,85.291,85.65,85.65,84.84,15483.630167,85.1956
ZSQR,12.465,13.22,13.25,12.37,193586.997,12.8206
WNEB,13.97,14.05,14.06,13.92,27703.346,13.9954
CMP,27.93,28.48,30.04,27.4168,721924.429131,28.437
FTF,5.89,5.89,5.92,5.89,73600.2636,5.8971
WST,325.92,323.5,328.44,316.1,1033396.942121,325.4991
STAA,26.69,27.48,27.48,26.38,445980.874478,26.7555
VNQ,96.62,96.67,97.19,96.58,2186489.347121,96.868
MDLN,39.52,41.81,42.22,39.1,11853299.960461,39.725
FIVN,22.1,21.78,22.22,20.82,2942373.573585,21.6871
TMDX,67.84,72.54,72.7302,67.69,2703718.203984,68.6331
VBIO,0.96,1.03,1.0397,0.9223,127548.02972,0.977
EWG,42.65,42.77,42.79,42.375,1195342.760077,42.5935
UBER,75.45,77.05,77.05,74.4016,16230644.37971,75.462
FSMB,20.015,20.01,20.03,20.0001,120315.7296,20.0113
KORU,942.18,853.91,944.85,853.91,519212.635062,898.4048
IBDW,20.91,20.91,20.929,20.9,304216.7003,20.9143
LFWD,6.3,6.66,6.66,6.3,18499.804175,6.4543
ARMW,47.04,48.6,48.97,46.495,41590.762887,47.5347
GGN,5.36,5.33,5.3789,5.325,372161.496851,5.358
VFMF,169.36,168.9,169.86,168.57,10738.60536,169.296
EMBD,23.835,23.94,23.94,23.81,77123.472669,23.8433
XYZG,16.666,16.88,17.4,15.67,55759.075416,16.6441
PZA,23.33,23.36,23.38,23.315,692243.848699,23.3361
NLR,140.88,144.88,144.88,140.42,503457.045431,141.6427
STRW,12.82,13.17,13.31,12.72,24875.962904,13.157
UMC,15.42,14.52,15.45,14.43,14785162.861689,15.2274
PXF,76.31,75.94,76.31,75.88,81171.837118,76.0955
PAYO,5.16,5.11,5.255,5.01,8387927.070738,5.1365
BRZU,114.72,116.36,116.725,114.55,17682.585895,115.7595
XONE,49.39,49.38,49.39,49.38,65753.27091,49.3648
VRTX,429.82,422.37,431.94,421.11,953348.814953,428.75
SHYD,22.74,22.74,22.75,22.68,69990.14677,22.7345
UPW,23.28,23.83,23.83,23.28,6347.724086,23.475
SRRK,48.39,46.4,48.46,45.9,1049134.30434,47.7203
AMA,24.0084,23.05,24.2558,22.43,169459.841379,23.669
MO,68.12,69.16,69.685,68.07,7334973.351753,68.6649
NNVC,1.55,1.44,1.55,1.4,426146.639807,1.4964
HTHT,47.08,48.09,48.5,47.05,1890920.116596,47.3776
ZAP,33.59,33.98,34.1,33.45,109350.767641,33.6503
FLWS,4.82,4.58,5.085,4.37,1665079.35126,4.7851
QCLS,3.77,3.81,3.81,3.67,260062.777917,3.7341
DEM,54.56,54.33,54.56,54.295,195756.762821,54.4925
GDLC,36.0,35.65,36.0694,35.61,30665.119004,35.8678
POET,10.95,9.81,11.83,9.81,72053317.728635,10.9269
TRST,49.06,48.35,49.21,48.35,55750.495518,48.9959
DUK,124.17,125.04,125.69,123.425,2586104.982974,124.3063
AMJB,35.46,35.73,35.73,35.2163,111416.97636,35.4901
MLPI,55.56,55.81,55.9145,55.32,256403.178963,55.6252
PAVS,1.24,1.25,1.29,1.23,37797.694123,1.2608
RAIN,1.27,1.46,1.52,1.27,47284.371,1.3418
NRIM,24.64,24.62,24.66,24.39,60692.3124,24.5726
SCO,6.91,7.1,7.12,6.8,50703032.995462,6.9069
MAKO,8.12,7.85,8.18,7.84,139624.754739,8.0754
TMP,85.77,85.01,86.22,83.97,58997.18899,85.6179
B,43.13,42.37,43.48,42.31,14655912.497574,43.0746
BRBS,3.44,3.49,3.495,3.44,139926.683499,3.4609
USD,95.3,90.33,95.65,89.91,985505.550781,93.5001
CELZ,2.31,2.3,2.38,2.1,68209.0,2.2647
MPWR,1600.84,1608.64,1617.05,1581.94,686738.459667,1598.3838
AMRX,13.2,13.62,13.81,13.122,1519984.338359,13.2844
OACP,22.805,22.82,22.82,22.8,34063.523415,22.8084
UFG,0.785,0.835,0.877,0.785,170159.956181,0.8132
RXT,5.49,3.855,6.0,3.75,154114063.396821,5.0375
ICLO,25.595,25.605,25.605,25.58,80896.667212,25.5935
MVIS,0.6685,0.6303,0.6846,0.6006,5313288.156541,0.6514
TSLY,31.34,30.63,31.52,30.63,975245.596125,31.2152
NBSM,26.8007,27.01,27.01,26.78,25241.6209,26.888
STBF,25.455,25.49,25.49,25.44,13223.0,25.4706
NTR,68.33,68.43,69.365,68.14,3317121.089185,68.7566
GOOY,15.58,15.5,15.605,15.4135,460488.420613,15.5157
BJUL,53.34,53.3,53.41,53.27,5912.0,53.3269
RODM,41.16,41.19,41.2,40.9601,35221.458744,41.0929
CGMU,27.39,27.41,27.4199,27.375,1324909.590321,27.3886
PFIX,47.25,47.11,47.4,47.1,91684.976473,47.2521
PKB,105.944,107.5,107.5,105.8201,10035.247582,106.4078
TTD,23.08,20.975,23.105,20.7251,41292178.069653,22.0475
IMSR,7.38,7.51,7.53,7.025,2597845.016013,7.244
UEIC,4.3,4.35,4.4899,4.24,37254.784185,4.2827
SFD,25.95,26.26,26.26,25.705,1167931.691088,25.9745
PRTH,5.62,5.5,5.679,5.43,182132.209817,5.5787
DRIP,4.84,4.79,4.91,4.71,22398309.721981,4.782
NASA,32.09,30.45,32.12,30.25,1800307.039159,31.3419
FBT,209.54,211.39,211.39,208.555,809672.322221,209.5182
IWY,289.78,288.39,290.05,288.205,215897.642813,289.6268
AOTG,60.6387,58.83,60.6387,58.83,7408.867852,59.9659
JAVA,76.28,76.4,76.5,76.17,314788.885057,76.3293
GIGB,45.92,45.9,45.96,45.9,49824.277308,45.9254
FDMT,10.14,9.08,10.155,9.06,832112.247106,9.9056
IREN,61.2,63.845,65.61,57.91,110542100.088835,61.425
PL,39.04,36.4,39.85,35.8,12929904.886565,38.1712
WIMI,1.6,1.67,1.69,1.57,219597.143704,1.6141
DGS,65.75,65.57,65.93,65.57,37971.201881,65.7357
COMB,26.88,26.85,26.97,26.84,20402.166258,26.9116
NTSD,44.815,44.54,44.82,44.54,17828.210483,44.7976
SRZN,28.96,30.95,30.95,28.55,69192.2856,30.0195
NNBR,2.8,2.78,2.91,2.7,2033090.525956,2.8112
PNBK,1.1,1.19,1.23,1.1,388499.23517,1.1422
SNYR,0.3905,0.423,0.4484,0.3852,3051761.142575,0.4164
ACES,37.04,36.39,37.16,36.39,51775.10094,36.7718
RDAC,7.98,8.3,8.95,7.1,227111.174895,8.4054
WDCX,82.29,80.79,83.3449,78.7,437777.013477,80.8942
AIVC,101.651,99.7,101.651,99.36,8284.484929,100.715
DYAI,0.7665,0.731,0.79,0.7,348063.0,0.7612
GMTL,14.04,14.84,14.84,13.85,248246.285056,14.1458
SRCE,73.795,73.53,74.09,73.255,73143.073724,73.7405
NBIL,27.38,29.9,31.0,27.2701,1039539.723177,28.6361
BBCA,99.62,99.39,99.665,99.1,169635.167067,99.4795
CIEN,548.11,549.0,564.83,538.77,1501585.405304,550.4113
PLTW,22.22,21.975,22.2696,21.32,248358.273521,21.8322
XSHQ,45.9143,46.0,46.0938,45.81,27128.3901,45.9758
LLYVK,95.75,99.15,99.15,95.435,226597.270294,96.3922
NEXT,7.56,7.64,7.64,7.365,2390113.403751,7.5116
HYFM,1.03,1.08,1.13,1.0036,25282.915881,1.0544
JPUS,135.6824,136.37,136.37,135.6824,3765.21563,135.9558
SANA,3.51,3.45,3.58,3.44,1635183.382629,3.5076
RTX,176.09,176.22,177.09,174.6,6277446.839043,176.0212
PSI,151.78,147.11,151.78,147.11,398642.700193,150.1004
HCRB,35.155,35.15,35.17,35.1304,20499.25,35.1617
TTAN,63.04,64.0,64.0,61.38,753994.210927,62.8669
XRPT,43.72,41.71,44.14,41.62,132006.172802,42.812
SMST,24.02,26.62,26.99,23.99,1153948.113556,25.2007
FOXY,29.11,29.06,29.13,29.035,50596.562389,29.0719
SCNX,0.4,0.412,0.4249,0.4,435534.579709,0.4108
IVV,740.97,738.39,741.5,738.02,3490135.796822,740.4483
NVDQ,11.06,11.3,11.315,10.79,3385205.254418,11.0099
SNDL,1.435,1.43,1.455,1.3801,2493891.502468,1.4223
EWM,30.31,30.23,30.31,30.18,176558.716709,30.2731
SSK,12.57,11.98,12.57,11.95,85650.490001,12.2082
GREK,71.8183,72.32,72.32,71.542,39051.685456,71.9523
JMEE,73.9,73.92,73.9942,73.3701,79647.36427,73.826
FDIF,38.0688,38.04,38.0688,37.88,3723.8357,37.9832
ATFV,38.06,38.45,38.45,38.0,27862.34162,38.0572
UUP,27.34,27.32,27.351,27.31,1070318.631972,27.3346
CRESY,11.15,11.37,11.4699,11.08,241648.410474,11.1673
FDEV,36.71,36.71,36.9499,36.65,24207.0913,36.7466
IJH,73.99,74.24,74.24,73.72,7454559.785049,73.9668
CGNG,36.45,36.32,36.47,36.255,1049212.3133,36.3975
ETH,21.99,21.57,22.03,21.5393,1688173.89737,21.8226
TBXU,29.1666,28.5,29.1666,28.5,194.102,28.8583
MAKX,64.8525,64.04,64.97,64.04,3534.9245,64.5493
FLUD,24.96,24.98,24.98,24.951,25921.2088,24.9638
BCTX,4.19,4.18,4.2,4.05,79087.3865,4.1468
MSTW,9.33,8.81,9.34,8.74,682798.0519,9.0643
NICE,92.73,94.8,95.0,90.7,876990.259072,92.1262
ICAP,28.36,28.72,28.72,28.2133,25726.0194,28.445
VREX,9.83,11.36,11.39,9.0901,1720599.209361,9.9651
RJDI,28.5881,28.78,28.8196,28.5881,28140.174,28.6872
IGHG,78.215,78.07,78.32,78.07,4881.649701,78.1924
FELG,43.81,43.6,43.88,43.6,424594.34283,43.8037
ASML,1592.02,1538.53,1595.31,1531.16,2288336.02724,1569.9493
DFAS,77.91,78.07,78.0999,77.48,394607.637339,77.8685
DIVO,45.36,45.54,45.5707,45.315,850324.70292,45.434
TMO,465.0,473.49,473.49,456.36,3905812.397919,463.5022
AVIV,79.02,79.02,79.039,78.65,51193.591888,78.8936
QTOP,37.74,37.03,37.745,37.03,234585.361403,37.5115
NRDS,9.135,9.79,9.8,9.12,1191993.472862,9.2901
ECPG,83.88,82.81,84.21,79.0,455223.616008,82.2956
ARVN,10.11,10.12,10.3,9.965,595321.010061,10.1097
BYLD,22.66,22.64,22.67,22.63,79587.085907,22.6487
DORM,124.13,125.0,126.245,123.925,182545.016637,124.6701
ACVU,29.97,29.91,29.98,29.86,4655.9035,29.9225
IMRX,5.22,5.22,5.26,5.11,497108.794503,5.1855
RPGL,0.8348,2.38,2.67,0.827,19052973.038327,1.6319
USAR,26.96,27.25,27.61,25.8,16498702.160419,26.7656
VSDB,76.3051,76.25,76.32,76.25,16092.5403,76.2908
LOUP,87.01,87.9,87.95,86.32,38225.48171,86.8042
JPO,13.7,14.06,14.06,13.61,40767.979057,13.7773
SHFS,0.4594,0.4599,0.4791,0.4212,279170.0,0.4474
URTY,75.92,75.81,76.54,74.68,841940.356564,75.4608
ORLA,15.04,14.58,15.175,14.45,2986765.328586,14.9033
EWT,96.11,94.805,96.195,94.73,4306373.615547,95.8699
RSPC,38.2019,38.25,38.25,38.05,4006.704083,38.1162
VRME,0.7726,0.77,0.7762,0.77,25628.0,0.7736
OIMAU,10.14,10.14,10.14,10.14,154.0,10.14
SFY,145.8793,144.94,145.8803,144.94,13045.460913,145.4826
ELMT,15.71,15.5,16.58,15.055,546191.355841,15.921
GEVO,1.83,1.855,1.86,1.73,6127423.332541,1.7954
WTID,5.41,5.35,5.46,5.22,124637.872217,5.3457
EWI,59.13,59.08,59.19,58.795,168411.474375,59.0259
SCHH,23.53,23.5,23.66,23.5,3474238.74942,23.5965
KC,15.88,16.02,16.5178,15.7601,1146525.28019,16.0575
HYGW,29.02,28.99,29.06,28.9801,17563.025646,29.0286
XPL,0.8398,0.8422,0.8629,0.8352,69485.359,0.8427
PMAY,40.97,40.93,40.98,40.83,908591.389,40.9577
AG,21.86,22.01,22.2799,21.05,12920552.647039,21.6523
PCLO,24.96,24.95,24.96,24.95,145.08,24.9503
ONDL,13.91,13.71,13.91,12.6015,952515.251121,13.4124
GEND,12.5217,12.66,12.66,12.51,5848.2209,12.5732
MSOS,5.05,5.25,5.28,4.98,6794565.58308,5.0424
FPX,187.1581,186.12,187.1581,184.9,31266.144989,186.2635
DCRE,51.83,51.79,51.85,51.79,25853.763,51.8256
PZG,1.44,1.49,1.51,1.44,330693.657136,1.462
STFS,10.01,8.1,19.65,8.0,1637085.711013,11.1255
NVA,6.6,6.62,6.76,6.38,540270.843132,6.5479
VTEC,99.75,99.87,99.87,99.72,274090.359088,99.7807
PRAA,19.18,20.57,20.76,16.69,1314421.217531,18.42
EMAT,9.5,9.17,9.67,8.6553,92209.1537,9.4412
CNR,84.91,88.56,88.75,84.86,737383.466833,86.2443
WEYS,33.98,34.05,34.5,33.1501,11055.1494,34.0346
AAPL,293.32,290.01,294.76,290.0,52692761.275784,293.1208
ONEG,1.4,1.05,1.6,0.88,3740783.572511,1.2122
PAYP,19.61,20.445,20.445,19.37,1295841.896325,19.7919
UMBF,131.36,131.48,132.28,130.62,521811.519474,131.3637
IBTK,19.635,19.64,19.65,19.63,228426.481778,19.6335
GH,95.7,96.57,98.5,89.0708,3186826.001826,93.6568
PSK,31.49,31.45,31.495,31.39,121626.390268,31.4513
XTL,222.88,222.64,223.645,220.435,88930.458899,221.9077
GTE,9.15,9.39,9.45,8.97,472487.768291,9.2235
SMYY,8.8255,8.8,8.83,8.75,34030.869387,8.8073
FLCC,34.6203,34.65,34.658,34.51,6441.4357,34.6211
IHE,87.43,88.89,88.89,87.18,122461.623319,87.3953
SCHK,35.47,35.36,35.485,35.3204,322463.794055,35.4418
BBJP,74.88,74.78,75.09,74.58,781102.913753,74.8299
TSYX,23.7781,23.86,23.86,23.6,18284.128212,23.7012
XRMI,17.315,17.21,17.36,17.21,50677.508112,17.3534
SQFTP,6.6,6.41,6.64,6.41,6891.0,6.5184
PRTA,10.73,11.0,11.8,10.62,798769.735322,10.9221
WHWK,3.97,3.89,4.0,3.89,53999.518,3.9666
IPGP,104.49,105.0,106.2744,102.92,441260.735358,104.402
XE,30.18,30.35,31.588,29.3429,3684237.877998,30.3476
AVGV,84.0338,84.2,84.2,83.7723,20230.085993,83.9565
MRM,1.12,1.16,1.16,1.07,41832.0,1.1299
ICU,4.49,4.93,4.93,4.35,86391.7274,4.5819
PYPL,45.37,45.62,46.37,45.33,14073749.115636,45.6604
IBHI,23.42,23.42,23.4399,23.3901,65524.31438,23.4152
AEHL,1.2,0.9897,2.84,0.5555,322293055.327166,1.0965
PHXEp,23.91,24.05,24.295,23.91,15745.0566,24.0766
UAVS,1.17,1.17,1.19,1.1201,2414405.444761,1.1572
AXTX,55.2,55.01,67.08,47.88,4243365.15418,55.6507
IVF,1.72,1.82,1.82,1.7,30943.41975,1.7609
TENB,21.83,21.29,21.865,20.705,3751079.433393,21.6228
MGRX,0.411,0.3479,0.4658,0.3,4435826.056726,0.4199
DXYZ,54.6,46.76,55.0,46.155,6841959.675466,51.2923
VB,288.17,288.73,289.1706,286.6,347706.137924,287.8914
SRVR,34.97,35.3,35.3,34.935,106335.017905,35.0871
NVIR,38.4218,38.57,38.7,38.4218,574.0,38.6392
OMDA,14.82,16.48,16.66,14.485,3233551.347272,15.1253
CRCT,4.3,4.35,4.35,4.2011,734847.834775,4.2869
CRNC,9.87,9.84,10.14,9.18,1772382.719575,9.7139
HALO,64.12,65.44,65.775,64.0,1706544.893021,64.3541
NUWE,1.09,1.08,1.1065,1.07,27862.925235,1.0776
HST,22.27,21.88,22.285,21.835,6436092.06306,22.1414
RWM,14.2,14.21,14.285,14.165,13903434.139866,14.2329
SDCI,28.22,28.17,28.2999,28.1101,114892.325901,28.2241
IVVD,1.5,1.43,1.53,1.43,1467748.648438,1.4958
EQAL,57.735,57.95,57.95,57.579,25169.533978,57.7486
FENC,6.93,6.94,7.25,6.895,211118.618798,7.0347
NFLW,21.8871,21.955,22.01,21.85,7177.0607,21.9321
STCE,73.62,73.85,74.14,71.56,110396.353133,72.7106
AOHY,11.08,11.14,11.14,11.05,19909.9593,11.0764
HYBL,28.115,28.13,28.3,28.09,296658.869967,28.1394
RHRX,21.5774,21.58,21.7,21.48,10404.1765,21.5987
LONZ,49.56,49.58,49.66,49.51,290092.8185,49.5681
JHPI,22.955,23.05,23.05,22.95,32930.8876,22.9771
GRAB,3.72,3.77,3.78,3.6601,52453141.529789,3.7092
CPIX,4.68,4.3,4.81,4.3,222149.4004,4.6405
INTT,17.25,16.7,17.65,16.52,207248.606677,17.0819
HAKY,25.4085,25.14,25.4085,24.45,15288.8001,24.74
JMHI,50.089,50.22,50.22,50.0201,11858.262944,50.1179
MCHP,99.09,105.05,105.91,96.82,18857337.684503,99.1485
AMPX,16.7,16.92,17.15,16.0,12487654.588334,16.5477
OPRA,18.74,18.76,18.8699,18.44,326539.371421,18.6664
AOK,41.34,41.2,41.36,41.2,144303.471022,41.3046
ADSK,244.5,247.65,247.65,241.93,1747871.189194,244.636
VINP,10.9,10.92,11.01,10.655,37091.174811,10.8968
JMSI,50.1532,50.23,50.23,50.13,24149.8139,50.1697
KCE,153.6078,152.17,153.6078,150.908,13255.429052,152.6636
XLE,55.7,55.85,56.225,55.46,30573489.490906,55.8395
TSLL,15.62,14.8,15.82,14.79,119990072.9949,15.4034
ETN,401.51,400.56,406.85,399.0,2386947.019665,402.0229
CTKB,4.61,4.49,4.8289,4.2201,1361763.581162,4.4342
TLTE,78.6023,78.01,78.6023,78.01,1040.213613,78.2154
PHYS,35.8,35.82,35.99,35.625,2875157.927414,35.7761
OPXS,10.2,10.76,10.8,10.08,24678.430937,10.3984
FORR,6.87,6.58,6.87,6.465,41098.924308,6.7104
AIYY,9.9757,9.88,9.99,9.63,81315.378893,9.8249
CLSX,21.75,21.4,22.5,19.9,180975.929538,21.2252
HTAB,19.16,19.18,19.18,19.13,3732.1966,19.1591
XWEL,1.47,1.42,1.58,1.34,613128.120914,1.4992
JRVR,4.15,4.31,4.31,4.03,723310.897749,4.1475
IJK,112.72,113.08,113.08,112.2101,152772.572805,112.5345
BKLN,20.65,20.65,20.66,20.63,7097888.623934,20.6431
SBMT,10.48,10.42,10.74,10.0,225794.57906,10.4383
CET,53.16,53.57,53.57,53.06,38287.462374,53.3215
SCEP,24.85,24.92,24.94,24.85,44585.372,24.9151
EWA,29.54,29.62,29.66,29.485,1946620.664061,29.5577
DIV,19.32,19.32,19.435,19.257,218639.214656,19.3532
XSMO,87.2,87.26,87.51,86.75,232304.264706,87.2443
SCHL,40.1,39.99,40.54,39.68,222952.375586,40.155
SCHF,27.36,27.24,27.36,27.185,7267126.504236,27.279
DRN,10.88,10.91,11.09,10.85,920967.327351,10.9809
FLSW,42.8505,42.86,42.93,42.62,6920.52116,42.843
ILOW,45.0,45.09,45.14,44.875,27639.7893,44.9859
JPLD,52.18,52.21,52.21,52.17,343940.096386,52.1877
XHLF,50.22,50.22,50.23,50.22,141725.154378,50.2259
ALM,19.68,20.32,20.37,18.882,4940441.776872,19.5688
NAT,5.92,5.9,6.02,5.855,2247435.843326,5.9466
XRPR,11.58,11.3,11.65,11.3,9292.883742,11.4972
GSHD,40.86,42.665,42.665,40.35,261789.75884,40.9539
ZION,62.5,62.98,63.145,62.07,1316685.044602,62.4726
QAI,36.13,36.03,36.17,36.03,23597.119811,36.136
MVFD,30.1658,30.14,30.28,30.14,8959.649769,30.2519
GXPC,33.21,33.01,33.38,32.98,178732.8691,33.1398
DSGX,72.3,72.96,73.08,70.385,314540.466005,71.7073
TSPA,46.71,46.52,46.7565,46.48,146978.08233,46.6736
SCHD,31.62,31.69,31.79,31.525,20946816.044247,31.6767
OPPE,56.726,56.67,56.78,56.505,9733.093964,56.6842
IGEB,45.142,45.14,45.175,45.12,71513.06753,45.1439
PR,19.72,20.09,20.155,19.655,14459909.173214,19.8548
FBIZ,56.59,56.53,56.86,56.23,21005.884641,56.5581
LMRI,10.42,10.24,10.49,10.15,369855.62543,10.3691
MRNY,17.51,16.24,18.59,16.1975,444296.664196,17.7126
MGC,271.06,269.7,271.13,269.585,83179.527316,270.7587
UBT,16.27,16.26,16.3376,16.2272,45035.8601,16.277
TOPP,0.9899,1.01,1.01,0.9454,32103.0,0.9595
AIBU,63.07,61.34,63.135,60.96,33529.44721,62.2468
PFFR,17.92,17.95,17.95,17.87,30985.325821,17.922
TOUS,37.145,37.16,37.19,37.01,157739.34035,37.1263
XLI,173.2,175.15,175.32,173.09,5883790.987203,173.7981
SPDN,8.82,8.85,8.85,8.8,23285060.486695,8.8195
TDTF,24.26,24.27,24.27,24.25,67467.105827,24.2588
PLMR,113.36,113.39,116.81,111.33,323838.875802,114.2111
SLB,53.27,53.18,53.89,52.73,10534121.459534,53.428
SHM,47.8,47.81,47.83,47.79,185764.981421,47.8074
HFSI,35.335,35.34,35.36,35.32,119184.831639,35.3324
TSBK,41.01,40.84,41.36,40.65,17869.166529,40.9293
BOKF,132.47,133.63,136.14,132.0,291171.361774,132.7949
QQQM,292.82,288.18,292.82,288.03,3708897.723278,291.3391
AA,63.18,63.88,63.95,62.7,2794251.637769,63.1901
KMB,98.31,99.81,100.1,98.21,3181539.562085,98.649
AVGO,430.0,419.8,435.0,414.0,22561421.095111,426.9263
ORKA,64.59,64.19,65.45,63.68,942664.214684,64.536
CMT,26.0,24.68,26.845,24.44,36985.591301,25.7497
ALEC,2.1,2.12,2.33,2.0925,720453.474529,2.1662
SNOU,16.78,16.65,16.8,14.99,433649.16922,16.1193
VALE,16.63,16.46,16.66,16.425,15937407.433546,16.5574
FLHY,24.33,24.26,24.33,24.2597,580753.402161,24.3102
BSRR,37.98,37.66,38.195,37.435,60171.1683,37.9832
IWD,233.9,233.19,234.105,232.74,1868507.30331,233.6077
SSYS,8.52,8.32,8.625,8.23,1718501.865099,8.4912
KEMQ,25.64,25.52,25.64,25.49,25601.088,25.5901
TAK,16.46,16.66,16.66,16.46,4360958.981958,16.5284
RSPU,78.53,79.7,79.855,78.52,37618.467042,78.9624
QMCO,9.62,9.29,9.86,8.8506,504843.999141,9.4532
BETR,30.07,31.24,31.98,29.05,1136547.564639,30.1414
CARL,9.8,9.81,10.0,9.58,176160.2874,9.7959
FICO,1126.0,1122.0,1132.93,1100.0,315427.619549,1119.0087
TUSI,25.34,25.34,25.36,25.34,125359.8419,25.349
DFLV,37.98,37.9,38.0299,37.82,750599.33828,37.9566
SHPH,0.6892,0.7174,0.7174,0.6635,398630.399332,0.6953
BBHY,46.12,46.04,46.13,46.04,103516.65365,46.0952
COHX,47.2,44.21,48.25,41.6001,1206546.819419,45.2924
VERX,14.93,14.73,15.0,14.101,2258540.77653,14.8287
BRN,1.1,1.12,1.12,1.08,298565.01777,1.0965
WLDS,1.03,1.03,1.05,1.02,121316.4929,1.031
HYG,80.14,80.01,80.15,80.0,29715369.258951,80.077
BTCO,79.74,79.23,79.98,79.15,45839.87448,79.5583
FFSM,36.18,36.19,36.24,36.07,91351.4549,36.1641
WTV,100.23,100.34,100.385,99.65,113659.25121,100.1919
TRNR,0.845,0.91,0.919999,0.84,123667.586311,0.871
CV,7.12,7.11,7.29,7.077,51680.35,7.1736
SEDG,41.3,39.06,41.64,38.68,3830189.610267,40.5438
UDOW,60.7,61.58,61.6,60.28,2441593.641105,60.8989
FWD,134.46,133.37,134.59,133.16,126125.152483,133.9219
AWX,2.5499,2.53,2.5726,2.5101,17332.0,2.5297
KURA,9.42,9.35,9.51,9.33,889209.857761,9.3995
STLA,7.74,7.64,7.77,7.565,11751906.231482,7.6849
GII,76.02,76.63,76.63,76.0,147555.566495,76.3426
EYE,22.96,22.83,23.36,22.64,1064656.426549,23.0043
RSIT,20.6498,20.31,20.68,20.31,48055.329,20.5795
PCYO,11.62,11.72,11.74,11.49,42374.0095,11.5695
CHPY,74.9,73.33,75.1,73.15,598475.304397,74.2031
IMAY,31.53,31.53,31.53,31.4,49840.374,31.4608
FPE,18.15,18.15,18.16,18.125,877181.10584,18.1389
FWRD,9.87,9.5,11.86,9.5,9890184.95921,10.3738
SPFF,9.52,9.47,9.54,9.47,27525.359692,9.5184
AEON,0.9,0.9282,0.9588,0.89,61819.540786,0.9325
CZR,28.04,28.08,28.29,27.79,1601365.034172,28.0643
OTEX,24.72,23.18,24.815,23.065,5153513.341027,24.2855
SEIV,45.84,45.48,45.86,45.48,82329.4706,45.7019
SLI,3.93,4.0,4.03,3.8809,1251674.514275,3.9394
BVS,10.5,10.93,10.93,10.33,360565.140295,10.5326
HUMA,1.06,1.07,1.09,1.01,5588500.42963,1.0475
SPYM,86.82,86.52,86.87,86.47,8146264.649239,86.7158
PLSE,19.08,19.67,19.67,18.66,201712.739989,19.1454
IEO,113.71,113.8,114.78,112.8,58878.396152,114.0818
AQLT,31.0916,31.03,31.17,31.022,8095.861,31.1052
VEEE,5.95,6.41,6.59,5.81,81217.871719,6.1649
AOM,49.54,49.38,49.545,49.38,89305.614819,49.5104
LVHI,40.56,40.6,40.61,40.42,658531.546321,40.5321
RYLD,15.64,15.65,15.65,15.615,384644.139185,15.6343
AAOI,148.94,173.845,177.88,143.58,20778601.478535,156.4298
TURB,1.33,1.5,1.54,1.3,422701.850843,1.3992
CPHI,0.53,0.5699,0.5699,0.5164,6581.926,0.5455
IDHQ,40.86,40.41,40.86,40.41,52134.82341,40.6438
EMHY,40.54,40.53,40.56,40.52,61417.214209,40.539
IEZ,30.31,30.19,30.6,30.04,426769.324629,30.4501
AMZY,12.6,12.54,12.61,12.46,422674.418932,12.5692
JRSH,3.36,3.34,3.5899,3.335,67854.188,3.3735
RWJ,56.04,55.96,56.11,55.52,62490.913995,55.9565
SCHE,36.81,36.78,36.89,36.695,3420764.20427,36.7632
MEME,9.53,9.38,9.56,9.1801,120506.196,9.393
AVLN,27.33,26.66,29.0,26.64,290423.845646,27.7431
GVAL,35.655,35.795,35.8984,35.51,348221.741088,35.6569
FPXI,73.7437,73.53,74.0099,73.1501,4318.481311,73.5655
SMBC,69.22,69.5,70.05,69.09,60727.459,69.3259
INOD,84.89,72.92,91.88,72.8,19182368.75324,83.6296
FRMM,4.61,4.71,4.73,4.3775,370415.192685,4.5327
MLACR,0.205,0.26,0.28,0.205,68780.0,0.2647
IDMO,60.53,60.53,60.7288,60.2,844225.539252,60.3742
SLGB,0.55,0.6012,0.6357,0.55,78605.0,0.5982
BBNX,9.65,10.5,10.515,9.6,755534.994475,9.8176
GSST,50.475,50.49,50.49,50.47,375625.133488,50.4755
FWONK,94.45,93.8,96.02,93.5,2735690.9677,94.5471
ABNB,141.49,138.125,146.97,137.25,7842947.31405,143.1266
CENX,58.91,61.99,62.895,57.12,2515036.860446,59.1473
SRBK,18.39,18.45,18.6,18.34,46892.7746,18.4466
SPIP,26.12,26.11,26.125,26.1,240646.981402,26.1152
GLDG,1.2,1.21,1.235,1.18,1241316.763856,1.1984
KJAN,44.4635,44.4,44.5,44.3812,5586.0,44.4568
AMZN,272.68,271.63,274.0,269.95,34732681.429519,272.5757
BSCZ,20.615,20.61,20.64,20.6,42624.1073,20.6154
PHGE,0.627,0.6139,0.63,0.5929,141788.12159,0.6094
CSMD,33.59,34.1,34.1,33.4803,76735.789,33.6049
IFRA,61.29,61.96,61.99,61.21,231958.961183,61.5122
MAMB,24.38,24.31,24.41,24.31,4252.0,24.3917
CRWD,527.77,499.175,528.915,492.33,4041153.365599,517.5795
TALKW,0.0027,0.0017,0.0027,0.0017,9796.0,0.002291
CRWU,8.71,9.57,10.41,8.14,3565729.55004,8.9216
AER,150.0,149.99,152.52,149.34,1921708.539887,150.5314
FLNC,24.16,23.775,26.98,23.52,41472189.982252,24.644
JPIN,74.9782,74.86,75.0,74.74,6921.605739,74.8697
LCDL,0.9127,0.8377,0.91625,0.8081,388642.814459,0.8711
BIL,91.46,91.46,91.47,91.46,8043370.218819,91.466
TX,46.92,46.57,46.93,45.9942,90312.997069,46.6836
ACGR,68.8499,69.02,69.02,68.8499,258.7741,68.9477
TPOR,35.06,35.49,35.56,34.72,17953.91333,35.2199
MGNI,14.13,13.74,14.3199,13.7,4312973.797578,14.0957
DFIS,36.62,36.45,36.62,36.4056,461972.103174,36.5281
NFLU,25.6,25.97,25.9815,25.5,76946.546722,25.7897
STE,207.45,213.71,214.3,206.97,885215.391845,208.3573
EMGF,73.04,72.27,73.04,72.19,192259.37744,72.8056
BETH,44.7371,44.31,44.7371,44.31,2848.775038,44.6206
TLTX,23.22,23.29,23.29,23.19,17512.1014,23.2439
MRAL,67.3681,64.38,71.44,59.875,110752.921363,66.132
ORKT,1.04,1.07,1.07,1.01,110301.5,1.049
REZ,91.17,91.1,91.8,91.1,24793.851212,91.418
TOTL,39.62,39.62,39.64,39.6,518751.179963,39.6083
DYNF,65.77,65.59,65.855,65.518,1953932.910979,65.7512
TSSI,12.02,11.88,12.08,10.31,5796170.624813,11.0772
VGIT,59.24,59.28,59.3099,59.23,2603344.109626,59.2629
JEPI,55.96,56.35,56.38,55.95,7172267.484893,56.1016
ARTNA,32.04,31.95,32.04,31.71,18054.596385,31.9467
DVDN,17.4574,17.58,17.58,17.38,4111.6816,17.5218
SNOY,7.31,7.35,7.38,7.06,64659.024292,7.2395
SPMD,64.88,65.09,65.09,64.62,1409885.859078,64.8438
DPST,116.91,117.98,118.92,115.72,243625.975371,117.179
IMO,126.98,125.69,127.93,124.31,591683.526392,127.0507
EDGQ,28.0352,27.78,29.395,27.67,14416.905361,28.0829
PSNY,21.48,19.88,21.52,19.82,174434.703724,21.1495
CEPI,33.9958,34.09,34.09,33.8431,18586.444577,34.0047
MINT,100.49,100.5,100.5,100.48,1154627.576245,100.4931
IEMG,83.01,82.32,83.02,82.29,10649925.001613,82.8248
FXE,108.71,108.65,108.75,108.56,53337.458745,108.6415
CLMB,20.12,20.26,20.53,19.81,166607.744005,20.0931
SBIT,39.69,40.28,40.3794,39.4274,759053.069322,39.874
LFMDP,23.62,23.74,23.74,23.62,2259.0,23.6441
SKYW,88.23,87.67,89.13,87.4,242597.617656,88.0399
OAIM,47.42,47.22,47.45,47.115,24737.336973,47.2669
NXTS,5.11,5.35,5.48,4.58,38577.772653,4.9782
UNFI,52.32,50.48,52.49,50.48,528963.666755,51.8685
VUSB,49.7,49.71,49.72,49.7,1519699.330113,49.7071
MLAB,104.65,105.15,105.92,98.09,171624.761311,102.555
MCHI,58.32,58.695,58.89,58.19,3610347.227125,58.4885
URG,1.74,1.77,1.81,1.74,5439739.526102,1.7634
NNE,27.45,27.495,27.79,26.0,2279145.376627,26.8597
ARLO,15.25,16.12,16.89,14.83,4022418.508073,15.6178
CGUS,43.14,43.18,43.26,43.055,790270.93299,43.1563
PSDM,51.21,51.18,51.215,51.16,19366.4677,51.2086
XUSP,51.93,51.4,51.98,51.4,2181.0,51.9005
RDZN,1.8,1.89,1.89,1.78,1015172.523502,1.8137
STRO,40.24,39.91,41.88,39.805,237195.21244,40.9018
CPRT,33.94,33.7,34.12,33.39,7146486.046984,33.9055
SCHG,34.12,33.97,34.14,33.92,9804395.960642,34.0749
EPS,76.81,76.66,76.82,76.5481,39911.465175,76.7451
SOXX,520.3,504.24,520.46,502.75,7754540.50342,513.7806
VCYT,40.42,40.76,41.03,38.71,1159335.046927,40.198
KHPI,25.99,25.95,25.99,25.87,126560.251701,25.9307
SSNC,68.76,70.0,70.245,68.25,2280801.051368,68.8571
GHYB,44.88,44.8,44.89,44.8,61146.954579,44.8433
RPC,8.75,8.46,8.78,8.4314,332465.061376,8.6914
ATRO,75.08,79.1,79.28,74.99,545206.151651,76.2642
CTMX,3.98,4.04,4.23,3.855,5057557.149669,3.963
TQQY,13.7086,13.69,13.72,13.63,26098.504055,13.6905
PECO,39.72,39.98,40.14,39.68,694552.085526,39.8089
QQQJ,41.68,41.81,41.81,41.3301,102605.974821,41.5209
PTGX,99.36,98.51,100.15,97.0,505003.615486,99.0311
COZX,19.2,19.14,19.815,18.135,163602.817,19.0929
TFLR,50.96,50.93,51.0,50.92,57975.9227,50.9642
PMEC,0.72,0.6946,0.7359,0.683101,29727.0,0.7145
VFVA,144.6179,144.55,144.663,143.24,3418.345752,144.2922
REW,7.095,7.47,7.47,7.09,45454.864748,7.1532
BMNZ,14.4,14.63,15.36,14.16,1342759.740536,14.7685
PCSA,2.73,2.94,2.94,2.7,13094.478956,2.7652
DIOD,111.41,108.325,113.8937,104.33,1041040.44575,110.9747
PLTD,7.81,7.91,8.0799,7.8,48306271.721825,7.9246
UXIN,2.74,2.84,2.88,2.632,156489.073187,2.7458
EUFN,38.05,38.19,38.19,37.82,359554.123055,37.9506
HVAC,40.79,41.38,41.38,40.62,7661.800542,40.9054
PALL,134.71,134.35,135.86,133.3901,143732.511213,134.9297
DFIC,38.01,37.93,38.03,37.835,962573.795147,37.9554
GHYG,45.72,45.54,45.72,45.5171,7958.080418,45.5839
QTUM,144.91,143.07,144.99,142.32,574612.568352,143.9544
JCPI,48.66,48.55,48.67,48.54,42555.442636,48.6232
EVI,20.05,20.08,20.63,20.05,7724.309,20.2455
GDXU,203.99,196.08,210.1,194.0,1294859.54547,199.787
SRS,40.4543,40.13,40.4591,40.13,5280.6563,40.1921
TXG,21.6,21.07,21.99,19.82,4831625.689435,20.8758
PHAR,12.98,12.73,13.0872,12.67,19569.093514,12.8708
IWR,105.2,105.39,105.55,104.775,1307576.961267,105.1381
GPIX,54.91,54.8,54.91,54.69,880572.424288,54.842
RITA,20.8466,20.09,20.92,20.09,1573.270424,20.717
ITEQ,63.4734,63.26,63.4734,62.6248,4671.556404,62.9893
VIOV,111.48,111.38,111.6499,110.825,26070.030382,111.3431
OCGN,1.51,1.5,1.52,1.445,10152531.649779,1.4885
AGGH,20.4,20.37,20.4412,20.37,301068.994809,20.3991
USCI,98.98,98.63,99.2307,98.63,29821.303336,98.9399
NUEM,42.47,42.42,42.61,42.29,40051.1171,42.3688
VSTM,4.89,5.45,5.538,4.75,7555491.901262,4.9421
IBRX,8.51,7.88,8.56,7.58,16203766.601479,8.2079
KCOP,24.72,24.34,24.72,24.34,20959.277504,24.577
DFNM,48.26,48.32,48.325,48.25,163781.365,48.2777
RENX,2.03,2.16,2.16,1.95,117275.984079,2.0561
SPTI,28.52,28.54,28.55,28.51,2943192.890949,28.5192
WMT,130.43,130.315,131.41,130.25,15183657.619038,130.6323
TSLG,7.69,7.29,7.795,7.29,63288633.705914,7.6501
KURE,17.26,17.57,17.57,17.2501,8679.742136,17.4828
OUNZ,45.43,45.45,45.66,45.2201,346256.413956,45.4094
THM,2.54,2.57,2.64,2.5,721490.540444,2.5386
DIVI,42.94,42.85,42.97,42.67,135838.705962,42.8188
RAVE,2.8,2.85,2.9731,2.8,37108.642,2.9039
TUGN,27.57,27.15,27.57,27.1407,14011.836927,27.3555
GOOP,47.2197,46.76,47.22,46.76,9111.847269,47.0895
AVEM,95.66,94.88,95.67,94.83,1414101.841762,95.3942
RDVI,27.36,27.49,27.5199,27.3038,567173.1531,27.3595
ZENA,2.05,2.12,2.13,2.02,1764725.920221,2.067
BAI,46.98,45.98,46.98,45.8568,2159783.108339,46.5957
TPHD,41.1987,41.63,41.63,41.1987,11476.032239,41.3945
IBEX,32.33,32.63,33.0,31.22,202633.28345,32.3562
VBIL,75.53,75.52,75.53,75.51,2398204.194766,75.5235
INSW,91.62,91.03,92.66,89.235,717379.257815,91.4877
ARMK,45.08,45.32,45.705,44.99,1976088.547653,45.2668
UMAR,41.8079,41.76,41.89,41.75,24117.0,41.7685
BCBP,10.11,10.1,10.15,10.02,83554.390178,10.106
AOR,68.84,68.84,68.895,68.73,340936.270671,68.8241
SBS,6.35,6.43,6.475,6.34,3224334.87502,6.3892
LEGH,23.28,21.35,23.65,21.35,200223.898571,22.9573
GCOR,41.2495,41.22,41.3,41.22,52385.545049,41.245
THH,0.3231,0.32,0.3447,0.319,95960.065411,0.3293
GRNB,24.119,24.16,24.16,24.1,17813.626618,24.112
SHEN,16.16,16.2,16.76,16.04,264911.076577,16.2951
SEAT,9.01,8.87,9.5,8.49,149396.248522,9.1333
WDTE,30.945,30.95,31.0,30.79,20277.877729,30.9595
PAHC,40.0,42.56,42.98,38.96,976148.680081,40.3121
CWVX,37.91,41.79,45.17,35.2944,3175247.552497,38.5178
PLAY,10.31,10.47,10.82,10.185,1506489.799535,10.4415
DFSU,45.76,45.72,45.8099,45.67,71264.297776,45.7378
GCL,0.46,0.4755,0.4755,0.4505,53518.631006,0.4625
REAL,10.26,10.26,10.82,9.26,14368566.058841,10.1625
GEHC,63.47,62.515,63.49,62.0,8357227.917864,62.8946
BTSG,54.83,53.29,54.95,53.14,1877122.134058,54.4643
SENEA,138.4,140.08,140.08,133.76,73450.5543,137.2882
SVXY,51.21,51.49,51.7,51.18,1002347.761173,51.3393
EBAY,107.69,106.34,108.31,105.23,4879189.388607,107.106
DEUS,63.3521,63.42,63.42,63.185,11008.4273,63.3068
EQL,50.08,50.24,50.24,50.025,38179.15825,50.1293
TTWO,220.45,222.64,222.98,219.71,1756059.610456,220.9569
BITO,10.96,10.89,11.0,10.87,115183591.618847,10.9369
SBLK,26.83,26.99,27.12,26.69,1004311.665107,26.8714
STOK,32.89,31.92,33.29,31.28,693133.425008,32.5902
MFIN,9.66,9.56,9.81,9.54,57905.735928,9.6519
CARS,11.68,11.65,11.94,11.35,1098515.636054,11.6341
GSIB,55.7564,57.06,57.06,55.66,4813.9419,55.9951
SLTY,25.55,25.77,25.9445,25.5001,20461.014144,25.6429
FLRT,46.83,46.81,46.85,46.8,114785.8798,46.8231
PSEP,45.44,45.48,45.48,45.42,10618.0,45.4328
HYLN,2.46,2.46,2.505,2.375,1714482.348614,2.4572
IBTJ,21.735,21.74,21.75,21.73,120008.08854,21.7376
VIS,338.87,341.78,342.16,338.41,159411.7814,339.7364
HYIN,14.82,14.89,14.89,14.76,20559.6551,14.8238
HUT,98.46,105.77,106.18,96.79,5297415.104327,99.6101
JPXN,99.76,99.5,99.86,99.39,13172.047648,99.6561
IBDR,24.2,24.2,24.21,24.2,500219.58917,24.2033
SFLO,33.1521,33.2,33.2,32.7101,30552.238837,33.0623
IDLV,35.31,35.41,35.41,35.2001,155019.7228,35.3123
UPBD,18.78,18.89,19.045,18.55,638648.511935,18.8322
ASLE,6.55,6.44,6.87,6.17,825191.832766,6.502
ESLT,782.205,795.06,804.38,775.05,143093.626646,783.2517
EIPX,31.67,31.96,31.98,31.67,40402.6172,31.7316
GENC,15.42,15.1,15.6899,14.92,25394.674232,15.3912
AVUS,124.64,124.29,124.76,124.29,218715.193922,124.5833
BNTC,12.28,12.05,12.7,11.82,169236.515517,12.3637
SMTC,121.81,123.93,126.4899,118.71,1443241.28093,121.2792
SRTY,26.19,26.25,26.64,25.99,2933265.892073,26.334
ABEO,5.9,5.81,5.96,5.74,853847.266908,5.8793
SCHJ,24.7,24.7,24.72,24.69,117470.141701,24.7005
FDRR,64.2751,64.24,64.2751,63.96,17589.451797,64.1567
PTRB,41.67,41.68,41.72,41.6501,83744.81204,41.6799
XHB,102.51,103.33,103.68,102.0801,1210794.059315,102.7925
DKNG,25.52,26.395,27.21,25.48,28569218.890022,26.1454
ZVOL,8.525,8.59,8.59,8.525,18726.931238,8.5526
DRH,10.79,10.7,10.885,10.69,1207551.255967,10.7811
DCGO,0.5703,0.6299,0.6399,0.5584,903849.76755,0.5891
COWZ,63.32,63.35,63.53,62.895,964862.105136,63.3346
QNCX,1.28,1.28,1.3226,1.2,1246699.891499,1.2505
TWM,23.58,23.63,23.865,23.465,416836.750782,23.6727
NSIT,83.79,71.96,84.04,69.87,1316572.795909,80.9314
RLY,36.7,36.65,36.78,36.65,216522.474462,36.738
JOBY,10.87,9.99,10.9,9.9,35325517.662449,10.4234
STBA,44.52,44.49,44.62,44.31,262452.84752,44.4874
PJAN,48.96,48.91,49.0099,48.89,44602.102115,48.9686
TH,15.33,15.36,15.555,15.12,912495.204119,15.3199
VTI,362.87,362.01,363.125,361.47,2867447.982,362.5569
WAR,31.3546,30.64,31.3546,30.64,12220.835379,30.925
BODI,13.61,14.2,14.2,13.06,72075.758899,13.6355
JMBS,45.39,45.38,45.405,45.3201,304122.2292,45.3718
BBRE,105.023,104.96,105.49,104.96,1074441.704486,105.4665
IWP,137.39,138.44,138.54,137.0,1106544.224915,137.3576
ANET,141.77,142.65,143.99,138.6,20371603.677499,140.9099
LYFT,14.35,14.11,14.63,13.8,28551852.972526,14.2186
RGNX,10.55,10.63,10.855,10.2,1379404.156939,10.5423
DFCF,42.43,42.43,42.465,42.405,684041.36492,42.4259
RNRG,38.7548,38.74,38.9,38.74,4558.247933,38.7643
ZETX,15.6906,16.19,16.19,14.52,15685.0,15.2069
NETL,26.6105,26.55,26.7789,26.55,2421.418436,26.6424
VEGI,45.2,45.5,45.57,45.2,73328.321963,45.3413
XMMO,165.54,166.63,166.9312,165.0,266174.289489,165.5025
VTV,207.04,206.88,207.48,206.46,2107673.770415,207.1021
ODD,14.79,15.08,15.2707,14.41,872169.651435,14.8192
TOPW,39.28,39.03,39.34,38.91,84494.606182,39.231
WTAI,40.69,39.565,40.69,39.565,201711.664037,40.2318
LI,18.0,17.69,18.0191,17.66,2650359.395023,17.9209
VIOG,140.41,140.24,140.9199,139.995,18260.460251,140.5033
UGL,61.79,61.87,62.47,61.23,1305206.875874,61.7936
CRDL,1.32,1.33,1.335,1.28,578846.750282,1.3095
ISTR,28.47,28.45,28.725,28.345,125402.6535,28.4826
IQSI,37.9084,37.67,37.9084,37.67,1185.2358,37.7071
FUTY,57.85,58.61,58.84,57.835,262606.468878,58.1376
MSBT,23.01,22.84,23.07,22.81,361495.885837,22.9381
QLDY,47.1563,46.47,47.22,46.47,46729.883358,46.962
AFRM,64.01,68.36,71.29,63.75,9412907.129365,66.3382
NULG,108.73,108.43,108.86,108.095,47176.498077,108.5708
CAGE,27.35,27.36,27.36,27.11,52951.954,27.2801
ATRA,8.34,9.65,9.93,7.85,3002953.808118,8.7559
SNTH,29.76,29.77,32.24,29.0599,42840.23,29.7377
CANF,3.51,3.55,3.55,3.42,29677.6375,3.4669
FOXF,17.8,19.78,20.98,17.67,1276760.448622,18.373
FENY,31.15,31.29,31.44,31.05,1623300.88415,31.2312
RELY,24.03,23.31,24.27,23.005,12434016.887769,23.7389
ETHO,74.7,74.59,74.71,74.51,5491.700979,74.5748
SEMI,37.2,36.61,37.2,36.61,7923.579016,36.9917
BSL,13.22,13.25,13.27,13.1809,21964.0163,13.2385
WRN,3.08,3.0,3.105,2.93,2835227.086627,3.0379
PFE,25.68,26.16,26.195,25.6,38903356.783881,25.7981
FISI,35.41,35.36,35.7,34.79,72546.7801,35.3553
STRF,100.74,100.6,100.8,100.53,28961.909751,100.7001
IBDV,21.86,21.85,21.8771,21.85,353849.082152,21.8593
AMSC,55.19,54.37,55.68,53.4701,859757.202308,54.7811
OPEN,5.01,5.35,5.5,4.78,53820615.408492,5.0063
FMAT,59.62,59.89,60.0,59.5,34526.526989,59.7163
FJET,5.68,5.4,5.86,5.235,1380027.250211,5.6755
NCL,0.1467,0.1474,0.15,0.1435,292049.5,0.1448
XME,120.95,121.835,123.03,120.31,1539605.020331,121.3079
QSR,79.71,79.43,80.035,78.4,4160029.010033,79.5993
ARKG,30.48,30.12,30.53,29.37,6210916.500158,30.061
AMDW,98.78,89.39,98.78,89.39,125237.887831,94.4225
GDXD,32.41,34.06,34.43,31.46,965807.790292,33.2158
AQST,4.32,4.25,4.36,4.245,1893103.752256,4.3061
LCTX,1.37,1.38,1.4,1.35,1166522.616503,1.373
OPHC,5.59,5.5,5.5999,5.495,28511.0,5.5263
DJD,60.2502,60.42,60.42,60.13,29872.291694,60.2669
ESUM,28.8142,28.87,28.87,28.72,28078.5301,28.7842
SPDW,50.41,50.23,50.41,50.12,5072751.264723,50.2682
SPVM,70.6157,70.94,70.94,70.59,4827.7008,70.7101
FDIS,103.49,103.37,104.02,103.22,39538.759663,103.6131
SFIX,3.57,3.59,3.6,3.46,926035.780205,3.5562
BOTJ,23.33,23.2,23.475,23.18,16421.5188,23.3193
MNA,36.48,36.35,36.72,36.35,26765.493939,36.4777
SWIM,5.5,5.77,5.84,5.26,1521746.729408,5.5146
ASMG,44.5344,41.84,44.9,41.58,163153.529156,43.1494
CNQQ,24.85,24.82,24.96,24.82,8959.9747,24.8642
PGX,11.19,11.15,11.195,11.15,808923.492694,11.177
INTF,41.39,41.36,41.44,41.2,159658.422911,41.3371
AXTU,29.8866,30.38,35.81,25.95,161742.0689,30.068
SLQT,1.12,1.16,1.24,1.11,1521416.297245,1.1584
TPL,394.2,395.58,405.79,390.22,395478.784355,398.7997
CIFR,20.55,21.344,21.64,19.8,24464279.235867,20.4532
ARKK,79.12,78.36,79.12,77.055,6382794.52033,78.2766
IBDU,23.2,23.22,23.22,23.2,432038.742625,23.2077
PMBS,49.61,50.17,50.17,49.18,150147.3709,49.4014
PSFD,39.27,39.18,39.32,39.18,8218.0,39.3025
NVD,4.78,4.89,4.89,4.6601,70914286.714117,4.7669
TTDU,4.75,3.85,4.75,3.81,1764071.294785,4.1582
ENFR,37.62,38.2,38.2,37.6,64528.28236,37.9023
XJH,49.88,49.9,50.01,49.67,7981.5479,49.8147
ILCG,114.82,114.03,114.85,114.03,68304.828166,114.6837
DECK,100.42,101.94,102.62,99.23,1779715.938959,100.5172
DFUS,80.27,80.0,80.32,79.92,489628.576017,80.177
VGT,112.44,110.58,112.48,110.34,3946989.153672,111.6912
DVYE,35.58,35.54,35.63,35.48,99383.702908,35.5704
MCFT,27.38,26.17,28.44,25.92,479257.907142,27.3616
IVW,135.78,134.88,135.85,134.71,1925605.056265,135.6213
VLUE,182.59,177.11,183.01,177.11,1004379.689848,181.3692
EGGY,38.4097,39.0,40.0,38.13,51809.678343,38.4794
IMVP,21.6362,21.73,21.78,21.52,23275.127165,21.685
STLD,235.1,234.55,237.34,232.05,896243.115563,234.9814
NVCR,17.89,16.9,18.1899,16.85,2377008.585509,17.7053
KOPN,5.41,4.97,5.45,4.87,15306966.717684,5.1512
URBN,71.5,70.43,71.89,69.69,874681.697216,71.3592
FDMO,93.23,92.94,93.31,92.94,44788.683532,93.0935
JNUG,212.95,207.37,218.0,204.38,213091.749948,209.9823
ENGS,1.25,1.23,1.2899,1.23,233458.760794,1.2501
DFGR,28.95,28.97,29.085,28.95,383385.414902,29.0196
NMTC,4.76,4.57,4.8665,4.4077,34662.916435,4.6821
DFAW,81.71,81.5,81.75,81.43,69053.909424,81.6306
IREX,49.66,54.36,56.41,44.82,2042494.863902,49.7052
QDVO,30.39,30.0,30.39,30.0,237407.064796,30.2346
FTCI,4.39,4.37,4.92,4.35,318834.235409,4.5579
NWTG,1.23,1.17,1.25,1.1086,47143.893081,1.194
AVSD,79.9375,79.86,79.95,79.75,16510.3652,79.8772
MWG,1.8316,1.88,1.9299,1.8001,5233.6,1.8784
AKBA,1.16,1.17,1.2,1.125,4397994.093125,1.1513
FAUG,55.5792,55.57,55.59,55.5472,6546.0,55.5691
EVMO,50.41,50.48,50.48,50.41,51436.9144,50.4376
CNEQ,37.85,38.09,38.09,37.715,381629.9265,37.827
TPLC,48.2782,48.71,48.71,48.2782,134785.436045,48.3615
MLN,17.62,17.66,17.66,17.62,174948.414054,17.6399
MARA,12.94,12.57,13.35,12.2,48391814.607167,12.7993
QDTE,31.42,31.13,31.45,31.13,504785.176414,31.3698
XHE,78.77,80.29,80.29,78.585,29570.397134,78.8886
IINN,0.4339,0.45,0.4673,0.406,286223.0,0.4288
GEVX,71.18,74.39,74.99,70.303,105937.121575,72.1235
VTSI,4.2,4.39,4.49,4.12,133940.337662,4.3251
CING,5.27,5.26,5.296,5.02,261645.930281,5.162
IP,33.03,33.24,33.41,32.72,4919275.039823,33.0556
SFLR,37.66,37.67,37.775,37.57,176055.30686,37.6668
RPG,57.55,57.05,57.55,56.93,934898.74446,57.4087
VBK,343.58,344.0,344.02,340.9098,148077.370989,342.4839
PSIL,20.18,20.38,20.38,20.0,29423.347845,20.1292
WATT,27.6,25.8,27.8899,25.42,431973.187237,27.1503
PWV,72.27,72.61,72.63,72.1656,38390.86552,72.3396
BBSI,29.87,29.41,30.5765,29.11,252432.65738,29.9573
FYLD,38.17,38.03,38.466,38.03,90486.197635,38.1935
HYS,93.67,93.53,93.6899,93.39,56051.628108,93.5543
BLFS,22.04,21.8,23.06,20.76,722105.206266,21.7263
PICK,64.83,64.59,65.13,64.44,500256.045031,64.6715
DON,55.21,55.36,55.425,55.0,99567.00595,55.2405
TSII,19.89,19.32,19.92,19.32,50874.191256,19.7664
AMZD,8.37,8.41,8.46,8.34,7856881.5426,8.3786
XBIO,3.07,3.1,3.23,3.06,9749.319,3.1481
MAIA,1.32,1.3,1.35,1.26,305480.828184,1.3099
IBTM,22.8055,22.83,22.835,22.8,62885.63921,22.8151
CSL,360.39,362.35,364.22,354.285,378464.510627,360.6396
CAOS,90.57,90.61,90.61,90.5,28441.880246,90.5405
FAST,44.17,44.39,44.605,43.875,4384350.977364,44.1342
GIII,31.77,31.39,31.87,31.225,255391.267879,31.6927
DIBS,4.28,3.78,4.33,3.64,279607.795113,4.1008
VOOG,81.63,81.03,81.64,80.9801,1258824.795587,81.4595
RDIV,56.52,56.5,56.63,56.1801,1182154.429068,56.5369
WDEF,29.4457,29.9,29.9,29.32,84103.428533,29.4204
FISR,25.67,25.66,25.71,25.621,2014860.3848,25.6605
CSQ,20.3,20.23,20.38,20.195,181795.026833,20.2637
EPHE,25.21,25.1,25.3028,25.1,180594.863373,25.216
ARKB,26.6,26.41,26.68,26.37,947112.969717,26.5334
TBLL,105.7,105.71,105.72,105.7,338460.780812,105.71
JPME,120.93,121.58,121.58,120.89,26174.642891,120.9808
TWLO,201.7,198.75,203.71,194.68,2874116.050468,200.7753
SHYL,44.52,44.48,44.5397,44.4601,18996.756805,44.5141
EVRG,81.78,82.938,83.225,81.54,2963813.785401,82.0116
CALF,48.45,48.08,48.485,47.57,392764.451682,48.083
REGL,89.65,89.95,90.0481,89.36,47084.96778,89.6897
SNPE,67.34,67.15,67.4,67.125,101071.225856,67.3052
JDST,29.44,30.2,30.72,28.56,996803.563564,29.7764
TUA,20.91,20.94,20.95,20.9,131160.9912,20.9174
JNK,96.52,96.32,96.53,96.315,6326067.013269,96.4134
GSG,32.81,32.67,33.0199,32.655,1059267.806343,32.8898
SPIB,33.53,33.53,33.55,33.51,9393822.009649,33.5256
CNRG,107.99,107.24,108.22,106.53,10148.531016,107.5246
NVOX,15.44,15.39,15.49,14.89,524266.859692,15.1666
TCHI,24.84,24.94,25.06,24.74,14453.856717,24.9349
FXY,58.6,58.66,58.71,58.6,142893.500225,58.6375
IBO,0.629,0.6303,0.6372,0.6094,48210.802117,0.6188
COPX,85.97,85.01,86.25,84.82,3708624.640208,85.5314
QAT,19.18,19.21,19.23,19.165,4310.813215,19.2104
HTRB,33.9,33.91,33.965,33.83,289969.256412,33.8869
SHLD,65.25,65.58,65.64,64.91,1977371.455893,65.17
RXO,21.75,23.26,23.37,21.75,3505350.192083,22.1826
TFSL,15.1,15.09,15.155,15.02,495871.617485,15.1012
FJUN,59.39,59.43,59.4699,59.341,9841.0,59.3995
RDNT,58.19,57.5,60.625,56.0,1460456.356466,58.7264
CENTA,34.24,34.72,34.96,33.735,323668.15803,34.3841
CINF,161.5,161.44,162.78,160.98,664353.6205,161.823
OVV,57.83,58.74,58.74,57.2,4801820.06589,57.8246
FNKO,5.26,4.83,6.09,4.83,4328924.422252,5.3716
VOD,16.2,16.09,16.225,16.06,4409506.4792,16.1466
TMDE,1.02,1.03,1.08,1.02,194166.275743,1.0427
VEU,83.29,83.0,83.3,82.9,2299590.313215,83.1432
SMTH,25.845,25.84,25.87,25.8301,901112.822255,25.8584
BHST,3.97,4.11,4.2,3.9,130665.237624,4.0756
TGRW,47.4102,47.27,47.48,47.27,10404.3961,47.3942
MRLN,8.23,8.41,8.4526,7.61,1286074.55207,8.0354
LNOK,69.7639,64.4,72.48,64.4,216724.279408,69.6042
UBND,21.755,21.74,21.76,21.725,234857.95978,21.7471
IDU,112.84,114.37,114.37,112.8,33905.823383,113.3601
SBIO,55.52,55.28,55.83,55.0,15319.918301,55.4608
OMAH,18.79,18.78,18.8,18.72,476411.306766,18.7673
DDWM,46.17,46.05,46.75,45.87,73169.9025,46.0736
VRIG,25.09,25.08,25.11,25.08,288195.80478,25.0979
XPH,58.88,59.75,59.75,58.79,14807.606313,59.0354
SOFX,8.52,8.85,8.88,8.28,1480646.041163,8.5494
OFLX,30.1,30.5,30.95,29.62,100099.4983,30.4673
AVES,67.73,67.23,67.79,67.23,40555.093856,67.6403
IVEP,28.1524,28.49,28.49,28.0844,39304.8279,28.2283
SPLB,22.34,22.32,22.375,22.32,2556136.766937,22.3503
EXPO,61.42,63.17,63.335,60.73,394145.949123,61.3754
FCOM,74.64,74.82,74.8571,74.4488,53024.199438,74.6292
VKI,9.04,9.04,9.11,8.92,78519.6056,9.0114
DFNL,46.4993,46.76,46.81,46.43,20209.328614,46.5825
LASR,73.91,76.96,86.95,71.8,3791579.63197,77.593
SCMB,25.66,25.7,25.71,25.65,697377.926385,25.6694
BOLD,1.44,1.52,1.555,1.41,399744.368089,1.46
ZD,41.02,41.97,43.88,40.69,1128978.505548,41.5911
FNRN,17.76,17.89,17.9775,17.73,55574.463415,17.8157
VRAI,27.5763,27.72,27.72,27.5763,2734.9668,27.6862
BLES,47.66,47.88,47.88,47.61,2431.846897,47.7025
BFRZ,26.7249,26.55,26.75,26.15,19170.6282,26.6906
MAGX,60.61,59.85,61.1037,59.55,86435.46408,60.6093
FDM,88.1716,87.82,88.2299,87.32,4947.019995,87.9396
EWW,79.87,79.98,80.76,79.75,766214.968142,80.1471
IWM,284.17,284.035,284.97,282.61,22474309.015633,283.6409
SMHB,4.0584,4.0,4.062087,3.93,39819.351652,4.0053
QLC,87.61,87.53,87.71,87.48,20399.59416,87.6343
EYLD,46.35,46.22,46.7891,46.04,118242.890878,46.225
EFZ,11.7639,11.77,11.77,11.7501,11842.156145,11.7591
FDD,19.45,19.34,19.45,19.32,70930.815546,19.3937
CACC,533.15,526.91,533.24,510.0,198978.057855,526.4187
PBDC,27.71,28.0,28.0949,27.53,86541.391261,27.7086
GSIE,45.84,45.76,45.8599,45.61,253957.699594,45.7495
PBFS,14.59,14.77,15.0,14.59,5781.0,14.6761
TLTI,45.7099,45.78,45.82,45.6501,5140.29,45.759
FTRB,25.215,25.25,25.25,25.21,29140.2155,25.2169
NHS,6.46,6.52,6.52,6.46,446720.4378,6.4706
RKT,15.69,14.61,15.86,14.61,37253393.192062,15.4206
SLSN,1.35,1.31,1.38,1.29,21830.0,1.3478
DOMO,3.84,3.89,3.89,3.69,497676.978925,3.8209
HYSA,14.965,14.94,14.97,14.88,20718.215699,14.908
SCHX,29.0,28.9,29.02,28.8899,10185643.021434,28.9734
ASYS,21.49,21.28,23.9,20.61,919933.286987,21.8423
HRL,20.44,20.84,20.85,20.42,4072610.119642,20.5386
SMIG,31.44,31.43,31.53,31.32,169972.3243,31.4456
RICK,25.35,26.65,26.67,25.27,32119.654162,25.6903
IRTR,31.9463,31.86,31.96,31.86,19529.4371,31.9258
BAPR,52.6,52.64,53.23,51.925,4459.0,52.5302
JSMD,92.4565,92.25,92.82,91.19,202350.998879,91.8467
APLX,29.47,30.5,30.88,28.0,1149924.144199,29.332
XRPM,14.3916,14.06,14.47,14.01,23558.526803,14.3806
PDEC,45.34,45.27,45.37,45.27,31543.04355,45.3411
PLUG,3.12,3.15,3.21,3.05,45815735.991224,3.121
SLSR,10.19,10.19,10.43,10.14,122062.802892,10.2362
DWAS,113.9113,113.27,113.9899,112.9785,12454.2446,113.5308
SSO,66.22,65.77,66.325,65.72,2245062.720471,66.0878
QQQY,24.35,24.0,24.35,23.985,136306.827823,24.1912
GLIN,46.0721,46.2,46.2,45.98,4750.185804,46.1148
WDC,480.0,475.06,483.66,469.315,7929836.414045,476.7394
CURI,3.08,3.15,3.16,3.0308,256329.191261,3.0799
CLSK,14.2,14.0,14.45,13.57,15906803.848802,14.0373
NGEN,3.75,3.79,3.925,3.74,123956.680136,3.812
JHSC,46.61,46.66,46.76,46.495,17125.53325,46.6584
TRAW,2.18,2.05,2.3999,1.79,89497525.319522,2.1948
GNSS,2.06,2.0,2.12,1.99,110574.464306,2.0604
CHSN,1.48,1.56,1.5893,1.3994,1029343.030412,1.5091
NWE,72.39,73.0,73.0,72.07,330662.617506,72.4582
YI,6.05,5.58,6.05,5.58,14856.108695,5.8482
HYEM,20.13,20.15,20.15,20.05,58005.115693,20.1078
RSST,33.039,32.72,33.05,32.7,59079.757328,32.9572
CORD,5.35,5.06,5.61,4.735,10117788.138855,5.2089
ULST,40.42,40.4,40.425,40.4,137505.772553,40.4147
NBOS,27.9,28.0,28.0,27.81,67682.471,27.8325
BTMWW,0.0353,0.0349,0.04,0.0303,387568.345553,0.03641
SPRE,21.2484,21.3,21.4,21.2103,25743.773739,21.291
ECNS,34.2295,34.24,34.39,34.14,4591.707623,34.257
WEPN,44.5225,44.33,44.5225,44.1601,2237.3947,44.3256
IYH,60.42,61.01,61.11,60.29,787322.348293,60.4433
HMOP,39.075,39.19,39.19,38.97,47150.69684,39.0753
XDIV,30.05,29.95,30.05,29.92,26239.6429,29.9826
ATER,1.1,1.21,1.23,1.095,505842.662023,1.1528
COIG,8.656,7.44,8.67,7.2,104725.110401,7.9097
LUNL,24.25,18.53,24.75,17.8664,1063699.701016,21.7231
PYPG,5.81,5.92,6.06,5.795,493369.854359,5.9068
WQTM,34.5,33.7,34.5,33.5269,131168.333947,33.929
ODFL,198.33,197.76,202.41,196.32,1411176.813661,198.1861
HYLB,36.59,36.53,36.59,36.525,557469.505388,36.5601
VTES,101.079,101.11,101.125,101.05,139112.786067,101.0878
SPDV,38.0404,38.12,38.19,37.885,6253.518638,38.0774
FJAN,54.4409,54.44,54.46,54.37,22336.0,54.4175
POLA,1.89,1.92,1.9797,1.85,153575.034005,1.9
BLSH,43.66,41.5,43.66,40.083,1527478.300715,42.7461
DUSA,56.04,55.98,56.08,55.71,38085.2855,55.9098
BB,6.37,6.25,6.61,6.08,56713576.739325,6.3521
OILK,56.1,55.2,56.4328,55.2,110338.971672,56.0895
FROG,70.55,66.35,72.06,62.5101,9196270.134853,68.6263
RNGR,15.82,15.99,15.99,15.625,295469.003655,15.8363
DOCU,47.9,47.22,47.9,45.4,2475961.846974,47.2988
BTAL,12.02,12.08,12.2,11.99,674635.827198,12.0512
ISRA,69.8817,69.01,73.551286,69.01,5270.868703,69.9898
MRVI,4.85,4.39,4.95,4.36,11244657.496435,4.6964
BNDS,51.11,51.09,51.1699,51.05,17118.4111,51.1282
AMZW,44.67,44.57,44.88,44.2,18224.775296,44.7326
RNG,45.63,44.64,46.6,38.7068,4778060.613362,43.5238
TOPT,33.47,33.24,33.485,33.22,341454.53042,33.4178
RZV,137.695,136.78,137.965,136.33,4746.515722,137.4302
QURE,27.66,24.3,29.49,23.49,6719188.669592,27.0352
SMCX,18.27,16.26,18.5,15.25,3580340.431537,17.4554
BKSY,39.45,32.96,39.81,32.96,3265936.777865,36.881
HDEF,32.74,32.77,32.78,32.62,79831.705204,32.7204
USFD,84.4,87.76,87.78,84.31,3388571.934389,85.5371
DGT,184.2616,183.21,184.4099,183.21,15706.6162,183.9495
ENB,53.59,54.4,55.14,53.325,5074628.186757,53.6714
STEN,27.1001,27.01,27.1001,27.01,9250.3335,27.0697
FTEC,268.37,263.65,268.455,263.65,317877.569978,266.7604
HTFL,29.51,30.04,30.44,28.715,541820.518435,29.3
SMCY,6.9,6.66,6.94,6.49,933587.323526,6.791
SRLN,40.58,40.6,40.61,40.565,1363943.101226,40.5766
CTM,0.753,0.72,0.8064,0.7133,22357752.296684,0.7737
FNDF,53.29,53.04,53.3,53.0001,1457606.427365,53.1744
AIIO,0.86,0.9771,1.3,0.8543,261482059.996913,0.9846
LBTYK,11.82,11.87,12.02,11.755,780061.854497,11.8569
MRT,2.07,2.1,2.12,2.05,52175.731092,2.0636
IVE,224.26,224.39,224.79,223.79,439851.757619,224.4401
KSA,38.73,38.55,38.795,38.42,352764.920715,38.6941
SMR,12.55,12.34,12.56,11.62,38130362.404375,12.0737
SAIC,93.93,93.74,94.86,91.17,477144.707805,93.6109
KAUG,28.1976,28.15,28.23,28.15,6564.0,28.1913
MLPX,72.49,73.41,73.6,72.42,451614.474776,73.1507
VHUB,1.06,1.02,1.23,1.014,739489.897132,1.1052
SVM,13.5,13.64,13.88,13.085,3202618.152391,13.4285
CRVL,58.52,57.49,58.88,56.95,153540.22295,58.226
CBTO,20.27,20.23,20.29,20.22,21094.3685,20.2654
ARKF,42.26,42.0,42.26,41.394,244004.79471,41.9501
HUBS,197.34,185.95,198.09,180.5,6513646.390707,191.3567
XV,24.6955,24.6,24.785,24.581,21225.668309,24.704
TOVX,0.354,0.357,0.357,0.343,1239704.902928,0.3521
JPEM,66.4337,66.43,66.63,66.34,16643.362669,66.4714
XMLV,65.4683,65.49,65.68,65.34,24229.5747,65.5532
NBIS,177.05,183.7,188.2499,176.5,12929585.823897,180.2335
IPFXU,10.15,10.13,10.15,10.13,25200.0,10.1498
SFST,56.3,56.75,57.195,56.07,57294.143934,56.3856
AMLP,53.16,53.35,53.7293,52.95,1667791.037489,53.3818
VSEE,0.18,0.183,0.183,0.1663,902396.559025,0.1743
IDR,49.09,50.0,51.48,47.67,167265.12453,49.0907
JD,30.13,30.23,30.27,29.96,8018498.518063,30.0976
FLBR,24.63,24.72,24.76,24.6,156653.460922,24.6706
KPTI,8.64,8.87,9.0,8.54,295536.603223,8.7234
MISL,44.95,44.46,45.05,44.21,15561729.632793,44.9346
HAP,72.67,72.73,72.765,72.555,10934.147598,72.6795
WIP,40.74,40.8,40.88,40.53,533030.993149,40.8263
DGP,183.98,186.07,187.795,183.15,180299.134515,184.6236
EDGF,24.81,24.87,24.87,24.81,63106.0,24.819
XOP,165.16,165.47,167.1888,163.815,2849425.023922,165.7687
UTHR,564.94,569.17,573.52,561.2,628487.521779,565.0091
SPOK,10.89,10.85,10.93,10.7,113698.6486,10.8553
SCHY,32.18,32.18,32.2,32.085,679077.155675,32.1447
ANIP,81.86,87.76,87.76,79.3666,1307703.288124,83.946
EZU,67.855,67.82,67.93,67.4,828313.373206,67.691
SOHU,15.69,15.94,16.07,15.56,43720.09207,15.8278
BHYB,54.22,54.16,54.22,54.15,551.036,54.1799
FCPI,53.85,53.63,53.975,53.63,22458.427878,53.8529
APT,6.44,6.78,6.8899,5.82,634183.209957,6.2929
GLIBA,26.77,27.6,28.07,25.925,98445.838946,26.664
ILF,36.43,36.68,36.745,36.4,1922544.892168,36.5634
EXPE,229.98,232.51,238.32,226.7,4189786.398282,232.7181
OKLL,11.0,11.4,11.4,10.23,13932692.432845,10.8015
UBXG,0.391,0.4008,0.4008,0.3605,21167603.027286,0.3764
KULR,2.89,2.75,2.925,2.715,1197811.494447,2.8396
IWMW,38.3416,38.4,38.4,38.29,17283.3478,38.308
EVER,20.5,20.34,20.72,19.69,865827.569702,20.2846
HWC,68.76,68.11,69.03,67.77,1140526.605507,68.688
PEBO,34.32,34.21,34.45,34.16,174722.46305,34.294
TREE,39.0,39.5,39.6974,38.4401,204934.33435,38.9503
SVIX,19.49,19.67,19.805,19.42,1881845.523868,19.5626
PTC,146.65,146.33,146.91,142.47,1225928.464725,145.9725
CGGE,33.8,33.83,33.83,33.68,690721.54613,33.7617
LNSR,5.64,5.23,5.96,5.22,153767.202822,5.6567
IWS,157.9,158.08,158.145,157.27,286739.113958,157.8676
PFXF,18.84,18.75,18.89,18.735,3158618.072148,18.823
AVLV,87.81,87.74,87.95,87.52,775542.415029,87.7923
VVX,70.08,73.8,73.9,69.22,2055394.465298,70.9764
HITI,2.51,2.49,2.53,2.44,278220.974623,2.4927
LMT,506.51,508.59,512.0,504.5001,1293823.70646,508.3093
LZ,6.13,6.07,6.2,5.905,3512706.935114,6.0794
XYZY,27.9717,28.75,29.25,27.8625,30540.01873,28.5014
IBMO,25.615,25.605,25.65,25.59,37359.5384,25.6276
RXI,200.7429,201.27,201.49,200.6031,11437.632882,201.089
BITQ,27.39,27.59,27.59,26.625,69063.595847,27.0493
IAUM,47.07,47.1,47.33,46.865,1385993.649942,47.0501
DOO,57.06,56.02,57.06,55.38,339405.510113,56.7569
CGHM,25.62,25.65,25.66,25.61,273216.591,25.6254
USCA,43.6046,43.57,43.6046,43.57,1844.9367,43.5933
EWH,24.28,24.29,24.32,24.155,2192656.695272,24.2356
DTD,91.0,91.25,91.32,90.95,10088.250785,91.0878
NODE,44.83,45.24,45.24,44.14,9662.1532,44.5294
FLCA,52.0,51.95,52.0,51.785,46473.7735,51.8787
VDE,158.38,159.02,159.88,157.9401,478564.114911,158.9472
FFLC,57.91,58.03,58.03,57.751,156577.770961,57.8386
NODK,12.81,12.85,13.005,12.81,23650.427791,13.0209
TAFI,25.185,25.17,25.19,25.17,235976.975454,25.1799
LGLV,177.8,178.89,178.89,177.795,25785.92504,178.4038
DBAW,46.4553,46.27,46.5399,46.27,9097.349581,46.4035
VTEL,103.6496,103.77,103.8636,103.62,26719.9374,103.7433
FSM,10.76,10.65,10.97,10.455,5995232.410747,10.6588
KTUP,9.74,9.51,9.75,9.0401,274832.752959,9.4573
WVE,7.18,7.19,7.29,7.1,2551033.400605,7.175
FRDM,68.87,68.13,68.89,67.4649,443409.042199,68.5445
EFV,78.03,78.03,78.13,77.695,3776877.666021,77.8746
CGCB,26.31,26.31,26.33,26.29,681916.195128,26.3044
ETHD,49.44,51.3,51.59,49.14,363855.120981,50.1898
SRAD,13.04,13.94,13.99,12.78,2749993.105587,13.107
GMOM,37.46,37.3,37.529,37.3,2894.609335,37.4889
IESC,666.7,671.73,677.0,656.0,164444.914661,665.5233
IAUX,1.58,1.54,1.58,1.52,8452311.174813,1.5551
SMX,1.11,1.11,1.2199,1.11,3788861.650678,1.1431
EPM,4.65,4.69,4.755,4.635,149258.019855,4.6861
UMI,57.7915,58.29,58.56,57.7915,38983.7367,58.125
SACH,1.1,1.1,1.1,1.05,149041.859118,1.0845
DLS,88.4673,88.64,88.64,88.23,16360.663629,88.3823
DHS,110.17,110.84,110.84,110.15,33290.61593,110.4152
MAGS,69.62,69.1,69.83,69.08,2557079.280894,69.5941
RLYB,14.38,14.6,14.6716,14.1,89363.069101,14.3817
KGLD,31.68,31.7,31.8039,31.53,50503.03326,31.6739
PHUN,2.0,1.99,2.025,1.915,222563.292884,1.9753
LODE,2.94,3.19,3.24,2.75,4043176.838171,2.922
NEWP,5.71,5.88,6.02,5.685,800768.93165,5.7635
TSLS,51.74,53.24,53.24,51.39,1055057.821141,51.9433
TSEM,211.02,215.11,216.31,205.3329,1597931.294407,210.0196
TRVG,3.47,3.57,3.64,3.37,58989.210168,3.5206
VYM,155.46,155.95,156.0,155.25,955653.273627,155.6102
JSCP,47.2,47.19,47.21,47.18,231953.821882,47.1914
IAK,130.2,130.77,130.77,129.54,17231.449627,130.1563
LMUB,50.67,50.75,50.75,50.61,141681.5133,50.6662
IQ,1.2,1.22,1.23,1.19,4338777.103552,1.2053
XES,123.16,122.39,124.46,121.75,94259.57104,123.4463
SAR,22.15,22.56,22.65,22.11,99888.694702,22.2538
NUVL,105.28,103.19,107.52,102.26,579883.495065,104.9046
DD,49.76,49.33,49.795,48.725,3956972.105389,49.5577
CEVA,36.97,34.22,37.07,33.94,1051462.928649,35.7427
NUMI,25.115,25.1,25.16,25.1,4441.814,25.1567
YGLD,40.7537,40.91,41.04,40.5,33221.546384,40.8302
MDAI,2.31,2.27,2.36,2.2,504747.320455,2.2999
ASTS,75.05,66.72,75.4,66.11,22685040.475156,71.43
DNN,3.74,3.77,3.795,3.695,17688564.143504,3.7435
ANY,1.82,2.0,2.0,1.8,149994.851999,1.8861
KALV,26.73,26.74,26.75,26.7,2345168.158218,26.7234
ITOT,161.18,160.63,161.31,160.56,1271446.907458,161.0706
CORZ,22.92,23.065,23.4,22.26,14830871.133076,22.9197
AIG,76.36,76.49,76.99,75.75,4752759.510947,76.452
PLU,42.32,36.44,43.39,36.4,267050.9189,39.5463
WMG,33.36,32.25,33.6,31.935,6573087.395249,32.8963
VECO,59.42,56.5,59.43,55.405,1573981.490033,58.3004
IBD,23.84,23.88,23.9922,23.75,69724.150601,23.8596
NWFL,30.49,30.52,30.82,30.315,12363.275745,30.4875
NXTG,144.85,142.48,144.85,142.17,11299.675701,143.4161
ICF,67.82,67.91,68.2,67.77,168847.918203,67.992
HAWX,44.485,43.6,44.485,43.6,9023.2413,44.3223
JGRO,96.42,96.39,96.66,96.285,493191.713701,96.4438
OKTA,83.9,80.33,83.97,78.54,3746200.933677,82.6897
DSTL,59.1084,59.27,59.2725,58.7001,73029.418326,59.0668
XLC,116.94,117.015,117.19,116.615,4153817.296963,116.8683
MIDU,67.26,67.77,67.85,66.5,7320.203102,67.1539
LANDO,21.27,21.15,21.3999,20.85,8544.4534,21.207
TRFK,89.75,87.05,89.75,86.9899,101525.853021,88.5003
SPBU,29.85,29.73,29.93,29.73,7499.462,29.8709
AXTI,116.36,115.36,129.4299,107.81,13175146.690907,116.7749
NTHI,5.45,6.5,6.7928,5.35,245155.66633,5.7087
BATT,17.4,17.45,17.5599,17.29,53380.074544,17.4154
SGOL,44.99,45.01,45.2301,44.79,1619093.516805,44.9757
ILCV,99.885,99.78,100.05,99.78,16990.458861,99.9322
NYF,53.58,53.61,53.63,53.55,149918.909956,53.6089
FTNJ,8.77,8.81,8.81,8.76,93030.6815,8.7838
WLTH,11.47,11.32,11.5283,11.22,697526.343567,11.3929
TRC,20.16,20.68,20.68,19.88,99473.046757,20.1915
LSF,3.05,3.15,3.15,2.98,36210.070861,3.0552
DXJ,166.58,166.53,167.1,165.9127,206081.80142,166.4723
CATX,3.76,3.6,3.795,3.5796,794951.091241,3.7248
FBLA,14.15,14.16,14.2,14.1,70372.0,14.1351
AEVA,13.57,13.59,13.62,12.755,1962002.341068,13.3161
MTUM,301.8,298.03,302.0056,297.44,803391.662504,300.7617
FJUL,58.54,58.59,58.59,58.51,24415.0,58.5301
OILU,40.13,40.78,41.38,39.9,187379.742181,40.6977
MLAA,10.0,10.0,10.05,10.0,4446.0,10.0093
FLX,2.57,2.72,2.73,2.52,163486.0,2.5695
VSGX,80.84,80.58,80.86,80.26,79999.734171,80.5888
CURE,84.69,86.9,86.9,84.03,74021.089005,84.7954
VGUS,75.535,75.52,75.54,75.52,137053.465618,75.5325
JPIB,48.12,48.11,48.149,48.095,351932.542939,48.1122
USBC,0.435,0.403,0.4567,0.403,875412.342992,0.4356
LIT,90.17,89.03,90.23,88.995,760219.930721,89.7836
VRP,24.39,24.37,24.405,24.35,2942206.970742,24.3895
LITE,903.8,917.0,934.92,866.0,6727632.438709,898.4715
SEPU,30.7655,30.63,30.78,30.63,9711.0,30.7536
BAR,46.51,46.52,46.76,46.32,470774.509512,46.5132
NFE,0.7,0.7,0.73,0.6707,4535799.214123,0.7082
HCWB,0.3287,0.3205,0.3365,0.3026,272197.405041,0.318
JPMB,40.15,40.17,40.19,40.15,2569.419834,40.1653
BLBD,71.02,70.84,73.15,70.49,526170.82458,71.6677
MXI,112.4302,112.32,112.635,112.1,36311.752075,112.2597
TWAV,1.87,1.84,1.905,1.76,24523.0,1.8393
OMAB,107.75,108.96,109.12,106.55,50675.359558,107.8214
FLMI,24.96,24.99,25.0,24.95,820459.008861,24.9712
PPH,99.84,101.11,101.11,99.74,57417.23014,100.093
GILD,131.33,130.0,133.34,129.0,10250367.675759,131.5275
NRXS,8.2,8.8,8.9,8.19,156862.512597,8.5847
YCBD,0.84,0.8601,0.8601,0.8001,194534.646851,0.8235
COM,34.59,34.36,34.59,34.36,96573.736585,34.4826
FFOG,50.0,49.94,50.09,49.72,100111.3557,49.9207
UDIV,58.9464,58.79,58.97,58.79,2313.0443,58.8829
URGN,29.4,26.95,30.45,26.95,1696667.459913,29.4609
IHDG,50.42,50.38,50.4899,50.21,168846.959985,50.3381
ORGN,1.37,1.4,1.41,1.33,163228.334323,1.3626
NEBX,85.37,92.025,96.5699,84.77,805481.692639,89.0707
BNR,16.76,16.8,16.86,16.59,8192.0,16.7034
ORCL,195.95,192.58,198.0,190.21,21158338.230562,195.1882
INTA,24.84,23.4,24.99,23.22,943826.180867,24.456
FNGS,74.35,72.91,74.38,72.91,30656.939229,73.9703
IDGT,120.01,119.7,120.6,119.085,112103.089627,119.8109
ZS,152.13,149.34,152.195,145.11,3522201.723962,150.4948
TGB,7.49,7.46,7.64,7.36,5823416.641555,7.4872
TBF,24.395,24.4,24.41,24.33,40689.409893,24.3771
IBIT,45.45,45.085,45.58,45.03,24590810.796155,45.3162
ARKX,34.34,33.3,34.35,33.24,1048919.220143,33.851
VCEB,62.895,62.87,62.96,62.87,40820.268009,62.9118
APO,133.2,128.14,133.39,126.95,4768751.716516,131.9465
QCRH,91.065,91.5,92.26,90.71,70079.6418,91.2393
BUFF,52.125,52.02,52.125,51.95,28442.018689,52.0816
IAF,12.98,13.07,13.1899,12.93,8311.846309,13.031
ILTB,49.154,49.13,49.2199,49.12,40970.551256,49.1788
GSY,50.22,50.22,50.23,50.19,533695.68273,50.2133
DFII,15.0943,15.02,15.12,15.0,5016.3195,15.0521
RVSB,5.51,5.39,5.615,5.36,40845.8417,5.4862
QQQT,18.6767,18.41,18.69,18.41,52232.72746,18.5857
GWX,46.96,46.89,47.11,46.76,50099.324294,46.969
WEBS,19.3,19.29,19.77,19.29,60343.010842,19.5331
TIPX,19.25,19.25,19.2599,19.24,409875.684657,19.249
IMF,51.9399,51.52,52.2099,51.52,7434.0,52.0499
EMPD,5.04,4.87,5.06,4.86,197911.8621,4.9646
BTC,35.47,35.23,35.57,35.17,1022322.973902,35.3636
TPSC,45.5999,45.78,45.78,45.475,14292.15365,45.6397
CDNS,362.7,356.075,365.01,353.18,2317761.60625,361.8725
WRAP,1.49,1.46,1.52,1.42,127664.875343,1.4806
UCON,24.98,24.96,25.0199,24.96,766327.6663,24.9882
JPRE,52.0893,52.15,52.37,52.0893,12805.125451,52.2443
JUST,105.2775,104.91,105.325,104.91,2694.643,105.2602
ONEQ,103.304,102.26,103.35,102.01,363565.303045,102.9692
ARB,29.49,29.38,29.53,29.38,14751.71541,29.507
WT,19.1,18.89,19.16,18.66,2182509.912594,18.9991
DASH,163.93,169.75,171.35,162.0,6027515.329055,164.7911
GENB,13.66,13.79,14.65,13.36,291663.33333,13.988
METU,24.69,25.15,25.29,24.4101,4009142.435719,24.8612
NEXM,3.28,2.91,3.359,2.9,102980.407096,3.1671
AAAU,46.595,46.6,46.83,46.38,1299712.864479,46.5843
VMET,12.18,11.85,12.28,11.85,70545.8974,12.0639
BLOX,17.42,17.86,17.91,17.14,241983.052491,17.3925
ETHT,17.61,16.96,17.695,16.885,1130667.323959,17.2533
SMOT,37.7883,37.87,37.87,37.4418,46245.975,37.7906
NVVE,0.3491,0.3504,0.3613,0.3421,225897.114642,0.3489
GSSC,84.932,84.86,85.005,84.455,16668.3165,84.7618
CEFS,24.91,24.755,24.99,24.755,69886.414204,24.9248
MLPA,54.35,54.79,55.0,54.29,431989.936836,54.6532
SJNK,25.09,25.06,25.09,25.05,1470889.354081,25.0689
ERH,12.4,12.57,12.57,12.39,18726.1206,12.4738
CVM,1.7,1.6,1.7,1.47,353979.209189,1.5929
RAAX,42.05,42.19,42.19,42.0001,264989.470944,42.0873
XSHD,13.69,13.71,13.76,13.62,17665.865942,13.7169
ZTS,82.83,87.315,87.58,81.1,17187012.527315,82.8947
VNRX,2.25,2.4,2.45,2.25,172342.647856,2.3465
DUOG,36.4081,40.09,40.09,34.4,40842.128282,36.4861
VKTX,31.33,31.63,31.9,31.135,1448659.24986,31.3647
KWM,0.31,0.3076,0.3189,0.2991,317680.883674,0.3094
DUKX,28.5716,28.57,28.5716,28.5399,627.915868,28.5539
SSG,14.4,15.34,15.34,14.33,569557.818838,14.6355
TTEQ,41.1761,40.36,41.1761,40.3,53873.8757,40.8622
FIVA,37.52,37.37,37.575,37.3,73843.17563,37.3875
FDLS,41.1686,41.28,41.28,41.07,9213.4454,41.1473
NVBT,38.9903,38.85,38.9903,38.85,1251.0,38.9528
MESO,14.74,14.72,14.77,14.51,100789.041362,14.6726
ONDS,9.06,9.0,9.09,8.65,34077950.356303,8.9198
SEMG,26.4508,26.53,26.53,26.4401,2186.0,26.4989
RUM,8.32,7.47,8.655,7.38,6614497.172106,8.1497
TXN,287.8,292.49,292.5,286.375,8881504.090747,288.4939
TSMY,16.79,16.95,17.01,16.5101,138093.095574,16.8575
BKTI,93.88,93.61,96.805,93.61,36413.446235,94.6739
FFEM,43.2304,42.93,43.33,42.858,30488.442435,43.0383
SLYV,103.65,103.58,103.9,103.0,170102.567818,103.6272
FITB,49.33,49.85,50.035,49.28,4216508.418424,49.4588
JIG,83.934,83.7,83.934,83.57,26021.607869,83.7066
SSRM,34.2,32.96,34.55,32.895,2726920.256355,33.9467
KRUS,57.3,56.31,57.9291,55.23,144124.901483,57.105
SPHY,23.47,23.42,23.47,23.42,6785206.941739,23.4487
SVRE,5.39,5.62,5.86,5.18,32648.9496,5.5628
FNDE,41.56,41.49,41.64,41.435,926143.099503,41.529
STKE,1.83,1.58,1.86,1.5119,516504.308523,1.741
NVDY,14.08,14.0,14.2,13.955,3246757.193684,14.0839
MMSC,27.44,27.72,27.72,27.2513,3872.2135,27.5129
QQQH,55.4822,55.17,55.5,55.17,26236.160164,55.3769
EPI,43.7,43.6,43.76,43.555,639920.005915,43.6737
FCCO,30.4,30.5,30.725,30.11,59104.6696,30.3586
NAGE,4.17,4.23,4.258,4.04,1787470.663812,4.1583
YQQQ,10.38,10.52,10.524,10.36,105672.286674,10.4215
AVDE,91.13,91.01,91.215,90.7,1154705.875204,90.9755
TGEN,4.63,4.8,4.89,4.52,462953.468784,4.668
XLRE,44.41,44.52,44.72,44.385,3267145.014939,44.551
PXJ,43.86,43.79,44.3,43.66,11336.416636,43.9357
RGTI,18.94,18.835,19.0,17.75,18261122.043589,18.3747
SPUS,56.25,55.83,56.26,55.79,387942.739203,56.1443
EES,64.08,64.24,64.27,63.78,14015.193638,64.0868
UBRL,16.92,17.58,17.58,16.4396,115060.760421,16.8893
YELP,27.08,27.28,27.84,25.0,2020120.872414,26.5328
ODVWZ,0.1502,0.16,0.16,0.1502,19987.0,0.158
EAGG,47.51,47.51,47.53,47.481,415459.003183,47.5009
QID,14.92,15.41,15.43,14.915,26029874.664016,15.0825
VALQ,66.8531,66.98,67.0,66.79,10147.0725,66.9351
FTMH,11.7,11.78,11.78,11.6869,105084.909,11.7024
GAEM,26.86,26.8,26.86,26.8,8624.4502,26.8195
CSPF,26.1111,26.05,26.13,26.05,26780.1761,26.1063
DHY,1.78,1.76,1.78,1.75,769007.212223,1.7659
EUSB,43.52,43.54,43.56,43.511,27423.080061,43.5329
DFAX,37.6,37.54,37.615,37.44,1275437.840746,37.5739
EZBC,46.32,46.01,46.46,45.94,110570.63428,46.1645
EDC,92.84,90.26,92.84,90.26,129298.639034,91.6724
SCHB,28.42,28.32,28.44,28.31,4857928.190459,28.3999
EPOL,39.03,39.03,39.095,38.84,209563.063068,39.0138
PENN,16.74,16.88,17.0,16.5219,2200232.212045,16.7162
GOVZ,36.2,36.16,36.31,36.16,101574.388241,36.192
NPWR,2.0,2.07,2.07,1.92,739392.962329,1.9856
TDTT,24.31,24.31,24.31,24.29,102893.374188,24.2983
GDC,0.16,0.23005,0.2316,0.1193,475995475.993158,0.1939
CMAG,26.1582,26.34,26.34,26.1,2558.0,26.139
HOOD,77.03,76.24,77.065,74.25,18141883.293418,75.834
HEZU,46.7,46.86,46.86,46.4138,15364.020701,46.6023
GTEK,54.8785,54.4,54.99,54.086,21538.371611,54.5899
IBCP,34.53,33.95,34.59,33.83,199361.782829,34.3175
SCZM,9.03,9.0,9.27,8.85,397923.699125,9.0286
FXI,37.24,37.5,37.63,37.17,19520925.124269,37.3076
SMB,17.285,17.29,17.29,17.27,41554.045205,17.2804
TLRY,5.56,5.65,5.66,5.475,4392334.857427,5.566
FMAG,36.02,36.17,36.19,36.02,8949.115494,36.1161
RVMD,141.81,142.56,144.61,140.53,2514425.202349,142.1214
FDEC,53.735,53.76,53.76,53.6,14734.0,53.7071
WLAC,18.83,19.0,19.4999,17.01,505598.476538,18.4083
IPO,49.36,50.16,50.16,48.995,20306.830597,49.2816
FCLD,35.43,34.72,35.43,34.335,25914.028449,34.8114
BSV,78.15,78.16,78.1843,78.13,1699772.764764,78.1482
VERS,74.1331,72.39,74.1331,72.39,564.6642,72.9272
MUNI,52.42,52.47,52.48,52.395,272568.306905,52.4238
FIDU,93.87,94.7,94.7,93.77,70896.643433,94.0478
VFQY,161.6745,161.83,161.865,161.01,3771.854222,161.6261
RVPH,0.856,0.87,0.88,0.83,330922.227125,0.8431
FEAC,31.4435,31.44,31.53,31.38,4350.9931,31.4491
FAD,182.9214,183.04,183.11,181.68,12532.111532,182.5367
DNL,45.22,45.05,45.22,45.0122,10967.963481,45.0842
CORP,97.06,97.04,97.66,97.015,105707.573103,97.0454
MYSZ,0.58,0.57,0.589999,0.57,5709.0,0.5771
YMAG,13.09,13.08,13.13,13.04,1846007.471304,13.0982
FFEB,60.2412,60.27,60.27,60.15,6021.0,60.236
SDTY,42.6257,42.56,42.64,42.475,9514.096672,42.5584
FLGB,35.7208,35.78,35.785,35.6,199359.704818,35.7127
GEM,51.374,50.84,51.374,50.84,92310.881907,51.1381
SUIG,1.61,1.61,1.663,1.5,330228.002604,1.576
TSDD,7.46,7.92,7.92,7.345,30543853.363827,7.5058
BSMU,21.9422,21.98,21.98,21.94,33764.8506,21.9594
VGMS,51.34,51.23,51.346,51.23,16844.8871,51.3181
SIFY,16.34,16.0,16.45,15.95,84334.493359,16.2529
FBND,45.75,45.74,45.915,45.7143,1996283.696946,45.7425
QNC,2.72,2.82,2.82,2.7,332286.782426,2.7413
SPWH,1.48,1.43,1.5,1.4,411061.25446,1.4704
JUCY,22.21,22.22,22.225,22.16,56387.792508,22.2033
SBTU,4.02,3.98,4.12,3.76,39009.932,3.9779
GBIL,99.99,99.99,100.0,99.99,601191.446546,99.9947
DFEV,42.25,41.84,42.26,41.84,173258.302528,42.1479
OSRHW,0.06,0.075,0.0799,0.058,182428.064117,0.06743
FBCG,60.7,60.63,60.8499,60.53,912110.164448,60.6586
QQQU,60.81,60.05,61.1,60.02,75083.22936,60.6889
VIOO,127.89,127.78,128.133476,127.18,285146.056374,127.5018
BINV,43.3402,43.42,43.42,43.16,26420.632,43.2753
OSEA,30.7536,30.9,30.9,30.61,29658.1564,30.703
ROM,135.07,129.12,135.07,129.0,68180.048043,132.7009
WLFC,222.72,224.41,227.91,219.1437,117299.389844,224.6426
PCEB,25.13,25.27,25.27,25.13,1155.0,25.2603
ABNY,43.0914,42.25,44.31,42.25,4319.6191,43.6694
TMUSI,22.06,21.88,22.06,21.88,20593.0,21.988
AAPU,36.84,36.085,37.23,36.085,3031538.71904,36.7928
AEHR,97.23,94.0,103.8321,90.19,3842808.390992,97.0779
DARE,2.75,2.94,2.94,2.65,560141.646592,2.745
MTLS,5.41,5.48,5.5,5.255,122188.580669,5.4008
OALC,39.55,39.41,39.55,39.345,38834.348333,39.474
PLTA,14.5,14.04,14.51,13.555,64679.021082,14.0837
IGV,91.15,89.83,91.15,88.28,17106588.634893,89.9818
CBRL,31.49,31.705,32.3991,30.89,1027716.227842,31.6456
LABX,45.28,45.75,46.265,40.84,353905.489478,43.0379
CNTX,2.38,2.33,2.4,2.27,537690.851594,2.3382
CRBP,10.96,10.88,11.28,10.79,240982.632993,11.0067
NTSI,46.7796,46.7,46.809,46.58,19374.86674,46.6986
INVE,5.14,5.08,5.25,4.99,127585.887444,5.1455
LASE,0.8731,0.7436,0.88,0.7403,2790951.719524,0.8314
DSGN,14.22,14.02,14.6,13.965,402991.825295,14.3423
TVAL,40.02,40.0,40.07,39.98,30827.0697,40.0445
DGRO,73.0,73.32,73.4486,72.9,1302661.261105,73.0983
ILLR,0.2571,0.2116,0.2571,0.2087,456086.363636,0.2404
ACIC,10.53,10.97,10.97,10.505,281071.559324,10.6033
WULX,46.04,53.45,55.41,43.53,289232.186927,47.4672
FSLY,20.51,20.36,21.08,19.6,19170708.157673,20.197
RAAQ,11.29,11.05,11.35,11.05,604675.992321,11.2465
XPOF,5.6,5.73,6.25,5.46,1653008.849301,5.7121
INDO,3.09,3.1,3.19,3.07,482920.558524,3.1167
AGMB,12.13,11.4,12.75,11.19,107862.092055,11.9671
DFLI,2.07,2.09,2.11,2.03,269192.705802,2.0685
IOYY,9.0841,9.01,9.0841,8.82,19258.017213,9.0123
SKYQ,3.91,4.16,4.3899,3.82,1552143.190074,4.1946
ACIO,46.06,45.86,46.13,45.86,58853.0503,46.0642
FDHY,49.24,48.79,49.7,48.7801,157572.342089,49.0313
BSJU,25.905,25.86,25.91,25.859,27651.6994,25.8909
DXC,9.43,10.02,10.28,8.402,16632610.274331,9.0023
DJP,49.34,49.25,49.53,49.25,24487.222666,49.4098
NEAR,50.75,50.76,50.77,50.72,328805.358449,50.7461
AIM,0.3379,0.36,0.3752,0.3325,3314054.50868,0.3773
PRCH,10.97,11.28,11.37,10.82,2139874.140442,11.0253
SONO,15.06,14.89,15.11,14.57,1588276.629661,14.895
NFBK,14.04,14.06,14.1,14.02,118476.0076,14.0529
TCBI,99.96,100.56,101.03,99.74,244732.604013,100.0993
DC,6.01,5.87,6.04,5.83,692605.392144,5.9639
UNCY,7.94,7.94,8.14,7.78,401799.825317,7.9739
BGDE,6.21,7.1,7.1,5.9,171585.548253,6.2853
GCOW,45.57,45.71,45.71,45.51,227430.618655,45.5985
ISBG,22.04,21.62,22.1,21.62,7588.03161,21.9104
PODC,3.57,3.53,3.78,3.53,101880.403181,3.6131
IHI,49.01,50.15,50.15,48.945,1968451.987761,49.2132
FTLS,74.26,74.06,74.47,74.03,73987.748328,74.2661
TRX,1.26,1.26,1.3,1.23,2930508.15623,1.2612
PRE,16.16,16.0,16.27,15.31,224928.909158,15.7855
FITE,99.3851,97.89,99.3851,97.28,6472.566944,98.3419
UMAC,13.42,13.61,13.92,12.945,4231866.835813,13.293
IYM,184.07,184.73,184.82,183.73,64879.445907,184.2819
CYCU,0.86,0.9096,0.9096,0.85,665134.475453,0.8693
AMDL,55.74,47.6,55.98,47.6,20567832.900935,52.3105
XPAY,54.51,54.39,54.53,54.22,96600.441265,54.3932
USMV,94.03,94.33,94.43,93.835,1724913.172233,94.1317
MTYY,4.67,4.59,4.6799,4.5728,16943.545631,4.6068
IQDF,34.75,34.56,34.79,34.55,27531.71135,34.6528
SPRO,2.56,2.52,2.58,2.49,355975.842607,2.542
ONEY,125.03,125.07,125.3588,124.578099,56901.0589,125.0821
SPEM,52.62,52.6,52.8001,52.495,2852658.425512,52.6137
AZO,3496.19,3554.44,3561.16,3485.0001,231506.492067,3517.6435
SIBN,12.27,12.95,12.95,12.25,725841.503665,12.3832
RFG,62.0,62.17,62.17,61.62,5385.728304,61.8225
VNLA,48.96,48.96,48.98,48.96,238477.774792,48.9736
PETS,2.28,2.29,2.34,2.2703,59638.282593,2.3091
TW,108.81,110.75,111.5899,108.48,927296.437993,109.2218
DBO,21.33,21.05,21.525,21.02,829386.484422,21.3452
SNDU,118.0,95.89,118.0,95.1,1355193.733901,105.2264
FIVE,223.13,224.57,226.0,220.0,970416.692442,223.5852
NKTR,81.89,84.94,84.94,80.91,722769.329395,81.9163
WHLR,1.14,1.1,1.1924,1.05,100969.351263,1.1372
BKNG,165.93,169.2,170.56,165.62,8860999.942822,167.7302
JPIE,46.07,46.04,46.11,46.03,966308.832521,46.0641
FXG,61.8001,62.08,62.1876,61.78,10506.6658,62.0248
OUSM,46.83,46.7,46.93,46.5301,89283.565249,46.7782
MEXX,34.05,33.73,35.05,33.5701,28245.744736,34.2201
EVSM,50.31,50.38,50.38,50.29,154353.6559,50.3011
RSBY,18.675,18.67,18.719,18.655,9532.8722,18.6994
FHEQ,32.76,32.61,32.84,32.61,52829.9445,32.7519
RDWR,27.48,28.97,29.48,27.37,471617.801542,27.6299
QUAL,210.43,210.53,211.02,209.97,1151478.577918,210.6057
KNSA,58.6,57.06,58.85,56.83,394278.826433,58.2982
IBMP,25.35,25.32,25.3699,25.32,72581.4741,25.3544
WEBL,24.63,24.64,24.66,24.04,256135.968489,24.3913
KRAQ,9.89,9.89,9.91,9.89,3256.0,9.8989
SPY,737.62,734.93,738.08,734.57,47227085.270493,736.5439
BUFD,29.415,29.35,29.43,29.35,175623.0774,29.3974
SCHR,24.79,24.8,24.82,24.78,1729574.910241,24.7948
WABC,54.85,54.76,55.21,54.615,107718.621723,54.8369
HUMN,36.85,36.19,36.86,36.11,72224.085581,36.5045
TRUG,2.01,2.34,2.34,1.93,69586.0,2.0958
PRNT,23.835,23.74,23.91,23.48,23964.830164,23.7253
RFV,139.0531,139.41,139.69,139.0531,2365.487,139.4173
BBIN,78.32,78.01,78.3599,77.85,55338.154851,78.1384
JMTG,50.92,50.88,50.92,50.855,414921.4102,50.8817
ARKO,6.87,6.71,6.875,6.59,1538310.831702,6.7869
ITDG,41.4748,41.25,41.5,41.25,20320.913301,41.4357
GLE,0.459,0.515,0.5179,0.45,6254763.004224,0.4862
TPST,1.99,2.0,2.05,1.97,83419.2398,2.0242
SDY,148.01,149.16,149.2,147.915,171251.598303,148.4034
EEMS,79.26,78.8,79.44,78.8,39411.983401,79.1832
POWR,27.43,27.73,27.79,27.38,268672.613038,27.5119
GNS,0.252,0.26,0.2663,0.242,2343054.829566,0.2503
IEV,72.36,72.26,72.5,72.03,158439.746634,72.2295
INDI,4.3,4.305,4.36,3.95,5828879.996142,4.2233
FRNW,25.8,25.67,25.835,25.48,75331.834476,25.6484
PATH,10.79,10.82,10.835,10.32,24799510.099447,10.64
CXDO,9.36,9.135,9.5249,8.5,957522.529185,9.1227
INCM,29.23,29.29,29.29,29.2,320619.53952,29.2338
XNCR,12.86,12.22,13.155,12.0,899514.259748,12.7756
NN,19.79,19.58,20.02,19.02,1999142.964877,19.534
MDY,675.24,676.8,677.23,672.77,328035.785941,674.9003
KIE,56.37,56.58,56.58,55.9,1422796.200727,56.2726
LGPS,0.7078,0.7748,0.7748,0.66,31534.578947,0.7178
SYM,52.29,57.27,57.27,50.75,2922977.689659,52.3197
TSNF,30.45,30.04,30.45,29.96,5302.466262,30.1767
FLQS,46.02,46.22,46.22,45.98,2376.0515,46.0202
FCG,28.92,29.2,29.2773,28.86,657711.835002,29.088
CORN,18.61,18.41,18.678,18.4,446502.234003,18.5616
BMRA,2.22,2.22,2.22,2.15,7763.652,2.1713
SCYX,0.9157,0.9576,0.9576,0.9106,119452.999,0.9293
QGRO,112.64,113.48,113.48,112.58,272985.975073,112.7828
FSEC,44.09,44.12,44.12,44.01,163400.2115,44.0511
XLU,44.72,45.36,45.51,44.69,18158143.524976,44.9377
STPZ,54.13,54.16,54.16,54.0901,41560.92745,54.1132
HIMZ,38.13,31.58,38.68,30.9027,1273008.372078,35.5134
ZROZ,63.01,62.96,63.26,62.91,366831.018455,63.0454
LZM,5.96,5.71,6.16,5.71,682381.775039,5.944
BNO,53.11,52.7,53.92,52.57,4028454.756011,53.269
CHA,10.48,11.03,11.03,10.43,666980.607454,10.6237
MOO,81.66,82.16,82.27,81.54,2641163.652019,81.7285
RIME,0.6127,0.76,0.76,0.5642,1708227.704057,0.6357
OSUR,3.06,3.13,3.14,3.01,869003.656116,3.0829
YORW,29.62,29.2,29.68,29.2,169813.551636,29.507
PNQI,48.9167,48.99,48.99,48.65,52352.216052,48.8818
CWI,40.38,40.33,40.4599,40.215,446967.648779,40.3061
VLYPO,24.95,25.06,25.0601,24.95,10383.7211,25.0357
OMFL,67.29,67.07,67.37,67.0,90616.972433,67.2702
NVII,28.26,28.0,28.5784,27.97,82943.438366,28.3365
EIPI,22.04,22.31,22.366,22.03,70353.395551,22.1213
NFRA,65.5023,65.78,65.84,65.5,25048.62055,65.6229
MCRP,2.66,2.68,2.7189,2.504,69629.76986,2.5932
IVOG,139.83,140.7,140.7,139.53,19317.43198,139.9907
GOOD,12.84,12.75,12.98,12.65,673199.304339,12.8246
YMAX,8.72,8.64,8.72,8.58,1608286.873948,8.6656
OPTT,0.3495,0.3547,0.3547,0.3453,2522955.642664,0.3494
MGN,0.167,0.153,0.167,0.153,945797.322755,0.1615
BEX,54.35,58.93,59.14,49.1059,1218760.560733,54.3738
TAYD,51.96,52.2,52.2,50.5363,25561.967317,51.1681
DEHP,41.9802,41.46,42.03,41.46,21034.562761,41.8428
PGJ,26.9947,27.33,27.48,26.9501,14608.623823,27.1191
CHIQ,19.98,20.1,20.21,19.89,14046.039046,20.0136
VGK,88.12,87.96,88.14,87.57,1747948.041383,87.9476
TLTP,21.2739,21.25,21.31,21.242,13635.4593,21.0957
IAT,57.5,57.8,57.84,57.32,89175.632855,57.5194
AVNW,15.81,16.785,16.79,15.5,291473.328596,15.8867
CLNE,2.21,2.25,2.26,2.075,2310655.89259,2.1805
ROAD,140.48,142.76,151.0,136.625,1647236.349683,142.8788
TCMD,25.65,26.01,26.28,25.51,385562.674673,25.7304
KOLD,26.75,25.53,26.945,25.285,2127699.854246,26.1274
NBIZ,2.7,2.52,2.702,2.4,6681053.45603,2.5787
CLOX,25.56,25.57,25.57,25.51,113035.266216,25.5316
CAPR,30.38,29.5,31.275,28.45,3708649.667301,29.881
SDOT,0.334,0.33,0.35,0.3,3610522.990421,0.3159
GOGO,4.4,4.67,4.67,4.14,1877422.066036,4.3321
FXF,113.59,113.47,113.7,113.41,40582.337175,113.5483
STX,782.64,780.0,802.13,772.0,4873951.023188,786.5845
DERM,5.07,4.98,5.1032,4.84,100648.518032,5.0169
OPENW,0.6851,0.7853,0.7853,0.6304,667059.508115,0.6893
BCS,23.71,23.92,23.98,23.6,6329252.717661,23.7465
FFIC,15.99,15.99,16.05,15.905,202067.7157,15.9563
FENI,39.93,39.81,39.94,39.695,1699085.828333,39.8289
PXLW,5.73,5.61,5.85,5.61,53631.336546,5.7305
AMCX,8.8,8.2,8.8,7.66,619266.41299,8.3396
BNOV,47.1,47.01,47.125,47.01,15077.0,47.0883
PSLV,26.21,26.24,26.46,25.91,7454715.553305,26.1654
CEGX,18.22,19.78,19.78,17.96,90983.456716,18.824
DTH,56.341,56.26,56.46,56.14,22423.49095,56.2763
NVTS,18.2,15.885,18.2,15.6,34942982.782275,16.9405
UROY,4.0,4.05,4.16,3.955,3740634.736625,4.0489
SNXX,195.89,158.285,195.89,157.749,12205593.741054,175.0569
PAAA,51.38,51.39,51.39,51.3602,977680.51508,51.3826
FSYD,48.945,48.88,48.945,48.85,31226.854796,48.9136
YETH,11.8,11.65,11.8159,11.5502,123402.479082,11.6816
AGNC,10.86,10.776,10.89,10.745,13189740.14549,10.829
JPST,50.5,50.51,50.51,50.5,5021331.250165,50.5052
RSPH,30.59,30.65,30.65,30.32,89176.548353,30.4798
ASPN,5.04,5.205,5.63,5.04,2013053.814619,5.1947
QTOC,37.341,37.13,37.341,37.13,18674.0,37.3176
CSHR,5.94,6.11,6.16,5.8258,211157.547,5.9584
MDXG,3.6,3.72,3.73,3.6,1766754.773933,3.6319
BHRB,63.82,64.07,64.07,63.3,80000.87317,63.693
XRP,15.88,15.49,15.955,15.4731,634243.957795,15.7343
QBTS,22.57,22.2,22.67,21.42,20168995.153047,22.0726
USO,133.59,132.37,135.22,132.14,7739649.608404,134.0005
GTO,47.09,47.08,47.12,47.065,293558.3283,47.0866
SEIX,23.35,23.36,23.36,23.3319,60523.61245,23.3476
BKMC,118.7298,119.01,119.08,118.39,7571.946129,118.5936
SPSB,30.02,30.03,30.03,30.01,2433129.900758,30.0165
HEFT,26.69,26.82,26.82,26.55,35575.3613,26.6427
PMTS,15.6,15.69,15.86,15.24,33794.564471,15.5811
SDG,90.995,91.37,91.37,90.12,2178.974911,90.7247
HTEC,33.65,33.96,33.96,33.53,6201.50226,33.7157
HTCR,3.18,3.22,3.32,3.1,83700.228811,3.2185
CG,50.63,48.91,50.65,47.62,5135607.937615,49.9296
PLTM,19.74,19.47,19.77,19.39,276095.710298,19.6024
IAU,88.87,88.935,89.37,88.47,2861416.4141,88.8412
UPSX,16.79,18.05,18.05,16.32,72113.013363,16.9607
BOIL,12.64,13.24,13.345,12.545,7353818.893801,12.9111
CRON,2.54,2.57,2.62,2.52,1215856.144075,2.5773
HEEM,43.2811,42.96,43.295,42.96,9782.509317,43.1675
JAGU,2.39,2.35,2.46,2.31,48217.1965,2.3893
TWST,56.85,58.69,58.9999,56.0,1090454.085633,56.8613
TDUP,4.82,4.86,4.93,4.625,3399495.563175,4.7941
TMV,37.82,37.78,37.88,37.5,476759.036897,37.7207
VXZ,55.49,54.96,55.49,54.96,17709.3796,55.3422
SHPU,11.14,11.13,11.14,10.49,417402.818692,10.9014
NETG,9.25,12.18,12.25,8.68,4616308.69559,9.78
TSPY,25.5,25.38,25.53,25.38,227189.78985,25.4873
EELV,29.2259,29.3,29.33,29.1,91454.8267,29.1443
CSX,44.83,44.492,44.985,44.45,9501111.14866,44.8181
XLP,84.18,84.53,84.8,84.155,10323780.577911,84.4801
YYAI,0.7474,0.7267,0.75,0.694776,376163.772665,0.7122
VALN,5.59,5.64,5.64,5.53,22777.994139,5.5924
IYG,86.725,87.36,87.36,86.55,57778.495192,86.7895
GOVX,1.67,1.78,1.8,1.4612,560174.381686,1.6228
PDBA,37.265,37.16,37.3184,37.0603,75535.460234,37.2067
AHYB,46.305,46.26,46.31,46.245,1988.8514,46.2801
RMBI,15.16,15.3,15.3,15.16,24947.992048,15.2285
GORO,1.31,1.45,1.45,1.3,2722240.461395,1.3668
MPTI,81.2,77.26,87.23,76.895,166816.693571,83.2716
QTJL,41.84,41.75,41.85,41.75,11777.0,41.8307
BALI,33.4,33.41,33.495,33.28,315006.417391,33.3796
LINE,39.96,39.95,40.35,39.48,1273339.985417,39.9541
VCIG,0.8625,0.9078,0.9078,0.8625,100441.525652,0.8763
PSIX,75.91,72.41,76.32,71.4214,576111.109334,74.9192
WK,51.29,52.06,52.06,49.87,1276804.596498,50.9541
SPYU,33.11,32.68,33.2,32.62,1683244.505478,32.8942
SRPU,9.8,10.57,10.7314,9.8,66033.0,10.052
MNST,86.29,84.495,88.77,83.13,15284847.549193,86.406
WTMU,25.71,26.16,26.16,25.71,2202.0,26.1206
GMED,77.95,85.55,85.55,76.52,6038701.702726,78.2229
EETH,28.4923,27.95,28.579,27.95,29399.465213,28.186
ASTE,53.34,53.01,54.0,51.03,312182.801794,53.188
BITW,51.7606,51.29,51.8899,51.2,13621.21864,51.56
CITR,6.97,6.9,7.0,6.5,13654.09317,6.8057
PALC,55.3219,54.95,55.4,54.95,6312.3305,55.1952
REMX,106.38,107.18,108.18,105.12,1201666.863855,106.3499
MKTW,20.68,16.65,21.4214,16.65,78374.541754,19.142
ARCB,120.97,121.66,122.165,120.415,266011.165194,121.0344
SLNH,1.83,1.53,1.92,1.38,54769360.931569,1.7074
SLJY,34.91,34.33,35.0577,34.0514,25037.536302,34.6325
SXTP,1.54,1.58,1.59,1.53,63391.308741,1.5559
SCHM,34.74,34.68,34.745,34.46,888016.369465,34.6512
VEON,49.5,48.76,50.93,48.08,207442.583598,49.3938
ARCC,19.01,18.96,19.05,18.78,4777720.005332,18.9286
DOGG,21.16,21.23,21.27,21.11,25482.020325,21.1667
PRQR,1.58,1.57,1.63,1.51,663962.16866,1.5699
CENT,38.14,38.23,38.62,37.68,47891.510063,38.1198
MGV,153.8,153.4,154.0499,153.26,179982.04507,153.756
NANR,82.7012,82.53,82.99,82.53,19752.686528,82.7483
SPBO,29.07,29.06,29.11,29.04,876049.134874,29.0667
MORT,10.5,10.47,10.53,10.4,515601.281341,10.4884
NRIX,16.52,16.29,16.62,16.225,1293837.575302,16.4779
KELYA,9.87,9.7,10.045,9.58,579836.566109,9.8528
TMFG,30.848,31.1,31.1,30.67,17986.667846,30.8486
UTG,42.48,43.48,43.5503,42.41,196678.480428,42.8252
EMPB,31.5245,31.32,31.5245,31.32,19010.977351,31.456
MADE,36.74,37.17,37.17,36.725,16567.689985,36.8139
SMMD,86.74,86.54,86.81,86.0401,237376.5893,86.4712
EFAV,91.22,91.19,91.35,90.96,327390.351847,91.1494
TYD,24.36,24.42,24.47,24.32,32138.727389,24.3845
INTZ,0.7703,0.814,0.814,0.7701,68672.476819,0.7843
VSEC,193.05,202.39,202.39,191.36,373518.136102,194.5111
VHT,268.98,271.14,271.83,268.39,211402.559046,269.1269
ADIV,19.2651,19.06,19.29,19.06,4317.7453,19.243
REAX,2.04,2.23,2.25,2.03,5732575.860115,2.1074
CGSD,25.84,25.84,25.85,25.83,267196.254351,25.8383
NVTX,72.4,55.33,72.4,54.78,349222.26184,63.1287
EXEL,48.16,46.59,48.17,46.46,2179091.924443,47.6664
TMUS,193.63,194.1,195.9042,193.16,3965915.825229,193.7074
IRE,36.94,39.885,41.82,33.23,13195887.329113,37.2051
THTA,15.58,15.52,15.61,15.52,16649.24299,15.5648
BITY,34.1193,33.88,34.15,33.84,4934.4308,34.0023
ROBO,86.58,85.84,86.61,85.47,145057.910215,86.049
SIJ,8.9741,8.84,8.9741,8.84,2800.9442,8.8698
BFST,27.68,27.53,27.81,27.53,109102.199896,27.6747
GDEC,39.3748,39.3,39.4299,39.3,9573.0,39.3422
TAOX,6.48,6.42,6.48,6.01,61400.787198,6.2285
SEIC,91.18,89.99,91.21,88.78,481386.162665,90.7124
IYRI,49.57,49.62,49.85,49.57,46246.475984,49.7357
ATLO,28.61,28.63,28.85,28.455,84349.2577,28.6053
RILA,11.49,11.49,11.53,11.422,6931.078,11.4848
FLGV,20.335,20.35,20.355,20.3201,38280.3902,20.3344
JVAL,55.4569,55.15,55.4641,55.005,77613.31957,55.4083
PVAL,49.33,49.44,49.56,49.23,950311.878802,49.3843
ISMF,28.0368,28.01,28.06,28.0,9611.7252,28.0211
JOET,43.32,43.36,43.46,43.17,8829.993059,43.3395
EEM,67.94,67.33,67.96,67.28,27606254.116303,67.7769
NVDD,32.41,32.75,32.75,32.0,92223.865148,32.3821
PRF,52.57,52.37,52.64,52.25,334264.979944,52.5152
DRIV,39.81,39.34,39.8899,39.2,51239.012675,39.6084
SAFX,0.422,0.44,0.44,0.3949,4017380.960916,0.4164
XLV,143.49,144.59,145.07,143.175,10165376.505716,143.6705
HSCZ,42.6501,42.75,42.75,42.5124,23389.6177,42.561
QS,7.54,7.38,7.565,7.15,17595289.788501,7.3467
IUS,64.2,63.93,64.25,63.865,47836.645795,64.1008
QVAL,54.3836,54.4,54.51,54.153,17585.86442,54.3672
SOLM,12.0441,11.49,12.0441,11.455,33401.5854,11.9349
SMBS,25.55,25.54,25.5565,25.51,817061.625078,25.5288
HBM,25.02,24.65,25.185,24.37,3890298.228606,24.9054
NJUN,32.78,32.74,32.8,32.74,204.0,32.7702
ROP,343.32,349.9,351.31,340.68,1178504.40368,344.4228
NUSC,49.45,49.41,49.517889,49.225,40036.651976,49.419
SIHY,45.23,45.4,45.4,45.05,323666.9064,45.1545
NERV,5.88,6.1,6.1,5.86,74685.791173,5.9551
DFSE,49.8533,49.47,50.11,49.47,16109.5016,49.856
INCO,60.5658,60.4,60.62,60.4,9557.368384,60.5159
QQQI,56.5,55.985,56.5,55.9701,5244400.3632,56.2832
FREL,29.35,29.36,29.5101,29.335,147046.920327,29.4266
NSRX,3.15,3.37,3.39,2.945,105246.778421,3.1831
RPV,110.72,110.59,110.93,110.105,79945.352655,110.6791
MDIV,16.61,16.57,16.6599,16.57,111726.153472,16.6077
XNDX,27.7069,37.14,37.75,25.585,333870.308207,31.0592
OFRM,16.33,15.98,16.8381,14.0,1294741.792799,15.938
JPSE,58.23,58.15,58.3199,58.05,57964.22829,58.224
VWOB,67.08,67.12,67.195,67.055,457583.362405,67.124
DBB,25.32,25.33,25.355,25.2102,260284.90005,25.3226
SPYV,60.1,60.07,60.225889,59.93,1867160.447607,60.1231
AUGO,82.11,83.87,84.86,81.34,671877.867828,82.394
VNQI,47.72,47.81,47.87,47.6001,284389.280712,47.7184
HLIT,12.81,12.34,12.88,12.215,2390291.482043,12.6733
ABR,7.21,7.28,7.49,7.04,11954112.708286,7.2516
SEIM,52.37,52.11,52.39,52.11,51371.8043,52.3129
TOON,0.6369,0.6399,0.6498,0.6251,150414.373171,0.6338
QBTZ,12.01,12.3,13.4,11.92,593150.618885,12.6146
ILS,19.87,19.89,19.89,19.87,25920.3703,19.8758
AVNM,83.934,83.68,84.01,83.6501,37105.290048,83.8061
SAGT,1.55,1.64,1.6594,1.53,135998.087393,1.5783
SH,33.61,33.73,33.74,33.585,7066124.614739,33.6348
SPYT,17.66,17.6,17.6792,17.58,90602.348676,17.6555
WLDN,88.39,78.05,88.44,78.05,1118874.188958,85.397
IAUG,29.645,29.59,29.68,29.59,4658.0,29.6448
TPGXL,24.6,24.63,24.63,24.51,76998.0,24.5565
RMR,20.23,19.38,20.25,19.38,235502.501836,19.9866
KOMP,68.11,67.76,68.13,67.1113,43815.269394,67.8191
SPMO,143.81,141.21,143.835,141.12,1924596.191747,142.9105
PEP,154.62,156.75,157.3,154.38,4934779.097416,155.0853
GPTY,45.75,45.43,45.75,44.95,43330.908422,45.349
XSVM,66.9863,66.42,67.065,66.41,22199.120601,66.8362
PCY,21.67,21.67,21.7099,21.61,178419.854885,21.6719
TAIL,10.92,10.92,10.9359,10.9,190885.060518,10.915
XLUI,24.2675,24.47,24.97,24.26,22460.1021,24.3851
FBCV,38.6203,38.4,38.73,38.4,55646.849854,38.6144
REFI,11.96,11.71,12.055,11.64,304561.130446,11.9364
KMDA,8.55,8.53,8.55,8.36,38886.475778,8.4735
BFRG,0.66,0.65,0.6788,0.64,290875.722473,0.6578
BKCG,37.9366,37.81,37.9366,37.81,1205.2459,37.8601
WNTR,21.55,22.36,22.52,21.55,91671.236437,22.0065
LDUR,95.6,95.57,95.64,95.5203,47703.569621,95.6021
EVUS,34.49,34.47,34.5099,34.4307,15607.0347,34.4735
PTON,5.69,5.625,5.81,5.33,16939536.553944,5.6192
SHYM,22.18,22.21,22.215,22.175,216639.592535,22.19
SDST,2.4,2.35,2.48,2.25,184205.56472,2.3593
CEMB,45.82,45.82,45.83,45.73,40350.131328,45.7961
DVA,198.65,196.595,199.27,193.85,1127109.577464,197.3259
CSIQ,20.06,18.29,20.47,18.1528,5713701.321177,19.6039
HBNC,18.49,18.62,18.665,18.28,379021.9738,18.4553
QLTA,47.61,47.58,47.64,47.57,132077.826075,47.5996
UCO,44.47,43.18,45.05,43.11,4779626.245852,44.4037
HUBC,0.2474,0.2371,0.2775,0.2232,4477166.483043,0.247
EU,1.655,1.88,1.88,1.65,7747543.911124,1.7161
ROLR,7.15,7.7,7.7,7.07,249610.541393,7.2831
U,28.16,26.495,28.18,25.81,17315070.110462,27.7486
QLYS,94.28,93.65,95.72,90.32924,1144394.00416,94.2978
POWI,73.28,77.22,81.5889,71.85,1563525.896148,74.7509
IEUR,75.17,75.01,75.17,74.68,425988.937153,74.9919
UFEB,38.27,38.19,38.2918,38.19,6330.0,38.2761
INTL,31.085,31.0,31.275,30.9288,26946.53969,31.0036
AMZP,30.91,30.71,30.93,30.58,10631.8981,30.8556
DDTJ,19.83,19.75,19.83,19.75,873.0,19.7766
UTZ,7.5,7.75,7.75,7.5,2045911.845431,7.5771
CLDT,9.92,10.06,10.1,9.71,386416.258173,9.8761
RWX,28.25,28.3,28.4499,28.1908,14870.61712,28.2667
COHN,14.91,14.18,15.01,14.18,22540.733281,14.7247
RBLU,5.82,6.61,6.61,5.76,1001577.646309,6.025
AVSE,79.9625,79.26,79.9625,79.26,3960.845961,79.7936
RNWWW,0.0073,0.0075,0.0075,0.0073,25121.0,0.007479
MUNY,103.08,103.26,103.28,103.06,37214.738897,103.1386
AYA,19.33,19.27,19.33,18.4,310198.907394,18.9195
EMC,37.4995,37.34,37.4995,37.34,1711.977803,37.4112
SZNE,38.24,38.26,38.26,38.21,369.1663,38.2301
ISCG,61.78,62.07,62.11,61.4401,22973.476311,61.7567
RDOG,40.0958,39.85,40.13,39.85,1704.6103,39.9929
BURU,0.228,0.2463,0.2489,0.221,13608146.487458,0.2353
SPHB,141.67,140.05,141.67,139.51,285710.881655,140.6942
FID,22.05,22.05,22.1,21.96,21880.8535,22.0567
USIO,1.28,1.3,1.315,1.24,28904.5,1.2763
IPAC,82.72,82.73,82.84,82.435,52920.383549,82.6268
SOLS,78.25,79.01,79.3499,76.66,2073925.734472,77.8496
PBP,22.78,22.83,22.83,22.74,27431.779287,22.7552
RGYY,9.42,9.36,9.43,9.24,8091.65229,9.3588
EIDO,14.89,14.89,14.895,14.835,519267.67814,14.8746
CRBN,250.82,250.0,250.99,250.0,5882.128786,250.6852
FLIN,35.67,35.74,35.755,35.575,221905.617401,35.6716
DRAM,52.8,49.0,52.8,48.9,41325404.383862,51.2667
MELI,1632.52,1685.0,1704.19,1623.0,2333893.054594,1651.8849
ETHA,17.48,17.16,17.53,17.12,13283041.39438,17.3412
BCE,24.14,24.52,24.56,24.07,3426411.71952,24.274
XNDU,15.71,18.195,18.31,15.0,11581458.176389,16.3942
JHML,86.77,86.74,86.8399,86.58,12800.7964,86.7283
VTRS,17.17,17.3,17.53,16.65,20242689.271181,17.0715
IFN,12.11,12.08,12.17,12.06,135847.445909,12.0941
XEMD,44.89,44.92,44.945,44.87,16079.60096,44.9106
XAR,265.4,265.72,266.83,263.57,167575.059614,265.0789
PTIR,13.93,13.53,13.94,12.97,3939615.7757,13.4862
DFAC,43.16,43.1,43.2099,43.02,1299979.14908,43.1437
SPAB,25.57,25.58,25.595,25.55,9670800.011203,25.5737
SCIO,20.72,20.71,20.725,20.6701,64786.6225,20.715
XMHQ,109.89,110.73,110.73,109.39,137506.250291,109.8607
SCYB,26.21,26.18,26.22,26.1601,1353643.93026,26.1981
VOE,191.73,192.13,192.48,191.28,273007.40043,191.8693
SBET,7.44,7.39,7.56,7.215,6089707.712014,7.394
ADM,77.66,77.565,78.29,77.06,2917063.439082,77.6916
SLRC,13.49,13.86,13.86,13.44,914404.99541,13.5489
TBLD,22.05,21.94,22.3299,21.94,69869.623582,22.0555
FRI,31.082,31.03,31.22,31.03,5341.633505,31.1213
EOSU,50.4,34.49,50.795,34.49,207509.454599,44.9714
CRCL,113.67,114.26,115.0,108.91,16763713.681772,112.8608
MOD,273.0,277.45,281.995,272.44,765024.658904,276.7523
PSFO,34.1198,33.96,34.12,33.96,496.0,34.0826
GSLC,139.86,139.6,139.977,139.6,131009.923429,139.8153
PJP,105.56,106.49,106.76,105.275,18423.70814,106.0216
CVU,3.97,3.8,3.99,3.7,51374.419715,3.8834
PXH,29.35,29.32,29.489,29.28,208037.81712,29.365
PCVX,53.01,50.82,53.39,50.82,1917190.422668,52.5943
GCDT,0.8721,0.78,0.899899,0.78,153488.471241,0.8616
AU,107.03,102.62,107.41,102.62,2751948.240039,106.2309
LGCY,11.7,11.22,11.8,11.11,68132.9438,11.5228
AAL,13.35,13.28,13.365,13.07,57836397.535366,13.2294
VOO,678.04,675.7,678.53,675.37,4348127.008252,677.1378
RKDA,1.07,1.13,1.15,1.07,25457.107715,1.1188
MBND,27.23,27.29,27.29,27.22,13346.246914,27.2559
AINT,29.7604,29.48,29.82,29.48,1258.613,29.7401
GOOGL,400.8,397.0,402.0,396.36,21461849.84856,399.6629
ATCH,0.257,0.2662,0.2793,0.2453,3708359.928947,0.2611
APCB,29.45,29.47,29.48,29.4404,36934.877731,29.4585
AVO,13.08,13.31,13.42,13.07,851494.785341,13.189
FELC,41.15,41.03,41.175,41.0,481424.475419,41.122
FMED,24.735,24.99,24.99,24.67,5926.9152,24.7437
SRFM,1.35,1.46,1.46,1.27,3756456.761908,1.337
PNNT,4.57,4.71,4.85,4.56,1267342.036186,4.6431
BP,43.34,43.94,43.95,43.22,10272889.491083,43.541
QEFA,97.523,97.49,97.68,97.09,26624.695965,97.4952
BKLC,141.1,140.66,141.135,140.585,1262029.725033,140.5811
KYLD,22.01,22.1,22.1,21.75,37847.55556,21.9028
RECS,42.67,42.71,42.81,42.6215,388448.5297,42.71
UBSI,43.41,43.545,43.595,43.23,635696.920632,43.4108
EIRL,74.9986,75.06,75.13,74.75,3056.971391,74.8592
BND,73.55,73.56,73.6099,73.515,7382796.060322,73.5506
SOVF,28.6557,28.96,28.96,28.475,10680.827,28.6784
FMDE,38.83,38.85,38.85,38.61,684800.546368,38.7833
CORT,52.28,51.05,52.48,50.32,872697.743018,51.9362
BQ,0.82,0.7933,0.8399,0.7933,469867.024429,0.8502
POEL,43.5222,35.98,49.5963,35.9,1443706.812593,43.5369
UVIX,5.22,5.12,5.26,5.05,45157085.588152,5.184
FNGU,29.2,27.78,29.36,27.73,6550741.578302,28.7423
LECO,271.11,273.64,273.64,269.3901,287584.776726,271.0882
LCOW,24.5748,24.6,24.62,24.46,7620.862855,24.5567
WMTI,27.56,27.56,27.74,27.53,22403.289992,27.64
DDC,1.49,1.39,1.49,1.35,48855.739397,1.4386
KRE,69.85,70.13,70.31,69.635,10184301.956079,69.935
CODX,2.53,2.16,2.77,1.9,10334455.608415,2.29
ELFY,43.7367,44.32,44.32,43.6122,42346.887011,43.8099
BSET,14.12,14.15,14.32,14.115,12784.5898,14.1788
SUSA,149.59,149.15,149.73,148.92,35432.24144,149.5347
RGTIW,8.52,8.7,9.13,8.0,89099.597,8.3101
NIHI,51.57,51.42,51.63,51.36,47416.569104,51.5067
V,318.79,320.985,321.07,316.16,5950212.060737,318.8961
COPZ,18.43,18.1,18.51,18.1,32801.909725,18.2547
III,4.04,4.3,4.37,3.97,399675.130211,4.0712
UPRO,139.22,137.81,139.52,137.605,2452063.79326,138.8308
QCML,31.76,30.0,34.13,28.9,7201300.151342,32.0003
INVN,20.892,20.6,20.892,20.6,5152.1037,20.8172
LITX,44.49,45.72,47.49,40.801,8303396.395876,44.1359
BUFQ,38.8,38.77,38.8,38.2201,118155.358,38.7485
VTAK,0.8301,0.894,0.894,0.83,43311.403158,0.8166
SMIN,69.08,68.77,69.1,68.6,143286.418233,68.8537
FCNCA,1951.93,1956.12,1964.1799,1938.275,46373.376535,1952.0233
MLPD,25.2711,25.56,25.69,25.1,13293.591677,25.3442
BMNU,2.09,2.04,2.12,1.96,95579767.574625,2.0355
TLTW,22.33,22.34,22.4,22.32,2248725.651558,22.3551
IWMI,51.9,51.8,52.0,51.665,301912.720381,51.795
QTJA,32.5147,32.3,32.5147,32.3,2342.0,32.454
IYK,71.32,71.49,71.82,71.3,210165.348168,71.5484
BBAX,62.59,62.57,62.753,62.4,211784.768095,62.546
AEF,9.83,9.84,9.86,9.8,130315.199601,9.8322
GLV,6.22,6.21,6.3,6.21,28875.842743,6.2539
ITRG,2.89,2.87,2.95,2.8113,1436114.691784,2.8776
WEED,22.3548,23.215,23.215,22.2,29176.1089,22.5425
IEFA,97.3,97.24,97.4,96.78,9317522.68448,97.084
BIBL,52.81,53.21,53.21,52.76,15509.555066,52.9223
HELO,67.68,67.84,67.84,67.6298,240785.74829,67.706
JAAA,50.6,50.59,50.6,50.58,7042326.337297,50.5917
TII,2.53,2.57,2.63,2.48,214086.6137,2.5167
OVID,2.8,2.77,2.85,2.7001,1516148.294027,2.7768
RFDA,68.3027,68.64,68.64,68.3027,242.121,68.5668
BSCY,20.8191,20.83,20.83,20.8099,54593.7816,20.8179
XLEI,25.8592,25.91,26.0799,25.85,28123.102325,25.9719
SUSC,23.18,23.18,23.1899,23.1524,186207.458189,23.172
SCHC,51.3,51.24,51.37,51.005,274413.543508,51.1826
HFXI,36.96,36.8,36.96,36.73,113481.820814,36.8558
ZAPR,26.54,26.48,26.56,26.48,4415.0,26.529
TECL,193.09,180.91,193.24,180.05,1360423.783512,188.771
NTNX,46.0,45.41,46.02,44.115,3323611.901621,45.3977
RETL,8.42,8.435,8.55,8.18,707250.801472,8.3813
EQRR,75.916,75.35,76.0,75.155,23235.109393,75.7861
PSKY,11.09,10.71,11.105,10.66,8164928.462241,11.0195
LIMN,0.2028,0.2047,0.206,0.1983,730530.076301,0.2015
HEWJ,61.09,60.89,61.09,60.745,31409.107281,60.871
NEGG,25.51,29.95,29.95,25.005,163679.036306,26.459
PMVP,1.41,1.41,1.435,1.39,274968.634635,1.4059
TEMT,19.88,19.7,19.98,17.58,488196.973316,18.6297
TTXU,27.77,25.69,27.79,25.69,15841.20052,27.107
BITX,20.17,19.89,20.31,19.8203,6836252.718216,20.076
ZM,109.21,108.25,109.41,105.22,3771231.248488,108.3313
PFLD,19.68,19.71,19.71,19.64,33902.563761,19.675
SMOG,154.0038,154.94,154.94,153.38,3748.484795,153.6036
GTEC,0.63,0.6131,0.65,0.6072,92984.363606,0.6264
RISN,30.0003,30.55,30.55,29.8,3118.4171,30.1994
RY,181.68,181.45,181.8501,180.42,2303898.919335,181.658
RUN,14.61,14.13,14.74,13.71,10012896.823579,14.3378
KLTR,1.38,1.4,1.42,1.345,422611.563079,1.3852
BAC,51.31,52.98,53.01,51.095,36111182.477484,51.6219
AIDX,1.37,1.4,1.4,1.32,31918.4178,1.3523
EUDG,38.436,38.43,38.445,38.3331,4603.345,38.3849
EWP,57.23,57.32,57.47,56.94,227769.510769,57.1044
BOC,11.36,11.39,11.49,10.92,399882.884689,11.268
AMAX,8.1,8.08,8.1,8.03,30386.114298,8.0696
ARM,213.27,216.96,222.0,211.0,11610259.190047,215.3553
CSM,84.6,84.48,84.6,84.479193,3251.528265,84.5262
SOLT,55.66,50.58,55.865,50.3501,539604.704189,53.5444
WASH,32.33,32.34,32.49,31.93,134355.87393,32.3152
ARQQW,0.088,0.08,0.0899,0.0791,42476.0,0.08624
ITB,93.0,93.61,93.925,92.41,2231277.655221,93.1003
LRCU,56.54,57.51,57.51,54.335,97433.08148,56.036
PPLT,186.01,184.23,186.68,183.34,144139.123814,185.4961
NTRB,3.75,3.68,3.905,3.68,17904.262958,3.7585
GOAU,44.8702,44.63,45.08,44.34,8419.324983,44.7727
LALT,24.7,24.58,24.77,24.58,29263.1651,24.7094
NEHI,35.43,34.99,35.5299,34.81,60187.189019,35.0594
ISSB,23.78,23.46,23.78,23.39,3969.763458,23.6045
VFMV,139.57,139.91,139.975,139.5211,16389.292352,139.7624
JXI,85.33,86.04,86.15,85.19,25999.284773,85.6257
IYT,80.78,80.95,81.04,80.425,359388.413731,80.7468
GDMA,42.122,41.42,42.15,41.42,11844.687261,42.0044
TMQ,4.49,4.51,4.62,4.425,2359936.471756,4.5053
ARGT,89.49,91.74,91.7567,89.1101,276129.830579,89.9471
CMBS,48.78,49.06,49.06,48.75,57603.411256,48.9488
USVM,103.8655,103.8,104.03,103.37,62176.088995,103.8342
GRO,2.64,2.63,2.68,2.56,711108.782265,2.6209
NXTT,1.48,1.49,1.5552,1.45,63385.108241,1.4977
TSMU,71.9,74.24,74.24,68.28,123386.214056,72.2653
FIXD,43.81,43.79,43.92,43.61,263924.18005,43.7867
GLL,19.73,19.71,19.92,19.52,2656722.368482,19.7599
EWZ,39.12,39.47,39.5,39.12,24472790.462687,39.2922
TFI,45.51,45.56,45.58,45.49,115316.7369,45.5132
BUFP,31.68,32.51,32.51,31.6101,10758.9817,31.8593
TECH,48.36,50.02,50.5,47.85,3850168.49094,48.7499
SOUX,24.37,23.16,24.56,21.28,378303.171401,22.7568
DLPN,1.43,1.47,1.47,1.4,22399.0,1.4464
IDRV,44.86,44.47,44.8905,44.47,23680.078244,44.6254
EP,2.67,2.71,2.78,2.65,35426.516739,2.697
UHS,169.96,173.85,174.9999,168.805,1109817.632174,170.3133
IWC,185.68,185.71,185.75,183.6367,244180.568901,184.8656
ACAD,22.4,22.43,22.905,22.26,2084365.8881,22.5348
LUCY,1.03,1.05,1.0699,1.03,64940.2816,1.0423
AMDD,3.64,4.01,4.02,3.635,25178265.160692,3.7849
RSPS,29.86,30.02,30.09,29.84,64183.023943,29.9858
ONFO,1.14,1.11,1.18,1.11,157443.181162,1.1377
SILJ,31.75,31.75,32.32,31.135,4229015.348129,31.6564
JQUA,68.2,67.86,68.21,67.56,442298.387441,68.0344
CGSM,26.34,26.34,26.36,26.3347,132354.879505,26.3446
XRPN,10.42,10.45,10.45,10.41,64306.215459,10.4229
EUSA,109.3153,109.56,109.56,108.8743,33365.836772,109.3218
GCTK,0.8004,0.8327,0.85,0.76,1562081.367514,0.8011
VRDN,16.61,17.0,17.14,16.42,4372621.5871,16.6238
GOOG,397.05,394.27,398.37,393.67,13762461.3193,396.2667
DGICA,17.21,17.1,17.25,16.86,104685.59349,17.1674
GDXJ,125.84,124.32,127.64,123.39,5082579.918609,125.1533
SPFI,40.63,41.01,41.435,40.31,127603.9208,40.8613
ARGX,782.17,787.08,792.0,778.13,354316.306037,785.2445
SRXH,0.1155,0.1151,0.1199,0.1148,33066183.924117,0.1177
CGCP,22.43,22.42,22.44,22.42,1048380.900231,22.4287
ISVL,52.1402,52.24,52.24,51.95,9165.336541,52.0986
RSP,204.1,204.445,204.58,203.185,8492457.020423,204.025
MXC,9.2484,10.0,10.0,9.15,16297.575,9.4794
EUM,15.99,16.17,16.17,15.95,72212.481763,16.0482
JMOM,79.11,78.55,79.11,78.4701,120509.30679,78.8422
HODL,22.68,22.51,22.74,22.48,577693.173801,22.6219
GARP,77.04,76.535,77.12,76.44,173955.429036,76.8856
RKLX,59.3,41.87,59.47,41.82,9745274.332195,51.1112
PAUG,44.98,44.985,44.99,44.97,23681.0,44.9846
FQAL,79.3558,79.48,79.6375,79.35,20832.93967,79.5127
BTCI,37.28,37.0,37.34,36.95,705851.582476,37.1895
TSHA,6.81,6.6,7.01,6.58,2179748.283902,6.8144
IMCB,90.88,90.91,91.0399,90.635,37886.286321,90.8705
ESGE,54.37,53.88,54.38,53.85,2423710.231308,54.2206
GUNR,54.38,54.29,54.4892,54.2,407097.51768,54.3845
CLDI,0.2105,0.2084,0.2105,0.2021,1211880.859924,0.206
BGLD,17.31,17.36,17.4,17.3,10096.214711,17.3629
ATNI,26.55,25.98,26.86,25.6,75655.694581,26.3256
FEZ,67.08,66.97,67.21,66.61,1727819.557055,66.9706
SGML,21.71,23.33,23.45,21.29,4521492.75771,21.9754
CC,23.04,22.73,23.33,22.195,2888716.814853,22.9029
DISV,42.39,42.18,42.41,42.1301,242864.740989,42.2819
IGPT,90.95,87.3,90.9999,87.3,289812.492769,89.8603
VEXC,94.21,93.84,94.38,93.84,23631.716474,94.2219
SMH,566.54,551.58,566.79,549.0,8553714.557803,561.4689
SPGP,117.4,117.69,117.69,117.05,76060.390392,117.4678
FXC,71.4195,71.36,71.46,71.3,20294.605959,71.3871
PSCI,173.3379,174.73,174.73,173.3379,2253.2191,173.7904
QQUP,66.9664,65.3,66.97,65.3,35505.509903,66.6903
DDTO,22.6254,22.54,22.635,22.54,1307.0,22.6082
LQD,109.2,109.15,109.29,109.09,17503263.338999,109.1897
ETON,29.65,30.93,30.93,29.29,284733.703954,29.7342
YDDL,4.54,4.21,4.56,4.15,155417.478964,4.3138
HOOY,28.06,27.79,28.06,27.2501,125826.533032,27.6012
GWW,1233.71,1239.57,1252.65,1218.56,303311.63545,1232.1006
PRME,3.21,3.21,3.395,3.085,2446467.639405,3.2495
FLJH,43.5629,43.41,43.59,43.3212,18685.54654,43.4925
NBIX,152.25,150.0,154.7409,149.54,1414990.680484,152.4877
SCHV,32.67,32.65,32.745,32.58,2257783.01104,32.683
RWAY,6.54,6.66,6.75,6.38,1622687.375552,6.5067
NKSH,37.46,37.72,37.755,37.25,36140.8483,37.4668
HEGD,26.565,26.45,26.575,26.45,42149.7906,26.5259
DFSC,4.02,4.01,4.14,3.8273,72801.320661,4.0209
SERV,8.77,8.97,9.1075,8.525,5585249.018051,8.745
SPHD,49.59,49.885,49.98,49.5699,465499.230322,49.7451
SELF,5.29,5.37,5.4,5.28,17500.9849,5.3144
AZTR,0.2343,0.237,0.2399,0.22731,282735.599769,0.2319
AVGX,65.3,62.36,66.7633,60.67,450086.493224,64.091
AVIG,41.56,41.56,41.58,41.53,167791.359505,41.5532
BWZ,27.5152,27.55,27.59,27.43,13053.1493,27.5468
VONG,127.18,126.81,127.32,126.59,1792507.636808,127.1334
FMAR,51.7,51.7,51.7,51.62,15350.93461,51.6627
UUU,6.08,6.23,6.23,6.02,12608.8638,6.1209
JETD,3.79,3.73,3.7999,3.695,396688.8883,3.7332
SNSR,47.58,46.99,47.61,46.81,21272.545087,47.3685
QCLN,59.81,59.89,60.11,58.825,164527.773049,59.5138
LX,2.09,2.08,2.105,2.0413,874391.942817,2.0747
IMTB,43.7932,43.83,43.86,43.75,36727.357527,43.8045
NEON,1.68,1.74,1.75,1.66,138349.454362,1.7026
POWW,2.02,2.01,2.03,2.0,376850.469399,2.0117
OLPX,2.035,2.03,2.04,2.03,1977814.551985,2.0347
CRWG,46.53,50.695,55.5273,43.3,2613320.454074,47.2385
CSCO,96.57,93.3304,97.02,93.14,24652516.008226,96.0298
NRSN,0.88,0.88,0.9,0.831,80310.239071,0.8649
DBND,45.78,45.77,45.8,45.765,44929.4299,45.7862
INFL,52.52,52.54,52.6699,52.32,177504.176919,52.4571
TRMB,60.8,61.63,61.96,59.845,3066495.328451,60.5432
CGGO,39.66,39.31,39.68,39.295,1900771.80733,39.5383
TAN,61.94,60.88,62.11,60.7099,749193.185951,61.4719
PSMT,158.26,157.19,158.5,155.09,172591.576883,157.4243
NML,9.88,10.02,10.1316,9.88,97813.2852,10.0035
GRAF,10.775,10.84,10.84,10.76,2195.90775,10.781
ORMP,4.09,3.93,4.1,3.91,258459.348448,4.0339
NORW,38.09,37.85,38.195,37.85,24086.487462,38.0448
XMAG,24.2624,24.23,24.34,24.18,38353.216225,24.3301
CGNX,65.66,66.77,68.5199,64.58,4256563.609318,66.1181
BKDV,32.2,32.15,32.24,32.02,221367.369,32.1707
ONC,312.12,317.0,318.06,311.66,210369.296643,314.396
SUMAU,10.07,10.07,10.07,10.07,162.0,10.0769
BUYW,14.4,14.41,14.41,14.38,344443.7677,14.3967
EMEQ,65.31,64.15,65.33,64.14,361141.018007,64.8715
ERAS,10.12,10.47,10.54,9.935,3134888.560198,10.2219
POW,32.95,32.69,32.955,32.575,160078.928185,32.7587
LRGF,73.74,73.62,73.8288,73.62,72129.29109,73.7363
UONE,7.36,7.81,7.81,7.09,42419.751092,7.4054
CGIC,36.26,36.17,36.26,36.07,589248.997528,36.1697
EMHC,25.3591,25.42,25.42,25.35,70333.742357,25.3594
JSPR,0.9263,0.9,0.9618,0.8914,114148.886083,0.9195
VTEI,100.605,100.69,100.69,100.5701,31360.10223,100.6375
PHOE,24.06,36.88,49.45,20.02,1692327.908747,34.3171
SPWR,1.09,1.02,1.115,1.0,1720199.778307,1.0673
SNOA,1.2,1.16,1.2,1.12,86180.338151,1.1485
VTGN,0.6105,0.5974,0.64,0.5963,1181689.062366,0.6211
RGLD,238.91,236.58,239.65,235.0,856432.885843,238.0829
IWB,402.33,401.2,402.65,400.8,552010.328355,402.0583
OPER,100.0921,100.1,100.1,100.09,5370.4011,100.0951
UFO,54.5,52.25,54.56,51.99,1527283.946088,53.5776
SUN,66.96,67.0,68.38,66.4,868841.293772,67.2827
FLNA,1.3,1.35,1.35,1.2706,420496.894506,1.3041
CTA,30.72,30.49,30.94,30.49,399918.932818,30.8107
NESR,23.1,23.6,23.85,23.065,1967578.278231,23.2949
CGIE,36.38,36.35,36.39,36.165,434330.8238,36.2793
FAN,26.78,26.77,26.865,26.66,241750.297744,26.7784
MSMR,36.56,36.38,36.59,36.38,48017.09019,36.5234
GOEX,86.43,85.78,87.152,85.78,9965.071137,86.7343
MUST,20.56,20.57,20.6799,20.56,55717.09583,20.6152
EPAM,99.23,103.11,103.65,98.76,2436317.301715,99.863
SEB,4540.14,4532.0,4590.21,4278.08,6923.646085,4465.3714
EEMV,73.49,72.93,73.52,72.93,179357.747103,73.3507
AMS,2.03,2.05,2.13,1.95,408898.188093,2.0596
EMBX,51.73,51.82,51.82,51.68,13894.589,51.7292
CGGG,29.075,29.16,29.16,29.065,21044.9325,29.1131
A,115.62,118.11,118.11,113.28,2688965.016416,115.2472
AGIQ,23.4294,23.35,23.4294,23.1,12282.189479,23.2632
BWX,22.39,22.41,22.44,22.36,1114310.099061,22.3994
RSPT,58.15,57.08,58.18,56.855,240920.242741,57.6487
VCR,398.45,398.17,401.13,397.6501,46571.842018,399.2041
FXA,71.7478,71.75,71.76,71.705,11671.029084,71.7361
NET,196.13,217.22,219.0,192.27,18919075.584865,199.6418
LE,11.53,11.55,11.82,11.45,150213.616543,11.5746
CPB,20.84,21.17,21.21,20.8,6423748.722975,20.9407
INDL,46.61,46.76,46.76,46.46,6224.042536,46.5898
REGN,714.89,709.29,717.99,708.36,589041.736908,714.0078
AFRU,8.66,10.13,10.85,8.66,130292.73777,9.4581
JACK,13.79,14.04,14.27,13.63,615817.068825,13.9048
EGO,34.15,33.61,34.5699,33.49,3745273.535875,34.0781
BSVN,43.76,43.77,44.055,43.76,8898.2705,43.9252
CDNL,54.09,52.23,54.54,50.205,505704.1438,53.052
CTAP,31.0117,30.49,31.2199,30.49,63606.15914,31.1169
IDV,44.57,44.41,44.6,44.41,629899.630748,44.5271
NULV,50.09,50.05,50.2,49.8201,126841.2946,50.076
FOCT,51.555,51.55,51.57,51.5,7815.752,51.5414
PHR,10.17,9.71,10.27,9.63,1274432.965648,10.0366
IVOO,125.25,125.57,125.57,124.7827,47180.250939,125.1731
GSEW,90.71,91.13,91.13,90.435,77494.491219,90.7084
XLY,120.2,120.25,121.13,119.94,6054229.113731,120.4174
AMYY,16.81,16.53,16.81,16.53,30548.364541,16.7284
EZM,72.7719,72.9,72.93,72.495,10209.9255,72.7845
AGG,99.18,99.21,99.2565,99.13,8205018.045144,99.1766
NBSD,50.85,50.82,50.865,50.82,141938.7578,50.8528
FLDR,50.12,50.13,50.1653,50.11,252913.404671,50.1289
FDLO,69.017,69.26,69.26,68.9501,37232.913205,69.074
FCA,33.7,33.71,33.76,33.24,37466.054816,33.5425
SUB,106.37,106.4,106.415786,106.36,322184.820117,106.3878
DFEM,40.84,40.5,40.86,40.495,826533.617343,40.7779
TMFC,77.07,76.55,77.11,76.55,46062.449128,76.9046
TSL,17.27,16.71,17.39,16.71,1507074.505785,17.1427
LCAP,32.52,32.47,32.56,32.47,29230.99928,32.5047
CECO,81.78,82.71,83.61,80.33,650903.74622,81.5288
TECB,68.7862,67.3,68.7862,67.3,6389.701989,68.1326
RGTX,23.82,23.44,23.89,20.9001,546005.433248,22.3135
MSTY,26.75,25.95,26.8099,25.76,1516414.260267,26.3545
EWS,28.89,28.74,28.89,28.73,386857.476537,28.8159
XBIL,50.085,50.09,50.09,50.08,95921.49207,50.0846
AFRI,10.16,9.98,10.24,9.98,36135.012,10.1269
QBTX,16.78,16.52,17.0,15.18,1087398.049225,16.0904
BLNE,1.92,2.02,2.02,1.9,298300.324297,1.9338
BETZ,18.735,18.81,19.12,18.68,10001.016668,18.7361
USEG,0.945,0.9591,0.9591,0.9126,1238510.688505,0.929
OTH,2.4407,2.57,2.67,2.41,64975.633028,2.4858
ELA,24.62,23.81,25.09,22.55,137050.574482,24.2806
BMAY,46.83,46.77,46.83,46.74,17021.253,46.7902
GCC,25.4706,25.41,25.52,25.39,19993.147094,25.465
IFEB,30.99,30.8,30.99,30.8,60693.0,30.9538
ICSH,50.53,50.51,50.53,50.51,988665.1624,50.5231
AWAY,17.97,18.08,18.13,17.83,9392.948347,17.966
CTSH,51.68,51.76,51.92,50.185,5390147.843728,51.4849
ITP,0.1912,0.19,0.1943,0.1864,342683.091554,0.1898
HYPR,1.69,1.69,1.75,1.675,354183.190716,1.7008
CCEC,20.39,20.39,21.1578,20.39,6426.305864,20.7737
ISMD,45.6976,45.47,45.78,45.3906,4269.9792,45.5979
NUKZ,73.19,74.16,74.16,72.5401,192807.508435,73.1096
PYXS,2.74,2.27,2.765,2.24,1996584.367087,2.5993
DBE,31.11,30.84,31.44,30.775,76448.406394,31.1453
USRT,65.11,64.96,65.395,64.96,342633.077269,65.2299
NVDG,20.52,20.18,21.02,20.14,511660.696848,20.6997
WEAT,23.41,23.15,23.44,23.06,813468.377922,23.2542
HIMX,17.79,17.56,19.3,16.8,13406695.767941,18.0531
EXI,197.23,198.32,198.32,196.94,23883.477971,197.3244
COST,1008.79,1011.74,1016.0,1005.11,1805188.700073,1009.6048
FLL,2.97,2.63,3.02,2.47,490564.742296,2.7874
BTCC,17.34,17.3,17.38,17.27,7604.904929,17.3254
CSGP,32.77,34.62,34.64,32.71,7105832.825351,33.0608
VICR,256.47,272.0,273.0,249.66,683599.283253,256.5186
CDX,21.37,21.29,21.3899,21.29,98518.737786,21.3385
ABCL,5.24,4.9,5.25,4.88,10843234.059658,5.0694
MSTX,40.53,36.985,40.668,36.45,2578773.319104,38.7606
HESM,38.17,38.59,38.84,37.95,2342326.550209,38.3985
REXC,22.91,23.5,23.54,22.56,145092.576129,23.0275
AAOX,45.14,61.98,64.0,41.98,7962706.634804,50.4974
OPENL,0.364,0.4,0.4,0.3362,360405.345235,0.3662
CNL,18.27,17.96,18.27,17.71,35044.502189,18.0164
RGC,29.28,31.06,31.9,28.32,96043.887476,29.7296
REI,1.61,1.66,1.68,1.6,2917426.09244,1.6239
DFGP,54.6353,54.64,54.66,54.585,135038.4846,54.6274
OEF,367.38,365.24,367.67,365.19,290858.60125,366.9212
PASG,4.21,4.13,4.26,3.935,112480.297519,4.0744
BSEP,51.8612,51.91,51.91,51.84,938.461,51.853
MSOX,3.61,3.96,3.97,3.55,2345689.77149,3.6642
WBD,27.11,27.09,27.24,27.08,12508778.110055,27.1283
IQST,1.33,1.38,1.38,1.31,139420.408721,1.3414
ISCF,45.3,45.27,45.332,45.06,54637.130694,45.2604
NIVF,1.21,1.25,1.335,1.16,154001.938805,1.2436
COO,60.0,61.21,61.47,59.68,2151019.496347,60.0312
DYNC,10.74,10.73,10.745,10.73,95440.0,10.7365
THRY,3.81,3.74,3.92,3.62,1124778.160233,3.7717
NBH,10.43,10.5,10.5,10.3501,105593.5976,10.4424
SGC,11.57,11.92,11.955,11.42,35809.3558,11.6362
PSCC,32.9967,33.07,33.1,32.9967,1537.2122,33.0441
WSBF,18.72,18.52,18.76,18.5,48703.563542,18.6734
WAB,265.71,267.99,269.0,263.71,678595.065484,265.7973
APLY,12.53,12.51,12.569,12.47,168797.013981,12.5074
SCHP,26.86,26.85,26.875,26.84,2206690.431144,26.8558
STIM,1.655,1.84,1.84,1.64,2989319.733035,1.7016
SPXS,27.82,28.13,28.16,27.76,9312894.335603,27.9016
FLCV,34.1645,34.2,34.22,34.14,55974.6296,34.202
BBEU,77.17,76.92,77.27,76.65,132517.435619,76.994
SLVP,38.76,38.46,39.4748,38.01,285821.243245,38.6249
FXD,66.4755,66.58,66.79,66.24,10837.075774,66.4542
FABC,4.57,4.71,4.7439,4.04,1188234.5058,4.4147
HXHX,0.46,0.47,0.47,0.45,59699.0,0.4613
SIRI,27.1,26.82,27.115,26.25,2825400.178041,26.7842
BOTZ,41.45,41.245,41.49,41.075,1479491.372663,41.3123
CEF,50.32,50.38,50.545,49.915,492018.791374,50.1788
AVUV,119.84,119.61,120.14,119.12,1165730.949352,119.7485
OKLS,18.24,17.56,19.62,17.56,528031.274638,18.6495
VRRM,14.3,14.51,14.81,14.175,2104810.168384,14.367
NOK,12.82,12.35,13.05,12.35,97077368.541597,12.7806
VBCB,75.62,75.63,75.63,75.585,4831.3028,75.6499
PTEN,11.42,11.4,11.67,11.265,5328055.357955,11.4939
XHS,112.2828,110.56,112.2828,110.0,3167.736,110.8686
NFGC,2.18,2.16,2.225,2.12,1128042.75162,2.1669
ACM,80.59,81.76,81.8512,80.56,1175393.75004,81.0128
JMST,50.9,50.91,50.94,50.9,743519.743438,50.9089
JELM,25.19,25.22,25.23,25.19,821.462,25.2183
OILT,29.5478,29.82,29.82,29.5,1305.0135,29.674
FXU,47.54,48.09,48.1425,47.535,219167.042813,47.8366
META,609.63,615.2,616.77,606.0601,13556963.448146,610.6336
COLO,37.31,37.76,38.0,37.285,54694.079691,37.5104
MYO,0.8276,0.89,0.94,0.81,685674.517909,0.8904
IQDY,42.3067,42.19,42.3067,42.125,1558.623949,42.2518
MPL,25.76,31.04,32.8776,25.2,78853.909192,28.0638
ZURA,4.79,4.42,4.84,4.35,1053757.660805,4.6543
PRAX,330.02,331.0,341.75,326.16,339039.629183,333.7219
FTGS,36.135,36.13,36.248854,35.98,90620.4954,36.1222
CAPS,0.37,0.3832,0.389,0.3618,311911.697531,0.3757
ILDR,36.71,36.68,36.71,36.25,20210.919089,36.5444
SDEV,1.63,1.58,1.67,1.48,113826.151693,1.5999
CLM,7.69,7.67,7.72,7.6614,1149723.907569,7.6874
ROL,53.83,54.58,54.74,53.595,2407048.537491,53.8668
XSW,162.91,161.97,162.91,157.83,32241.724765,161.4548
WTPI,33.03,32.93,33.0633,32.8001,102221.2629,32.9784
EONR,0.693,0.7053,0.715,0.67,1814029.521132,0.6883
CMCL,23.92,23.56,24.33,23.44,88804.652355,23.9439
EBND,21.18,21.17,21.1899,21.14,332502.322002,21.1667
AVMU,46.335,46.4,46.4,46.26,11744.2252,46.3307
OIH,420.84,418.94,425.285,416.07,287853.439876,422.3588
PILL,13.02,13.6,13.6,12.85,42317.766614,13.1537
APLD,41.25,42.401,42.401,40.27,19715612.581787,41.2151
EZPZ,19.979,19.75,20.07,19.75,4298.6978,19.8941
EUAD,41.01,41.32,41.57,40.74,616829.85409,41.0132
SYNX,1.19,1.18,1.19,1.1505,11829.8763,1.1755
DFJ,107.255,107.55,107.74,106.92,34989.790856,107.2772
NPCE,18.35,19.5,19.6,18.32,329172.424444,18.8489
AMPG,2.2,2.1,2.23,2.1,643918.244678,2.1576
XP,19.17,19.07,19.36,18.96,4046114.54214,19.2036
LSGR,45.5475,45.15,45.6,45.15,81294.1847,45.4513
IMTM,52.79,52.6,52.79,52.43,464451.695974,52.6549
CDE,18.56,18.41,19.09,18.34,18363525.981524,18.6074
GSAT,82.09,81.48,82.15,81.41,930466.691838,81.8781
EDIV,41.96,41.86,41.96,41.75,63384.6644,41.9037
WKHS,3.51,3.63,3.74,3.35,157660.672142,3.5106
USFR,50.4,50.39,50.4,50.39,3856721.045481,50.3948
TESL,18.6075,18.5,18.88,18.27,17351.626019,18.6444
YBIT,24.63,24.59,24.67,24.4804,44737.880514,24.581
GAINI,25.58,25.6,25.6,25.5,7592.00158,25.5823
INCE,66.53,66.78,66.78,66.29,24224.241142,66.5428
DAMD,2.91,3.58,3.58,2.8901,27538198.429148,3.1696
KWEB,29.55,29.91,30.06,29.39,33954948.159029,29.6409
IBND,31.85,31.88,31.8937,31.81,90464.524196,31.8455
ANNX,5.69,5.615,6.025,5.5587,2011729.704179,5.7499
WB,8.49,8.55,8.619,8.425,583114.269994,8.4859
LNZA,24.56,22.37,25.435,22.37,12201.551449,24.5656
EWX,75.156,74.74,75.2399,74.74,32538.796957,75.1048
IVVW,44.5,44.48,44.5028,44.39,37690.0656,44.474
EVV,9.49,9.56,9.56,9.47,316889.934428,9.5093
ADI,416.52,418.0,418.75,413.52,3754419.894547,416.386
DBA,27.97,27.89,27.995,27.835,604010.404231,27.9307
MBBB,21.44,21.52,21.52,21.43,12524.4021,21.4567
KODK,11.41,11.6,11.99,10.4,2954934.935992,11.1631
PBD,21.88,21.67,21.88,21.55,36885.432519,21.7804
SMCI,35.37,33.33,35.64,32.3,50774248.518249,34.7112
BUFB,38.7229,38.77,38.77,38.66,29809.176926,38.7293
PICB,23.78,23.76,23.79,23.72,64905.86299,23.7599
PMI,0.2083,0.223,0.241,0.2068,3844926.874943,0.2269
EINC,116.135,117.01,117.66,115.2,6868.506286,116.8831
IBCA,25.68,25.68,25.68,25.65,57454.5855,25.6667
CUE,35.0,35.35,36.98,34.0101,244601.654233,35.4522
VDIG,60.221,60.65,60.65,60.221,2539.4087,60.4844
LSAK,4.86,4.95,4.95,4.82,29481.34,4.8755
IAUI,57.23,57.19,57.3581,56.9,219825.201217,57.1394
PCEF,20.097,20.1,20.1,20.0401,78577.3054,20.0694
LGOV,21.6,21.71,21.72,21.56,70541.3604,21.6352
DBX,28.9,27.425,29.1,26.71,10098396.627392,28.3101
SBEV,0.2501,0.2429,0.26,0.2304,1047544.784419,0.2471
RZLVW,0.9547,0.92,0.9709,0.92,24177.0,0.9505
TBCH,12.29,10.81,12.33,10.4,706005.677919,11.9197
YEAR,50.35,50.34,50.35,50.33,94230.281697,50.3351
NVDA,215.2,213.03,217.8,212.89,136421361.81167,215.5594
TBRG,25.83,25.75,25.85,25.75,143921.484851,25.8243
ONCY,0.8899,0.89,0.9019,0.8721,633785.554448,0.8843
QTRX,2.825,2.76,2.879,2.56,2359142.547065,2.7541
DBMF,30.69,30.51,30.725,30.481,917846.792262,30.6818
ATAT,38.09,38.43,38.43,37.22,1187753.54223,38.0445
FNDA,36.02,35.97,36.13,35.82,775785.755154,35.9917
CLOZ,26.375,26.45,26.45,26.3,251961.308739,26.3664
BAB,26.955,26.94,27.0,26.9,46936.407683,26.9499
KSPY,28.6061,28.61,28.655,28.2511,22532.2361,28.5797
HDUS,70.5848,70.45,70.66,70.45,4760.0322,70.5403
TBUX,49.85,49.85,49.89,49.8401,201042.3717,49.8549
SOYB,25.0,24.85,25.0898,24.801,129668.746997,24.9596
QPUX,30.6085,30.63,30.81,27.5,268338.300018,28.9566
FTXR,41.83,41.77,41.84,41.62,3819544.694939,41.8239
CPAG,102.645,102.84,102.84,102.629,4683.0,102.6784
GIF,25.4734,25.2,25.5,24.981,12539.640662,25.1669
PDYN,6.11,6.19,6.2,5.8703,1139873.129713,6.0046
ITDE,39.4426,39.39,39.469,39.3668,12915.190714,39.4176
LABU,189.89,187.09,194.51,183.73,474282.683631,189.1232
OPAL,2.27,2.32,2.355,2.26,101178.538462,2.3119
PMNT,0.2522,0.2535,0.2584,0.2382,405688.4948,0.2461
TZOO,8.93,9.3,9.3,8.9,82629.538127,9.0992
TDVG,46.91,47.18,47.18,46.8664,124001.888776,46.954
PHYL,35.15,35.12,35.16,35.1,83393.816708,35.1387
FAPR,46.17,46.13,46.17,46.09,30076.365,46.1429
RSHO,57.87,58.38,58.38,57.76,19383.261162,58.0243
CHWY,22.97,23.705,23.705,22.47,13920253.009638,22.8629
SMU,15.77,14.97,15.77,13.43,2006700.27344,14.5984
CRBU,1.94,1.9,1.985,1.89,892097.754553,1.9339
FDT,99.23,98.52,99.5799,98.52,135641.913238,98.9238
WEEK,100.08,100.05,100.09,100.04,31184.446642,100.0705
IFF,81.05,78.49,81.32,77.81,2276193.445816,80.5732
CRMX,23.25,25.2,26.5,22.75,420613.560952,24.3526
ENOR,36.9,36.71,36.99,36.6855,21419.638174,36.8266
BBIO,67.39,66.53,69.11,66.0,5401590.084059,67.1092
GGME,59.9204,59.02,59.9204,59.02,2693.900114,59.3582
RCAX,7.6835,7.9,7.9697,6.95,177563.0746,7.4315
TOPS,2.18,2.22,2.31,2.13,89947.916967,2.2063
REPX,33.24,34.23,34.41,33.17,369587.059106,33.6276
AUPH,15.23,15.15,15.45,14.79,1541876.796775,15.1972
CYH,2.79,2.91,2.94,2.77,2280339.921896,2.8505
TXRH,177.38,171.95,183.52,171.0,2907357.549218,179.174
JUSA,66.3869,66.36,66.48,66.36,8627.7618,66.4405
PYPY,27.58,27.85,28.05,27.58,7589.018838,27.7672
EUDA,13.76,13.3,13.76,13.08,22093.080028,13.4551
TOPC,33.4712,33.22,33.4712,33.22,2418.1038,33.3615
UXRP,3.99,3.8,4.02,3.79,423923.670895,3.9035
ESTA,71.77,72.66,72.88,70.26,356687.782021,71.6616
IQLT,49.53,49.31,49.53,49.22,2573304.173959,49.3649
LCTU,78.7,78.43,78.7399,78.43,29464.185033,78.6464
VTWV,186.6235,186.06,187.045,185.26,23884.081415,186.3166
JOB,0.2585,0.2583,0.2659,0.25171,235619.0,0.2572
FSP,0.5397,0.5524,0.579899,0.5397,260621.135289,0.5528
SIL,97.24,96.33,98.58,95.28,2126147.163202,96.6124
XRPC,15.1,14.74,15.17,14.715,253855.075791,14.9615
ROBN,19.64,19.11,19.67,18.26,1477097.841319,18.9769
ZALT,33.54,33.61,33.61,33.52,27415.96793,33.5544
GROY,3.61,3.64,3.705,3.53,1747245.411306,3.5936
ARQQ,14.96,15.43,15.48,14.51,626784.248659,14.9024
MSTZ,4.63,5.14,5.195,4.625,22447910.490331,4.8739
CMF,57.27,57.32,57.3592,57.23,414615.155839,57.2688
CLOV,3.12,2.81,3.145,2.72,10388472.537551,2.9684
SLV,73.01,73.29,73.83,72.28,19125978.950269,73.0344
RLAY,12.76,12.61,12.87,12.4,1830600.244438,12.6725
TRFM,57.4,57.13,57.41,56.8501,22193.3396,57.1668
IGC,0.311,0.315,0.3197,0.306,447641.663148,0.3113
INFU,8.41,9.03,9.03,8.37,347230.802518,8.6348
IGM,154.38,151.48,154.42,151.475,403995.181135,153.5034
DXD,19.26,19.07,19.33,19.06,1220871.766201,19.2168
IWO,368.99,369.81,370.12,366.58,187707.035821,368.4645
ORCX,45.23,43.72,46.2,42.65,2458398.740659,44.5515
EWUS,42.922,42.93,42.96,42.765,2407.519301,42.8466
DLO,13.7,13.73,13.78,13.21,1801504.401283,13.5361
FXR,87.23,87.7,87.7,87.15,17764.821548,87.3927
TPET,0.457,0.4662,0.48,0.43,2631582.795195,0.45
STOX,30.4339,30.53,30.53,30.4339,2149.0,30.4717
TAGG,42.63,42.67,42.7,42.62,71692.3492,42.6717
EXK,10.03,10.38,10.57,9.81,10915457.969101,10.0798
QUCY,0.3634,0.3707,0.3707,0.341,245544.0,0.3491
IWL,183.28,182.53,183.32,182.53,35829.703939,183.1034
LIN,493.16,494.0,497.58,492.26,1686284.357374,494.2146
XRTX,2.79,2.6,2.79,2.6,17352.429436,2.6929
NVNI,1.16,1.22,1.24,1.12,96365.513602,1.1732
DDLS,45.7686,45.69,45.79,45.6101,18038.7397,45.7192
ULTI,13.685,13.6,13.715,13.275,55339.45389,13.4635
RKLZ,4.05,10.41,10.46,4.03,38019054.402448,5.8028
PURR,6.71,6.65,7.081,6.47,6676069.421765,6.719
EQX,14.29,14.67,14.85,14.155,8072287.002944,14.3745
NVDW,41.59,41.27,42.2098,41.14,75176.071415,41.7921
NRO,3.08,3.04,3.08,3.04,266470.075332,3.0632
BCHT,1.4,1.4,1.48,1.28,190545.0,1.3548
VMBS,46.95,46.95,47.0,46.89,825130.120157,46.9254
MAGY,47.02,47.04,47.09,46.99,65750.417203,47.0221
ESML,52.47,52.39,52.51,52.07,88385.042475,52.3569
MNTK,1.33,1.44,1.44,1.33,177394.029847,1.3775
MRVL,170.13,164.685,170.5899,162.9,20588961.594504,167.9326
CTGO,27.19,24.95,27.44,24.95,443721.354511,26.5281
KMAY,29.55,29.53,29.5595,29.4,135517.809,29.5159
IVOL,18.27,18.32,18.33,18.26,116582.499275,18.2738
SOXS,8.85,9.86,9.97,8.84,313191577.65207,9.3342
NFLY,9.68,9.64,9.68,9.61,158041.939329,9.6462
GPUS,0.121,0.1204,0.121,0.1133,30583762.98396,0.1175
SCHA,33.46,33.28,33.4756,33.135,1319772.288838,33.3573
FIAT,20.98,22.34,22.61,20.97,90233.994993,21.9511
DHYr,0.0036,0.0028,0.004,0.0028,1191639.869716,0.003298
SER,1.75,1.79,1.815,1.75,40751.085917,1.7805
UVXY,36.1,35.82,36.36,35.245,6213749.191892,35.9953
TSSD,24.98,24.85,24.98,24.63,6516.2778,24.8606
CHAU,24.13,24.14,24.28,24.09,114392.192308,24.1863
FNDC,50.67,50.7,50.7899,50.52,118503.54253,50.6461
GNTX,23.39,23.25,23.41,23.03,1415186.117456,23.3042
AFK,28.36,28.25,28.6387,28.135,35110.554547,28.2985
MULL,475.95,397.21,475.95,397.21,452593.361993,436.7737
XLSR,64.9133,64.63,64.989,64.63,89692.170892,64.9133
ZOOZ,0.292,0.2999,0.31595,0.2915,308810.884896,0.2997
NHC,188.82,174.5,189.95,174.5,150312.477996,185.9713
AVBH,30.09,30.18,30.525,29.8,61652.0,30.0327
CNCK,1.82,1.88,1.932225,1.8015,58182.419873,1.8524
NBBK,20.12,20.33,20.45,20.025,277770.0633,20.1793
IYJ,157.27,158.84,158.84,157.08,33036.284246,157.5481
IWN,211.63,210.57,212.25,210.24,341136.37873,211.4467
NOWL,4.08,4.1,4.15,3.89,17586494.386388,4.0457
NP,29.92,30.67,30.73,28.45,451197.218388,29.6972
IBB,169.94,169.55,171.08,168.82,2267750.772656,169.9587
KARS,37.81,37.42,37.81,37.2,239714.732514,37.7163
TZA,4.64,4.64,4.71,4.59,265483326.030886,4.6634
KAPA,0.56,0.57,0.57,0.55,110155.859136,0.5568
EWY,190.2,183.73,190.41,183.43,21526150.763267,188.4624
INTC,124.92,111.81,130.57,111.8,227681300.957706,122.1861
FXZ,80.9231,81.21,81.29,80.79,39080.761929,81.0254
VGSH,58.34,58.36,58.37,58.34,3608799.573498,58.3482
SPMB,22.38,22.37,22.39,22.345,2202892.937735,22.3673
EMDM,42.2224,41.73,42.2899,41.73,6981.4606,42.1439
EOSE,8.01,6.55,8.08,6.55,53900107.906602,7.6059
SMLF,83.92,84.15,84.15,83.52,78603.299112,83.8541
FPS,40.38,40.65,41.05,39.67,2817844.088529,40.4471
YCS,52.0734,51.96,52.08,51.87,13338.067696,52.0156
TSLA,428.35,416.475,431.2,416.39,65049970.054879,426.168
DFE,77.5,77.05,77.5,76.97,26886.38445,77.2899
ABSI,5.9,5.04,5.965,4.75,7341561.885097,5.5538
NMRK,16.73,16.91,17.13,16.65,1457359.397541,16.8257
JEDI,29.4,27.46,29.4,27.38,121352.056494,28.5432
VLGEA,44.68,43.94,44.87,43.86,47721.494591,44.5242
JA,50.12,50.05,50.13,50.05,14286.0,50.1071
VIXY,27.05,26.82,27.15,26.5918,2303019.445694,26.9774
HON,213.12,216.48,216.66,212.755,3731707.203336,213.7318
CPER,38.27,38.16,38.35,38.01,804554.199088,38.2542
IBUY,65.8922,66.13,66.13,65.63,10805.779144,65.7696
MPU,0.5672,0.6157,0.6157,0.5599,37491.721962,0.5876
BIP,36.77,36.96,37.07,36.33,783725.941166,36.6527
WPM,138.85,131.5,139.46,131.5,2978975.729702,137.2125
BJAN,58.05,57.985,58.1099,57.96,10827.22776,58.0621
IDEV,89.7,89.59,89.75,89.26,1249605.77111,89.5353
RMSG,1.38,1.63,1.6981,1.3,1280286.208187,1.5467
BCD,37.38,37.04,37.46,37.04,131037.73003,37.3957
SPXU,39.02,39.44,39.505,38.93,8463539.678622,39.1469
QNST,13.21,12.63,13.458,12.01,1585074.578822,12.7466
APLZ,4.88,4.685,5.12,4.68,1119672.419189,4.9185
ORGO,2.37,2.04,2.46,2.04,2965273.797305,2.3104
ASTL,5.14,5.26,5.29,5.09,782268.897157,5.147
FDVV,59.51,59.52,59.61,59.44,602417.301901,59.5276
VAMO,35.32,35.25,35.32,34.99,3105.897411,35.2039
ARKQ,134.87,131.89,134.88,131.5,197188.027929,133.4464
SCHZ,23.2,23.19,23.36,23.1409,2668142.023305,23.1959
FTSD,90.52,90.62,90.62,90.38,12617.755462,90.4501
FSEG,25.8934,26.55,26.55,25.7999,1716.976,25.9157
SPCI,35.81,32.07,36.555,32.07,21068.7583,33.8701
MGK,88.12,87.4,88.19,87.33,1266151.41122,88.0023
SIDU,3.41,3.02,3.45,2.99,23047130.57924,3.2601
BKHY,47.61,47.5,47.63,47.5,12311.305,47.5992
BJRI,42.7,41.47,43.01,41.01,555149.085543,42.4742
LKFN,61.55,62.5,62.86,60.76,186163.458016,61.99
DBJP,109.4915,109.45,109.61,108.7301,10176.873016,109.2134
GMAR,43.83,43.84,43.84,43.77,16506.464375,43.7981
LRGG,28.1491,28.26,28.26,28.135,7002.2653,28.1627
VUG,86.84,86.41,86.9,86.26,5521872.545288,86.7253
OGEN,0.597,0.622,0.6337,0.585,62826.218677,0.6063
CVNY,27.52,27.81,27.995,27.35,37049.289414,27.5391
NIPG,0.6104,0.64,0.6525,0.61,29258.0,0.625
OKUR,3.91,3.92,3.97,3.85,89568.778045,3.9012
GOP,43.7998,43.44,43.8699,43.3,8701.27954,43.6445
ARMG,17.47,18.11,18.9199,17.06,4140716.472743,17.897
DBEU,50.88,50.8,50.9299,50.57,30105.833993,50.7673
STXS,1.9,1.9,1.92,1.85,330285.829028,1.8863
QLTY,40.42,40.48,40.49,40.27,227764.05685,40.3953
IYR,102.77,102.87,103.35,102.705,4273295.710081,102.9834
EG,351.52,348.19,353.98,348.19,261655.524068,351.6531
PACB,1.41,1.52,1.52,1.35,9870271.196318,1.4124
UEC,15.16,15.84,15.92,14.93,7211469.216939,15.1873
BMRC,26.12,26.03,26.2,25.83,70014.72195,26.0788
PLX,1.94,1.97,2.0,1.92,621179.596113,1.9377
TLSI,4.43,4.42,4.45,4.33,89910.191539,4.396
ICOW,45.18,45.02,45.19,44.97,241289.372016,45.095
VIG,228.06,229.01,229.25,227.81,1179571.460332,228.3282
PSQ,26.21,26.64,26.645,26.21,6120757.213915,26.3247
RKLB,105.47,86.035,105.62,85.87,79927310.073256,98.2552
FMAY,55.52,55.59,55.59,55.49,13846.927982,55.548
SHV,110.18,110.165,110.18,110.16,1739484.00398,110.1708
PRVA,23.06,23.57,23.73169,22.77,1080445.126982,23.1373
NFLX,87.49,87.71,88.04,87.21,36215113.032658,87.595
LNGX,42.17,42.71,42.8999,42.17,8783.554608,42.5527
VPL,113.89,112.98,113.96,112.98,635241.787681,113.5266
BCV,24.95,24.99,25.065,24.85,6039.6325,24.8999
JTAI,7.06,7.49,7.55,7.06,211867.643432,7.2731
ODYS,4.46,4.52,4.52,4.46,1821.0,4.5045
TEAM,91.6,88.64,92.13,84.42,12639847.905903,89.3453
DRGN,38.37,38.23,38.86,38.23,21808.827243,38.3839
GSEU,48.3361,48.22,48.3361,48.1111,6468.0106,48.2136
TFII,139.13,137.09,139.81,136.96,170201.4208,138.7524
CONX,10.653,9.16,10.653,8.925,97299.791434,9.8181
VPU,193.9,196.36,196.81,193.81,232809.34916,194.8531
UBOT,31.83,31.32,31.85,31.275,39560.274366,31.5158
COHR,335.26,325.925,339.47,315.0301,7901601.929923,328.02
GAPR,41.24,41.09,41.28,41.09,49537.8931,41.2583
HAL,39.83,39.1531,40.335,39.14,9047516.544591,39.9508
MDYV,91.2,91.31,91.46,90.9064,60680.365166,91.1925
EWJ,92.22,92.2,92.45,91.82,4426291.935903,92.1418
EFIV,71.31,71.17,71.37,71.15,11124.238698,71.3032
ITDB,34.77,34.77,34.77,34.695,16820.6927,34.7283
GDXY,13.32,13.23,13.4399,13.175,609779.361769,13.2644
MMA,0.545,0.5375,0.575,0.5265,129004.058262,0.5468
PBE,82.3813,82.21,82.93,82.18,2599.410423,82.4561
PODD,154.16,161.55,164.66,154.0,1737990.91307,156.0083
TNA,65.12,65.02,65.6498,64.06,5605926.736151,64.725
TMSL,41.19,41.19,41.4399,41.03,324837.397347,41.1519
INDS,40.52,40.25,40.56,40.25,38579.158662,40.456
FETH,23.08,22.67,23.13,22.61,903279.697019,22.8943
LEVI,22.67,22.89,23.13,22.45,1983530.075427,22.688
CWII,14.9616,15.42,15.89,14.71,25439.9396,15.1128
BIV,77.01,77.04,77.09,76.97,2086130.282269,77.0142
PLTU,37.75,36.67,37.7792,35.14,3831244.655331,36.5115
HRZN,4.54,4.51,4.55,4.3775,761475.337182,4.4807
CBU,63.96,64.3,64.3,63.49,111284.05362,63.9073
SPTL,26.14,26.14,26.205,26.12,9521621.248351,26.1679
XOVL,19.95,20.38,20.39,19.7,57822.518422,19.8849
WXET,19.9695,19.57,20.0,19.3884,35340.918449,19.773
DIA,496.13,498.48,498.55,494.93,3495210.672365,496.5378
TAXF,50.49,50.61,50.61,50.4401,19962.642572,50.4883
SONY,20.15,20.27,20.865,20.06,13256713.372271,20.4026
AEMS,11.58,11.48,11.6,11.48,14912.8996,11.5754
WTBA,24.09,24.13,24.13,23.8133,20435.773,24.0159
SMTI,18.4,19.24,19.24,18.09,17657.557844,18.4729
USHY,37.07,37.02,37.07,37.01,5459968.164515,37.0474
HOOW,23.45,23.16,23.48,22.47,248477.668248,22.9931
CFBK,27.43,27.36,27.555,27.19,19948.1071,27.4257
NEOG,9.05,9.25,9.25,8.9,1596271.955264,9.0387
OUSA,57.54,57.86,57.86,57.52,21719.837157,57.6629
MEAR,50.28,50.31,50.31,50.16,109150.272148,50.2805
IVES,36.37,35.77,36.3899,35.71,462376.118455,36.0159
USSG,68.6143,68.42,68.7,68.31,11625.183034,68.5609
BBAG,46.01,46.03,46.05,46.01,30391.648971,46.0266
SAMT,44.24,43.66,44.254,43.66,47920.269167,44.0669
PWP,18.38,18.7,19.21,18.34,1575220.673217,18.5464
SLND,1.03,1.1,1.1,1.03,55344.651806,1.0558
IAC,44.06,42.84,44.34,42.4723,1628892.688849,43.8027
DBC,30.3,30.13,30.415,30.13,1309989.73682,30.3171
UWM,60.77,60.66,61.04,60.08,194044.315856,60.4901
BNDX,48.14,48.14,48.165,48.09,3288119.596941,48.1225
HCWC,0.2899,0.2794,0.3,0.271101,148754.403,0.2916
GRML,0.4601,0.49,0.498,0.45685,1900287.519603,0.4715
REVS,30.97,30.98,31.07,30.93,25459.300842,30.9892
AVRE,47.7618,47.76,47.96,47.72,59077.172132,47.8586
SSUS,53.9218,53.44,53.9218,53.38,10985.2205,53.7814
BUFR,36.05,36.04,36.06,36.0022,889890.685962,36.0387
VZLA,3.56,3.49,3.59,3.45,5244190.208282,3.52
XNTK,340.68,332.56,340.68,331.98,68275.84358,337.6691
EMLC,25.71,25.77,25.77,25.7,3976114.83174,25.7243
TDAQ,28.15,27.82,28.22,27.75,190100.857357,28.0409
GERN,1.39,1.5,1.535,1.38,12746103.040919,1.4298
PLG,1.78,1.78,1.82,1.735,895950.066503,1.7754
OSTX,1.66,1.71,1.7199,1.66,299976.295061,1.6848
ESP,71.13,70.0,71.97,67.7001,47606.486572,69.8345
SNFCA,9.87,9.86,9.95,9.665,22121.0,9.8512
FLEU,35.06,35.01,35.09,34.48,5580.7184,34.9594
DCOR,80.11,79.97,80.18,79.9194,100962.3823,80.077
RZLV,2.4,2.39,2.42,2.31,16091325.362979,2.3628
REM,22.78,22.72,22.875,22.619,293786.606432,22.7784
QYLG,29.645,29.45,29.67,29.39,42561.248429,29.5447
BLDP,4.13,4.69,4.73,4.071,12144114.628686,4.2761
OFS,3.89,3.94,3.94,3.86,28861.352563,3.8931
POAS,2.39,2.31,2.41,2.25,973684.091635,2.3455
VSS,162.35,161.89,162.49,161.4101,220632.183396,162.0122
PWZ,24.28,24.32,24.325,24.25,188835.09697,24.2775
STXL,35.39,35.01,37.09,34.47,469602.621707,35.7863
DIVB,58.2,58.1,58.32,57.91,104893.225859,58.1865
UTSL,44.37,46.17,46.6,44.3,93197.722192,44.9343
YCL,18.77,18.83,18.83,18.73,34199.396286,18.7456
GMF,155.1781,154.84,155.54,154.84,3260.111207,155.1905
SCCR,25.63,25.66,25.66,25.61,261451.2899,25.6244
AVR,6.58,6.45,6.58,6.3,603620.013228,6.4804
UDN,18.41,18.4,18.42,18.39,141701.337431,18.4056
CCOI,16.65,16.39,17.47,16.075,1184473.626492,16.8007
SPSM,53.83,53.79,53.94,53.53,1597481.522269,53.7596
SDVD,22.7,22.81,22.81,22.6201,79667.5832,22.6994
XBOX,99.45,99.54,99.54,99.45,35713.052,99.4645
JIRE,80.84,80.73,80.8803,80.41,308484.34028,80.6848
PGHY,19.95,19.93,19.96,19.84,72184.8906,19.9291
MBLY,9.19,8.92,9.225,8.82,3966148.947633,9.0518
PLAB,53.64,51.72,53.92,51.2001,837670.430886,53.0313
EGHT,2.74,2.64,2.75,2.43,2063159.016079,2.6179
SVC,1.64,1.59,1.65,1.545,11564373.720681,1.601
URAN,46.0197,46.5,47.07,45.81,11894.286366,46.3752
KBE,64.05,64.25,64.45,63.9,3587290.483078,64.0915
SNY,43.31,43.11,43.31,42.78,2515814.551705,43.0366
RDTL,18.48,20.37,20.37,18.39,1027742.201037,19.2441
CIK,2.59,2.56,2.6,2.56,822979.0072,2.5812
SGRT,35.04,34.54,35.04,34.49,65123.607664,34.8351
XTJA,33.4351,33.34,33.46,33.34,2633.79279,33.4052
SEER,1.87,1.89,1.9,1.85,213538.854039,1.8751
SECU,49.93,49.85,50.01,49.85,26904.181,49.933
GTBP,0.3752,0.3893,0.39,0.3715,496818.419644,0.377
IBM,229.76,229.73,230.705,224.83,5332800.013241,228.9285
OVLY,33.36,33.26,33.47,33.23,31801.6547,33.3598
CCRN,13.18,13.06,13.18,13.06,1809682.996132,13.1226
DJAN,45.0713,44.9,45.155,44.9,13864.0,44.9993
WUGI,84.3488,82.845,84.3488,82.845,1678.8615,83.6266
ESEA,73.19,73.09,74.76,72.695,28034.286057,73.6097
ELMD,26.93,26.76,27.24,26.75,28896.299066,26.9591
XHLD,1.38,1.38,1.39,1.35,21046.666667,1.3784
UPB,9.09,8.88,9.35,8.8001,456143.445748,9.1098
BITU,15.85,15.61,15.95,15.57,3184483.080552,15.7698
TAXE,51.1899,51.25,51.2517,51.1646,8100.9244,51.2247
QMOM,78.67,78.8,78.8935,78.18,26958.884216,78.3972
OABI,1.66,1.54,1.69,1.52,5664986.586429,1.6528
AURA,8.4,8.15,8.46,8.06,1047952.388061,8.2093
COIN,201.16,186.045,201.37,182.8,12909391.795726,192.8173
OIO,1.89,2.1,2.1,1.85,114832.646474,1.9944
FBUF,31.78,31.57,31.85,31.57,37504.4536,31.7436
PLTR,137.8,135.865,137.88,133.02,41745393.152163,135.8983
KVHI,9.89,10.0,10.17,9.62,95839.418601,9.8996
TTEC,2.71,2.65,2.87,2.5,1330198.769254,2.662
CRCD,3.265,3.22,3.51,3.19,3840686.168007,3.2968
NDOW,29.36,28.95,29.36,28.95,10536.5909,29.3117
TBT,35.36,35.32,35.42,35.17,209537.53082,35.3234
IGLD,24.9,24.91,24.96,24.72,132162.585494,24.8409
QUBX,13.42,14.0,14.31,12.34,276762.117304,13.4848
NINE,10.01,9.78,10.2,9.78,30995.15701,10.0921
PBFR,30.315,30.52,31.12,30.2701,29387.7901,30.3413
RZG,64.8837,64.89,65.06,64.44,4891.4804,64.7768
DRCT,4.03,4.93,4.9662,3.8764,88690.380105,4.1753
TSLQ,17.6,18.63,18.63,17.325,15826800.222979,17.826
ATLN,1.5,1.46,1.54,1.34,236025.584637,1.4475
RUSHB,68.58,68.33,69.49,67.075,64564.214872,68.1602
SDOG,66.2129,66.46,66.46,65.99,18076.124533,66.2657
IGBH,24.565,24.5,24.57,24.5,76004.310896,24.5363
GDE,70.4,70.53,70.68,69.89,93038.103921,70.2813
GDXW,52.32,51.37,52.63,51.21,71954.048164,51.6631
IDEQ,35.14,34.96,35.14,34.9,104536.5109,35.0297
VRSK,171.87,173.41,174.68,169.06,1578495.677745,171.9355
FNDB,29.7,29.62,29.74,29.54,132521.96073,29.6838
BCHP,37.72,37.84,37.84,37.68,17989.155,37.7966
CHCO,123.01,122.67,124.79,122.13,101992.28059,122.891
CRUX,30.0395,30.08,30.08,30.0,666030.1503,30.0288
CGC,1.11,1.13,1.14,1.11,4533418.520931,1.1266
TLT,86.08,86.06,86.28,85.99,30797630.106669,86.0899
IDX,12.95,12.88,12.96,12.8739,30029.436611,12.9263
RDVT,49.7,48.98,50.135,46.2813,163550.745027,48.8055
MFDX,42.2963,42.24,42.38,42.145,18560.856343,42.3232
BERZ,23.55,26.14,26.14,23.55,90037.886497,24.6923
MVFG,34.455,34.25,34.47,34.25,7007.7088,34.4386
STM,59.17,56.72,59.4,56.7,11477866.428223,58.355
BAIG,37.29,37.38,37.69,33.6359,40062.378762,35.5975
LQTI,19.46,19.47,21.5355,19.29,51517.7718,19.4693
COIW,13.37,12.23,13.39,11.97,195563.406603,12.604
BETE,38.0622,37.7,38.0622,37.481,6090.619186,37.6501
HACK,85.62,83.87,85.67,83.01,134394.220488,84.4123
OFAL,0.7081,0.72,0.7499,0.59,291168.496954,0.6694
AGQ,133.48,134.71,136.75,131.08,3824034.356083,133.7175
PRIV,25.2817,25.29,25.3299,25.24,802486.643746,25.2997
ETHV,33.85,33.22,33.93,33.18,50840.221552,33.6838
MSFO,12.32,12.3,12.35,12.26,118846.661569,12.3104
QQEW,145.0364,143.97,145.17,143.705,24712.420602,144.6013
SOPH,5.15,5.42,5.67,5.095,205143.660003,5.4436
NUKX,47.641,49.37,49.37,46.52,13994.1025,47.7994
SNTI,0.9858,1.01,1.02,0.9703,58822.673749,0.9971
KDEC,27.5914,27.52,27.63,27.51,3375.0,27.5684
ROAM,35.6438,35.53,35.689,35.53,8483.323,35.5848
ETHU,26.51,25.51,26.64,25.4,3187398.685715,25.9866
TNGX,23.02,23.71,23.91,22.915,1511453.94785,23.1733
PINK,35.96,35.79,35.98,35.3401,25911.229608,35.7458
MT,62.04,62.22,62.69,61.03,1960760.973848,61.7191
BGLC,2.06,2.15,2.15,2.05,2764.962,2.1038
HYMC,38.44,39.63,41.2065,37.8601,1604407.964936,38.9085
KPRX,2.45,2.71,2.71,2.4,40836.7131,2.4644
ICE,155.82,156.08,156.97,153.59,2953022.445841,155.8209
GENI,4.4,4.77,4.78,4.3811,6056232.45176,4.5031
VLRS,7.68,7.85,7.895,7.63,180509.786745,7.7216
GOLF,91.55,90.36,93.78,90.245,520034.805287,92.2075
SEMY,17.08,16.87,17.08,16.85,309401.759392,16.9835
SCD,15.22,15.2,15.345,15.12,63534.299049,15.2237
SOC,12.85,12.9,13.02,12.284,2184892.498914,12.6873
ADAM,8.83,8.72,8.835,8.68,461523.829546,8.7948
ES,66.51,67.74,68.19,66.33,3620526.362126,66.7581
MVST,2.13,1.89,2.15,1.885,7387043.831166,2.0596
GRX,9.04,8.99,9.2,8.99,17479.888866,9.0576
LMFA,0.235,0.2399,0.247,0.233,331844.618233,0.2392
SPOG,5.41,5.62,5.6562,5.38,74772.051011,5.4689
MKC,48.32,48.12,49.08,48.07,3860523.940979,48.4809
ENSC,0.3502,0.375,0.3803,0.3421,223500.960567,0.3591
ALHC,17.93,18.28,18.3474,17.27,3870062.823889,17.7233
FESM,44.53,44.53,44.635,44.31,520620.580283,44.4817
KO,78.42,78.565,79.2,78.115,12447167.972024,78.5539
MRCY,90.34,89.29,91.97,88.7,672682.866003,89.9592
LTC,39.12,38.75,39.47,38.73,491665.748745,39.1824
SUPX,7.35,7.4,7.88,7.2,193560.462853,7.5393
EAT,138.68,147.94,148.8,138.64,1047343.24037,141.4511
AMBP,4.0,3.97,4.045,3.96,539524.823917,4.0086
FTHM,0.8289,0.81,0.83,0.81,40261.438,0.8243
CAAP,25.23,26.12,26.185,25.175,140472.02683,25.3949
AAMI,68.63,67.2,69.0,66.32,259279.855177,68.047
KRNY,8.16,8.08,8.2,8.05,424468.642842,8.1547
ABXL,26.04,26.06,26.11,26.012,7335.0,26.1166
KARO,50.2,51.3,51.31,49.76,246864.771562,50.2158
AVS,7.2647,7.47,7.55,7.19,3876029.9979,7.3286
MRKR,1.46,1.46,1.4857,1.42,41892.931,1.4608
NNAVW,8.58,8.35,8.7001,7.92,282411.0,8.2546
CP,86.04,85.0,86.22,84.73,3648209.048182,85.6064
MTCH,36.96,35.74,37.04,35.72,3970073.947358,36.6655
ATCX,5.74,5.88,6.0,5.65,27149.071024,5.781
EMB,96.15,96.18,96.295,96.08,3381252.151448,96.1992
CII,24.74,24.6,24.79,24.512,128062.548653,24.6428
WRD,7.51,7.38,7.52,7.315,2710903.247957,7.4387
SCUS,25.16,25.16,25.17,25.16,86546.854412,25.1636
IFLN,18.34,18.33,18.36,18.32,12112.25649,18.3436
QQQD,12.275,12.37,12.37,12.25,80229.711821,12.2879
EVT,26.33,26.34,26.7999,26.24,74341.7591,26.3645
BX,123.77,122.6,124.08,121.06,3294470.900117,123.3149
GNK,25.91,25.49,26.005,25.3,209857.211467,25.7893
PEW,2.93,2.94,3.0,2.86,143517.707567,2.9259
RYAN,31.31,31.57,32.09,31.015,2644281.948376,31.3329
NVS,146.03,146.45,146.67,145.48,1067499.972627,146.0256
DFSV,37.58,37.58,37.68,37.35,1250280.61471,37.5717
CARY,20.845,20.84,20.87,20.82,226399.307028,20.8458
CIGI,98.63,103.24,105.57,98.61,395428.979124,101.7847
FEM,33.5036,33.26,33.5494,33.26,75217.0434,33.4632
SVRN,8.27,8.41,8.65,8.27,3821.313398,8.3995
AWI,161.76,165.63,165.67,161.0901,324388.425942,162.5057
AIRE,2.22,2.57,2.57,2.1,312336.630989,2.2866
MAS,71.74,72.22,72.69,71.07,2780860.379407,72.001
BOHpA,16.22,16.26,16.31,16.17,23744.0941,16.2664
DFLIW,0.04104,0.0418,0.0418,0.04,20538.0,0.04152
RFEM,95.1082,94.82,95.16,94.82,4518.4882,95.0892
IMNN,2.72,2.76,2.76,2.7,19047.808693,2.7297
NPFI,26.09,26.07,26.1212,26.05,4784.5078,26.0763
GEV,1040.15,1067.34,1069.295,1034.43,1828693.909734,1046.0127
BTO,37.27,37.31,37.5899,37.085,19384.3525,37.2666
LNN,109.37,112.5,112.5,109.19,298126.886151,110.6242
HTZWW,2.89,2.94,3.09,2.85,59676.0,2.9539
DKNX,21.9317,23.5,24.44,21.83,34762.327,23.1026
GLDI,167.525,168.89,168.89,166.7,36148.900359,167.7514
SRL,6.34,6.82,6.82,5.2893,41226.113,6.0436
DGII,65.78,62.65,66.47,61.98,360280.000216,65.0374
KREF,6.61,6.59,6.64,6.545,762785.87054,6.5964
PBW,40.45,39.89,40.6,39.6,462446.946275,40.1474
BACpE,19.35,19.24,19.3699,19.2001,8923.973,19.2702
KTOS,57.89,57.08,57.94,55.73,4323645.20764,57.2524
MSpK,24.2,24.27,24.29,24.1601,54486.9004,24.2362
TEK,39.1534,38.41,39.1534,38.21,2324.711598,38.7282
HIMS,28.27,25.61,28.525,25.4,25969543.075588,27.2563
NOV,19.25,19.48,19.61,19.14,3093579.86257,19.3472
LOMA,11.02,11.0,11.12,10.71,305253.22262,10.9234
HASI,41.05,43.4,44.13,40.695,1791869.161255,41.3258
XRAY,11.0,10.96,11.18,10.745,6637841.012297,10.9357
MXCT,0.8433,0.87,0.8701,0.835,358402.894851,0.8446
NREFpA,22.86,22.76,23.02,22.76,5830.9472,22.9112
MGF,2.9,2.89,2.92,2.89,25488.76321,2.8994
SMWB,3.43,3.3,3.445,3.17,595163.160928,3.3449
RTAC,10.4,10.41,10.45,10.4,64128.0,10.4292
ACRV,1.98,2.04,2.08,1.97,541909.612813,2.019
LKSP,10.11,10.1,10.11,10.09,8591.0,10.0982
AEI,1.83,1.57,1.86,1.57,33556.900193,1.7159
SLVR,65.47,65.43,66.4999,64.01,173423.246892,65.1333
DXCM,60.61,60.91,61.37,60.13,4217962.1146,60.6131
LGO,1.14,1.16,1.1888,1.135,759086.096708,1.1544
ORGNW,0.0007,0.0006,0.001,0.0006,44767.0,0.0007449
RYN,20.42,20.5,20.73,20.31,2963330.775037,20.4827
GENK,2.34,2.39,2.42,2.29,32855.092972,2.3532
AOD,10.52,10.44,10.52,10.375,329363.133513,10.4462
FSUN,37.08,36.89,37.27,36.65,137430.3178,37.0416
ESE,303.11,300.0,312.6899,290.3,621235.02882,303.4362
FSK,10.84,11.0,11.05,10.64,5875663.177379,10.7501
SPAM,35.0054,34.58,35.0054,34.4914,987.6194,34.5353
CULP,3.61,3.55,3.715,3.45,19601.9872,3.6323
SLNO,52.95,52.95,52.96,52.93,1209955.647882,52.9498
ARP,33.52,33.3,33.52,33.3,4472.918668,33.4606
ATHpE,25.5,25.55,25.56,25.4,32688.2536,25.4383
ALZN,1.07,1.02,1.08,1.01,44156.35766,1.0554
GAP,23.37,24.08,24.12,23.24,6911089.46865,23.585
OUT,33.9,32.09,34.96,32.04,2272203.256748,33.8693
BETA,18.68,17.98,18.78,17.78,1559336.905352,18.4482
GMAY,42.62,42.6701,42.6701,42.58,13775.933,42.632
RYZ,27.22,26.7,27.74,26.442,515559.026823,27.1972
PAGP,23.19,23.67,23.67,22.99,2664594.161889,23.2959
TLYS,4.22,4.19,4.24,4.04,139052.366813,4.1361
CCIXW,0.45,0.4255,0.45,0.42,13061.358482,0.422
MOGU,2.29,2.37,2.37,2.28,1810.0,2.3421
BALY,12.84,13.17,13.32,12.68,25477.352533,12.943
LRN,87.93,92.13,92.57,84.12,1388810.826817,87.7066
DEO,84.3,83.66,84.605,83.56,1335908.153724,84.0723
JLL,329.87,331.59,334.54,327.87,274135.765505,331.2135
PSApQ,15.6,15.49,15.6,15.49,6281.6336,15.52
IMTX,11.37,11.13,11.49,11.08,376071.678239,11.3005
CVCO,484.54,484.61,489.6,479.08,93530.696111,483.272
WRB,65.68,66.62,66.65,65.57,1378525.750088,65.8553
NWN,50.44,50.5,51.35,50.285,315441.494583,50.5805
RGTZ,10.84,10.98,12.32,10.76,2101810.183786,11.5217
SHAZ,52.75,53.31,54.0,51.15,215016.212046,52.5735
AVPT,11.4,10.55,11.465,10.44,6561737.627173,11.1738
NTLA,14.09,14.07,14.5486,13.73,5804319.020574,14.045
ACMR,59.85,60.09,61.6,57.28,1160155.527878,59.3338
GYRE,7.47,7.21,7.47,7.2,52901.883197,7.3885
PLCE,3.25,3.38,3.47,3.24,134955.258037,3.3355
AREB,0.1716,0.226,0.226,0.1541,10643136.185348,0.1945
BOXL,0.9426,1.0,1.03,0.931,160005.914079,0.9614
FITBP,23.86,23.82,23.91,23.7501,19722.2961,23.8251
RVMDW,4.91,4.71,5.207,4.71,201591.0,4.9601
METW,28.21,28.44,28.77,28.05,19571.717348,28.2713
DSM,6.17,6.19,6.21,6.13,54774.010331,6.1702
FCPT,25.17,25.56,25.69,25.16,487977.97706,25.2826
ECOR,6.41,6.26,6.52,6.17,71003.8057,6.3905
CPSH,3.97,3.76,4.06,3.73,355162.523328,3.9383
MSEX,51.56,51.74,52.28,51.54,62413.380518,51.7767
BST,44.92,44.6,45.0,44.48,100433.145912,44.8833
TEL,206.2,212.4,213.74,205.7,2865223.5133,207.9226
DHT,19.0,19.08,19.39,18.84,2915462.335123,19.041
GTLB,25.98,25.32,26.025,24.7,3963493.284744,25.4944
CDLR,29.57,29.13,29.769,29.13,73428.573968,29.522
GRMN,240.09,243.06,243.995,239.97,483127.495836,241.0793
ITGR,88.12,88.25,89.32,86.21,384675.24809,88.2896
CHMG,68.0,68.61,68.905,66.675,30693.523,67.9064
SSBI,13.69,13.65,13.71,13.64,3412.127687,13.6879
ALOY,9.89,9.8,9.95,9.3,1252739.150235,9.709
FAAA,50.155,50.17,50.17,50.14,19397.015,50.1636
KMID,24.9512,25.21,25.21,24.94,744.1899,25.0495
LCFY,4.275,4.11,4.37,4.1,8997.581006,4.1722
GDDY,91.02,88.26,91.22,85.93,2120792.990424,90.2378
PMTV,25.2301,25.2,25.26,25.2,19507.4557,25.2437
CVKD,6.09,5.84,6.49,5.84,65332.124587,6.1065
RFM,14.64,14.56,14.715,14.5501,14563.7259,14.6494
LITP,17.69,18.08,18.08,17.42,53101.318918,17.6472
BANF,112.95,112.68,113.545,109.7748,128295.826613,112.6704
INQQ,12.8866,12.95,12.95,12.86,20541.17694,12.8849
LOW,229.2,232.96,232.96,228.15,1746408.94558,229.6212
TTGT,6.1,6.01,6.51,5.23,1341021.001522,6.0289
UFPI,84.38,83.98,85.9032,83.33,534404.32874,84.8513
BSBR,5.83,5.87,5.905,5.82,708225.830169,5.8502
MCHB,14.83,14.58,14.845,14.51,274128.8719,14.7417
JVA,4.44,4.29,4.5,4.25,96143.333947,4.3917
USDU,25.81,25.86,25.86,25.81,83896.863829,25.8328
BXMT,19.13,19.21,19.23,19.02,865895.135734,19.1327
NFG,79.52,80.58,80.9,79.47,739269.358301,79.9042
FBP,24.05,24.07,24.17,23.92,1058299.39376,24.0433
NWG,15.83,15.89,15.95,15.745,3365678.394122,15.8185
SRG,2.7,2.66,2.72,2.6401,189878.523082,2.6808
ANGI,5.83,5.2,5.89,4.97,3490218.296481,5.5898
PCB,24.67,24.74,24.91,24.5,24411.5053,24.698
JIVE,92.0233,91.61,92.105,91.605,299833.794846,91.8419
JPMpC,25.1,25.13,25.15,25.0601,60845.4777,25.1098
HYBI,49.795,49.7,49.805,49.7,22685.226589,49.7599
CGTX,1.21,1.17,1.23,1.1525,694269.418378,1.1943
MMT,4.54,4.55,4.555,4.53,102330.5951,4.5401
ISPC,5.12,5.27,5.31,4.8506,175855.776077,5.0856
MYSE,1.82,1.94,1.94,1.79,301254.820074,1.8274
JLS,18.61,18.37,18.73,18.21,40681.1934,18.5319
ERNA,7.53,7.74,8.11,6.3878,1460833.197388,7.4273
ALAB,199.79,202.0,203.4999,189.69,4610117.77984,195.9787
TMCR,14.75,14.9,15.0,14.605,55503.263586,14.8229
VNOpN,17.79,17.74,17.79,17.62,7780.753,17.7052
REYN,21.88,21.98,22.01,21.71,1117111.380867,21.8769
XSPI,49.43,49.19,49.5023,49.19,43996.017032,49.4059
PAA,21.72,22.43,22.43,21.54,5929962.597422,21.8708
DLRpK,22.94,22.91,22.9986,22.8818,15052.4874,22.9248
PROP,0.9301,0.9805,0.9996,0.93,3267388.49166,0.9621
SCSC,45.9,43.48,46.09,43.39,395895.816039,45.2372
MP,67.43,73.7,76.8,66.51,11619355.134431,70.1147
ARL,13.81,13.45,13.81,13.45,851.888476,13.7956
GPI,357.83,351.09,357.84,347.11,155461.761324,355.5879
CCO,2.39,2.38,2.4,2.38,7360527.724706,2.3877
VCEL,33.46,34.74,34.74,31.86,1541571.604181,33.2335
CCBG,46.82,46.59,46.85,46.275,61596.792917,46.6221
NAKA,0.1771,0.1827,0.1847,0.171,5619200.003322,0.1781
PANW,207.88,194.85,208.09,193.425,11641798.808728,204.0882
OC,121.67,122.69,124.17,120.47,993009.539838,122.064
SHO,10.49,10.37,10.575,10.33,1472576.102032,10.4828
KEYpL,24.98,25.01,25.05,24.82,25314.4641,24.9292
AGM,180.99,183.51,185.015,179.84,104623.46456,181.1375
UVV,53.7,53.93,54.225,53.65,111250.54384,53.8308
AWF,10.19,10.23,10.25,10.18,474651.393107,10.2159
TLSA,1.58,1.51,1.64,1.474,168944.62,1.5581
SCPQU,10.03,10.03,10.03,10.03,963.0,10.03
MAR,353.18,353.48,358.39,352.33,1067994.046416,354.5677
AREC,2.24,2.3,2.35,2.21,1486071.0991,2.2623
BLD,428.03,430.47,432.81,420.89,653942.030395,425.2577
MITK,15.61,14.76,15.68,13.76,2319847.349504,14.6465
STK,51.09,50.75,51.24,50.15,37947.372586,50.7795
SBGI,14.28,14.18,14.5024,14.04,324890.051757,14.3056
ALIT,0.9354,0.87,0.969,0.8273,26018015.685788,0.9302
VVOS,0.6648,0.6636,0.698,0.6545,127884.17917,0.6775
MSD,7.415,7.41,7.46,7.35,73071.2287,7.4078
TNYA,1.0,0.86,1.0,0.8498,10295623.607374,0.9336
KNOP,11.08,11.0,11.14,10.82,37723.128565,10.9756
BYSI,1.49,1.43,1.49,1.43,5905.90606,1.4738
PRU,100.81,99.57,100.83,98.99,1775635.281764,100.4082
CDC,72.06,72.26,72.285,71.88,7999.143129,72.0955
JFIN,4.95,4.98,4.98,4.91,53819.210834,4.9385
KEYpJ,21.4,21.35,21.4199,21.2,20795.2994,21.3423
VHC,13.16,12.83,13.81,12.83,6258.394058,13.1357
HERO,26.3473,26.46,26.55,26.26,37070.035891,26.356
TIC,9.91,9.95,10.2,9.76,2303514.695985,9.9596
SXC,7.32,7.3,7.4,7.255,1160400.664344,7.3412
GLOB,39.23,40.39,40.39,38.49,1472356.173869,39.1001
CCU,11.94,12.24,12.31,11.86,122805.936218,11.9822
CRDO,188.505,193.2,196.7,182.8,4837006.839636,187.7119
BDN,3.11,3.11,3.15,3.095,1509122.499511,3.1191
RIG,6.4,6.26,6.5,6.165,31209339.766543,6.3876
IVVB,34.2513,34.27,34.27,34.229,83957.155862,34.2502
REZI,39.75,40.81,40.855,39.67,1021709.639989,40.1512
HRI,133.6,132.69,135.13,129.27,318857.5963,133.029
DDD,2.47,2.4,2.485,2.32,2807713.626869,2.4291
AMDY,54.48,50.58,54.67,50.58,430118.746879,52.8513
RMAX,10.38,10.91,11.22,10.38,825775.003282,10.6867
NWPX,112.52,110.36,112.695,109.06,137528.060822,110.9808
FpC,21.04,20.88,21.04,20.82,46987.2373,20.8952
AAME,2.54,2.58,2.58,2.5001,10647.4856,2.5231
OPRT,5.745,5.51,5.855,5.12,479743.390568,5.6259
FFIV,354.03,345.03,354.52,342.826,708776.1424,352.3602
JBND,53.62,53.65,53.69,53.59,458112.626029,53.6218
BURL,304.51,303.89,307.16,298.32,501451.327867,304.3825
BLIV,2.49,2.34,2.49,2.34,410.596775,2.3462
CVNA,77.94,81.03,81.95,76.43,6955043.008614,78.478
FIVY,26.6913,26.44,26.86,26.44,5591.689537,26.6697
BNH,15.65,15.71,15.71,15.56,8679.0,15.6597
DCI,86.0,86.24,86.675,85.56,348564.0218,86.005
GLND,3.06,2.98,3.15,2.95,1301127.191194,3.0501
KPLT,6.73,6.97,7.0,6.38,30333.715168,6.6644
HTZ,6.05,6.19,6.41,6.02,6854776.754923,6.1407
MYI,11.03,11.04,11.04,11.0101,127419.563478,11.0242
O,61.92,62.07,62.68,61.58,7270797.356561,62.0448
SCEpM,24.81,24.87,24.9699,24.8,48635.866,24.8715
KINS,15.51,15.91,16.13,15.25,203584.825516,15.6021
CNI,111.64,110.85,111.65,110.14,925356.254338,111.1808
FIP,4.86,5.0,5.25,4.615,2783514.486824,4.844
SLGpI,21.97,21.95,22.0,21.79,6000.293,21.9073
KSS,14.5,14.54,14.57,14.13,3830114.03783,14.3827
BKR,63.89,63.61,64.565,63.35,7859568.393729,63.9094
NMCO,10.82,10.79,10.83,10.79,120608.3212,10.8161
TROO,4.14,4.44,4.62,4.0406,348999.174843,4.2999
NHTC,3.1,3.19,3.2,3.085,41520.147109,3.1449
GMOD,27.33,27.25,27.33,27.25,14051.8063,27.3155
SCHW,88.61,89.29,89.7,88.31,9953964.64658,88.6988
FSBC,41.74,41.14,42.13,40.6719,76478.2252,41.6241
E,53.43,53.79,54.02,53.29,690759.132128,53.6899
LOBO,0.5551,0.62,0.62,0.555,211458.919358,0.5748
JAZZ,225.79,228.73,230.0,223.34,741275.498844,225.603
SRGpA,20.31,20.17,20.4,20.06,5647.0711,20.2684
UGP,6.11,6.1,6.15,6.04,4983912.718138,6.0994
CZFS,63.8,65.28,65.28,63.8,3055.2297,64.1479
CARR,66.83,67.6,68.39,66.5,5032092.414926,67.2245
NXST,202.79,194.52,204.06,191.12,406273.626687,200.8653
IIM,12.24,12.28,12.33,12.215,88745.536396,12.259
CJMB,1.14,1.15,1.15,1.1,7697.0,1.1329
BLND,1.38,1.455,1.56,1.365,4123393.110888,1.435
KRNT,16.21,16.45,16.45,16.02,107503.504634,16.2253
AVIR,5.43,5.51,5.57,5.42,239829.507317,5.4908
NGS,38.75,39.43,39.925,38.71,52139.804658,39.1494
LRGE,85.5261,84.86,85.6699,84.86,7039.78775,85.4498
BLK,1084.83,1074.32,1085.23,1067.0,490891.043889,1081.5303
SUPV,7.97,8.67,8.67,7.94,681676.302847,8.141
MBNE,29.0205,29.04,29.04,28.95,2221.2591,28.9941
HPS,14.92,14.89,14.9399,14.85,41681.7128,14.8941
MIMI,2.9,2.72,2.9743,2.52,92599.881439,2.7904
WPRT,1.99,1.93,2.025,1.92,50187.5935,1.9829
ELM,29.025,29.02,29.09,28.96,24104.797955,29.0462
EEIQ,3.55,3.41,3.56,3.1001,99216.99456,3.623
LMB,71.74,75.62,75.62,71.48,721556.986506,73.0177
MPLX,54.0,55.2,55.285,53.86,2524268.023754,54.3708
NOVT,138.31,136.77,139.38,134.92,466483.039538,138.0832
RHI,27.03,27.1,27.1,26.12,1812695.977703,26.7078
ATHM,19.0,19.46,19.645,18.99,393155.686748,19.2142
MMU,10.24,10.25,10.25,10.21,92885.156209,10.2365
RLX,2.1,2.15,2.16,2.1,1143911.315776,2.1211
DJTU,1.42,1.43,1.45,1.345,525002.988,1.4067
VWO,60.54,60.51,60.7,60.39,7629589.514503,60.5104
BLKB,37.5,37.29,38.07,35.97,518179.693791,37.5566
PFO,9.24,9.22,9.2999,9.22,20141.8368,9.2467
COHU,49.54,48.56,50.0,48.0,751300.784413,49.3745
FELE,99.34,99.94,100.74,98.1601,221706.629644,99.6314
REG,77.59,77.91,78.01,77.49,1689179.283594,77.6399
LTRYW,0.01,0.0112,0.0112,0.0088,14763.0,0.01014
EVC,7.16,7.07,7.16,6.2,3814221.48572,6.8043
GT,6.505,6.9,6.9,6.5,8333648.892591,6.649
IMNM,22.44,22.19,22.705,22.05,625742.96801,22.3777
ATHE,4.66,4.55,4.73,4.55,5150.049,4.6596
SLF,70.06,69.79,70.1,69.23,872102.312009,69.8853
BWpA,21.81,21.48,21.9,21.4584,22189.9017,21.7436
CFGpH,26.19,26.17,26.21,26.11,22952.8108,26.1707
ARX,13.2,13.45,13.6,13.1,883342.506511,13.321
BBD,3.75,3.82,3.83,3.74,25162085.920621,3.7725
CHSCM,25.01,24.91,25.0399,24.91,47616.4702,24.9879
WSFS,71.7,72.06,72.21,71.235,495767.180472,71.6686
AZTA,19.22,18.57,19.545,18.11,1022031.920701,19.0571
USIG,51.32,51.32,51.355,51.29,869873.654793,51.3175
KRO,7.29,7.07,7.4,6.85,339655.746431,7.2535
PPSI,4.19,4.045,4.44,3.95,226272.851829,4.1989
CBRE,146.33,148.16,148.97,146.22,1869133.540347,147.3239
NMZ,10.25,10.25,10.27,10.19,644529.69873,10.2228
ADNT,22.78,21.99,22.92,21.635,1337122.997721,22.5956
BSCV,16.515,16.52,16.52,16.5,454976.5485,16.5104
DAL,73.33,73.43,73.93,72.7,5073170.007521,73.2148
FINW,13.53,13.89,14.1,13.53,13670.0,13.7157
CMPS,9.91,9.4,9.97,9.345,3537250.815375,9.6361
RCL,275.24,280.85,283.86,273.48,2295603.165667,276.5701
MPT,5.17,5.35,5.3688,5.12,5885826.877302,5.2107
NUV,9.23,9.22,9.23,9.2,266481.83065,9.2186
CUBI,77.26,78.25,78.25,76.76,305173.121966,77.2778
CDZI,4.75,4.76,4.96,4.695,843159.749062,4.8068
AVL,61.63,58.95,63.0,57.3,368864.829404,60.4296
ECL,254.22,257.58,258.36,251.89,1869331.806311,254.0982
PSCT,79.91,78.76,79.91,78.65,50963.192249,79.3906
FGI,6.4,6.8,7.195,6.25,64460.642351,6.4571
MORN,176.7,176.61,178.9,172.02,522937.742009,176.2703
GWH,0.7801,1.05,1.05,0.5653,7836759.38164,0.7646
NEO,8.96,9.03,9.03,8.68,1747900.017534,8.8925
ZG,41.94,43.73,44.115,41.58,1605344.895439,42.1787
HELE,24.71,25.81,25.83,24.2,638048.758115,24.7344
KMPR,30.29,29.63,30.65,29.36,1157718.347902,30.2709
LBRX,31.97,31.68,32.825,30.66,69601.300074,31.9347
TSYY,3.215,3.21,3.23,3.21,468937.049577,3.2153
ICOI,12.3102,11.53,12.33,11.3701,36688.623228,11.9106
CCHH,0.43,0.4823,0.4823,0.43,26309.0,0.4421
ACA,129.94,128.78,130.025,127.2001,249591.825657,129.2433
BEAT,0.8901,0.91,0.9199,0.8828,377178.483216,0.9045
STNG,84.41,84.0,86.24,81.44,2689524.487342,84.3239
SPTE,45.46,44.87,45.5,44.87,33543.650077,45.2637
INBK,25.26,25.37,25.7,25.05,50122.048842,25.292
RDCM,16.14,15.89,16.74,15.55,471908.909919,16.2321
AJG,198.87,200.89,201.19,196.65,1596737.034097,198.8635
WKC,27.07,26.86,27.32,26.56,602923.007104,27.0801
GDYN,6.975,6.97,7.03,6.61,3022668.02627,6.8665
IHT,1.14,1.12,1.16,1.11,3893.6815,1.1277
TYA,13.03,13.04,13.05,13.01,21249.3455,13.0179
OPCH,20.51,21.03,21.296,20.235,4304651.947428,20.5078
FBYD,11.65,12.2,12.33,11.55,50189.852827,11.8344
JFLX,50.09,50.15,50.15,50.07,86950.7375,50.0942
DNP,10.7,10.62,10.7499,10.62,483066.744522,10.6883
FIIG,20.875,20.87,20.89,20.8601,71468.2303,20.8732
OMCL,43.82,43.29,44.13,42.86,321093.764568,43.7312
KHC,23.96,23.62,24.15,23.445,13357375.144946,23.9002
RLJ,8.95,8.86,8.975,8.81,4439375.631694,8.9067
AIPO,32.16,32.53,32.53,31.94,1856429.079555,32.173
CLOI,52.76,52.76,52.79,52.7535,113133.890951,52.7755
AMPY,5.29,5.4,5.414,5.22,722487.481238,5.3262
VRE,18.97,18.97,18.98,18.95,509369.96347,18.9643
ACIU,2.86,2.94,3.0,2.8,342791.280668,2.8715
CGGR,46.25,46.02,46.28,45.99,2128356.031796,46.1776
CRDF,1.64,1.61,1.68,1.6079,451313.856316,1.6512
CCIF,3.2601,3.35,3.35,3.22,170844.3433,3.2792
LMNR,12.88,12.97,13.05,12.71,104396.81128,12.7891
WDH,1.56,1.59,1.59,1.56,208378.557477,1.5745
BAM,49.76,49.17,49.81,46.955,6155480.30755,49.1169
KLC,3.92,3.89,3.975,3.65,862118.815227,3.8334
CISS,3.29,3.33,3.37,3.23,14323.865659,3.2917
LDI,1.4,1.43,1.445,1.38,2634969.564629,1.403
IR,75.75,78.06,78.14,75.48,2808210.272042,76.2822
IZM,0.3781,0.3839,0.3839,0.3733,62759.0,0.3719
BITB,43.54,43.19,43.67,43.165,673347.540514,43.4226
KOS,2.75,2.86,2.88,2.75,8092646.18589,2.7884
CPAY,343.99,325.0,344.35,320.17,942642.612044,338.5409
SSB,96.28,96.89,97.165,95.93,723059.877027,96.2974
COLL,37.8,39.65,40.5,37.61,697981.034876,38.1572
RILY,8.18,8.69,9.15,8.18,1224473.874035,8.5741
GPRE,18.19,16.85,18.22,16.6327,2407804.383348,17.9876
CPXR,30.41,30.32,30.53,30.2,53457.112097,30.3987
CHSCO,26.23,26.16,26.3219,26.11,15281.5684,26.2133
TPVG,5.77,5.92,5.985,5.76,209458.234324,5.8378
YMAR,28.41,28.32,28.41,28.32,19181.2442,28.3714
NL,5.97,6.0,6.12,5.97,86165.1669,6.0256
AXGN,42.06,43.48,43.48,41.6873,565038.946946,42.1601
BRT,14.66,14.63,14.715,14.5535,17293.520401,14.652
MSGY,0.453,0.477,0.73,0.4213,8140914.540628,0.5726
MNR,13.75,13.36,13.935,13.222,1043009.697424,13.7178
PCT,9.53,8.99,9.755,8.72,5058520.755573,9.4082
SLGN,40.26,40.45,40.91,39.825,696048.866221,40.4893
FGN,25.04,25.05,25.05,24.93,21394.0,24.9909
KEYpK,21.41,21.33,21.41,21.2795,23866.2392,21.3695
STT,149.49,149.6,150.275,148.72,1248201.865005,149.5708
EASG,37.8139,37.72,37.94,37.72,1063.2015,37.8666
UTEN,43.465,43.48,43.5296,43.4499,19292.026476,43.4713
SYPR,3.29,3.25,3.42,3.1295,120755.717,3.2669
RRR,54.48,53.97,54.545,53.5,727007.737697,54.2606
AFCG,3.22,3.1,3.3801,3.05,421669.756545,3.2206
EHGO,1.77,1.8,1.83,1.71,7517.6875,1.7952
ONCHU,10.31,10.31,10.32,10.31,9777.0,10.3107
HTLD,13.22,13.04,13.25,12.96,495623.153392,13.1326
GTEN,10.36,10.36,10.36,10.36,1180.0,10.3604
FOSL,4.43,4.51,4.5201,4.36,388938.490497,4.4392
NE,50.14,48.55,51.03,48.315,1482030.525799,50.3024
FKWL,3.44,3.46,3.46,3.42,3671.0,3.4382
ATEN,27.8,27.03,28.1,26.91,1134147.96478,27.7618
CTVA,81.13,79.31,81.45,78.79,4624317.991544,80.8209
NEEpU,25.335,25.31,25.37,25.28,35322.0,25.3341
HTD,25.63,25.74,25.88,25.41,61927.003029,25.617
WSM,182.1,185.36,185.82,180.71,901046.780606,182.4634
IRHO,9.97,9.97,9.97,9.97,1404.0,9.9694
OPLN,37.89,37.63,38.49,37.13,1614971.910523,38.0916
CRTO,16.49,16.2,16.6,16.06,394783.15733,16.4272
BANC,19.04,19.05,19.21,18.98,3187956.186903,19.0883
BLW,12.81,12.85,12.8699,12.79,82138.98527,12.8225
WIA,8.16,8.19,8.2,8.15,65624.9863,8.1631
GNT,8.46,8.44,8.51,8.43,25020.627172,8.4555
LXEH,1.16,1.16,1.17,1.12,15361.0,1.1504
OPEG,5.6896,6.59,6.59,5.13,170595.718,5.8524
CUBE,40.46,40.29,40.69,40.15,1703053.437791,40.4666
NPO,309.22,303.59,311.19,299.3,268393.808586,306.6929
AVXL,3.22,3.12,3.245,3.12,735529.673215,3.1969
BSAC,30.22,30.78,31.05,30.06,302082.778216,30.4127
BRW,6.88,6.9,6.9,6.875,137593.7002,6.8942
FNLC,29.04,29.06,29.99,28.85,8843.380736,29.1636
CSAN,4.17,4.33,4.355,4.155,1310496.658816,4.2218
CIM,13.64,13.64,13.8,13.6,778603.154053,13.6887
ONON,35.24,35.65,35.75,34.82,6087118.365803,35.1439
DOV,219.83,221.89,221.89,218.8,711746.849254,219.9094
EPD,37.19,37.73,37.85,37.15,5209982.679735,37.5668
SREA,21.62,21.55,21.62,21.47,43043.334,21.5615
ODV,3.28,3.3,3.39,3.22,1438714.864272,3.287
M,19.48,19.35,19.615,19.14,3806807.905104,19.4225
RMD,206.76,206.79,207.98,203.92,993580.693809,206.2805
ATAI,4.03,4.03,4.075,3.945,3860158.063159,4.0066
PML,7.64,7.61,7.645,7.59,536007.0149,7.6157
ACNT,13.84,13.33,14.0,13.33,91519.085,13.7088
SYY,72.44,73.27,73.7,72.42,3654838.343004,72.7019
LXU,13.91,13.89,14.03,13.57,759262.024404,13.8209
STSS,2.0,1.89,2.015,1.85,471985.761609,1.9579
GTN,4.33,4.5,4.5892,4.33,2093127.610781,4.4327
MCY,99.67,98.86,100.555,97.68,280603.901128,99.6618
RFI,11.68,11.6,11.73,11.6,117081.239272,11.6755
SATL,7.57,6.95,7.62,6.9,11187629.306385,7.3917
SLAB,217.45,218.0,218.245,217.13,231896.759679,217.4519
MBX,40.965,34.935,41.28,34.555,1883246.073401,38.9079
BME,38.97,39.21,39.21,38.8001,73412.365612,38.955
NEM,116.51,115.95,117.29,114.97,5292486.178022,116.2994
PBT,23.1,22.93,23.585,22.251,333834.181528,23.0478
AVEX,25.07,24.02,25.86,22.27,1367834.329715,23.8608
CREG,0.29,0.39,0.4067,0.2437,3989789.610271,0.3056
CPAC,10.65,10.62,10.7,10.55,13595.005651,10.6416
ILAG,3.91,3.95,3.98,3.7501,2964.639661,3.8929
CLOU,22.95,22.48,22.99,22.18,284601.972371,22.7372
SMRT,1.12,1.13,1.16,1.1,1155379.804156,1.1262
SPSC,56.47,56.33,56.5299,54.69,433846.088172,56.0997
WSR,18.98,18.97,18.99,18.97,167745.853267,18.9761
TWO,12.55,12.52,12.585,12.45,2452467.35353,12.5159
CARZ,113.6357,111.45,113.6357,110.79,2750.807708,112.711
VRA,4.14,4.18,4.29,4.08,189897.869259,4.178
MMIN,23.99,24.16,24.16,23.99,77316.309,24.0415
AAPW,39.69,39.29,39.9899,39.29,16164.181986,39.6921
VOC,3.12,3.16,3.16,3.08,57668.361274,3.1085
AGNG,34.955,35.06,35.17,34.95,11451.393295,35.0178
SSTI,7.0,7.01,7.05,6.82,112790.460696,6.9975
ATRC,26.28,27.92,27.975,26.08,955704.34744,26.6195
PSApI,19.47,19.45,19.48,19.32,12456.4965,19.4303
MTBpJ,26.77,26.77,26.79,26.65,16021.718,26.7426
ZIM,26.61,26.31,26.83,26.31,859518.146926,26.6236
SAFE,15.13,15.42,15.78,15.13,380565.973462,15.3728
OBIO,4.04,3.99,4.1183,3.9,197110.586722,4.0497
GSIT,8.45,7.75,8.53,7.5301,1450464.262609,8.1712
PRTS,0.85,0.9317,0.95,0.85,492710.68803,0.8752
DMX,50.2145,50.18,50.25,50.14,10194.189,50.216
AISP,2.55,2.52,2.57,2.4,482360.211476,2.4758
IGR,4.83,4.89,4.8999,4.82,1079306.151999,4.8538
CHT,43.81,43.5,43.81,43.37,92152.235637,43.6667
NGLpB,25.39,25.24,25.39,25.1801,9767.3646,25.3099
LNAI,0.33,0.3386,0.3435,0.318,1209531.859295,0.3287
HOLO,1.75,1.71,1.755,1.6802,246123.698552,1.728
SWMR,27.14,27.75,28.1,26.4,337967.666364,27.1436
FHB,27.34,27.45,27.5,27.25,1550501.030142,27.3432
EZPW,33.54,33.88,34.35,33.14,691494.513851,33.5279
LIEN,9.01,9.38,9.4382,9.01,95020.656882,9.1202
WFCpD,17.35,17.39,17.39,17.29,53925.2007,17.3367
USXF,65.98,65.38,65.986,65.29,43939.864497,65.7731
ROG,140.66,138.34,141.63,138.18,137324.428156,140.2798
BRSP,5.97,5.95,6.0,5.9,647927.297422,5.9669
DUOL,107.99,112.73,112.73,104.8201,1938957.05771,107.829
TNET,42.8,42.46,42.9,41.22,289400.78924,42.6246
RA,12.8,12.83,12.85,12.7519,257906.891314,12.8149
GOLD,45.39,44.29,46.65,44.0001,934794.520157,45.672
GLPI,48.22,47.97,48.38,47.95,928247.732987,48.2034
BC,81.71,81.57,83.217,80.035,504577.155739,81.8295
VCTR,85.33,84.73,85.62,82.395,453128.295347,84.9176
WYHG,0.7764,0.7456,0.7764,0.73,16198.0,0.7437
HMN,44.51,45.12,45.12,43.9301,171051.55577,44.5131
AHR,51.71,49.5,52.19,49.5,2664409.217194,51.4547
EDBL,0.396,0.3799,0.396,0.365,245390.911899,0.3776
CTBI,66.32,66.31,66.88,65.93,61785.992623,66.2485
GGLS,5.17,5.22,5.23,5.16,9931843.568179,5.1923
BCSF,13.66,13.81,13.82,13.47,309434.93569,13.6282
ZEPP,12.37,14.9,14.9,11.45,260534.717249,12.4779
BHE,85.51,85.13,86.609,83.8601,245346.913912,85.652
IXN,133.01,129.98,133.08,129.81,588369.606966,132.1714
XRX,2.78,2.36,2.81,2.35,8441959.002669,2.6545
COFpK,17.75,17.6,17.75,17.6,7139.5068,17.7243
VGLT,55.02,55.04,55.16,54.98,1077788.732936,55.0502
DAR,63.12,62.77,63.44,61.79,1659072.898483,63.0246
CWT,43.47,43.58,44.15,43.3601,328703.353504,43.6696
SCCO,185.29,183.58,188.43,183.58,1082959.150427,185.6608
IRWD,4.22,4.26,4.38,4.005,2552752.407097,4.1356
FRT,115.68,116.42,116.57,115.25,984308.601006,115.7474
SWZ,6.1,6.1,6.1,6.07,18656.1086,6.0818
TRU,72.0,72.73,73.13,71.17,1477358.518386,71.9599
SN,111.67,115.0,115.02,110.53,1784059.139565,112.4468
MSpA,19.54,19.5,19.54,19.44,67694.1319,19.5084
SLVM,41.1,42.32,44.5,38.7,622377.079462,41.6348
LEE,7.98,8.0,8.1261,7.905,7762.24546,7.9657
BSCS,20.445,20.44,20.456198,20.44,344364.95322,20.4469
PBYI,7.49,7.17,7.87,7.08,755014.544177,7.5179
OPBK,14.45,14.53,14.62,14.43,26902.495486,14.4962
TDOC,7.25,6.91,7.39,6.795,6501300.938248,7.1734
BCTK,28.9935,28.74,28.999,28.03,44446.594056,28.7496
KDP,28.83,28.52,29.17,28.46,9205772.783609,28.8861
CLNK,18.8762,17.84,19.07,17.84,38330.1838,18.3904
DFH,14.32,14.37,14.46,13.91,568273.861361,14.2615
GPOR,178.28,178.59,182.19,178.15,352604.94558,179.529
CTBB,19.4,19.13,19.49,19.13,102468.049,19.3317
GO,8.19,8.05,8.32,7.91,2130217.698602,8.1949
INBS,2.36,2.34,2.3699,2.29,33448.128962,2.3314
CBT,85.68,81.87,86.035,81.135,568653.046374,85.0149
SPCK,21.915,22.06,22.06,21.82,968.367745,21.9517
EEFT,68.83,71.3,71.3,68.22,596924.792235,69.3378
CPSS,10.17,10.27,10.48,9.91,40985.388,10.2675
TPH,46.95,46.96,46.97,46.95,1075386.342564,46.9601
IGSB,52.49,52.48,52.5,52.4521,3078370.134484,52.4723
DSP,12.04,11.58,12.125,11.3,285541.752081,11.884
THRO,42.31,41.99,42.3383,41.99,598164.143979,42.2564
DRI,196.23,199.62,201.0399,194.95,877604.132056,196.5275
WHF,7.68,7.59,7.69,7.48,55775.993266,7.5652
AVT,82.09,81.72,83.07,81.135,1210937.56747,82.1753
IPX,41.21,41.427,42.91,40.55,460736.669336,41.6094
BGB,11.47,11.44,11.49,11.4,112176.462656,11.4364
BCX,12.25,12.24,12.34,12.2001,89584.911984,12.2662
ISUL,22.4287,22.71,22.71,22.1449,30243.3257,22.4202
LYEL,19.33,19.93,20.5132,19.14,62024.335574,19.6357
VET,11.79,11.73,11.92,11.575,1677936.625013,11.7536
KNX,64.05,63.91,64.515,63.0001,2020120.550784,64.0571
BGX,10.95,10.9,10.98,10.89,99321.962861,10.9377
JBIO,25.81,23.82,26.61,23.82,697493.184552,25.3914
CFND,3.48,3.5,3.54,3.38,63098.699,3.4415
ATPC,2.37,2.66,2.66,2.25,48243.4,2.4829
PAB,42.39,42.51,42.51,42.37,6787.0,42.3856
FTXN,35.07,35.31,35.3759,34.955,34447561.08473,35.069
AIMD,1.7,1.77,1.77,1.7,5545.028,1.7262
IBLC,51.9817,52.1,52.1,50.61,14641.443564,51.3671
VAC,77.12,77.34,78.81,75.3101,414294.216049,77.3921
TRIP,10.45,11.115,11.155,10.36,3530537.584109,10.5707
DX,13.41,13.31,13.45,13.31,4289291.715029,13.3905
GOAI,3.575,3.82,3.91,3.5601,78140.312821,3.7648
ROCQ,56.57,55.94,56.57,55.885,367324.122655,56.3165
BTT,22.85,22.88,22.94,22.81,88142.4135,22.8604
DRMA,1.26,1.25,1.32,1.25,38691.767387,1.2795
ANIX,3.0,2.97,3.01,2.89,77115.917816,2.9542
NEU,684.91,685.43,692.15,667.5516,79161.28242,685.8801
BTX,8.15,8.14,8.1608,8.04,654061.00144,8.11
NCMI,3.67,3.7,3.74,3.65,284358.827962,3.683
BBW,38.37,37.51,38.81,37.01,278561.425857,38.3039
DFUV,52.38,52.18,52.43,52.07,481106.004773,52.273
SPCE,2.94,2.54,3.03,2.52,16260395.57826,2.8435
AS,36.03,36.82,36.86,35.855,3241042.471118,36.1091
RTACW,0.84,0.84,0.84,0.7983,23382.0,0.8315
GIG,5.8,6.57,7.0,5.72,78291.809004,6.2051
BOHpB,26.57,26.63,26.64,26.51,5590.0,26.5779
OCUL,9.65,9.62,9.72,9.3,2097014.909772,9.5843
KYMR,86.08,84.81,86.9,83.65,446110.402392,85.9216
NDMO,10.38,10.39,10.42,10.36,87102.8662,10.3837
HLIO,68.22,68.61,68.94,67.26,258565.366751,68.1785
FOF,14.1,14.03,14.17,13.97,96530.123613,14.0985
NOG,23.4,23.75,23.95,23.31,1953685.127218,23.6219
NSC,312.01,311.65,315.02,311.65,1705869.986426,312.5104
VATE,11.73,12.81,13.01,11.73,74715.418581,12.108
SBSW,13.32,13.4,13.5799,13.045,4346322.987428,13.2944
OKLO,72.51,73.7,74.0,70.0,10013595.832123,71.8957
OXSQ,1.82,1.85,1.859,1.81,2001441.381411,1.8281
GPIQ,57.57,56.9,57.57,56.87,1775782.158626,57.3192
DSL,11.13,11.19,11.19,11.06,447611.526191,11.1204
DHR,171.16,174.97,175.475,170.74,5846131.85942,171.7503
NXRT,29.95,29.84,30.305,29.55,178477.937664,30.0208
TEI,6.44,6.43,6.4899,6.38,150747.302898,6.4217
GRPN,17.78,16.0,19.0,15.8609,6213045.455637,17.8685
BIDG,18.36,20.26,20.3393,17.67,39220.411624,18.6842
BMO,152.9,152.82,153.85,151.65,1795506.074503,152.7126
ENVX,6.61,6.48,6.625,6.27,4728890.432751,6.4745
NPCT,10.5,10.53,10.6,10.49,92138.9523,10.5187
ANNA,3.22,3.1,3.3,3.005,757531.090309,3.1772
GUT,6.25,6.19,6.25,6.17,178322.430221,6.2086
LH,254.12,258.23,259.99,252.65,581283.328925,254.1499
LADR,10.26,10.32,10.3266,10.225,416232.487353,10.2789
FTXG,22.3877,22.4,22.51,22.3877,2523.903771,22.4193
DFEN,65.07,65.68,66.0,64.42,190838.934917,65.3119
IYE,59.09,59.22,59.62,58.885,1104813.943414,59.2381
CNVS,2.57,2.63,2.714002,2.56,65540.609905,2.602
HYMB,25.14,25.15,25.19,25.12,434132.95652,25.1432
OBK,46.88,46.77,47.2299,46.38,107616.9953,46.865
AHLpF,24.9,24.83,24.91,24.795,5217.0,24.8499
PAYC,136.87,136.75,137.07,130.74,1190522.636202,135.4364
KRC,34.9,34.62,35.32,34.42,1296645.075397,34.9583
CYCN,3.1,3.15,3.155,3.065,55333.875516,3.1048
GRDN,36.09,36.48,37.35,35.82,542779.103078,36.5079
JPC,8.03,8.02,8.03,8.01,563764.012734,8.0242
EVAX,4.34,4.01,4.5,4.01,36792.4094,4.361
BYND,0.8331,0.8941,0.899,0.8155,77804547.763239,0.8476
EWU,46.7,46.68,46.76,46.48,1005578.266091,46.6325
OSPN,12.23,12.1,12.34,11.8221,753979.731526,12.2167
CRT,10.53,10.59,10.62,10.51,17453.092952,10.5554
SITM,833.08,803.0,839.0299,783.0001,640055.386096,816.8269
LWAY,25.6,25.65,26.085,25.2,43144.486818,25.7169
SNDX,21.49,20.54,21.86,20.48,2177927.063833,21.3295
MED,12.59,12.67,12.81,12.43,112186.429916,12.6223
SUSB,25.02,25.03,25.03,25.01,87379.339838,25.016
EXPD,156.69,153.22,156.99,153.22,1054238.450551,155.9703
YMT,0.1441,0.1386,0.1496,0.1361,535422.958801,0.1425
KMT,36.1,42.0,42.0,36.07,3190240.179282,37.7547
WTS,296.9,298.95,307.808,295.05,328247.950785,298.59
CURB,27.88,27.58,27.91,27.49,938682.593427,27.7951
TPB,93.42,92.82,98.86,89.49,941230.76229,93.4175
NEEpV,50.53,50.91,50.91,50.39,24219.9094,50.5857
DDOG,200.16,185.5,200.36,185.0,12042619.03787,194.1027
PGNY,23.72,23.39,23.76,21.1923,4411517.177146,22.8791
AFGC,18.66,18.61,18.67,18.59,4644.494,18.6411
SCLX,7.82,8.2,8.62,7.675,112533.858014,7.9105
ALK,40.84,40.94,41.3,40.29,2207006.157149,40.751
COCH,0.6455,0.679,0.6799,0.63,126667.337281,0.6467
GLSI,22.86,23.14,24.01,22.86,75974.254221,23.3016
SI,13.2,12.9,13.32,12.275,71198.0007,12.9301
KIM,23.48,23.6,23.68,23.47,4456469.570815,23.5299
XGN,2.95,2.95,2.99,2.82,211876.644418,2.9221
INLF,4.29,4.41,4.41,4.16,5918.565116,4.2788
TCOM,52.68,53.31,53.75,52.64,2208201.834745,52.9383
VPG,67.24,63.92,68.86,63.45,635572.803535,67.0544
XPEL,43.55,43.54,44.5792,41.7731,257380.235209,43.5939
APH,128.03,137.58,137.8,127.63,18190972.306214,130.4126
XPRO,15.37,15.65,15.8699,15.25,714023.733016,15.5017
MRAM,26.99,22.1749,27.63,21.65,6266582.329792,27.5813
NIQ,10.72,11.16,11.16,10.68,638053.752183,10.7953
ACGLN,17.18,17.18,17.18,17.06,25187.634,17.1342
ZLAB,18.6,19.43,19.4699,18.285,1255208.022889,18.7971
VYGR,4.05,3.92,4.265,3.92,639750.133783,4.0998
SWAG,1.58,1.62,1.62,1.5684,24310.011,1.5932
BMI,118.52,122.46,122.84,116.73,737493.172704,119.0413
PMTW,25.6801,25.56,25.69,25.56,6950.6592,25.6561
ACP,5.36,5.36,5.36,5.34,293941.023502,5.3488
SDVY,41.84,41.96,42.0462,41.715,776557.49613,41.8291
FULT,21.5,21.54,21.555,21.385,1348475.98405,21.4817
GRDX,3.42,2.95,3.52,2.797,259890.624972,3.2896
CIVB,24.99,24.96,25.18,24.78,38227.4056,24.9483
HNGE,56.02,55.1,56.02,53.97,1863094.508054,55.2306
ELAB,1.98,2.13,2.14,1.97,306557.7151,2.0342
IWLG,55.9482,55.42,55.95,55.42,9148.822523,55.8353
DNOW,13.07,13.18,13.54,13.03,4913957.358961,13.1577
XCH,0.9,0.97,1.02,0.896001,26481.0,0.9566
ADVB,6.19,7.21,7.31,6.03,38731.35,6.5629
GTM,6.38,6.54,6.59,6.2,19864131.041478,6.339
TMUSZ,22.28,22.0,22.37,21.92,13381.1,22.1032
ICLR,124.49,124.97,128.95,120.34,681154.013611,123.8296
ABCB,86.52,86.85,87.005,85.71,285618.459913,86.5299
VOR,16.94,15.98,17.32,15.91,1173332.547726,16.7905
LEA,139.69,136.15,139.75,135.56,569005.458113,138.0867
SEGG,1.43,1.37,1.4601,1.29,1715369.27458,1.4017
HAFC,30.37,30.38,30.46,30.04,230890.30779,30.2826
C,125.55,130.19,131.95,125.215,17505537.804628,127.634
RNR,300.16,301.27,303.08,299.09,187694.428997,300.7776
RGNT,2.22,2.202,2.35,2.01,12566.523011,2.1908
ALGN,168.78,168.39,169.18,163.285,835856.869243,166.7254
BFH,87.34,86.77,87.64,85.6,334530.681396,87.0688
IZEA,4.35,4.36,4.42,4.32,49744.84,4.3687
CGO,13.52,13.47,13.5599,13.44,16068.889575,13.5098
RNW,5.62,5.43,5.66,5.385,983172.082068,5.5488
ET,19.34,19.71,19.7499,19.3,11411132.987113,19.5152
NTSK,11.62,11.2,11.72,10.78,8091067.197239,11.5492
FTGC,29.48,29.45,29.5286,29.42,279905.689252,29.4732
RITMpD,24.88,24.9,24.9,24.76,39155.4565,24.876
MFC,40.02,39.78,40.0877,39.365,2096820.206429,39.9698
ING,30.12,30.03,30.16,29.905,1823589.635361,30.0513
HEI,292.52,291.01,294.05,285.34,978458.62766,290.5443
HTT,2.22,2.25,2.2655,2.15,84668.62368,2.2033
GFI,44.86,44.17,45.29,44.17,2728227.818678,44.8183
PCQ,8.92,8.89,8.92,8.885,74069.9496,8.9011
INGM,27.2,27.03,27.62,26.71,1731631.434033,27.2674
FGM,66.24,66.085,66.24,65.835,21141.223664,66.0282
STRK,78.55,78.97,78.97,78.35,69385.456562,78.6318
TWOpA,24.85,24.76,24.89,24.76,12081.7184,24.8584
KITT,2.22,2.27,2.29,2.2,155739.240858,2.2392
YMAT,0.5069,0.235773,0.9799,0.235773,314211737.849156,0.6223
TDIC,1.24,1.12,1.29,1.0701,3640579.191836,1.2485
POR,48.51,48.79,49.04,48.38,1024878.707171,48.6107
EQS,1.29,1.12,1.29,1.115,16550.0,1.2092
IRON,68.26,67.65,70.3,67.37,656315.635687,68.4203
MDGL,510.04,535.0,541.57,510.0,379309.996979,516.6658
PEY,22.25,22.26,22.28,22.015,147959.908085,22.1875
IDEF,33.24,33.09,33.26,32.88,404148.711195,33.1241
MMS,64.27,66.66,66.85,64.215,886932.298366,64.751
VOTE,86.7004,86.41,86.72,86.41,10480.855351,86.6604
DGX,187.39,191.71,192.2,186.23,762516.15048,187.5552
TDC,31.59,29.7,31.66,29.25,2516425.091532,31.1665
KIO,11.23,11.29,11.31,11.14,328410.18272,11.2272
GOCT,41.01,41.0128,41.02,40.95,6435.0,40.975
UNP,264.65,264.13,266.2,262.91,1788019.797305,264.8413
ABEV,3.29,3.34,3.355,3.26,73517002.485257,3.3028
ADUS,99.57,97.31,99.905,97.31,253776.949663,99.1024
PG,146.42,146.55,147.515,146.21,5740971.048537,146.7354
TRI,92.94,92.4,93.17,90.36,1630655.278801,92.4445
ACCO,4.04,4.07,4.145,4.0203,612670.681311,4.0688
XLKI,27.1895,26.98,27.19,26.98,8125.054332,27.1098
MFI,10.33,10.4,10.5399,10.11,11640.694839,10.3897
FMC,13.4,13.69,13.81,13.36,3858672.542009,13.5028
AERO,16.31,16.58,16.58,15.5818,211545.879894,16.1329
HGLB,8.24,8.22,8.2499,8.13,62633.555081,8.2138
RVT,18.68,18.64,18.76,18.6,177026.293659,18.6837
GRNQ,2.02,2.13,2.18,2.0101,10389.3611,2.0589
HZO,34.32,33.15,34.43,32.21,799580.8421,33.7217
BTQ,3.11,3.24,3.2464,3.05,1249315.859928,3.1215
OWL,10.56,10.4,10.585,10.09,20238533.549557,10.4183
WELL,214.63,213.25,217.67,213.25,2734466.181621,215.813
OFIX,11.65,12.46,12.6425,11.54,478179.846782,11.7974
RSVR,10.19,10.16,10.25,10.0301,23652.999999,10.1804
RBC,605.99,614.48,618.17,604.38,174707.793783,608.6545
SPE,14.5,14.42,14.5501,14.42,29527.941705,14.5047
PFFD,19.14,19.02,19.14,19.01,401864.077607,19.0863
ALVO,3.26,3.21,3.32,3.17,469973.432219,3.2322
TRVI,14.5,14.455,15.35,14.39,1990825.093604,14.7161
JBHT,245.4,242.19,246.25,240.0,612432.471664,244.8459
STEW,17.62,17.6,17.69,17.57,35042.1449,17.639
SMBK,42.28,42.07,42.68,41.7,56864.93159,42.2585
ASR,308.99,315.06,315.06,307.335,54501.436715,310.7735
NGNE,30.78,30.47,31.84,29.63,168844.297275,30.8713
TCAI,48.74,48.61,49.04,48.45,142124.137458,48.7311
ALBG,18.07,17.9,19.115,16.5501,74365.684,17.6421
IVRpC,23.87,23.76,24.06,23.75,23771.1321,23.8481
VSME,0.92,0.9068,0.93,0.89965,78644.0,0.9203
SHIM,5.76,5.76,6.39,5.65,183336.439477,5.8602
MAIN,54.01,55.75,56.6031,52.8101,1331179.392518,53.7593
RMMZ,14.97,14.98,15.02,14.97,8531.9993,14.992
TATT,36.42,35.88,36.925,35.88,168680.005667,36.3393
BFSpE,23.1,22.05,23.25,22.05,2889.7,23.1192
FTMA,9.045,9.07,9.07,9.02,115861.4469,9.0406
IRDM,41.46,40.58,41.91,39.44,2573915.690195,40.9187
MWA,26.37,27.05,27.23,26.35,918915.511948,26.5048
ZGN,13.16,13.05,13.3,12.94,889089.721865,13.1533
PSApF,20.73,20.7,20.77,20.66,17803.1513,20.72
MHD,11.83,11.87,11.8899,11.82,169744.07044,11.8564
WAL,81.9,82.48,82.94,81.4,1067504.444493,81.8693
PPL,35.91,36.77,36.915,35.7,12293806.879117,36.1452
PDCC,11.0,11.05,11.1935,10.97,7243.922212,11.0877
HTH,37.76,38.06,38.35,37.75,275684.351912,37.9516
NUAIW,1.97,1.77,2.17,1.77,28833.0,2.0284
MHNC,13.75,13.37,13.75,13.37,7850.0,13.6232
KLIC,102.66,100.47,104.73,99.84,1477022.692057,102.1921
AXP,316.03,319.09,320.05,313.61,6802220.334314,315.8001
VSNT,41.14,40.5,41.1801,40.12,1253112.743011,40.8534
UBS,45.23,45.17,45.23,44.92,1946000.429163,45.1032
AR,35.94,36.48,36.55,35.85,3020332.263021,36.0675
PBH,52.54,54.12,54.765,51.79,741609.275545,52.801
HSIC,70.82,70.67,71.35,69.34,1436815.051245,70.3515
JOUT,51.405,50.72,53.07,49.3,118202.3729,51.5111
MCBS,32.72,32.47,33.67,32.1263,55451.763855,32.6064
GJUL,42.9152,42.9586,42.9599,42.86,12365.037,42.8958
FDP,36.81,37.77,38.01,36.78,348302.97742,37.2115
CSPI,9.17,9.35,9.3501,9.035,12482.863013,9.2062
AEMD,2.25,2.48,2.4899,2.25,269571.109178,2.3969
TAOP,1.2882,1.35,1.35,1.275,5528.56,1.2898
GRBKpA,23.45,23.15,23.45,23.15,1052.9197,23.3295
BDMD,1.75,1.89,1.93,1.7201,266713.457468,1.7879
AVGG,37.97,36.39,38.81,35.3,184589.613733,37.2809
CNNE,14.19,13.93,14.47,13.864,527625.803492,14.2625
RISR,36.46,36.31,36.51,36.31,45273.488552,36.4363
LTTI,18.53,18.63,18.6499,18.475,2649.0,18.601
FpB,21.63,21.45,21.68,21.45,45644.7291,21.5458
UITB,46.905,46.9,46.935,46.8845,64649.9479,46.9029
MAA,129.31,130.39,130.775,128.75,767028.045545,129.3884
LOAR,59.8,60.58,64.845,59.69,1837474.118922,60.4061
GMEX,2.02,1.86,2.3437,1.74,2317263.210345,2.1212
SHBI,19.72,19.76,20.0,19.57,125659.81059,19.729
NUW,14.03,14.04,14.0411,14.0,54290.754,14.0261
AZN,182.85,182.71,183.55,181.5775,1910488.286529,182.5901
DCBG,26.4795,26.57,26.68,26.4795,3092.0,26.5866
EFR,10.54,10.56,10.56,10.5101,64846.2425,10.5404
KEN,88.89,88.61,89.67,88.34,18431.572207,89.0392
AARD,5.44,5.64,5.65,5.3003,84002.979294,5.4555
MFSG,29.87,29.85,29.9243,29.8,148786.2133,29.8543
ECC,4.26,4.3,4.3,4.22,1117048.574328,4.2672
SMFG,21.43,21.52,21.64,21.38,1390678.340154,21.4722
YSS,34.79,34.06,36.0599,33.44,1843031.265033,34.7861
KBWY,17.28,17.25,17.39,17.235,108649.274384,17.3203
OAKpA,21.15,20.71,21.15,20.71,12173.8414,21.0586
CRAK,49.64,49.43,49.9999,48.961,101117.430167,49.6896
BIPC,38.99,39.32,39.32,38.39,724936.148945,38.8936
BRNS,0.67,0.69,0.713,0.65,19094.198582,0.6938
PRG,36.34,35.86,36.65,35.15,328829.388881,36.2244
AIPI,36.78,36.74,36.785,36.55,133568.696817,36.6634
RYTM,94.17,95.79,96.758,93.24,882558.540236,94.4209
FYC,114.4716,114.04,114.49,113.33,26325.095498,113.9536
UECG,9.9857,10.73,10.73,9.76,24843.797483,10.2072
IXUS,96.02,95.69,96.03,95.58,2167392.754252,95.8521
FIGR,37.63,37.51,37.85,36.57,2564847.776387,37.1817
EQH,42.6,42.85,43.51,42.51,2485143.155441,42.9083
DBI,6.97,6.99,7.05,6.85,224853.832267,6.9795
PLNT,45.88,42.52,46.5,41.5,7629138.162029,45.0723
PRS,22.97,22.96,23.0,22.8701,23952.348,22.9339
KBSX,1.22,1.22,1.26,1.21,7220.0,1.2444
WAI,1.96,2.03,2.2,1.91,20432.0,2.0327
OBAI,0.5941,0.5595,0.612,0.54,467542.178901,0.583
ABG,200.39,201.16,201.875,198.645,176710.004842,200.0797
BCO,107.22,108.45,109.745,106.03,475306.622081,107.6872
PDO,13.29,13.34,13.38,13.28,843702.555223,13.3161
DVY,152.28,152.84,153.1,151.87,292238.164907,152.5397
IONL,27.66,27.0,27.8,23.8,1378338.271572,25.9453
CPA,122.8,124.61,124.61,122.045,184705.126479,122.8579
NUE,227.5,228.01,229.8799,225.89,965201.183706,227.8654
BITS,70.5629,71.4,71.4,69.46,2490.073826,70.0773
KORE,9.15,9.15,9.2202,9.15,2791.202649,9.1703
CSCL,44.025,41.635,44.4,41.53,63008.810222,43.5186
MTX,79.51,78.13,80.21,76.7275,360218.815521,79.2269
CR,181.32,182.96,183.87,178.55,1013697.92828,181.3847
IPHA,1.41,1.44,1.49,1.4,6801.0,1.4161
ALGT,83.03,82.18,83.88,82.18,459916.539242,83.161
CHGG,1.16,1.3,1.3199,1.05,4233678.402335,1.1947
ENTX,1.3,1.35,1.35,1.25,158557.474779,1.2876
PAM,78.72,82.87,82.87,78.295,379235.721189,79.5089
GUSH,35.69,35.89,36.54,35.055,831767.067156,35.9849
BTBD,1.14,1.195,1.24,1.09,914508.655799,1.1517
WD,54.61,54.67,55.51,53.775,360523.77048,54.7714
BRAG,2.15,2.25,2.265,2.13,15520.0,2.2433
PSApR,15.78,15.79,15.81,15.7101,30966.921,15.7495
NLYpF,26.06,25.97,26.07,25.9601,21818.834,26.0283
ARR,17.63,17.58,17.69,17.5,4992870.873117,17.6167
PNFPpB,26.34,26.15,26.34,26.04,10049.09724,26.2044
VTWG,269.53,270.56,270.56,267.68,23276.052089,268.731
PLUL,20.6372,20.64,21.6,19.89,49350.110455,20.6992
ALSN,124.18,124.22,125.73,122.88,795222.996492,124.3475
INFO,26.6139,26.51,26.62,26.51,26362.0,26.602
HE,14.83,15.5,15.625,14.79,3276109.878197,15.1856
DINO,72.43,70.2,72.775,69.46,2401157.617991,72.1629
MRNX,28.3619,23.91,31.71,23.91,103731.487946,28.3528
FINS,12.965,12.86,13.055,12.86,25653.965659,12.9688
CLBK,19.51,19.31,19.595,19.31,460815.41835,19.4986
MNSO,14.63,14.73,14.79,14.6002,192737.364012,14.6595
IONZ,5.08,5.215,5.89,5.0465,7488553.825707,5.4577
WYFI,21.25,20.1,21.494,19.7815,1050154.18104,20.6343
IMA,5.29,5.68,5.9,5.28,75399.8952,5.5545
INTR,6.48,6.765,6.92,6.465,8003993.826689,6.6703
BHVN,9.86,9.59,9.92,9.355,1978618.216519,9.7073
H,167.6,170.5,171.96,166.63,1064823.635351,168.2002
SGHT,5.38,5.39,5.6613,5.16,356028.354039,5.3508
MUA,10.71,10.71,10.74,10.68,60733.422437,10.7034
SNCY,17.02,16.69,17.13,16.69,344927.48891,17.017
SB,7.03,6.94,7.08,6.93,341465.163417,7.0285
EHTH,1.89,1.89,1.93,1.75,431696.762995,1.8514
ECCV,24.03,23.94,24.1,23.94,8156.924,24.0605
CHMI,2.59,2.58,2.605,2.5593,86779.722389,2.5849
TDSpU,21.89,21.59,21.99,21.47,39240.9227,21.7765
IYF,122.62,123.56,123.67,122.26,119198.448758,122.6838
MLI,140.83,140.38,141.51,138.33,526778.281028,140.8021
CRMLW,5.2,5.68,5.68,5.11,18508.0,5.2654
PERI,11.06,10.78,11.07,10.57,315962.792313,10.8942
AMST,0.88,0.9372,0.9372,0.87,97652.316262,0.9045
FLMB,23.91,23.91,23.915,23.8901,13949.0761,23.9004
SMID,34.8,34.69,36.02,34.0,6985.030553,35.1576
MIRM,107.16,103.93,109.6,103.76,1791123.95689,105.8231
WFCpY,23.98,23.99,24.03,23.9001,20638.5354,23.972
PSApG,20.41,20.33,20.43,20.33,14745.4704,20.4161
GPGI,13.88,12.8,13.98,12.31,8129580.384274,13.2936
BIOA,17.99,17.52,18.22,17.47,177457.08255,17.9545
ACEL,11.63,11.39,11.665,11.28,342150.16658,11.5594
LGCL,1.795,1.71,1.96,1.71,1778.802272,1.8284
IAE,8.4,8.34,8.42,8.31,90143.209,8.3759
GL,151.08,152.98,153.99,150.805,469029.876247,151.5992
SRTA,5.57,5.33,5.6,5.3,823404.783538,5.491
XAIR,0.513,0.4898,0.5268,0.4801,251898.472044,0.5055
KNSL,304.87,309.1,311.995,303.431,317506.121996,305.9811
SSD,188.61,193.18,193.18,188.15,391546.861961,190.5302
MPAA,11.66,11.45,11.83,11.45,30515.196584,11.708
BDX,149.43,153.865,155.28,146.49,4481962.717856,149.0723
PSApK,18.93,18.93,18.94,18.74,11766.9908,18.853
BE,261.03,271.22,272.5557,249.1,14413746.867609,261.8833
VPLS,77.6936,77.68,77.72,77.635,115609.72748,77.6813
EW,79.96,82.89,83.04,79.24,4031273.538877,80.2513
DAX,45.425,45.4,45.7579,45.16,138999.054144,45.4454
IGI,16.1384,16.17,16.22,16.1,11669.9336,16.1376
KVUE,17.59,17.84,17.84,17.55,20211856.648892,17.6263
EXFY,1.025,1.06,1.06,0.99,551571.497409,1.0199
BILS,99.24,99.23,99.24,99.23,238716.091373,99.2353
DK,46.04,44.29,46.78,43.626,1236083.510867,45.916
MGRC,114.64,114.74,115.755,113.7,169964.78392,114.6909
CPNG,16.98,17.24,17.45,16.84,25908967.206681,17.0956
INSP,44.26,45.31,45.715,43.99,971774.792576,44.5721
MGRB,16.9,16.92,16.92,16.7418,8721.0,16.8572
PRPO,29.81,30.45,30.45,29.395,20924.323529,29.9936
CMRE,17.62,17.57,17.87,17.49,489487.817543,17.6641
SKLZ,6.67,6.96,7.2,6.56,420062.353545,6.8278
MBB,94.91,94.94,94.95,94.785,1709683.325123,94.8746
RPTpC,25.0,25.0499,25.0499,24.95,2506.0,24.9793
SWX,89.95,91.1,91.15,89.87,389897.927766,90.2606
NLOP,11.95,12.99,12.99,11.91,317214.350995,12.1474
AAPD,12.0691,12.2,12.2,12.0199,4686546.94185,12.0828
ADUR,13.5,13.19,13.65,13.19,235357.256409,13.4176
NXDT,5.1,5.06,5.27,5.06,153035.650573,5.1615
COFpL,16.75,16.72,16.81,16.7,36820.276,16.7436
ELVA,10.55,10.05,10.55,9.81,377584.92527,10.296
AMPL,6.39,5.73,6.45,5.64,4386960.45414,6.1931
FDIG,44.74,44.88,45.3394,43.684,34887.087961,44.4794
YDKG,1.015,0.872,1.0381,0.8665,349189.404488,0.9752
NRK,10.74,10.74,10.75,10.71,101109.2287,10.7331
EMBJ,60.11,64.57,64.57,59.43,5626549.339776,60.9802
ESRT,5.71,5.65,5.77,5.61,914656.590973,5.7215
PRCT,25.4,25.5,25.61,24.48,1370366.427315,25.3633
SNAL,0.4797,0.5013,0.5037,0.47,468776.493918,0.4845
EXUS,27.6939,27.71,27.76,27.5589,5650.9897,27.6681
PNFPpA,25.72,25.55,25.72,25.4901,18454.6458,25.6256
CHE,424.26,426.23,426.23,418.19,152412.859901,423.268
SID,1.38,1.39,1.41,1.37,2514857.98561,1.3865
KPLTW,0.0014,0.0014,0.0014,0.0014,37676.0,0.0014
ZTO,25.05,25.09,25.155,24.835,4320536.158234,25.0263
TCAN,25.0037,24.7,25.029,24.475,5446.013143,24.7021
ELF,60.86,62.26,62.45,60.415,2260790.974167,61.0413
BCML,30.94,30.5,31.22,30.5,59816.10219,30.8728
BLLN,92.96,90.0,94.46,85.1,1300649.889196,90.5293
KN,35.28,34.19,35.35,34.03,1162309.476602,35.034
OBDC,11.35,11.39,11.39,11.165,4313403.284714,11.2776
ENTG,149.11,151.52,152.38,146.26,3012664.592427,148.9307
ANEL,15.98,16.2,16.4,15.25,870696.719709,15.8407
HLF,14.31,14.5,14.71,14.03,2344976.954134,14.2637
FGBI,9.35,9.45,9.45,9.33,7211.7376,9.3846
JQC,4.86,4.86,4.875,4.85,549857.1128,4.8577
ORA,121.67,122.69,123.02,119.43,861637.559372,121.6146
PSET,75.1382,74.98,75.21,74.98,4286.2163,75.0963
SWK,81.07,80.79,81.81,80.0,1465239.591579,81.0358
DRAI,35.4316,35.0,35.45,34.9901,20493.14149,35.2391
JJSF,76.17,75.54,77.72,73.53,274278.964757,76.2662
PTRN,15.92,16.55,16.78,15.9,1780135.225303,16.2326
FCAP,57.36,55.4,57.77,55.4,3161.8947,57.204
BGSF,5.26,5.25,5.443,5.21,11526.913625,5.2745
FGMCR,0.625,0.6425,0.75,0.625,37736.0,0.7215
FBK,54.12,54.02,54.46,53.92,159309.179007,54.1106
EFSC,59.83,59.48,60.0499,59.475,207207.4141,59.8159
PLPC,346.25,350.07,356.9675,342.78,78014.610403,347.1558
INSG,16.08,16.36,16.775,14.92,728430.241046,16.0744
ORLY,92.96,94.58,95.105,92.91,6340974.940696,93.2068
FDV,30.81,31.08,31.08,30.78,83293.79172,30.8582
ASHR,35.73,35.72,35.81,35.675,3767314.140997,35.7147
HOVR,2.39,2.32,2.48,2.145,3076135.013468,2.3261
PKW,136.92,137.94,137.94,136.87,19124.62392,137.3992
MSAI,5.945,6.05,6.05,5.85,21191.419606,5.9302
GPN,69.19,69.99,70.6,68.58,3560733.796633,69.4718
DDS,563.25,558.0,565.135,545.31,107439.791866,561.3714
GLOO,6.56,6.66,6.77,6.5,15331.09865,6.6323
APGE,83.03,82.76,84.15,82.06,768713.535601,83.0644
MGA,63.11,61.59,63.15,61.59,1175732.919746,62.707
AON,312.79,313.0,314.06,309.22,1179163.686171,312.184
PFSA,0.5158,0.5,0.5158,0.474451,279845.612795,0.4974
RFpE,16.65,16.7,16.7399,16.632,27365.3565,16.691
DTK,24.79,24.76,24.8,24.75,27394.18,24.7861
NCVpA,20.94,20.8,20.97,20.7,5630.3761,20.9161
DETX,4.525,4.29,4.81,4.25,38132.713,4.6052
CIMpC,23.35,23.12,23.37,23.12,23119.984,23.3139
IFGL,23.825,23.8,23.87,23.752,12087.1975,23.8061
RZB,25.24,25.23,25.24,25.23,155388.09,25.2302
ONMD,1.02,0.99,1.025,0.952,201539.681123,0.9961
SAN,12.28,12.32,12.36,12.2,5988826.315348,12.2589
GAMB,4.51,4.4,4.545,4.2809,725520.364652,4.4552
TTAM,16.52,17.13,17.13,16.51,217868.455917,16.7177
NVR,5974.07,6032.23,6065.0,5937.01,13438.127011,5981.6252
CCK,101.19,101.42,102.47,100.91,944756.109072,101.4612
LLY,948.45,974.07,980.0,947.51,3559161.316391,952.8068
LNCpD,26.61,26.71,26.71,26.59,72953.9819,26.6362
VZ,47.22,47.21,47.46,46.95,16349778.043075,47.2062
GPRO,1.37,1.38,1.44,1.33,4566211.688239,1.3799
CIF,1.635,1.64,1.65,1.6201,52365.3097,1.6351
DDIV,44.6295,45.02,45.02,44.6,1881.4719,44.7232
QEW,28.2599,27.9,28.28,27.9,20606.881,28.1914
BSCQ,19.555,19.55,19.56,19.55,837814.0328,19.5527
JBSS,77.95,78.58,78.86,76.65,126648.71137,77.8855
QDTY,42.0919,41.8,42.24,41.8,12540.666656,42.0609
IPW,0.8145,0.8215,0.8249,0.7561,390704.325879,0.8006
DBGI,1.7,1.66,1.75,1.52,571197.830911,1.667
BACpK,24.98,24.94,24.99,24.9201,28978.7249,24.9543
SOJD,20.16,20.08,20.16,20.04,66214.802,20.0806
BOH,80.46,80.11,80.58,79.755,420182.742349,80.3156
JATT,10.52,10.5,10.53,10.5,1642.0,10.5086
MNYWW,0.0512,0.0469,0.051201,0.0469,941.0,0.04919
MSpE,25.42,25.42,25.42,25.39,41195.2594,25.4094
NBP,2.2,2.22,2.2391,2.1701,396099.465049,2.1981
FEMS,48.52,48.45,48.85,48.43,36243.2224,48.5757
OMC,77.06,77.06,77.48,75.78,2837781.559155,77.0237
AGEM,49.0,48.0,49.0923,48.0,5166.9858,48.7763
PRKS,39.22,39.64,40.265,38.71,2195033.958938,39.4901
MTH,65.16,64.9,65.811982,64.375,651090.67339,65.1542
CHAT,86.18,84.51,86.22,84.51,638742.044475,85.209
BWMX,16.77,16.8,17.0112,16.44,84339.046306,16.7876
STRA,80.18,78.99,80.33,78.475,209100.467774,79.704
AAT,21.04,21.16,21.28,21.01,194203.148867,21.0798
VIVO,3.02,3.0,3.12,2.89,744066.424313,3.0206
AVSF,46.7,46.69,46.7,46.675,51134.1634,46.6874
QVML,43.5329,43.3712,43.5329,43.35,1819.261874,43.4228
SHLS,8.84,8.01,8.97,8.01,8526551.732918,8.6043
PSTL,23.27,23.06,23.38,22.92,411276.621016,23.2144
LFT,1.18,1.15,1.18,1.15,103686.063755,1.1627
SPG,202.12,202.23,203.74,201.67,1081635.638757,202.5191
TAXX,50.6874,50.635,50.7,50.635,40074.1972,50.6598
LYG,5.43,5.47,5.495,5.3949,18794753.523867,5.4343
JPMpJ,19.75,19.7,19.7699,19.69,61104.0841,19.7154
AEYE,7.86,8.04,8.04,7.7,76319.63431,7.8654
PEBK,41.31,41.152,41.645,41.152,23353.40718,41.3333
IALT,28.0302,28.07,28.11,27.9901,195853.214911,28.0597
EXP,210.45,212.84,212.87,208.48,242701.639687,210.5643
SMP,40.4,39.5,40.465,39.03,81484.72446,40.097
KLIP,26.41,26.47,26.5,26.4,45686.055307,26.4622
CNXC,24.27,25.24,25.24,23.88,2217144.139227,24.3236
FCT,9.78,9.74,9.82,9.74,67500.9111,9.7847
BSCX,21.235,21.24,21.24,21.2101,949726.4784,21.238
BTI,58.28,58.34,58.56,57.9666,3670386.588144,58.2496
ARQ,2.64,2.58,2.765,2.48,384410.99508,2.6476
CAN,0.5095,0.525,0.5274,0.5006,8163248.098549,0.5089
MTRX,12.18,12.2,12.6,12.11,434358.58128,12.3173
ADMA,8.17,8.65,8.92,8.015,10208409.005265,8.2931
ADIL,1.43,1.45,1.49,1.4002,122800.732,1.4662
HFFG,1.89,1.82,1.9199,1.8,82860.400877,1.861
TU,12.75,12.74,12.79,12.56,6968446.955457,12.7054
BUZZ,37.2,36.4,37.23,36.19,74661.417688,36.7969
OCC,10.34,9.99,10.85,9.94,198123.564666,10.4528
TENpF,27.07,27.29,27.29,27.01,4216.0,27.0743
LITS,1.22,1.13,1.26,1.12,969335.102663,1.2112
ACHR.WS,0.3008,0.28,0.3203,0.264,222495.0,0.2916
LAR,11.68,11.57,11.975,11.32,3184178.446622,11.7266
UGI,32.32,32.54,33.08,32.3,1917075.14608,32.5746
CHH,106.58,106.76,107.99,104.87,445003.24422,106.531
TSLX,17.94,17.96,18.2,17.73,723043.338143,17.9764
NUTX,136.66,134.29,138.499,130.95,103929.214021,135.6294
VOYG,29.74,26.05,29.74,25.9,2040832.928607,28.5798
QBUF,30.505,30.61,30.61,30.49,26586.69,30.5372
YSPY,15.4636,15.5,15.51,15.441,30413.5003,15.4633
LRHC,1.61,1.78,1.8,1.5401,278557.239773,1.6495
INVH,28.73,29.02,29.08,28.715,5388505.618386,28.7949
MILN,43.6845,44.05,44.05,43.55,4604.01873,43.8318
AM,20.92,21.24,21.28,20.915,2348851.468901,21.0194
RBCAA,77.39,76.63,77.49,75.41,88744.2428,76.8004
NTCT,39.09,39.14,39.71,38.07,815543.970815,39.016
CALM,76.09,75.37,76.65,74.39,570746.940655,75.9174
VIR,9.12,9.31,9.54,9.11,1611671.96052,9.2372
BOE,11.9,11.92,11.92,11.81,62074.025646,11.8862
FCEL,13.7,12.46,13.97,12.3,9610582.658249,13.2413
BEPI,15.66,15.55,15.67,15.55,5704.079,15.6352
ECG,163.24,162.05,163.3,158.5,542774.714001,161.1292
MATW,28.14,27.86,28.28,27.55,139869.669456,28.0272
NCEL,3.36,3.24,3.5197,2.99,25274.25,3.2404
SPGpJ,54.35,54.04,54.44,54.04,1806.3408,54.2236
FIG,20.66,20.0,20.88,19.63,10563647.961237,20.2782
HERE,3.3,3.21,3.34,3.21,81766.0,3.2874
SHOO,40.61,39.84,41.18,39.17,1227868.73469,40.5003
AOSL,37.9,37.34,39.28,37.06,1093422.002116,37.9763
SJT,4.14,4.17,4.2,4.14,84603.914829,4.1715
OBT,34.71,35.06,35.185,34.41,30413.3104,34.7952
COFpJ,18.37,18.34,18.38,18.29,64747.9413,18.3339
PCLA,1.75,1.88,1.88,1.75,2002.766666,1.8467
ODC,77.28,75.5,77.88,75.5,46445.903882,77.0946
NRGD,31.0653,31.0896,31.8386,30.0,18352.484054,30.8699
SBXD,10.79,10.79,10.79,10.79,101.0,10.79
ODTE,27.34,27.03,27.34,27.03,6608.849,27.2417
TDAY,7.63,7.33,7.64,7.25,1442111.88732,7.5152
UPST,28.96,30.33,30.35,28.58,4636212.688845,29.1053
URTH,200.64,200.1,200.75,200.08,413929.480568,200.4852
CATO,2.89,2.92,2.94,2.88,5397.453528,2.9026
ALLR,1.55,1.48,1.6,1.4252,355321.7576,1.5458
TCI,35.68,36.65,36.65,35.68,891.0,36.6664
LULG,8.4963,8.79,8.8,8.4963,52056.801383,8.6509
RGT,14.55,14.45,14.6915,14.45,15236.4768,14.6058
JKS,24.56,23.75,25.31,23.69,1042229.720188,24.6404
ITT,206.15,211.43,213.07,205.44,651691.780198,207.1042
UP,6.01,6.6,6.65,5.85,208834.103316,6.0598
MRSH,163.25,165.54,166.7521,162.5,1948128.915579,163.7122
FSLR,219.95,216.92,221.21,212.01,1938650.684883,217.5527
ELSE,7.63,7.63,7.654,7.63,1463.683,7.6384
FANG,188.7,189.81,190.32,186.94,3161824.314099,189.0147
OPENZ,0.35,0.38,0.3896,0.343,380802.377586,0.3555
VOLT,40.34,40.94,40.94,40.26,319291.782674,40.4838
FOUR,42.58,46.22,46.69,42.41,1767577.133516,43.5018
BRKU,21.22,21.11,21.4799,21.1016,186726.6794,21.297
GALT,2.1,2.13,2.13,2.07,207489.224005,2.0934
ROC,5.8,6.1,6.1219,5.8,22429.118843,5.928
AHLpD,21.26,21.28,21.3,21.12,29062.509,21.2364
RDDT,155.8,162.62,162.9,155.2101,5778954.659297,157.4149
MEOH,60.19,61.94,62.0,60.08,669751.692257,60.8392
CORZZ,22.8424,23.02,23.33,22.4301,22995.0963,22.8033
DCX,2.44,2.38,2.5,2.3,61136.665748,2.4137
GBAB,14.29,14.25,14.3188,14.22,111742.075529,14.2753
LINK,3.56,3.75,3.9,3.48,69488.904277,3.7207
MNDO,0.99,1.03,1.04,0.99,64893.689396,1.0118
LBRDK,36.1,37.27,37.47,36.08,1300605.788883,36.4416
DAIC,0.1935,0.1982,0.21,0.191,262418.241625,0.197
TALO,14.99,14.87,15.095,14.5,1442862.790235,14.9264
OM,3.695,4.05,4.135,3.57,384333.951283,3.7783
L,104.5,104.61,104.69,103.62,1005375.923406,104.4507
EDU,53.61,56.16,56.16,53.27,928742.379514,54.1823
CASH,86.32,87.55,88.05,86.23,172494.321187,87.0191
GUG,15.85,15.9,15.94,15.78,41944.6402,15.8276
FA,15.96,15.97,16.035,14.9,1987759.608012,15.7027
HFBL,20.035,19.6,20.04,18.95,5038.6192,19.8546
FMFC,0.4101,0.4099,0.4214,0.4006,102681.0,0.427
INN,5.53,5.38,5.535,5.38,475156.292109,5.4921
TRTNpD,23.6,23.56,23.62,23.38,3111.23,23.5755
ENLT,90.51,88.34,90.8995,87.11,172026.727717,89.1295
DXLG,0.6585,0.6349,0.703199,0.63,83184.675883,0.6475
SMSI,0.8474,0.84,0.8599,0.8201,65804.998402,0.8433
FR,62.75,62.75,62.96,62.39,714289.812072,62.7307
CMG,32.49,33.43,33.5,32.14,12947295.964873,32.6078
ALAI,41.81,41.93,41.93,41.6,48369.1741,41.6448
BBT,28.93,28.89,29.105,28.69,626796.347433,28.9277
GOF,11.52,11.49,11.59,11.47,1011371.008957,11.534
BENF,3.44,3.53,3.58,3.31,20396.88458,3.4962
CYN,1.63,1.66,1.69,1.61,279112.168562,1.6384
SHG,68.54,68.53,69.23,67.22,206987.876856,68.5876
VLN,2.79,2.44,2.8,2.35,5478406.060388,2.6464
ARES,126.25,123.56,127.825,121.865,4015314.28069,126.2843
PSUS,41.92,42.59,42.7999,41.9,1055196.752095,42.2846
GRNJ,30.32,30.42,30.445,30.05,141500.094367,30.2283
KSPI,85.9,86.84,87.1,84.02,605775.123418,85.5472
PCAR,114.31,114.46,114.915,113.56,2028856.378719,114.3302
SGRP,0.6673,0.682,0.6963,0.636,26073.0,0.67
PSApL,18.36,18.36,18.3785,18.24,34814.5835,18.3143
STRC,99.99,99.99,99.99,99.97,2192334.855294,99.9862
RFL,1.28,1.28,1.32,1.27,58354.017707,1.2894
RNRpG,15.55,15.66,15.66,15.52,14635.62,15.5641
EFC,13.62,13.65,13.685,13.51,2184624.560011,13.6225
DG,113.29,117.04,117.37,112.91,3307116.495667,114.5551
HUTG,24.75,29.0,29.0,24.03,84536.815502,25.7104
CMS,72.61,73.61,73.88,72.485,2307124.909983,72.8284
WDAY,127.83,125.7,127.885,123.16,4252775.547458,126.4922
INDY,43.71,43.8,43.81,43.62,157401.202892,43.7032
PONY,9.29,9.63,9.64,9.11,5486784.506678,9.2599
APEI,56.3,54.8,56.815,54.8,209061.525442,56.0425
KYTX,9.35,9.35,9.39,9.0191,461494.809524,9.2416
LW,42.01,42.62,42.62,41.88,983992.42153,42.0777
MASS,8.17,8.07,8.2,7.78,416198.052503,8.0847
TCRX,1.26,1.23,1.34,1.23,1276981.727,1.2688
BLMN,8.12,8.12,8.37,7.595,6772604.958559,8.091
ESQ,106.83,107.15,108.31,106.47,72758.640059,107.0463
GABpK,20.5401,20.53,20.63,20.53,1534.3118,20.5787
ALKS,34.99,35.77,35.93,34.8715,2616429.366195,35.1877
IPI,37.81,38.1,38.43,37.13,193329.058857,37.7227
BBDO,3.37,3.41,3.41,3.34,91373.762974,3.3697
CLX,92.16,92.17,93.425,91.21,3310904.833106,92.361
VIGI,92.93,92.84,92.96,92.56,190637.617598,92.7857
ISHG,76.42,76.59,76.59,76.09,76669.065576,76.4063
VERU,2.24,2.26,2.32,2.2265,26458.035412,2.2495
HRTG,22.41,24.44,24.6,20.98,1789577.907198,22.3821
MUSI,43.775,43.81,43.81,43.765,8116.155036,43.7834
YTRA,1.0,1.03,1.03,1.0,3600.739837,1.0147
TpA,20.07,20.01,20.09,19.97,90563.6701,20.0278
GXAI,1.26,1.25,1.2987,1.2,512959.883261,1.2514
METpE,23.05,22.93,23.08,22.8,49530.5893,22.972
AUDC,8.42,8.4,8.455,8.23,66457.080601,8.3693
CRAI,139.58,140.99,141.67,134.4701,122453.034315,139.3217
SBAC,218.17,217.26,218.705,216.63,459781.597276,218.0223
HPF,16.26,16.22,16.285,16.1713,28893.63927,16.2397
SY,2.97,3.04,3.1,2.9601,233165.467628,3.0338
KRMD,4.2,4.37,4.385,4.1101,146823.516,4.2172
EVR,341.19,328.78,343.2,328.78,602042.400903,340.1544
CGUI,25.34,25.33,25.34,25.315,202147.2611,25.3282
SLM,22.47,22.66,22.695,22.14,1885369.769143,22.488
PXE,35.905,35.92,36.32,35.86,27814.568802,36.1172
GNLN,4.99,5.15,5.255,4.7317,33543.416667,5.0504
PHM,117.55,117.18,117.96,116.15,1313345.203571,117.2969
EVTC,24.01,23.4,24.55,21.815,2051021.505909,23.4838
CYRX,13.6,12.77,13.68,12.61,838015.413365,13.3825
ICUI,126.43,123.07,130.365,123.07,500090.808559,126.8146
COR,261.08,254.1,266.38,254.0,2678921.396488,262.5448
EPSN,5.82,5.86,5.975,5.76,140873.561197,5.8777
SUNE,1.65,1.69,1.74,1.6101,195306.291587,1.6782
RRC,40.52,40.97,41.15,40.45,2061819.48998,40.6815
TNDM,15.48,20.0,20.03,15.44,7532578.1865,16.1635
HUYA,3.1,3.25,3.28,3.07,828698.80425,3.119
VOYA,81.59,80.16,81.6,78.94,887700.092691,81.0316
EVF,5.0,4.98,5.005,4.98,88388.649901,4.9933
OPTX,7.32,7.17,7.61,6.93,591740.432655,7.2489
RLMD,7.32,7.48,7.5,7.21,830544.380769,7.3446
UDMY,4.63,4.97,4.97,4.595,2372691.260911,4.6531
VCSH,79.13,79.15,79.18,79.1,2938521.210346,79.1249
TIPT,17.3,17.08,17.3,17.0,224080.815107,17.1885
ADTN,14.94,14.81,15.2,14.66,1531828.521314,14.9115
PHAT,12.16,12.27,12.39,11.925,628931.244639,12.1127
FTI,70.15,71.64,71.81,70.13,3553475.029543,70.8225
CDL,75.1546,75.56,75.56,75.11,7420.009866,75.2639
AMT,176.53,179.83,179.83,176.11,3510339.116149,177.2169
CMRC,3.1,3.51,3.59,3.0,1827877.372229,3.1048
ACYN,20.77,20.7,20.82,20.7,607853.4241,20.7313
AIO,25.82,25.73,25.9699,25.72,99159.260036,25.867
SLDB,7.27,7.03,7.31,7.02,924817.854497,7.1986
VSTL,26.55,29.5,29.5,26.21,150126.2424,27.0545
LHX,299.64,300.84,302.9651,297.66,1189816.492669,299.8964
SNEX,121.92,121.51,125.42,120.47,741024.045098,121.8235
LOOP,1.45,1.44,1.4781,1.4107,35026.173675,1.4428
AXIApC,11.55,11.37,11.6,11.175,464228.367936,11.4073
VG,11.45,11.69,11.785,11.345,17484423.532472,11.5348
HNI,33.61,34.81,34.94,33.59,1303129.505605,34.0915
LYTS,24.56,24.55,24.65,24.23,344272.447494,24.4736
BKD,12.98,13.76,14.025,12.895,5118215.219425,13.1562
UNIT,11.28,11.2,11.455,11.2,2242908.531539,11.3394
TSQ,6.55,6.6,6.63,6.45,33384.853281,6.5429
TCPB,50.905,50.9,50.93,50.87,13067.5727,50.8902
GUTS,0.7547,0.75,0.7592,0.7218,1187704.054262,0.7398
FTIF,27.7989,28.03,28.03,27.7989,2027.9896,27.9204
CCCC,2.95,2.98,3.075,2.922,1345554.708517,2.9872
MFM,5.55,5.57,5.57,5.52,88605.886515,5.5362
DDT,26.11,26.14,26.14,26.08,3683.706,26.1152
AME,232.4,236.85,238.49,231.71,1267648.204482,232.9288
SKY,72.84,73.1,74.05,72.4916,541873.967623,72.9804
BWG,8.06,8.04,8.075,8.0,156978.8218,8.0348
NMAX,6.34,6.11,6.38,5.92,1163449.928626,6.1533
VWAVW,1.03,0.9703,1.0999,0.9703,15037.0,1.0224
ESS,263.55,267.25,267.39,263.49,381496.127549,264.4354
FF,4.9,4.8,4.925,4.76,214460.803344,4.8778
WFCpA,18.97,18.96,18.99,18.92,45855.2845,18.9659
VIK,82.67,84.64,85.41,82.045,2603177.529178,82.8979
DLTH,3.26,3.38,3.38,3.17,30817.091231,3.2404
RMIX,16.58,15.19,16.975,15.19,144240.0438,16.1112
GRNY,26.99,26.87,27.05,26.85,1457498.618594,26.9569
FTSM,59.85,59.85,59.8517,59.84,1138468.725205,59.8439
LTRN,2.1,2.06,2.1485,2.04,118011.951801,2.0864
GPC,104.72,106.37,106.68,104.5,955341.197864,105.2905
TREX,40.2,39.47,41.28,39.34,2546755.313532,40.3983
KGS,69.65,70.5,71.04,68.47,1819461.175265,69.5904
EQHpC,16.42,16.42,16.48,16.415,13857.0663,16.4332
EQHpA,19.99,20.04,20.1,19.86,53833.6673,19.9948
USPH,59.29,58.72,62.335,58.19,297114.586802,60.2225
PTY,12.3,12.34,12.3539,12.3,940089.59059,12.3155
SECT,68.96,68.54,69.115,68.47,82894.984293,68.8506
JHMM,72.2,72.53,72.53,72.0351,234132.1949,72.2171
OAKpB,21.1,20.84,21.1,20.84,8076.1352,21.07
UYM,30.89,31.0629,31.22,30.81,2796.404222,31.0153
OCSL,12.15,12.29,12.35,12.081,1067595.789663,12.1589
MCK,736.09,739.75,772.42,726.02,2179559.351592,743.8675
MD,23.51,23.04,23.74,22.905,798764.733467,23.4176
AMBA,76.3,75.12,76.98,73.51,1059426.259439,75.6023
LAND,9.73,9.75,9.78,9.68,437036.112537,9.7358
EZRA,0.17,0.18,0.18,0.1625,2038990.796738,0.1677
ACN,180.42,178.03,181.14,172.52,5695964.384769,178.7385
PDX,21.13,21.0,21.22,21.0,63048.297489,21.1288
EE,33.89,32.65,34.27,32.26,536022.501582,33.6479
LPSN,2.53,2.64,2.64,2.485,117898.504301,2.5373
SXTC,1.73,1.6735,1.7618,1.6707,9702.501318,1.7211
WLKP,23.28,23.21,23.4696,23.1,42491.576977,23.2761
NREF,15.99,15.8,16.04,15.7563,41403.601731,15.9267
BACpB,25.08,25.07,25.08,25.0,80224.0836,25.0325
GBUG,47.27,46.05,47.59,46.05,48921.035094,47.0352
ACET,8.55,8.46,8.9,8.347,96772.230512,8.5802
IVT,31.34,31.67,31.855,31.33,229865.55783,31.4774
SHAK,70.14,70.61,72.0,69.24,5004072.122225,70.2678
DUOT,8.34,8.5,8.57,8.04,538017.65104,8.3582
BZ,14.02,14.34,14.49,14.01,4223507.556294,14.0785
BIYA,1.04,1.14,1.1454,1.01,656704.46183,1.074
TISI,16.75,17.03,17.47,16.75,2523.897,17.0752
PFF,31.72,31.55,31.73,31.55,2586519.19395,31.6691
RBB,24.05,24.16,24.16,23.8,46966.3182,24.0697
WSO,420.6,429.73,429.78,417.6,273564.306712,420.8821
ZBIO,19.64,19.27,20.0,19.01,289145.559244,19.6267
AFL,113.1,113.65,114.125,112.86,1509181.76341,113.3159
IHAK,51.84,51.14,51.84,50.25,137144.655653,51.0951
PEN,322.23,324.91,324.91,321.79,350069.839467,322.6263
ANVS,2.28,2.3,2.35,2.25,739646.484485,2.2985
CSTM,33.88,33.36,33.89,33.03,1897142.626747,33.5129
CI,288.06,285.67,288.47,283.8,1659409.021765,286.7191
UCB,33.36,33.55,33.705,33.275,622576.848298,33.3771
MNPR,63.575,61.56,65.575,61.56,183418.1985,64.0869
NIE,26.53,26.48,26.7299,26.4001,38535.2572,26.5159
FDBC,45.9,45.94,46.12,45.8,4971.60881,45.8964
CFGpE,19.24,19.24,19.3399,19.21,26624.9318,19.2693
LQDB,86.5979,86.57,86.6,86.54,5047.0706,86.5709
ABT,84.32,87.155,87.31,84.08,10913482.034813,84.9742
ABM,40.2,40.71,40.71,39.85,382209.473979,40.2006
FOWF,33.3711,33.285,33.3711,33.285,1283.824483,33.2911
DLTR,94.24,97.36,97.77,93.805,3452468.814029,95.1365
AFG,131.32,131.03,131.98,130.03,383935.385305,131.2644
ABAT,3.17,3.09,3.21,3.065,6502088.896864,3.1553
ABRpF,23.38,23.29,23.59,23.2,33390.4023,23.4384
TIMB,23.79,24.06,24.27,23.79,1011086.858959,24.061
HTFC,24.91,24.81,24.91,24.68,2862.0,24.8323
XRPI,7.94,7.76,7.985,7.74,144778.69467,7.8558
WPP,18.97,18.78,19.03,18.44,420427.917891,18.8137
LIND,21.1,21.15,21.35,20.64,773108.658961,21.1159
ESGU,160.45,159.96,160.54,159.765,346803.308577,160.3823
PSIG,6.7,7.05,7.23,6.66,232928.85967,6.883
VIST,65.21,65.05,65.92,64.28,1195638.380992,65.2619
GPK,10.63,11.01,11.1,10.59,6743213.086245,10.7906
FEIM,62.38,55.68,63.78,55.68,263150.483985,61.1938
OPY,95.6,95.61,97.01,94.25,24856.624554,95.2981
WCN,151.82,153.88,154.92,151.61,2308105.438188,152.9461
PGZ,10.1,10.02,10.17,10.02,21313.75158,10.1159
FET,53.71,55.1,55.74,53.52,119370.08875,54.4993
MEGI,15.27,15.22,15.32,15.18,112457.058425,15.2428
DRTS,8.51,7.82,8.59,7.7,492868.136696,8.2973
LC,16.64,16.78,16.78,16.115,2003144.138073,16.4312
CTW,2.8,2.72,3.0,2.66,104667.680549,2.8043
COAL,25.09,25.55,25.6799,25.09,51052.083596,25.3461
WFCpL,1190.02,1188.1,1193.99,1188.1,3664.888,1191.4865
IEX,216.92,216.36,218.38,214.08,592567.752281,216.3212
SBIL,100.17,100.1519,100.17,100.1454,687203.987111,100.1528
STZ,148.21,150.75,151.58,146.8,1505020.139742,148.0041
NAC,11.98,12.0,12.015,11.94,530487.46337,11.9825
DEI,12.37,12.05,12.465,11.97,3139844.878558,12.3327
BLCO,16.18,15.97,16.31,15.665,593441.926813,16.0154
USNA,18.96,19.34,19.34,18.53,86381.61048,18.9888
LYB,71.76,71.69,72.88,70.76,4019560.08532,71.8158
MRBK,18.19,18.1,18.38,17.95,74718.3254,18.1379
CHSCN,25.35,25.28,25.39,25.28,13039.0291,25.3528
FTC,176.4185,175.93,177.86,175.33,10004.296808,176.2134
FULC,7.01,6.88,7.13,6.82,646186.387694,6.9867
HTGC,16.15,16.43,16.43,16.12,1633643.840563,16.225
TARS,61.21,63.96,64.01,59.345,1005125.653084,61.1144
IMFL,34.1152,34.0,34.16,33.88,252179.2758,34.0227
KLRA,21.47,22.52,24.27,21.22,446207.887519,22.3649
FUN,22.01,23.4,23.805,21.44,3064001.490661,22.1992
VVV,35.62,35.85,37.12,35.39,3957595.499621,35.9289
BAP,330.5,326.6,332.8,323.75,452534.675641,329.2555
BEAM,32.32,31.71,32.47,30.91,2853187.010401,32.1555
NRP,111.49,112.72,116.26,111.02,17842.4792,112.9769
BYD,85.64,85.6,85.88,84.81,1067728.762909,85.4844
WIW,8.55,8.55,8.552,8.54,111673.03711,8.5462
CNX,35.72,35.91,36.22,35.6,1513151.256869,35.8806
GPRK,9.33,9.23,9.365,9.09,490920.819329,9.2805
LUXE,8.47,8.69,8.75,8.38,212107.640335,8.5408
MEC,27.2,26.0,27.2,25.72,304798.166669,26.6116
MSpQ,25.58,25.54,25.58,25.48,36456.06505,25.5409
CODIpA,20.54,20.68,20.95,20.2,5694.3099,20.5704
WBS,72.91,72.93,73.06,72.62,1856570.797934,72.8103
BCAR,10.67,10.68,10.78,10.655,278343.021386,10.7191
PNTG,35.9,35.64,37.54,35.31,384661.570312,35.8889
QUIK,19.89,17.9,19.9,17.71,1031036.36709,19.0658
NPFD,19.4,19.34,19.4497,19.31,62099.13306,19.404
BEG,76.9656,83.91,84.9909,70.0,159388.644784,76.0785
NFLT,23.08,23.1,23.1,23.03,71231.4307,23.0555
VGASW,0.0398,0.0378,0.044,0.0308,362520.0,0.03455
TWI,7.9,7.97,7.98,7.75,518530.313048,7.8589
WM,215.37,220.87,221.68,214.97,2630665.028041,216.7483
CLRB,3.1,3.21,3.23,2.88,687282.773083,3.0791
UCL,1.15,1.14,1.18,1.1,11879.137491,1.1347
SWBI,14.54,14.74,14.84,14.42,313897.200456,14.558
HRB,36.96,35.93,37.0,34.6701,4135875.924011,36.4812
HYDR,62.81,63.78,63.78,61.7,85067.398982,62.9216
FTNT,114.07,107.3,114.66,106.67,9904392.908973,112.4395
PRSO,0.9914,0.97,1.01,0.95,1210336.010784,0.9876
PRIFpD,25.04,25.04,25.04,25.04,104.0,25.04
SUI,125.94,126.22,126.42,124.7,794022.24192,125.7423
FTLF,9.55,9.73,9.8178,9.315,23797.9127,9.5133
IXHL,4.58,4.78,4.97,4.55,336765.009323,4.7674
CCI,90.57,91.12,92.11,90.45,4123803.707028,91.1359
AIQ,62.31,60.725,62.31,60.71,2382122.918267,61.6576
JPEF,79.77,79.58,79.8199,79.545,49311.557297,79.712
RBIL,50.195,50.18,50.2,50.16,61304.6027,50.1791
GSK,50.41,50.51,50.57,50.045,2409267.301438,50.2892
FND,51.73,51.28,52.7,50.84,3044143.031877,51.6646
EFOR,20.32,20.49,20.75,20.01,818905.946647,20.2518
BCDA,1.11,1.12,1.16,1.04,4919188.88875,1.1851
DRNZ,25.18,25.14,25.25,24.865,80299.799179,25.0781
SGVT,100.575,100.57,100.58,100.57,200557.51885,100.574
MAMO,0.99,1.01,1.01,0.9701,60952.957622,0.9851
PRDO,36.04,35.7,36.25,34.695,708193.975376,35.7079
HTO,57.97,57.59,58.54,56.94,643018.344947,57.8871
JANX,14.175,14.44,14.65,13.88,865870.315551,14.1855
KOSS,4.16,4.22,4.315,4.13,21359.129,4.1913
BHFAO,16.66,16.51,16.69,16.51,22676.4071,16.6427
MIST,1.92,1.9,1.93,1.875,602329.68129,1.9046
DBRG,15.63,15.65,15.65,15.62,1980250.437338,15.6334
FRBA,15.18,15.26,15.5,15.15,156167.6754,15.3069
LAMR,157.93,152.29,158.6899,151.265,1346872.652153,156.3972
NEA,11.64,11.61,11.64,11.595,543894.803815,11.6192
SRET,22.79,22.68,22.8299,22.68,28102.177884,22.7504
VANI,1.19,1.23,1.245,1.175,126419.697,1.1978
OESX,9.88,9.45,10.3,9.405,62214.3633,9.8906
MCHPP,83.74,87.94,88.0,82.22,118889.061336,83.7563
NOA,14.68,14.65,14.79,13.965,60506.723792,14.6797
VFC,18.98,19.27,19.3399,18.94,4617365.16869,19.057
PACS,33.59,33.88,34.25,33.16,542604.848557,33.5811
FERG,241.34,246.53,247.15,240.23,1382157.514198,241.9748
CGMS,27.57,27.54,27.57,27.535,914322.25886,27.5521
EHC,106.1,107.7,108.64,105.87,967634.200199,106.6315
PBR.A,18.67,18.91,18.95,18.665,4690562.594417,18.7829
BAFN,6.92,7.21,7.34,6.54,58911.435899,6.9445
SSII,3.87,3.96,3.96,3.805,24629.786419,3.8825
DAVE,256.33,252.47,257.58,241.89,479785.07641,251.7045
CRK,14.1,14.66,14.82,14.1,3902128.845808,14.3551
KSTR,23.81,23.85,23.89,23.62,154118.487309,23.7687
KCAC.U,10.1731,10.15,10.25,10.15,11220.0,10.1679
TRN,36.63,36.79,36.905,36.06,398687.678197,36.5767
ETpI,11.58,11.8,11.82,11.55,53236.8749,11.7627
NMBL,20.9971,21.1,21.12,20.93,33446.0,21.0614
PRSU,42.32,41.21,42.87,40.66,287447.843777,42.1361
FRPT,53.08,55.79,55.89,52.13,1869781.734872,53.2012
SNGX,0.293,0.33,0.33,0.2903,1003487.626051,0.2979
HBT,28.4,28.38,28.51,28.135,78951.384811,28.3504
HLT,316.78,321.71,323.45,316.38,1450107.768543,318.6743
SOJF,25.57,25.56,25.57,25.44,25785.012,25.5513
PVL,1.89,1.87,1.9188,1.87,62866.709,1.8926
SEALpA,25.655,25.61,25.68,25.61,5336.8699,25.6486
AP,12.2,11.68,12.2923,11.48,199669.404218,12.0717
PHG,27.21,27.38,27.45,27.125,907835.107064,27.2273
BTGD,32.2193,32.01,32.32,31.91,21914.5281,32.1141
ESIM,28.3302,28.37,29.03,28.295,9630.5918,28.3272
IBTI,22.195,22.19,22.2,22.19,203018.666135,22.1945
FSSL,11.86,11.79,11.92,11.73,231609.8282,11.8299
SRV,47.57,48.0,48.245,47.13,35687.733407,47.6468
COF,189.48,192.94,193.15,189.15,4727376.301238,189.843
GF,12.1,12.21,12.425,11.975,35490.5255,12.162
HG,30.86,30.62,31.33,30.42,391286.352252,30.9666
IOT,29.74,29.53,29.93,28.68,4048847.271179,29.5471
SNA,374.0,372.87,374.935,370.67,329388.987675,373.6267
JBLU,5.11,5.15,5.24,5.03,20516808.657674,5.1035
EVTL,2.81,2.69,2.83,2.57,3273633.045052,2.7089
TEO,11.82,12.01,12.24,11.73,810531.608837,11.9778
NVYY,14.05,14.06,14.07,14.03,87623.034399,14.0482
COAG,25.12,25.74,26.59,24.55,207219.140864,25.6109
ILMN,141.88,138.0,142.2,134.67,1499702.845695,140.0238
ARRpC,21.0,20.99,21.05,20.84,22070.1675,20.9478
ARTY,68.38,66.96,68.42,66.88,751479.747584,67.6682
RPT,14.96,15.07,15.09,14.618,28389.169645,14.8937
XPEV,15.62,15.64,15.8,15.575,4292403.315071,15.6877
ASIC,19.67,19.48,19.82,19.25,70761.69577,19.6042
NA,1.65,2.07,2.11,1.64,1703512.237124,2.0531
MAMA,13.2,13.4,13.54,12.85,424756.239858,13.0823
PSN,49.18,51.25,51.76,48.8,1134366.053864,49.4193
IDYA,28.32,28.2,28.64,28.01,545766.633465,28.3308
FBL,25.34,25.78,25.92,25.04,1320025.185378,25.4634
DE,574.84,579.78,582.98,572.3,897013.654989,575.9461
JAGX,3.0,2.96,3.28,2.8,127810.523513,2.9902
SPB,81.47,79.56,81.49,77.86,402168.329586,80.4184
SPTM,89.46,89.19,89.53,89.12,375082.287405,89.4084
OSCR,21.31,20.98,21.32,19.84,9237557.496225,20.8503
EWQ,45.76,45.6,45.85,45.47,193609.372376,45.7003
CSEX,21.97,23.82,24.49,21.93,112213.4031,22.7439
FLCH,23.42,23.49,23.57,23.34,72978.433948,23.411
CORZW,16.24,16.26,16.68,15.605,381242.821,16.1202
BSM,13.3,12.99,13.41,12.95,538034.966827,13.2041
SRTS,3.08,3.07,3.33,2.82,665387.192021,3.0784
PSApN,15.33,15.3,15.33,15.26,45926.9222,15.2916
DMRA,24.16,25.01,25.3,23.96,171343.3491,24.6315
HP,37.78,36.73,38.04,35.9801,1315541.838645,37.6534
PM,170.99,171.83,172.245,170.31,4631799.741289,171.0478
HQ,10.21,10.34,10.438,9.85,153170.923264,10.1263
CRVS,15.55,14.81,15.8,14.7501,980530.42842,15.3831
EWBC,122.99,122.74,123.035,121.68,723152.473445,122.5974
ACRE,5.14,5.09,5.265,5.06,527384.3269,5.1727
JHI,13.38,13.36,13.4,13.35,12625.1068,13.3774
CTDD,19.55,19.3,19.55,19.22,70543.341,19.3775
FUND,10.17,10.13,10.17,10.1208,5786.9453,10.1484
UTWO,48.21,48.22,48.235,48.21,31646.5786,48.2207
AIXI,0.6101,0.6606,0.6859,0.58,7814010.531946,0.622
CRSH,21.5255,22.13,22.13,21.36,36716.202418,21.6034
EOT,17.05,17.07,17.15,16.9871,36197.6032,17.0913
CVBF,20.33,20.54,20.63,20.32,1051076.222755,20.3991
NNN,44.36,44.66,44.74,44.215,1753066.867252,44.4223
PKBK,30.66,30.94,30.95,30.4901,75721.1524,30.7255
LOCL,1.53,1.56,1.6,1.51,48287.807393,1.5653
RDTY,38.6524,38.6,38.6524,38.31,6375.398401,38.5596
CD,6.29,6.0,6.73,5.66,136296.547999,6.3254
TMUSL,24.91,24.95,24.99,24.74,20391.967,24.8496
DXR,9.95,9.75,10.4122,9.75,21774.597,9.9862
CMBT,14.83,14.75,14.975,14.74,886659.139586,14.8654
SLN,6.97,6.85,7.04,6.85,326796.340482,6.9648
GLBS,2.17,2.25,2.285,2.13,27216.687415,2.2022
HR,20.15,20.14,20.23,20.025,4730651.090912,20.1234
FTK,15.97,16.0,16.37,15.705,292409.608988,16.0551
ITUB,8.37,8.37,8.45,8.335,36416048.558896,8.3997
WTIU,15.64,15.51,15.94,15.2501,53428.529598,15.6142
EQ,2.11,2.15,2.27,2.1,239920.450364,2.1684
ASIX,20.32,21.05,21.41,19.4,1239564.384212,20.2387
OSBC,21.28,21.07,21.34,21.07,323739.430225,21.2546
FEOE,54.27,53.87,54.31,53.87,164843.485462,54.1726
BACpM,22.1,22.09,22.11,22.0116,46243.0038,22.0773
PIO,45.9995,46.47,46.47,45.88,31388.362626,46.0084
JHG,51.69,51.69,51.69,51.65,769120.015924,51.6786
RREVU,9.98,9.96,9.99,9.96,469327.0,9.9803
DLR,195.31,195.21,197.3,194.93,1376762.529687,195.6969
BAK,3.69,3.7,3.74,3.6,1474373.148955,3.6523
BNAI,22.26,22.1,23.5776,21.61,261676.322249,22.4725
FTV,60.43,60.88,61.115,60.34,2769475.543515,60.5653
RGA,210.6,214.81,221.9,207.61,641908.073015,212.1017
EIKN,9.96,9.19,10.615,8.95,567029.132883,9.86
PAX,12.37,12.07,12.455,12.07,1956104.659795,12.3086
SLG,45.75,44.82,46.315,44.625,1760826.680725,45.7948
MUZE,9.88,9.88,9.88,9.88,423.0,9.88
ZJK,2.96,3.0,3.09,2.92,17901.070234,2.9811
TOTR,40.345,40.35,40.3597,40.31,7689.3734,40.3523
DBRGpI,16.28,16.11,16.405,16.0,34064.8393,16.116
PBHC,13.99,13.99,13.99,13.99,730.608,13.8376
DFTX,22.05,22.86,22.86,21.312,2208807.353147,22.0105
QUAD,7.46,7.67,7.67,7.45,157058.742056,7.5463
CCD,24.97,24.84,25.0999,24.77,108899.384006,24.9147
QTEC,294.91,287.91,294.96,287.21,140723.222494,292.9323
ICMB,1.69,1.7,1.72,1.5801,47566.962208,1.6625
IMOM,45.2602,44.65,45.3399,44.65,14789.6497,45.1883
TM,187.53,188.0,188.5,186.2501,635382.073577,187.5971
QOWZ,33.7241,33.62,33.75,33.38,3353.8783,33.5648
XRN,33.99,32.3,34.385,32.3,285022.30432,33.7998
NBR,97.4,96.61,98.605,94.86,277326.882897,97.3971
DIS,108.02,109.03,109.21,107.54,8369970.348238,108.1471
QDEL,10.8,10.67,11.27,10.4319,2148331.570811,10.8434
CMREpC,26.39,26.05,26.43,26.0301,8417.273,26.2344
IVR,8.23,8.06,8.25,8.04,2103189.900906,8.1914
AVAH,6.74,6.89,7.06,6.7,927626.98103,6.782
DNTH,86.71,85.47,88.74,85.0,517045.939177,87.0099
ATI,158.39,164.58,164.58,156.61,2594283.26476,160.36
PPTA,29.95,29.39,30.52,29.0,1128203.428578,29.8061
NLYpG,25.36,25.12,25.4,25.12,27538.3646,25.2661
GMAB,26.43,25.56,26.76,25.34,5919571.678842,26.0866
OXM,45.48,45.59,45.8,44.88,431445.107103,45.4503
PVH,89.48,89.14,90.42,87.86,773350.206025,89.6108
PSApP,15.86,15.93,15.93,15.77,101879.32,15.8402
GRAG,7.02,6.8,7.07,6.76,26185.4353,6.9028
PNI,7.115,7.07,7.15,7.05,53804.1686,7.0676
AMG,302.8,299.27,303.3999,290.9,339904.339838,298.5378
RMOP,25.18,25.24,25.26,25.16,64272.0619,25.2339
IRS,13.94,14.8,14.89,13.82,539943.49629,14.1561
ZKH,3.0,3.0,3.07,2.98,374109.665,3.0014
NCRA,0.244,0.2349,0.25999,0.2349,175826.033882,0.2435
KLAG,32.1265,30.85,32.83,30.7,48227.124,31.9848
REX,49.68,48.585,50.23,48.355,127588.526551,49.6896
CABA,3.88,3.99,4.015,3.765,4663327.179542,3.8889
ARDC,12.88,12.95,13.025,12.8001,108390.387095,12.886
KBR,32.54,33.0,33.06,31.56,2547959.377285,32.3016
ENPH,36.45,35.885,37.06,35.21,3710949.612867,36.0901
PIM,3.29,3.22,3.3,3.18,154326.199,3.2482
CRIS,0.561,0.5866,0.5885,0.5523,223253.643348,0.5657
UGRO,5.99,5.74,6.255,5.4001,111971.399037,5.7623
SND,4.81,4.88,4.95,4.76,270572.944204,4.8649
CRCO,24.05,24.5,24.5,23.39,27371.815247,23.9748
COCP,1.44,1.4,1.45,1.358,191362.4225,1.4037
POM,0.075,0.51,0.53,0.0649,21537185.270454,0.1448
CBXJ,21.7845,21.71,21.795,21.71,8647.0,21.7669
GOSS,0.327,0.34,0.3493,0.325,3392857.259451,0.3299
DVLU,37.6198,37.73,37.73,37.6198,212.9193,37.7201
HLI,152.87,153.33,155.08,150.5,1049492.205002,152.8344
WY,23.53,23.8,23.93,23.51,4468104.368755,23.6688
MATH,0.9514,1.03,1.1,0.911,699461.0,0.9825
OPK,1.14,1.12,1.15,1.115,1942294.237588,1.1359
GOTU,1.97,1.95,1.9898,1.95,284842.43735,1.97
KRG,26.63,26.75,26.8,26.55,1606021.154795,26.6307
WU,9.07,9.1,9.15,8.94,5216468.164899,9.085
ICON,1.29,1.25,1.3,1.2205,199671.089656,1.2768
CVX,181.62,182.04,182.725,180.74,13052999.874705,181.6146
RMNI,4.02,3.93,4.04,3.875,594814.989891,3.9716
ALTL,46.5874,45.99,46.5874,45.99,2283.3169,46.3713
STI,5.21,5.72,5.77,5.1292,71444.100276,5.4088
LUCD,1.03,1.06,1.07,1.03,761551.013471,1.0449
MSS,1.25,1.19,1.2683,1.15,130535.828205,1.2112
MTW,13.14,13.48,13.55,12.78,279727.270767,13.0449
ESAB,100.94,102.75,105.38,100.29,638705.802697,101.4939
HIYY,16.0225,15.0,16.11,14.85,63499.5081,15.615
UVE,39.44,40.1,40.17,38.75,202746.393428,39.5577
IINNW,0.0795,0.0795,0.0795,0.0795,320.0,0.07957
NXPI,294.75,295.4,297.0,290.24,6908850.690011,294.0723
ACVA,6.41,6.31,6.7,6.29,5670092.523282,6.51
ESPR,3.14,3.14,3.15,3.14,7428025.027717,3.1436
NCV,17.45,17.18,17.45,17.168916,81637.229506,17.3061
GMMF,100.2715,100.27,100.28,100.26,67882.514339,100.2692
NMFC,8.28,8.44,8.44,8.225,622349.76419,8.2826
GRAL,61.64,62.89,62.9999,60.5799,537754.930735,61.705
TBH,0.6279,0.65,0.6688,0.5353,994852.740331,0.613
ALX,246.0,245.27,248.21,245.27,34238.190463,246.746
EHI,6.115,6.12,6.19,6.11,143833.8102,6.1301
FTA,93.5738,93.77,93.845,93.39,14600.32313,93.7184
MNY,1.38,1.39,1.43,1.31,28845.606783,1.3704
VYMI,99.66,99.71,99.81,99.41,964889.787223,99.6189
QRHC,1.15,1.08,1.16,1.06,100753.067,1.133
EVO,3.07,3.08,3.09,3.03,45569.547,3.0584
XERS,6.53,6.57,6.64,6.32,3020195.915229,6.4422
EMA,52.6,53.02,53.38,52.55,336056.216863,52.7714
GEL,16.37,16.33,16.4,16.01,416226.028782,16.2654
DFP,21.03,21.06,21.11,20.99,60789.911863,21.0403
MCR,6.06,6.03,6.08,6.03,79221.708443,6.0585
CQP,62.37,62.26,62.52,61.41,56517.015231,62.039
CLIR,4.54,4.8,4.8,4.21,26176.219,4.4962
BCH,36.09,36.6,36.89,36.06,166275.779807,36.2642
DGNX,1.37,1.45,1.6,1.315,419387.700007,1.4116
PIE,31.7905,31.72,31.91,31.49,46889.428243,31.7392
NSA,43.67,43.74,43.905,43.4,726754.238843,43.6677
MLP,15.66,15.77,15.82,15.6284,4730.841,15.7069
GIL,59.26,59.92,60.04,59.08,562629.056538,59.4598
TK,14.09,14.09,14.38,13.98,504981.575926,14.1746
CGXU,33.74,33.45,33.75,33.42,1109586.61735,33.6737
SNBR,2.85,3.01,3.0396,2.78,621769.607723,2.8518
LOAN,4.27,4.25,4.31,4.22,46196.173,4.2501
AOMR,8.82,8.87,8.95,8.8,72410.385087,8.854
DV,11.06,10.74,11.09,10.55,2747918.260269,10.8962
BAER,1.69,1.77,1.8,1.67,640767.245247,1.7118
FRMI,5.23,5.17,5.43,5.05,7465721.07008,5.2018
PCN,12.08,12.07,12.1,12.07,346276.546277,12.0827
GRVY,65.46,62.25,66.53,62.25,43769.330634,65.2835
BUR,5.14,4.96,5.285,4.877,5043165.34138,5.0676
DCOM,37.22,37.09,37.9,37.08,358049.725176,37.3669
ASUR,9.2,9.08,9.3655,8.8,42600.794243,9.1542
DMXF,82.6892,82.16,82.74,82.16,20301.167649,82.5465
TDIV,112.9165,112.24,113.055,111.8819,56294.32995,112.7045
NMAI,14.16,14.01,14.16,13.9401,121764.232328,14.0563
BRLS,1.46,1.52,1.575,1.45,32727.089876,1.4731
TSMG,39.61,40.05,40.75,37.77,194978.115415,39.8812
PLYY,10.6451,10.61,10.65,10.5505,4738.48882,10.6031
MSCI,585.42,589.13,590.505,577.445,625184.900042,583.2082
CVI,33.55,32.32,33.86,31.775,753619.864494,33.3887
GTES,26.09,26.21,26.275,25.93,1360867.03246,26.0685
KNDI,0.7004,0.68,0.71,0.68,74080.174332,0.6949
TLF,2.43,2.34,2.45,2.34,13932.0,2.4177
FRD,21.65,20.92,21.75,20.9,16836.815008,21.3848
CLBT,13.62,13.67,13.74,13.29,1617314.149568,13.6035
CNO,46.02,45.94,46.16,45.53,870597.001964,46.0075
HNVR,23.27,23.25,23.39,23.25,8357.8646,23.334
HCSG,23.06,22.4,23.1,22.24,451888.433361,22.8439
CHDN,88.13,88.86,90.37,87.73,791823.633605,88.539
ANDG,36.51,35.84,36.625,34.83,171297.896054,36.0042
PFBC,95.04,94.72,95.58,94.495,99238.90529,95.0118
EZGO,0.04,0.059,0.0619,0.039,243024259.826919,0.04921
D,61.89,61.86,62.1,61.04,6031898.273315,61.7595
MUSA,577.87,583.3,592.34,574.905,177272.978954,581.3474
AIV,4.24,4.31,4.325,4.23,1476554.513179,4.254
GRID,197.22,196.16,197.4987,196.02,983668.983935,196.9462
ERO,28.48,28.0,28.6,27.51,1707306.717246,28.2185
MOG.A,314.08,318.2,319.6496,313.03,205585.096553,314.9657
RPRX,50.79,50.78,51.17,50.5,3764598.859148,50.777
PS,41.62,35.98,42.44,34.6,936204.580909,38.6913
CSR,67.65,67.6,68.5,66.75,60147.5782,67.8554
FALN,27.13,27.08,27.13,27.07,609609.785478,27.1066
CXH,8.375,8.34,8.38,8.34,32765.7758,8.3701
FLUT,101.19,101.26,104.76,100.64,2897097.213595,101.8442
IBOC,73.27,73.15,74.34,73.08,284694.82632,73.5003
ARE,46.26,45.83,46.9,45.81,2226044.569897,46.3554
NGVT,75.63,74.7,76.125,73.79,353001.062933,75.1528
BF.B,27.68,27.17,27.95,26.89,4509754.479825,27.6259
EL,86.2,85.72,86.21,84.27,2310634.972727,85.3458
AGIO,27.79,27.5,28.21,27.5,582937.536704,27.8237
IHRT,5.68,5.5618,5.8,5.4,1055896.501821,5.6187
NOEM,10.45,10.43,10.45,10.43,1158.0,10.4313
GANX,1.82,1.85,1.8894,1.81,337981.427391,1.8274
VXUS,85.43,85.13,85.445,85.03,6934092.870744,85.2617
GRNI,21.15,20.91,21.15,20.91,27588.361871,21.0314
IQM,112.0915,111.66,112.51,111.22,3278.537501,111.6324
GRFS,8.1,8.16,8.185,7.98,682752.739056,8.0707
GECC,6.07,5.74,6.18,5.725,203615.596693,5.9731
PLYX,3.66,3.88,4.0501,3.6,144630.191,3.8066
LCII,118.82,117.15,118.95,113.89,205393.226651,117.9618
IMAX,35.3,35.94,36.21,35.22,1270304.196475,35.4694
CB,319.64,322.13,323.64,318.55,926967.299911,320.1194
GOCO,0.91,0.9901,1.07,0.9,93289.282857,0.9482
TILE,29.66,28.93,30.34,28.42,1186008.749826,29.582
DNLI,19.62,19.44,20.53,19.44,1945846.019791,19.9316
AMCR,39.93,40.25,40.58,39.77,3838073.897023,40.048
BGL,1.11,1.05,1.13,1.05,148068.183211,1.1042
TBIL,49.91,49.91,49.91,49.9,1764774.611757,49.9062
MBAI,1.45,1.52,1.52,1.45,22578.0,1.4829
CMGG,14.173,14.93,14.93,14.173,3348.0722,14.5839
LTH,31.93,30.92,32.16,30.56,8677675.452286,31.5202
ENS,229.82,226.8,231.245,226.24,375492.514742,229.8367
COKE,174.31,180.7,183.7899,170.75,1096866.937197,173.8228
CIFG,11.2343,12.14,12.4199,10.44,161527.54472,11.1729
DOMH,3.64,3.34,3.66,3.325,328087.279887,3.544
BTU,23.59,23.86,24.46,23.58,2363028.55968,23.8218
GEMG,13.4677,11.85,13.65,11.7,5177.0,12.4475
CHW,8.79,8.77,8.79,8.73,131169.062036,8.7646
LXFR,15.57,15.54,15.59,14.87,98502.357394,15.4704
WEAV,5.94,5.95,5.955,5.76,920280.494472,5.8912
NAMM,1.59,1.78,1.78,1.55,664373.036384,1.6311
GKOS,133.52,135.12,135.255,130.04,454477.911745,132.9723
VYNE,0.6606,0.66,0.675,0.6512,72193.752264,0.6588
NMT,13.06,13.13,13.13,12.85,42050.345913,13.0614
SD,14.42,14.79,14.9,14.37,370658.533535,14.5156
CMSA,22.1999,22.01,22.1999,21.98,27821.318,22.0776
CHSCL,25.84,25.68,25.84,25.68,21528.9738,25.7736
WHG,16.42,16.25,16.42,15.815,11347.1219,16.1567
BKH,75.23,75.5,75.9,74.9,763400.434464,75.3018
ASLV,29.478,29.64,29.64,29.478,455.0,29.5206
NLYpI,25.68,25.61,25.68,25.61,46365.9227,25.6358
YOU,56.81,58.41,60.0,54.38,1787348.688214,56.0029
ASPS,6.76,6.76,6.85,6.7,12286.767386,6.7527
DAPP,21.65,21.7,21.835,20.95,547274.406333,21.5437
ECBK,18.67,18.6,18.67,18.49,3710.867,18.6223
EZA,71.7,71.41,72.12,71.05,96368.719725,71.485
OXY,53.03,53.91,54.25,52.985,12962030.057551,53.4728
RES,6.8,7.06,7.17,6.79,5082193.54625,6.8905
ST,44.93,44.92,45.13,44.37,1316409.1757,44.7171
GD,346.53,347.65,348.85,344.01,1558411.300628,346.6476
IKT,2.06,1.98,2.1,1.95,955805.62518,2.0591
HOMB,26.76,26.86,26.905,26.61,1261143.29643,26.7506
BSCT,18.675,18.69,18.69,18.67,520432.816366,18.6816
ALL,213.15,214.71,216.69,211.26,1482576.130303,213.1169
KMLI,8.085,8.51,8.9499,7.93,631662.662494,8.2635
CTOS,9.7,9.86,9.895,9.66,941998.79161,9.7147
ETR,111.59,112.43,112.95,110.71,4139216.242838,111.6139
MRTN,15.58,15.18,15.84,15.13,1027245.1969,15.5474
INFQ,12.12,12.26,12.4481,11.57,5864090.088851,11.8806
SANM,248.35,240.5,255.215,236.27,1138794.728731,249.5448
OLN,26.84,27.17,28.23,26.65,2869517.4247,27.2102
AMRZ,52.89,53.64,53.84,52.62,2544371.492295,52.9586
XXI,8.62,8.29,8.635,8.165,766470.251762,8.4241
BKU,47.5,47.42,47.85,46.715,625693.913301,47.5603
HOOX,22.14,21.3,22.21,20.71,68521.609815,21.5968
RMI,15.65,15.65,15.7,15.41,12447.5734,15.6036
DAVA,4.13,4.09,4.2,4.01,328146.514748,4.1121
CSGS,80.38,80.37,80.47,80.34,347660.216428,80.3702
AWK,125.05,126.45,127.41,124.94,1305623.840469,125.5323
GPZ,23.98,23.725,23.98,23.4,120865.453166,23.7901
LTM,51.17,51.8,52.29,50.71,1077009.323096,51.1341
CFRpB,17.1999,17.12,17.1999,17.1,8561.71958,17.1365
BNC,3.22,3.15,3.23,3.1,117597.4176,3.1449
MNRO,17.72,17.52,17.785,17.19,652250.1612,17.5544
SOXY,90.0,87.46,90.015,87.46,12797.89385,89.1963
ALLpH,20.85,20.79,20.92,20.7301,63696.5869,20.8033
NHI,75.26,75.45,76.81,74.93,368237.717504,75.6192
CXT,45.31,44.54,46.53,44.28,1273525.694766,45.3342
ADT,6.87,6.94,6.94,6.83,17692984.954515,6.8722
JPMpL,19.2,19.22,19.23,19.16,80526.8666,19.1878
DPG,14.63,14.52,14.7,14.5,258781.06543,14.5824
CAIIU,9.96,9.96,9.96,9.96,261416.0,9.96
AVD,3.03,3.0,3.11,2.84,344105.755862,2.9591
PEGA,35.975,36.29,36.345,35.18,1622521.794222,35.8322
GHRS,21.42,20.97,21.77,20.75,161071.749711,21.3882
ATGL,17.99,18.2,20.98,16.5,10208.234769,18.0026
SO,91.8,92.5,93.0,91.61,4466431.619747,92.0421
DBD,78.01,79.44,79.9299,77.92,204401.967575,78.4161
ICCM,0.24,0.251,0.2599,0.2375,522235.438,0.244
ABOS,2.56,2.5,2.57,2.41,163270.224598,2.5226
RBLX,41.91,44.13,44.489,41.66,17103399.926914,42.2796
MLEC,8.9,8.93,8.99,7.99,24330.691492,8.7284
RSSS,2.6,2.54,2.619,2.5,62052.506447,2.5857
BUI,27.42,27.6,27.6,27.36,91274.167455,27.4749
ATII,10.8,10.79,10.825,10.75,117541.223976,10.7767
HEI.A,221.64,221.42,222.88,217.7,234292.383369,220.6866
OIS,8.66,8.89,8.94,8.65,670089.254833,8.7284
ARCT,9.22,8.22,9.58,7.86,933793.545313,8.9364
XNET,6.39,6.3,6.45,6.25,199340.65319,6.3642
LAZ,48.08,46.66,48.22,46.14,1821052.348937,47.7624
SXI,261.42,268.54,268.54,256.49,178033.572785,261.568
PLD,144.09,142.98,144.505,142.36,3267211.905485,143.7073
ELC,20.68,20.49,20.68,20.49,10060.3218,20.6096
ORC,7.05,6.98,7.07,6.93,5877537.372104,7.0161
NB,6.09,6.14,6.26,5.95,3340106.713594,6.0836
ENLV,0.77,0.7998,0.8498,0.768,341255.220674,0.7799
PPG,109.61,109.79,111.1,108.69,1391613.093222,109.8848
OMF,56.09,56.0,56.12,55.25,1449369.912373,55.8424
PGP,9.03,9.0,9.0899,8.97,21730.2478,9.0392
USA,5.82,5.79,5.83,5.79,1091418.582001,5.8195
STN,87.41,90.99,91.2,87.26,269940.606888,88.1417
CMTL,3.93,3.84,3.98,3.79,146960.582528,3.9152
APOS,26.05,26.1,26.12,25.85,30070.07,26.0159
CGBD,11.52,11.72,11.775,11.47,787105.082044,11.5737
IUSG,185.69,184.3,185.7,184.21,575712.193786,185.3462
AVXX,8.29,8.2,8.4,7.9348,169945.30895,8.1858
WILC,36.0,35.92,36.84,35.72,9698.07379,36.0558
PPA,167.61,167.91,168.19,166.8295,167653.778724,167.6219
HLX,9.66,9.86,9.87,9.575,1453011.186822,9.6884
TMLP,28.5428,28.71,28.71,28.5428,901.036,28.6671
EWN,65.68,65.09,65.8,65.09,109187.835709,65.3907
HOV,107.73,109.36,110.7,105.6718,96294.784689,108.6513
FICS,40.6,40.59,40.63,40.4593,11620.0018,40.5733
LENZ,10.06,9.81,10.1,9.6,640400.749267,9.9478
ATR,120.99,125.23,125.86,120.39,794887.411514,122.3889
NOMD,9.44,10.13,10.36,9.42,2481585.976884,9.6154
EVAC,10.14,10.18,10.18,10.14,33195.0,10.1404
DUKpA,25.17,25.14,25.2,25.0601,61614.4561,25.1541
WOMN,42.0291,42.14,42.1999,42.0291,1411.8861,42.0977
COPJ,43.6,42.6,43.84,42.6,87303.855872,43.3734
TMC,5.7,5.76,5.865,5.605,5162600.424719,5.7335
MFApB,21.0,20.92,21.0,20.88,7998.5135,20.927
KRRO,12.05,12.73,12.73,11.61,252661.13986,12.1409
CLSKW,0.304,0.34,0.34,0.2826,91411.625,0.3031
VRNS,28.53,28.31,28.9,27.59,2372143.601856,28.4391
EXLS,31.08,31.32,31.54,30.44,1760382.57647,30.9505
BSX,53.93,56.33,56.62,53.63,20841325.318275,54.6357
SABA,8.515,8.47,8.56,8.47,43100.9308,8.5151
ASPSW,0.409999,0.43,0.445,0.39,56048.696629,0.4042
SPSK,18.1,18.08,18.1199,18.0513,174962.470711,18.0941
NMIH,38.87,38.81,39.18,38.66,355232.266658,38.8854
DOGZ,1.13,1.12,1.19,1.12,25673.487053,1.164
ROKT,113.52,110.7,113.56,110.5904,42419.22749,112.3328
CELH,32.29,34.9,35.6,32.08,13636548.24549,32.9416
AMC,1.5,1.53,1.545,1.48,18666657.823506,1.5108
GRCE,2.34,2.26,2.35,2.22,302936.412903,2.2868
TS,59.81,59.48,60.41,59.24,2742356.269097,59.7836
CWEB,28.42,29.13,29.41,28.13,651376.133034,28.6597
FRHC,139.81,140.6,140.6,136.62,59776.982046,138.9428
DTIL,7.69,7.5,7.96,7.49,182681.273259,7.8043
BKE,52.41,52.49,52.885,51.59,758078.37257,52.4306
LPLA,303.52,311.95,314.3055,302.03,1133343.13418,306.4101
RBBN,2.78,2.68,2.795,2.6524,673539.099873,2.7479
CTRN,46.21,47.16,47.81,46.0968,58797.117743,46.6164
SFB,20.29,20.38,20.38,20.2501,4178.0,20.2885
RL,358.45,357.92,363.56,353.32,578563.194122,357.0692
SAIA,449.8,449.78,453.11,443.86,212057.208051,449.8006
VFS,4.31,4.28,4.42,4.26,566756.193232,4.3126
CBLL,20.2,20.37,20.5499,19.82,307256.764006,20.2057
KEY,21.6,21.8,21.84,21.53,8600878.768654,21.6224
PLTI,14.6,14.43,14.6,14.26,6676.5454,14.4709
MOH,185.94,193.02,194.72,177.65,1540603.415635,184.4369
PNFPpC,25.37,25.22,25.37,25.22,3450.2776,25.2984
HRTX,1.21,1.25,1.25,1.205,1794647.655486,1.2276
CLMT,32.08,32.53,34.16,31.15,2220756.716377,32.6231
EAF,9.29,9.08,9.33,8.89,133543.07234,9.1586
ABRpE,16.91,16.79,17.0,16.76,14281.6009,16.8464
EWTX,35.32,35.35,36.21,34.665,1015651.936686,35.2119
TFCpR,18.6,18.54,18.6,18.4901,64653.5284,18.5491
COYA,4.11,4.23,4.275,4.06,165654.023158,4.1362
GTLS,207.43,207.41,207.5,207.17,815177.059966,207.3004
TNC,87.12,87.31,88.175,85.89,198668.174339,86.8748
REBN,2.44,2.51,2.52,2.43,17671.487979,2.5023
PSApH,22.61,22.45,22.65,22.385,21481.842,22.5322
STRL,844.8,854.38,856.41,820.0,719905.902182,835.3399
HBR,12.65,12.32,12.71,12.31,42449.31535,12.5204
RSKD,4.79,4.85,4.87,4.75,679781.438039,4.7834
PPT,3.53,3.5,3.53,3.5,73103.27087,3.5142
FNGR,0.8199,0.837,0.8599,0.8151,200948.930596,0.8367
JBGS,15.56,15.56,15.72,15.38,497454.8546,15.5689
VMO,9.82,9.82,9.84,9.75,296828.692282,9.7871
PALI,1.8,1.98,1.9899,1.8,3037699.576759,1.8439
PSTR,30.4834,30.13,30.55,30.13,4962.0,30.4646
ATLC,84.81,79.91,86.07,72.04,169578.009038,80.1531
SLP,16.68,15.98,16.75,15.71,244119.058114,16.3218
HTOO,2.73,3.5399,3.5399,2.55,140400.334955,3.1014
GUTpC,22.465,22.41,22.465,22.41,989.6322,22.4581
NYXH,3.26,3.222,3.26,3.115,66268.42062,3.2103
BBAR,14.83,15.45,15.45,14.62,557675.482969,14.9505
RCI,36.9,36.76,37.0,36.4,673093.435008,36.7881
QTTB,5.37,5.37,5.47,5.27,115928.631553,5.357
GBTC,62.31,61.84,62.51,61.775,1234782.506692,62.1379
MANH,143.02,142.24,143.3,137.8,496381.682066,141.7836
MDCX,0.335,0.3085,0.359,0.299,2968197.859114,0.3238
PHK,4.64,4.7,4.709,4.64,806747.111518,4.6774
IMPP,5.01,4.92,5.07,4.89,445350.438821,4.9933
SIGA,4.8,4.636,4.81,4.4001,1083743.073716,4.6006
IQQQ,49.25,48.82,49.44,48.67,45588.288156,49.1079
SNES,1.73,2.05,2.0699,1.66,516328.231555,1.8577
SOPA,0.374,0.3846,0.38999,0.36,246527.375164,0.3728
ASG,5.26,5.27,5.2994,5.235,316839.77822,5.2644
JZXN,0.905,0.9085,0.94,0.8823,82588.0,0.9265
BNS,77.53,78.42,78.42,77.32,1272043.990718,77.6566
HYI,10.76,10.79,10.83,10.76,52238.797555,10.779
IX,33.73,33.48,33.8925,33.48,213006.639601,33.7643
VERI,2.13,2.1,2.145,1.99,2605543.414074,2.0762
NU,13.8,14.3,14.33,13.75,50885068.401519,13.9647
EBS,9.5,9.13,9.64,9.1,982476.728186,9.4461
CSWC,23.88,24.07,24.15,23.73,550473.834479,23.8678
ZYBT,0.9495,0.9776,0.9776,0.94,6500.0,0.95
USLM,110.02,110.13,111.8,108.87,95564.702271,110.3374
LGND,221.41,212.2,223.785,206.02,249977.491654,218.4082
KT,21.18,21.15,21.58,21.085,622006.365165,21.1798
RCKT,3.63,3.77,3.96,3.53,3687932.910104,3.6466
KBDC,14.87,15.34,15.34,14.675,378236.818,14.8794
AIN,62.55,61.77,63.33,61.04,211004.869545,62.5586
BIT,12.82,12.82,12.875,12.755,247470.964418,12.8124
LHAI,1.32,1.33,1.34,1.21,286642.221162,1.2884
LCNB,16.35,16.18,16.5,16.18,12805.500851,16.3486
PFS,22.4,22.48,22.58,22.36,806529.485911,22.4501
BN,47.08,46.63,47.08,45.87,4556296.319131,46.7526
EQNR,36.69,36.88,37.165,36.51,4510468.596725,36.8375
WFCpC,17.66,17.63,17.66,17.5901,26242.8226,17.6312
GABpH,20.315,20.31,20.37,20.2801,5756.9844,20.3285
SCVL,17.94,17.94,18.085,17.3247,198614.347172,17.9122
SNDA,38.27,36.71,38.86,36.63,808917.033087,37.8588
ELIL,20.033,21.26,21.26,19.9704,146227.615563,20.3118
SFL,12.0,11.97,12.09,11.89,980360.095424,12.0022
DOLE,14.88,14.81,14.9,14.66,1248973.747138,14.796
EOG,130.03,130.53,131.56,129.2,3593604.826554,130.4721
WEC,111.66,113.22,113.5582,111.37,1545380.655525,111.9224
FLYE,1.9,1.945,1.9758,1.9,2316.081248,1.9235
SPNT,23.45,22.78,23.545,21.76,772614.770644,23.1551
CX,13.11,13.3,13.39,13.025,5451399.08549,13.1428
RUSHA,72.31,71.48,72.97,71.01,475729.12456,72.1519
FRWD,30.4544,30.18,30.48,30.18,22804.0,30.3674
ASGI,24.13,24.35,24.35,23.99,138222.907248,24.1342
OLED,91.75,93.25,93.25,90.5,917302.187396,91.5264
EYPT,13.66,13.35,13.75,13.29,661535.712807,13.5781
LEU,207.33,210.5,210.5,200.2501,732048.91781,205.4567
MLGO,4.15,4.09,4.4,4.05,193562.951428,4.2392
CYAB,0.559,0.58,0.6135,0.5363,1004113.0278,0.5864
DLB,58.15,57.41,58.3,56.855,581408.090939,57.9551
LBRT,33.11,31.9,33.32,31.46,3310367.842244,32.904
VNOpL,17.97,18.05,18.05,17.75,22087.004,17.9289
AOMN,25.04,25.1,25.1,24.9501,9519.0,25.0085
SDAWW,0.11,0.17,0.1787,0.11,4295.0,0.1386
CLDX,33.97,34.94,34.94,32.62,794141.91409,33.655
OGC,31.91,30.77,32.1,30.67,198146.908963,31.7679
LRMR,3.97,4.02,4.2,3.945,1496786.358738,4.0412
CFTRpA,25.0,24.85,25.0,24.85,3478.7635,24.9883
GAMpB,24.98,24.87,24.98,24.85,2876.2097,24.9549
AEC,4.89,5.17,5.303,4.7801,58759.791492,5.0459
AQNB,26.32,26.05,26.46,26.05,10873.722939,26.2237
ETJ,8.49,8.51,8.51,8.47,79497.80307,8.4852
SBI,7.78,7.77,7.84,7.77,19085.2234,7.8039
FMNB,14.17,14.18,14.19,14.08,342403.3215,14.1588
IONX,52.64,51.61,53.0,45.38,2367899.075322,49.3921
CWD,0.9992,0.9603,1.02,0.9603,146609.759064,0.9797
DNA,8.93,8.65,9.5435,8.35,2212978.168551,8.9411
CNM,49.09,49.79,50.4,48.985,1725592.280872,49.2548
SNDR,30.75,30.8,31.015,30.61,679298.884705,30.8093
ADX,24.54,24.42,24.655,24.42,205894.685787,24.5737
CLFD,40.04,37.2,40.84,37.2,910016.301549,39.7297
SFBS,79.48,79.31,80.19,79.19,204952.41706,79.6362
ACFN,17.07,16.8,17.262,16.8,10858.119477,17.1811
STAK,1.08,1.05,1.08,1.03,19933.429687,1.0489
TE,6.16,5.27,6.17,5.26,18277893.035961,5.7703
ECCpD,19.18,18.9,19.18,18.9,12634.42739,19.058
FLD,1.37,1.25,1.41,1.15,149175.714873,1.2855
TVGN,7.48,7.5,7.5,7.0,8842.733334,7.4289
CDRpC,20.95,21.12,21.2,20.4,4935.6913,20.8986
WS,40.43,40.84,41.54,39.88,213246.858477,40.4051
BABO,10.5946,10.71,10.86,10.56,35303.441722,10.6615
BMRN,54.06,54.15,54.55,53.53,1972417.582311,53.9968
WDS,21.57,21.68,21.81,21.4423,763640.133853,21.6687
AHTpG,6.138,6.07,6.28,6.06,2353.792,6.1654
AKR,21.77,21.96,21.995,21.705,640535.14905,21.8033
FIZZ,35.14,35.25,35.52,34.38,200504.134322,35.1542
BWLP,20.38,20.31,20.54,20.221,158185.379139,20.3949
DMA,7.43,7.46,7.545,7.39,14704.600566,7.4472
TECK,64.87,62.92,64.92,62.71,3837911.315634,64.0846
CAH,183.65,185.35,190.24,182.87,3260786.550784,185.3448
GBCI,48.79,48.87,48.91,48.49,750738.427298,48.7443
ETIp,24.1,24.1,24.44,24.1,1470.2568,24.192
ALLO,2.28,2.29,2.36,2.25,4476509.528434,2.3012
CHAI,1.19,1.3,1.3,1.17,71145.748429,1.219
GHG,1.22,1.22,1.22,1.2,66134.277012,1.2099
BULL,7.03,7.18,7.18,6.954,8139970.880361,7.0388
JHX,20.98,20.83,21.01,20.505,3572548.267737,20.8869
DLRpL,20.37,20.36,20.45,20.3,18662.5739,20.3684
CURX,0.323,0.32,0.3397,0.3034,180517.07288,0.3142
AKTX,6.25,6.54,6.58,6.1301,4281.375,6.4159
GOVI,27.22,27.23,27.265,27.2,204679.381365,27.2204
BUSE,26.61,26.63,26.785,26.44,451743.33969,26.5868
METD,16.45,16.32,16.529,16.27,132479.348437,16.3914
ALRM,47.6,47.0,48.62,46.78,572427.952682,47.6935
LMND,55.01,54.8,55.4,52.6,1584477.895928,54.1273
OPPJ,58.78,59.11,59.11,58.275,372207.763206,58.7019
IQI,9.94,9.92,9.95,9.905,101045.095061,9.9357
OVBC,45.21,45.06,45.52,44.9,9214.0,45.1834
ALDX,1.73,1.7,1.77,1.7,827589.822134,1.7328
BKV,27.8,29.02,29.27,27.8,1193715.03544,28.2477
MGNR,53.7158,53.76,53.9699,53.58,50284.230969,53.7781
BRF,19.105,19.47,19.66,19.105,8393.755705,19.3479
ZEO,0.8905,0.95,0.9572,0.8647,174364.571148,0.9049
LSBK,15.9,15.86,15.9,15.85,16222.0,15.8905
PROV,17.13,17.15,17.295,17.1,13819.2802,17.1856
AIIOW,0.036,0.0497,0.07,0.032,2457336.0,0.05219
FVRR,11.45,11.4,11.53,11.06,1060612.415917,11.3494
GCO,34.89,33.74,34.93,33.265,78860.650292,34.6262
LGI,17.95,17.95,17.98,17.85,91292.272296,17.9282
NCZpA,20.21,20.13,20.21,20.13,2584.8325,20.1657
XIFR,11.73,11.58,12.395,11.58,3283129.71196,12.0357
SCZ,85.83,86.02,86.13,85.51,1020140.622958,85.8408
LTBR,13.43,13.81,13.89,13.125,832196.668636,13.4581
BPRN,35.48,35.55,35.88,35.24,5030.729,35.5647
WTTR,16.8,16.88,16.955,16.39,1912778.090295,16.7656
AMOD,0.2316,0.223,0.2316,0.2151,647863.989499,0.2306
CERY,37.04,36.9,37.14,36.85,171844.190687,37.0825
GJAN,44.5289,44.5293,44.54,44.15,11421.659,44.487
YETI,41.53,41.89,42.275,40.94,1230772.991936,41.6273
GPJA,22.28,22.26,22.28,22.21,5492.133,22.2498
SPT,7.4,7.45,7.56,7.06,4669923.456584,7.3155
MFIC,11.68,11.9,11.935,11.665,735325.63275,11.7521
DFGX,52.995,53.05,53.05,52.935,80013.0157,52.9752
MC,65.08,64.2,65.57,63.44,602287.655546,65.016
TERG,49.08,50.0,50.96,48.175,86198.84354,49.7099
AGAE,0.45,0.5163,0.5163,0.42,813157.039842,0.4646
LRCX,294.05,295.715,297.42,287.52,8996650.440049,293.8374
GVA,141.88,143.11,144.16,140.74,462755.52899,142.089
SES,0.9292,0.9276,0.948,0.9,7825177.844557,0.9174
DEFT,0.7281,0.74,0.7529,0.6921,5241561.338027,0.7201
RITMpA,25.25,25.18,25.25,25.085,48203.0221,25.1626
FNY,103.4193,103.95,103.95,103.01,10089.961079,103.272
AROC,36.96,38.13,38.13,36.74,2006103.24527,37.2182
PAC,245.81,255.77,255.77,242.95,89269.26103,247.8821
MTRN,199.37,195.63,201.6138,195.58,189347.849425,198.8408
TFIN,66.52,67.63,67.63,66.5,233801.267574,66.7876
PSApO,15.44,15.31,15.44,15.31,87337.7491,15.355
FUNC,38.3,37.97,38.3,37.7,5738.051918,38.0789
MERpK,25.55,25.47,25.5774,25.47,16325.199,25.5444
FIAX,17.7436,17.73,17.745,17.73,5543.496622,17.7409
LEO,6.5,6.47,6.5,6.44,220245.2119,6.4741
JYNT,8.69,9.08,9.185,8.69,86855.222659,8.9403
RVNL,24.5861,24.5,25.105,23.26,88674.6474,24.1153
BMR,1.95,1.91,1.99,1.89,90306.1227,1.9417
TTE,88.48,88.95,89.39,88.47,840397.598193,88.8714
DBVT,19.73,19.68,19.91,19.645,127428.167829,19.7595
VMD,8.94,9.14,9.16,8.852,248588.872073,8.9466
INFQ.WS,6.02,5.95,6.08,5.63,78195.0,5.8357
TXBC,16.3307,15.9201,16.3307,15.92,2471.248,15.9606
HSBC,90.16,90.13,90.51,89.65,1771540.313309,89.9643
FTNY,7.9,7.91,7.91,7.8801,163494.1436,7.8951
BBBI,51.5729,51.63,51.63,51.53,1700.0417,51.5582
AIT,308.87,311.13,311.65,307.615,147139.319913,309.1196
FFBC,30.6,30.63,30.68,30.285,777480.45386,30.5519
SF,76.5,76.28,76.83,75.48,1402704.444652,76.3216
MMSI,61.27,63.75,64.14,61.15,469963.449217,61.6626
CALC,0.629,0.64,0.6426,0.6103,57747.283429,0.6303
MTG,26.75,26.94,27.02,26.54,2355440.886673,26.738
CEPU,14.11,14.6,14.6,13.91,326089.464523,14.1463
WTO,0.9861,0.9797,1.01,0.9595,54647.513353,0.9746
DLNG,3.84,3.84,3.8863,3.8301,39122.657904,3.8567
ECOW,28.49,28.46,28.52,28.43,22541.4712,28.493
MSGE,65.27,66.93,67.1,63.505,677417.467925,65.3325
DKI,0.3361,0.3679,0.3695,0.3238,636696.823982,0.3445
RONB,23.33,23.47,23.47,23.1001,1259329.730416,23.3044
TLX,10.68,10.69,10.855,10.64,199034.8975,10.7022
MOBX,2.0,2.12,2.18,1.95,682327.900706,2.0364
RXD,10.55,10.5,10.65,10.494,14207.1995,10.5691
GDL,8.5,8.52,8.5399,8.46,3348.6259,8.5001
DEC,15.65,15.72,15.8,15.54,659984.999386,15.6654
FIGG,21.17,19.82,21.5,19.0909,255228.631548,19.6494
BTCT,1.22,1.27,1.27,1.2001,32942.407666,1.2256
BACpS,19.26,19.28,19.29,19.21,50570.561,19.2394
CAFX,24.8,24.81,24.81,24.79,19196.468,24.8021
IFLO,33.0591,32.95,33.0591,32.95,3336.8938,33.0284
ZNTL,4.41,4.26,4.4394,4.195,769536.931314,4.3131
ELBM,0.6441,0.66,0.6778,0.6199,844499.843276,0.6389
DISO,10.34,10.59,10.59,10.3201,9342.8132,10.3828
CLVT,2.78,2.8,2.84,2.66,4117365.221131,2.7669
LII,521.25,528.0,534.0699,520.9,244502.080557,523.4398
REPL,4.07,3.32,4.18,3.3,15126250.347154,3.9122
MVBF,26.06,26.25,26.415,26.0,21295.8532,26.1053
NAVI,8.54,8.79,8.79,8.52,560980.235522,8.582
VYX,8.35,7.97,8.625,7.92,3375365.11333,8.3507
EPRX,7.45,7.48,7.6,7.2521,94575.130232,7.4729
SUNC,66.05,65.96,67.16,65.1793,786859.137342,66.138
REXRpB,21.84,21.85,21.85,21.77,1262.0,21.8278
AKRE,54.31,54.59,54.59,53.58,879066.5072,54.1591
LMTL,30.9662,31.22,31.45,30.6987,20075.4065,31.1474
PSQH,0.7079,0.7526,0.779799,0.6839,533515.993088,0.7089
DTM,142.8,144.8,145.07,142.79,642384.420556,143.4443
HSAI,21.6,22.08,22.125,21.27,1299082.065628,21.6501
BDSX,15.32,15.47,15.5185,14.79,73252.35941,15.1358
AHRT,6.37,6.4,6.425,6.355,646359.084211,6.3876
AHG,1.98,2.0,2.19,1.9401,198335.95,2.0436
XYL,113.73,115.64,116.175,113.45,2184834.318682,114.2846
XZO,13.49,14.07,14.105,13.1,604953.792099,13.4965
INDP,1.88,1.99,2.04,1.82,132575.061682,2.0389
LILA,7.63,7.79,8.12,7.535,474272.221246,7.7564
PLMK,10.605,10.6,10.605,10.6,2608.073747,10.604
JMSB,21.2,21.35,21.59,21.09,33030.3512,21.2625
BSJQ,23.2,23.2,23.21,23.19,164575.38279,23.201
AMPGR,0.030865,0.025,0.030865,0.025,1539.571078,0.02538
WGO,31.75,32.06,32.33,31.36,487487.777603,31.8676
SCHWpD,25.0,24.96,25.06,24.96,40241.9611,24.9863
PBF,40.71,40.55,42.46,39.07,5782666.20287,40.7914
MINO,45.39,45.33,45.53,45.33,151832.01,45.4174
BDC,112.3,113.16,114.58,112.09,499396.525319,112.7194
COSO,25.84,25.79,25.99,25.64,49046.686,25.7819
SCHI,22.7,22.71,22.73,22.69,1670260.623626,22.7078
ZTR,6.79,6.81,6.84,6.78,155926.13514,6.7954
HD,317.45,322.68,324.0,316.8,4995471.917055,319.1021
ADV,39.78,43.3,44.0,37.07,87008.198688,39.895
GLBE,29.8,32.45,32.605,29.73,2220557.235639,30.4931
MCB,90.53,90.41,91.465,89.96,75933.709833,90.6473
KGC,31.51,30.76,31.555,30.76,5562968.295681,31.3186
BCUS,35.158,35.5,35.5,35.158,6572.353162,35.3271
VIVK,1.83,1.97,1.97,1.69,315968.6776,1.8594
TOV,31.0472,30.96,31.06,30.9599,5680.9403,31.0145
OLOX,4.53,4.7,5.75,4.1,203889.370493,4.7933
SETM,37.98,38.36,38.39,37.6,178819.689728,37.9597
PAY,26.64,27.55,27.55,26.59,307935.159021,26.8468
GWRE,138.45,136.96,138.6,132.0626,647836.332147,137.3375
EMXF,56.5647,56.31,56.58,56.2601,6052.556719,56.4392
EVN,10.63,10.67,10.67,10.6,74875.67358,10.6329
ATKR,74.29,74.62,75.5507,72.92,350385.050242,73.9394
WAVE,7.7501,8.31,8.39,7.75,18315.8861,8.0907
CF,115.02,118.41,119.619,114.75,3068944.546909,116.4183
BIIB,193.45,189.68,195.2,189.5,931578.653248,193.4176
IBTP,25.505,25.52,25.535,25.4901,35087.8156,25.5075
IHG,149.62,149.1,151.18,149.08,260915.965261,150.1447
SLS,5.01,4.95,5.03,4.84,3435225.672711,4.9338
GNOV,41.32,41.381,41.381,41.25,2812.794,41.3073
EPRpG,20.26,20.09,20.3,20.09,4150.8082,20.2369
JPMpD,24.32,24.33,24.35,24.29,109083.1604,24.3166
BRTR,50.325,50.33,50.37,50.305,56806.686877,50.3231
XLII,25.0702,25.12,25.23,23.21,5529.2589,24.922
URI,937.0,946.29,948.5,931.505,377279.473369,936.544
AIEQ,48.9286,48.94,49.05,48.81,2849.220526,48.9467
TD,107.46,107.95,108.04,106.92,1010203.627625,107.4369
CASY,859.49,860.37,868.08,855.73,256933.655375,861.9573
SAA,33.3,33.21,33.3,33.1,9072.41088,33.1724
BVFL,20.0,19.72,20.04,19.505,19073.0,19.9609
AUB,37.96,38.01,38.2,37.82,707347.591758,37.9784
ADAMH,25.75,25.7,25.75,25.66,9901.543,25.7032
TSMX,82.2,84.2,84.3,77.95,1425573.444943,81.6627
CE,57.17,59.02,59.02,56.0,2927891.105898,56.9831
JTEK,102.8299,101.2,102.84,101.0,152342.840335,101.8438
AFB,11.21,11.19,11.24,11.17,102153.006839,11.1946
CANC,37.3634,37.21,37.6299,37.18,10017.949333,37.3811
KITTW,0.0349,0.0338,0.0385,0.0255,59880.0,0.03546
ESGD,102.6,102.4,102.62,102.05,231058.793553,102.4145
IGA,9.62,9.62,9.69,9.5641,39674.947504,9.6009
OI,9.29,9.04,9.48,8.9,1924839.430259,9.3011
ALV,121.62,121.7,122.14,120.255,448025.425323,121.4114
EARN,4.93,4.9,4.9399,4.88,253595.303308,4.9179
BRAI,7.285,7.54,7.54,7.15,11832.595734,7.2474
HYTI,19.2802,19.31,19.31,19.25,27817.1563,19.2824
WWD,369.93,376.66,376.66,367.58,517795.486177,370.672
MFA,9.9,9.8,9.965,9.8,1149202.997549,9.899
EMNT,98.81,98.83,98.83,98.78,3712.6364,98.7942
TGT,125.25,127.86,127.87,123.82,3883687.921641,125.2548
GEN,22.68,21.06,22.76,21.02,17306895.036212,22.2953
OXBR,0.9701,0.95,1.01,0.95,33056.072625,0.9783
HSTM,23.96,23.55,24.04,22.99,450983.354351,23.7973
IMKTA,86.6,85.78,86.895,84.61,98639.68656,86.2092
VTEX,3.74,3.99,4.17,3.715,1581654.461985,3.8148
LVS,53.11,54.27,54.62,52.87,6260522.002417,53.3821
SYRE,75.045,73.1,75.91,72.4,840632.621576,74.5072
HKD,1.65,1.7,1.7393,1.61,294613.985508,1.6525
NCDL,13.66,14.0,14.2399,13.54,186611.7395,13.6847
MRK,111.38,112.38,113.01,111.18,5725143.561277,111.7111
TUR,43.56,43.83,43.9429,43.56,127463.970304,43.6869
URSP,45.399,45.45,45.5,45.0374,5105.7098,45.2677
SUIS,26.5643,24.28,26.58,24.28,2595.475,25.109
GPCR,39.1,38.16,39.925,37.69,803106.806129,39.0285
AVNV,85.2143,85.05,85.2143,84.96,5995.2892,85.0969
CMDB,19.34,18.76,19.6,18.615,43203.876701,19.2902
MUYY,26.24,26.02,26.27,25.96,13380.150412,26.2183
MGY,27.8,28.02,28.27,27.655,2930531.395957,27.9355
PLTY,34.7,34.3,34.72,33.76,205628.181324,34.2646
NYC,7.96,7.94,8.565,7.94,2529.0,8.2047
FHTX,4.44,4.18,4.5,4.05,194538.869406,4.3383
TEN,43.8,43.94,44.57,43.4,303449.301258,43.9859
LILAK,7.82,8.07,8.3168,7.73,891018.95545,7.9222
GBX,50.55,50.45,51.11,49.855,215377.731141,50.5109
PONO,9.86,9.86,9.86,9.86,5973.0,9.8601
DTEC,47.34,47.05,47.34,46.75,4713.1288,47.0954
CPF,34.79,34.59,35.0,34.59,96007.458111,34.7998
SNWV,15.57,16.4,16.4,15.44,96385.554259,15.7755
ASTH,39.3,36.91,39.9,35.53,929947.282074,38.8635
TAP,42.41,43.29,43.5,42.38,3455643.230687,42.7068
FRME,40.41,40.64,40.705,40.35,249478.92516,40.478
BTE,4.83,4.85,5.01,4.82,14642161.235792,4.8823
BSMT,23.095,23.12,23.12,23.09,24890.214,23.1049
UA,6.25,6.29,6.34,6.1,1896910.967956,6.2552
AISPW,0.75,0.77,0.77,0.71,14941.0,0.7455
FDIV,27.2691,27.49,27.49,27.23,11501.8697,27.3428
FRA,11.14,11.12,11.17,11.08,113946.386689,11.1267
KTB,73.65,78.0,78.875,72.51,1224514.546939,74.8239
SIG,87.3,88.01,88.03,86.43,486474.179103,87.223
BGIG,34.54,34.71,34.745,34.54,87827.4024,34.6316
BTMD,2.18,2.08,2.2387,2.0135,194923.554183,2.1677
LOBpA,25.37,25.25,25.37,25.25,2954.0,25.3466
HBIO,6.895,6.9,7.1315,6.79,14319.849697,6.9219
NATH,101.4,101.27,101.59,101.27,14112.7733,101.5024
HTB,46.08,45.84,46.515,45.84,34673.1304,46.1561
RDNW,8.06,7.19,8.22,7.19,76780.264,7.7915
AVSU,84.8209,84.3,84.83,84.3,12115.9183,84.773
SOR,46.5,46.47,46.8099,46.22,11743.690508,46.4098
PSF,20.01,20.02,20.06,19.9701,28960.770153,20.0163
LAW,4.12,3.97,4.125,3.8,639296.130445,4.0081
TENX,11.66,11.79,11.86,11.41,929454.052954,11.6441
RSG,200.02,204.35,204.45,198.79,2272925.762324,200.5176
CCSI,34.0,29.28,37.3,28.57,612517.262969,34.4614
CTS,61.75,60.3,62.02,60.0,362610.221872,61.3677
WTFC,151.64,151.53,152.285,150.59,411617.16126,151.5261
ATHpA,24.62,24.54,24.62,24.47,33547.654,24.5473
PNW,99.25,99.78,100.355,99.02,1425707.888729,99.4933
SPHR,133.33,139.46,139.66,132.9,550423.815725,134.8244
HIBL,105.69,102.18,105.79,101.4905,54199.854471,103.7018
IRM,128.84,127.91,129.76,127.2,1141499.84818,128.9143
GIFT,0.8148,0.92,0.9998,0.8148,64270.914482,0.9036
GVH,4.37,4.37,4.49,4.13,34575.454487,4.3377
CCEP,94.57,94.38,95.315,93.57,1960199.198972,94.4845
BIXI,9.9595,9.96,10.0,9.95,3623.0,9.9621
ADBU,27.0685,26.8,27.0685,25.95,17434.211538,26.6233
BFAM,70.59,71.33,72.06,69.49,3103069.681016,70.9312
MSFL,18.78,18.91,19.09,18.6799,1408913.086079,18.883
HODU,8.06,7.9,8.08,7.48,191029.9836,7.8368
POST,102.05,96.46,103.51,96.29,1632411.400715,101.2619
RYAM,9.16,9.29,9.44,9.14,1076482.004835,9.231
SORA,2.54,2.81,2.81,2.54,694.050523,2.6705
ALGM,48.95,49.17,49.17,47.26,2540502.182174,48.3021
BROS,52.71,54.23,54.39,51.545,5805183.550931,52.4884
PFM,53.8938,54.18,54.18,53.875,11816.109184,53.9552
ULH,13.04,13.42,13.6,12.52,82590.982697,12.9608
ADTX,0.1188,0.11,0.1188,0.105,1875747.887987,0.1089
DTST,4.26,4.2,4.33,4.0601,25423.667515,4.2129
UMMA,36.4816,36.19,36.54,36.06,27645.659704,36.319
XPO,204.5,208.48,208.48,202.6,1274288.06925,204.2721
SHC,15.78,15.77,15.86,15.535,2427902.873235,15.7249
SNAG,8.0331,7.79,8.05,7.16,91689.502465,7.564
FBIO,2.39,2.44,2.44,2.36,97289.198639,2.3847
SDHC,13.0,13.01,13.07,12.705,75537.103618,12.9827
STEM,9.16,8.81,9.22,8.3001,277290.269743,8.8378
MIRA,0.987,1.01,1.01,0.981,77578.132413,0.9906
WOR,54.44,55.88,55.92,54.12,183083.937428,54.7452
FCUV,1.0,1.07,1.13,1.0,68620.914,1.0531
RCUS,25.36,24.68,25.695,24.33,967753.551472,25.2371
EOLS,6.36,6.33,6.58,6.32,844929.250498,6.4269
CBAT,0.79,0.79,0.8059,0.785,43800.270657,0.7936
INVX,26.6,26.81,27.345,26.49,272650.298844,26.7466
BWIN,20.18,21.04,21.12,20.13,1098573.744552,20.3451
ERIC,11.88,11.73,11.92,11.72,4866249.133107,11.8425
NEEpW,25.27,25.19,25.28,25.15,23961.0,25.2058
GSEP,40.4011,40.4489,40.45,40.38,16424.12,40.4099
TNMG,0.8746,0.955,0.955,0.84,44180.293938,0.8826
KALU,180.33,179.61,180.66,175.01,134618.313215,179.4359
SSSS,13.22,13.58,13.6643,12.99,561960.279825,13.2
MCW,7.04,7.04,7.05,7.03,4197467.448136,7.0385
CRPT,15.8577,15.22,15.9199,15.12907,39494.551353,15.409
IBTH,22.385,22.38,22.39,22.38,224574.111337,22.3849
BWB,18.52,18.45,18.63,18.4,70732.041234,18.5393
BNGO,1.29,1.35,1.3799,1.29,150644.579443,1.324
NCTY,5.8,5.71,5.83,5.525,26119.9,5.6561
HIG,132.02,132.95,133.37,131.65,1086461.25037,132.2165
XXRP,4.15,3.95,4.2,3.94,2608788.468097,4.0875
ORRF,37.04,36.92,37.165,36.59,89926.4886,36.9
OPAD,0.67,0.7099,0.7299,0.67,393095.914992,0.6904
AZZ,147.6,145.29,149.71,144.355,210482.72057,147.4936
IBKR,84.42,84.58,85.2,83.5,3595264.594903,84.2631
RBRK,62.34,60.3,62.49,59.32,3629274.29577,61.8165
GCT,40.18,43.0,43.1,39.68,1565586.199138,40.5597
EME,921.64,939.02,946.105,919.62,258964.749509,923.9996
ARCO,9.02,9.03,9.115,8.91,1247750.956403,9.021
RCS,5.64,5.63,5.645,5.55,103818.115923,5.5989
BNRG,2.28,2.04,2.34,1.999755,96561.755583,2.1233
MTSI,359.88,356.93,363.9999,349.74,1769005.017948,357.2318
BCAL,19.25,19.01,19.29,19.0,141449.4278,19.1492
YAAS,0.96,1.07,1.07,0.96,174651.494227,1.0066
AIOS,19.01,18.81,20.25,16.471,43728.786328,18.8481
WF,69.92,69.0,69.97,68.8,87472.762094,69.5118
BSMQ,23.57,23.57,23.61,23.56,137223.4012,23.5755
ICFI,69.61,74.5,75.295,66.635,870181.267499,69.6504
BRZE,21.72,22.05,22.31,21.01,3357690.56816,21.5403
GLpD,15.98,15.97,16.06,15.9628,6257.0,15.9958
MRP,26.93,27.14,27.65,26.78,2422106.755183,27.1741
TOYO,11.25,10.8,11.31,10.775,91713.730622,10.9997
ANRO,24.26,24.47,24.91,23.65,171304.850968,24.372
PRT,2.65,2.67,2.74,2.65,85219.985964,2.686
AVTR,8.31,8.32,8.395,8.1,14978176.129687,8.2286
RRX,214.36,209.08,217.38,208.48,1536015.222995,214.3798
USBpQ,15.07,15.14,15.14,15.0301,22313.2711,15.0633
MFG,8.69,8.72,8.73,8.65,2246339.986487,8.6861
AIFF,1.89,1.91,1.94,1.8207,210704.800682,1.8625
THQ,18.42,18.42,18.6,18.32,60991.185967,18.4517
SFNC,21.27,21.36,21.48,21.22,819402.054043,21.3145
BABA,140.06,142.05,143.8,139.37,10062038.596825,140.9054
CGDG,37.08,37.18,37.195,37.05,767148.764655,37.1238
APOG,36.65,36.6,37.2499,36.375,129279.987363,36.7394
OTLY,10.41,10.74,10.83,10.41,60387.414424,10.5698
KWR,147.54,144.3,147.75,143.355,87580.828258,146.3954
APAC,10.1,10.1,10.1,10.1,496.0,10.0995
PUI,46.7252,47.45,47.45,46.7,4170.606,47.1398
MRNO,0.236,0.2212,0.26,0.218,704804.0,0.2354
EGP,205.32,204.46,206.78,203.97,404639.615787,205.5832
MATX,182.72,180.14,183.1,178.11,169077.090318,181.7924
MUJ,12.39,12.38,12.4395,12.37,92123.059232,12.4092
ETHE,18.78,18.44,18.825,18.395,1773419.848917,18.6311
RDGT,1.56,1.39,1.585,1.2701,137786.344441,1.4328
SUNB,73.21,73.77,73.85,71.805,1659929.659448,72.7026
LDOS,130.11,131.12,131.12,127.865,1515839.145532,129.6623
DDEC,46.81,46.69,46.92,46.69,8357.0,46.8381
IJT,163.63,163.83,164.06,162.905,86834.036547,163.6397
NCNO,17.75,17.53,17.86,17.28,1775794.099431,17.662
TNL,65.78,66.26,66.815,64.96,591308.171064,66.0342
ETB,15.47,15.39,15.49,15.35,25445.598,15.4237
AMBQ,44.18,38.82,44.18,38.4,937868.5213,42.1727
PCSC,11.28,11.2,11.315,11.2,10013.0,11.2717
IMMP,0.446,0.4266,0.4498,0.4195,479448.201473,0.4363
GRI,2.245,2.3,2.32,2.23,18245.624782,2.2886
PDDL,19.7854,20.52,20.75,19.7854,11747.4166,20.0284
PCOR,53.28,52.49,53.47,51.95,2777717.054157,52.9542
EDSA,16.3,17.29,17.81,16.3,292122.190372,16.9944
XAGG,50.33,50.34,50.34,50.3132,91616.8691,50.3269
FBOT,39.745,39.84,39.84,39.605,38412.6641,39.7374
FUSE,1.51,1.59,1.59,1.4901,74039.30077,1.5328
SYFpA,20.1,20.1,20.16,20.08,23118.3743,20.1186
AQB,0.94,0.9497,0.98,0.93,27725.810997,0.9458
DOW,36.87,37.51,37.645,36.72,9781535.642309,37.0637
CNSP,7.29,7.04,7.64,7.02,212533.39242,7.3248
WETO,0.4747,0.4599,0.517,0.4599,40219.910868,0.4853
TCX,15.27,15.73,17.2,14.865,21994.421314,15.583
RWTP,25.3,25.35,25.365,25.3,1852.0,25.324
CLH,291.15,285.62,294.92,281.845,1197967.062701,287.7089
MSGS,330.13,333.44,334.305,320.57,324911.497242,327.9829
NPT,1.38,1.57,1.57,1.375,64402.378688,1.4336
UEVM,61.45,61.46,61.53,61.45,1740.040496,61.4663
ICLN,21.16,21.08,21.295,20.8301,5085303.092574,21.0682
MAIR,42.02,42.5,42.82,41.07,1219735.761723,41.9619
API,4.28,3.95,4.285,3.9346,426621.604401,4.1349
BG,124.94,124.64,125.7299,123.815,1380261.970186,124.8952
CCNR,41.2511,41.16,41.31,41.16,10997.8399,41.2377
JMIA,7.77,8.7,8.7682,7.66,4664645.494086,7.9033
PPC,29.1,30.33,30.511,29.09,1805501.659975,29.4166
CAL,13.5,13.26,13.6,12.92,444452.101314,13.4605
NI,46.72,47.24,47.3,46.655,3853305.997715,46.8695
BKKT,9.85,8.5,9.97,8.31,2527692.155255,9.3186
FEMB,29.6831,29.74,29.78,29.595,57513.703146,29.6848
FAF,71.04,70.27,71.085,69.595,515267.628575,70.8015
APG,44.04,44.85,45.44,43.78,2362206.430909,44.0968
JXN,112.78,110.52,113.66,110.19,694650.343327,112.8521
ANGO,11.2,11.34,11.39,11.1,291099.725365,11.2433
ELAN,23.65,24.16,24.58,22.91,8287981.106271,23.5008
APM,0.84,0.8395,0.8743,0.8395,11121.0,0.8596
MDLZ,61.55,61.25,62.0558,61.245,6472084.008639,61.6524
NOMA,3.61,3.83,3.83,3.52,5027.0,3.6996
PMTpA,23.23,23.12,23.23,22.9857,3889.4345,23.1567
VIV,15.6,15.77,15.96,15.59,1509697.882219,15.7361
SRI,7.64,7.57,7.87,6.99,253926.045486,7.6263
MODL,49.8907,49.83,49.9,49.8,185978.529269,49.8591
NWBI,13.89,13.82,13.925,13.75,757448.235036,13.8648
AQMS,4.83,5.22,5.22,4.8,86850.844739,4.9452
TFCpI,19.35,19.22,19.3699,19.2,6184.0891,19.2899
OPRX,6.44,6.57,6.57,6.3,232420.828551,6.445
CRWS,2.85,2.78,2.85,2.755,7922.971097,2.7751
GBTG,9.45,9.46,9.47,9.42,2388565.062811,9.4411
CNP,41.72,42.37,42.56,41.635,4133560.847376,41.8216
YSG,2.93,2.96,3.0,2.82,47508.170717,2.9358
NGLpC,25.4,25.22,25.4699,25.22,2098.1847,25.4215
VEMY,28.78,28.84,28.87,28.78,6778.7871,28.8182
ELPC,12.6,12.6,12.7,12.5,118527.143927,12.6247
LAES,2.92,3.075,3.075,2.87,11124029.035545,2.9404
TLPH,0.9037,0.8781,0.91689,0.8781,65548.730253,0.9
FBGL,0.6387,0.63,0.6499,0.6,158175.0,0.6299
CALI,50.43,50.43,50.43,50.41,37720.85651,50.4242
CLPT,12.82,11.81,13.1,11.38,1236484.227847,12.4649
RVYL,6.61,6.72,6.94,6.5741,8304.310521,6.76
MLR,48.07,47.71,48.805,47.4813,69687.0639,48.1489
MNZL,57.649,57.0,57.66,57.0,2545.70703,57.526
RM,35.34,34.98,35.43,34.535,41248.955156,35.0588
IART,13.92,13.69,13.99,13.35,1295052.158075,13.7492
BCAX,22.58,23.07,23.48,22.47,377373.443498,22.7115
FYX,133.9801,133.34,134.33,133.09,25261.65415,133.8046
BSMW,25.0729,25.16,25.16,25.01,35405.2303,25.0751
WING,129.67,135.54,138.27,129.31,1460864.878784,131.141
TBB,21.69,21.67,21.71,21.61,52523.657211,21.668
NBB,15.93,15.94,15.97,15.85,47004.41182,15.9056
ARLP,24.85,25.0,25.32,24.74,347522.730069,24.9844
SOBO,34.71,34.35,35.56,33.97,986277.21043,34.8383
CRD.B,9.36,9.22,9.65,8.9,2493.396008,9.36
KW,11.02,11.05,11.05,11.01,461452.879592,11.0179
EDRY,21.67,21.65,21.81,21.3891,9420.3975,21.6457
AVNT,36.89,36.27,37.45,35.38,991998.636818,36.8365
CBNK,31.55,31.49,31.765,31.36,31284.3772,31.5847
FTW,11.0,10.71,11.25,10.71,93804.579785,11.084
HPAI,0.9861,0.9301,1.0,0.925,6985231.717322,1.3895
CTEC,70.8675,68.7,71.06,68.7,8516.279291,70.6269
PSHG,1.73,1.81,1.81,1.7,215181.357667,1.7491
RLTY,15.88,15.85,15.925,15.85,46420.90014,15.8994
CARG,34.745,38.1,38.1,33.75,1907504.717753,35.2673
EA,200.44,200.65,200.78,200.28,2738171.681575,200.4841
ARTV,10.89,12.05,12.6799,10.2,5293847.596283,12.4946
CONY,27.19,25.85,27.22,25.45,889349.953254,26.3673
CETX,0.8904,0.87,0.9295,0.87,340971.069409,0.9028
MENS,2.05,2.09,2.1011,2.0008,39298.920108,2.0493
HXL,95.32,96.44,96.79,94.86,904573.219389,95.6624
LEN.B,86.09,86.2,86.59,84.7179,37115.543381,85.9042
MSIF,12.85,13.75,13.75,12.62,432882.158282,12.9879
THW,12.82,12.88,12.89,12.72,123868.443227,12.8379
ALPS,0.8211,0.85,0.8618,0.8211,30225.869518,0.825
RIV,11.7,11.69,11.77,11.66,118299.9216,11.7119
AGNT,6.6,7.06,7.06,6.3,1327002.887662,6.7389
EFRA,35.6113,35.98,35.98,35.6113,412.200242,35.8926
FDUS,19.79,19.47,19.94,19.24,510303.60392,19.6389
USOY,8.47,8.42,8.51,8.34,246877.090526,8.4449
DGRS,56.5494,56.59,56.81,56.45,12266.913259,56.5962
KEYpI,25.14,25.1,25.1899,25.0601,156021.1159,25.111
PAL,5.95,6.58,7.05,5.95,1079751.28351,6.2265
CGON,69.62,68.9,70.315,68.55,1143041.715978,69.4796
PTA,19.84,19.85,19.88,19.72,103001.546127,19.8137
LGVN,0.8452,0.8697,0.8844,0.8402,466811.255,0.8487
PULM,1.2971,1.3,1.335,1.28,10140.0,1.3009
JAKK,23.22,23.46,23.5,22.975,41189.581484,23.2881
NEUP,5.31,5.3,5.381,5.12,36276.614173,5.2331
LEG,10.06,10.25,10.31,9.935,2362928.109592,10.0674
CTAS,166.97,170.04,171.03,166.77,1565488.639637,167.5521
BATRK,50.67,51.38,51.87,50.49,291289.460394,50.8004
CM,110.01,111.16,111.4891,109.44,919203.848431,110.0456
RBNE,1.31,1.41,1.41,1.3038,351126.811529,1.348
XOS,1.84,1.86,1.8899,1.84,36583.306828,1.8523
CRE,2.81,2.97,3.0619,2.81,11443.24999,2.9373
CTRI,34.53,34.38,34.88,33.64,2454676.160406,34.2924
TNK,83.03,81.57,83.99,80.86,356704.013652,82.969
BIS,8.5279,8.55,8.59,8.49,10512.060703,8.547
CARE,26.32,25.9,26.46,25.9,271511.466769,26.2352
DMO,11.04,11.15,11.15,11.02,33685.762014,11.0571
VTMX,35.58,36.15,36.15,35.1,107809.638679,35.7044
IDE,13.68,13.65,13.77,13.6,21622.221979,13.6522
OII,36.54,36.71,37.35,36.44,1058862.261752,36.7435
TRTXpC,19.12,18.92,19.12,18.83,4485.5148,18.9652
CBFV,35.49,35.47,35.72,35.47,2252.155,35.619
RNST,40.19,40.27,40.385,39.945,604604.466988,40.1659
NATL,44.27,44.46,44.63,44.07,1300508.838245,44.3857
GSUN,0.532,0.5328,0.5328,0.5011,111673.942231,0.5175
XBCI,47.5632,47.2,47.786,46.89,73755.104606,47.3279
OHI,47.19,46.4,47.28,46.37,1819843.889027,47.0089
FNB,17.9,17.96,18.04,17.86,3118035.657266,17.9215
TCBK,50.95,50.73,51.19,50.73,67721.2011,50.9824
IGOV,42.27,42.24,42.3,42.18,197166.27186,42.2498
UNF,252.41,256.59,256.61,252.19,271650.206805,253.4231
CLBR.U,10.25,10.25,10.25,10.25,1008.0,10.2493
CSV,45.46,44.88,45.99,44.13,103557.704904,45.4359
SBRA,20.75,20.66,20.93,20.64,1589558.947977,20.7735
FGMC,10.25,10.24,10.27,10.2267,8760.0,10.2471
MFIG,19.9991,19.98,20.005,19.84,25409.0003,19.9414
IDA,144.0,143.93,144.655,143.18,402397.466637,143.8899
TORO,5.37,5.38,5.505,5.1145,66814.562442,5.3654
ACR,22.6,22.6,22.89,22.4,26020.182,22.5981
XRXDW,0.3995,0.2603,0.42,0.235,2169896.643841,0.3529
WHR,44.96,48.5,48.64,44.715,6139484.130569,45.5056
MDT,76.15,78.34,78.34,75.91,10199475.607501,76.5092
CpR,24.98,25.05,25.05,24.98,111181.397196,25.021
WBTN,13.28,13.14,13.32,12.855,212896.850815,13.141
LYV,163.28,166.57,167.01,162.25,3571343.931569,163.6953
DRD,30.23,29.6,30.3572,29.3,471433.152441,29.9226
ONDG,5.01,4.95,5.04,4.5601,497705.799261,4.841
OKE,85.16,85.72,86.2,84.49,4063742.989764,85.3302
WAFD,35.55,35.66,35.78,35.45,461152.24411,35.6021
SVCO,11.49,12.06,12.41,10.75,533158.081703,11.6392
USB,55.53,55.61,55.6424,54.91,10662475.34217,55.3526
ATYR,0.9463,0.94,0.96,0.9014,905145.306705,0.9315
IIPRpA,23.9,24.0,24.1754,23.85,309472.126,24.0199
MZTI,113.69,116.77,117.485,113.55,350914.494271,114.7478
HQL,18.19,18.03,18.19,17.95,96936.634948,18.0695
INFY,12.83,12.75,12.84,12.375,12856943.546321,12.6797
UFCS,48.22,46.8,48.905,46.8,158462.697512,48.2259
CAPL,21.68,21.74,21.86,21.52,39859.3975,21.6936
NLYpJ,26.06,26.11,26.16,26.05,441816.3756,26.0697
COTY,2.47,2.5,2.52,2.44,5950281.380904,2.4763
NKX,12.46,12.48,12.49,12.44,99594.310741,12.4774
BH.A,1603.77,1610.04,1627.11,1562.0,27089.998749,1590.8663
JPMpM,17.81,17.77,17.83,17.75,108279.7106,17.7919
FUSB,15.95,16.19,16.19,15.95,18019.4298,15.9545
PONX,6.3,6.77,6.77,6.1,37673.289625,6.3216
FWDI,4.79,4.73,4.89,4.65,1227569.49284,4.7797
BPRE,16.73,16.11,16.76,16.1,838821.7887,16.4956
BFS,35.19,34.18,35.43,34.15,51472.501371,35.0215
RADX,4.0,4.06,4.185,3.96,80664.670544,4.052
R,239.14,243.67,244.05,238.195,225428.504633,239.8347
AX,86.98,87.71,88.48,86.87,284435.99023,87.3175
BRC,78.33,79.93,81.425,77.99,150443.076953,78.5863
TVTX,42.6,43.42,43.88,41.77,2266025.86763,42.3673
MQ,4.17,4.18,4.23,4.12,3628321.628159,4.1782
CMMB,1.77,1.81,1.81,1.71,32608.18492,1.7471
FSTA,53.6,53.78,53.973,53.59,92424.84642,53.8266
TOST,25.05,25.2,26.0,24.04,34891628.898371,24.8913
APD,295.41,295.77,299.5,295.25,607384.862222,296.6762
RNTX,1.22,1.18,1.24,1.15,2321769.6558,1.1921
MPLT,27.4,29.22,29.95,27.0,292229.188141,27.7195
BXP,59.43,59.63,60.08,59.16,1836548.139222,59.5828
UNM,80.88,80.51,81.58,79.925,1161275.865213,81.1189
FV,68.904,68.05,69.0099,68.05,53090.89138,68.5894
BCRX,8.62,8.96,8.99,8.555,6164545.346999,8.7029
STEP,55.74,54.14,55.76,52.61,786144.7839,55.2931
RNP,21.32,21.21,21.39,21.21,41927.797762,21.3164
ELVN,40.75,41.555,42.905,40.02,606598.60047,41.0317
FWONA,85.95,86.34,87.51,85.1275,139483.808154,86.2369
PINE,19.36,19.51,19.84,19.26,151417.947358,19.4199
ABVC,1.06,1.1,1.12,1.06,67734.020155,1.0831
NAVN,18.68,17.925,18.68,17.55,3876064.393944,18.28
TSI,4.58,4.54,4.58,4.54,122887.1919,4.5467
MUU,542.72,453.97,542.72,453.2,2866666.818994,499.204
HWKN,167.16,167.55,168.92,165.355,106498.626041,167.0984
PWR,745.0,761.67,762.22,744.01,1241744.109048,749.9852
CLOC,25.01,25.02,25.02,25.01,5914.0,25.0186
VRTL,177.97,182.89,186.58,177.97,68800.489053,182.2284
EFT,11.0,11.0,11.0,10.95,72341.324889,10.9785
ENGNW,0.12,0.23,0.23,0.1113,95552.0,0.1412
SEI,72.96,73.83,74.02,71.415,1660008.521733,72.692
SCI,77.72,78.73,79.1999,77.55,1092540.76819,77.9786
PNR,76.82,79.29,79.93,76.69,1436122.205913,77.1974
INVZ,0.7315,0.72,0.749,0.69,1443970.389165,0.7257
IMDX,5.01,4.87,5.1,4.55,422184.258186,4.8475
MKOR,65.03,63.96,65.05,63.255,34303.511526,64.2165
ABX,9.08,9.5,9.5,8.18,990340.094948,8.9186
MSA,169.94,173.62,173.62,169.23,221406.03351,170.5349
HFROpB,16.42,16.5,16.5,16.4001,3305.7146,16.4454
CRGY,12.4,12.41,12.535,12.262,6209943.246194,12.4157
GRC,77.28,77.24,77.895,76.3463,83475.716059,77.3318
LOVE,15.96,15.75,16.1,15.36,118224.746308,15.9433
DCO,137.23,138.89,139.86,136.75,174399.639804,137.7119
UFPT,230.55,222.52,231.05,216.95,216968.254993,225.8913
TMYY,24.7322,24.91,24.91,24.64,3847.819,24.7702
ISD,13.48,13.52,13.52,13.4301,75288.595969,13.4635
FRAF,58.5,57.47,58.79,57.25,44530.1599,58.1321
AIIA.U,10.38,10.38,10.38,10.38,105.0,10.3751
EPAC,35.52,35.51,36.16,35.31,277230.695171,35.6609
SRPT,19.955,20.75,20.84,19.87,4078406.433016,20.1621
AVSC,68.535,68.51,68.6999,68.0688,170077.101714,68.4953
BRO,56.45,57.96,58.4211,56.1,3616474.345366,56.5981
CRH,113.76,113.75,114.0,112.36,5744388.308934,113.5328
CEE,20.81,20.91,20.91,20.425,27751.2595,20.7052
HCTI,2.26,2.3,2.32,2.19,59036.520004,2.2419
WW,10.2,9.14,10.3,8.365,664778.870964,9.5205
HYBX,29.91,29.83,29.91,29.83,304.2866,29.8799
EQPT,21.8,20.72,22.05,20.65,1740728.054248,21.6218
MOB,6.33,6.35,6.54,6.2,69528.777832,6.343
TDSpV,20.1,19.75,20.1,19.75,34100.3302,19.9768
HIO,3.69,3.68,3.69,3.66,293197.8208,3.6792
HWBK,36.82,36.73,37.3,36.26,8482.9114,36.9031
SUZ,8.87,8.86,8.89,8.795,2659986.248467,8.8552
ENIC,4.62,4.57,4.66,4.57,358700.08739,4.6137
ALT,3.09,3.07,3.11,3.01,2858248.092834,3.0615
FCX,61.65,61.78,62.28,60.7,12202693.638331,61.4979
ADEA,29.53,27.75,29.66,27.72,1320059.287362,29.0321
AACI,9.93,9.9,9.93,9.9,2011.0,9.9273
EMD,10.71,10.7,10.78,10.66,152187.527305,10.6991
ANAB,69.33,66.92,70.07,66.01,490505.29896,68.8548
ITDC,36.2747,36.15,36.3,36.15,23512.086098,36.2454
AAXJ,117.5,116.26,117.57,116.23,1024176.193298,117.0975
QLEP.U,10.01,10.0,10.02,10.0,289851.0,10.0099
REE,0.4675,0.4411,0.472399,0.433,41304.811,0.4541
HMR,0.8303,0.8372,0.8556,0.827,21367.415491,0.837
BLX,53.79,53.73,54.38,53.35,125687.595548,53.9471
URNJ,30.66,31.89,31.9,30.58,231140.584135,31.0305
MET,78.08,79.05,79.45,77.61,3051008.50478,78.0339
REXR,36.27,36.2,36.425,35.96,999498.730427,36.2491
USBpS,17.86,17.89,17.93,17.84,27330.9048,17.8896
FIBK,36.42,36.34,36.535,36.04,1559801.51112,36.3634
HMC,24.51,24.22,24.535,24.22,1414820.626309,24.4567
TUSK,2.39,2.38,2.44,2.27,166529.10346,2.3734
PFD,11.56,11.57,11.57,11.51,6750.7923,11.5442
MWH,43.09,42.54,43.715,42.17,652776.838209,42.9882
ALLpI,19.2,19.17,19.3099,19.17,15881.0879,19.2418
SGA,10.86,10.96,10.9799,10.75,9389.192478,10.8719
PXED,30.52,30.3,30.52,29.48,120168.851793,29.7742
PGR,194.0,195.68,196.59,191.75,3308998.60155,193.8036
BFC,146.62,145.0,146.76,144.53,53584.6171,146.0076
GUSE,43.8847,43.61,43.8847,43.61,11307.8107,43.7773
LWLG,16.43,14.7,16.55,14.6052,10526741.436099,15.6788
MAYT,38.51,38.4853,38.5599,38.4314,120279.0,38.5272
SCL,52.93,52.29,53.01,51.28,103398.300461,52.5228
FTRE,15.43,15.59,15.61,14.71,1391417.181181,15.3032
CIBR,75.32,73.17,75.45,72.4,2489007.432167,74.4907
BMEA,1.54,1.62,1.7,1.53,1089300.947996,1.6071
IDCC,279.61,278.42,282.86,274.65,277039.107724,278.8053
FIHL,20.91,20.92,21.4,20.72,390508.469042,20.9005
MMYT,47.84,49.86,50.49,47.31,615516.802379,47.9604
VCV,10.69,10.74,10.74,10.65,52468.0468,10.6816
SFpB,23.805,23.68,23.805,23.68,8428.0,23.7466
AEIS,357.24,358.19,362.63,350.23,563696.345056,356.7216
VIA,17.31,18.07,18.44,17.18,605593.285619,17.6146
DFNSW,0.0714,0.074,0.085,0.0617,137702.0,0.07423
GRNT,5.0,5.36,5.36,4.8318,1814306.472999,5.0644
BR,149.5,152.45,152.6199,148.36,1650453.620398,149.4814
DQ,18.64,18.6,19.33,18.42,790059.189959,18.768
BCG,2.14,2.14,2.21,2.076,110299.8737,2.0671
TMHC,60.0,59.74,60.375,59.25,939372.625721,59.8987
OPPpA,16.6608,16.68,16.68,16.53,1134.0,16.5935
VLTO,86.84,88.84,88.84,86.27,2049224.37215,87.0998
ADGM,0.975,1.02,1.02,0.9501,20519.4914,0.9794
VMAR,0.9098,0.8271,0.91,0.810401,149698.736,0.8685
EDD,5.56,5.55,5.56,5.52,243735.70008,5.5332
CMND,0.5508,0.55,0.57,0.541,373777.622265,0.5558
BUL,58.6462,58.81,58.88,58.61,8093.1036,58.7308
QSU,15.5,14.89,15.51,13.99,116670.187501,14.6192
ABRpD,17.03,17.0,17.18,16.82,55300.3587,17.0088
TXO,12.31,12.32,12.6,12.195,394985.022873,12.482
AMTD,1.06,1.06,1.08,1.035,12793.233333,1.0669
AMDG,94.29,81.16,94.575,80.97,196364.244857,87.9662
EMN,73.65,74.31,74.46,73.18,859083.883054,73.7422
CAEP,10.97,10.19,10.97,10.13,20990.0,10.4652
MPG,9.36,11.07,11.9,9.08,268744.826989,10.0189
COMP,8.72,8.77,8.77,8.455,12279795.730569,8.6214
ONIT,38.91,38.11,39.54,37.78,83357.119001,38.6994
BILL,41.83,41.01,43.3,39.0,7354608.710877,40.6159
UNH,379.98,371.99,379.98,371.99,6455080.624862,376.2175
CWAN,24.35,24.31,24.36,24.31,4848075.575843,24.3434
IAG,18.7,18.62,18.875,18.44,4852850.438384,18.6661
CRNX,37.48,43.07,43.3104,36.73,4707630.707449,37.9077
MPA,11.43,11.44,11.44,11.41,11493.853991,11.4293
BBLG,1.315,1.2916,1.34,1.2916,7873.199,1.3166
AIZ,239.67,233.77,239.73,232.4875,491933.452081,237.9025
IMCV,88.3697,88.49,88.6,88.07,11958.42009,88.4468
BBCQ,10.45,10.36,10.48,10.36,520205.584999,10.4136
PKE,33.58,33.87,33.87,32.98,163351.119707,33.3815
NAD,11.95,11.95,11.96,11.9,388572.63054,11.9331
AGOX,34.0,33.42,34.0,33.42,23206.1212,33.7016
AXSM,217.38,220.56,223.43,216.77,574232.838582,218.5286
KDEF,59.67,59.27,59.71,58.84,104937.181896,59.3146
COLD,14.84,15.0,15.198,14.725,7772468.28042,14.9313
FMHI,48.1721,48.08,48.2383,48.08,129671.0125,48.1412
CIMpB,24.62,24.46,24.67,24.46,63366.6953,24.5145
MST,36.1422,34.05,36.27,33.713,46857.980858,35.5876
KBWB,85.24,86.395,86.395,85.0,941379.51647,85.4918
OTLK,0.2213,0.22,0.2275,0.22,3233782.132396,0.223
DOCS,25.98,25.58,26.0,24.99,2075585.025755,25.7367
EIX,68.95,69.35,69.58,68.685,1872014.826021,69.081
HUN,14.96,14.9,15.06,14.665,3806230.702499,14.8698
FITBI,25.45,25.43,25.47,25.4,34799.0169,25.4345
DSX.WS,0.49,0.4501,0.502,0.45,85066.457889,0.4906
ESTC,52.25,50.74,52.31,49.92,1270600.372938,51.6437
PACK,6.51,6.43,6.59,6.31,839571.523336,6.4897
RFAMU,9.93,9.93,9.93,9.93,117.0,9.93
AEO,16.68,16.69,16.99,16.45,2572318.813459,16.73
SOS,1.14,1.13,1.17,1.13,27447.88476,1.1411
CEPT,11.97,11.53,12.02,11.53,651665.654046,11.8111
SOXQ,92.68,90.05,92.7,89.65,1286753.562281,91.7199
MTBA,49.53,49.54,49.57,49.4902,153282.052306,49.5284
SPGM,84.85,84.87,85.09,84.665,159228.422905,84.8759
CAMP,4.46,4.22,4.5,4.09,35696.717823,4.4145
NRDY,0.8624,0.8606,0.9105,0.86,371023.501308,0.8791
MICC,14.79,14.84,14.87,14.74,703345.353895,14.8077
HFROpA,16.605,16.54,16.62,16.53,10465.8542,16.5746
AXON,403.54,431.49,432.76,392.56,1747360.450026,403.5371
BRR,1.94,1.92,2.0,1.88,697755.220263,1.9593
HIX,3.93,3.97,3.99,3.9,1247218.1907,3.9415
ESPO,90.4404,91.17,91.1756,90.21,16133.573468,90.6623
ALLT,7.81,7.7,7.825,7.64,304468.401303,7.7542
BACpP,16.8,16.82,16.83,16.7601,44459.338,16.7862
FGRU,17.81,17.46,17.99,17.0,11839.147,17.4785
PUBM,10.74,10.39,10.915,9.89,1625410.309609,10.6128
FCNCO,21.59,21.5,21.6399,21.47,17322.767,21.5115
KOP,43.99,44.38,46.395,42.45,334016.625365,44.2613
MRNA,54.35,49.0,57.779,48.98,20925852.651008,54.4672
NMM,74.97,72.71,75.95,72.71,143557.902909,74.6744
PDS,87.79,89.58,89.8,87.77,77375.307119,88.6041
MIAX,51.99,49.95,52.135,49.0,1705884.737238,51.2167
VNAM,26.605,26.3,26.65,26.3,5892.530596,26.5369
TRGP,248.12,252.16,253.63,247.42,1438574.295383,249.3595
TXNU,52.62,53.87,53.87,51.66,37057.038276,52.9018
IRTC,120.66,124.68,125.085,118.0,423139.992816,120.3215
GTY,33.02,33.06,33.345,33.0,250465.910773,33.0805
MITP,25.2,25.24,25.24,25.17,3174.0,25.1903
OPP,7.84,7.88,7.88,7.83,35584.1406,7.8624
ASND,238.66,246.14,250.27,236.22,674238.766596,241.6636
ITW,254.76,256.1,257.285,253.97,884639.549418,254.9697
OFG,46.0,45.83,46.26,45.71,271272.969715,46.0413
GLUE,19.39,19.66,20.105,19.16,547092.597907,19.498
TWOpC,24.88,24.9,24.94,24.87,27163.586,24.8963
PMM,6.3,6.34,6.35,6.29,32391.44981,6.3248
CNS,72.76,71.04,73.05,69.71,304319.645435,72.4504
HLNE,89.0,88.89,89.46,85.9,766746.341881,88.7907
HAWK,33.2,33.05,33.675,32.01,2574988.389834,33.0745
AWRE,1.3,1.28,1.33,1.26,47641.505794,1.2941
CNOB,30.05,29.89,30.15,29.61,304790.00388,29.9773
EH,10.3,10.5,10.54,10.15,267767.989909,10.3205
ANIK,14.77,15.1,15.3599,14.76,110678.049337,14.8979
NOAH,10.84,10.87,11.02,10.68,37066.946045,10.8164
VIRC,6.06,6.17,6.246,6.04,13139.71123,6.1126
ULS,100.44,100.8,101.91,98.21,659521.361009,99.5326
FGIIU,9.99,9.99,9.99,9.99,1013.0,9.99
WALD,1.8,1.42,1.8,1.42,980322.46954,1.6538
BANX,19.835,19.84,19.91,19.6104,55376.906712,19.7739
PKOH,30.82,30.49,31.92,29.9,115044.672006,30.7484
EPRT,31.4,31.48,31.73,31.38,1252871.600313,31.4622
FDS,223.61,221.13,226.38,215.36,775444.420147,223.0977
IPST,5.26,5.86,6.03,5.26,29683.813947,5.7079
PCG,16.07,16.24,16.3575,16.045,15330321.174553,16.1901
ELLA,25.65,25.57,25.69,25.57,6512.0,25.6113
WRTH,24.985,25.01,25.05,24.9689,94694.5313,25.0017
BGR,15.83,15.92,15.9865,15.77,45217.468889,15.9035
PPIH,33.78,33.09,34.185,32.7101,63278.413238,33.403
KALA,0.0793,0.0826,0.0836,0.066,7526253.80923,0.07222
HYLS,41.08,41.03,41.085,40.8901,117287.805,41.0348
SGU,12.94,13.45,13.45,12.62,71023.8599,12.8779
PBI,15.7,15.74,15.93,15.505,3086036.177702,15.6771
GSID,74.9771,75.11,75.11,74.78,5686.1984,74.8889
ALGS,6.44,6.11,6.57,5.86,318583.214707,6.5206
TGRT,45.85,45.78,45.86,45.74,147104.074,45.7816
HBAN,16.12,16.24,16.31,16.03,26015737.165437,16.1407
EFX,175.83,175.4,176.75,173.95,1402764.778337,175.4132
JKHY,145.84,144.89,146.66,142.62,1171581.108967,145.5196
CVLG,33.25,33.43,33.43,32.87,120115.557844,33.1871
LITZ,21.45,20.8,23.29,19.94,506744.983,21.8325
LQDA,42.3,42.04,42.94,41.06,1508016.358002,42.2235
AGRZ,0.354,0.3439,0.355,0.332,94017.774563,0.3413
ALBpA,81.09,80.02,83.13,77.67,55417.791085,79.9861
FTHY,13.49,13.46,13.56,13.45,81830.256,13.4879
JBI,5.21,5.27,5.305,5.19,1005587.850332,5.2469
DUG,20.05,19.85,20.17,19.6601,72980.392673,19.9304
KKRpD,44.14,43.2,44.27,43.0,149051.0031,43.9915
AEM,193.21,189.51,193.78,189.055,1905668.978501,192.2635
DLY,14.24,14.22,14.29,14.22,77382.1459,14.2422
YPF,42.37,42.85,43.0,41.81,2148460.026515,42.3208
BKYI,5.22,5.38,5.42,5.18,19264.536915,5.2659
AIP,31.86,30.23,32.07,29.29,1132059.589097,31.2425
BTDR,13.47,13.935,13.95,12.9701,5939353.807602,13.3728
JOE,65.79,65.23,67.35,65.23,266998.26107,66.1023
SGMT,7.71,7.65,7.78,7.47,964159.717869,7.65
CXE,3.78,3.79,3.8,3.78,22908.10145,3.7925
NGL,16.33,16.32,16.39,15.7,157473.1732,16.1625
XYZ,74.85,75.63,77.16,72.5,12878420.063323,74.9841
EIG,42.01,42.0,42.46,41.59,171100.688159,42.098
VOYApB,23.92,23.96,23.96,23.82,11894.0026,23.9101
FMN,11.32,11.3,11.4,11.3,13175.015,11.3209
EVGN,0.7517,0.765,0.805,0.7401,52989.0,0.774
AMWL,7.97,7.75,8.0,7.48,119591.241638,7.7519
BHFAN,12.97,13.05,13.05,12.9,12141.0639,12.9561
CLPR,3.07,3.09,3.1343,3.05,46049.824866,3.0691
FNX,139.2228,139.66,139.66,138.715,16651.402336,139.1897
ZNB,1.76,1.69,1.77,1.6,19327.732345,1.7097
VIOT,0.9924,0.9921,1.01,0.99,206093.0,0.9936
LPG,40.29,40.0,40.69,39.2,457937.760282,40.0989
BBN,16.13,16.2,16.2,16.07,115251.862498,16.1344
HSCS,1.93,2.01,2.01,1.89,17311.548739,1.9516
RVLV,20.86,20.35,21.64,19.655,1904721.77068,20.8193
USCB,18.82,18.31,18.96,18.1,209383.669474,18.2505
TEX,63.6,63.29,64.47,62.28,1268231.927983,63.3163
CCTG,0.5629,0.5975,0.61,0.51,73232.4,0.5671
ALTO,4.46,4.55,4.7488,4.3,2553852.321331,4.4335
PEO,25.32,25.39,25.7753,25.3,47254.735567,25.4483
NFJ,14.5,14.43,14.5,14.38,151435.02527,14.4291
SW,41.55,41.9,42.56,41.28,5216204.303707,41.8675
PAG,173.81,172.73,174.48,169.89,269738.93883,173.2707
GHC,1136.35,1139.07,1146.51,1129.13,13346.572549,1137.9421
IEP,8.02,8.0,8.065,7.96,1056238.559295,8.0084
SHW,316.82,323.19,323.98,315.83,1249732.589147,317.78
KOYNU,10.19,10.19,10.19,10.19,100.0,10.19
MTNE.U,10.03,9.96,10.08,9.96,311493.0,10.0295
ARI,11.0,10.94,11.04,10.9101,760131.648694,10.9971
MMD,15.29,15.32,15.3999,15.24,45357.4576,15.3009
S,16.59,15.7,16.605,15.475,8219435.28877,16.2678
SJM,99.25,99.87,100.0,97.97,1703758.664429,99.1817
QQMG,49.0228,48.28,49.03,48.28,13901.010068,48.8753
ATHpD,16.8,16.78,16.8,16.7,17899.357,16.775
BDRX,4.25,4.69,4.75,4.2,80949.983287,4.4281
HURC,16.52,16.66,16.72,16.5,8313.2179,16.6073
ABVX,122.74,124.84,126.735,121.21,917598.681034,123.6808
BBWI,19.73,19.31,19.83,19.3,6045584.11109,19.637
DHCNI,18.66,18.26,18.68,18.01,17245.008,18.3858
TXXD,8.1197,7.74,8.1344,7.74,34506.314,7.9575
LNTH,93.06,91.79,94.8623,91.725,1540252.024222,93.3354
BUSEP,25.99,25.97,26.0,25.9,13911.0,25.9631
JHAI,32.5107,32.44,32.54,32.34,6410.8344,32.4375
FLNG,32.72,32.32,33.0,32.1684,414838.971455,32.6206
SPH,19.66,19.3,19.68,19.1701,162018.673582,19.5646
OMER,14.13,14.62,14.83,14.12,863194.566446,14.3109
EIC,10.63,10.72,10.73,10.6,205607.035316,10.6848
LKQ,28.89,28.85,29.47,28.62,2527009.321646,29.0093
MARO,6.63,6.52,6.6934,6.3983,573502.603619,6.5702
CCJ,116.75,120.26,120.435,116.05,2182425.914064,117.2267
MERC,0.98,1.11,1.11,0.98,771084.196322,1.0151
DMB,11.11,11.08,11.1499,11.01,34964.3031,11.0479
BK,130.5,131.34,131.615,130.16,3881607.570708,130.6926
BMNG,28.77,28.19,29.35,27.09,214668.915045,28.0329
ICL,6.37,6.4,6.42,6.24,3157376.03454,6.3662
AMTB,23.43,23.36,23.6425,23.03,163587.476,23.3861
BCAT,15.52,15.4,15.5897,15.4,610641.916143,15.5141
VTR,87.26,86.65,88.15,86.65,4813330.977902,87.5274
INSE,7.96,8.03,8.2,7.7,150156.076485,8.0301
SM,29.44,29.15,29.765,28.68,4482344.543547,29.3881
MTUS,18.45,18.35,18.61,18.14,299473.04059,18.4516
CERT,6.31,6.29,6.455,6.135,4854395.677132,6.3178
BLIN,1.02,1.01,1.04,1.01,12552.0,1.0258
IMUX,11.63,11.64,12.0871,11.25,221518.703911,11.678
LZB,35.73,35.61,35.99,35.35,362398.490562,35.7493
FTMN,8.8447,8.88,8.88,8.83,79631.0,8.8471
CPOP,0.3021,0.3152,0.325,0.3021,42649.0,0.3146
AGBK,7.01,7.32,7.63,6.92,717250.841608,7.1277
SLQD,50.4,50.39,50.42,50.38,163767.807083,50.3934
GLPpB,25.3865,25.43,25.43,25.3,7496.352,25.3649
BXSL,24.18,24.43,24.43,23.68,2865259.82995,24.0888
HEQ,11.45,11.51,11.565,11.44,26124.4802,11.4938
NVST,24.24,24.89,25.04,24.055,4873871.324308,24.2788
ALMR,23.96,23.12,25.21,23.12,304576.009055,24.1818
ARBE,0.801,0.8027,0.8195,0.7919,557306.284542,0.8073
LULU,131.18,133.115,133.7245,131.07,2082004.905267,132.1805
NOC,549.52,554.97,555.03,544.2401,742676.888886,549.0749
FEAM,1.6,1.66,1.665,1.6,109369.283975,1.623
CTRM,2.01,2.02,2.05,2.0,24294.733678,2.0099
WFG,61.84,62.74,63.29,61.84,143028.446909,62.3818
ROUS,64.38,64.33,64.455,64.073969,47707.805034,64.364
MYPS,0.464,0.4277,0.4883,0.42175,2641964.392504,0.4546
APLM,15.45,15.56,15.56,15.45,1108.322037,15.4231
PCTY,110.98,114.95,114.95,106.82,1851939.912453,111.095
BIPH,16.57,16.4,16.58,16.33,11012.286,16.4833
SFpC,23.2,23.2,23.27,23.14,6792.0,23.2149
TRIN,16.99,17.12,17.17,16.91,1360660.064324,17.0475
PLTZ,30.03,31.04,32.1,29.97,343569.148897,30.9634
FFIN,32.26,32.34,32.65,32.085,609784.951787,32.2764
BUXX,20.23,20.23,20.24,20.22,232711.394347,20.2323
PTLO,4.3,4.43,4.54,4.275,2244430.408502,4.342
PAAS,59.14,58.94,60.24,58.46,5956802.749362,59.2813
YOLO,3.1223,3.21,3.33,3.1,28857.406512,3.1569
TRAK,10.23,10.03,10.26,9.8,117343.898597,10.145
ZVIA,1.45,1.33,1.47,1.33,1012885.182468,1.4241
T,25.16,25.225,25.395,25.115,36012887.762262,25.2315
RPM,100.81,102.5,102.99,100.15,628167.411486,100.8809
TYG,46.36,48.74,48.74,46.35,725491.057859,46.6671
GXIG,24.975,24.91,24.975,24.91,10036.1802,24.9353
MDV,17.97,17.295,18.0,17.295,135431.7374,17.9165
BBOT,7.66,7.86,7.99,7.64,238158.802339,7.7774
JPMpK,18.94,18.93,18.96,18.88,81906.1136,18.9221
CFR,138.85,139.0,139.43,138.285,428498.110426,138.8496
KSCP,2.99,3.06,3.062,2.94,478696.017615,2.9811
BOEU,42.49,41.43,42.6,40.435,67323.807792,41.8267
BBY,59.4,58.81,59.48,58.0,2328388.236811,59.1843
WKSP,1.06,1.1,1.16,1.06,413570.664363,1.0851
IBTO,24.245,24.25,24.2701,24.24,53372.1581,24.2478
FTCS,92.31,92.6,92.74,92.12,434397.681778,92.41
F,12.32,12.29,12.37,12.18,38453548.578163,12.2845
CMCT,6.0,6.23,6.52,5.26,75394.607913,5.783
FVAL,77.5558,77.25,77.61,77.25,20614.221643,77.5015
RHLD,110.94,108.0,113.365,97.88,341641.192056,107.268
BRKR,44.16,43.595,44.43,42.05,2636870.859092,43.8486
MPX,8.76,8.25,8.99,8.25,40533.551862,8.736
TAC,12.76,12.78,12.88,12.52,1448354.095931,12.755
HOYY,6.19,6.17,6.19,6.1,45472.91234,6.1504
RELX,33.58,33.81,33.82,33.315,2007639.031459,33.5389
FCFS,227.68,226.48,229.2,224.6901,296072.634153,227.295
METpA,21.81,21.69,21.81,21.69,17170.9426,21.7698
ALLpB,25.94,25.81,26.01,25.81,13532.393,25.9518
AEE,109.07,109.18,109.67,108.325,1754862.993304,108.9932
AGNCZ,25.41,25.6,25.6,25.4,119355.456104,25.4394
GRWG,1.42,1.42,1.435,1.37,498959.768124,1.4143
BKpK,25.54,25.59,25.5999,25.48,32847.8502,25.5325
SPKLW,0.41,0.176,0.4693,0.176,487286.0,0.3896
IBIO,1.71,1.64,1.75,1.59,1835398.622925,1.6805
UCTT,87.1,82.69,87.45,81.1,1075000.344519,86.0964
VTS,17.81,18.11,18.29,17.77,338458.441483,17.9503
EPOW,0.7125,0.72,0.79,0.68,526514.440867,0.7279
AMLX,14.73,15.2,15.46,14.51,1892476.420618,14.8543
NSP,32.59,32.35,32.61,30.97,606807.861118,32.3201
SXT,118.2,118.57,119.66,117.5,358449.650631,118.4823
UNMA,23.48,23.55,23.55,23.48,8800.903,23.5069
CPK,126.42,127.44,128.2,126.22,112271.985476,126.9899
GWH.WS,0.0156,0.0191,0.022,0.0101,55708.0,0.0157
BALL,58.52,58.79,59.72,58.39,3155616.010581,58.7122
NKTX,3.19,3.13,3.26,3.1,681507.459767,3.1969
STVN,18.23,18.48,18.76,17.95,655785.17783,18.1729
TMB,25.535,25.5,25.595,25.5,15575.9464,25.5364
AIZN,19.78,19.56,19.88,19.56,9891.0,19.7436
IIIV,21.14,22.28,23.105,20.64,623368.083319,21.3646
BNBX,0.485,0.487,0.5,0.4706,65126.005607,0.4802
IPCX,10.3,10.3,10.3,10.3,4837.0,10.3
HKPD,0.6224,0.59,0.695,0.55836,16521.0,0.6062
HNST,3.64,3.73,3.86,3.625,2601746.357362,3.7138
SAIL,12.23,12.0,12.24,11.76,3478518.267645,12.1176
GCAL,50.887,50.95,50.97,50.8714,19689.6737,50.9107
OLLI,82.21,81.75,83.41,80.51,1132617.922528,82.1678
MASI,178.31,178.58,178.58,178.26,757754.356826,178.371
LFVN,5.34,5.07,5.37,4.555,289469.220452,4.9537
SKIL,8.57,8.36,8.65,7.89,82986.976315,8.3727
TSM,411.68,416.95,417.0,400.88,18531181.896803,410.2923
ARWR,72.69,76.5,77.92,72.61,2700204.11024,73.8151
OSRH,0.5705,0.6428,0.6678,0.55,2785783.607039,0.5999
ADPT,13.81,14.46,14.46,13.555,1522133.041113,13.7725
SEV,2.56,2.62,2.6675,2.55,136591.937814,2.6143
NVIT,52.2965,52.11,52.46,52.11,819.108717,52.3548
AVBP,29.5,28.91,30.05,28.665,270996.079517,29.5108
EDF,5.34,5.28,5.34,5.26,258230.733646,5.3068
PANG,12.5703,11.16,12.5703,10.935,83541.934449,11.9812
GHM,98.19,97.4,99.47,94.98,185494.946753,98.3471
RNA,13.07,12.88,13.19,12.84,109772.31386,13.0733
NBHC,42.85,42.9,42.95,42.68,244521.59329,42.8302
FAB,97.8001,97.88,97.98,97.8001,1854.621441,97.8697
BH,306.74,298.33,308.36,297.01,57383.419256,302.5023
BNDW,68.36,68.35,68.4,68.3201,68916.030107,68.3502
HYFI,37.48,37.42,37.48,37.385,32653.863326,37.4244
BUCK,23.5,23.57,23.57,23.5,116531.984571,23.5213
BFLY,4.16,4.19,4.32,4.135,4957515.018238,4.1916
FTSL,45.22,45.2,45.2399,45.15,139775.740426,45.2132
LUV,41.31,41.82,42.22,40.97,4938817.316535,41.3089
CURR,4.47,4.32,4.725,4.301,493904.169281,4.4935
KAI,338.82,342.31,346.09,332.675,183235.907131,339.9321
BAX,17.99,17.71,18.0,17.285,7866016.414175,17.8046
MSpO,17.405,17.37,17.42,17.3301,26145.38,17.3718
KBH,49.52,49.46,50.03,48.9,718512.51938,49.5878
BOTT,55.87,54.85,55.87,54.74,60726.552353,55.4663
EXC,43.91,44.51,44.75,43.87,5518298.312976,44.1066
THG,189.14,187.16,189.22,184.78,279339.790959,188.4002
CWEN,38.16,39.1,40.69,38.14,1318943.999404,38.8195
CRCG,33.71,34.51,34.595,31.33,2142117.317803,33.494
FLG,14.28,14.36,14.53,14.215,4025891.128163,14.3232
CTRE,41.6,40.69,41.61,40.14,2840839.150199,41.3644
ALKT,17.97,17.27,18.16,17.07,1503884.373154,17.8582
NRXP,3.08,3.08,3.125,3.01,984405.378514,3.0892
XT,79.07,78.65,79.07,78.54,42244.689232,78.8243
MLTX,17.06,17.37,17.41,16.91,961898.332331,17.0926
ALCO,40.68,41.3,41.5,40.52,19327.080021,41.025
BTAI,1.22,1.22,1.26,1.19,565031.250825,1.2174
NVDL,107.87,106.0,110.4199,105.6,9025953.491885,108.2063
QFIN,13.15,13.24,13.4034,13.07,649529.073379,13.2089
RBKB,16.05,15.98,16.3,15.6501,8194.0,16.0809
CCL,26.38,27.2,27.29,26.25,29526401.890425,26.6129
AMIX,0.35,0.3748,0.3764,0.35,127212.18047,0.3569
LCUT,5.91,7.19,7.19,5.77,96857.367232,6.2867
HARD,34.8457,34.9,36.84,34.6755,14876.126413,35.0209
TV,2.85,2.83,2.89,2.815,1064093.240307,2.8408
APXTU,10.14,10.14,10.14,10.14,100.0,10.14
USGG,21.79,22.2,22.99,20.0501,313684.040686,21.6037
FNWB,9.67,9.97,10.05,9.61,43302.3481,9.7571
WERN,36.42,36.32,36.86,35.825,997637.603178,36.3449
FNV,232.11,230.92,233.0,229.43,875801.343084,231.1026
SMHI,7.44,7.48,7.6227,7.44,50200.74918,7.504
LIVN,71.86,71.25,72.51,70.32,921188.005859,71.7048
UVSP,38.89,38.6,39.005,38.51,221077.3407,38.7798
GSpD,19.15,19.09,19.16,19.09,89393.1481,19.1363
CNTA,39.59,39.66,39.75,39.53,682355.922751,39.5943
CNTY,1.5,1.54,1.57,1.43,160366.042704,1.5221
APLE,14.13,13.92,14.19,13.8464,3388628.080484,14.1034
SLDP,3.075,3.01,3.115,2.92,7658179.737957,3.0247
CHD,93.44,94.15,94.375,93.03,1620771.432798,93.4281
LDP,21.07,20.99,21.09,20.91,42759.479516,21.0455
ACTG,4.66,4.7,4.755,4.57,277420.208689,4.6503
QRVO,90.53,90.76,91.14,89.41,1091951.345848,90.4001
RF,27.63,28.07,28.16,27.45,16008726.881522,27.6414
UTF,26.99,27.19,27.2199,26.96,289925.496366,27.0456
GAM,64.48,64.25,64.78,64.0,16249.1311,64.3735
BNKK,2.4,2.545,2.545,2.4,125394.195946,2.4668
ACTU,3.3,3.23,3.4296,3.1863,69790.595514,3.2789
ETW,9.45,9.49,9.49,9.43,116402.056717,9.4541
BOOT,163.3,164.99,166.0,160.74,442652.75993,163.776
FLUX,1.03,1.1,1.1,0.9101,812594.382733,1.0106
EXR,143.3,143.54,144.62,143.08,647444.850014,143.6043
KTTA,0.7953,0.8332,0.8399,0.7928,187717.0,0.8089
PKG,224.59,225.08,227.16,223.2265,456234.388264,224.9136
PFN,7.09,7.18,7.19,7.06,806978.002273,7.1128
CNMD,36.76,38.01,38.7,36.55,387166.463137,37.1946
KBA,33.74,33.71,33.8,33.71,31379.216269,33.7571
YALA,7.02,6.94,7.09,6.94,211735.713917,7.0095
MBRX,2.47,2.5074,2.55,2.35,646763.205,2.4856
TKC,6.64,6.65,6.695,6.63,764562.198074,6.6606
BRCB,11.48,11.46,11.62,11.0917,152268.480625,11.4744
COFpI,19.21,19.14,19.25,19.1,81273.7087,19.1763
SKYT,33.72,32.685,33.79,32.59,712254.034565,33.2841
DAN,34.7,34.8,35.25,34.4,787208.370774,34.6671
BMM,6.83,7.13,7.13,6.75,95546.979783,6.8818
BDYN,27.1432,26.99,27.19,26.99,205611.6272,27.1397
MMI,30.42,29.59,30.76,29.565,276226.225001,30.3792
GSBD,9.28,9.46,9.59,9.23,2838420.353437,9.3367
PCGpX,40.97,41.15,41.43,40.82,52997.8524,41.2712
ALLW,30.23,30.21,30.3,30.18,700617.969981,30.2316
ERIE,215.9,216.42,218.215,211.01,140529.517023,215.948
ORN,14.9,14.87,15.02,14.65,436893.537837,14.8739
NNI,122.38,132.22,132.22,116.62,305168.749646,122.1464
CELU,0.8799,0.9,0.9,0.8714,126086.070955,0.8849
TWN,96.64,96.14,97.5,96.14,13140.617329,96.8483
DB,32.07,32.07,32.17,31.85,2221877.948825,31.9882
ELS,63.24,63.33,63.8,62.955,1300037.768019,63.3594
GLP,48.75,47.75,49.57,47.34,117747.77834,48.3515
FLYT,25.73,18.59,26.46,18.2,876478.985723,24.4653
IMXI,15.87,15.87,15.895,15.85,175693.00441,15.8728
PHVS,30.09,31.27,31.47,30.0,572616.755936,30.2549
VO,77.15,77.6,77.77,77.02,2172730.014072,77.2264
JGLO,70.79,70.87,70.95,70.7068,208429.460371,70.8504
RYAAY,58.07,58.93,59.18,57.72,1160495.05663,58.2371
RVI,39.13,34.91,40.85,34.748,1058125.528841,37.9924
SHY,82.3,82.33,82.33,82.29,1597900.846142,82.3046
CADL,8.35,7.875,8.36,7.77,2533636.713631,8.1535
TSES,30.43,30.67,30.67,30.43,2190.7481,30.5727
GGB,4.85,4.83,4.89,4.81,14934036.054531,4.8518
JELD,1.7,1.69,1.785,1.6,1526006.595645,1.7303
AMTM,24.53,24.6,24.795,23.93,2029504.759098,24.3642
RSBT,19.41,19.38,19.5,19.35,108103.2138,19.4367
MCO,451.32,457.1,459.14,446.96,762816.174129,451.6345
BACpO,17.63,17.64,17.6859,17.59,55318.3574,17.6225
MANU,19.69,19.21,19.92,19.14,561651.140154,19.5416
IBTL,20.295,20.3,20.31,20.29,86972.8436,20.2979
YUM,151.95,158.34,159.16,151.71,1583583.927287,153.5203
PRA,24.7,24.6,24.785,24.6,864957.62959,24.7002
GPMT,1.47,1.53,1.545,1.47,80882.089669,1.5012
CCAP,13.55,13.57,13.61,13.37,81529.55322,13.5062
WLY,41.39,40.52,41.585,39.95,433095.772806,41.1621
MCI,17.19,17.36,17.54,17.0,52358.2458,17.2863
GGRP,0.5064,0.51,0.529,0.5052,49532.0,0.5151
SUJA,17.8,17.85,17.98,17.7,446137.881977,17.7896
MSFW,29.3952,29.4,29.59,29.26,58591.926758,29.5032
IGIB,53.31,53.32,53.335,53.2599,1760866.105998,53.2881
USBpR,15.945,15.94,15.98,15.91,32659.8509,15.939
LFMD,4.78,4.51,4.8,4.46,840915.271794,4.6907
VST,147.72,155.0,155.0,146.98,8074473.596526,148.93
YLDE,55.115,55.54,55.54,55.05,20830.3318,55.2155
XHR,17.03,16.86,17.13,16.83,568082.063528,17.011
ILPT,8.15,7.87,8.155,7.845,370920.538513,8.0566
ANGL,29.17,29.14,29.17,29.1201,473679.312603,29.1463
SEALpB,25.58,25.58,25.58,25.51,7129.0949,25.5526
PATN,34.7509,34.43,34.94,34.43,58322.2483,34.6797
ACGL,93.8,94.4,94.52,93.58,1855955.875747,93.9332
FMET,38.4224,38.03,38.4224,38.03,1762.8437,38.2247
RVTY,101.0,99.13,102.23,94.6,2441940.088832,100.2846
ED,106.31,107.3,107.61,104.615,2580155.831407,105.9645
LGIH,46.67,46.51,47.33,45.665,208937.740162,46.6571
EQR,65.54,65.89,66.06,65.405,1772320.522353,65.6081
RGCO,23.2,23.6,23.8,23.06,13485.517112,23.3744
EMXC,98.02,96.88,98.07,96.77,1581379.964999,97.7788
ACHV,5.21,4.81,5.35,4.74,1759691.823116,5.1252
RTH,266.5053,267.54,268.22,266.435,4331.97449,267.0527
VBF,15.04,15.04,15.07,15.0,60975.590622,15.0308
EFSI,37.91,38.09,38.5,37.62,11009.0,38.0964
FEMR,41.4107,41.07,41.43,41.07,22359.8802,41.3368
BIRD,5.6,6.09,6.1,5.59,495200.921798,5.7795
AIXC,1.37,1.43,1.44,1.3,45388.0,1.3783
TVC,24.21,24.04,24.22,24.04,5103.951,24.1578
TELO,1.3,1.33,1.35,1.3,76574.540089,1.3094
WRBpF,19.45,19.43,19.45,19.35,27247.387,19.4059
TLK,17.16,17.07,17.22,17.05,468505.441419,17.1607
JBTM,139.45,137.92,141.45,135.58,706596.64334,139.5703
EART,34.26,34.29,34.39,33.97,13296.136517,34.1986
CROX,103.63,104.08,104.53,101.92,819626.924209,103.4389
TBN,35.64,35.71,35.75,35.09,195208.694,35.4418
MXL,99.83,87.74,101.3026,87.55,7816173.734344,97.4784
EFOI,3.93,3.76,4.03,3.64,79178.924471,3.7784
ATEX,55.92,53.56,56.1,53.33,375570.991415,55.2876
BACpQ,17.14,17.15,17.15,17.07,47646.4751,17.1137
OR,38.42,37.72,38.54,37.56,975234.690247,38.1401
ASRT,22.5,22.4,22.55,22.3927,81943.33052,22.4903
CDRE,29.85,30.0,30.33,29.1501,267040.692269,29.8216
BCIC,8.35,8.14,8.37,8.07,178415.859224,8.227
TLIH,3.9,3.9,4.1085,3.79,38035.263784,3.9187
PIPR,81.03,80.57,81.56,80.12,680584.312,80.9365
WCLD,29.76,29.32,29.77,28.57,1101742.84122,29.0731
SNAP,6.08,5.91,6.09,5.71,40082028.700223,5.9124
BLNK,0.8453,0.81,0.8584,0.785,2464830.012014,0.8319
TBI,5.61,5.99,6.09,5.565,386333.898377,5.8273
TDW,81.16,77.64,81.44,77.56,1083145.329503,80.5051
DAIO,2.8,2.83,2.8675,2.76,25054.0121,2.8089
LABT,3.1,3.25,3.255,2.93,152214.64043,3.0912
BV,12.97,13.01,13.08,12.79,1130895.096916,12.9366
NTB,56.34,56.1,56.45,55.86,125914.230151,56.2407
AMUU,194.93,167.5,195.68,167.0,260456.183478,181.8066
NPKI,14.95,15.63,15.63,14.82,630226.330843,15.0554
OWLT,5.74,5.06,5.74,4.9,387380.164361,5.3939
SMMT,18.08,17.46,18.15,17.0605,3878917.234205,17.6527
CABO,62.39,60.54,63.3719,57.23,217563.292171,61.3233
LGCB,0.67,0.739,0.7399,0.67,80520.0,0.6873
CRWL,32.8638,29.68,33.04,28.61,324249.685131,31.2766
BSMV,21.0452,21.09,21.09,21.03,38096.8068,21.0508
ETU,7.01,6.75,7.0495,6.73,105291.349791,6.9219
KDK,7.245,5.9297,7.41,5.88,8579365.304968,6.5304
BPYPN,14.04,14.04,14.04,13.9601,11143.0,14.0239
ANTX,4.46,4.59,4.83,4.46,241951.73065,4.6462
YRD,2.0,2.03,2.03,1.95,59784.228947,1.9783
XLSI,23.5087,23.45,23.54,23.45,2648.6666,23.5085
ALB,203.52,201.33,209.54,194.3,3130038.622286,203.1561
HBB,20.92,20.6,21.414,20.49,20276.2008,20.9486
CNC,55.96,55.2,56.3525,53.7,5296248.846892,55.6465
NCZ,15.8,15.64,15.83,15.64,148954.007304,15.6975
QGEN,33.04,33.44,33.44,32.92,1657803.041286,33.1204
CNH,10.96,10.91,11.03,10.645,18658657.157792,10.9294
PSBD,10.99,10.95,11.18,10.6,215017.7043,10.8387
IMTE,0.5351,0.525,0.539899,0.5001,31321.958341,0.5233
NFXS,17.8315,17.81,17.89,17.76,15094.841316,17.7883
VCLN,32.263,33.47,33.47,32.25,1690.147,32.5664
RMM,14.42,14.44,14.54,14.35,58782.3308,14.468
ARHS,6.505,6.9,6.98,6.5,1954025.284475,6.6455
CW,729.2,735.3,739.93,720.4101,234032.972823,728.153
USTB,50.58,50.57,50.58,50.56,92385.22375,50.5675
WFCpZ,19.07,19.08,19.11,19.03,114321.7601,19.066
PBR,20.33,20.6,20.635,20.31,14622572.908528,20.4726
APUE,45.23,45.0,45.24,45.0,90805.484,45.1884
CZNC,21.63,21.78,21.82,21.45,22817.993604,21.6299
AGEN,3.82,3.77,3.925,3.71,621821.154828,3.8423
FUFU,2.31,2.28,2.346,2.13,329580.524148,2.2972
SPGI,420.12,425.49,427.46,416.26,1975083.029898,420.2348
W,66.26,66.43,66.925,64.03,3106764.050492,66.1277
EBC,20.06,20.0,20.195,19.99,1115912.089687,20.0951
CDNA,21.82,21.4,22.25,21.01,691821.542962,21.8053
ARBK,3.63,3.52,3.6949,3.25,19027.304946,3.5114
MCD,275.75,285.0,286.5,274.83,6044095.20801,278.0164
FOFO,2.52,2.6,2.63,2.45,38691.0,2.5351
SPXX,17.8,17.74,17.89,17.73,201565.545526,17.7976
MVO,2.06,2.18,2.21,2.05,318702.32494,2.1322
QSI,0.9066,0.95,0.9734,0.88,13192853.97111,0.8928
XFOR,4.43,4.35,4.56,4.3,427931.563982,4.4266
GDVpK,17.99,17.98,18.0199,17.96,3869.2362,17.9818
TRMD,33.92,33.54,34.27,33.4101,743028.390842,33.824
BIO,254.32,256.41,258.8106,251.32,230808.557476,254.8016
ALLE,134.37,136.74,137.19,134.16,995991.656744,135.2768
DAKT,20.53,20.24,20.6,20.2137,268394.408659,20.4202
VPV,11.15,11.19,11.19,11.14,13919.0536,11.1682
AEG,8.31,8.33,8.345,8.28,5388073.224577,8.3158
FIGS,11.63,12.15,12.36,10.76,11615450.592359,11.4073
CHRW,171.39,171.37,172.26,168.32,1060803.927088,171.0415
RIGL,26.04,26.24,26.96,26.0,299364.349827,26.2188
SKWD,46.69,45.84,47.3,45.3,576570.931724,46.6362
LQDW,24.025,23.97,24.105,23.93,119537.9409,24.0016
HPI,16.41,16.36,16.45,16.26,42705.475583,16.3743
GNW,9.13,9.18,9.22,9.09,2287090.224964,9.1493
BCTXL,1.09,1.08,1.09,0.95,27335.0,1.0032
MAX,9.11,9.14,9.2999,8.77,428304.538296,9.0565
CRSP,54.83,53.05,55.8499,52.5501,1733486.835603,54.602
PSApJ,18.52,18.49,18.57,18.44,7877.9872,18.5066
ABTS,1.09,1.14,1.14,1.02,176202.210029,1.0653
CL,87.55,87.67,88.57,87.21,4435382.12067,87.8704
BTZ,10.34,10.35,10.365,10.32,140600.991916,10.3391
EVCM,11.97,10.24,11.97,10.24,98223.514082,11.7056
ROCK,40.81,38.52,40.93,38.44,617337.377684,40.3576
ISRG,450.06,454.31,454.32,447.0,2402326.163783,449.7839
HEAL,25.265,25.19,25.265,24.87,5432.353882,25.0357
MITT,7.99,7.86,8.0,7.855,129357.349581,7.9673
UFI,4.3,4.1,4.3,4.08,76058.445634,4.2108
GITS,1.52,1.55,1.55,1.5,12935.144142,1.5358
SHEL,83.97,84.3,84.77,83.82,5727230.76595,84.2113
ETX,18.84,18.73,19.006,18.73,16307.838533,18.8495
CLF,11.02,10.85,11.135,10.78,10755144.946236,10.9563
HIFS,283.59,286.38,286.73,281.92,12580.923,284.3136
DFIV,55.19,55.11,55.25,55.015,960699.513227,55.1428
TOWN,34.99,34.83,35.07,34.685,352550.902589,34.9167
COPY,14.72,14.705,14.7399,14.58,73097.103899,14.7112
XLVI,24.3253,24.55,24.55,24.3,16361.119493,24.3519
KNF,90.43,89.58,91.45,86.43,301392.442773,90.283
KR,65.64,66.21,66.555,65.64,3374680.639462,65.9653
PERF,1.69,1.68,1.69,1.67,59318.0529,1.6784
FFA,22.48,22.4,22.54,22.4,24416.616771,22.484
ALTGpA,25.22,25.11,25.26,25.11,5533.9923,25.2134
CACI,480.99,488.34,488.44,476.7,273618.258771,482.447
BBCP,7.95,8.02,8.1,7.88,61928.066082,7.9512
AEFC,19.56,19.56,19.6,19.4501,40913.4875,19.5215
AGL,54.23,61.39,61.39,51.605,860482.890309,54.5895
ARRY,8.57,8.42,8.725,8.31,5111872.963579,8.557
BIOY,24.975,24.9,24.975,24.8942,702.986,24.9193
MSBI,28.31,28.36,28.53,28.03,102926.82627,28.2841
AIOT,3.41,3.36,3.445,3.305,1096205.939119,3.4075
NVRI,19.26,19.4,19.465,19.1,735536.743316,19.2403
TRV,298.04,299.91,300.415,296.595,900778.624112,298.1083
PSECpA,18.17,18.06,18.25,17.76,15843.2012,17.9546
CMTG,2.42,2.51,2.5492,2.38,795731.27575,2.4443
AMP,465.56,460.93,467.79,458.865,604150.108216,464.2875
CIA,5.24,5.54,5.54,5.025,96039.767471,5.1991
RJF,154.33,154.02,156.34,153.24,1351377.272696,154.5486
CRS,427.85,450.99,452.79,426.29,704707.251302,432.1549
KBONU,10.22,10.21,10.22,10.21,483.0,10.2174
WEN,7.3,7.18,7.435,7.02,22280941.412183,7.2407
BANCpF,25.62,25.64,25.6599,25.54,31533.9811,25.62
BSVO,27.8,27.7,27.8772,27.63,116075.1475,27.8035
INGN,7.02,7.17,7.43,6.597,819868.826426,7.0867
ON,103.2,101.99,103.31,100.73,10763055.414001,102.544
GDO,11.05,11.1,11.1,11.0012,5551.712827,11.03
WAT,355.13,349.12,356.99,339.15,1814064.553543,351.2718
UNTY,53.64,53.81,54.12,53.36,21802.917001,53.7219
SMC,29.78,30.1,30.415,29.44,33794.3059,29.9173
VEEV,166.34,165.08,167.24,162.9,2781680.895006,165.4963
JUNS,0.3328,0.349,0.35,0.332,50602.333323,0.341
PD,7.29,7.18,7.38,7.005,1912939.904648,7.2659
BNTX,94.125,93.38,95.9899,92.5,1035633.796947,94.3604
PST,22.6048,22.585,22.62,22.55,13678.3211,22.5945
TPR,133.48,134.96,139.48,132.15,4316208.100241,134.3878
MLAC,10.58,10.59,10.5901,10.58,3369.811143,10.5887
ENR,18.86,18.59,19.15,18.4,1088716.998527,18.8546
AWP,11.95,11.86,11.95,11.86,75566.482494,11.9077
ETG,23.02,22.73,23.1,22.73,161693.32682,22.9755
WIT,1.95,1.99,2.0,1.93,14524579.480651,1.9552
CYPH,1.19,1.06,1.21,1.05,4991887.529011,1.1689
BBBS,51.1,51.12,51.1395,51.08,33352.227113,51.0969
DRVN,13.41,13.75,13.76,13.07,1423706.703202,13.2946
PGY,15.19,15.82,15.87,14.458,6044598.874496,14.9478
SEM,16.41,16.45,16.45,16.41,2018271.068391,16.4247
ASAN,6.63,6.86,6.86,6.515,7506040.3703,6.643
LOGI,109.39,107.27,110.06,107.13,1911740.524222,108.901
NUCL,9.68,9.78,10.0376,8.9,366508.439812,9.5086
USGOW,0.5284,0.4005,0.6,0.4005,152091.0,0.5022
UAE,19.57,19.59,19.7,19.565,108021.341103,19.6357
CBUS,1.44,1.5,1.5251,1.43,251205.418872,1.4545
KRKR,3.6,4.01,4.12,3.59,62256.0,3.8523
AIRS,3.86,3.69,3.88,3.35,2419126.923647,3.58
VICE,33.0634,32.89,33.18,32.89,596.7286,33.041
TSAT,54.65,52.99,55.38,51.6228,195320.910738,53.4696
SPTX,16.05,15.75,16.24,15.435,304104.511708,15.8046
PK,11.32,11.22,11.395,11.22,4756840.891302,11.3356
PARR,64.37,62.25,65.66,61.2004,1084266.48745,64.4988
IMMR,6.68,6.48,6.71,6.35,544888.015111,6.6272
IVDA,0.326,0.336,0.34191,0.3199,437981.216534,0.3284
BLTE,154.88,156.5,156.99,152.53,59995.907905,154.7861
HAS,97.78,97.99,98.2,96.34,1129153.357518,97.6659
CBNA,37.2,36.95,37.2,36.95,1270.458211,37.2043
SAM,197.34,202.67,204.1,196.279,277123.48617,198.782
SKYH,9.93,9.95,10.015,9.855,79252.7834,9.9376
BSCW,20.665,20.66,20.68,20.65,334671.7817,20.6634
TRNS,76.25,76.73,78.11,75.99,93129.7744,77.0501
SKYU,34.611,33.94,34.611,33.305,1000.9789,33.7032
BLZE,7.48,7.61,7.85,7.2,2515884.16094,7.4598
SUUN,0.6776,0.63,0.6935,0.63,339118.973745,0.6631
KYIV,13.29,12.63,13.49,12.59,1375806.425265,13.265
EEMA,116.3,115.94,116.6,115.77,346779.834222,116.0689
ASBA,25.14,25.13,25.14,25.03,9733.0,25.1087
GDOT,12.62,12.62,12.675,12.56,292621.153479,12.6094
MREO,0.2496,0.2318,0.25,0.23,1408216.051175,0.2409
SVRA,5.23,5.16,5.23,5.115,816138.969141,5.1848
BOOM,7.44,7.25,7.625,7.17,214963.618149,7.4637
PDBC,18.07,18.0,18.16,17.97,6581364.326278,18.0964
SYFpB,26.03,26.13,26.13,25.81,26146.8646,26.0241
VELO,13.46,12.42,13.67,11.65,2026317.942329,12.7757
LKFT,28.59,29.35,29.7,27.685,88691.7036,28.4339
IMCC,0.244,0.2678,0.2678,0.2435,238464.57825,0.2525
CpN,29.37,29.4,29.4312,29.27,113312.16606,29.3531
CON,24.16,24.27,25.0,22.95,3129745.474537,24.4502
ISSC,21.36,21.4,21.54,20.95,233874.135805,21.293
UE,21.61,22.04,22.055,21.6,913906.81274,21.6949
BNZI,6.09,6.82,6.9,5.12,308061.257846,5.7305
ASH,55.01,54.86,55.64,54.16,965432.40734,55.0766
GDVpH,22.21,22.16,22.31,22.16,7056.0,22.21
COMT,34.5779,34.4,34.7601,34.4,238501.396661,34.6272
OLP,23.45,23.23,23.6,23.11,33774.77849,23.4192
BWA,61.32,59.01,61.37,58.38,3138442.568991,60.6274
PAR,14.4,15.01,15.45,13.75,2266703.866904,14.4517
PDT,13.05,13.03,13.07,12.9701,109342.62532,13.0066
CSW,271.52,279.25,280.195,268.92,147624.818143,272.8291
BLRX,3.07,3.14,3.1772,3.0,12773.283,3.0684
ACWI,155.38,154.92,155.47,154.905,1953121.655401,155.2537
JCAP,19.96,20.42,20.42,19.66,224760.181013,19.9118
AIFC,0.9802,1.0,1.03,0.93,2779156.444291,0.99
GDV,29.09,29.16,29.35,29.025,135058.268761,29.1309
PRLB,69.3,68.51,69.4199,67.58,141640.187974,68.8974
SPRY,8.74,9.16,9.21,8.585,1272299.617208,8.8198
RGP,4.45,4.44,4.515,4.32,423829.4877,4.4346
GGAL,41.96,43.66,43.73,41.595,814762.583052,42.2055
DHI,147.63,146.97,148.28,145.14,1532410.237724,147.3218
ANPA,7.18,5.85,11.37,5.78,519245.385177,8.0025
JPM,302.1,308.25,308.99,300.5,9464267.934866,302.8148
FGDL,63.01,63.07,63.13,62.63,37450.264757,62.8602
BRK.A,717386.81,715000.04,720280.0,714775.8769,134.003489,718039.5698
FMY,11.77,11.92,11.93,11.63,9868.3107,11.7219
FTQI,21.5,21.54,21.54,21.44,135946.8661,21.48
PRPL,0.5011,0.5203,0.54,0.5011,245726.965576,0.5126
DOC,19.64,19.69,19.87,19.345,7229218.685533,19.5562
MUFG,17.95,18.12,18.12,17.91,1760009.091537,17.9776
VNO,32.16,32.14,32.38,31.78,1837953.614686,32.1526
FEED,1.19,1.36,1.535,1.16,937870.600297,1.3452
SKRE,7.3899,7.36,7.46,7.35,44466.1379,7.4112
OCG,2.0,2.16,2.2,2.0,147609.679452,2.1041
CAMX,33.9175,34.11,34.11,33.9175,233.7977,34.0239
LINC,44.75,44.6,45.45,43.805,767329.426231,44.5796
TDI,45.3848,45.03,45.46,45.03,45972.2898,45.2582
SA,31.21,30.23,31.64,30.23,531735.019603,31.0712
SGHC,13.08,13.05,13.275,12.86,2935665.825556,13.0107
VSOL,12.2761,11.72,12.305,11.72,50165.118,11.997
NABL,4.69,4.96,5.01,4.68,1711392.191938,4.8455
ALNT,66.69,64.65,67.91,61.6,305672.920216,65.8881
FPI,10.58,10.62,10.65,10.57,276586.263582,10.6034
APHU,17.2185,19.8,19.8,17.2185,16363.0208,18.1469
MGM,38.79,38.39,38.91,37.915,3754919.364285,38.6883
ASTI,4.32,4.0073,4.38,3.8917,989970.35025,4.1138
HPK,5.82,5.58,5.98,5.48,879959.443067,5.8263
QTWO,50.13,50.03,50.95,48.9901,931440.999498,50.2943
EMR,141.31,142.57,142.9,139.495,2534485.494238,140.8786
UGE,19.19,19.27,19.5,19.19,6134.795739,19.3579
BOX,25.72,25.3,25.75,24.88,2336890.845321,25.4838
OSIS,230.83,241.11,242.465,230.31,321943.274519,235.6668
TPTA,22.35,21.65,22.35,21.49,12346.0,22.1283
AGZD,22.64,22.66,22.66,22.61,19561.116943,22.6276
WDI,13.86,13.91,14.0,13.81,141844.030778,13.8507
KKR,102.52,100.03,102.94,98.71,5948750.138056,102.0433
STRD,76.32,76.0,76.45,75.7,92116.431677,76.2306
PMO,10.47,10.43,10.48,10.43,43664.0956,10.4593
PMMF,100.2995,100.3,100.3,100.28,123536.657007,100.2911
BW,14.54,15.0,15.0,14.2007,2546058.348008,14.5594
HOWL,0.68,0.6183,0.78,0.61,2431868.04141,0.7106
SPPL,2.74,2.72,2.94,2.67,1337391.913372,2.8309
SRE,91.53,92.45,93.34,91.5,4296599.654296,91.8597
WCBR,29.45,28.75,29.45,28.18,39053.543463,28.9236
GLAD,19.97,20.0,20.05,19.61,149721.405057,19.8907
CRC,58.92,61.09,61.6,58.77,1371256.907649,59.724
FC,22.15,22.49,23.1799,21.67,56625.204216,22.2618
DHX,3.51,3.18,3.54,2.88,603387.784046,3.2548
CAF,19.29,19.38,19.4,19.03,48113.598497,19.2814
IDN,7.38,7.72,7.72,7.35,411136.499861,7.4525
LNC,35.8,36.21,36.58,35.26,2717741.964636,35.6511
DOUG,2.09,2.06,2.14,2.02,807348.24476,2.1014
USGO,13.52,13.5,13.65,13.31,39636.219092,13.5016
EQIX,1072.08,1072.41,1082.62,1064.95,428813.349574,1072.6966
AVGE,97.4143,97.45,97.46,97.08,48697.617145,97.3269
SMTK,0.3222,0.324,0.349,0.3,411280.833619,0.3189
YB,15.64,15.97,16.18,15.45,27264.192,15.7196
IBID,26.2155,26.21,26.2399,26.18,13513.7077,26.2052
NTRS,160.41,160.95,161.0,159.55,790436.233722,160.2544
JFB,5.62,5.58,5.79,5.435,179906.531035,5.5818
SLON,6.14,5.61,6.18,5.5601,410153.292704,5.8481
AORT,25.41,27.31,27.31,19.16,5137004.707772,24.8783
GIB,68.21,67.82,68.27,66.03,326223.444573,67.7165
RMTI,0.8338,0.79,0.8396,0.7646,290204.924404,0.8065
MNRS,42.796,43.5,43.5,42.08,8567.745431,42.4619
ACV,27.44,27.3,27.555,27.3,13152.9483,27.3919
VACI,10.16,10.17,10.18,10.14,349496.973703,10.157
LEGN,28.12,28.39,29.5,27.69,2600698.039954,28.5969
WFC,75.64,79.0,79.03,75.55,31062116.835995,76.3891
VAL.WS,16.03,14.3,16.58,14.3,2723.773172,15.5285
AMSF,30.36,30.2,30.44,29.93,127645.475716,30.3177
REIT,29.8309,29.79,29.9555,29.79,16194.675932,29.897
FOX,56.6,56.21,56.66,55.64,939712.489122,56.3792
MKC.V,48.23,47.73,48.87,47.645,14732.5707,48.5554
SCM,9.75,9.7,9.75,9.5001,92804.671921,9.6598
CAI,16.15,16.8,17.39,15.71,8874447.003013,16.234
ARDX,6.78,7.04,7.2,6.71,5863188.072103,6.8727
YHC,0.8701,0.8662,0.92,0.857,36482.0,0.8895
CFA,95.1479,95.48,95.48,95.05,6166.41584,95.2147
PINS,21.27,21.37,21.475,20.47,19162564.711633,21.1095
VC,114.35,113.34,116.06,112.35,569277.626725,114.5797
HBANL,25.5,25.5,25.5,25.37,14926.074,25.447
NXG,58.27,58.5,58.8999,58.0001,118503.88398,58.4925
CTEV,27.0,24.44,27.17,22.88,169146.070976,25.8395
THC,190.38,196.11,198.43,188.88,1240931.195502,191.1233
UI,842.1,870.0,901.86,790.01,255966.717394,832.0403
MAT,15.39,15.2,15.56,15.04,6535376.662619,15.4296
JMUB,50.39,50.43,50.44,50.355,583541.178031,50.3892
FEMY,0.4299,0.4554,0.4599,0.4092,524415.080551,0.4388
ASBpE,21.23,21.0,21.2508,21.0,1915.8419,21.1664
PMT,11.0,10.93,11.12,10.86,1240399.191392,11.0141
MTN,125.42,125.69,127.11,123.91,827740.864887,125.8737
AGD,12.52,12.38,12.6499,12.38,149806.88406,12.5023
FNUC,2.07,2.12,2.135,2.01,199387.884786,2.0646
DTSQ,11.21,11.04,11.21,11.04,417.0,11.1267
GSpC,19.5599,19.48,19.56,19.4467,11149.2701,19.505
EVLN,48.905,48.89,48.93,48.86,72012.9803,48.8741
CRGO,2.05,2.05,2.095,2.0,134951.221,2.0515
OWNS,17.42,17.43,17.43,17.4,4430.53528,17.4236
KTF,9.1,9.11,9.14,9.08,189506.04207,9.1139
SHMD,6.0,6.0,6.65,5.91,2065662.641599,6.216
ALAR,8.29,7.89,8.47,7.71,74369.381562,8.1476
CODIpB,22.465,22.38,22.55,22.19,7288.903,22.4279
EPC,21.25,21.73,21.87,21.15,920414.89261,21.4417
MLKN,16.32,16.42,16.5,16.2,415508.23342,16.3486
BLRK,9.93,9.95,9.95,9.93,1102.0,9.948
KFS,11.8,10.75,12.04,10.75,99636.918269,11.6106
IREG,27.6,29.72,31.0,24.8201,1185135.723313,27.7418
IVA,5.37,5.4,5.52,5.27,235421.193273,5.3825
TVRD,4.18,4.25,4.3025,4.079,47984.035262,4.1861
OTIS,74.82,77.55,77.835,74.62,8748446.795735,75.0301
AIFD,49.9887,49.49,50.07,49.34,28954.32,49.6972
FUBO,10.28,10.75,10.75,10.13,1786673.261284,10.383
JGH,12.78,12.74,12.8188,12.725,77584.28702,12.7641
OMEX,1.22,1.27,1.34,1.19,1495075.891988,1.2437
GNPX,0.87,0.8834,0.8834,0.8513,224853.259932,0.8673
PCRX,23.15,23.89,24.415,23.08,513960.399047,23.3581
TIL,8.16,8.1,8.2,8.0816,16396.977294,8.1435
FLC,17.1,17.14,17.205,17.02,64178.5869,17.0993
DMAC,6.32,6.5,6.61,6.185,276938.717174,6.3303
ELTX,9.91,10.1,10.48,9.85,105242.933091,10.0552
SDRL,48.32,47.81,48.87,47.23,668214.057991,48.2277
DGRW,95.0,95.06,95.31,94.87,392153.613074,95.0855
MIR,18.99,19.86,19.86,18.86,3114332.317001,19.1666
DXPE,156.18,146.01,157.4542,146.01,202214.400132,153.9796
MIND,6.86,6.72,6.9499,6.55,154399.516227,6.7993
WENNU,10.4,10.4,10.4,10.4,980.0,10.4
SVV,8.06,8.12,8.305,8.02,1212221.797334,8.1004
ASA,69.12,68.8,70.0,67.8501,42346.622608,69.0196
PEG,77.13,78.0,78.49,77.03,3509826.634466,77.3139
WGS,40.77,40.72,41.63,37.5713,2106088.708824,40.5689
TRTNpC,25.195,25.2,25.24,25.05,7879.0,25.1293
CHRN,15.57,15.72,16.09,15.09,371167.629717,15.6554
GJUN,40.86,40.9399,40.9399,40.86,5426.0,40.8726
ELWT,8.13,7.83,9.03,7.29,14729.0,8.0394
SLNG,4.01,4.27,4.31,4.01,10418.933607,4.1971
TFC,49.11,49.51,49.605,49.01,4301470.894942,49.1736
GP,1.1,0.9981,1.18,0.998,1241553.1041,1.1052
VRSN,288.21,276.76,288.89,273.51,907409.258544,285.548
REKR,0.873,0.8767,0.879699,0.831,2418002.106689,0.8619
FTHAU,9.965,9.96,10.0,9.96,287244.0,9.9649
ASMB,29.74,30.54,31.5,29.16,143417.78233,30.2654
USAC,28.14,27.8,28.14,27.3536,491984.646313,28.0253
FMX,121.2,121.0,122.45,120.88,481832.114076,121.5589
VGI,7.59,7.63,7.63,7.5749,36328.363331,7.6061
RITMpB,25.24,25.25,25.3,25.18,33891.4386,25.2231
HIW,25.42,25.69,25.85,25.38,1547797.806246,25.5476
EBMT,22.88,22.98,23.36,22.69,33613.516,22.885
SGI,69.31,71.06,71.61,68.63,2794935.099021,69.4006
TMCI,2.01,2.11,2.23,1.875,763875.430932,2.0174
PSApS,16.16,16.12,16.19,16.08,16320.6234,16.1438
EVEX,3.23,3.21,3.24,3.005,1100601.682038,3.1483
NNNN,25.84,25.5,27.18,25.5,15838.090834,26.371
NTWK,4.31,4.16,4.3448,4.0662,44693.33625,4.2623
CCS,55.01,54.75,56.405,54.08,390095.553781,55.3703
RCMT,28.82,28.82,28.94,27.9603,63513.699011,28.5352
ATHpB,19.76,19.67,19.76,19.65,7467.923,19.7163
HIT,1.56,1.57,1.59,1.5,50805.51875,1.5469
BRX,29.84,30.15,30.31,29.83,3079380.088572,29.9879
VIRT,51.31,49.76,51.39,49.22,1655425.278154,50.6028
AMH,32.03,32.37,32.465,32.01,3416913.29145,32.1225
GNTA,0.6261,0.6591,0.66,0.606,53682.0,0.6371
BTGO,12.57,11.32,12.59,11.04,676494.459059,11.9135
IIPR,57.29,57.56,58.85,56.7796,283888.410548,57.5222
FLS,71.13,72.26,72.42,70.49,2051331.322029,71.2624
ADAG,3.69,3.62,3.74,3.4,103468.0005,3.6628
BWEN,2.14,2.13,2.18,2.03,247680.70778,2.1375
QYLD,18.13,18.1,18.13,18.1,2588254.346047,18.1138
GSL,42.29,41.8,42.66,41.735,278750.853726,42.3653
MKTX,147.53,150.96,151.885,145.95,573414.924711,147.8524
QFLR,35.8743,35.8,36.14,35.53,44780.151089,35.8323
FTS,56.09,56.19,56.43,55.8,1118334.652136,56.1192
SQNS,3.46,3.37,3.5,3.2,127265.376704,3.3264
NATR,24.23,25.51,25.51,22.71,137583.643992,24.1285
IRT,16.43,16.37,16.525,16.3101,1384424.727145,16.4236
CFGpI,25.24,25.1,25.24,25.1,8940.883,25.1784
WEX,141.64,142.95,144.385,137.96,682866.724029,140.9217
MMED,11.57,11.79,12.075,11.25,538429.478298,11.5645
FOA,21.49,21.23,21.57,20.745,43917.170208,21.2821
SPIR,18.49,16.37,18.5,16.2,1452980.912126,17.9351
FSV,134.56,135.04,135.495,133.12,210322.52962,134.397
KPDD,8.09,8.37,8.5,8.05,94257.9646,8.2168
ANGpD,24.9,24.83,24.93,24.83,7206.318,24.8674
CIG,2.41,2.43,2.46,2.395,5903931.616802,2.4267
LMAT,107.94,108.0,109.73,105.26,236505.958762,108.0524
CMTV,39.64,40.4,40.4,39.64,6436.0,39.8299
AMRN,15.05,14.82,15.1,14.82,43172.95,14.9654
CVGW,27.47,27.74,27.82,27.47,346287.093271,27.6029
QCMU,39.5,37.21,42.36,35.89,811707.386631,39.1913
VTOL,42.36,42.48,42.95,42.0,206671.913365,42.5043
QNTM,4.88,4.93,5.01,4.7,118020.312846,4.8844
TSCO,30.65,31.48,32.03,30.58,17658362.065689,31.0016
BIPJ,25.17,25.09,25.17,24.965,6757.163,25.075
LSTR,183.39,181.94,184.14,180.855,321887.859733,183.1645
SGLY,0.458,0.42,0.458,0.42,112511.0,0.4397
ASST,15.92,15.41,15.935,14.8,2442596.827053,15.3819
BZH,18.77,18.68,19.145,18.33,357279.292541,18.7774
VLT,10.55,10.5,10.5575,10.48,4205.1801,10.5343
AMCI,5.98,5.71,6.01,5.71,33000.378659,5.8486
GAUG,40.865,40.92,40.92,40.82,3198.0,40.844
PAXS,14.58,14.7,14.8421,14.54,324465.565425,14.6673
LBGJ,0.913,0.9482,0.9935,0.9,43822.511978,0.9367
ADCT,3.5,3.74,3.77,3.495,1632490.737453,3.6216
AIS,67.64,65.31,67.64,65.25,412833.392216,66.5457
EDIT,3.11,3.03,3.23,3.03,1115128.716921,3.1252
HIPO,27.31,27.19,27.445,26.905,82816.825566,27.1969
RZC,25.52,25.36,25.52,25.35,34030.0,25.4266
COYY,3.85,3.74,3.86,3.69,215386.413219,3.7746
TY,34.32,34.54,34.56,34.26,35321.33734,34.443
GNLX,3.11,2.85,3.2,2.825,368402.937236,3.08
LVWR,1.65,1.66,1.825,1.64,206103.999475,1.7101
FPF,18.39,18.45,18.52,18.36,47136.53992,18.4251
VAL,95.02,92.22,96.77,91.86,783328.374011,95.1024
ASX,34.23,33.28,34.3,32.8,10085691.668324,33.9514
EQBK,45.7,45.62,46.0,45.46,56479.610984,45.683
TBLA,5.25,5.04,5.26,5.04,4917465.056296,5.1732
PUK,31.21,31.66,31.66,31.14,537501.957987,31.2699
PRM,31.77,30.11,32.0199,29.375,2054699.84811,31.5215
PMAX,3.98,4.01,4.4,3.76,6783480.123068,4.6343
EJH,1.38,1.4781,1.4781,1.36,14894.603031,1.3907
GE,297.15,304.45,305.41,296.83,3952214.789197,299.7653
ONEW,12.06,11.88,12.5,11.52,179780.982613,12.0564
ASPI,5.38,5.38,5.41,5.18,2427735.529126,5.3179
GPMTpA,19.95,19.94,20.02,19.86,5749.2581,19.9453
JILL,13.2,12.87,13.62,12.53,40946.096618,13.3519
YUMC,46.9,48.04,48.19,46.84,1135926.095001,47.2653
BDJ,9.2,9.16,9.21,9.16,189142.460232,9.1864
DPZ,323.48,334.5422,334.9199,321.27,947497.014189,324.4405
FBYY,13.0746,13.07,13.0746,12.97,1043.228462,13.0167
CMSpB,78.8001,80.02,80.02,78.8001,507.3029,79.6872
JEMA,62.3217,61.79,62.44,61.79,29016.688295,62.2118
UTI,35.74,35.67,35.87,34.33,726522.970616,35.1698
QQQA,71.5632,70.56,71.6,70.52,16853.9885,70.9334
XLYI,23.5282,23.53,23.57,23.5099,4103.3459,23.5488
OGE,47.35,47.51,47.76,47.255,1150769.726049,47.3849
CAT,897.45,911.0,914.77,893.85,2030291.956436,900.9966
SG,7.0,7.04,7.35,6.5,9354900.398696,6.9372
LLYVA,93.59,96.94,97.08,93.3825,100768.60377,94.513
MOVE,13.95,13.99,14.15,13.5,53313.598125,13.9761
RAND,10.945,10.99,10.99,10.945,1522.474378,10.9081
BTM,5.09,5.17,5.39,5.0,352357.630046,5.124
HGBL,1.29,1.3,1.3051,1.26,325210.464378,1.2791
OSG,5.37,5.91,6.24,5.33,1650160.947917,5.6084
DOYU,4.71,4.74,4.75,4.66,25090.543632,4.7183
SBH,14.03,13.76,14.32,13.67,1484844.461345,14.1144
TECX,29.0,27.0,30.36,27.0,432689.270175,28.7029
HIDE,24.4696,24.5,24.51,24.4696,37356.158606,24.5008
FTDR,64.62,68.11,69.15,64.395,598388.39052,65.3137
Q,147.33,147.78,149.3053,145.56,2008424.722173,147.2444
FpD,22.375,22.28,22.41,22.19,48800.501,22.2997
MIY,11.94,11.9,12.09,11.84,93784.61408,11.9212
TSN,68.38,68.23,68.88,67.3085,2119206.682691,68.3619
PXS,4.39,4.42,4.6697,4.3,30881.3881,4.4387
ISCB,71.6373,71.42,71.6373,71.38,4752.643,71.4467
CBIO,18.76,18.08,19.53,17.99,243217.920695,18.759
TRNO,66.21,66.94,67.14,65.89,756784.485788,66.2625
IOSP,80.55,78.82,81.0,77.94,680303.587486,80.2359
NBTX,45.49,41.0,45.595,40.6821,56628.560553,44.0067
IEI,118.05,118.13,118.155,118.025,703884.275201,118.0767
CGAU,18.39,17.94,18.46,17.87,2026706.889416,18.3122
RWT,5.57,5.62,5.62,5.54,865556.301661,5.5759
TOI,4.0,4.05,4.15,3.89,2448395.476773,4.0163
CCLDO,27.47,27.47,27.49,27.47,17146.0842,27.4747
FNGD,37.15,39.36,39.47,37.07,283304.64695,38.1273
PRH,23.86,23.78,23.87,23.67,45864.0,23.764
JEPQ,59.61,59.48,59.61,59.45,8261455.237428,59.5405
RIO,105.38,104.85,105.7701,104.57,2212946.319243,105.0245
DEA,23.35,23.31,23.8,23.295,530946.89104,23.4878
CBTA,23.3799,23.26,23.38,23.26,5467.0,23.3503
CRD.A,9.99,9.65,10.039413,9.65,45764.800385,9.9184
SKT,36.37,36.43,36.715,36.36,567957.116191,36.4845
CDW,104.79,109.64,110.15,104.41,2688465.600519,105.8349
JHS,11.18,11.26,11.26,11.16,17934.0743,11.1953
NXXT,0.342,0.3556,0.3599,0.3371,993468.168472,0.3468
MOOD,43.415,43.1,43.43,43.1,8575.237,43.3525
AXSpE,19.72,19.68,19.76,19.63,18880.375,19.6916
NYT,79.41,80.31,80.985,79.07,1839269.431676,79.6567
FUTG,9.817,10.93,11.22,9.6,210878.5,10.104
UAA,6.43,6.43,6.53,6.255,7103145.501274,6.429
AMX,27.21,27.0,27.25,26.8,981723.214898,27.0747
P,78.16,77.82,79.385,74.85,3431642.174447,76.8574
TFINp,22.1,22.05,22.5,22.05,4169.8234,22.2486
HGTY,10.06,10.23,10.295,9.71,191593.9626,10.0034
RFpF,25.88,25.72,25.88,25.72,25204.385,25.7754
ANF,77.99,78.49,79.22,77.0,793467.312917,78.1557
UIVM,73.1887,73.05,73.1887,72.92,1237.5747,72.9804
ELV,378.07,376.24,379.23,371.09,1305910.261606,376.3555
KQQQ,30.7657,30.24,30.79,30.1501,44597.264101,30.5434
SYF,73.14,74.43,74.43,72.825,4069859.146756,73.1234
PAMT,10.32,10.16,10.84,10.16,7153.0,10.5188
RGTU,23.7998,23.37,23.7998,21.0401,62656.514954,22.5082
GFAI,0.509,0.49,0.52,0.4734,477988.962912,0.5044
MYN,10.05,10.08,10.08,10.03,151536.140494,10.0542
AVX,0.5232,0.535,0.535,0.51,251251.630188,0.5211
NHIC,10.54,10.58,10.58,10.52,44965.0,10.5236
TRDA,6.84,6.63,6.8674,6.01,1316080.646387,6.6927
FEAT,19.9114,19.74,20.07,19.65,23699.5949,19.8749
CDLX,0.64,0.8837,0.8837,0.57,3923037.564507,0.6833
BILI,22.06,22.77,22.8,21.945,2179721.149985,22.2138
TAFM,25.47,25.49,25.51,25.46,97926.7105,25.4762
JRS,8.2701,8.23,8.3,8.23,81614.2,8.2758
MNTN,8.56,9.2,9.5471,8.47,1140251.654355,8.6292
GLWG,28.37,28.5,31.66,27.751,2817923.913122,29.5922
TLN,386.37,397.9,397.99,381.1,521761.264227,385.9266
SOBR,1.62,1.9,1.99,1.55,3685998.495086,1.7474
UDR,36.91,36.99,37.21,36.815,3499690.112851,36.9696
AGMpD,20.67,20.58,20.67,20.58,4443.0443,20.6462
DKS,225.81,223.49,227.28,220.76,632132.581846,225.3885
GSpA,19.44,19.34,19.44,19.3001,43093.4054,19.3668
STKS,2.0,1.91,2.0199,1.885,26356.99302,1.9593
LFCR,4.79,4.73,4.85,4.67,205220.651401,4.7812
USBpH,18.84,18.83,18.87,18.71,29802.8316,18.7841
BY,33.16,33.34,33.365,32.9,230458.961,33.0971
NTST,20.67,20.46,20.74,20.45,902521.913948,20.6474
HIDV,87.3245,87.3499,87.3499,87.02,1007.1946,87.192
ENGN,1.5,1.71,1.75,1.45,17386929.855874,1.5903
BGC,11.39,11.29,11.56,11.15,5065536.647453,11.4037
WMS,143.2,145.02,145.47,142.74,527543.033835,143.7462
GGT,4.29,4.22,4.29,4.2,406497.713993,4.2479
AMPX.WS,6.71,6.85,6.9,6.3,155181.0,6.5312
TTMI,157.31,157.99,158.0,150.42,2114993.082209,154.4024
TGLS,39.79,42.21,42.58,39.37,461283.155944,40.4677
GEOS,8.4,8.002,8.75,7.55,574057.87762,8.0552
INAB,1.58,1.66,1.66,1.552,42515.2891,1.5922
KOD,41.01,42.05,44.21,40.94,721446.423403,41.7481
SLAI,0.77,0.79,0.8,0.7326,120347.623881,0.7785
OTF,10.92,11.0,11.07,10.79,2144529.130706,10.9169
BMGL,0.759,0.779,0.779,0.6916,13178.54902,0.7618
VSH,34.26,33.48,34.85,33.1985,4577344.266143,34.1329
TBBB,38.09,38.5,39.36,36.89,362594.747159,37.8141
ETSY,64.38,64.13,64.615,62.78,2342848.492982,64.0655
RTO,33.4,33.4,33.44,33.01,1149579.357099,33.2474
PAYS,6.22,6.65,6.705,6.11,1033488.657207,6.2815
OEC,7.61,7.19,7.76,6.98,497257.1406,7.6159
AYI,293.33,297.28,297.28,291.17,328324.092481,292.9738
SSL,12.96,12.83,12.98,12.77,1038057.84523,12.918
FOR,27.49,27.57,27.69,26.99,77635.8374,27.452
WNC,7.47,7.77,7.869,7.47,548370.717262,7.587
ARAI,0.676,0.7,0.7,0.665,1247133.862688,0.6777
TPG,44.62,44.46,45.1899,43.41,1931611.705623,44.6556
HGER,32.5,32.28,32.54,32.28,471836.895366,32.4511
VNOM,46.79,46.95,47.1599,46.3,891144.203863,46.7641
THR,65.66,66.25,67.0,64.64,647265.296921,65.4986
NMS,12.37,12.49,12.49,12.3002,11613.0357,12.4002
MRDN,13.44,11.22,13.9,11.1101,93295.088856,13.1633
KF,70.68,67.29,70.68,67.29,29354.142433,69.5503
NEEpN,23.96,23.85,23.96,23.81,28645.62,23.8833
BA,237.36,233.8,238.535,231.75,7525266.763427,236.5254
TUYA,2.48,2.42,2.5,2.38,1172666.978476,2.4595
HYT,8.66,8.66,8.68,8.6322,819521.416366,8.6556
SCOR,7.36,7.09,7.41,7.0224,10587.4846,7.1687
ITRN,60.93,59.81,61.12,59.555,130268.65293,60.61
PHIO,1.07,1.15,1.15,1.04,324303.704,1.0897
FMUB,51.1179,51.16,51.16,51.09,24523.252,51.1183
ETV,14.67,14.66,14.72,14.59,143235.13314,14.6556
ZETA,17.14,17.13,17.239,16.52,6574629.210773,16.9949
AROW,37.15,37.05,37.23,36.8101,61946.246707,37.0331
BHP,84.72,83.85,84.81,83.67,2000006.989324,84.4264
FTXL,241.64,233.92,242.46,232.715,1965648.97081,241.2662
HRMY,30.99,31.91,32.3,30.96,750798.388118,31.406
AOS,58.6,60.41,60.7,58.59,1859295.746047,59.438
MX,4.53,3.89,4.755,3.8816,3494151.219764,4.4531
STTpG,22.26,22.25,22.31,22.21,27697.1285,22.2609
HGV,48.67,49.0,49.935,48.35,657994.000997,48.9986
MTEN,1.06,1.04,1.06,1.01,36919.058793,1.029
FMAO,27.85,27.6,27.9838,27.42,131407.125967,27.6604
COWG,37.42,37.24,37.495,37.1,177193.600496,37.3497
CODI,12.48,11.91,12.59,11.82,1117961.911789,12.3885
WRLD,149.7,149.64,150.205,143.965,167318.911716,147.1292
TACK,30.8276,30.94,30.94,30.825,5021.1273,30.8954
DFNS,0.4778,0.4442,0.4825,0.42,1723146.39009,0.4395
HAFN,8.96,8.8,9.005,8.785,1237194.50888,8.9148
CVV,7.09,6.98,7.28,6.89,93883.216055,7.0548
ASC,19.53,18.84,19.6,18.82,610633.51024,19.3572
NBN,124.65,126.41,126.485,123.24,85797.850686,124.4361
HOOG,19.5482,19.17,19.58,18.2,562482.786642,18.9819
EPU,83.33,82.695,83.52,82.695,34220.307442,83.144
NJR,55.55,55.86,56.54,55.41,597126.936783,55.7393
BORR,5.85,5.85,5.95,5.745,5637589.31317,5.8724
CXW,20.33,21.59,22.09,20.31,1979628.807746,20.7481
BMY,56.16,56.33,56.535,55.775,10033020.765297,56.1896
SOLZ,9.33,8.9,9.365,8.875,2217546.470244,9.1247
AGPU,5.67,5.92,5.97,5.55,245062.174995,5.6866
AVGU,48.7401,46.65,49.6,45.65,50000.650432,47.7271
TUSB,50.42,50.45,50.45,50.39,5998.298,50.4241
UUUG,12.84,15.66,15.66,12.7,964451.939523,13.5218
IMCG,90.07,90.3,90.3,89.715,68665.252233,90.0063
GLNG,55.7,54.87,55.76,54.29,1717114.332641,55.3431
IEF,94.96,95.04,95.09,94.92,3215112.466388,94.9826
MPC,244.87,242.2,247.885,238.71,2575017.477013,245.2175
ALMU,24.41,24.79,25.33,23.98,1226028.21673,24.4989
STTK,6.85,6.37,6.86,6.3,1574190.739483,6.4259
USEA,2.34,2.38,2.39,2.32,40789.241088,2.356
AVY,163.51,166.08,166.09,163.07,539388.865418,163.9035
LPL,4.39,4.34,4.41,4.315,1293659.503582,4.3679
CLDTpA,20.44,20.6,20.6,20.3,11666.5054,20.4355
METCB,10.53,10.56,10.99,10.5,12175.356829,10.7094
ARXS,35.1,35.03,35.805,34.49,751171.810146,35.2111
GEMD,42.32,42.35,42.3882,42.32,3187.3325,42.3402
SILO,0.405,0.4104,0.42,0.3921,381615.796227,0.4066
SELX,0.24,0.380684,0.3954,0.2,907481.547406,0.2427
AXTA,29.13,28.72,29.41,28.69,1804119.805453,29.1307
VCIT,82.89,82.88,82.9596,82.81,6139750.015587,82.869
XLO,7.74,7.75,7.91,7.6,22946.0,7.7542
MAZE,26.03,25.45,26.25,25.13,534975.708673,25.7159
APPN,21.92,23.325,23.36,21.485,1113274.908821,22.0112
DFDV,4.46,4.17,4.48,4.04,648636.218231,4.2388
SNN,29.95,30.22,30.26,29.56,1070799.616492,29.8395
ESNT,63.13,63.44,63.78,62.005,655714.3496,63.1792
XELLL,24.47,24.43,24.4999,24.38,43992.0,24.4385
BBUC,30.85,33.58,33.58,30.58,507326.257964,31.3384
LZMH,0.0958,0.092,0.0969,0.0912,1826145.142652,0.09482
HMH,21.5,21.51,22.18,21.19,128569.408547,21.5637
BMA,73.48,75.55,75.66,72.43,204636.297289,73.5401
HIND,2.06,2.14,2.28,2.06,19911.130586,2.1719
MASK,3.18,2.81,3.78,2.47,24400159.951663,3.1722
PZZA,31.14,32.7,32.88,30.92,1491297.447389,31.3573
RILYZ,18.94,19.13,19.15,18.86,91183.691,19.0418
BTCS,2.12,2.31,2.31,2.07,2178651.046124,2.134
BEPC,36.68,37.64,38.0,36.61,1525229.136947,36.8984
BJ,92.97,94.08,94.95,91.95,2211551.196944,93.2622
WBX,2.75,2.83,2.88,2.61,17802.202716,2.7559
BWMN,34.77,35.24,35.95,34.51,214022.880754,35.1979
IPAR,94.48,94.28,95.44,93.61,192478.974726,94.6816
MNOV,1.4,1.42,1.43,1.4,17840.0,1.4128
HLMN,7.86,7.88,8.085,7.79,1032818.04101,7.8911
EVMN,22.92,23.01,24.9,22.42,413508.38604,23.1767
BPOP,149.01,149.69,150.41,148.71,353570.582016,149.2824
ABBV,201.55,201.92,202.4,200.02,4915719.31164,201.2504
AEBI,11.51,11.83,11.89,11.435,207333.402246,11.5578
SHIP,16.61,16.22,16.81,16.14,215041.486772,16.5803
MSpP,25.3,25.39,25.4,25.27,32617.0434,25.3124
PUMP,15.68,15.65,15.96,15.327,3773715.043632,15.7428
FNGG,236.2665,227.3,236.2665,227.3,7723.642084,232.4942
AXIN,10.2,10.2,10.2,10.19,1893.0677,10.1975
WOLF,46.6,47.8,50.9881,45.62,6561252.294981,47.8176
GSLpB,27.01,26.82,27.01,26.82,2171.0001,26.9639
ATOS,5.6,5.42,5.65,5.42,31401.91327,5.5401
EGBN,26.38,26.21,26.56,26.15,174979.341263,26.3626
VTIX,4.05,4.28,4.41,4.04,203937.997544,4.1805
RXRX,3.32,3.3,3.35,3.2,13648215.822563,3.2619
SUNS,7.63,7.73,7.73,7.53,57079.87618,7.6356
TME,9.24,9.4,9.5,9.24,6945643.917344,9.3245
NBXG,15.28,15.29,15.4285,15.28,171053.720427,15.3104
PEB,14.72,14.55,14.82,14.55,1324850.383084,14.7095
CTXR,0.64,0.66,0.6609,0.62,865126.460833,0.6392
IUSV,108.65,108.57,108.89,108.39,537778.652705,108.6974
SNOW,152.45,150.0,152.7,144.48,7280670.78523,149.3867
NRGV,4.53,4.2,4.6,4.1801,4497932.896587,4.3751
VLO,241.06,235.21,242.24,232.7835,3409241.727381,240.6417
CAC,49.3,48.62,49.38,48.55,90741.3367,49.1236
ANL,13.28,13.535,13.535,12.41,227160.802543,13.0488
AAPB,35.64,34.92,35.989,34.92,73248.764904,35.5746
VGNT,41.83,39.8,41.93,39.02,1173119.827522,40.8259
FLGT,15.96,14.97,15.97,14.94,757800.252634,15.493
BLOK,64.39,64.41,64.46,62.95,163077.988127,63.8075
RDVY,74.59,74.89,74.89,74.44,666848.32809,74.6339
APAM,38.02,37.61,38.08,37.3,480379.859523,37.9265
VONE,332.81,332.09,333.05,331.74,83822.642646,332.4687
GFL,36.74,37.28,37.515,36.71,1844314.503703,37.0277
IDT,53.53,53.5,54.24,52.03,126770.744539,53.5159
AGMpF,18.98,19.07,19.07,18.98,11006.0357,19.0179
NMG,2.04,2.1,2.1,2.02,840595.417162,2.0601
PPCB,0.0886,0.093,0.093,0.0855,994082.886206,0.08891
FNF,50.58,50.33,51.15,49.83,2139482.636851,50.5022
MLYS,29.54,29.12,30.0,28.5701,894873.178316,29.5071
GIS,34.68,35.64,35.64,34.62,9943709.997611,34.8866
EPR,58.28,58.12,58.49,57.48,1030139.924412,58.1397
PTL,278.2891,278.5,278.77,277.04,18470.671685,277.8721
CGCV,31.43,31.58,31.58,31.4,197481.9985,31.4991
OKYO,1.63,1.63,1.65,1.61,44566.899756,1.6338
EOS,22.78,22.75,22.85,22.65,110899.28975,22.7815
FCNCN,25.35,25.35,25.35,25.275,8882.528,25.3389
KMX,40.34,39.99,40.43,39.52,2315019.371597,40.1527
CSAI,0.562,0.5728,0.582,0.56,189715.877613,0.5683
MOMO,6.23,6.35,6.3996,6.19,372099.578866,6.2488
IUSB,46.22,46.23,46.25,46.19,2570689.19744,46.2162
VSA,0.5301,0.55,0.5718,0.5267,492494.663212,0.547
CHTR,154.86,160.0,161.5,154.7,3089654.368397,156.2087
COSM,0.3323,0.3586,0.3586,0.33,520410.86416,0.3392
BCC,70.67,72.77,73.13,70.57,340631.826312,71.1927
WGMI,58.02,59.67,59.96,56.6054,698417.717519,57.6794
TT,466.17,472.5,474.295,465.71,1177816.218447,468.449
BAND,49.89,48.29,50.0,46.81,872037.980576,49.2958
CRMD,7.92,8.03,8.15,7.82,858922.614248,7.9238
ABVE,0.63,0.66,0.6653,0.56,2483074.117923,0.6017
ECAT,15.11,15.14,15.19,15.09,415582.236628,15.1238
CHI,12.47,12.4,12.49,12.3701,114882.756,12.426
HROW,38.23,39.05,39.29,38.05,460394.182402,38.4204
HPQ,22.68,21.08,22.739,21.0,21550996.839223,22.2755
CAVA,79.4,85.31,85.31,79.055,4021971.454425,80.15
QQQX,30.76,30.51,30.76,30.49,116414.345485,30.6388
INVA,22.89,22.72,23.085,22.7,540361.32306,22.9079
VNET,8.9,9.08,9.37,8.8,6750187.638604,8.9784
GEO,21.76,21.195,22.17,20.83,2909074.57773,21.6929
DRUG,85.5,89.6,90.0,85.37,149657.548373,87.348
LAB,1.02,0.99,1.02,0.97995,1135677.202824,1.0025
FG,28.3,27.48,28.52,27.145,590297.356484,28.2137
RFMZ,13.2,13.14,13.24,13.14,37531.3467,13.198
LNG,240.11,244.01,246.83,238.15,2661735.140084,241.3133
LFS,2.16,2.2,2.23,2.1,30560.505494,2.1815
ALTY,12.3699,12.38,12.38,12.3562,4628.060126,12.3653
BANR,65.67,65.48,65.89,65.26,192529.510628,65.6389
JNJ,221.32,222.94,223.37,220.9201,5550555.913438,221.5383
SAGU.U,9.99,10.01,10.01,9.99,298104.0,9.9998
BIPI,16.58,16.67,16.67,16.44,20362.547,16.5448
CBTJ,20.413,20.26,20.45,20.26,12482.0,20.3822
AN,205.97,207.18,207.615,203.4,212006.141666,205.6583
ARCLU,10.02,10.02,10.02,10.015,310122.0,10.02
CBC,27.27,27.37,27.42,27.05,337545.601793,27.2253
FULTP,18.33,18.25,18.35,18.25,5165.8624,18.3211
FRO,39.51,38.57,39.55,38.56,2578812.335983,39.1915
GS,936.48,936.0,939.78,927.4634,1665037.501871,934.5858
RLJpA,25.27,25.23,25.28,25.155,14831.4407,25.2446
BULX,4.7506,5.04,5.04,4.67,10095.052,4.744
DLLL,83.83,69.03,86.18,69.03,347495.220136,81.1554
GNOM,46.39,46.24,46.845,46.17,7127.446743,46.4593
CBL,47.35,44.82,47.99,44.78,338804.279799,47.0723
LPRO,1.9,1.69,1.91,1.485,2432532.681333,1.726
WARP,27.8698,25.7,27.8987,25.7,80062.955199,27.3382
GCBC,23.86,23.86,24.45,23.86,3842.7698,23.9709
FSEA,16.72,16.7,16.72,16.65,22111.0259,16.6891
NUAI,4.99,4.87,5.195,4.765,5930156.682194,4.9621
BXC,52.39,52.62,53.23,51.25,109176.067825,52.4527
PDSB,1.25,1.16,1.29,1.14,912920.568853,1.2274
DUSB,50.82,50.81,50.84,50.81,161813.147605,50.8271
BRTX,0.2058,0.23,0.2396,0.2058,1613624.810336,0.2152
TRON,2.23,2.28,2.4,2.14,1067035.344582,2.2356
CURV,1.56,1.52,1.65,1.5,283635.392684,1.6046
FUL,61.25,61.28,61.42,60.465,473236.321737,61.1303
AVB,184.08,186.07,186.07,183.26,2001230.251356,184.6122
NTAP,118.0,113.37,118.22,112.6,2893849.741776,117.058
CIMpA,21.57,21.27,21.58,21.27,5798.197,21.508
CRBG,27.31,27.98,27.98,27.195,6789811.308899,27.4662
RDW,11.07,9.41,11.11,9.36,56024004.17213,10.5252
UMHpD,22.21,22.08,22.21,22.07,9391.7701,22.1516
HELP,5.31,5.36,5.44,5.16,619729.547885,5.2669
COFpN,16.305,16.21,16.31,16.21,12479.1959,16.2738
CASS,47.655,47.53,48.39,47.435,55468.948128,47.7236
SCHWpJ,18.31,18.35,18.38,18.27,63177.6489,18.3325
HVT,22.2,21.67,22.5,21.3533,104038.688893,22.1957
BOW,27.06,26.2,27.6,25.98,352467.199162,27.0751
NDAQ,88.91,89.15,89.25,87.82,2559134.123607,88.8075
CTOpA,21.8501,21.45,22.685,21.34,8671.3717,22.1202
KRP,14.55,14.49,14.63,14.32,748752.959779,14.5292
BSCU,16.76,16.77,16.77,16.75,571342.6421,16.76
XFLT,19.21,19.16,19.24,19.0501,59158.820858,19.1721
ACXP,2.09,2.12,2.12,2.03,60400.887271,2.0733
KFRC,43.46,43.3,43.58,41.5,184930.746242,43.184
KVYO,15.21,15.53,15.81,14.95,13886874.272496,15.2641
ETO,30.48,30.32,30.615,30.26,42668.863,30.4338
HQI,11.94,12.19,12.39,11.94,12755.04,12.1975
RAA,30.1339,30.0,30.15,29.98,49303.0425,30.0902
WES,43.49,43.48,44.39,43.04,1797144.742307,43.7068
LBRDA,36.04,37.24,37.24,35.98,198653.184692,36.4125
SKK,5.38,5.53,6.1499,5.05,438214.503306,5.6179
ICOP,53.39,52.9,53.66,52.89,141274.480449,53.2012
PAGS,10.09,10.23,10.2898,10.06,2189137.66731,10.1626
KNTK,47.54,48.36,48.64,47.09,1301058.27725,47.6722
BMLpJ,20.33,20.37,20.4,20.275,15739.435,20.3654
SPMC,11.19,11.18,11.35,11.05,33331.848607,11.2203
GOOS,11.92,11.95,12.01,11.81,303423.379518,11.8865
KOID,40.01,39.83,40.03,39.76,77445.560535,39.9103
ETY,15.0,14.97,15.07,14.9157,473365.40862,15.0233
NVG,12.75,12.72,12.75,12.71,397324.22869,12.736
YOOV,1.22,1.34,1.34,1.22,21921.248288,1.2501
SST,3.92,3.8,4.05,3.41,527422.576661,3.7573
INTS,5.09,5.17,5.2099,5.04,20682.423309,5.0985
WCC,355.31,356.14,362.46,352.97,650636.799242,355.6531
SPAI,4.14,4.34,4.34,4.05,229706.410294,4.1361
SBUX,104.93,104.42,105.43,104.25,4538546.554737,104.9005
TPC,82.85,83.88,85.76,81.01,738061.964706,82.5249
CWH,7.49,7.66,7.66,7.375,1873026.582309,7.5005
MBIN,46.33,46.77,47.485,45.91,149813.707,46.4893
LITB,2.56,2.54,2.61,2.44,5520.0,2.5169
EMP,21.1,21.05,21.1,20.99,6457.89,21.057
ROIV,28.56,28.36,28.8951,28.17,5604940.501523,28.5432
RUBI,2.83,3.0338,3.0338,2.805,47465.158986,2.8799
ONT,16.18,17.51,17.51,15.4,1514898.99313,16.0374
NGVC,26.41,26.61,27.18,25.18,220653.687288,26.2996
ROST,225.81,225.66,227.025,224.055,3666292.812229,225.825
MAAS,9.56,9.22,9.948,8.9,43386.847931,9.3647
DHF,2.41,2.42,2.425,2.41,171419.7317,2.4128
NLY,22.61,22.45,22.6561,22.4303,4404756.470961,22.5715
HOTH,0.6701,0.69,0.6925,0.6551,250425.92213,0.6741
SOJC,21.87,21.8,21.88,21.8,16191.558,21.8351
MRX,56.51,52.92,56.76,52.03,1301292.389231,55.4714
DFSD,47.99,47.98,48.0,47.97,515785.930014,47.9873
ESCA,19.65,19.8,19.855,19.51,28876.9124,19.6821
EC,12.64,13.09,13.09,12.61,2773539.621393,12.7644
KMTS,21.05,21.42,21.58,20.95,211971.503226,21.2369
AMZU,45.1,44.68,45.52,44.23,1965923.52456,45.0355
WHD,54.14,55.7,56.595,53.78,1053887.357455,54.9161
PFGC,93.12,93.18,94.78,92.905,2458014.94277,93.6191
IYW,238.64,234.05,238.68,233.77,2174113.233554,236.0457
SQM,91.39,91.08,92.72,89.77,989736.759571,91.2255
SION,44.23,43.93,45.1,43.355,405348.19892,44.3491
WDAF,36.6724,36.51,36.79,36.4,13252.8874,36.6925
WPC,74.1,73.96,74.7,73.77,1073271.76361,74.2057
ACB,3.41,3.43,3.4595,3.38,601560.681084,3.405
HHH,65.77,64.82,66.21,64.24,583113.46342,65.5116
BANFP,26.46,26.46,26.46,26.46,1002.0,26.4598
CAE,26.94,27.12,27.19,26.755,542690.02433,26.9476
HUM,274.96,250.0,274.97,247.5,3151854.947991,267.1207
SHFSW,0.027,0.028,0.028,0.0261,4637.0,0.02723
LHSW,0.2193,0.2275,0.2308,0.2139,326248.0,0.2202
BHR,2.8,2.72,2.805,2.695,533025.425415,2.7557
LAD,293.99,292.29,294.08,289.24,163850.592569,293.0237
SNX,239.07,235.34,240.47,232.52,608428.747168,238.6593
BSJR,22.475,22.49,22.49,22.4601,113611.69352,22.4743
NVDS,21.1825,21.51,21.51,20.8,243642.497125,21.0824
STEX,0.9262,0.99,1.02,0.91,738465.972091,0.9397
TFX,133.06,134.33,135.69,130.9,947218.159452,133.2838
TRTX,8.57,8.51,8.61,8.51,363658.802432,8.5691
JEF,52.98,51.85,52.99,51.535,2014447.556913,52.5971
CVRX,6.83,7.22,7.23,6.69,199636.285228,6.8883
SOFI,15.75,16.03,16.05,15.52,55866384.909441,15.7205
MXF,21.93,21.86,22.09,21.86,29737.205531,21.9522
HSY,185.94,187.0,187.765,184.755,1587775.741002,186.0015
JANW,38.3053,38.27,38.32,38.27,44006.4776,38.2921
ATLCP,23.89,23.96,23.96,23.7201,3084.1777,23.8452
IPKW,59.0784,59.24,59.26,58.92,38215.0938,59.0453
EIIA,25.21,25.19,25.23,25.19,3778.4841,25.203
BDVL,26.07,26.1,26.19,26.01,156122.3698,26.071
IIF,22.47,22.65,22.65,22.3404,25266.0961,22.4707
SR,85.7,86.38,86.38,85.04,506039.566804,85.6952
TGS,29.35,30.52,30.8575,29.27,502178.531949,29.5683
PRIM,104.8,108.2,110.01,103.84,3179334.332966,105.7138
CYD,46.24,43.44,46.5,42.48,177632.639825,45.5471
GRBK,66.09,65.91,66.975,65.5401,172685.994533,66.1734
KIMpM,20.52,20.44,20.54,20.275,19316.5776,20.4495
CYTK,76.91,74.51,78.8,74.51,5791776.120828,77.1513
TXNM,58.99,59.22,59.27,58.93,4350009.3849,59.1294
IDXX,560.11,572.2,572.2,555.185,476636.601968,560.8471
LIQT,2.27,2.44,2.48,2.2,13979.595,2.3532
CDRpB,21.61,22.19,22.19,21.5055,3278.5338,21.7635
IRD,4.99,5.35,5.36,4.85,1304093.493843,5.0599
UK,3.1,3.19,3.19,2.94,47765.0,3.0805
CRMG,5.79,5.62,5.79,5.465,1533697.858175,5.6325
EFXT,27.13,28.97,29.15,27.12,556427.917266,27.7811
BYRN,5.33,5.53,5.53,5.28,389274.442013,5.3655
EQIN,49.839,50.17,50.17,49.839,13947.9851,49.9545
APPF,166.59,168.54,168.54,161.73,362826.16567,165.6715
SATS,127.15,123.75,127.255,122.63,3052428.218145,125.7821
ALLpJ,26.15,26.19,26.2599,26.0117,34844.4252,26.1858
SPCB,11.42,10.89,11.5,10.7,68170.202022,11.1633
SYK,285.47,294.0,294.9099,284.9503,2136332.99101,287.2178
ARBEW,0.040926,0.0416,0.05,0.04,19725.2004,0.04412
HKIT,0.7,0.7103,0.73,0.6788,126986.848,0.704
RJET,22.97,22.17,23.4802,20.53,184790.011843,22.8476
GLW,186.94,187.21,198.25,184.98,20589361.814877,190.3608
FISV,55.48,56.75,56.75,54.64,5568933.456809,55.578
FCLO,50.23,50.24,50.24,50.23,2601.2444,50.2355
ZH,3.28,3.42,3.45,3.24,180369.980423,3.3127
HAYW,14.58,14.82,14.94,14.5,3319103.898966,14.6488
ALLY,44.24,43.92,44.26,43.405,4657117.651606,43.9433
ENO,22.09,22.04,22.11,22.04,6377.0,22.0864
FSTR,42.3,40.79,42.53,40.55,134401.9023,41.7601
KYN,13.61,13.76,13.81,13.5801,332619.931043,13.6937
DCOMp,19.25,19.39,19.39,18.9735,2278.6336,19.2533
CBSH,51.89,52.42,52.49,51.54,958872.354657,51.9445
GLDY,15.03,15.05,15.1044,14.99,40144.4084,15.0413
LEDS,2.08,2.06,2.29,2.0,45832.82533,2.1065
HOLA,54.3035,54.42,54.49,54.23,16910.1608,54.3025
MEI,9.63,9.19,9.71,9.18,408456.37092,9.5851
DWSN,3.14,3.39,3.4643,3.14,48591.035,3.3355
BGH,14.3,14.27,14.3799,14.2201,51179.56848,14.2859
PENG,44.23,39.99,44.74,39.6357,4392971.907707,43.2744
ENOV,26.52,27.24,27.89,26.23,1537851.280847,26.6147
KGEI,5.12,5.25,5.27,5.12,94591.88,5.186
DTW,21.81,21.82,21.94,21.72,21232.578,21.831
ETD,20.39,20.42,20.48,20.15,283950.096115,20.3947
RLI,49.05,49.5,49.5,48.65,637013.863106,48.9434
DRV,19.46,19.23,19.46,18.99,32829.906332,19.1823
ICG,1.27,1.28,1.3,1.225,43815.875428,1.2763
GETY,0.8362,0.824,0.8469,0.81,563900.332893,0.8322
CRI,35.33,35.83,36.35,35.21,917515.927081,35.5867
MG,17.64,18.7,18.7,17.55,140093.714913,17.8633
RITM,9.84,9.84,9.865,9.7501,3594631.321189,9.8284
FTHI,23.72,23.79,23.8232,23.695,416656.948945,23.7224
ZBH,82.33,83.81,83.99,82.04,2077380.986462,82.5812
ULBI,5.97,6.01,6.1895,5.6001,131375.621445,5.9521
NFXL,24.23,24.36,24.5399,24.08,465198.189257,24.3131
BDCX,20.9345,20.63,20.9345,20.63,1041.713521,20.8922
BLDR,77.4,78.99,79.98,77.27,2024169.528144,78.0995
OIA,6.215,6.22,6.22,6.19,59976.236152,6.2117
ALXO,2.08,1.89,2.105,1.76,998765.486207,1.9671
MTVA,1.09,1.28,1.33,1.0,484053.767789,1.1431
LSCC,127.19,122.5,127.29,122.065,2790823.739449,125.3297
ASB,28.55,28.56,28.69,28.38,1713374.896689,28.5217
EQT,55.96,56.38,56.7177,55.915,6206927.157635,56.1534
ALMS,23.66,23.95,24.36,23.44,977298.520661,23.6987
JMM,5.85,5.79,5.87,5.79,1464.1453,5.8398
ATMU,55.59,54.98,55.99,54.8,1153650.37961,55.4967
BNL,19.86,19.91,20.07,19.84,1395753.065749,19.9178
AIRG,7.13,7.3,7.3,6.94,190111.441701,7.0682
TOL,137.89,137.89,138.785,136.53,749929.312743,137.7331
MLCO,5.37,5.58,5.63,5.25,3649927.385339,5.3412
ALBT,0.4,0.3969,0.4,0.3789,75747.856,0.3867
VSTS,9.24,9.31,9.31,9.115,1038617.687459,9.222
FXNC,27.96,27.99,28.36,27.75,99968.4823,27.953
CDRO,9.0,9.3,9.3,8.75,57097.386254,9.0027
VNCE,4.64,4.86,4.86,4.41,267716.531607,4.6446
MSpI,25.1,25.16,25.16,25.09,43383.2735,25.1453
HBANP,17.05,17.06,17.0799,16.9801,24374.241,17.0331
PRMB,23.23,22.35,24.17,22.07,9012841.325884,23.2487
MSGM,4.9,4.5,5.0,4.5,82476.6727,4.795
BOSC,4.55,4.65,4.67,4.55,30394.83092,4.6151
PFL,8.057,8.05,8.07,8.03,266387.126373,8.0549
PCF,5.7,5.72,5.72,5.6601,47486.738133,5.6966
MFApC,23.85,23.97,23.97,23.8,23043.299,23.8517
FNWD,31.75,31.7,32.3,31.5082,8892.4346,31.8543
HMY,17.79,17.71,18.09,17.555,4385502.058632,17.8049
SITE,121.0,125.0,125.11,119.99,820477.09599,121.4395
BEPH,15.13,14.9,15.13,14.9,18447.814,15.0516
DCBO,21.2,20.83,21.24,19.08,311921.040695,20.4038
PLUS,90.31,87.05,90.43,86.6,174649.347247,89.3607
PHIN,79.87,78.87,80.12,78.295,247350.188622,79.7653
EDN,23.37,24.27,25.23,23.315,182064.17596,23.7899
SPUU,211.02,210.02,211.16,209.89,6828.966917,210.5592
ELE,18.86,17.88,19.0,17.88,374402.6951,18.6072
CLSZ,6.5215,6.665,6.99,6.32,56132.732058,6.7559
ELDN,3.88,3.87,3.995,3.84,1112094.20886,3.9219
RNAC,8.65,8.21,8.69,8.16,172223.328182,8.5556
GRMLW,0.2464,0.23,0.2465,0.21,12977.604741,0.2342
KRBN,31.26,31.54,31.8639,31.25,17603.772919,31.4135
FCN,163.9,161.8,165.73,158.665,505460.4211,163.9428
CTOR,0.9068,0.93,0.93,0.8712,52832.2379,0.8979
GEF,68.07,68.26,68.88,67.6701,141740.47355,68.2356
COIA,6.79,5.76,6.791,5.61,109204.43,6.2108
CME,281.25,286.41,286.95,280.69,2308703.532584,282.1251
LQDT,36.19,36.29,36.35,35.45,166844.972362,36.0325
ISCV,74.825,74.78,74.93,74.36,9728.804585,74.6227
HBCP,64.43,65.38,65.835,64.265,69220.279,64.7529
WKEY,8.17,7.84,8.2,7.73,72743.993034,8.0264
HEPS,2.82,2.78,2.83,2.7464,384634.353344,2.8142
USBpP,22.465,22.3,22.48,22.27,67420.2591,22.3939
KREFpA,18.39,18.33,18.44,18.27,17921.9605,18.357
AAP,56.15,57.55,57.55,55.04,2257906.482983,56.2201
HOFT,13.31,12.86,13.52,12.86,22524.056268,13.2495
SMZ,22.28,23.0,25.2,21.94,87311.311159,23.5583
TJX,153.36,155.02,155.3,152.52,4908387.365422,153.6133
OWLS,5.97,6.0,6.02,5.9,23271.250836,5.9651
HAE,55.12,53.66,56.11,51.0,1122318.847848,54.7682
CNTN,3.02,3.01,3.07,2.89,355236.266226,2.9843
LPCN,2.37,2.41,2.5,2.35,188492.050657,2.4366
HTCO,5.84,5.84,6.1,5.3,284267.080508,5.7041
IBN,26.49,26.79,26.92,26.385,4930539.437782,26.5552
THD,71.76,71.69,71.835,71.58,35336.558933,71.7361
SILA,30.58,30.58,30.6,30.54,270656.266291,30.5795
SAH,81.2,80.8,81.46,79.98,271288.313742,80.9682
EAGL,32.63,32.8,32.8,32.525,159462.336826,32.6021
MBINN,20.9,20.81,20.9999,20.81,2357.0,20.8942
PSApM,16.21,16.17,16.2325,16.17,7586.3598,16.2095
TIGO,80.43,80.36,80.885,78.55,1721657.147853,79.9724
CVSB,50.68,50.65,50.695,50.65,12064.59765,50.6637
MHF,6.98,7.02,7.05,6.98,22537.1951,7.0065
SAC,10.24,10.24,10.24,10.24,251.0,10.2391
BCI,24.88,24.8,24.955,24.8,946802.335358,24.9042
AGCC,18.39,18.55,19.54,18.15,64022.94624,18.6773
SOLV,73.38,71.86,73.4,71.5,1681995.30614,72.7079
JDZG,1.56,1.56,1.58,1.45,141392.563185,1.5105
CODA,12.11,12.01,12.255,11.88,106495.533374,12.0585
ABUS,4.34,4.34,4.4,4.309,752853.565567,4.3467
BEEM,1.86,1.92,1.92,1.8101,498540.823249,1.8574
AVAL,4.52,4.54,4.58,4.42,110760.887925,4.5159
WLACW,8.34,8.3,8.95,7.3,53061.0,8.0567
AZ,7.14,7.0,7.18,6.78,512988.7086,6.9723
AVA,40.82,41.02,41.2099,40.65,559234.458506,40.8144
METC,14.81,14.79,15.02,14.56,945204.378769,14.7906
HUBG,42.88,42.72,43.125,42.07,408828.338819,42.8117
MTBpK,25.06,25.06,25.1155,25.01,17165.331,25.0606
AQN,6.07,6.33,6.55,6.03,7607658.018504,6.1249
RAPP,38.04,39.97,40.8,37.11,373536.98283,38.522
EVTV,2.05,1.81,2.25,1.81,2278285.607924,2.1168
FE,44.33,45.21,45.5,44.28,6388637.44913,44.6692
IHD,7.43,7.38,7.59,7.38,305489.0691,7.4657
STWD,17.75,17.85,17.93,17.42,5475816.285223,17.7108
BVN,35.36,34.61,35.7399,34.26,774537.878903,35.2526
CRCA,50.78,51.72,52.14,47.1901,1362741.479583,50.7723
FINX,25.7,25.96,25.96,25.201,49086.435854,25.5927
METpF,19.28,19.23,19.3,19.15,61846.053,19.2203
PRHI,0.66,0.66,0.6702,0.66,5624.0,0.6587
AMGN,331.7,329.48,332.33,328.0,2443294.813883,331.1021
TWOpB,24.7868,24.67,24.8,24.6347,16430.6475,24.737
MTD,1124.46,1193.05,1228.88,1110.82,539272.589271,1147.4791
SILC,44.87,44.89,45.25,42.13,115620.165255,44.0239
FLR,43.31,46.15,46.15,42.75,11038586.828124,44.0
TGTX,42.86,43.02,44.65,42.26,3729567.295607,43.34
PMTpC,18.35,18.34,18.35,18.25,33885.1381,18.3058
DLX,26.58,26.85,26.85,25.8,609607.567709,26.3269
WEEI,23.19,23.1,23.19,22.93,24662.6731,23.1457
HQH,20.04,19.81,20.2,19.77,125679.338036,19.9921
ROBT,54.88,54.22,54.88,53.92,51712.020362,54.4405
KAT,54.875,55.06,55.06,54.87,5853.9339,54.9946
CMC,70.96,71.12,71.445,70.54,567585.099328,71.0057
UHAL.B,48.35,47.89,48.68,47.74,295227.8716,48.3017
LANDP,20.7799,20.7,20.7799,20.67,6614.0985,20.7073
BHC,5.75,5.7,5.8,5.64,1250645.567691,5.7491
PTCT,73.69,74.07,79.91,69.425,5836405.796486,74.7044
FPH,4.95,4.92,4.96,4.83,152284.914,4.9061
GROV,1.29,1.27,1.31,1.2601,71248.436141,1.2839
CALX,43.24,43.96,44.32,42.93,541109.961595,43.4044
MH,11.76,11.9,12.0,11.5601,244317.400688,11.8172
KEX,142.24,142.81,143.57,141.81,459890.341739,142.5348
IBAT,44.24,44.04,44.4299,43.64,89757.4582,44.0742
XTEN,45.645,45.67,45.6975,45.617,60216.627907,45.6491
TONX,3.64,3.22,3.73,3.11,756613.168548,3.5092
NRG,138.11,143.55,144.96,137.76,2475003.537037,139.8424
MTB,212.14,213.77,213.855,211.78,668423.829137,212.4738
DPRO,5.48,5.39,5.7,5.211,2023830.220767,5.4371
SAP,173.7,174.31,174.34,170.89,3705617.168355,172.5381
ORIC,8.85,8.8,9.015,8.715,1258170.860767,8.8596
AHLpE,20.91,20.94,21.05,20.8601,3510.492,20.9553
GDEV,17.98,16.89,18.0,15.2101,5858.608105,17.0654
WIX,80.12,78.9,80.665,74.505,1565624.349258,78.0192
VKQ,9.79,9.83,9.85,9.76,432300.30887,9.7977
AVBC,20.21,20.07,20.42,19.88,67982.208981,20.1252
HOG,25.42,23.85,25.44,23.69,3471613.49652,25.013
FFC,16.14,16.15,16.175,16.1,129464.4741,16.1312
NTRA,194.24,210.0,217.645,192.52,3925677.441662,198.0806
ALC,62.56,64.42,64.82,62.4,4537504.435784,62.9442
GXO,51.61,52.24,52.65,51.03,1541214.829554,51.8025
SARK,27.98,28.2,28.71,27.98,117613.835466,28.2799
ECX,1.14,1.18,1.195,1.13,995946.585777,1.1564
TEVA,35.73,36.26,36.325,35.43,8220835.18166,35.7772
TTC,95.5,95.66,95.84,94.6735,473995.66273,95.4042
SDHY,16.08,16.06,16.11,16.045,76306.349022,16.0818
PCM,5.94,5.93,5.99,5.88,53525.3878,5.9451
TLS,4.48,4.45,4.6199,4.3317,1076954.541082,4.4793
KKRT,25.24,25.23,25.29,25.19,17941.0,25.2255
CCLD,2.36,2.48,2.495,2.2501,1871569.506328,2.3779
WEA,10.635,10.63,10.65,10.6101,15688.8347,10.642
NXP,14.31,14.29,14.39,14.25,103130.735645,14.3048
TELA,1.02,1.13,1.1899,1.02,213562.992837,1.0918
PDM,8.48,8.53,8.635,8.475,712524.055175,8.533
FT,8.0,8.01,8.1,8.0,92534.0812,8.0556
GFF,88.02,91.23,93.43,87.78,379895.500551,89.9279
CICB,25.01,24.96,25.19,24.96,5151.0,25.0241
JCE,16.37,16.3,16.47,16.24,35749.352,16.3632
PSO,14.86,14.95,14.95,14.77,932445.345114,14.8417
VGAS,1.78,1.79,1.815,1.75,8192.888323,1.7887
FLO,8.44,8.58,8.615,8.395,4702017.196822,8.4735
HQY,84.84,83.63,84.99,82.63,671126.2757,83.9506
BACpN,20.53,20.52,20.59,20.51,84519.93827,20.5423
YMM,8.81,8.93,9.03,8.705,7610228.442122,8.7891
GGLL,147.97,145.64,148.8,144.76,910811.82839,146.7895
PNFP,97.89,98.93,99.72,97.34,882522.802013,98.0805
TFCpO,21.24,21.27,21.29,21.15,36698.9264,21.2182
DY,428.31,433.83,441.31,425.62,310716.205143,429.4604
GSM,4.075,4.02,4.205,4.01,1388562.951457,4.106
CNQ,44.53,44.71,44.895,44.285,8411004.392686,44.5789
BHF,61.38,61.72,61.77,61.12,502951.789452,61.364
EBIZ,28.17,28.55,28.78,28.17,5052.3319,28.2694
PLBY,1.8,1.67,1.86,1.645,1197623.671672,1.7775
GNL,9.23,9.18,9.25,9.15,2090720.110295,9.2045
LION,12.24,12.45,12.54,12.18,3261113.987479,12.2943
CION,7.29,7.41,7.541,7.19,825254.90622,7.3023
SIOO,19.87,19.62,19.87,19.62,28826.1371,19.813
MPB,32.74,32.39,32.87,32.33,112240.0631,32.7288
CCB,72.86,74.7,75.66,72.0,168046.202532,72.8698
AGCO,117.34,118.29,119.06,116.72,416751.411123,117.6967
STNE,10.77,11.12,11.26,10.755,4744210.075438,10.9427
NCA,9.62,9.46,9.66,9.4,46868.2052,9.5329
CIIT,1.42,1.45,1.51,1.41,11587.46,1.4431
TRTNpF,24.85,24.9,24.9,24.6,13427.0,24.8356
MTDR,55.26,55.37,56.055,54.9,2683632.542303,55.389
BF.A,28.36,28.28,28.61,27.67,174925.534354,28.2606
GLOPpC,25.55,25.69,25.69,25.55,700.0,25.572
GRIN,32.0586,31.72,32.0586,31.72,1763.562,31.8622
STC,69.73,69.97,70.23,68.59,133162.134728,69.7177
AMTX,2.59,3.15,3.15,2.54,2563079.449883,2.6717
UYLD,51.105,51.12,51.12,51.06,275468.717,51.0988
SOWG,1.45,1.22,1.5,1.22,348937.052053,1.4185
ARQT,21.17,20.71,21.36,20.255,2715306.095274,20.8424
AGH,4.44,4.59,4.62,4.3,548437.373773,4.4412
KLAR,14.5,14.65,14.85,14.3,4470988.238208,14.508
HCI,152.24,152.68,154.17,148.25,221916.85409,152.4433
BAOS,2.81,2.69,2.93,2.69,10005.743333,2.8033
WWW,16.7,17.06,17.06,16.525,785329.511851,16.7161
ETHB,29.79,29.26,29.849,29.2,210264.739317,29.5276
MLM,590.38,602.87,602.87,589.45,337047.824206,593.7565
SKE,31.81,30.94,31.88,30.76,563160.362234,31.5208
RDN,38.06,38.0,38.5,37.509,1472859.908211,38.0143
JAN,27.92,27.6,28.52,27.46,1421645.683472,27.9518
DMLP,26.02,26.18,26.345,25.91,111207.637336,26.0475
DJCO,500.97,492.33,504.8,485.04,16304.05644,498.4053
GSBC,69.74,69.66,70.01,68.965,103872.8848,69.6794
NVCT,11.65,10.32,11.74,10.0701,182535.468965,11.2505
GHI,5.41,5.33,5.5,5.3,35975.631375,5.3983
INGR,107.39,108.4,109.07,107.0,701002.002977,107.4504
MZYX,9.9,9.86,9.9,9.86,2810.0,9.8971
ZWS,51.19,51.26,51.59,50.7101,966170.510357,51.1802
PLOW,45.29,45.71,45.71,44.87,158818.512913,45.2904
AXR,25.94,26.61,26.61,25.94,3678.5612,26.1619
CNA,43.54,43.79,43.9999,43.3,445236.034511,43.5458
XPON,0.642,0.65,0.6571,0.62,68627.409654,0.6422
MCS,17.97,18.22,18.26,17.875,119934.928977,18.0277
MIN,2.47,2.47,2.48,2.46,110768.0983,2.469
SKBL,3.31,3.4,3.45,3.26,346770.237091,3.3729
LAUR,32.81,32.17,32.93,31.91,944447.536413,32.6974
UL,58.4,58.52,58.62,58.19,4887581.304645,58.3931
FSBW,40.91,41.1,41.44,40.2521,7823.51237,41.0088
RBLY,12.898,13.63,13.63,12.8301,9210.0633,13.0176
XPER,8.03,7.72,8.03,7.567,1034518.890448,7.8927
ENSG,171.45,174.31,175.7,170.29,713024.046513,172.1559
BEEP,1.81,1.83,1.84,1.8,20924.109965,1.8219
TKO,186.79,189.74,193.59,185.04,1875791.156643,187.5353
CRNT,2.53,2.55,2.585,2.37,1624978.554473,2.4714
CHPS,84.17,80.95,84.3499,80.54,42857.180047,83.0636
VTIP,50.4,50.37,50.4,50.36,1532037.867458,50.3807
SBC,3.18,3.18,3.22,3.1524,68133.999203,3.1868
RR,2.64,2.66,2.695,2.55,11604148.016849,2.6223
AWR,77.2,77.0,78.05,77.0,314502.521088,77.3866
ISTB,48.36,48.37,48.376,48.34,232754.071917,48.3548
GEVG,30.56,32.41,32.41,30.2,93093.438049,30.8519
XXII,0.6328,0.679,0.7052,0.53,832548.777036,0.6334
PRIFpK,22.41,22.47,22.5201,22.41,2506.1368,22.47
RMT,13.7,13.67,13.78,13.62,114580.246426,13.6758
XMTR,80.01,81.87,82.53,75.259,1128860.341363,78.8407
ARW,194.95,191.9,199.47,191.6,951765.490974,195.6134
ACH,3.58,3.72,3.8,3.58,877370.216665,3.6345
MHO,131.87,132.28,132.515,129.97,152831.103724,131.6913
CANE,9.86,9.79,9.9,9.74,555803.5856,9.8404
SFM,82.83,81.35,85.84,80.54,2917047.781226,83.519
GAIA,2.56,2.45,2.68,2.33,235753.555845,2.4759
MNTS,5.46,4.48,5.57,4.46,4489114.782847,5.119
UMH,15.82,15.92,16.07,15.78,704017.027243,15.8849
FVR,18.17,18.13,18.49,17.9325,120337.0,18.2061
CONI,41.19,48.28,49.74,41.19,311657.883473,45.5977
BBBY.WS,0.67,0.61,0.69,0.61,39770.647762,0.6623
APC,19.34,19.18,19.47,18.895,274616.003251,19.3332
NDLS,12.67,12.2,12.79,11.25,82504.165732,12.1695
KB,111.14,110.9,111.88,110.9,113006.880731,111.328
AMRC,29.96,30.22,30.74,29.36,406164.814772,30.0873
COLM,63.04,63.45,63.57,62.34,479258.95457,63.1401
EVH,4.18,4.27,4.445,4.09,2959853.406948,4.2696
OPEX,23.0,26.6,27.265,20.81,158722.765339,22.638
TRUP,24.61,25.52,25.54,24.49,289729.600077,24.7743
CNK,27.06,27.53,27.705,26.7,1514480.036734,27.07
BOND,92.32,92.35,92.55,92.28,443517.47084,92.3256
CMSpC,17.29,17.32,17.32,17.22,13658.1057,17.2708
JOBY.WS,1.2199,0.85,1.2199,0.8,262502.0,1.0507
CNDT,1.76,1.8,1.82,1.691,1088829.596406,1.7372
MNKD,3.52,3.56,3.68,3.4,9544170.021207,3.5157
APRE,0.9799,0.93,1.06,0.90265,974589.996,1.0013
BEPJ,24.9,24.99,25.15,24.83,4324.0,25.0662
SKM,37.87,36.26,38.0,35.87,2549926.08314,37.2539
QQQE,114.05,112.95,114.05,112.7,160678.999323,113.4715
CVS,90.55,88.0,90.89,87.36,11162662.985047,89.7629
TTI,9.78,9.82,9.8799,9.61,780807.749263,9.765
ESN,19.1087,19.23,19.23,18.98,50795.5234,19.1057
ACIW,45.51,46.1,46.7321,45.02,912462.143111,45.7532
WENC.U,10.01,10.0,10.01,10.0,213516.0,10.0095
FLEX,142.17,137.71,142.585,135.3901,10301089.632372,140.5747
BHV,11.35,11.21,11.39,11.21,1009.2585,11.3354
DUKB,24.19,24.06,24.19,24.02,30549.487,24.1206
BNED,10.52,10.65,10.7499,10.38,239234.803208,10.5096
DELL,260.46,233.59,263.99,233.59,12168099.632468,254.4421
TYRA,34.32,32.95,34.57,32.94,896093.323543,33.9745
DDFY,19.91,19.86,19.92,19.855,273640.8435,19.8918
SYBT,71.99,72.19,72.604,71.6,92962.409124,71.9592
WAGN,14.92,14.94,15.0,14.79,113298.585992,14.909
BSMS,23.44,23.48,23.48,23.44,30853.3871,23.4581
DAC,134.63,133.15,135.21,132.85,97144.058695,134.387
TWIN,19.23,18.41,19.6699,18.145,130940.151479,19.1618
VRTS,143.93,142.07,144.53,139.51,83772.280225,142.5172
EML,22.18,22.57,22.75,22.03,5595.8463,22.2643
BRCC,1.3,1.23,1.31,1.22,759760.19659,1.2865
EXG,9.52,9.53,9.55,9.4813,343042.319828,9.5046
MGPI,19.7,19.12,19.91,18.865,172507.897314,19.6523
CCNE,31.18,30.92,31.25,30.85,87213.552176,31.1091
LEN,88.38,88.13,88.79,87.0412,1501739.243915,88.1487
EAI,20.75,20.64,20.75,20.64,18444.792,20.6946
AIIA,10.13,10.13,10.13,10.13,133.0,10.127
ERII,9.13,9.67,9.67,9.03,1548704.380082,9.1611
CLOA,51.875,51.92,51.92,51.85,431549.233735,51.8712
AII,19.73,19.49,19.88,19.19,66953.144,19.7124
TCPA,24.08,24.08,24.08,23.975,17126.0,24.0117
MAN,29.84,30.38,30.38,29.1,504557.319835,29.7673
ACLC,82.6504,82.2,82.73,82.2,3896.415,82.662
ALRS,26.86,27.05,27.05,26.69,240544.923257,26.8313
MDWD,16.57,17.18,17.18,16.5,82807.2269,16.6806
FDX,378.58,378.21,383.31,375.5,1369837.617868,379.4909
XCLR,27.309,27.23,27.35,27.14,1372.8028,27.1618
PLUN.U,10.02,10.0,10.025,10.0,37867.0,10.0199
PKX,91.72,89.01,92.4,89.01,336565.824559,90.1939
UIS,3.18,3.02,3.18,2.88,1298711.949042,3.0692
PALU,20.34,18.12,20.37,17.71,179313.44837,19.6596
CORO,35.89,35.71,35.98,35.71,318697.195474,35.8902
CHR,1.75,1.75,1.8,1.75,18953.62881,1.762
KIMpL,19.93,19.93,19.9884,19.93,8700.1138,19.9452
FLOC,24.84,24.61,25.06,24.21,877463.526597,24.789
EPRpC,25.9099,25.77,26.1,25.77,1889.2999,25.9584
KE,26.14,25.98,26.64,25.73,186330.689198,26.2547
PNRG,239.05,230.64,240.5,224.665,36567.318856,233.7656
GATX,186.43,184.22,186.63,182.835,250588.102038,185.2239
NVEC,90.21,88.28,95.245,86.0,119163.230744,91.6403
SMPL,12.26,12.37,12.555,12.24,1918136.2179,12.3574
NUS,7.16,6.635,7.16,6.34,784396.450358,6.8515
CRBD,23.9999,23.97,24.04,23.88,14939.08,23.9802
ESI,43.9,42.95,43.91,42.67,3005174.73107,43.3031
SFpD,17.02,17.07,17.1,16.94,10222.0,17.0584
ANGX,3.35,2.98,3.35,2.935,2116825.646092,3.1965
AHT,3.08,3.09,3.14,3.005,18798.735018,3.0803
HLAL,69.95,69.28,69.9699,69.2114,43758.499822,69.7421
CAG,14.13,14.36,14.41,14.0801,10376054.760306,14.1893
STRZ,19.79,21.46,22.81,19.66,292234.383501,20.8105
CFFN,7.85,7.81,7.9,7.79,691975.42276,7.8505
FSOL,11.0,10.46,11.02,10.45,498205.736788,10.7962
CUZ,26.76,26.6,26.91,26.47,2038275.043606,26.768
SAFT,71.43,72.72,72.99,70.9,86275.482298,71.5301
RITMpC,24.59,24.66,24.66,24.55,20407.7714,24.5951
IQV,178.71,182.43,182.62,175.28,1083097.129553,178.4379
BARK,9.05,9.36,9.36,9.02,25257.994665,9.1662
VSAT,70.01,67.35,70.3499,67.1,1538653.621638,69.2298
BWFG,52.36,51.77,52.55,51.43,31935.1439,52.1119
FTEK,1.52,1.52,1.53,1.48,156775.0,1.5026
NPK,142.48,137.45,142.855,136.02,98502.857,139.7602
SLMT,0.6454,0.6697,0.6702,0.6336,742977.063804,0.6525
FGSN,21.68,21.69,21.77,21.63,6734.265,21.6921
NPB,17.78,17.66,17.82,17.41,109347.77627,17.7006
DH,0.9527,1.05,1.05,0.8947,412440.49399,0.9496
BKT,10.72,10.67,10.72,10.65,103321.847761,10.6835
GNLpD,23.76,23.53,23.76,23.46,8133.0595,23.5936
PDC,8.09,8.18,8.35,8.0,74556.29,8.1192
SHOP,110.41,110.44,110.84,107.35,14507574.04691,109.1517
BNZIW,0.01089,0.0099,0.0109,0.0087,50482.0,0.01012
HCM,13.13,13.22,13.44,13.13,16590.431149,13.2287
G,32.56,34.18,34.63,31.47,5439137.006916,32.217
JEM,1.31,1.25,1.42,1.25,102612.880625,1.3387
GDRX,2.92,2.8,2.94,2.72,2923364.510692,2.8533
CHCT,17.58,17.64,17.85,17.56,255403.009523,17.6693
BKEM,94.6027,94.25,94.6027,94.25,1525.64272,94.4103
DTF,11.49,11.49,11.5,11.45,19762.47716,11.481
KD,12.26,12.55,12.58,12.11,5301625.945622,12.2887
MAGN,12.08,12.2,12.875,11.8,695741.549397,12.3698
ORR,36.94,36.99,37.23,36.905,92974.92896,37.054
FMB,51.1796,51.28,51.3,51.13,81231.51871,51.2038
OLMA,14.9,14.99,15.47,14.85,592427.675648,15.0369
EVG,10.91,10.94,10.97,10.89,39843.4003,10.9188
TYGO,4.27,4.61,4.61,4.09,921779.917498,4.2398
NEPH,3.52,3.09,3.78,2.91,125255.391924,3.4591
COFS,31.48,31.41,31.705,31.055,54978.1131,31.4949
KTEC,14.29,14.4,14.47,14.2,51170.998481,14.2856
RS,369.29,370.96,372.33,367.0,244964.32186,369.7791
BMNR,22.17,22.0,22.395,21.48,28943947.64121,21.9099
AOUT,9.37,9.54,9.775,9.3,27755.68537,9.4693
DGCB,54.84,54.8,54.86,54.79,66214.077352,54.8252
CRMT,12.95,12.79,13.3,12.52,51858.554202,12.8735
HPP,10.95,11.64,12.28,10.87,1422210.740049,11.4182
MNDR,1.06,1.16,1.1607,1.0101,234401.429945,1.0849
SEG,22.22,22.19,22.47,21.81,47240.080409,22.1688
ACRpC,25.12,25.07,25.12,25.07,6955.1947,25.0944
ETOR,38.38,38.29,38.62,37.38,1073411.778111,38.1425
CLW,13.67,13.62,13.88,13.4,129269.535214,13.6605
NMRA,1.83,1.97,1.98,1.755,2129663.38502,1.835
ARDT,10.11,9.91,10.27,9.725,385489.498182,10.1306
CMU,3.5312,3.54,3.55,3.53,131143.2943,3.5415
BHK,9.19,9.16,9.2,9.1,127472.723335,9.1855
WTRG,37.47,37.7,37.99,37.415,1006347.331729,37.6355
VSCO,48.04,48.1,49.75,47.38,1946626.136003,48.5106
CGEN,2.9,2.9,2.95,2.825,337767.638498,2.8842
HEDG,29.81,29.85,29.88,29.7701,37074.3169,29.8363
HPE,31.35,30.0,31.35,29.8318,17520993.030437,30.8096
FBIN,37.98,37.55,39.0,36.46,8733722.412749,38.088
LB,64.98,63.8,65.08,62.67,276994.939574,64.3339
RMCF,2.54,2.53,2.6,2.45,89795.0293,2.5839
MDA,34.61,34.24,34.92,33.15,562580.89504,34.32
EMBC,3.64,3.63,3.75,3.47,6510293.186583,3.6261
GWRS,7.07,7.15,7.198,7.06,48590.599037,7.1165
GFEB,43.555,43.5999,43.6,43.5,14461.0,43.5095
NRC,18.75,18.76,19.22,18.285,128758.094919,18.9072
CMPR,91.67,91.57,92.59,89.03,151668.1361,91.0751
BCAB,4.84,4.36,5.18,4.36,58327.119707,4.8204
IVZ,27.59,27.09,27.615,26.79,4883793.111983,27.4831
BKIE,99.42,99.09,99.84,98.97,23705.671588,99.233
HCA,435.19,433.45,438.0,431.42,1599292.172701,434.5186
YSWY,25.77,26.81,27.5,25.53,261039.875294,26.5477
CWBC,23.99,24.05,24.25,23.85,191578.494301,23.9929
GBFH,29.16,29.3,29.71,29.07,31353.494854,29.3016
BJDX,1.72,1.81,1.81,1.72,8118.819814,1.7844
BEDY,27.9584,27.76,28.02,27.76,27374.8595,27.9527
CDP,31.7,31.88,32.04,31.6154,680743.970507,31.8099
DHC,8.45,8.1,8.48,7.9013,1372401.63673,8.3443
CHNR,4.3,4.32,4.32,4.202,9881.058,4.2596
WCT,2.135693,2.1,2.16,2.05,4648.595121,2.1026
NGG,86.89,87.14,87.28,86.56,1000434.80317,87.0451
IACO,9.88,9.86,9.88,9.86,1716.0,9.8712
APTV,57.94,57.93,58.27,57.01,5007547.63348,57.7002
EEX,4.57,4.72,5.0499,4.5601,17918.872569,4.692
MVRL,14.8086,14.74,15.15,14.6485,4246.7712,14.7636
MHK,103.83,103.24,104.205,101.18,822460.793129,103.2803
MSLC,58.03,58.03,58.04,57.88,70252.587,57.9743
NIXX,0.6294,0.66,0.6767,0.615,357174.491666,0.6468
BIRK,39.34,39.63,40.09,38.61,1533885.930212,39.51
EMF,22.57,22.27,22.57,22.2101,30330.131149,22.319
ACRS,4.93,4.83,4.94,4.66,1205870.832671,4.8485
IMVT,28.94,27.32,29.8475,27.16,2400351.578523,28.9943
CAMT,205.54,194.28,207.0,194.28,321255.72576,203.1433
DWX,46.7357,46.79,46.88,46.68,11211.453934,46.7387
QQA,56.7,56.32,56.72,56.16,64328.260413,56.4845
CPS,30.8,31.19,33.19,30.71,322577.188257,31.5909
PRIFpL,24.65,24.52,24.79,24.52,2273.7341,24.6818
SPRU,3.3,3.46,3.6,3.3,35721.704947,3.4031
DBL,14.56,14.5,14.57,14.5,38078.4777,14.5407
CCM,5.74,5.29,5.7899,5.03,7492.0,5.3352
IPDN,0.691,0.72,0.7299,0.6801,40897.505905,0.708
EMO,49.4,49.68,49.8699,49.4,38953.945968,49.7242
DTI,3.0,3.18,3.18,2.84,933277.579508,2.985
DEVS,0.1587,0.1607,0.165,0.1507,1792130.002343,0.1581
AUNA,5.07,5.07,5.09,4.98,279011.843545,5.0097
TFPM,33.38,32.99,33.39,32.705,568413.029022,33.1756
IEUS,73.59,73.37,73.69,72.77,57110.913748,73.5251
IPSC,2.29,2.3,2.33,2.2114,472790.867205,2.2863
CSTL,19.83,19.26,19.85,18.66,498548.551978,19.4427
XOMA,41.89,41.3,41.94,41.2,111716.518305,41.7298
COLB,30.04,29.64,30.11,29.64,3398957.910281,29.9274
GM,78.8,79.13,79.33,78.0691,2950299.358735,78.6535
DTE,140.6,142.76,143.095,140.365,1782104.469182,140.9159
GREE,1.21,1.19,1.22,1.16,78813.189036,1.1999
PLXS,266.55,265.9,268.46,263.145,222441.543384,265.7041
AUUD,1.46,1.57,1.57,1.46,361197.944572,1.4961
GLXY,30.23,29.82,30.28,28.2,4549251.638285,29.3597
SE,86.73,85.8,87.79,84.68,4006739.669513,86.6895
IMRN,0.8049,0.83,0.8695,0.8049,2540.963855,0.8289
NAIL,39.32,39.77,40.4018,38.52,1211640.911267,39.3781
CWK,14.19,14.04,14.33,13.895,1006110.33894,14.1776
NX,20.25,20.17,20.68,20.0,201380.276524,20.3341
BUD,79.89,79.95,80.195,79.635,1288464.507291,79.9021
DWTX,1.65,1.57,1.66,1.55,83059.694018,1.6256
MMM,143.29,144.72,145.3,142.8,2565966.739595,143.4157
ORCLpD,57.82,57.115,57.99,56.65,277364.113,57.4859
COGT,34.74,34.94,35.4,34.47,896098.911871,34.7634
BMLpG,19.375,19.43,19.43,19.27,1068.79,19.3714
UTHY,40.645,40.67,40.74,40.6201,8312.919422,40.6765
SURG,0.555,0.55,0.56,0.5336,44060.745176,0.5478
DXST,1.92,2.04,2.04,1.85,34661.32,1.9609
CPRI,18.53,18.78,18.8925,18.25,2238072.161862,18.5209
LUMN,8.48,8.55,8.63,8.327,12074833.101331,8.4898
COOT,0.6348,0.63,0.635,0.614,48085.396,0.63
PBM,5.59,5.9,5.985,5.405,134639.139379,5.6613
CRL,177.62,182.56,183.645,174.07,978199.489391,178.4923
AD,55.77,49.75,58.29,49.75,881264.856517,55.8678
TETH,11.57,11.35,11.5901,11.34,582409.906237,11.4853
ECVT,14.14,14.17,14.195,13.825,2475650.633421,14.0314
AEP,130.16,131.21,132.08,130.1,2660248.714709,130.7258
BNJ,15.0,15.02,15.04,14.91,16644.51,14.9741
NRGU,33.3,33.09,34.2843,32.17,75838.555095,33.3606
PSQO,20.77,20.75,20.79,20.7,17330.0317,20.7552
MTBpH,25.2199,25.25,25.25,25.1601,9779.3514,25.2135
UTL,50.75,50.99,51.565,50.55,110719.330056,50.8978
TDY,621.38,634.81,635.98,620.32,198958.818106,623.7749
GAB,5.67,5.65,5.7,5.65,869156.923439,5.6657
BMEZ,14.18,14.13,14.1991,14.1,239342.409616,14.1412
STGW,6.47,6.46,6.525,6.4,1312380.953461,6.482
VERA,36.19,35.83,36.93,35.75,797467.809185,36.2509
FHI,55.95,54.23,55.96,53.39,796386.745885,55.5169
NEXR,1.73,1.85,1.8575,1.7,105993.404042,1.7768
CVEO,31.16,31.42,31.62,30.77,32110.655852,31.1171
HOUR,2.4,2.63,2.635,2.3,59985.08194,2.4452
ZUMZ,25.08,25.06,25.3851,24.87,65837.184,25.1242
ESLA,1.26,1.25,1.2672,1.205,42868.198,1.2218
LBTYA,12.15,12.37,12.37,12.115,1306402.567305,12.206
STEL,37.46,37.44,37.69,37.39,152459.34026,37.4985
ADBG,4.82,4.84,4.84,4.55,2079036.067193,4.7083
BLCN,25.61,25.3,25.75,25.3,69809.29875,25.5957
GNE,14.44,14.6,14.64,14.2501,34004.1598,14.4569
NSSC,40.82,42.06,42.06,40.52,344047.88159,40.9918
BTOG,1.92,2.06,2.06,1.82,130795.152608,1.9176
NC,50.37,52.15,52.15,50.37,10742.703895,51.139
HLLY,2.82,2.56,2.8399,2.52,1326446.40228,2.7243
IDVO,42.8,42.9,42.93,42.61,281279.614384,42.7539
GTX,29.0,27.4,29.18,27.385,4243061.180065,28.741
LUNG,1.26,1.27,1.3005,1.22,605873.102995,1.2465
INMB,1.43,1.41,1.505,1.41,240373.50606,1.4574
FCAL,49.45,49.58,49.58,49.411,8470.0443,49.4693
NIO,5.85,5.94,6.02,5.83,18960269.787189,5.8961
FBLG,1.16,1.23,1.25,1.13,189718.534947,1.1791
INDV,39.5,39.78,40.05,39.0101,2480135.557718,39.4495
CMPX,1.83,1.8,1.895,1.75,6529812.799285,1.812
DDI,11.6,11.3,11.7067,11.2601,498819.561303,11.5156
KRMN,60.84,61.4,61.6499,58.7701,1750859.764596,60.0071
FINV,5.17,5.13,5.22,5.1,892761.026594,5.1727
CPZ,13.64,13.67,13.8,13.53,48283.280637,13.655
DEXC,79.75,78.82,79.76,78.82,19768.2897,79.6155
VMI,510.55,513.25,513.365,503.25,208337.387428,508.5359
EEA,10.81,10.82,10.86,10.7141,32018.6224,10.788
NVO,46.07,45.97,46.14,45.19,12054050.284428,45.7595
CCC,5.13,5.14,5.2,5.06,9250933.754293,5.1248
AGYS,71.59,71.59,72.15,69.2,251892.256298,71.3766
PPBT,4.125,4.08,4.1967,3.95,3346.5,4.0172
SMG,61.08,62.74,62.74,60.91,824630.505573,61.3297
GLIBK,26.26,26.77,27.3204,25.33,1559814.170995,26.1664
ALG,163.76,166.65,168.585,163.62,161259.922659,165.0851
DTB,17.13,17.12,17.14,17.05,12048.545,17.1064
ATHS,25.2,25.21,25.21,25.08,24304.0,25.17
TGL,4.63,4.64,4.79,4.52,11521.731,4.6353
PRI,274.55,274.44,276.7,270.15,149406.956381,273.9313
RQI,13.43,13.4,13.5699,13.38,415752.15012,13.4626
DFIN,42.84,44.41,44.41,42.575,348994.711152,43.2192
PRGS,29.87,29.08,29.95,28.19,421443.851047,29.5737
MCRI,118.61,117.61,119.07,116.6,89159.338637,118.0107
RIET,9.68,9.67,9.71,9.64,51933.603786,9.689
RCpE,13.6,12.75,13.6,12.75,28262.0556,13.2418
AAUC,29.59,29.45,29.59,29.0,244887.591039,29.4439
FLXR,39.26,39.23,39.2867,39.23,322961.18929,39.268
NUVB,4.79,4.82,4.91,4.7,2918420.879573,4.7901
UWMC,3.38,3.43,3.45,3.325,17130948.595196,3.3872
BWNB,25.0,25.0,25.04,24.95,2494.24,24.9898
JRI,13.1497,13.21,13.2195,13.11,141578.14051,13.1501
ITRI,81.87,81.77,82.97,81.4301,654806.92631,81.9127
SPXC,202.84,207.08,209.0299,200.573,377168.858999,203.4732
BPYPO,15.3501,15.37,15.48,15.35,8760.661,15.4276
NXE,12.14,12.49,12.49,11.99,5135858.79355,12.1639
AMBR,2.13,2.2,2.23,2.1,8632.981489,2.1663
AMAL,42.07,41.9,42.35,41.72,133298.004113,42.0561
SMCL,73.95,66.06,75.0,61.74,164581.811901,70.9256
LOB,37.7,37.71,37.74,37.33,121466.307244,37.6156
EHAB,13.79,13.8,13.8,13.78,584868.673521,13.787
GLXG,1.06,1.18,1.18,1.06,1669.0,1.1381
ZIP,3.62,3.32,3.62,2.82,2079935.785015,3.3337
POWL,309.39,312.0,313.2,300.16,495223.958469,308.4525
CLYM,11.37,11.91,12.24,11.32,1139467.282077,11.7595
TDS,46.47,44.96,49.12,44.94,1906785.399476,47.2152
GFS,74.12,71.99,75.165,70.6001,6172384.276436,73.519
TVE,23.7,23.64,23.92,23.64,7504.4416,23.6925
MGR,20.69,20.73,20.73,20.6,15267.214,20.6571
PSX,171.56,168.08,171.96,166.82,2917678.103807,171.1639
KLRS,5.08,5.17,5.24,4.99,41395.852728,5.0875
RDY,13.23,13.56,13.56,13.215,2537140.772282,13.2719
LSPD,9.86,9.73,9.89,9.49,619182.198165,9.7665
NRT,8.26,8.24,8.4,8.11,59020.030789,8.2926
HNRG,18.81,18.83,19.9,18.37,1036934.391666,18.9866
NCPL,0.397,0.381,0.397,0.351,1075653.501,0.3918
BGS,5.35,5.45,5.48,5.3,1508447.110447,5.369
RCT,0.6662,0.69,0.6943,0.662,219182.378659,0.6759
CWCO,32.92,33.18,33.45,32.83,70455.350871,33.0572
ALOT,14.52,14.28,14.52,14.0,46786.660333,14.3646
NXTC,9.76,10.18,10.2,9.76,9494.3188,9.9387
ASBpF,20.55,20.65,20.65,20.55,2640.0,20.6167
CAAS,4.5,4.51,4.58,4.43,40849.449735,4.5054
THRM,31.57,30.93,31.66,30.845,239882.9647,31.4697
WRBY,29.55,27.07,29.71,26.38,4177510.104654,28.9323
NEXA,14.33,14.3,14.62,13.81,1207486.670959,14.1909
STUB,7.71,7.61,7.875,7.39,2792706.428457,7.7298
CMI,679.55,689.71,693.3099,676.9,907298.355229,681.0283
FHN,24.61,24.59,24.735,24.4348,4129864.963753,24.5877
DMRC,9.36,8.71,9.73,8.4,370458.234699,9.2154
STAG,38.95,38.78,39.3,38.7,973745.190513,39.0082
EXTR,24.04,23.63,24.21,23.63,2397562.073283,23.9448
RSF,14.6,14.63,14.78,14.5998,15188.3267,14.6202
CMCO,15.93,15.95,15.97,15.64,188221.14576,15.8692
WOK,1.28,1.29,1.3,1.26,17023.666994,1.2872
LU,1.95,1.95,1.97,1.93,726079.718816,1.947
MTC,6.95,7.01,7.5,6.875,59335.303853,7.1364
SBCF,31.09,31.04,31.205,30.79,639855.2794,31.0372
PANL,7.84,7.95,7.95,7.765,397509.093374,7.8261
FCHL,1.73,2.26,2.3,1.67,309459.897315,1.9248
GNRC,269.41,270.0,272.4,263.435,634426.024414,268.3258
GME,24.28,24.14,24.42,23.82,5957749.017067,24.1602
BBVA,22.28,22.42,22.52,22.205,1108690.186251,22.3288
HWM,270.56,273.42,275.815,269.21,3186756.563466,272.4
MYE,22.96,22.85,23.995,22.62,238613.828607,23.2563
SON,51.56,51.34,52.37,50.91,1444192.437836,51.6765
OXY.WS,31.12,31.88,32.26,31.04,38508.81139,31.6208
BITI,21.78,21.96,21.99,21.73,980518.613713,21.8368
HOOZ,27.485,28.3,29.375,27.485,92061.499319,28.4627
ICHR,74.42,74.67,75.35,71.53,1075502.043446,73.6562
JOYY,58.88,58.54,59.29,57.995,168642.395534,58.6624
COCO,71.6,68.45,72.98,68.32,1671722.007652,71.5015
PHO,67.66,68.3,68.4524,67.63,68296.046142,67.8717
FATE,2.39,2.4,2.465,2.32,2848835.602522,2.3924
SSTK,17.06,16.99,17.07,16.74,136731.370592,16.9781
DDL,2.55,2.6,2.615,2.55,256305.706998,2.5869
J,118.43,122.96,123.0,118.38,1512246.226985,119.5982
ADC,76.22,76.64,76.84,76.17,771629.449499,76.3387
RAL,47.23,46.12,47.5,45.64,1690390.538765,47.1617
ONTO,284.67,282.4,288.0,281.36,762858.772779,284.9538
BIDU,141.05,147.31,149.38,138.445,5215554.706828,142.7779
NATO,39.1533,39.13,39.356,39.0101,36836.599539,39.1803
UHAL,52.82,52.71,53.31,52.255,177084.983609,52.8304
RGEN,123.46,125.83,126.83,121.26,995234.77882,123.2559
HURN,119.97,124.78,124.78,117.45,231831.902381,120.4617
LEXX,0.6098,0.6356,0.6528,0.6006,269539.0,0.6175
FBNC,58.86,59.35,59.425,58.75,137232.50353,58.9604
PJT,154.64,153.17,155.3,150.0101,250387.60772,154.2606
BIOX,0.4702,0.4814,0.493,0.4653,91055.792489,0.4767
LNT,71.76,71.98,72.27,71.46,2582625.160232,71.842
MCN,5.96,5.99,5.99,5.94,32620.1349,5.9578
AKTS,18.6,18.8,19.12,18.4,117618.781353,18.6461
GME.WS,3.975,3.94,4.02,3.87,405429.468126,3.9566
BApA,75.29,73.33,75.29,73.33,1286014.22998,74.5631
PRFX,1.94,1.93,1.9575,1.81,23753.258,1.8764
DIVP,26.3,26.47,26.47,26.26,36362.3703,26.3735
PPHC,13.55,13.46,13.74,13.395,77297.0,13.5034
ATEC,7.52,7.98,8.0,7.495,5095611.078331,7.6033
XQQI,52.0981,51.52,52.0981,51.47,255740.908044,51.7749
OVF,32.0545,32.02,32.1,31.935,5220.6343,32.0272
TDTH,1.89,1.87,1.95,1.8,32842.347621,1.8709
RAIL,7.97,7.98,8.065,7.85,121817.256219,7.9684
EGAN,7.46,7.73,7.73,7.35,240630.683318,7.4562
CSTE,1.38,1.38,1.42,1.32,54129.287724,1.3645
WBI,27.35,28.02,28.2,26.78,976263.601367,27.238
PRGO,11.71,11.78,11.975,11.515,2450626.359733,11.7735
ELVR,97.99,97.6,98.88,95.52,85574.322414,97.5246
ORBX,58.364,53.15,58.43,53.15,72758.41724,56.2322
LUCK,8.24,7.41,8.24,7.15,122686.448557,7.8967
GAIN,16.66,16.64,16.692,16.34,198805.360429,16.5799
OPTU,1.13,1.16,1.22,1.11,4994498.711495,1.1822
KOF,105.77,107.35,107.92,105.11,94367.574757,106.017
RANI,0.9655,0.97,0.98,0.9479,402291.820988,0.9628
SCOP,12.19,12.31,12.31,12.18,78013.620232,12.2194
MGTX,9.82,9.72,9.99,9.64,380411.428654,9.8233
MIDD,164.67,161.2,166.8861,158.565,1107762.870771,163.9917
WMK,70.86,70.68,71.355,69.91,173509.023341,70.4905
FN,621.28,643.15,645.99,607.86,763538.971597,619.895
XTIA,1.75,1.81,1.84,1.73,1575258.702391,1.7588
BEP,34.03,34.74,34.85,33.81,518152.500789,34.0706
PNC,216.85,220.19,221.05,216.47,1619362.034889,217.5219
KFY,67.78,66.63,68.03,66.135,315664.12976,67.5202
MSB,29.11,28.75,29.4,28.31,13134.523472,29.025
HCKT,10.74,11.31,11.31,10.55,402832.211255,10.787
APA,35.56,36.21,36.285,35.17,9087183.05887,35.6911
KIDZ,0.6562,0.6696,0.6696,0.620101,199211.32947,0.642
FBRX,24.02,25.95,25.97,23.5325,344784.765587,24.3247
BACpL,1217.01,1224.4,1225.9999,1216.455,2681.4211,1219.5396
BWBBP,19.89,19.9,20.21,19.85,6856.0,19.9182
METL,30.1802,30.32,30.37,30.04,27470.253083,30.1385
SAMG,13.33,13.6,13.67,13.13,23582.093193,13.357
XENE,56.44,56.13,57.47,55.73,920547.289899,56.4322
SVOL,15.84,15.74,15.9,15.74,257696.6318,15.8596
WAY,21.38,20.78,21.48,20.58,1897784.355797,21.197
SITC,5.55,5.35,5.645,5.29,603656.58181,5.5555
TCBX,38.48,38.1,38.74,38.06,76446.5506,38.5476
ROK,453.89,451.44,453.9,446.11,1063077.306882,452.2381
CGNT,11.11,10.98,11.16,10.57,634639.768306,10.9476
AIA,137.44,135.62,137.49,135.49,468749.815783,136.9686
FTFT,1.3,1.25,1.31,1.24,34239.0,1.2747
DFAE,40.22,39.85,40.22,39.8009,820942.358808,40.1114
AMKR,76.61,74.38,76.76,72.32,5324313.901764,75.3874
ACNB,53.54,52.91,53.63,52.91,23234.485404,53.4284
SEIE,35.23,35.15,35.27,35.0,120527.1509,35.2029
DUO,1.46,1.52,1.54,1.41,51379.658368,1.4846
INR,15.45,15.4,15.65,15.19,289830.731387,15.4875
MGRD,15.15,15.08,15.21,15.06,16744.657,15.1214
MANE,106.14,107.88,110.7925,105.225,496371.236467,107.8285
VNOpO,15.42,15.45,15.6,15.42,14793.7135,15.4884
MSDD,25.3392,27.88,28.2708,25.3392,3067.0,27.0284
FSS,118.33,121.29,122.515,118.1,302023.049226,119.251
RZLT,3.21,3.09,3.225,3.08,710494.38345,3.1845
TYL,324.58,327.19,328.525,318.0,312606.824091,324.3079
ITDF,40.8136,40.8,40.8136,40.73,5702.834645,40.757
ATO,180.87,183.49,184.825,180.85,1136647.548097,181.5802
CSRE,28.8143,28.67,28.97,28.67,51199.260675,28.9143
LND,3.81,3.84,3.88,3.8,56339.517563,3.8398
LOPE,166.09,165.87,167.6,164.16,286881.378526,165.6278
BIAF,2.03,2.12,2.12,2.01,185174.766168,2.0425
CCIX,10.78,10.81,10.81,10.77,13204.0,10.7966
GEF.B,85.53,84.49,86.61,81.62,24719.1313,85.1808
BEKE,18.87,18.8,19.08,18.78,5928333.131139,18.9165
GIC,29.24,30.44,30.44,28.78,99701.411353,29.2299
PFH,16.97,16.81,16.97,16.7801,31306.895,16.8605
IDAI,2.39,2.6,2.6,2.38,45421.106633,2.4435
FBRT,9.09,9.04,9.1,8.935,910324.870399,9.0682
CERS,2.61,2.61,2.66,2.48,2201390.582478,2.5846
TRP,64.75,65.02,65.7,64.511,1497847.698199,64.9408
ONEV,139.1582,139.1,139.2899,138.91,39878.9323,139.0377
BZUN,2.75,2.78,2.78,2.7,236114.488215,2.7258
PEJ,60.62,61.2,61.29,60.47,46878.313616,60.8088
VGM,10.44,10.47,10.5,10.42,84867.71745,10.4566
NAN,11.53,11.5,11.54,11.46,55427.328,11.5069
SOJE,17.37,17.27,17.37,17.27,52163.0,17.3358
CWY,22.85,23.29,23.29,22.76,10516.698,22.8944
NMI,10.85,10.5,10.87,10.49,43437.18857,10.6757
SEZL,96.34,102.27,102.81,91.74,822606.216509,95.8836
YEXT,4.02,4.06,4.115,3.93,1088888.776547,4.0323
SPOT,417.83,426.16,427.48,416.26,1803974.979109,420.241
GCV,4.58,4.55,4.58,4.515,73600.120494,4.5452
CHPT,6.24,6.15,6.34,6.0312,522126.487949,6.2226
TJGC,1.68,1.67,1.73,1.67,45577.997792,1.6839
BINC,52.36,52.34,52.37,52.32,1467039.41903,52.3472
AVNS,24.8,24.8,24.81,24.76,965890.8134,24.7977
AVK,12.93,12.75,12.96,12.75,125965.015313,12.8633
ASO,54.11,53.24,54.82,52.63,1036402.568748,54.0812
MUX,24.23,23.86,24.7199,23.38,1663994.046732,24.0976
AXG,3.68,3.65,3.68,3.64,16919.992,3.6561
MDXH,2.0,2.03,2.035,1.98,68673.19409,2.0032
RETO,0.62,0.6205,0.635,0.62,21850.0,0.627
AIRJ,3.55,3.57,3.83,3.485,720224.027654,3.6323
ONCO,0.38,0.3955,0.4,0.36,852275.46717,0.3721
SII,140.81,144.93,144.93,140.38,124062.600239,141.3523
RERE,4.77,4.58,4.79,4.57,892965.632185,4.7144
AXS,99.39,99.3,99.995,97.5701,327843.962811,99.4286
SENS,5.03,5.37,5.83,4.8,4745290.374886,5.1117
HCC,85.87,87.56,90.0,85.385,686891.381164,86.3318
ALTI,3.87,3.81,3.89,3.795,104581.89545,3.8622
HSDT,2.22,2.17,2.23,2.11,106522.115168,2.1707
AIR,117.78,118.93,121.53,117.63,487014.401316,119.182
ORI,39.26,39.55,39.72,38.98,1150389.075771,39.2607
PSFE,9.28,9.39,9.4099,9.0,221494.215573,9.2916
MGRE,24.13,24.08,24.13,23.95,20544.0,24.0706
MSLE,7.69,7.08,7.805,7.08,32265.404919,7.4533
MCVT,26.7548,26.77,26.78,26.68,10891.0,26.746
MUC,10.86,10.89,10.89,10.84,302660.01938,10.8596
LPX,75.15,75.84,76.5,74.26,1487367.226837,75.2421
LIF,44.05,43.0,44.1,42.0,701455.193007,43.6079
MBBC,15.3,15.49,15.49,15.3,707.0,15.3115
MBIO,0.696,0.7123,0.7197,0.6801,41366.891333,0.7034
KIDS,17.81,17.59,17.9,17.225,171007.526651,17.728
VIPS,14.46,14.61,14.72,14.435,1603361.96976,14.5195
INMD,13.96,13.98,14.15,13.85,1384473.391842,13.9865
LIVE,13.25,13.17,13.82,13.17,2832.0,13.327
TAL,11.09,11.47,11.57,11.03,3540516.135905,11.177
RFpC,24.52,24.44,24.56,24.44,17300.0814,24.4762
AGI,43.38,42.93,44.04,42.42,2942793.223184,43.1442
CTApA,54.25,54.2,54.25,54.19,752.8658,54.236
VIAV,51.21,52.19,52.69,49.99,4831152.536615,51.0254
COUR,5.78,6.18,6.18,5.75,6623724.467202,5.8247
JOF,11.72,11.63,11.7999,11.63,72449.253697,11.7163
PB,69.26,69.53,69.84,69.11,602957.543535,69.3768
CANG,0.6909,0.5752,0.7166,0.503,3940977.045141,0.6399
BAH,77.04,76.23,77.14,74.88,1253720.804781,76.3958
BRSL,13.05,12.68,13.065,12.6,1219886.667851,12.9357
CLIK,2.23,2.23,2.27,2.21,30972.0,2.2448
ENVA,174.9,173.61,175.375,170.341,180618.664714,173.554
NEE,93.1,93.88,94.37,92.58,6230102.792058,93.2372
ETS,0.551,0.576,0.599911,0.543,34585.0,0.5653
MKL,1814.64,1803.41,1825.56,1791.06,73115.610902,1813.2068
VRCA,7.99,8.19,8.23,7.72,110370.165966,7.9674
MSFD,13.12,13.06,13.15,13.005,1230967.905775,13.0847
NVT,169.95,169.94,170.89,166.25,1703487.296477,169.341
INNV,7.57,8.06,8.0872,7.555,394098.468593,7.6889
AGNCP,24.97,24.98,24.98,24.945,53570.8788,24.9703
EOI,20.01,19.99,20.0699,19.93,53421.407466,20.0046
IONS,75.71,76.45,77.4,75.24,1656234.002953,75.8709
PFSI,90.54,89.34,90.67,87.91,501988.462829,89.8694
VEL,18.24,18.29,18.51,18.0,89411.5126,18.2262
ONL,2.88,2.82,2.89,2.78,471453.251415,2.8561
NXDR,2.02,1.88,2.02,1.855,6930643.885641,1.9495
RUSC,36.2493,36.39,36.39,36.16,3520.0,36.2404
ASMU,29.18,27.44,29.4,27.44,133087.819995,28.3304
BILZ,100.76,100.76,100.76,100.74,171584.751927,100.7446
PICS,12.25,12.63,13.8,11.79,312389.666137,12.1811
CWST,85.44,85.19,85.92,83.38,478627.905487,85.372
WFRD,102.32,102.68,103.91,101.35,963610.821088,102.4642
TROX,8.82,8.59,9.15,8.59,3464325.425168,8.9331
FIS,43.49,44.5,45.595,43.28,11469020.357791,44.1158
SPTB,30.135,30.15,30.16,30.125,42134.4636,30.1366
DKL,51.05,50.51,51.76,49.4801,71247.893813,50.9653
HFRO,6.21,6.2,6.24,6.18,104948.587611,6.2195
QXO,18.76,19.25,19.4,18.09,14330392.605157,18.5031
VVR,3.04,3.06,3.07,3.04,549474.343012,3.0555
GGZ,16.01,16.06,16.16,16.01,10366.0157,16.0793
BKCH,86.68,87.93,87.93,84.0,100797.085999,85.6837
CBK,29.11,29.03,29.17,28.94,33361.0,29.078
FDRS,23.25,23.09,23.25,22.48,22454.24,23.1354
OCS,32.64,31.02,32.76,30.9,484933.698152,32.1973
MOS,22.19,22.97,23.27,22.17,9629272.42238,22.5934
CIB,65.27,65.87,66.0,64.8401,227249.51584,65.3084
AVAV,168.29,167.56,169.92,164.61,918267.247438,167.7216
BRBR,10.31,10.27,10.77,10.1425,6097822.506585,10.3871
DSU,9.91,9.94,9.94,9.895,234499.21579,9.9086
SMA,32.56,33.6,33.6,32.54,774508.464051,32.7422
DSGR,27.4,27.49,27.77,27.22,107066.302849,27.3805
IFS,44.66,45.28,45.71,44.52,144118.597283,44.9289
PRN,239.5484,239.9,241.34,238.79,14834.947911,239.8223
AES,14.33,14.38,14.38,14.25,11248158.776238,14.2991
STKH,1.8,1.72,1.9,1.72,2277.05497,1.7874
CFG,63.73,64.52,64.88,63.38,3748974.646468,63.8347
TR,42.5,42.85,43.43,42.27,96355.464417,42.7915
UHT,40.61,40.7,41.23,40.46,35035.535278,40.8187
HYZD,22.555,22.51,22.5799,22.47,27684.5675,22.5499
CBZ,30.92,31.21,31.43,30.475,560373.43841,30.9698
GABC,43.59,43.81,43.92,43.39,73497.50151,43.5824
PII,68.24,67.82,69.43,66.82,694394.349898,68.3975
PAI,12.23,12.25,12.26,12.19,17256.3266,12.2386
AREBW,0.0104,0.0103,0.0118,0.0103,2002.0,0.01117
BGY,5.81,5.82,5.82,5.772,252149.938449,5.788
BBAI.WS,0.58,0.6,0.6,0.51,42033.0,0.5431
TDF,11.48,11.57,11.6,11.41,85907.276301,11.4785
RH,133.89,134.56,135.98,132.0,582302.162995,133.9087
PVLA,121.29,113.61,121.72,113.61,231545.39972,119.0847
ICCC,8.05,8.49,8.65,7.97,23198.887474,8.374
OGS,84.91,85.63,86.255,84.635,583169.218659,85.1706
NIOBW,1.98,2.0,2.07,1.91,63724.017,1.9868
ALNY,295.05,295.91,300.17,293.06,926772.240099,295.6252
BBAI,4.18,4.18,4.2,3.97,35187664.877322,4.0735
ZHOG,51.5495,51.55,51.56,51.52,5447.8389,51.5404
PFLT,8.92,9.03,9.11,8.88,1798149.517858,9.0059
IT,158.65,155.86,159.95,150.65,1204615.93673,157.9006
IMOS,60.27,59.53,61.27,57.8601,118776.375754,60.1285
NBTB,45.59,45.02,45.855,44.9,295882.67704,45.5112
BBBY,5.3,5.36,5.37,5.16,1655745.204163,5.2662
ESOA,17.31,17.24,17.44,16.91,60074.029459,17.2372
SRJN,24.92,24.83,24.9699,24.83,7566.0,24.8751
MAC,21.87,21.5,21.97,21.465,1554497.194703,21.8408
KEP,15.46,15.18,15.48,15.18,396054.035952,15.4244
HDB,25.02,25.45,25.52,24.935,6231539.480312,25.0453
WRBpE,21.64,21.61,21.64,21.61,2531.525,21.6429
BCPC,160.97,159.75,161.315,159.0,96913.824062,160.4132
BGT,10.96,10.96,10.98,10.9388,51216.294815,10.9586
EVSD,51.075,51.11,51.11,51.065,108434.3084,51.0795
HLN,9.11,9.17,9.18,9.07,20071842.326426,9.1209
FLYW,17.23,17.66,17.73,16.975,2218443.804634,17.2231
RCD,22.45,22.4,22.5,22.37,47570.4909,22.4339
IMCR,29.58,30.62,30.65,29.51,130017.472353,29.864
ZBRA,226.03,229.44,229.44,222.58,778997.502533,225.301
EBF,20.67,20.51,20.75,20.5,88686.531529,20.6406
ZIG,39.0952,39.24,39.24,39.0952,566.6464,39.2482
AIRO,7.34,7.3,7.44,7.21,241271.242606,7.3407
MBC,7.61,7.82,7.88,7.59,3893502.199145,7.6854
USOI,55.17,55.6,55.61,55.0,36355.103685,55.3053
FMTM,40.2582,40.4,40.4,40.1381,139135.233015,40.2811
NVGS,23.01,22.95,23.12,22.49,588886.810836,22.8911
MUR,36.98,38.22,38.22,36.83,2427015.15985,37.4077
VNOpM,17.88,17.9,17.9,17.735,21450.1564,17.7904
GFR,5.78,5.78,5.85,5.55,179880.225171,5.7705
WTI,3.71,3.65,3.75,3.4,8363170.112249,3.6105
INDB,78.2,78.21,78.945,78.05,224307.158721,78.3499
AKAN,27.0,35.34,35.45,27.0,406479.626904,31.0618
NZF,12.67,12.67,12.6999,12.64,364966.47236,12.6665
FSCO,5.15,5.15,5.17,5.11,907194.24679,5.1438
PLBC,52.03,51.97,52.19,51.5,36359.8033,52.0073
MDU,22.49,22.75,22.75,22.4,1421530.351361,22.5201
MKSI,313.21,318.7,324.42,308.83,1736811.695023,317.7141
VTN,11.24,11.29,11.29,11.15,13596.1188,11.218
GLIX,27.0501,27.23,27.23,27.0501,1234.426959,27.1019
TXT,91.01,91.96,91.96,90.31,1379032.201332,90.9769
WDFC,208.05,209.76,211.1,206.39,85438.16034,208.785
MSM,104.28,104.74,106.43,103.44,604735.564014,104.2786
NCNA,2.11,2.1,2.2323,2.1,25073.253821,2.1243
FLNT,2.78,2.78,2.865,2.7499,9818.1694,2.8088
JFR,7.53,7.53,7.53,7.512848,404756.749777,7.5254
RC,1.89,1.96,2.0,1.88,2189299.357911,1.916
LMBS,50.0,50.02,50.04,49.922,414543.24657,50.0052
TALK,5.19,5.18,5.2,5.18,1119590.53731,5.1923
RKNG,26.2731,26.43,26.43,25.61,19257.155,25.8137
INHD,1.64,1.63,1.77,1.5,419199.459824,1.6137
APPX,36.11,40.16,40.235,32.64,2191517.854793,35.2034
REET,27.41,27.43,27.526555,27.37,2550915.300583,27.4639
OGN,13.35,13.36,13.365,13.28,6777342.616822,13.3143
CPT,103.77,104.06,104.505,103.08,1084884.918261,103.8236
SATA,99.52,99.45,99.56,99.22,93196.581511,99.4484
DTCX,2.35,2.31,2.4299,2.29,318195.838949,2.3506
GILT,19.39,18.96,19.73,18.7605,738979.867352,19.2085
DLRpJ,20.56,20.69,20.69,20.56,5607.9804,20.6152
KMCA,23.1141,22.61,23.15,22.61,24770.603175,23.0392
OTTR,88.03,88.11,88.325,86.45,192807.560796,87.9418
ENHA,9.7,7.885,10.17,6.75,879421.792116,8.9245
OZK,48.5,48.58,48.77,48.225,781490.205771,48.4906
DOX,63.75,64.72,64.795,63.07,1040454.781341,63.6641
IGD,6.04,5.98,6.04,5.935,351966.061781,5.9802
PHI,20.53,20.46,20.6385,20.3301,65328.12419,20.5405
GHY,11.97,11.9,11.975,11.83,190873.854094,11.8968
CLNN,7.28,7.46,7.46,6.965,184282.086044,7.2316
CHRD,136.44,137.54,139.065,135.5,690258.083195,137.0703
GNLpA,22.86,22.8,22.92,22.8,10731.1805,22.835
YXT,0.5345,0.5299,0.56,0.51,46485.0,0.5249
BIVI,1.47,1.54,1.555,1.4242,111246.55381,1.4677
AUID,1.29,1.26,1.3,1.1505,185227.787205,1.228
IBTA,35.5,36.77,36.88,35.31,144112.324789,35.8718
CHEF,81.71,81.33,82.8112,80.78,356824.50971,81.5643
WH,82.67,83.94,85.19,82.095,764902.850705,83.2493
CREX,3.72,3.72,3.8653,3.7,13513.855166,3.761
BCpC,24.65,24.63,24.68,24.5601,7363.0,24.6245
DOCN,163.95,151.25,164.77,150.68,3945914.985487,161.1413
JXNpA,26.14,26.1,26.18,26.07,26783.2363,26.1232
VWAV,6.02,5.88,6.2351,5.83,545630.048123,6.0311
CISO,0.2982,0.29,0.3187,0.28,389050.302545,0.2988
NKLR,5.78,6.13,6.13,5.46,445354.28183,5.7013
VMC,283.72,290.54,291.04,282.8,1022437.189532,285.3334
GIPR,0.273,0.2619,0.276403,0.2518,326515.658605,0.2681
ATLX,6.46,5.71,6.6,5.71,1216122.269887,6.3142
IHS,8.24,8.25,8.26,8.2385,395596.257124,8.2468
ECCU,25.39,25.29,25.41,25.29,3573.0,25.3749
QDPL,45.03,44.91,45.1,44.9,105308.118316,45.0163
BFRI,1.15,1.15,1.16,1.1203,110282.0071,1.1485
CVE,28.4,28.41,28.94,28.17,5458110.202587,28.5475
TBG,36.09,36.15,36.18,36.0,28763.952,36.1276
LXP,52.4,52.04,52.72,52.02,242307.325379,52.4066
GTOP,45.9069,45.29,45.9069,45.29,13148.7036,45.6955
LOCO,14.0,15.85,15.9,13.67,1063429.489243,14.1995
VNT,30.09,30.88,31.47,30.025,3714219.73635,30.3621
FOXA,62.94,62.66,63.11,61.74,4250081.470906,62.5946
ASTN,13.09,18.07,18.2,13.0,229597.32158,15.3393
EOD,6.54,6.45,6.54,6.4301,96676.90774,6.4791
CLB,13.13,13.44,13.59,13.11,486816.541376,13.3485
BUUU,17.1,20.77,20.77,15.38,17235.014039,17.6932
CINT,3.89,4.0,4.044,3.85,254379.282896,3.9101
FMS,22.03,22.07,22.22,21.745,1127690.887373,21.9862
IIIN,26.97,27.34,27.45,26.83,159545.342865,27.1854
NAZ,12.72,12.74,12.74,12.68,8286.35966,12.7148
BGRN,47.55,47.55,47.59,47.53,22775.993823,47.5582
HUBB,492.58,498.32,500.61,490.01,499340.398274,492.6871
LIFE,29.75,29.72,31.95,29.04,559116.875628,30.7054
AHCO,11.3,11.75,11.905,11.235,1484518.611461,11.431
ELPW,6.43,6.87,7.2511,6.05,565753.383551,6.6875
VRAX,0.171,0.1516,0.1717,0.14,39901782.505199,0.1906
CAST,1.5,1.8261,1.8261,1.5,270820.027866,1.6939
CBTL,18.915,18.87,18.95,18.87,4374.0,18.9199
AHMA,1.41,1.77,1.84,1.41,752634.280581,1.6511
ACDC,6.66,6.49,6.725,6.24,1123030.179221,6.5163
MOV,28.01,27.58,28.08,27.5,75009.487839,27.9176
JCI,139.52,140.65,142.33,139.33,2582456.00929,140.3002
CRUS,171.67,175.27,175.4,166.5,790485.226712,170.7716
TDG,1215.08,1242.75,1250.31,1209.06,284261.141934,1218.9151
IJR,138.35,138.28,138.67,137.6,2349974.138069,138.1944
NHYM,24.9603,25.04,25.14,24.9603,17355.7806,25.0159
MSpF,25.25,25.27,25.27,25.23,33487.1278,25.2492
ACI,16.02,16.17,16.27,16.0,3957380.615316,16.0663
INMU,24.12,24.14,24.14,24.105,71681.2732,24.1178
AVDV,109.48,109.34,109.6799,108.97,830820.430933,109.2579
NNY,8.515,8.52,8.5358,8.495,21220.2754,8.5153
ACHC,25.18,24.61,25.48,24.61,1811702.66722,25.155
AVGW,50.71,48.5,51.15,48.48,31280.904783,50.2189
BEN,31.05,30.7,31.15,30.39,2965220.857131,30.9663
SLDE,18.46,18.9,18.9,18.39,860386.438366,18.5167
MSDL,15.48,15.48,15.555,15.23,793418.816887,15.3773
ULTA,521.58,529.55,530.05,519.07,474311.450711,523.2058
GGG,77.59,78.82,79.055,77.42,947148.099611,77.8203
SHYG,42.5,42.43,42.5,42.43,1029521.758476,42.4738
AGMH,0.9008,0.87,0.9099,0.8559,70291.913767,0.8726
VCLT,75.12,75.14,75.225,75.05,5725014.049088,75.1251
HY,37.25,36.79,37.27,34.68,135212.716672,36.3143
ALH,25.41,25.23,25.46,25.01,296142.9953,25.3705
DTSTW,0.032,0.0328,0.034,0.0223,181731.0,0.02862
HNDL,22.865,22.78,22.8999,22.78,40905.234322,22.8731
CNXN,66.65,65.22,66.9999,65.01,65863.776734,66.4825
THO,77.2,77.57,78.39,76.33,439445.660597,77.4022
NIC,147.06,146.82,147.74,145.67,118477.494615,146.988
CBAN,19.85,20.0,20.08,19.65,237001.922,19.8356
UFOX,91.29,87.85,91.4386,87.85,36548.533221,90.2854
FCF,18.56,18.46,18.6151,18.39,519248.150553,18.5315
CTO,20.29,20.3,20.51,20.1,795200.055313,20.3025
HAIN,0.66,0.735,0.759,0.6502,1009198.44739,0.6841
EVGO,1.97,1.915,2.03,1.87,4195996.232043,1.9687
ECO,56.2,57.14,57.58,56.08,349533.851037,56.6137
FFAI,0.4048,0.386,0.4174,0.3666,14923552.641681,0.4004
XYF,5.0,5.22,5.22,4.97,104461.826502,5.0222
WSHP,7.69,7.17,7.9,7.14,78204.888456,7.5148
RAMP,30.38,29.88,30.56,29.57,516261.129563,30.2308
DSX,2.71,2.7,2.72,2.68,643251.854455,2.6998
BFIX,25.37,25.4,25.4,25.25,1860.8618,25.3309
NEXN,7.69,7.64,7.715,7.36,156089.670379,7.6451
TRMK,44.73,44.92,45.26,44.69,380754.35927,44.8365
HSHP,16.24,15.93,16.355,15.9,371741.060845,16.1454
INTU,396.31,395.54,399.71,385.2,2348472.022649,393.5514
GVIP,175.5723,172.79,175.575,172.79,9212.896355,174.9599
RNXT,0.8636,0.9116,0.9116,0.8545,311906.546,0.8738
KROS,12.07,11.6,12.109,11.375,394559.570524,11.8613
PDI,17.71,17.73,17.74,17.66,2920174.010159,17.692
DRS,41.36,41.71,41.83,40.895,925001.621988,41.3626
WMB,71.96,73.1,73.54,71.79,4722019.513756,72.4263
JZ,0.7804,0.8922,0.9365,0.7538,111403.239928,0.8226
TpC,18.75,18.76,18.77,18.71,122585.74162,18.7389
IMMX,9.75,9.37,10.08,9.18,661325.088052,9.5951
FPA,54.24,53.46,54.24,53.39,18849.8732,53.7967
WGRX,0.0842,0.0891,0.0941,0.0831,3102154.458012,0.08854
INKT,11.04,11.0,11.38,11.0,8396.174827,11.1482
GMEU,10.64,10.5467,10.79,10.32,175150.91071,10.5452
MFSV,27.4,27.55,27.55,27.37,74820.18746,27.4299
EVTR,51.025,50.99,51.08,50.95,301020.3346,51.0198
BCEM,28.3327,28.0,28.39,28.0,4322.0,28.2943
FHNpF,17.98,17.97,17.99,17.905,11849.4671,17.9491
FTBI,21.7404,21.76,21.76,21.66,6913.8711,21.7239
CORB,29.6,29.61,29.62,29.59,63243.0,29.5986
ELD,29.05,29.05,29.14,29.01,12378.984732,29.0622
SLNHP,9.5001,9.5,9.7499,9.46,14908.9513,9.5313
TRUT,30.433,29.93,30.45,29.93,132312.768062,30.3014
NEMG,22.1863,21.93,22.26,21.8,26467.083129,22.1144
DAPR,40.56,40.5699,40.5799,40.51,11023.0,40.5537
MTZ,414.29,416.39,420.11,409.99,681331.384274,413.8028
STSM,22.736,22.4,23.6,22.17,38915.171,22.9854
QUSA,18.565,18.491,18.62,18.49,10701.6868,18.5372
ASHS,46.2499,46.37,46.495,46.21,16551.5447,46.3253
AGO,75.05,79.0,79.545,74.18,1337166.773265,75.7396
DJUN,48.9202,48.9,48.98,48.85,3220.0,48.9009
KXIN,4.53,4.4,4.69,4.21,832036.658,4.3773
OVT,22.055,22.12,22.14,22.05,6279.8974,22.0898
CVNX,18.2227,19.6,20.0,17.74,61493.317537,18.7759
WBUY,1.24,1.17,1.25,1.17,56569.351641,1.2031
ABVEW,0.15,0.1408,0.15745,0.1401,10794.345682,0.1502
RAAQW,2.57,2.465,2.6,2.465,244394.780883,2.5765
HAVA,10.07,10.07,10.07,10.07,26116.0,10.07
DXF,0.4221,0.4329,0.4856,0.4208,288898.0,0.456
TYO,13.75,13.7,13.75,13.68,1829.8192,13.7002
SCCG,23.795,23.98,23.98,23.77,4888.0,23.795
GTOC,25.1933,25.18,25.2,25.18,5114.2839,25.1996
SPD,40.8923,40.69,40.9132,40.69,6442.3608,40.7964
CNTB,2.36,2.33,2.395,2.27,95207.991276,2.3786
DIEM,42.357,41.97,42.425,41.97,10047.661635,42.292
GMM,1.17,1.18,1.2,1.14,75856.423236,1.1621
SATG,18.7373,18.08,18.764081,17.55,211180.738,18.231
CODIpC,21.96,21.995,22.02,21.81,20295.0242,21.9737
MFSI,31.93,31.89,31.93,31.77,249609.6861,31.8644
DMAY,46.72,46.739,46.739,46.67,17264.44,46.7201
EDTK,1.0,1.01,1.0101,1.0,1459.0,1.0067
FEGE,50.05,49.99,50.1199,49.85,215071.476633,49.9875
AKO.B,28.18,26.69,29.2399,26.69,5382.4969,28.0208
URAA,40.98,42.86,42.86,40.56,60444.506773,41.5811
GOU,37.2306,36.66,37.335,36.45,42315.318715,36.9665
RJVI,24.975,25.0,25.02,24.94,6188.0,24.9896
CXRN,19.9748,19.59,20.07,19.55,12803.738,19.9174
IBTR,24.95,24.97,25.07,24.94,12010.0,25.038
ITWO,44.2084,44.09,44.34,43.9201,15622.0779,44.198
INEO,0.573,0.5943,0.6,0.5608,14765.0,0.5727
SPKL,11.79,11.49,11.8,11.4,189056.0,11.5953
GLNDW,1.03,1.03,1.12,1.005,92339.0,1.0441
MFSB,25.04,25.05,25.05,25.0101,80833.2839,25.0299
EZRO,25.7325,25.8,25.8,25.7325,792.813,25.7827
DCH,6.64,6.01,6.85,5.71,10758397.094277,6.4879
TOT,23.1243,23.09,23.14,23.09,2227.0,23.1244
BESS,2.35,2.45,2.58,2.33,24738.4556,2.4331
MMKT,100.205,100.2,100.21,100.195,9562.273423,100.2033
NPV,11.49,11.49,11.52,11.47,76108.680236,11.4991
ITOC,0.316,0.32995,0.3398,0.29,239285.443012,0.3197
DIG,54.34,54.93,55.3,53.91,39517.071948,54.7374
PRCS,27.7691,27.82,27.9,27.765,5494.551,27.8459
MQY,11.54,11.56,11.57,11.51,251357.08441,11.54
CAM,25.05,25.06,25.0699,25.025,53520.0,25.0481
FEUZ,68.54,68.285,68.54,68.045,5574.0808,68.1417
KZR,7.29,7.36,7.47,7.27,616015.0,7.3191
GCTS.WS,0.2799,0.3,0.31,0.2705,249409.454089,0.2919
DNOV,50.725,50.77,50.77,50.67,10256.0,50.7021
NYM,25.02,25.05,25.05,25.02,48347.5062,25.0284
APLU,24.785,24.79,24.79,24.78,15998.918662,24.7865
PARK,17.53,16.87,17.63,16.87,8136.964,17.4299
JSPRW,0.015,0.0146,0.0151,0.0142,7014.0,0.01495
WCME,19.548,19.4699,19.57,19.46,28078.4154,19.5095
FCTE,26.7191,26.9799,26.9799,26.7191,16740.354099,26.8473
DFEB,50.0307,50.0399,50.0499,49.96,4038.0,50.0121
CVSA,133.73,121.99,133.74,121.4,702998.052404,130.4963
ETCO,12.127,11.9,12.127,11.9,2526.2993,11.9972
DAUG,46.1603,46.1799,46.18,46.12,6757.8883,46.15
BRIA,1.7,1.76,1.8657,1.56,3309.0,1.6889
BEATW,0.094899,0.085,0.109299,0.085,744.0,0.09029
BVC,9.2,9.905,9.905,9.2,2101.0,9.7142
MVPL,41.6146,41.29,41.63,41.29,1775.8887,41.3975
XC,32.44,32.6,32.7,32.38,15833.371171,32.5119
SDP,11.2397,10.89,11.2397,10.89,4943.9593,11.1289
DSEP,46.785,46.8189,46.8189,46.76,7720.0,46.7856
KEYS,360.3,362.785,364.3,358.12,1113012.807892,360.369
KNRG,25.815,25.82,25.84,25.81,3598.1095,25.8174
WFCF,16.75,17.0,19.14,16.75,10228.056032,17.7559
ACON,3.185,3.25,3.25,3.13,30037.839,3.1822
DLXY,0.55,0.6501,0.6501,0.55,66803.35075,0.573
DJUL,49.445,49.4788,49.4799,49.4,10769.0,49.41
GIWWR,0.29,0.3,0.3,0.29,51255.0,0.2914
UPS,100.78,100.73,101.03,100.01,4780824.338812,100.6445
ONDU,8.05,7.7,8.0575,7.345,70432.0201,7.7728
CGCT,10.38,10.4,10.41,10.38,49869.239,10.3928
PIII,3.5479,3.52,3.575,3.455,11907.288759,3.5154
CEPO,10.5711,10.575,10.585,10.57,16911.84229,10.5781
CMCM,5.32,5.4395,5.4395,5.32,13312.917954,5.3417
BSBK,8.505,8.56,8.5999,8.4319,17154.518,8.5263
SOFA,12.26,12.675,12.6807,11.97,103103.257404,12.2472
VSMV,59.5356,59.525,59.63,59.5,19229.649,59.6169
DOCT,46.055,46.1199,46.56,46.03,14361.0,46.0889
ZMUN,50.125,50.135,50.15,50.095,18042.0,50.1342
GBND,50.64,50.62,50.67,50.6,18365.772,50.6413
CPNX,16.533,16.81,17.34,15.77,32493.0,16.8799
AALG,11.792,11.6699,11.792,11.4,91295.0,11.5415
LLII,20.7,21.39,21.39,20.7,21829.3579,20.904
MSI,383.99,417.0,424.4,381.25,3101642.718654,388.2901
TSLI,29.1,27.903,29.37,27.903,16623.246246,28.8855
LDSF,19.0156,19.0399,19.04,19.0009,27688.1495,19.2029
TWG,3.31,3.35,3.36,3.04,187253.69884,3.2055
DMAR,44.3353,44.38,44.38,44.28,7251.0,44.3434
MBI,5.71,6.39,6.39,5.66,747931.416123,5.7909
DWM,74.2565,74.21,74.3456,73.9179,3336.506434,74.1103
WINN,32.48,32.31,32.48,32.31,224998.5467,32.4019
LODI,25.255,25.26,25.27,25.2301,1614.8562,25.2498
EMET,46.03,45.71,46.03,45.57,5981.250484,45.8181
GDOG,12.8036,12.5202,12.83,12.5202,10955.5508,12.7315
AGX,680.26,700.35,717.02,680.07,251478.317045,692.2585
WEEL,20.4136,20.36,20.435,20.34,7223.8965,20.3859
GQRE,64.9804,65.1,65.155,64.9804,8169.788681,65.0936
TECY,25.04,25.07,25.07,25.04,722.509,25.0622
RXL,43.47,44.43,44.43,43.43,3796.006255,43.7116
MUSQ,26.1628,26.25,26.25,26.1628,1601.1734,26.2564
HNNA,10.26,10.2,10.26,10.1498,3435.8305,10.1756
SCEC,25.07,25.085,25.1,25.07,58497.4931,25.0798
ORIS,0.438,0.4222,0.4382,0.4038,37801.0,0.4135
BBDC,8.87,9.06,9.08,8.77,1433347.263951,8.8756
LACG,13.0628,13.43,13.57,12.36,39312.673269,12.9775
CBXA,22.855,22.81,22.88,22.81,5410.2969,22.8415
RILYN,24.8,24.82,24.82,24.78,16783.59,24.7977
RITMpF,24.515,24.45,24.54,24.4,23606.0,24.4715
GDMN,103.74,103.26,104.525,102.15,19846.476174,103.4653
MLCI,3.97,4.1,4.195,3.935,18116.9496,4.0232
SARO,25.14,26.44,27.2,24.77,8306573.400552,25.2365
SATLW,1.89,1.81,1.93,1.68,95026.0,1.8203
TXMD,1.98,1.97,2.1,1.955,59743.987827,1.9964
ISBA,42.77,41.16,43.235,41.16,13842.1736,42.3984
CAPE,32.4162,32.54,32.5616,32.4162,12768.6367,32.4796
FSML,28.4377,28.39,28.4377,28.39,72253.0,28.39
PBJ,48.8437,48.975,48.975,48.615,8437.259816,48.8659
MAXI,11.7685,11.645,11.82,11.61,16670.399016,11.7522
MAAY,7.2429,7.19,7.28,7.16,7496.0865,7.2104
BOLT,4.67,4.66,5.19,4.66,40011.526392,4.9609
ITDD,38.0063,37.98,38.04,37.9312,33023.796685,37.9861
BKSY.WS,0.048751,0.043,0.0519,0.0417,101582.0,0.04874
BRIE,29.5617,29.63,29.63,29.445,67520.243,29.5402
PRMR,26.0512,25.88,26.07,25.88,6416.0,25.9859
BUFC,42.14,42.16,42.16,42.06,18929.559,42.0999
FIX,1952.37,1980.0,1980.0,1921.66,265956.448133,1948.2418
MVSTW,0.0306,0.0344,0.0395,0.0302,104679.0,0.03227
GSUI,14.8344,14.1792,15.0,14.13,36355.9942,14.7329
VCX,190.99,172.0,197.4999,168.0,587151.712016,179.5113
FFGX,34.2793,34.19,34.33,34.17,1144.555,34.2431
CSIO,28.46,28.68,28.68,28.44,175946.6672,28.5782
BZFD,0.823,0.8,0.84,0.7757,248445.961497,0.8174
RSPR,36.0579,36.3109,36.32,36.0401,12257.77741,36.1917
IFLR,52.1589,52.1,52.1589,51.9991,4750.9676,52.093
FIXT,37.729,37.73,37.775,37.7,6696.6438,37.7388
JFLI,53.3239,53.295,53.37,53.18,15459.4851,53.2762
JDOC,54.9724,55.29,55.29,54.92,741.8748,55.1726
CGHY,25.395,25.4,25.4,25.395,804.0615,25.3931
KMRK,2.85,2.999,3.35,2.61,69291.8624,2.8869
SWP,28.545,28.67,28.67,28.48,8890.367196,28.5693
NEMD,53.1249,53.1,53.29,53.1,28747.9513,53.225
SETH,42.49,43.25,43.3,42.4,13194.35,42.9011
IBIM,25.53,25.5,25.89,25.5,7859.0,25.5428
OCTW,40.45,40.435,40.4599,40.42,30653.25,40.4321
ACKY,19.2783,19.21,19.31,19.2,7594.024,19.2516
WSML,34.4838,34.47,34.5,34.38,6817.0243,34.4214
CDT,2.005,2.15,2.15,1.9569,37472.0819,2.023
HIPS,11.8485,11.91,11.91,11.815,19458.426482,11.8534
PTBD,19.21,19.19,19.2214,19.19,15872.737233,19.2061
SCCE,23.9,24.07,24.12,23.89,8905.0,23.9866
TMCWW,0.372499,0.3958,0.4,0.35,101258.0,0.3638
DFIP,42.27,42.28,42.295,42.2497,56813.0973,42.2588
CNF,3.05,2.85,3.18,2.54,28353.0,2.7253
WNW,3.72,3.6024,3.9238,3.51,107203.258684,3.6438
PSNYW,3.01,3.05,3.3953,3.01,5155.0,3.0844
SHMDW,1.83,1.48,1.895,1.47,156052.0,1.7893
SCNI,0.5678,0.55528,0.6074,0.513,201564.074415,0.5668
TMFE,29.6553,29.63,29.7,29.54,4383.6414,29.6318
KTCC,3.39,3.4499,3.4499,3.2734,37198.664,3.337
JF,1.02,1.02,1.0403,1.02,2731.84227,1.0234
VBCA,75.5,75.51,75.52,75.48,4956.7319,75.5037
BTCL,20.79,20.54,20.87,20.45,75061.582426,20.7205
ELTK,8.075,8.08,8.24,7.93,7352.675911,8.093
NTCL,0.37,0.374268,0.392,0.3673,22007.0,0.3783
XPEG,7.6355,7.69,7.78,7.61,32922.0,7.6938
VBCD,75.7,75.73,75.73,75.7,2529.2691,75.7248
BTOC,0.283,0.285101,0.2975,0.2759,398066.0,0.2853
BHFAP,15.92,15.87,15.96,15.825,34588.75977,15.8641
APRW,36.8099,36.81,36.82,36.8,6361.3,36.8132
RFIX,38.753,39.1,39.26,38.49,228024.7283,39.049
XTLB,2.54,2.74,2.74,2.45,43872.768193,2.5785
USAI,45.0234,45.475,45.62,45.02,14389.602199,45.1914
NUDM,39.04,38.955,39.04,38.855,80782.696348,38.9378
JULW,40.4,40.41,40.41,40.37,14669.0,40.3896
IBOT,66.3115,66.1,66.41,65.94,15159.822838,66.0679
TEKX,58.85,58.49,59.0,57.715,6602.253499,58.5645
DXIV,72.055,72.13,72.1599,72.025,1999.691129,72.1233
OSK,137.97,139.9,140.81,131.44,1937082.723626,137.0813
TNXT,26.7008,26.52,26.7008,26.485,3932.0,26.569
VBCE,75.865,75.89,75.89,75.86,2290.2694,75.8862
FGSM,34.2085,34.16,34.2085,34.12,4248.478,34.1846
TG,10.35,10.27,10.53,9.405,241709.153398,10.1399
BCPL,24.86,24.94,24.94,24.86,63201.9734,24.8681
ABLV,0.8088,0.69,0.93,0.69,390436.38462,0.8121
QBY,9.3898,9.31,9.3898,9.26,3114.919064,9.3043
JLHL,19.0,19.28,21.3,18.0,16283.458754,19.0568
RMCA,24.29,24.32,24.32,24.29,234.0,24.3163
SMRF,28.2259,28.36,28.36,28.0,16139.300435,28.1682
SDMF,25.465,25.37,25.5,25.37,5817.0,25.4945
VDV,76.9289,76.8,76.98,76.59,2925.367,76.8859
PPLC,48.27,49.25,49.25,48.0,161525.0,48.5909
MBAVW,0.309901,0.27,0.33,0.27,44458.848484,0.2963
RYLG,23.8295,23.805,23.8599,23.805,1580.89783,23.8186
MAYU,33.8075,33.76,37.23,33.76,237672.0,33.8385
FLAX,36.9249,36.63,36.9249,36.63,2489.609,36.7992
AIB,1.18,1.1701,1.25,1.13,251585.539562,1.1771
DZZ,1.8324,1.8983,1.8983,1.7408,4778.255,1.8125
JAPN,23.6335,23.75,23.78,23.4,7703.3818,23.5578
IMST,12.5186,12.275,12.5186,12.275,15527.555133,12.4537
FDG,136.2877,135.355,136.34,135.355,28249.507776,135.9546
MEDX,32.3889,32.65,32.65,32.3889,972.0222,32.6289
SCC,13.96,13.96,14.05,13.801,5497.951471,13.925
RVSN,7.15,6.95,7.15,6.91,14157.609829,7.0213
SOUL,10.32,10.315,10.32,10.31,9050.0,10.3112
FPFD,21.8,21.76,21.8,21.76,7842.1615,21.7786
MUNA,100.23,100.22,100.23,100.09,15271.0,100.2176
PSCH,45.478,45.55,45.59,45.12,12732.2333,45.3921
NTIP,1.47,1.47,1.505,1.46,109219.3,1.4925
CAIQ,27.03,26.8,27.08,26.765,96018.660672,26.9587
BAFE,28.4043,28.48,28.48,28.35,37327.8149,28.4323
EFAX,53.6331,53.63,53.65,53.33,9076.488911,53.4919
ABNG,18.0816,17.85,19.45,17.85,13842.171,18.2991
MFSM,25.1,25.09,25.12,25.09,33541.4928,25.1042
ZSEP,27.355,27.36,27.38,27.33,26397.0,27.3535
RCON,0.8301,0.8166,0.86,0.8166,41007.473387,0.8422
QALT,25.775,25.71,25.78,25.71,7529.9039,25.75
WLDU,17.21,17.22,17.23,17.12,8771.519,17.1739
AAA,24.945,24.94,25.0,24.94,6691.3765,24.9607
AMR,184.11,178.93,196.59,178.93,350306.068881,189.4286
BCCC,15.0102,14.99,15.03,14.75,48005.360881,14.9741
SYZ,29.4983,29.47,29.4983,29.4,1907.787,29.4295
XCUR,3.37,3.285,3.3844,3.2101,9904.011287,3.2978
JBL,355.15,355.83,362.31,353.325,1300720.093554,355.8068
HIGH,21.5867,21.57,21.6699,21.56,10692.217605,21.5965
UZF,18.17,18.0,18.32,17.99,14623.0,18.2097
HWH,1.07,1.0738,1.1,1.05,19533.0,1.067
TMFS,35.19,35.215,35.26,34.87,27120.273,35.0411
BLSG,6.6291,6.09,6.64,5.711,72038.976094,6.1946
FDCF,49.33,49.41,49.41,49.23,5509.6222,49.3072
CFO,77.0933,77.37,77.37,77.07,4183.667599,77.1751
PATX,8.18,7.969,8.24,7.535,44977.604,7.9084
RKTL,14.7899,13.54,14.7899,13.41,25205.514979,13.9797
OLB,0.484,0.4909,0.51,0.4675,403997.0,0.4935
BTSGU,181.72,177.965,183.76,177.965,5619.0,180.9534
PZIV,27.4168,27.42,27.42,27.3,5007.0,27.4066
ATHR,4.0,4.0,4.0408,3.6131,9539.0,3.882
KUST,3.745,3.85,3.99,3.6801,30724.2295,3.8611
BACCR,0.35,0.33,0.3574,0.32,269471.0,0.331
GDTC,0.78,0.73,0.789,0.6801,119926.0,0.7827
TNGY,10.02,10.0,10.1,10.0,50636.784,10.0548
CPAI,47.6,47.38,47.6,46.87,25406.4932,47.0997
AVUQ,65.6097,65.45,65.7,65.45,6879.792,65.6386
SHOC,106.2217,103.23,106.44,103.23,16870.656777,105.1596
COPA,50.6197,50.7197,50.915,50.33,5075.199902,50.4708
XJR,48.8499,48.735,49.02,48.7201,15974.8451,48.8516
DFMC,56.5992,56.4,56.64,56.25,9154.472164,56.5042
CARD,2.7225,2.73,2.74,2.69,3705.256,2.7279
DRKY,19.925,20.3819,20.3819,19.925,5712.4827,20.049
FRSX,1.99,1.96,2.01,1.94,23963.103138,1.9708
TEXU,36.97,37.3,37.76,36.97,1410.5393,37.2923
LNKS,1.42,1.56,1.56,1.42,200808.339838,1.4919
BASV,29.135,29.19,29.26,29.135,40386.0,29.1933
VSLU,46.02,46.0471,46.08,45.93,7022.750169,46.0091
KZIA,14.44,13.69,14.8,13.3,386406.9467,14.3102
FUFUW,0.2277,0.196,0.2277,0.175,43118.0,0.2028
ATMP,34.225,34.58,34.71,34.22,20100.5642,34.4924
BDRY,12.106,11.89,12.16,11.89,36918.055246,12.0392
CNET,0.7475,0.7499,0.75,0.733,26812.0,0.781
CRMU,10.2,10.98,11.58,9.92,155332.076952,10.425
FSCC,34.4994,34.59,34.63,34.346,85954.8773,34.4547
ATXG,5.06,4.83,5.1,4.83,3891.066646,4.9848
MFUT,19.395,19.29,19.4,19.2614,6889.492361,19.3788
HEDJ,55.6005,55.5,55.665,55.275,53583.399131,55.4665
GSGO,42.8445,42.765,42.8445,42.765,1251.738994,42.7961
ATIIW,1.87,1.85,1.95,1.73,86578.045157,1.8551
EALT,35.375,35.32,35.4299,35.32,8606.0,35.381
OPFI.WS,0.1964,0.1976,0.26,0.175101,35192.0,0.1882
LUD,6.17,5.9,6.2846,5.79,42970.166,6.0415
VTG,75.4063,75.445,75.47,75.4,10421.058847,75.4317
BCGS,27.3303,27.53,27.53,27.3303,6583.021,27.5264
BASG,25.7432,25.64,25.76,25.5293,13956.706,25.6844
OZKAP,16.6,16.5365,16.66,16.5365,20796.359,16.6013
SSM,4.42,5.155,5.155,4.42,21895.25,4.8451
RITR,0.47595,0.4781,0.4999,0.46,48130.813963,0.4751
SPCT,27.1839,27.3,27.3,27.1839,17638.928087,27.2505
IZRL,31.525,31.22,31.74,31.1901,15704.447624,31.5321
CEPF,10.32,10.2576,10.32,10.2576,224372.0,10.2881
AIHS,1.18,1.12,1.18,1.12,2778.120269,1.1527
EDGH,35.2357,35.205,35.26,35.18,18567.987499,35.2187
ILCB,101.9825,101.68,101.9825,101.68,5022.9165,101.907
LOT,1.2,1.21,1.2599,1.19,118267.340097,1.223
WXM,0.5599,0.4701,0.61,0.4701,180310.660106,0.5498
MODD,3.78,4.125,4.125,3.68,11886.615056,3.8308
XMPT,21.97,21.94,22.0,21.94,24240.327604,21.9816
SEIQ,39.193,39.19,39.35,39.12,32386.2003,39.2152
NVDB,33.91,33.855,34.75,33.855,14155.029433,34.1716
WTM,2128.4,2103.9,2136.45,2075.05,18776.73216,2122.8637
OSCG,16.1681,15.23,16.1681,14.341,36420.499,15.1951
JCTC,1.99,2.0847,2.0847,1.95,31295.502,2.0241
SBU,21.0564,20.95,21.0564,20.92,737.0,21.0233
GLOF,58.54,58.44,58.57,58.42,27951.7574,58.5069
QRED,9.9,9.871,9.91,9.87,784001.0,9.8965
LIMI,61.6874,62.18,62.18,61.6874,478.525685,61.8596
ALTG,7.24,7.25,7.26,6.15,1181927.114821,6.662
RILYP,14.68,14.7,15.0,14.54,27549.3894,14.7484
PXI,58.1263,57.93,58.71,57.665,3973.2245,58.1431
FOXX,5.05,4.59,5.09,4.59,8861.1,4.8857
HYFT,1.27,1.235,1.29,1.21,246351.502089,1.2535
DRIO,7.81,7.37,8.18,7.37,4230.0,7.9157
NTSE,47.605,47.43,47.605,47.41,5790.662867,47.5336
KCCA,14.95,14.92,14.99,14.88,19065.5807,14.9422
MATV,9.22,9.35,9.55,8.99,590446.773697,9.2884
ORCS,24.6142,25.18,25.31,24.5,17471.727598,24.7576
KNRX,0.9957,1.0201,1.05,0.98001,90521.5567,1.0042
ACEI,24.51,24.51,24.55,24.45,4315.7392,24.5311
HGRO,30.9055,30.7556,30.94,30.7556,68938.9284,30.8658
SIZE,171.36,171.37,171.445,170.83,3336.288044,171.2544
VSHY,21.8466,21.79,21.85,21.79,6333.131649,21.8335
TBLAW,0.0074,0.0099,0.0099,0.0074,39652.0,0.008072
SWVL,1.75,1.84,1.8699,1.73,17144.294262,1.8031
OXLCL,24.47,24.28,24.47,24.2528,5603.04,24.4037
EDGX,26.485,26.465,26.57,26.465,6926.0141,26.5107
VIDI,39.7801,39.685,39.87,39.58,8462.5749,39.6742
SHE,150.7773,149.115,150.7773,149.115,1554.004383,150.1471
VHI,14.49,14.2,14.75,14.2,17649.0342,14.5387
USMC,72.1599,71.98,72.245,71.98,37427.62267,72.1308
YLDW,25.55,25.54,25.85,25.53,22241.0,25.6211
AOCT,27.095,27.08,27.1,27.08,23624.0001,27.0986
CHOW,0.4266,0.4225,0.4274,0.4207,68025.335473,0.424
AGNCL,24.9974,24.84,24.9974,24.82,16990.342336,24.8607
BMN,25.705,25.79,25.9286,25.19,11187.9342,25.6394
JOBX,29.35,25.13,29.38,24.66,102735.575552,26.6679
FTPA,8.675,8.7,8.7,8.67,35899.5052,8.6802
SOEZ,16.1,15.355,16.12,15.31,23439.176929,15.8632
VSDA,55.112,55.32,55.4,55.0501,4312.6184,55.2171
HUHU,9.815,10.3,10.3,9.815,10149.0,10.01
MFEM,29.12,28.89,29.12,28.89,6548.269384,29.051
SEEM,39.25,39.05,39.34,39.05,69746.0879,39.2431
MAYW,34.52,34.485,35.25,34.47,130526.3961,34.5218
RDZNW,0.245,0.2575,0.2575,0.21,3498.0,0.2476
CMDT,33.82,33.675,33.88,33.675,42677.83558,33.8369
CGVV,30.1199,29.965,30.17,29.965,25651.3376,30.0734
TXXH,28.2982,27.52,28.68,27.52,8106.0,28.1647
NUBD,22.165,22.18,22.1899,22.16,63984.8253,22.1727
RVP,0.6969,0.6994,0.712599,0.69,40835.0,0.7002
UPSG,14.4582,14.385,14.4582,14.29,5141.529604,14.3783
QCMD,15.6664,16.105,16.45,14.95,134052.9727,15.4929
PABD,68.6779,68.66,68.71,68.4601,13703.777,68.5717
RVER,31.1939,30.75,31.195,30.75,2094.2828,30.992
IBG,0.85,0.834244,0.88,0.72,249425.175497,0.8154
WAFU,1.62,1.6812,1.6812,1.61,3622.0,1.6365
EFCpB,24.69,24.75,24.75,24.69,1793.8828,24.7233
DVAL,15.0419,15.1069,15.12,15.0334,3953.221,15.1181
GIGM,1.44,1.4,1.44,1.33,37882.0,1.3914
KNCT,188.9332,184.566,188.955,184.566,6963.685325,186.1542
ACCL,1.44,1.45,1.47,1.42,12757.0,1.4372
IGIC,25.31,25.83,26.185,25.24,64429.9361,25.6643
LMNX,12.6869,12.4116,12.9899,11.7748,34209.152,12.4523
CNEY,0.74,0.71,0.7699,0.6833,102754.496897,0.7347
IRIX,1.03,1.04,1.04,1.03,48100.0,1.0362
RYET,1.07,1.0305,1.08,1.0305,7044.0,1.0615
BUFG,28.9349,28.94,28.95,28.9,15586.0,28.9327
DSWL,3.4025,3.43,3.43,3.33,17837.361472,3.3503
ENDW,33.9297,33.82,33.96,33.82,12681.1752,33.9373
BIO.B,255.54,255.54,255.54,255.54,394.0,255.5222
VSTD,0.3897,0.37735,0.3897,0.3726,22215.0,0.3799
OASC,33.83,33.635,33.85,33.635,10618.590261,33.7989
SLDPW,0.26,0.27,0.27,0.211,22542.0,0.2421
IBHK,25.7176,25.66,25.7299,25.66,3476.1343,25.7022
AUMI,99.8608,99.62,99.8608,99.23,1981.703977,99.494
WHRpA,37.99,39.25,39.4299,37.8,354668.0,38.1363
TENpE,26.79,26.84,26.84,26.7001,817.0,26.7612
HBTA,32.0822,31.83,32.11,31.83,7237.0,32.0253
XOMAO,25.295,25.22,25.295,25.22,4857.8096,25.2352
SSAC,9.94,9.94,9.94,9.94,2100.0,9.94
BABU,16.4721,17.24,17.3237,16.449,27702.255632,16.6906
ABLD,31.8781,32.0044,32.06,31.8781,6526.0238,31.9698
CHMIpB,23.1501,23.0585,23.265,23.033,3737.5132,23.1261
SBFM,1.05,1.08,1.09,1.03,28344.981362,1.0574
MITQ,0.62,0.6037,0.6288,0.5787,337593.0,0.5957
SIXJ,35.86,35.81,35.88,35.81,2940.7859,35.8522
EGHA,10.265,10.265,10.27,10.26,5921.0,10.261
XB,39.23,39.1702,39.25,39.1702,3806.8929,39.2324
ZBAO,0.6802,0.719899,0.798,0.63,173808.0,0.7107
FFAIW,0.0136,0.0144,0.0144,0.0101,124236.0,0.01194
CBSE,48.1607,47.9,48.35,47.83,4422.0,48.1004
BZAIW,0.479934,0.4552,0.5,0.42,257940.0,0.4598
QBF,19.1077,18.99,19.11,18.99,556.5407,19.0524
PYZ,128.2133,128.6,128.6,128.1,2127.9744,128.2727
TGE,0.97,1.01,1.03,0.97,66448.0,1.015
DOL,74.091,73.83,74.18,73.6001,30505.2605,74.0089
BRAZ,32.9668,33.22,33.22,32.9668,1117.238234,33.0961
BTTC,1.39,1.38,1.3963,1.3501,26148.7,1.3729
MEM,44.8721,44.69,44.8721,44.65,1453.9202,44.7972
LSE,4.935,5.08,5.08,4.91,4361.0,4.9484
WSBCO,25.75,25.755,25.815,25.6328,4578.0,25.7527
IBMS,25.875,25.89,25.89,25.87,39694.6972,25.8757
XBB,40.9052,40.86,40.9286,40.82,11449.449422,40.8993
SEIS,31.8173,31.72,31.84,31.5415,30002.9597,31.7418
PY,53.3939,53.42,53.5383,53.29,7736.61961,53.4527
CVLC,91.82,91.5001,91.92,91.5001,41436.884003,91.7589
CDIO,1.83,1.8555,1.94,1.83,48014.804971,1.8748
DDNQ,20.545,18.6001,20.57,18.6001,41359.0,20.4799
ERNAW,0.075,0.0949,0.095,0.0601,20982.737618,0.07653
FOURpA,54.56,58.51,58.51,54.45,7479.9332,55.8635
WISE,39.9086,39.01,39.9086,38.81,6888.735468,39.413
YBMN,16.2764,16.035,16.37,15.9,7607.3603,16.0507
DMII,10.01,10.025,10.03,10.01,75265.0,10.0202
BNKU,31.16,31.7961,32.9528,30.6,8556.873201,31.2248
ABLG,32.6611,32.63,32.6611,32.59,2506.5936,32.6207
OPTXW,1.14,1.205,1.31,1.12,29973.0,1.2075
IEAG,10.04,10.03,10.06,10.03,39863.0,10.0308
RGEF,34.1125,34.13,34.13,34.09,1340.8816,34.0941
CVRT,50.7202,50.58,50.75,50.45,13053.8147,50.5814
OXLCP,25.0501,25.05,25.07,25.04,25529.0851,25.0475
POWA,87.6265,87.795,87.9399,87.6265,1588.753,87.8327
ORIQ,10.25,10.25,10.25,10.25,4009.0,10.25
IVVM,36.485,36.7499,36.7499,36.46,31931.7521,36.4815
GECCH,25.23,25.565,25.565,25.22,1677.9907,25.4255
XLBI,24.0923,24.1,25.4,24.0701,6551.5981,24.1518
OVLH,41.5996,41.55,41.63,41.55,3639.053868,41.5882
BMLpH,19.45,19.45,19.5,19.355,15749.0,19.4462
AFOS,43.3516,43.22,43.36,43.2,3322.515041,43.286
DAAQ,10.29,10.29,10.2957,10.29,15719.4163,10.2901
RNAZ,7.32,7.485,8.005,7.3,6952.321884,7.5095
EMCB,66.45,66.37,66.57,66.37,7546.105552,66.4896
MYCF,25.02,25.02,25.03,25.02,16486.5534,25.0233
PSQA,20.625,20.57,20.8499,20.54,282812.833565,20.6445
MCHS,45.1428,45.05,45.78,44.99,103748.487,45.385
QSEA,10.42,10.41,10.42,10.41,53092.0,10.4197
TPYP,41.54,41.9,42.058828,41.5,36809.051357,41.7264
INAC,10.16,10.18,10.18,10.16,556.0,10.1774
KKRS,16.92,16.7,16.96,16.7,30292.0,16.8187
WTFCN,26.449,26.38,26.4731,26.36,10676.0307,26.4307
POLE,10.695,10.7,10.7,10.695,4682.0,10.6998
FLLA,29.39,29.45,29.56,29.3,28795.691294,29.3972
NFTY,54.115,54.3389,54.45,53.96,127872.93749,54.0731
PFI,58.8344,58.66,58.8344,58.61,2484.28974,58.6841
DIM,88.155,88.32,88.35,88.15,1559.849255,88.1701
AGQI,17.79,17.84,17.86,17.79,1616.1928,17.8382
ICRpA,21.17,20.91,21.1744,20.91,4189.5945,21.0859
SVACW,1.55,1.59,1.6,1.53,75048.603864,1.5567
FTBD,49.4214,49.37,49.4214,49.36,707.028,49.3895
KCA.U,9.98,9.8,10.025,9.8,20790.0,9.9805
BUFS,24.35,24.36,24.37,24.335,9185.0,24.3498
CGIB,25.3892,25.35,25.39,25.35,53528.8566,25.3718
SEED,1.13,1.1042,1.158,1.1,16369.0,1.1278
ADAML,24.24,24.2,24.35,24.08,27885.78,24.2038
TACU,26.805,26.75,26.81,26.75,5732.7001,26.7824
DXpC,25.8,25.77,25.84,25.7568,3813.235,25.7796
SSACW,0.07,0.07,0.07,0.065,27053.0,0.0652
IBP,219.99,220.12,224.28,212.24,594891.913738,218.9149
BGM,0.293,0.291,0.3099,0.28,145216.080431,0.2934
YSXT,1.01,1.03,1.0599,1.01,22603.0,1.0349
DSCO,24.86,24.87,24.87,24.83,10519.5794,24.8535
AMHpH,23.87,23.895,24.12,23.87,3805.2832,24.0474
LPAA,10.79,10.78,10.79,10.77,2643.0,10.7713
HFGM,33.65,33.46,33.69,33.45,59844.302413,33.6332
PMAR,47.25,47.3,47.32,47.22,18426.0,47.2601
PSR,102.0201,102.06,102.35,102.0201,651.9534,102.1677
MMCA,21.7382,21.74,21.74,21.73,1073.3678,21.7338
DYLG,26.8046,26.75,26.87,26.75,7208.0622,26.8119
PBMY,30.9,30.89,30.9,30.88,15685.0642,30.9699
XAIX,53.145,51.99,53.2,51.952,28938.914629,52.5054
XDSQ,42.3806,42.32,42.44,42.32,4995.04904,42.362
ELUT,1.01,1.05,1.05,0.99,129457.81,1.0154
FTCE,26.1151,26.09,26.145,26.03,1124.1394,26.0873
RIGS,22.99,22.92,22.99,22.84,4764.5149,22.8965
AMOM,57.798,57.6296,57.95,57.6296,2979.337503,57.8152
DIVG,35.4013,35.43,35.47,35.4,1274.66935,35.4386
NIOG,18.3609,19.18,19.18,18.2762,9881.416703,18.586
WRBpH,15.78,15.85,15.85,15.737,11448.0,15.7766
HOVRW,0.42,0.42,0.4321,0.39,37956.246,0.4158
NXUS,24.88,24.91,24.91,24.87,741173.016,24.88
TXXS,5.5213,5.05,5.6699,5.045,53052.914,5.4174
SPYH,55.8456,55.789,55.86,55.77,3720.821314,55.8147
VPC,16.1488,16.2,16.2,16.115,2786.138405,16.1557
ICPY,12.1738,12.1538,12.175,12.1538,3346.4077,12.1661
QXQ,31.6203,31.28,31.63,31.28,8829.7038,31.6047
FLSP,27.13,26.985,27.13,26.8662,14972.760302,27.066
SPTU,25.035,25.035,25.036,25.03,471.6429,25.0343
GIGGW,0.4499,0.4499,0.45,0.43,39144.0,0.4419
BKF,42.715,42.99,42.99,42.68,2582.961456,42.7856
GRAF.WS,0.1149,0.1182,0.1182,0.108,1500.0,0.1131
REGS,11.2959,11.23,11.2959,11.23,1645.0,11.2873
VACI.WS,0.93,0.8399,1.0,0.83,402360.56467,0.8991
EGGS,39.3,38.9,39.9845,38.9,22784.322874,39.2318
HLP,0.822,0.9199,0.92,0.822,18597.0,0.8742
GFLW,30.9086,30.69,30.9099,30.61,16365.2289,30.7984
NVOH,25.0951,24.93,25.0951,24.66,5839.242854,24.8428
BOEG,16.7756,16.26,16.86,16.1401,27240.4755,16.6255
VECA.U,9.97,9.99,9.99,9.97,302873.0,9.9711
ARMH,88.7621,88.63,91.29,88.63,1697.5609,89.9123
BAMG,42.12,41.95,42.12,41.95,10232.0393,42.0746
SES.WS,0.0266,0.0233,0.0266,0.0233,1910.0,0.02449
BBLU,16.26,16.19,16.26,16.185,80025.386526,16.2349
GLGG,10.8412,10.18,10.85,9.49,25787.5129,9.9627
MBBA,49.77,49.81,49.86,49.71,6612.9597,49.7578
PCGpB,20.32,19.95,20.32,19.9,5631.7189,20.1109
BNT,46.95,46.13,47.12,45.96,13423.101065,46.9207
SURI,17.92,17.76,17.92,17.6,7980.1666,17.7983
BCGWW,0.165,0.165,0.165,0.165,5000.0,0.165
DUSL,87.8354,89.74,89.74,87.66,10786.18284,88.9378
WDIV,81.087,81.115,81.135,80.9456,3838.296008,81.0746
RILYT,20.3,20.44,20.51,20.3,42551.605635,20.4135
MCGA,10.17,10.185,10.19,10.17,92428.0,10.1797
OZ,50.45,51.03,51.03,50.45,7927.0,50.6567
ZIONP,19.15,19.24,19.2491,19.12,1238.2977,19.1834
ZJYL,2.12,2.1129,2.22,2.0919,3523.234705,2.123
MPWX,24.9036,25.34,25.34,24.44,10209.479,24.8896
AGMI,75.2217,75.89,75.91,74.95,11479.2162,75.4341
SPHL,2.85,2.77,3.0,2.5201,13885.207156,2.8408
BDGS,36.5,36.4,36.5,36.4,1009.0,36.463
GLU,19.785,19.95,19.95,19.5001,11330.1165,19.8389
TSMZ,8.53,8.46,8.72,8.43,104882.3828,8.59
GGR,4.02,4.156,4.16,4.01,9124.869213,4.1208
FHNpH,25.14,25.16,25.16,25.12,17430.2,25.1463
NUDV,31.867,31.94,31.94,31.867,1405.330923,31.9345
BOF,3.4,3.5,3.57,3.4,40336.421854,3.4803
NFEB,30.0068,29.955,30.0068,28.72,3489.0,29.1868
BRRR,22.5989,22.49,22.67,22.42,76957.744067,22.5557
ASEA,19.7749,19.76,19.85,19.7,15965.182606,19.7548
WTLS,57.0297,56.69,57.0297,56.69,810.834,56.8539
DJTWW,4.2,4.28,4.38,3.97,71175.837,4.1394
PIEQ,35.7111,35.66,35.7399,35.55,31031.10196,35.6789
ARESpB,41.8,40.9,42.09,40.69,22989.8492,41.6562
TKLF,2.0416,2.135,2.1351,2.0001,15383.77166,2.0505
SERA,1.88,1.8813,1.93,1.87,21695.002381,1.8885
TMAT,27.9233,27.83,27.94,27.73,22416.1156,27.8515
VNTG,0.7851,0.79,0.7953,0.77501,3563.0,0.7882
METCI,25.15,25.185,25.185,25.05,7100.0,25.1165
BRFH,2.41,2.4999,2.4999,2.41,3964.06,2.4653
HEQT,33.17,33.2099,33.21,33.15,46595.1256,33.1704
STRV,47.52,47.35,47.53,47.34,38786.150973,47.4703
MINY,45.9909,46.35,46.36,45.6381,3860.9668,46.0668
GWAV,3.85,3.7014,3.89,3.61,4536.719967,3.7677
TRTNpG,24.27,24.5,24.5,23.99,36113.493,24.1515
MFMO,23.7824,23.38,23.8,23.36,6378.053,23.6391
VUSE,70.2166,70.0318,70.26,70.0318,5541.8394,70.1481
MB,7.565,7.32,8.49,7.01,33725.853971,7.9022
ALDF,10.63,10.63,10.64,10.63,353510.0,10.63
BTYB,24.79,24.795,24.8399,24.72,689.4907,24.7822
BUSA,38.6292,38.73,38.792434,38.6,14703.7619,38.7001
SLNZ,45.435,45.41,45.435,45.37,284.2801,45.4043
DRLL,35.2576,35.27,35.6,35.23,12904.766234,35.406
BBCQW,1.45,1.45,1.56,1.41,54463.0,1.469
QCAP,24.7104,24.645,24.73,24.645,13550.6472,24.6946
DLNGpA,26.3,26.0903,26.33,26.0,5414.0,26.1431
APIE,38.268,38.21,38.32,38.12,35585.095,38.2052
NEEpS,56.81,57.16,57.16,56.67,54471.0,56.78
NAPR,58.9,58.76,58.9199,58.49,7236.0,58.7606
IMSRW,3.615,3.96,3.96,3.26,17069.433908,3.5252
LRGC,82.5071,82.56,82.66,82.45,27556.146744,82.488
EMOP,51.89,51.765,52.065,51.765,61120.9581,51.9741
LOWV,80.1,79.9956,80.1,79.82,13345.082567,79.9525
BTBDW,0.0501,0.0961,0.1051,0.0501,40058.0,0.0643
BPH,65.8869,66.5,66.5,65.8869,1070.79,66.2772
CPLS,35.3,35.29,35.3,35.28,10656.5789,35.296
FTAG,29.835,29.865,29.99,29.835,2107.0048,29.9199
AMPGZ,0.08,0.08,0.0899,0.079951,1657.0,0.0809
NULC,52.6,52.45,52.6,52.45,1971.5985,52.5734
QXOpB,52.59,53.17,53.17,51.27,444984.1505,51.4885
VIVS,1.39,1.4,1.4275,1.38,18987.871661,1.3983
DSMC,39.5813,39.46,39.5813,39.22,3208.8772,39.3962
RTYY,12.7751,12.72,12.785,12.63,2815.3277,12.7136
OCSAW,21.0,19.76,21.07,19.76,5252.0,20.8187
KEMX,50.12,49.8,50.1496,49.75,5721.03735,50.1965
JYD,4.72,4.71,4.95,4.7,6608.0,4.8224
NCIQ,20.0286,19.89,20.065,19.845,10679.9897,19.9901
SACHpA,18.005,17.96,18.0424,17.96,5628.8588,17.998
EWV,18.6766,18.6799,18.9,18.59,71023.478729,18.696
JFU,3.6,3.1,3.88,3.1,4284.777778,3.4546
BON,1.2,1.2198,1.22,1.19,19659.0,1.2064
RSBA,20.87,20.89,20.89,20.85,4626.6044,20.8593
GEME,42.985,42.57,43.11,42.57,72757.339,42.8504
XXX,20.9099,20.745,20.95,20.745,4257.992,20.802
TSXU,51.88,49.43,51.88,49.365,22554.363938,50.6627
FMQQ,11.83,11.88,11.88,11.81,5563.8837,11.8441
PSWD,35.6291,34.78,35.6291,34.615,3378.0,35.2346
AFIX,24.935,24.93,24.9599,24.93,5727.0,24.9533
GIND,24.4748,24.47,24.54,24.43,7874.04,24.5002
AIRJW,0.77,0.72,0.79,0.695,11417.0,0.7413
PJUL,48.2,48.27,48.27,48.14,24238.31235,48.2062
EVX,39.5917,39.85,39.85,39.57,4632.865448,39.7758
NVBW,35.195,35.13,35.195,35.13,646.0,35.1675
ONOF,39.4619,39.285,39.47,39.27,9665.3774,39.3855
DGIN,34.6745,34.7,34.7,34.47,4804.343877,34.6166
FTWO,45.5115,45.78,45.78,45.5115,8088.397507,45.6731
XIMR,31.505,31.55,31.55,31.46,2677.0167,31.4769
SFBC,42.16,42.25,42.53,42.15,6351.9236,42.2619
MFLX,17.195,17.16,17.195,17.15,5822.107,17.1605
NTRP,2.546,2.5122,2.5699,2.47,15500.0,2.5318
COSW,45.75,45.98,46.37,45.75,4296.411755,45.8785
EZJ,64.06,63.95,64.38,63.55,5095.11018,63.9035
AIBD,5.55,5.75,5.75,5.53,50559.2175,5.6239
GENZ,35.5,36.05,36.05,35.5,7791.004057,35.6451
MGIH,1.5,1.485,1.5599,1.48,4671.0,1.5084
XBIT,2.46,2.5,2.52,2.46,21968.420997,2.4895
FLRG,40.4581,40.42,40.55,40.42,13303.5603,40.4951
AZI,1.27,1.3,1.3,1.2298,18852.46,1.2474
HERD,47.7652,47.56,47.8,47.56,3056.9724,47.7213
NCLO,24.98,25.0,25.0,24.97,26537.083869,24.9859
TARK,47.2582,45.1644,47.2582,45.1644,8379.979594,46.2296
TPZ,21.9045,22.17,22.208,21.85,3582.3713,22.0812
MDIA,0.95645,0.9413,0.98989,0.9213,15621.404208,0.9515
ABEQ,37.14,37.22,37.22,37.13,12874.1387,37.1525
CCXI,10.2,10.2,10.2,10.2,219.0,10.2013
GQGU,25.87,25.96,25.96,25.845,92327.5875,25.9088
IBGK,23.2548,23.29,23.29,23.24,2492.4158,23.2453
AXPG,11.8806,12.045,12.045,11.75,9116.17,12.0149
AJUL,29.84,29.8,29.84,29.8,488.0,29.8042
PSCX,32.285,32.3,32.3,32.25,595.0,32.2782
BPAY,24.5421,24.83,24.83,24.5421,198.5247,24.7056
LCR,39.14,39.06,39.14,39.06,3280.8013,39.1139
EEMO,22.993,22.6801,23.01,22.68,8841.370173,22.8977
BTF,21.7607,21.53,21.78,21.53,7091.070682,21.657
SJB,15.29,15.32,15.32,15.29,54743.848886,15.3063
LIXT,5.16,4.9379,5.55,4.75,124360.989088,5.1105
MFVL,20.3194,20.22,20.3499,20.155,14997.569,20.2327
LRE,1.3,1.29,1.3,1.29,1005.0,1.295
CBOT,26.7066,26.5,26.7066,26.5,228.0,26.5656
PSP,62.127,61.47,62.15,61.25,68077.124389,61.9212
UNX,46.8534,41.21,46.88,40.17,6849.56826,44.9132
BKSE,126.0373,125.41,126.0373,125.41,1563.516004,125.8734
ASCE,32.565,32.45,32.565,32.36,21073.1603,32.4836
AMZO,14.3304,14.62,14.62,14.33,1930.1923,14.3848
BBGI,17.13,17.245,18.2395,16.7,23428.712739,17.4083
KAMO,24.76,24.77,24.77,24.75,13250.11,24.7658
APOpA,68.4,65.45,68.4,65.45,334408.0,67.8666
BBHM,11.8,11.85,11.86,11.76,56219.0,11.7929
STXE,49.6094,48.96,49.615,48.96,5525.3075,49.3961
TYLG,40.4917,40.09,40.4917,40.09,2738.9091,40.3075
EUV,26.25,26.2,26.5,25.92,15085.232,26.1115
DBP,112.7481,113.165,113.165,112.16,42060.382888,112.6103
ATCL,25.245,25.24,25.25,25.23,27863.514,25.2392
BWIV.U,10.09,10.13,10.15,10.09,8972.0,10.1079
EPSM,1.25,1.32,1.32,1.235,12322.763772,1.2929
BCSM,23.0252,23.1,23.13,22.99,3891.086,23.0338
RSPF,75.1541,75.24,75.27,75.13,5842.335608,75.2194
FTHF,47.4547,47.0,47.462623,47.0,3668.1697,47.2467
MCHX,1.58,1.62,1.62,1.5,10191.0,1.547
CWS,67.3467,67.4,67.64,67.25,16685.178622,67.367
TPFC,24.752,24.7,24.82,24.67,137585.04,24.74
MDST,28.46,28.59,28.9283,28.4586,36000.425826,28.8149
SIXA,54.5633,54.72,54.78,54.5633,2910.3219,54.7364
SHEH,59.7992,59.93,60.1,59.7992,336.42285,59.9439
BKFI,23.94,23.93,23.95,23.92,138079.0,23.9367
JRE,26.891,26.98,27.28,26.891,7749.69302,27.0439
BCIL,30.9442,30.875,30.98,30.815,2452.4691,30.8563
BAERW,0.36,0.2903,0.36,0.2633,25010.0,0.3188
WCPB,25.41,25.425,25.44,25.3944,26468.6694,25.4216
IBTQ,25.16,25.19,25.1996,25.16,59605.2419,25.1724
XFIV,48.9118,48.9301,48.9499,48.9,23780.4688,48.9167
XTWY,37.2667,37.2801,37.36,37.235,9290.3077,37.2878
CCSO,28.6233,28.65,28.68,28.554,4220.616451,28.6546
DESK,37.6107,37.39,37.78,37.39,1199.1486,37.6347
NUCLW,1.76,1.86,1.925,1.735,200821.966,1.7862
RAYA,3.96,4.55,4.68,3.92,56978.555143,4.265
STXD,37.9228,38.08,38.08,37.91,2932.6074,37.9868
CDIG,26.2694,26.36,26.42,26.2694,976.542,26.3593
GXDW,28.8519,28.59,28.88,28.57,6292.066606,28.7132
LONA,10.04,9.85,10.46,9.07,80944.98137,10.0005
DDFL,21.015,21.04,21.04,21.01,5198.0,21.0142
SAPH,31.9505,32.25,32.25,31.87,609.062,31.9417
EDHL,2.69,2.305,2.74,2.305,5029.25,2.5539
BOCT,52.2002,52.1,52.2002,52.1,2103.019168,52.1418
PAPR,41.8,41.815,41.8799,41.7601,54465.013,41.8223
DGRE,40.13,39.99,40.3425,39.78,7202.378979,40.1094
KWMWW,0.0373,0.0373,0.0373,0.0373,1000.0,0.0373
BMOP,24.8927,24.87,24.915,24.87,79458.0,24.8909
BKMS,25.505,25.49,25.505,25.49,45308.078,25.4981
EFSCP,21.3,21.74,24.0,21.1,7468.0,21.4878
MEMS,32.14,31.99,32.14,31.86,2533.3142,32.0212
PCGG,10.96,10.99,10.99,10.95,2877.92,10.9716
ODDS,24.22,24.55,24.55,24.22,4907.1061,24.4241
HAPI,43.45,43.43,43.45,43.43,347.2138,43.4905
AFBI,22.46,22.452,22.475,22.452,724.0,22.4649
GMUB,51.27,51.335,51.335,51.25,28166.681616,51.2762
CRDX,24.77,23.13,24.77,23.13,1033.0,23.8469
RUMBW,1.7,1.44,1.77,1.44,84530.0,1.6988
VUSV,66.7198,66.56,66.775,66.56,2620.612,66.7094
SNOV,26.435,26.405,26.4536,26.37,12517.0,26.4088
PTLE,5.5,6.2,6.25,5.2617,11493.180334,5.7285
DDFF,19.7725,19.755,19.8,19.74,5674.0,19.7591
PAYR,52.82,53.12,53.12,52.82,8954.1748,52.9456
AQWA,19.1243,19.27,19.27,19.1243,5345.89726,19.1903
RTXG,19.7655,19.6825,19.92,19.3701,18042.4978,19.585
WVVI,2.94,2.9499,2.95,2.94,1958.802,2.9257
FCVT,51.4036,50.9801,51.46,50.9801,19276.088899,51.172
PQOC,30.77,30.67,30.77,30.67,503.0,30.6704
CGTL,1.1,1.12,1.12,1.05,34200.42,1.0948
TAFL,25.0151,25.04,25.0549,25.0151,504.0,25.029
PAVM,7.16,7.12,7.365,7.07,24202.612511,7.2003
BLST,25.115,25.12,25.13,25.115,5654.54,25.1196
ASTC,2.77,2.8,2.82,2.75,13369.950291,2.7707
CLUB,25.7572,25.62,25.76,25.57,19702.0,25.6741
TWOD,25.33,25.31,25.34,25.31,10982.646,25.3249
XOMX,39.4016,39.82,40.24,39.4,11971.8471,39.8636
FCUS,43.6133,43.005,43.7099,42.95,49084.498996,43.2941
DIVD,42.1391,42.18,42.22,42.0701,2897.886063,42.1828
USPX,64.3504,64.18,64.41,64.18,26037.639816,64.3193
TC,10.3294,11.76,12.0,9.95,36425.937419,10.6364
THIR,33.54,33.32,33.5854,33.31,60499.458,33.5028
QQH,83.9519,82.58,84.01,82.58,35822.0283,83.638
CVIE,81.8265,81.57,81.89,81.31,7323.2602,81.6897
LOTI,25.6843,25.77,25.77,25.6843,3354.0,25.7092
BINT,32.29,32.16,32.29,32.145,358483.8235,32.2124
BLUX,31.09,30.95,31.1,30.95,260297.316154,31.0702
BBHL,16.712,16.66,16.712,16.66,35270.0,16.6949
CAML,39.05,39.1,39.175,39.05,18657.14,39.125
UGA,116.74,113.81,117.31,113.53,30690.545216,116.1569
COTG,15.1062,15.16,15.329,15.01,33281.992,15.17
DDXX,27.5916,27.55,27.5916,27.54,12163.0,27.5662
DECW,35.27,35.22,35.27,35.22,9917.7531,35.2516
KNGZ,39.4591,39.27,39.505,39.202,3451.5999,39.461
STXV,36.5494,36.5,36.61,36.46,4078.9721,36.552
MKZR,2.5,2.465,2.52,2.4,40907.323352,2.467
IBIH,26.48,26.51,26.51,26.48,3832.4531,26.4875
DSXpB,26.76,26.76,26.76,26.76,320.0,26.8568
NURE,30.328,30.33,30.382,30.328,992.89,30.3637
MFUS,63.3299,63.22,63.445,63.125,12798.045519,63.282
QETH,23.04,22.61,23.09,22.59,18724.576178,22.92
THMZ,33.2972,33.29,33.319,33.29,418.274427,33.3017
TSEC,25.825,25.83,25.87,25.815,16001.7012,25.8387
RMCO,2.8,2.935,3.1499,2.8,5829.343,2.9193
AMBO,2.23,2.22,2.39,2.16,13090.929,2.2799
HVII,10.425,10.4299,10.4299,10.425,360.0,10.4255
QINT,70.5374,70.52,70.57,70.29,14882.14236,70.4237
CCEF,29.464,29.37,29.49,29.37,3295.4275,29.468
AGMpG,17.6776,17.63,17.7,17.62,8244.0013,17.6667
ASPSZ,0.2163,0.21,0.23,0.21,5252.284682,0.2161
LDRC,25.1951,25.22,25.22,25.18,150034.5005,25.1822
RGS,27.98,27.005,27.98,27.005,8562.4337,27.5066
DARP,57.244,56.9695,57.244,56.9,8662.85151,57.0666
DUKZ,25.549,25.49,25.549,25.49,2357.3686,25.5355
RANGR,0.299,0.299,0.299,0.299,157.763133,0.2891
IXP,125.0,125.14,125.2015,124.82,13612.818529,124.9542
BUYB,39.5321,39.545,39.73,39.4999,4130.211501,39.6131
BIGY,52.746,52.66,52.85,52.66,4422.131224,52.75
GAUZ,0.4901,0.4488,0.519,0.4488,38772.480629,0.4791
WBIY,34.1383,34.06,34.1601,33.92,5061.427511,34.1007
QDIV,36.4963,36.31,36.72,36.31,3893.679143,36.6088
BCARW,1.59,1.64,1.7,1.51,344538.962732,1.6245
EAOA,44.5374,44.45,44.5374,44.45,1390.5994,44.5141
MWYN,0.7904,0.795,0.82,0.78,97562.0,0.7936
IMRA,16.7242,16.0001,17.13,16.0001,8345.094151,16.5137
BBYY,12.28,12.3584,12.3601,12.28,13151.1903,12.3264
GAMR,87.5232,87.25,87.5501,87.16,3639.797599,87.3259
RFAIR,0.1,0.1,0.1,0.1,50500.0,0.1
ARTC,9.86,9.86,9.87,9.85,131829.0,9.8583
OCTT,45.8558,45.8,45.87,45.8,1667.0,45.8368
FEBW,35.185,35.21,35.24,35.17,12080.52,35.2004
NTIC,7.96,7.97,8.04,7.94,53962.8416,7.9851
RAY,3.35,3.17,3.4079,3.17,7385.326464,3.3091
BKMI,26.3,26.29,26.31,26.29,23206.0,26.2968
CAAA,20.39,20.42,20.42,20.35,2181.3701,20.4088
BRKC,40.8591,40.8501,40.96,40.82,6592.7605,40.8724
FORTY,147.4,146.0001,149.5,146.0001,1382.8866,146.9536
BSJV,26.34,26.3249,26.4,26.27,17306.8715,26.3473
DDFA,20.0049,19.97,20.01,19.97,17160.0,19.9837
NICM,6.71,6.61,6.812,6.4602,12785.212691,6.629
PEBpG,19.89,20.375,20.375,19.89,31134.8071,19.9738
RYM,26.19,25.9,27.891,25.9,18235.923373,26.5507
YXI,21.1755,20.73,21.1755,20.725,4754.0,20.8855
AFGE,16.97,16.75,16.98,16.75,9501.0,16.9086
PMN,9.83,9.95,10.185,9.31,33272.6798,9.6185
WBSpF,21.46,21.31,21.46,21.31,5996.6765,21.4078
KHYB,24.23,24.21,24.23,24.21,8177.1486,24.2294
PRXG,39.1747,39.02,39.1747,39.02,9199.1438,39.0949
AIRI,3.04,3.1,3.1,3.02,7622.90951,3.0629
MINV,51.5339,50.84,51.57,50.84,9380.9683,51.2673
AXIAp,13.13,13.23,13.23,13.0,123044.38,13.1062
SPRC,6.25,6.48,6.7,6.19,40920.338875,6.4786
ARMY,24.6863,24.64,24.6863,24.51,1404.081,24.6115
VFL,10.25,10.28,10.3226,10.24,11932.4998,10.2781
DDSQ,20.84,20.6153,20.87,20.6153,34393.0,20.8576
AGNCN,25.78,25.715,25.78,25.71,15257.4452,25.748
PBDE,30.6083,30.57,30.6083,30.57,815.0,30.57
DDTN,20.13,20.0701,20.13,20.0701,9625.0,20.0902
DDFD,19.7926,19.751,19.7926,19.751,4368.0,19.7617
HAO,0.73,0.6868,0.75,0.640001,7380.0,0.7191
DDTA,20.225,20.2,20.26,20.16,5144.0,20.1843
MTR,4.27,4.31,4.316,4.2,15660.8494,4.2617
BU,22.3391,22.29,22.3391,22.27,872.0,22.0864
CELGr,0.129401,0.0957,0.137,0.08,201735.0,0.1238
PRVS,30.5069,30.5,30.54,30.475,3270.0,30.511
DULL,49.4846,48.97,49.8,48.97,1898.7,49.2255
WRBpG,16.63,16.555,16.63,16.54,3738.0,16.6016
PASW,0.152,0.144,0.1575,0.1401,153866.0,0.1474
MMSD,25.3336,25.355,25.36,25.33,8561.078,25.3436
RMSGW,0.0486,0.0485,0.07,0.0485,12536.355812,0.05769
GXRP,27.55,26.85,27.72,26.85,57944.611866,27.2671
FITBO,19.265,19.23,19.35,19.22,11164.6943,19.2788
TVA,10.49,10.52,10.52,10.4799,76743.0,10.4956
OMFS,50.86,50.68,50.86,50.59,5007.2843,50.7041
HIGpG,25.0,25.0,25.0,24.92,13731.104,24.9728
ARBB,4.52,4.36,4.7,4.32,15784.524,4.5065
MSpL,20.535,20.42,20.57,20.42,23167.336,20.4944
NEOVW,1.29,1.29,1.29,1.29,111.0,1.2807
YOUL,0.974599,0.8601,0.974599,0.8601,18266.0,0.9083
DDTF,19.995,19.96,19.995,19.96,402.0,19.9674
FBDC,17.65,17.65,17.67,17.53,12006.692,17.5709
MGOV,20.349,20.35,20.38,20.3,8438.1678,20.3385
DDTY,19.9699,19.9799,20.0,19.956,82626.0,19.9826
FITBM,26.23,26.16,26.27,26.1,220950.313,26.22
SNPD,28.6176,28.64,28.7,28.6176,454.4883,28.6915
UMAY,37.69,37.7,37.71,37.64,19020.527,37.6945
BPYPM,16.93,16.9486,16.99,16.86,26074.175109,16.9442
SAT,25.11,25.12,25.12,25.1,3865.0,25.1143
QBIG,42.2314,41.97,42.2673,41.97,5640.175377,42.1451
MLPB,28.9548,28.98,29.345,28.9548,6904.946955,29.0769
MKDW,7.29,7.22,7.29,7.2,1411.135523,7.2665
XRPNW,0.9125,0.8756,0.99,0.8656,36737.0,0.9333
IPM,1.84,1.86,1.905,1.84,23391.0,1.8758
LCF,44.049,44.06,44.12,44.01,133905.5845,44.1016
PAPI,26.33,26.28,26.4,26.245,75155.779921,26.3442
INKM,34.54,34.56,34.57,34.53,4490.5516,34.5389
UBR,37.76,38.34,38.35,37.76,4487.779532,38.2601
PBPH,24.7363,24.74,24.835,24.69,75427.08,24.7478
HYBB,46.69,46.65,46.72,46.6431,33922.1951,46.6751
PBEU,30.3946,30.4,30.43,30.25,51031.0198,30.3527
HWCPZ,22.48,22.475,22.6399,22.46,20605.334,22.5496
IRS.WS,1.85,1.7,1.95,1.7,21427.0,1.7987
WETH,1.78,1.86,1.9,1.78,57109.012467,1.8189
PBOG,31.8816,31.8701,32.1,31.8701,35564.70138,31.9847
CNYA,37.59,37.58,37.62,37.52,45826.799115,37.5577
PYPD,4.38,4.395,4.47,4.315,33972.831,4.3989
HPEpC,83.22,80.43,83.22,80.43,24183.3135,81.8504
GDOC,31.6649,31.8,31.8,31.6649,503.8234,31.7631
SINT,2.35,2.44,2.5347,2.3001,7628.89373,2.3921
RDACU,9.85,9.02,9.85,9.02,655.0,9.5901
FEMG,25.2955,25.33,25.34,25.2955,2994.06,25.3225
FRGT,0.8157,0.7574,0.8399,0.7431,92505.391365,0.7871
RKSG,27.4169,27.43,27.43,27.4169,2545.0,27.43
BULG,41.6675,42.205,42.37,41.06,6765.847,41.9212
ASTLW,0.0362,0.0362,0.0362,0.0362,425.0,0.03554
RAVI,75.2774,75.25,75.2982,75.25,13867.723801,75.2708
WPAC,9.95,9.95,9.95,9.95,4379.0,9.95
TTRX,3.7899,3.6601,3.7899,3.66,29520.359,3.6916
SIO,25.73,25.734,25.75,25.72,250278.4233,25.7453
TEXX,27.5924,27.65,27.88,27.5924,4150.5,27.7713
FFUT,58.755,58.44,58.8,58.44,3171.37,58.6498
ONEO,145.5063,145.018,145.5063,145.018,198.4534,145.0978
RSSY,25.41,25.289,25.43,25.289,30766.6352,25.3847
IPOS,22.501,22.2184,22.52,22.1601,3144.532546,22.318
FONR,18.85,18.8931,18.8931,18.82,83194.361,18.8513
ARKI,21.8993,21.73,21.8993,19.8901,7122.137,20.6919
FIEE,6.52,6.8835,6.9,6.19,7793.28027,6.7616
TOLZ,60.0003,60.315,60.42,60.0003,5281.516817,60.2935
PVEX,30.5064,30.5,30.69,30.38,10207.0,30.5263
FBRTpE,20.03,19.78,20.09,19.78,28562.716,19.9702
TCBIO,21.6,21.7101,21.7101,21.4601,7360.0306,21.5911
LGHL,0.7459,0.76,0.7611,0.7087,69355.0,0.7434
FMTL,37.4677,37.57,37.61,37.36,4794.106335,37.4802
FORA,2.15,2.15,2.1612,2.15,49197.799962,2.1585
XELB,2.2899,2.3004,2.3004,2.25,5530.0,2.2831
AVXC,82.5017,82.1,82.5017,82.021,45269.19482,82.3252
BBEM,78.24,77.85,78.24,77.67,23834.498272,77.9128
BYAH,1.4,1.24,1.4497,1.2001,117347.100323,1.3264
ASBPW,0.019399,0.0169,0.0195,0.0152,20096.0,0.01724
ERET,29.2695,29.29,29.2956,29.24,1789.0,29.2697
FRTpC,19.61,19.63,19.63,19.585,3231.2068,19.5945
CTSO,0.609,0.6299,0.6299,0.6,40750.214376,0.6094
EMM,44.3997,43.9101,44.41,43.91,29043.114852,44.1573
MMTM,314.3459,313.845,314.72,313.845,532.930316,314.3762
DDV,25.3557,25.37,25.37,25.355,6233.0,25.3649
PCRB,46.2541,46.3,46.3,46.2541,26005.0,46.2917
DRES,29.9388,29.9499,30.03,29.9388,695.6193,29.9667
EQTY,27.4288,27.36,27.43,27.35,48063.4703,27.3886
IONQ.WS,38.0,36.28,38.0,35.78,1941.525,36.37
EVOXW,0.37,0.37,0.37,0.37,6500.0,0.37
NHPBP,20.94,20.575,20.95,20.3901,2336.0,20.7165
AFLG,43.07,42.96,43.1499,42.96,31421.3199,43.0931
GPT,33.3242,33.37,33.385,33.28,3177.6439,33.3436
NAMSW,28.0,25.99,28.5,25.99,11808.0,27.0745
EGGQ,55.375,62.05,62.05,53.68,12909.190308,55.468
NUHY,21.38,21.35,21.38,21.345,7448.561013,21.3595
AXIL,7.15,6.9146,7.21,6.9146,15757.7666,7.1022
BREE,26.76,26.7,26.78,26.7,2608.046,26.7498
SCDV,26.7662,26.77,26.86,26.7662,1066.2832,26.8319
BCFN,21.375,21.36,21.41,21.36,3638.0,21.3878
HELX,33.6261,33.38,33.6261,33.38,243.4494,33.4507
VACH,12.61,13.435,13.4775,12.61,6210.420258,13.0784
MPV,17.27,17.38,17.43,17.23,9131.82,17.3737
CPSL,27.7993,27.815,27.82,27.79,10134.057,27.8008
IVAL,35.315,35.43,35.43,35.22,11890.36975,35.3427
CZAR,31.585,31.49,31.585,31.49,704.0,31.4905
AUSM,25.06,25.07,25.09,25.05,6948.633104,25.0691
GXPS,27.0665,27.159,27.24,27.0665,23068.6405,27.1856
FCSH,24.29,24.294,24.35,24.29,4552.8725,24.3066
HISF,44.6498,44.66,44.6895,44.63,4324.2347,44.6637
RYOJ,2.02,2.04,2.04,1.99,8850.0,2.0091
SLDR,49.8418,49.89,49.89,49.8401,1491.0,49.8333
RWIN,26.3101,26.28,26.3101,26.28,300.0,26.28
AURE,2.35,2.39,2.39,2.32,2974.68355,2.3543
FAI,50.7114,49.65,51.285,49.65,57198.282447,50.193
KMPB,24.08,23.85,24.1,23.85,123354.1562,24.0014
RWEM,35.92,35.68,36.65,34.67,5942.6271,35.6143
FCRS,10.28,10.258,10.2829,10.25,15259.0,10.2573
GROZ,31.692,31.64,31.75,31.63,27705.9307,31.6713
BGLWW,0.31,0.3168,0.3168,0.28,17323.0,0.3087
CUPR,0.2799,0.2506,0.2946,0.2506,346433.0,0.2796
SDD,9.3394,9.42,9.42,9.321,560.1363,9.353
CLPS,0.9001,0.9,0.91965,0.892,13305.124976,0.8942
UNL,6.405,6.52,6.52,6.395,100000.224198,6.4396
DDX,25.1037,25.12,25.13,25.09,8679.898,25.1244
REFR,0.7542,0.885,0.885,0.7513,75450.314768,0.7988
QNXT,29.5602,29.285,29.5602,29.285,764.7437,29.4569
BTCW,84.7271,84.14,85.03,84.03,2482.040703,84.5837
STXG,54.5847,54.4,54.5847,54.4,3171.756468,54.5163
PZT,22.5089,22.5,22.55,22.4801,69810.675,22.526
SIMA,10.9,10.9,10.928,10.9,3463.0,10.9203
PCLG,22.49,22.42,22.52,22.42,175616.51293,22.5197
RDI,1.06,1.07,1.08,1.02,31156.0,1.0693
ARTCW,0.32,0.32,0.32,0.32,1026.0,0.32
RBLD,87.7783,88.15,88.15,87.7783,6327.6284,88.0294
WCAP,9.16,9.16,9.17,9.16,1406.0,9.1651
FTRI,17.4755,17.465,17.5297,17.4601,12477.46936,17.4911
PSAI,26.0518,25.9,26.1,25.8987,830.0,25.9779
SOTK,4.82,4.81,4.92,4.7,12596.0,4.8102
OCIO,37.0155,37.12,37.12,37.0155,656.209,37.0237
MBS,8.685,8.7099,8.7099,8.66,31713.8428,8.6803
BVAL,30.2204,30.15,30.28,30.15,126584.1587,30.2486
MFAO,25.22,25.18,25.22,25.16,4831.366,25.1891
VGSR,11.26,11.3,11.3,11.26,78476.6577,11.2819
IBIL,25.845,25.89,25.89,25.845,2286.882661,25.8675
OAKI,25.5901,25.74,25.74,25.5901,2324.99,25.6634
BLGR,31.5009,31.4229,31.5009,31.42,129767.213466,31.4694
DECP,31.99,32.06,32.0603,31.99,4103.768,32.0321
BLUC,30.8379,30.77,30.84,30.77,205789.4846,30.8371
FJP,78.5951,78.35,78.79,78.35,4728.057722,78.5612
QQWZ,28.408,28.17,28.408,27.87,14975.9084,28.2733
ANNAW,0.33,0.319999,0.36,0.319999,16303.0,0.3372
MQQQ,232.1416,227.0,232.1416,227.0,166837.167652,231.2467
RITMpE,24.39,24.4201,24.45,24.34,20296.4686,24.4142
PFAI,4.0499,3.7001,4.0499,3.7001,423.965116,3.8336
GTIP,49.625,49.66,49.66,49.62,19172.534912,49.6324
GQQQ,35.0776,34.88,35.0776,34.8799,2508.0065,34.9725
ACGLO,20.33,20.36,20.39,20.31,15601.782,20.3311
VEGN,72.2223,71.0199,72.2223,71.0199,1581.4192,71.6828
AACG,1.17,1.1801,1.22,1.17,4589.520767,1.1938
TNUK,27.5077,27.74,27.74,27.5077,746.0,27.7596
ROE,39.8518,39.7,39.91,39.7,5453.6796,39.8334
THRV,24.4984,24.52,24.53,24.465,6281.964,24.5099
ASMH,106.56,104.55,106.56,103.8392,4365.696775,105.8703
HQWWW,2.69,2.76,2.85,2.68,9706.0,2.7339
RSSX,28.1244,28.0,28.19,28.0,8191.480079,28.0758
HSBH,99.6417,99.65,99.65,99.4,410.09094,99.5316
ZMAY,25.89,25.88,25.92,25.88,38964.0,25.9012
FEBO,1.1,1.12,1.12,1.09,1824.0,1.1104
FEX,131.2862,131.05,131.4301,131.05,10111.4687,131.2342
EMSF,40.5975,40.39,40.5975,40.33,33769.1346,40.4326
AFIF,9.42,9.41,9.44,9.41,69903.105203,9.4192
AVMC,77.5,77.44,77.6629,77.39,24312.453848,77.5553
JSM,18.8,18.65,18.85,18.65,7762.219,18.7991
DMAAR,0.14,0.1301,0.1488,0.125,81386.133333,0.1341
NBJP,36.213,36.25,36.3,36.1399,24911.7861,36.2478
CRANR,0.215,0.2125,0.215,0.212499,10437.0,0.2134
QRFT,68.215,67.88,68.215,67.79,2022.912368,67.9639
DECO,66.5346,65.19,66.855,65.19,718.0654,66.346
AUGU,31.358,31.27,31.36,31.27,1443.0,31.3212
RFLR,30.6373,30.56,30.66,30.505,4012.0,30.6187
FDAT,22.0494,21.995,22.06,21.995,208.0,22.0266
NAMI,0.3675,0.38866,0.38866,0.362,18850.0,0.3737
REED,2.99,3.23,3.2795,2.95,18267.0,3.0878
QDF,86.9,86.79,87.09,86.79,20359.000943,86.9948
GSKH,69.524,69.35,69.524,69.35,110.044,69.4126
VSECU,50.97,52.52,52.87,50.7,33905.693,52.264
NBCR,33.29,33.27,33.31,33.22,21621.0,33.2875
SCMC,25.07,25.09,25.1,25.06,25603.0,25.0811
AQEC,24.3,24.225,24.315,24.225,27442.0,24.2661
CABR,0.8555,0.899,0.92221,0.8555,74740.16,0.8904
SABSW,0.0275,0.0549,0.055,0.0175,65759.0,0.02702
DEMZ,44.4576,44.51,44.51,44.42,5388.974246,44.4405
QMMY,26.03,26.035,26.05,26.01,15918.0,26.0182
GOLS,25.6517,25.635,25.8,25.635,347.0,25.748
FGL,2.0,1.795,2.04,1.79,20237.117383,1.9277
UNHU,46.9551,45.73,46.9551,45.27,7742.62,45.7933
FIGXU,10.1901,10.19,10.1901,10.19,216.0,10.19
HYNE,15.69,15.665,15.7,15.63,22606.3969,15.6694
CPSM,29.15,29.18,29.21,29.11,6935.0,29.1463
BGSI,115.43,120.29,120.29,115.34,35186.8896,116.2188
CBTY,20.0385,19.97,20.0385,19.95,4418.3607,19.9601
LITL,31.535,31.08,31.535,31.01,7122.0,31.2396
IBII,26.23,26.25,26.25,26.23,9178.5158,26.2322
GBR,0.7901,0.783,0.8097,0.763,55751.148396,0.787
ESK,14.1371,13.841,14.1371,13.841,411.3467,13.8792
DAAQW,0.3999,0.355,0.4,0.355,2200.0,0.3979
AMID,34.9147,34.97,35.04,34.9147,2484.0,35.0244
AVEE,72.8623,72.81,72.8623,72.6701,1430.4001,72.7493
RSPM,39.6235,39.53,39.86,39.53,8030.624827,39.7467
GDHG,1.79,1.7357,1.8183,1.73,1984.89307,1.7485
PLUR,3.485,3.44,3.5,3.37,4567.0,3.466
CNAV,40.36,39.76,40.36,39.7499,9208.616,40.0241
AIVL,123.6937,123.68,123.88,123.68,1154.5058,123.7464
TENM,26.645,26.69,26.69,26.645,1037.0,26.6696
BIVIW,0.283,0.31,0.3144,0.262,8400.0,0.295
QSIAW,0.0551,0.0682,0.0683,0.0501,19999.0,0.05738
MLECW,0.0202,0.0193,0.0202,0.019,52997.0,0.0208
TRINI,25.405,25.39,25.41,25.38,16680.0,25.3942
EYES,25.7139,25.272,25.7139,25.272,528.0,25.4766
MZYX.U,9.98,10.5,10.5,9.98,785.0,10.2232
SIXO,35.42,35.4,35.4499,35.4,26516.81,35.4125
MSTP,60.1693,54.7,60.34,54.7,13420.007399,57.8055
EVIM,53.03,53.08,53.08,53.0,36201.4902,53.0388
IBBQ,29.4591,29.459,29.555,29.34,7494.8193,29.4516
JHCR,25.3668,25.385,25.4,25.3668,986.54891,25.3854
PDN,47.4292,47.405,47.4292,47.31,4767.305612,47.3649
POCI,4.59,4.74,4.74,4.5801,9925.0,4.622
MATE,29.8667,29.78,29.91,29.78,1906.861,29.8758
SHDG,32.3348,32.28,32.3348,32.28,113.2485,32.3109
QTAC,24.23,24.1,24.235,24.1,99700.0,24.1523
RWTQ,25.51,25.601,25.67,25.3,18945.0,25.522
FCXG,13.24,13.22,13.3,12.889,26318.496251,13.0739
ZJUL,29.6902,29.69,29.77,29.69,6672.0,29.6909
IJUL,35.0751,35.05,35.1094,34.99,9047.0,35.0512
CQTM,26.2569,25.71,26.2569,25.71,230.038,25.7952
INTG,36.84,37.03,37.4125,36.67,9831.7997,37.1937
XEY,24.71,24.25,24.71,24.25,580.802,24.3461
HYDW,46.807,46.75,46.807,46.75,5611.798936,46.7689
FLYD,58.4138,58.18,58.53,57.185,1392.0,57.8279
XHYT,33.895,33.88,33.9,33.88,761.1992,33.8943
QPX,48.0187,47.89,48.02,47.85,4525.02,47.986
DALI,31.245,31.121,31.31,31.0801,2364.079755,31.1976
VEEA,0.545,0.4921,0.5803,0.4921,265530.443491,0.5331
GROW,2.62,2.69,2.752,2.62,6569.061883,2.6652
VGRO,26.03,26.051,26.051,26.03,514.6481,26.0402
JANT,43.405,43.37,43.415,43.37,3344.0,43.3903
LVO,5.27,5.3,5.485,5.27,5305.868,5.3508
PIPE,29.1969,29.31,29.56,29.1969,1849.33258,29.2706
BZQ,9.3772,9.22,9.3772,9.22,5304.61812,9.3179
BRKW,38.83,38.7,39.057,38.7,4120.6521,38.8894
UPC,2.8001,2.89,2.89,2.76,7491.73,2.8259
STXK,36.6057,36.47,36.6185,36.42,5375.3929,36.5094
MITTpC,25.375,25.425,25.425,25.35,24213.7985,25.3781
ATLCZ,25.44,25.45,25.46,25.4,18202.0,25.4406
CSSD,25.235,25.21,25.26,25.21,6627.0,25.2376
SBR,75.99,76.49,76.49,75.635,44143.809337,76.0873
IBIG,26.4947,26.509,26.509,26.4801,12782.7438,26.4936
FCEF,23.885,23.889,23.92,23.7915,45270.001233,23.8995
IG,20.675,20.68,20.69,20.67,17256.3138,20.6818
ONLN,58.72,58.8,58.8,58.5,19982.887048,58.6957
DNMXW,0.32,0.32,0.34,0.32,1434.67647,0.3222
JULT,47.0498,47.03,47.06,47.01,3214.25,47.0231
GLED.U,10.1,10.395,10.395,10.0,14264.0,10.2363
WGSWW,0.0062,0.004,0.0067,0.004,136036.0,0.005447
HDGE,16.633,16.84,16.84,16.633,21241.593829,16.7105
YALL,44.0517,43.8,44.0517,43.8,3748.210838,43.9076
OOSP,10.145,10.17,10.17,10.145,1571.6072,10.1595
ABFL,79.97,80.25,80.315,79.96,16605.6715,80.1202
EWK,26.3,26.37,26.46,26.3,8182.114573,26.392
BBC,44.6133,44.325,44.72,44.31,10889.160622,44.5013
SWAN,33.5486,33.61,33.62,33.4801,13845.095256,33.538
RWLC,36.0866,35.94,36.13,35.94,3457.9878,36.085
IJUN,30.695,30.68,30.695,30.68,115.0,30.6775
AHTpI,6.08,6.0,6.17,6.0,4274.0058,6.1373
STSSW,0.0322,0.0253,0.0322,0.0253,40436.0,0.03198
RAYJ,40.64,40.57,40.64,40.5,1307.0,40.5605
BGDV,29.9251,30.03,30.05,29.9251,5588.0147,30.0154
EVGOW,0.011,0.0152,0.0152,0.0106,63056.0,0.01388
EASY,26.0513,26.1701,26.24,26.0513,3082.6433,26.1469
AERTW,0.0231,0.0232,0.0232,0.0231,6650.0,0.02317
AZYY,17.2952,17.27,17.31,17.27,1924.1748,17.2879
TPFG,25.2622,25.34,25.34,25.21,105549.192,25.2398
YBTY,14.3031,14.13,14.3031,14.12,5896.3623,14.2349
CELUW,0.0078,0.0078,0.0078,0.0077,19114.0,0.007746
PUSH,50.395,50.375,50.43,50.375,8256.198,50.3929
ELOG,0.8213,0.85,0.8611,0.8213,6574.0,0.8493
GLUpA,55.5,55.5,55.5,55.5,540.0,56.314
TEQI,49.0452,49.01,49.1513,49.005,5063.989894,49.0758
AHLT,29.0608,28.94,29.0608,28.94,948.3668,28.9669
CEFZ,8.325,8.31,8.35,8.29,3910.6723,8.3318
LDRT,25.14,25.16,25.16,25.13,8335.2225,25.143
RCTR,37.52,37.85,37.85,37.46,7450.8653,37.6245
TSRS,27.0959,27.1,27.14,27.0959,709.7812,27.1284
MSST,43.956,42.58,43.956,42.58,4548.5109,42.8688
MAXJ,28.85,28.85,28.85,28.8401,4646.0432,28.8491
FLIA,20.36,20.36,20.3699,20.35,233797.3659,20.3595
FFF,23.5908,23.32,23.5908,23.32,433.084,23.4949
EDGI,31.0056,31.07,31.07,30.92,11960.128,30.982
UTRE,49.4,49.42,49.42,49.4,345.6746,49.4108
SIXD,30.485,30.45,30.485,30.45,1150.0,30.4699
BDBT,25.31,25.32,25.32,25.285,11453.03,25.2976
EAOR,37.3341,37.32,37.3341,37.32,357.1213,37.3175
QBSV,26.345,26.38,26.38,26.31,56766.0,26.3599
MMAX,26.97,26.97,26.9735,26.97,5580.762408,26.9701
QSOL,9.339,8.8895,9.35,8.88,14603.0,9.2877
PJFG,115.277,115.0225,115.277,114.96,2919.502,115.0128
PBRG,44.1851,44.135,45.0255,44.135,1100.760359,44.585
EDUC,1.46,1.4358,1.4842,1.4329,7713.7596,1.46
QSIX,42.2888,41.94,42.2888,41.94,764.8013,42.084
OSCX,64.0199,57.19,64.2,57.19,6491.664137,60.702
KEEX,62.6,59.58,62.91,59.58,5129.997427,61.8046
TAXM,50.235,50.28,50.33,50.235,1877.9156,50.3033
HOMZ,44.1424,44.08,44.225,44.08,1022.9042,44.1547
VBCF,75.945,75.99,75.99,75.93,554.7184,75.9424
IMAR,30.1909,30.2,30.23,30.13,972366.0,30.2
NFLP,23.05,23.09,23.1,22.98,4037.9472,23.0741
WENNW,0.3699,0.365,0.37,0.365,768.0,0.3685
WTIP,39.2021,39.2,39.329,38.99,3342.0637,39.1817
CNBS,29.1212,30.165,30.165,29.115,1728.571103,29.3651
VBCC,75.67,75.7,75.7,75.67,606.0,75.6768
OAEM,48.8,48.49,48.8,48.15,12660.748727,48.6256
SIXZ,31.1059,31.12,31.13,31.1,57011.0,31.1198
IBCB,25.2039,25.23,25.23,25.185,29482.0,25.2068
KG,11.87,10.44,12.2,10.44,10152.336,11.6403
HFND,24.3547,24.262,24.355,24.2501,1822.9509,24.2998
GBF,103.99,104.06,104.06,103.9205,3300.3794,103.9797
PGYWW,0.0675,0.0625,0.0699,0.0625,41799.0,0.06624
QUIZ,29.11,29.03,29.14,28.95,50476.9471,29.0681
PFIG,24.0697,24.09,24.09,24.0601,7188.3476,24.0747
PRFD,51.25,51.255,51.32,51.21,95976.4547,51.3052
NMAY,29.2364,29.2,29.33,29.16,104627.968,29.2382
SDEM,32.821,32.85,32.9,32.8,3025.779515,32.8432
BRNY,55.4477,55.34,55.54,55.34,16713.7574,55.4992
FLV,79.7022,79.81,79.98,79.68,5679.6642,79.8329
EBIT,37.9883,37.89,37.9883,37.89,130.4448,37.9004
FSCS,36.0155,36.05,36.12,35.925,7353.0,36.0184
WTF,3.9,3.92,4.4913,3.63,279247.73551,4.0386
NDEC,29.655,29.6114,29.655,29.59,3876.0,29.6249
UAPR,34.7907,34.8,34.83,34.76,12254.007,34.8019
ACPpA,20.2,19.88,20.2,19.88,2979.8503,19.9713
NAUG,31.2662,31.191,31.27,31.1901,9211.0,31.2342
FMF,51.4976,51.17,51.74,51.17,21213.006472,51.5399
ALF,10.83,10.82,10.83,10.815,25141.891003,10.8201
KJD,20.2628,20.32,20.32,20.0799,2524.835409,20.1316
BKUI,49.6964,49.695,49.75,49.69,246297.9604,49.7177
AUAU,40.8342,40.99,40.99,40.555,1285.0,40.6327
QHY,46.07,46.0199,46.09,46.01,10302.1454,46.0629
WFF,1.73,1.63,1.735,1.63,22321.592867,1.7041
MSN,0.41411,0.415,0.41785,0.414,7397.0,0.4211
HYTR,21.4949,21.4708,21.5,21.47,101582.2487,21.4939
DFDVW,0.5725,0.57,0.58,0.57,16118.491228,0.571
TAGS,25.04,24.8,25.09,24.79,14690.212495,24.949
ASIA,43.464,43.36,43.49,43.16,11377.89066,43.3426
CEPS,10.16,10.18,10.2,10.14,6633.0,10.1514
EUO,28.63,28.65,28.72,28.63,13431.471557,28.6753
NVAWW,31.41,32.95,32.95,31.41,887.120572,31.811
MARB,20.85,20.83,20.87,20.82,1949.7252,20.8467
VRM,12.33,11.3,13.37,11.3,7917.073065,12.0212
PONOU,10.1,10.1,10.1,10.1,759.0,10.1
IND,22.995,23.08,23.08,22.911,669.208,22.9869
NAII,2.67,2.75,2.8,2.67,4648.882,2.7224
DNNG,11.5414,11.46,11.5414,11.46,558.274,11.5036
HYSD,20.205,20.18,20.22,20.18,3862.2287,20.2055
JHLN,24.73,24.71,24.74,24.71,4219.0,24.7374
TAOZ,85.0547,85.34,85.34,85.0547,202.0,85.2633
ULE,13.1639,13.2,13.21,13.1209,3545.895,13.1586
NCT,2.55,2.66,2.8,2.51,19434.574627,2.6167
AAPG,21.5,21.9,21.9,21.32,2313.554904,21.479
CATF,50.14,50.23,50.23,50.14,2671.384,50.1932
UXAP,42.3398,42.23,42.3398,42.23,116.0,42.2336
VUSG,64.45,64.435,64.45,64.31,8762.6472,64.4114
INBKZ,25.12,25.1,25.3218,25.1,4338.0,25.1609
AEXA,11.33,11.425,11.47,11.3,45201.0177,11.3621
CCEL,3.4532,3.4101,3.54,3.4101,4513.331585,3.499
SOLC,18.3388,17.49,18.36,17.49,3934.0,18.0531
SONM,5.09,5.12,5.25,5.08,5830.984577,5.1082
IAPR,32.9418,32.97,32.97,32.8601,5767.0,32.9147
MZYX.WS,0.38,0.4,0.4,0.36,5509.0,0.3989
RFFC,72.7351,72.84,72.84,72.7351,612.6109,72.8412
FNGO,134.4887,131.805,134.4887,131.805,7066.322295,132.8314
TMFX,21.548,21.31,21.548,21.305,4468.1623,21.4101
FBIOP,13.501,13.26,13.64,13.26,29067.0,13.4136
TGLR,39.2504,39.195,39.3151,39.195,3347.7043,39.2495
DINT,29.7217,29.725,29.81,29.64,78879.3705,29.6586
XTRE,49.265,49.29,49.29,49.261,10034.8876,49.2687
UDEC,41.2382,41.22,41.2382,41.21,5705.0,41.2234
SMLV,147.6758,147.46,147.835,147.42,1481.0871,147.6373
CSB,64.1884,64.035,64.37,64.035,6489.414173,64.1792
UTWY,42.7945,42.87,42.88,42.7945,2082.9682,42.8484
CRXP,19.9447,19.94,19.9447,19.94,1511.0,19.9425
LGRO,42.1424,41.86,42.16,41.86,5891.3813,42.0392
HSPT,7.845,8.2301,8.2301,7.69,2740.0,7.9532
KYIVW,5.0,5.71,5.72,4.74,34112.0,4.9181
GSWO,62.74,62.62,62.74,62.5801,54760.801741,62.6546
OEFA,33.715,33.7,33.76,33.61,7943.2984,33.702
CHECW,0.1925,0.1925,0.1925,0.1925,200.0,0.1925
NBCE,40.3826,40.58,40.58,40.365,754.9641,40.5127
INCR,0.8388,0.86475,0.8916,0.8388,10710.376288,0.8686
BRRWW,0.41,0.3499,0.41,0.3499,1222.0,0.3689
KBAB,11.7824,12.3,12.3,11.75,10272.4344,11.8999
GEG,2.14,2.06,2.14,2.05,14695.0,2.0935
IQHI,25.975,25.96,25.975,25.9201,254.22854,25.9385
FCRS.U,10.47,10.465,10.47,10.44,15416.0,10.4444
SPBW,28.4379,28.43,28.47,28.41,11596.0,28.4466
RWTpA,25.075,24.95,25.24,24.85,8081.5327,25.1755
OKTG,12.2821,10.95,12.31,10.79,17768.077,11.9473
JCSE,1.105,1.08,1.1355,1.08,19770.0,1.1128
OXLCZ,24.79,24.85,24.85,24.79,3532.0,24.8272
YQ,2.5,2.7,2.7,2.5,4106.7413,2.5996
DECU,28.9902,28.94,28.994,28.94,13096.0,28.98
QTPI,25.6562,25.625,25.69,25.54,8715.4982,25.6694
AVRY,24.3,23.95,24.31,23.94,80762.0,24.2629
GURE,3.39,3.58,3.665,3.32,34967.9,3.5236
KNOV,30.783,30.78,30.783,30.73,6105.0,30.7496
CGV,16.8153,16.849,16.85,16.78,9222.8115,16.8255
SPYQ,182.9738,182.35,183.09,182.35,5003.462705,182.9632
ITAN,40.6141,40.15,40.68,40.15,6687.951,40.4073
XTNT,0.52,0.550101,0.5613,0.52,285382.230587,0.5371
IOTR,2.305,2.39,2.391,2.22,4432.0,2.3166
LBRDP,22.16,22.165,22.33,22.0001,10579.1929,22.1519
CMCI,29.3754,29.16,29.55,29.16,1033.0,29.2846
PPI,22.0684,22.14,22.17,22.05,51332.3567,22.1271
ADPV,46.07,45.41,46.07,45.41,15257.187403,45.9261
VAVX,20.6087,19.88,20.64,19.88,3165.808,20.1359
MINN,22.385,22.34,22.42,22.34,14943.249882,22.4038
ICUCW,0.0175,0.0176,0.0192,0.011,615418.0,0.01537
NRES,34.29,34.29,34.42,34.29,1663.285418,34.3957
QRED.U,10.07,10.08,10.086,10.06,7771.0,10.0772
WALpA,23.83,23.8,23.89,23.73,39373.0533,23.817
ABLVW,0.02,0.0199,0.02,0.0199,5008.0,0.02
UXI,56.0191,56.55,56.7,56.0191,802.420299,56.5351
WALDW,0.046,0.0446,0.0499,0.04,159912.0,0.04578
EBON,2.3399,2.32,2.36,2.3101,1744.021702,2.324
BOBP,31.0152,30.95,31.0152,30.95,1743.0,30.9468
DEFR,26.7005,26.74,26.74,26.69,6175.0,26.7198
LGL,7.0,7.03,7.1,6.95,7305.0,7.0573
BPYPP,15.75,15.7517,15.8,15.72,26457.339,15.7692
TGHL,0.35,0.35,0.38,0.34,40380.0,0.3595
GARY,24.821,24.58,24.821,24.56,3188.315,24.747
NPWR.WS,0.25,0.25,0.25,0.25,381.0,0.2609
DSTX,34.457,34.42,34.457,34.4,534.9896,34.4058
NDIA,27.4643,27.49,27.53,27.35,3329.9524,27.4737
QJUN,33.545,33.53,33.5629,33.52,21509.322,33.5344
CIMpD,24.54,24.49,24.55,24.41,7253.2284,24.5167
BANL,0.5054,0.5041,0.51,0.4949,53517.0,0.504
PBTP,26.395,26.391,26.4,26.37,10777.145456,26.3885
KTWO,9.99,9.99,9.99,9.99,180.0,9.9601
LFEQ,58.591,58.45,58.591,58.45,174.0,58.469
XTR,28.0997,28.035,28.13,28.035,985.9686,28.0769
DYNCW,0.16,0.115,0.16,0.11,25485.51246,0.1238
IFBD,0.95,0.958,0.958,0.94,1896.125,0.9476
CMSD,23.5337,23.42,23.56,23.4,31918.624,23.4767
NJAN,58.2913,58.15,58.33,58.15,16316.528,58.2369
IBRN,35.5541,35.71,35.855,35.51,3597.077633,35.5794
SMAY,27.1598,27.17,27.17,27.135,3256.0,27.1584
WTBN,25.33,25.311,25.34,25.3097,4723.4988,25.3242
YIBO,1.0602,1.14,1.14,1.04,12513.523028,1.0825
APVO,4.97,4.885,5.075,4.835,32812.0529,4.9481
CPSR,25.74,25.74,25.77,25.7,14713.0,25.7129
MBCC,38.5,38.355,38.52,38.355,6261.2282,38.4803
DIVS,32.3327,32.38,32.4,32.3327,4536.9054,32.3855
FDNI,28.1488,28.29,28.29,28.04,4100.1637,28.1175
BOAT,42.7671,42.615,42.901,42.35,21878.129547,42.7137
FSHPR,0.0811,0.0999,0.0999,0.0811,800.0,0.09287
DIPS,39.9012,39.0318,40.0,39.0318,3742.017479,39.834
RWAYI,25.07,25.17,25.17,25.045,29429.0,25.1031
EOCT,34.0814,34.07,34.1664,34.06,25325.0,34.0811
EMMF,38.0137,37.88,38.08,37.78,9340.7018,37.9958
QVMT,64.8011,64.5301,64.995,64.5301,2849.342257,64.8325
SCCD,24.66,24.725,24.725,24.595,11226.0,24.65
QBER,23.7803,23.795,23.81,23.7501,12346.5746,23.7819
GDIV,18.07,18.1,18.11,18.07,2974.344186,18.0934
BUFY,23.185,23.19,23.2,23.17,10469.0,23.1851
TE.WS,0.17,0.21,0.21,0.145,48739.0,0.1716
DAVEW,0.7106,0.81,0.81,0.6875,13686.0,0.7347
EHY,11.441,11.21,11.441,11.2,16298.7677,11.3175
SMIZ,42.1305,42.04,42.1707,42.005,13652.1966,42.1042
ITDH,41.4808,41.44,41.5,41.3979,1352.574187,41.5077
ASMF,25.9783,25.94,25.985,25.94,644.0694,25.9516
HMYY,7.4679,7.2301,7.4679,7.2301,885.799,7.2751
CCSB,20.055,20.06,20.1,20.0383,3603.9781,20.0689
RILYL,15.2599,15.11,15.5,15.02,10910.7683,15.2221
SKOR,48.61,48.63,48.63,48.595,18501.244668,48.6121
WDGF,32.2486,32.1,32.29,32.07,4842.275233,32.1212
FSI,6.19,6.2801,6.32,6.13,12297.387404,6.2602
GOODO,20.34,20.36,20.36,20.32,4372.5725,20.332
CLST,16.04,16.2,16.203,16.04,4418.0,16.1749
FLCG,34.1589,34.08,34.2,34.08,24763.3745,34.147
GOODN,22.363,22.34,22.38,22.34,1349.4799,22.3636
NEWTG,25.5999,25.6,25.6,25.45,670.0,25.5742
LDRH,24.6903,24.65,24.71,24.63,6502.5615,24.665
ADXN,6.84,6.9,6.9,6.29,4664.484,6.6565
PDP,139.5285,140.5113,140.5113,139.36,120509.5694,139.7524
QDEF,85.9734,85.91,86.099,85.91,3833.15254,85.9981
PTNQ,85.6865,84.82,85.77,84.82,26365.660123,85.4043
NHPAP,21.0273,21.225,21.225,20.82,8996.307,20.9632
EFAS,21.895,21.93,21.93,21.79,6703.962202,21.8708
EFU,7.5855,7.6,7.61,7.584,920.1506,7.6039
MOTI,35.16,35.555,35.555,35.105,17974.5763,35.242
DHLX,13.12,13.15,13.18,13.105,16684.5395,13.1482
RISE,19.506,19.56,19.56,19.5,1344.154,19.5045
DRNL,11.4307,10.6,11.4307,10.6,1338.366,10.7875
NSYS,12.86,12.2004,13.065,12.2004,7772.687,12.7285
BCTXZ,0.0899,0.0896,0.0975,0.0724,341337.327628,0.08481
SOCL,47.635,47.545,47.69,47.4,4165.552318,47.5991
BUFT,25.735,25.72,25.75,25.72,7402.0,25.7355
HYHG,64.685,64.58,64.7503,64.4901,5528.161901,64.665
HYXF,46.7418,46.75,46.77,46.72,109220.339452,46.7406
ADAMM,25.59,25.545,25.6199,25.48,3843.5743,25.5511
GNTpA,20.6,20.5901,20.6,20.5901,303.2942,20.5976
BSMR,23.625,23.635,23.64,23.6199,54485.1267,23.6302
EFFI,25.1799,25.25,25.25,25.1799,201.0,25.2472
BSAA,10.31,10.31,10.31,10.31,4066.0,10.31
HTLM,1.76,1.76,1.76,1.76,1541.574358,1.7779
PACHW,0.22,0.23,0.23,0.22,10200.0,0.2298
IBMR,25.3315,25.345,25.35,25.3315,21012.5364,25.3436
FLN,27.173,27.23,27.303,27.04,3745.43512,27.1647
XPP,23.773,24.13,24.13,23.7301,2316.125381,23.9494
MNSBP,24.76,25.09,25.09,24.76,2038.0,24.8295
BEPpA,18.45,18.08,18.45,18.08,3513.623,18.3251
QREDr,0.2,0.2,0.23,0.2,167133.0,0.2001
PINEpA,25.28,25.31,25.32,25.27,1234.7991,25.298
CGABL,17.15,16.87,17.15,16.87,36303.0,17.0362
EQLT,39.375,39.18,39.38,39.07,6896.409015,39.1966
GLOW,33.399,33.32,33.41,33.3,35991.422,33.3528
MZZ,6.2606,6.3,6.3,6.25,902.4,6.2646
BSMY,24.595,24.61,24.61,24.5,25415.2874,24.5446
DBRGpH,16.4,16.5151,16.5151,16.08,9589.1656,16.3294
XPND,38.418,38.35,38.45,38.3001,3306.5972,38.3672
AIMDW,0.0971,0.0971,0.0971,0.0971,112.0,0.09708
NAAS,2.385,2.373,2.49,2.36,2436.657286,2.3893
GLEDr,0.207401,0.2398,0.2398,0.207401,1309.0,0.2131
XLCI,24.8985,24.865,24.8985,24.86,1151.7882,24.8805
XSLLW,0.25,0.25,0.25,0.25,602.0,0.25
SOMN,50.51,50.435,50.51,50.15,76516.0,50.3255
TMET,32.54,32.575,32.62,32.54,2626.7296,32.5889
MMLP,2.6,2.44,2.66,2.44,23013.9159,2.5984
PMTpB,23.05,22.91,23.155,22.91,10928.7662,23.0583
TDOT,16.6374,15.868,16.64,15.86,926.316,16.367
SHRT,6.6198,6.4254,6.649,6.4254,894.9236,6.6173
QIS,12.533,12.7,12.72,12.533,311.3191,12.6918
TSOL,8.99,8.56,8.99,8.56,7088.446,8.8211
CFIT,25.994,25.96,25.994,25.96,631.0,25.9764
MNBD,26.005,26.025,26.025,25.94,4611.433,26.0009
BMAR,56.8242,56.76,56.89,56.75,5371.0,56.8135
GNLpE,23.16,23.11,23.16,22.805,5711.0,23.0905
THY,22.14,22.14,22.16,22.12,9581.2787,22.1416
TIER,31.7695,31.78,31.78,31.7695,159.0,31.7717
MOBXW,0.103,0.103,0.103,0.103,110.0,0.103
MTRA,26.4812,26.41,26.4812,26.4,26442.756,26.4098
STXT,19.98,20.03,20.04,19.98,17537.763945,20.0137
SCAP,38.6066,38.35,38.6066,38.35,974.9264,38.4894
LTCC,14.2943,13.8516,14.4,13.8516,40424.0972,14.2761
SPRB,56.5,57.5,57.5,56.2,25165.640515,56.699
HIHO,0.7831,0.79,0.7901,0.78,25144.250585,0.7885
SPXT,108.12,108.02,108.1899,107.9,4414.456698,108.0172
UXJL,35.8539,35.76,35.8539,35.76,410.0,35.7812
FYT,66.6166,66.23,66.78,66.23,7291.7304,66.6125
GVLU,26.1742,26.04,26.24,26.015,3574.7688,26.1795
AYTU,2.5,2.4886,2.5387,2.4886,7746.64,2.4964
SAMM,31.5781,31.48,31.5781,31.48,889.8478,31.5265
EMMY,24.9783,25.21,25.21,24.9783,46709.0,25.1685
UZD,20.37,20.15,20.59,20.15,26700.0041,20.3864
BRHY,50.895,50.89,50.92,50.87,4204.94919,50.9021
JXX,31.1007,30.98,31.1007,30.93,7714.4177,31.0158
AUGZ,44.87,44.79,44.87,44.79,3305.0,44.8524
GAL,53.28,53.25,53.28,53.1902,6620.783173,53.2498
SKYH.WS,0.82,0.82,0.82,0.8,9082.0,0.8129
MNTSW,0.0156,0.011,0.0158,0.01095,252418.0,0.01372
THMR,26.6788,26.61,26.68,26.6,1864.0,26.6661
CSBR,6.02,5.99,6.3,5.84,20657.9587,5.9943
RDHL,1.01,1.012,1.018,0.96,20020.373,1.0005
SPBX,28.755,28.7999,28.8,28.72,4283.0,28.776
OGIG,45.1926,44.78,45.21,44.76,7609.0255,44.9545
FLOW,37.3455,36.94,37.3455,36.94,494.959,37.1631
AIUP,27.4765,27.375,27.51,27.375,3227.005,27.3847
BESF,39.1141,39.1,39.4402,39.1,1165.7376,39.361
LFSC,38.36,38.48,38.715,38.36,2966.989,38.4993
MYCH,24.915,24.91,24.92,24.91,196390.8522,24.911
TMH,50.4439,50.23,50.51,50.23,371.039816,50.4449
XITK,188.3315,187.19,188.3315,187.19,960.142,187.3364
MBSF,25.6578,25.7,25.7,25.63,57307.0011,25.6702
AENT,7.09,7.1201,7.455,7.09,16305.957582,7.2441
PAYM,25.37,25.45,25.64,25.0901,49625.3918,25.4506
UONEK,5.7,5.89,6.06,5.66,6196.680055,5.9175
MBSD,20.705,20.7,20.71,20.6801,4241.716101,20.6971
QLVE,33.9494,33.86,33.9494,33.78,1253.7304,33.8658
LYLD,29.6,29.57,29.76,29.57,1157.1354,29.6085
HOII,10.4933,10.1892,10.4933,10.1892,1808.13168,10.3296
PAYH,25.7213,25.625,25.93,25.625,6942.5371,25.8469
PJUN,43.2546,43.22,43.265,43.21,7279.0,43.2224
AGGA,25.14,25.16,25.16,25.14,4849.8457,25.1575
IYLD,22.28,22.28,22.28,22.21,64154.969301,22.2407
VDG,78.14,78.01,78.2799,77.76,8520.457028,78.0207
MYLD,30.4,30.115,30.4,30.115,354.6931,30.2223
NXDTpA,13.2812,13.25,13.31,13.24,3734.7465,13.2596
ATNM,1.31,1.23,1.31,1.225,82270.514075,1.2728
JHCB,21.285,21.3,21.31,21.28,2653.0424,21.3016
XMAY,35.76,35.74,35.76,35.74,279.0,35.74
UPSD,27.6838,27.71,27.756,27.68,18510.0227,27.6922
SCEpG,18.73,18.61,18.75,18.61,3466.4735,18.6725
AFGD,20.45,20.35,20.45,20.35,1435.949,20.4179
EDGU,30.8367,30.69,30.8367,30.69,20449.2183,30.8152
MAGG,20.31,20.32,20.32,20.3,2643.106,20.311
ESLG,26.5867,26.51,26.5867,26.5099,1353.9898,26.5313
JPHY,50.435,50.46,50.505,50.435,15770.376488,50.4715
TTXD,19.18,19.83,20.38,19.18,11409.9551,19.794
EVPF,50.41,50.385,50.45,50.38,11964.723,50.4169
RDFI,23.6524,23.65,23.66,23.62,6451.298435,23.6442
EGG,7.49,6.85,7.49,6.695,39981.584,6.9146
DXUV,65.0319,64.82,65.075,64.82,7268.632822,65.0509
GINX,34.2725,34.36,34.36,34.255,4375.6098,34.2816
EVHY,52.43,52.38,52.51,52.3799,2828.7628,52.4416
SDSI,51.325,51.33,51.3799,51.31,8316.6961,51.3317
MSTI,20.375,20.375,20.39,20.372,993.0787,20.3759
QXL,3.28,3.3506,3.376,3.2,2369.71865,3.3197
RTACU,10.69,10.68,10.7668,10.68,3483.0,10.7472
TDV,98.8524,98.885,99.05,98.4,2712.778003,98.8604
HAUS,18.7279,18.71,18.805,18.71,6804.0595,18.7419
RGLO,32.185,32.19,32.23,32.05,24831.482,32.1589
MSSS,33.4106,33.18,33.4106,33.18,7730.3914,33.3324
REMG,36.8803,36.8499,36.8803,36.59,4882.0,36.7992
MPRO,32.44,32.42,32.44,32.41,4814.161,32.4318
DDFO,22.285,22.25,22.29,22.25,5619.0,22.2565
LKSPR,0.92,1.3,1.3,0.92,14839.0,1.0291
FAAR,33.64,33.68,33.78,33.62,20536.804471,33.69
GVUS,60.0292,59.99,60.07,59.99,2441.5236,60.0532
MFAN,25.12,25.12,25.1501,25.09,19853.9549,25.1226
TINY,82.0152,79.15,83.19,78.9,2975.018374,80.0994
RINT,31.3691,31.37,31.9999,31.2739,8776.229,31.318
CABZ,23.901,23.77,23.901,23.74,3470.726,23.7764
CPBI,17.475,17.5,17.5,17.3107,6670.0,17.4112
BBCB,45.3698,45.42,45.42,45.3501,2642.7144,45.3651
LST,45.0391,45.01,45.08,44.955,20323.8978,45.0187
FTDS,59.3828,59.69,59.725,59.3828,2018.076584,59.6533
OBND,25.895,25.91,25.91,25.8899,10232.0288,25.8934
TSEL,28.6628,28.72,28.77,28.62,22772.0,28.4845
TSYW,44.8549,44.945,44.945,44.82,2939.433419,44.8609
MDPL,26.3363,26.17,26.37,26.17,2635.0,26.3205
CRY,24.4921,24.48,24.5,24.3701,1371.861,24.4303
QSIG,48.59,48.62,48.62,48.59,443.6478,48.5939
SFWL,0.8799,0.8799,0.8799,0.8799,2249.0,0.8799
RIFR,28.255,28.3699,28.3699,28.255,1969.0,28.3317
UCYB,55.2335,51.765,55.2335,51.765,4269.658,52.8315
NGHT,27.2566,27.24,27.2566,27.07,10752.037,27.0868
PRAY,35.5114,35.51,35.5499,35.42,1876.897036,35.5218
DAO,12.42,12.005,12.9,12.005,76925.552595,12.6064
TRTY,31.1318,31.15,31.17,31.1,39683.1338,31.1438
TMED,30.2292,30.14,30.275,30.14,2846.4412,30.2448
MTEX,5.7,4.87,6.5,4.6,778620.1325,6.931
LENS,45.1805,45.2288,45.36,45.04,1401.556249,45.2451
USAF,27.615,27.56,27.65,27.56,685.994,27.5946
SLGL,70.86,68.0,71.0,68.0,11288.9674,70.0589
BSJW,25.46,25.4,25.46,25.4,657.507,25.4361
BCSS,10.15,10.15,10.16,10.15,5272.0,10.1587
MAGO,24.6003,24.26,24.885,24.26,5572.522246,24.5869
TRUD,27.105,27.19,27.24,27.06,40458.04,27.1639
FTXH,33.9147,34.02,34.1599,33.76,3572.089366,33.913
PNOV,43.77,43.77,43.82,43.76,122516.0,43.797
IDVZ,34.9098,34.93,34.959,34.81,14803.0156,34.9061
AFSM,37.7015,37.6,37.75,37.54,13293.804,37.6292
DIVN,28.453,28.46,28.57,28.43,9727.0,28.5405
ZMAR,28.125,28.09,28.125,28.09,1674.0,28.1096
QGRD,29.4797,29.3,29.4797,29.3,4786.0,29.3946
VTVT,30.68,31.0,31.92,30.68,22461.216,31.1499
FERAR,0.3079,0.2955,0.3105,0.2955,108951.0,0.3027
SMOX,29.1863,29.07,29.29,29.07,2952.0,29.2237
SQLV,48.5703,48.07,48.5703,48.03,1341.7147,48.1452
SFTX,30.9221,30.766,30.95,30.72,24977.252,30.8655
DFCA,50.095,50.13,50.135,50.07,105085.5047,50.0796
LWAC,10.19,10.1899,10.19,10.18,31442.0,10.1826
LEGO.U,10.0,10.0,10.0,10.0,565.0,10.0
KFFB,4.35,4.22,4.41,4.19,9902.0191,4.2897
YNOT,32.9304,32.7241,32.9304,32.66,8007.0,32.8078
APWC,1.46,1.5,1.515,1.46,4082.0,1.4904
BNKD,45.2378,36.16,45.2378,36.16,923.121,43.8476
JGRW,26.7958,26.8,26.8266,26.7958,8969.1124,26.808
SFTY,30.2895,30.28,30.31,30.2501,21838.0,30.2934
WAFDP,16.66,16.5883,16.74,16.5701,3384.283,16.6651
SAY,25.521,25.55,25.55,25.5201,1400.0,25.5446
VLN.WS,0.0395,0.031,0.0395,0.031,38743.0,0.03791
MSSM,58.2002,58.18,58.2002,57.91,10788.491,58.0361
GINN,77.27,76.71,77.295,76.71,1677.57175,77.226
AIFU,1.58,1.51,1.69,1.51,5009.0,1.6014
FTKI,19.8981,19.92,19.96,19.86,561.783,19.8996
FTRK,0.3988,0.3851,0.4,0.34,22523.0,0.3674
MGLD,1.13,1.14,1.14,1.08,3846.174869,1.113
GXPD,27.3,27.35,27.43,27.2484,16774.067849,27.3338
QMAG,25.025,24.98,25.025,24.98,1564.0,25.0032
TVACW,0.55,0.67,0.67,0.535,37739.0,0.5505
ZTRE,50.825,50.85,50.85,50.825,361.0,50.8366
DUNK,23.1972,22.975,23.1972,22.975,5235.0564,23.1507
EAFG,26.6222,26.57,26.6222,26.57,308.1022,26.5701
QTR,34.1845,33.94,34.1845,33.94,10281.72,34.0759
ONFOW,0.0916,0.0999,0.11,0.0801,68656.0,0.09959
TLG,27.335,27.42,27.42,27.3101,1376.0,27.3353
DGLO,22.9385,23.01,23.03,22.9385,1123.695,23.0016
OTAI.U,9.99,10.0,10.01,9.99,2847379.337523,9.999
ITIC,238.3,238.55,239.83,232.01,22998.81833,237.2863
UTSI,2.61,2.4901,2.65,2.4901,7202.5,2.5668
ACVF,52.3959,52.3101,52.54,52.3101,2857.3053,52.3993
GNMA,44.515,44.44,44.65,44.3433,40479.352099,44.4663
LEGR,64.5391,64.285,64.59,64.22,4336.0065,64.3784
RSDE,22.8,22.79,22.83,22.77,11657.0,22.8126
BHFAL,16.87,17.03,17.03,16.83,48085.709,16.8734
TDEC,26.3822,26.4,26.49,26.38,11275.0,26.4362
UCC,50.95,51.37,51.8799,50.95,2024.301621,51.4104
AAEQ,52.6478,52.59,52.6478,52.59,1491.981,52.591
DFTT,29.6568,29.55,29.6568,29.5,1916.0,29.6143
DLFE,31.355,31.35,31.36,31.34,7732.0,31.3508
REK,15.65,15.6,15.7199,15.5901,16635.467725,15.638
MMID,25.3957,25.43,25.48,25.3957,1951.049,25.4739
HF,21.7778,21.77,21.78,21.7699,5823.111,21.7782
DVYA,50.8427,50.79,50.843147,50.79,1280.171754,50.8069
PCIG,8.5162,8.52,8.52,8.4984,3409.098456,8.5078
XTWO,49.09,49.09,49.09,49.0701,11928.7029,49.0821
DBEZ,58.9707,58.89,58.98,58.86,4328.345,58.9131
RIVpA,22.65,22.61,22.69,22.6,3187.864,22.6519
RAAA,25.08,25.07,25.09,25.07,770.1286,25.0757
STRRP,10.23,10.15,10.23,10.11,6073.1589,10.1859
DVND,37.5028,37.6,37.64,37.5028,234784.6928,37.5559
NRXPW,0.012,0.0072,0.012,0.0072,23450.0,0.009891
UPGD,78.3256,77.87,78.3256,77.87,1523.0,78.1031
INM,0.65,0.72165,0.734261,0.65,12133.784,0.6828
BLCV,39.0827,39.125,39.19,39.05,6284.8479,39.1255
PSCW,29.735,29.745,29.745,29.7,1257.0,29.7206
QCJA,23.13,23.13,23.16,23.04,50151.0,23.0993
PLOO,13.9666,13.61,13.9666,13.61,1822.0,13.7305
SPMA,25.16,25.12,25.31,25.12,4106.57,25.1627
HOVNP,20.9799,20.9,20.9799,20.85,2137.1498,20.9066
HDLB,16.567,16.71,17.1299,16.56,6454.0616,16.8201
HBDC,24.67,24.75,24.8299,24.67,1014.2857,24.7483
ADAMO,25.23,25.194,25.25,25.194,34042.0,25.2072
IVSI,28.0687,28.05,28.0687,28.0126,734.0,28.0302
FTW.WS,0.99,0.9375,1.0,0.9375,101181.56,0.9816
HCMAW,0.5225,0.5,0.53,0.46,50107.0,0.5066
JG,6.88,6.88,6.88,6.88,1145.0,6.8259
NZAC,45.9437,45.845,45.9437,45.83,2995.580354,45.8703
DWMF,33.738,33.675,33.738,33.64,441.7641,33.6654
DSYWW,0.0178,0.0178,0.0178,0.0178,690.0,0.0178
PSCM,105.4413,105.17,105.61,104.85,2277.862345,105.2211
ADAMG,25.23,25.25,25.3,25.16,7770.6447,25.2793
CLWT,1.17,1.2,1.24,1.1601,8108.524,1.1733
FLAU,35.1499,35.2,35.2,35.1499,348.870739,35.1617
FINT,36.008,35.93,36.01,35.9,5513.0,36.0003
LANV,1.64,1.69,1.7,1.59,6916.0,1.6264
QLTI,26.4,26.4,26.4,26.2901,13891.6118,26.3734
BITC,40.698,40.521,40.79,40.4403,2699.086921,40.5964
QWLD,150.8351,150.85,151.065,150.8351,2193.250797,150.9153
LIFT,24.9784,24.94,25.02,24.94,1017.7643,24.9486
GLDB,25.1748,25.14,25.1799,25.14,1874.8808,25.1439
RAUS,28.8089,28.78,28.84,28.78,6618.268314,28.8138
SASS,24.2147,24.25,24.28,24.2147,1481.0,24.2628
RMCOW,0.22,0.2301,0.232,0.22,3594.0,0.2303
GUMI,50.3101,50.31,50.33,50.29,3680.3653,50.3061
IBIJ,26.3423,26.35,26.35,26.335,1205.6597,26.3366
OCCIN,24.78,24.8,24.8,24.75,2104.0,24.7733
IDYN,30.8242,30.8142,30.85,30.73,2835.3506,30.8048
AGNCM,24.97,24.95,25.02,24.95,7702.0026,24.9942
EAOK,28.1797,28.19,28.19,28.141,5863.2387,28.1544
LVDS,54.8128,54.74,54.89,54.74,1478.8619,54.8052
HCMA,10.15,10.15,10.15,10.15,5031.0,10.15
BMHL,3.7,3.7,3.7,3.7,905.0,3.6937
RUNN,32.6563,32.7499,32.79,32.62,47136.55647,32.6959
WBIG,24.2013,24.11,24.2013,24.11,2964.8952,24.1414
JPY,36.4638,36.45,36.47,36.41,7520.390155,36.4491
EGUS,56.955,56.82,56.955,56.82,212.1801,56.8364
FMSTW,0.865,0.9705,0.979899,0.76,5364.0,0.8744
PVI,24.7903,24.77,24.7903,24.75,6901.843299,24.768
HAIL,38.4837,38.06,38.4837,37.8901,2383.324401,38.264
FDSB,15.155,15.175,15.2,15.1001,20445.0,15.1534
WDIG,53.0049,53.13,53.32,52.77,78727.848694,53.1433
MSC,2.5,2.2812,2.65,2.2812,4822.028,2.4974
TOIIW,0.05,0.0449,0.055,0.028,17472.0,0.04125
GIBO,1.31,1.311,1.35,1.3,3796.638,1.3158
JELH,25.2366,25.25,25.28,25.12,4009.742,25.2555
EAPR,33.1763,33.14,33.25,33.13,5031.0,33.166
IVDAW,0.061,0.0472,0.061,0.0261,12766.0,0.04341
HUBCW,0.0087,0.0099,0.01,0.0079,34353.0,0.009465
BFHpA,25.26,25.253,25.26,25.1,6266.218,25.2184
BESS.WS,0.6201,0.699,0.699,0.60011,15845.0,0.6469
LPRE,28.875,28.92,29.02,28.875,15019.0,28.8863
IROC,50.88,50.85,50.949,50.85,3529.5303,50.9029
BAMV,34.5603,34.65,34.65,34.5603,4908.7028,34.5862
SAEF,30.1187,30.11,30.16,30.11,1050.438485,30.1525
LGH,62.91,62.8402,62.9856,62.8402,7136.5867,62.93
INRO,35.2723,35.26,35.3,35.26,1460.526077,35.2688
IDUB,27.5454,27.49,27.59,27.465,18211.3563,27.5311
NOCT,61.647,61.56,61.65,61.5512,3727.124096,61.6119
AAPR,29.4401,29.49,29.49,29.42,13212.0,29.489
QRMI,15.555,15.56,15.5731,15.41,8280.616,15.5171
NMAR,31.8904,31.8555,31.9,31.8555,950.873,31.8689
CPRY,27.7234,27.68,27.7234,27.67,396.0,27.6813
KBDU,31.5251,32.76,32.76,30.57,4988.0,31.9385
CNOBP,24.955,24.89,24.96,24.89,2462.378,24.9534
LRND,43.9938,43.91,43.9938,43.88,344.5883,43.8845
PQUS,27.2316,27.21,27.2599,27.21,6423.0,27.2365
IFED,42.8947,42.62,42.8947,42.62,1276.0,41.8487
DTG,17.24,17.18,17.24,17.18,18441.0,17.2178
AGNCO,25.51,25.5,25.55,25.5,12472.9456,25.5205
BDVG,13.65,13.6025,13.66,13.6,31127.1685,13.6465
WLTG,37.2824,37.37,37.37,37.2824,9193.925181,37.3286
SAGP,35.1791,35.01,35.1791,35.01,4482.6593,35.1266
AGMpE,20.93,21.09,21.09,20.92,2152.4024,20.9628
CCG,0.6698,0.7,0.73,0.66,37131.641975,0.6769
APMU,24.97,24.959,24.98,24.94,33906.0,24.9637
DVXE,36.505,36.67,36.67,36.505,397.734,36.6192
EPAI,28.3191,28.33,28.43,28.3062,1676.166802,28.359
DUBS,41.0576,41.0199,41.1,40.98,18361.6008,41.0599
FTMS,9.9,9.905,9.92,9.9,38798.1163,9.9046
GTN.A,11.5,11.5,11.5,11.5,493.7956,11.3701
BENJ,52.515,52.52,52.53,52.5,15575.0,52.5148
USDX,25.72,25.76,25.81,25.71,100259.6274,25.7672
BHAV,9.89,9.89,9.9,9.88,20720.0,9.8824
BAMD,32.18,32.13,32.2401,32.13,19489.0304,32.168
TACO,10.37,10.36,10.37,10.36,8313.2,10.3657
SVAL,39.685,39.35,39.71,39.35,9087.840876,39.5767
MID,65.3058,65.415,65.415,65.3058,2944.7493,65.3921
FLEE,38.7224,38.595,38.735,38.55,2158.005789,38.6456
UJAN,44.8872,44.87,44.91,44.83,7408.0,44.8779
OCTZ,45.1808,45.19,45.23,45.1501,1821.6043,45.1813
GELS,0.47,0.48,0.48,0.4557,23654.0,0.4656
PSL,111.6595,111.19,112.01,111.19,1571.7885,111.6464
SLE,4.23,4.005,4.23,4.0,13751.0,4.1285
FRTY,21.89,21.86,21.97,21.64,242262.6184,21.8372
TPFI,25.02,25.035,25.04,25.0,5588.0,25.0251
ZAUG,27.3201,27.295,27.3201,27.295,1293.036632,27.2964
EEMX,53.1499,52.79,53.1499,52.79,6470.3114,52.9584
EBI,63.3363,63.19,63.38,63.19,2213.413,63.3054
PAAU,21.8303,21.915,21.915,21.69,5383.0,21.798
LKOR,41.8396,41.87,41.87,41.79,1261.592771,41.8318
AIOO,26.14,26.13,26.15,26.13,1832.939,26.1359
IPCXR,0.362,0.36,0.3646,0.36,22782.0,0.3609
CINGW,0.017093,0.0193,0.02,0.01705,23372.0,0.01899
POWWP,24.9,24.9,24.91,24.9,2987.8134,24.9019
GAA,35.2159,35.28,35.3199,35.14,8118.6134,35.2245
CDTG,0.283,0.265,0.3197,0.265,81211.865248,0.2972
WSTN,10.03,10.04,10.04,10.03,1756.0,10.0371
CRACR,0.14,0.14,0.14,0.14,3127.0,0.1404
JANU,29.85,29.81,29.8899,29.791,2997.679,29.8573
APOC,26.125,26.08,26.16,26.08,1757.0,26.1055
JHHY,25.7149,25.6885,25.7149,25.6885,745.784,25.699
GGUS,66.2823,66.245,66.34,66.155,8347.581,66.2714
ACEP,19.3747,19.31,19.39,19.31,206.424,19.3508
GRW,30.4522,30.46,30.51,30.4522,1284.554,30.4831
GSUS,101.7,101.58,101.7099,101.45,46835.381342,101.6191
IACOW,0.33,0.37,0.37,0.33,5400.0,0.3604
FAMI,1.18,1.1901,1.1901,1.16,4190.5,1.1747
GXPT,31.56,31.29,31.56,31.29,39146.2184,31.4032
RCpC,13.15,12.45,13.375,12.45,2208.8066,13.102
PFFL,8.2658,8.22,8.2658,8.01,6021.812,8.1396
MYCM,24.7594,24.75,24.7594,24.75,104.0,24.7499
SMLL,20.695,20.57,20.71,20.57,1115.0,20.6531
NWGL,0.91,0.9599,1.02,0.75,851519.0,0.9105
KJUL,33.5684,33.53,33.6099,33.53,7361.0,33.5639
OPPpB,18.45,18.24,18.45,18.211,3952.0,18.257
ZOCT,27.4189,27.4101,27.4189,27.41,3120.0,27.4101
SPYC,44.8605,44.8165,45.28,44.77,35395.9399,44.8667
NJUL,76.552,76.49,76.5894,76.471,4036.0,76.5168
UXJA,37.4728,37.45,37.515,37.45,481.0,37.4887
MYCJ,24.76,24.78,24.78,24.76,5988.0,24.7633
ONEZ,27.3801,27.365,27.44,27.32,52567.5545,27.3974
UNHW,50.8798,49.89,50.8798,49.8601,3643.046798,50.1058
LDRX,35.4657,35.52,35.555,35.42,6811.8607,35.4624
JIII,49.97,49.99,50.16,49.93,3852.0707,50.0152
VYLD,28.1726,28.23,28.24,28.1726,1961.485,28.2287
LTL,27.29,27.5,27.5,27.06,577.218825,27.2458
APLMW,0.0165,0.0167,0.0167,0.0142,58892.0,0.01635
DCOY,5.72,5.7,6.01,5.7,6877.444895,5.945
ACAA,9.93,9.93,9.93,9.93,262.0,9.9241
TEMD,25.1,25.09,25.1,25.09,107.0,25.0913
DRTSW,1.3101,1.03,1.3251,1.03,61793.0,1.2341
BFRIW,0.032301,0.0356,0.0356,0.032301,806.0,0.03395
EVNT,11.9,11.89,11.92,11.89,1662.79,11.9003
GAINZ,24.29,24.2,24.29,24.2,1282.0,24.2627
ESSC,29.7069,29.6,29.76,29.5989,2074.0,29.6598
ESLV,27.0337,27.05,27.09,27.0337,2940.0144,27.0595
KRSP.U,10.48,10.46,10.505,10.46,5533.0,10.4765
ENZL,45.9613,45.87,46.06,45.67,23437.38152,45.8502
UJUL,40.235,40.1701,40.2899,40.17,5668.38772,40.1992
FEMV,25.3149,25.28,25.3149,25.28,955.542,25.3169
USEP,40.7915,40.79,40.84,40.7702,6888.0,40.7902
CDTTW,0.0102,0.0062,0.0142,0.0062,49560.0,0.01079
MYXXU,10.08,10.08,10.08,10.08,1191.0,10.08
UNOV,39.695,39.695,39.7199,39.64,23155.799489,39.668
SCEpN,23.92,23.94,23.95,23.85,23924.2166,23.9298
RILYG,24.0,23.97,24.04,23.95,54109.0,23.9827
NDRA,4.95,5.12,5.27,4.95,7991.02857,5.0605
RNRpF,21.55,21.55,21.56,21.46,9199.699,21.5323
LEGO.WS,0.36,0.36,0.36,0.36,13049.0,0.36
ABCS,32.0641,31.96,32.0641,31.96,2010.822,31.9673
MIGO,28.2041,28.03,28.2041,28.03,201.0,28.0361
PALD,20.1384,21.15,21.15,20.1384,952.0,20.8763
GPRF,50.46,50.5,50.52,50.33,1048.1946,50.4427
DRAY,18.2186,18.61,18.76,18.1901,5467.76572,18.4661
NMB,24.641,24.7,24.7,24.635,534.5258,24.6533
DIME,9.75,9.5,9.85,9.5,7930.319707,9.6937
UOCT,40.59,40.59,40.62,40.5501,3939.0,40.5954
ADAMZ,18.5699,18.74,18.75,18.52,5640.589,18.641
PBIpB,21.29,21.0,21.32,21.0,15043.209,21.1546
SUSL,130.8205,130.635,130.9497,130.62,13650.539412,130.7392
DWLD,47.99,47.93,48.0299,47.89,6110.133,47.9618
COOK,43.83,39.69,43.83,39.69,7241.726974,42.4373
BESO,26.2141,25.65,26.22,25.56,670.574,25.7901
BLDG,26.21,26.41,26.41,26.07,53139.44735,26.2931
TYp,43.84,43.83,43.86,43.83,471.0,43.8799
ONBPP,24.7,24.71,24.755,24.67,17567.101,24.7116
FNK,59.2669,59.2,59.35,59.2,3944.4953,59.2918
BDIV,24.0448,24.14,24.16,24.0448,8875.9965,24.1434
SFHG,2.55,2.53,2.6,2.53,7631.0,2.5527
UAUG,41.475,41.47,41.51,41.46,15675.0,41.4808
ACTS,28.0227,27.99,28.05,27.89,686.0,27.9413
OVS,40.395,40.32,40.43,40.3199,2855.5005,40.3618
CUBB,22.75,22.5,22.75,22.5,7824.0,22.6475
XIJN,30.79,30.76,30.8279,30.76,11153.8741,30.8042
QQXT,97.4931,97.78,97.96,97.4931,1276.5491,97.8784
OEI,25.77,25.82,25.85,25.77,3859.9839,25.832
MBAV,10.8,10.79,10.81,10.75,50718.0,10.7645
MARM,34.025,34.025,34.0568,33.9901,3487.0,34.0322
NAMMW,0.1893,0.17,0.1893,0.1531,24367.0,0.1684
TJUL,30.1,30.1,30.14,30.1,56107.4768,30.1193
CIMP,25.215,25.26,25.28,25.16,10678.434,25.2443
BBP,88.2447,88.0,88.34,87.715,26118.360049,88.0892
CHAR,10.7398,10.76,10.76,10.735,516.0,10.7405
DUKH,24.11,24.1,24.11,24.1,225.0,24.1039
QUS,182.4136,182.54,182.74,182.28,10652.78374,182.4821
GCAD,52.02,52.045,52.23,51.955,9959.6705,52.0856
OBTC,25.7334,25.75,25.75,25.7,448.389,25.7323
SMOM,27.2232,27.2,27.29,27.2,7612.0,27.2582
SMRI,39.339,38.89,39.36,38.89,4669.9584,39.2512
CBOJ,24.1195,24.13,24.13,24.1,2091.9466,24.1105
VLYPP,25.3,25.1977,25.3,25.1977,1415.9476,25.2789
AVTM,52.9142,52.865,52.975,52.865,4579.1061,52.9348
BKCI,52.8478,52.83,52.8478,52.745,2112.2498,52.7786
DUKQ,30.3849,30.31,30.41,30.31,606.9985,30.3319
GMHS,1.0,0.948,1.0151,0.948,8201.0,0.9837
MSAIW,0.025,0.02,0.025,0.02,7291.0,0.02347
TSUI,20.5175,19.88,20.61,19.88,6870.092,20.355
PYPU,25.5442,26.39,26.44,25.5442,15485.0,26.3611
MKLY,10.125,10.125,10.14,10.125,11419.0,10.1291
BHDG,22.9181,22.99,22.99,22.81,6056.0,22.8487
FKU,54.1791,54.02,54.1791,54.011,3754.4305,54.0265
HDL,13.41,13.42,13.42,13.41,1253.0,13.4267
ZECP,36.4935,36.65,36.66,36.4935,38301.3803,36.5779
TANH,0.355,0.3635,0.41,0.354,442861.002897,0.3785
ALIS,10.075,10.0465,10.075,10.0465,2568.106,10.0688
TCV,30.5625,30.31,30.64,30.31,1019.0,30.5191
EXOZ,9.62,9.5001,9.62,9.5001,4038.73,9.7534
IBIF,26.4328,26.425,26.44,26.41,5785.0102,26.429
WDNA,17.8921,17.84,17.96,17.81,1854.4448,17.8491
PBQQ,31.15,31.04,31.15,31.0159,12635.1901,31.084
XSVN,47.4447,47.49,47.5,47.4301,27226.599288,47.4565
LCCC,10.35,10.35,10.35,10.35,511.0,10.3502
DHDG,35.975,35.99,36.015,35.9401,7114.0,35.9894
MART,41.35,41.34,41.3712,41.34,3591.0,41.3512
KAPR,38.739,38.64,38.78,38.6202,13353.54,38.6677
ACOG,6.1,6.1667,6.21,6.0,11740.72668,6.1104
PBOC,30.2748,30.28,30.28,30.26,53462.0,30.2704
XSEP,43.885,43.82,43.885,43.82,1325.0,43.8552
DDTL,21.715,21.69,21.74,21.6844,5839.956,21.7073
JULB,26.87,26.84,26.88,26.84,1979.0,26.8695
CVY,28.6666,28.53,28.6666,28.53,2442.651623,28.6329
SIXP,33.275,33.24,33.275,33.24,511.24,33.2401
JANZ,40.4663,40.38,40.49,40.38,5035.1888,40.4221
JULP,32.03,32.15,32.19,32.03,4734.0,32.126
DABS,50.585,50.565,50.62,50.55,152200.89,50.594
MARU,29.393,29.4,29.4,29.393,190.0,29.3764
FEBT,40.565,40.55,40.6,40.52,19755.0,40.558
FTAIN,25.41,25.42,25.42,25.3801,2775.1686,25.399
TOK,148.57,148.42,148.57,148.42,1205.2715,148.5505
SSEA,10.2,10.2,10.2,10.2,14011.0,10.2
RFAM,9.84,9.84,9.84,9.84,1200.0,9.84
XAPR,37.375,37.4,37.4,37.36,3132.0,37.3893
QMAR,36.9078,36.8382,36.9168,36.81,4824.0,36.8716
TACH,10.35,10.34,10.35,10.34,765.0,10.3427
PAACW,0.26,0.27,0.27,0.26,10894.0,0.2692
YSEP,27.175,27.1976,27.1976,27.145,921.0,27.1771
PCMM,49.535,49.5921,49.7799,49.3601,36777.3996,49.6492
ISEP,34.0636,34.0,34.07,34.0,2338.0,34.0368
SFEB,25.5099,25.46,25.51,25.43,8482.0,25.4858
PBSE,30.475,30.46,30.475,30.46,185.0,30.46
ASPC,11.64,11.22,11.97,11.22,9737.027865,11.601
BCLO,49.515,49.54,49.59,49.49,2048.4951,49.5367
SMCO,29.5663,29.59,29.65,29.52,10586.800494,29.5945
TRAD,9.92,9.9,9.92,9.9,1228.0,9.9026
HUIZ,1.69,1.63,1.76,1.62,20090.0,1.6768
AVIE,72.5287,72.62,72.79,72.5287,8923.2636,72.748
CRGOW,0.1037,0.11,0.115,0.0826,41921.0,0.09891
DDTS,22.26,22.29,22.29,22.26,182.089,22.2625
JULU,31.63,31.63,31.676,31.63,3399.0,31.6455
CLCG,28.7273,28.6999,28.73,28.691,1436.0,28.7229
DNMX,9.98,9.98,9.99,9.98,10110.0,9.9802
YJUN,26.645,26.6,26.66,26.59,10749.0,26.6112
MDLV,30.1207,30.3,30.315,30.1207,5798.0,30.2782
TAXI,51.215,51.22,51.23,51.2,6980.0,51.2113
PFOE,23.4012,23.38,23.45,23.331,16390.0,23.4088
SPUC,49.1435,49.1,49.17,49.05,34194.1569,49.0796
JANI,25.5368,25.53,25.5368,25.53,493.0,25.528
XA,28.4789,27.8677,28.4789,27.8677,241.0,28.0682
OXLCM,25.3,25.3,25.34,25.22,5902.0,25.2996
DHCNL,19.45,19.2,19.49,19.12,14202.384,19.3189
IBIK,26.09,26.1,26.1,26.09,1537.5705,26.0914
WCEO,35.93,35.93,36.009,35.9299,1140.587006,35.9685
ZJAN,27.88,27.86,27.89,27.86,4261.0,27.8654
SMXWW,0.0525,0.05,0.055,0.05,19692.0,0.05076
BYRE,27.4221,27.5001,27.5001,27.4,1910.476,27.4825
BIPpB,16.51,16.53,16.55,16.4,10223.0,16.4939
UG,6.8701,7.11,7.11,6.75,3224.5914,6.926
TWOX,28.5248,28.5,28.5248,28.495,845.5267,28.5013
AHRTpA,21.96,21.9717,21.98,21.795,4177.0653,21.9609
AVMV,78.25,78.33,78.4983,78.15,20255.017036,78.3191
CHGX,31.1828,30.92,31.1828,30.9,4937.063907,31.0275
FLDB,50.35,50.39,50.4,50.3,5452.8591,50.36
BNCWZ,0.4,0.4,0.4,0.4,6054.0,0.3675
BAMO,33.9532,33.96,33.97,33.92,10761.0574,33.9342
PQDI,19.52,19.5,19.52,19.49,2938.1286,19.4983
SNPG,55.6573,55.6,55.6573,55.6,463.7044,55.5958
CIMN,25.34,25.215,25.38,25.215,10395.102,25.3288
DURA,37.2365,37.45,37.512625,37.2365,2772.5635,37.3776
PEBpH,17.9299,18.69,18.69,17.86,23304.127,17.9229
ECCC,24.15,24.2,24.22,24.11,4187.0,24.1759
HSMV,37.55,37.62,37.67,37.55,2502.3007,37.6169
JOYT,55.79,55.8545,55.93,55.78,8814.94437,55.829
QLVD,33.2876,33.16,33.2876,33.16,112.932206,33.1699
EMCS,45.4872,45.19,45.5,45.15,4959.3656,45.416
QNRX,5.93,6.35,6.4001,5.81,29663.826,6.1449
TMSF,50.23,50.235,50.235,50.23,233.0,50.2174
EVMT,19.07,19.05,19.07,19.04,1201.760947,19.0441
HFMF,22.5745,22.56,22.58,22.54,51368.872,22.5598
EVSB,50.825,50.825,50.83,50.8,21845.1023,50.8134
DDFS,21.82,21.82,21.86,21.78,6365.091,21.8313
HCOW,23.8649,23.8692,23.96,23.86,7096.619,23.8871
CDZIP,20.91,20.27,21.15,20.27,9021.0,20.6902
SHOpI,20.71,21.01,21.01,20.49,252374.4547,20.8354
MLPR,71.0166,71.52,71.66,71.0166,621.453,71.5887
DDFN,19.86,19.86,19.87,19.86,3226.0,19.8607
QABA,62.3111,62.29,62.4,62.29,826.4244,62.2998
WTIB,31.8465,32.03,32.03,31.84,774.450721,31.8677
FLYU,42.4689,43.389,43.389,42.4689,599.9,43.1739
NTWO,10.6,10.6,10.6,10.6,4381.0,10.6
DIVZ,36.9551,37.04,37.09,36.9551,20184.543805,37.0384
CIMO,25.28,25.325,25.325,25.23,7489.223,25.2484
BFEB,51.925,51.98,51.98,51.88,7535.0,51.917
NPFE,26.1657,26.23,26.23,26.12,2437.19,26.2036
LZM.WS,0.85,0.85,0.85,0.8142,26001.0,0.8483
NWAX,10.07,10.071,10.072,10.07,7300.0,10.0705
NE.WS.A,26.28,26.28,26.28,26.28,254.0,26.4394
CAQUW,0.28,0.28,0.28,0.28,7500.0,0.28
QTAP,50.775,50.7,50.775,50.58,1720.411,50.6782
RPHS,10.6587,10.61,10.69,10.61,25294.3161,10.6709
TXXI,50.5699,50.54,50.63,50.54,1876.2312,50.5928
MAGC,20.66,20.712,20.7276,20.66,7458.2603,20.6757
BCVpA,21.41,21.4,21.55,21.4,1597.8459,21.5118
NIM,9.31,9.2817,9.32,9.2817,14404.9528,9.3169
XHYH,35.44,35.5,35.56,35.38,3908.652,35.4845
TRTNpE,19.39,19.57,19.57,19.39,2554.0,19.4563
MEGL,1.11,1.12,1.14,1.09,24464.25,1.1134
QQXL,57.6376,56.7,57.6376,56.59,1155.6286,57.032
GSJY,52.4631,52.41,52.57,52.24,4226.977,52.4085
BPI,26.63,26.57,26.63,26.52,998.1447,26.5405
KOYN,10.12,10.11,10.12,10.11,226.0,10.1144
GGTL,37.5451,37.42,37.5451,37.385,602.682,37.4561
BDEC,52.4361,52.42,52.48,52.37,10326.0,52.4213
ADFI,8.51,8.5,8.52,8.5,14713.98913,8.5114
GTIM,1.26,1.29,1.29,1.26,21699.0,1.2756
ESIX,35.477,35.35,35.49,35.35,1097.9741,35.4237
LPA,3.4,3.6,3.84,3.28,40493.226,3.5417
JL,6.68,6.68,6.68,6.45,26147.0015,6.5455
GABF,43.9726,43.9815,44.11,43.8401,4235.7526,43.9664
BNDP,74.35,74.37,74.39,74.286,6641.2912,74.3623
SPBC,47.8544,47.87,47.959,47.83,2792.259841,47.8828
FVAV,10.1,10.1,10.1,10.1,134.0,10.0924
MGYR,17.67,17.67,17.67,17.66,1147.1464,17.6292
TDAC,10.63,10.63,10.63,10.625,195420.906016,10.6297
ZKIN,1.4,1.38,1.401,1.38,1397.555926,1.3984
SFGV,34.4984,34.5189,34.55,34.49,7696.588701,34.5418
SWKHL,25.4264,25.43,25.43,25.4264,641.0,25.4179
UFIV,48.695,48.72,48.72,48.695,554.8893,48.7036
RSPE,32.1366,32.09,32.16,32.05,87075.1156,32.106
PTEU,32.4784,32.455,32.54,32.37,3341.8758,32.4807
UYSC,10.665,10.63,10.665,10.63,5161.0,10.6443
AESR,19.7148,19.65,19.7148,19.615,35282.042611,19.6784
LSAT,42.8407,42.565,42.885,42.565,1859.8495,42.7739
LSAF,49.2145,48.98,49.225,48.98,2511.3233,49.1207
EMIF,28.9442,29.07,29.084,28.9442,480.8658,29.0347
DYLD,22.4701,22.485,22.51,22.43,1648.4095,22.4773
DTAN,32.3639,32.31,32.3639,32.2301,6758.0,32.2807
GRF,10.15,10.2,10.2,10.15,454.7691,10.1827
ADAMN,23.43,23.35,23.45,23.28,8645.3731,23.4163
NSTS,12.65,12.73,12.75,12.5,3376.36,12.7125
BSSX,25.7373,25.7889,25.9,25.7,34196.5455,25.7458
SNTG,2.1609,2.205,2.205,2.11,3491.510256,2.1567
OABIW,0.0649,0.065,0.065,0.056599,6300.0,0.06164
BELT,39.9844,39.8,40.04,39.775,1981.375,39.9412
CPLB,21.025,21.0299,21.0299,21.0001,5045.0,21.0197
IACQU,10.02,10.02,10.02,10.02,465812.0,10.02
SATO,19.19,18.87,19.19,18.79,3568.484231,18.8638
TLCI,25.61,25.5702,25.61,25.55,9078.0,25.6017
THYF,51.8101,51.785,51.85,51.76,13554.569,51.8216
HYP,29.6221,29.23,29.6221,29.225,1667.1352,29.425
RFDI,86.7888,86.64,86.79,86.57,2076.229,86.6902
JAJL,29.66,29.64,29.68,29.64,13065.0,29.661
IQSU,60.1945,60.06,60.1945,60.06,1297.5916,60.067
OWNB,23.0274,22.52,23.0274,22.52,2650.654368,22.9756
AFGB,21.45,21.35,21.46,21.34,6071.092,21.4338
ADCpA,17.08,17.065,17.13,17.0645,6149.0038,17.1078
EEV,11.6406,11.78,11.78,11.63,10192.8238,11.6698
IIGD,24.6306,24.625,24.64,24.625,1371.363121,24.631
IBGB,24.3248,24.37,24.38,24.32,20905.903,24.3351
AUROW,0.45,0.439899,0.45,0.38,63049.0,0.4313
ETTY,11.8201,11.65,11.84,11.65,1124.5267,11.7626
WSGE,27.4512,27.42,27.4512,27.42,211.578,27.4184
DLHC,5.81,5.8999,5.8999,5.76,4058.0,5.7742
SIXH,41.57,41.64,41.68,41.57,3400.2723,41.6638
RSEE,38.6493,38.52,38.6493,38.52,3703.1065,38.6184
DYTA,30.9184,30.8,30.92,30.8,7017.4804,30.9013
XVV,56.4,56.34,56.4199,56.27,12791.548701,56.3794
GVLE,44.1844,44.1,44.2,44.1,203.054,44.1496
UXOC,38.615,38.57,38.615,38.56,1040.0,38.5686
GIWWU,10.22,10.22,10.22,10.22,101.0,10.2204
XLFI,22.5717,22.651,22.6806,22.56,9620.82,22.629
STBQ,22.6108,22.19,22.6108,22.13,3385.214,22.3144
FXP,18.88,18.85,18.9,18.74,2345.5,18.8261
QCOC,23.655,23.62,23.655,23.61,4298.0,23.6418
SBCWW,0.2025,0.2263,0.2675,0.2024,8200.0,0.219
PPEM,22.9329,22.78,22.9492,22.78,1357.602,22.821
THEQ,29.5189,29.55,29.55,29.5133,789.0126,29.524
GAVA,23.8915,23.225,24.965,23.225,5104.27,23.7496
CEW,19.57,19.59,19.59,19.57,224.2842,19.5741
AAAA,30.1039,30.05,30.1039,30.04,6950.7997,30.0535
AUGW,33.63,33.6234,33.65,33.6,8863.0,33.6166
SEF,32.98,32.85,33.04,32.85,7176.129679,32.9303
BEEX,26.96,26.95,26.96,26.93,1613.0,26.9401
AFJKR,0.3098,0.3098,0.3098,0.3098,100.0,0.3098
STLU,18.8153,17.83,18.8153,17.83,357.0,17.9413
CLLS,3.85,3.79,4.1,3.78,35983.466245,3.9004
STRN,26.15,26.02,26.15,25.95,3530.44,26.0384
PLAG,1.82,1.98,1.98,1.82,3973.0,1.9017
UBEW,31.02,31.09,31.095,30.8,27860.4562,30.9558
DCMT,34.5559,34.611,34.705,34.5559,14198.0814,34.6817
GGTpG,20.542,20.542,20.542,20.542,491.0,20.5255
DDFM,19.605,19.62,19.62,19.605,1996.0,19.6109
BWTG,40.75,40.61,40.75,40.59,712.0,40.6523
JDVI,39.04,38.87,39.04,38.74,25205.149,38.8494
AVOS,27.0325,27.02,27.08,26.78,7752.837,26.9913
JBDI,0.6139,0.6,0.63,0.5801,19637.0,0.5928
BNAIW,0.159999,0.1558,0.159999,0.1557,14747.0,0.1557
TRUH,25.0222,25.0999,25.0999,25.0222,806.0,25.0462
HRTS,33.3417,33.39,33.39,33.32,2322.1726,33.3597
ZBAI,8.35,8.24,8.73,8.2398,7628.759904,8.4541
XFLX,22.66,22.635,22.66,22.635,3020.5365,22.6444
KFIIR,0.1308,0.17,0.17,0.111,18060.874387,0.1691
EMFI,50.4497,50.43,50.4497,50.43,1380.0,50.4332
NSApA,23.26,23.17,23.26,23.17,6810.4074,23.2089
PFX,40.44,41.4895,41.4895,40.0254,1405.0,40.6428
EONR.WS,0.1114,0.0901,0.12,0.0901,6262.0,0.1098
MDCXW,0.4228,0.4395,0.44445,0.3677,2186.89699,0.411
VACHW,0.15,0.17,0.17,0.15,8694.0,0.1567
COCHW,0.065,0.065002,0.07,0.065,25629.0,0.0681
MBOX,38.8135,38.8,38.89,38.77,8651.9762,38.8445
EJUL,31.06,30.97,31.06,30.94,26824.0,31.0346
XOEX,38.6821,38.58,38.6821,38.58,713.9562,38.5798
NBIE,25.8234,25.83,25.83,25.76,12369.0,25.7928
ZDAI,2.18,2.2,2.2279,2.12,3476.916667,2.1865
GSC,61.6717,61.58,61.7299,61.28,10769.4028,61.5424
PSCF,62.3684,62.36,62.38,62.28,5291.6572,62.3361
BENFW,0.010699,0.0107,0.0107,0.0097,1301.0,0.01055
SCNM,24.995,25.05,25.05,24.96,16932.3654,24.9891
BNDC,22.16,22.165,22.18,22.14,8090.7734,22.1542
SOGP,15.1,15.03,15.5321,15.0,31514.802175,15.2572
DUSG,50.0261,49.98,50.04,49.95,1040.811,49.9873
MSBIP,25.2942,25.32,25.39,25.2942,2223.0776,25.3337
DVGR,26.2666,26.26,26.2666,26.26,247.0,26.2621
SCAGW,0.0415,0.0453,0.0453,0.0415,3478.212426,0.04202
GIGL,50.5466,50.58,50.59,50.52,8340.040904,50.5621
AGGS,40.785,40.81,40.8956,40.785,751.0,40.8307
MCH,29.08,29.075,29.09,29.05,10360.218073,29.086
CDIOW,0.0138,0.0137,0.0139,0.0127,11002.0,0.01357
NEEpT,52.04,52.185,52.27,51.8686,58908.0,51.9267
TLTD,100.9938,100.74,101.05,100.685,17332.8868,100.8646
TINT,41.2399,40.8301,41.2399,40.83,668.5052,40.9562
BKKT.WS,0.1183,0.0815,0.12,0.0815,81190.0,0.1148
JNEU,32.6,32.6,32.6,32.6,157.0,32.6
GGRW,36.6895,36.685,36.6895,36.685,259.68,36.6867
NBFR,26.0198,25.971,26.045,25.971,6674.0,26.0103
ANTA,7.9301,9.63,9.63,7.9301,6548.0,8.7816
BSMZ,25.475,25.45,25.54,25.45,6631.0,25.4933
WATS,27.5443,26.93,27.5443,26.93,391.0,27.1521
TILT,269.2,268.7,269.295,268.7,11857.9012,269.1202
UZE,18.42,18.3,18.45,18.22,9910.2852,18.3404
UPLT,37.875,37.07,37.93,37.07,325.0,37.5015
IH,1.675,1.6899,1.6899,1.665,3105.3383,1.6768
EBUF,31.4154,31.41,31.44,31.4,12019.5309,31.4305
XBP,2.66,2.82,2.83,2.51,28743.351006,2.6958
UPAL,35.5021,34.85,35.5021,34.85,211.0,35.1036
YDESW,0.57,0.575,0.58,0.57,14409.0,0.5732
CEFD,19.1499,19.125,19.155,19.125,468.9511,19.1912
SENEB,138.51,133.0,138.51,133.0,389.0,134.8943
GTPE,58.3246,57.91,58.3246,57.89,765.530688,58.0438
SZK,10.886,10.785,10.886,10.785,1154.9658,10.7932
NEXRW,0.018,0.0177,0.018,0.0177,5000.0,0.01783
SLXNW,0.015,0.015251,0.0155,0.015,500.0,0.0152
GSEE,69.7394,69.1,69.77,69.09,2414.023,69.2855
NSI,39.3038,39.22,39.3038,39.14,1560.954,39.265
BDL,30.53,30.0001,30.71,30.0001,664.01335,30.7147
DNMXU,10.12,10.09,10.12,10.09,3252.0,10.1177
RSMC,28.5711,28.4313,28.585,28.4313,1373.796522,28.536
EZMO,26.7,26.73,26.73,26.66,1468.785,26.7228
CNCG,26.1441,25.02,26.19,25.02,1664.681739,25.6116
YDES,5.31,5.205,5.31,5.205,2813.89,5.2632
EPRF,17.175,17.15,17.24,17.15,29726.578,17.1786
BRBI,14.45,14.31,14.7,14.31,797.0,14.5372
UPV,96.9047,96.25,96.9047,96.25,954.235215,96.4267
CCZ,64.7,65.5,65.75,64.7,1307.0,65.0951
BITK,12.6057,12.58,12.6057,12.52,10648.265256,12.5866
FIXP,19.975,19.9958,19.9958,19.975,199.415,19.9754
VBND,43.795,43.78,43.84,43.74,27814.777563,43.8006
XOSWW,0.0022,0.0026,0.0026,0.0019,59794.0,0.002175
SPIT,31.795,31.58,31.8,31.58,4842.2385,31.6984
AUBN,23.75,23.51,23.75,23.5,1830.8409,23.5087
EFO,71.8886,71.48,71.95,71.48,2612.250592,71.6913
PULT,50.335,50.335,50.34,50.335,2688.7618,50.3357
AVMA,72.2834,72.242,72.48,72.242,9109.0533,72.3839
UDI,34.0583,34.16,34.16,34.05,565.1427,34.0786
AIMS,27.0372,26.91,27.13,26.91,1756.0,27.074
MJSC,60.629,60.6,60.629,60.6,308.0,60.5853
DECZ,42.7322,42.69,42.755,42.69,2657.1837,42.7355
SPLS,53.3698,53.34,53.37,53.28,1634.146302,53.3433
SCKT,0.8501,0.8651,0.8651,0.8501,5550.0,0.8608
CYCUW,0.0206,0.0227,0.0227,0.0204,3400.0,0.02083
SEPW,33.015,32.99,33.016,32.98,18901.030282,32.992
HUDI,1.2,1.2,1.2362,1.2,2539.0,1.2225
IOPP,25.777,25.765,25.777,25.76,594.7627,25.7663
DWSH,6.415,6.44,6.47,6.415,13573.150725,6.4519
PMIO,50.92,50.95,51.0399,50.9099,4740.6442,50.9633
TLA,25.155,25.19,25.29,25.1,3017.9388,25.1706
COMD,28.4894,28.47,28.54,28.45,14920.872064,28.4897
WHLRL,80.0,80.0,80.0,80.0,350.0,80.0
OXLCN,24.85,24.9431,24.95,24.81,4655.8098,24.8935
TIPZ,53.21,53.19,53.21,53.18,6066.116156,53.192
TRBF,49.605,49.62,49.63,49.55,1217.0,49.6005
JOJO,15.64,15.62,15.64,15.62,2151.4716,15.621
GDT,39.9413,40.0,40.0,39.889,675.156,39.938
CHNU,26.9601,25.3,27.545,25.01,4095.0,25.5248
COLA,10.59,10.5514,10.59,10.5514,1179.0,10.569
HLpB,69.0,70.25,70.52,69.0,600.7003,69.757
EFAD,42.8311,42.76,42.89,42.71,1835.5179,42.8072
GRABW,0.0641,0.064,0.0645,0.064,13691.0,0.06429
SMCF,37.6569,37.59,37.6569,37.59,532.0,37.5923
BSMC,38.087,38.14,38.19,38.021,5043.0988,38.1524
IBMT,25.75,25.75,25.8,25.73,6647.3229,25.7512
OCTU,30.1594,30.13,30.1899,30.13,257905.0,30.1401
FGIWW,0.0401,0.0401,0.0401,0.0401,100.0,0.0401
MCGAW,0.345,0.35,0.3899,0.345,8900.0,0.3555
LVLU,10.19,9.8,10.665,9.8,2988.147514,10.263
APXT,10.0,10.0,10.0,9.99,201339.0,9.99
LGHT,8.311,8.31,8.311,8.31,363.0,8.319
QQQG,28.9463,28.76,28.9463,28.76,4291.0654,28.8172
PTOR,9.87,9.87,9.87,9.865,7944.291852,9.8698
WSBK,12.76,12.76,12.8,12.76,1377.0,12.7646
RTRE,25.07,25.055,25.07,25.0401,8629.7251,25.0526
HDMV,37.86,37.78,37.86,37.67,795.7848,37.7871
HYUP,41.845,41.8,41.85,41.78,6386.812365,41.8172
DBRGpJ,16.04,16.235,16.5899,15.81,13545.888,16.0991
TMNL,50.305,50.34,50.34,50.305,1092.0,50.3391
VBCI,75.92,75.92,75.93,75.88,807.4795,75.9225
BLZR,10.1001,10.11,10.11,10.1,3177.0,10.1004
AOTS,23.2632,23.17,23.2632,23.17,381.813,23.2237
TOS,28.8772,28.87,28.9,28.65,4330.0,28.7997
AUBpA,25.05,25.05,25.05,24.96,6141.09,25.0347
LVWR.WS,0.0377,0.0376,0.0377,0.0354,13052.0,0.03724
STHO,8.73,8.98,8.98,8.6501,16431.224,8.7763
XCHG,26.5194,26.54,26.54,26.51,202.0,26.5249
BLDX,26.78,26.855,26.8699,26.78,3659.145,26.8369
QIDX,11.2737,11.285,11.285,11.2737,4896.0,11.2803
LDRI,25.62,25.63,25.63,25.56,3083.8145,25.5982
AHTpF,6.26,6.47,6.49,5.9901,3048.7783,6.3254
GTERW,0.099,0.0988,0.099,0.094599,10408.0,0.09801
XUDV,30.3287,30.2199,30.36,30.2199,676.1472,30.3296
TOGA,29.0056,29.17,29.17,28.98,713.618533,29.0413
SHAG,47.6507,47.65,47.66,47.6401,7989.9966,47.6548
HUSV,38.61,38.789699,38.789699,38.61,2108.353349,38.7397
PEBpE,19.9,20.01,20.05,19.85,22534.5906,19.93
TDWDR,0.1211,0.16,0.16,0.1102,653.0,0.1312
SIXS,55.0373,54.93,55.08,54.93,1114.666,55.0236
LIDRW,0.0371,0.0477,0.0477,0.0371,27489.0,0.0401
YFFI,10.07,10.18,10.18,10.07,323.0,10.1785
EUDAW,0.03595,0.0384,0.0393,0.0326,31342.0,0.03721
NHIVU,10.11,10.1,10.11,10.0855,1388.0,10.0945
CHCI,17.05,17.25,17.3702,16.82,3706.057,17.1323
VETZ,19.865,19.8789,19.8789,19.855,6665.5007,19.8607
JHCP,25.205,25.2,25.22,25.1902,2586.0,25.1999
CTAAU,10.05,10.05,10.05,10.05,105.0,10.05
USSE,38.0,38.06,38.07,37.95,14737.0,38.0496
XLRI,23.7063,23.715,23.715,23.7063,1005.8254,23.7197
PFDE,27.2669,27.24,27.32,27.24,14749.0,27.2573
ABIG,33.6426,33.59,33.68,33.59,2522.584,33.6273
EET,117.8381,116.95,117.8381,116.95,2840.926982,117.3683
DYFI,22.865,22.88,22.88,22.8601,2026.1411,22.868
PALOW,0.34,0.38,0.38,0.34,800.0,0.355
TBFC,29.418,29.395,29.425,29.385,3015.0,29.4103
ASPCR,0.1829,0.1829,0.1829,0.1829,124.0,0.1784
NEN,60.0,60.0,60.0,60.0,243.0,59.5272
XOMAP,25.3665,25.31,25.3665,25.25,1053.0,25.3559
AJAN,28.295,28.26,28.3,28.26,8081.0,28.2612
GRRRW,0.32,0.3,0.32,0.2834,4663.0,0.2952
NACP,57.2046,56.93,57.25,56.93,753.2066,57.0766
MKTN,25.4989,25.54,25.5599,25.4989,1843.9941,25.5383
CANQ,30.9981,30.97,30.9981,30.87,7072.7379,30.8746
PDYNW,0.0426,0.0513,0.0513,0.0391,116740.0,0.04626
ABLS,20.9488,21.0,21.0,20.9488,583.9989,20.9825
BRLN,50.8699,51.01,51.01,50.8699,1383.771908,50.9716
DECT,38.7193,38.69,38.75,38.65,20358.0,38.7059
BHRpB,15.0399,15.06,15.12,14.8,4307.7424,15.0191
JUNP,31.65,31.66,31.7,31.65,53407.013,31.6968
OXLCO,23.95,23.785,23.95,23.785,592.0,23.9072
LQDI,26.5161,26.48,26.54,26.4301,8080.425051,26.4885
LOPP,37.6672,37.72,37.86,37.6672,892.0,37.8166
IVSS,28.4185,28.38,28.4185,28.32,389.0,28.3499
SMDD,8.61,8.62,8.635,8.605,17043.240608,8.6266
GTOS,25.03,25.04,25.0401,25.03,1174.173,25.037
PBFB,31.6,31.58,31.6,31.58,212.0,31.5828
SMMV,44.8198,44.7708,44.925,44.7708,10863.8772,44.8492
XRNpA,24.2,24.05,24.2,24.0,7259.6391,24.0242
FLGpU,41.65,41.25,41.81,41.25,5651.0,41.6023
PONOR,0.2001,0.24,0.24,0.2,43900.0,0.2008
FACTW,0.65,0.7,0.7,0.65,6704.0,0.6821
IHY,21.925,21.9,21.9499,21.89,4695.031846,21.9322
FPRO,24.8091,24.87,24.93,24.8091,2555.27476,24.8993
NOVTU,60.15,59.86,60.61,59.78,129219.0,60.1918
KYNB,6.95,7.05,7.09,6.95,4875.54098,7.026
RAINW,0.16,0.17,0.17,0.16,2559.0,0.1614
TRUC,27.355,27.385,27.385,27.35,1480.0,27.3481
NTWOU,10.61,10.61,10.61,10.61,102.0,10.6113
TRSY,30.135,30.14,30.14,30.13,82498.9796,30.1397
RNIN,31.643,31.4999,31.643,31.4999,1056.0,31.5333
YOKE,31.23,31.28,31.28,31.23,1322.1175,31.2639
HCMT,39.8377,39.555,39.8377,39.53,19273.291477,39.6823
TBX,28.2049,28.19,28.2049,28.19,788.5788,28.1962
RSSL,111.2473,110.89,111.28,110.89,1315.453178,110.9921
LSH,0.617,0.6301,0.6301,0.59,31493.086498,0.6364
MILK,24.6299,24.6362,24.6399,24.6232,2109.0948,24.6354
PJIO,64.4239,64.385,64.4239,64.36,697.3091,64.3461
CENN,4.05,4.04,4.12,4.03,6880.913933,4.0684
FXED,17.75,17.81,17.82,17.6601,16211.457,17.7301
MARPS,4.91,4.89,4.9257,4.83,4725.2465,4.8993
FTAIM,26.95,27.0,27.4,26.8901,5224.0,27.043
IBMX,25.135,25.16,25.16,25.135,150.0,25.1333
MTUL,52.9837,52.69,52.9837,52.6899,625.057,53.4514
NUG,9.9497,10.48,10.48,9.9497,1461.03,10.1135
WLII,10.0,9.995,10.01,9.995,48375.0,10.0
NVNIW,0.0402,0.0401,0.0402,0.0401,1000.0,0.04015
DBEM,39.9572,39.9599,40.0199,39.78,3317.0141,39.9192
TOAK,28.71,28.71,28.72,28.71,20063.0,28.7189
ZNOV,27.2891,27.285,27.31,27.28,4622.10619,27.2871
SMAX,27.595,27.62,27.62,27.59,8254.0,27.6016
LXPpC,46.35,46.425,46.55,46.35,1444.8104,46.4255
EMTL,42.865,42.87,42.9,42.85,3716.6511,42.8694
ACRpD,22.09,21.9,22.09,21.895,5671.4683,21.9918
TOCT,26.98,26.985,27.0245,26.95,4635.0,26.982
QQLV,24.515,24.58,24.58,24.515,210.0,24.5855
XTAP,44.6666,44.71,44.71,44.65,1693.0,44.6937
PRXV,32.9825,32.98,32.9825,32.98,238.031,32.9697
EFCpC,25.59,25.6,25.6,25.59,1909.7101,25.5968
INNpF,17.67,17.61,18.23,17.56,16990.3676,17.7306
SIMS,46.37,46.5,46.5,46.37,541.6921,46.4488
XDQQ,40.2698,40.23,40.2698,40.23,2559.63781,40.246
NIXXW,0.01,0.0075,0.01,0.007,16161.0,0.008096
ASRV,3.65,3.82,3.82,3.65,20723.6944,3.7458
EMTY,11.99,11.96,12.0149,11.941,4840.8085,11.9789
SCEpL,18.0,18.0,18.0299,17.92,14642.326,18.0014
USNG,35.291,35.62,35.62,35.28,3141.75975,35.5478
BOUT,46.321,46.245,46.47,46.121,2493.8701,46.3483
BULLW,2.37,2.38,2.38,2.37,249.6,2.3693
TOLL,38.3314,38.205,38.45,38.205,2049.8535,38.2726
RNTY,50.3922,50.4401,50.54,50.3922,992.557188,50.4483
NSCI,25.17,25.1799,25.1799,25.17,899.8332,25.1785
RWTN,25.43,25.28,25.58,25.28,1511.688,25.4157
ESBA,5.6,5.45,5.7,5.45,9440.9625,5.516
NCPLW,0.0249,0.0227,0.025,0.0226,6968.0,0.02423
MITN,25.245,25.232,25.245,25.23,482.0,25.2404
PBL,32.753,32.79,32.79,32.72,457.609,32.7656
CTWO,16.6415,16.75,16.75,16.6,208.0,16.6721
RINF,32.555,32.555,32.555,32.5214,1111.7412,32.5417
BAUG,52.6398,52.6,52.6398,52.6,1383.0,52.6196
IBUF,30.46,30.5616,30.64,30.45,89383.505,30.5265
BBLGW,19.9,19.9,19.9,19.9,210.0,19.6
GKAT,43.4681,43.39,43.48,43.39,2854.0,43.4387
XBJL,39.6,39.59,39.605,39.59,498.0,39.6004
INTJ,9.8,9.04,10.25,8.99,5712.004045,9.6509
GROY.WS,1.68,1.64,1.68,1.64,918.0,1.6526
TMVE,17.011,17.05,17.06,17.011,5654.1102,17.0552
NICO,24.85,24.9,24.99,24.85,20413.0,24.9617
GYLD,14.31,14.24,14.385,14.23,27691.757346,14.3052
NWAX.U,10.31,10.31,10.36,10.31,4173.0,10.3112
ARTW,2.54,2.55,2.57,2.5301,3436.494,2.5423
ADSE,11.18,11.0199,11.18,11.0199,2491.232446,11.0255
HTAX,24.6158,24.61,24.65,24.61,23169.9849,24.6289
NUGO,42.7595,42.76,42.7694,42.67,9213.578,42.7253
INDH,39.9994,39.895,39.9994,39.84,493.1262,39.888
HUBCZ,0.0085,0.005901,0.0086,0.005901,26527.0,0.008403
FLGR,33.63,33.42,33.63,33.42,9533.568446,33.4918
INNpE,18.74,18.65,18.74,18.58,14033.4814,18.6371
SPCL,30.0143,28.11,30.0143,28.11,2977.0,29.4539
EPRpE,32.84,32.83,32.94,32.77,4480.3997,32.8432
EDBLW,0.072,0.0721,0.0811,0.04,66191.0,0.06957
SEPT,36.925,36.88,36.96,36.87,209026.454,36.9114
BNDY,25.42,25.42,25.4399,25.41,11021.9061,25.4276
FLXN,25.1002,25.0601,25.1198,25.0601,1672.0,25.098
BBSC,85.5188,85.24,85.62,85.24,2476.5782,85.4079
NRUC,24.08,24.0,24.18,23.93,9794.866,24.0828
IBGM,24.8496,24.89,24.89,24.8496,101.0,24.8896
WLDR,42.64,42.52,43.13,42.52,16396.6702,42.9109
XMAR,42.285,42.285,42.29,42.26,3795.0,42.276
SAZ,25.69,25.685,25.72,25.66,3826.0,25.6844
RAAQU,12.75,12.25,13.3,12.25,1957.0,12.9646
BAMY,27.78,27.76,27.78,27.755,5720.4137,27.7735
FGMCU,10.75,10.75,10.75,10.75,709.0,10.7506
BLTD,25.2797,25.29,25.29,25.265,4832.8651,25.274
IQRA,30.4842,30.52,30.52,30.4842,277.0,30.5235
ECON,34.8277,34.655,34.86,34.65,4079.8556,34.758
DDFJ,19.585,19.6,19.6,19.575,5240.0,19.5774
EMCR,44.35,44.25,44.355,44.25,1144.6418,44.314
CMSC,23.11,23.01,23.11,22.9502,16567.0,23.0398
JANH,24.89,24.882,24.9019,24.87,1101.0625,24.8784
DHSB,26.87,26.87,26.92,26.8,1226.875696,26.8716
CVR,11.4,11.4,11.4,11.4,2062.278133,11.4085
IOCT,36.4435,36.4002,36.5099,36.4002,17748.0,36.4517
GRAN,0.9001,0.99,1.02,0.8699,13902.98,0.9299
MFICL,25.42,25.42,25.42,25.412,3062.0,25.4225
ALCYW,0.1311,0.121,0.1311,0.111,1480.0,0.1137
EPMB,25.9997,26.005,26.005,25.9997,297.0,26.0082
EJAN,36.1121,36.145,36.2099,36.105,2788.4144,36.1322
GLDN,18.3854,18.31,18.3854,18.209,2493.934252,18.3084
IBGA,24.398,24.42,24.42,24.381,24834.089992,24.397
UBCP,16.0,16.33,16.33,15.98,3159.4407,16.0597
IJAN,37.615,37.6,37.68,37.54,7700.973419,37.619
ADAMI,25.4,25.25,25.4,25.25,2506.0,25.3518
SOFR,100.2405,100.23,100.2405,100.21,3286.63908,100.2248
MITTpB,22.79,22.7,22.88,22.5001,10367.718,22.6798
FLSA,33.39,33.415,33.415,33.39,417.897249,33.4195
XDEC,42.34,42.33,42.43,42.33,13173.0,42.4173
NNOV,30.9301,30.85,30.94,30.85,73448.0,30.9167
LOKV,10.465,10.465,10.465,10.465,548.0,10.4651
BGMS,0.88,0.93,0.937,0.8701,30066.08121,0.9012
NHICW,0.7,0.79,0.8,0.6501,9837.0,0.7248
PBJL,30.9749,30.98,30.98,30.9749,50687.0,30.9799
SQS,27.76,27.84,27.84,27.73,15264.878,27.8231
RWTO,25.22,25.19,25.34,25.19,2740.0,25.2415
LEXI,39.3544,39.29,39.37,39.28,4666.6784,39.3082
PJFV,92.9812,92.9699,93.079,92.9699,826.2216,92.9898
JANP,34.26,34.3,34.31,34.26,49163.0,34.3074
UMDD,33.8004,33.6909,33.8004,33.6909,762.712808,33.774
RULE,29.948,29.8,29.948,29.8,638.0,29.8699
GMOV,29.6543,29.66,29.685,29.62,1426.202,29.6433
MARZ,36.2601,36.26,36.33,36.26,1377.583,36.2805
ONEH,24.575,24.49,24.69,24.49,4154.0,24.6369
AUGM,34.79,34.76,34.79,34.75,1943.0,34.7588
PDEX,59.27,60.0,61.62,59.05,16070.167627,59.952
SNAV,37.51,37.4599,37.51,37.44,1728.9281,37.4751
PRSD,25.0499,25.055,25.06,25.04,119360.8296,25.0587
FDFF,33.7985,33.64,33.7985,33.64,785.929061,33.7066
OVB,20.66,20.67,20.67,20.63,1029.3543,20.6397
JULZ,44.9693,45.0,45.03,44.93,972.5173,44.9733
MACI,10.8059,10.8059,10.8059,10.8059,841.0,10.8062
SEPZ,44.9179,44.98,45.0,44.82,7951.2613,44.922
JULM,34.33,34.36,34.36,34.31,1339.0,34.3555
MCGAU,10.27,10.28,10.28,9.56,7364.0,10.175
MYHE,24.935,24.935,24.935,24.935,295.08,24.935
NIXT,30.8165,30.65,30.8165,30.65,451.2906,30.7791
MYY,15.6806,15.68,15.69,15.68,1447.506226,15.6421
XIDV,37.873,37.81,37.93,37.81,3720.6276,37.866
SPME,25.2101,25.15,25.2101,25.15,598.0,25.1916
NSEP,30.8626,30.83,30.8626,30.83,417.0,30.8451
KWIN,25.5208,25.56,25.56,25.47,5720.979,25.5382
LCLG,70.3587,70.145,70.3587,70.145,3210.3387,70.2663
MYHD,24.98,25.0,25.0,24.98,276.0,24.9951
FHDG,35.755,35.7001,35.755,35.7001,1033.0,35.7112
BPAC,10.06,10.06,10.06,10.06,111.0,10.0607
DVOL,36.2766,36.38,36.41,36.2766,5570.696798,36.3782
METCZ,25.2,25.37,25.37,25.1,1916.0,25.1778
PCGpE,19.15,18.8,19.15,18.8,1148.9845,19.1169
PCGpA,22.785,22.57,22.785,22.57,1911.9946,22.6642
YDEC,27.2439,27.19,27.27,27.18,20787.0,27.2356
MDVpA,24.9001,24.95,24.95,24.9,1580.2225,24.9175
DMAA,10.6,10.57,10.6,10.57,46310.0,10.5709
HHS,2.82,2.75,2.83,2.74,13184.572171,2.7613
XCOR,87.9873,87.76,87.9873,87.76,334.167,87.8256
EVLVW,0.14,0.1499,0.1499,0.1127,10711.0,0.132
MFUL,22.277,22.28,22.3,22.277,395.1637,22.2848
OBA,10.16,10.16,10.16,10.16,227.0,10.1656
ROMO,33.459,33.39,33.459,33.39,913.492,33.386
DFVX,80.76,80.805,80.93,80.64,7952.6559,80.7859
STRR,9.46,9.21,9.46,9.21,1444.0164,9.35
MITTpA,23.1055,23.25,23.25,23.1055,2649.2728,23.2425
CRTC,38.2558,38.18,38.32,38.1269,27319.6063,38.2513
CUB,10.81,10.815,10.815,10.8,4039.0,10.8121
ARLU,31.62,31.57,31.6599,31.57,7957.0,31.5981
SSACU,10.07,10.07,10.07,10.07,117.49,10.0804
ADME,55.195,55.13,55.23,55.13,8503.9865,55.1877
PEX,22.7118,22.6,22.75,22.6,931.519312,22.6578
AAPY,25.7,25.66,25.7,25.59,2349.5155,25.5956
DRDB,10.525,10.5299,10.5299,10.52,8287.0,10.5206
SJ,1.1,1.1,1.11,1.1,9900.433247,1.1023
FLGpA,23.06,23.0,23.14,22.92,24094.6809,23.0787
MAYP,31.91,32.079,32.11,31.91,26264.0,32.0818
NUAG,21.05,21.0457,21.05,21.0316,7481.5144,21.0338
IEDI,55.9243,56.15,56.29,55.9243,3496.2935,56.0564
BMLpL,19.75,19.56,19.78,19.56,5421.9082,19.7014
BCDF,32.7851,32.61,32.81,32.565,1157.9815,32.7133
GLOPpB,25.815,25.75,25.815,25.71,1692.0,25.7791
VEGA,52.0538,52.02,52.09,52.02,4256.360381,52.0476
ZFEB,25.9,25.9,25.9,25.9,498.0,25.8944
TBJL,19.815,19.83,19.86,19.79,4142.0,19.8062
HERZ,17.7501,17.25,18.178,17.25,2826.277,17.7024
FOPC,25.5995,25.5901,25.6,25.5901,858.141,25.5965
FRGN,31.2621,31.21,31.2621,31.1802,1265.0,31.2182
NPAC,10.325,10.32,10.325,10.32,22098.8257,10.3248
TAXS,50.23,50.22,50.24,50.22,23046.0,50.2203
NCEW,16.25,16.768,16.768,16.25,1894.0,16.2626
BACC,10.46,10.4,10.46,10.385,94759.0,10.43
MVPA,33.5111,33.6,33.6,33.44,603.4707,33.5347
ACSG,46.2466,46.16,46.2466,46.16,260.24,46.1718
ALVOW,0.2,0.2052,0.2052,0.2,962.0,0.2013
HBANM,22.51,22.41,22.5311,22.4,3155.656,22.4673
GENT,10.285,10.29,10.3,10.2607,10152.2422,10.2714
PSFJ,34.67,34.66,34.67,34.66,544.0,34.6494
FB,44.3223,44.275,44.3223,44.275,384.653417,44.2887
FCNCP,21.24,21.1816,21.32,21.14,4990.793407,21.2226
DDDD,31.7241,31.71,31.7241,31.71,1077.337,31.7686
DMAX,27.16,27.18,27.18,27.16,10784.0988,27.1703
SECR,25.59,25.59,25.6,25.5452,1991.113,25.5867
GTOH,25.525,25.56,25.56,25.525,2060.9958,25.5558
FCBD,25.46,25.465,25.465,25.45,1617.2087,25.4587
PCR,20.49,20.53,20.55,20.47,2905.114,20.5353
GMUN,50.395,50.38,50.43,50.36,2951.6503,50.4194
LQIG,94.72,94.795,94.795,94.7,1545.2354,94.7294
CPSD,26.5563,26.555,26.5563,26.555,301.564,26.5497
ANSC,11.34,11.34,11.34,11.34,632.64683,11.3399
ITHA,9.9301,9.935,9.935,9.93,2812.0,9.9304
WAMA,25.8928,25.88,25.92,25.871,3437.315,25.8943
ENHI,26.4642,26.45,26.4642,26.45,143.0,26.447
HUMAW,0.07,0.07,0.07,0.07,201.0,0.07
CLOO,25.065,25.055,25.065,25.055,104.0,25.0556
AVGB,51.115,51.12,51.18,51.11,4363.0,51.1203
SIMAW,0.1471,0.2001,0.23,0.1471,50140.0,0.2083
CCXIW,0.719899,0.685,0.72,0.685,2100.0,0.7033
JUNW,34.34,34.39,34.39,34.34,1190.0,34.3603
LSVD,33.6943,33.5504,33.6943,33.55,1112.8,33.5748
BRCE,28.1995,28.25,28.25,28.1995,700.044,28.24
HCHL,2.06,1.96,2.29,1.91,109830.0,2.1461
GPAT,10.81,10.98,11.0,10.81,664.0,10.95
MBINL,24.73,24.6301,24.785,24.6301,9707.0,24.7128
BUFH,21.275,21.2764,21.2764,21.25,1034.703,21.262
RMRC,25.0175,25.09,25.09,25.0175,1000.0,25.09
CLSM,26.9044,26.8,26.9044,26.8,11227.7188,26.8609
AOMD,25.58,25.62,25.62,25.58,847.0,25.5847
RJMI,25.595,25.6,25.6,25.595,125.7166,25.6054
BULD,32.5395,32.38,32.575,32.26,1519.1076,32.487
TRINZ,25.4201,25.475,25.48,25.42,6467.0,25.4391
NXPL,6.77,6.76,6.95,6.76,1049.0,6.864
JDVL,29.4926,29.54,29.58,29.4926,10223.778,29.5414
MDBH,3.877,3.7,3.877,3.7,717.0,3.7356
DADS,21.0685,21.01,21.0685,20.9899,1595.0,21.0293
PSMO,32.085,32.11,32.11,32.0817,401.0,32.0888
LQDM,24.9252,24.96,24.96,24.88,6286.2107,24.9008
CCXIU,10.2511,10.26,10.26,10.2511,947.0,10.2583
PSCQ,30.77,30.7664,30.77,30.7664,419.0,30.7664
MGMT,48.71,48.44,48.715,48.44,22647.417931,48.5652
FLYX.WS,0.2701,0.2701,0.2701,0.2701,100.0,0.2701
ICPI,50.7798,50.78,50.78,50.7732,1181.1599,50.7836
ALOVW,0.4,0.4,0.4099,0.4,51005.394736,0.4011
BLZRU,10.23,10.23,10.23,10.23,170.0,10.2315
BRKRP,342.89,338.38,342.89,338.38,1271.1394,340.4153
CIG.C,3.54,3.59,3.59,3.54,925.693181,3.5652
FUSI,50.345,50.36,50.43,50.345,3641.4966,50.332
EVYM,50.4552,50.455,50.465,50.455,770.9044,50.4628
IPOD,10.38,10.37,10.38,10.37,1707.128,10.3792
BBCQU,10.87,10.8166,10.88,10.805,16063.0,10.8475
JCHI,55.9783,55.99,55.99,55.9783,155.882644,56.018
AIIAr,0.24,0.24,0.24,0.24,5012.0,0.2399
URE,70.0081,70.46,70.59,69.98,1077.556056,70.3769
GJS,23.54,23.55,23.55,23.52,841.0,23.5289
HVMCW,0.2801,0.29,0.3,0.2801,13200.0,0.2945
LOKVW,1.73,1.73,1.73,1.73,106.0,1.7258
BHFAM,11.57,11.56,11.66,11.55,9412.719,11.5724
SEPM,32.565,32.565,32.58,32.565,730.0,32.5705
IGACR,0.17005,0.19,0.19,0.16,837.0,0.1796
FMCE,28.0892,27.95,28.0892,27.95,218.0,27.9324
NSApB,31.34,31.3,31.448,31.0,1194.7294,31.3587
DAT,39.7695,39.26,39.7695,39.195,1508.181439,39.279
KCAI,32.56,32.55,32.56,32.52,915.0,32.5368
ANV,25.295,25.25,25.33,25.25,1095.326,25.2349
KROP,35.4634,35.26,35.505,35.26,2154.8664,35.3562
SAV,25.4,25.36,25.42,25.36,7365.0,25.4001
FLCE,30.4,30.36,30.47,30.33,2442.6161,30.373
BETRW,0.2401,0.26,0.2701,0.2401,5652.0,0.2577
THCH,1.91,1.995,2.0,1.89,2797.0,1.9727
SCLXW,0.1506,0.18,0.1925,0.1506,6910.0,0.1798
SHOpH,21.67,21.53,21.67,21.2028,8629.7977,21.4869
REMC,21.52,21.47,21.52,21.47,201.0,21.4701
EPpC,50.5,50.41,50.85,50.41,1309.101,50.6584
RESM,22.9535,22.86,22.9535,22.86,200.0,22.86
SSFI,21.4547,21.46,21.46,21.4547,297.0082,21.4562
XBFR,25.9468,25.93,25.99,25.93,7263.0,25.9569
SSXU,36.61,36.55,36.61,36.55,1107.2357,36.6026
CGCTU,11.3,11.6,12.5,11.3,1468.0,11.5282
ETFT,9.725,9.73,9.74,9.7202,14126.0,9.7338
JHMU,26.2,26.22,26.22,26.19,1604.1599,26.2055
TPCS,4.1,4.23,4.35,4.1,52387.268775,4.2183
FARX,29.25,29.2199,29.25,29.2199,1127.0,29.2314
ATLCL,25.03,25.1,25.19,25.02,4485.043,25.0812
CHMIpA,21.1,21.15,21.15,21.05,1427.9445,21.1292
LBAY,25.88,25.99,25.991,25.88,2773.516223,25.9524
PFRL,49.43,49.4499,49.45,49.43,5095.4534,49.447
BLUWW,0.4001,0.4,0.4001,0.4,915.547619,0.4004
HSPTR,0.23,0.25,0.25,0.22,2430.0,0.2321
DEED,21.45,21.4202,21.47,21.4202,5803.9085,21.4434
HVMC,10.11,10.11,10.11,10.11,125.0,10.1102
GNLpB,21.63,21.645,21.645,21.63,2011.462,21.6251
CUT,28.1182,28.13,28.205,28.1182,807.4613,28.1501
MXE,13.51,13.6801,13.6801,13.51,3066.318545,13.6172
WHFCL,25.47,25.62,25.62,25.45,4125.0,25.5128
MHLA,12.52,12.5201,12.5201,12.52,2717.0,12.5261
NELS,27.7776,27.75,27.79,27.75,2159.0,27.767
LNZAW,0.0153,0.016398,0.0164,0.0153,18099.0,0.0156
PLUT,2.85,2.81,2.92,2.65,15534.0,2.8276
PSQH.WS,0.0616,0.07,0.075,0.06,5638.0,0.06436
QMID,28.605,28.5603,28.605,28.56,765.9948,28.5613
QVMM,34.6356,34.6,34.6356,34.56,476.6137,34.5906
WLYB,41.45,41.5,41.5,41.45,584.5401,41.5262
PCHI,24.625,24.605,24.625,24.6,572.905,24.6031
TPAY,53.74,53.735,53.74,53.735,397.077,53.6914
ZDEK,26.28,26.2865,26.2865,26.26,278.0,26.2789
TEC,31.5805,31.4,31.5805,31.4,366.317,31.4347
ACGCU,10.01,10.0,10.01,9.995,96852.0,10.0037
PQJA,31.29,31.24,31.29,31.24,541.0,31.24
CSTK,31.5549,31.55,31.5549,31.54,808.1895,31.5366
CGCTW,1.1,1.2,1.2,1.03,124938.0,1.1374
TSIC,25.2718,25.45,25.46,25.27,1905.178,25.3448
DUTY,24.4899,24.14,24.4899,24.14,601.61536,24.2609
BFRGW,0.1878,0.1878,0.1878,0.1878,350.0,0.188
LQAI,44.928,44.63,44.928,44.63,470.6989,44.5926
GHTA,31.0761,31.03,31.0761,30.93,1158.3078,30.9493
WBIF,32.4826,32.41,32.4826,32.4,1797.277,32.4129
AACPU,10.07,10.06,10.07,10.05,146248.0,10.0682
UPGR,27.2539,27.135,27.2539,26.99,2224.9544,27.035
MOLN,4.1,4.1,4.1,4.1,5856.0,4.1592
PEBpF,19.9,20.15,20.15,19.9,16416.417,19.972
IRHOU,10.03,10.03,10.03,10.03,857.0,10.137
ORIQW,0.1312,0.1312,0.1411,0.1311,9998.337859,0.1314
EHLD,8.51,8.44,8.51,8.44,2961.0,8.5593
BDCIW,0.47,0.49,0.49,0.47,4400.0,0.4809
SDSTW,0.1369,0.12,0.148,0.115,7027.0,0.1278
BBSB,98.479,98.476,98.479,98.476,154.3963,98.4775
WBSpG,24.1501,24.3,24.315,24.1501,4997.7958,24.2415
FVN,10.81,10.81,10.81,10.81,687.0,10.81
KBUF,28.5291,28.565,28.59,28.515,1089.177,28.556
STHH,115.6911,114.18,115.78,114.18,1459.204958,114.0475
BHAVU,10.05,10.05,10.05,9.96,5766.0,10.0429
SCAG,0.81,0.8401,0.8951,0.78,15121.927008,0.8225
XFLH.U,10.0,10.0,10.0,10.0,4142.0,10.0
VPX,27.765,27.72,27.765,27.72,252.0,27.7198
DYNB,39.4839,39.48,39.49,39.48,6972.7525,39.4883
EICA,25.0199,24.98,25.0199,24.9799,3636.3007,24.9874
NEWTI,25.25,25.36,25.45,25.25,1760.0,25.3691
SCMY,25.0147,25.08,25.12,24.95,7519.0,24.9822
TTT,67.7732,67.84,67.9,67.615,4345.904923,67.7839
WBIL,36.2724,36.064817,36.2724,36.064817,2536.9,36.1209
BCOR,27.42,26.96,27.42,26.95,2566.1736,27.1644
LOGO,20.6768,20.68,20.68,20.6768,224.0,20.6642
MOBBW,2.57,2.57,2.57,2.57,680.0,2.57
MIG,21.3726,21.385,21.385,21.3601,475.7152,21.3708
HCXY,24.76,24.78,24.865,24.76,3720.589,24.817
XBJA,33.34,33.32,33.369,33.32,1231.0,33.3407
XFLH,9.94,9.93,9.94,9.93,5136.0,9.9302
MEMY,20.93,20.74,21.16,20.74,1093.0602,20.916
CEFA,39.6051,39.51,39.65,39.51,849.577765,39.6123
UTMD,65.35,65.75,65.98,64.705,9059.675986,65.2031
SVREW,0.0146,0.0129,0.0146,0.012,6114.0,0.01273
ANGH,3.52,3.652,3.66,3.15,26632.440802,3.2577
PMTU,25.47,25.5,25.5,25.47,1042.196,25.4831
FFDI,32.0035,31.9,32.0035,31.87,2995.1174,31.926
MMMA,25.355,25.36,25.36,25.35,200.0,25.355
FMNY,26.74,26.7301,26.747008,26.71,3603.6105,26.7341
GURU,65.1724,64.98,65.28,64.98,2117.131751,65.0829
HBNB,5.89,6.0262,6.16,5.89,6286.52,5.9888
WR,24.6599,24.72,24.72,24.6599,755.0,24.7179
FFLS,22.7319,22.74,22.79,22.72,14583.9504,22.7257
XBNB,26.7022,26.21,26.7022,26.21,269.0,26.3306
FMACU,10.03,10.03,10.03,10.03,492.0,10.0271
SAIH,11.3,10.74,11.3,10.74,955.73,11.0215
OTGA,10.12,10.11,10.12,10.11,13101.0,10.1101
EVOX,10.005,10.0,10.01,9.995,33944.0,10.0001
MBNKO,25.645,25.788,25.788,25.42,11691.9778,25.5099
GIW,10.02,10.025,10.03,10.02,28488.0,10.0298
OYSE,10.2,10.23,10.23,10.2,75128.0,10.2172
IMPPP,25.9555,25.945,26.01,25.945,787.0,25.9813
BMED,27.747,27.75,27.75,27.747,587.4649,27.7989
HBANZ,21.14,21.14,21.14,21.14,719.97143,21.137
ODTX,16.42,20.0,20.3,15.35,3171335.260401,17.6797
CFFI,74.47,74.14,74.47,74.14,2036.2661,74.6295
UCOP,42.045,42.22,42.24,42.045,1770.0,42.2289
CCII,10.23,10.23,10.23,10.225,15925.0,10.2298
FCTR,38.1943,38.01,38.1943,38.01,1732.1591,38.0149
MLAAU,10.28,10.26,10.28,10.25,4350.0,10.2521
FORH,25.3041,25.28,25.3041,25.28,106.2192,25.2836
NVNO,9.94,10.25,10.25,9.92,6009.51268,10.2107
PLBL,7.4,7.05,7.4,7.05,3210.275,7.339
IBGL,23.9231,23.91,23.925,23.91,2366.0056,23.9114
FDTS,72.6272,72.4,72.6272,72.4,505.342978,72.5113
BREM,51.4337,51.5,51.5,51.4337,110.632,51.4937
THLV,32.4237,32.52,32.52,32.4237,7571.8655,32.497
RSMV,28.5449,28.5,28.55,28.5,6080.8702,28.5287
REGCO,22.09,21.94,22.29,21.82,3401.0,22.0159
SLVX,19.8256,19.5,19.8256,19.48,6056.7657,19.5932
BRES,26.5639,26.52,26.5639,26.52,11086.77,26.5364
EMDV,47.9966,47.85,47.9966,47.85,225.2301,47.8993
CTApB,68.2301,68.9,68.9,68.2301,1620.3449,68.4235
TURF,34.5577,34.63,34.64,34.55,6462.578,34.6208
IWFG,53.5986,53.55,54.39,53.53,48586.614,53.7492
EVAC.WS,0.32,0.32,0.32,0.32,100000.0,0.32
SQMX,33.96,33.92,33.96,33.92,322.0,33.924
SCSB,25.0,25.01,25.01,25.0,432.4307,25.0085
WVVIP,2.8,2.8,2.8,2.75,6702.4829,2.7806
TSLO,19.0719,19.04,19.0719,19.02,1084.0,19.0047
TRTNpA,25.9,26.015,26.015,25.9,2462.0,25.933
ARCIW,0.49,0.49,0.49,0.49,1000.0,0.49
TKNQ,24.0737,23.865,24.0737,23.86,710.326,23.9372
AIVI,57.2571,57.16,57.2571,57.16,339.5149,57.1681
OMH,0.8801,0.91,0.9335,0.8801,5105.031009,0.91
SBB,11.905,11.871,11.905,11.87,2169.899,11.8794
ONMDW,0.0321,0.047799,0.047799,0.0303,30281.0,0.03315
FEBP,33.59,33.6,33.62,33.59,3740.0,33.603
FEMD,36.0895,36.19,36.19,36.0895,109.0,36.19
BCGD,26.2819,26.28,26.29,26.2799,1491.595,26.2712
AMUB,22.1891,22.33,22.33,22.1891,504.0,22.3292
GTERR,0.1,0.11,0.11,0.083,18947.0,0.0898
QLV,74.62,74.74,74.77,74.62,1570.583352,74.6601
OTGAU,10.26,10.2558,10.26,10.22,4423.0,10.2548
TSCM,19.5692,19.5858,19.5858,19.5692,904.514111,19.5857
DIVE,25.7508,25.79,25.79,25.7508,493.147948,25.7786
DSPY,63.3822,63.35,63.3822,63.31,2040.8983,63.3113
SURE,138.3315,138.24,138.3315,137.98,1035.2511,138.125
ETRL,12.564,11.99,12.564,11.91,4600.0,11.9742
CMREpD,27.07,26.85,27.225,26.84,8425.0,27.0279
XHYI,37.63,37.57,37.65,37.57,1683.053,37.6361
XXV,23.9431,23.915,23.9599,23.8801,6407.659966,23.9331
PMTR,10.3073,10.305,10.3073,10.3,2452.0,10.3005
CKX,10.86,10.86,10.86,10.86,244.5069,10.9078
PSCU,64.6575,64.86,64.86,64.6575,555.730696,64.8341
BEAG,10.54,10.54,10.54,10.54,156656.0,10.54
MARW,35.78,35.75,35.78,35.74,6435.44,35.7471
AKA,11.38,11.895,11.895,11.38,3732.990122,11.604
NPACW,0.3199,0.285,0.32,0.285,6474.0,0.3061
CZA,117.1988,117.44,117.4401,117.1988,1231.0896,117.3887
OXSQG,24.35,24.35,24.35,24.35,1132.0,24.35
DFVE,34.445,34.49,34.49,34.445,2604.763,34.477
KEAT,33.7984,33.83,33.83,33.7984,6107.0807,33.8299
IGTR,31.6612,31.47,31.675,31.47,11357.4211,31.6171
HPPpC,15.69,15.1,15.69,14.92,7466.6126,15.4258
ALCY,11.94,11.875,11.96,11.77,5072.0,11.7886
TACOW,0.56,0.5999,0.85,0.56,27648.0,0.5933
LATA,10.05,10.041,10.05,10.041,1618.0,10.0493
IPB,25.96,26.0,26.0,25.96,1035.0,25.9944
ICRC,28.0136,27.89,28.0136,27.89,592.074,27.9545
GMNY,50.075,50.07,50.08,50.07,691.1893,50.0799
TPRY,20.6752,20.72,20.72,20.6752,1845.266,20.7113
KOOL,14.5053,14.545,14.545,14.5,279.462065,14.5199
MYCG,24.955,24.95,24.955,24.95,6508.3717,24.9523
PCTTW,1.65,1.77,1.77,1.65,1077.0,1.6543
BLUI,25.8403,25.87,25.87,25.84,2069.202,25.8613
RND,31.5691,31.58,31.58,31.5691,254.063,31.5863
CNCKW,0.22,0.2061,0.24,0.1864,3521.0,0.2083
IWML,30.5553,30.42,30.5553,30.35,994.063297,31.7118
BDCI,10.02,10.02,10.025,10.02,192533.0,10.02
COOTW,0.0191,0.016001,0.0206,0.016001,489.0,0.01758
HDG,54.1368,54.22,54.25,54.125,521.45235,54.1929
CBLS,31.756,31.77,31.77,31.756,2694.968535,31.779
ABUF,26.6497,26.645,26.69,26.645,600.0,26.6525
IBGC,24.9655,24.98,24.98,24.9655,330.0,24.98
TDSC,27.414,27.41,27.44,27.41,2727.008,27.4306
MTGP,44.31,44.34,44.36,44.25,4467.2712,44.3279
HCACR,0.3143,0.29,0.3143,0.29,604.0,0.2957
TIPA,101.2149,101.16,101.2149,101.16,5002.215,101.178
THYM,50.6084,50.62,50.64,50.6084,555.0,50.6262
KTTAW,0.0062,0.0079,0.008,0.006,96185.0,0.007599
JMMF,100.13,100.14,100.14,100.115,45577.0,100.1371
JEMB,53.8856,53.59,53.89,53.59,2276.2064,53.7392
DVQQ,31.2823,31.125,31.2823,31.05,22756.9447,31.142
VLYPN,26.04,26.05,26.1499,26.03,3918.0944,26.0648
RW,24.6848,24.64,24.7597,24.64,3387.4941,24.676
SXTPW,0.0461,0.0461,0.0461,0.0461,122.0,0.0461
TULP,4.08,4.085,4.085,3.97,1485.0,4.0525
ACCS,8.185,8.415,8.415,8.185,2188.984951,8.3341
BRIB,25.11,25.11,25.11,25.1,4485.0,25.1062
PEW.WS,0.4301,0.4301,0.4301,0.4301,405.0,0.4303
AHTpD,6.99,7.0,7.0,6.99,1487.6254,7.0174
CUSD,19.3745,19.04,19.58,19.04,1356.2274,19.4075
QEMM,80.7531,80.53,80.79,80.53,6711.4687,80.7554
AHTpH,6.16,6.0,6.16,6.0,7750.4886,6.1433
TRAD.U,10.05,10.05,10.05,10.05,144.0,10.0592
GAUD,24.2249,24.26,24.26,24.2249,120.0,24.2627
MEMX,48.2409,48.15,48.265,48.15,3245.7721,48.1916
CDEI,88.219,88.14,88.219,88.14,383.356,88.1766
INDZ,24.8589,24.79,24.91,24.79,3144.0,24.8534
FFLV,26.625,26.64,26.66,26.59,6803.6529,26.6026
VFSWW,0.4275,0.402601,0.44,0.402601,16360.0,0.431
DVIN,29.3217,29.4999,29.4999,29.3217,179.0,29.4382
ARTCU,9.93,9.93,9.93,9.93,1816.0,9.9297
XOCT,39.06,39.02,39.06,39.02,122.0,39.0263
IPAV,35.202,35.125,35.202,35.125,383.184,35.1401
ZSTK,5.5,5.3,5.8,5.3,3104.337349,5.4649
BBMC,120.8466,120.4901,120.8466,120.4901,2979.779531,120.6368
KRMA,46.6133,46.57,46.6133,46.57,872.5285,46.5813
HTUS,43.0961,43.08,43.17,43.02,7996.315,43.0678
NEWTH,25.35,25.38,25.45,25.2,1826.0,25.3134
OXLCG,25.475,25.4,25.475,25.4,719.2677,25.4278
IDVY,25.8596,25.805,25.8596,25.74,282.198,25.7844
BMVP,50.7506,50.8,50.851,50.7506,1354.1178,50.8094
GAING,25.4,25.35,25.55,25.3,13090.0,25.3427
HYGM,25.0152,25.03,25.03,25.0096,289.0,25.0175
QBQV,26.77,26.79,26.79,26.77,2350.0,26.7755
ADVE,47.2578,47.27,47.27,47.2578,258.8654,47.2432
SAUG,27.22,27.201,27.22,27.201,708.0,27.2048
APRJ,24.995,24.976,24.995,24.976,858.6433,24.9773
AV,26.2024,26.33,26.33,26.2024,410.037,26.3203
CRED,22.7464,22.73,22.77,22.73,372.549,22.7423
AFJK,42.67,43.54,43.54,40.0,2000.922309,43.0289
DWAW,49.2641,49.15,49.3,49.1,652.772,49.2157
DYORU,10.1599,10.12,10.16,10.12,928.0,10.1286
PTIN,35.9118,35.815,35.9118,35.815,1369.6263,35.8572
SPWRW,0.21,0.2,0.21,0.1825,23811.0,0.2072
USSH,50.51,50.51,50.51,50.5,974.1164,50.5085
AIRTP,19.95,20.16,20.16,19.95,1296.0,20.1284
QETAR,0.79,0.79,0.79,0.79,521.0,0.803
XHG,1.035,1.03,1.035,1.03,1626.0,1.0344
XISE,30.4,30.4,30.4,30.37,760.2177,30.3915
BILT,28.9864,29.03,29.08,28.9864,3015.1691,29.0525
SQFT,3.6,3.49,3.6,3.49,3779.2638,3.5007
XRNpB,24.7,24.59,24.81,24.59,3936.19,24.6687
HNNAZ,24.92,24.93,24.9301,24.92,1209.0,24.934
LVIG,98.8439,98.84,98.88,98.83,1155.0,98.8458
NMFCZ,25.24,25.25,25.25,25.24,1563.0,25.2431
TFJL,19.47,19.49,19.49,19.47,5158.0,19.4765
CNOpA,18.17,18.19,18.19,18.1,625.0,18.1382
TRTNpB,25.42,25.48,25.48,25.42,816.0,25.4475
SBpD,26.305,26.11,26.305,26.11,337.0,26.1746
ONBPO,24.86,24.83,24.9,24.83,3113.0,24.8638
DWUS,59.2567,59.1301,59.2567,59.1301,783.2731,59.1463
PTORW,0.3,0.3,0.3,0.3,2300.0,0.3
RAFE,45.27,45.295,45.295,45.23,4580.0415,45.2497
USFE,34.5676,34.62,34.62,34.5676,162.0,34.6271
FPWR,36.9028,37.17,37.17,36.9028,2939.4165,37.1053
REXRpC,20.92,20.93,20.93,20.9,2653.7834,20.9166
FDRV,19.92,19.875,19.96,19.875,4822.788089,19.9015
GPATW,0.144,0.144,0.144,0.1401,81588.0,0.1422
MOBI,11.75,14.0,14.0,10.185,2507872.77,12.3899
SIXL,38.2747,38.47,38.47,38.2747,728.0,38.4454
CIX,23.75,23.8,24.02,23.75,958.4218,23.879
SSS,20.5646,20.57,20.57,20.5646,284.0,20.5649
SGLC,42.7614,42.77,42.82,42.67,11831.363152,42.764
CCFE,27.7596,27.88,27.88,27.7596,213.1421,27.8471
TBFG,32.3366,32.3,32.3366,32.3,144.0,32.3051
BIII.U,10.07,10.07,10.07,10.07,693.0,10.0692
MAYC,25.4248,25.45,25.45,25.4248,102.0,25.4493
QBUL,24.2409,24.28,24.28,24.2409,690.839,24.2646
CLCV,28.6171,28.6,28.62,28.6,1213.6417,28.6109
TCRT,2.58,2.62,2.62,2.58,3338.415334,2.6072
SOUL.U,10.89,10.53,10.97,10.53,766.0,10.7467
ANEW,49.7477,49.6416,49.7477,49.6416,203.8041,49.5868
CHPG,10.33,10.33,10.33,10.33,310.0,10.3286
NUSA,23.205,23.21,23.21,23.205,2239.7688,23.2075
CPRA,27.4539,27.42,27.4539,27.411,1000.0,27.4155
TNONW,0.009,0.008,0.0091,0.0065,112680.0,0.00809
CBXY,22.075,22.075,22.075,22.075,3006.8847,22.075
PMMY,26.68,26.71,26.71,26.68,3140.0,26.7103
ZHDG,23.3009,23.32,23.32,23.3009,517.3094,23.2819
CCID,25.39,25.3,25.4,25.3,1374.0,25.3515
KOCT,36.325,36.3,36.325,36.26,1462.0,36.2909
CMREpB,25.85,25.85,25.85,25.85,283.0,25.8465
VIASP,25.4557,25.4,25.4557,25.4,946.0,25.4143
RANG,10.58,10.58,10.5801,10.58,5029.0,10.5801
KEQU,37.01,35.425,37.625,35.425,1943.59,36.5171
LAFA,10.01,10.02,10.04,10.01,26595.0,10.0291
NYSX,122.8777,121.92,122.8777,121.92,1004.9196,122.3804
XJUN,44.14,44.11,44.14,44.11,1872.0,44.1223
SIXF,33.55,33.55,33.55,33.52,2130.0,33.5451
TJAN,27.945,27.94,27.98,27.94,560.0,27.9543
TMTSW,0.5,0.5001,0.56,0.5,3847.0,0.5032
NEWZ,29.0134,29.08,29.08,29.0134,124.9957,29.0731
CCOR,25.5103,25.525,25.525,25.5103,415.62115,25.5204
PTHS,25.495,25.165,25.6653,24.63,14400.517,25.1378
PLDR,38.2282,38.21,38.2282,38.21,111.827355,38.2087
MEVO,9.89,9.89,9.895,9.89,9243.0,9.8901
APACR,0.15,0.15,0.15,0.15,300.0,0.15
MYPSW,0.0048,0.00321,0.0049,0.00321,802.0,0.003726
JDIV,55.985,55.999,56.02,55.985,1363.3978,56.0095
PAACU,10.02,10.02,10.02,10.02,3497.0,10.0274
SQFTW,0.0188,0.0164,0.0188,0.0137,12372.583548,0.01479
ASCI,37.5745,37.51,37.605,37.458,811.7955,37.5405
RDIB,9.99,9.89,9.99,9.81,2646.0,9.9089
SZZL,10.305,10.305,10.305,10.305,18529.0,10.305
SAAQU,10.32,10.3,10.3201,10.17,765.0,10.2953
GSIW,30.0201,30.2,30.2,30.02,1749.0,30.0633
BYFC,9.8,9.76,9.8,9.76,2268.0,9.7757
CPSN,27.49,27.48,27.49,27.48,2407.0,27.4826
PALO,9.865,9.865,9.865,9.865,955.0,9.8657
TRND,36.269,36.2881,36.2881,36.2401,512.8515,36.2556
PMTRW,0.65,0.56,0.65,0.56,58676.0,0.5878
APRH,25.24,25.24,25.2999,25.24,2636.0753,25.2551
QQQP,221.0294,220.09,221.0294,220.09,1951.952276,220.2007
JULH,24.98,24.99,24.99,24.98,48437.9741,24.9801
RAAR,50.6301,50.655,50.655,50.6301,200.0,50.655
LOCT,23.92,23.9,23.92,23.9,31009.9617,23.909
TXS,39.1747,39.2507,39.2507,39.1747,323.447298,39.2257
SEPP,31.86,32.0,32.01,31.86,6924.0,31.9689
CRDD,22.1999,21.921,22.1999,21.921,232.094,21.9171
BIAFW,0.3105,0.27,0.3105,0.27,1059.0,0.2817
SCLZ,55.9034,56.02,56.02,55.9034,561.0,55.9975
LJAN,24.655,24.69,24.69,24.655,790.0418,24.6885
MBSX,26.97,26.97,26.97,26.97,570.9896,26.9373
KFEB,30.1298,30.1,30.15,30.06,69835.0,30.1031
BAVA,26.5791,26.18,26.5791,26.18,279.0,26.011
DIVY,28.2372,28.29,28.29,28.15,2267.6154,28.2442
GMMA,21.3945,21.39,21.3945,21.39,426.0,21.3965
FMCX,36.9927,36.77,36.9927,36.77,312.0,36.7668
TMTSU,10.2576,10.15,10.275,10.15,1702.0,10.1953
XHYE,39.23,39.23,39.23,39.23,224.8149,39.2281
BFSpD,20.6799,20.6,20.7,20.6,1349.2023,20.6494
PBMWW,0.0295,0.0295,0.0295,0.0295,265.0,0.0295
NEWTP,24.3,24.3,24.42,24.27,4572.7694,24.3414
LGCF,34.6794,34.75,34.75,34.4501,32701.0,34.5856
FLDDW,0.1744,0.159999,0.175,0.1505,34344.0,0.1669
BEGS,21.2527,21.1,21.2527,21.1,185.5117,21.1058
PBJN,30.815,30.79,30.815,30.79,591.0,30.7901
CEPV,10.25,10.24,10.25,10.24,2038.0,10.2451
RSSE,22.41,22.42,22.45,22.41,6369.0,22.4321
TIME,26.7062,26.71,26.72,26.7062,2907.4993,26.7121
ITDI,41.459,41.43,41.459,41.43,514.146677,41.4575
MYCI,24.8126,24.81,24.82,24.81,8173.0,24.8119
ECFpA,21.4817,21.1548,21.4817,21.1548,494.8927,21.3188
CAFG,31.5849,31.56,31.63,31.56,815.4271,31.558
XIDE,30.285,30.295,30.3,30.285,5082.6744,30.3027
TRSG,1.263,1.2205,1.263,1.1857,2123.0,1.2105
ARKT,18.9997,18.85,18.9997,18.85,953.9896,18.8633
XHYF,37.055,37.1,37.19,36.99,3786.042,37.0978
STG,3.2217,3.2217,3.2217,3.2217,524.740625,3.3615
CTAA,9.86,9.85,9.86,9.85,117610.0,9.8534
NXGLW,0.0499,0.0437,0.0499,0.0437,250.0,0.0468
UX,29.8234,30.06,30.06,29.8234,2091.386279,29.9002
TDSB,24.9203,24.93,24.93,24.9203,1184.707,24.9287
VALG,22.7521,22.55,22.7521,22.55,311.464,22.6581
FSZ,82.4141,82.271,82.4141,82.271,429.843855,82.314
PCGpI,17.06,16.6201,17.06,16.6201,1874.0,16.6445
QMFE,24.0693,24.0425,24.0693,24.0425,1094.0,24.0441
PEXL,70.4534,70.44,70.4534,70.44,2232.9867,70.4228
BFOC,17.3105,17.3,17.35,17.3,1985.0,17.33
PWS,31.7402,31.845,31.87,31.7402,860.023,31.8411
IBHM,25.406,25.41,25.428,25.406,664.0,25.4125
MCDS,64.3014,64.35,64.35,64.2398,406.9958,64.3248
KRAQW,0.5,0.5,0.5,0.5,1838.0,0.5018
FMKT,22.5825,22.51,22.59,22.51,557.99,22.4848
BRID,7.81,7.75,7.81,7.75,1107.61,7.757
TIPB,101.1251,101.11,101.1251,101.11,497.0,101.11
EVLU,40.3277,40.31,40.3277,40.29,912.915154,40.2889
BALQ,55.7,55.645,55.7,55.59,2159.3967,55.5785
TCBS,16.83,16.67,16.99,16.67,652.4922,16.7988
ENJ,20.35,20.35,20.35,20.35,455.0,20.3458
PFXNZ,23.865,23.7501,23.865,23.7501,1033.0,23.8126
CLIM,26.2629,26.33,26.33,26.2629,100.0,26.33
FFOX,28.0263,27.9804,28.0263,27.98,6740.1548,27.9943
CVMC,71.0194,71.02,71.02,71.0194,651.9143,71.0416
ROPE,28.581,28.63,28.63,28.581,557.046,28.6301
EHLS,26.8365,26.7714,26.8365,26.7714,1819.0014,26.8239
PCPI,50.365,50.36,50.37,50.35,2830.0,50.3616
NXTE,47.8014,47.83,47.91,47.66,1067.8732,47.7963
FLJJ,33.275,33.24,33.275,33.24,3129.0,33.2435
THNR,24.6435,24.7099,24.71,24.6435,961.2177,24.7028
MBVI,10.12,10.11,10.12,10.105,10316.0,10.11
ULVM,101.59,101.715,101.77,101.59,2041.2824,101.7139
LDDR,80.0941,80.085,80.105,80.085,2184.3915,80.0993
XFEB,37.01,37.04,37.04,36.991,765.0,37.014
WLIIU,10.14,10.14,10.14,10.14,4418.0,10.14
OXSQH,25.3,25.3,25.3,25.3,723.877,25.3048
PGAC,10.52,10.5199,10.52,10.5199,9499.0,10.52
NITE,37.9236,37.745,37.9236,37.745,274.026,37.7789
PMMR,26.97,26.94,26.97,26.94,100.0,26.94
PMFB,27.14,27.11,27.14,27.11,1100.0,27.1182
VHCPW,0.35,0.35,0.35,0.35,66666.0,0.35
KRYP,23.0603,22.78,23.1,22.78,1379.9106,22.9551
MRNOW,0.046,0.046,0.046,0.0415,776.0,0.04262
ILLUW,0.3699,0.37,0.37,0.3699,8014.0,0.3699
WHLRP,7.3,7.07,7.38,7.04,6578.0,7.2821
XHYD,38.075,38.075,38.19,38.075,631.2524,38.0991
SPAQ,91.555,90.71,91.555,89.73,2035.021,90.464
BNCWW,0.025,0.0251,0.0251,0.025,4270.0,0.0251
SWVLW,0.0088,0.0088,0.0088,0.0088,660.0,0.008789
DGZ,5.4367,4.95,5.4367,4.95,1270.0,4.9775
BKHAR,1.4,1.36,1.4,1.35,21000.0,1.3977
ABXB,19.5473,19.53,19.5473,19.53,6885.2665,19.5359
FEBU,29.4332,29.43,29.45,29.42,1378.0,29.4294
ABOT,37.3541,37.25,37.3541,37.23,1939.4355,37.2326
PZLV,26.8577,26.8,26.8577,26.8,2779.0,26.8173
CTEX,42.5532,42.0,42.5532,42.0,426.4631,42.132
ZOOZW,0.0267,0.0268,0.0268,0.0267,300.0,0.02677
PCFI,22.91,22.91,22.91,22.91,103.865,22.9097
SRHQ,43.9023,43.83,43.9023,43.83,3029.7813,43.8922
MAYS,42.54,41.97,42.72,41.72,2668.000833,42.3936
KNO,59.2443,59.14,59.2443,59.14,665.034,59.1435
MSTB,42.7305,42.69,42.7305,42.64,1177.6537,42.683
EDGE,48.2737,48.35,48.35,48.25,7828.074,48.3091
SPXV,81.7044,81.675,81.7044,81.675,601.20287,81.6427
MAVF,134.0642,133.98,134.0642,133.98,1428.2086,133.9978
GPUSpD,19.675,19.675,19.675,19.675,255.0,19.9012
ACLO,50.35,50.35,50.35,50.35,466.8554,50.35
FGBIP,20.5,20.1899,21.46,20.095,4835.0,20.6933
GK,28.5101,28.5098,28.513295,28.46,1233.257958,28.4985
BAIV,25.2895,25.23,25.29,25.23,28010.0,25.2864
CRDT,23.5748,23.52,23.5748,23.52,1196.4373,23.5016
BGRO,41.9562,41.91,42.0,41.91,724.7589,41.9112
PDPA,25.18,25.11,25.25,25.11,2226.0,25.1638
BBB,30.6337,30.58,30.6337,30.58,247.966183,30.5595
APXM,31.585,31.56,31.585,31.56,588.0,31.5613
OPTZ,43.962,43.84,43.962,43.7201,3123.6986,43.8279
PRENW,0.0177,0.013,0.0177,0.012,3102.0,0.01234
NOVZ,46.5434,46.61,46.61,46.5434,106.5161,46.6035
JUDO,27.3596,27.37,27.37,27.3596,233.6,27.3843
AAUA,55.8767,55.84,55.8767,55.84,8456.86,55.8414
INVG,25.4851,25.47,25.4851,25.47,700.8735,25.4737
FEBM,31.08,31.05,31.08,31.05,5281.0,31.0605
GFAIW,0.054501,0.054501,0.054501,0.054501,298.0,0.05101
GTR,26.905,26.86,26.905,26.86,341.0,26.8686
JADE,78.1528,78.14,78.29,78.11,1550.5455,78.191
BUFI,41.855,41.89,41.89,41.855,2303.0,41.8872
CCOM,25.145,24.995,25.145,24.995,162.802216,25.0717
BUFM,40.05,39.98,40.05,39.98,39842.0,40.0324
YFYA,9.835,9.8101,9.8542,9.8101,846.6708,9.8395
SLMBP,74.9,75.0,75.04,74.9,6820.92,74.9786
LOTWW,0.07,0.07,0.07,0.07,241.0,0.06327
KMAR,31.2396,31.2,31.27,31.161,940.0,31.2
QQHG,64.785,64.82,64.83,64.785,308.4794,64.8877
OCTJ,24.0949,24.1,24.1,24.0949,464.0754,24.0991
TYLD,25.24,25.255,25.255,25.24,858.8198,25.2546
XBAP,41.4051,41.37,41.4051,41.37,1969.0,41.3791
JUNM,34.91,34.91,34.96,34.91,535.0,34.9367
NBDS,37.6122,37.49,37.6122,37.49,2379.1427,37.5247
BUFX,21.945,21.945,21.945,21.945,137.0,21.9441
OCTM,33.385,33.4,33.4,33.37,365.0,33.3914
DECM,33.525,33.54,33.54,33.525,741.0,33.5367
ATTR,93.9405,93.915,93.9405,93.915,476.946,93.937
COWS,35.0763,35.105,35.105,35.04,3088.466891,35.0518
BHRpD,16.71,16.66,16.71,16.66,1795.187,16.6865
GENW,14.6531,14.69,14.69,14.6531,2371.0705,14.6709
GSIG,47.395,47.4,47.4,47.39,334.084,47.3892
IEAGU,10.21,10.19,10.21,10.19,4359.0,10.2005
VBCH,75.8743,75.88,75.88,75.8743,860.0311,75.8837
PCGpC,19.0,19.0,19.0,19.0,214.9037,18.9717
FVC,39.7219,39.67,39.7219,39.611,3621.2039,39.6489
VBCG,75.72,75.74,75.77,75.72,1136.8847,75.7506
SAAQ,10.18,10.18,10.2,10.18,122825.609224,10.1998
MHIP,19.8147,19.83,19.85,19.8147,721.736,19.8444
RFCI,22.39,22.38,22.39,22.36,442.6861,22.3687
CPNJ,27.5888,27.59,27.6,27.5888,1305.0,27.5909
BHM,10.945,10.945,10.945,10.945,290.59537,10.9304
FENG,1.7,1.7,1.7,1.7,777.0475,1.705
BIPpA,17.31,17.18,17.31,17.075,5457.054,17.2609
RNGT,10.04,10.04,10.04,10.04,228.0,10.0404
MRGR,45.1983,45.18,45.1983,45.18,390.0,45.1969
GIXXR,0.270052,0.29,0.29,0.26,1400.0,0.2814
MCAHU,10.03,10.03,10.03,10.03,364135.0,10.03
KTN,26.11,26.1124,26.1124,26.04,1549.0,26.0631
VSEEW,0.032,0.0355,0.0356,0.032,9143.0,0.03408
CPST,27.585,27.57,27.585,27.57,360.0,27.5745
GLCR,26.8024,26.82,26.82,26.74,960.270784,26.7567
HFEQ,23.4594,23.3593,23.54,22.91,44953.0459,23.1206
MMTX,10.07,10.06,10.07,10.06,1009.0,10.0639
VALU,34.74,35.035,35.035,34.74,1171.6554,35.1522
ACONW,0.0334,0.0329,0.0334,0.0329,1448.0,0.03297
FSEV,25.5238,25.54,25.57,25.5238,752.589,25.5483
GCGRU,10.1,10.1,10.1025,10.095,978328.0,10.1068
VBCJ,75.8493,75.88,75.9,75.84,2400.0089,75.8743
BNGE,30.81,30.85,30.85,30.81,2231.7088,30.8326
BTOT,49.73,49.74,49.74,49.73,1534.05,49.7394
ESGG,223.4935,223.55,223.55,223.4935,303.958223,223.3505
NTZ,2.835,2.84,2.8759,2.835,2563.0,2.8388
KELYB,15.9,15.93,16.0,15.03,2894.018897,15.6162
HACQW,0.55,0.5,0.55,0.5,13904.0,0.5468
MLAAW,0.5,0.49,0.52,0.49,8813.0,0.5171
JPAN,41.5181,41.54,41.6,41.5181,1175.0,41.5497
MAYZ,35.5983,35.59,35.5983,35.59,518.0,35.6132
PSMR,31.84,31.85,31.85,31.84,279.0,31.8558
WIMA,41.865,41.9,41.9,41.865,585.0,41.8998
QQDN,20.6782,20.71,20.79,20.6782,870.9484,20.7529
NVBU,30.6107,30.635,30.635,30.6107,1161.0,30.6346
SCPQW,0.2699,0.2699,0.2699,0.2699,100.0,0.2699
DVXK,35.1534,35.0,35.18,34.97,66007.0,34.9705
CPHC,15.8244,15.65,15.8999,15.65,1131.273862,15.7891
HLXX,25.6474,25.23,25.6474,25.23,113.5,25.2954
TEXN,32.1751,32.26,32.26,32.1751,1303.8785,32.2155
FRMEP,25.59,25.5,25.73,25.5,608.0,25.5845
XBOC,34.991,34.996,34.996,34.991,489.0,34.9936
ZSB,23.99,23.911,23.995,23.9101,2385.6331,23.9406
TUG,45.46,45.295,45.46,45.21,1772.1755,45.3136
MBINM,25.44,25.68,25.68,25.44,1394.0,25.5781
NBFC,50.825,50.81,50.825,50.81,642.0,50.8107
BSJX,25.295,25.29,25.3,25.29,357.363,25.2876
HVIIR,0.45,0.45,0.48,0.45,10351.0,0.4529
NCPB,25.015,25.02,25.02,25.015,273.1262,25.0157
GGOV,50.0351,50.035,50.1499,49.92,1087.0,49.9679
RTAI,21.4384,21.43,21.4384,21.43,659.6906,21.4302
FINY,24.9297,25.0,25.0,24.9297,327.394,24.9883
DGAP,30.16,30.2,30.21,30.16,1004.0,30.2081
APRP,32.16,32.22,32.22,32.16,3889.0,32.1822
OCTP,31.8,31.8,31.82,31.8,3533.0,31.8086
SANG,4.2,4.225,4.23,4.2,1576.472948,4.21
GXPE,32.5529,32.681,32.697,32.5529,1454.118,32.6862
TRGSR,0.22,0.22,0.22,0.22,4280.0,0.2195
WDAI,26.1008,26.11,26.11,26.1008,247.0,26.0206
SHRY,43.425,43.48,43.48,43.425,6623.9032,43.481
NJNK,20.0898,20.09,20.12,20.0898,2107.1044,20.1106
JOUL,25.2695,25.321,25.321,25.2695,151.0,25.3162
BUDA,9.71,9.71,9.71,9.71,1041.623934,9.6225
RWAYL,25.49,25.5,25.5,25.49,339.08,25.494
SVAQW,0.3,0.3,0.3,0.3,6865.0,0.2998
CPII,19.335,19.35,19.35,19.335,236.806,19.3464
OTGL,11.0188,11.08,11.08,11.0188,5048.0922,11.0792
PLMKW,0.51,0.48,0.51,0.48,50700.0,0.4998
SCUB,25.04,25.05,25.05,25.04,102.0,25.0497
LQ,24.9629,25.02,25.03,24.9629,597.567,25.0086
SSPY,93.5704,93.66,93.67,93.5704,2520.551502,93.6671
CPNS,27.9288,27.92,27.9288,27.92,200.0,27.92
TAX,30.2379,30.22,30.2379,30.22,1006.3926,30.2199
BABW,31.341,31.415,31.415,31.341,516.786747,31.592
HOLOW,0.06,0.0719,0.0719,0.06,1166.0,0.06813
CPSP,26.81,26.86,26.86,26.81,102.0,26.8598
ALRG,29.8306,29.82,29.8306,29.82,200.1338,29.8197
AGRW,31.6853,31.6599,31.6853,31.6599,696.6029,31.6668
SSMG,26.2711,26.3,26.3,26.2711,112.0,26.3001
MYCN,24.565,24.57,24.57,24.565,124.0,24.5698
PHDG,41.6305,41.47,41.6305,41.47,680.183162,41.514
JANM,33.675,33.64,33.675,33.64,265.0,33.64
TMNS,50.07,50.08,50.08,50.07,3061.0,50.0725
MYSEW,0.0501,0.0503,0.0503,0.0501,22039.0,0.05031
SIGIP,16.81,16.79,16.8111,16.79,1519.391,16.8101
MOTG,39.1569,39.1,39.1569,39.09,338.70879,39.1056
PEVC,29.4638,29.44,29.4638,29.44,804.9574,29.4425
RCKTW,0.009,0.009,0.009,0.009,4000.0,0.009
PSTP,36.3715,36.355,36.38,36.355,1133.10273,36.3685
PIIIW,0.0052,0.0053,0.0053,0.0052,1704.0,0.005337
LKSPU,10.24,10.24,10.24,10.24,145.0,10.2343
ADSEW,0.58,0.4705,0.58,0.41,6484.0,0.4529
KWT,38.76,38.74,38.76,38.74,322.416336,38.7469
BTRN,28.5633,28.55,28.62,28.49,3381.0271,28.5288
IRAB.U,9.96,9.97,9.97,9.96,500.0,9.962
SDFI,35.63,35.62,35.63,35.61,3595.1436,35.6148
SPUT,28.275,28.2113,28.275,28.2113,551.8481,28.2085
PMTRU,10.5,10.5,10.5,10.5,329.0,10.5034
FPAS,24.945,24.98,24.98,24.945,145.0,24.9684
CICC,25.04,25.0,25.1,25.0,2000.0,25.0621
XRLX,48.6211,48.57,48.6211,48.57,1096.5139,48.5628
RSVRW,0.14,0.15,0.15,0.14,2221.0,0.1484
ZEOWW,0.0458,0.0458,0.0458,0.0458,1137.0,0.04576
CRAQR,0.18,0.18,0.18,0.18,615.555555,0.18
AINP,25.085,25.07,25.085,25.07,963.0,25.0737
HWAY,37.41,37.37,37.41,37.37,306.4614,37.4337
MVAL,35.8566,35.82,35.8566,35.82,475.6981,35.8781
FFND,31.543,31.55,31.55,31.535,3927.9993,31.5454
TFNS,26.2497,26.24,26.28,26.2399,1753.1038,26.269
TSCV,30.9269,30.91,30.9269,30.9032,1518.427,30.908
TAXT,51.475,51.46,51.475,51.46,404.0,51.4603
SCCF,23.9699,23.99,23.99,23.9699,443.0,23.9701
POLEW,0.23,0.21,0.26,0.2099,71898.0,0.2519
MTAL.WS,0.75,0.81,0.81,0.75,3023.0,0.8015
BAYA,11.89,11.85,11.89,11.7,491.0,11.788
APRB,26.585,26.59,26.59,26.585,1271.069954,26.5897
OCTB,26.7897,26.79,26.79,26.7897,1260.0,26.7903
FGIIW,0.19,0.19,0.19,0.1805,610.0,0.1869
JANB,26.87,26.89,26.89,26.87,1540.0,26.8897
HECO,57.0965,57.1699,57.1699,57.05,477.135,57.0976
KJUN,29.121,29.13,29.13,29.121,1305.0,29.1292
NBET,39.5996,39.9,39.9001,39.5996,1208.739,39.9313
IAUX.WS,1.05,1.05,1.05,1.05,507.0,1.0497
WTGUR,0.1208,0.18799,0.18799,0.11,4165.331914,0.1266
KBFR,25.8385,25.83,25.8385,25.83,172.0,25.8423
SVAQ,9.95,9.945,9.95,9.945,1560.0,9.9492
CCNEP,24.98,24.98,24.98,24.98,606.0,24.9801
MESHW,0.29,0.28,0.29,0.28,1100.0,0.2889
ZKP,9.91,9.91,9.91,9.91,1048.0,9.9092
FGII,9.895,9.895,9.9,9.895,2000.0,9.898
HACQU,10.04,10.04,10.04,10.04,200.0,10.04
ALIL,30.7559,30.7,30.7559,30.7,9285.0,30.7003
XCBEU,10.01,10.01,10.01,10.01,788.0,10.01
GSRF,10.09,10.09,10.09,10.09,3687.0,10.09
SPEpC,25.015,25.002,25.015,25.002,1502.0,25.0107
MRCP,33.94,33.97,33.97,33.94,3373.0,33.9541
TAP.A,42.98,42.98,42.98,42.98,434.754031,43.0814
AADR,85.66,85.67,85.67,85.66,5253.5913,85.6857
ILLU,9.87,9.87,9.87,9.87,5674.0,9.87
AUGP,32.37,32.53,32.53,32.37,3719.0,32.4602
NOVP,31.95,32.09,32.09,31.95,2979.0,32.0128
FERA,10.37,10.36,10.37,10.36,11460.0,10.3699
BDCZ,15.3259,15.36,15.375,15.3259,1244.0,15.3628
PPTY,32.7496,32.8001,32.8001,32.7496,268.4992,32.7992
FCRS.WS,0.8,0.8,0.8,0.77,750.0,0.796
TBLU,51.4543,51.47,51.47,51.4543,410.708132,51.5598
PCGpD,18.3,18.3,18.3,18.3,692.0,18.3899
AGMpH,24.2301,24.31,24.31,24.2301,2555.0,24.2791
TSPX,29.4475,29.52,29.52,29.4475,402.0,29.4962
KVACW,0.0192,0.0192,0.0192,0.0192,900.0,0.0192
DFSCW,0.0299,0.028,0.0299,0.028,9586.0,0.02806
AAVM,34.2123,34.2,34.2123,34.16,766.2301,34.1892
GGROW,0.0065,0.0065,0.0065,0.0065,101.0,0.006482
PCGpG,18.01,18.01,18.01,18.01,104.0,18.0093
EURK,11.37,11.37,11.37,11.37,140.0,11.3698
DVXB,28.9278,28.97,28.9701,28.9278,1912.591,28.9731
VHCP,9.935,9.935,9.935,9.935,50000.0,9.935
GABpG,20.3,20.3,20.3,20.3,1152.0,20.2981
SROI,36.7768,36.7401,36.7768,36.7401,131.745,36.7401
JABS,49.98,49.98,49.98,49.98,257.8676,49.976
EDOG,25.2,25.19,25.2,25.19,368.554282,25.1926
AMHpG,23.115,23.0971,23.115,23.0971,946.4379,23.11
XJAN,38.005,37.96,38.005,37.96,346.0,37.9712
TEKY,44.1506,44.09,44.1506,44.0899,1015.569,44.0874
BAMA,36.37,36.3301,36.37,36.33,4172.9969,36.3601
BAMU,25.31,25.31,25.3199,25.31,3199.3536,25.3111
BAMB,26.27,26.25,26.27,26.25,5567.2319,26.2581
IBAC,10.83,10.83,10.83,10.83,14726.0,10.7903
RMME,100.15,100.17,100.17,100.15,404.0,100.1696
SPEG,10.21,10.21,10.21,10.21,24232.0,10.21
LAPR,25.365,25.39,25.39,25.365,2277.8936,25.3899
KVLE,27.2003,27.19,27.2003,27.19,984.603844,27.1976
HEQQ,61.025,60.99,61.025,60.99,149.0,60.9957
HAVAR,0.1102,0.1102,0.1102,0.1102,1800.0,0.1102
WCMG,20.4323,20.51,20.51,20.4323,788.0,20.5045
MUSE,49.92,49.98,49.98,49.92,208.0,49.9733
AENTW,0.5899,0.5899,0.5899,0.5899,829.0,0.5891
DYOR,10.01,10.01,10.01,10.01,32757.0,10.01
FLAO,28.025,28.0,28.025,28.0,275.52,28.0
GEGGL,24.6,24.6,24.6,24.6,1100.0,24.6
XNOV,39.14,39.14,39.14,39.14,190.0,39.1368
APRT,45.295,45.28,45.32,45.28,2301.122,45.3015
TGE.WS,0.2,0.2,0.2,0.2,635.0,0.2
AMODW,0.0304,0.0304,0.0304,0.0304,248.0,0.02849
ANGHW,0.0117,0.0108,0.0117,0.0108,413.0,0.01114
GYRO,7.48,7.48,7.48,7.48,451.0,7.5173
BDMDW,0.0705,0.0705,0.0705,0.0705,100.0,0.0705
QCLR,28.595,28.58,28.595,28.58,591.9053,28.5653
ARCI,9.92,9.92,9.92,9.92,20852.0,9.92
JMID,30.9631,30.96,30.9631,30.96,1481.999,30.9577
EVEX.WS,0.3323,0.3323,0.3323,0.3323,596.0,0.3325
CRAN,10.02,10.02,10.02,10.02,481.0,10.021
AAUS,58.9993,58.96,58.9993,58.96,315.1305,58.9723
GECCO,25.16,25.16,25.16,25.16,250.0,25.1625
GBLI,27.69,27.62,27.69,27.588,1446.408914,27.4616
EFCpD,23.24,23.24,23.24,23.24,132.0,23.2326
XJUL,40.33,40.33,40.33,40.33,327.0,40.2892
TLNC,10.215,10.215,10.215,10.215,757.0,10.2139
AFRIW,0.81,0.8131,0.8131,0.81,1611.0,0.8122
NZUS,37.99,37.94,37.99,37.94,3107.0,37.9793
SCII,10.0,10.0,10.0,10.0,104.0,10.0002
FHNpE,24.8893,24.8893,24.8893,24.8893,1148.9744,24.8398
MYCO,24.56,24.5792,24.5792,24.56,844.0,24.5783
TEST,47.07,47.07,47.07,47.07,235.238922,46.8189
FEUS,79.98,79.93,79.98,79.93,426.904,79.9491
XAUG,38.67,38.68,38.68,38.67,513.0,38.653
OIM,9.98,9.98,9.98,9.98,104.0,9.9827
GSHRW,0.22,0.22,0.22,0.22,7700.0,0.22
QUMSR,0.26,0.26,0.26,0.26,410.0,0.26
BAYAR,0.08,0.08,0.08,0.08,200.0,0.08
DTRE,43.34,43.34,43.34,43.34,301.933268,43.3104
VHCPU,10.02,10.02,10.02,10.02,106.0,10.02
LEGT.WS,0.7,0.7,0.7,0.7,2300.0,0.7
SDHIR,0.21,0.21,0.21,0.21,100.0,0.21
IPEX,10.44,10.44,10.44,10.44,223.0,10.4405
GGTpE,20.24,20.24,20.24,20.24,242.1262,20.2493
EGHAR,0.29,0.29,0.29,0.29,291.0,0.2907
SAJ,25.7,25.7,25.7,25.7,107.0,25.7026
RMIF,24.28,24.28,24.28,24.28,351.0593,24.2776
DGOC,32.19,32.19,32.19,32.19,768.0,32.1891
GTERA,10.27,10.27,10.27,10.27,125.0,10.2671
RNWZ,32.37,32.37,32.37,32.37,1165.8836,32.4032
FACT,10.57,10.57,10.57,10.57,141.0,10.5685
NHYB,24.76,24.77,24.77,24.72,287204.0,24.7599
KRSP,10.5,10.5,10.5,10.5,230.0,10.5
MCOW,20.6,20.6,20.6,20.6,103.0,20.5989
CLBR,10.1,10.1,10.1,10.1,186.0,10.0958
TFFI,19.91,19.91,19.91,19.91,100.0,19.91
BWOW,17.85,17.85,17.85,17.85,347.254,17.8269
KLMN,30.2151,30.2151,30.2151,30.2151,53.0,30.2152
OBOR,28.444,28.444,28.444,28.444,14.0487,28.4182
DEFI,90.8315,90.8315,90.8315,90.8315,94.1702,90.6596
DPRE,25.6782,25.6782,25.6782,25.6782,1.0,25.19
PPIE,27.9677,27.9677,27.9677,27.9677,113.046,27.9637
DEEF,40.055,40.055,40.055,40.055,221.1613,39.9832
CVRD,18.588,18.588,18.588,18.588,9.5496,18.6064
USMD,30.6185,30.6185,30.6185,30.6185,0.0,
HAPS,34.9246,34.9246,34.9246,34.9246,5.5404,34.858
CPRJ,27.4857,27.4857,27.4857,27.4857,0.0,
LGDX,24.5009,24.5009,24.5009,24.5009,2.038,24.5294
INDE,28.135,28.135,28.135,28.135,10.4565,28.0977
ZCBF,49.6975,49.6975,49.6975,49.6975,0.0,
JLQD,41.43,41.43,41.43,41.43,83.285106,41.4079
CPRO,27.8583,27.8583,27.8583,27.8583,12.0,27.8279
YYYM,19.9649,19.9649,19.9649,19.9649,178.4253,19.9834
UJB,78.773,78.773,78.773,78.773,66.5381,78.6938
CAS,28.095,28.095,28.095,28.095,57.200367,28.073
VNIE,26.7201,26.7201,26.7201,26.7201,2.0,26.714
TROT,24.77,24.77,24.77,24.77,0.0,
ZCBB,49.6294,49.6294,49.6294,49.6294,2.0,49.65
CPNM,26.6949,26.6949,26.6949,26.6949,81.0,26.6733
SXQG,31.5977,31.5977,31.5977,31.5977,7.9994,31.6356
GMOC,50.115,50.115,50.115,50.115,4.9948,50.1111
LLDR,44.8501,44.8501,44.8501,44.8501,45.022,44.8613
TEMR,28.789,28.789,28.789,28.789,35.0,28.645
EPSV,29.5222,29.5222,29.5222,29.5222,69.259,29.5757
GENM,10.3,10.3,10.3,10.3,87.0,10.3094
NBGX,29.2577,29.2577,29.2577,29.2577,9.0,29.2402
PWER,43.2204,43.2204,43.2204,43.2204,85.6621,43.2278
UPAR,16.9854,16.9854,16.9854,16.9854,36.99511,16.9801
VUSI,50.265,50.265,50.265,50.265,2.0,50.265
TIPC,101.1356,101.1356,101.1356,101.1356,1.0,101.07
MANI,25.6651,25.6651,25.6651,25.6651,46.5824,25.657
IWFL,60.2953,60.2953,60.2953,60.2953,28.681704,60.4378
SMDX,25.8581,25.8581,25.8581,25.8581,12.644,25.8744
PRTO,27.8141,27.8141,27.8141,27.8141,8.0,27.7656
OAKG,25.385,25.385,25.385,25.385,123.006,25.3555
HOLD,33.655,33.655,33.655,33.655,44.9139,33.5879
KCSH,25.075,25.075,25.075,25.075,11.0,25.0743
RAAY,101.2949,101.2949,101.2949,101.2949,0.0,
VEM,27.7685,27.7685,27.7685,27.7685,26.0,27.6594
MOTO,66.5435,66.5435,66.5435,66.5435,14.118982,66.5172
MMK,100.09,100.09,100.09,100.09,87.0,100.066
GBHI,25.405,25.405,25.405,25.405,0.0,
ROSC,53.0117,53.0117,53.0117,53.0117,16.9251,52.9233
MHY,25.3479,25.3479,25.3479,25.3479,2.0,25.3274
IVRS,33.054,33.054,33.054,33.054,35.069498,33.1063
IGGY,28.3345,28.3345,28.3345,28.3345,64.0,28.3168
PRAE,40.2979,40.2979,40.2979,40.2979,4.0,40.2665
EPIN,26.9563,26.9563,26.9563,26.9563,0.0,
AKAF,32.0373,32.0373,32.0373,32.0373,25.9553,31.9833
TIIV,29.427,29.427,29.427,29.427,52.0,29.3971
IQSM,37.9269,37.9269,37.9269,37.9269,7.16166,37.8931
BCKT,42.67,42.67,42.67,42.67,35.5729,42.6796
DIVL,24.4425,24.4425,24.4425,24.4425,33.5603,24.5516
FTHB,25.37,25.37,25.37,25.37,6.0,25.3399
SCDL,52.0082,52.0082,52.0082,52.0082,99.0,52.0015
VMSB,49.81,49.81,49.81,49.81,0.0,
BSR,29.9693,29.9693,29.9693,29.9693,4.0,29.9773
DANA,25.175,25.175,25.175,25.175,0.0,
CARU,24.4316,24.4316,24.4316,24.4316,263.0,24.4649
WMSB,25.1422,25.1422,25.1422,25.1422,2.0,25.1399
KLMT,33.8321,33.8321,33.8321,33.8321,6.063,33.814
IGCB,45.902,45.902,45.902,45.902,8.4469,45.8957
EMES,28.4921,28.4921,28.4921,28.4921,1.0,28.5099
ACVT,27.535,27.535,27.535,27.535,7.0,27.4427
CPSA,27.53,27.53,27.53,27.53,50.0,27.5646
RSMR,23.023,23.023,23.023,23.023,0.0,
VCOB,49.635,49.635,49.635,49.635,2.0,49.6367
RCLR,50.485,50.485,50.485,50.485,6.0,50.46
IETH,22.6358,22.6358,22.6358,22.6358,133.6817,22.3429
TABD,25.06,25.06,25.06,25.06,400.0,25.0503
EPMV,25.9886,25.9886,25.9886,25.9886,8.0,25.795
REFA,22.1678,22.1678,22.1678,22.1678,1.0,22.135
QULL,62.277,62.277,62.277,62.277,151.0,62.4525
PCCE,13.3349,13.3349,13.3349,13.3349,86.5592,13.3027
TALV,26.927,26.927,26.927,26.927,5.0,26.962
SRHR,58.2886,58.2886,58.2886,58.2886,126.539,58.2791
ARKD,20.1397,20.1397,20.1397,20.1397,27.149,20.0714
JHDG,26.9075,26.9075,26.9075,26.9075,26.0,26.9175
APDB,25.46,25.46,25.46,25.46,0.0,
ECML,38.1227,38.1227,38.1227,38.1227,4.0,38.0945
JHID,42.9892,42.9892,42.9892,42.9892,64.7515,42.9293
GEOA,36.3768,36.3768,36.3768,36.3768,98.7049,36.3182
TACN,27.7604,27.7604,27.7604,27.7604,97.0,27.7978
STAX,25.42,25.42,25.42,25.42,11.9429,25.4232
EFFE,27.2578,27.2578,27.2578,27.2578,2.0,27.2562
ISWN,22.3338,22.3338,22.3338,22.3338,273.6012,22.4822
LSEQ,34.5889,34.5889,34.5889,34.5889,70.0,34.5522
GSPY,39.9086,39.9086,39.9086,39.9086,151.749239,39.944
USML,41.3495,41.3495,41.3495,41.3495,1.689,41.6508
MIDE,36.9692,36.9692,36.9692,36.9692,36.9742,36.8489
BCHI,40.32,40.32,40.32,40.32,72.593976,40.2063
VNSE,41.0453,41.0453,41.0453,41.0453,4.0,41.0125
MAPP,28.0555,28.0555,28.0555,28.0555,284.0,28.0154
XHYC,37.005,37.005,37.005,37.005,6.6843,37.0071
ZCBE,49.7445,49.7445,49.7445,49.7445,0.0,
BEDZ,34.0611,34.0611,34.0611,34.0611,15.489169,34.0958
GAID,24.6983,24.6983,24.6983,24.6983,0.0,
USE,32.4708,32.4708,32.4708,32.4708,22.9497,32.524
RCLY,100.94,100.94,100.94,100.94,700.0,100.9968
BTOP,30.6532,30.6532,30.6532,30.6532,59.3358,30.4781
EPSB,26.7805,26.7805,26.7805,26.7805,0.311,26.835
EXEQ,25.6514,25.6514,25.6514,25.6514,79.0,25.6201
PEMX,86.0101,86.0101,86.0101,86.0101,203.9286,85.769
GARA,27.8569,27.8569,27.8569,27.8569,0.0,
HBRD,24.75,24.75,24.75,24.75,0.0,
AAUM,21.7387,21.7387,21.7387,21.7387,6.0,21.6511
CPSJ,27.46,27.46,27.46,27.46,39.0,27.4653
PCLN,30.195,30.195,30.195,30.195,13.9964,30.1142
AZTD,32.715,32.715,32.715,32.715,5.0,32.5009
NRSH,31.5008,31.5008,31.5008,31.5008,116.9798,31.4487
SUPL,45.1301,45.1301,45.1301,45.1301,16.7414,45.1357
FLAG,27.162,27.162,27.162,27.162,55.8226,27.19
FCFY,27.1374,27.1374,27.1374,27.1374,2.0,27.1233
AGRH,26.2364,26.2364,26.2364,26.2364,13.766677,26.2308
FFIU,21.9398,21.9398,21.9398,21.9398,24.2988,21.8519
LCO,28.2217,28.2217,28.2217,28.2217,11.0,28.6095
CPSY,25.565,25.565,25.565,25.565,2.0,25.565
BUYO,31.3112,31.3112,31.3112,31.3112,42.0,31.2605
IRVH,19.83,19.83,19.83,19.83,12.9779,19.82
IWDL,58.3514,58.3514,58.3514,58.3514,1312.0,61.2349
WISD,101.105,101.105,101.105,101.105,15.9957,101.0841
EPEM,29.633,29.633,29.633,29.633,4.0,29.6456
NOEQ,28.1235,28.1235,28.1235,28.1235,0.0,
BTR,27.2496,27.2496,27.2496,27.2496,29.436,27.3673
PGRI,27.0232,27.0232,27.0232,27.0232,0.0,
VLLU,25.2005,25.2005,25.2005,25.2005,97.0,25.1782
IQSZ,31.0893,31.0893,31.0893,31.0893,3.091,31.0605
SMAP,26.421,26.421,26.421,26.421,4.0,26.4882
VUS,29.3634,29.3634,29.3634,29.3634,3.022,29.3068
ZSC,30.885,30.885,30.885,30.885,61.3704,30.7929
BNDD,98.0014,98.0014,98.0014,98.0014,5.509,97.968
FRIZ,25.7602,25.7602,25.7602,25.7602,23.0,25.7839
CGRO,24.3849,24.3849,24.3849,24.3849,25.5444,24.4542
PRAB,25.02,25.02,25.02,25.02,18.0,25.0165
APRZ,39.4025,39.4025,39.4025,39.4025,4.0,39.3533
SIFI,43.69,43.69,43.69,43.69,12.8791,43.6787
AUGT,37.43,37.43,37.43,37.43,186.0,37.3965
MDAA,119.3601,119.3601,119.3601,119.3601,0.0,
SHPP,33.5064,33.5064,33.5064,33.5064,54.2729,33.4644
JPSV,64.1355,64.1355,64.1355,64.1355,93.127262,63.9584
JHDV,45.0183,45.0183,45.0183,45.0183,33.0,44.986
MHIG,20.1017,20.1017,20.1017,20.1017,85.0,20.09
BBBL,47.8718,47.8718,47.8718,47.8718,3.0,47.8365
MUNC,102.5451,102.5451,102.5451,102.5451,2.0,102.58
KDVD,27.2968,27.2968,27.2968,27.2968,2.364979,27.2989
LTAX,25.085,25.085,25.085,25.085,2.0,25.1425
KDRN,23.32,23.32,23.32,23.32,3.0,23.2922
DLUX,50.32,50.32,50.32,50.32,11.0,50.3635
ODHY,10.005,10.005,10.005,10.005,2.0,10.0049
GGM,28.3855,28.3855,28.3855,28.3855,10.0,28.4534
OGSP,10.015,10.015,10.015,10.015,12.6745,10.0242
BFJA,19.3025,19.3025,19.3025,19.3025,0.0,
IBFR,49.3809,49.3809,49.3809,49.3809,105.0,49.325
BFAP,15.4751,15.4751,15.4751,15.4751,4.0,15.4248
PQNT,22.5362,22.5362,22.5362,22.5362,21.0,22.4972
JHAC,15.13,15.13,15.13,15.13,0.0,
JIDE,49.9348,49.9348,49.9348,49.9348,25.0,49.92
ZCBC,49.7362,49.7362,49.7362,49.7362,2.0,49.7362
BFLB,53.645,53.645,53.645,53.645,0.0,
SHUS,48.8399,48.8399,48.8399,48.8399,0.0,
SDCP,25.6647,25.6647,25.6647,25.6647,4.0,25.6325
ASGM,31.355,31.355,31.355,31.355,47.3594,31.3809
ZTAX,25.37,25.37,25.37,25.37,285.3268,25.6067
IDEC,33.926,33.926,33.926,33.926,87.0,33.9671
AAAC,20.045,20.045,20.045,20.045,4.0,20.0449
IGME,25.0854,25.0854,25.0854,25.0854,53.4386,24.9697
BEMB,53.485,53.485,53.485,53.485,94.9139,53.5032
QARP,64.5532,64.5532,64.5532,64.5532,236.0114,64.5926
SAWG,23.6169,23.6169,23.6169,23.6169,3.0,23.5763
AETH,33.4752,33.4752,33.4752,33.4752,518.305388,32.9376
XNAV,96.2619,96.2619,96.2619,96.2619,18.9517,95.8242
ZCBG,49.7313,49.7313,49.7313,49.7313,0.0,
KOKU,128.8396,128.8396,128.8396,128.8396,91.2947,128.7138
PHYD,51.0483,51.0483,51.0483,51.0483,85.416549,50.9532
RSJN,36.09,36.09,36.09,36.09,11.0,36.0714
PIFI,94.45,94.45,94.45,94.45,11.4154,94.4627
QVMS,32.4757,32.4757,32.4757,32.4757,12.9342,32.4857
RHTX,20.3639,20.3639,20.3639,20.3639,105.0,20.3352
ARCM,100.185,100.185,100.185,100.185,8.2509,100.1627
CPSF,26.0913,26.0913,26.0913,26.0913,3.0,26.09
SGRW,22.0975,22.0975,22.0975,22.0975,0.0,
SOLR,35.1266,35.1266,35.1266,35.1266,43.6616,35.1992
MUNB,100.785,100.785,100.785,100.785,0.0,
MLDR,48.93,48.93,48.93,48.93,41.9664,48.9366
RCLO,25.035,25.035,25.035,25.035,76.3574,25.0319
BBLB,81.443,81.443,81.443,81.443,18.712705,81.4829
ZCBA,49.6341,49.6341,49.6341,49.6341,2.0,49.65
GXUS,62.9611,62.9611,62.9611,62.9611,161.574082,62.8318
CCRP,19.815,19.815,19.815,19.815,1.0,19.8271
ARLI,26.0125,26.0125,26.0125,26.0125,0.0,
BILD,30.478,30.478,30.478,30.478,47.9448,30.4978
CPSO,27.64,27.64,27.64,27.64,8.0,27.6549
ARWG,24.6791,24.6791,24.6791,24.6791,51.0,24.5877
WSDB,25.04,25.04,25.04,25.04,0.0,
CLIX,59.4219,59.4219,59.4219,59.4219,176.8871,59.7286
VDI,35.1531,35.1531,35.1531,35.1531,13.0,35.0965
MUND,103.445,103.445,103.445,103.445,2.0,103.3558
VABS,24.22,24.22,24.22,24.22,109.5074,24.2113
MUNX,25.06,25.06,25.06,25.06,2.0,25.086
KPRO,27.5802,27.5802,27.5802,27.5802,5.5506,27.5535
OND,34.9555,34.9555,34.9555,34.9555,66.0,34.8455
GXLC,88.5682,88.5682,88.5682,88.5682,44.0,88.5489
GRN,29.7049,29.7049,29.7049,29.7049,126.0,29.689
BWEB,76.2283,76.2283,76.2283,76.2283,74.952,75.9862
GMEY,32.9773,32.9773,32.9773,32.9773,455.4179,32.8652
PBOT,29.2382,29.2382,29.2382,29.2382,51.9925,28.9242
TINS,29.0211,29.0211,29.0211,29.0211,0.0,
CSHP,99.4,99.4,99.4,99.4,103.0119,99.3992
SPXE,79.5238,79.5238,79.5238,79.5238,266.948735,79.4174
TIPD,100.9028,100.9028,100.9028,100.9028,22.0,100.8953
KPHO,24.693,24.693,24.693,24.693,17.0,24.7585
GUSA,63.6348,63.6348,63.6348,63.6348,137.022,63.479
BAY,26.8513,26.8513,26.8513,26.8513,1.0,26.65
LVLN,24.79,24.79,24.79,24.79,90.0,24.7704
BFJL,16.88,16.88,16.88,16.88,2.296,16.8771
CPSU,27.615,27.615,27.615,27.615,31.0,27.6165
CPNQ,27.2436,27.2436,27.2436,27.2436,1.0,27.21
INOV,36.2985,36.2985,36.2985,36.2985,62.5521,36.2482
ESBG,22.9503,22.9503,22.9503,22.9503,23.288646,22.9335
CARK,46.2648,46.2648,46.2648,46.2648,10.0,46.2682
ACSI,71.1742,71.1742,71.1742,71.1742,18.9508,71.0268
SAWS,23.76,23.76,23.76,23.76,10.6173,23.7126
EMOT,25.2405,25.2405,25.2405,25.2405,34.9761,25.314
EGLE,29.7279,29.7279,29.7279,29.7279,89.387,29.8049
GRPZ,30.1055,30.1055,30.1055,30.1055,8.4639,29.8764
TTOP,18.6916,18.6916,18.6916,18.6916,10.0,18.6221
RMNY,24.6047,24.6047,24.6047,24.6047,2.0,24.6123
ACSV,46.7183,46.7183,46.7183,46.7183,3.208,46.7566
FEIG,40.935,40.935,40.935,40.935,75.9523,40.9136
UCIB,36.165,36.165,36.165,36.165,28.0,34.8932
DEEP,40.7671,40.7671,40.7671,40.7671,258.548497,40.4393
NBTR,50.1746,50.1746,50.1746,50.1746,4.0,50.1648
USNZ,46.5674,46.5674,46.5674,46.5674,22.9216,46.4965
LJUL,23.94,23.94,23.94,23.94,46.0,23.9399
JADB,25.45,25.45,25.45,25.45,0.0,
SMQ,42.8532,42.8532,42.8532,42.8532,3.0,42.9867
MAGA,54.173,54.173,54.173,54.173,447.033715,54.3794
CTIF,51.6509,51.6509,51.6509,51.6509,60.4358,51.6732
SPYA,29.67,29.67,29.67,29.67,7.9627,29.5769
CBOX,100.265,100.265,100.265,100.265,5.0,100.2421
CBXL,20.655,20.655,20.655,20.655,4.0,20.6491
IMTG,49.505,49.505,49.505,49.505,0.0,
QBIF,25.665,25.665,25.665,25.665,0.0,
QMY,25.692,25.692,25.692,25.692,8.0,25.22
INTM,51.755,51.755,51.755,51.755,0.0,
SQLT,27.6293,27.6293,27.6293,27.6293,24.0,27.65
QIG,44.5821,44.5821,44.5821,44.5821,13.592,44.5772
SPCZ,25.8107,25.8107,25.8107,25.8107,2.0,25.7961
JUNZ,34.7494,34.7494,34.7494,34.7494,105.574,34.713
BOXA,105.635,105.635,105.635,105.635,8.009,105.6334
DIPR,27.157,27.157,27.157,27.157,25.0,26.6244
ODDZ,25.393,25.393,25.393,25.393,9.0,25.9117
PMSE,26.119,26.119,26.119,26.119,0.0,
KNOW,12.66,12.66,12.66,12.66,20.0,12.6257
WZRD,9.6502,9.6502,9.6502,9.6502,15.8105,9.643
IBMV,25.355,25.355,25.355,25.355,0.0,
BREW,26.1671,26.1671,26.1671,26.1671,18.0,26.2042
GLAM,25.6121,25.6121,25.6121,25.6121,0.0,
PTNT,25.7504,25.7504,25.7504,25.7504,1.0,25.09
PCS,50.11,50.11,50.11,50.11,94.0,50.1198
PCL,49.8617,49.8617,49.8617,49.8617,2.0,49.8493
USEW,53.6538,53.6538,53.6538,53.6538,14.568,53.4326
IDMY,24.9332,24.9332,24.9332,24.9332,1.0,24.96
NOVM,33.535,33.535,33.535,33.535,0.0,
PMNV,25.74,25.74,25.74,25.74,0.0,
BBIB,98.155,98.155,98.155,98.155,27.0,98.2038
NLSI,49.0807,49.0807,49.0807,49.0807,170.7849,48.608
QQMY,25.6059,25.6059,25.6059,25.6059,0.0,
TENJ,26.905,26.905,26.905,26.905,0.0,
JUDB,25.5327,25.5327,25.5327,25.5327,0.0,
JANJ,24.84,24.84,24.84,24.84,97.9335,24.8574
TRIO,63.8926,63.8926,63.8926,63.8926,72.0,63.87
PBAU,31.0105,31.0105,31.0105,31.0105,0.0,
ESG,169.5533,169.5533,169.5533,169.5533,160.169713,169.5641
CVAR,28.7161,28.7161,28.7161,28.7161,10.0,28.588
PLGI,25.0592,25.0592,25.0592,25.0592,26.0,25.0808
USLN,50.78,50.78,50.78,50.78,0.0,
PMOC,25.85,25.85,25.85,25.85,0.0,
BFXU,22.8368,22.8368,22.8368,22.8368,0.0,
PBMR,31.79,31.79,31.79,31.79,0.0,
LBO,26.1909,26.1909,26.1909,26.1909,512.106,26.0045
QBIV,26.3748,26.3748,26.3748,26.3748,0.0,
PBNV,30.6095,30.6095,30.6095,30.6095,0.0,
QBKV,26.955,26.955,26.955,26.955,0.0,
HULL,25.9503,25.9503,25.9503,25.9503,4.038,26.0823
FLDZ,30.1903,30.1903,30.1903,30.1903,4.8286,30.1036
LFAW,175.7052,175.7052,175.7052,175.7052,4.0,175.645
BFEW,20.65,20.65,20.65,20.65,0.0,
STYL,25.537,25.537,25.537,25.537,0.0,
LFBE,185.2414,185.2414,185.2414,185.2414,1.0,185.385
FDND,21.4739,21.4739,21.4739,21.4739,259.4804,21.451
MDEV,18.363,18.363,18.363,18.363,62.0,18.4249
PMAP,27.165,27.165,27.165,27.165,0.0,
GASZ,24.2673,24.2673,24.2673,24.2673,71.0,24.4646
DVVY,25.8352,25.8352,25.8352,25.8352,2.0,25.8462
PCI,50.2315,50.2315,50.2315,50.2315,24.084,50.2287
DLAG,32.6132,32.6132,32.6132,32.6132,72.024,32.5897
DGJA,31.24,31.24,31.24,31.24,0.0,
PBJA,31.955,31.955,31.955,31.955,0.0,
CBOO,24.4649,24.4649,24.4649,24.4649,7.2713,24.4442
TJUN,23.545,23.545,23.545,23.545,0.0,
WNDR,25.9206,25.9206,25.9206,25.9206,1.0,26.09
QBQF,25.79,25.79,25.79,25.79,0.0,
PSMD,33.9098,33.9098,33.9098,33.9098,5.0,33.93
NVDO,20.7953,20.7953,20.7953,20.7953,173.0,20.7948
SCOW,20.477,20.477,20.477,20.477,76.0,20.4669
IBMU,25.31,25.31,25.31,25.31,0.0,
PIEL,27.7411,27.7411,27.7411,27.7411,110.0,27.7296
KSEP,30.0696,30.0696,30.0696,30.0696,5.0,30.0
KYC,24.4446,24.4446,24.4446,24.4446,5.0,24.409
MNVR,32.2572,32.2572,32.2572,32.2572,33.0,32.31
MSOO,8.3619,8.3619,8.3619,8.3619,7.6779,8.2497
KONG,31.0003,31.0003,31.0003,31.0003,338.595,31.0297
EHCC,26.1183,26.1183,26.1183,26.1183,92.453,25.9442
CMAY,25.3504,25.3504,25.3504,25.3504,0.0,
BUYZ,34.6438,34.6438,34.6438,34.6438,103.5906,34.7341
MFEB,32.3057,32.3057,32.3057,32.3057,12.0,32.35
PMJL,26.44,26.44,26.44,26.44,0.0,
HBTC,20.8823,20.8823,20.8823,20.8823,6.293,20.851
PMJA,27.2871,27.2871,27.2871,27.2871,0.0,
XDAT,23.598,23.598,23.598,23.598,74.3131,23.6533
MAUG,32.18,32.18,32.18,32.18,16.0,32.22
EUDV,53.8302,53.8302,53.8302,53.8302,158.304559,53.6573
YUNG,25.5003,25.5003,25.5003,25.5003,0.0,
STLR,19.6898,19.6898,19.6898,19.6898,157.0,19.471
MSTQ,39.1104,39.1104,39.1104,39.1104,56.3449,38.9188
LFAI,150.9296,150.9296,150.9296,150.9296,4.1835,150.8661
COIO,8.3576,8.3576,8.3576,8.3576,6.0,8.124
PJBF,67.6063,67.6063,67.6063,67.6063,6.6841,67.6963
CBXO,22.245,22.245,22.245,22.245,2.0,22.2449
JUNT,37.815,37.815,37.815,37.815,53.0,37.815
CTEF,81.6385,81.6385,81.6385,81.6385,122.9176,81.7351
LIAM,238.3084,238.3084,238.3084,238.3084,2.0,238.475
QMNV,24.7949,24.7949,24.7949,24.7949,87.0,24.792
JULJ,24.995,24.995,24.995,24.995,49.6374,24.9712
FLXI,49.395,49.395,49.395,49.395,1.0,49.25
RB,46.4143,46.4143,46.4143,46.4143,33.0,46.3618
PMAU,26.37,26.37,26.37,26.37,0.0,
LFDR,185.3258,185.3258,185.3258,185.3258,11.9206,185.244
MMAY,32.3386,32.3386,32.3386,32.3386,0.0,
BJUN,48.735,48.735,48.735,48.735,196.0,48.6898
QFRD,26.7475,26.7475,26.7475,26.7475,31.0,26.4944
QCJL,24.8034,24.8034,24.8034,24.8034,127.0112,24.7947
MAYM,32.825,32.825,32.825,32.825,31.0,32.8
TAPR,26.33,26.33,26.33,26.33,0.0,
PSMJ,33.42,33.42,33.42,33.42,42.0,33.4118
ITOL,27.1742,27.1742,27.1742,27.1742,14.0,27.2305
NXTI,32.2942,32.2942,32.2942,32.2942,5.3883,32.2539
CBOL,23.625,23.625,23.625,23.625,4.0,23.6372
PJFM,67.3112,67.3112,67.3112,67.3112,2.0,67.2195
PMJN,26.651,26.651,26.651,26.651,0.0,
PBAP,30.745,30.745,30.745,30.745,0.0,
QBSF,26.775,26.775,26.775,26.775,178.0,26.7834
LIAE,209.8728,209.8728,209.8728,209.8728,1.0,210.045
PSFM,34.43,34.43,34.43,34.43,0.0,
VOXP,38.1102,38.1102,38.1102,38.1102,15.0,38.0733
BUFE,21.565,21.565,21.565,21.565,0.0,
LIBD,279.4152,279.4152,279.4152,279.4152,5.7395,279.3914
LFAO,164.6008,164.6008,164.6008,164.6008,24.0,164.5454
PMDE,25.65,25.65,25.65,25.65,0.0,
OCDB,25.46,25.46,25.46,25.46,0.0,
NYNY,25.3934,25.3934,25.3934,25.3934,0.0,
LIAU,263.3898,263.3898,263.3898,263.3898,1.0,263.76
HMAY,25.195,25.195,25.195,25.195,5.0,24.792
HEMI,41.6998,41.6998,41.6998,41.6998,8.0,41.706
TOAO,25.5961,25.5961,25.5961,25.5961,4.0,25.6
CBOA,24.62,24.62,24.62,24.62,8.376,24.6083
TEMX,36.7116,36.7116,36.7116,36.7116,2.053107,36.53
CBOY,24.415,24.415,24.415,24.415,4.0,24.4168
CTMA,25.2938,25.2938,25.2938,25.2938,1.0,25.34
BLCK,27.6776,27.6776,27.6776,27.6776,20.037,27.1003
VMAX,59.4426,59.4426,59.4426,59.4426,14.0,59.523
XEML,25.6493,25.6493,25.6493,25.6493,2.0,25.645
DOCK,25.744,25.744,25.744,25.744,4.0,25.99
EAOM,31.1242,31.1242,31.1242,31.1242,4.1906,31.082
DDTD,20.06,20.06,20.06,20.06,0.0,
QFHD,25.9515,25.9515,25.9515,25.9515,0.0,
ZJUN,27.36,27.36,27.36,27.36,100.0,27.35
CHNL,23.8609,23.8609,23.8609,23.8609,3.0,23.0412
DDTM,19.8316,19.8316,19.8316,19.8316,0.0,
GLBL,27.7193,27.7193,27.7193,27.7193,4.0,27.75
EUIG,49.895,49.895,49.895,49.895,2.0,49.9048
DLNV,32.49,32.49,32.49,32.49,0.0,
ORO,20.3427,20.3427,20.3427,20.3427,23.0,20.221
BZZ,24.8766,24.8766,24.8766,24.8766,27.04,24.8906
FEBZ,39.8966,39.8966,39.8966,39.8966,2.9877,39.8509
TMDV,49.3076,49.3076,49.3076,49.3076,61.7734,49.3266
GNMX,25.3398,25.3398,25.3398,25.3398,15.92,25.1815
PSCJ,31.28,31.28,31.28,31.28,0.0,
OCTH,24.145,24.145,24.145,24.145,68.0474,24.158
TSEP,25.925,25.925,25.925,25.925,98.0,25.91
LATR,24.4507,24.4507,24.4507,24.4507,1.0,24.5
QBKF,25.845,25.845,25.845,25.845,0.0,
LEAD,85.3395,85.3395,85.3395,85.3395,115.3221,85.541
IBMW,25.325,25.325,25.325,25.325,1.0,25.35
SPXD,27.7441,27.7441,27.7441,27.7441,176.5328,27.7167
HFSP,14.595,14.595,14.595,14.595,4.0,14.5189
DVXV,28.1252,28.1252,28.1252,28.1252,0.0,
BEEZ,32.8421,32.8421,32.8421,32.8421,210.0,32.9083
RCGE,29.1537,29.1537,29.1537,29.1537,1.1,29.2495
MYCK,24.89,24.89,24.89,24.89,96.0,24.8829
AMUN,26.03,26.03,26.03,26.03,4.934,26.0249
TFGZ,34.979,34.979,34.979,34.979,0.0,
ZTWO,50.51,50.51,50.51,50.51,9.3917,50.5087
MYHA,25.01,25.01,25.01,25.01,22.0,25.0081
CPHY,51.365,51.365,51.365,51.365,31.0,51.6429
KIQQ,25.875,25.875,25.875,25.875,40.353,25.851
WTMY,25.355,25.355,25.355,25.355,2.0,25.3539
DVXY,24.1041,24.1041,24.1041,24.1041,0.0,
ISHP,35.1207,35.1207,35.1207,35.1207,12.1355,35.1445
FGSI,19.917,19.917,19.917,19.917,53.3076,19.9436
DVRE,24.6652,24.6652,24.6652,24.6652,51.0,24.7986
NDAA,23.9192,23.9192,23.9192,23.9192,83.418,23.9014
LDEM,63.8592,63.8592,63.8592,63.8592,186.978,63.7708
CSCS,16.725,16.725,16.725,16.725,51.379,16.8068
YBST,15.6,15.6,15.6,15.6,629.795428,15.5425
NFRX,26.7122,26.7122,26.7122,26.7122,19.8905,26.7315
TXUG,26.4138,26.4138,26.4138,26.4138,5.823,26.3939
VEFA,77.5748,77.5748,77.5748,77.5748,0.0,
SJCP,25.215,25.215,25.215,25.215,14.0,25.2388
DVSP,28.6661,28.6661,28.6661,28.6661,0.0,
XCNY,33.0347,33.0347,33.0347,33.0347,11.748,33.0865
FDRX,21.5953,21.5953,21.5953,21.5953,36.0,21.54
FIYY,25.025,25.025,25.025,25.025,87.357,25.0445
PQJL,30.825,30.825,30.825,30.825,5.0,30.78
FDIQ,70.57,70.57,70.57,70.57,173.528086,70.4012
EYEG,35.37,35.37,35.37,35.37,14.7053,35.3711
MYMH,24.53,24.53,24.53,24.53,19.0,24.5314
CLOD,30.3658,30.3658,30.3658,30.3658,183.5803,30.0421
MYMK,24.985,24.985,24.985,24.985,42.0,24.99
UNIY,48.615,48.615,48.615,48.615,56.140083,48.6088
WABF,25.12,25.12,25.12,25.12,118.3459,25.1165
PSCD,108.3646,108.3646,108.3646,108.3646,256.6211,107.9673
MEMA,32.2655,32.2655,32.2655,32.2655,56.0,32.3145
IVSX,24.7749,24.7749,24.7749,24.7749,58.0,24.77
LCDS,70.2063,70.2063,70.2063,70.2063,2.0,70.1004
MULT,25.2,25.2,25.2,25.2,3.0,25.1917
DVUT,26.95,26.95,26.95,26.95,75.0,26.99
MYCL,24.765,24.765,24.765,24.765,3.0,24.7714
MYMF,24.83,24.83,24.83,24.83,3.0,24.8297
DAK,28.842,28.842,28.842,28.842,0.0,
CHRI,87.7925,87.7925,87.7925,87.7925,63.6484,87.7377
NUSB,25.22,25.22,25.22,25.22,110.0745,25.2285
MYMG,24.7,24.7,24.7,24.7,6.0,24.7019
DVXC,27.4132,27.4132,27.4132,27.4132,0.0,
ABI,24.81,24.81,24.81,24.81,9.0,24.8033
DVXP,25.4703,25.4703,25.4703,25.4703,15.0,25.6487
PQAP,31.755,31.755,31.755,31.755,93.0,31.74
EEE,21.1075,21.1075,21.1075,21.1075,4.0,21.08
GTOQ,22.435,22.435,22.435,22.435,240.879,22.4217
PABU,76.0176,76.0176,76.0176,76.0176,404.970744,75.9342
QB,46.3,46.3,46.3,46.3,35.0,46.1543
EKG,16.4292,16.4292,16.4292,16.4292,18.0,16.3478
USIN,49.965,49.965,49.965,49.965,89.0,49.9761
FSGS,31.043,31.043,31.043,31.043,117.7892,31.0174
WRND,42.345,42.345,42.345,42.345,104.6002,42.1891
TPLS,25.23,25.23,25.23,25.23,4.9395,25.2259
DINE,25.1478,25.1478,25.1478,25.1478,57.278,25.0908
ARVR,55.23,55.23,55.23,55.23,31.459,54.9499
INDQ,27.3757,27.3757,27.3757,27.3757,12.3769,27.4046
UCRD,21.555,21.555,21.555,21.555,8.0,21.5488
MKAM,31.6763,31.6763,31.6763,31.6763,5.8795,31.6468
MYMI,24.655,24.655,24.655,24.655,40.0,24.66
TRUF,26.7505,26.7505,26.7505,26.7505,4.0,26.76
SCLS,25.0079,25.0079,25.0079,25.0079,1.0,25.85
USCL,82.8325,82.8325,82.8325,82.8325,17.3758,82.757
RNEM,56.8888,56.8888,56.8888,56.8888,64.0,56.8474
ESMV,29.2131,29.2131,29.2131,29.2131,65.2846,29.2372
USRD,36.2339,36.2339,36.2339,36.2339,8.4232,36.1421
CMBO,102.1,102.1,102.1,102.1,2.0,102.105
MYMJ,24.795,24.795,24.795,24.795,50.0,24.806
STNC,36.0882,36.0882,36.0882,36.0882,52.8435,35.8816
MYHB,25.0251,25.0251,25.0251,25.0251,847.0,25.0385
SJLD,25.485,25.485,25.485,25.485,162.0,25.5115
FPXE,34.8557,34.8557,34.8557,34.8557,108.7991,34.8298
SCDS,71.4881,71.4881,71.4881,71.4881,5.0478,71.4137
PEZ,98.735,98.735,98.735,98.735,71.668331,98.9564
GEW,54.1599,54.1599,54.1599,54.1599,19.75757,54.0471
HWSM,29.0736,29.0736,29.0736,29.0736,5.012,28.9103
GFGF,35.2241,35.2241,35.2241,35.2241,5.9644,35.2151
ETEC,30.12,30.12,30.12,30.12,182.019896,30.0332
QSML,31.1665,31.1665,31.1665,31.1665,11.9176,31.1186
QHDG,30.005,30.005,30.005,30.005,6.0,30.0066
DVXF,23.0242,23.0242,23.0242,23.0242,103.0,23.0693
ENHU,27.3406,27.3406,27.3406,27.3406,76.0,27.3386
REAI,21.7646,21.7646,21.7646,21.7646,11.9012,21.7361
AFSC,36.1332,36.1332,36.1332,36.1332,7.9804,35.9359
MYHC,25.0849,25.0849,25.0849,25.0849,0.0,
ZTEN,50.745,50.745,50.745,50.745,28.980296,50.7439
USVN,48.0026,48.0026,48.0026,48.0026,151.9918,48.0251
ZTOP,52.035,52.035,52.035,52.035,4.0,52.0116
PEPS,31.19,31.19,31.19,31.19,71.0,31.0403
USFI,24.515,24.515,24.515,24.515,3.0,24.5193
MTEST,25.0662,25.0662,25.0662,25.0662,85400.0,25.0746
NTEST,25.04,25.04,25.04,25.04,12601.0,25.0282
MTEST.A,25.0717,25.0717,25.0717,25.0717,91350.0,25.0759
NTEST.H,25.05,25.05,25.05,25.05,1960.0,25.041
NTEST.I,25.025,25.04,25.04,25.025,2200.0,25.0284
ZEXIT,10.0,10.0,10.0,10.0,2000.0,10.0
ZIEXT,1.0,1.0,1.0,1.0,1000.0,1.0
ZTEST,7616.1492,7616.1492,7616.1492,7616.1492,0.0,
ZVZZT,14.95,15.01,15.535,14.095,163330.0,14.2583
ZBZX,25.0723,25.0723,25.0723,25.0723,0.0,
ZXIET,100.0,100.0,100.0,100.0,2000.0,100.0
ZTST,12345.0,12345.0,12345.0,12345.0,0.0,
