Ticker,Price,Open,High,Low,Volume,VWAP
AMPX,17.52,18.78,19.05,17.3801,8956373.457637,17.8778
SRVR,34.72,34.91,34.91,34.39,72083.423328,34.6845
LBGJ,0.8086,0.7857,0.8266,0.78,32192.96,0.8104
UBCP,15.57,15.52,15.765,15.52,2855.9287,15.6058
KHYB,24.21,24.17,24.2199,24.14,4939.0706,24.1704
STEP,54.6,55.44,55.74,53.87,676290.589725,54.6859
AMD,445.5,457.035,459.5,432.65,30423354.005811,445.7989
DYN,18.44,18.435,18.685,18.19,979944.384138,18.4695
MS,193.83,190.71,194.95,189.6,4463681.371651,193.3627
ERC,9.05,9.07,9.07,9.0001,47261.3623,9.0375
TARK,46.0383,46.0,46.3921,44.65,6644.822834,46.0548
TITN,19.77,20.37,20.46,19.71,202474.645429,19.9892
ENTA,14.03,14.37,14.91,14.02,159216.52568,14.2205
GJUL,42.9898,43.01,43.01,42.8801,52966.196,42.9414
KRYS,312.58,309.53,317.21,302.87,320109.335568,311.6994
DTIL,8.34,8.09,8.59,7.9251,357398.114063,8.3324
PSApL,18.18,18.29,18.29,18.18,18796.8195,18.2195
BVC,9.3,9.11,9.4,8.54,1120.661145,9.3218
JAKK,21.51,21.71,21.9399,21.23,50231.373068,21.5011
OZEM,31.8159,31.7,31.86,31.552,18937.293734,31.7587
FLHY,24.25,24.22,24.26,24.21,174840.436619,24.2376
DSCO,24.815,24.87,24.87,24.671,48749.7054,24.7657
KRT,27.23,27.02,27.35,26.79,97923.437801,27.0516
SHC,15.48,15.67,15.85,15.28,11760886.277068,15.5205
OILD,42.27,42.2,43.49,41.88,52649.099819,42.8045
FTCA,7.33,7.32,7.34,7.32,117355.46732,7.3265
IRDM,43.09,42.17,43.72,41.08,1549733.976804,42.9924
MIND,6.81,6.98,7.01,6.76,98943.517298,6.8486
DOJE,10.55,10.43,10.69,10.28,30491.981682,10.4073
PMCB,0.812,0.7688,0.85,0.740501,479299.846027,0.8195
SUPN,51.36,50.02,51.5,50.02,432254.589061,51.087
SCUS,25.17,25.16,25.17,25.15,126619.6085,25.1568
RPAY,3.31,3.32,3.37,3.24,865867.406308,3.3022
KLAC,184.971,183.594,186.499,179.4895,9380848.40235,184.0851
RDIV,56.13,56.09,56.2631,55.83,19437.007548,56.0755
NUHY,21.3138,21.29,21.32,21.285,7834.0575,21.3014
GDMN,104.54,104.29,105.3451,103.5,23635.936623,104.6964
SMMV,44.28,44.37,44.37,44.01,9508.9471,44.1876
AMAU,14.598,14.82,14.82,13.63,109785.176,14.6378
PRFZ,50.4257,50.58,50.58,50.14,110795.201019,50.4053
NTSX,58.66,58.21,58.669,58.07,31766.861394,58.3792
PIT,77.32,78.27,78.4,77.23,36088.833986,77.7405
CMP,30.21,29.17,30.69,28.04,1405711.803332,29.842
VIXM,16.0,15.81,16.01,15.78,359652.783526,15.8997
BUFZ,27.63,27.57,27.66,27.5601,278126.5,27.6269
VCRM,75.5,75.63,75.635,75.5,169487.1905,75.5399
POOL,175.37,182.41,183.68,175.0101,1112111.484844,176.6828
CBXJ,21.7079,21.74,21.76,21.6201,4222.0,21.7069
VNDA,6.43,6.46,6.52,6.36,1121628.476265,6.4551
CETX,7.55,7.816,7.973,7.55,26529.779533,7.741
EDV,62.59,62.8,62.93,62.42,1513872.061777,62.5662
IBTI,22.155,22.16,22.16,22.14,219455.16478,22.1532
PSIL,20.58,20.0,20.5999,19.77,37968.008804,20.4317
XLG,63.48,62.81,63.635,62.69,755252.371928,63.3035
YBTC,22.67,22.8,22.8,22.405,55801.360038,22.6325
CBFV,35.14,34.85,35.14,34.85,2405.1878,35.3022
CMS,72.81,72.85,72.99,72.235,2085589.582518,72.6774
SDIV,25.45,25.62,25.6266,25.42,403259.960501,25.5343
AMPH,18.32,17.5,18.565,17.43,971189.516083,18.2169
WAFD,34.59,35.41,38.59,34.54,635187.269578,34.6979
SOFI,15.31,15.71,15.71,15.215,59964468.968002,15.4181
BNDI,46.9422,46.93,46.96,46.8601,35401.291441,46.9169
AMLX,14.58,14.37,14.8,14.24,1058540.773139,14.6253
JMEE,72.72,73.05,73.05,72.455,137042.28277,72.7372
MSTI,20.3451,20.35,20.36,20.33,51152.54175,20.3307
EZET,17.1,17.26,17.3,16.95,45076.097575,17.0878
KRBN,31.68,31.56,31.84,31.36,4309.869508,31.6235
TNON,0.72,0.7944,0.81,0.7184,220988.499,0.7591
NAIL,34.31,35.5,35.69,33.26,2557355.694533,34.2639
XHE,77.88,78.17,78.59,77.55,17415.468751,78.2203
CRSH,20.6388,21.0,21.3,20.32,20374.423728,20.5696
SNXX,20.8,22.5913,22.6608,19.5913,68756086.917696,21.1668
IHE,89.84,88.26,89.93,88.26,40221.554887,89.4263
RELL,16.34,15.13,16.39,15.13,359317.889372,16.0244
FCO,2.58,2.57,2.61,2.57,120246.604252,2.5825
BALT,34.01,34.07,34.07,34.01,202826.6341,34.0542
TU,12.37,12.55,12.59,12.34,5478545.738706,12.399
PATK,95.5,94.33,95.85,93.33,442832.686718,94.9126
HLX,10.14,9.92,10.155,9.81,1669295.899661,10.0395
FSMD,49.34,49.71,49.71,49.12,102690.45931,49.3365
FGD,33.58,33.38,33.59,33.36,124932.19392,33.48
FHTX,4.17,4.22,4.3433,4.13,113245.356526,4.1819
KOP,42.69,43.77,44.67,42.3,294096.904487,42.824
ABM,38.77,38.96,39.165,38.11,467761.783521,38.532
PARR,60.52,64.08,64.08,59.21,1144699.531576,60.5222
EDU,52.42,52.1,53.575,51.96,899849.904942,52.8486
MGLD,1.09,1.05,1.13,1.05,30218.462905,1.1015
CGBD,11.12,11.25,11.305,11.1,504668.727903,11.1713
NIKL,17.2122,17.4,17.4,17.08,206246.381695,17.2043
IVOG,139.31,139.52,139.52,137.8877,16988.889219,138.8037
WOOD,67.256,67.51,67.7795,67.25,12861.335958,67.5075
AMZY,12.48,12.37,12.535,12.24,443044.23428,12.4153
EWW,80.27,80.01,80.99,79.81,1292899.306552,80.4177
FFDI,31.99,31.61,31.99,31.61,2975.7728,31.8677
TSME,46.9152,47.27,47.27,46.6,25472.7214,46.8974
NRIM,23.41,23.39,23.67,23.33,114743.192486,23.4395
IEO,116.35,116.73,116.85,114.89,66887.609775,115.7689
RDTE,29.2,29.16,29.23,28.9471,78880.750484,29.108
FTMS,9.89,9.91,9.91,9.89,202050.895392,9.8921
SHIM,4.64,4.75,4.82,4.49,145463.436564,4.6288
FLEX,143.8,143.69,147.34,141.1,6858443.839707,144.6847
IBDY,25.75,25.72,25.75,25.69,2214873.0113,25.7073
PRTA,9.6,9.33,9.73,9.28,530784.245799,9.553
BTCZ,3.85,3.81,3.94,3.805,8248706.046253,3.8743
ASA,69.92,70.83,71.16,68.51,113525.346145,70.1302
LRMR,4.1,4.09,4.1647,4.025,822744.173261,4.085
FDEV,36.6119,36.64,36.72,36.515,16223.3603,36.6132
LCTD,58.1925,58.05,58.2896,57.96,5154.223,58.1357
VTG,75.01,75.0,75.0551,74.93,23500.65492,74.9969
COZX,20.97,20.06,21.32,19.45,82661.2743,20.0942
SNDQ,8.84,8.05,9.34,8.045,30776833.398737,8.7022
LOVE,15.145,15.75,15.75,15.09,107325.170729,15.2565
UNIT,11.3,11.14,11.78,11.13,3140929.506284,11.405
ONLN,57.59,56.63,57.75,56.35,7329.114593,57.3987
GOGO,4.15,4.13,4.255,4.1,1090195.680194,4.1758
HIYY,14.26,14.68,14.68,13.95,81889.387424,14.3584
NHI,74.99,74.45,75.14,73.76,675937.097727,74.4178
WTV,99.15,99.35,99.3581,98.835,230571.137783,99.1341
LRCX,295.44,295.27,298.98,287.18,8633086.2683,294.7738
ILCG,115.8,115.06,116.17,114.06,55815.094957,115.558
PGF,14.01,14.04,14.04,14.0,104857.2686,14.0135
RPID,2.48,2.59,2.63,2.4738,135339.390848,2.5245
MU,803.63,813.155,814.95,779.47,54875148.931985,800.2631
NVMI,503.65,499.12,507.27,479.78,475874.227607,499.1788
EW,81.39,79.55,81.73,78.291,5338816.569943,81.1158
EQPT,25.95,24.7,26.4555,24.55,4407173.937878,25.846
DBEU,50.9254,50.47,50.97,50.38,23132.085294,50.7855
IQDF,34.6,34.4,34.6799,34.4,40091.726543,34.5936
IGE,61.92,61.895,62.07,61.55,92766.193262,61.802
GAUG,40.9,40.86,40.92,40.8113,66728.0,40.9161
NTCT,39.4,38.41,39.48,37.6766,556155.113731,39.117
IONR,4.72,4.42,4.74,4.42,117092.293339,4.6382
TUR,42.37,42.28,42.48,42.07,212732.999727,42.3143
CGXU,33.55,33.21,33.585,33.16,876492.76074,33.4472
CTM,0.6705,0.6763,0.6798,0.6603,910777.483518,0.6723
VSDM,76.25,76.27,76.3,76.23,97780.6322,76.2724
FSMB,19.98,19.99,19.99,19.96,69743.6826,19.9775
SO,93.14,92.84,93.18,92.14,4944375.363188,92.9197
OM,3.89,3.8,4.07,3.7405,160601.731123,3.94
ITDJ,32.2645,31.97,32.29,31.97,2280.9146,32.2329
EMAT,9.34,9.89,10.18,9.14,91455.737896,9.6712
ACON,3.28,3.17,3.34,3.1223,51213.686302,3.2628
ERX,90.02,89.32,90.13,87.87,219599.639875,88.9422
THFF,65.86,66.05,66.37,65.455,71289.311925,65.8921
TDIC,576.25,74.625,750.0,73.0,4370298.93463,208.395
PLNT,50.59,49.1,50.66,48.02,3523310.321011,50.0434
ULCC,4.72,4.73,4.84,4.61,4132817.217321,4.7115
EGY,6.06,6.09,6.15,6.01,1109415.822527,6.0679
MSFX,17.81,17.71,17.9,17.47,208605.858622,17.716
SOUN,8.42,7.92,8.6,7.87,28111620.175868,8.312
GSOL,6.8,6.96,6.98,6.74,2677041.384079,6.8077
DBB,26.26,26.34,26.485,26.16,855620.761919,26.3409
PW,5.72,6.29,6.29,5.72,6574.2,5.942
FSIG,18.96,18.94,18.96,18.93,260989.4431,18.9426
LULG,7.23,7.74,7.74,7.229,166033.909319,7.3689
XYZ,69.78,71.2,71.39,68.69,6467709.84724,70.3208
EPV,19.3842,19.62,19.7529,19.38,26184.31906,19.5234
BTBT,2.03,2.0,2.05,1.93,27452408.526981,2.0088
CWEN,38.05,37.85,38.49,37.03,1058717.699364,38.0755
JBHT,237.8,236.98,239.78,236.185,915379.652458,237.5256
GOOW,82.5684,78.52,82.5684,78.17,40689.519016,81.0414
DIHP,34.23,34.02,34.2499,33.96,562658.954464,34.1595
ILIT,22.155,22.31,22.31,21.89,18760.999257,22.1503
CEW,19.437,19.39,19.469,19.39,8170.17279,19.4331
ELTX,11.3,10.43,11.41,10.41,220354.966193,10.9882
VOX,197.21,193.77,197.59,193.5,202389.02421,196.9363
OMFL,67.46,67.15,67.58,67.03,105002.510028,67.3515
SMCL,20.044,21.22,21.22,19.8133,265482.065628,20.5507
FLRG,40.6342,40.36,40.68,40.36,13379.3094,40.4968
DFAR,25.8,25.87,25.8901,25.69,3268840.168471,25.7994
GBUG,48.64,49.03,49.03,47.73,34000.050885,48.5117
AFMC,39.0619,39.37,39.37,38.912,12737.261587,39.1109
SHM,47.75,47.75,47.7693,47.71,108844.896378,47.7314
SPYX,60.75,60.42,60.86,60.2022,71153.804855,60.7122
CYN,1.71,1.7,1.79,1.67,585188.64488,1.723
QDTE,31.54,31.44,31.555,31.25,375021.284203,31.4744
KORU,893.85,878.41,901.56,830.0063,700353.729616,876.8853
PSCF,60.5275,61.14,61.14,60.52,355.6932,60.7654
YINN,38.86,35.62,39.14,35.56,6395756.454452,38.2093
RCG,2.735,2.76,2.76,2.72,2970.9767,2.7417
DEW,68.1598,67.95,68.1598,67.95,1750.277919,68.0664
AGIO,28.77,28.21,28.87,28.08,747397.740978,28.6395
BATL,2.52,2.705,2.71,2.48,3780039.584574,2.5371
LRNZ,50.7961,50.1,50.7961,50.0,787.3073,50.3474
DJIA,21.6661,21.73,21.73,21.62,63320.34072,21.6703
ACWV,120.77,120.37,120.85,120.22,57075.651478,120.6106
SNOY,7.37,7.31,7.4299,7.15,59443.47511,7.3393
SNOU,16.65,16.35,17.2399,15.3926,140410.238572,16.3821
INN,5.33,5.28,5.395,5.28,493526.718581,5.3333
SNDR,29.17,29.02,29.39,28.84,586178.931961,29.1472
SURG,0.5982,0.521,0.6,0.521,75082.740656,0.5724
SMYY,8.5568,8.64,8.66,8.535,36776.9102,8.5721
CAEP,11.98,12.2,12.49,11.98,1904.947768,12.266
TURB,1.2,1.29,1.29,1.19,247122.372632,1.2239
VSNT,40.44,40.34,41.21,39.99,2346119.0276,40.6461
XAGG,50.1,50.1,50.13,49.985,240167.6322,50.0607
CNTN,3.51,3.28,3.54,3.26,641247.390802,3.4521
JPEM,65.493,65.32,65.82,65.32,46571.899014,65.6185
CCD,25.045,24.93,25.165,24.6514,80695.125714,25.0112
VFC,17.13,17.42,17.635,17.105,6512327.041624,17.1964
URA,53.31,54.06,54.2,52.49,3610229.837333,53.366
UA,4.99,4.81,5.12,4.7301,4434912.30733,4.9632
CRK,14.55,14.67,14.8,14.159,3288933.533693,14.433
SE,93.52,98.57,99.973,92.8935,10087121.453671,94.6934
CNAV,41.36,42.01,42.01,40.71,7957.7186,41.1885
ZTG,2.56,2.71,2.81,2.33,2203.0,2.6934
B,44.87,45.85,45.9,44.52,14896415.63049,44.9634
PL,40.74,42.18,42.2,38.85,8683931.790216,40.4124
QQQM,294.16,292.33,295.05,290.2,4316023.080825,293.1338
HYGH,86.42,86.2,86.5399,86.2,34628.653791,86.3838
TSLW,27.41,26.77,28.01,26.33,386686.578445,27.5446
OKUR,3.4,3.42,3.4611,3.22,185483.467738,3.3484
WMB,75.71,75.27,76.08,74.27,6219088.929698,75.4489
AIBD,5.685,5.67,5.88,5.57,72284.2328,5.7371
MSTR,178.03,182.03,182.48,175.57,12480652.086106,179.1334
SCHO,24.15,24.16,24.18,24.14,2540404.542926,24.1559
RBLX,41.96,41.12,42.24,40.15,10781331.645652,41.6344
PAHC,35.26,36.67,37.1,35.1975,426571.479793,35.7447
MNSB,22.44,22.75,22.93,22.4,23944.849965,22.5804
JETS,26.13,26.09,26.25,25.89,2744503.586281,26.1221
SMIN,66.64,66.08,66.915,65.8601,76308.183246,66.5691
LNSR,5.77,5.81,5.9499,5.6375,67149.752538,5.8365
JSTC,21.7404,21.79,21.8099,21.66,11576.5883,21.706
EWM,30.21,30.24,30.25,30.07,147111.492718,30.1764
LQDW,23.875,23.9,23.9,23.84,62650.811724,23.868
MRK,113.45,112.25,114.065,112.04,8110464.990448,113.3646
JILL,11.91,11.81,12.3084,11.51,46463.407888,11.8321
EPP,55.85,55.53,55.96,55.44,304873.0341,55.784
WIMI,1.54,1.51,1.5644,1.46,218108.479714,1.5212
CWB,106.04,105.64,106.45,104.35,1384667.332321,106.0414
DOG,22.88,22.91,22.9899,22.8597,1118860.990473,22.9166
WTS,300.0,299.95,302.81,296.81,465440.690716,299.6879
RODM,41.41,41.2,41.43,41.0,92389.301684,41.2875
DGRW,95.67,95.14,95.795694,95.035,624494.891837,95.5432
MLKN,14.72,15.2,15.23,14.5,703412.229353,14.6947
FYEE,29.31,29.25,29.31,29.135,53179.5488,29.26
RLGT,8.37,8.57,8.63,8.27,222466.708983,8.4324
ACET,8.07,7.87,8.16,7.6,45717.604865,7.9741
RWR,110.21,110.28,110.59,109.76,411567.13423,110.1841
PLG,1.88,1.83,1.93,1.77,1564441.211356,1.8708
NABL,3.53,3.945,4.11,3.515,2072979.901206,3.598
FLTB,50.28,50.24,50.28,50.21,26215.155993,50.2596
VFLO,42.74,42.94,42.94,42.48,585378.553874,42.6737
LGN,100.0,98.21,102.505,95.1101,1820117.941251,99.9562
KCOP,26.08,25.98,26.29,25.7898,28340.337207,26.0473
ECL,249.62,250.79,252.97,248.6,1757363.343964,249.7586
PTLC,57.79,57.51,57.89,57.31,101168.781192,57.6568
PTH,52.5505,51.98,52.6,51.55,5103.823012,51.9504
IAK,130.1,130.65,131.89,129.58,27733.101495,130.426
FTOH,8.375,8.4,8.4,8.3733,33255.893,8.3801
BRK.B,485.52,482.47,487.1399,480.8064,4432514.3803,484.6799
BTG,5.36,5.3,5.4286,5.26,20971931.514692,5.367
NRDS,7.79,8.33,8.3525,7.75,1708329.50287,7.8927
GLO,6.03,6.01,6.03,5.98,187213.790111,6.0057
ASG,5.23,5.25,5.26,5.2,245475.1905,5.2328
FEP,59.36,58.66,59.36,58.66,18228.436473,59.1077
UFPT,219.23,217.73,222.06,214.0,196959.168753,219.4372
TRX,1.26,1.29,1.3,1.24,2161631.017272,1.274
UPST,26.99,27.5,27.51,26.22,4900750.035879,26.7934
PRK,166.68,169.16,169.16,166.0,61424.29689,166.9559
NURE,30.0446,30.2,30.2,30.0446,1631.0614,30.1525
FXF,112.83,112.72,112.8495,112.675,61493.419866,112.7021
DIPS,38.0882,38.5,38.5,37.82,4779.150055,38.0275
AVGW,48.28,48.37,48.543,47.03,23384.223651,47.9958
DSWL,3.44,3.4,3.44,3.37,3961.177739,3.4239
OSCR,23.62,22.93,24.28,22.805,11095687.071998,23.7511
CURE,90.16,88.0,90.5985,87.3152,79872.512249,89.0493
MDAI,2.04,2.05,2.095,1.82,1053865.683978,1.976
AIS,70.94,70.56,71.319,69.01,638746.473936,70.4219
GNOV,41.363,41.35,41.37,41.25,45348.56,41.3448
LCUT,7.0,6.89,7.05,6.61,57879.045154,6.9076
VRT,369.99,375.7,377.77,360.91,4460997.484053,370.3456
IDXX,528.68,531.805,533.39,523.375,600867.025775,528.3418
MJ,26.23,26.19,26.64,25.8906,21579.290664,26.3714
RAAX,42.41,42.75,42.75,42.32,156543.249826,42.4999
MRVU,102.26,92.53,106.73,92.53,804198.387506,102.0575
TDAX,25.6,25.58,25.7,25.185,16134.336,25.4732
PPTA,31.77,30.885,32.39,30.38,1156923.154944,31.6548
KLC,4.11,4.2,4.2,4.005,798743.679556,4.127
SY,2.9,3.01,3.04,2.87,448023.524776,2.9409
CDT,2.12,1.96,2.1896,1.775,67720.169646,1.997
RIOX,53.66,52.76,55.18,50.07,202608.485072,52.9971
ARLO,12.64,12.7382,13.16,12.61,1400391.87942,12.6932
FRMM,4.46,4.45,4.71,4.345,203285.686296,4.5213
RAVI,75.2742,75.3,75.3,75.25,19290.14029,75.2738
FLJP,39.86,39.69,39.925,39.64,1450135.139049,39.8398
IVEP,28.6938,29.1,29.1,28.23,28332.087394,28.6557
STKS,1.89,2.1,2.1065,1.885,28097.059939,1.9624
CPAY,331.25,334.88,336.15,324.08,557513.375615,329.6424
DIVI,42.93,42.62,42.97,42.55,120069.433826,42.8388
DDDD,31.7935,31.59,31.7935,31.59,1974.0839,31.6406
VTIP,50.46,50.48,50.48,50.44,1819007.9726,50.4568
ALLY,41.71,42.65,42.65,41.61,2823502.42106,41.8625
STXX,46.97,48.68,48.68,44.433,98649.076671,46.7402
SVAL,38.91,39.04,39.04,38.75,20661.1865,38.8866
CALX,40.4,41.8,41.8,40.285,1117803.551458,40.7415
NFLW,21.7697,21.51,21.93,21.4349,17376.020464,21.5986
PSFF,33.9483,33.91,33.95,33.8017,32970.5388,33.9113
FAS,128.47,130.25,130.95,128.11,511133.08546,129.1052
RWAYI,25.0299,25.0,25.04,24.9,35981.0,24.9718
IHF,51.77,51.21,51.84,51.05,277452.797326,51.5881
XSHQ,44.75,45.07,45.07,44.59,29370.785291,44.722
MNVT,28.2273,28.76,28.76,27.52,50145.732611,28.1189
DDC,1.3,1.37,1.393,1.26,123018.729383,1.3122
MMIT,24.25,24.3,24.3,24.23,169324.4687,24.2489
OBE,13.01,13.23,13.335,12.8201,380716.910297,13.005
AI,8.65,8.7,8.845,8.51,4254038.639336,8.7002
INTS,4.77,4.92,4.92,4.735,24478.08,4.7963
ROLR,6.36,7.19,7.4,6.26,376837.420227,6.5602
LYB,73.74,75.03,75.25,73.59,4133983.648951,74.0962
RYDE,1.02,0.9,1.04,0.85,260719.228021,0.9285
BSCY,20.74,20.71,20.74,20.68,101786.886205,20.7137
ERNAW,0.1799,0.2278,0.2278,0.141,106604.077709,0.1829
TBH,5.12,4.656,5.28,4.6084,40612.38867,5.0368
SIEB,1.75,1.76,1.78,1.75,8461.309,1.7606
SQQQ,41.99,42.83,43.765,41.6,61590075.909524,42.5573
TSPA,47.07,46.8,47.1693,46.66,322247.153513,46.9975
LKFT,28.14,27.32,28.32,27.18,378585.56829,28.1393
FBTC,69.3,69.76,69.8,68.51,3147925.702622,69.14
SAN,11.94,11.78,12.01,11.765,6670722.319087,11.9349
MGY,28.59,28.64,28.68,28.05,2570758.820158,28.4162
XSHD,13.41,13.5,13.5,13.342,37409.84876,13.3995
FTMU,7.84,7.82,7.84,7.8,55410.7714,7.8303
RJDI,29.068,28.75,29.12,28.75,33935.0,29.0041
ATS,32.92,33.35,33.645,32.92,133058.163704,33.131
BOOM,7.38,7.4,7.49,7.25,188431.669738,7.3435
ELV,399.64,396.0,401.13,386.2,3159998.848475,398.2164
EQIN,49.7222,50.09,50.09,49.6302,18757.255744,49.7315
PMI,0.1581,0.1792,0.1801,0.1553,2502029.883387,0.1676
HOVRW,0.4876,0.495,0.495,0.4101,101095.0,0.461
HII,334.22,332.58,334.96,324.33,476987.078709,332.1461
HIBS,26.22,25.76,27.06,25.76,77267.31983,26.4266
ZENA,2.02,2.0,2.04,1.945,1265625.641236,2.0127
INTR,6.14,6.36,6.39,6.05,10890382.356702,6.2482
XLC,116.76,115.522,117.03,115.35,4061541.334851,116.3998
TSLS,49.68,50.61,51.43,48.71,942607.939678,49.5466
URG,1.87,1.988,1.99,1.86,10493774.629742,1.9219
PZG,1.55,1.52,1.565,1.48,272070.57052,1.5396
DDWM,46.34,45.93,46.38,45.93,127688.3961,46.1504
UGL,60.82,60.83,61.385,60.31,1199272.415578,60.8361
ZCMD,138.57,137.64,139.965,116.25,339.355844,127.1403
PCGpA,22.38,22.54,22.7244,22.25,4301.9322,22.564
WULF,23.12,23.365,23.62,22.45,21977956.194915,23.0459
MNDO,0.9317,1.0,1.0,0.9301,26987.702,0.9693
UUP,27.51,27.52,27.535,27.5,2113638.909313,27.5137
NBP,2.05,2.03,2.15,2.03,1580689.00003,2.0585
AGIX,43.78,43.43,43.99,42.7721,504986.641944,43.4828
Z,38.53,39.11,39.64,37.86,3669992.591263,38.7636
NBIL,36.78,35.84,39.81,32.92,3383751.298848,36.2954
VSHY,21.7197,21.77,21.82,21.6801,1394.0142,21.7409
EQIX,1077.28,1074.91,1085.935,1060.9,625914.945675,1077.8475
TRMK,43.46,43.7,43.91,43.315,271444.66552,43.5144
NTR,71.29,72.25,72.74,70.92,2133886.074698,71.5687
DDTY,20.04,19.99,20.04,19.94,44786.0,19.989
SYNA,131.06,124.4,134.27,120.625,1510368.103263,130.5555
RILYN,24.95,24.86,24.95,24.8101,101503.494,24.9036
DV,8.88,9.89,9.91,8.8,3842137.530561,9.106
SMDV,71.06,71.46,71.46,70.775,22833.26842,70.9994
CEPO,10.5742,10.57,10.58,10.57,7909.127,10.5732
FTGC,30.45,30.56,30.65,30.405,291362.454538,30.5289
BHP,90.81,89.33,91.45,89.11,3917326.595588,90.6672
WBTN,13.83,12.12,13.865,12.095,586460.80973,13.2725
BRSP,5.8,5.72,5.825,5.6825,1125844.87412,5.7757
GGLS,5.14,5.37,5.38,5.125,14554882.326822,5.2057
MTA,7.62,7.31,7.75,7.17,384160.271656,7.5763
AVUS,125.08,124.64,125.29,124.129,234460.991851,124.9268
SIF,19.01,19.5,19.755,18.75,112151.010324,19.2139
PGRO,47.749,47.49,47.88,47.49,12890.0141,47.6871
TILL,18.965,18.84,19.03,18.83,62593.2292,18.9489
MOAT,99.46,99.68,99.68,98.97,753928.212935,99.2728
ORBS,0.8475,0.88,0.884999,0.8225,13536251.162958,0.8473
DBL,14.34,14.35,14.42,14.22,71705.8007,14.3596
POWA,85.71,86.1,86.1,85.4,1469.50367,85.6341
TDAQ,28.28,28.24,28.43,27.995,359358.333322,28.1477
FENG,1.7,1.8,1.8,1.7,1547.0,1.7153
SCHJ,24.655,24.63,24.66,24.62,153176.3378,24.6381
VFF,2.6,2.67,2.69,2.545,1545224.080083,2.6181
NVRI,19.48,19.73,19.85,19.43,1109515.229706,19.5776
DAPP,21.73,21.61,22.0,21.01,167236.388875,21.6207
ASHR,36.89,36.61,36.99,36.575,5540551.341947,36.8754
BPAY,24.1221,24.17,24.17,24.1221,1244.9047,24.1216
FMBH,42.18,42.43,43.105,42.06,68977.3229,42.2407
STX,817.35,827.5,831.99,795.01,2511716.495138,816.2334
FTI,72.68,73.51,73.98,72.18,3218885.159941,72.7199
ODYS,4.51,4.55,4.73,4.14,514913.235782,4.3999
TASK,5.54,5.82,5.845,5.52,714643.179165,5.663
UUUG,11.45,12.07,12.105,11.0,454143.52706,11.6014
RPD,6.18,6.43,6.43,6.05,1714695.185627,6.1866
ESUM,28.8,28.93,28.93,28.695,24665.9051,28.8042
DSGX,66.31,66.96,66.99,65.43,404254.412459,66.2497
IJH,73.13,73.53,73.545,72.74,5196691.782293,73.0663
AVDS,79.3029,79.01,79.32,78.91,14752.0867,79.1944
SCIO,20.68,20.67,20.68,20.65,186971.9395,20.6623
AOM,49.43,49.4,49.4391,49.24,114923.591823,49.3617
OPENW,0.5572,0.6101,0.6284,0.5502,374072.436381,0.5884
ALRM,42.34,41.69,43.0299,41.49,519388.433739,42.2226
CRF,7.41,7.4,7.42,7.38,1378339.550515,7.4034
PJFG,115.6235,114.33,115.88,114.19,3380.1,114.6965
MFA,9.52,9.55,9.58,9.455,1263404.149127,9.5182
OBTC,25.5967,25.69,25.69,25.37,3581.0,25.5229
INMU,24.05,24.09,24.09,24.03,155185.8312,24.0494
HLIO,75.16,78.07,78.495,75.11,487792.092019,75.8079
IWD,234.69,234.37,235.07,233.3,954985.379291,234.2308
ARBK,3.77,4.04,4.04,3.74,10713.000456,3.8622
FWDI,4.64,4.7,4.75,4.59,1227967.150867,4.6727
PAMC,53.26,53.27,53.39,52.96,14059.2106,53.3189
HBNC,17.75,17.95,18.14,17.74,368606.028205,17.8076
DT,34.73,33.52,35.85,32.75,20780211.660671,34.4044
FISI,34.24,34.38,34.797594,34.03,91893.455835,34.2597
FXN,21.67,21.71,21.71,21.45,288728.233319,21.5782
WU,8.44,8.73,8.765,8.39,11476701.525211,8.4987
UDIV,59.41,59.19,59.47,59.0901,6956.1977,59.3409
OMFS,50.22,50.43,50.43,49.975,15114.9679,50.1449
DYNF,66.44,66.03,66.59,65.79,2553650.418732,66.3402
SHYD,22.66,22.66,22.7092,22.66,103914.88197,22.6761
ZURA,4.8,4.66,4.82,4.6301,321825.208728,4.7238
RDWR,26.95,26.76,27.03,26.58,845212.301254,26.9319
ZSL,15.39,15.7,15.86,14.755,12163830.593908,15.2691
HTEC,33.4406,33.6,33.6,33.3254,2096.698671,33.4358
PRPL,0.4572,0.4646,0.47,0.449,890349.752791,0.4581
PSH,50.04,50.05,50.07,49.96,8658.2199,50.0332
XPO,198.28,197.0,198.76,193.79,1484300.812619,197.1232
IBDV,21.79,21.78,21.81,21.76,580579.6412,21.7911
FFTY,41.96,41.9,42.3,40.87,38940.79205,41.7001
FXE,108.04,108.0,108.12,107.99,47485.077112,108.0432
FNGR,1.07,0.804,1.1,0.8,1166702.946814,1.0091
CSHI,49.73,49.76,49.76,49.72,869014.821902,49.7354
BIGY,52.9961,52.83,53.08,52.7,11179.0044,52.9878
IBBQ,29.96,29.83,30.05,29.64,23894.199834,29.8573
IBHI,23.41,23.34,23.42,23.34,335019.71798,23.3813
DUOT,8.33,8.44,8.5,8.03,371112.090398,8.2761
FFAI,0.41,0.41,0.4321,0.3816,11804887.630988,0.4099
PRZO,0.5536,0.539,0.5774,0.539,505159.211849,0.561
BGI,0.6775,0.672,0.68384,0.672,2638.621151,0.6752
RARE,26.46,26.61,26.94,26.21,1363335.990582,26.4985
DCH,6.55,6.53,6.645,6.3708,5237546.046321,6.5007
QDTY,42.08,42.0,42.22,41.7303,7529.845513,41.9966
CYRX,13.25,13.14,13.48,13.06,582808.737242,13.2206
BCpC,24.65,24.59,24.65,24.52,6373.0,24.5934
CPRX,31.16,31.18,31.19,31.15,2865783.453086,31.1645
GSG,34.13,34.34,34.52,34.02,617558.967226,34.207
XXRP,41.3,42.3,42.3,40.8,302173.060069,41.666
PFUT,25.2523,25.36,25.36,25.2523,339.9992,25.329
AMOM,58.4962,58.72,58.7299,58.28,3258.4046,58.468
XONE,49.375,49.37,49.3799,49.365,44166.79055,49.3746
BHF,61.29,60.95,61.305,60.86,529030.272012,61.1794
EIM,9.91,9.95,9.9743,9.91,109056.7143,9.9457
MCHP,96.71,99.65,99.87,96.06,12894108.858533,97.0133
GVH,5.305,4.76,5.34,4.542,48794.600739,5.0812
BINC,52.25,52.2,52.25,52.18,1574799.191067,52.2171
TDVI,31.12,31.13,31.23,30.81,67693.514629,31.0557
FNY,102.79,103.15,103.15,101.86,10435.285617,102.5705
GSHD,36.39,39.11,39.325,35.835,423389.40989,36.7481
DES,37.97,38.11,38.11,37.76,152680.64678,37.8834
OPBK,13.95,14.04,14.1,13.86,23030.8923,13.9512
IBDT,25.23,25.23,25.26,25.21,520701.600337,25.2332
DFLV,38.28,38.21,38.35,38.12,605133.4215,38.2614
LTBR,12.91,13.54,13.73,12.88,701867.117481,13.2353
COHR,403.71,401.575,413.0,378.5,6758949.753326,399.8088
FAZ,46.22,45.77,46.37,45.45,346148.817626,46.013
PAR,14.17,15.3,15.3,14.12,1471963.739134,14.4359
VAW,235.78,235.76,237.251,235.62,35701.20544,236.2707
BYND,0.7804,0.7858,0.794,0.7646,34030723.290685,0.7781
KLRA,21.11,22.5,23.39,21.0,349655.372341,21.6634
TOTR,40.1151,40.16,40.16,40.061,3440.9354,40.1047
CABR,1.06,1.16,1.16,1.02,115296.16,1.0634
GBDC,13.09,13.16,13.19,13.03,1508993.760271,13.102
TEQI,49.1986,49.12,49.26,49.1,14024.9917,49.2022
VFH,125.0,125.55,125.79,124.92,426001.203551,125.2357
PUSH,50.41,50.42,50.66,50.34,37966.719,50.4866
ASPN,5.4,5.15,5.5804,5.03,2721320.763981,5.3916
GOOY,15.63,15.01,15.65,15.01,827214.060022,15.4425
MERpK,25.5,25.5,25.53,25.46,27421.729,25.5033
NUMG,45.14,45.47,45.47,44.695,18413.317601,45.1393
FER,67.2508,67.0279,67.3795,66.6416,1589379.048388,67.0954
LSAT,42.2693,42.46,42.46,42.0,2516.7725,42.0904
IXUS,95.6,94.81,95.67,94.67,2065650.291004,95.432
JPUS,135.59,135.6,135.89,135.1599,3812.950835,135.4543
EVGO,1.95,1.91,1.98,1.85,3264341.620049,1.9317
RSIT,20.92,20.74,21.43,20.7201,30310.9182,20.8813
EMLP,43.64,43.6,43.65,43.31,400026.015556,43.47
FORM,129.31,135.16,136.15,122.08,3486843.213303,127.3457
VC,114.95,115.45,116.95,114.3801,452273.574762,115.2782
MBRX,2.14,2.45,2.48,2.0,1045590.013793,2.285
TDUP,4.2,4.195,4.305,4.01,2716201.467374,4.1811
TBBK,52.62,53.4,54.13,52.29,466318.60441,52.7809
SPYI,53.645,53.48,53.71,53.32,2018040.978271,53.5635
IWX,102.44,102.09,102.61,101.73,271839.386205,102.3332
CWBC,23.35,23.43,23.635,23.3,151690.3837,23.401
SFIX,3.125,3.15,3.2,2.965,2263234.310597,3.0862
SPVM,70.5,70.42,70.575,70.26,9620.8924,70.4691
DWM,74.1478,73.56,74.17,73.56,6371.07557,73.9888
FCBC,41.88,42.14,42.45,41.5,73159.7994,41.8134
JBBB,47.43,47.35,47.48,47.35,258666.588697,47.4443
O,61.52,62.275,62.4,61.175,6456347.096822,61.6477
RCAT,9.4,9.44,9.67,9.11,33561761.025779,9.39
APGE,83.94,82.47,84.62,81.455,745804.734415,83.277
HFGO,29.405,29.2,29.43,28.87,33624.755876,29.2571
ASH,56.5,56.77,57.82,56.28,1903483.19613,56.8109
VTWO,114.21,114.35,114.57,113.12,1582269.540168,113.9638
AERT,5.568,5.4632,5.7104,5.4632,8051.187781,5.5376
GAU,2.61,2.58,2.66,2.5,3831154.557074,2.6014
NCLH,16.06,15.92,16.2493,15.71,20995347.684036,16.0325
DUST,43.64,43.72,44.99,42.8,635671.063468,43.7866
THNQ,80.11,79.37,80.215,78.29,20289.658255,79.638
IBDW,20.85,20.83,20.85,20.795,472218.485254,20.8246
CAIE,27.45,27.38,27.495,27.26,312974.901672,27.429
XYZG,14.5207,14.94,15.0399,14.08,10856.765877,14.8016
KNG,48.33,48.5,48.56,48.095,227550.02577,48.2385
BLV,67.99,68.01,68.1,67.8,482652.612319,67.9365
ANL,13.94,12.96,14.08,12.82,42110.658727,13.6341
IMPP,4.94,5.19,5.2,4.94,348518.688102,5.023
PLU,45.69,47.7,47.7,41.39,157387.691,44.8102
OCCIN,24.73,24.72,24.86,24.72,1589.0,24.7722
MDYG,106.81,107.32,107.32,106.0,55448.92206,106.6955
HYHG,64.6,64.655,64.91,64.4101,19109.869766,64.6261
UGE,19.43,19.25,19.66,18.9461,7640.688071,19.341
DCRE,51.765,51.72,51.81,51.72,27062.3549,51.7565
VCSH,79.02,79.01,79.03,78.91,6036036.854806,78.9844
GILT,15.65,16.2,16.58,14.98,3329844.638221,15.6286
HTZWW,2.805,2.71,2.9299,2.67,78555.006617,2.8288
UTWO,48.155,48.14,48.16,48.126334,68427.42535,48.1478
UST,42.3212,42.31,42.3212,42.16,5017.156275,42.2748
ODV,3.39,3.41,3.44,3.3,816384.386085,3.3829
MTH,61.53,62.0,62.38,61.02,638694.049984,61.526
ACU,40.53,40.9,41.9537,39.3101,66592.163423,40.4313
PBJ,48.6123,48.3,48.665,48.16,7277.459911,48.3207
PRLD,4.66,4.572,4.81,4.42,393292.489589,4.5752
PGNY,23.51,23.12,23.72,22.9,1546145.00459,23.5035
BMEA,1.48,1.58,1.5989,1.48,917370.036813,1.5234
SMCZ,15.19,14.19,15.25,14.18,836911.429639,14.7135
MVLL,26.0167,23.615,27.14,23.615,4901472.66888,25.5847
BATT,18.03,17.7,18.0799,17.6657,163665.637532,17.9072
TMC,5.64,5.61,5.71,5.44,4699175.159716,5.6113
JHEM,39.8,39.59,39.96,39.45,68272.5435,39.8339
VGMS,51.19,51.15,51.23,51.075,22800.381367,51.1438
CAPR,30.33,30.672,31.9451,29.26,1694473.966307,30.0803
VEGI,46.02,46.05,46.2,45.88,100956.512182,45.9363
EXP,199.36,204.74,204.74,197.6,284633.103607,199.4299
UTMD,64.05,63.26,64.27,62.51,11555.6641,63.5057
ASUR,8.48,8.55,8.67,8.28,54170.160339,8.4539
EMGF,72.28,71.39,72.38,71.21,94683.345926,72.028
QQQS,42.1155,42.5,42.5,41.94,4140.328056,42.4135
HTAB,19.06,19.07,19.08,19.025,54779.43435,19.0496
APEI,52.91,52.84,54.12,50.04,437236.663954,52.4453
BELFB,266.92,282.8,286.45,263.5,421754.657054,273.0992
EBC,19.34,19.43,19.55,19.285,1392077.599615,19.3693
CVGI,5.31,5.4,5.57,5.25,445904.434834,5.4165
SPPP,16.65,16.51,16.981,16.425,485832.434853,16.7459
FDM,85.5958,86.3,86.3,85.46,4523.608579,85.7014
IFLR,52.267,51.92,52.267,51.92,3704.5456,52.0622
SFNC,20.58,20.78,20.87,20.515,861235.841228,20.6094
FLTW,92.28,91.15,92.28,90.87,239443.093353,91.8585
ARKF,41.29,41.6,41.675,40.692,219805.513469,41.397
NCNO,15.33,16.29,16.29,15.24,3052327.665859,15.4074
GCOR,41.04,41.04,41.04,40.97,51269.311767,41.0057
AOA,96.73,96.27,96.81,96.075,70439.711662,96.5395
IE,14.94,14.67,15.2967,14.41,1684530.821973,14.9452
STOT,47.0,47.02,47.0499,47.0,142328.0477,47.0258
CRWD,140.6425,135.21,142.0925,134.5921,11203424.452412,139.4113
WDAF,34.9011,35.04,35.04,34.68,6764.178543,34.7163
AVLV,88.27,88.23,88.465,87.85,1207984.234996,88.1615
TW,109.87,109.22,110.35,105.9075,1387114.680735,108.8678
BWB,18.13,18.04,18.445,18.02,42783.93612,18.1202
GLQ,8.44,8.39,8.44,8.355,106784.0474,8.4009
ARKQ,136.61,136.0,137.375,133.3,180918.27588,136.3042
EU,1.59,1.65,1.6599,1.55,3637163.838416,1.5881
AMH,31.44,31.39,31.75,31.21,3622260.114593,31.3876
DAIC,4.47,4.1125,4.95,4.1125,12365.438281,4.365
BBBY,4.73,4.69,4.81,4.62,1820899.555448,4.7425
JULU,31.755,31.51,31.9,31.51,29000.0,31.6977
BAR,46.18,46.17,46.37,46.0,98715.436067,46.1974
SUUN,0.645,0.6053,0.6542,0.6002,363396.488209,0.6214
WES,45.39,44.81,45.47,44.47,1924259.678964,44.9364
FMAT,60.34,60.35,60.6417,60.34,29495.98819,60.4833
AFLG,43.2,43.06,43.27,42.91,39325.0096,43.0886
BCAR,10.38,10.36,10.41,10.36,321940.40227,10.3799
ENZL,45.33,44.97,45.48,44.9,6295.594657,45.1558
RVSB,5.42,5.39,5.45,5.3701,23713.0364,5.4228
VNM,19.25,19.12,19.26,19.12,424844.790488,19.1944
ACT,42.67,42.73,43.06,42.23,330620.561275,42.5609
DGRO,73.17,73.08,73.2656,72.875,1238290.936381,73.0809
BKGI,45.78,45.58,45.78,45.42,100129.62213,45.6317
YCBD,0.7958,0.7684,0.81,0.76,275805.4765,0.7832
IJK,111.99,112.4,112.45,111.04,158014.085846,111.8239
MOO,82.35,82.48,82.79,82.27,328835.072852,82.4694
KYTX,10.78,10.29,11.15,10.27,1840123.277992,10.7015
LLYVK,99.19,96.53,99.95,96.35,247217.256739,99.0006
SSSS,13.39,13.46,13.6248,13.22,141537.410619,13.4478
AKTX,3.15,3.06,3.99,3.06,72055.812213,3.3481
PUK,31.57,31.22,31.66,31.18,1089419.608642,31.5172
ADBE,236.07,238.54,239.08,232.84,3870192.22207,235.3998
OAKM,27.49,27.46,27.58,27.395,141804.472694,27.4621
TDAY,7.5,7.28,7.52,7.24,1388699.567827,7.414
VYGR,4.15,4.11,4.26,4.1,463993.671461,4.1672
CRDT,23.2557,23.25,23.31,23.25,1798.4482,23.2874
DIS,104.9,105.35,105.88,103.86,7605943.504755,104.7816
IONZ,3.69,3.61,3.9986,3.57,20820753.381264,3.723
ETCO,11.8758,12.05,12.05,11.8,5248.3578,11.9143
IETC,106.03,106.02,106.292869,105.0,28822.378447,105.9169
BCI,25.75,25.88,25.97,25.715,625476.122119,25.8286
IBMS,25.805,25.84,25.84,25.805,48416.5642,25.8176
ECF,13.09,12.96,13.1486,12.93,68062.0533,13.0384
FEAT,19.8253,19.87,19.95,19.445,17717.2298,19.7592
VIRT,53.59,52.1,53.75,51.105,1285697.63062,53.0841
IONQ,55.26,55.94,56.18,52.94,24146509.811987,54.9794
FLQM,55.48,55.72,55.72,55.2401,93449.505723,55.4794
KSS,12.08,12.86,12.86,12.03,4933530.134337,12.2098
BRKC,41.4393,41.19,41.4393,41.19,2682.2577,41.3515
MASS,7.54,7.38,7.91,7.38,178373.39126,7.5915
JCE,16.39,16.28,16.53,16.28,27662.54,16.3602
SPEU,54.504,53.95,54.504,53.95,25853.536248,54.3158
MSFT,405.21,403.2,406.31,401.03,29667073.312232,404.43
TBLL,105.73,105.73,105.74,105.73,322684.721975,105.7378
PFEB,42.66,42.56,42.68,42.56,11519.6184,42.6276
AZO,3366.79,3440.0,3440.0,3302.4428,281644.575544,3352.1285
BMNR,21.18,21.43,21.685,21.03,25523630.611086,21.3598
STOK,31.7,32.04,32.41,30.73,837998.593493,31.4867
AVIV,79.51,79.03,79.51,79.03,101355.606123,79.3383
APAM,36.88,36.73,37.01,36.345,924239.801551,36.7658
TRPA,38.925,38.87,38.98,38.86,18985.7565,38.9438
CGDV,47.8,47.52,47.88,47.335,3390797.251893,47.7011
BNAI,24.87,23.61,24.87,22.63,238004.91462,23.6812
MBWM,50.6,50.9,51.49,50.41,98913.0541,50.7152
CMCSA,24.94,24.76,25.075,24.53,33453242.900927,24.8738
PAYP,19.69,19.84,20.48,19.68,557022.592727,19.9231
CLNN,6.5,6.36,6.53,6.11,161094.147862,6.3439
AER,142.88,144.74,145.17,142.83,871068.81923,143.6818
CLIP,100.19,100.19,100.19,100.17,312872.214645,100.1791
TSYX,23.9206,23.93,23.98,23.665,7346.0163,23.8609
HIT,1.54,1.5,1.565,1.4839,153148.807439,1.5108
EIS,134.04,133.86,134.4599,132.63,78694.568851,133.3655
APLU,24.66,24.59,24.68,24.59,38171.959,24.6296
ALNY,291.48,290.7,298.38,288.56,975853.553858,292.9118
HAUZ,23.84,23.69,23.8761,23.69,65897.646387,23.8567
JSI,51.49,51.5,51.53,51.46,265795.05146,51.4929
TCAL,22.06,22.13,22.13,21.91,103995.02247,21.9948
GOVI,26.945,26.95,26.985,26.89,273003.545372,26.9275
KGC,31.27,31.49,31.55,30.87,5169851.726136,31.2353
SCYB,26.14,26.12,26.16,26.1,746963.763073,26.1333
EDZ,17.11,17.68,17.9,16.935,416171.271098,17.206
UK,3.17,2.96,3.17,2.83,31818.01,3.0129
UNHG,21.67,21.13,22.02,20.83,1646038.225844,21.5163
PALI,1.87,1.92,1.96,1.86,1868338.9404,1.9008
DFIC,38.085,37.86,38.095,37.82,890679.689411,38.025
RGNX,10.04,10.07,10.25,9.65,1809156.574588,9.9521
HOPE,11.97,11.98,12.085,11.7,794975.639451,11.9814
PBDC,27.2,27.3,27.483,27.14,111439.777079,27.3197
CTGO,26.36,26.12,27.0,25.9,275117.358375,26.4584
BTI,65.35,64.18,65.47,64.18,7107070.931439,64.9631
RSDE,22.725,22.81,22.81,22.68,4043.0,22.728
VIS,339.04,340.24,340.415,336.48,125295.039292,339.0132
BZH,23.62,23.2,24.06,23.12,1099028.890974,23.7458
KMCA,22.57,22.33,22.61,21.98,50001.0,22.4395
JEF,53.32,52.04,53.32,51.28,2250957.374053,52.9543
VGSH,58.27,58.26,58.27,58.23,2850055.509103,58.2564
TQQY,13.79,13.77,13.8,13.73,5057.137502,13.7536
FBIZ,54.54,54.7,54.7,54.32,19282.310917,54.4936
COLB,28.71,29.07,29.11,28.545,2799329.323579,28.78
IREX,39.63,43.26,43.26,37.6,871506.166093,40.2858
LGL,6.81,6.7,7.189,6.7,15876.2487,7.0049
CAS,28.996,28.62,28.996,28.62,355.399115,28.8033
SBFG,21.96,22.14,23.0,21.96,4228.2663,22.1973
SMTC,139.74,139.61,143.34,136.1,3446617.322974,140.3481
FXG,60.9952,61.22,61.42,60.8299,7678.94737,61.0565
SIVR,83.39,82.64,84.98,82.25,2314368.709062,83.7867
INUV,1.79,1.8,1.8214,1.76,141474.312795,1.7897
COHX,67.22,67.0,69.8,59.0801,1476586.342343,65.5679
IAGG,49.93,49.86,49.94,49.86,726611.675898,49.9076
IMO,131.67,132.74,133.95,130.88,413625.643851,132.0208
FIGB,42.85,42.96,43.0,42.74,39300.268,42.8045
LRGG,28.07,27.94,28.1296,27.8522,27417.8488,28.0818
EFA,103.83,103.01,103.88,102.9306,9578943.483489,103.625
IYF,121.76,122.06,122.37,121.6,141186.75069,121.8938
KCCA,15.03,14.95,15.0419,14.95,59880.8094,15.0204
FLGB,35.775,35.41,35.79,35.41,43333.515594,35.672
GOLY,29.41,29.27,29.54,29.13,27763.447746,29.2839
BANR,63.26,64.07,64.62,63.16,301344.47985,63.5394
IYY,180.17,179.22,180.485,178.8,11986.515971,179.5681
WRD,7.65,7.19,7.785,6.935,6069114.676382,7.3843
PBR.A,17.77,18.42,18.48,17.74,13087377.098958,18.0404
VT,155.4,154.42,155.565,154.01,1550531.578931,154.9836
MRT,2.08,2.08,2.1,2.05,24981.202104,2.0684
VRSN,295.14,285.6,296.01,284.29,812423.884893,293.1754
FJP,80.365,80.07,80.73,79.74,5437.475186,80.3229
ANDE,71.62,70.7,72.76,69.43,339593.172776,71.4024
FRMI,6.0,5.495,6.22,5.43,21661234.174925,5.8724
LMAT,98.17,97.39,100.65,95.46,321168.414361,98.0379
ORCL,189.76,189.03,191.57,185.06,15789272.716838,189.2334
QFLR,35.845,35.79,35.93,35.61,36137.499241,35.8083
EWJV,45.45,45.33,45.6,45.14,239399.681534,45.4951
BSCS,20.44,20.41,20.44,20.41,470331.40666,20.4251
FTNT,117.69,113.205,117.835,112.71,5236583.468044,116.2717
MUB,106.64,106.73,106.758,106.61,2595656.714817,106.6647
PAWZ,46.2611,46.62,46.62,46.12,3951.746189,46.2522
IFV,28.3956,28.25,28.5,28.175,25005.6147,28.3215
VXF,227.61,228.11,228.11,225.5,452161.894416,227.2162
FDEM,36.455,36.28,36.69,36.25,49221.881665,36.4873
FFLC,58.22,57.96,58.3699,57.76,44971.028717,58.1091
IFLN,18.26,18.24,18.26,18.225,12329.842655,18.2416
AIQ,62.11,61.835,62.3199,60.895,1685242.519936,61.7512
CMT,24.16,24.2,24.5,23.55,25156.9623,24.1663
DIOD,101.96,106.38,106.38,101.96,584743.485299,103.017
UMAC,14.97,15.125,15.21,13.74,5008895.773699,14.5258
MINY,46.087,46.38,46.6,45.62,4736.432202,46.2202
JHMB,21.92,21.89,21.92,21.8835,15853.6491,21.8935
SABR,1.72,1.83,1.83,1.67,6912375.519164,1.718
XMVM,67.87,68.31,68.31,67.72,22649.641844,67.9324
DGNX,1.2,1.21,1.26,1.15,383538.975302,1.2137
KCE,152.67,152.27,152.98,151.58,6057.67277,152.2468
QQQE,113.2,113.23,113.43,112.39,170931.821106,112.8168
EVO,2.715,2.668,2.73,2.632,141150.714375,2.7114
RSPG,104.6235,104.63,104.785,103.34,28717.954669,104.0359
ARLP,24.83,25.15,25.45,24.67,280420.044486,24.9335
UMBF,126.37,128.9,129.12,126.0,543912.547111,126.8491
MSFU,26.97,26.78,27.15,26.4401,6187262.355966,26.858
SOJE,17.22,17.26,17.295,17.21,32673.422,17.2545
MRAM,41.46,50.21,51.5,41.3,15669730.208829,45.1501
YMAG,13.09,12.92,13.12,12.8301,1351411.763517,13.0296
CGW,63.0722,63.37,63.37,62.9068,26313.434473,63.154
SPYD,46.62,46.7,46.7701,46.46,681829.333587,46.6226
PTL,276.9543,278.25,278.74,275.48,11930.744297,276.6749
PALL,27.354,26.918,27.694,26.918,1018488.702115,27.3062
SRS,40.84,40.36,41.23,40.36,13746.2943,40.9432
YYY,11.56,11.53,11.56,11.5,195251.12913,11.5348
SRTY,26.62,26.54,27.4,26.38,2507404.526954,26.8601
UDN,18.31,18.29,18.3103,18.29,143401.688116,18.3019
RGEF,34.1798,33.97,34.18,33.97,8317.06889,34.1312
ERTH,50.6698,50.19,50.94,50.19,4324.996573,50.5671
GCT,38.1,38.11,38.72,36.91,953260.046272,38.0517
WKEY,8.55,8.15,8.65,7.77,153184.79085,8.3273
SCHI,22.62,22.59,22.62,22.5601,2404959.501,22.5979
CGMS,27.49,27.46,27.4937,27.43,963839.217633,27.4644
IRM,126.12,126.1,127.1699,123.29,1742033.016081,126.088
PLUG,3.96,3.6,4.11,3.41,163401845.648815,3.8331
ONMD,0.931,0.9661,0.9991,0.931,125433.893633,0.9571
SUZ,8.57,8.68,8.7,8.47,2784717.34575,8.5862
BITI,21.97,21.83,22.22,21.8117,1438451.205588,22.0221
CMND,5.2,5.5,5.581,5.2,19132.848919,5.338
CXAI,0.1415,0.13615,0.144,0.1345,7900279.308648,0.1432
QDEC,35.19,35.16,35.19,35.0788,19258.0,35.1353
PFF,31.58,31.502,31.62,31.5,1962044.034449,31.565
FXL,193.21,194.36,194.36,191.9094,34458.877451,193.4813
VNQ,95.89,96.23,96.28,95.44,5047511.812206,95.8523
EMQQ,33.91,33.2,33.999,33.135,56586.592326,33.728
GDS,45.7,44.7,46.695,43.85,5824808.591137,45.6772
KRNT,16.48,18.17,19.78,16.363,1598763.236102,17.9867
IMFL,34.2,33.89,34.2,33.77,116290.4368,34.0535
GAME,0.455,0.4466,0.4811,0.4261,1762756.883402,0.4601
BBUS,133.65,132.82,133.885,132.4001,86054.074681,133.2079
REE,0.413,0.41,0.423,0.4007,48042.295919,0.4124
SKYY,125.62,125.3,126.2776,123.26,331007.484197,125.1743
EQWL,124.76,124.89,125.005,124.385,163746.713083,124.8253
AUST,1.36,1.35,1.385,1.35,60826.032894,1.3657
AIFC,0.9878,0.9056,0.988,0.88,1896199.34259,0.9421
BMNZ,15.48,15.1,15.62,14.765,1267065.996533,15.1355
QLTY,40.37,40.09,40.425,40.01,751764.183074,40.1416
ALNT,62.51,62.85,63.46,61.1801,339721.032957,62.5771
NG,9.06,8.98,9.276,8.91,2108768.63997,9.0965
THRO,42.58,42.39,42.6856,42.14,755366.99395,42.5465
OACP,22.685,22.73,22.73,22.665,20892.064734,22.6806
PRSO,0.9793,0.99,1.04,0.955,1991393.991446,0.9801
CLSX,19.06,19.34,19.6833,18.48,208658.925519,19.145
CVKD,5.31,5.21,5.73,5.15,43156.42138,5.3986
RBB,23.24,23.37,23.67,23.18,55336.155064,23.3076
QCLS,4.19,4.02,4.44,3.9,681456.571751,4.244
NTIP,1.47,1.47,1.505,1.47,118484.7489,1.4896
QTOP,38.1,37.78,38.21,37.56,281852.03023,37.9782
NVDU,157.85,157.02,160.76,152.33,586283.614277,157.7924
DJP,51.3,51.51,51.7299,51.225,33098.178368,51.4936
FLNC,22.1,21.01,22.66,19.66,25413727.486204,21.5857
BMNU,1.89,1.94,1.98,1.86,84917408.586031,1.9286
SWIM,4.8,5.0,5.085,4.64,956730.12237,4.7801
PRKS,35.86,34.67,37.15,34.65,1236430.90414,36.1471
BGS,4.39,4.85,4.89,4.37,6069994.38994,4.4628
AAPL,298.87,293.5,300.92,293.5,52684260.34243,298.1137
AMZZ,40.45,38.81,40.65,38.56,139905.734401,39.9308
XLB,52.06,52.13,52.515,52.02,8455420.20091,52.1956
COF,181.54,183.9,183.9,181.3,4615720.031157,182.1685
TRI,82.03,87.08,87.08,81.47,3254372.450396,82.4793
MAZE,26.96,26.0,27.06,25.3325,845321.235028,26.4223
DFP,20.83,20.91,21.015,20.82,33533.0821,20.8678
IBHG,22.115,22.08,22.12,22.075,101569.1569,22.1035
VCLT,74.49,74.52,74.56,74.225,5803383.444299,74.4283
APH,124.64,129.95,129.98,123.55,11311069.854878,124.8372
MRP,26.67,26.7,27.33,26.3001,2273419.320161,26.7563
KIO,11.21,11.14,11.22,11.1199,175787.6684,11.1895
ICOI,12.35,12.42,12.46,12.2309,36582.994876,12.3773
SIGI,85.17,85.11,86.48,84.4625,358948.795176,85.2103
KSLV,39.7032,39.38,40.49,39.15,51634.470643,39.8758
KXI,68.79,68.42,69.12,68.42,41874.586039,68.6917
QLTI,25.96,25.92,25.96,25.835,53569.065986,25.916
JEPQ,59.89,59.745,59.95,59.64,5052982.989152,59.8171
GNPX,0.8511,0.848,0.8512,0.8211,197668.7125,0.8418
ETTY,11.4857,11.63,11.63,11.46,5622.9134,11.572
FOX,59.47,59.49,59.8,58.79,1039500.217433,59.2831
WT,19.49,18.67,19.85,18.5,4526850.513103,19.4828
ERH,12.1,12.14,12.22,12.1,17212.03922,12.1435
AESI,18.95,18.7,19.13,18.3,3176728.880079,18.8824
YETH,11.42,11.6,11.6,11.345,82321.513832,11.4934
NTES,119.86,117.21,120.72,117.0,1168281.724085,119.7176
COTY,2.2,2.28,2.29,2.18,8532061.716474,2.2067
SPXS,27.32,27.76,28.0899,27.1385,9963238.200676,27.5362
ROOT,57.08,58.5,59.34,56.99,327772.137439,58.2394
AGGY,43.45,43.43,43.46,43.37,37150.5796,43.4161
ICAP,28.2,28.35,28.35,28.17,59423.591946,28.2368
IBDZ,26.0,26.0,26.0076,25.94,114299.3971,25.9817
AMPGR,0.035,0.0684,0.0754,0.035,7804.590643,0.06175
ATKR,75.45,73.5,75.74,72.66,416797.467676,74.6773
LAD,273.22,272.43,277.555,269.65,416704.072769,273.9454
IBMT,25.673,25.69,25.69,25.67,9852.5869,25.6782
HVAC,41.4778,41.61,41.68,40.88,5514.0749,41.2623
BRBS,3.27,3.3,3.31,3.26,223259.714301,3.2751
AHRT,6.43,6.45,6.48,6.355,1048476.806923,6.4199
FLLA,28.23,28.73,28.93,28.1725,91069.884554,28.6375
AXIL,7.18,7.08,7.22,6.86,6525.284693,7.0538
IT,144.46,152.02,152.02,142.19,2172664.852702,144.9972
SCJ,105.875,105.4,106.1,105.39,33405.970025,105.746
HSIC,69.45,69.67,70.84,68.84,1284237.071195,69.4968
FNDX,30.49,30.39,30.53,30.315,3072946.384613,30.4227
PLPC,347.12,348.85,351.395,338.22,65208.999623,346.7968
EQBK,44.91,44.81,45.39,44.665,92420.646269,44.9062
FIDI,28.24,28.15,28.24,28.085,36780.560208,28.1745
UAL,95.7,95.405,96.4,93.76,3489807.654767,95.3884
OXLC,10.11,10.1,10.14,10.065,881466.016249,10.0986
RPG,57.84,58.17,58.17,57.16,461928.464358,57.5774
RVMD,149.94,146.89,150.3,145.2575,1844543.057552,148.3163
BACpE,19.42,19.49,19.49,19.31,9135.2856,19.3438
IXJ,93.14,92.2,93.19,92.17,277357.187718,92.6854
ACHC,27.15,26.03,27.75,26.0,3269809.427149,27.3231
MEHA,0.097,0.082,0.105,0.073,23606662.796367,0.09028
SHYG,42.42,42.37,42.43,42.335,1830380.498742,42.4004
LUNL,35.82,33.0,37.64,31.0,1115842.438516,34.5188
PPTY,32.5545,32.5,32.5545,32.485,991.6927,32.5044
HEAL,24.575,24.77,24.78,24.5113,4874.7719,24.67
GBTC,61.84,62.23,62.3,61.16,1263222.743961,61.7636
HYDR,67.24,65.81,67.9999,63.44,90336.584697,66.2278
KROS,11.99,11.58,12.01,11.41,345655.417441,11.8273
TLH,99.06,99.12,99.235,98.8,955690.841032,99.0076
ARCT,8.26,8.34,8.47,8.15,386182.478991,8.3267
RIVN,14.27,13.91,14.68,13.87,29255425.48408,14.3552
PSK,31.3134,31.36,31.36,31.29,42733.982,31.3153
MNY,1.33,1.32,1.3436,1.31,33085.155877,1.3155
TETH,11.26,11.37,11.395,11.16,278313.123674,11.2696
FIW,101.62,103.08,103.08,101.21,99579.871812,101.8832
NMIH,37.08,37.33,37.4,36.665,525680.935308,36.9814
CGGR,46.33,46.08,46.485476,45.615,2215780.232471,46.2473
GREK,72.0318,71.66,72.115,71.13,312580.086226,71.7089
CVMC,70.6743,71.29,71.29,70.58,4187.7133,70.7455
VV,341.29,339.42,341.97,338.01,220815.554705,340.6378
WTFCN,26.4,26.41,26.48,26.4,21578.1907,26.467
EVC,8.92,8.1,9.335,7.91,8456144.044152,8.7741
MMD,15.18,15.22,15.28,15.06,32947.5335,15.211
NTHI,5.42,5.47,5.61,5.11,77027.491402,5.3585
MBUU,28.14,27.87,28.98,27.81,514990.025903,28.3196
HD,302.55,307.61,307.69,299.27,6307803.477411,302.264
SGRY,14.31,13.98,14.31,13.87,2276716.732666,14.0837
BSJR,22.47,22.4,22.47,22.4,70480.56973,22.4474
AG,23.98,24.09,24.485,23.0801,17824020.892281,23.9404
TMDE,0.8919,0.9879,0.9879,0.8526,171090.888389,0.9203
TCOM,52.28,51.91,53.365,51.6,2901800.18065,52.5781
LTH,33.79,33.5,34.05,33.36,3514500.493514,33.7037
VIK,82.17,80.83,83.19,79.8687,6630964.645855,82.1093
FNGU,29.98,29.21,30.27,28.41,6091395.520174,29.6848
GTO,46.89,46.86,46.89,46.795,214483.254068,46.8491
CLPT,12.19,12.59,12.78,11.99,781839.975028,12.2913
RICK,24.37,23.56,24.585,23.53,46650.986939,24.1614
KTOS,52.49,56.41,56.5,51.84,9471879.709145,52.7704
ROKT,119.07,118.79,119.57,115.99,38428.266529,118.6219
SHFS,0.4375,0.45,0.4655,0.4039,112262.0,0.438
XOMO,11.89,11.91,11.91,11.84,39342.935702,11.8778
TSMG,37.38,37.08,38.3,35.97,129853.95098,37.3041
TOTL,39.42,39.4,39.43,39.355,209309.92222,39.405
CLSZ,7.28,7.22,7.48,7.06,15729.450088,7.2469
TRIB,0.5901,0.59,0.61,0.58,79836.991,0.5925
GDXD,30.48,30.66,32.02,29.6813,603417.017103,30.7225
PSCE,61.339,61.83,61.83,60.61,13412.826998,61.1142
XEL,79.91,78.742,80.1,78.63,3867883.519967,79.721
BIIB,204.53,199.33,205.97,198.86,1272026.357257,203.0254
BTMD,2.03,2.2,2.2,2.01,223767.5148,2.1033
MAKO,8.27,8.25,8.35,8.1,134685.446791,8.2507
PDLB,17.56,17.52,17.66,17.45,39638.75713,17.5648
XCEM,49.62,49.4,49.74,49.034,204798.074705,49.5778
MIST,1.72,1.6,1.89,1.57,5251854.425826,1.6984
TATT,33.41,35.07,35.24,32.89,222252.827795,33.7958
VERI,2.015,1.96,2.051,1.92,2757717.123432,1.9977
AGMH,1.14,1.0,1.16,0.978951,145624.248418,1.0901
NUGT,200.95,200.41,204.73,194.01,312469.98248,199.8175
FLYX,2.35,2.18,2.35,2.135,312296.979336,2.29
FHLC,70.94,70.26,71.03,70.19,165104.436387,70.6826
BBCA,99.06,99.71,99.87,98.776182,1039999.06519,99.0759
GDLC,35.64,36.03,36.03,35.41,153903.548908,35.6832
SSG,13.75,13.75,14.33,13.54,426365.890185,13.8004
FNGS,75.07,74.68,75.2699,73.735,21326.154416,74.6054
PPCB,2.325,2.25,2.375,2.25,18988.20964,2.2708
AGNT,5.015,5.48,5.55,5.01,1383878.938713,5.1696
AFGB,21.29,21.4,21.41,21.26,3424.778,21.3267
XSD,564.26,570.66,573.27,557.1366,124368.286135,566.0544
EOLS,6.72,6.43,6.755,6.395,645838.023007,6.6222
CATX,3.82,3.79,3.9099,3.69,974635.863131,3.7898
AMN,30.87,29.91,31.11,29.038,1311854.626927,30.4038
EWC,57.74,58.09,58.22,57.565,3443005.029843,57.8327
ASTX,25.46,24.0,27.45,23.4,6914980.634,25.557
IDE,13.8,13.73,13.84,13.71,21940.975815,13.7803
BKD,12.86,12.96,13.09,12.6,3394390.080289,12.8536
FLXS,54.11,55.1,55.275,53.615,34314.82961,54.2412
FNCL,72.61,72.89,73.04,72.55,107466.193475,72.7223
SLDB,7.38,7.5,7.79,7.06,1595519.326869,7.3953
RNAC,8.42,8.62,8.7499,8.27,120244.007533,8.4804
WMG,32.69,33.57,33.57,32.52,2760572.582727,32.8007
LOUP,86.2787,87.25,87.25,84.955,18369.911268,86.2162
GQGU,26.14,26.13,26.1901,26.015,76017.5421,26.1206
XYL,109.01,111.28,112.11,108.965,1987276.046758,109.6789
CSD,135.96,138.15,138.15,135.285,10475.071578,136.0932
ELBM,0.6174,0.6203,0.6391,0.6101,611183.446392,0.6224
PFG,100.42,100.6,100.85,99.955,926414.728216,100.4329
PDSB,1.33,1.11,1.35,1.02,1422718.580772,1.1978
XBTY,6.78,6.9,6.9,6.7001,75098.545666,6.7916
PFIX,48.75,48.27,48.75,47.99,179795.439846,48.4074
FBL,25.86,24.4,26.13,24.24,1214202.481244,25.2701
HTHT,46.93,47.99,48.6575,46.69,2508523.21723,47.2138
DVLT,0.5379,0.565,0.5675,0.5379,31721798.407933,0.552
OPPE,56.84,56.26,56.885,56.26,17387.9556,56.6401
OKYO,1.62,1.61,1.6773,1.61,17276.679169,1.6108
CETY,0.76,0.818,0.834,0.76,58210.063214,0.7933
IAF,12.87,12.87,12.95,12.83,16172.7764,12.8639
EWZS,14.05,14.63,14.77,13.99,6372342.477671,14.3277
ON,115.71,108.9,115.99,108.06,21549714.523541,114.4282
HAP,74.5213,74.27,74.63,73.99,12102.364738,74.4389
TMFS,33.8628,34.33,34.33,33.65,12288.3235,33.8386
IVLU,42.68,42.34,42.74,42.29,618561.827024,42.6146
MSLC,58.2347,57.92,58.35,57.79,52723.14,58.0622
MNTS,5.88,5.51,6.2,5.12,2342337.80378,5.6728
EVI,15.96,16.57,16.8138,15.61,27764.063947,16.1164
CGUS,43.47,43.2,43.535,43.04,714815.449105,43.35
WKHS,3.54,3.42,3.6962,3.39,155617.271862,3.5824
JHMM,71.85,72.15,72.15,71.45,176075.7537,71.8032
IVVM,36.57,36.58,36.585,36.51,7475.1341,36.5461
XLI,173.62,174.24,174.61,172.52,6070834.261495,173.584
CRDL,1.36,1.34,1.4,1.33,515792.243596,1.3766
BBJP,75.77,75.41,75.88,75.35,2281628.788889,75.7083
REW,13.95,13.86,14.3394,13.86,26747.48,14.141
FUTU,142.74,137.44,143.625,135.21,4245953.426192,141.9919
SANA,3.2,3.25,3.3,3.05,4248348.641972,3.1693
BTF,21.3667,21.56,21.56,21.31,7421.827422,21.492
DKNG,25.03,24.46,25.45,23.75,10027815.589352,24.9332
GHRS,21.88,21.68,22.125,21.0594,112697.672053,21.883
FLCA,51.59,51.96,52.03,51.47,46082.690055,51.7002
HOOW,23.22,23.3,23.55,22.75,180400.361672,23.2317
BHR,2.53,2.52,2.605,2.49,542885.98041,2.5531
SWKS,68.14,67.7,68.75,66.7,4624755.58339,67.9922
ACNB,52.53,52.24,52.92,52.155,43328.26022,52.5277
ERIC,12.53,12.42,12.57,12.13,9718871.414469,12.3689
CBOE,366.7,354.65,367.91,352.8125,894639.86844,363.583
CRNX,37.48,36.51,38.05,36.16,1174380.648004,37.4855
IGLB,49.51,49.5,49.56,49.36,3251216.553381,49.4777
XBI,135.85,134.62,136.37,133.69,7037208.934235,135.2394
RBLY,12.9742,12.71,12.9742,12.5,5174.09049,12.7138
SPRX,49.13,48.3,49.58,47.1,133456.797756,48.6543
ARRY,8.79,8.65,9.06,8.473,6132829.559747,8.801
CCUP,7.04,6.98,7.49,6.15,4859433.101809,6.8816
FLBL,23.105,23.06,23.14,23.055,336963.129127,23.0962
QUAL,210.97,210.48,211.4395,209.69,901780.639965,210.5303
MYRG,467.97,461.45,472.18,445.09,227448.412654,462.3527
EWD,50.74,50.23,50.77,50.185,143909.999856,50.5639
PSApM,16.15,16.27,16.27,16.11,9575.6388,16.1713
FTEC,270.74,270.62,272.0508,266.7868,339836.652232,270.1437
WDAY,116.5,115.56,117.36,112.545,5157370.53244,115.1497
IXC,54.8,54.7,54.84,54.36,471474.479132,54.661
JCHI,57.5353,56.36,57.62,56.36,620.063816,57.1288
TECB,68.6118,68.32,68.73,67.895,13876.613903,68.5488
ELAB,1.98,2.07,2.15,1.8441,2134549.855044,2.0095
SCHQ,30.81,30.85,30.895,30.75,390664.983058,30.8057
HEEM,43.2,42.77,43.4199,42.61,137533.565079,43.1251
HAIN,0.7793,0.7428,0.813,0.7423,731245.75736,0.7674
KMPR,29.8,31.09,31.105,29.76,1339749.46189,30.1556
AKAM,161.14,154.0,165.45,151.87,10932219.37917,160.4799
ZTEK,1.01,0.8898,1.1,0.8652,587784.852022,1.0098
HUYA,3.08,3.07,3.22,3.06,654463.791429,3.112
CDNS,354.55,359.04,361.025,350.55,2321467.221189,354.3242
AVEM,94.88,94.15,95.2299,93.66,1378275.577908,94.7803
XRPZ,15.43,15.61,15.61,15.334,329224.676096,15.4956
CRWV,111.31,112.95,112.98,106.34,23597982.087823,110.4534
KPTI,8.85,8.99,9.025,8.5701,953906.648446,8.7399
MEME,10.32,10.33,10.5,9.81,518570.846755,10.2616
FXI,38.26,37.12,38.35,37.11,72843655.011328,38.139
NUGY,16.155,16.15,16.1858,15.99,28366.1472,16.1094
MAMB,24.275,24.35,24.35,24.23,10018.0,24.2635
VSME,0.87235,0.8501,0.8797,0.7594,125633.1326,0.8534
ITB,88.97,90.0,90.32,88.12,1715679.910524,88.9452
XAIX,53.45,53.1,53.545,52.6494,19998.117252,53.2258
ACIU,2.84,2.855,2.855,2.72,251197.011588,2.8044
WDCX,28.81,29.9667,29.9667,26.6667,809995.021509,28.5958
GMTL,15.9,14.88,16.8,14.53,370573.70667,15.651
WETH,1.67,1.71,1.76,1.67,91469.139,1.7141
OPHC,5.47,5.55,5.55,5.4404,44314.316,5.4999
EML,20.82,22.1,22.1,20.82,27667.3219,21.1762
PFFR,17.92,17.98,17.98,17.82,18500.470311,17.9123
IQMM,100.09,100.07,100.09,100.07,4270163.810133,100.09
FFLG,34.17,33.89,34.2906,33.64,87221.969949,34.1441
AVGO,416.79,415.805,418.63,404.8,16981163.087941,414.7475
SLM,21.32,21.86,21.86,20.93,2796312.579579,21.2283
ORKA,63.18,64.56,65.0,62.1872,947447.514291,63.3338
BTBDW,0.0505,0.05,0.0739,0.05,3716.0,0.05629
PENN,15.83,15.64,16.1499,15.5,2852005.813392,15.8081
ULBI,5.875,5.91,6.1768,5.78,60725.551,5.9255
SOAR,0.158,0.151,0.16,0.145,1699948.356165,0.1501
ITRN,58.99,59.7,60.0,58.11,134766.050728,58.8537
MSII,8.19,8.35,8.35,8.14,6666.343387,8.28
STVN,17.86,18.24,18.62,17.31,421404.375595,17.8581
PLXS,261.91,266.83,269.47,260.97,326665.229766,263.1093
MTCH,36.07,35.23,36.485,35.1,3835290.881656,35.9167
SIGA,4.31,4.42,4.47,4.3,512414.442333,4.3465
SEF,33.14,33.05,33.14,33.01,13215.220287,33.1167
FTQI,21.61,21.59,21.63,21.507437,208281.024631,21.5817
FLQL,76.97,76.2,76.97,76.0906,91059.41155,76.7993
GCTS,1.45,1.57,1.5999,1.44,6335554.56024,1.5254
IVW,137.25,136.15,137.7,135.12,1534550.442073,136.8552
NWS,30.68,30.26,30.76,30.26,1271274.837023,30.5571
FLTR,25.52,25.51,25.52,25.5,1933438.092751,25.5174
RTRE,24.9149,24.81,24.94,24.81,29594.5641,24.9015
DFNL,45.5485,45.95,45.9823,45.5201,13210.1084,45.6784
SPRC,5.02,5.39,5.45,5.02,93452.328745,5.2968
STE,211.1,209.26,212.57,207.795,979812.647183,210.9281
LNG,239.38,244.25,245.0,238.61,2120822.954359,240.169
PNBK,1.06,1.07,1.09,1.05,300636.0,1.0676
IAUM,46.72,46.73,46.93,46.54,1132382.402396,46.7318
MTVA,1.2,0.971,1.24,0.971,206180.665296,1.1276
RYAAY,54.94,55.29,55.995,54.875,1658844.848588,55.267
IMCG,90.11,90.36,90.4,89.22,59513.823799,90.0753
WW,9.64,9.53,10.815,9.25,397266.965841,10.0563
ROCQ,56.7835,56.65,56.92,56.27,174934.069364,56.6443
RBLU,5.8,5.67,5.89,5.33,309978.966329,5.6871
WTTR,18.34,18.05,18.455,17.74,2457039.665227,18.0999
AEI,1.8,1.88,1.92,1.7552,10826.021978,1.8524
CLNK,18.52,18.74,19.04,18.43,23904.72,18.5786
FDT,99.9097,98.98,99.985,98.91,137630.56739,99.7549
NVOX,16.12,16.13,16.1979,15.825,538302.334956,16.0751
DUHP,39.9,39.9,39.99,39.69,638584.13427,39.8787
BBY,55.52,56.7,56.99,55.1,2973395.512898,55.5236
TFLR,50.945,50.93,50.98,50.92,290236.4956,50.9486
NHS,6.46,6.44,6.48,6.426,202617.7705,6.4655
BX,119.62,121.6,121.73,118.5,4997301.757952,119.7911
BIZD,12.57,12.59,12.665,12.515,3899502.47833,12.5954
XTRE,49.12,49.11,49.1308,49.08,24296.8636,49.1102
MLSS,0.3504,0.335,0.39,0.335,573107.196367,0.3615
ERY,11.43,11.46,11.7001,11.4101,1710512.371244,11.5539
SDS,58.1,58.71,59.18,57.85,2739009.145168,58.4265
UMC,15.92,15.58,16.135,15.57,11526657.01919,15.9814
GIAX,17.21,17.17,17.29,16.9301,65119.194446,17.1504
MPLY,32.7507,32.63,32.83,32.43,11553.937333,32.7056
DRS,42.5,42.5,42.68,40.85,816753.571934,42.312
PCT,10.2,10.09,10.24,9.55,4650651.012309,10.0006
MMIN,23.97,24.01,24.01,23.96,63771.628753,23.9849
FSYD,48.87,48.8,48.91,48.76,34865.984146,48.8182
PINK,36.564,36.12,36.61,36.03,28802.1341,36.3436
DIVB,58.255,58.23,58.325,58.0401,62790.199956,58.2203
KURE,17.405,17.13,17.5699,17.09,4019.048628,17.407
IVT,30.88,30.91,31.3,30.66,302131.25452,30.8607
MPC,249.09,253.38,254.9398,245.51,4157711.31941,249.124
NMTC,4.51,4.46,4.7236,4.45,61075.05392,4.5597
MSCI,570.91,576.0,581.3459,554.5075,690350.684833,568.3452
DIEM,42.0439,41.74,42.1498,41.74,9606.444,41.9959
GEMI,4.92,4.98,5.0097,4.7603,1071160.124542,4.9006
SIFY,16.175,16.11,16.5063,15.58,34901.599285,16.0679
SCHH,23.42,23.5,23.5,23.295,3903925.95527,23.4223
IGV,88.6,88.82,89.02,87.5,17058874.397267,88.2963
XNTK,339.91,339.8,342.03,335.325,54689.39281,338.8664
SYFI,35.705,35.66,35.7199,35.66,136915.5049,35.7034
TX,45.56,45.74,46.43,45.28,466431.904273,45.9661
URNM,63.88,64.95,64.95,62.76,560220.538711,63.954
CLS,372.55,380.25,380.25,358.85,1775965.877435,369.3952
CRESY,10.6,10.77,10.8,10.31,467207.565385,10.5377
AXTX,60.06,67.17,72.0,54.6,1470240.401534,60.2688
LBRX,32.31,30.78,32.625,30.78,179294.406012,32.0441
GBFH,27.4,27.59,27.9,27.39,39003.2882,27.5776
PEPG,1.78,1.63,1.82,1.58,1415927.584345,1.7377
JMTG,50.64,50.57,50.64,50.525,276501.984249,50.5845
LLII,21.92,21.38,22.05,21.38,19994.8082,21.6465
USMC,73.0676,72.54,73.2,72.46,87871.24512,73.0465
WYY,8.24,8.37,8.555,8.0,57635.3184,8.3297
CIG.C,3.19,3.35,3.35,3.19,2252.52145,3.263
QCOC,23.64,23.62,23.65,23.62,2702.0,23.6445
EAD,6.53,6.55,6.555,6.52,73686.6301,6.5425
NHTC,2.86,3.05,3.05,2.85,51797.363022,2.9147
SHMD,6.17,6.06,6.21,5.79,674082.394384,6.0988
GLTR,232.06,230.98,234.39,230.2372,37235.233767,232.431
RGT,14.38,14.29,14.63,14.29,29239.315668,14.356
IYG,86.2,86.43,86.54,86.155,55790.998093,86.3066
NAMS,37.75,38.36,38.87,36.96,1749737.669035,37.7209
LOT,1.43,1.5,1.51,1.36,157517.958766,1.4353
FRNW,26.42,26.22,26.551,25.77,94162.261332,26.3243
TMF,34.05,34.2,34.35,33.81,3564964.761078,34.0527
SPTM,89.89,89.53,90.07,89.12,365694.195376,89.765
GSIT,12.255,11.61,13.0,10.8,4425956.461203,11.9514
GXIG,24.885,24.7,24.885,24.7,15852.1802,24.7975
AMZA,47.5889,47.45,47.6599,47.0601,26765.808808,47.3392
ATRC,26.59,26.43,27.015,26.41,573530.882688,26.6533
TWFG,18.9,19.12,19.14,18.25,358810.917991,18.7345
SGDJ,97.2005,96.97,98.1,95.68,46063.04362,96.904
BTBD,1.11,1.09,1.13,1.05,178802.0,1.0887
PAVE,56.47,56.62,56.78,56.08,1719903.08636,56.4644
UBT,15.79,15.83,15.85,15.7,62037.064882,15.7584
HIPO,26.38,27.11,27.25,26.22,89890.297162,26.7202
DLLL,9.1962,9.2413,9.4094,8.6813,1583251.826496,9.1562
BSBR,5.41,5.64,5.67,5.41,1230277.796048,5.5249
SCHG,34.32,34.04,34.43,33.85,9081970.104279,34.2189
XRP,15.88,16.07,16.07,15.8,561332.4885,15.9345
BETR,29.0,30.32,30.62,28.86,454412.551523,29.4661
UFPI,81.48,82.7,83.36,81.07,470114.738665,81.5232
JRSH,3.3,3.362,3.39,3.25,172435.036776,3.3138
TCAF,40.2,39.98,40.2751,39.85,1083558.580841,40.1622
ABEO,5.71,5.81,5.928,5.525,2501204.822392,5.7115
IBDR,24.21,24.21,24.21,24.2,557337.57878,24.2052
PDBC,18.7,18.824,18.915,18.69,3854407.406065,18.7643
VGHY,74.7,74.62,74.99,74.58,47224.220208,74.6972
ARKG,29.63,29.81,30.0,29.471,1090075.946015,29.7136
MARW,35.805,35.71,35.805,35.71,2074.0,35.7736
XTNT,0.48,0.5045,0.52,0.4701,302571.565598,0.4947
AMDW,94.99,97.71,98.07,92.1301,44935.356365,95.028
XTL,226.99,226.07,229.2912,223.03,35395.574469,226.8037
SVIX,19.26,19.55,19.67,19.18,2323262.807176,19.4181
APLS,41.03,41.05,41.07,41.03,68611410.609634,41.0362
QDEL,11.05,10.98,11.33,10.755585,2060977.522216,11.1006
CMDY,63.26,63.55,63.7572,63.165,44597.3326,63.5203
ZDGE,2.8,2.94,3.0,2.8,55829.762019,2.875
BYLD,22.54,22.52,22.56,22.52,55897.4066,22.5413
LYV,168.46,165.62,170.21,163.93,2148111.464227,168.543
UCYB,55.9238,53.56,55.9238,53.56,855.6366,54.2472
XGN,3.47,3.72,3.745,3.43,297613.881362,3.5452
FBY,10.17,9.94,10.2099,9.925,243233.086883,10.1161
RXRX,3.05,3.12,3.15,3.05,13643759.276995,3.0912
WFCpL,1186.99,1185.0,1188.9999,1182.878,4039.3469,1186.2246
DFEN,67.03,66.615,67.75,63.11,277176.292495,66.214
HIPS,11.76,11.83,11.83,11.73,79950.983735,11.7504
FAST,43.77,43.3,43.875,42.995,7430005.410301,43.5521
STIP,103.72,103.75,103.77,103.7,953597.003641,103.7318
HECA,27.9,27.9,27.9,27.75,114580.133241,27.8397
MRCY,92.5,91.79,92.64,88.12,406821.795583,91.7349
PENG,48.27,51.105,53.27,47.5,9135672.846176,49.5294
EUO,28.9622,28.97,28.984,28.9495,6734.913277,28.9676
LITE,1030.37,1051.585,1062.1,998.2,4398494.975914,1032.1027
MCBS,31.41,31.14,31.41,31.03,54857.030087,31.3226
XJH,49.1619,49.29,49.44,49.035,14818.84257,49.1313
AMWD,35.15,35.65,35.65,34.31,287540.029795,34.9931
RERE,4.72,4.62,4.77,4.57,941896.867305,4.6978
QCOM,213.17,216.625,219.49,207.15,26226304.744249,213.7704
FVD,46.84,46.99,47.06,46.67,1021132.555914,46.8096
BSMC,37.1133,37.22,37.24,36.97,6693.8172,37.1361
ARKK,78.05,78.17,78.71,76.6,7476830.259912,78.0323
MCRB,7.76,8.02,8.02,7.76,35461.045671,7.87
TLTX,22.8453,23.0,23.0,22.82,29787.567695,22.9314
OSIS,218.49,229.24,229.24,213.8832,386336.217237,219.2228
IBHJ,26.38,26.39,26.4,26.35,49818.1936,26.3769
INDY,42.22,41.99,42.3,41.911,66774.561893,42.1296
SPRE,21.3,21.39,21.39,21.2447,55625.158998,21.3128
SCHD,31.75,31.76,31.78,31.5746,16077364.76215,31.6826
ATLX,5.28,5.91,5.96,5.27,931385.799146,5.5414
DVYE,34.87,34.8,35.1097,34.74,101456.011019,34.9578
SPLV,72.72,72.67,73.0,72.31,3096688.680254,72.5865
FWD,136.51,136.14,136.89,134.105,143487.153175,136.3135
SCO,25.2,24.8,25.6,24.6,14363348.039101,25.1292
RGP,4.34,4.26,4.35,4.26,191231.523662,4.3195
PTF,122.41,123.6,123.715,119.5,76840.1799,122.1639
GLD,430.5,430.52,432.49,428.75,4180266.540283,430.589
COIW,13.33,13.53,13.53,12.98,158564.673244,13.2844
PHYS,35.52,35.5,35.685,35.37,1595819.040908,35.5172
BUFD,29.41,29.37,29.46,29.37,210177.7456,29.4207
BERZ,23.6602,23.41,24.93,23.21,107027.8829,23.8515
COLL,34.87,36.11,36.47,34.55,660128.349949,34.9966
VTEC,99.44,99.58,99.58,99.41,507669.030655,99.4839
AEVA,20.26,18.9,21.88,18.7115,4031011.430327,20.2864
TEMT,16.95,17.45,17.45,16.42,210805.676967,17.011
UG,6.99,7.0,7.035,6.92,4487.4934,6.9921
GRPM,124.35,125.48,125.48,123.995,10281.26767,124.3684
SGDM,79.35,79.5,80.18,78.25,28613.238511,79.1905
UPS,98.45,98.28,99.23,98.01,5029760.111442,98.4655
BSOL,12.27,12.58,12.59,12.18,2595910.344458,12.3335
TFLO,50.55,50.55,50.55,50.54,1479122.094926,50.5448
ARVN,9.87,9.8,10.06,9.57,802215.984424,9.8033
GYRE,7.28,7.37,7.43,7.2315,35191.278244,7.2934
FCPT,24.43,24.89,24.95,24.4,752159.49396,24.5418
PWZ,24.18,24.21,24.23,24.16,261619.14931,24.1902
ARKX,34.81,34.78,35.01,34.05,712475.725318,34.6982
MEAR,50.27,50.28,50.28,50.23,99732.9291,50.2635
IPAR,88.76,89.93,91.31,86.72,247676.983967,88.6144
AVL,57.76,57.43,58.32,54.5,277777.670223,56.9724
SCNX,0.409,0.39,0.4185,0.39,163817.731124,0.4089
QMAG,25.045,25.11,25.11,25.01,2384.0,25.0396
EXLS,27.16,29.36,29.475,26.84,3447653.065955,27.4812
TOLL,38.4951,38.45,38.53,38.201,7817.0494,38.3553
DSI,141.24,140.45,141.585,140.01,124717.233169,140.7141
ROE,39.9592,40.08,40.08,39.84,27221.7686,39.9632
IFRA,61.34,61.61,61.645,61.075,171327.492051,61.3363
PAVS,115.0,117.0,118.5,112.0,396.620589,115.13
PXF,76.62,76.15,76.64,75.99,89044.486162,76.4168
NSIT,87.32,87.08,87.58,83.665,576369.792458,86.0858
WWR,0.6312,0.6302,0.6555,0.615,1545853.899692,0.6404
CZR,26.79,25.719,26.895,25.65,4797618.533129,26.597
JMBS,45.13,45.07,45.15,45.015,525187.929801,45.098
KAPR,38.56,38.57,38.67,38.51,12960.6176,38.5946
BWA,66.87,63.96,69.4,63.96,6900280.988955,67.3243
JCSE,1.4,1.29,1.44,1.29,31809.091135,1.361
BBSB,98.364,98.36,98.364,98.3291,6994.3963,98.3562
KEY,20.75,21.12,21.21,20.72,7807694.641594,20.8726
MTEK,1.16,1.17,1.19,1.149,58168.431225,1.1727
BWAY,16.31,16.63,16.805,15.35,368822.751958,15.9542
AAPX,34.71,33.57,35.11,33.5,204071.581631,34.4255
ANDG,35.5,36.74,39.54,34.3241,405416.256944,35.8244
MGC,273.2,271.36,273.8225,270.49,81065.921745,272.2
JXI,85.1,85.29,85.32,84.79,25851.531309,85.0923
TNYA,0.9595,0.9902,1.0,0.93,4121429.612263,0.9614
FLY,39.37,39.99,41.0,38.0101,6071779.874306,39.5451
XRMI,17.37,17.37,17.37,17.29,14581.1237,17.3276
FHN,23.43,23.76,23.925,23.39,3662670.330407,23.5789
LQDH,93.05,93.09,93.13,92.9601,27486.69244,93.0383
HYBI,49.3407,49.31,49.4599,49.245,48403.29188,49.3285
PFIS,57.49,56.92,57.96,56.92,32627.3842,57.5062
JEDI,30.05,29.99,30.2099,28.91,102784.297818,29.7622
CIFU,28.89,26.7,29.816,25.0235,246499.690965,27.6154
IDHQ,40.74,40.35,40.74,40.31,42995.173977,40.5043
GOOX,104.99,96.78,105.42,96.78,125189.859134,102.9223
BIPC,40.61,40.525,40.795,39.77,970243.58163,40.4683
DVY,152.04,152.21,152.445,151.49,365658.235907,151.9705
NVA,6.13,6.3,6.388,6.105,467446.788749,6.2044
HYGV,40.16,40.12,40.18,40.08,92161.8564,40.1298
C,124.1,125.0,125.85,123.76,7207145.454376,124.6606
AIVC,102.42,100.76,102.9,100.055,15376.416575,101.9582
MSTW,8.63,8.88,8.92,8.49,456690.601017,8.7186
GLL,20.05,20.05,20.23,19.89,1306455.069161,20.0699
EWL,61.76,61.26,61.76,61.26,273464.314074,61.5655
CQQQ,56.28,54.52,56.465,54.26,4644246.745992,56.1457
CLSE,33.2,33.05,33.2531,32.84,97772.129966,33.1231
DVAL,14.9039,14.9,14.94,14.872,9287.66,14.8989
BACpL,1208.0,1211.0,1211.9899,1207.5,3457.2291,1209.7328
FFSM,36.0,36.07,36.09,35.82,69813.740146,35.929
REZ,91.9887,91.46,92.01,91.07,28590.659389,91.5772
TOUS,37.26,36.98,37.29,36.9,420833.857031,37.1684
DHS,110.88,110.7,111.13,110.47,25522.371271,110.8047
ENB,55.19,54.895,55.325,54.7094,5645619.962351,55.0986
RGTU,22.4198,24.0,24.0,21.0,102540.594316,22.6135
OKTA,78.2,78.46,80.09,77.45,2206585.070668,78.4376
XTN,100.02,99.89,100.645,99.59,14217.283799,100.0439
CLOI,52.85,52.85,52.85,52.8,196783.253628,52.8097
FELG,44.13,43.76,44.275,43.555,239519.375688,44.0755
MGRC,114.19,113.63,114.34,112.9,125951.33263,113.9381
EMMF,37.9499,37.63,38.0669,37.62,8281.4914,37.9539
DFGR,28.77,28.81,28.855,28.6001,371148.04209,28.7438
FLKR,61.16,60.72,61.2691,59.68,528056.371912,60.6059
XHB,98.98,99.69,99.79,98.29,1895653.739729,98.8951
HYG,79.91,79.84,79.9461,79.79,33257270.413588,79.8831
PSN,50.34,52.76,52.76,48.7601,1439297.379221,50.5277
TME,8.94,8.97,9.08,8.745,13812787.428586,8.9476
SCHM,34.47,34.69,34.69,34.23,765195.437872,34.4588
QUBT,11.03,11.695,11.72,10.845,36152641.065327,11.2192
TLDR,25.005,25.02,25.02,25.0,8210.109129,25.0161
MVSTW,0.0163,0.0179,0.018101,0.015,79480.0,0.01622
EYE,16.92,18.99,19.19,14.75,13323488.29316,16.3194
IDN,4.45,6.02,6.02,4.06,4095748.044812,4.5587
RWL,125.07,124.45,125.2658,124.2306,241223.68545,124.8692
AIPI,36.78,36.65,36.86,36.42,123074.439645,36.7032
MGEE,74.9,74.5,75.27,74.1,338729.323583,74.8431
BCTX,4.18,4.13,4.23,4.04,87539.484837,4.1254
YBIT,24.6,24.72,24.72,24.35,28983.464759,24.5455
QBTS,21.44,22.38,22.39,20.7,25576512.742736,21.3194
MYSE,1.65,1.69,1.75,1.6217,170917.0271,1.6882
SPHQ,82.39,82.62,82.68,81.98,705625.040564,82.3286
FLRN,30.78,30.77,30.78,30.76,768374.527951,30.7738
RQI,13.22,13.31,13.32,13.16,278869.603823,13.2279
BKCI,52.5604,52.48,52.5604,52.32,3346.655946,52.4635
SGP,23.82,24.27,24.48,23.65,20327.523686,24.0279
NUMV,41.5309,41.59,41.59,41.37,13923.50401,41.5036
ASPI,6.32,6.0,6.5,5.8867,6349050.323229,6.2752
DCGO,0.5875,0.5815,0.6197,0.56,456552.234893,0.5937
SNOW,152.37,150.01,154.89,146.05,6892746.736025,151.7309
FAUG,55.6846,55.6,55.705,55.5501,6813.0,55.6297
RZLV,2.62,2.8,2.82,2.61,14061538.309123,2.6895
FNGO,136.51,134.43,137.1745,132.48,8283.576924,136.1952
GDX,96.23,96.09,97.2,94.64,12254826.955245,96.0575
GLXU,13.18,13.17,13.965,12.74,198730.136086,13.3243
BUCK,23.58,23.51,23.63,23.5,162734.910864,23.5576
JYD,5.49,4.97,5.49,4.73,66448.547702,5.0076
IBDU,23.17,23.15,23.18,23.14,766221.781694,23.1621
GLNK,9.04,9.18,9.18,8.92,291422.92333,9.0592
ECH,40.41,41.39,41.39,40.305,286144.788664,40.8007
UYLD,51.07,51.06,51.11,51.05,222404.647743,51.0832
FHDG,35.76,35.82,35.82,35.75,3417.0,35.782
DMBS,48.97,48.9,48.98,48.87,56989.4187,48.9336
ADBG,4.18,4.27,4.27,4.065,2882122.588387,4.1457
DAL,71.05,70.49,71.33,70.12,4530462.004006,70.8963
IQQQ,49.4441,49.07,49.49,48.9269,27924.280245,49.2868
UMBFO,26.835,26.96,26.96,26.746,3467.0,26.8916
INTT,18.81,16.81,19.0,16.04,855163.425838,18.2144
GHYG,45.4,45.42,45.4799,45.33,12586.8294,45.4196
SPXL,270.58,266.41,272.205,263.19,1737623.192211,268.6829
VFS,3.98,4.08,4.15,3.97,588670.519474,4.0473
GBIL,100.01,100.02,100.02,100.01,1579016.782797,100.0177
ISHG,75.795,76.29,76.29,75.68,65735.95095,75.7939
DRV,19.68,19.21,20.0,19.21,74866.361374,19.7809
WRTH,24.93,24.99,25.0391,24.92,28266.595956,24.979
GQRE,64.4285,64.53,64.53,64.24,11646.6193,64.3628
COKE,164.98,172.83,175.95,164.72,885462.950466,167.5875
WTAI,41.32,41.05,41.4899,40.28,126381.833766,41.0183
VXUS,85.08,84.41,85.12,84.265,4883227.510302,84.8714
EIKN,12.31,11.38,12.39,10.8,449984.870629,12.0244
QNST,11.55,11.74,11.885,11.145,1735990.222553,11.4409
BTSG,56.5,55.52,56.97,55.2,2795229.898337,56.2507
CAKE,56.53,60.52,60.52,55.83,1699885.173337,57.127
IVE,224.64,224.31,224.89,223.81,508923.28018,224.4371
MARS,35.94,36.29,36.6511,34.75,164295.338603,35.8724
FDRR,64.51,64.26,64.545,63.69,21352.38664,64.3662
NMRK,15.84,15.93,15.97,15.62,1017889.356707,15.7964
CCEP,91.42,92.0,92.98,91.03,2458979.416086,91.5053
SFY,147.5,147.0,147.845,146.26,13873.276621,146.8453
GGLL,148.94,136.78,149.59,136.5,1384732.150602,144.51
EMA,52.5,52.5,52.66,51.63,220506.073042,52.3593
VSAT,70.58,71.89,72.42,69.63,1275909.318083,71.0524
PXS,4.32,4.29,4.51,4.2577,28477.6188,4.3645
TBT,36.45,36.32,36.64,36.225,537027.508446,36.4569
LUNR,35.68,34.354,36.72,32.93,16506996.708996,35.2693
EBMT,22.13,22.4,22.715,22.13,30338.152,22.2896
TMB,25.41,25.4,25.43,25.4,3610.9084,25.4061
RMCO,2.73,2.8,3.1899,2.6601,12454.246975,2.8193
FPAG,39.18,39.04,39.219,38.92,69685.0254,39.1286
FIZZ,34.81,34.32,35.065,33.99,280331.968747,34.6561
USCI,102.1,102.6,102.93,102.1,13334.121494,102.5025
SLSR,11.13,10.87,11.48,10.73,310295.580008,11.1543
EVTC,23.55,24.48,24.48,22.72,786760.047664,23.4848
FTSM,59.86,59.85,59.86,59.84,542170.8147,59.8468
BSJT,21.25,21.24,21.25,21.2,62169.9974,21.2309
BURU,0.2167,0.2171,0.23,0.2051,11896721.67336,0.2133
TRAX,18.43,17.48,19.14,17.41,301909.360167,18.2467
BAFN,6.79,6.84,6.84,6.43,32642.694917,6.6506
UPBD,17.28,17.79,17.905,17.01,831241.671018,17.3007
CUBE,39.89,40.75,40.75,39.68,1617606.913074,40.0422
NULG,109.48,109.34,109.8785,108.02,184094.252005,108.9923
PRFX,1.61,1.64,1.65,1.5702,14610.961177,1.6026
YYGH,31.5,31.2,36.9,31.2,17572.261369,34.113
IHAK,51.03,50.95,51.24,50.34,82390.687589,50.6832
BITC,40.3899,40.62,40.62,40.01,3261.168737,40.3956
ATCX,5.38,5.33,5.5,5.33,10908.598,5.4043
CDW,100.4,100.985,102.25,97.34,2589835.538855,99.8666
XRPR,11.63,11.72,11.72,11.54,8356.7133,11.6579
ENPH,42.0,38.5,42.9,37.65,11512757.297782,41.254
SLX,109.77,107.95,110.03,107.92,66980.007081,109.5893
FDIG,44.845,44.94,45.4699,43.9243,47377.823595,44.534
GPZ,23.26,23.59,23.59,23.18,248641.9717,23.3141
UNG,10.98,11.2,11.2076,10.945,6926191.418498,11.0483
VLU,232.4501,232.12,232.675,231.7,6602.3403,232.2381
IQSI,37.8081,37.59,37.92,37.59,186747.3856,37.916
CBUS,1.455,1.43,1.49,1.43,90213.600122,1.4586
VIVK,1.44,1.57,1.6,1.41,131898.516954,1.4941
UX,29.8377,29.9,29.9,29.64,5278.0828,29.7763
FOXY,29.2769,29.27,29.47,29.27,52294.281445,29.3613
FSTR,40.92,40.78,41.34,40.2,126782.568882,40.9158
SPAB,25.44,25.43,25.49,25.385,986188.534602,25.4228
XWIN,8.32,8.51,8.69,8.11,3257266.534391,8.3
HYFI,37.32,37.35,37.37,37.3,22584.922863,37.3374
CPRT,32.94,33.2,33.28,32.5602,5863796.816542,32.8671
ALRS,26.61,26.68,26.96,26.26,118294.362068,26.5861
CRDU,54.11,62.0,62.0,52.0,445172.986185,55.1637
NTLA,14.28,13.97,14.58,13.75,3757903.651515,14.197
GJUN,40.915,40.73,40.95,40.73,30455.0,40.9031
ESGV,130.64,129.82,130.95,129.5,144837.294086,130.3133
GTN,4.16,4.37,4.37,4.145,2084408.702506,4.1876
INTC,120.29,124.1,125.0,116.41,115364423.234441,120.8396
LTPZ,50.83,50.96,50.96,50.735,72020.830269,50.8254
SPTI,28.39,28.37,28.397215,28.334106,1368655.136167,28.3727
RXD,20.2922,20.86,20.86,20.22,5831.2081,20.3118
IVES,36.47,36.2,36.61,35.65,430836.856405,36.2793
EDGQ,28.2981,28.2,28.4188,28.035,6682.6204,28.2119
MOBXW,0.095,0.092,0.1049,0.0917,16842.0,0.09257
UITB,46.6654,46.63,46.675,46.575,143700.47533,46.6396
NUTX,131.9,135.39,136.1,130.4501,131112.538522,133.3508
IWF,124.31,123.28,124.69,122.6,5483354.951521,123.5543
WANT,45.85,44.96,46.3,44.395,13659.556807,45.4981
VEEE,7.15,7.73,7.73,6.9,87184.628873,7.2873
IYE,61.1,60.92,61.17,60.46,573882.567846,60.8297
FIG,18.94,19.165,19.305,18.515,13430049.273657,19.0188
RITR,0.501,0.4944,0.5195,0.49,20277.0,0.5073
IWY,292.0,289.35,292.88,288.06,269256.680028,291.4826
TDTH,1.61,1.66,1.68,1.43,48944.672631,1.5442
SPDF,27.1762,27.12,27.22,27.01,7987.9112,27.1211
CGMU,27.3,27.32,27.33,27.29,910683.601176,27.3063
TAL,11.51,11.07,11.6,11.02,5269829.943708,11.4444
FXO,58.07,58.66,58.66,57.935,40301.45931,58.15
MBCC,38.2798,38.46,38.46,38.0301,8685.2282,38.31
GDOG,13.26,13.2,13.43,12.92,118455.0448,13.1408
SNDL,1.41,1.4,1.45,1.39,2231287.082522,1.4216
OPRX,4.915,5.62,5.72,4.57,2221808.742439,4.8817
BNTC,11.65,11.67,11.925,11.45,72239.454841,11.6202
IREZ,8.25,7.58,8.65,7.57,5552298.590837,8.1159
ITM,46.64,46.65,46.68,46.615,100914.009916,46.633
NVD,4.33,4.38,4.5121,4.25,74507821.846783,4.3316
WAR,31.59,31.74,31.81,31.0,54631.372276,31.5811
SBFM,6.601,8.7,8.8,6.59,52642.057619,7.0
XXV,23.6918,23.93,23.93,23.65,18708.4284,23.7471
WTMF,41.28,41.24,41.43,41.24,114271.222899,41.3413
SGHT,4.9,4.85,4.96,4.71,131591.2317,4.8883
NAUT,2.95,2.95,3.16,2.92,450467.627564,3.0398
HBANP,16.89,16.97,16.97,16.85,25930.0,16.8773
LNAI,2.376,2.392,2.468,2.3288,104158.337168,2.3624
BEZ,19.9,20.7,22.9,18.801,464284.047535,20.396
QMOM,79.8869,79.88,80.21,78.7169,19549.886605,79.6093
PAAA,51.39,51.41,51.41,51.39,1915534.119133,51.3993
SNDK,1447.23,1512.485,1513.57,1404.86,11618715.763779,1452.1541
KOS,2.99,3.07,3.093,2.96,9442861.245428,2.995
SFLR,37.92,37.83,37.9599,37.675,564115.3748,37.9277
HYLB,36.49,36.46,36.4951,36.425,411326.816962,36.4616
EWT,94.86,93.99,95.04,93.65,4436576.479349,94.4838
CRM,165.84,169.78,169.78,164.75,11951930.031059,166.4767
OZK,46.61,47.18,47.35,46.44,846437.811192,46.686
APPS,4.12,3.93,4.265,3.85,4075153.212056,4.1077
LEMB,41.92,41.97,41.99,41.92,83681.216352,41.95
PNFP,94.3,95.91,96.58,93.645,1319271.061239,94.5081
SCMB,25.57,25.6,25.625,25.565,1051508.541597,25.5826
SVC,8.25,8.2,8.7995,8.125,3114705.771967,8.4665
VRTL,69.7667,71.0967,71.9133,66.2167,151515.037779,69.6379
BHFAL,16.85,16.85,16.93,16.79,13385.455,16.8191
STCE,73.42,73.41,74.2,71.47,115426.06502,72.9304
DBC,31.37,31.6,31.715,31.311,777791.039655,31.4998
EUV,27.56,27.55,27.92,26.61,1611217.277007,27.4656
FUNC,37.03,37.2,38.14,36.9,14246.2706,37.0487
EGG,6.48,6.8,6.8,6.48,14475.7515,6.6162
FSI,6.43,6.4,6.525,6.25,28261.133555,6.3995
BOXL,4.5378,4.8,4.8,4.2,25126.47625,4.4154
TPIF,37.6743,37.73,37.85,37.67,64752.15745,37.7317
CX,13.25,13.19,13.385,13.01,5367912.735629,13.2533
PED,13.93,15.13,15.215227,13.805,14548.9268,14.3809
ZETX,13.7259,14.0,14.0,13.2,25787.571215,13.7742
GM,75.81,76.22,77.66,75.45,8101646.043363,76.2294
HLNE,86.74,86.04,86.85,84.08,587441.999358,86.1494
MGNI,12.91,13.73,13.73,12.8301,3471776.360144,13.0868
FCNCA,1909.53,1907.0,1922.39,1889.0001,59339.656441,1908.3164
FWONK,91.86,90.1,92.6475,87.95,2772895.662241,91.5762
GLOF,58.51,58.3,58.59,58.04,18427.8143,58.4355
AIYY,8.97,9.14,9.14,8.82,162702.967061,9.0206
SMBK,40.39,40.59,41.28,40.175,63828.3745,40.4081
FLCB,21.35,21.32,21.35,21.295,197539.9255,21.3257
NEOVW,1.28,1.28,1.28,1.28,3086.0,1.1451
SEA,17.4049,17.6,17.6,17.29,5687.596075,17.3848
CIEG,14.82,15.82,15.82,14.24,72261.308,15.159
COWZ,62.96,63.05,63.075,62.645,872310.583946,62.854
PLTW,20.53,21.375,21.73,20.25,332512.035689,20.7176
CGUI,25.3212,25.34,25.34,25.31,74512.1831,25.3241
NATO,39.1974,39.05,39.43,38.53,87681.580436,39.179
QHY,45.925,45.83,45.93,45.83,8533.4814,45.8872
ONDS,8.86,8.92,9.18,8.67,50015022.434857,8.9085
XPAY,53.98,53.46,54.11,53.435,119045.098884,53.7015
SAIL,11.81,11.46,11.88,11.32,2787866.924894,11.7181
ONDL,13.24,13.36,14.05,12.55,1000184.048474,13.2712
GALT,2.23,2.25,2.33,2.22,411067.014602,2.2696
ONB,23.44,24.02,24.25,23.41,2880058.234812,23.5941
SKWD,44.03,44.77,45.645,43.4,818551.482055,44.0545
TSLT,23.44,22.61,24.3,21.93,3202974.453542,23.3355
VNLA,48.96,48.94,48.96,48.9301,367691.668826,48.951
NICE,86.38,85.09,87.99,84.3825,1001380.77325,86.1093
AGAE,0.3729,0.40445,0.41135,0.3635,610141.714,0.3926
SAA,31.69,31.8,31.8,31.5401,5440.742335,31.6241
RAYA,3.39,3.29,3.65,3.2,59515.780151,3.3912
XPL,0.92,0.87,0.9376,0.8577,775240.652996,0.9065
LRGC,82.76,82.28,82.8585,82.12,44904.8742,82.5986
SIG,78.02,79.37,79.97,76.315,871054.922061,77.9442
POWR,27.61,27.82,27.9,27.435,1643286.373134,27.663
VEU,82.96,82.3,83.01,82.1499,1354032.52496,82.7624
FCEL,19.92,17.665,20.27,16.3,17601339.322643,18.3586
IVVD,1.47,1.49,1.49,1.42,1962736.523879,1.4662
EXE,95.65,96.43,96.43,94.63,2033452.739257,95.448
ACMR,64.75,63.0,67.66,60.2,3474905.802653,64.7826
BKAG,41.83,41.79,41.84,41.7646,92414.500186,41.8179
HYDB,46.755,46.71,46.78,46.675,157876.743178,46.7358
GVAL,35.25,35.03,35.42,35.03,181171.645398,35.201
CLAR,2.53,2.61,2.7,2.525,318047.646817,2.5538
CHTR,143.06,146.42,146.82,141.765,3944154.600361,143.5312
NETL,26.1835,26.5,26.5,26.125,7696.538042,26.2841
DVYA,51.1151,50.74,51.208,50.74,6194.5843,51.056
FSTA,53.85,53.51,54.19,53.51,75005.813512,53.7414
APTV,54.21,55.43,56.475,53.99,4280146.985633,54.6923
SDTY,42.595,42.52,42.64,42.29,5630.0055,42.5055
FLCG,34.2325,33.85,34.315,33.85,23695.171158,34.1417
BLKB,31.34,32.0,32.0,30.97,558006.330488,31.317
CDXS,2.5,2.54,2.63,2.46,918650.761283,2.5313
AMA,24.16,24.11,24.54,22.58,421796.464934,23.9441
PTN,16.55,18.8,19.0,16.55,30549.90918,17.6308
ETHT,16.64,17.02,17.06,16.3,952115.460199,16.7707
RMSG,1.44,1.42,1.51,1.27,254441.213915,1.3429
CLMB,19.17,19.17,19.4,18.77,104041.792569,19.054
GLAD,19.23,19.6,19.6,19.2,139000.881705,19.3751
UYG,77.7589,78.06,78.4299,77.53,5732.47463,77.7891
RILYG,24.3,24.29,24.39,24.25,33959.0,24.332
GEOS,7.97,8.5,8.7159,7.775,390291.112711,8.0487
FDV,30.79,31.04,31.04,30.6301,50657.536102,30.7596
VOOV,216.93,216.8,217.1492,216.1,92091.383197,216.7068
IHD,7.39,7.39,7.4399,7.3586,78417.8391,7.384
YLD,19.01,18.96,19.02,18.93,98139.22715,18.9711
DRIP,4.65,4.56,4.74,4.53,24379272.342189,4.6688
ZFEB,25.91,25.87,25.91,25.87,5471.0,25.8851
ECX,1.08,1.07,1.1,1.05,515334.426335,1.085
GLRE,17.43,17.35,17.5,17.0,277117.138653,17.2282
DLN,94.81,94.48,94.93,94.3,116811.188936,94.6624
GGNpB,19.97,20.02,20.02,19.9,8903.0958,19.966
LONZ,49.568,49.52,49.63,49.495,562882.7055,49.5219
FDN,264.65,262.01,265.46,259.88,313143.100802,264.0048
IDAI,2.1,2.27,2.27,2.09,153890.0,2.1443
VIOG,137.7978,138.56,138.56,136.94,24517.435052,137.6157
WWJD,39.54,39.24,39.5999,39.1,37271.301864,70.4706
FPEI,19.28,19.26,19.3,19.25,181916.8128,19.2717
MDWD,16.25,16.15,16.535,16.15,53975.8777,16.2906
NVDS,19.66,19.78,20.22,19.4,374597.164368,19.6843
QJUN,33.59,33.51,33.59,33.51,29241.0,33.575
VGIT,58.98,58.95,58.9899,58.87,2810722.668969,58.9496
BFEW,20.603,20.68,20.68,20.603,1443.0,20.6726
NANC,48.56,48.17,48.61,48.055,20630.996902,48.2681
FTDR,62.64,63.47,63.47,61.955,363447.267089,62.5769
BUFF,52.19,52.17,52.2199,52.06,47698.483,52.173
AMPU,11.11,12.97,13.28,11.045,203447.8464,11.7188
NVAX,9.23,9.43,9.505,9.16,5174304.399027,9.3299
RTB,7.2,7.67,8.28,6.19,101877.264301,7.5518
RGLD,244.99,243.78,246.09,240.5,752733.575096,244.013
DFCF,42.24,42.18,42.24,42.135,744781.009312,42.2017
EPU,84.53,84.53,85.005,83.815,203261.689612,84.4838
QQQ,714.71,709.96,716.65,704.83,40012526.19568,712.1856
MSOS,4.86,4.83,5.0,4.74,4733484.709393,4.8894
DDFF,19.755,19.7,19.8,19.7,17292.0502,19.7635
UROY,4.08,4.185,4.21,4.015,2137932.181908,4.1216
CEV,10.405,10.3,10.47,10.29,41965.636483,10.3698
UGRO,5.51,5.95,5.95,5.4502,46320.167517,5.6896
SAP,160.82,162.31,162.69,158.58,5044677.216279,160.3103
ISOU,12.2,12.45,12.68,11.96,132278.627687,12.3233
VBR,230.02,231.13,231.14,229.265,257205.211388,230.0396
CCOI,15.77,15.96,16.48,15.52,916363.874375,15.7328
YDEC,27.2193,27.21,27.25,27.175,9375.0,27.2013
TLRY,5.46,5.35,5.515,5.28,3275300.15592,5.431
JDST,28.07,28.36,29.14,27.57,1002652.234544,28.361
FNX,137.3547,138.33,138.33,136.84,11821.0286,137.2412
BTCO,79.19,79.35,79.87,78.28,90016.250254,79.0539
BL,25.23,25.8,25.925,24.7,1584477.304785,25.2237
VTI,364.71,363.22,365.4,361.36,3305266.031652,363.8965
PG,142.24,143.15,144.67,141.66,6685871.842765,142.4312
PZA,23.215,23.27,23.2992,23.205,1144303.868481,23.229
CEPT,12.31,12.23,12.3899,12.13,457994.711181,12.292
NBCM,30.5997,30.74,30.81,30.5501,29867.8755,30.6443
DUSB,50.84,50.83,50.85,50.83,432268.339274,50.8436
PGX,11.12,11.12,11.1399,11.12,1322032.389773,11.1266
SLI,4.07,4.31,4.4,3.98,2215726.701259,4.1122
SOPH,4.51,4.77,4.8,4.465,104166.707213,4.5986
SWBI,14.64,14.38,14.75,14.1,496984.463466,14.4734
OVL,57.31,56.96,57.415,56.675,118261.948436,57.1633
PHAT,12.56,12.58,12.78,11.94,1154271.365182,12.471
AEON,0.82,0.8691,0.877,0.813,162111.637169,0.8375
VFMO,231.46,231.7,232.08,228.64,61586.112464,230.5655
ABTS,0.9698,0.91,0.9698,0.8729,32499.758767,0.9177
HNI,31.06,31.805,31.805,30.48,959654.263558,30.9427
FONR,18.86,18.87,18.89,18.85,32888.0,18.8626
AIMD,1.71,1.67,1.75,1.65,31551.092327,1.7572
FTLS,74.24,74.14,74.39,73.96,123664.18893,74.1783
AIXI,10.77,11.43,11.8774,10.76,245134.120914,11.3048
EWI,58.91,58.2,58.965,58.18,582021.266652,58.7974
BBH,187.3926,187.69,187.69,186.22,4274.666471,186.7924
DNLI,19.8,19.27,19.95,19.27,1257933.766884,19.7287
SPXV,82.1469,81.89,82.24,81.89,998.574312,82.131
TQQQ,77.24,75.81,77.94,74.19,64416388.772819,76.3601
PATH,9.47,10.01,10.01,9.315,43274590.944483,9.4854
WEST,8.38,8.62,8.66,8.13,1076489.587005,8.4274
BITB,43.22,43.49,43.53,42.72,1606806.904504,43.156
CIFR,21.24,20.5,21.61,19.7,30507928.467135,20.9665
IEF,94.32,94.295,94.375,94.11,3459151.269578,94.2803
GTE,9.05,9.16,9.45,9.04,303718.635155,9.1903
MRSK,38.0806,37.84,38.0999,37.84,23377.9607,38.0244
IWMY,19.64,19.59,19.64,19.45,36341.222832,19.5891
SDY,147.07,147.64,147.64,146.58,176869.854487,147.0717
OTLY,10.05,10.0,10.06,9.81,73740.684358,9.9574
GHYB,44.735,44.68,44.76,44.65,3064.378727,44.6992
PEY,21.6834,21.93,21.93,21.54,197735.679477,21.6938
IWV,420.07,418.27,420.9599,416.35,198273.025988,419.2781
MYSZ,0.54,0.55,0.55,0.53,16362.75,0.5427
GNTA,0.5868,0.6261,0.6636,0.5565,59687.539861,0.604
CRWG,43.98,45.12,45.25,40.2,1027702.892853,43.2152
IRTC,114.66,117.155,117.18,112.72,315584.956342,114.5617
CEFS,25.12,25.1,25.1899,24.94,93432.427619,25.0634
CFIT,26.07,25.87,26.09,25.87,80311.0,26.0778
FSEA,16.65,16.63,16.68,16.63,9183.8494,16.6643
CGNG,36.17,35.91,36.29,35.7,527792.8143,36.068
MAMA,13.67,13.37,13.98,13.24,383073.806719,13.7148
SPIP,26.05,26.06,26.07,26.025,231835.4251,26.0477
NBIZ,17.8,18.85,21.4,15.0,6000736.602533,17.769
YCL,18.4736,18.52,18.52,18.46,13674.986728,18.4795
VEGN,72.61,72.62,72.9899,72.0601,5108.965723,72.6003
CVY,28.4249,28.47,28.5,28.4249,2440.4883,28.4423
FMAG,36.14,36.0,36.14,35.89,25570.091545,36.0394
NBB,15.92,15.93,15.95,15.785,35082.1481,15.881
BSJQ,23.2,23.2,23.21,23.19,197179.81424,23.2021
TTWO,226.99,224.93,228.95,221.73,1660548.548366,226.7389
COMB,27.82,28.0,28.05,27.795,33954.535627,27.935
DLTR,86.8,88.87,89.0,85.8812,3023559.492149,86.83
SRLN,40.59,40.55,40.6078,40.53,1646046.596256,40.5841
NFRA,65.32,65.37,65.485,65.24,47722.39043,65.365
MRNA,50.42,52.852,53.055,49.99,7508263.720372,50.6999
RXT,5.77,5.99,6.72,5.565,39757555.701137,6.0275
XTEN,45.19,45.19,45.23,45.08,99292.5553,45.1673
LVHI,41.19,40.97,41.19,40.87,778228.405142,41.1107
ALAR,7.05,7.41,7.41,7.0,54402.1015,7.1421
VLY,13.0,13.14,13.245,12.94,5552896.552241,13.0224
DEO,80.69,80.64,81.12,79.98,839248.955577,80.5604
QTWO,44.7,46.21,46.885,44.64,1236836.22619,44.9536
RRR,51.04,52.93,53.61,51.0,713213.172449,51.6045
BIDU,150.5,139.96,152.37,139.96,5063551.24075,149.1891
QLD,92.55,91.38,93.11,90.07,3761498.305426,91.8718
EUSA,108.91,109.08,109.289,108.555,23647.537969,108.8492
BSCR,19.67,19.67,19.67,19.66,757099.35992,19.6646
URTY,74.63,74.86,75.34,72.51,784655.352179,73.9783
SMCX,14.81,15.705,15.74,14.63,1899719.375659,15.2203
MGRX,0.34,0.3461,0.38,0.34,684196.932524,0.3571
ONDU,7.7,7.81,8.15,7.35,183689.308511,7.8594
BNDX,47.9,47.83,47.9,47.81,5240053.190925,47.8757
WMT,131.47,129.19,132.53,128.77,13786552.946116,131.106
VOOG,82.52,81.81,82.77,81.21,1452113.685137,82.2344
CNR,82.41,84.97,85.5,82.39,987269.299191,83.1847
ENDW,33.965,34.53,34.53,33.87,5727.1826,34.033
DBO,22.37,22.66,22.78,22.29,548090.83918,22.4693
IDNA,29.8,29.81,29.88,29.56,27453.517345,29.7595
BKUI,49.6998,49.69,49.72,49.69,43383.0955,49.7027
CLGN,0.4187,0.4099,0.4246,0.38,96920.3231,0.4054
GLIBK,27.29,27.89,28.35,27.165,686456.898015,27.5382
AIVL,123.8832,124.38,124.38,123.7601,1021.48734,123.9128
FGI,5.99,5.85,6.19,5.77,43437.22064,6.0282
NEOV,2.99,2.76,3.12,2.73,590921.550483,2.9915
INCR,0.82,0.8212,0.828051,0.82,4594.674604,0.8263
EIPI,22.36,22.29,22.39,22.2201,101720.2109,22.298
BIL,91.49,91.49,91.5,91.49,7467267.395935,91.4952
METU,25.21,23.825,25.47,23.64,5728206.96785,24.6199
FLEE,38.4914,38.1,38.4914,38.1,3819.664842,38.2844
XLK,176.85,177.27,177.74,174.26,9817869.00262,176.3926
TVGN,6.77,7.38,7.38,6.51,12360.079438,6.8763
FSEP,54.34,54.28,54.5,54.235,12829.0,54.3466
VET,12.53,12.5,12.775,12.38,1143861.266325,12.5462
RSPT,58.34,58.61,58.64,57.5,193142.322419,58.2356
NVDQ,10.03,10.11,10.425,9.83,7834751.891351,10.0383
LDDR,79.7499,79.66,79.755,79.66,2799.3915,79.7094
OVV,57.79,58.62,58.68,56.79,4628264.615287,57.5505
WTBA,23.08,23.06,23.16,22.965,23521.92987,23.0675
VENU,3.8,3.69,3.86,3.6,179836.920839,3.7651
RYLD,15.66,15.66,15.6766,15.64,786550.148306,15.6591
IGSB,52.38,52.37,52.41,52.3301,2732912.380027,52.3742
PFGC,95.83,94.48,96.09,93.99,1636247.58241,95.6612
FIP,4.46,4.42,4.595,4.3918,1073426.969993,4.4951
URNJ,29.76,30.47,30.47,29.321,203474.254589,29.812
OPTT,0.3403,0.3459,0.35,0.3403,2425646.22561,0.3444
GOVT,22.7,22.7,22.71,22.66,7219878.394897,22.6864
NJAN,58.315,58.37,58.3899,58.17,5111.5804,58.2949
FLYT,25.36,26.4,27.29,23.3318,199363.762,25.539
RNA,13.3,13.11,13.3,12.9069,100790.99575,13.1714
JANX,14.61,14.27,14.77,14.21,845632.377822,14.538
BKTI,87.32,89.43,89.78,86.6523,46821.260803,88.0425
TRT,10.74,11.55,11.64,10.5,724498.912431,10.9299
NOBL,53.035,53.165,53.25,52.775,678325.891082,52.9906
HTGC,15.86,15.88,16.03,15.805,2122778.725036,15.9099
YSS,28.24,32.51,32.799,27.5825,4426934.312375,29.5563
REKR,0.7973,0.8055,0.8134,0.7701,2352349.520497,0.7906
PTRN,16.88,16.59,16.99,16.16,1848266.702456,16.7909
EXOD,6.9,7.45,7.45,6.9,68118.885974,7.1263
HQY,82.18,80.0,82.87,79.69,1298721.043118,81.8463
RWO,49.38,49.26,49.53,49.1101,32640.990108,49.3254
ONBPP,24.7087,24.62,24.78,24.62,12785.0,24.7134
INCY,98.82,98.735,99.04,97.07,1630417.962895,98.4144
ENVB,2.44,2.52,2.64,2.43,272617.8956,2.5379
CTRE,42.44,41.95,42.45,41.37,1969477.995454,42.1095
ASTH,39.76,38.55,39.93,37.9001,606777.341689,39.5078
FDEC,53.798,53.7,53.95,53.7,15859.0,53.8262
ATFV,38.935,38.14,39.31,38.06,30799.758608,38.7171
INHD,1.38,1.36,1.385,1.28,126367.262859,1.3385
PDD,99.6,95.75,101.13,95.6,10704517.149827,99.3079
FICO,1064.64,1078.0,1078.595,1046.217,376390.582316,1059.8308
IQHI,25.88,26.0,26.01,25.72,238923.4225,26.008
MA,490.64,495.61,498.6,490.32,3322778.115707,492.7526
TDTF,24.245,24.25,24.2599,24.23,174512.054717,24.2394
PAB,42.16,42.22,42.22,42.1011,17428.132,42.1418
DELL,243.87,244.6,247.0,236.8,5008542.637369,243.1062
GRAB,3.63,3.67,3.68,3.56,53009707.335264,3.6064
JPST,50.52,50.5,50.52,50.5,5527415.172287,50.508
GSST,50.47,50.48,50.5,50.46,323290.846684,50.4718
FSUN,35.19,35.69,36.03,35.13,149040.989788,35.4101
USDU,26.0,25.92,26.0,25.92,170755.479393,25.9782
AGZ,109.0767,109.04,109.11,109.01,13311.002242,109.0574
GAING,25.0,25.24,25.3482,24.95,43931.0,25.1147
ETH,21.42,21.64,21.67,21.2,1560435.668211,21.4398
DRN,10.7,10.78,10.835,10.5,903071.344526,10.665
TEM,45.9,46.45,46.5451,45.25,5885529.788787,45.9092
DFSI,45.15,45.05,45.32,44.8901,68012.640206,45.2092
THCH,2.05,1.98,2.08,1.98,2050.0,2.0251
ISRG,432.27,430.96,438.78,426.66,1996719.908509,432.4454
AMZE,0.1912,0.1531,0.2009,0.1462,12034793.581956,0.1739
TGEN,5.07,3.85,5.19,3.85,1934737.213972,4.8539
IMTX,10.79,11.29,11.3,10.51,1524141.183336,11.1102
EEMO,22.95,22.77,22.9888,22.6,10264.7867,22.8333
KUST,3.37,3.46,3.5065,3.3504,30222.36707,3.3947
IPGP,106.6,104.76,109.0,102.9,383221.460536,106.97
EQAL,57.3735,57.57,57.57,57.1771,14363.033943,57.3423
MPB,31.24,31.69,32.18,31.17,152147.4621,31.3941
YMAR,28.38,28.34,28.38,28.29,8561.3182,28.3193
NEXR,1.53,1.49,1.54,1.46,105250.731142,1.4886
EVLVW,0.08,0.1202,0.1202,0.06,408639.0,0.07254
SBIT,40.17,39.75,41.105,39.64,939387.299167,40.2488
PSDM,51.09,51.09,51.11,51.07,17726.0307,51.0888
MCK,737.18,727.69,748.625,727.69,966010.815824,737.6633
MAIA,1.29,1.3,1.34,1.28,391347.078532,1.3051
AVR,6.53,6.45,6.69,6.3,710719.05399,6.5383
SDOT,4.304,4.922,4.922,4.0,130480.320146,4.396
PULM,1.27,1.23,1.3,1.23,17598.029,1.2714
VBK,343.18,343.96,344.3,338.56,303765.501312,343.0474
HEDG,29.8257,29.87,29.89,29.79,112829.0439,29.8287
ICCM,7.11,6.984,7.2,6.699,13335.910776,7.002
CVR,9.85,10.1,10.1,9.7,2753.9498,9.9159
ZROZ,61.38,61.67,61.78,61.26,386159.641976,61.4113
DAUG,46.25,46.19,46.26,46.19,4545.8883,46.2347
PYPL,45.23,44.96,45.74,44.585,15923777.087626,45.1736
AIRI,2.86,2.98,2.99,2.85,14883.651897,2.9098
EZA,70.77,70.02,71.0725,69.64,76143.748031,70.6289
CWEB,30.32,27.62,30.62,27.595,2749568.739556,29.9504
INTW,41.88,44.4788,45.25,39.1588,7574783.190064,42.7759
WLDN,91.06,92.85,93.0,89.53,565853.226721,91.1366
SCHF,27.31,27.11,27.31,27.06,6401265.606092,27.2438
LTRN,2.51,2.05,2.65,2.02,912577.959756,2.3294
KTUP,7.96,9.24,9.24,7.715,358075.062285,8.0037
ZONE,0.5792,0.475,0.5858,0.4364,4885619.295425,0.5256
PHGE,0.625,0.6503,0.6503,0.6118,191168.955574,0.6302
GMEX,14.67,14.31,15.3864,13.95,16881.449293,14.4387
GLRY,41.05,41.18,41.18,40.69,18074.460737,40.9481
WARP,29.62,29.34,29.779,28.75,89606.666425,29.3442
TACO,10.37,10.36,10.37,10.35,21315.0,10.3639
VELO,21.01,16.74,21.6,16.6107,16105896.821799,19.9027
INSP,41.92,43.2,44.13,41.5501,1142242.555754,42.3231
DFAT,65.84,66.22,66.22,65.63,435059.59011,65.9178
SPTE,45.28,45.03,45.39,44.55,50194.167132,45.0502
METV,18.91,18.78,18.99,18.62,44206.137499,18.8523
AMZN,270.13,264.43,270.72,263.2,39670915.752859,268.4421
QDPL,45.28,45.05,45.4099,44.91,179525.638312,45.222
EXPE,217.55,219.28,221.26,214.51,1974117.390786,217.7196
PREF,19.0,18.97,19.01,18.95,369942.059358,18.9789
OARK,32.57,32.84,32.9599,32.39,18197.669582,32.8088
LKOR,41.5,41.5,41.5064,41.45,1676.6921,41.4802
ERII,8.31,8.73,8.77,8.135,3479848.953147,8.3305
DBP,114.53,114.26,115.335,113.78,40561.14206,114.6983
PAL,5.44,5.68,5.76,5.41,404354.686632,5.5351
PLYY,10.22,10.55,10.61,10.22,6045.991,10.357
ROST,211.76,217.0,217.0,209.125,3714803.426479,212.1501
TH,17.5,18.0,18.02,17.35,1139769.21547,17.6755
NNVC,1.72,1.52,1.75,1.52,522235.001442,1.6423
TAN,63.81,63.17,64.55,62.18,1978061.854234,63.7779
AAON,135.37,133.66,139.3223,128.98,1530106.653783,135.219
ATEC,7.55,7.6,7.8,7.45,4239271.208219,7.5978
FBT,212.58,212.28,213.19,211.185,28203.821521,212.1921
JAVA,76.39,76.29,76.52,75.98,333588.408045,76.3354
HEFA,44.92,44.51,44.92,44.51,528344.511035,44.8097
NFTY,52.61,52.32,52.71,52.1462,30268.66435,52.3926
ESTC,48.57,48.21,48.995,47.59,2262193.084489,48.3287
OKLS,19.01,17.43,19.7899,17.3,1160172.169188,18.5971
ENSC,0.2882,0.2993,0.314,0.282,1993144.840699,0.292
TBXU,30.5238,30.0,30.5238,30.0,489.066,30.1623
BA,240.6,237.23,242.27,234.4,7438701.756531,239.8067
FTF,5.95,5.92,5.9588,5.92,152452.0822,5.9386
SMUP,10.82,10.9,11.6,10.45,188206.239542,11.0596
GTX,31.35,29.74,31.58,29.56,4357182.706231,31.0819
MGPI,18.1,18.6,18.6,17.95,165526.812892,18.1187
PYLD,26.34,26.32,26.355,26.3047,2311094.99318,26.3328
CHRD,142.03,143.19,143.945,140.29,499628.623138,141.5648
UTES,79.08,80.45,80.45,78.165,268434.99521,78.9136
VIPS,14.99,14.54,15.23,14.4,2832745.806299,14.9761
PFFD,19.03,19.06,19.0901,19.02,486751.509688,19.0477
AOSL,41.59,39.85,43.6,38.73,1457995.479353,41.6192
EZBC,45.98,46.23,46.27,45.51,266280.379619,45.9136
FAX,14.9,14.9,14.93,14.81,141855.041495,14.8798
VSA,4.417,4.28,4.665,4.28,34437.279238,4.478
FSP,0.51,0.5122,0.54,0.505,415313.6274,0.5116
PVL,1.91,2.0,2.01,1.88,264753.9465,1.9509
PROF,7.1,7.04,7.27,7.04,55423.776551,7.1475
SRG,2.6,2.56,2.635,2.53,342071.6042,2.5848
PN,4.91,4.16,4.97,3.9,241023.366873,4.3359
BBMC,119.99,120.75,120.75,119.83,1671.733233,119.9103
CULP,3.3,3.4,3.4899,3.275,27635.1691,3.3617
RWM,14.29,14.27,14.42,14.2497,14955570.55894,14.3275
JEM,1.225,1.07,1.32,1.07,57942.561309,1.2428
SCCD,24.78,24.7,24.78,24.65,3831.0,24.6807
VGZ,2.31,2.35,2.35,2.26,608466.295324,2.2992
DFAS,76.5,76.86,76.86,76.17,360958.545333,76.4635
UTG,43.03,43.38,43.38,42.5,284548.688507,42.906
WSC,25.89,27.22,27.6,25.845,3272663.752567,26.1161
PBP,22.79,22.83,22.83,22.72,64079.750069,22.7506
TOPW,39.42,38.85,39.61,38.635,62542.48404,39.1969
TSLY,32.25,31.67,32.73,31.44,1000716.552938,32.2166
GENC,14.61,15.04,15.405,14.2,32861.307135,14.5657
VFL,10.29,10.22,10.29,10.22,13677.8791,10.2395
PAYS,5.83,6.0,6.11,4.81,2836368.934568,5.3898
SMOG,155.4415,153.95,155.4415,153.95,575.770398,154.8424
MNDR,6.12,6.12,6.24,5.4,110498.21757,6.1614
GOOP,47.419,45.44,47.54,45.44,6930.139079,46.7614
DTCR,30.74,30.78,30.87,30.35,1221314.201168,30.6874
IWR,104.74,105.13,105.3341,104.1,1320941.140024,104.6784
AAOI,223.1,205.0,233.67,191.7389,18450375.628249,213.3582
ILOW,44.92,44.66,44.92,44.56,90338.317,44.7822
BGRN,47.36,47.32,47.37,47.305,20098.529469,47.3428
JMHI,49.9601,50.0,50.0,49.95,25680.0039,49.9657
NUCLW,1.68,1.65,1.76,1.63,386474.0,1.7242
ISPY,48.0,47.8,48.1016,47.63,58104.205346,47.9145
SPG,200.56,205.29,205.29,200.22,1310162.208599,201.4547
EBAY,113.01,109.85,113.73,109.62,7001802.400609,112.5789
HYBL,28.06,28.07,28.1,28.0,197848.114045,28.0722
ALAB,224.09,206.975,224.76,204.55,6415600.92532,218.656
CHSCM,25.12,25.12,25.16,25.05,13840.9832,25.0967
HCRB,35.0,35.05,35.05,34.92,30683.0,34.9778
GASS,10.09,10.29,10.32,9.96,85501.880058,10.0693
TUSI,25.345,25.34,25.349,25.33,83957.8003,25.338
COCH,0.6578,0.69,0.69,0.6508,63277.534,0.6731
METD,16.26,16.72,16.78,16.17,141501.8661,16.4173
PSP,60.45,60.71,60.79,60.157278,52855.497364,60.5258
CPHI,0.9964,0.9,1.18,0.8,862768.790283,0.9913
HTZ,5.9,5.67,6.12,5.62,9364375.767976,5.9596
FMTL,38.8739,38.82,39.27,38.62,8243.039,39.0188
ERO,30.98,31.97,32.755,30.46,2226685.223166,31.5954
DRAM,54.54,54.67,54.87,52.87,42539351.691068,54.1506
RFIL,18.065,16.36,18.55,16.01,480875.21615,17.5735
DUG,18.685,18.86,19.1,18.65,61563.875217,18.8364
ETHV,32.99,33.34,33.34,32.7,15021.851438,32.9913
SCLX,6.58,6.77,7.1719,6.31,55086.650345,6.6022
FCHL,2.03,1.86,2.32,1.73,56238536.270364,2.0342
STRK,76.88,77.03,77.45,76.4001,84335.744935,76.9329
RPHS,10.7,10.58,10.7299,10.58,9334.8441,10.6929
EVV,9.34,9.36,9.41,9.33,350713.977596,9.3769
TSLG,8.28,7.97,8.57,7.745,44775027.479332,8.3414
IMTM,53.34,52.86,53.35,52.8,411312.589077,53.1487
FFIU,21.7849,21.8,21.8,21.7849,1748.2988,21.8117
AAAU,46.23,46.25,46.44,46.0501,646089.147345,46.236
HEZU,46.5685,46.03,46.66,46.03,39668.320138,46.3303
GDYN,6.3,6.585,6.585,6.045,2899024.955899,6.2646
UFOX,92.8,92.64,93.59,91.44,71578.713904,92.7247
LASR,80.42,85.045,86.75,76.06,1801657.930944,79.6185
FWRG,10.78,11.26,11.31,10.76,1923942.605453,10.936
EPS,77.29,76.81,77.43,76.7,18757.491859,77.1284
MLPX,74.4,74.0,74.46,73.63,319836.167475,74.0471
ABFL,81.5797,81.39,81.76,80.86,7355.5005,81.2791
IAI,178.53,177.01,178.81,175.9,127138.127508,177.8019
AEYE,7.18,7.73,7.73,6.75,241061.594825,7.2046
SKYW,84.92,84.54,85.96,84.01,267874.485261,84.9626
FTA,92.6164,92.84,93.0,92.41,70312.127224,92.495
SKYX,1.14,1.12,1.14,1.07,1568311.623869,1.1094
SOXY,91.21,90.53,92.0,90.0,15403.761209,91.117
NDRA,5.66,5.73,6.05,5.08,36030.609563,5.7192
SPSB,30.0,29.99,30.0,29.97,4175265.799277,29.9867
WIX,55.32,55.88,58.76,51.6001,11117898.033112,54.9067
KRRO,11.2,11.29,11.365,10.93,58481.547039,11.1582
AGEN,3.47,3.41,3.58,3.39,575794.681,3.5104
HCAT,1.34,1.47,1.47,1.325,312151.313669,1.3629
BDYN,27.388,27.25,27.46,27.0861,321186.4132,27.3546
BBHY,45.9953,45.95,46.02,45.925,37601.57713,45.9768
MUNI,52.25,52.32,52.32,52.225,215248.075803,52.2509
BKU,45.84,45.7,46.55,45.7,1256335.533861,45.9646
KRE,67.14,68.01,68.105,67.08,18412608.189452,67.4201
HYTI,19.2264,19.25,19.255,19.21,29426.1563,19.2319
SMBS,25.363,25.32,25.38,25.3,789909.1772,25.3431
IVV,745.74,741.89,747.38,738.925,4149478.597346,744.9357
PHUN,2.13,1.91,2.17,1.88,256775.014423,2.0399
LXU,14.72,15.48,15.49,14.55,918360.913676,14.7976
INDV,38.35,38.2,38.425,37.87,1730764.286995,38.1859
KRMN,67.28,56.74,67.81,55.01,5893242.301931,63.1993
RDZN,1.88,1.78,1.95,1.67,1255624.698644,1.8248
ATRO,66.7417,60.8333,68.0083,58.8951,2056699.91461,64.1569
KPRX,2.69,2.42,2.71,2.415,91465.656977,2.5673
TYLD,25.26,25.26,25.26,25.25,2190.1012,25.2568
MITQ,0.6001,0.6,0.6197,0.5755,157214.353516,0.5985
CRCA,62.01,61.43,66.12,54.3,1754088.00755,61.3725
WQTM,35.07,35.3,35.3,34.18,321961.648919,34.9261
ROUS,64.41,64.27,64.51,64.035,31960.391555,64.2348
IWMW,38.4099,38.48,38.48,38.37,6108.299555,38.411
CROX,96.93,98.75,99.23,96.755,1284927.129394,97.5005
RGTI,18.415,19.15,19.17,17.89,27158551.464433,18.44
SKYT,34.9,35.89,35.9,34.63,1637196.009192,35.3507
FSEC,43.92,43.84,43.92,43.76,168271.8208,43.8211
TTXU,29.0814,29.03,29.23,28.3,7950.964243,28.9285
JPXN,100.83,100.3,100.9326,100.3,18340.478079,100.7693
QQQI,56.66,56.47,56.76,56.195,4475632.799184,56.514
RANI,1.05,1.1,1.1,1.045,894412.132361,1.0766
RCKT,3.6,3.61,3.65,3.54,1673063.375116,3.605
XBCI,47.28,47.79,47.86,46.81,61365.424358,47.352
SBCF,30.01,30.33,30.5,29.96,750758.07856,30.1345
LUCD,1.02,1.03,1.065,1.015,938731.06264,1.0383
TILE,27.71,27.96,28.24,27.23,466197.779874,27.5788
INQQ,12.0697,12.03,12.08,12.0001,16395.2468,12.0422
RSPR,35.8195,35.94,35.94,35.62,4507.0901,35.7447
XME,123.34,123.69,124.91,121.27,2020669.521024,123.7134
ILDR,37.24,36.89,37.38,36.69,88382.74846,37.2906
GPIX,55.19,54.99,55.265,54.76,746386.64141,55.0714
FURY,0.628,0.6,0.628,0.6,205737.0,0.6182
PR,20.24,20.15,20.315,19.96,11599913.146106,20.1394
WCN,152.16,149.64,152.295,148.835,2762687.280489,151.2197
MYSEW,0.0497,0.0462,0.0497,0.0462,2230.0,0.0465
SPTS,29.04,29.02,29.04,29.02,1579901.42447,29.0244
EQL,50.27,50.14,50.36,50.09,28179.20158,50.2396
SBMT,9.7,10.22,10.22,9.475,340714.011344,9.7892
TMCWW,0.3401,0.3674,0.376,0.314,34487.0,0.3469
YMAT,0.8544,0.519,1.0,0.4979,26568442.370359,0.8035
CZWI,20.98,20.86,21.0799,20.73,31697.8768,20.9325
EPI,42.21,41.95,42.29,41.94,505895.760368,42.16
ASML,1581.58,1539.39,1602.6,1521.0801,1691220.407216,1562.4629
RDWU,12.49,13.24,13.24,11.23,674908.760679,12.4038
NVDX,22.57,22.43,22.975,21.76,10726694.731815,22.5456
IAG,18.79,18.89,18.94,18.465,4161613.475614,18.7616
IMCR,28.95,29.3,29.505,28.595,145856.09531,28.9268
FXD,63.7,64.21,64.21,63.58,10174.3538,63.7116
CAMP,4.5,4.46,5.01,4.34,373818.283743,4.6049
MYND,0.3089,0.3007,0.318,0.3007,7340.229617,0.3028
AXTI,121.935,129.9,134.0,116.4001,7497799.810062,122.0048
AVPT,9.59,10.06,10.11,9.585,2076363.381771,9.6975
KRNY,7.89,7.86,7.99,7.825,260357.17618,7.9044
VUSB,49.7,49.7,49.71,49.7,1483533.442402,49.7059
IKT,1.9,1.89,1.95,1.87,792461.82199,1.9075
EXG,9.5,9.41,9.6763,9.3679,394623.642636,9.4387
XENE,55.88,54.75,55.885,54.685,1075373.16192,55.5942
EEIQ,3.08,3.33,3.33,2.85,39868.765396,3.0456
TSLL,16.84,16.2,17.415,15.71,130349077.993645,16.7589
SEV,2.59,2.64,2.655,2.52,248980.168013,2.5909
IXP,125.0645,122.9,125.33,122.9,21716.72465,124.2475
SLGB,0.5902,0.5888,0.613,0.56,61402.622346,0.5901
DCBO,16.68,17.23,17.5,16.57,189300.350956,16.83
BOTZ,41.63,41.27,41.71,41.065,1463674.072035,41.5115
OSPN,12.06,11.87,12.091,11.87,556627.20663,12.007
PID,22.79,22.84,22.96,22.76,31608.483207,22.8325
FRSH,8.2,8.3,8.41,8.065,11487851.381263,8.1825
FTS,56.2,56.455,56.455,55.73,652242.233156,56.1224
FESM,44.13,44.23,44.27,43.74,503997.305992,44.0868
QAI,36.23,36.12,36.239,36.05,17887.237501,36.1949
CSPI,9.28,9.19,9.495,9.085,18493.0616,9.2865
PLTD,8.26,8.02,8.3399,7.8599,42173597.299963,8.2119
TLX,10.52,10.42,10.5726,10.4,75834.552936,10.5114
JGRO,97.76,96.85,98.045,96.415,547708.886018,97.6094
NRGD,27.9263,28.2,28.94,27.78,23329.927,28.3817
SMB,17.255,17.25,17.26,17.25,73750.40909,17.2544
SNOV,26.395,26.49,26.49,26.33,3374.0,26.3737
ORCU,15.13,14.91,15.41,14.4,912370.429143,15.0694
NUS,6.28,6.54,6.56,6.28,876606.521488,6.3604
DBA,28.73,28.54,28.84,28.4629,1988092.181353,28.7072
SFM,88.27,87.46,91.53,86.34,3939829.75079,88.9618
RLY,37.31,37.35,37.38,37.22,190077.103364,37.3043
SDST,2.26,2.3,2.41,2.24,113683.567384,2.3128
INVE,4.82,4.8,4.95,4.7515,138131.689979,4.8247
GRNY,26.97,27.01,27.04,26.785,1237872.723246,26.9369
VERX,12.74,13.42,13.42,12.72,1735169.019964,12.8162
CRDO,189.36,201.9,202.75,186.0,6644678.019106,190.5424
HYS,93.26,93.31,93.47,93.14,88950.224489,93.289
EUM,16.16,16.32,16.37,16.11,55336.024546,16.1989
IBRX,8.15,8.01,8.34,7.78,10542917.289988,8.0804
IMRA,16.8325,16.37,17.0,16.37,2091.244428,16.6318
GLDG,1.22,1.24,1.25,1.2,953172.403066,1.2276
JAJL,29.69,29.65,29.71,29.65,20432.231,29.669
HTLD,12.32,12.31,12.56,12.245,351033.533226,12.3425
DLS,88.08,87.51,88.08,87.51,18812.065539,87.7987
HTCO,7.25,8.79,8.89,7.01,1578112.142296,7.6448
CHKP,115.17,115.07,116.61,113.475,1646264.20305,114.9423
RSPF,74.3659,74.67,74.67,74.2319,6772.474643,74.3852
SOFX,8.01,8.45,8.455,7.92,1756936.223773,8.1476
OMSE,4.53,4.5,4.53,4.46,16078.0,4.4975
WYFI,27.03,27.5,28.25,24.67,3337295.712234,27.0569
PLMR,108.16,108.29,110.935,107.6701,235512.877982,108.5474
INDA,47.98,47.695,48.03,47.635,9074241.072332,47.9172
EIPX,32.12,32.23,32.2799,31.9422,10457.1903,32.0797
DUNK,23.0946,22.99,23.1475,22.7001,15429.9884,23.0476
SYSB,88.36,88.3,88.39,88.22,51955.63583,88.307
BRUN,21.0,20.72,21.6,19.041,1561491.718218,20.557
CDLX,6.65,6.6,7.092,6.404,75494.123797,6.811
FXA,71.82,71.74,72.02,71.74,10134.631593,71.8876
KALV,26.8,26.775,26.85,26.77,2280059.686986,26.8123
CEPV,10.225,10.25,10.2693,10.19,80685.043382,10.2234
GSY,50.225,50.22,50.23,50.21,331488.208356,50.2206
PFFA,21.78,21.77,21.795,21.715,750395.402562,21.7601
XDTE,39.86,39.825,39.87,39.64,126160.004549,39.8138
VLUE,183.86,184.29,184.695,182.135,603389.643739,183.6886
NBCR,33.42,33.15,33.46,33.14,30113.0,33.3453
CGMM,31.18,31.32,31.32,30.96,860372.248786,31.1825
USD,99.66,99.51,100.7199,95.44,1116094.948532,98.6536
CENX,64.34,64.625,65.3413,61.65,2751687.621033,63.3521
FTXN,36.32,36.21,36.39,36.0,96860.1348,36.2279
FUSE,1.44,1.45,1.49,1.41,107948.257827,1.4482
CRVS,15.84,15.82,16.14,15.55,1372745.427279,15.8605
CHRW,163.26,166.775,167.74,163.14,1209996.611237,164.136
BFOR,22.1225,22.2075,22.2075,22.0525,8136.754,22.1216
IVZ,28.09,28.3,28.3,27.445,4838685.19798,27.9872
QMMY,26.03,26.07,26.07,26.025,20167.5,26.0372
ULTY,31.92,31.79,31.99,31.56,459844.16443,31.8467
LPRO,1.85,1.82,1.89,1.76,986537.893116,1.8303
SKYQ,2.81,3.07,3.08,2.75,582685.444417,2.9067
SCZM,10.02,10.05,10.42,9.785,420854.845364,10.1122
AAPU,38.33,36.96,38.85,36.9572,1905700.827083,37.9648
IDOG,43.4292,43.26,43.6,43.16,12982.56671,43.423
QQQD,12.12,12.36,12.39,12.08,89626.619619,12.221
SLNO,52.95,52.95,52.985,52.93,1396455.985157,52.9491
NIXX,0.63,0.57,0.6508,0.56,975432.587867,0.599
NKTX,3.06,3.11,3.29,3.03,887305.309449,3.1486
HDG,54.0653,53.96,54.0653,53.9501,778.531973,53.9723
ICLO,25.6189,25.62,25.62,25.5877,68296.7202,25.6159
TROO,4.3,4.04,4.47,3.95,387480.398373,4.2687
RZV,132.844,133.08,133.08,132.235,2418.555165,132.8049
FEPI,44.65,44.6,44.825,44.11,180698.667202,44.6175
KNDI,0.6407,0.66,0.66,0.611301,172409.372462,0.6325
NIPG,16.998,18.228,18.9,16.8,2222.9,17.697
SMJF,3.41,3.42,3.52,3.41,1084741.294,3.5144
STBF,25.41,25.44,25.44,25.41,19619.0,25.4151
XTIA,1.84,1.92,1.93,1.83,976520.437291,1.8705
AMAT,436.61,435.91,440.5,422.3,7839354.220125,434.3902
NCL,0.1453,0.153,0.1538,0.1442,119426.75,0.1473
CWVX,35.96,36.7,36.82,32.84,1778605.931107,35.387
JHPI,22.9752,23.01,23.01,22.94,47693.2036,22.9716
PSNL,6.39,6.82,7.3925,6.345,5780489.087961,6.6414
PSHG,1.76,1.76,1.7699,1.74,21554.5979,1.7611
XLF,50.99,51.14,51.325,50.955,33440155.615672,51.0773
NDAQ,90.21,88.875,90.44,87.98,2610912.914676,89.6175
RDDT,154.12,152.0,154.7,148.5,4151093.395295,152.5252
BBD,3.51,3.6,3.69,3.49,50561419.017679,3.5721
ISTR,27.63,27.73,27.89,27.59,77283.7013,27.6754
IPX,41.53,40.92,41.875,40.03,286075.633976,41.192
QSU,20.31,20.46,21.67,17.0,298005.576534,19.876
PAPR,41.8507,41.86,41.9,41.75,21086.132332,41.8217
BALQ,56.2154,55.85,56.34,55.57,1873.412904,56.1295
RDNW,7.89,7.88,7.94,7.74,21035.0,7.8867
HDV,27.18,27.15,27.27,27.055,2556613.60634,27.1554
KIE,55.73,56.21,56.52,55.575,1135807.061067,55.894
CEF,51.91,51.75,52.46,51.5,485220.519339,51.9793
WGMI,58.88,58.4,60.0,56.5,383838.600061,58.3236
QLC,88.03,87.52,88.21,87.345,25049.2024,87.8376
DFCA,49.99,50.03,50.03,49.98,55974.5047,49.9942
ILCB,102.68,102.15,102.817,102.02,5268.7042,102.5951
BWET,179.04,176.95,180.0,174.44,59622.125044,177.2619
TRGP,263.29,256.5,263.38,252.18,1531667.914183,260.8231
CCHH,0.3855,0.4011,0.4148,0.38,140133.175929,0.3908
CEG,274.89,289.2,292.0,268.98,6653711.925182,275.3586
YOLO,3.0328,3.02,3.24,3.0,22236.777154,3.0525
AMDY,53.86,54.89,55.17,52.47,516410.709598,53.9087
SCHL,38.72,38.96,39.06,37.16,456809.223882,38.228
TSM,399.8,398.265,404.6799,391.47,13127828.170775,398.7987
IREN,55.17,57.44,57.59,53.7,49514592.702799,55.3811
SMR,11.96,12.03,12.44,11.74,28484675.720693,12.1043
UAVS,1.07,1.08,1.1,1.05,1691586.926158,1.0769
IPAY,44.67,45.36,45.36,44.41,25490.484304,44.8688
DJTU,1.41,1.37,1.465,1.3,2780615.9698,1.3861
EART,35.065,34.9,35.2541,34.78,17633.20527,35.087
BTCS,2.06,2.03,2.098,1.9792,532590.246842,2.0505
SLYG,107.13,107.56,107.68,106.36,81891.227287,107.0346
GXPC,33.275,32.19,33.35,32.19,57630.798,33.1177
PZT,22.43,22.43,22.56,22.42,64697.292384,22.4446
HBR,12.7,12.63,12.7099,12.5,61631.772315,12.6011
BULZ,45.19,45.62,46.01,42.77,1203021.970713,44.7675
AVGV,84.04,84.22,84.22,83.62,64723.080064,83.8526
FTHF,47.1672,46.82,47.36,46.82,5502.911,47.244
TUA,20.7493,20.7,20.75,20.665,850174.1371,20.6941
MLPB,29.6744,29.35,29.6744,29.35,5366.621,29.5293
CWS,67.0878,67.29,67.29,66.68,28990.144806,66.8373
BRZE,19.43,18.822,19.745,18.6,3512586.888806,19.3562
TER,363.38,366.31,366.9,350.02,3628659.938842,361.8611
VTEB,50.1,50.12,50.1524,50.04,8790218.580436,50.0819
FJUL,58.6901,58.56,58.72,58.55,16133.25,58.6377
ASTI,4.93,4.66,5.11,4.5,835910.089919,4.9227
EWA,29.12,29.01,29.2,28.96,1492582.371011,29.0875
ESOA,16.8,19.16,19.94,16.64,547498.312531,17.7711
SENEA,137.65,139.78,140.11,134.64,71157.518035,137.6845
NINE,10.38,10.3,10.56,10.25,18907.854161,10.4039
DIV,19.13,19.24,19.24,19.07,154966.10755,19.1316
DIA,497.14,496.16,497.61,494.635,3256845.648263,496.1334
OCSL,12.0,12.04,12.155,11.93,1074273.864609,12.0092
HOLA,54.1292,53.84,54.18,53.84,21160.9539,54.0413
UGA,119.99,121.37,122.13,119.7257,24680.908245,120.8873
BNDY,25.3199,25.3,25.34,25.29,20503.9061,25.3213
HYGW,29.06,29.04,29.06,28.9982,13601.49645,29.0277
RSPD,52.14,52.47,52.47,52.07,35906.8794,52.1697
CMBS,48.54,48.65,48.6999,48.5381,51218.524804,48.6145
REIT,29.7627,29.82,29.82,29.585,14506.207291,29.7366
VTES,100.95,100.97,100.975,100.9101,117718.094883,100.9357
QCMU,36.48,37.82,38.55,34.39,1166371.12775,36.9318
HSBC,90.63,89.18,91.09,89.16,1026432.021127,90.4069
AVSU,84.8616,84.39,85.0009,84.39,2885.3799,84.733
NMRA,1.78,1.9,1.9,1.75,1794270.634121,1.7957
TSLZ,10.36,10.81,11.12,9.955,9077506.674073,10.3507
NOMD,9.09,9.25,9.25,8.99,2297236.635064,9.1001
SLMT,5.59,6.0,6.067,5.59,82642.223068,5.819
IBAT,45.19,44.73,45.245,44.275,22025.7907,44.9546
MAYW,34.55,34.53,34.6699,34.475,293517.9041,34.5077
TNGX,25.51,23.88,25.76,22.77,3301590.356751,24.5462
PAYX,89.92,91.49,91.81,87.43,5243419.871317,89.3358
NNDM,1.65,1.61,1.75,1.6,4626382.498536,1.7045
REVB,1.05,1.03,1.07,1.03,15286.834132,1.0397
ASM,7.83,7.85,8.19,7.57,7181357.88962,7.8912
IHI,48.51,48.29,48.965,47.98,2926749.775144,48.5628
SBND,18.785,18.76,18.785,18.76,48775.1015,18.7672
SATS,133.23,132.27,137.47,129.63,8129102.88826,133.7034
PULS,49.62,49.63,49.64,49.62,1717791.769337,49.626
GRNB,24.03,24.01,24.07,24.0,25556.5692,24.0261
AKRE,52.31,52.66,52.85,51.94,760772.428107,52.2616
DDM,59.47,59.32,59.61,58.93,158245.002052,59.3215
GABC,42.21,42.43,42.925,42.01,127486.48651,42.2197
EUSB,43.32,43.32,43.32,43.2601,21170.714662,43.3046
AVNM,83.99,83.41,84.06,83.3126,44792.393379,83.8081
FEAM,1.99,1.65,2.06,1.625,1149745.225535,1.907
LSGR,45.85,45.3,45.95,45.265,59336.879925,45.6928
WOOF,2.56,2.5,2.59,2.46,2080320.539117,2.5343
DWMF,33.778,33.62,33.78,33.62,2142.9371,33.7189
APT,6.08,6.31,6.3871,5.94,161137.057045,6.0671
KULR,4.05,3.34,4.06,3.335,6794535.088683,3.7957
HBTA,32.3792,31.07,32.48,31.07,11487.0,32.318
USAR,25.42,25.33,26.25,24.45,15775207.039146,25.6488
CLYM,11.41,11.17,11.5,10.865,375352.954692,11.1863
FLIA,20.3,20.25,20.31,20.25,97946.8462,20.2879
PKBK,30.05,30.08,30.43,29.86,79137.0737,30.0885
PLBY,1.4,1.48,1.49,1.35,2568393.728177,1.4002
BKLN,20.65,20.63,20.66,20.63,5030057.343008,20.6416
VYMI,99.59,99.11,99.73,99.055,832020.243897,99.487
NDLS,12.73,12.94,13.0625,12.51,30150.727336,12.759
TECX,28.81,27.93,29.31,27.43,222373.443287,28.3224
WKSP,0.8947,1.02,1.0699,0.8701,1267134.857003,0.9253
QRVO,91.51,91.94,92.155,90.47,945559.243716,91.4842
SYLD,77.42,77.8,77.8,77.0801,28984.84103,77.4451
BBRE,104.67,104.88,105.045,104.55,7015.102983,104.6179
NOK,14.71,13.81,14.83,13.47,151685483.411723,14.2632
LGH,63.64,62.79,63.7499,62.79,16508.0241,63.341
AREC,2.33,2.44,2.44,2.22,2674345.863512,2.3133
MLPA,54.56,54.4,54.56,54.01,152175.627844,54.2857
LIMNW,0.07,0.07,0.07,0.07,200.0,0.07
WOLF,62.6,66.63,73.74,58.6,33734682.80718,65.0367
BILZ,100.777,100.77,100.78,100.77,167669.601952,100.7727
IEV,72.04,71.29,72.08,71.25,196479.228021,71.6686
ICHR,74.315,75.558,76.385,71.2501,771658.527381,74.4108
STKE,2.06,2.07,2.17,1.92,250302.538652,2.0575
MOOD,43.3416,43.23,43.3523,43.14,3733.01,43.2564
SEZL,102.4,99.37,103.09,94.0,630646.909693,99.9489
AMRX,12.39,12.52,12.645,12.34,1458283.42482,12.479
AFRM,63.53,64.96,65.0,59.75,6863371.258381,62.708
PBUS,74.32,73.85,74.46,73.66,74780.599987,74.1696
MINT,100.53,100.54,100.54,100.53,1163290.241591,100.5359
LNOK,90.45,80.14,90.81,76.02,434292.748374,84.9023
HUMA,1.13,0.8948,1.18,0.86,26084733.716284,1.0942
SPXT,108.5081,107.77,108.5081,107.746,2624.990813,108.0479
QINT,70.31,69.84,70.3399,69.84,53361.8417,70.1445
SATL,8.1,7.77,8.18,7.4501,8274791.89975,7.9329
HIMU,48.6,48.71,48.71,48.58,345125.79911,48.6359
SBC,3.23,3.31,3.31,3.1802,218188.045868,3.276
TACU,26.9474,26.73,26.98,26.73,1302.0,26.8838
UMMA,36.5007,36.14,36.56,36.08,41054.842743,36.3554
CPSH,4.8,4.34,4.895,4.25,704166.863253,4.6916
RBKB,15.8,16.01,16.18,15.8,5732.0,16.0378
TSLP,20.7285,20.26,21.11,20.0315,33591.0859,20.8443
NTSI,46.5819,46.19,46.59,46.19,6923.6811,46.4621
DGXX,8.46,8.79,9.2,7.71,26450280.558611,8.5637
NVDY,14.57,14.52,14.65,14.3814,2889983.961905,14.5656
TCHP,51.65,51.23,51.79,50.915,187958.697181,51.4006
AVES,67.11,66.7,67.34,66.63,53106.790066,67.0646
SCVL,16.07,16.3,16.335,15.8,374804.907935,16.0505
DBEF,52.24,51.82,52.33,51.78,324799.460799,52.0663
A,112.74,112.83,114.73,111.96,2328912.724236,113.139
EES,62.4888,62.72,62.72,62.346,23781.72098,62.5499
GII,76.01,76.0,76.128,75.69,392833.898099,75.8944
AIPO,32.91,33.04,33.075,32.17,1622268.560771,32.7643
SOXX,528.29,527.615,532.25,515.94,7346374.426473,525.7086
DIVO,45.43,45.41,45.47,45.195,747353.198975,45.3727
IGHG,78.46,78.4,78.53,78.3501,8651.7623,78.4481
JPLD,52.15,52.15,52.16,52.105,316132.830637,52.1292
DAVE,240.07,240.15,245.3061,230.0,381502.445885,238.7575
IOSP,79.69,80.47,80.735,78.79,366845.214623,79.463
CVV,6.84,7.06,7.1799,6.82,115870.343838,6.9849
GDXW,52.94,52.84,53.46,52.0,34602.831348,52.778
HFFG,2.01,2.09,2.195,1.95,185926.0154,2.0858
BCAL,18.6,18.52,18.71,18.5,251660.7178,18.5979
HAL,41.02,41.755,42.08,40.7,7656182.637866,41.1466
ONCO,3.87,4.078,4.1,3.8,62842.774567,3.976
SCHK,35.65,35.47,35.7299,35.34,280445.885012,35.5902
FFOG,50.34,50.01,50.52,49.58,58136.9206,50.1785
DVOL,36.6619,36.52,36.709,36.44,7012.4389,36.5715
XLSR,65.52,65.02,65.63,64.905,43609.331019,65.3405
STKH,1.6302,1.71,1.7499,1.63,11459.791026,1.6799
EFAA,55.39,54.91,55.39,54.9091,64017.41465,55.1839
IEMG,82.05,81.26,82.28,80.9,11723843.44973,81.834
CANE,10.28,10.16,10.28,10.145,368952.592533,10.2197
JEPI,55.93,55.98,56.125,55.8,5118271.668659,55.9212
TACT,3.42,3.51,3.6,3.36,184971.5291,3.4599
PGEN,4.15,4.07,4.225,4.0355,2763545.375614,4.1787
HNRG,19.42,19.93,19.97,18.85,1094454.236383,19.3358
NBIX,161.32,157.95,161.765,155.77,1565297.232414,160.0324
NBTX,52.04,49.9,52.855,48.51,54061.922682,51.4566
FDLS,40.5,40.68,40.68,40.34,8097.61329,40.5137
RMNI,3.54,3.59,3.62,3.52,550533.537912,3.5715
FIAT,20.99,20.68,21.3011,20.68,50627.340789,20.9301
MAGS,70.53,69.22,70.77,68.88,2272490.874277,70.1367
THRM,30.76,30.08,31.1,29.96,213000.450765,30.7512
METW,28.5,27.25,28.63,27.25,17635.622083,28.2574
IDLV,35.1455,35.16,35.22,35.01,13476.832359,35.1341
EDGX,26.645,26.6,26.665,26.4,2340.9322,26.5665
SIMO,269.87,264.99,273.8999,252.5101,875829.429583,267.9604
COWG,37.31,37.28,37.3865,36.98,179738.221176,37.1918
TRV,295.02,296.68,299.58,291.83,1363810.520344,294.8284
ROKU,125.68,128.33,128.38,124.55,2571431.731281,126.4142
NSSC,37.89,38.34,38.82,37.25,511014.345457,37.8522
ERIE,212.66,216.39,219.92,211.475,168343.316755,213.2833
AUR,8.4,7.225,8.565,7.18,58469872.573183,8.0795
SPMD,64.12,64.44,64.44,63.775,1457009.545145,64.0591
CSTE,1.49,1.29,1.635,1.26,341681.781557,1.4994
RINF,32.68,32.74,32.74,32.6,6853.4003,32.6557
FBND,45.51,45.49,45.7829,45.425,2845122.252477,45.4855
BDTX,2.86,2.82,2.87,2.8,503905.117041,2.842
GDXU,214.9,213.66,221.2,203.815,691602.777161,214.0256
FEM,33.3029,33.13,33.4283,33.06,64823.7464,33.3101
AMKR,74.61,75.38,76.37,73.08,3325558.716493,74.7754
SMMU,50.36,50.32,50.3799,50.32,108365.5796,50.3575
BSBK,8.48,8.56,8.56,8.475,13005.963,8.5275
FTMH,11.65,11.68,11.68,11.6499,90921.181,11.6596
SPPL,2.77,2.8,2.8399,2.75,537918.00001,2.7707
SPYV,60.18,60.09,60.245,59.95,1510732.363728,60.1223
DOX,59.93,62.79,62.79,59.4,1810425.869424,60.0467
CNYA,38.74,38.35,38.74,38.34,167821.345246,38.7008
OSBC,20.65,20.73,20.97,20.54,402794.45621,20.677
WK,44.31,46.875,46.875,43.34,1708189.9067,44.0643
EVLV,6.02,6.6,6.655,5.37,14742628.233659,5.8139
FATN,4.14,3.72,4.379,3.71,477348.140202,4.0504
ZBAO,0.72,0.6691,0.73,0.63,294222.889788,0.6701
DDEC,46.9602,46.82,46.9602,46.82,4816.0,46.8952
JCPB,46.77,46.73,46.7799,46.675,1776690.65769,46.7431
NATR,22.33,22.25,22.51,21.8935,128545.348763,22.3164
FELV,38.52,38.42,38.61,38.3301,64659.413088,38.473
FJUN,59.46,59.39,59.51,59.38,13105.5,59.4446
WGS,38.94,38.56,39.85,37.72,1154137.47579,38.9964
QDVO,30.67,30.48,30.69,30.29,224687.30468,30.5345
HACK,85.15,83.99,85.48,83.61,79609.8781,84.7076
PAPL,1.32,1.27,1.35,1.21,906395.744703,1.2876
RSPU,78.62,78.92,78.92,78.14,30665.9013,78.5234
QUCY,1.34,0.5854,1.62,0.4868,535334092.966987,0.7702
RH,128.88,128.84,132.41,125.9,715809.921222,129.1039
SPDN,8.75,8.81,8.84,8.74,39993538.642776,8.788
CEPI,34.1722,34.35,34.35,33.83,24855.035825,34.1012
CRML,11.46,11.665,12.1,11.325,9015462.455111,11.5857
PMAY,41.02,40.99,41.0575,40.87,119915.463,40.9911
BRN,1.1,1.11,1.12,1.1,25354.2855,1.1144
FET,55.9,55.68,56.23,54.4,164742.615869,55.6312
EMHY,40.29,40.32,40.38,40.29,39496.391889,40.3157
SMH,572.46,571.795,576.2,560.12,9586693.253762,570.3482
ACIW,40.81,41.7,42.055,40.54,701245.994174,40.8922
AZN,187.72,183.36,187.78,183.33,1733046.702417,186.4392
CBC,27.2,27.22,27.305,26.825,350347.846467,27.111
ET,20.1,19.945,20.13,19.765,12908962.960152,19.9867
KBA,35.24,34.92,35.309,34.9,65173.909716,35.1925
WHWK,4.93,4.33,5.155,4.14,5277060.313209,4.7378
IQDG,42.41,42.02,42.4789,42.02,18828.4844,42.3359
ARKW,145.77,145.785,146.99,142.73,78809.103035,145.6865
YANG,24.01,26.35,26.37,23.81,2658803.151479,24.4977
DXST,1.77,1.89,1.89,1.76,28167.916258,1.833
IVOV,107.2446,107.78,107.9199,107.005,13859.958673,107.3282
TMDX,64.18,62.66,64.24,60.105,2277120.328761,61.9822
FPX,187.08,189.53,189.53,185.02,44688.977262,186.7257
EVH,4.13,4.16,4.255,4.07,2255653.32631,4.1653
FORR,6.29,6.3,6.385,6.11,47261.13695,6.2304
PSEP,45.5,45.44,45.53,45.44,22866.0,45.4734
NTAP,118.58,115.91,119.87,115.91,2122369.235091,118.5197
CRCL,126.57,125.73,130.7299,118.2001,19433416.484559,126.0283
FHYS,23.125,23.1,23.15,23.06,17141.16562,23.1095
SMST,26.12,25.13,26.825,25.12,742684.642017,25.8751
VPC,15.8704,15.92,15.96,15.81,5291.52232,15.8862
KJUL,33.565,33.54,33.565,33.521,2522.0,33.5399
SMDD,8.9186,8.85,8.9921,8.85,4231.660861,8.9166
XAR,270.11,267.89,271.39,262.35,114944.759683,268.2714
MTC,5.27,6.16,6.38,5.27,131741.157656,5.5879
YLDE,55.1711,55.25,55.25,55.1,7487.150296,55.157
SWAG,1.74,1.87,1.98,1.68,386075.860222,1.8405
NOVT,155.44,161.61,165.56,153.1,743230.784079,156.7257
BUFP,31.73,31.6,31.74,31.6,26888.3677,31.6849
ROP,316.25,320.57,320.88,305.96,1583070.053785,314.0826
UPLD,6.892,7.539,7.539,6.758,43696.991459,7.016
CORN,18.98,18.97,19.13,18.917,585478.054174,19.0265
SPHY,23.4,23.43,23.43,23.36,5319268.696049,23.3892
SOXL,184.24,183.835,188.488,172.26,59522250.188992,181.7361
COLO,35.86,36.35,36.48,35.855,180106.500119,36.2106
TKNO,3.91,4.01,4.0276,3.89,62786.283095,3.9428
STRW,13.0,13.05,13.09,12.97,11664.551588,13.0251
INSM,117.99,117.5,122.94,112.0,6728279.467298,118.155
FUTY,57.74,58.08,58.08,57.36,415009.01128,57.6459
XYLD,40.62,40.64,40.64,40.59,460036.509582,40.6059
TAGS,26.04,25.92,26.17,25.91,62504.058519,26.0715
SHOP,95.4,98.715,98.83,94.56,20772083.504067,96.0151
XMMO,168.01,168.05,168.77,165.46,491319.209971,167.8497
SEIV,45.84,45.53,45.97,45.465,71131.9035,45.7527
REYN,21.56,21.59,21.74,21.48,1281044.175547,21.5834
GLP,48.9,48.75,48.99,48.315,94882.0138,48.7482
CORD,5.56,5.38,6.11,5.37,4495734.604971,5.6893
SPDW,50.27,49.98,50.29,49.84,3800159.188653,50.1376
CSMD,33.28,33.43,33.43,32.924,34676.09,33.2373
DFAC,43.22,43.1,43.294524,42.9107,1348379.686494,43.1551
NBIS,207.27,203.845,217.34,195.0,38769974.301331,206.732
SSO,67.06,66.37,67.335,65.84,2142681.01135,66.6872
VFVA,140.9087,141.71,141.71,140.406036,16833.841398,140.9474
VWAV,5.61,5.76,5.84,5.28,629068.433001,5.6099
FXC,71.29,71.33,71.35,71.275,5643.953115,71.3125
BITO,10.88,10.94,10.9562,10.75,108069095.000923,10.8478
CGTL,10.5,10.962,11.25,7.4242,148720.106484,10.0725
SOBR,1.79,1.99,2.29,1.73,3178532.678194,2.0444
OBND,25.825,25.76,25.84,25.76,7177.5178,25.8093
FTAI,267.09,267.11,269.68,259.99,998683.666909,266.2515
RNTX,1.16,1.14,1.195,1.09,530124.472324,1.1616
PBW,42.02,41.65,42.33,40.44,2609403.024204,41.4476
PICS,11.87,12.19,12.345,11.745,199594.016867,11.9347
VRTX,453.06,446.47,455.32,444.26,1194366.292653,452.0429
OSS,15.86,15.84,16.0,14.78,1469618.669318,15.5277
NDSN,278.93,281.41,282.755,277.96,267074.356261,279.3416
LQD,108.62,108.53,108.63,108.3,19083029.943876,108.519
AME,231.42,232.68,234.24,229.96,1097572.13526,231.3992
COHN,12.85,12.97,12.97,12.23,27183.694381,12.6082
AKAN,24.305,23.12,24.69,23.12,111203.947972,24.1539
EGGS,40.8168,40.84,41.32,40.195,30408.340987,40.9859
CCB,68.225,69.41,69.85,66.5,238133.273302,67.8581
XSOE,47.86,47.14,47.86,47.0901,64997.220494,47.5252
SMRF,28.1246,28.47,28.47,27.73,8353.486825,28.1782
ICPY,12.2041,12.06,12.2041,12.06,2725.717244,12.1495
OCGN,1.47,1.48,1.49,1.45,4418524.432637,1.4685
UE,21.4,21.9,21.94,21.29,445206.3465,21.3999
BKR,65.41,65.215,65.65,64.525,6175454.877727,65.3029
SDSI,51.285,51.25,51.32,51.2301,21498.6191,51.2661
IBDX,25.18,25.15,25.18,25.11,189672.0367,25.1594
VIAV,53.63,55.0,55.8,51.34,4951436.44664,53.647
CWST,84.31,82.77,84.31,82.34,515259.268889,83.6473
FINW,13.01,12.88,13.25,12.82,26647.6685,13.0361
JCPI,48.5762,48.6,48.65,48.495,32587.4672,48.574
DEUS,63.2877,63.45,63.45,63.0411,14108.5138,63.173
ATCL,25.2742,25.28,25.28,25.245,24431.3157,25.2632
ENFR,38.59,38.55,38.59,38.17,40102.916811,38.357
HEQT,33.2252,33.13,33.27,33.13,34247.600481,33.2285
TMUSL,24.91,24.95,24.965,24.85,13318.0,24.9351
MMSC,27.5874,27.7,27.7,27.43,3654.0695,27.5046
FMF,51.8294,52.18,52.22,51.67,21579.362028,51.9543
IALT,28.305,28.37,28.4198,28.27,373327.866858,28.3577
APLX,35.48,34.56,36.6,31.5,720048.505573,34.4335
CURI,2.95,3.06,3.08,2.95,494060.546786,2.9854
IBMP,25.345,25.36,25.36,25.33,58728.7161,25.3542
AEP,127.95,126.925,128.48,126.15,15607555.760616,127.5538
ACVU,29.9861,29.98,30.035,29.79,14630.9035,29.8173
DKS,214.62,219.29,219.29,212.14,907408.48929,215.2792
MTGP,44.13,44.15,44.165,44.075,2735.2712,44.1263
PKW,134.3811,134.91,134.91,134.01,30142.793928,134.4501
POET,14.37,14.41,14.75,12.94,49862597.839454,14.0146
GXPT,32.04,31.77,32.04,31.43,27749.576211,31.9136
JMSB,20.6,20.25,20.9831,20.25,30030.4472,20.578
SEAT,9.29,8.53,9.67,8.44,177122.157872,9.287
SPFF,9.47,9.41,9.49,9.41,58017.452126,9.4589
CLDX,32.51,32.25,33.08,31.91,1157169.963553,32.5295
IGRO,88.04,87.8,88.04,87.53,42988.984855,87.8916
MPWR,1650.35,1631.2,1675.42,1614.0,626885.964944,1651.3067
AOUT,8.72,8.92,9.098,8.42,35964.636858,8.6322
FMHI,48.04,48.09,48.09,47.99,76603.4315,48.0464
BLOK,64.22,63.98,64.615,62.69,116721.762548,63.7347
CTNM,14.15,13.66,14.17,13.5,92499.540625,14.0283
DMLP,27.07,26.83,27.07,26.595,139807.19236,26.8562
NFLU,25.67,25.32,26.24,24.95,169422.527562,25.6437
HFXI,37.05,36.69,37.05,36.65,167526.75458,36.9106
FOWF,33.2563,33.19,33.2563,32.9499,874.3815,33.0409
WYNN,96.21,97.24,97.25,94.545,1555424.081002,95.8119
JBIO,25.07,25.11,25.71,24.68,214759.810574,25.1212
LYFT,13.68,13.88,13.89,13.405,13490290.984772,13.6921
BIDD,31.53,31.21,31.53,31.21,57410.944318,31.4594
PLAY,10.0,9.8,10.29,9.73,1860758.141612,10.0308
FCPI,54.02,53.87,54.09,53.705,11764.332073,53.9386
STAA,29.4,28.16,29.965,28.02,1346407.070321,29.6997
DIVN,28.4713,28.41,28.5699,28.39,22437.0,28.5055
PDM,8.11,8.09,8.21,8.06,979466.423677,8.1207
SEIX,23.345,23.33,23.35,23.33,29110.3308,23.3423
MLPI,56.84,56.43,56.97,56.14,245758.100467,56.6148
SPRB,57.55,55.67,59.2,55.67,49406.495301,57.2757
WELL,220.14,215.87,221.675,215.6,3465832.42052,219.5149
APXTW,0.2201,0.21,0.2201,0.21,848.0,0.2144
OCS,31.37,31.0,31.39,29.52,696041.582886,30.7378
EWU,46.9,46.36,46.905,46.36,1419243.4417,46.7828
SFEB,25.405,25.5,25.5,25.32,6569.0,25.3556
AGQ,157.28,154.97,163.48,153.58,3726831.072584,158.1582
SEPN,24.75,24.5,25.4821,24.23,315751.395631,24.7535
UL,57.5,57.53,58.13,57.32,3196611.233913,57.6281
QQMG,49.3626,49.06,49.3701,48.75,14749.063485,49.0431
QQQA,72.1168,72.19,72.56,71.0,22333.686187,71.9033
TWM,23.87,23.82,24.32,23.715,658658.350491,23.9776
MBS,8.645,8.62,8.6599,8.62,43838.434483,8.6391
EAGG,47.26,47.23,47.26,47.16,188816.092547,47.2259
GGN,5.45,5.42,5.45,5.39,307561.641796,5.4299
IWS,157.39,158.14,158.14,156.655,347510.910363,157.4465
CHOW,0.487,0.4473,0.52,0.4257,704069.764644,0.4723
DNTH,85.74,85.36,86.105,83.1172,419999.483518,84.8886
IXN,133.29,132.97,133.88,131.24,226769.613593,132.8668
MMM,147.1,147.01,149.755,146.02,7625853.68623,147.4875
IBDS,24.19,24.19,24.19,24.17,2682653.27348,24.1759
TOPT,34.13,33.65,34.215,33.635,335098.301943,33.9915
XMPT,21.83,21.89,21.89,21.83,16803.615476,21.8608
FLCO,21.35,21.33,21.3559,21.32,22293.87784,21.3401
EOD,6.5,6.52,6.52,6.48,62068.3314,6.5011
FPE,18.1,18.07,18.1,18.065,841747.82531,18.0819
SATA,99.3,99.54,99.54,99.26,130474.554995,99.3911
CABA,3.59,3.6,3.65,3.475,5670081.797472,3.5352
HUT,108.32,107.48,112.26,103.01,4664087.646632,107.7404
ADIV,19.1601,19.07,19.18,19.07,1819.1546,19.1412
GRWG,1.61,1.33,1.61,1.33,1430077.855644,1.5372
WGRX,4.85,5.47,6.02,4.55,3729315.910135,5.36
CHNR,3.92,4.0,4.0,3.9,5425.338432,3.9465
KHC,23.18,23.4,23.715,23.1,12116243.136147,23.2606
FGDL,62.21,62.43,62.7,61.01,20056.938572,62.4583
EVMO,50.24,50.13,50.27,50.13,33754.6344,50.2161
DFNM,48.17,48.21,48.21,48.17,86539.13,48.1858
NVDL,39.5567,39.2033,40.2033,38.08,35144459.679669,39.5146
OUNZ,45.09,45.1,45.29,44.905,471125.509321,45.0912
VIOV,108.75,109.0,109.39,108.39,31272.209807,108.7582
HYBB,46.585,46.56,46.61,46.5201,21013.0961,46.568
FYT,63.9845,64.58,64.58,63.78,4741.674036,63.9849
TCBK,49.28,49.72,49.82,49.22,91064.6806,49.3735
FXH,114.1074,113.47,114.25,113.47,12951.248472,114.0202
CGGE,33.81,33.58,33.845,33.45,396300.9489,33.7053
NLR,136.4,139.31,139.31,134.76,552555.655926,136.8975
SCC,14.37,14.58,14.63,14.21,6871.06878,14.3918
MIRA,0.971,0.985,1.01,0.9655,160499.724259,0.985
SPYU,33.89,33.21,34.18,32.7,661668.440913,33.5088
ALB,200.94,205.99,208.76,196.47,1863674.058681,201.3611
PICK,67.49,66.51,67.9,66.32,1602889.387471,67.428
NASA,34.57,34.28,34.9,33.4001,5487998.415278,34.6353
BBVA,21.8,21.51,21.9,21.51,1423573.976485,21.7682
PLTM,20.65,20.5,21.07,20.43,398360.740988,20.7962
XSVN,47.14,47.13,47.14,47.05,22473.301,47.0999
CANF,3.64,3.44,3.68,3.44,176550.960985,3.5778
HDEF,32.9,32.67,32.9,32.67,67425.12605,32.8101
JPO,13.61,13.85,13.85,13.61,21217.850538,13.6814
SHPU,8.22,8.8,8.8,8.05,584235.054423,8.4157
IDGT,119.18,120.34,120.34,117.51,84089.578539,119.364
TIP,111.12,111.17,111.2092,111.02,869602.923279,111.1117
ALEC,2.15,2.12,2.205,2.09,459250.600055,2.1426
MKOR,63.28,62.34,63.335,61.43,36096.318775,62.7867
JNUG,222.85,220.0,226.0,213.99,148320.274875,220.7429
CIGI,98.72,95.4,99.12,94.75,969561.389869,97.2581
CYPH,1.04,1.05,1.09,1.02,3980615.753044,1.0484
PTC,140.81,142.92,144.13,138.85,1397902.186438,140.787
MVPA,32.3676,32.83,32.83,32.2001,900.7567,32.4143
KHPI,26.08,25.96,26.1699,25.861,44077.9553,26.0452
IBHF,22.725,22.705,22.73,22.695,553025.1121,22.723
UDOW,61.02,60.725,61.21,60.11,2660860.588553,60.6439
INDP,1.75,1.72,1.84,1.72,18923.203173,1.764
PRTC,17.51,17.41,17.76,17.15,10127.402943,17.4625
NVDW,43.97,43.8,44.31,43.0,77293.591541,43.842
DRMA,1.19,1.24,1.2401,1.19,62606.207,1.2187
IGF,67.09,67.05,67.12,66.695,768064.128373,66.9518
PSI,152.01,154.36,155.23,149.79,319942.094977,152.2469
QCML,29.3,30.1,30.9,27.62,3962580.899685,29.5302
DPST,103.41,107.37,108.05,103.22,707577.675706,105.1515
JHMD,45.07,44.75,45.07,44.695,135504.94689,44.8674
BILS,99.25,99.25,99.26,99.25,351097.323142,99.2538
ITA,225.71,225.0,226.695,221.535,474778.522618,225.2134
FFIN,31.31,31.46,31.83,31.09,723451.308509,31.3189
VB,285.67,287.02,287.02,283.74,434153.458986,285.531
QCMD,15.7794,15.47,16.22,15.34,52898.64273,15.6776
UMI,59.6106,59.34,59.76,59.0427,12019.858236,59.4028
LLYX,20.4,19.39,20.7,19.39,743624.626151,20.0648
USO,142.04,143.92,145.0,141.27,4719918.22831,143.1292
GSSC,83.5942,83.84,83.84,83.0091,52408.996768,83.2858
GIS,33.61,33.92,34.09,33.465,8921331.916864,33.661
IXHL,3.85,3.78,3.9799,3.67,224518.766514,3.819
UWM,60.09,60.22,60.3399,58.92,176801.051344,59.7663
SECT,69.1,69.04,69.225,68.71,99024.7171,69.0929
GDXJ,128.94,128.25,130.0,126.3,3944589.065354,128.4894
FSOL,10.8,11.06,11.07,10.71,495957.373703,10.839
NEWP,5.97,5.95,6.14,5.79,978361.213187,6.009
FXB,130.04,129.8,130.06,129.8,83800.9049,129.9766
AVO,12.46,12.615,12.75,12.365,690419.453398,12.4718
INTU,371.71,383.2,384.87,369.56,3494273.739283,374.6749
MGN,0.153,0.158,0.158,0.1476,2154545.288647,0.1619
AVLC,87.7391,87.36,87.88,87.085,43165.0597,87.5066
CGEN,2.85,2.82,2.85,2.805,131937.992043,2.8315
TSXD,8.02,8.09,8.3201,7.92,60874.609512,8.1688
UTSL,44.09,44.72,44.72,43.26,102977.747331,43.8896
EHTH,1.85,1.82,1.875,1.78,198769.379144,1.8431
PTLO,4.04,4.2,4.23,4.04,2420328.703006,4.1045
RDNT,52.98,55.62,55.62,51.68,1066207.812682,53.2349
SLON,29.55,31.1,31.1,29.05,63735.024126,29.9875
UBXG,3.7875,4.9537,5.2,2.7975,465650.32378,3.965
VWO,59.94,59.39,60.1,59.2899,10806913.584932,59.8442
KBE,61.78,62.42,62.535,61.75,2441263.916733,61.951
DUO,1.42,1.31,1.45,1.295,43878.861279,1.4035
CISS,3.23,3.27,3.27,3.18,18521.938266,3.2677
DGS,64.56,64.31,64.68,64.075,36125.439607,64.4555
AXIA,10.99,11.56,11.56,10.9736,2744912.454937,11.177
GGAL,41.79,42.19,42.97,41.24,957125.135464,41.9186
LIDR,2.43,2.28,2.5,2.2144,5360304.577302,2.3116
TPHD,41.1093,41.22,41.2374,40.94,22877.723141,41.5943
LDUR,95.4599,95.47,95.48,95.36,69129.8752,95.4135
NBIG,25.79,25.06,27.94,23.05,2522276.285121,25.3332
CVM,1.2,1.13,1.23,1.1255,533466.990804,1.1804
XPH,59.1,58.17,59.19,58.17,20109.012051,58.6762
GLPI,46.97,47.44,47.56,46.92,2075951.672812,47.0955
POCT,45.84,45.9,45.9,45.76,58950.976,45.8771
GNR,75.82,75.64,76.01,75.46,76193.012278,75.7962
PROK,1.75,1.78,1.83,1.75,632022.789261,1.7711
BCV,25.44,25.06,25.44,25.06,19644.5701,25.2951
ELD,28.8692,29.08,29.08,28.685,23071.688725,28.8921
BCPL,24.76,24.8,24.8,24.71,107611.5849,24.7584
KMLM,29.88,29.99,30.11,29.8147,126560.788153,29.9238
LIF,40.16,40.44,40.615,39.3,1382560.626406,39.954
UPXI,1.39,1.34,1.4,1.2549,2635514.598749,1.3374
PRNT,24.625,24.2,24.75,23.99,21699.474813,24.5155
IJS,126.55,127.22,127.22,126.1304,122778.853659,126.6103
FXY,58.17,58.16,58.22,58.13,168303.006676,58.1725
NUWE,36.05,37.1,37.1,34.545,774.27837,35.462
FENI,39.99,39.56,40.0,39.555,870491.083174,39.8745
FLYW,15.83,16.64,16.64,15.705,2202812.58831,15.9595
GPRO,1.095,1.13,1.1587,1.04,9855484.378649,1.0849
CRWU,8.29,8.53,8.53,7.5601,1629258.654412,8.178
IJJ,139.26,140.14,140.14,138.7101,82338.396141,139.2113
NUEM,41.74,41.46,41.97,41.4,13302.5851,41.7368
MSFY,18.1119,18.12,18.16,17.955,9108.6544,18.0677
CVBF,19.6,19.89,20.005,19.58,1608437.223732,19.698
ALM,19.53,21.67,22.3,19.455,5516742.251315,20.4338
KZIA,14.0,14.14,14.66,13.92,82027.7027,14.2151
ORLA,14.58,14.1,14.645,13.93,5370737.638345,14.4138
PJP,108.42,106.56,108.42,106.56,11134.331959,107.4905
BGIG,34.94,34.83,34.9651,34.75,103601.2901,34.8566
YJUN,26.69,26.68,26.69,26.58,12005.0,26.6601
WSM,172.06,176.75,176.75,169.36,1061210.377828,171.5314
TGB,7.79,8.02,8.08,7.73,6154447.646742,7.8683
OAIM,47.1971,47.12,47.36,46.85,13905.098633,47.2172
SMCI,32.0,32.9,33.01,31.775,25441554.759805,32.2686
DEM,53.86,53.72,54.07,53.685,162461.960299,53.9376
EVTL,2.58,2.55,2.6765,2.46,1952229.831417,2.5894
IVDA,0.283,0.2895,0.3129,0.2761,1607640.099782,0.3087
COPX,91.91,90.6,92.77,90.33,6202690.038677,91.7568
AVUV,117.81,118.25,118.25,117.195,1162168.180884,117.6393
BCS,22.84,22.56,22.965,22.535,5708917.214821,22.7826
NAK,2.25,2.21,2.3073,2.12,7792285.107896,2.2493
FLOT,50.93,50.92,50.94,50.92,817859.802264,50.9299
ASMH,106.5062,103.96,106.75,103.96,1664.90768,105.1838
MRAL,65.05,63.49,68.23,61.015,132630.875383,64.7359
MFDX,42.3999,42.2,42.44,42.2,10671.5383,42.2404
IYZ,41.86,41.89,42.12,41.68,659014.309098,41.958
WRN,3.16,3.15,3.28,3.11,2126812.183127,3.1918
ILF,35.29,35.9,36.155,35.24,5910043.446784,35.7463
WFC,73.53,74.15,74.76,73.28,16343943.733295,73.7388
FDIS,101.78,101.27,102.12,100.66,188906.51498,101.6547
ASTS,74.81,72.665,77.675,71.6001,14987911.517089,75.0498
IHDG,50.21,49.78,50.21,49.7678,124766.850046,50.05
ISCV,73.6649,74.17,74.17,73.5446,9542.491394,73.7334
RWX,27.74,27.75,27.86,27.68,18045.8872,27.7586
IBHH,23.518,23.52,23.5201,23.476,120210.7657,23.5024
AGIG,1.17,1.21,1.23,1.16,111543.593473,1.1865
XLRE,44.21,44.23,44.42,43.935,5242514.714843,44.1988
RWJ,54.15,54.45,54.45,53.95,45728.773737,54.2013
RIOT,24.92,24.798,25.3,24.055,14118051.754212,24.8127
DOYU,4.66,4.76,4.9,4.6104,85582.285064,4.7337
CREG,2.0,2.3,2.3,1.852,580369.010876,2.139
BBIN,78.18,77.54,78.18,77.54,27253.17646,77.9692
SLN,6.98,6.73,7.07,6.7,56515.76891,6.9528
VEA,70.63,70.17,70.645,70.0,9963570.254189,70.464
EOSE,8.28,9.97,9.99,8.19,129095365.288926,9.1751
IEZ,31.38,31.42,31.58,31.01,142180.433196,31.2829
BCPC,160.65,158.95,161.28,157.25,157938.222818,160.0355
INEO,0.57,0.58,0.6047,0.56,86487.0,0.5752
FCOR,47.1471,47.04,47.16,47.04,14378.386178,47.1006
CIK,2.53,2.55,2.57,2.53,736585.0717,2.5494
VABK,42.92,42.5,43.4,42.25,6152.574,42.7223
FDL,49.43,49.3,49.55,49.1751,440982.35292,49.3718
GK,28.9688,28.81,28.9688,28.81,1066.8313,28.8294
RWK,137.5,137.8,138.1137,137.3101,15717.9136,137.5618
QXO,17.02,17.65,17.7,16.93,15998062.979163,17.1235
LSF,3.0,2.89,3.02,2.8801,26338.807824,2.946
SPXU,38.3,38.94,39.39,38.0602,8022291.231453,38.5713
RSPA,52.08,52.25,52.4842,51.82,154863.363006,51.9682
DHY,1.76,1.77,1.78,1.76,789186.271283,1.77
HYMB,25.03,25.08,25.08,25.02,587137.260876,25.0395
EFG,121.39,120.21,121.43,120.09,456662.834528,121.0091
FRME,39.45,39.68,39.96,39.35,393277.83986,39.5291
RKLZ,2.74,2.76,3.1296,2.6,29129235.28754,2.7809
RDW,11.46,11.79,11.79,10.91,29642058.817111,11.391
CATH,88.8257,88.28,88.96,88.158196,13301.576739,88.7211
VSDB,76.1303,76.135,76.15,76.08,46467.6588,76.1101
OXSQ,1.75,1.78,1.79,1.75,4922440.781136,1.6806
FTMN,8.81,8.84,8.84,8.7904,17796.9258,8.8122
BLMN,8.28,8.32,8.565,8.2,2964488.124409,8.3701
PSTV,5.7,5.82,5.9,5.66,112989.141105,5.7659
OTH,2.39,2.35,2.45,2.35,24548.4673,2.389
GLV,6.28,6.29,6.29,6.26,48742.6099,6.2768
DFIV,55.65,55.38,55.68,55.3,894959.776981,55.5726
AIRO,7.83,7.88,7.91,7.51,474314.781438,7.7217
QLTA,47.36,47.36,47.385,47.28,278113.621799,47.3525
RSPS,29.735,29.64,29.89,29.56,32592.619511,29.7152
SHBI,19.22,19.3,19.505,19.18,209057.946181,19.2755
JNK,96.18,96.11,96.25,96.04,3258810.854526,96.1738
AKTS,19.53,19.47,19.88,19.12,129525.844614,19.4707
INTZ,0.763,0.733,0.7842,0.73,310908.837161,0.7531
DFEM,40.41,40.01,40.495,39.88,625873.603,40.3448
XSMO,85.95,86.38,86.38,85.07,188597.355581,85.751
WLTH,11.15,11.28,11.315,10.8,971673.254076,11.0727
DJAN,45.1489,45.1,45.19,45.02,27515.231,45.0851
TCPC,4.15,4.2,4.26,4.15,417747.035074,4.183
HQL,18.19,18.14,18.22,18.0922,64544.57529,18.1466
WEBS,19.97,20.44,21.08,19.8,63108.1152,20.4034
ISCG,61.29,61.57,61.57,61.0301,14439.507582,61.291
SYM,49.73,50.5,50.59,48.1301,2208419.719023,49.5215
CAIQ,26.9519,26.8,27.04,26.8,200807.876875,26.927
IGLD,24.72,24.74,24.7999,24.6001,164129.382302,24.6989
RLYB,14.35,14.05,14.35,13.61,150663.122524,14.0239
WDIV,80.7503,80.57,80.7503,80.56,8085.682685,80.6168
ZAUG,27.34,27.16,27.34,27.16,18892.0,27.31
CBRL,28.95,29.55,30.1,28.94,787140.05663,29.2181
VTV,208.37,208.33,208.675,207.62,1928836.9774,208.1853
XMHQ,108.72,109.9,109.9,108.23,202467.929591,108.8505
DDLS,45.71,45.42,45.73,45.36,18824.8051,45.5554
MTEN,1.025,1.06,1.06,1.01,25193.045321,1.035
EFOR,17.35,17.6,17.617,16.9,1584915.966915,17.2001
FIS,42.6,42.715,42.72,41.75,8246289.78591,42.2727
IEFA,97.14,96.37,97.19,96.3109,7699460.946413,96.8887
CGBL,37.36,37.22,37.4,37.075,1461227.527122,37.3126
TRMB,54.9,56.34,56.8627,54.5975,2374880.018615,54.9645
WIP,40.51,40.35,40.52,40.3,137621.807598,40.3596
BLNK,0.9098,0.9161,1.0,0.88,2766889.016335,0.9193
SND,4.61,4.91,5.07,4.2702,632096.080107,4.5738
REMX,106.26,107.92,108.12,105.625,1174392.94082,106.9283
VG,13.0,13.45,14.01,12.965,32078020.498498,13.3915
BOLD,1.54,1.52,1.58,1.49,118793.118609,1.5452
HELE,22.4,24.06,24.06,22.195,747827.86516,22.6555
WDTE,31.1928,31.05,31.2,30.96,21175.566953,31.0857
HSLV,6.47,6.51,6.7,6.18,301561.721253,6.4418
SPRO,2.44,2.56,2.56,2.425,675027.065044,2.4698
NML,10.34,10.24,10.34,10.16,74564.083555,10.2673
DXLG,0.66,0.69,0.69,0.65,44213.297642,0.6655
EWG,42.16,41.88,42.175,41.87,443135.183749,42.0474
VHUB,1.03,1.08,1.08,1.01,172545.899627,1.0349
GH,98.47,99.14,99.14,95.6,1640343.924458,97.8059
NVVE,7.4268,6.552,7.7292,6.3288,19707.529234,7.2756
SCHR,24.68,24.66,24.68,24.63,2372327.124569,24.6576
NBBK,19.72,19.86,19.98,19.61,261533.536,19.7359
SDCI,29.19,29.27,29.3616,29.13,526506.301689,29.2757
CORP,96.555,96.53,96.58,96.4001,41760.623905,96.4917
NTNX,44.5,44.12,44.88,43.69,3260964.690455,44.2902
XQQI,52.46,52.19,52.55,51.8031,308870.072147,52.1982
STN,77.93,83.44,83.44,77.41,711725.297345,79.094
SKYE,0.8197,0.7737,0.8598,0.7737,245807.086746,0.8113
VOE,191.96,192.57,192.57,191.27,322838.310039,192.0139
BKIE,99.14,98.57,99.28,98.57,35393.601517,98.9506
GVI,106.13,106.1,106.135,105.98,135586.251867,106.0898
DGII,65.33,62.08,66.54,62.05,467030.806324,64.9426
SETH,43.68,43.23,43.889,43.16,19173.4182,43.5156
AVAV,160.99,166.42,166.42,156.0,1368795.692843,160.1499
CNTY,1.29,1.36,1.36,1.2899,135467.401281,1.3156
CDE,19.74,20.08,20.25,19.265,15164844.156932,19.8555
KG,11.31,11.0,11.39,10.63,7145.3114,11.3258
HTRB,33.71,33.7,33.72,33.645,427186.400667,33.6892
XVV,56.73,56.35,56.73,56.19,10009.25022,56.5326
ACYS,20.325,20.18,20.4199,20.18,99790.1,20.3116
AOK,41.2,41.15,41.21,41.085,75264.340552,41.1631
NIHI,51.58,51.26,51.58,51.18,69579.491223,51.3804
UPRO,141.83,139.64,142.7,137.955,2808022.691295,140.6893
PAUG,45.02,44.96,45.08,44.96,17432.0,45.0487
SDOW,28.53,28.67,28.955,28.445,3892619.763206,28.715
SLVP,41.43,41.0,41.82,40.04,531377.014935,41.2605
IDMO,60.98,60.41,61.05,60.3428,435490.352042,60.8498
ZALT,33.62,33.62,33.62,33.55,38612.145,33.5803
TSII,20.36,20.01,20.5899,19.89,43732.579197,20.2816
BIOX,0.4089,0.46,0.48259,0.4019,782879.007706,0.4217
FLCH,23.91,23.25,23.945,23.235,265917.398304,23.5611
AWAY,17.0124,17.12,17.12,16.93,9486.707802,17.056
SOYB,25.36,25.35,25.47,25.31,112142.82044,25.397
WTIP,40.42,40.63,40.63,40.33,6040.6704,40.5465
IXG,120.0,120.34,120.5509,119.93,7419.564749,120.1341
ARMP,8.82,8.95,9.22,8.57,27167.631636,8.943
SEMI,37.564,37.45,37.72,37.0157,4719.758103,37.3243
BPOP,143.06,145.85,145.85,142.86,568890.108257,143.5777
NEOG,8.69,8.54,8.815,8.5013,2278597.68845,8.6957
SNPE,67.99,67.66,68.11,67.385,92783.514037,67.8446
OUSA,57.4436,57.26,57.48,57.17,21589.02283,57.3278
RIME,0.6935,0.731,0.754899,0.67,578524.809089,0.7113
USAS,7.25,7.32,7.51,7.0201,5235150.672216,7.3119
DFUS,80.72,80.28,80.8699,79.96,435878.056303,80.5857
LYG,5.18,5.13,5.22,5.12,22494407.033877,5.1787
BTCW,84.22,84.65,84.65,83.345,17691.448885,83.6997
EGGY,40.01,40.41,40.41,38.85,38808.192371,39.9586
CMCT,5.74,5.6,5.93,5.508103,19795.459092,5.6349
NEBX,38.1767,37.42,41.2856,34.0367,6018144.829383,37.3871
HDLB,16.0386,16.4,16.4,16.0386,4353.2042,16.3221
FBOT,39.75,39.7,39.82,39.365,26706.248992,39.7012
FBLG,1.13,1.11,1.2,1.0611,250189.784959,1.1446
YEAR,50.33,50.33,50.33,50.3,120876.725234,50.3107
RUM,8.32,7.86,8.42,7.7625,3358261.977141,8.1967
XAPR,37.415,37.31,37.46,37.31,10317.0,37.375
AMAX,8.11,8.11,8.11,8.0501,32865.261159,8.0995
FJET,5.02,5.11,5.1801,4.73,1058636.500377,4.9494
SOXS,8.35,8.38,8.98,8.14,356084027.207759,8.5068
ZBIO,19.93,19.6,20.22,18.99,516448.48362,19.8121
LITX,56.34,58.25,59.5,52.793,5673704.351041,56.3071
CENN,3.92,3.91,4.07,3.9,9656.449093,3.987
GRO,2.92,2.66,2.97,2.64,690201.318275,2.8557
LFS,1.85,1.68,2.07,1.575,269539.0,1.8789
OALC,39.68,39.64,39.7999,39.53,20612.552527,39.6839
TRFM,57.96,57.68,58.17,57.1399,23656.3566,57.7598
RETL,7.02,7.09,7.11,6.77,1157047.758561,6.9301
PMAX,3.41,2.6,3.62,2.53,1490247.826709,3.1735
BSJU,25.85,25.83,25.86,25.8,42269.5824,25.8417
STXL,38.34,39.13,39.68,36.5,140784.222624,38.2374
SPIB,33.43,33.43,33.44,33.37,8392271.4041,33.412
QNC,2.84,2.78,2.93,2.73,514489.507087,2.8438
PST,22.9349,22.96,23.02,22.93,21211.0398,22.9504
ETHU,25.03,25.58,25.6901,24.53,3531611.630019,25.2459
NVTS,21.17,20.81,21.68,19.6501,39381219.138675,20.8543
DDTJ,19.8699,19.91,19.91,19.83,5980.0,19.8726
DECK,93.93,94.69,95.67,93.75,1819250.469497,94.3872
IJUL,35.077,34.83,35.1,34.83,11262.0,35.0598
ISBA,40.65,42.19,42.43,40.55,16504.797418,41.1437
HSAI,24.04,22.22,24.41,22.04,3043302.793682,23.5989
GEVX,24.57,25.4483,25.4483,24.09,277884.405549,24.7669
REED,1.79,2.03,2.3799,1.62,85326.457884,1.9667
FNDF,53.56,53.22,53.58,53.111,1526757.728291,53.4465
CHWY,21.65,22.75,22.75,21.4,9950069.829572,21.7372
AVSC,67.14,67.53,67.53,66.81,143717.016189,67.0683
AEMD,2.14,2.18,2.23,2.14,28352.7735,2.184
PHG,25.63,25.46,25.71,25.425,1820186.283612,25.5881
NEGG,23.27,24.27,25.1199,22.36,117692.485092,23.1153
ONEG,0.85,1.0,1.03,0.81,839662.800238,0.921
RGTX,22.17,23.86,23.86,20.88,990176.706704,22.2956
FSLY,18.31,19.29,19.29,18.21,7105273.075658,18.4556
SPYG,118.83,117.81,119.215,116.9601,2065336.908954,118.5777
DFJ,107.8,107.64,107.8,107.1888,62774.664335,107.4313
CRSR,7.42,7.51,7.59,7.23,1854650.279369,7.3449
ESI,44.23,44.5,45.029,44.0,3141433.972088,44.329
FTCS,92.24,92.11,92.56,91.7901,664116.146933,92.1496
LABX,56.4,49.18,56.56,47.5224,533918.433195,52.1815
BLOX,17.73,17.5,17.7699,17.155,245254.321359,17.4755
EEM,67.21,66.57,67.445,66.265,26065354.44739,67.0204
PBEU,30.0582,29.58,30.12,29.58,114210.0198,30.0608
BZ,14.74,14.2,14.9,14.09,4814985.712238,14.6917
TVAL,40.34,40.38,40.38,40.14,62986.141936,40.2985
IBO,0.5818,0.6,0.6156,0.58,69237.16534,0.5993
MISL,45.53,45.51,45.7383,44.8,237616.124116,45.4686
TDV,97.48,97.82,98.0,97.1501,14043.048961,97.4392
USRT,64.83,64.89,65.040741,64.57,230763.81513,64.8121
LCTX,1.28,1.34,1.3485,1.2207,1751903.505904,1.2751
AXTU,32.455,37.47,38.0,29.7,180541.6025,32.7747
CAPE,32.3708,32.44,32.44,32.25,57168.5338,32.3161
IBX,18.34,19.27,19.27,17.98,45956.440837,18.2908
IMXI,15.15,15.82,15.885,14.87,7988382.50434,15.3202
PSQ,26.08,26.26,26.4499,26.0,5995099.455589,26.1641
VIVS,1.3,1.3,1.33,1.28,27827.109484,1.3087
PLX,1.93,1.97,2.17,1.905,2204465.3753,2.0415
HUBS,179.0,179.25,180.37,173.25,2263428.269097,177.8738
USFR,50.42,50.4,50.42,50.4,5071108.772177,50.4095
BCHT,1.34,1.29,1.47,1.29,226894.883,1.3828
IOO,141.22,139.62,141.47,139.4101,606440.892016,140.9827
STGW,5.97,6.03,6.095,5.765,1385088.844509,5.93
FDD,19.44,19.26,19.46,19.26,133447.394,19.4107
ILCV,100.33,99.96,100.445,99.89,16982.639553,100.1843
SLNH,2.16,1.765,2.19,1.64,44660852.242619,1.9587
OIS,9.01,8.79,9.03,8.64,1205744.956364,8.9074
SVOL,15.94,15.97,16.0,15.93,233530.361809,15.9715
VOT,287.33,288.32,288.33,284.45,144266.47195,287.2128
MSTU,7.895,8.27,8.29,7.67,32739532.360829,8.036
DBAW,46.5695,46.26,46.61,46.23,11905.774269,46.5062
GCOW,46.34,46.24,46.35,46.0,202428.11786,46.2275
DFLI,1.96,1.95,2.0,1.88,363957.971895,1.9624
XRT,79.75,80.01,80.22,78.89,9937954.377513,79.4877
ETHW,16.15,16.32,16.33,15.98,401203.011272,16.1554
SGOL,44.66,44.65,44.855,44.47,964626.096415,44.657
MGNR,55.2291,55.31,55.4399,54.69,73598.339,55.2917
NKE,42.34,42.2,42.61,41.7,21325207.803247,42.1954
FRDM,67.84,67.28,68.39,67.0701,582254.621611,67.833
IBD,23.82,23.89,23.9699,23.79,60440.659514,23.8664
JHSC,45.8114,46.11,46.11,45.685897,24387.46097,45.7745
RDVI,27.09,27.19,27.19,27.0,449020.798406,27.0829
RSBT,19.63,19.63,19.7399,19.61,18892.154007,19.6675
CRCG,41.27,40.32,43.83,36.0,2970704.931417,40.5975
CSCO,101.87,99.4,102.01,99.29,45241625.476023,105.4105
FCG,29.79,29.76,29.8,29.38,504977.494212,29.6033
VXX,28.37,27.91,28.44,27.725,9096767.415131,28.094
KIDS,17.79,17.58,18.26,17.5,172232.845147,17.9047
SER,1.56,1.69,1.69,1.535,82381.529745,1.6072
FIDU,94.02,94.37,94.37,93.22,61883.647949,93.9426
CAI,14.69,16.055,16.2172,14.19,6941927.892279,14.7053
RELY,23.75,23.795,24.16,23.23,31142785.623475,23.7391
VKI,8.98,9.02,9.05,8.98,63112.335202,9.0101
IWP,136.4,136.68,136.83,134.93,740177.564721,136.1727
MYPS,0.4595,0.4508,0.4982,0.4508,490419.720558,0.476
PAPI,26.07,26.18,26.2489,26.0051,177307.4959,26.0589
CVLC,91.88,91.67,92.17,91.44,48347.356735,91.9076
DJUN,48.9451,48.89,48.9999,48.89,6674.0,48.9388
PCGpB,20.2,20.17,20.2,20.17,722.2287,20.1974
NDIA,26.2679,26.12,26.28,26.12,753.0292,26.1854
UUU,6.07,6.14,6.1526,6.05,9401.5078,6.1127
CLOA,51.8924,51.89,51.93,51.88,265044.157683,51.8988
SPSK,18.02,18.04,18.0774,18.0,142486.181533,18.0179
JIG,83.16,82.47,83.289,82.07,23641.8951,82.9526
VCEB,62.62,62.59,62.63,62.49,57739.553877,62.5778
ISCF,45.0754,44.75,45.1,44.75,34630.2978,45.0156
DYLG,26.8849,26.88,26.899,26.8126,3383.7731,26.8523
TECL,197.15,198.26,199.9,188.51,1105499.226863,195.7867
MRBK,17.38,17.5,17.78,17.34,106003.3934,17.4467
BLCV,39.2067,39.16,39.25,39.08,5975.7152,39.1403
LECO,265.26,267.27,268.02,264.195,265318.514013,265.8622
CBTA,23.219,23.25,23.25,23.2,338.8217,23.2343
BIBL,52.96,53.26,53.2918,52.83,30810.238734,52.9879
CASH,79.93,82.53,82.68,79.55,256218.0636,80.1923
TTI,10.65,10.575,10.805,10.36,2046394.145404,10.6594
IWC,186.67,186.02,187.3333,183.6,131763.89023,185.0592
PWB,155.145,155.33,155.8199,153.69,73632.981393,155.1661
CLSK,13.3,13.454,13.545,13.09,14651570.370118,13.3269
GXPS,27.3908,27.11,27.58,27.11,21672.8375,27.3239
NUBD,22.08,22.03,22.08,22.03,75864.79175,22.0589
CRBU,2.12,2.03,2.15,1.995,1670966.622487,2.0962
AUROW,0.7999,0.5088,0.87,0.4975,346709.0,0.6888
MTBA,49.31,49.26,49.339,49.215,184028.24876,49.2719
SANM,238.62,241.55,244.0,234.2,689098.037864,239.454
REI,1.26,1.36,1.41,1.25,39533635.405172,1.3335
ONC,316.55,310.72,322.45,307.21,181667.718158,315.6959
VNRX,2.36,2.29,2.3695,2.1,231980.064948,2.2325
JHML,87.04,86.84,87.1681,86.54,22870.52872,86.8747
CGCV,31.71,31.61,31.75,31.49,298217.037655,31.6293
PKB,103.9763,104.4,104.4,103.62,9259.056149,103.8342
CVU,3.75,3.91,3.939,3.75,17068.3661,3.8077
MKZR,2.3,2.3,2.36,2.3,11862.273576,2.3127
EHLD,8.625,8.53,8.625,8.5,3580.4626,8.5741
FCXG,15.905,15.54,16.44,15.0301,83783.360034,15.8424
INNV,7.39,7.28,7.54,7.17,324050.568071,7.3705
CSWC,23.44,23.78,23.88,23.41,846815.288601,23.5417
EFAS,22.015,21.94,22.0799,21.92,15595.657088,22.0005
FE,44.12,44.49,44.49,43.8701,3858880.519108,44.0689
CIIT,1.28,1.31,1.36,1.1688,40752.790003,1.2619
MSMR,36.83,36.8,36.944,36.65,11080.5766,36.7745
NMFC,8.08,8.12,8.165,8.031,468832.820389,8.104
PBFR,30.34,30.35,30.35,30.2609,38361.0159,30.3293
SUGP,3.76,3.15,3.765,3.15,20378.957307,3.6095
IBTK,19.56,19.56,19.57,19.53,236899.33869,19.5531
JPIB,47.89,47.86,47.95,47.832,136159.110647,47.8838
IMVP,20.79,20.7,20.87,20.65,48737.73226,20.7761
TMP,82.77,83.5,83.72,82.37,52076.86273,82.8635
OILK,58.44,58.99,59.189,58.0703,81837.750128,58.5007
NHC,194.71,190.88,194.76,189.2,104466.433839,192.3452
XLV,146.71,145.32,146.975,145.13,15841774.548078,146.2987
RECS,42.73,42.52,42.795,42.45,390606.09523,42.6265
BBIO,68.61,65.46,70.235,65.16,3144449.069793,68.416
XOP,168.34,169.91,170.6,166.72,3437746.123086,167.9247
SMCY,6.37,6.53,6.53,6.325,761534.710761,6.4041
HSCZ,42.68,42.52,42.73,42.52,20532.7443,42.6515
RISN,28.9553,28.75,29.095,28.75,920.508543,28.956
CVNY,24.9334,26.36,26.36,24.6801,68642.09906,25.1613
VTEI,100.32,100.4,100.42,100.3,52473.7385,100.3334
ELM,29.03,28.96,29.03,28.795,40540.668434,28.8959
VALN,5.87,5.94,6.245,5.87,30663.953415,6.0204
EPM,4.21,4.31,4.5,4.2,1084932.277875,4.3255
IAUX,1.56,1.63,1.65,1.53,24661749.19378,1.5749
USBC,0.678,0.69,0.75,0.6107,6180356.774399,0.6843
AEF,9.51,9.64,9.8,9.51,301842.166536,9.6208
DMRC,10.56,9.0,10.89,7.88,462015.930256,9.8246
GPUS,0.1301,0.1199,0.1301,0.1163,21583959.434835,0.1232
ESML,51.7,51.93,51.93,51.38,126182.262566,51.6458
REA,27.05,30.0,30.02,26.09,619692.751143,28.2915
OKLO,69.66,73.37,73.4,68.1001,14287262.908363,70.3862
XLE,57.63,57.47,57.71,56.96,22707191.873934,57.351
BITQ,27.09,27.23,27.5201,26.76,73189.224297,27.1134
XLUI,24.27,24.36,24.37,24.05,81827.7895,24.2342
TMFM,20.14,20.41,20.41,20.06,14895.6395,20.2151
AMPL,5.98,6.1,6.15,5.91,2518651.52513,6.0109
FTSD,90.37,90.44,90.44,90.2534,23301.97269,90.3202
ETHE,18.29,18.49,18.51,18.105,1576018.146333,18.3286
S,16.08,15.66,16.2,15.48,4637244.3273,15.9501
VIG,228.68,228.11,229.06,227.56,791888.927594,228.3514
SFL,12.42,12.78,12.94,12.23,1827307.400033,12.4223
TPET,0.3947,0.4,0.4027,0.3901,2114513.704743,0.3988
TSLQ,16.15,16.81,17.33,15.51,17372135.915584,16.1361
SRFM,1.24,1.27,1.28,1.18,3923885.806309,1.2384
NVEC,95.6,96.85,101.99,95.1101,270769.917828,97.4314
AMBO,2.6,2.0,2.72,2.0,343140.822461,2.1964
SMTH,25.71,25.71,25.73,25.675,197095.583058,25.7081
WEAT,25.37,25.3,25.6,25.19,851391.356791,25.3852
OTLK,0.23,0.235,0.248,0.23,2212532.136619,0.2379
ELCV,30.98,31.0,31.03,30.75,50842.395205,30.8177
IBND,31.49,31.51,31.5999,31.43,80255.314152,31.5297
MPTI,74.08,74.04,75.705,72.92,74911.220978,73.8414
HOOY,28.0,28.0,28.3,27.7,107234.468272,28.1131
AEC,5.05,5.1,5.15,4.97,38611.21857,5.0786
NVO,47.08,47.07,47.21,46.65,9998736.405512,46.9878
ENOR,37.39,37.1,37.42,36.9175,220579.399875,37.1761
TMV,39.55,39.37,39.83,39.195,533026.181266,39.5364
BUDA,9.6,9.45,9.72,9.45,3145.0,9.61
IDVO,43.09,42.78,43.2595,42.61,238106.320007,43.055
CAC,47.52,47.74,48.09,47.3001,102302.5657,47.6152
TMUSI,22.26,22.26,22.36,22.2,5423.5,22.2718
FCUS,44.91,45.65,45.65,44.08,22221.1748,44.9986
HTUS,43.414,43.44,43.53,43.16,7163.43213,43.343
RUBI,51.5,47.75,53.0,47.75,3931.848805,50.0125
QSI,0.9294,0.93,0.9584,0.9022,4868987.564858,0.936
REFR,0.7901,0.8132,0.861901,0.7858,67119.0,0.8167
DIVS,32.1737,32.0,32.1737,32.0,5162.078412,32.0601
DTH,56.6384,56.24,56.7099,56.24,67870.3608,56.4458
GMAR,43.8498,43.795,43.9099,43.74,10897.681487,43.8041
IWM,282.67,282.92,283.56,279.93,20742270.551608,282.0804
SMTI,21.1,20.49,22.11,20.45,119500.061172,21.0322
QID,14.78,14.96,15.185,14.6801,21556011.257368,14.8892
INDO,2.95,3.09,3.1,2.94,570108.769125,2.9978
ICON,1.47,1.37,1.48,1.33,134713.431633,1.396
SHEN,15.85,15.47,16.17,15.455,334209.117287,15.8824
IGEB,44.975,44.95,44.975,44.865,157744.81043,44.9234
QBTZ,12.88,11.84,13.68,11.84,947792.163443,12.8907
BBAX,62.3,61.78,62.36,61.75,232236.24038,62.2054
KARS,37.85,37.05,37.85,36.76,128265.090857,37.5961
DXJ,171.52,170.44,171.69,169.12,330053.98228,171.3031
PANL,8.26,8.7,8.95,7.87,1051474.010597,8.2045
AMCX,8.39,8.22,8.51,8.06,503127.064815,8.3094
FBYD,9.86,10.51,11.4225,9.74,61635.190411,10.1162
EVSM,50.23,50.26,50.26,50.2299,82773.83602,50.2392
PBFS,14.8,14.54,14.9,14.54,39191.0,14.8245
APPF,150.53,153.03,153.03,145.14,497880.291466,149.5309
SNDU,33.4567,36.1667,36.17,31.4833,2550460.129788,34.0064
VSTD,0.4092,0.4,0.4299,0.388,30661.0,0.4046
QNCX,24.4,24.4,25.4,24.0,25756.163813,24.558
NEUP,4.98,4.91,5.071,4.91,21191.7441,4.9884
HTOO,3.09,3.0,3.16,2.89,46022.400365,3.0321
ZUMZ,23.28,22.77,23.3,22.49,121284.2156,23.0362
FCFS,224.25,230.26,230.26,221.7,288672.595958,225.0396
CORZW,17.21,16.67,17.55,16.34,324813.368981,16.8582
CNXT,58.0,56.98,58.13,56.9337,113241.794768,57.7851
XRTX,2.34,2.37,2.49,2.3,12515.312,2.3707
PONY,9.02,8.76,9.175,8.555,4775330.176659,8.954
PCTY,104.23,105.9,107.4175,102.1901,948442.293248,104.1773
MGK,88.71,87.84,89.01,87.315,1311553.67314,88.3845
PRF,52.64,52.56,52.74,52.3401,432051.325122,52.5782
TGRW,47.725,47.27,47.7709,47.23,1835.906545,47.3883
ICVT,118.62,117.99,119.02,116.95,1121915.244601,118.5649
WOK,276.0,124.0,375.0,124.0,2041865.931847,245.2
FDCF,49.2803,48.8,49.49,48.78,6242.1157,49.2743
TLS,4.18,4.37,4.48,4.05,757457.147169,4.1926
TSLA,445.27,436.665,453.4,430.21,68283229.505879,445.4215
KAPA,0.464,0.464,0.5,0.43,457727.0,0.4515
PWV,72.95,72.65,73.06,72.65,38148.32094,72.9158
NYF,53.4,53.52,53.52,53.4,141168.06415,53.4244
DOL,73.8985,73.42,74.02,73.35,6443.9715,73.7741
EXI,196.75,196.83,196.94,195.82,19464.895488,196.5798
THD,72.17,71.5,72.19,71.3401,112801.522189,71.9201
CJMB,1.0,1.0,1.03,0.96,86288.0,1.0333
SOWG,1.88,1.67,1.95,1.5979,238450.080419,1.8263
KOLD,25.65,24.92,25.89,24.87,2056238.55061,25.509
VFMF,167.74,168.22,168.27,166.9873,24556.201877,167.7085
HON,217.96,218.0,219.43,215.96,3354054.638834,217.7801
EWH,24.55,24.05,24.62,23.99,8077480.594743,24.4748
JD,33.77,32.41,34.3,32.41,37590314.686774,33.7369
ELDN,3.88,3.86,3.945,3.835,1419570.669916,3.887
BGLD,17.365,17.26,17.38,17.26,9040.559611,17.3576
LRGE,86.3346,85.4,86.51,85.18,22431.40475,86.0839
GNOM,46.15,46.79,46.79,46.02,7793.235008,46.3238
TCMD,23.29,23.29,23.48,22.56,401252.693074,23.0453
URGN,30.94,29.8,31.32,28.71,936628.716555,30.2953
RSP,202.92,203.68,203.68,202.335,7388858.801197,202.7989
WULX,44.89,46.01,46.01,42.08,153571.927133,44.1313
ECOW,28.3,28.24,28.48,28.24,37387.067679,28.3948
SONO,14.64,14.65,14.91,14.47,1530699.413538,14.6457
TTMI,168.82,168.16,172.0,162.385,2655202.256861,168.7955
URTH,201.63,200.47,201.88,200.0,338334.592012,201.2358
NEM,118.96,118.95,120.635,117.7,6766007.024556,119.1355
AGI,43.65,43.93,44.25,43.135,2674675.543557,43.5426
CFO,76.7586,76.86,76.86,76.52,6633.7141,76.6929
NDEC,29.6607,29.72,29.72,29.64,4247.0,29.6706
EDEN,112.7967,112.75,112.96,112.4,5017.258075,112.58
PHIO,1.13,1.12,1.15,1.1008,127282.09983,1.1364
SPMO,146.29,146.13,146.8799,143.9141,1973326.837899,145.6835
BABA,145.81,132.06,146.87,130.33,40214629.221633,142.2259
USMV,94.31,94.23,94.45,93.855,1701742.930661,94.2043
RBNE,18.75,19.95,19.95,18.6,17471.742258,19.2075
ICOW,45.58,45.32,45.61,45.19,203110.490005,45.4664
DDFY,19.92,19.9,19.94,19.845,88424.7785,19.8967
DFIS,36.5,36.32,36.519,36.19,567404.97853,36.3878
MSDD,27.4322,26.55,28.015,26.55,19991.326655,27.4018
IHT,1.1236,1.13,1.13,1.0912,7856.3965,1.1147
GGME,59.8837,59.77,59.9065,59.255,949.3005,59.6225
EEMV,72.99,72.53,73.06,72.445,160882.883719,72.8921
XOVL,20.0343,20.11,20.14,19.3661,32716.7503,19.9916
XSPI,49.815,49.44,49.88,49.4,20161.546322,49.6586
HYLN,3.59,2.85,3.6,2.82,8284503.239472,3.2572
CHPY,75.34,74.91,75.9078,74.0,577885.765213,75.0214
PDC,7.275,7.07,7.6999,6.75,70741.548102,7.0629
IGME,22.9616,23.21,23.21,22.9616,608.938076,23.1728
UUUU,20.18,20.85,20.86,19.82,6965526.945305,20.3016
ED,106.16,105.13,106.36,104.71,2463956.227503,105.8941
SLV,79.35,78.66,80.86,78.27,31013612.916863,79.5546
EVUS,34.59,34.57,34.615,34.405,20018.1966,34.4936
UCO,48.14,49.09,49.464,47.51,2769833.368387,48.3038
ELMD,34.03,28.36,34.43,27.63,227635.051455,31.8804
CORT,57.08,53.84,57.98,53.3,2307963.190867,56.2891
IUSB,45.99,45.96,46.0,45.905,2279458.332159,45.966
ICSH,50.52,50.5,50.52,50.5,1450209.120878,50.5118
XBIT,2.5,2.51,2.56,2.48,32665.662818,2.5331
BCD,38.51,38.61,38.72,38.41,137444.227024,38.6485
PAYO,4.93,5.06,5.065,4.855,4439946.292633,4.9472
JQUA,67.99,68.05,68.1199,67.634,425425.897694,67.9212
SIJ,17.839,17.6,18.0,17.6,1301.5216,17.8952
MARB,20.825,20.74,20.93,20.74,11406.9608,20.8128
AEMS,11.7,11.6,11.75,11.6,89122.8996,11.7074
WNTR,22.32,22.01,22.47,22.01,67241.439028,22.2744
ACIC,10.735,10.48,10.74,10.37,318136.695129,10.5949
COPY,14.635,14.57,14.67,14.57,121443.642556,14.6194
SCHV,32.84,32.85,32.9,32.705,2842492.246781,32.8111
ELVN,43.56,42.24,45.1399,40.92,1212623.580147,43.7796
BV,12.55,12.44,12.75,12.3,594778.702422,12.4609
NET,192.62,185.75,194.66,185.75,4262404.51628,190.9878
EPRF,17.09,17.08,17.115,17.08,13333.394,17.0901
ICF,67.46,67.79,67.79,67.07,292914.407485,67.3233
KWEB,30.59,29.15,30.74,29.115,81984858.709149,30.3853
FSLR,234.6,234.33,240.835,231.17,2629822.897721,236.3243
TAGG,42.42,42.5,42.5,42.365,223560.1252,42.4115
CNCK,1.94,1.88,2.23,1.81,1450597.325063,1.9642
EIX,70.62,71.21,71.21,70.14,1996481.915219,70.648
YMAX,8.51,8.55,8.5699,8.3807,1116317.468696,8.5006
DBEM,40.02,39.51,40.551,39.151,8389.0141,40.3804
TECS,8.5,8.42,8.876,8.362,5406255.895352,8.5504
GEO,22.65,21.59,22.7,21.31,2125827.602741,22.2896
TYD,23.88,23.9,23.9,23.7901,38218.246744,23.8458
REM,22.12,22.24,22.28,22.105,578019.837349,22.1855
SAFT,69.7,70.36,70.975,69.005,81554.049869,69.7321
CRMG,4.8,5.04,5.05,4.73,1713325.350038,4.8526
COHH,16.8,17.07,17.59,14.95,114698.696,16.8688
IYH,61.73,61.19,61.845,61.09,1673251.961011,61.6297
DDI,11.8,11.89,11.8999,11.5742,391470.3728,11.8017
SUMA,9.83,9.83,9.83,9.83,16370.0,9.83
NGEN,3.64,3.7,3.8,3.61,134396.202289,3.694
SGML,18.83,20.72,20.8,18.75,3945011.999377,19.1861
ZMAY,25.91,25.94,25.94,25.88,142089.622,25.9039
RTH,263.9597,261.74,264.11,261.56,3462.51046,263.0187
AVGE,97.35,97.15,97.57,96.75,50372.401616,97.2016
UVXY,36.71,35.9,36.98,35.55,13702733.406044,36.3839
AFRU,8.66,8.86,8.9,7.58,50445.716,8.4246
DFAW,81.73,81.45,81.82,81.2099,56373.998676,81.6709
VFMV,139.12,138.92,139.205,138.63,9108.623944,138.9626
VMD,9.49,9.34,9.5,9.18,241754.93948,9.3937
ONFO,1.03,1.18,1.18,1.02,216800.0637,1.1226
SUB,106.26,106.29,106.31,106.23,360267.420941,106.2658
OCUL,9.24,8.99,9.34,8.94,2777243.499557,9.2361
NWE,71.18,71.54,71.54,70.25,519953.646782,71.0995
AVIG,41.345,41.31,41.36,41.26,262784.754334,41.314
UEC,15.37,15.56,15.83,14.8901,6322590.819168,15.4188
REGL,88.1,88.84,88.84,87.8,40275.135044,88.1693
SCHX,29.17,29.0,29.23,28.905,10585623.109797,29.1071
WTPI,33.21,33.09,33.24,32.995,101241.5927,33.169
XLY,118.72,118.06,119.23,117.45,4611751.017385,118.5763
FREL,29.12,29.23,29.23,28.98,242737.265125,29.0969
GLDM,92.78,92.79,93.19,92.395,2733910.256654,92.7751
BKNG,155.03,158.2,158.94,154.77,6829752.673401,155.9752
FNDC,50.2,49.96,50.2,49.785,109766.210769,50.0459
AREN,1.8,1.86,1.91,1.7714,107140.383683,1.8623
ATNM,1.29,1.3,1.325,1.27,76709.63725,1.293
STM,63.39,61.24,63.73,60.34,16894999.954584,62.1174
MTUM,305.4,306.06,306.925,301.39,605487.380129,305.1481
DBJP,111.63,110.84,111.63,110.7,12344.340347,111.281
VUG,87.51,86.61,87.8,86.105,5131505.874293,87.2107
HMOP,38.9853,39.0,39.03,38.9467,129680.47317,38.9771
ISVL,51.9009,51.59,51.9009,51.59,13638.442892,51.7246
BUYW,14.42,14.37,14.43,14.37,319413.582355,14.4202
MINO,45.26,45.33,45.34,45.25,84868.0464,45.2865
PTON,5.26,5.34,5.375,5.15,9058704.379554,5.2724
OSUR,3.04,2.98,3.06,2.98,1097179.761525,3.0233
SILJ,34.27,34.07,34.73,33.18,6181834.703279,34.1984
TDVG,47.08,47.03,47.1125,46.8339,46271.558781,47.0086
XHR,16.36,16.23,16.56,16.23,573712.856301,16.362
KYLD,21.92,21.97,21.9999,21.64,24122.36443,21.8869
TZOO,8.92,8.84,9.08,8.72,88230.942889,8.9441
VLGEA,45.26,43.73,45.38,43.73,33666.254396,44.815
GOVX,1.3,1.38,1.38,1.25,150568.748203,1.2956
AVDV,110.07,109.55,110.21,109.35,611271.910311,109.884
FEMB,29.49,29.56,29.56,29.25,34496.230526,29.4445
FIIG,20.78,20.77,20.79,20.735,123383.2393,20.77
BTCL,20.4598,20.72,20.73,19.994,44661.745116,20.4187
CXM,4.89,5.0,5.0,4.81,4323207.248407,4.8757
BGDE,6.0,6.2,6.39,5.59,167294.258641,5.911
OBAI,0.5417,0.5864,0.5885,0.52405,308025.382388,0.5487
PVAL,49.67,49.53,49.758082,49.39,1635722.472738,49.6535
CALC,0.6899,0.6129,0.727099,0.6129,361286.764485,0.6819
PXJ,44.9097,45.45,45.45,44.47,18351.233429,44.8896
SFTY,30.52,30.32,30.5879,30.32,53560.0,30.5237
SOUX,21.63,19.325,22.6682,19.161,221832.752036,21.0522
FNGG,240.0698,235.19,241.271,231.6635,7642.761861,238.1674
HLN,9.02,9.01,9.085,8.98,7932679.181825,9.0183
CAH,186.35,181.51,186.56,180.45,2848945.302622,184.634
MYO,0.8131,0.7673,0.8354,0.751001,252232.110878,0.7988
EDC,89.36,86.75,90.205,85.8651,123305.858371,88.7242
FPFD,21.76,21.75,21.77,21.75,7801.0058,21.7642
TFSL,14.95,14.99,15.07,14.76,1526428.382617,14.9318
FNRN,17.74,17.89,17.89,17.64,40494.573254,17.7449
NBSD,50.81,50.8,50.83,50.75,115771.05502,50.7963
TII,3.06,2.69,3.22,2.66,1022988.305515,2.9848
TGTX,42.65,42.47,43.07,41.94,1828783.204679,42.6077
SAFX,0.3965,0.415,0.4167,0.3885,3411213.891496,0.4022
DFE,76.6845,75.92,76.6845,75.92,1602.2252,76.4609
QYLG,29.6959,29.67,29.77,29.54,20162.018764,29.6788
ROBN,19.38,19.65,19.81,18.687,729174.747175,19.4868
OPEN,4.58,4.71,4.87,4.535,31189549.418852,4.6439
ITDC,36.2344,36.02,36.27,36.02,17078.017239,36.1694
FEZ,66.33,65.53,66.36,65.48,742583.112874,66.1166
IREG,22.13,23.855,24.02,20.9,445131.131916,22.2252
IAUI,56.95,56.93,57.035,56.64,210416.631642,56.8183
CWI,40.25,39.95,40.285,39.87,458302.890667,40.1943
VRNS,27.01,27.575,27.685,26.705,1634911.033509,27.0861
TBPH,16.67,16.36,16.76,16.31,402661.614735,16.6383
PFM,54.0734,53.87,54.13,53.79,20263.88845,53.9739
EELV,28.7721,28.68,28.9099,28.68,19094.757386,28.8008
LABD,13.23,13.6,13.865,13.07,2845086.95305,13.4786
SPY,742.31,738.47,743.91,735.47,44200203.200766,740.8019
DFSD,47.89,47.86,47.93,47.825,453521.191456,47.8688
PRCT,25.7,28.2,29.1,25.44,2758822.067016,27.3302
THTA,15.6096,15.55,15.62,15.55,34985.859435,15.6116
GNLN,4.3851,4.37,4.5,4.3,5773.806107,4.4196
EDIV,41.44,41.34,41.63,41.23,209577.808215,41.434
POWL,300.84,315.0,317.9,296.94,503720.353863,302.386
BJ,95.0,91.76,95.07,91.76,1906330.847578,94.5576
NGNE,32.62,31.54,32.98,29.51,135990.50789,31.6909
WB,8.71,8.4,8.765,8.35,1116668.040656,8.6594
OMER,14.38,14.77,14.86,13.78,2377106.995913,14.4937
SMLF,82.84,83.21,83.21,82.26,181694.197453,82.8117
RSHO,57.8,58.15,58.15,57.63,12955.8879,57.8933
CEGX,14.87,16.82,16.82,14.145,430371.039351,14.9034
VOTE,87.2744,86.85,87.445,86.56,5842.710714,87.0201
ROM,136.81,137.31,138.08,133.32,47100.319734,136.2239
SPYM,87.37,86.93,87.56,86.58,5773838.214269,87.1995
SJB,15.35,15.33,15.3699,15.33,190849.95481,15.347
TENX,11.91,12.17,12.3,11.76,432733.307311,11.994
VERS,76.1255,75.39,76.1255,75.39,392.1642,75.5019
FLEU,34.726,34.27,34.726,34.27,1626.2454,34.5013
ARGT,88.27,89.71,89.71,87.5,408471.263443,88.3199
SVXY,50.98,51.43,51.54,50.885,1062893.998869,51.2373
AMDL,53.37,56.13,56.7,50.2558,6959514.562066,53.4673
STIM,1.51,1.46,1.6,1.37,3292201.768705,1.4853
SVM,15.71,15.22,15.77,14.69,3859582.147732,15.4683
EVX,39.24,39.345,39.345,39.05,5103.120678,39.1765
VLYPO,25.075,25.09,25.09,25.075,925.7211,25.0814
EBND,20.93,20.94,20.995,20.9205,307181.965612,20.9496
BESS,3.47,2.33,3.54,2.33,1254698.089255,3.2377
FFEM,42.6581,42.14,42.775,42.125,7361.232207,42.6366
CMMB,1.74,1.85,1.8593,1.74,48365.679345,1.7648
GNS,0.247,0.26,0.265,0.245,3441222.719249,0.2552
IYRI,49.46,49.655,49.655,49.17,86441.287401,49.3764
EQX,14.49,13.96,14.62,13.72,18525647.253447,14.3623
KGEI,5.25,5.4,5.48,5.21,142893.989817,5.2918
VICR,309.27,307.13,315.0,287.5115,1108713.441195,304.0397
CARG,31.22,31.1,31.32,30.57,1095336.121551,31.056
OUSM,46.16,46.23,46.25,45.85,55999.6965,46.0444
TOYO,12.76,12.27,12.81,11.8,156238.084421,12.3192
EVRG,82.46,82.65,82.76,81.94,1747740.07668,82.383
PFLD,19.644,19.68,19.6933,19.64,66269.731962,19.6515
GLBE,27.54,28.71,29.9585,26.845,3678737.85314,28.1441
SMMD,86.17,86.41,86.74,85.505,205699.829198,86.1235
DAR,62.26,63.54,64.99,62.2,1838596.796185,62.6683
CMDT,34.84,34.93,35.06,34.8334,119170.3931,34.9486
BUFR,36.12,36.09,36.14,36.005,1243467.744206,36.0899
USPX,64.79,64.62,64.88,64.24,36086.2688,64.5511
KORP,46.595,46.55,46.5991,46.47,45335.423814,46.5632
PJUN,43.26,43.23,43.32,43.23,63294.0,43.2542
BLFS,21.17,21.2,21.26,20.66,321035.569568,21.0164
SCHC,50.85,50.62,50.92,50.44,204077.730269,50.795
CENTA,34.36,34.29,34.72,33.88,213897.598451,34.2421
KAUG,28.1841,28.16,28.1841,28.14,160852.0,28.1786
MESO,14.73,14.62,14.77,14.54,159768.53986,14.7041
CSGP,31.97,32.41,32.88,31.78,8482366.749981,32.1152
VSGX,80.38,79.76,80.44,79.59,125156.182327,80.1709
BTCT,1.13,1.13,1.1499,1.11,37949.541577,1.1491
COO,59.47,59.46,60.32,59.06,2247945.000281,59.6693
GGRP,0.5778,0.56,0.5971,0.5406,106650.0,0.5787
EMEQ,65.3668,64.71,65.5391,63.98,168549.47297,65.1234
BOXX,116.67,116.67,116.68,116.67,1708704.896867,116.6749
RAAA,25.0979,25.07,25.1,25.07,1391.0896,25.0896
FXU,47.86,47.96,47.96,47.56,223319.131668,47.7543
SLSN,1.32,1.22,1.3309,1.22,21129.861003,1.2789
KSCP,2.9,2.88,2.99,2.812,329384.002283,2.9046
EWJ,93.09,92.69,93.27,92.55,5348340.618213,92.9987
FLL,2.93,2.82,2.9499,2.77,149462.167587,2.8809
FIVA,37.79,37.42,37.79,37.42,122168.820183,37.6891
LGLV,177.29,177.27,177.6,176.58,16906.166156,177.0553
FROG,64.18,67.9,67.9,63.6227,3306918.668166,64.4355
LMUB,50.43,50.5,50.5,50.34,104116.1573,50.4252
ETU,6.64,6.78,6.8,6.5,70788.487,6.6783
LRHC,1.4,1.31,1.41,1.26,200296.575928,1.3464
SPSM,52.61,52.87,52.87,52.3999,917448.065224,52.5746
ADTX,2.2734,2.0493,2.3598,1.8819,118131.455566,2.1138
NWBI,13.52,13.64,13.71,13.485,1052383.317512,13.5454
CBAT,0.7936,0.79,0.7991,0.79,55547.282989,0.7926
IGIC,24.61,24.97,25.01,24.46,56750.271907,24.6446
GUNR,55.86,55.66,55.92,55.465,285423.300932,55.7859
YSEP,27.15,27.13,27.15,27.06,4334.0,27.0887
NVDA,225.83,224.93,227.84,221.5653,150405386.66294,225.8165
TSMY,16.48,16.45,16.65,16.17,144291.415416,16.4419
BETZ,18.344,18.24,18.38,18.15,6221.878933,18.2709
CASS,45.71,45.67,46.39,44.98,66237.069352,45.6876
CTA,31.69,32.058,32.26,31.69,393423.459966,31.8823
BAB,26.77,26.84,26.85,26.76,84946.382478,26.7844
LIT,89.58,88.82,89.87,88.49,705920.406876,89.4149
PIEQ,35.37,35.02,35.56,35.02,57266.91264,35.4038
EWS,29.39,29.29,29.405,29.2,513751.014043,29.3326
QFIN,13.97,13.13,14.0,13.05,2309026.118775,13.7197
LITZ,14.74,14.26,15.9188,13.9,1910505.214712,14.8314
RILYZ,19.1,18.9,19.2,18.885,112797.0,19.0412
DUOG,34.274,34.48,34.77,31.74,16533.477577,33.4404
OGIG,44.46,43.98,44.51,43.62,12776.5986,44.1296
CRCD,2.355,2.41,2.685,2.1909,11820877.851148,2.3908
TSMX,77.46,76.65,79.3,74.2,821090.41254,77.0055
STRA,78.74,78.26,79.175,77.695,357053.4673,78.6576
NOWL,3.72,3.85,3.86,3.625,19552981.423329,3.7278
WTI,4.4,4.17,4.41,4.14,7315328.62497,4.2873
EIRL,73.5851,72.78,73.5851,72.75,2621.395411,73.1052
FMNY,26.675,26.71,26.71,26.66,13699.2855,26.6813
RF,26.63,27.01,27.12,26.62,15806517.711263,26.7861
FLRT,46.88,46.83,46.915,46.81,67812.4062,46.8526
RCAX,6.08,6.2,6.5,5.65,896780.999767,6.1064
SBEV,0.2449,0.2418,0.2524,0.24,219465.625,0.2443
SFST,55.74,55.9,56.3,55.34,112601.0,55.698
BITW,51.299,51.65,51.65,50.83,36377.987314,51.242
SSRM,34.75,35.3,35.78,34.44,2459135.284081,34.9714
BUFQ,38.82,38.87,38.87,38.72,143220.311,38.8163
GAPR,41.3296,41.27,41.37,41.2,50080.8931,41.2979
AFK,28.17,28.34,28.4,28.09,48015.333857,28.2032
SAIC,90.41,93.24,93.655,87.12,552259.89243,89.8055
EFV,78.54,77.81,78.555,77.81,1819629.74215,78.3837
SPUS,56.86,56.55,57.01,56.18,416235.977423,56.67
GNTX,22.9,22.86,23.17,22.68,2030967.58891,22.9636
TBUX,49.87,49.85,49.87,49.8401,147494.52928,49.8591
BHB,33.82,34.01,34.475,33.82,118130.991,33.9726
SPHD,49.47,49.61,49.71,49.3,621088.991711,49.4765
RMR,19.38,19.14,19.44,19.03,206151.480137,19.3201
WGSWW,0.0057,0.0058,0.0058,0.0057,12062.0,0.005767
GOOGL,402.62,385.595,403.7,385.0,28144555.31422,398.2331
ALMS,24.86,23.42,25.39,22.8,841721.131654,24.3961
PILL,13.04,12.65,13.135,12.395,41804.2747,12.7927
VOO,682.41,678.9,683.91,676.2,4917990.419276,680.8457
CEMB,45.63,45.68,45.725,45.5999,52338.703771,45.6368
IWB,404.33,402.62,405.24,400.855,425929.242247,403.861
YMT,2.205,1.995,2.2725,1.995,39942.074346,2.169
ILTB,48.63,48.64,48.6601,48.5,53216.123883,48.5624
DXD,19.19,19.26,19.37,19.15,894337.939921,19.2665
REPL,5.3,3.99,5.43,3.93,17769335.977778,5.0344
VBCD,75.5,75.46,75.5,75.395,781.9575,75.4238
SPGP,115.93,116.41,116.41,115.69,53317.393029,116.0212
SUSA,149.99,149.56,150.21,149.0529,12002.527241,149.6876
EFIV,71.9809,71.69,72.105,71.39,15699.22771,71.8213
RKDA,1.06,1.09,1.1,1.0496,29253.05,1.0585
QBTX,15.0,16.5,16.53,13.97,1975424.790416,14.9161
IWN,209.24,209.58,209.65,208.255,354383.473411,208.9974
IPO,49.77,49.19,49.7704,48.305,27265.110705,49.3266
WBD,27.25,27.15,27.305,27.09,21012979.22454,27.2129
VDE,163.61,163.49,163.765,161.85,338188.991541,162.928
MSTZ,5.04,4.84,5.17,4.82,21643525.894429,4.9661
JZXN,1.15,1.16,1.61,1.11,1817543.079462,1.409
ZS,152.43,144.69,153.95,143.03,4811448.382675,149.751
PLTR,130.05,134.006,136.99,128.75,55189399.671337,130.9793
QEFA,97.62,96.73,97.62,96.52,42113.7773,97.3691
LMTL,32.5211,32.64,32.64,31.331,63942.4373,32.2306
MMED,11.18,11.67,12.0186,11.02,1116431.606168,11.3593
PSLV,28.48,28.25,29.01,28.06,12651004.203257,28.5731
FBCG,61.37,60.81,61.58,60.37,471604.979192,61.1453
MNA,36.39,36.49,37.19,36.315,47976.267625,36.3928
DISV,42.3,42.16,42.3211,41.9901,223310.774265,42.2067
APLY,12.69,12.58,12.78,12.58,286428.902262,12.6579
DOGG,21.1776,21.21,21.21,21.09,31482.8061,21.158
GRNI,21.0308,21.15,21.15,20.93,17198.978512,21.0349
GOOD,12.41,12.46,12.46,12.34,426235.952944,12.3926
SENS,5.5,5.71,5.8,5.45,574072.774936,5.5811
SHEL,84.93,85.02,85.28,84.54,6579090.046199,85.0063
HSTM,22.89,23.23,23.26,22.655,245522.21249,22.9131
NEO,8.26,8.655,8.655,8.175,1467218.043412,8.3369
NORW,38.52,38.13,38.57,38.09,131935.209571,38.429
SOEZ,15.82,16.22,16.22,15.72,20332.2229,15.9013
WAVE,8.53,8.08,9.15,8.08,34148.097068,8.7992
SHYL,44.39,44.4,44.42,44.35,28901.020998,44.3834
THM,2.79,2.82,2.895,2.68,708892.401874,2.8007
PZZA,32.7,34.02,34.23,32.51,1041971.554687,32.91
SECU,49.73,49.75,49.88,49.71,34615.056,49.7474
IBCA,25.56,25.56,25.56,25.485,176092.3149,25.5376
SCHA,33.09,33.23,33.25,32.82,1453769.38639,33.0376
VZLA,3.85,3.79,3.95,3.72,6260614.22187,3.8616
SGRT,36.29,36.25,36.535,35.5,77030.433093,36.1468
PLBC,51.19,51.42,51.61,50.925,18890.8033,51.2307
SCHB,28.56,28.42,28.62,28.3002,6653375.403089,28.5059
INFU,8.21,8.27,8.67,8.18,375881.00005,8.4286
VAL,98.95,98.48,99.54,96.73,880058.689601,98.5877
USGG,19.4992,19.44,20.69,17.8701,330840.5064,19.7866
KOMP,69.195,68.9,69.4,68.03,133789.685285,68.9613
RSST,33.82,33.64,33.885,33.3594,56256.644984,33.7189
AMYY,16.81,16.9198,16.9198,16.6501,6722.035761,16.7905
NEHI,34.8,35.12,35.12,34.53,83599.60714,34.8118
OIH,437.45,438.0,440.0,432.07,355854.746766,436.2238
MBBA,49.55,49.36,49.58,49.36,5434.2037,49.5034
MTDR,57.31,56.775,57.38,55.72,1456374.890268,56.9907
MXL,87.73,100.234,104.0,87.14,5752025.726033,92.4005
PCEF,20.0838,20.07,20.11,19.99,484989.6316,20.0645
CNRG,111.9875,111.29,112.875,109.335,12940.140969,111.3762
RUSHB,64.29,65.75,66.0,63.49,60166.842155,64.718
SH,33.41,33.58,33.7161,33.3347,5333309.609815,33.4818
EP,2.72,2.65,2.75,2.65,37320.762464,2.7062
BABO,10.95,10.11,11.02,10.0,123324.14913,10.7254
DDOG,205.31,199.49,205.4375,195.39,4578257.293061,203.0526
HYSA,14.875,14.88,14.88,14.8501,8467.602695,14.863
FNDA,35.29,35.47,35.48,35.155,459401.256844,35.2659
GWX,46.5,46.33,46.6299,46.3,42890.179634,46.4402
MSTY,25.75,26.25,26.26,25.4099,1948438.082533,25.8937
BGL,1.02,1.02,1.045,1.01,155304.840811,1.0225
IBIT,45.12,45.39,45.435,44.58,32419902.5211,45.0234
COSM,0.3029,0.317,0.317,0.2984,908690.294078,0.3084
MOBI,12.11,12.22,12.48,11.5,119669.481288,11.8906
BINV,42.67,42.26,42.75,42.26,15299.026837,42.6482
FVRR,10.69,10.83,10.83,10.4198,781085.900652,10.6561
IDX,12.33,12.33,12.3599,12.28,131050.65977,12.3301
QBY,9.28,9.33,9.33,9.2799,6536.5175,9.2932
PIO,44.4728,44.78,44.78,44.32,68759.507398,44.3972
SPYT,17.76,17.64,17.8,17.64,64930.129962,17.7379
AZTR,0.2168,0.2286,0.23,0.2129,390147.198618,0.2189
SLJY,36.98,36.89,37.2603,36.0,23557.004011,36.6832
ATLN,1.52,1.58,1.59,1.43,233838.310358,1.5089
IBLC,52.82,52.85,53.2699,51.86,20762.095887,52.8536
FLIN,34.47,34.19,34.5,34.11,513959.370228,34.3177
NTCL,21.255,20.455,23.0,20.4,1425.011866,21.71
GILD,133.05,133.552,135.07,131.88,6666706.371804,133.0508
NRGU,36.02,36.67,36.67,35.14,74418.832919,35.9466
AIB,1.15,1.12,1.1854,1.101,172209.567053,1.1479
IWO,369.28,369.62,371.02,364.1,240960.889394,368.2248
SCHP,26.79,26.82,26.82,26.77,2668539.211788,26.7936
HIMZ,26.8,27.91,28.5,24.88,1851724.046045,26.3297
APVO,4.76,4.75,4.88,4.72,17854.033752,4.7904
KDK,7.99,8.1,8.6,7.87,1458660.458463,8.3137
STXS,1.85,1.82,1.94,1.8,650854.433389,1.871
CAAA,20.325,20.38,20.38,20.315,5754.3701,20.3472
MOBX,1.74,1.955,1.97,1.695,1140926.641609,1.8276
ASIA,43.7212,43.3,43.7212,43.09,5471.193561,43.6195
KYIV,14.55,14.15,14.79,13.8,1433822.911412,14.4328
XSVM,65.2,65.4,65.4,64.8601,25239.04324,65.1536
ERAS,10.46,10.28,10.62,9.87,4339670.810074,10.3434
BFST,27.04,26.95,27.14,26.91,188471.1377,27.0075
HQ,12.31,11.76,12.43,11.25,109542.662415,12.0649
ESEA,70.87,72.0,72.0,69.45,44303.306625,70.3969
ALKT,16.57,16.7,16.79,16.19,2553894.625602,16.6031
PROV,17.0,17.06,17.1,16.9601,15115.4582,17.0049
FDMO,94.39,94.03,94.83,93.315,64650.652655,94.4772
AMLP,53.17,53.03,53.27,52.74,1174136.785181,53.0326
MDV,17.77,17.6,17.885,17.6,75798.047173,17.7745
SPBO,28.94,28.92,28.94,28.8789,365110.4755,28.9231
FYLD,38.69,38.46,38.7385,38.46,24767.9925,38.6613
BMM,7.33,7.01,7.46,7.01,83629.678793,7.2556
XSW,154.25,155.61,155.61,152.21,81685.596351,153.8091
BBEU,76.77,75.87,76.93,75.87,310275.228424,76.5725
CRAI,139.03,139.74,142.16,132.17,166638.891933,136.6725
CPER,40.27,40.46,40.78,40.01,1308987.762837,40.4841
INTL,30.83,30.64,30.9388,30.61,44636.389649,30.8253
PYPG,5.7556,5.71,5.885,5.6,861824.194744,5.7277
QTRX,2.88,2.915,2.985,2.81,1339326.250005,2.9157
EZPZ,19.8266,19.94,19.94,19.64,11544.79928,19.8021
MSOX,3.4,3.34,3.56,3.21,1710488.118901,3.4188
SPAI,4.21,4.41,4.42,4.1,186284.435438,4.2273
FETH,22.49,22.71,22.74,22.255,845528.492786,22.4907
PICB,23.51,23.48,23.55,23.46,141391.235506,23.4741
BDRX,3.715,3.84,3.84,3.6001,30443.561,3.7356
BAIG,38.2618,37.57,40.0,35.49,55007.626889,37.2936
JETD,3.99,3.97,4.055,3.9107,111077.041,3.9491
PEXL,70.2923,70.23,70.47,70.23,645.432148,70.232
CPSS,9.71,9.54,9.71,9.4,26834.0,9.6509
SEB,4751.25,4653.54,4751.25,4603.01,7233.685986,4702.2916
DSGN,15.62,15.69,15.95,15.21,764119.032041,15.6835
USHY,36.97,36.94,36.98,36.91,5672985.525547,36.9496
NYSX,123.4351,122.13,123.4351,121.48,5263.4026,122.3825
BALI,33.61,33.48,33.65,33.33,226887.250285,33.5374
TpC,18.61,18.69,18.69,18.6,52047.4187,18.6245
VGK,87.6,86.83,87.62,86.65,2912428.847557,87.3495
XMLV,64.73,65.04,65.04,64.3583,40457.804713,64.6981
MNOV,1.37,1.38,1.38,1.37,12208.817,1.3735
TXN,306.34,302.74,309.32,301.92,7546495.866272,306.231
VHT,274.41,271.99,274.82,271.42,210977.555509,273.4596
FDLO,69.12,68.72,69.16,68.6,31337.070621,68.8838
PONX,5.88,5.62,6.07,5.39,50998.213476,5.8677
NUSC,48.575,48.76,48.76,48.38,41890.720425,48.5233
MUNY,102.95,103.06,103.09,102.905,76820.68067,102.9908
BIRK,33.07,36.75,37.64,32.435,8934602.820432,33.508
FAN,26.78,26.55,26.78,26.4202,38328.722862,26.6257
TLTW,22.01,22.06,22.0722,21.96,1787979.660268,22.0086
ESLT,779.42,786.1,786.1,765.0,132882.669751,775.4591
FLDR,50.14,50.12,50.15,50.11,2746105.950003,50.1427
HUMN,38.58,37.6,38.61,37.43,125516.791378,38.0418
UXRP,19.85,20.35,20.35,19.55,82457.347968,20.0345
UXIN,2.57,2.64,2.64,2.56,95731.402128,2.5772
OSTX,1.79,1.72,1.83,1.7023,543180.589102,1.7613
MLM,576.79,586.24,586.24,572.37,521514.423602,576.5733
INSE,7.35,7.27,7.425,7.2,67495.3575,7.3196
JAGU,2.18,2.37,2.4302,2.15,107977.972334,2.2643
XBIO,3.18,2.95,3.2,2.95,16159.926,3.065
FITB,47.17,48.265,48.45,47.13,5418483.542334,47.5349
ESP,70.34,73.0,74.77,70.34,57808.03958,71.9038
SCYX,6.0864,6.08,6.196,5.84,47347.25,5.9888
GSAT,82.33,82.75,82.89,82.11,1164197.615388,82.5172
GDXY,13.55,13.61,13.635,13.38,606846.630046,13.5306
AVBP,28.93,29.0,29.32,28.54,310732.805764,28.9096
TDTT,24.34,24.33,24.34,24.32,396835.15283,24.3302
SLRC,13.0,13.13,13.1499,12.96,444082.257423,13.0539
INDL,43.21,42.7,43.26,42.65,8677.080669,42.9817
ITP,0.1963,0.203,0.2041,0.1901,661711.20197,0.1981
ULST,40.4,40.41,40.41,40.39,58819.059,40.4003
DEHP,41.9,41.44,41.92,41.3318,43638.79891,41.7623
YORW,29.55,29.36,29.55,29.155,121495.144167,29.3989
SKIN,0.65,0.6315,0.6836,0.607,1152440.892148,0.642
TGLR,39.2256,39.04,39.27,39.04,1551.2794,39.1025
TMQ,4.65,4.71,4.78,4.5506,2413088.212974,4.6806
SPWR,1.06,0.9901,1.06,0.962825,1901773.072163,1.0247
TTD,20.49,20.895,20.895,19.83,18831977.966587,20.3283
NXXT,0.295,0.3083,0.3135,0.2926,1845155.792984,0.3001
HYD,50.91,50.89,51.03,50.89,316922.264323,50.9625
HDUS,70.76,70.63,70.82,70.232175,11276.7548,70.6076
PBD,21.76,21.51,21.78,21.31,35390.999141,21.688
IMMP,0.4639,0.4678,0.4683,0.4554,601987.648228,0.4606
TGRT,46.145,45.88,46.255,45.52,59534.378075,46.006
BDRY,13.33,13.26,13.33,12.5812,182065.072433,13.1465
CLOZ,26.415,26.4,26.4176,26.385,184909.429662,26.4079
VPU,193.52,194.61,194.61,192.3,229758.457418,193.2752
HOOD,76.75,77.07,77.62,75.34,14805876.38522,76.8073
LGCY,12.2,11.92,12.3099,11.6552,94810.184,12.0619
EIDO,14.3,14.23,14.325,14.22,512808.410299,14.272
BOIL,26.12,26.94,26.94,25.9,3579784.717867,26.3442
SEM,16.47,16.445,16.485,16.43,1654070.46478,16.4556
AGNC,10.63,10.72,10.72,10.62,13871733.332403,10.6618
KBDC,14.79,15.13,15.23,14.79,228828.783095,14.978
DULL,50.7008,50.39,51.16,50.39,1632.0,50.6996
EZM,71.7181,72.02,72.02,71.4401,13688.549115,71.6695
ETHA,17.02,17.195,17.23,16.85,24393489.416597,17.0505
CERS,2.6,2.51,2.65,2.49,2150359.592203,2.6047
ACWI,155.88,154.68,156.08,154.43,2295637.297938,155.7368
LCAP,32.86,32.57,32.88,32.541,22278.41276,32.7306
SCHY,32.34,32.24,32.34,32.1367,340164.726781,32.2679
AU,102.37,103.02,104.2,101.36,1814019.825468,102.5968
VSS,161.08,160.09,161.135,159.62,132683.560725,160.6908
VCIG,0.79,0.781,0.83,0.7566,93762.398427,0.7997
ZG,38.88,39.825,39.84,38.3,1087064.427797,39.0811
T,24.74,25.23,25.55,24.72,34609671.85349,24.9642
IHY,21.865,21.8,21.8786,21.8,3299.972681,21.8431
FSEG,25.9548,25.51,25.9548,25.51,455.4518,25.7744
CRBN,251.39,250.08,251.48,249.49,3881.287444,250.6128
IYR,102.01,102.42,102.46,101.53,9266412.425534,102.017
FNGD,36.14,37.19,38.26,35.85,531610.452903,36.9552
XLP,84.72,84.2,85.255,84.135,10463186.163555,84.5575
XIMR,31.51,31.35,31.5499,31.35,5746.1432,31.4858
TSCO,29.85,30.38,30.5292,29.42,10861879.669157,29.7714
SOXQ,94.59,94.4,95.28,92.39,1682560.554384,94.0254
RIET,9.52,9.56,9.56,9.5,49359.915224,9.5332
DFAX,37.52,37.3,37.545,37.1939,468537.874888,37.4632
SUMAU,10.07,10.07,10.07,10.07,212.0,10.0823
REPX,36.15,36.1,36.34,35.415,440766.096937,35.9202
HR,20.37,20.12,20.38,20.08,4930167.248041,20.2845
TIPX,19.245,19.25,19.25,19.23,664834.282654,19.2409
BNAIW,0.16,0.1799,0.1799,0.1454,15516.0,0.1594
CBK,28.33,28.37,28.56,28.25,23216.0,28.356
HPAI,1.42,1.3,1.44,1.25,808622.075434,1.3471
OMAB,105.86,107.06,107.585,105.735,57525.600151,106.2354
NKTR,75.95,78.82,78.82,75.7755,687023.344602,76.7358
TSEM,270.77,253.95,271.92,243.5,6109867.767537,258.2332
WTO,9.646,10.3,10.7,9.646,8772.3398,10.174
TAFM,25.39,25.46,25.46,25.365,60348.4077,25.3912
IBUY,63.7503,63.57,63.89,63.03,20031.149624,63.5054
PFXF,18.785,18.81,18.83,18.7001,601720.25644,18.7854
GDE,70.0,70.13,70.55,69.44,162134.491963,70.017
TAXE,51.045,51.1,51.15,51.04,12614.1981,51.0806
SYNX,1.29,1.26,1.32,1.21,200096.129919,1.2609
XPEL,41.06,40.83,41.7199,39.83,257267.85067,40.556
ALCO,41.32,40.76,41.32,40.41,13274.317982,40.8893
IYK,72.28,72.07,72.85,72.01,139695.709926,72.3264
ANIP,80.88,78.16,81.48,78.11,308836.011222,80.4069
NBH,10.39,10.39,10.4599,10.3699,34348.9269,10.398
AAL,12.71,12.67,12.77,12.555,37200279.843236,12.6892
CDRO,9.27,9.24,9.2999,9.01,16601.005411,9.1528
FCOM,74.48,73.18,74.69,73.0735,76489.976599,74.2076
MSFO,11.93,11.98,12.03,11.89,143241.26848,11.9592
ASST,16.74,16.875,17.428,16.06,3082270.679419,16.7999
SPGM,85.21,84.73,85.294,84.44,136459.42951,85.0418
GUSH,37.03,37.71,37.93,36.3,723505.39681,36.8496
GSIE,45.64,45.36,45.64,45.3003,274102.517901,45.5118
FLGV,20.225,20.23,20.235,20.1989,38289.386077,20.2156
AMGN,336.45,332.32,338.0,330.06,2183792.683406,335.1904
IGC,0.296,0.3038,0.3038,0.295,251609.395771,0.2994
OLB,0.43,0.4426,0.4605,0.425952,165704.220493,0.4377
FTLF,9.53,9.53,9.9165,9.375,65309.0,9.5963
SNFCA,9.42,9.52,9.52,9.25,35421.955,9.3936
FRSX,2.03,2.0,2.05,1.99,43161.09424,2.0133
HIMX,20.585,20.65,21.74,19.59,8988266.84898,20.6959
ASTN,12.23,12.87,13.413,11.27,888067.633191,12.2756
WSBF,18.41,18.18,18.495,18.09,58183.8566,18.3283
KPHO,24.265,24.18,24.265,24.18,873.0,24.2393
UBOT,32.04,31.51,32.08,31.22,37660.860754,31.8031
XTR,28.33,28.31,28.33,28.1,2420.061,28.3973
NRXS,7.91,8.05,8.135,7.5,178208.614583,7.8406
IQ,1.18,1.16,1.2,1.15,5079862.065795,1.1787
FCLD,34.16,34.61,34.61,33.7511,9249.9159,34.0659
IJR,135.28,135.94,135.94,134.7,3177626.674403,135.1981
NEAR,50.71,50.67,50.71,50.63,899576.126525,50.6978
FUFU,2.18,2.2,2.21,2.08,145951.026408,2.1604
RL,331.62,335.81,338.27,327.78,796990.012779,331.3416
STOX,30.6843,30.43,30.725,30.43,19013.0,30.5799
RTO,32.24,32.26,32.445,32.175,1245733.075502,32.2849
SDEV,1.78,1.74,1.794,1.69,94839.33601,1.7374
SCCR,25.49,25.5,25.51,25.4507,262523.2245,25.4746
TFI,45.38,45.39,45.43,45.36,357112.35118,45.3869
CALF,46.99,47.16,47.16,46.66,612130.07464,46.9009
QYLD,18.13,18.12,18.13,18.11,2171155.452356,18.1221
VIXY,27.33,26.93,27.46,26.77,3531802.424474,27.1309
OCG,2.36,2.32,2.7399,2.2,28001839.974242,2.5143
GCAL,50.74,50.88,50.88,50.74,5587.6737,50.802
OCC,11.5,11.01,11.7,10.55,175092.556062,11.2546
CSRE,28.62,28.72,28.72,28.39,629953.896,28.5232
IVOO,123.77,124.32,124.32,123.14,75435.680477,123.688
PAAS,63.66,63.99,64.94,62.28,4786688.794846,63.848
IGPT,91.58,91.51,91.99,89.61,117046.651399,91.3078
MAGC,21.5,20.75,21.6199,20.75,27532.860224,21.5403
VRP,24.37,24.34,24.3765,24.32,299883.541242,24.3587
OILU,43.99,43.7,44.11,42.54,109768.586462,43.1368
INMD,14.04,13.82,14.055,13.76,1046724.802591,13.9347
AUDC,8.45,8.43,8.525,8.3101,83871.8422,8.4256
EYLD,45.73,45.41,45.9499,45.405,65893.628783,45.7412
GSEW,90.36,90.53,90.81,89.9,43029.309195,90.3313
CRMX,19.46,20.22,21.79,19.04,201148.073891,19.9772
DHYr,0.0054,0.005,0.0064,0.0036,8813100.0,0.005438
ITDF,40.8478,40.73,40.8787,40.55,24158.359775,40.7748
CAT,902.3,912.5,922.99,897.38,1957140.504225,903.7186
FLXN,25.025,24.99,25.06,24.99,4378.0,25.0281
ILPT,7.68,7.68,7.78,7.58,326211.611446,7.6904
RMNY,24.495,24.56,24.56,24.495,331.8534,24.5323
MARA,12.75,12.625,13.09,12.29,30744306.97586,12.7277
TOVX,0.33,0.3231,0.3321,0.3231,1548038.506857,0.3267
UFO,56.36,56.07,56.68,55.06,776712.172436,56.2185
APLZ,19.625,20.05,22.1,18.9,184599.569697,20.3475
LRCU,56.95,57.0,58.08,53.785,69539.987477,56.1164
DFNS,0.437,0.44,0.4458,0.4206,1179829.636772,0.4355
BWX,22.11,22.11,22.2,22.09,246562.073343,22.1221
RXI,199.43,197.8,199.62,197.19,12303.671975,198.5674
ICOP,56.71,55.93,57.24,55.71,218862.981745,56.6737
KGLD,31.47,31.47,31.56,31.31,74850.721932,31.4626
BWEN,3.85,4.05,4.75,3.59,5231078.899033,4.2462
KDEF,56.04,55.75,56.27,55.185,71972.012429,55.8965
HBM,27.74,27.41,28.42,27.02,9195481.720206,27.8124
FLBR,23.11,23.89,24.045,23.07,398204.631196,23.6154
SSK,12.31,12.63,12.66,12.25,61425.459457,12.405
RPV,111.29,111.06,111.5899,110.87,84909.678911,111.3456
NSRX,3.03,2.98,3.15,2.98,23905.901704,3.0598
NRO,3.03,3.05,3.05,3.02,173659.464614,3.0306
ANNX,5.45,5.47,5.585,5.34,2253576.836169,5.46
VPL,114.05,113.4,114.18,112.89,856170.121192,113.9181
PGJ,28.09,27.05,28.28,27.05,51608.297309,27.8764
SMIG,31.35,31.37,31.46,31.19,355790.5316,31.2888
NVTX,91.12,89.75,94.64,78.98,384823.407547,88.0938
JUST,105.9348,105.31,105.97,105.31,4082.7773,105.6255
CRAK,49.3,49.9,49.9,49.0737,77624.074329,49.3489
EA,200.18,200.01,200.445,199.45,2184329.332411,200.016
ALT,3.02,2.98,3.04,2.89,3584637.232673,2.9866
CGSM,26.31,26.33,26.33,26.3,313621.93368,26.3162
EZU,67.26,66.59,67.28,66.46,2453790.242808,67.0071
RWAY,6.52,6.66,6.66,6.5,535352.546683,6.5478
POEL,71.6699,70.88,74.19,57.5501,993046.184011,66.3466
XOCT,39.09,39.0,39.11,39.0,3497.0,39.0654
TMFC,77.39,76.88,77.575,76.484,84427.007469,77.1739
CHAU,25.75,25.36,25.81,25.3589,288753.420585,25.6945
KTEC,14.87,14.23,14.92,14.23,161283.274894,14.8178
LQTI,19.4,19.37,19.41,19.28,113206.7746,19.3656
IRE,29.49,32.04,32.17,27.92,5999364.457578,29.8728
VST,142.61,146.28,146.28,139.51,6385353.885218,141.9438
LBRDK,33.4,34.11,34.24,33.0801,1973557.195465,33.485
MNKD,3.21,3.28,3.28,3.11,4510656.285695,3.2129
OEF,370.81,367.74,371.61,366.565,220930.083162,369.7822
JSCP,47.115,47.06,47.1179,47.06,161264.07254,47.0884
SPTX,16.5,16.1,16.7,15.57,431693.194695,16.3376
PRE,17.57,18.0,18.2,17.39,152597.664251,17.7442
KINS,14.16,14.63,15.02,14.14,116508.449029,14.3276
OLLI,74.22,74.45,76.12,73.315,1872540.869555,74.269
SACH,1.05,1.05,1.0893,1.05,53187.681629,1.0606
FCX,67.16,66.83,68.85,65.8651,17112423.986292,67.559
STPZ,54.18,54.22,54.22,54.15,49485.482499,54.1718
SHYM,22.15,22.17,22.1788,22.14,260241.02913,22.1485
DOCU,45.07,44.56,45.37,44.06,3850001.341759,44.9278
PHYL,35.075,35.05,35.09,35.01,156197.1381,35.0586
MELI,1562.0,1533.13,1562.555,1495.0,1309272.827128,1537.5858
ADM,82.89,81.27,83.1,80.66,4139976.664648,82.3969
HLLY,2.69,2.775,2.775,2.65,1166847.054184,2.6815
GOOG,399.04,381.905,399.93,381.58,18160118.060676,395.0352
XYZY,26.43,27.46,27.46,26.38,32594.977933,26.944
CMCL,24.75,24.87,25.13,23.61,271452.369397,24.4581
CHAT,88.58,87.24,89.075,86.1547,1317905.784021,88.1652
UNTY,52.06,51.91,52.33,51.8,33572.160686,52.0775
GSEP,40.485,40.42,40.5,40.4,42785.092,40.4851
ARCC,18.78,18.72,18.94,18.6,6210556.890022,18.7938
IEUR,74.71,74.01,74.75,73.77,579192.85874,74.4898
SBET,6.96,7.15,7.2,6.945,4235065.416411,7.048
GORO,1.37,1.31,1.41,1.3,1955054.144234,1.3801
SHIP,15.99,16.75,16.79,15.78,255975.870255,16.0818
MSTX,36.28,38.0,38.03,35.2,2600298.182652,36.8496
ARBE,1.01,0.8614,1.07,0.86,5438964.533219,1.0135
FXZ,81.96,81.81,82.375,81.5,28221.4196,82.1102
TNA,64.05,64.25,64.6,62.17,5716835.86804,63.6147
CYCU,0.9,0.91,0.947399,0.893,396348.732792,0.9068
TOI,4.08,4.0,4.28,3.975,3868840.870749,4.1367
KRUS,49.99,52.36,52.52,48.56,548863.288361,49.8467
BSV,78.0,77.96,78.0099,77.91,1715841.143193,77.9659
ASRT,23.32,23.34,23.36,23.3,1394813.813092,23.3251
APLD,45.48,44.97,46.28,42.93,15283260.037712,44.8479
HODL,22.5,22.65,22.67,22.26,1250481.7104,22.4742
XLEI,26.7339,26.76,26.76,26.475,27895.417093,26.6048
IWMI,51.76,51.77,51.835,51.3386,271884.76486,51.6358
CHA,10.46,10.35,10.722,10.35,310669.511673,10.5239
U,26.89,26.82,27.06,25.76,6589227.56372,26.6566
CUE,29.47,29.52,30.735,27.2752,133762.879854,29.231
TXNU,59.84,58.01,60.08,57.995,27499.038341,59.024
COST,1033.08,1017.94,1042.52,1017.94,1654600.222718,1031.0955
CNL,18.07,18.05,18.51,17.93,58079.937751,18.182
AMS,1.68,1.73,1.7599,1.68,118367.293,1.6912
ZTS,74.34,76.675,77.84,74.29,13085615.834643,75.3141
SERV,8.63,8.62,9.3,8.43,7022153.609791,8.8808
TBF,24.785,24.72,24.8399,24.705,1070426.625417,24.7805
MORT,10.19,10.205,10.2451,10.1601,975445.45621,10.2124
XES,127.98,128.06,128.245,126.18,58721.888332,127.2932
SGC,11.75,11.55,12.2599,11.295,43254.811198,11.665
EUDG,38.17,37.68,38.17,37.68,6895.458356,37.9571
AQEC,24.0,24.29,24.29,23.92,43196.041,24.0077
FAPR,46.25,46.17,46.29,46.06,21702.108172,46.2226
SPEM,52.22,51.64,52.3697,51.56,3725489.418716,52.1467
FXP,17.9203,19.2,19.2,17.86,14274.759727,18.0678
VMAR,8.976,8.9,9.0,8.7,15704.863109,8.823
BMRC,25.59,25.53,25.7599,25.42,102635.561961,25.5118
AAOX,95.29,82.07,103.0,72.06,6365740.765566,86.2114
GSLC,140.55,139.81,140.79,139.35,158355.542231,140.2063
WDC,494.09,503.32,503.66,475.37,5772757.342807,492.1211
ATCH,0.2447,0.2515,0.254,0.2426,2288889.496725,0.2485
HELO,67.76,67.75,67.8099,67.64,188681.95432,67.7561
STHO,8.64,8.82,8.82,8.64,28759.692,8.7046
TBG,36.1,36.13,36.15,36.04,20056.098046,36.0958
ITDG,41.5081,41.39,41.55,41.28,9948.481345,41.506
SPHB,140.15,141.12,141.12,138.745,364637.027488,140.121
WEEI,23.7556,23.77,23.79,23.53,51199.606694,23.654
PETS,2.26,2.26,2.29,2.22,83186.610061,2.2691
BEX,68.0,64.17,69.43,57.3001,542846.8193,64.957
LVDS,55.1494,55.15,55.22,54.92,2161.8709,55.0459
BCHP,37.385,37.27,37.45,37.17,15932.4805,37.259
EFAV,91.05,90.83,91.12,90.68,303401.857557,90.9185
INCO,58.0381,57.61,58.095,57.61,13000.159557,57.9293
RKLB,124.15,123.895,127.24,116.89,26587438.024957,123.67
IVOL,18.1,18.04,18.1,18.03,74769.330869,18.0618
KMDA,7.86,7.94,7.94,7.35,184397.388142,7.7407
FLMI,24.89,24.93,24.93,24.87,503506.2297,24.8868
TALK,5.18,5.19,5.1955,5.18,1945837.396939,5.1827
SDVD,22.34,22.52,22.52,22.2,189302.137079,22.2969
WEED,21.7213,21.87,22.1,21.35,25256.968432,21.8425
MLN,17.55,17.59,17.6,17.54,95819.620996,17.5629
PRGS,26.37,26.3,26.6772,25.955,577546.72074,26.3019
TPSC,44.5452,44.96,44.96,44.385,9401.787696,44.5504
SCHE,36.41,36.01,36.5,35.985,3260776.268764,36.3669
SEIM,52.68,52.47,52.88,52.19,45747.617739,52.5171
GXRP,27.57,27.87,27.87,27.41,33531.220592,27.6591
TOPS,1.75,1.68,1.8311,1.66,108822.21442,1.7077
NYM,24.98,24.96,25.01,24.96,142925.9332,24.9969
WEEK,100.02,100.03,100.04,100.0,54929.872329,100.0152
TCHI,26.0404,25.37,26.0999,25.37,19587.827528,25.9501
SUIG,1.78,1.89,1.925,1.77,326006.653445,1.8233
ASEA,19.9811,19.97,20.019,19.92,13525.190842,19.977
JOB,0.24,0.245,0.2485,0.24,143116.0,0.243
WXET,23.47,23.56,24.025,23.3,28585.003698,23.6534
ZIONP,19.09,19.15,19.2399,19.09,6286.0417,19.1436
LE,11.11,10.93,11.11,10.85,150916.576962,11.0059
CME,297.13,285.445,297.78,284.62,3523648.730942,293.8847
LUD,5.81,6.09,6.405,5.8,108404.683111,6.0238
ITRG,2.83,2.88,2.92,2.785,1752439.195802,2.8549
IDV,44.92,44.7,44.97,44.67,1357849.714087,44.887
MDYV,89.51,90.17,90.17,89.2401,62944.373513,89.4894
JDVI,39.106,38.89,39.106,38.89,1114.0,39.003
DIG,58.15,57.69,58.26,56.78,28357.102781,57.597
AFIF,9.405,9.43,9.43,9.39,60647.848084,9.4087
AAOG,21.23,18.68,22.9797,16.2,99866.357773,20.4238
ARTV,10.5,10.67,10.93,10.23,445872.091376,10.4601
JYNT,8.3,8.57,8.8,8.25,97942.93387,8.4137
GSK,50.99,50.33,51.245,50.25,4114166.593337,50.9056
TLTP,21.0283,21.01,21.05,20.96,16596.344124,20.9986
AMZW,43.86,42.59,43.9274,42.59,15359.290974,43.4715
BNTX,92.23,93.2,93.47,91.25,879930.132998,92.3543
LILA,6.8636,6.8182,6.9455,6.7,676376.129526,6.8443
IGTR,31.3693,31.53,31.53,31.06,1769.2394,31.219
TSL,18.1,17.65,18.51,17.34,1344823.054415,18.0668
HUBC,2.938,3.332,3.37,2.618,4721081.883699,4.046
ELFY,44.65,44.91,44.98,44.23,24487.450861,44.7271
CRUX,29.875,29.87,29.89,29.83,243193.8123,29.8607
YBTY,14.185,14.14,14.23,14.11,2876.502749,14.1628
XDIV,30.25,30.09,30.26,29.98,19539.612816,30.1794
BNO,55.85,56.73,57.1,55.65,1712794.520924,56.2873
FDNI,28.2609,27.34,28.34,27.34,8067.5247,28.1543
EMHC,25.16,25.17,25.225,25.16,29898.367852,25.1955
XT,80.3,79.42,80.365,79.3014,80747.380069,80.1075
FMED,24.755,24.63,24.755,24.62,4742.470831,24.6797
AVRE,47.47,47.57,47.57,47.26749,52146.53,47.4501
IDR,51.21,50.66,51.84,48.66,230652.118645,50.9028
FITE,100.26,100.06,100.7,98.6957,3122.413163,99.8296
IDEV,89.54,88.98,89.57,88.91,1295512.091883,89.3371
MUST,20.49,20.56,20.62,20.49,58502.2076,20.5499
MNRO,15.88,16.27,16.27,15.38,941231.684123,15.8305
IGM,154.66,154.28,155.3,147.01,1577514.562076,153.2137
IWL,184.6,183.37,184.96,183.0,29690.704245,184.4257
SPDV,37.9552,38.03,38.05,37.79,12550.724832,37.9215
TAXF,50.325,50.37,50.37,50.3,26531.5879,50.3232
ROIV,29.22,29.31,29.465,28.9,5702925.551835,29.2149
VO,77.04,77.2,77.3,76.58,2548297.517464,76.992
TAIL,10.82,10.83,10.86,10.81,143102.80112,10.826
ORRF,35.6,36.02,36.41,35.49,122289.20826,35.7577
CGNX,63.64,66.165,66.41,63.21,2750172.62481,64.1404
LABU,194.45,189.72,196.55,185.8,319057.227929,190.8981
IVVW,44.51,44.53,44.53,44.42,50529.021948,44.5031
TMFG,30.5475,30.36,30.61,30.25,7026.7124,30.4311
AGIQ,23.5489,23.3,23.6,23.3,11768.51922,23.4706
SPTL,25.78,25.83,25.845,25.73,5096812.005747,25.7812
APWC,1.43,1.42,1.43,1.42,538.141982,1.4391
PPLT,19.549,19.33,19.925,19.307,4822497.69565,19.6327
HCWC,0.2771,0.2795,0.2856,0.2748,141841.506334,0.2803
IAT,55.13,56.13,56.17,55.09,259300.974907,55.5696
SCHZ,23.08,23.06,23.17,23.03,1657286.642502,23.062
NFLX,87.56,86.565,88.62,86.28,30823502.116201,87.5056
LIN,513.26,504.205,515.7525,503.68,2359017.263379,511.1552
DON,54.52,54.75,54.75,54.25,110407.608337,54.4565
ABCL,4.77,4.92,5.07,4.675,5954518.214252,4.8293
NETG,8.85,8.15,8.99,8.15,819946.837546,8.4501
SYRE,76.31,75.69,78.0,73.48,776749.724759,76.2871
CIBR,75.85,74.23,76.11,74.06,1152948.109269,74.9498
NFLY,9.65,9.61,9.74,9.54,56504.224258,9.638
VNAM,26.07,26.15,26.29,26.07,16402.760672,26.228
ROL,52.82,52.72,53.4,51.95,3063524.291856,52.5793
EPOL,39.57,38.89,39.58,38.75,166101.595746,39.3459
GLIX,26.94,27.03,27.03,26.81,3058.5372,26.8988
HEDJ,55.24,54.62,55.24,54.62,36688.016101,54.9793
TWAV,1.41,1.7,1.72,1.4,152438.75,1.5316
JAAA,50.63,50.62,50.63,50.6,4499036.676048,50.6139
XP,17.29,18.385,18.46,17.24,8385663.419377,17.7786
INVA,23.14,22.55,23.22,22.55,637302.981446,23.0335
XCH,0.71,0.72,0.74,0.66,38711.0,0.7105
ISMF,28.4752,28.5,28.5,28.455,12928.967425,28.4742
AUUD,1.34,1.33,1.37,1.29,303529.821699,1.3267
JMOM,79.7154,79.6,79.95,78.975,66556.897103,79.7301
BHST,4.005,3.76,4.05,3.76,32861.501,3.9657
UCON,24.91,24.88,24.91,24.8626,396775.4867,24.8911
CORZ,24.0,24.07,24.325,23.1,16340647.642237,23.7383
HIBL,102.64,104.8,104.8,99.39,57757.267846,101.7434
AOR,68.78,68.5,68.84,68.43,410534.463876,68.7216
GEM,50.94,50.2,50.995,50.1576,165618.5354,50.8537
CLDI,0.2,0.1873,0.2,0.1775,2400143.034608,0.1886
ITWO,44.02,43.91,44.28,43.56,21603.252563,43.9471
TMFE,29.525,29.33,29.565,29.29,25233.1436,29.3859
ARMG,18.68,17.22,18.88,16.57,1973866.343876,17.9573
HCWB,2.0964,2.0676,2.1636,2.01,41368.444079,2.118
HFSI,35.195,35.18,35.21,35.16,91602.78968,35.1789
SLDP,3.06,2.985,3.13,2.91,8064413.850222,3.0511
EWZ,36.78,37.82,38.17,36.68,62282038.655677,37.2947
MAGY,47.59,46.8,47.72,46.69,58347.408687,47.2546
RUN,14.46,14.25,14.66,13.77,7871434.141418,14.358
PXH,29.32,29.01,29.46,29.01,198025.509406,29.3582
PBE,83.1092,83.19,83.3,82.56,3240.183814,82.7379
DIM,88.0442,87.31,88.0442,87.31,2315.8536,87.6055
NULV,49.98,49.91,50.05,49.73,57996.794064,49.8753
VIOO,125.03,125.58,125.58,124.54,60885.96039,124.8512
MMTM,313.848,313.58,313.91,313.41,782.3294,313.7342
FLUX,1.02,1.03,1.04,1.0,93743.731206,1.02
CEVA,38.15,38.0,39.27,36.16,1040460.277124,37.9226
IBTM,22.695,22.68,22.7,22.65,121543.14353,22.6818
GOCT,41.08,41.06,41.09,40.975,32657.0,41.0506
MRVL,177.95,169.09,182.31,168.91,31862553.57518,177.3658
LODE,3.44,3.07,3.5,3.0611,3677882.40433,3.3548
FDHY,49.16,49.04,49.177,49.03,84118.668472,49.0866
IYJ,156.44,157.55,157.55,156.08,32251.465201,156.5728
SLND,1.26,1.13,1.64,1.13,265240.258828,1.4403
BOAT,42.407,42.72,42.72,42.1,12250.92592,42.2712
UCTT,85.03,85.0,87.3999,81.1201,897264.809071,84.7473
DXF,0.7602,0.6,0.7846,0.5864,63871373.789074,1.4203
TOON,0.6523,0.6604,0.683,0.65,261682.454613,0.666
NFGC,2.25,2.23,2.295,2.08,1822789.117565,2.2105
DJUL,49.5401,49.45,49.56,49.44,11324.0,49.4877
EDSA,15.24,13.69,15.4499,13.5,271925.808983,14.6229
ARGX,802.7,797.52,810.7,789.985,381572.093609,799.0138
CRWL,37.2,34.33,37.91,34.15,191240.049558,36.435
XLFI,22.5148,22.7,22.7,22.48,7226.7437,22.5634
RGYY,9.2831,9.42,9.42,9.2633,3352.2581,9.3176
ISBG,21.765,22.13,22.13,21.48,7864.2184,21.7516
FISR,25.54,25.55,25.55,25.4601,33240.3752,25.4954
CHIQ,20.39,19.78,20.48,19.78,38161.177513,20.348
GSM,3.88,3.95,4.0199,3.875,995233.415393,3.9259
ZM,102.43,103.48,103.96,101.51,3479109.51752,102.8441
TNMG,0.7193,0.7956,0.813089,0.6723,33010.9,0.7498
JPHY,50.38,50.33,50.41,50.2901,18721.1179,50.3317
GROY,3.73,3.69,3.76,3.61,1741763.946904,3.7035
EMC,36.9359,36.52,37.0159,36.39,4453.937944,36.7254
NJUN,32.79,32.87,32.87,32.79,4892.0,32.836
AVAH,6.77,6.73,7.02,6.465,3636806.765657,6.7585
CRMD,7.5,7.53,7.65,7.43,1127583.041942,7.5405
BHRB,62.04,62.2,62.45,61.6,134365.955164,62.0245
PTEN,12.0,12.13,12.22,11.75,5607103.094779,11.9751
IQLT,49.38,49.01,49.385,48.96,1192916.324017,49.2417
NWPX,113.48,114.27,114.27,109.42,132163.629158,112.4705
SMOT,37.47,37.45,37.545,37.2901,14438.6189,37.3997
PLUS,83.22,83.56,84.37,80.31,158230.082886,82.6981
IBIO,1.55,1.62,1.62,1.545,681933.016609,1.5687
MGV,155.16,155.14,155.46,154.57,156732.029753,155.0348
AEBI,10.77,11.3,11.3,10.575,426959.768674,10.828
OMAH,18.81,18.82,18.835,18.735,695320.321812,18.7946
MXI,114.9889,114.57,115.19,114.45,10283.642351,115.0279
NODK,13.72,13.53,13.85,13.4,18396.160955,13.6493
J,107.27,113.78,114.715,105.68,2649233.132238,108.3301
GDEC,39.425,39.35,39.43,39.35,30264.0,39.418
XLU,44.67,44.8,44.8153,44.36,27268577.371546,44.609
DARE,2.84,2.66,2.84,2.52,527897.054784,2.7245
CLF,10.99,10.82,11.24,10.805,9856038.613877,11.0167
COIN,201.8,204.2,204.2,197.5,8370159.220435,201.5181
IQDY,42.3315,42.05,42.36,42.05,2466.959112,42.2766
LULU,121.21,124.335,124.6036,121.15,4234500.222432,122.1075
AGG,98.67,98.62,98.69,98.48,5396308.192267,98.6223
ECNS,34.27,33.61,34.39,33.61,25382.28938,34.2159
SONY,22.79,22.955,22.98,22.625,12793633.457508,22.7855
ITOT,161.99,161.29,162.31,160.52,1044949.131013,161.7571
CMF,57.02,57.14,57.16,56.99,613511.198961,57.0569
BOSC,4.59,4.62,4.66,4.55,17824.791,4.6015
AGOX,34.4,33.59,34.4234,33.3201,550740.679,34.1204
GOU,37.44,34.31,37.65,34.31,56776.767165,36.6268
ROAM,35.5071,35.29,35.59,35.21,14352.766,35.4742
METCZ,25.36,25.36,25.38,25.26,3077.296,25.3427
DNL,44.5179,43.99,44.5699,43.9635,12513.760637,44.3124
GLDY,14.995,15.05,15.05,14.9553,33558.243373,15.0166
IMCB,90.83,91.1,91.1,90.33,25357.20538,90.8502
QUBX,17.29,19.77,19.77,16.52,1268674.291432,18.3603
XHYD,37.91,37.85,37.91,37.85,905.2524,37.9032
CCL,25.03,24.725,25.2,24.41,23074139.050506,24.9365
EONR,0.6325,0.665,0.6795,0.6325,1835131.617579,0.6436
NMAY,29.25,29.28,29.29,29.13,27207.0,29.245
SPLB,22.16,22.15,22.18,22.095,2327787.153002,22.1401
TVTX,44.55,42.43,44.93,42.27,2545653.171494,44.275
EXEL,51.29,49.82,51.48,49.615,3241148.370929,50.7648
NUDV,32.0663,32.12,32.12,31.97,2859.4379,32.0452
GRFS,7.71,7.54,7.72,7.5,777895.738262,7.6309
FTBD,49.125,49.21,49.21,49.07,8501.8154,49.1197
UNL,6.42,6.51,6.51,6.42,60577.290943,6.4663
SPMB,22.22,22.18,22.24,22.165,2343042.146819,22.2151
POWI,71.15,73.49,73.901,70.71,1303595.168613,71.8204
INAB,1.59,1.62,1.62,1.59,16232.024539,1.6046
CLM,7.8,7.75,7.837,7.745,1401500.613849,7.795
EOSU,53.42,75.16,75.17,52.075,460859.327003,67.0385
IDRV,45.28,44.4,45.34,44.4,7795.081849,44.9275
PSCM,105.9818,106.25,106.31,105.9818,635.676641,106.1673
TEX,62.64,64.59,64.59,61.92,770034.517988,62.6751
WTLS,57.7514,57.74,57.91,57.71,431.174,57.7296
URAN,45.27,45.97,46.25,45.1285,34330.422456,45.5405
GARP,77.3,77.01,77.5524,76.2501,372796.865397,77.2662
SIL,102.62,102.71,104.19,99.99,2010062.994301,102.6425
CGSD,25.82,25.79,25.82,25.78,607522.45004,25.8013
AIM,0.271,0.296,0.296,0.27,699010.989008,0.2761
RZG,63.7307,64.01,64.01,63.31,3305.141382,63.6827
TWST,54.39,55.3,56.08,52.75,984981.52815,54.3685
UVIX,106.2,103.2,107.3,102.2,1930065.155455,104.456
PNRG,251.5,248.4,251.5,236.6716,27491.410484,245.1652
JOBX,30.23,26.13,30.9999,25.73,192970.698173,29.2099
DCOR,80.26,79.98,80.4299,79.785,63367.849593,80.2676
BSET,14.26,14.11,14.26,13.995,21814.110884,14.145
QS,8.66,8.69,8.98,7.92,60113142.860062,8.5574
CDX,21.29,21.2,21.36,21.2,97711.2469,21.2512
ONEV,138.26,138.26,138.64,137.77,185389.755714,137.9239
TRIN,16.82,16.89,17.0,16.79,1003571.055688,16.8749
AVGG,35.57,35.4,35.84,33.64,98271.508261,35.1213
NEWTH,25.19,25.2,25.32,25.1,4185.039,25.1633
AZ,6.47,7.02,7.02,6.46,731751.715127,6.5847
FUTG,9.51,8.8,9.57,8.6,210533.676933,9.2913
GOP,43.9169,43.99,44.15,43.7,5237.778345,43.9999
DNN,3.59,3.66,3.7,3.51,24699235.944711,3.5935
BMAY,46.96,46.83,47.0,46.83,32279.069307,46.9679
NKLR,5.86,5.97,6.075,5.76,221383.927917,5.9178
RKLX,80.87,80.68,84.58,71.98,3381030.407821,79.6435
MMA,0.546,0.5468,0.5582,0.5302,119934.753,0.5465
BIV,76.62,76.57,76.63,76.4513,1343979.833855,76.564
EMLC,25.51,25.5,25.55,25.475,2133002.826369,25.5062
FVAL,77.91,77.35,77.99,77.35,18300.696064,77.7557
WMTI,27.4035,27.02,27.56,26.96,25709.0921,27.2998
IYT,78.99,79.145,79.605,78.79,813030.75746,79.0145
IDEQ,34.99,34.75,34.99,34.62,475260.3469,34.9121
NHYM,24.891,24.9,24.9792,24.88,8738.0256,24.908
OGEN,0.57,0.5701,0.5839,0.55,70366.0,0.5771
DTCX,2.33,2.32,2.39,2.25,151851.838212,2.2992
SION,43.12,40.78,43.54,40.235,529640.118127,42.4714
ACAD,22.18,21.57,22.265,21.4101,1543120.511467,21.9941
QDEF,86.2621,86.05,86.375,85.88,3318.669224,86.1284
LIFE,24.44,27.165,27.165,23.25,737286.632748,24.3815
RFG,62.23,62.09,62.23,61.595,6791.26638,61.9353
EUAD,39.37,39.0,39.49,38.89,527577.504986,39.2554
CLMT,31.43,32.11,32.42,31.2,1271608.194519,31.5537
JSMD,93.1996,92.94,93.585,91.865,74719.184141,93.0227
GTOP,46.5121,45.95,46.5121,45.85,4766.208487,46.0942
GAL,53.2483,52.97,53.28,52.97,6200.9605,53.1769
LGOV,21.38,21.42,21.56,20.93,269654.970889,21.3533
QCRH,88.76,88.61,89.405,87.7,84694.0098,88.6648
EPHE,24.78,24.64,24.815,24.64,51955.327286,24.7524
USSE,38.9696,38.41,39.01,38.41,8220.0,38.8588
VNET,11.28,11.05,12.02,10.92,64057398.511618,11.3707
TIGO,81.98,80.0,82.23,79.15,1135357.757543,81.2217
OPEX,19.05,19.59,21.19,18.635,62381.96624,19.4429
HEGD,26.69,26.55,26.72,26.515,55040.9756,26.6526
VKTX,31.7,31.3,32.04,31.02,2275676.102523,31.6392
GOVZ,35.27,35.42,35.47,35.21,205004.875817,35.3047
HRZN,4.22,4.24,4.29,4.165,606446.745253,4.2172
STRZ,19.64,20.05,20.05,18.74,101429.448955,19.3891
ARKB,26.38,26.57,26.59,26.11,2006850.967514,26.3501
VTAK,0.8305,0.8888,0.8945,0.83,43139.554419,0.8693
RDN,36.67,37.62,37.62,36.28,970340.094569,36.5969
CLOU,21.84,21.82,21.975,21.472,138107.944795,21.7679
ADI,432.39,427.84,435.72,426.0,3486313.780848,432.4392
LILAK,7.0182,6.8818,7.0864,6.8455,934962.737854,6.9935
FLJH,44.4,44.16,44.41,44.1005,27704.359822,44.3085
BK,134.99,132.39,136.27,132.2,4098112.087228,134.9347
HEWJ,62.04,61.57,62.09,61.57,24094.290917,61.9296
TZA,4.71,4.69,4.85,4.66,300131975.16848,4.7505
ALRG,29.8343,29.72,29.8343,29.69,2310.1338,29.7025
WALD,1.65,1.68,1.7,1.6,291799.985032,1.654
MSN,0.406,0.405,0.4299,0.405,2301.0,0.4137
EH,10.16,9.75,10.315,9.61,679612.963395,9.9898
META,616.63,598.83,619.9,596.6601,14634394.707638,611.4483
UPB,9.36,8.96,9.465,8.8,815600.994117,9.0766
MARM,34.005,34.06,34.06,33.97,3993.0,33.9966
PCY,21.42,21.45,21.485,21.375,270994.0678,21.431
CSEX,21.54,22.5,22.5,20.15,81863.049483,21.3972
POW,32.27,32.3,32.41,31.742,104848.292089,32.2213
IAU,88.19,88.215,88.6,87.83,3350617.226169,88.219
FQAL,79.53,79.21,79.66,78.99,25674.04339,79.3193
ORCX,42.35,42.0,43.069,40.261,1314666.118655,41.9427
ELA,24.35,24.25,24.798,23.78,126128.703504,24.3026
DOCN,159.18,158.7,162.2499,153.35,2782977.379481,158.9927
MTLS,5.59,5.72,5.79,5.56,203257.034687,5.633
XPON,0.6009,0.6,0.6398,0.59,133546.59616,0.6152
POAS,2.41,2.38,2.41,2.3,4327089.436524,2.3253
CZA,115.8621,116.19,116.19,115.7801,1989.09315,116.1027
DBE,32.47,33.08,33.175,32.41,28489.61824,32.6421
BGMS,1.0,0.9033,1.02,0.9033,26842.760354,0.9911
CITR,6.7,6.95,6.95,6.61,20666.0,6.7484
XEMD,44.76,44.76,44.835,44.74,35263.1881,44.7744
SUSC,23.08,23.07,23.08,23.0178,223288.771436,23.057
SDOG,66.22,66.29,66.38,66.0,26216.50053,66.1858
SLYV,101.0,101.51,101.51,100.71,180483.869689,101.0208
TESL,19.1398,19.43,19.5599,18.48,27318.950558,19.3251
EWY,188.63,187.51,189.33,183.86,18868353.897667,187.8939
CBSH,50.32,50.89,51.17,50.16,1228406.463928,50.4463
SJNK,25.03,25.01,25.0399,24.9801,2045447.359246,25.0105
OFAL,0.72,0.7409,0.82,0.6999,664301.0,0.7384
CINF,163.26,163.79,165.18,161.74,708461.984073,163.0629
HYEM,20.04,20.07,20.1,20.0,156341.614726,20.0532
MERC,0.8129,0.89,0.89,0.75,1585513.715949,0.7979
OFLX,27.87,28.88,28.955,27.85,50856.278903,28.1091
BTCI,37.09,37.26,37.2899,36.77,649328.560217,37.0503
VCR,391.83,390.22,393.135,387.66,43866.301687,391.5235
CECO,83.14,81.98,84.43,79.15,716315.06041,82.6383
SRXH,9.024,7.224,9.24,7.2,1890981.6725,8.31
PLTU,33.52,35.63,37.21,32.81,6298930.895631,34.1253
LQDA,57.59,56.0,57.8,53.76,2271590.378451,56.2608
RSPH,30.47,30.56,30.64,30.43,67937.718184,30.5022
DRGN,40.88,40.01,40.93,39.675,59290.524978,40.6511
BTAL,12.01,11.95,12.09,11.89,585085.200546,11.9551
HYPR,1.59,1.71,1.7499,1.57,940557.317186,1.6194
NVDD,30.8816,30.87,31.39,30.57,134163.529904,30.8265
SGA,10.02,10.13,10.3299,9.96,26296.982928,10.0804
FV,70.0486,69.75,70.125,69.5,68297.5062,69.8753
ROBT,53.98,53.71,54.095,53.495,24582.69475,53.8157
SMZ,23.25,23.27,24.2,21.5329,44722.242805,22.9617
JVAL,55.0586,55.06,55.16,54.758,42368.24025,54.8796
EWP,56.43,55.98,56.465,55.92,1975602.491146,56.2806
DC,6.42,6.21,6.44,6.14,1033293.827414,6.365
SLQD,50.35,50.31,50.35,50.2948,226215.725437,50.3321
RUSHA,70.08,71.75,71.93,69.55,458285.727545,70.2366
JUCY,22.17,22.17,22.18,22.1362,21901.115394,22.167
VHI,13.8,14.16,14.16,13.8,10785.299102,13.9991
FLR,45.03,44.84,46.84,43.95,4187680.11675,45.5
NLY,22.16,22.25,22.425,22.155,5899058.271669,22.2569
ETR,112.35,112.46,113.01,111.61,3218746.140669,112.348
MOG.A,307.89,308.0,310.82,304.45,126319.90366,307.9736
ORBX,61.33,61.52,61.84,59.46,68652.278093,61.2658
TWG,3.28,3.27,3.3,3.18,74830.220779,3.2265
CSTM,34.56,34.0,34.61,33.46,2207417.5107,34.3857
PKG,218.22,222.68,223.97,217.94,589499.055608,219.4965
BABX,32.43,26.72,32.78,25.92,6537018.601712,31.0179
TRTNpD,23.305,23.06,23.425,23.06,4307.23,23.2405
TRN,36.55,36.26,36.595,35.825,498277.863975,36.3967
KKRT,24.77,24.9,24.9,24.68,23827.367,24.7612
ANIK,14.8,14.54,14.8,14.43,46049.3317,14.7134
IBOC,71.27,72.0,72.35,71.0,302219.620093,71.398
BLK,1094.1,1086.54,1098.11,1076.42,823249.274135,1093.2648
AB,38.51,38.56,38.644,38.0,196705.613882,38.3428
WCLD,27.49,27.9,27.9,27.18,1633172.482705,27.4172
OGI,1.115,1.1,1.13,1.09,1062996.265864,1.1098
TURF,35.3713,35.52,35.52,35.342,7772.3156,35.4419
KEX,146.7,143.16,146.86,142.0101,768732.286661,145.4155
AGNCZ,25.45,25.42,25.45,25.38,23975.4528,25.4258
ARQT,21.69,20.17,22.06,19.93,3663265.316905,21.4474
EQHpA,19.86,19.9,19.9499,19.64,40470.8152,19.7952
SCM,9.19,9.25,9.47,9.1,222184.484017,9.2469
RRBI,88.97,89.78,91.105,88.23,40100.8158,89.3282
WS,40.3,39.24,40.99,38.53,205121.347697,40.3366
TFCpR,18.5,18.56,18.57,18.46,34082.9735,18.5106
RRC,41.26,41.05,41.34,40.42,2110004.23937,41.0244
MRLN,7.79,8.1,8.3,7.61,1155913.827255,8.0108
OBDC,11.17,11.13,11.27,11.055,3980605.775319,11.1861
DXC,8.22,8.7,8.745,7.9001,9590486.581145,8.1539
TRST,48.41,48.44,48.8899,48.06,101860.774882,48.3861
CRI,33.41,33.28,33.855,32.42,1230883.092005,33.3593
RMCF,2.53,2.52,2.62,2.52,50144.3914,2.5861
XPER,8.21,8.02,8.495,7.93,1271067.319298,8.2437
BEPI,15.62,15.68,15.69,15.6,14715.0,15.6378
BMI,116.07,114.52,116.72,114.5,421732.777913,115.6944
HBIO,5.565,5.49,5.77,5.49,32045.89913,5.6078
EPR,58.17,58.04,58.52,57.58,598604.138873,58.0299
SUSL,131.62,131.01,131.94,130.735,118331.511571,131.7191
XRNpA,23.9799,24.14,24.14,23.8133,2616.5086,23.9547
OGC,34.29,33.84,34.7599,33.6,1442370.834156,34.3182
IOVA,3.66,3.56,3.71,3.51,7883682.714957,3.6252
FMX,123.04,124.77,125.71,122.48,452619.370647,123.8041
CRAN,10.03,10.03,10.04,9.9705,3152.0,10.0313
CRBG,26.44,25.9,26.585,25.735,6145303.636895,26.3754
INVH,28.46,28.3,28.53,28.135,4097706.114945,28.3907
UBEW,30.4,31.11,31.11,30.15,15362.121,30.4734
ICE,154.8,154.77,155.62,152.67,2097929.179798,154.4323
LTM,47.73,48.51,49.262,47.71,1059527.769149,48.4287
ISPR,1.72,1.68,1.77,1.66,46870.005054,1.7072
HOVR,2.48,2.25,2.49,2.16,2638648.106267,2.3699
PLGO,20.24,20.25,20.49,20.145,467172.567459,20.2837
LVLU,9.3,9.35,9.52,8.72,8449.8331,9.1564
TTEK,27.06,28.69,28.69,26.45,6494497.23051,27.2222
ENGS,1.5,1.55,1.575,1.49,132975.0,1.5333
BVN,38.47,37.78,38.65,37.459,786586.623913,38.2745
PEG,77.22,78.09,78.255,76.6,3186270.88797,77.1196
GLBS,2.05,2.11,2.11,2.02,30653.129693,2.0532
LGO,1.12,1.14,1.14,1.095,956138.673116,1.1162
EMR,137.76,136.71,138.46,135.1,2964883.925766,137.6211
EXOZ,9.8801,9.88,9.8801,9.88,702.1899,9.83
AFBI,22.46,22.46,22.46,22.46,3294.273784,22.4595
AWP,11.86,11.9,11.905,11.77,68642.0586,11.8512
APP,453.53,487.39,487.39,450.3,5615831.891514,459.2554
NIU,2.99,2.96,3.01,2.93,303612.456796,2.9798
HWM,273.1,270.68,276.67,267.6,2442679.128068,273.2298
FIVN,21.12,20.79,22.06,19.8314,7046398.409797,21.246
CNNE,13.34,13.55,13.55,13.135,562601.557351,13.308
TSEC,25.7602,25.79,25.8,25.74,13245.8533,25.7509
ULS,98.8,98.3,99.96,95.71,794804.911498,98.781
RXST,5.55,5.49,5.77,5.4,627636.710928,5.6125
GRID,197.26,195.96,197.755,195.0099,937925.816778,197.0049
SMA,30.91,31.64,31.715,30.83,385926.589465,31.0762
MYFW,28.57,28.81,29.06,28.55,14229.1519,28.6725
UEVM,61.1256,60.76,61.3,60.76,1534.9221,61.0476
BOUT,46.7944,46.63,46.85,46.55,1967.89,46.7547
DERM,5.19,5.06,5.47,4.98,499582.074,5.2622
ARXS,35.4,36.72,37.0,35.01,722619.666606,35.7283
NIOG,22.7072,19.79,22.8,19.79,36629.116209,21.9273
LVWR,1.44,1.39,1.51,1.39,69962.622124,1.441
SHAK,63.91,65.43,66.31,63.83,1818489.791202,64.6772
RFMZ,13.45,13.44,13.52,13.32,187703.5817,13.4464
CRGY,12.6,12.78,12.86,12.51,8868501.018911,12.6007
PSApR,15.7022,15.77,15.77,15.6785,17828.896,15.7308
LTRX,6.13,6.16,6.18,5.95,749920.540796,6.0808
ARDC,12.88,12.8,12.91,12.78,151845.11707,12.8722
CLH,302.95,297.37,303.97,295.14,463582.648994,301.206
TOUR,6.19,5.93,6.27,5.93,13430.220936,6.1778
DHCNL,19.6,19.5,19.74,19.2001,6532.96,19.5741
ELVR,89.67,94.4,94.4,88.32,169600.188914,90.6661
EVGOW,0.0114,0.01,0.012,0.01,79137.0,0.01103
IFRX,2.52,2.64,2.69,2.46,3602457.618962,2.5842
SOPA,0.26,0.2521,0.3044,0.25,2293916.732895,0.2709
RSG,203.67,200.39,203.75,200.01,1912214.765692,202.6641
SU,66.07,66.56,67.0,65.415,2948062.332602,66.163
EVAC,10.145,10.14,10.15,10.14,3304.0,10.1493
IMOS,54.55,53.76,54.76,53.6,90106.681109,54.3539
PLCE,3.07,3.1,3.16,3.03,132979.45265,3.1038
USNA,17.61,17.16,17.925,16.91,181606.1292,17.5464
NECB,23.62,23.52,23.7,23.5,21968.6079,23.6156
DQ,19.14,18.82,19.71,18.71,1042786.115878,19.265
BFS,33.92,34.24,34.62,33.65,45432.184632,33.895
KCAC.U,10.2068,10.22,10.22,10.2,4368.0,10.2118
AMRZ,50.82,51.28,51.94,50.7401,2178153.628137,51.091
AIIAr,0.22,0.22,0.23,0.22,6381.833333,0.2203
CXSE,42.3904,41.39,42.49,41.39,35820.1248,42.1409
WSBCO,25.68,25.68,25.68,25.68,455.0,25.6973
MHF,6.945,6.92,6.98,6.9001,29431.7647,6.9403
SRAD,12.45,12.67,12.72,12.02,2702971.234898,12.4138
PRMB,23.43,23.5,23.55,22.95,2850749.226071,23.2759
CVNA,69.9,73.3,73.455,69.0,12117136.748254,70.1813
SYBT,69.7,70.09,70.8,69.645,149829.788286,69.8784
AMBQ,71.29,68.25,72.4765,62.81,1676280.593395,69.0666
SOJF,25.54,25.58,25.58,25.53,37908.0,25.5644
GIGB,45.7078,45.69,45.7189,45.63,305765.424507,45.6979
UI,664.77,703.49,707.0,664.0,173699.751384,678.7668
SKY,67.39,68.43,68.52,66.27,935565.492644,67.2708
ONT,15.53,15.98,16.3,15.01,885859.662414,15.5625
MSD,7.45,7.44,7.46,7.42,81678.184,7.4411
ENVA,163.24,166.38,167.39,163.2,192838.724023,164.424
JPMpM,17.55,17.65,17.68,17.55,143010.63864,17.5846
BPRE,16.08,16.12,16.25,16.05,456223.8131,16.1465
IFBD,0.96,0.8424,0.96,0.8424,2720.519291,0.9201
ABEV,3.15,3.24,3.29,3.135,27503381.864332,3.2075
ANET,140.69,144.8,147.31,140.3,14164576.929036,143.4746
XWEL,1.36,1.39,1.47,1.35,80037.714561,1.4051
BOW,27.42,27.76,28.13,27.0,297589.191313,27.4645
NVG,12.67,12.7,12.7,12.64,409769.696005,12.6653
EQHpC,16.32,16.15,16.32,16.14,17150.1445,16.2332
ACM,70.52,70.02,71.07,67.64,3180598.617563,69.7638
ORGNW,0.001,0.0006,0.001,0.0006,11711.0,0.0008537
CTMX,3.79,3.85,3.865,3.71,3019214.981047,3.771
UPWK,8.39,8.16,8.6,8.11,5350988.794793,8.4161
EGBN,24.97,25.27,25.49,24.665,316527.33207,24.9503
TNC,82.53,82.11,83.03,81.3,124395.595648,82.5014
DFSB,51.934,51.84,51.94,51.78,21156.2695,51.9019
DEC,15.58,15.89,15.9599,15.47,566318.062157,15.6411
LOW,220.45,223.0,223.18,218.085,3080212.08178,220.4351
PDO,12.82,12.86,12.9,12.765,891770.203361,12.8165
SPXN,82.1697,81.61,82.22,81.61,1341.922,81.967
ARRpC,21.0,21.0,21.03,20.98,19871.4745,21.0038
VIR,9.33,9.37,9.45,9.165,1215810.67346,9.3287
TDIV,111.6131,111.6,111.9401,110.43,82873.080165,111.3702
BRIE,29.67,29.53,29.7,29.375,154020.304,29.6309
KOSS,3.8,3.85,3.928,3.79,22972.755503,3.8324
SOBO,36.02,36.29,36.54,35.76,508058.358961,36.0049
JOF,11.78,11.72,11.81,11.705,42815.22542,11.76
TOMZ,0.806,0.768,0.82,0.69,482994.144849,0.7753
BMOP,24.795,24.85,24.85,24.79,76888.959759,24.796
AIR,107.47,110.3,111.54,105.81,585976.666185,107.9292
VRDN,17.04,16.74,17.27,16.4525,2211947.993559,16.9634
MAIR,42.5,40.98,42.83,40.1501,3369386.018239,42.1787
BOHpA,16.03,16.05,16.06,16.0,5239.7306,16.0402
PACK,6.3,6.36,6.37,6.21,506746.80947,6.2946
YETI,38.33,39.54,39.7,38.09,3344921.543461,38.6491
XHLF,50.23,50.24,50.24,50.23,375805.691,50.2322
TBN,37.3,36.28,37.5,35.395,170332.324491,36.4056
ATLC,76.32,75.93,77.5,72.835,48960.621663,76.1661
METpA,22.33,22.15,22.3474,22.07,66952.1047,22.2227
RCUS,25.0,24.73,25.3,24.52,637678.532331,25.0399
IMCV,88.1548,88.17,88.27,87.8711,11430.777754,88.122
DLB,54.28,54.96,55.479,53.4522,1070410.810404,54.1324
JBGS,14.57,14.8,14.88,14.38,591403.653803,14.6437
CMRC,2.77,2.83,2.85,2.71,801383.109514,2.7708
RITMpA,25.29,25.26,25.3396,25.26,7451.8286,25.2867
BG,126.02,127.38,127.75,124.5,1135923.940493,126.2608
WSBC,33.16,33.3,33.42,33.08,674681.70871,33.2256
TIGR,6.64,6.27,6.7099,6.24,4482956.552798,6.5721
SCI,77.45,77.35,77.985,76.71,1324578.244653,77.3477
HIVE,2.76,2.75,2.83,2.73,10453963.846829,2.7804
FNLC,28.11,28.07,28.6599,27.91,14833.589056,28.2679
HBT,27.1,27.18,27.53,27.09,93808.523656,27.2043
PHK,4.57,4.55,4.59,4.54,439038.209032,4.5684
BAP,317.68,323.33,324.7375,312.0,503148.694644,318.6625
FLNA,1.23,1.2,1.2433,1.16,373753.264505,1.2088
AFL,115.48,115.49,116.68,114.12,1632436.180991,115.397
CELH,27.86,29.525,29.84,27.66,15583162.207606,28.2325
ECPG,79.02,81.31,81.875,78.74,344331.042248,79.4655
DHX,3.64,3.64,3.7,3.52,281646.250954,3.6326
OEC,7.25,7.5,7.715,7.235,616720.764726,7.388
ZJK,2.8,2.75,2.94,2.7,10749.724123,2.7447
GSUI,17.4701,17.74,17.77,17.1,18156.200821,17.3225
PKX,82.24,80.31,82.71,80.1691,372486.083417,81.8167
PESI,9.7,10.93,11.13,9.695,208664.918445,10.2655
NWN,49.71,49.87,50.0875,49.21,357904.269096,49.6496
MAT,14.82,15.0,15.09,14.72,5091983.736806,14.8444
WAY,18.69,19.08,19.115,18.62,2500992.45044,18.7906
RNG,38.73,41.53,41.8,38.04,2898366.065805,38.8578
SGHC,13.05,13.12,13.23,12.44,4559047.207661,13.0109
ACN,159.64,167.52,168.15,155.815,13901850.675902,159.2745
ALTY,12.355,12.34,12.3693,12.34,9497.312034,12.3542
SPIR,18.37,17.8,18.94,17.16,2061938.329024,17.858
TPVG,5.76,5.75,5.78,5.63,263929.749643,5.7177
BFC,143.54,144.04,144.74,141.99,100426.865969,143.9229
LEG,9.41,9.48,9.495,9.35,2577510.419434,9.4089
GEVO,1.73,1.695,1.745,1.64,3624026.152969,1.6968
ODFL,189.18,191.14,193.425,187.91,1156490.114863,189.1664
MSB,30.13,29.53,30.46,28.38,25285.912211,30.0253
PS,46.82,51.45,52.49,45.45,608076.87639,48.9245
RPRX,53.25,51.69,53.29,51.58,4171979.444679,52.7455
JRS,8.23,8.26,8.26,8.18,48387.970638,8.2233
CAMT,168.88,177.32,178.05,163.305,968641.128065,168.0516
AIO,26.1,26.02,26.22,25.9358,78069.890152,26.1196
SCL,50.61,51.08,51.21,50.28,133062.439035,50.6852
SGI,63.99,65.06,66.48,63.94,2527033.701437,64.4009
PVH,80.29,82.03,82.175,78.49,827745.238513,79.6454
BKSY,41.15,41.69,41.69,38.67,2290610.208083,40.6853
GAUZ,0.785,0.94,1.1406,0.7701,740068.073751,0.9876
BBAR,14.44,14.9,15.09,14.2409,725406.031582,14.5653
BULD,32.6714,32.48,32.74,32.28,7223.1296,32.6549
MOS,22.78,22.67,23.585,22.5,12140463.683346,23.1281
HDSN,4.92,4.95,4.97,4.785,640216.853195,4.8722
SM,31.17,31.28,31.44,30.39,3351933.150499,30.9404
OXBR,0.9139,0.88,0.94,0.86,29286.0,0.909
CNOB,29.27,29.23,29.55,29.11,324693.7843,29.2861
GPMTpA,19.98,19.82,19.98,19.82,896.2581,19.9325
WCMI,18.83,18.69,18.925,18.58,2425998.1586,18.8848
SON,49.78,50.24,50.57,49.495,1607702.820448,49.85
ADMA,8.5,8.35,8.72,8.3,4267650.274006,8.5294
NFXS,17.79,17.95,18.059,17.7,18611.621,17.8728
SMXT,0.5251,0.536,0.54,0.5201,62766.891859,0.5377
AGX,719.92,690.33,729.325,667.32,279895.889299,709.6662
TDSB,25.0,25.01,25.0168,24.95,5847.707,24.9953
URBN,66.41,66.44,66.98,65.1,1478921.562844,66.2107
CYCN,3.13,3.08,3.22,3.08,143949.423,3.1608
BRKU,22.0398,21.71,22.18,21.65,148094.298481,21.9075
PSApO,15.29,15.29,15.37,15.28,17660.6101,15.3094
GENI,4.21,4.4,4.455,4.21,6230855.498999,4.3066
GNE,13.96,14.02,14.17,13.69,61055.393401,13.9679
KLAR,13.69,14.1,14.185,13.28,10300474.646804,13.7116
BCIC,7.96,8.01,8.0935,7.85,125773.652317,7.9474
GEMG,13.0385,13.61,13.78,12.45,4803.229272,13.1414
RSKD,4.79,4.7,4.79,4.53,1616459.240776,4.6721
VGAS,1.76,1.67,1.8599,1.67,47306.479041,1.7986
DHT,17.81,18.79,18.91,17.63,3693241.579396,17.9435
YDESW,0.45,0.47,0.47,0.420099,3453.0,0.443
OPAD,6.185,6.385,6.385,6.008,46471.087905,6.218
AVT,86.22,84.7,86.366,83.26,1815770.542983,85.4902
INR,14.79,15.0,15.5,14.25,1330603.600985,14.8083
BWMN,32.75,33.06,33.47,31.96,137648.132026,32.5415
AYA,21.4,21.52,21.68,20.51,443740.712056,21.2969
HOYY,6.1394,6.26,6.26,6.114,26698.637039,6.1738
VREX,10.07,9.71,10.31,9.7,553724.502603,10.081
DOCS,23.39,26.34,26.49,23.21,12367159.98845,23.4093
RDYY,20.45,20.19,20.499,19.755,64797.744373,20.2597
WHRpA,36.0,36.0,36.0,35.47,193665.0,35.5852
MBI,6.1,6.15,6.32,6.06,366137.214136,6.1806
KNSL,300.46,299.65,305.93,296.06,312390.421787,300.6811
LAUR,32.67,32.74,32.86,32.19,959004.290589,32.6077
BLCR,50.13,50.0,50.3296,49.5205,312349.23017,50.1105
NXGL,0.533,0.5813,0.5813,0.5311,138313.741,0.5552
BATRK,50.78,49.17,50.9,48.75,417740.477155,50.3593
TRNS,75.98,75.19,77.48,74.245,127092.8807,75.5793
IRMD,85.27,84.18,85.87,83.85,72803.096258,85.0962
SEDG,42.77,41.29,44.2,39.75,3974584.664991,42.5384
PHI,19.74,19.75,19.99,19.68,122553.272412,19.7772
BMBL,3.4,3.31,3.49,3.295,2940856.245013,3.4099
MIR,18.64,18.95,18.99,18.19,3604775.285264,18.5321
RCI,36.1,36.3,36.4099,35.91,1187587.893211,36.0942
BTGO,11.91,11.92,12.15,11.28,472175.223067,11.8225
DKNX,20.9694,19.84,21.33,19.07,5085.416195,20.4051
MB,6.89,7.33,7.5,6.89,6015.0,7.1839
FBRX,24.66,24.36,24.7,23.24,126467.057473,24.3751
DY,444.81,430.1,451.1299,425.121,487141.625486,444.5559
ACRE,4.76,4.82,4.87,4.74,618628.534132,4.7881
HUBCW,0.01,0.011,0.011,0.0081,45627.0,0.009832
ABUS,4.31,4.49,4.5,4.265,1575792.888036,4.3587
LOOP,1.44,1.4,1.47,1.4,16048.079437,1.4453
HPS,14.63,14.65,14.75,14.61,39379.7154,14.6899
EQH,41.19,40.35,41.379,40.04,2434592.093186,41.0828
NGL,16.8,16.51,16.98,16.01,208671.488937,16.6723
MITK,13.89,14.6,14.75,13.82,1187844.570145,14.0649
VKQ,9.74,9.73,9.76,9.73,146360.704916,9.7461
ANVS,2.22,2.3,2.339,2.22,656479.650353,2.2668
HAYW,13.8,13.8,13.85,13.57,5375836.523999,13.7844
YELP,22.86,22.78,23.14,22.345,1697312.482629,22.8576
MFSG,30.0,29.9,30.0689,29.65,40605.1603,29.9551
AIRG,6.65,6.93,6.93,6.47,179267.290085,6.6296
ARW,211.82,205.95,212.44,205.58,800520.559453,210.2781
BXSL,23.73,23.62,23.955,23.62,1890296.270603,23.8011
MWYN,0.8123,0.7947,0.8295,0.7898,62877.0,0.8054
AES,14.43,14.43,14.45,14.4121,11676893.410881,14.4298
BUI,27.53,27.47,27.5699,27.32,83616.916076,27.4448
LHAI,1.02,1.03,1.04,0.9001,465468.79386,0.9789
TYRA,36.19,34.87,36.31,34.2,644213.984727,35.8574
CMTV,38.46,37.91,40.0387,37.91,6284.9525,38.5891
APXTU,10.14,10.14,10.14,10.14,131.0,10.1346
HSDT,2.21,2.12,2.27,2.05,331758.3668,2.1643
JCTC,1.99,1.96,2.0263,1.95,98478.0,1.9761
MUD,16.85,16.735,17.4169,16.6,11644179.589648,16.9665
MTRX,11.8,12.16,12.1981,11.7101,254086.190023,11.8748
TROX,8.79,9.06,9.3599,8.765,3971920.570011,8.9497
SPH,19.62,19.7,19.87,19.36,168977.90236,19.5548
EFNL,55.4461,54.29,55.4504,54.2,8183.234344,55.1873
BUUU,20.43,19.64,23.35,18.1,21922.223276,20.7476
REG,76.67,77.13,77.32,76.425,1295118.073456,76.7306
GXAI,1.2,1.2,1.22,1.16,506359.083213,1.1969
GNRC,267.25,273.36,273.36,263.72,603035.800209,267.8087
LLY,1015.75,994.75,1022.821,992.0,3486425.216448,1009.6925
RGTZ,10.91,10.33,11.49,10.235,3133765.079814,10.7835
CHSCP,27.89,27.83,27.89,27.79,11900.9265,27.8445
TERG,49.99,51.28,51.28,46.7,65748.054226,48.7351
BOBS,12.24,12.85,12.86,11.8,1295565.025583,12.152
BIYA,0.8099,0.8412,0.8412,0.7764,327871.139356,0.8031
CTNT,2.27,2.39,2.42,2.25,208854.615651,2.3433
ST,48.19,46.595,49.36,45.945,4261086.896477,48.245
RIG,6.62,6.6,6.67,6.5,26458034.957358,6.6121
INCM,29.13,29.1,29.21,29.05,418476.80168,29.1155
VSTM,4.72,4.6,4.785,4.49,1912420.414519,4.6833
COFpN,16.24,16.28,16.3,16.23,23607.7369,16.2486
VUSV,66.3357,66.29,66.39,66.0799,4629.6456,66.2198
CNH,10.76,10.78,10.85,10.63,11437000.76924,10.7443
AMZD,8.46,8.645,8.675,8.435,13380162.1357,8.5238
JXN,108.29,108.25,109.745,107.69,423840.478339,108.3832
AVX,5.9052,6.1092,6.12,5.9052,15077.288722,6.0228
ACH,3.15,3.2,3.345,3.005,1427788.930077,3.2193
AIRJ,3.83,3.75,3.87,3.61,686541.596087,3.7462
BOT,21.01,27.29,27.5,19.2,709666.576897,21.7042
BEPH,15.1,15.07,15.15,15.07,5294.0,15.1008
SRE,91.68,92.9,93.11,91.635,4786937.881965,92.2683
ALLE,130.64,131.04,133.15,130.625,1205759.745527,131.1103
MSGS,348.2,336.35,348.89,325.5,340645.645057,342.1172
AMPX.WS,6.81,7.05,7.75,6.78,146556.498,7.1231
ACOG,5.9499,5.53,5.9499,5.33,45898.769742,5.5783
FSBW,40.03,39.9,40.17,39.61,10488.2322,39.9716
MSM,106.76,107.1,107.75,104.635,1028014.111586,105.9581
WRB,65.43,66.28,66.88,65.07,1755571.020985,65.5392
CURX,0.3152,0.32,0.328,0.3151,51134.0,0.3189
EXFY,1.14,1.11,1.19,1.07,2698935.952468,1.1288
FCF,18.06,18.2,18.31,17.98,706096.385348,18.0788
OTIS,73.24,73.5,74.1,72.51,3208990.833252,73.2126
BEPpA,18.42,18.45,18.45,18.216,201025.274,18.5388
UTEN,43.1323,43.12,43.1599,43.05,29178.029339,43.1126
MREO,0.2595,0.2505,0.266,0.235,1333533.771039,0.247
EMP,21.055,21.02,21.09,21.02,6344.443,21.0438
CMPX,1.97,1.88,1.99,1.83,5385605.2168,1.9366
JBSS,75.68,76.41,76.615,74.89,107973.065599,75.8176
MCB,86.57,87.53,87.76,86.26,92316.05603,86.8579
CLBK,19.3,19.07,19.37,18.99,416132.284035,19.2105
GITS,1.56,1.42,1.5899,1.38,15617.000004,1.4657
ATHpE,25.435,25.47,25.49,25.36,18867.6966,25.3989
METpF,19.15,19.22,19.23,19.09,51119.409,19.1532
ANNA,3.82,3.6,3.94,3.5539,465870.213197,3.7473
GCMG,10.87,11.11,11.22,10.805,548129.163715,10.9106
CCBG,45.83,45.95,46.29,45.55,71218.27888,45.8217
TRVG,2.97,2.98,3.0292,2.9,50723.870537,2.9666
VOYA,81.52,80.32,82.27,79.86,943362.953253,81.6038
MIRM,109.16,108.0,114.99,107.42,6522800.111331,110.0444
RITM,9.25,9.6,9.64,9.24,6190931.201534,9.3736
SDA,0.88,0.96,0.9899,0.8644,108524.787924,0.8937
TEL,207.66,216.94,217.49,207.51,4597232.748676,211.8948
LQAI,45.1831,45.35,45.35,45.05,708.6989,45.2041
NYAX,68.51,67.57,68.7,63.269,272067.987499,66.0309
KTH,28.205,28.29,28.29,28.205,255.0,28.2525
BGT,11.0,10.95,11.0,10.95,60645.238889,10.976
DLNG,3.75,3.9,3.92,3.72,110253.168219,3.7889
NFJ,14.56,14.53,14.63,14.5,88729.610502,14.5441
FRPH,21.41,22.36,22.38,21.02,132011.249205,21.4364
AOD,10.53,10.47,10.55,10.405,282675.3064,10.4763
CXH,7.95,8.23,8.23,7.93,73950.5442,8.0894
TWI,7.57,7.54,7.59,7.4,521043.259657,7.5274
HAWX,44.6112,44.21,44.6599,44.21,15417.615622,44.5365
PLTZ,33.46,31.62,34.02,30.3319,457370.050933,32.7836
ZBRA,246.76,248.68,250.99,237.03,1392683.455028,246.223
PRAX,346.84,343.2,358.7599,330.76,431097.537675,343.4141
COPP,43.51,42.88,44.1391,42.79,287256.982141,43.6436
GVA,143.13,140.77,143.745,139.07,750529.344317,142.5442
RS,368.85,361.5,371.53,361.5,364539.443142,368.8692
IBTH,22.375,22.38,22.38,22.37,403385.15049,22.3748
RSPE,32.0066,32.05,32.07,31.89,10215.9394,31.9803
GS,955.42,941.84,959.55,933.0801,2355240.458866,952.4964
ADGM,0.9008,0.97,0.9999,0.9007,15383.4914,0.9354
ABXL,26.04,25.86,26.13,25.86,15214.0,26.0062
ALG,151.63,151.59,154.845,149.6601,240843.835751,151.3054
VICI,28.21,28.41,28.5,28.0709,7215250.520211,28.2198
PDFS,51.57,52.0,53.33,50.95,595559.175003,51.8907
HEI.A,218.7,218.59,221.4,214.985,360767.380999,218.8843
LND,3.74,3.84,3.845,3.722,45075.637975,3.7749
AAPB,37.0982,35.89,37.5,35.85,82392.646383,36.8112
LEA,137.61,137.06,140.99,137.06,435225.614545,138.4971
TMED,30.5697,30.16,30.66,30.16,2719.4412,30.5365
ILMN,145.0,146.14,148.87,143.21,2089027.377263,145.5595
WPRT,1.97,1.95,2.0052,1.9314,16538.880955,1.9678
CPNG,15.96,15.76,16.235,15.645,22956310.724917,15.9947
MSI,397.89,390.9,400.14,386.79,1368509.124482,394.4102
XOM,151.57,150.06,151.79,149.68,15772782.679,151.1817
HOMB,25.76,25.85,26.07,25.66,1601325.536445,25.7956
SNN,29.82,29.61,30.06,29.61,1482838.946436,29.8348
ARTY,67.77,67.74,68.12,66.33,578133.272283,67.564
NCSM,42.03,40.93,43.0,40.52,31429.417181,41.9967
AIP,35.55,35.43,36.17,30.46,2988733.378425,34.4295
VSTL,24.61,25.75,25.75,23.5,134667.950667,24.4499
PRLB,71.85,71.18,72.53,70.37,210689.658546,71.6341
TAOP,1.33,1.3,1.3303,1.295134,2956.0,1.3156
PFSA,10.75,11.2025,11.66,10.58,7630.208933,10.9725
PFE,25.96,25.8,26.09,25.64,39419955.603944,25.8989
CRCO,26.54,26.32,27.15,25.16,78800.632229,26.3097
CALY,15.34,15.7,15.78,15.275,2454829.996934,15.457
RFpC,24.56,24.61,24.61,24.53,14895.6524,24.5512
TUSK,3.26,3.09,3.33,2.9523,1351611.506782,3.2356
FNKO,5.24,5.5,5.6,5.1,1314793.587547,5.2408
TVRD,3.95,3.95,4.0852,3.8904,25246.914108,3.9899
USOI,57.8366,58.42,58.42,57.68,33641.762875,58.055
FMY,11.67,11.7,11.7,11.5701,8972.3167,11.6278
DXCM,58.57,60.45,61.355,58.53,7032757.758522,59.5069
GMAB,26.55,26.53,26.775,26.33,1975459.834487,26.5537
MXCT,1.02,0.9401,1.16,0.9227,7309114.492408,1.0621
CBZ,28.55,29.1,29.1,27.91,628045.811287,28.4328
BAK,4.97,4.91,5.395,4.8401,5935504.017689,5.1332
DFAI,41.64,41.35,41.645,41.335,1330410.898232,41.5712
WINA,352.26,356.13,356.13,339.9301,46245.952058,349.3376
GCO,31.72,31.34,31.88,30.8,157642.461029,31.5644
AMG,303.48,301.33,304.565,296.32,174490.516869,301.8554
SBpC,26.1,26.1,26.1,26.1,102.0,26.1028
WASH,31.37,31.49,31.91,31.33,145013.72374,31.4642
CR,179.57,180.55,182.0949,176.28,524634.348262,179.3364
AIXC,1.34,1.37,1.37,1.27,51181.391658,1.3144
SRTS,3.45,3.37,3.5,3.26,41282.818239,3.4266
CAE,26.21,25.77,26.315,25.74,881144.522165,26.1021
ACWX,75.45,74.9,75.53,74.745,716566.498732,75.3123
SOJD,19.9726,20.06,20.1,19.945,64902.6013,20.0185
TREX,37.98,38.54,38.89,37.42,2137165.290162,37.9134
ECAT,15.58,15.47,15.585,15.36,688841.521762,15.5123
IAC,40.74,40.56,40.9,39.8,1335089.993156,40.6646
FDIF,37.98,37.79,38.0,37.591,3728.3307,37.8715
ADX,24.95,24.74,24.99,24.7,242313.566066,24.8657
PSApN,15.22,15.3,15.3,15.21,7304.0042,15.2232
GROW,2.55,2.55,2.6389,2.55,36698.7496,2.5976
AOHY,11.065,11.04,11.07,11.035,33711.436365,11.0469
NCVpA,20.83,20.86,20.99,20.7,5202.3761,20.8089
REXRpB,21.84,21.83,21.8589,21.81,3661.0,21.8327
ORLY,89.7,91.12,92.17,88.82,6409695.734832,89.8797
GFF,82.87,83.1,83.91,81.955,372691.225196,82.8186
CPIX,4.85,4.53,4.89,4.37,110695.578303,4.7225
WEX,135.79,134.99,136.22,132.345,774948.246913,134.6201
FLSP,27.15,27.2916,27.3,27.15,25224.6791,27.2331
TWO,12.51,12.56,12.68,12.51,3093661.449881,12.5452
RILYP,14.7001,14.37,14.99,14.37,14361.5404,14.7416
LINK,3.58,3.37,3.6894,3.16,89827.176946,3.4107
DH,0.8863,0.94,0.94,0.8813,375296.745295,0.9082
SSD,184.41,183.37,186.2,182.03,394801.143751,183.9892
PNFPpC,25.15,25.11,25.27,25.11,5491.9577,25.1726
NL,5.86,5.8,5.86,5.75,44800.079052,5.8136
ACHR,6.52,6.29,6.75,6.23,44824645.431725,6.6062
SVV,7.15,7.34,7.41,6.955,1647389.777526,7.1569
LGI,17.6,17.59,17.84,17.547792,23190.6051,17.6621
PASW,0.1495,0.147,0.154799,0.147,150954.993748,0.1497
EFSC,58.48,58.7,59.0493,58.23,247328.01325,58.522
NNOX,1.79,1.7,1.85,1.69,2020549.356521,1.7883
EWTX,33.76,34.04,34.41,33.31,1130656.01813,33.7221
GUG,15.81,15.87,15.9,15.78,39431.8916,15.8327
TPH,46.95,46.97,46.99,46.95,10709393.298006,46.9607
OLN,28.39,27.88,28.8993,27.5001,2156354.613375,28.4111
DSX,2.75,2.87,2.87,2.72,732189.958397,2.7749
IUSV,108.71,108.6,108.825,108.315,459070.895381,108.5961
MED,12.48,12.77,12.79,12.47,250835.672779,12.627
VONV,102.95,102.8,103.14,102.355,1831509.49246,102.8749
TMO,446.03,455.18,463.3953,444.52,2801576.774704,447.7329
GLNG,56.68,57.34,57.38,55.87,1914039.367465,56.6569
FPF,18.35,18.33,18.44,18.32,65531.85,18.3705
TDSpU,22.24,22.12,22.29,22.045,27062.2229,22.2312
ECVT,14.68,14.67,14.73,14.46,1887817.653693,14.6238
ALXO,2.03,2.04,2.1,1.95,565063.75388,2.0443
MPT,5.09,5.09,5.17,5.06,3974222.21576,5.1112
ANF,71.9,72.41,73.24,71.31,1130964.518488,71.9401
RMI,15.26,15.3,15.51,15.22,26464.7684,15.2922
MHD,11.67,11.76,11.76,11.67,272665.47085,11.7059
WIW,8.55,8.56,8.58,8.52,465621.1164,8.5474
OFIX,12.21,12.06,12.32,11.885,246115.691,12.1983
LFVN,5.27,5.09,5.375,5.09,171049.569462,5.2084
BACpO,17.48,17.57,17.57,17.46,29426.7704,17.4829
LVS,51.32,51.69,51.965,50.74,3651253.839076,51.2554
NYT,77.0,77.94,77.94,76.17,1168037.57711,77.0149
NVCT,12.04,10.8,12.4299,10.7275,171842.362946,11.8668
TAK,16.64,16.09,16.64,15.98,3806242.827509,16.4773
ALOY,8.89,8.99,9.21,8.8,1166845.055072,8.9975
NXDR,2.1,1.92,2.18,1.865,5853020.63806,2.0841
ZBH,82.72,82.26,85.2,81.74,2239258.141389,83.3193
BNED,9.41,10.22,10.33,9.27,420507.191228,9.6541
EDBL,0.3749,0.3499,0.3801,0.3332,13712694.9494,0.53
INFY,11.86,11.85,11.94,11.66,12549480.828767,11.7732
AURA,8.02,7.97,8.1,7.7,619639.580713,7.945
OVBC,45.65,45.73,46.0,45.55,7939.273535,45.702
LAB,1.01,0.99,1.0199,0.9682,1908755.611412,0.9969
XRN,34.32,34.1,34.39,33.495,275986.700695,33.9331
TY,34.59,34.45,34.67,34.1,33313.5998,34.5421
TTDU,3.71,3.88,3.88,3.49,534572.263806,3.6499
SN,102.94,108.16,108.52,102.83,2411199.165377,104.6778
HUTG,30.0616,29.89,32.19,27.09,152910.662379,28.868
GDIV,18.1513,18.11,18.19,18.08,5997.47069,18.1596
ETpI,11.655,11.53,11.73,11.53,23142.5269,11.6556
PFS,21.76,21.93,22.03,21.7,965884.997232,21.8053
USVM,102.0058,102.25,102.25,101.5652,34718.138488,101.8572
DXYZ,52.2,59.0,60.1555,51.1,6587651.460278,54.6561
NZF,12.58,12.57,12.58,12.55,385688.516854,12.5662
RMIX,17.63,16.56,17.84,16.01,420994.0399,17.1372
BARK,9.06,8.74,9.24,8.61,50877.876578,8.9891
AS,32.78,33.63,33.91,32.575,4296168.270127,32.9634
MSW,1.75,1.56,1.75,1.56,47559.0,1.6862
NOAH,10.65,10.59,10.7734,10.59,93634.351087,10.6644
ICLR,117.38,121.76,121.76,115.64,641129.359203,117.2546
IRS,13.49,13.81,13.935,13.32,165123.508116,13.5697
WTW,242.12,248.13,250.51,240.625,1059424.053363,243.2258
TOWN,34.06,34.15,34.42,33.97,501174.39126,34.1096
BTO,36.06,36.67,36.67,35.9,52783.40036,36.1256
GIG,5.61,4.96,5.8,4.71,96365.275368,5.1086
ADT,6.84,6.89,6.985,6.74,13237269.371997,6.8113
OPCH,19.78,19.59,19.91,19.34,5617636.741887,19.7078
MUYY,26.5937,26.56,26.73,26.36,33558.748904,26.5785
JMSI,50.0,50.06,50.06,49.95,19876.8922,50.0003
MWG,1.46,1.51,1.55,1.46,20629.8,1.4861
ARCO,8.51,8.62,8.64,8.46,602161.797776,8.5278
JMM,5.75,5.74,5.77,5.74,20902.1453,5.7542
LITP,17.5,17.84,17.9,17.3,110034.969414,17.5023
LXEO,5.76,5.69,5.995,5.61,1242922.723317,5.7967
BIVI,1.31,1.33,1.33,1.2588,70600.193009,1.29
DRNL,11.2728,11.35,11.4099,11.1099,2948.0,11.142
EBS,8.33,8.42,8.5,8.2999,574935.740128,8.3683
SST,3.53,3.26,3.88,3.25,984727.207702,3.5339
CV,7.0,7.11,7.18,6.82,75581.428267,7.0046
LAES,2.96,3.0,3.09,2.9,9361305.272047,2.9754
ALL,215.54,213.28,217.8799,212.4,1586394.976582,215.1578
PHXEp,23.99,24.02,24.05,23.9,3184.0155,24.0232
NAT,5.6,5.87,5.88,5.51,4017035.526202,5.5946
MD,23.98,23.49,24.0875,23.34,1112558.307185,23.7954
CMSC,23.0502,23.15,23.15,23.0301,11296.0,23.0632
SLVO,92.26,92.35,92.43,91.9,48373.251875,92.2237
AA,68.44,68.63,69.73,67.21,6127268.199394,68.4855
NXL,0.3404,0.3423,0.34515,0.34,73949.460564,0.3418
TSYY,25.92,25.68,26.0,25.6,118876.00188,25.8296
MMS,59.44,60.46,60.885,57.32,974540.583715,59.0332
UHT,40.15,39.88,40.25,39.68,76595.687477,40.0329
OPXS,11.22,11.76,11.93,11.0102,31393.275728,11.3253
FCN,144.83,150.42,150.42,140.835,1396112.508487,144.5651
WSO,417.98,413.15,419.98,409.27,327568.421794,416.0917
PBI,15.34,15.38,15.42,15.13,2792041.30979,15.3049
SITC,5.41,5.51,5.5499,5.39,438698.683322,5.4286
ETOR,41.29,37.87,41.3,37.49,2827663.429656,40.1908
FALN,26.955,26.93,26.985,26.925,740717.619061,26.9559
SCEpM,24.78,24.9,24.9,24.78,17399.683,24.8249
NI,47.05,47.03,47.305,46.625,2684804.756347,47.0082
PSL,112.6311,111.96,112.6311,111.96,6353.5818,112.2902
HRI,136.91,137.81,141.515,135.48,526650.05985,138.0599
VGNT,43.8,43.96,44.45,42.842,880080.708026,43.8364
ALGM,45.97,47.66,47.73,45.435,2104970.0964,46.3931
GO,7.74,7.81,8.165,7.64,5332690.930611,7.9716
ATOS,5.16,5.23,5.31,5.15,31995.053375,5.2115
TREE,36.17,37.11,37.995,35.41,352079.46163,36.0759
HNGE,54.06,55.41,55.78,53.36,1591534.7199,54.2764
IIPR,54.93,55.89,55.9,54.77,229839.590615,55.0808
BKE,48.46,48.76,48.925,47.925,476449.120996,48.3407
IMAR,30.14,30.22,30.22,30.045,103239.0,30.1362
ARQ,2.55,2.7,2.73,2.54,211377.022037,2.5765
KMB,97.04,97.15,98.21,96.405,4302895.561476,97.0117
DXPE,146.26,144.58,150.91,142.145,229799.443256,146.424
GFR,5.93,6.05,6.14,5.91,103565.7936,5.9769
JCI,143.8,141.52,145.07,140.91,4486082.787884,143.7746
SHPH,7.1,6.725,7.1,6.4,20901.36,6.757
ABAT,3.55,3.23,3.7199,3.2,8962413.461966,3.5091
RGC,27.32,26.69,29.1,26.69,78271.521547,27.7257
GROV,1.25,1.29,1.29,1.24,14244.737045,1.2647
XIFR,11.67,11.64,11.8,11.47,947707.310811,11.6779
AIZ,242.61,243.61,245.235,240.34,366583.923371,242.1086
MSBT,22.84,22.99,23.01,22.58,296710.490292,22.7926
SLF,70.81,70.25,71.13,70.25,887194.285018,70.7813
CHY,13.07,12.95,13.08,12.8,293729.137979,12.9795
MSpA,19.74,19.74,19.87,19.65,60393.4676,19.7319
PSApS,16.06,16.07,16.1,16.04,8098.1764,16.0665
BBN,15.98,16.01,16.0899,15.98,63618.88986,16.0281
SREA,21.61,21.62,21.66,21.58,26124.358,21.6193
RGS,28.05,26.5,29.0,26.5,34169.730797,28.3135
RMMZ,14.985,14.96,15.13,14.7601,22160.4723,14.9695
SLG,43.23,43.0,43.86,42.77,972767.211104,43.3625
HPE,32.07,30.65,32.53,30.17,27523481.21571,31.5066
SLQT,1.12,1.06,1.18,1.05,2871466.565364,1.1162
DEVS,0.1577,0.1665,0.167,0.1495,972318.0,0.1579
MFIC,11.01,11.15,11.23,11.01,583157.97705,11.0866
STEW,17.63,17.63,17.71,17.63,39751.7639,17.6635
DAC,132.4,132.9,134.6,130.12,113512.570257,132.3506
EBON,2.03,2.2,2.2,2.01,8359.844411,2.0854
VINP,10.51,10.55,10.97,10.2,296004.438,10.5841
BIOA,19.14,18.55,19.37,17.58,541690.147519,18.5473
ORIC,8.6,8.75,8.8325,8.49,1621517.063258,8.6232
CCIF,3.36,3.35,3.37,3.29,89098.026993,3.3427
MAXI,11.6337,11.65,11.86,11.5,26729.506368,11.6004
GCV,4.55,4.53,4.5994,4.53,32269.39695,4.5568
PLTK,3.6,3.66,3.695,3.56,815711.594587,3.5967
WPP,17.24,17.24,17.34,17.02,563588.250059,17.1748
DUK,123.9,123.99,124.53,122.84,3404378.78828,123.8827
PLTG,11.93,12.72,13.26,11.69,479524.375518,12.1038
KKR,97.43,98.48,99.27,96.9007,4936025.823803,97.8507
CPRI,17.18,17.23,17.285,16.935,2711960.629842,17.1338
LVO,5.53,4.99,5.68,4.99,90733.811093,5.4459
SBSI,32.04,32.41,32.6373,32.04,72407.169878,32.1514
BBSI,28.77,28.95,29.195,28.19,261483.58831,28.5899
HOTH,0.6563,0.6599,0.6684,0.64,119266.0,0.6514
CZFS,62.96,62.41,63.8,62.41,5124.9396,63.1185
CBU,61.26,62.28,62.595,61.23,348709.3266,61.665
DEA,23.0,22.85,23.04,22.77,270714.976896,22.9393
ADSK,231.03,229.4,231.65,225.275,1742205.949093,229.2103
SMRT,1.11,1.13,1.15,1.09,1459084.137932,1.1207
TCBX,36.7,36.86,37.2,36.61,84316.499833,36.7929
BGIN,3.5,3.82,3.82,3.5,11402.93082,3.5738
BZAI,1.675,1.66,1.69,1.6,7963023.577555,1.6406
OR,39.2,39.28,39.7975,38.67,479849.553717,39.3064
STBA,43.72,43.75,44.16,43.54,306111.833791,43.7525
HIO,3.62,3.62,3.62,3.57,408318.87565,3.5949
PML,7.56,7.53,7.57,7.52,245516.9855,7.5497
CFTRpA,24.9211,25.03,25.03,24.9211,1648.7635,24.9507
BZFD,1.31,1.33,1.38,0.99,12280543.205203,1.2281
PTMC,39.61,39.75,39.75,39.42,33172.72062,39.5881
OSW,23.29,23.3,23.61,23.1,481520.325882,23.2785
DRNZ,24.16,24.5,24.5,23.8201,134529.446597,24.1348
CGC,1.09,1.1,1.12,1.08,4244186.389734,1.1004
STAK,2.36,1.95,2.43,1.93,10669616.455607,2.4698
IHG,150.16,150.0,151.05,149.13,170569.872874,150.0208
FFIC,15.39,15.36,15.54,15.32,271722.6529,15.3915
RACE,333.09,324.77,334.12,324.09,644840.396958,331.1763
PRCH,10.24,10.2,10.35,9.87,1333708.209069,10.1876
AXSM,235.32,224.24,235.915,223.75,815619.711048,232.8999
OPTX,6.74,7.11,7.13,6.58,1038917.857356,6.8493
GTIM,1.24,1.25,1.2598,1.23,5944.0,1.2493
CHAI,1.19,1.18,1.26,1.1703,30524.104,1.1998
SHOpI,20.8,20.36,20.8,20.36,11860.9597,20.6255
KTB,65.23,66.21,66.48,64.25,1021204.429993,65.1479
PSApP,15.85,15.88,15.9,15.8101,37611.829,15.8781
ACES,38.39,38.23,38.77,37.35,38970.377394,38.1593
WFCpD,17.08,17.15,17.15,17.08,49366.4097,17.0986
BRT,14.45,14.46,14.855,14.37,24678.845401,14.4677
NEEpW,25.13,25.16,25.17,25.1,15834.747,25.1412
GRC,75.44,76.24,77.7699,75.2835,111411.527906,75.7607
PCM,5.81,5.84,5.84,5.7414,42421.5032,5.7782
VUSG,64.6354,64.04,64.755,64.04,9785.24737,64.6636
IBB,172.65,171.96,172.985,170.62,775055.715104,172.0278
LRGF,74.05,73.81,74.2,73.515,118596.11258,73.971
CRWS,2.76,2.75,2.8411,2.75,12449.958495,2.7906
CIEN,577.9,594.0,598.84,562.5,1272676.736604,579.1387
PSCT,78.7,79.24,79.66,78.0826,19962.049536,78.773
TLYS,3.62,3.89,3.99,3.535,287368.339597,3.6539
PWRD,113.4872,114.11,114.43,112.235,94501.613957,113.5985
XRPM,14.43,14.485,14.55,14.4,22095.6443,14.4905
SSII,3.99,4.2,4.27,3.94,71544.053086,4.0708
TDSC,27.6044,27.52,27.67,27.48,22824.448,27.5723
LMFA,0.2211,0.2258,0.237,0.215599,687500.166,0.2237
FAMI,1.46,1.45,1.49,1.19,116136.7142,1.4091
RBC,618.91,614.2,620.72,606.78,268474.498208,616.2805
PLMK,10.66,10.62,10.84,10.61,368084.0,10.664
AEHL,3.62,3.025,4.24,2.65,81038486.725045,3.2467
LEGN,28.67,28.34,29.62,27.5,2941515.206554,28.7355
DRTS,9.64,9.9,9.92,9.37,775799.313727,9.6473
LRN,88.13,87.96,88.73,86.0501,442303.373643,87.8929
DPZ,308.48,309.5,312.83,306.0,914789.689458,308.8909
RLJpA,25.2415,25.29,25.29,25.23,12188.7912,25.2462
SEGG,1.32,1.34,1.35,1.22,1067084.427042,1.3014
RCEL,4.26,4.3,4.6,4.2,210329.275013,4.3192
SWMR,30.29,33.76,34.0,30.26,821628.797362,32.07
KDKRW,1.45,1.4086,1.65,1.36,104412.0,1.4745
UFG,0.775,0.77,0.7984,0.77,37649.782477,0.7774
FEMS,47.43,47.64,47.835,47.41,40386.30786,47.7008
MYN,9.91,10.0,10.03,9.91,276272.79999,9.9783
KEYS,361.19,368.03,370.0,359.375,1482059.599644,362.2179
ZYME,24.57,23.88,24.94,23.75,646783.010943,24.4239
LEN,84.97,85.19,85.92,84.45,2265572.071075,85.1224
RMBS,134.85,134.935,136.38,128.22,1788123.096843,133.9735
MAR,350.19,347.72,353.91,346.26,1387848.108203,350.2964
ANGpD,24.78,24.88,24.88,24.78,1712.0,24.8441
HTCR,2.89,2.95,2.98,2.83,31907.0,2.9066
XTLB,2.73,2.63,2.75,2.51,20689.6844,2.6483
DJT,8.95,8.78,9.12,8.56,6091807.589258,8.8694
LVHD,42.2,42.39,42.39,42.0101,36926.923442,42.1045
NCZpA,20.258,20.25,20.36,20.22,4586.8325,20.2708
GPN,67.01,67.99,67.99,66.125,3431390.147192,66.9417
BMRN,53.55,52.5,53.7,52.08,2039803.969236,53.1769
BLIV,2.43,2.3,2.47,2.3,987.0,2.3993
SLAB,216.95,217.8,217.8,216.58,488858.507692,216.9267
TM,186.89,184.89,187.94,184.7,590733.762277,187.0276
CIMpC,23.575,23.59,23.81,23.575,23430.7383,23.711
LI,20.02,18.71,20.09,18.71,6608118.59384,19.7548
COP,117.4,117.65,118.005,115.69,5977149.593773,117.0152
BCH,34.96,35.27,35.94,34.86,265595.812238,35.3333
PFFV,22.3268,22.31,22.34,22.2965,39365.5247,22.3224
OGS,83.95,84.43,86.86,83.04,630952.89982,83.7879
ETS,0.554,0.543,0.5679,0.543,30693.0,0.5673
SBH,12.21,12.21,12.285,11.82,2380266.527723,12.1029
BNKK,2.2,2.23,2.29,2.15,199255.567496,2.2783
VBIO,0.968,1.07,1.135,0.9318,148722.519,1.0013
JCAP,18.66,19.12,19.2,18.61,199752.35886,18.7876
DFGP,54.355,54.26,54.369999,54.231,170402.424352,54.3035
TXT,91.38,90.64,92.05,89.2,1383250.937653,91.2802
DLO,12.17,12.69,12.74,11.96,3402881.444493,12.1599
PRI,267.11,274.86,274.94,265.79,214593.859324,268.3845
CNI,111.87,111.45,113.79,111.45,1166047.777706,112.2947
CAR,148.84,150.01,158.501,148.25,632919.185391,152.3896
AAA,24.9599,24.94,24.97,24.93,2971.317,24.9366
IPW,6.5272,6.284,6.5432,6.0488,102136.696261,6.892
WWW,15.53,15.63,16.19,15.5,2122408.907208,15.801
VIRC,6.03,5.97,6.13,5.97,41137.17847,6.0881
EIIA,25.205,25.16,25.2238,25.16,1051.4841,25.199
CFRpB,17.05,17.02,17.1576,17.02,2615.3114,17.074
AMRC,28.98,29.5,30.21,28.22,495724.809162,29.2887
MCD,275.7,274.5,277.5,273.24,3450992.4423,275.5702
OPLN,35.61,35.93,35.93,35.48,835174.271752,35.6297
TPC,80.64,84.0,84.0,79.83,424480.476296,80.9633
INV,7.15,6.94,7.57,6.7201,2479882.208049,7.1479
BHE,86.07,84.73,86.4999,84.16,538231.392826,85.5993
FBLA,14.0,13.86,14.05,13.83,132525.0,13.9456
RIGL,32.13,30.22,33.01,29.655,918622.246947,31.9299
SOCA,10.2,10.2,10.2,10.2,2400.0,10.2
RYAN,30.27,31.34,31.84,30.095,3009721.431782,30.7587
EEMA,115.71,114.47,116.01,114.05,116853.719501,115.0996
HIND,1.92,1.95,1.9799,1.895,39241.508704,1.9225
IRT,16.29,16.36,16.425,16.14,1857305.707413,16.2735
KIDZ,5.32,5.2,5.5,5.12,52863.929501,5.268
MSA,172.48,169.36,173.945,168.485,478638.720724,171.9798
AAUC,29.51,29.79,29.79,29.22,263361.879877,29.4346
YRD,1.98,2.0,2.03,1.975,44817.138406,2.0084
OPRT,5.3,5.6,5.66,5.29,362293.657209,5.3649
DIN,28.65,29.31,29.77,28.54,796404.357053,28.7707
AUB,36.48,36.97,37.17,36.47,1202963.364961,36.6842
GRRR,13.86,13.67,14.06,13.33,537224.080978,13.7268
RCD,22.58,22.68,22.68,22.53,13214.2502,22.5911
CFGpI,25.46,25.34,25.47,25.325,14438.0,25.4041
JAN,27.31,26.91,27.5,26.73,487182.368948,27.1872
WING,120.61,122.47,123.11,118.805,1332687.413574,120.5712
FEBO,1.15,1.08,1.15,1.08,6119.0,1.1242
WM,216.44,215.0,216.75,213.29,2172953.506347,215.2712
TSLR,28.66,27.72,29.7,26.795,2395485.889665,28.5756
ODC,77.82,76.19,78.275,76.19,47760.253253,77.713
BUD,80.15,79.78,80.26,79.49,1250646.004861,79.9668
LMT,519.94,517.47,520.87,510.785,824645.42222,517.5187
MAMO,0.9658,0.97,1.0,0.9496,116270.688772,0.9704
PRIFpK,22.5,21.81,22.5,21.81,333.1368,22.2838
RILYL,15.1,15.0,15.72,15.0,3730.8423,15.3616
ZAP,33.81,33.9,33.9,33.47,63226.578001,33.7609
HST,21.56,21.71,21.835,21.52,8265307.137878,21.5924
OMF,52.44,52.7,52.83,51.62,1012610.242266,52.4184
NOTV,0.314,0.258,0.3333,0.235,3772042.259093,0.2896
ARE,47.27,46.53,47.37,45.54,1717807.591261,46.9207
ESNT,59.94,60.32,60.66,59.45,728766.319058,59.9023
PRM,33.91,32.42,34.04,32.305,1892284.344213,33.5576
ETN,406.94,406.17,409.6,400.5593,2316810.329121,406.634
ELME,2.03,2.02,2.06,2.02,3172366.061247,2.0357
BDVL,26.08,26.0,26.1,25.92,284462.378,26.0241
CMU,3.49,3.5,3.5,3.47,57826.8863,3.484
AALG,10.671,10.66,10.73,10.5,21659.0876,10.6618
NUV,9.15,9.21,9.21,9.14,581574.627231,9.173
FCNCN,25.27,25.19,25.2899,25.1631,23821.0,25.251
USAU,17.72,17.64,18.0725,17.25,153554.810099,17.7158
MTG,25.78,25.88,25.97,25.53,1673898.312766,25.7106
BWLP,20.39,20.99,21.05,20.1501,520291.448747,20.5072
LARK,27.7,27.87,27.87,27.5,6058.8281,27.7364
SYFpA,20.04,20.01,20.0999,20.01,17630.9493,20.0625
VTOL,42.11,41.98,43.47,41.59,245078.381873,42.1135
ASCE,32.08,32.13,32.35,31.78,21667.130054,32.0966
GDVpH,22.205,22.05,22.32,22.05,6486.0,22.1399
LNT,72.3,72.06,72.73,71.685,2590419.00085,72.3113
SGU,12.78,12.76,12.9699,12.76,10148.9485,12.8897
CASY,888.36,871.97,889.99,868.44,388543.084032,882.6554
DHCNI,18.7,18.71,18.71,17.8101,7140.8312,18.3771
GLMD,0.5953,0.5639,0.608365,0.56,29611.639881,0.5749
BORR,6.06,6.15,6.2,6.02,3480728.317213,6.0791
NBXG,15.57,15.41,15.61,15.335,237039.365,15.4859
THYP,22.6451,22.87,22.95,22.54,117445.440318,22.7585
SEVN,8.3,8.2,8.36,8.2,74669.840711,8.3042
EVN,10.76,10.71,10.77,10.65,119166.790461,10.7217
TLSA,1.5,1.53,1.55,1.46,279834.334561,1.506
GSBC,67.91,68.11,69.235,67.475,106408.8454,68.0511
CCAP,13.07,13.24,13.245,12.98,167804.7664,13.0589
ACLS,162.15,165.48,167.6486,158.3626,573042.676888,162.4343
WLDS,3.03,2.94,3.15,2.94,71629.313371,3.0426
GPGI,12.13,12.8,12.99,12.005,3372937.17229,12.2777
SABS,3.96,3.62,4.04,3.5723,757279.552145,3.8754
FATE,2.135,2.19,2.215,1.83,5406705.25072,1.9895
OGN,13.34,13.33,13.35,13.3,5805585.310339,13.3293
LFCR,4.5,4.52,4.62,4.48,157822.267356,4.553
VTHR,326.2962,324.48,326.91,323.87,26812.728137,325.9935
DOW,38.84,40.01,40.17,38.81,8415307.932698,39.2492
VCYT,38.25,39.1,39.3699,37.66,1107418.511274,38.342
VSEE,0.179,0.172,0.179,0.1671,447746.777007,0.1741
LSPD,8.88,8.96,9.06,8.815,726876.03495,8.8992
RBA,101.78,102.53,102.73,100.45,1190402.200325,101.7633
PMMF,100.25,100.26,100.27,100.25,115521.396241,100.2134
EVF,4.99,4.99,5.0082,4.975,60280.279144,4.9867
MOV,27.06,26.44,27.12,26.08,157811.2448,26.8339
MKSI,317.31,318.99,321.52,311.66,923780.07047,318.004
BZAIW,0.3601,0.4257,0.4257,0.35,86143.0,0.3698
TpA,20.01,20.03,20.03,19.9401,94004.2896,20.0016
EWBC,119.04,120.75,121.3199,118.845,837799.975095,119.5764
OBIO,4.06,4.07,4.14,3.93,192097.889769,4.0808
BRCB,7.65,9.51,10.24,7.595,2735225.035525,8.2389
SGOV,100.51,100.51,100.51,100.5,16770479.415153,100.506
FTCB,20.89,20.87,20.89,20.84,656897.2308,20.8674
SAH,76.12,77.77,79.085,76.0,390265.662953,76.9581
ADUS,94.51,98.06,98.06,93.14,386689.280065,94.6559
ATLCZ,25.51,25.49,25.51,25.48,13511.0,25.4932
SKYH.WS,0.665,0.69,0.69,0.55,23866.0,0.6351
EGP,203.55,203.46,204.89,202.43,276319.077297,203.378
FWRD,8.74,9.2,9.42,8.65,1890880.703636,8.9158
BST,45.31,45.06,45.53,44.7001,104413.92442,45.2786
FEIM,61.11,61.13,61.25,58.4536,146350.434966,60.3162
HMN,44.08,44.32,44.5,43.67,128901.055997,44.0082
ENGN,1.54,1.44,1.6,1.44,2503089.586697,1.5288
GAMB,4.12,4.19,4.23,3.96,612691.244048,4.1361
RWT,5.24,5.27,5.3,5.22,848074.962616,5.2568
GLXY,30.81,31.33,31.88,30.4001,4683082.345806,31.0705
BELFA,239.92,255.04,255.85,234.09,34915.910781,243.7183
JQC,4.9,4.85,4.9,4.85,479944.59846,4.883
ATOM,9.89,8.42,10.22,8.41,3159744.198813,9.3467
PEW.WS,0.488,0.5499,0.5499,0.47,4185.0,0.4861
RTX,178.11,177.77,179.44,175.2974,6144140.6007,178.1075
HCTI,2.19,2.2,2.21,2.1301,144562.184683,2.2995
RAMP,28.59,28.33,28.67,27.725,660948.390638,28.3628
HELP,5.18,5.06,5.236,5.0,423250.461714,5.1484
BTOC,0.312,0.312,0.3346,0.3107,436263.544973,0.3126
RRGB,3.77,3.59,3.8899,3.56,304174.363237,3.7635
WAT,334.93,350.27,350.66,333.11,1233783.126713,338.7644
MTB,204.08,208.39,208.39,203.5,722724.692982,204.9084
TLN,351.03,375.43,379.1799,336.219,1471051.702496,348.1611
SPWO,33.17,32.67,33.17,32.65,37318.961744,32.9367
CPZ,13.34,13.4,13.5811,13.3,58690.374857,13.3634
TPL,386.51,396.59,396.59,375.315,441327.132713,384.3228
HPQ,21.26,21.47,21.8,21.14,12318235.08361,21.3795
ETJ,8.48,8.43,8.49,8.3801,86057.288777,8.4299
ICUI,122.04,122.25,125.0099,121.3,312616.603988,122.4066
NLYpF,26.0,25.99,26.0798,25.99,25262.5439,26.0293
BNBX,0.481,0.4501,0.4864,0.4501,50154.0,0.4628
CIF,1.63,1.63,1.635,1.6258,48749.7704,1.6307
SES,1.03,1.01,1.07,0.9565,9717314.83094,1.0157
WSE,13.62,13.63,13.89,13.48,850036.277391,13.6323
FINV,5.09,5.06,5.15,5.05,829687.334217,5.094
TROW,103.01,102.66,104.105,101.66,2611568.100579,102.9791
IBKR,85.12,83.88,86.03,83.1,3143876.653688,85.0385
VCRB,76.9777,76.87,76.99,76.835,435177.30069,76.9177
CW,751.0,734.22,755.84,722.355,301018.534635,746.2394
FITBI,25.469,25.47,25.47,25.45,16649.7549,25.4626
CAFG,31.1764,31.14,31.1764,30.95,1237.9781,31.0229
ABNB,132.97,134.69,134.93,131.95,3440911.91297,133.4385
LAC,5.48,5.53,5.65,5.32,10644593.319634,5.4629
GLOW,33.3803,33.13,33.3803,33.13,10222.043,33.2177
LMRI,8.05,10.56,10.56,7.995,2579563.739336,8.5343
FELE,97.37,97.66,97.88,96.71,230920.17775,97.2693
HROW,29.825,29.36,30.5,28.5401,1737105.973751,29.577
ALGN,161.75,165.42,165.77,160.875,636447.573272,162.4325
JIVE,92.06,91.63,92.16,91.5089,262562.824276,91.9596
XRPN,10.43,10.44,10.4699,10.42,39547.16011,10.4355
BRW,6.77,6.8,6.8,6.73,221374.6977,6.7734
MGA,62.42,62.25,63.25,61.905,1695176.828943,62.4759
FHB,26.13,26.38,26.485,26.09,1248118.32573,26.2247
SMC,30.35,29.35,30.54,28.9,42295.593805,30.0839
SPAM,34.7817,34.46,34.7817,34.46,3867.1499,34.571
XBP,2.21,2.34,2.5311,2.1,14611.5,2.2569
JRI,13.13,13.13,13.13,13.025,146446.96841,13.1132
BNT,45.15,46.05,46.05,45.15,8979.845924,45.4074
MHO,127.08,126.84,128.34,125.23,174850.710362,126.9234
VMC,274.54,277.89,280.057,272.84,1229147.504283,274.9623
HL,21.05,20.4,21.295,19.79,15390260.658071,20.829
GIB,62.02,62.5,63.24,60.8,700537.235672,61.7998
EQ,2.31,2.29,2.38,2.1512,322452.2246,2.2846
BAND,51.01,49.61,52.45,48.45,856170.30703,51.1667
FIBK,34.11,34.65,34.93,33.83,1709567.045247,34.1227
CLRB,2.94,2.98,3.0,2.87,179089.749595,2.9262
NJR,57.19,56.67,57.31,56.23,565065.23091,56.8939
NOEM,10.44,10.45,10.49,10.44,2687.0,10.4642
MMI,29.46,29.86,29.9756,29.26,251142.02817,29.5395
TRS,39.93,40.9,41.01,39.5116,455384.393,40.0176
MFM,5.47,5.5,5.51,5.45,84771.927,5.4694
AIOS,16.4,16.9,16.9,15.01,26834.662857,15.9824
GT,5.81,5.86,5.88,5.73,8607210.045344,5.8005
FGRU,20.81,18.41,21.07,15.65,114530.352,17.5256
TTAM,15.85,16.04,16.28,15.75,122074.320431,15.9486
FMST,1.77,1.68,1.82,1.66,243153.179775,1.7508
AGRO,13.65,13.23,13.81,12.85,1094112.602101,13.5235
SLDE,18.2,18.49,18.73,17.945,1180583.008148,18.2496
PSO,14.67,14.63,14.7,14.465,685425.711206,14.629
MTD,1025.53,1056.35,1069.0,1023.05,344771.438261,1035.6873
MLI,69.775,69.385,70.155,68.79,978422.3779,69.6296
NEU,690.7,684.77,694.49,680.065,93132.601901,688.3478
IMRN,0.89,0.81,0.98,0.81,96757.0,0.9218
BZFDW,0.0301,0.0456,0.0456,0.0272,219173.0,0.03316
SMPL,11.2,11.19,11.35,11.005,2700492.882646,11.1866
TEO,11.82,11.69,12.24,11.33,534188.301734,11.8312
JBS,14.69,14.09,14.8,13.83,12918362.700408,14.4641
PMO,10.39,10.35,10.43,10.35,30609.8874,10.3943
CONI,39.8,39.35,41.27,38.99,354467.815352,40.0701
CLFD,42.51,45.17,46.25,41.0,409338.998899,42.8195
DFAU,50.96,50.75,51.0599,50.515,495234.262373,50.8439
FMTM,41.52,41.4,41.67,40.79,190060.677725,41.2763
EAI,20.708,20.75,20.77,20.67,6338.392,20.6995
TRNR,6.1593,6.16,6.2811,5.985,8892.941277,6.174
TV,2.87,2.86,2.955,2.83,906192.284691,2.9001
USB,52.74,54.09,54.14,52.595,14646438.667421,53.0455
PANW,227.79,213.04,228.85,210.77,9337732.688501,222.4582
SFLO,31.88,32.15,32.15,31.68,35257.527996,31.8041
LEO,6.37,6.39,6.39,6.325,248865.665221,6.3514
EPC,18.22,19.02,19.15,18.09,1037900.471223,18.3055
BN,45.09,45.59,45.9,45.09,6875345.52272,45.2523
VLRS,7.28,7.29,7.45,7.21,436909.108014,7.346
LMBS,49.89,47.87,50.36,47.87,436838.74133,49.879
KLXE,4.27,3.69,4.5,3.4,887150.271196,4.2469
CAN,0.507,0.4857,0.513,0.479,5800057.131622,0.5009
PSEC,2.25,2.35,2.35,2.25,7946003.231019,2.2862
CHMIpA,21.0801,21.15,21.2411,20.91,8849.1825,21.0776
AROW,35.46,35.56,35.89,35.2,50417.0815,35.4683
MKC.V,45.59,46.65,46.65,44.3001,10746.492843,44.947
PSIG,7.19,7.08,7.4,6.98,40767.0,7.2379
FAAA,50.18,50.19,50.19,50.18,24651.078,50.1835
GMEU,8.76,8.92,9.0999,8.7,219195.5387,8.8879
HFWA,26.19,26.55,26.775,26.16,276278.6676,26.273
BNC,3.06,3.11,3.11,2.94,140717.396287,3.0572
IMMX,10.49,10.69,10.715,10.27,562099.220333,10.5015
AERO,15.23,15.5,15.6699,15.09,80750.283456,15.313
IHRT,5.21,4.92,5.22,4.66,1017129.659613,5.0702
PNI,6.9458,7.0,7.04,6.93,34905.4171,6.9573
AADR,87.36,85.74,87.36,85.74,1361.8149,86.7412
ADAM,8.94,8.9,8.9999,8.81,1223396.403983,8.9219
MSEX,52.03,51.41,52.44,51.05,94588.230078,51.755
SRRK,50.17,48.84,50.35,48.45,1690477.08472,49.9512
MRNY,16.68,17.21,17.27,16.51,119153.247262,16.7633
INBS,3.99,3.5,4.03,3.42,586116.606056,3.7803
ETIp,24.1667,24.12,24.1667,24.12,316.2568,24.1529
RTYY,13.105,12.99,13.105,12.935,2444.9099,13.0288
OMC,74.24,75.5,75.73,73.515,4118958.727837,74.4639
OFS,3.33,3.6,3.65,3.33,103845.966525,3.4778
STNE,9.69,10.102,10.285,9.6601,10896757.192722,9.9689
FLS,66.46,69.54,69.655,66.21,3605880.77935,66.9042
UCAR,1.36,1.37,1.48,1.272,548970.329702,1.3883
SPOG,5.72,5.95,5.95,5.55,72053.178533,5.7083
BB,6.1,6.26,6.3399,6.0001,16065391.614403,6.1677
EVGN,0.76,0.805,0.805,0.75,26446.0,0.7624
SCSC,42.01,43.4,43.8,40.88,470351.2041,41.7837
BCSF,13.42,13.51,13.6667,13.38,296789.707556,13.4931
DFDV,4.65,4.76,4.77,4.44,666246.407979,4.6339
NEA,11.56,11.54,11.5835,11.51,811645.815351,11.5491
COOK,41.72,41.72,43.5,41.72,4478.219837,42.0006
UNP,264.65,265.17,268.59,263.84,1866740.580586,265.0566
TFX,130.04,128.4,131.94,127.35,705688.241516,130.4213
NVX,0.65,0.704,0.704,0.6362,554899.235968,0.6566
MPV,16.89,16.81,16.95,16.61,10194.3247,16.8248
XE,30.99,31.8,31.85,29.45,4674880.009052,30.1997
LSTA,3.28,3.21,3.37,3.21,29068.807697,3.3131
EVR,336.35,338.53,341.47,332.495,391491.152117,336.3695
JPM,300.25,302.27,303.0,300.0709,7709525.63321,301.0214
SMWB,2.85,3.12,3.5399,2.62,2733434.020151,2.8514
ARIS,19.71,20.22,20.22,19.665,1829058.834489,19.7697
PRS,22.86,22.88,22.99,22.8069,25842.795,22.8976
MRSH,159.14,161.61,162.58,158.16,2227210.263197,159.4617
NEEpS,57.78,56.9,57.85,56.9,79379.834,57.3961
PRDO,34.92,35.12,35.5,34.4,515155.899546,34.8538
MNDY,67.7,71.32,71.32,67.1202,2306376.029291,68.5867
BDSX,14.64,15.81,15.81,14.52,53591.835909,14.8228
BTE,4.96,4.93,4.994,4.89,18761108.122852,4.9317
ESE,300.25,301.19,304.76,298.26,262994.814953,301.0353
QEW,28.0346,28.21,28.21,27.83,22835.00485,28.0605
DFIP,42.17,42.18,42.19,42.125,56137.50212,42.156
PAC,244.88,245.36,249.06,242.96,133685.262365,246.1232
MSpK,24.04,24.16,24.19,24.0,59377.8281,24.0746
CHRS,1.705,1.73,1.79,1.6,2407283.739656,1.7195
ASIX,22.37,22.76,23.075,22.23,330233.92001,22.4505
KORE,9.16,9.15,9.17,9.15,16109.293036,9.1621
REZI,30.11,31.77,32.44,29.57,6086636.388437,30.8619
ELMT,16.72,16.77,17.364,16.4,540330.420574,16.767
NXRT,29.16,29.27,29.58,28.91,218085.2089,29.1356
PPT,3.47,3.48,3.49,3.46,126951.52604,3.4751
BRKW,39.609,39.2,39.609,39.16,1733.205891,39.4423
VGUS,75.545,75.54,75.55,75.54,137549.13801,75.5466
NCDL,13.22,13.28,13.565,13.2,306614.731571,13.3858
PPA,169.5,169.45,170.045,166.6595,198430.079147,168.8698
ZVRA,11.12,11.01,11.25,10.86,1019206.846757,11.1031
ACRV,1.92,1.89,1.935,1.87,162325.295317,1.9111
PBA,47.23,46.71,47.26,46.71,896241.119114,47.0698
MFMO,24.1379,23.86,24.29,23.765,18728.542,24.0304
MTBpH,25.19,25.21,25.21,25.16,5369.2104,25.1782
JBND,53.33,53.32,53.36,53.245,582639.973735,53.3201
MFC,39.85,40.05,40.405,39.65,2308625.394002,39.9056
DALI,31.392,30.72,31.392,30.72,578.2248,30.9314
BNRG,2.29,2.32,2.3799,2.18,49962.773359,2.3257
BRCC,1.34,1.28,1.36,1.2612,764598.869322,1.3169
INO,1.34,1.45,1.45,1.305,3505015.683136,1.348
GAP,21.02,21.41,21.49,20.78,6390236.712415,21.0594
WBI,28.96,29.09,29.57,28.305,596133.470391,28.9208
LESL,1.43,1.58,1.63,1.35,1032093.071,1.9244
ECO,54.44,58.03,58.45,54.44,932704.066272,55.5998
FIGG,17.8037,17.82,18.35,16.94,122373.871178,17.8575
LC,15.33,16.12,16.24,15.32,2299261.158567,15.4623
JAGX,3.33,3.25,3.48,3.15,27146.967981,3.3189
STFS,10.28,10.1,10.28,10.02,317525.224511,10.1664
RFL,1.35,1.36,1.4,1.32,117546.0,1.3578
ACTU,2.97,2.89,3.05,2.74,95634.714765,2.941
TXMD,2.02,1.98,2.06,1.9501,24770.62915,2.0067
DUKpA,25.17,25.2,25.2,25.11,69777.0401,25.1457
SI,13.53,13.26,13.66,13.225,43516.829316,13.5131
GENB,16.22,15.6,16.7484,15.3,483689.236478,16.2972
CSB,62.8777,63.21,63.21,62.735,7169.612431,62.87
FERA,10.36,10.36,10.37,10.36,1530.0,10.3647
LALT,24.91,24.999,25.0,24.8301,26960.924917,24.898
MMU,10.2,10.2,10.2,10.14,127161.720607,10.1885
CHYM,17.39,17.82,18.06,17.3034,5151802.539944,17.6117
RCpE,12.99,13.01,13.01,12.8,3623.0556,12.9057
AMSC,55.73,55.81,56.25,53.004,977276.977139,55.1299
MOH,191.97,190.76,194.22,188.55,639273.955069,192.1734
NGG,86.98,86.63,87.19,86.26,2897685.985695,86.7991
HOUR,2.19,2.28,2.28,2.1,72007.913962,2.1702
SUPX,9.65,8.72,10.0,8.39,350414.424602,9.1375
CSL,345.82,346.82,352.9899,344.48,259030.208368,346.6622
PATX,6.33,6.98,6.98,6.08,132665.2112,6.338
GEVG,31.738,32.85,32.87,30.97,62569.749186,31.9868
VVOS,0.7163,0.7355,0.774,0.69,149432.907,0.742
PLTY,33.23,34.01,34.67,32.904,304430.959903,33.3949
SPXC,203.79,198.47,204.41,197.05,500532.974724,202.4179
ASPS,6.56,6.61,6.8,6.52,12468.931,6.6731
TCPA,23.985,24.06,24.07,23.97,15699.0,24.0236
SHLS,9.11,9.0,9.445,8.76,5658696.962294,9.1299
AAT,20.75,21.01,21.06,20.63,352376.697006,20.8368
FR,61.86,62.22,62.495,61.73,745542.368151,61.9946
ABVC,1.07,1.06,1.09,1.0499,96828.400548,1.0665
RSBY,18.45,18.53,18.54,18.42,54103.267575,18.4542
DAO,12.42,12.22,12.6,11.76,78249.648579,12.3925
INBX,117.95,106.51,118.52,104.85,880051.541912,114.7535
BGH,14.19,14.19,14.2,14.1,45756.29,14.1502
OESX,9.435,9.52,9.5599,9.36,15968.499,9.4459
VOD,15.51,15.21,15.575,15.2,3024092.184187,15.446
XRPI,7.94,8.04,8.04,7.8999,134091.736656,7.9886
BBWI,18.74,18.72,18.91,18.06,5171661.607751,18.5528
VLT,10.5,10.49,10.518,10.45,11295.7836,10.4959
BCBP,9.62,9.54,9.68,9.535,68991.0448,9.6101
WBSpF,21.32,21.26,21.34,21.26,3057.0359,21.3142
AXG,3.61,3.58,3.625,3.51,75019.024123,3.5744
VRA,3.36,3.45,3.46,3.3,198103.899695,3.3871
MTRN,211.05,205.49,213.84,204.0,317905.867336,210.456
DSU,9.91,9.93,9.9599,9.9,356136.030795,9.9088
RSI,27.01,27.47,27.73,26.25,1909290.05083,26.8207
SBS,5.87,5.98,6.075,5.84,9397391.862111,5.9207
ALLO,2.33,2.31,2.35,2.22,6459239.206463,2.2958
TCX,14.8,14.83,15.28,14.63,16572.0,14.8677
MNST,85.93,86.0,86.79,85.28,6515346.359215,86.0596
ASAN,5.71,5.87,5.96,5.68,4512773.191215,5.7629
BHFAM,11.54,11.55,11.56,11.51,6591.264,11.5473
SNDX,20.89,20.2,21.16,19.995,1539077.39423,20.8052
BCSS,10.16,10.15,10.16,10.15,60085.0,10.16
CNQ,47.2,46.83,47.28,46.57,5383342.750805,47.0043
ZLAB,20.47,19.2,20.52,18.83,759278.759766,20.1089
YOU,55.54,57.63,57.985,54.68,1398420.742874,55.6894
MATV,8.72,8.51,8.82,8.47,425753.017385,8.7055
BTU,24.05,24.76,24.835,23.77,2594701.072569,24.057
NCA,9.63,9.69,9.7,9.59,37638.869,9.6602
PTY,12.01,12.05,12.09,12.01,1095629.021257,12.0458
FLX,2.54,2.75,2.75,2.53,186002.0,2.6271
SXTP,1.5,1.48,1.52,1.47,42885.299296,1.4851
EL,82.13,84.58,85.11,82.12,2465132.631379,82.7924
CVS,98.11,95.5,98.22,94.3,12552652.50813,97.2043
CAAP,23.85,24.33,25.03,23.0,435731.931383,24.1633
BACpB,24.955,25.0,25.01,24.95,69640.9696,24.9833
CRIS,10.0,10.6,11.4,9.802,29888.595654,10.148
IAE,8.44,8.3,8.45,8.3,70129.5868,8.4154
ZD,40.53,40.24,40.88,39.66,534043.553458,40.3869
KSTR,26.02,25.78,26.135,25.59,542473.061138,26.3855
RLI,47.77,48.08,48.72,47.26,1404442.467645,47.7448
PSA,303.7,310.39,310.39,302.78,929233.436098,305.5231
ANIX,2.9,2.95,2.95,2.87,98811.2445,2.9008
GPOR,179.1,179.2,180.8,175.62,259818.544431,179.1455
GTM,3.96,3.985,4.115,3.85,20553569.614817,3.9637
DCTH,11.61,11.32,11.72,11.01,685897.972847,11.5365
RLJ,8.89,8.85,8.95,8.77,1834924.47324,8.864
TTGT,5.495,5.01,5.59,4.935,684619.514296,5.444
BEAT,1.01,0.93,1.05,0.924799,1624984.083992,1.001
PLOW,44.81,44.82,45.17,44.4001,232034.21349,44.7459
SBR,76.79,77.49,77.9554,76.1801,31708.99335,76.7089
GGG,76.62,76.93,77.32,76.04,1489569.796412,76.5486
OCFC,18.18,18.17,18.36,18.06,705043.1979,18.1645
PNTG,35.59,35.25,35.6,34.0,430899.422246,35.043
PRIFpL,24.575,24.51,24.63,24.51,2112.7341,24.5836
BSJS,21.87,21.78,21.89,21.78,54868.4183,21.8447
LITS,1.18,1.24,1.26,1.155,309679.6795,1.2077
MSGM,5.07,5.16,5.2134,4.9,324942.679632,3.9899
AON,310.9,313.62,315.49,308.51,1672440.733481,311.2656
AKR,21.15,21.5,21.51,21.085,847250.62468,21.2094
FTXG,22.3991,22.38,22.46,22.31,9951.834127,22.3372
BUG,30.5,30.0,30.65,29.84,720704.119242,30.2112
ACNT,13.93,13.76,13.95,13.75,48641.6882,13.8757
EFR,10.49,10.48,10.51,10.47,162202.11382,10.4939
COMP,8.12,8.3,8.355,8.095,11504550.496279,8.1635
BANC,18.41,18.58,18.635,18.355,1827003.8767,18.4495
COHU,49.16,50.28,50.62,48.22,944237.804678,49.225
CNBS,28.2883,28.21,28.6565,27.8,3334.25216,28.2768
ABTC,16.8,17.025,17.475,16.65,668065.103395,16.9575
COFpL,16.6,16.62,16.7285,16.58,50723.229,16.6184
GCBC,24.33,23.72,24.5,23.72,9475.7698,24.2741
LINT,212.41,228.55,228.8799,199.46,259952.811123,215.9888
XELLL,24.3,24.42,24.48,24.29,39268.0,24.3496
IPWR,5.38,5.57,5.7993,5.11,504714.622912,5.4617
PK,10.81,10.95,11.13,10.805,4948560.722442,10.8857
BABU,17.73,14.77,17.95,14.5,242527.309442,16.053
SMBC,67.37,67.69,68.1,66.93,42373.777018,67.3396
MLGO,4.02,4.13,4.1341,3.98,70611.49263,4.0504
AVY,158.74,160.29,162.0,158.28,705936.308241,159.107
ALTG,6.51,6.38,6.72,6.23,347896.599062,6.535
L,104.08,103.92,104.9,103.34,721447.489503,103.9732
ATHM,19.2,18.73,19.43,18.66,434373.173677,19.1973
SNDA,38.78,37.1,39.34,36.4801,674105.03847,38.4314
ABRpF,23.06,23.04,23.3,22.99,6396.3767,23.0893
PGC,41.59,41.67,41.97,41.43,118234.09504,41.6487
BRLS,1.33,1.28,1.35,1.27,24772.56147,1.3212
SSTI,6.14,6.63,6.7,6.14,115078.110296,6.2919
HKD,1.66,1.65,1.715,1.61,287734.488799,1.6547
CSTL,18.15,18.51,18.82,17.81,664496.893286,18.155
VACI.WS,1.0,1.14,1.14,1.0,64555.0,1.031
ZION,59.64,60.75,60.75,59.57,1372849.851903,59.9857
VSTS,11.25,12.49,12.6,10.61,3985055.298917,11.1435
MAIN,51.01,52.4,52.8571,51.0,1224325.592225,51.5926
BACpK,24.85,24.85,24.87,24.8,58718.8624,24.8426
IBCP,33.17,33.49,33.83,32.92,160609.43164,33.1667
OUT,32.04,31.89,32.295,31.48,2366333.516825,31.9843
HBANZ,20.8,20.97,21.03,20.77,5404.081,20.8475
VCIT,82.56,82.47,82.56,82.335,5821639.371626,82.4735
BLRX,3.13,3.12,3.2807,3.07,16038.708147,3.1632
AGNG,35.2748,34.92,35.305,34.92,17503.677,35.1192
RNR,290.01,294.51,299.154,288.06,329410.409624,290.9075
SPSC,49.91,51.23,51.23,49.04,537971.852635,49.9319
MLAB,100.79,102.93,103.66,100.09,135615.942285,101.5842
INDB,76.17,76.55,77.23,76.05,345368.050614,76.4116
LX,2.07,2.05,2.09,2.03,1811310.980707,2.0603
DRAY,17.9243,17.66,18.18,17.32,2336.549959,17.8441
PBOG,32.9315,32.83,32.94,32.705,38714.969469,32.8398
WVVIP,2.76,2.76,2.76,2.76,164.4829,2.7607
NUW,14.02,13.96,14.1,13.96,81463.24,14.0262
SPRU,3.3,3.05,3.5234,3.05,64556.090059,3.3475
RDY,12.99,12.88,13.0,12.74,6598462.457086,12.9054
CGABL,16.88,16.95,16.95,16.87,2741.059,16.9042
NDMO,10.36,10.34,10.37,10.27,101904.9331,10.3266
GNT,8.43,8.45,8.5312,8.38,37301.943163,8.4481
MDXH,1.95,1.87,2.11,1.8666,2192479.740418,1.1204
SPGpJ,54.2,54.2,54.2,54.2,204.3408,54.2419
PRT,2.71,2.68,2.7399,2.66,68702.3232,2.6994
IONX,65.02,66.14,67.12,59.43272,1663598.617709,64.6803
WTIU,16.79,17.12,17.12,16.36,40783.5961,16.6057
LDI,1.21,1.24,1.25,1.2,1804812.758209,1.2233
EMET,48.05,47.6,48.14,47.4673,8626.080942,47.948
FLYD,64.732,64.91,66.49,64.54,3976.907887,64.9669
LNTH,96.46,96.28,98.27,95.495,1008602.846686,96.6542
TXXS,72.619,73.8,75.9,69.2,4989.499273,72.459
ESGU,161.47,160.65,161.78,160.02,418337.293949,161.3266
TLK,16.95,16.92,17.1325,16.82,545672.669335,16.989
LW,41.54,41.15,41.835,40.65,1599561.744565,41.4326
IZEA,3.87,4.22,4.22,3.74,122293.516955,3.9516
VIVO,4.23,3.27,4.47,3.1717,5453300.588375,3.9642
SEMG,26.5602,26.37,26.6051,26.33,6506.248,26.514
TXG,21.07,20.74,21.11,20.4,2106298.172345,20.8562
COLD,14.91,14.7,14.965,14.625,4098582.425428,14.799
GP,1.09,1.09,1.13,1.0704,115808.906843,1.0956
UAN,130.55,133.9,133.9,129.0651,48393.274134,130.5116
OPY,94.34,94.97,95.57,93.0,46974.188275,94.2045
RGA,207.97,209.39,210.99,205.975,281874.593817,207.7534
RNST,39.07,39.44,39.72,39.055,867507.04291,39.2475
EFC,13.41,13.4,13.465,13.34,950305.068757,13.4093
HRTG,22.02,22.84,23.27,21.93,836080.654631,22.2118
HGBL,1.19,1.21,1.21,1.17,228517.991667,1.1923
GPMT,1.33,1.34,1.345,1.3,143000.377498,1.3236
BLND,1.46,1.44,1.485,1.395,4822989.830105,1.4443
HHH,64.21,63.72,64.22,63.2,330233.820464,63.8941
ARTL,2.31,2.4,2.4,2.3,59672.257309,2.3381
VIGI,92.85,92.55,92.8899,92.4701,240759.277891,92.7182
RSF,14.67,14.74,14.74,14.66,13013.3307,14.6795
BBDC,8.61,8.65,8.71,8.6,510973.645245,8.6464
GNW,9.14,9.07,9.17,8.98,3274233.010669,9.0992
BME,39.55,39.34,39.84,39.32,75065.165479,39.5762
GRNQ,1.64,1.55,1.74,1.55,20915.118878,1.6602
STLA,7.6,7.31,7.65,7.24,19577252.002934,7.5414
FCNCP,20.9781,20.87,21.2,20.84,6905.5581,20.919
BALY,12.31,11.92,12.415,11.71,33139.153298,12.2225
MO,71.54,70.29,71.61,69.9,8313066.823448,71.2242
NB,5.95,6.04,6.1,5.83,3017746.290287,5.9603
RING,83.6,83.59,84.44,82.7,164425.078018,83.6007
DLR,193.31,194.93,194.99,190.64,2075738.634885,193.4226
PI,147.74,151.17,153.28,146.07,399074.110401,149.2336
FMUB,50.95,51.0,51.01,50.94,27945.778,50.9727
TIC,8.94,9.26,9.31,8.925,1905106.72206,9.0434
STZ,140.52,141.8,143.73,139.1,2227950.679829,140.3997
IPST,5.8,4.99,5.93,4.7601,162375.5135,6.0304
JGH,12.67,12.7,12.89,12.5801,65551.0371,12.7101
NNN,43.96,44.32,44.53,43.68,2543542.959286,44.0582
TDG,1201.4,1182.58,1204.44,1167.83,333242.421338,1195.3632
LPTH,12.12,12.4,12.45,11.7401,1947610.197147,12.1619
KVYO,14.24,14.27,14.58,13.53,9019800.130302,14.1594
APPN,18.72,19.94,20.05,18.68,1133839.943767,19.0708
OMCL,43.17,43.36,43.78,42.725,740360.671168,43.2661
RVMDW,5.5,5.3,5.6199,5.02,50507.0,5.3135
BVS,10.4,10.15,10.5,10.08,379733.684714,10.3607
APO,131.6,131.11,133.22,129.0,2666167.580545,131.7903
TRTNpF,24.45,24.5,24.77,24.45,4904.0,24.5512
TSSI,11.58,11.66,11.97,11.26,1273487.356931,11.652
FTK,18.72,17.0,18.845,16.995,370135.348798,18.2305
KBSX,1.29,1.23,1.29,1.23,3886.0,1.259
NCV,17.33,17.2,17.39,17.17,106748.27279,17.2699
GRPN,18.38,17.35,18.915,16.78,2491795.504226,18.186
RM,34.14,33.91,34.2,33.3301,62090.034,33.9216
CXW,20.6,19.38,20.68,19.31,1079979.684911,20.2154
AAPD,11.84,12.04,12.045,11.7547,10883790.06358,11.8759
COIA,13.56,13.72,13.74,13.02,13239.256989,13.562
WFG,60.97,60.89,61.58,60.485,164213.547222,60.9853
NAKA,6.792,7.024,7.024,6.68,108584.745245,6.828
NATL,44.72,44.62,44.81,43.71,2208155.802359,44.5448
SSL,13.19,13.45,13.45,13.085,2022859.198858,13.2412
PM,187.91,187.49,189.64,185.39,4887340.96629,188.0971
BEPJ,24.96,24.92,25.0999,24.9,202628.0,25.0924
FSK,10.72,10.71,10.865,10.65,4969420.035717,10.728
KO,80.26,79.865,81.03,79.84,12356954.768177,80.2803
WBX,2.8,2.77,2.9389,2.718,4778.363072,2.8188
VATE,11.76,12.53,12.53,11.53,44933.6988,12.0924
AGMpH,24.0099,24.2,24.2,23.95,12181.0,24.0182
MAAS,9.9,9.0,10.2999,9.0,28843.614793,9.6234
WIA,8.17,8.15,8.1899,8.15,19508.7639,8.1653
MDLZ,61.52,61.27,61.92,60.78,10031992.952722,61.3514
IBRN,36.0164,36.03,36.03,35.8,550.8225,36.3978
ATRA,10.48,9.22,10.58,9.0829,746706.277822,9.8256
USPH,60.14,59.94,61.52,59.571,350938.918243,60.5301
FUL,59.35,60.31,61.0,59.1801,480810.575517,59.5451
BEP,34.47,34.04,34.66,33.62,593554.037133,34.3659
PYZ,132.1881,131.54,132.63,130.79,4060.8884,131.8142
CCK,100.21,100.23,101.305,99.67,1143842.807385,100.3907
ALZN,1.04,1.0,1.06,1.0,18810.0,1.0367
LNCpD,26.61,26.58,26.7,26.58,29238.7433,26.6361
LOAN,4.18,4.23,4.27,4.16,30224.631,4.2108
CVCO,462.63,471.98,472.3299,453.175,126037.40471,462.2735
DOGZ,1.13,1.1,1.145,1.1,12388.146804,1.121
JSML,85.12,84.86,85.29,84.385,11814.8101,84.7708
KNOP,10.78,11.0,11.06,10.6897,53268.603638,10.7865
AOMR,8.52,8.54,8.62,8.49,116245.889596,8.5495
PHM,112.97,113.59,114.35,111.51,2450328.169824,112.7369
CCC,4.22,4.45,4.48,4.08,17072420.416477,4.2194
FEMR,41.16,40.86,41.31,40.6999,22951.521196,41.0992
GOAI,3.56,3.67,3.67,3.555,27225.655747,3.613
LB,67.36,68.25,68.52,65.23,265995.296745,66.8973
VEL,17.36,17.24,17.46,17.14,79611.569284,17.3216
PHO,65.35,66.09,66.09,65.02,99402.294188,65.4496
FLYE,1.8001,1.91,1.91,1.8,7656.0,1.8151
BTQ,3.14,3.16,3.24,3.06,1414417.050542,3.1508
EAT,126.36,135.19,135.775,126.3,1668867.430035,128.0556
DBRGpH,16.09,16.32,16.3353,16.085,10154.8933,16.1573
GTEK,55.19,54.52,55.29,53.9502,25975.2956,55.0412
STT,151.58,150.48,152.36,149.44,2257581.265724,151.1907
MAN,26.08,27.33,27.33,25.19,1777001.6513,25.8858
LWAY,27.25,25.51,27.49,25.5,94233.174356,26.8361
XPOF,5.1,5.1,5.36,4.94,660614.432555,5.1235
SBAC,207.66,212.805,213.35,199.905,1417311.365882,206.1629
BGR,16.29,16.26,16.34,16.19,47594.774331,16.2616
NVII,29.28,29.13,29.413,28.91,98836.954762,29.2437
IDYA,28.9,28.065,28.9723,27.75,978503.994018,28.6477
AGNCM,24.88,24.96,25.03,24.84,23016.1364,24.9365
FMC,12.73,13.05,13.09,12.66,2858252.04775,12.769
TALKW,0.0023,0.0017,0.0025,0.0017,7400.0,0.002454
NTIC,8.0,8.05,8.05,7.99,13519.194738,8.0084
WERN,34.58,34.14,34.805,34.12,691811.770754,34.5038
TAC,12.73,12.59,12.83,12.5,659980.275341,12.6859
AEHR,103.25,102.35,106.4,92.7464,3249621.89084,99.8006
USBpH,19.15,19.1,19.2,19.06,68050.7151,19.1516
JHI,13.23,13.25,13.25,13.17,19594.8878,13.2028
CELU,0.7866,0.78495,0.8191,0.7111,295808.293248,0.7816
ENLT,92.11,91.45,93.13,89.89,103133.223681,91.7508
AGNCN,25.73,25.67,25.73,25.67,13705.9682,25.6855
AIFD,51.0552,50.95,51.29,50.07,24273.934723,50.8224
BFH,83.39,84.28,84.66,82.69,434858.473655,83.4355
PMAR,47.31,47.3,47.3784,47.2301,24579.50943,47.3154
BURL,286.26,285.3,287.14,280.57,839702.449669,285.0645
TFPM,35.58,34.99,36.12,34.68,601563.579332,35.6376
SPT,6.31,6.45,6.52,6.06,2248619.323815,6.2126
QQA,56.91,56.82,57.06,56.45,79331.63649,56.7735
AWI,158.04,158.53,159.095,156.49,396145.82349,157.7234
ACRS,5.09,4.83,5.09,4.8,2245790.805562,5.0079
WOR,54.66,53.93,54.78,53.3,185141.9048,54.2928
HSY,195.67,191.41,196.58,190.35,3303226.857658,194.8284
NEEpT,52.73,52.2,53.01,52.2,16205.505,52.6866
WIT,1.82,1.85,1.85,1.8,21176359.686389,1.8212
LQDT,33.17,33.28,33.7,32.84,212210.352436,33.174
CFGpH,26.3099,26.32,26.32,26.21,16105.6498,26.2772
TPB,89.8,93.02,94.195,89.5,413522.967467,91.2104
CIM,13.32,13.4,13.445,13.285,446032.882861,13.3439
WDI,13.63,13.66,13.69,13.56,127857.2396,13.6307
BLZE,7.37,7.0,7.49,6.725,1514376.346174,7.2343
VABS,24.19,24.19,24.19,24.19,1404.6495,24.1908
DIBS,4.55,4.7,4.87,4.51,320382.021135,4.6693
FIX,2034.63,2039.04,2050.0,1960.0,313584.898987,2025.2194
OUST,34.17,28.765,34.9,27.8,14689837.479933,31.7081
WTID,4.86,4.91,5.065,4.86,51047.777096,4.9888
SSYS,8.56,8.65,8.8,8.46,1637634.317562,8.6053
RYTM,93.72,90.81,97.42,90.81,1166068.425617,95.0458
SRZN,30.14,30.71,31.75,30.0,68405.176,30.6944
RFpF,25.77,25.75,25.82,25.73,6546.0,25.7768
HLT,311.41,312.88,315.39,308.76,1844593.698769,311.3477
HMC,24.37,24.12,24.52,24.12,1978797.240093,24.4053
TRU,66.57,68.26,69.735,66.495,2413320.495687,66.9816
REX,48.66,49.51,49.9145,47.97,171223.299277,48.6036
TMHC,56.78,57.75,58.1,56.68,1261410.525874,56.9423
VRTS,141.24,139.54,141.94,137.94,74012.935844,140.6823
YBMN,15.4932,15.78,15.78,15.4932,3694.694411,15.7054
WHR,41.77,40.67,42.0717,40.51,2877072.882735,41.478
OWNS,17.33,17.31,17.33,17.2899,12446.442193,17.3116
GDDY,85.38,84.73,85.58,81.08,2652408.529215,84.2325
LADR,10.03,10.02,10.0796,10.0,707400.592631,10.0376
PDS,92.94,93.16,93.72,91.82,76745.391934,92.8616
HGTY,10.28,10.02,10.29,9.88,161948.577672,10.1174
ZWS,48.83,49.49,49.785,48.77,669559.690186,49.0225
COR,255.68,259.92,262.67,255.47,2716154.633483,257.8943
FDTX,50.1675,49.71,50.3299,49.01,34865.085636,49.9481
NEWT,12.84,12.97,13.07,12.77,146417.934602,12.8786
ETHB,29.0,29.31,29.3407,28.715,236151.035458,29.0318
BBDO,3.16,3.23,3.28,3.12,148398.27032,3.1731
PKE,34.16,33.74,34.24,32.69,224989.110844,33.8083
ONCHU,10.3,10.31,10.33,10.275,33078.0,10.2988
AVNW,15.35,15.35,15.71,14.62,259500.989728,15.1535
MCHB,14.26,14.35,14.48,14.25,446394.269609,14.3178
NUCL,10.69,10.42,11.2,10.1819,387676.114799,10.6946
CMSD,23.56,23.6,23.6,23.5409,21473.676,23.5589
PSApQ,15.485,15.44,15.4974,15.43,8314.6336,15.4592
HBB,17.78,18.36,18.67,17.5,19812.707983,17.8784
NTWK,4.44,4.43,4.47,4.25,110530.152267,4.3568
IYC,101.32,100.88,101.5,100.6,63932.5833,101.2447
CHI,12.57,12.51,12.605,12.34,138394.503524,12.5
GENVR,0.72,0.7525,0.82,0.5501,43989.473111,0.7247
JPMpD,24.25,24.3,24.34,24.24,92883.3346,24.277
CTBI,64.52,64.5,64.97,64.015,64404.82981,64.482
BSY,31.25,32.07,32.4081,30.52,3419656.699519,31.2999
GL,152.99,154.33,154.68,151.25,517071.081727,152.7026
FSBC,40.6,40.42,40.9,40.2,76837.821294,40.5074
KC,17.92,15.63,18.52,15.63,4399543.645113,17.9157
WDNA,17.9339,17.73,17.96,17.73,468.3613,17.8621
KRC,34.44,34.59,34.66,34.23,1678629.209812,34.452
LTRYW,0.00905,0.01,0.01,0.009,44736.0,0.009719
VNOpN,17.75,17.8,17.8,17.64,7699.753,17.783
INFQ,13.29,13.31,13.75,13.015,9067686.961971,13.4072
CSAI,0.5305,0.5523,0.5827,0.525,306932.302078,0.5411
MQQQ,234.1233,230.97,235.44,228.59,69423.394752,233.9814
TE.WS,0.14,0.1401,0.1493,0.0939,21412.0,0.1223
PAXS,14.05,14.14,14.18,14.0,289934.7879,14.088
CFA,94.6877,94.81,94.8101,94.44,4804.971698,94.6215
ASMB,31.72,30.58,31.94,30.31,66459.592564,31.4194
BCO,104.58,101.97,104.78,99.09,1031321.744591,103.2085
MTBpJ,26.76,26.73,26.85,26.7,38507.8838,26.7473
ACHR.WS,0.2781,0.251,0.29,0.251,239517.0,0.2775
SHAZ,55.03,52.0,56.17,51.5,371109.131839,54.3873
WCBR,29.15,28.72,29.26,28.52,19844.346199,28.8427
MDIA,0.9319,0.94,0.9499,0.9112,21097.991726,0.9313
CVX,186.0,185.81,186.01,183.96,7554713.125453,185.4028
PXLW,5.97,5.93,6.1,5.815,146930.571786,5.9934
GLSI,25.3,24.9,26.95,24.83,182207.753627,25.5372
CHMG,66.38,65.0,66.49,65.0,43592.848621,65.6624
XPRO,15.66,15.66,15.75,15.45,919913.54809,15.6422
NGVT,71.26,71.98,72.205,71.095,229610.05437,71.467
SD,14.88,14.97,15.0,14.69,243574.941,14.8452
PRTH,5.81,6.17,6.27,5.69,356998.93147,5.8599
AGO,75.14,76.31,76.53,74.96,642673.492023,75.3619
MYGN,3.73,4.07,4.07,3.73,1989912.177325,3.8148
BSCU,16.72,16.71,16.72,16.68,464412.2168,16.7031
CLSM,27.035,26.86,27.08,26.85,17617.2675,27.0063
IVR,8.18,8.15,8.21,8.1,1583392.422087,8.1666
HDB,23.88,23.79,24.11,23.75,11568316.907238,23.9282
AIFF,1.8,1.87,1.87,1.79,176891.687521,1.8244
YALA,6.73,6.91,6.95,6.73,214072.932849,6.8006
LBRT,33.48,33.68,33.935,32.89,4161285.971809,33.4783
DOUG,1.72,1.75,1.8,1.67,453591.261717,1.7241
EMB,95.54,95.53,95.66,95.435,8683056.966183,95.5169
RCMT,29.01,29.66,30.22,28.6091,69869.296051,29.1199
GLOO,5.99,5.9,6.2999,5.9,49161.075514,6.0328
DHR,165.99,166.29,167.6202,163.32,6527021.1162,165.4711
QUAD,7.29,7.36,7.3899,7.255,155527.812912,7.3077
KREF,6.45,6.35,6.45,6.275,943344.36223,6.402
CIG,2.27,2.32,2.34,2.26,9141647.331337,2.2958
MGRT,142.2,130.11,145.54,130.11,11336.699415,140.399
WNEB,13.24,13.26,13.32,13.18,44973.4705,13.2272
CUBI,72.62,73.54,73.54,72.1,439047.953297,72.6682
SCHWpD,24.86,24.95,24.99,24.85,64994.4005,24.9095
TBRG,25.84,25.89,25.89,25.84,108609.796965,25.8512
VRAI,27.6226,27.97,27.97,27.6226,1025.039471,27.8748
KITT,1.99,2.0,2.13,1.935,687562.93548,2.0269
SFBS,75.49,76.56,76.87,75.41,227512.23857,75.7215
CNX,35.41,35.6,35.8,35.1,1574904.615338,35.3742
ALLpH,20.585,20.61,20.63,20.45,61658.3305,20.5419
AARD,6.59,6.1,6.65,5.96,172671.251824,6.4033
GOCO,0.8653,0.8495,0.91,0.8413,51323.67792,0.8608
BRK.A,727500.05,723255.0,730000.0,723000.0,136.005521,726906.8998
ECCC,24.49,23.96,24.49,23.92,26976.0,24.1127
BRBR,9.25,9.4,9.51,9.0,5602289.56462,9.2224
FFA,22.57,22.45,22.67,22.35,25331.579602,22.528
DBI,6.39,6.27,6.43,6.115,643086.712236,6.3356
JMIA,7.69,7.9,8.36,7.67,3546764.974215,7.9476
MCHPP,81.86,83.66,83.66,81.565,16906.9755,82.2439
PSQH,0.6385,0.718,0.7351,0.6312,858406.724742,0.6655
RYZ,26.26,24.31,26.42,24.21,485230.888748,25.9619
DSM,6.16,6.14,6.16,6.1068,62955.7163,6.1365
NMM,71.28,74.31,74.64,71.02,153700.917527,71.9733
CII,25.01,25.05,25.2,24.7877,91845.437767,24.9735
CIMpA,21.615,21.53,21.7,21.31,7876.4778,21.5203
SUNS,7.35,7.35,7.45,7.3359,91297.484575,7.3755
TSMU,67.9867,67.69,69.56,65.041,75005.437908,67.6296
OI,8.98,8.92,9.055,8.75,1996000.724005,8.8969
BCDA,1.07,1.13,1.14,1.07,152890.0,1.0967
CNXC,23.25,22.56,23.48,22.05,1565553.372688,22.9166
PEGA,32.72,33.94,34.21,32.53,2387536.642862,32.8941
PTGX,103.88,99.58,104.195,98.22,518200.074915,102.519
GLUE,18.96,18.84,19.08,18.62,740098.587689,18.9186
NICM,6.63,6.53,6.7,6.4,44899.916383,6.5479
GIC,28.59,29.09,29.39,28.02,142432.041043,28.4727
ATAI,4.24,4.14,4.31,4.09,4233363.69703,4.2153
GHG,1.18,1.1701,1.19,1.15,34971.132732,1.1654
NKSH,35.18,34.35,36.99,34.32,35977.03248,34.8885
AMOD,8.68,8.668,9.008,8.42,9837.394101,8.724
OMDA,16.04,14.73,16.23,14.5,3172154.048022,15.7314
LNKS,1.35,1.358,1.41,1.35,920508.259276,1.7733
PAYC,134.9,136.05,138.61,132.34,1192187.602117,135.1849
BSX,53.06,53.27,54.29,52.81,17994229.741612,53.3977
MBOT,2.17,2.16,2.22,2.14,1478083.004415,2.1877
QSR,76.44,78.23,79.48,76.15,4446716.971842,76.9178
ILLR,2.38,2.178,2.426,2.015,33079.082736,2.215
MAC,21.97,22.33,22.39,21.86,8465097.459649,22.0062
BCX,12.49,12.48,12.61,12.42,366920.106896,12.4881
TNXT,26.8345,26.65,26.88,26.65,586.074,26.7555
AAMI,70.22,70.43,71.295,69.88,506129.08,70.3744
TOP,0.8345,0.7591,0.8345,0.74,46359.88915,0.7768
NGS,41.8,42.73,42.73,40.715,132809.347078,41.4736
CTAS,163.55,164.17,165.64,161.16,1873449.871884,163.0187
SRTA,5.43,5.41,5.515,5.3,1144724.347258,5.4299
SPB,79.48,80.16,80.97,78.29,432029.885509,79.3494
PIZ,58.6604,58.13,58.75,57.88,48456.95759,58.3724
MTN,120.38,123.27,125.11,119.9,1084149.581193,120.9455
PH,882.37,877.85,886.97,877.07,675249.603692,882.529
MRKR,1.43,1.44,1.46,1.4,53260.044424,1.4226
DSL,10.96,11.04,11.0499,10.96,561731.697757,11.0151
VOLT,40.48,40.88,40.89,40.01,521572.221619,40.5582
ALBT,0.3195,0.3813,0.4198,0.21,1863717.810959,0.3346
TT,471.02,469.95,475.1499,466.0,1481270.927089,471.3408
DPG,14.41,14.52,14.5533,14.32,293534.984772,14.3714
ELF,53.74,55.67,56.45,52.7828,4699448.077548,54.0378
GRIN,31.995,31.81,31.995,31.81,29953.968736,31.9404
INTA,21.49,22.73,23.4,20.85,1450438.940127,21.4777
SNGX,0.3628,0.3194,0.37,0.3182,1687110.889744,0.3514
OTEX,22.83,23.7,23.79,22.39,4155932.235666,22.8505
WGO,29.22,29.3,30.15,29.0,387364.355508,29.2979
WFCpC,17.425,17.48,17.48,17.38,73708.3756,17.4341
NBR,101.35,102.12,102.12,99.32,313116.542227,100.8836
RBBN,2.6,2.53,2.63,2.53,530502.954807,2.5914
LANV,1.64,1.68,1.68,1.59,8488.0,1.6383
POWW,1.92,1.96,1.96,1.905,408503.758908,1.9239
PALU,24.33,21.19,24.541,20.92,85094.192775,23.0579
NWTG,1.11,1.17,1.17,1.1,30008.0,1.1217
NMAX,6.81,6.45,6.91,6.42,1418383.548311,6.7511
IMA,5.77,5.61,5.845,5.2,276801.8952,5.5936
TBI,5.81,5.49,6.03,5.21,571263.86545,5.7604
MUC,10.81,10.8,10.85,10.78,306188.7665,10.8035
DVN,46.9,46.6,47.03,45.99,14414368.06157,46.6789
KEP,13.78,13.78,13.95,13.64,1064427.892236,13.8073
HYFM,1.02,1.0,1.07,1.0,31103.724047,1.0533
TNDM,14.11,14.41,14.8325,13.945,2640166.042557,14.3091
NREFpA,23.1599,22.95,23.1599,22.86,2163.9472,23.0981
USFD,85.16,83.56,85.48,83.56,3125050.177626,84.8928
GBX,49.75,50.02,50.67,49.5,210267.205565,49.8202
XLKI,27.325,27.37,27.3799,27.21,7190.0996,27.3126
BLDR,72.32,72.1,72.62,70.61,2779753.085172,71.7758
PCQ,8.74,8.84,8.85,8.73,151249.3875,8.7701
PAM,79.95,82.3,82.3,79.185,200477.67469,80.2269
NEXT,8.54,8.5,8.85,8.4,3669870.348457,8.5907
WHG,16.15,15.99,16.19,15.82,12008.974,16.0055
ASMG,43.8579,41.79,44.9993,40.67,155570.971415,43.031
KMT,35.08,36.15,36.33,35.02,2098195.394106,35.4008
NTRSO,19.2,19.21,19.21,19.15,10712.931,19.1752
AACG,1.19,1.17,1.2,1.12,8796.0,1.1683
VUZI,3.02,2.9,3.06,2.8001,1454798.773239,2.9825
BHK,9.04,9.06,9.0894,9.02,365125.497209,9.0493
ICLN,21.88,21.84,22.1,21.435,8182156.202618,21.9356
KVUE,17.19,17.24,17.365,17.11,31132959.037888,17.1956
TCBIO,21.12,21.05,21.3799,21.0201,13703.0306,21.154
WISE,40.0413,39.21,40.12,39.04,2968.095928,39.7016
LIMN,0.185,0.1897,0.1937,0.185,641878.861432,0.1908
EQS,1.355,1.4,1.4,1.355,5224.083459,1.3616
CRCT,3.94,4.23,4.25,3.925,583429.712606,4.0476
TEAM,80.62,84.44,84.89,80.2,6261521.680219,81.2251
BSJV,26.295,26.29,26.32,26.19,13396.8935,26.2702
AGL,72.01,68.3,74.69,67.1062,542734.201185,71.7353
GPRE,16.81,16.8,16.85,16.26,860073.513338,16.685
VPLS,77.35,77.28,77.37,77.21,136692.886356,77.2988
RENT,4.17,4.37,4.37,3.7,321872.665925,4.0307
PCRX,23.04,22.71,23.29,22.43,407184.469341,22.9613
PRU,102.38,102.03,103.39,101.7,2191521.845901,102.5688
NVGS,23.27,23.54,23.54,22.86,438656.570595,23.1211
CPNX,14.48,13.95,14.93,13.95,11547.05,14.4677
RFI,11.41,11.55,11.55,11.4,90483.6847,11.4607
SBGI,14.04,13.9,14.12,13.77,359370.038252,13.9911
DTG,17.15,17.18,17.23,17.12,57090.301,17.1666
MEC,25.65,26.73,26.73,25.2,574384.478138,25.5938
TJX,147.03,149.18,149.8,146.14,6416530.094505,147.2848
TSLX,17.35,17.51,17.655,17.27,1033916.669125,17.3878
GV,0.29,0.263,0.3,0.2367,3501349.629191,0.2743
GOLD,41.3,42.16,42.3,41.28,656450.364307,41.6368
CLOV,3.55,3.26,3.645,3.2528,13665849.194485,3.5195
LBRDA,33.31,34.25,34.25,32.98,391020.495029,33.3311
VCEL,32.84,32.57,33.45,32.01,730437.38891,32.8273
AQMS,5.01,4.99,5.2014,4.7301,71874.541101,5.0455
MMT,4.54,4.57,4.57,4.53,81754.1787,4.5491
MQ,15.52,15.72,15.84,15.12,1026523.76999,15.3688
STC,66.5,66.25,67.04,65.4401,212222.612318,66.3646
ACR,20.82,20.89,21.7,20.8,19180.676405,21.2847
BRTX,0.186,0.19,0.2,0.175,1381058.047195,0.1879
PGR,195.96,196.64,200.58,195.69,2559842.645156,197.2722
BXC,48.68,48.26,49.01,46.895,152947.139255,48.2081
ACP,5.37,5.36,5.39,5.33,601272.241477,5.3629
TS,63.6,63.26,63.99,63.17,1374804.012212,63.634
GTY,32.5,32.95,33.0699,32.32,312980.291466,32.5814
UTF,27.0,27.22,27.24,26.9,258521.02902,27.056
VTWG,269.6975,269.75,271.0,266.78,8201.904088,269.0757
FRD,21.79,21.52,22.515,20.49,57769.7254,21.8186
AAME,2.33,2.3,2.47,2.3,7700.4866,2.3675
MCHI,59.79,58.07,59.93,58.045,5579463.332963,59.5381
JPEF,80.3296,79.78,80.5291,79.595,181183.405163,80.3365
SFD,25.23,25.42,25.42,24.633,1714673.803463,25.1148
ATR,117.88,118.0,118.75,116.425,679534.743687,117.6135
CAPS,0.3131,0.342,0.342,0.3,381959.7948,0.3196
CTVA,83.35,82.75,83.42,82.1,3076397.67952,82.9924
TFINp,22.06,22.06,22.06,22.06,121.7861,22.0604
ADCT,3.48,3.4,3.49,3.39,1048156.656368,3.4513
LFWD,6.63,6.45,6.63,6.34,10526.348711,6.43
EPD,38.29,38.15,38.62,37.98,3166502.52303,38.1948
INGN,6.81,6.64,6.92,6.57,292365.946051,6.8034
LNZA,18.24,20.61,21.74,18.24,41609.766209,19.3049
ABBV,208.5,206.86,209.53,204.3,5705668.997629,207.7844
CFG,60.43,61.79,62.36,60.35,3258352.679331,60.7937
AWR,77.53,77.2,77.69,76.61,257434.7025,77.3606
HOFT,12.6,12.55,12.99,12.355,23668.2604,12.5796
SXC,7.78,7.68,7.83,7.55,3091756.72111,7.7382
BWMX,16.45,16.3,16.49,16.1,87670.929941,16.3346
RETO,2.5184,2.48,2.5708,2.48,10707.5,2.492
ALGT,75.21,76.2,77.3325,75.2,763745.916325,75.7545
CWAN,24.34,24.36,24.37,24.32,2728814.889856,24.3393
VEEV,155.73,157.29,158.9199,153.615,2154534.559521,155.9005
TRTNpC,24.89,24.87,25.0499,24.8,4945.8966,24.9109
FLD,1.41,1.32,1.5,1.32,163524.541908,1.4435
PPSI,4.22,4.17,4.39,4.0,228364.95195,4.2459
ANEL,15.56,16.58,17.0851,15.53,718520.48428,16.3622
DRI,192.81,198.21,198.44,190.13,1381569.726093,192.331
MWA,25.44,25.34,25.52,25.1,997488.613122,25.3747
ONON,35.39,33.78,35.94,33.56,15484886.012547,35.0849
SYY,73.19,72.67,73.6609,72.6,3219539.640119,73.1603
CURV,1.41,1.48,1.485,1.4,186502.93765,1.4293
GLOPpC,25.6,25.6,25.6,25.6,1668.61,25.6005
UVV,53.8,53.69,54.5,53.57,168166.250098,53.8468
PRN,245.569,244.81,246.42,240.18,23022.240529,242.7568
JBLU,4.7,4.72,4.755,4.655,13921278.887888,4.6991
ECC,4.09,4.08,4.12,4.02,813322.274531,4.075
MDGL,518.87,510.44,523.57,506.025,374901.050283,515.7662
BWXT,206.83,206.9,209.66,201.1501,1040100.582252,207.0004
MTBpK,25.035,25.05,25.05,24.9901,112727.0,25.0206
LEDS,2.31,2.5,2.61,2.24,94421.852855,2.455
GEHC,61.89,61.68,62.34,61.01,4169659.792554,61.9121
RMD,202.37,202.02,203.24,200.77,989348.338178,202.4224
CBT,82.9,84.8,85.5099,82.305,354862.655683,83.1345
GOOS,10.68,10.87,10.97,10.59,660509.080555,10.7451
VSCO,45.19,45.62,46.09,44.11,2360291.331513,45.2075
USAX,32.07,31.0,34.1284,29.47,173048.307833,32.4262
USA,5.76,5.75,5.77,5.71,937144.350543,5.7525
MEDP,423.76,418.25,424.57,413.0,473996.960809,419.5974
AMAL,40.01,40.76,41.18,39.99,124411.7199,40.2297
CVLT,99.81,100.55,101.115,97.14,849462.825769,98.8872
TDOC,6.79,6.66,6.865,6.55,3559728.837016,6.7685
AIOT,3.29,3.2,3.31,3.165,1206994.639031,3.2396
EHI,6.06,6.06,6.08,6.05,59486.06,6.0608
SIRI,26.36,26.15,26.67,26.1,3612256.711364,26.4357
AKO.B,26.99,27.93,28.5,26.99,6719.351671,27.7736
PCYO,11.14,11.05,11.5578,10.94,34757.251126,11.1413
CATY,55.82,56.12,56.63,55.655,455407.122759,55.9809
BAI,48.42,48.04,48.68,47.0401,2643324.230289,48.2174
IDA,142.3,143.26,143.26,140.46,660492.486077,142.0421
FGSN,21.9,21.88,22.0,21.83,20065.0,21.8807
SBI,7.8,7.76,7.84,7.76,40230.88481,7.8195
LUMN,9.4,8.76,9.4793,8.72,18255580.798308,9.3146
DSP,10.48,10.68,10.68,9.5,506838.447204,10.1292
CHSCO,26.35,26.26,26.35,26.26,8455.5149,26.3319
LUXE,7.86,8.1,8.1,7.77,371150.433318,7.8864
BMO,150.23,151.56,152.93,149.07,2557351.600334,150.4161
CRD.A,10.01,9.8,10.06,9.8,135719.472319,9.9835
ALC,63.44,62.96,63.675,62.76,1496886.495855,63.3159
COGT,34.29,33.99,34.55,33.55,1182281.881759,34.1586
ZH,3.24,3.18,3.29,3.16,205926.879522,3.2304
ACGLN,16.79,17.08,17.08,16.78,33240.891,16.8948
INBK,23.94,24.31,24.9,23.85,49227.134337,24.079
BE,289.76,285.72,297.87,270.05,9073786.329218,288.3469
TJGC,6.42,6.09,6.48,5.9973,734069.151978,6.2118
GHC,1112.07,1110.09,1118.04,1094.54,17984.413266,1107.7714
FGN,25.04,25.05,25.21,24.95,11049.0,25.0385
MFIG,19.955,19.96,20.02,19.7,16795.3901,19.9435
JFLX,50.01,49.96,50.09,49.94,127462.296496,49.9697
CRVL,58.12,57.11,58.12,56.45,145184.930035,57.5786
XAIR,0.5378,0.5481,0.58,0.5316,492925.620386,0.5566
BIO,243.51,239.3,245.975,236.73,425877.880913,243.4501
RC,1.7,1.79,1.8,1.66,1928296.347902,1.7055
NPWR,2.41,2.47,2.49,2.255,1275214.718215,2.4002
SQNS,3.81,3.84,3.9266,3.66,92391.347492,3.7735
NOW,87.05,88.58,88.58,86.0104,22107022.356289,87.1647
WST,302.4,310.44,310.485,300.27,718401.732293,304.0153
CLBR.U,10.22,10.22,10.22,10.22,1557.0,10.2139
NAD,11.87,11.87,11.88,11.83,374425.177146,11.8568
DOV,214.62,217.26,217.44,214.01,608937.156353,214.9197
TONX,3.75,3.4,3.8874,3.27,709717.884431,3.6859
HPF,16.05,16.11,16.12,16.0133,14742.6679,16.0707
AUPH,16.03,15.82,16.13,15.7,1393666.459446,15.9425
API,3.92,3.83,3.945,3.79,250987.663081,3.8875
BSCV,16.45,16.45,16.46,16.42,280149.8277,16.444
ES,68.25,68.12,68.6399,67.73,1970744.404191,68.2137
BCAT,15.72,15.7,15.7399,15.628,755467.914549,15.6888
HCHL,3.08,3.295,3.6,2.97,1601987.665165,3.0541
ESRT,5.42,5.49,5.55,5.395,1159451.32392,5.4301
BACpM,21.91,22.03,22.03,21.91,48817.8421,21.9598
KNF,79.64,81.43,82.47,78.32,669185.564484,79.4647
IEI,117.58,117.512,117.6,117.385,1337958.894364,117.5286
BSCT,18.65,18.64,18.65,18.62,605096.546132,18.6413
CHPS,84.8703,83.93,85.55,83.1601,28274.261782,84.566
STLD,237.08,233.62,238.07,233.1,1191120.950772,236.9503
CTOS,9.92,10.02,10.14,9.74,1233764.427646,9.9754
GMOI,38.06,37.92,38.06,37.8581,73885.613792,37.9988
BNH,15.67,15.68,15.7,15.56,6016.0,15.6332
FFC,16.09,16.12,16.13,16.04,101118.1478,16.0972
MBX,37.5,37.34,38.37,35.94,811921.030668,37.2032
QTI,6.32,7.35,7.35,6.12,238263.5774,6.8028
ARHS,5.87,5.9,5.91,5.63,1622834.132907,5.7875
FYC,113.3396,113.07,113.69,111.86,55467.078756,112.9434
TSQ,6.36,6.49,6.73,6.35,101111.289504,6.4991
BOTJ,23.02,23.45,23.45,23.01,11916.233337,23.2114
VITL,8.33,8.43,8.53,7.95,4268842.76818,8.2177
INOD,89.95,92.774,94.98,85.335,2258468.580313,89.3579
INACU,10.28,10.28,10.28,10.28,203.0,10.281
CpR,25.03,25.02,25.08,25.0,71391.729,25.0468
REET,27.26,27.29,27.355,27.145,2697941.990091,27.2645
AISP,2.47,2.35,2.49,2.32,434614.60332,2.4301
GPIQ,57.83,57.51,57.94,57.2,1294418.06576,57.6758
UWMC,3.1,3.19,3.21,3.1,11835824.036803,3.1314
RAA,30.275,30.28,30.31,30.12,40758.9789,30.2705
PLSM,4.62,3.82,7.15,3.7654,515093.518559,5.2784
BFLY,3.92,4.11,4.19,3.92,4254092.73441,4.053
TENB,20.58,20.795,21.48,20.06,3794786.771722,20.616
FpD,22.39,22.38,22.4307,22.31,26418.9774,22.3845
AMPY,5.1,5.26,5.26,5.025,1075434.448015,5.1179
MGRB,16.97,16.87,16.97,16.87,8548.37,16.9176
BHFAO,16.55,16.55,16.645,16.53,8879.2491,16.5799
MSTP,54.0547,56.23,56.77,53.57,16532.649651,55.2308
TRTX,8.28,8.27,8.32,8.215,517776.447671,8.2764
CODX,1.6,1.77,1.7959,1.5,334970.477098,1.6163
HIMS,24.14,24.51,24.8899,23.2601,25968300.300964,23.9301
FHNpF,17.89,17.8,17.89,17.8,4715.4661,17.8674
MCHS,48.3716,47.5,49.42,47.5,71529.358,48.2972
QTEC,293.08,293.23,294.23,288.5,192135.603864,292.1852
VTEX,3.42,3.53,3.555,3.405,1222177.620005,3.444
BOND,91.78,91.75,91.8087,91.59,384284.995178,91.736
EHAB,13.79,13.8,13.805,13.78,4657691.152889,13.7925
JUNS,0.3364,0.3594,0.3594,0.332,36683.726847,0.3487
CSGS,80.69,80.66,80.73,80.66,792324.89222,80.6927
LCDL,0.9136,0.81,1.005,0.7674,1033561.762895,0.9185
UGI,33.25,32.9,33.51,32.475,2450987.537947,33.1103
FCAL,49.285,49.36,49.36,49.27,42576.404309,49.3066
SBAR,25.63,25.47,25.64,25.4501,80253.210902,25.5692
PBYI,7.17,7.0,7.17,6.955,246639.065004,7.0919
BBNX,9.63,9.64,9.74,9.385,757503.990224,9.5924
BJDX,1.78,1.76,1.79,1.71,23769.463687,1.7542
BNJ,15.08,14.96,15.09,14.96,4547.051,15.0411
LCNB,15.82,15.63,16.0899,15.63,20726.041281,15.8211
DAN,34.29,33.78,34.59,33.63,833818.157864,34.3051
GOLF,84.55,84.79,85.7999,83.95,365400.098733,84.6056
BBGI,16.8,15.76,17.38,15.76,21175.940827,16.7441
PSApI,19.4001,19.37,19.4499,19.37,9469.5205,19.4171
TTAN,56.16,57.12,57.12,54.17,1575141.459108,55.487
IDEF,32.89,32.85,32.97,32.335,444227.918882,32.8118
FFGX,34.0872,33.82,34.0872,33.82,1376.096721,33.9984
HIFS,262.31,265.1,267.1,255.68,42320.670954,260.9696
EVER,18.86,18.88,19.0,17.77,1084521.190712,18.5071
APA,36.97,37.23,37.4,36.14,4978502.119057,36.7332
KDP,29.31,29.13,29.675,29.0,8361133.597957,29.2572
AHCO,10.81,11.19,11.24,10.77,1863654.144268,10.8601
ZTO,24.67,24.72,24.8325,24.44,1741035.079838,24.6219
CGON,74.0,71.88,74.35,70.6,729280.031044,73.1107
LIEN,9.07,9.01,9.2999,9.01,20380.2054,9.1213
ENTG,145.04,148.06,148.74,143.0,2369419.43609,145.0503
ZEPP,10.33,10.1,11.4,10.01,245630.378744,10.6685
PLD,142.0,143.2,143.97,141.86,3062992.734714,142.5278
MGX,1.38,1.35,1.3879,1.3303,198127.541013,1.3592
OLP,23.2,23.6,23.6,23.025,70981.779659,23.3104
SG,6.58,6.53,6.84,6.36,4066170.895008,6.641
USTB,50.55,50.53,50.55,50.505,159370.982465,50.5318
TXUE,34.4325,34.28,34.4325,34.1957,30057.858929,34.3433
PRAA,14.7,16.56,16.75,14.56,953040.787949,15.1509
KOD,39.61,39.43,40.25,38.4442,401541.037193,39.4828
DRD,29.56,29.59,29.9299,28.977,195194.500893,29.4662
FTV,59.42,60.15,60.52,59.05,2678237.463726,59.4376
KMI,32.81,32.51,32.87,32.18,8680010.540576,32.62
LMB,71.74,71.18,74.24,71.15,282019.756193,72.6523
EQR,65.83,65.51,66.005,65.13,2917071.475588,65.7051
CPOP,0.3026,0.3166,0.323,0.302201,51430.0,0.3072
AXTA,27.91,27.66,28.07,27.63,1785658.057345,27.874
SHNY,13.39,13.41,13.565,13.24,393525.427962,13.3907
MBAI,2.0,1.77,2.1,1.69,1178430.488604,1.9293
KRO,7.22,7.05,7.34,7.03,253785.971896,7.21
FFIV,357.4,354.54,359.93,349.725,652941.938428,356.4361
HERO,26.0452,25.76,26.15,25.74,36062.014641,26.0367
BOOT,145.24,144.17,146.135,139.515,1236762.587157,143.5273
NMZ,10.28,10.24,10.28,10.21,528603.63675,10.2401
MH,11.56,11.2,11.755,11.16,571646.524119,11.4993
AYI,283.85,289.87,290.3,281.62,411547.979647,284.2215
VMI,513.63,517.17,520.8198,505.8,192006.664554,513.1439
CVRX,5.22,5.27,5.66,5.0,664401.991967,5.2938
PCOR,45.99,47.31,47.47,45.54,2852918.243448,46.174
CAGE,27.62,27.29,27.76,27.22,92717.43767,27.5465
GTES,25.38,25.81,25.83,25.305,1472708.423708,25.4588
ESAB,91.02,93.42,95.27,90.05,628569.180296,91.2113
ALIT,15.83,14.546,15.922,13.644,1432106.939199,14.89
OVLY,32.88,32.84,33.24,32.805,14125.0267,32.9135
ODD,12.66,12.75,12.89,12.36,1624767.07178,12.6636
IMRX,5.38,5.21,5.39,5.11,499649.520221,5.2972
CB,316.01,320.22,324.51,315.04,2211319.181507,316.8124
DOMH,3.92,3.76,4.0325,3.5,302441.61481,3.8623
CHR,1.545,1.55,1.57,1.53,14876.212144,1.5457
NA,2.58,2.17,2.637,2.17,263333.764337,2.4468
ICFI,59.9,64.26,64.475,58.83,520511.699603,60.7263
SQFT,2.93,3.08,3.12,2.92,20546.0,3.0138
FVCB,15.37,15.55,15.55,15.33,96813.9262,15.3977
CCOM,25.3253,25.13,25.3253,25.07,810.2,25.2872
SOHU,15.89,15.92,16.07,15.86,54843.45301,15.9359
IIM,12.26,12.21,12.26,12.1508,132926.729608,12.2051
AXON,376.82,389.23,393.9899,367.01,1342090.619068,375.1909
DSTL,57.8,58.18,58.18,57.5506,233733.651144,57.6686
SKBL,3.44,3.46,3.55,3.33,157922.352097,3.4175
RGR,39.23,38.0,39.47,37.75,199507.703686,38.6082
LSCC,125.65,129.33,130.0,123.5,2228450.028405,125.7244
MUSA,588.63,579.42,588.83,560.035,344224.9104,577.9195
PINEpA,25.3,25.35,25.35,25.27,3435.7991,25.2962
AGGH,20.29,20.26,20.31,20.245,294889.141692,20.2745
EVMN,23.29,22.5,23.29,22.255,356591.832254,22.9964
SPRY,8.01,8.68,8.78,8.0,2508057.692389,8.2653
CHDN,85.555,86.5,87.11,84.675,883957.083572,85.38
TRVI,15.27,14.94,15.79,14.69,2144510.933158,15.3442
CALI,50.4054,50.42,50.4254,50.39,111722.6264,50.4003
FOUR,40.87,41.81,41.98,39.92,2138239.655607,40.9837
UEIC,3.85,4.06,4.065,3.825,164931.722763,3.9047
FSS,114.24,114.73,115.05,113.61,272295.057706,114.3507
BOHpB,26.45,26.5,26.5,26.32,5389.0,26.4293
BTT,22.75,22.74,22.8,22.74,45420.3285,22.78
GOTU,1.97,1.98,2.01,1.95,361825.471668,1.9669
STRF,100.36,100.64,101.3283,100.15,68689.184907,100.6734
AKBA,1.18,1.17,1.2,1.16,4081191.46313,1.1789
CBNA,37.95,36.8,38.5,36.8,8531.593,37.8217
VNO,30.69,30.88,31.23,30.57,1561534.820512,30.7421
CMPS,10.96,9.85,11.08,9.61,8644508.150788,10.5875
TFCpO,21.15,21.23,21.23,21.09,22835.1672,21.1463
FCVT,52.1774,52.07,52.4299,51.43,18402.396895,52.0606
ASBP,5.3,5.01,5.4,5.01,113171.592327,5.1802
CNET,0.7588,0.75,0.7996,0.7,9986.0,0.7492
PRA,24.6,24.58,24.65,24.58,681184.76891,24.6097
BLNE,1.75,1.82,1.8499,1.75,321019.443592,1.7913
OXY,56.18,56.215,56.36,55.4701,6925418.74265,56.014
PSC,63.86,64.17,64.17,63.33,67777.02948,63.7389
NMCO,10.82,10.81,10.82,10.775,141243.446529,10.7969
DSGR,27.17,26.76,27.22,26.76,70634.657339,27.1271
BSRR,36.94,37.07,37.8,36.875,54528.3457,37.1575
BY,32.33,32.52,32.76,32.14,199010.121,32.3483
ALUB,10.0201,10.02,10.0201,10.02,13889.0,10.0201
SDGR,12.75,12.58,12.865,12.55,1153219.625641,12.7439
ITUB,7.85,8.07,8.2299,7.825,48931776.814469,7.9645
WPC,73.95,74.4,74.67,73.62,1084484.384605,74.0099
ANGHW,0.0117,0.0083,0.0117,0.0083,1200.0,0.008583
EPAM,90.39,93.71,94.335,89.25,2666814.607825,90.578
LMNR,13.26,12.97,13.35,12.97,110107.133684,13.1615
HALO,70.03,71.63,71.99,67.34,2643720.588712,69.2245
BKSY.WS,0.0551,0.065,0.065,0.054,26672.0,0.06397
FENY,32.16,32.13,32.22,31.82,1067149.020839,32.0764
TIPT,16.87,16.85,17.0697,16.8,218716.83078,16.8712
MITT,7.71,7.72,7.745,7.65,166490.707414,7.704
JKHY,141.43,143.06,143.885,139.0,1196825.462819,140.5901
QURE,29.17,29.0,29.395,27.75,1808237.81852,28.5877
MOGU,2.095,2.15,2.2,2.02,11751.0,2.109
CNS,72.77,71.76,73.09,71.07,285730.881944,72.5766
GRND,14.61,14.0,14.64,13.78,2241854.772494,14.4009
PODC,3.56,3.64,3.77,3.55,99954.478951,3.6232
TYp,44.0,44.0,44.0,44.0,139.0,44.116
CMPR,89.28,90.52,91.74,89.06,193477.00938,90.1368
OSRH,0.6166,0.64,0.6437,0.6,2019683.163809,0.6215
NAGE,3.76,3.81,3.87,3.71,1253815.241465,3.7649
LFST,8.1,7.91,8.1,7.86,5916430.642317,8.0637
HLAL,70.43,69.82,70.542,69.575,60933.185429,70.0929
KSPI,88.0,86.13,88.01,85.0,623318.803876,86.9617
UGP,5.82,6.05,6.095,5.785,2693586.899737,5.9457
MDY,667.42,670.68,670.68,663.72,695440.870173,666.7842
KEN,90.59,91.76,91.76,90.4,16775.738347,91.0675
SNYR,0.3,0.315,0.315,0.2989,760706.82275,0.3129
KIMpM,20.29,20.4,20.4,20.29,8830.5776,20.3325
RMTI,8.011,8.205,8.424,7.901,17323.667735,8.134
SOC,13.12,13.97,13.97,12.81,2989759.132781,13.1556
KQQQ,30.9031,30.52,31.12,30.225,37798.318082,30.7596
ROG,143.1,139.44,143.57,136.9509,177317.249115,142.3762
SPHR,131.79,136.0,136.41,130.38,1319901.472239,132.5993
HKPD,0.5996,0.4561,0.6522,0.45,6283842.681647,0.5845
NPK,138.29,136.51,138.29,133.8,72664.982,136.6782
FMUN,50.17,50.24,50.24,50.1503,16652.144,50.1786
BILI,22.34,21.42,22.705,21.24,4705282.461727,22.3712
MKC,45.6,46.52,46.52,44.82,4104746.364953,45.4594
KARO,47.47,49.05,50.57,47.0,116705.742211,47.5681
RMAX,9.22,9.54,9.73,9.18,546970.343335,9.3212
THH,0.311,0.315,0.3308,0.3,136404.25022,0.3087
VS,1.12,1.28,1.28,1.095,52333.082,1.1136
NWSA,26.66,26.42,26.875,26.42,3960325.288699,26.6581
FRST,13.97,13.88,14.078,13.85,221487.09254,13.9678
AMX,27.12,27.16,27.3899,27.045,1438776.305973,27.2077
BLW,12.66,12.63,12.73,12.57,151511.28424,12.6438
QQQP,222.6567,220.13,222.8869,219.77,2103.485,221.8709
UNFI,52.12,51.21,52.3345,50.2701,557838.569756,51.8571
PRH,23.76,23.82,23.82,23.75,20788.0,23.7884
AMBA,82.1,81.24,83.37,78.645,1228231.299896,82.1522
INLF,864.0,890.0,890.0,862.0,32.35,870.94
CCSI,28.57,28.95,29.05,28.23,171356.562467,28.6306
INDI,4.51,4.62,4.735,4.48,6283261.371255,4.5781
ROC,6.05,5.93,6.3,5.93,26352.506042,6.1281
XNCR,12.38,12.36,12.47,12.0,761921.950288,12.314
NNBR,2.26,2.31,2.35,2.235,581388.871875,2.2857
CLX,92.0,88.65,92.47,88.5,3421138.695573,91.5125
MC,64.07,63.44,64.87,62.97,868218.113462,64.1789
RITMpE,24.39,24.46,24.55,24.39,30646.5466,24.4708
LOAR,61.34,60.04,61.99,58.915,1079620.375296,61.1423
GFL,36.24,36.5,36.51,35.53,3240646.703364,36.1295
ZGN,12.71,12.31,12.71,12.16,633583.063178,12.5856
MARPS,5.0,5.04,5.04,5.0,8323.9462,5.019
SRBK,18.11,18.21,18.35,18.1,21717.1972,18.174
GABpH,20.2827,20.28,20.3174,20.23,2780.9844,20.2772
CHT,43.5,43.26,43.53,43.12,141803.38355,43.376
MLEC,8.34,8.66,8.7452,8.25,14153.735631,8.5599
GXC,99.89,96.75,100.21,96.75,19736.531774,99.4755
NAMM,1.58,1.64,1.66,1.545,299768.519257,1.5989
BSVO,27.14,27.32,27.32,27.035,135572.112334,27.1036
ENIC,4.5,4.52,4.54,4.46,456927.147096,4.4905
CXT,41.41,42.43,42.46,41.25,654296.54379,41.5656
BSCX,21.15,21.13,21.15,21.1,92409.2069,21.1273
RKT,13.84,14.52,14.56,13.8,28478168.239638,14.0809
POM,2.3058,2.4624,2.6748,2.088,199603.491929,2.3454
VRE,18.96,18.95,18.97,18.95,561182.697712,18.962
CNOpA,17.98,18.02,18.02,17.58,1413.0,17.8016
EMO,50.43,51.22,51.25,50.0,41443.081,50.3804
NXT,136.37,149.23,156.78,133.86,6069410.039539,141.6078
EVT,26.44,26.39,26.6299,26.39,56663.46231,26.4918
KMTS,21.45,21.8,22.42,21.15,290543.585383,21.62
PPHC,11.63,12.85,12.87,11.3,211220.0,11.8813
AMBP,4.01,3.97,4.057,3.965,1339208.945743,4.0146
MSpE,25.39,25.4,25.4,25.38,31127.1054,25.3926
DTB,16.95,16.98,16.99,16.9,37799.779,16.9406
GWRE,125.6,129.72,130.74,124.29,1401658.281472,125.8348
ADP,208.63,211.47,212.48,204.56,3251563.296355,208.2158
SW,40.44,40.73,41.19,40.375,3125027.006685,40.6808
GRAL,60.47,60.5,62.3,59.5,502740.351569,60.8927
GFS,74.99,74.5,75.6499,73.37,3069435.564034,74.7184
CUZ,26.39,26.36,26.665,26.2,1808661.84724,26.3859
CHPT,6.43,6.19,6.52,6.04,360479.684517,6.3567
TENpE,26.82,26.82,26.82,26.7287,3052.0,26.7741
ANRO,22.85,23.92,23.99,22.3,416747.002007,23.1657
JIRE,80.51,79.85,80.54,79.78,265451.432199,80.2881
IBEX,30.44,31.4,32.02,30.1,137451.312397,30.5758
SNDG,13.0786,14.1,14.1,12.33,120347.846518,13.2327
TARS,64.66,59.39,65.99,58.58,1264693.149762,63.4042
KVHI,10.97,11.1,11.3,10.85,298685.591795,11.0718
ACYN,20.77,20.79,20.8395,20.7,1776881.6242,20.7383
SPCB,11.32,11.44,11.59,10.71,115838.369516,11.2726
BLD,408.84,416.78,417.215,407.87,904150.404987,410.1466
BTGD,31.77,31.9,31.9,31.43258,44651.184683,31.6961
CURB,27.41,27.56,27.72,27.27,636289.850636,27.4395
IMAX,33.79,33.58,34.09,33.37,1004880.79541,33.7095
NEEpU,25.18,25.25,25.2795,25.12,106367.0,25.1765
INSW,85.31,89.6,89.75,84.42,663769.21956,85.5537
SRI,6.98,6.97,7.01,6.66,141638.495138,6.9218
SR,85.56,85.98,86.3599,84.28,316295.367663,85.2924
RPC,8.34,8.41,8.435,8.25,522462.13666,8.344
INGM,25.83,26.43,26.55,25.77,1620069.628135,25.9739
BND,73.18,73.13,73.19,73.03,10760977.203571,73.1498
GLND,2.96,2.99,3.1,2.94,1095012.906874,2.9976
GTLB,22.05,22.87,23.09,22.02,5450599.242311,22.3182
MEGI,15.08,15.14,15.165,15.0,128181.48859,15.0525
IMST,11.89,12.0,12.012,11.81,23286.57158,12.0434
BODI,12.61,13.02,13.92,12.38,65713.825544,12.9168
LXRX,2.44,2.41,2.51,2.34,3314830.655501,2.4597
MNTK,1.52,1.38,1.53,1.38,243317.045864,1.4889
NXST,195.97,197.88,199.34,193.58,362305.035941,195.3745
UBS,46.28,45.7,46.435,45.551,1919525.056543,46.1246
LU,1.96,1.96,1.98,1.92,713877.634482,1.9609
GME.WS,3.49,3.62,3.66,3.48,460642.006519,3.5557
POST,104.31,102.16,105.18,102.16,967382.903927,103.9054
JPC,7.98,8.01,8.0291,7.97,769481.90073,7.9987
HYPD,3.5,3.41,3.69,3.37,464461.714455,3.5373
FDS,201.87,213.3,213.3,198.0,1153303.883549,201.5766
FCT,9.77,9.76,9.8,9.76,28504.5408,9.7744
ALHC,18.27,18.42,18.72,18.01,31183539.609523,18.2778
VZ,47.21,47.89,48.275,47.165,21212810.796352,47.4688
AUNA,4.89,4.86,4.93,4.78,329432.608096,4.8423
ODTX,17.94,18.06,18.06,17.4,316325.647122,17.8083
MUSI,43.56,43.46,43.5711,43.46,31598.881171,43.5285
SDRL,50.05,50.1,50.65,49.405,778385.852586,49.9267
FCEF,23.7126,23.7899,23.7899,23.61,14912.2409,23.7146
AVS,7.5,7.54,7.7,7.4616,1843644.551912,7.5437
EUFN,37.6,37.37,37.69,37.16,2986968.276071,37.5861
CAL,11.03,11.14,11.27,10.7,662131.621912,10.9701
NIQ,10.04,10.15,10.36,9.56,2057477.261455,9.9458
LPLA,301.18,292.95,302.21,291.03,596887.137791,299.6272
TTEQ,41.4428,41.27,41.67,40.5425,249939.85777,41.4779
HBCP,62.75,62.8,63.34,62.255,79712.516,62.7327
CTEV,27.58,28.74,30.55,26.41,113143.000541,27.8473
EXR,142.41,144.15,144.21,141.81,761041.130334,142.9176
RES,6.94,7.08,7.11,6.845,1684740.752875,6.9428
AAP,49.26,52.0,52.0,49.25,2506704.216762,49.8794
CAVA,72.3,76.87,77.61,72.05,3154028.593529,73.8047
RHP,106.88,107.81,107.99,105.78,605825.319348,106.704
CELC,124.47,123.31,126.3883,121.65,989348.468306,123.674
CEPU,14.18,14.1,14.41,13.82,236718.534314,14.2085
TTE,91.37,91.34,91.445,90.84,731511.271912,91.2188
XFIV,48.6802,48.67,48.69,48.61,838624.7848,48.6751
HCA,427.54,429.12,432.17,422.9801,1598102.478434,427.8723
ELVA,10.55,10.51,10.8,10.095,828145.181338,10.5055
CRTO,16.15,16.2,16.3761,16.005,373716.7224,16.1467
COYY,23.52,23.46,23.52,23.07,19672.727386,23.322
SRET,22.45,22.43,22.53,22.36,34549.968379,22.4367
LEXX,0.6024,0.57,0.6447,0.55,193135.808483,0.5822
NMAI,14.16,14.15,14.35,14.03,202929.4339,14.1412
SCEpN,23.7,23.7,23.8,23.7,11891.2456,23.7327
DCBG,26.4,26.4,26.4,26.4,120.0,26.4
LPX,70.24,71.05,71.4999,69.65,869079.889333,70.4437
RJET,22.13,22.75,23.88,21.8875,236513.929593,22.9517
IEX,212.22,213.95,214.54,211.55,390158.915346,212.5585
RDCM,15.58,15.94,15.995,15.31,154295.398708,15.61
NX,19.19,19.39,19.49,18.96,270618.15962,19.239
ESPR,3.12,3.13,3.14,3.12,12198275.45627,3.1264
GMMF,100.24,100.25,100.25,100.24,17043.000929,100.247
BWNB,25.01,25.0,25.04,25.0,6351.8634,25.0036
PFBC,91.07,92.49,92.57,90.66,94567.922304,91.5173
DWTX,1.86,1.67,1.9,1.67,165450.291891,1.8021
ENVX,7.29,7.08,7.5,6.82,13082369.954953,7.0809
AGMpG,17.54,17.48,17.54,17.48,3182.0013,17.5211
BLLN,90.59,93.0,95.21,90.0,613565.046491,91.7842
SCCO,191.89,191.92,194.925,188.13,1654447.763951,192.2333
MRM,0.9601,0.98,1.0002,0.96,25851.0,0.9864
FOXF,16.25,16.75,17.2,16.09,636823.650161,16.4593
FTXH,34.5875,34.28,34.61,34.28,3251.820453,34.425
SPCE,2.88,2.8,2.935,2.71,9143885.145081,2.8668
APC,20.96,21.66,21.66,20.67,153290.187773,21.0162
REXRpC,20.91,20.91,20.91,20.91,1242.7834,20.9133
YEXT,3.56,3.61,3.65,3.48,1068072.437376,3.5452
HEI,291.8,287.29,295.44,283.19,1164316.130962,291.7871
FEED,1.16,1.25,1.26,1.15,648956.7968,1.1808
STRO,39.6,40.69,41.59,38.39,219661.302629,39.5458
RNRG,38.82,38.64,38.96,38.31,2067.983874,38.7704
KLIP,26.74,26.55,26.82,26.55,31322.606041,26.7578
GWH,0.9794,0.7999,1.09,0.7364,3262727.14699,0.9579
VALE,16.84,17.02,17.28,16.8,42469902.409604,17.0043
HOG,25.6,25.37,25.64,24.87,2316514.94973,25.324
IEUS,72.4972,71.93,72.4972,71.85,11634.609305,72.0054
TORO,5.2,5.39,5.54,5.1101,55102.346285,5.2349
BBOT,8.08,7.99,8.1,7.6,284706.303668,7.9271
SMG,58.81,59.29,59.67,57.89,1194006.252978,58.6888
FPXI,73.5666,72.99,73.85,72.9,7533.09856,73.4149
OPFI,8.86,9.15,9.17,8.81,975296.528203,8.9608
NVYY,14.22,14.23,14.24,14.19,85226.377848,14.2257
CDLR,29.51,29.38,29.72,29.12,51023.128705,29.4319
FAF,66.86,67.7,68.3312,66.1,711817.344775,66.7947
MGRD,15.16,15.15,15.18,15.01,18784.0,15.1377
BFSpD,20.61,20.5,20.74,20.5,2433.2023,20.5607
ADTN,15.77,15.335,16.28,14.98,3532746.283269,15.84
HYFT,1.26,1.26,1.35,1.22,124946.184337,1.2855
GRX,8.97,9.0,9.0,8.93,37434.895026,8.9652
HLP,1.16,0.97,1.2,0.9,1057799.0,1.086
ADAMM,25.53,25.42,25.53,25.42,5468.5873,25.52
HURA,2.51,2.38,2.58,2.29,400616.844203,2.5075
PPL,35.75,36.07,36.2,35.665,8681513.04774,35.7985
WALpA,23.84,23.78,23.93,23.7,13935.1413,23.8033
QQQJ,42.02,42.0,42.2,41.53,111833.936302,41.9537
ADC,75.16,76.17,76.79,74.79,1054557.72799,75.2367
KBWD,12.7834,12.82,12.86,12.77,360471.120529,12.8066
BHVN,9.03,9.1,9.1275,8.88,2417484.779784,9.0166
INVX,27.42,27.41,28.0,26.95,400294.203558,27.4315
DTM,145.99,145.11,146.29,143.895,539993.272764,145.482
CNEQ,39.04,39.0,39.21,38.185,282996.7095,38.8532
HOWL,0.5839,0.61,0.6109,0.502,1179221.216893,0.5626
CLST,15.86,15.91,15.91,15.86,2088.0,15.9058
TGT,121.48,120.73,121.61,119.12,3964805.752259,120.7209
WSFS,69.73,70.27,70.53,69.35,407949.925316,69.8337
VISN,11.51,11.85,11.89,11.494,8260284.115939,11.6102
TRUP,22.59,23.43,23.43,22.5401,381805.312876,22.7598
RSVR,10.16,10.1,10.225,9.99,33192.392322,10.1315
BAER,1.74,1.79,1.805,1.74,442411.689869,1.7686
RBCAA,75.87,75.65,76.36,75.5,68694.600582,75.7964
RITMpC,24.65,24.67,24.68,24.5425,14789.5004,24.6176
KFRC,39.41,40.29,40.555,38.64,189550.596928,39.3975
NGVC,28.09,26.86,28.15,26.86,186973.47912,27.8735
KRMD,3.85,3.96,4.01,3.8101,202541.748932,3.8631
ANGX,2.86,2.96,3.005,2.83,916764.563127,2.8953
PEW,3.1,3.25,3.29,3.05,502052.021145,3.1588
SCWO,2.22,2.17,2.2984,2.16,46919.131426,2.221
XRPT,43.61,44.66,44.69,43.09,133578.629834,44.1631
LXFR,15.42,14.95,15.59,14.9,163943.219434,15.3265
ONL,2.9,2.89,2.975,2.8504,250927.982229,2.9297
MGNX,3.45,3.45,3.6,3.28,1634629.639337,3.4652
WSR,18.99,18.97,18.99,18.97,566104.87796,18.985
PCN,11.87,11.86,11.89,11.84,188192.333045,11.8696
AGYS,65.56,67.97,67.97,64.825,245579.414958,65.6448
TRON,2.1,2.05,2.22,2.03,820466.946519,2.1161
PSIX,45.11,39.24,45.45,38.7,2478868.836821,43.3063
USBpA,784.0,779.08,787.5,779.08,966.1446,784.2137
ADIL,1.38,1.37,1.44,1.3605,55834.116406,1.3894
CHPX,91.55,90.44,92.08,89.45,59970.414577,90.9816
VRME,0.681,0.73,0.74,0.681,78516.01,0.7219
WRBpH,15.86,15.73,15.89,15.73,17240.75,15.8132
VGT,113.45,113.41,114.02,111.75,4045081.756885,113.1962
TRUT,30.7424,30.64,30.86,30.3294,143860.668,30.7381
CAAS,4.65,4.71,4.7409,4.64,17210.727547,4.674
AIEQ,49.1433,48.91,49.2749,48.74,4237.535297,49.0615
ELS,63.07,63.18,63.58,62.87,1234848.423181,63.0913
ING,29.68,29.53,29.855,29.525,2432811.220473,29.7095
EVAX,4.16,4.17,4.35,4.1498,27352.685967,4.2376
GSUN,0.44,0.49,0.49,0.4301,91237.04937,0.4497
JAZZ,232.33,228.78,235.0,227.68,918057.654918,230.712
SNAP,5.61,5.49,5.68,5.31,41460331.158958,5.5385
FTAIN,25.41,25.44,25.44,25.372,2238.7756,25.3941
DAVA,3.68,3.8,3.8,3.66,344781.246742,3.7007
BKKT.WS,0.0651,0.0726,0.0819,0.0651,60744.0,0.0526
JHG,51.7,51.7,51.72,51.65,2629537.418202,51.6847
RYAM,9.5,9.5,9.65,9.3,1194359.325882,9.4661
CPXR,33.57,33.98,34.4755,33.325,117945.95016,34.0614
PNFPpB,26.76,26.5,26.76,26.5,8226.4543,26.5989
CRH,108.75,109.72,111.515,108.3,4914857.994723,109.1502
INVZ,0.9165,0.8,0.97,0.78,10613041.044498,0.8964
PBPH,25.3081,25.02,25.35,25.02,82413.4452,25.2826
CARL,10.23,9.63,10.575,9.63,187467.58861,10.1522
DTI,3.06,2.94,3.11,2.93,223145.338514,3.0498
AHLpF,24.91,24.78,24.91,24.78,5088.0,24.8684
BMLpG,19.45,19.33,19.46,19.33,5189.79,19.4141
FRBA,14.79,14.65,15.46,14.53,155074.9651,14.9972
HWKN,161.83,168.78,171.655,160.31,210217.984833,166.0821
MTX,82.84,81.42,83.48,80.78,429420.987295,82.1057
BETA,18.42,17.61,18.7,16.84,2216492.036488,18.2012
MSAI,5.83,6.06,6.2493,5.8001,68052.3291,6.0176
NFXL,24.19,23.66,24.78,23.5,524683.14619,24.1249
LFUS,481.02,464.94,481.32,463.075,598469.93403,473.6221
TUYA,2.25,2.35,2.355,2.225,1151026.318497,2.265
EZPW,32.99,33.74,34.12,32.45,826216.96862,33.0622
QMCO,8.81,8.94,9.08,8.57,380206.652031,8.844
CDZI,4.69,4.56,4.74,4.56,852577.148949,4.6713
REAL,9.41,9.102,9.695,8.92,4017790.86641,9.3837
STEX,0.8834,0.8885,0.91,0.81,1162857.234591,0.8477
IYM,188.19,187.56,188.78,187.06,137059.817239,188.2328
BOLT,4.83,4.67,5.08,4.62,36205.195,4.8194
AIIA,10.105,10.1,10.11,10.1,30401.008919,10.1033
NOV,20.49,20.6,20.725,20.045,5810351.686554,20.4059
KALU,179.42,175.505,181.7451,175.505,212751.115712,178.782
EPSN,6.15,6.17,6.2,6.065,117847.716513,6.1463
HYMC,43.63,44.55,46.3,42.7454,2070899.251349,44.2409
CRMU,8.5023,8.88,9.4,8.34,158527.495759,8.6511
LFT,1.11,1.13,1.145,1.11,98017.753993,1.126
CMREpC,26.34,26.1,26.34,26.1,5358.273,26.1993
ATEN,27.73,27.4,27.98,27.03,716505.074912,27.6587
TPTA,23.1,22.5,23.54,22.5,9224.0,23.3064
NEXN,7.61,7.95,7.95,7.125,576236.903395,7.4316
AR,36.74,36.65,36.76,36.085,5624060.001552,36.5991
IINN,0.405,0.41,0.4139,0.39,306834.100122,0.4042
GIF,25.4593,25.55,25.57,25.215,5475.148396,25.3765
MST,32.85,34.15,34.15,32.0226,96968.656682,33.1815
G,29.44,30.86,31.135,29.0984,3784045.327829,29.5538
SJT,4.29,4.33,4.36,4.17,186178.33108,4.2508
GTBP,0.3127,0.3168,0.3225,0.31,361642.163008,0.316
RYN,20.02,20.24,20.3142,19.745,3569878.498685,19.958
HAE,57.01,53.26,57.47,53.17,1419697.238333,56.4864
NEEpV,51.11,51.05,51.31,50.8101,66585.5094,51.2336
PMEC,0.7834,0.7489,0.79,0.7269,60689.528,0.7607
NTSK,10.56,10.81,10.82,10.29,3179681.508818,10.4918
ORR,36.95,36.75,36.9999,36.54,79662.830705,36.874
BILL,39.96,40.79,41.2,39.4401,2542204.011856,40.0979
CNVS,2.57,2.6,2.715,2.55,275144.948194,2.6356
TIMB,22.46,22.93,23.17,22.37,445892.734913,22.7416
BNGO,1.25,1.27,1.3299,1.2428,369123.745164,1.2879
MNTN,7.86,8.03,8.16,7.79,732164.361428,7.9499
ATXG,5.01,4.82,5.17,4.8,23869.0,5.019
HAO,4.416,4.3392,4.864,3.5968,1949587.105224,4.5491
BMHL,3.95,3.85,3.95,3.85,791.0,3.931
ASYS,20.71,21.92,21.92,20.325,271082.58225,20.9896
FMAO,26.7,26.77,27.05,26.62,70916.673505,26.8171
FDP,35.53,35.27,35.87,35.08,563294.403642,35.5027
GETY,0.73,0.746,0.75,0.695,1623935.33757,0.7237
SNPS,509.28,514.59,514.74,502.27,1335472.459312,507.3933
OLMA,13.58,13.51,13.96,12.94,1271239.332645,13.4963
CRNT,2.52,2.54,2.54,2.49,264329.565466,2.5113
PFLT,8.64,8.78,8.812,8.61,1302895.012991,8.6931
TEN,42.76,43.75,43.83,42.0,337132.749843,42.5506
SSNC,64.77,66.27,67.195,64.6,2424765.663407,65.0756
DGCB,54.5642,54.47,54.605,54.455,53389.90701,54.5278
FANG,201.1,198.0,201.4,196.49,1388891.001973,199.919
SNAL,2.5105,2.621,2.8295,2.5075,6913196.758354,4.62
HE,13.39,13.25,13.535,13.15,1993797.121365,13.3688
SDVY,41.1,41.43,41.43,40.885,1025947.047393,41.0692
MILN,42.6206,42.85,42.85,42.4014,5828.9531,42.6541
TANH,0.3799,0.4236,0.4236,0.3602,260323.088339,0.3859
VYNE,0.67,0.6475,0.6779,0.645,278218.341327,0.6725
CHCO,121.54,121.32,121.81,120.53,94765.17403,121.3288
VOC,3.06,3.15,3.15,3.05,77986.744915,3.0747
ADXN,6.87,6.74,7.1,6.71,6083.4522,7.0594
JEMA,61.7566,61.45,61.85,61.179341,97243.69762,61.7103
GATX,179.72,183.46,184.685,179.285,238208.840451,180.3653
MUA,10.79,10.77,10.82,10.7342,72205.27381,10.7854
UBRL,16.56,17.29,17.29,16.25,127383.353713,16.6117
CXDO,9.34,9.15,9.367,8.83,301964.447453,9.2081
VTIX,4.03,3.79,4.24,3.75,451812.292526,3.9113
PAGP,23.51,23.52,23.595,23.21,971781.367087,23.4493
VVV,32.09,32.79,32.79,31.82,2337733.596877,32.1241
BIAF,1.89,1.88,1.94,1.86,150149.5051,1.8948
GDEVW,0.0074,0.0042,0.0074,0.0042,2860.0,0.007176
PRPO,28.7,28.98,29.08,27.5,50415.5682,28.2936
CLVT,2.44,2.55,2.56,2.41,5511850.360883,2.4675
BGX,10.9,10.9,10.95,10.89,106030.682048,10.9045
DDIV,44.9098,44.97,44.99,44.76,6714.7144,44.8887
INMB,1.46,1.39,1.49,1.355,209157.048005,1.4442
VBIL,75.55,75.54,75.55,75.54,3144164.941081,75.5463
MRTN,15.0,14.71,15.09,14.71,764009.48684,14.9285
SSB,91.91,93.11,93.48,91.51,1016648.657984,92.0645
ITDD,37.9804,37.73,38.01,37.73,4898.032706,37.947
CTKB,3.68,4.01,4.02,3.645,2021392.942179,3.7596
BBBY.WS,0.561195,0.6,0.6,0.555,25796.897747,0.5705
RIO,112.04,110.65,112.58,110.57,3076658.393801,111.7697
PEBpH,17.8,17.9,18.305,17.79,116091.481,17.8735
MUR,38.46,38.74,38.9,37.8375,1689307.356387,38.3316
LTC,38.63,38.52,38.815,38.2801,396957.034438,38.6095
CP,85.64,85.29,87.43,85.1,1880721.239593,86.1965
ETRL,14.3401,12.54,14.3401,12.34,11572.040861,13.8158
FRT,114.13,115.01,115.01,113.81,778036.334793,114.2402
XYF,4.54,4.77,4.895,4.54,131166.811146,4.6715
CTOpA,22.075,21.95,22.075,21.95,468.3717,22.0549
CTSO,0.5706,0.61,0.61,0.57,92728.048915,0.5833
COSO,25.33,25.39,25.62,25.3,51262.0,25.3861
RR,2.82,2.56,3.04,2.545,28776656.707917,2.839
ALLW,30.245,30.06,30.28,29.91,646632.474542,30.1385
DDL,2.57,2.54,2.57,2.52,296387.277862,2.5505
TEAD,0.9564,0.96,1.05,0.9445,306096.468258,0.9905
LCID,6.39,5.99,6.72,5.825,28290951.518244,6.4179
BSCW,20.59,20.59,20.6,20.54,193068.7604,20.5708
WKC,27.38,27.24,27.53,27.195,716753.739808,27.3865
AQST,4.13,4.18,4.24,4.1,2477293.643787,4.2222
DETX,3.94,4.21,4.4,3.94,28292.003728,4.1886
D,62.72,62.09,63.175,61.83,6126748.528414,62.7879
KLAG,31.54,30.89,31.93,30.0,26379.6033,31.0618
RAIL,8.03,7.86,8.08,7.75,206023.705773,8.0047
IMSR,7.12,7.2,7.47,7.06,1904862.148994,7.2027
SKM,39.63,39.5,39.963,39.07,1812889.774913,39.5515
KNSA,59.12,59.39,59.8699,58.52,379688.467418,59.2348
DHC,8.73,8.34,8.74,8.29,1696220.191183,8.5814
PERI,10.45,10.32,10.52,10.22,209458.430091,10.4025
OPENZ,0.2929,0.3,0.332799,0.285,197666.310706,0.2936
DMRA,24.16,23.19,24.71,22.625,392425.252615,24.1504
CRMT,12.08,12.05,12.5,11.57,96911.944603,12.0041
DCOM,36.15,36.4,36.85,35.92,357306.17782,36.2425
MNTSW,0.0121,0.0115,0.0135,0.0115,146243.0,0.0122
EZGO,4.815,4.5,5.265,3.795,2420689.367009,4.5195
SHG,64.26,64.39,64.76,63.72,342433.87089,64.2202
GEF.B,82.17,81.3,82.59,80.92,30173.4573,81.666
LNN,105.5,108.1,108.6699,104.34,255402.944551,105.9228
CPK,126.4,125.49,126.78,124.24,112063.439013,125.9308
MTYY,26.94,27.6,27.6,26.94,2861.763717,27.216
KD,11.05,11.4,11.46,10.88,4519091.805606,11.023
NCI,8.64,8.72,8.88,8.56,14571.387319,8.6864
IVF,1.575,1.66,1.69,1.55,21444.897632,1.6129
NPB,17.02,17.07,17.14,16.92,122274.90481,17.0466
NBTB,44.54,44.85,45.27,44.465,358688.76992,44.7069
EMF,22.47,22.19,22.67,22.0499,55776.862771,22.3715
ELPW,2.81,2.79,3.19,2.755,681425.27724,2.9587
AVXL,3.08,3.02,3.105,3.01,1244413.903371,3.0699
ZIP,3.93,3.7,4.15,3.64,1195283.911144,3.9628
JLL,310.66,314.44,316.47,305.92,321607.791329,310.1986
WAFDP,16.5701,16.57,16.6965,16.56,6209.0,16.6053
SNES,1.81,1.62,1.87,1.55,132125.828173,1.7405
MTSI,381.55,376.02,384.58,364.4175,1796590.356043,379.293
BCTK,29.3215,29.24,29.45,28.7799,40186.6019,29.3021
PNQI,47.93,47.5,48.05,47.33,45600.632065,47.7578
HGLB,8.05,8.06,8.179,8.0,67086.0896,8.0663
DAX,44.7386,44.53,44.85,44.22,52529.393538,44.7037
DBD,72.03,75.47,75.82,71.8,328844.212338,72.803
MAAY,7.1558,7.19,7.31,7.135,13962.694169,7.2195
DNP,10.7,10.71,10.75,10.66,588674.964855,10.6944
YDKG,0.8718,0.8826,0.9208,0.87,40371.176953,0.892
KLTR,1.45,1.45,1.545,1.435,922910.509171,1.4996
RZLT,3.33,3.31,3.355,3.17,1440878.030501,3.2997
CHH,106.98,105.19,107.925,104.12,557312.363369,106.3665
SXI,252.9,255.43,255.43,246.32,332095.531431,250.5906
ZTR,6.68,6.68,6.7,6.675,75190.71651,6.6912
QTUM,146.79,145.62,147.56,143.799931,652660.425388,146.0696
ACA,128.86,127.5,129.04,125.99,208857.40989,128.3611
PACS,41.3,40.8,42.0,38.94,1814558.763971,40.9865
NMR,8.09,8.0,8.12,8.0,872125.400985,8.0861
UVE,39.16,39.15,39.8027,38.69,252770.652463,39.0227
CAG,14.09,13.97,14.13,13.83,12489732.507974,14.0067
CAF,20.26,19.89,20.47,19.85,52825.564799,20.2735
AUGO,79.26,82.93,83.61,79.13,733562.718146,80.4115
IONS,77.6,75.67,78.03,75.08,1360373.467309,77.238
LPSN,2.15,2.21,2.22,2.13,101939.352083,2.1625
HYI,10.69,10.7,10.727,10.66,37564.3767,10.6867
FOF,13.97,13.83,13.9799,13.83,68751.18741,13.9007
HOV,103.25,103.23,103.91,101.785,81614.944101,103.0566
OBT,33.15,33.29,33.7,33.01,37181.554769,33.1984
SCD,15.24,15.24,15.29,15.18,75361.435837,15.2183
CLOD,29.9314,29.78,29.9314,29.72,299.9871,29.7706
FRA,11.21,11.14,11.21,11.12,115051.02302,11.1804
CSAN,3.63,3.81,3.86,3.61,2679884.707662,3.7185
HKIT,52.5,54.9375,59.6925,45.8325,225654.633418,62.325
AMSF,30.18,30.29,30.375,29.78,198416.633844,30.0498
KIMpL,19.7316,19.82,19.82,19.67,8986.3759,19.7275
CLW,13.51,13.46,13.76,13.455,158658.997541,13.5625
LH,254.42,255.77,257.3,254.0001,475785.24714,255.1485
GLE,0.5151,0.5065,0.5699,0.4801,543338.069898,0.5116
VVX,70.59,70.0,71.1,68.48,574950.313254,70.1468
FBK,51.35,51.81,52.32,51.17,302897.561148,51.4145
DFTX,22.01,21.19,22.46,20.83,1483689.836472,21.9777
ROMA,7.81,7.87,8.0,7.64,18199.382199,7.8602
RILY,8.39,8.71,8.9258,8.32,768795.376491,8.5275
DGRE,39.175,39.04,39.38,38.735,44627.0797,39.1692
GURE,3.82,3.51,3.92,3.51,8560.23829,3.6985
VTC,76.59,76.48,76.6399,76.42,223123.159065,76.5674
MEOH,63.54,64.42,64.94,63.09,452722.873071,63.7776
SYFpB,26.02,25.94,26.1,25.94,26586.9206,26.0348
DAIO,2.77,2.83,2.92,2.6801,10194.302958,2.8264
KOF,105.94,105.73,107.39,105.66,133094.25698,106.4809
ECBK,18.23,17.99,18.338,17.99,10919.909199,18.2308
IBTJ,21.68,21.67,21.68,21.6534,198342.599345,21.6695
PSNY,22.27,21.1,23.28,20.5301,237667.958798,22.542
QQQH,55.66,55.67,55.73,55.39,31288.087121,55.5773
JOYY,59.61,57.66,60.08,57.5,295356.882373,59.405
CFFN,7.58,7.61,7.675,7.56,690307.063254,7.5911
AHLpE,20.88,20.79,20.93,20.79,3882.807,20.8546
MNPR,61.44,60.72,61.5,57.64,302475.506284,59.1995
EDN,23.15,23.9,24.14,23.0301,132953.133526,23.3981
CALM,79.51,78.775,80.18,77.415,1216362.078387,78.9747
IFLO,33.0476,32.91,33.0476,32.91,1290.537233,32.967
METpE,23.09,23.04,23.1,22.985,31998.8383,23.0301
PMTW,25.67,25.56,25.67,25.56,1182.9236,25.6462
MRDN,10.85,11.08,11.53,10.66,42804.959855,10.9413
TUGN,27.58,27.57,27.68,27.19,186707.7637,27.5628
UNF,256.4,256.8,258.215,254.17,150865.22339,256.0042
TPG,42.58,43.64,43.64,42.225,2200726.292246,42.6886
YSG,2.74,2.91,2.94,2.72,104722.073403,2.8271
MVST,1.52,1.41,1.655,1.38,10406753.945191,1.5385
ECG,160.77,162.53,162.53,152.9,682718.826158,159.2422
HZO,33.35,32.82,33.5,31.9,326221.876788,32.7871
AWK,127.37,126.25,127.67,125.46,1670238.864208,127.0943
NLOP,11.87,11.855,11.91,11.5601,83987.32083,11.8269
STK,51.89,51.11,52.0099,50.0,68436.00521,51.5438
AXSpE,19.53,19.57,19.58,19.48,28847.177107,19.5304
FINX,25.0283,25.26,25.26,24.63,36301.792957,25.0309
BMR,1.84,1.81,1.8473,1.79,77238.038159,1.8164
JVA,4.32,4.36,4.4165,4.29,17509.73605,4.3492
EOG,134.93,134.15,135.19,132.65,2595021.639576,134.2728
MDVpA,24.95,25.06,25.06,24.95,815.2225,24.986
FTSL,45.2,45.17,45.22,45.08,180923.907283,45.1617
SDHY,15.98,15.96,16.1,15.95,67955.564185,15.9988
III,4.26,4.28,4.285,4.115,385033.721698,4.2441
CRNC,10.68,9.94,11.0,9.84,1925322.125001,10.6124
BKV,27.76,28.26,28.33,27.632,686951.391635,27.839
JFIN,4.5,4.87,4.9778,4.48,223809.186469,4.6442
DJD,60.46,60.45,60.58,60.235,34136.951882,60.3929
OSCG,19.7233,18.76,20.865,18.68,24342.1652,19.6846
TRNO,66.28,65.63,66.33,65.24,624765.013949,66.0248
OCCI,3.69,3.73,3.747,3.57,341647.510983,3.6655
MKL,1820.58,1826.0,1844.77,1810.0,73729.318554,1823.2292
NLYpI,25.675,25.7,25.73,25.66,45322.6567,25.7012
MORN,166.22,173.18,174.71,160.79,672546.72728,165.0901
AMBR,1.93,2.0,2.01,1.93,28032.0,1.9626
KAI,329.1,325.96,329.885,321.92,353025.925884,328.4944
HRL,19.91,20.01,20.16,19.81,3637596.451121,19.9402
YUM,149.77,151.92,153.82,149.69,1700998.160332,150.8178
MIN,2.47,2.45,2.47,2.45,162137.7326,2.4666
MCFT,24.89,25.13,25.205,24.41,131666.618638,24.9519
CMI,709.57,710.0,716.36,702.86,908989.491119,710.3866
EAF,9.27,9.19,9.7162,9.01,141049.646544,9.3225
ENO,22.08,22.03,22.1,22.03,2967.0,22.0667
DX,13.19,13.3,13.32,13.18,4768627.753776,13.2485
BRO,54.38,55.12,55.33,53.8135,4192726.856467,54.3788
SATG,20.565,20.4,21.81,19.55,358957.3967,20.9972
GIL,56.69,57.0,57.34,56.16,863476.141539,56.787
LYEL,19.24,19.1,19.41,18.64,39433.387269,19.161
HWBK,36.51,36.26,36.68,36.26,7052.91949,36.5191
MATW,27.79,27.63,28.0,26.92,356588.082303,27.7749
FTHM,0.708,0.75,0.7509,0.6889,225304.666,0.7122
VYM,155.64,155.56,155.8813,155.01,782160.327954,155.4643
ASMU,28.77,27.33,29.45,26.73,104817.777094,28.1583
VDC,231.23,229.88,232.69,229.82,100319.923018,230.6972
BATRA,54.4,53.93,54.58,53.17,34955.038893,54.121
GREE,1.34,1.23,1.46,1.2,519974.8345,1.3334
DUOL,104.98,105.0,105.61,100.8836,1445536.002714,104.2318
SWX,88.72,90.71,90.71,87.71,432942.381239,88.592
VERA,39.15,36.5,39.655,36.475,1186433.689092,38.8071
UNCY,8.51,8.1,8.5554,7.96,669711.896655,8.3711
BYD,80.57,82.19,82.435,79.84,1031951.12537,80.7345
BWIN,20.14,19.82,20.15,19.53,1331709.952469,19.9141
GRNT,5.16,5.32,5.37,5.105,955640.768948,5.1708
PGP,8.86,8.97,9.02,8.61,195770.878,8.79
AXIApC,10.54,11.12,11.12,10.5,96997.64865,10.6696
RHI,24.9,25.64,25.64,23.59,3500706.281714,24.5185
CYAB,0.54,0.5355,0.5449,0.5026,240029.0,0.5221
MOMO,6.29,6.04,6.305,6.04,517290.431635,6.2426
BGY,5.78,5.81,5.81,5.74,549078.543338,5.7648
COPJ,46.87,46.84,47.53,45.9801,181497.77339,47.0221
SES.WS,0.0181,0.02,0.0275,0.0181,51608.0,0.02006
ROAD,126.87,127.15,128.29,122.08,494971.0085,126.1553
ATII,10.855,10.8,10.9,10.75,285129.239,10.8597
VRAX,3.49,3.5,3.625,3.25,71634.191956,3.4575
MFApC,23.82,23.77,23.84,23.77,8425.299,23.8169
VMO,9.76,9.79,9.79,9.74,400169.65636,9.7643
PGZ,9.93,9.95,10.05,9.93,26185.170848,9.9725
OSK,125.31,130.8,131.01,125.27,1195333.688406,126.6244
RLX,2.17,2.16,2.17,2.14,1034546.768272,2.1612
NSPR,1.17,1.22,1.24,1.13,342238.968763,1.1639
WHD,56.07,56.75,56.75,54.58,910214.370194,55.8019
HERE,3.19,3.18,3.25,3.12,142437.338,3.1624
IFS,44.91,45.26,45.54,43.62,307228.271934,44.5343
BOEG,17.23,16.7101,17.4399,16.35,99628.886678,16.9509
SKRE,8.02,7.84,8.04,7.82,30885.6542,7.9424
PSApG,20.35,20.35,20.4199,20.31,24465.8339,20.383
FULC,7.25,6.95,7.28,6.855,535712.588482,7.1137
BSM,13.55,13.56,13.61,13.43,251068.262888,13.5223
LYTS,23.79,24.16,24.16,23.19,533622.672495,23.8121
PINS,19.35,20.435,20.475,19.185,19379046.506279,19.5476
CNTX,2.36,2.48,2.48,2.35,449195.223103,2.3865
GGB,4.68,4.8,4.895,4.66,21878742.027321,4.7853
OOMA,18.84,18.5,19.04,18.31,325391.300843,18.7661
WNW,3.42,3.28,3.6,3.27,95969.056062,3.4112
TGS,29.36,29.89,30.3358,29.26,201685.313491,29.594
PGY,13.16,13.36,13.36,12.705,4170690.480145,13.0462
KB,103.68,102.19,104.695,101.77,282807.509111,103.7764
UBER,74.7,75.6,76.05,74.0201,14055166.804872,74.8757
SEMY,17.24,17.17,17.32,17.12,335355.40508,17.2395
NNE,27.05,27.67,27.8999,26.35,1747343.943144,27.2244
KEEL,4.15,4.11,4.29,3.84,32462552.542071,4.0669
AIRR,129.48,129.43,130.02,126.84,1595944.420581,129.1482
FKWL,3.41,3.4102,3.4901,3.4,140406.291,3.4118
FMFC,0.4055,0.4109,0.420451,0.4055,92081.719121,0.4127
BLES,47.21,47.31,47.3599,47.12,12944.787526,47.2346
LONA,10.32,10.06,10.64,9.61,23009.651207,10.1496
FELC,41.52,41.2,41.6,41.08,435900.45539,41.3948
LGIH,45.48,44.92,46.1999,43.81,476338.236857,45.399
NVS,149.75,148.23,150.325,148.16,1271464.489811,149.45
DLRpL,20.211,20.26,20.31,20.21,17204.6379,20.2699
ODVWZ,0.1501,0.1501,0.151,0.15,2600.0,0.1502
ALK,38.56,38.11,38.77,38.08,2061978.124037,38.4373
MFIN,9.37,9.19,9.39,9.19,54460.151373,9.3511
PBH,51.81,49.87,52.05,49.61,750576.42313,51.3819
DBMF,31.12,31.05,31.18,30.995,1015028.080765,31.1311
BWFG,50.49,50.26,50.775,49.965,31758.471745,50.3397
CARS,10.4,10.42,10.54,10.28,787138.456541,10.4372
GOF,11.5,11.6,11.6,11.5,1768173.885945,11.5613
ELE,19.43,19.82,20.08,19.41,180241.828479,19.7571
TDC,32.7,31.54,33.505,31.365,3682747.166845,32.7754
CBAN,19.37,19.32,19.5999,19.32,160278.440548,19.3941
LUNG,1.33,1.28,1.345,1.2501,282192.815603,1.3051
TTC,91.01,94.85,94.85,89.88,901622.338929,91.2387
DDS,532.92,534.98,537.655,522.49,123914.740053,529.0824
BTOG,1.71,1.71,1.7597,1.6801,34802.599143,1.7191
CRDF,1.69,1.66,1.71,1.64,672654.71758,1.6837
TSAT,53.62,53.62,55.375,52.69,153399.519879,53.9185
SPE,14.31,14.32,14.32,14.2599,26467.6176,14.2974
TALO,15.31,15.35,15.4,15.0,1896737.433317,15.2739
PMM,6.28,6.27,6.3,6.24,56428.7737,6.2572
IJT,160.49,161.03,161.03,159.39,240371.472713,160.5788
PSKY,10.47,10.61,10.645,10.39,10685871.365605,10.4897
SNBR,1.77,1.88,1.95,1.71,1111049.195262,1.7865
ADAMO,25.25,25.16,25.3066,25.16,5245.0,25.2072
CPA,114.92,116.0,116.55,114.24,410326.945812,115.351
STRL,854.28,861.77,871.87,831.9,583628.15054,852.8533
WAB,264.78,269.93,271.36,264.71,1049255.202233,266.1843
BPYPM,16.99,16.99,17.01,16.96,6325.65099,16.9886
GFI,44.78,44.13,44.78,43.64,3211960.926697,44.4088
ASGI,23.67,23.93,23.93,23.6,106545.400437,23.6822
AFYA,14.1,14.16,14.39,14.055,75424.416729,14.1785
BYAH,1.47,1.39,1.5682,1.36,56049.98,1.4467
PSApH,22.575,22.63,22.63,22.5001,13240.9294,22.6151
SLVM,38.26,40.17,40.175,38.22,352105.795095,38.6406
PFD,11.44,11.43,11.495,11.42,9078.7273,11.4501
BDMD,1.7,1.74,1.74,1.66,106322.558464,1.6914
SSTK,16.18,15.99,16.18,15.58,404141.583982,15.9456
COAG,28.56,26.0,28.65,25.4,209919.221539,27.3875
FTRE,14.47,14.58,14.8,14.23,958507.973125,14.4743
UVSP,37.79,37.85,38.24,37.74,161936.4079,37.8504
LGND,221.21,221.59,226.275,218.965,218576.790875,221.6414
YXT,0.496,0.5026,0.502899,0.432268,40519.0,0.4625
PHAR,12.97,12.86,13.1121,12.83,12667.2201,13.0396
ALP,0.2679,0.2522,0.2679,0.24,18413994.186774,0.2656
CAOS,90.56,90.56,90.56,90.4984,29936.254036,90.5481
ENSG,178.0,174.97,178.11,174.02,749237.500811,176.978
BSCZ,20.505,20.5,20.515,20.47,40841.9503,20.4927
FFBC,29.76,29.87,30.0,29.57,907780.08853,29.7661
CORO,35.86,35.7,35.96,35.59,439391.003457,35.8295
AHLpD,21.2,21.08,21.2,21.01,3429.936,21.1204
HGER,33.24,33.34,33.43,33.17,931696.481952,33.2995
ADAG,3.7,3.64,3.725,3.59,29316.660453,3.6859
CMREpB,25.7041,25.7,25.7041,25.7,682.1586,25.7038
LGCB,0.3341,0.5713,0.5713,0.28,463370.697834,0.3542
JHS,11.13,11.19,11.19,11.085,4268.0523,11.118
SPWH,1.33,1.37,1.37,1.33,95881.143912,1.3477
TNXP,13.84,13.26,13.86,13.0201,312580.318958,13.6338
COMT,35.8723,36.11,36.265,35.79,657288.790095,35.9541
DRTSW,1.8,1.79,1.8,1.62,82915.0,1.7718
BF.B,26.16,26.72,26.855,25.635,2719352.836492,26.1523
GENK,2.26,2.16,2.36,1.965,79435.102468,2.2662
CWT,43.31,43.16,43.41,42.83,347794.515762,43.194
HIW,26.04,25.41,26.13,25.325,1999042.552247,25.9426
HCKT,9.22,10.15,10.17,9.155,587263.996369,9.3562
IMUX,12.95,11.51,13.3037,11.3,461915.925698,12.6454
IPHA,1.32,1.41,1.41,1.32,9264.0,1.3625
TGE,0.98,0.98,1.03,0.965,22569.0,0.9847
SQFTW,0.0153,0.0143,0.017,0.0143,4989.0,0.01451
KYMR,85.59,82.87,85.96,82.75,408531.018552,85.1745
CVI,33.84,34.41,34.475,33.2,795939.190559,33.8997
MVIS,0.76,0.7177,0.7971,0.68,12858248.091224,0.763
XXII,13.908,11.524,14.3,10.882,78168.370963,13.224
GRDX,3.45,3.37,3.52,3.14,60457.6241,3.3463
NPCT,10.47,10.51,10.522,10.41,178507.1959,10.4735
HTFL,31.2,29.72,31.76,29.015,943945.492225,30.8713
BAM,47.84,48.29,48.46,47.49,2993636.652558,47.8631
RDVY,73.9,74.1,74.1,73.6341,912522.277422,73.887
PSApJ,18.56,18.57,18.57,18.5,16796.9872,18.5111
SAR,22.01,22.17,22.26,21.95,76619.444541,22.0461
F,13.57,11.97,13.94,11.97,216261152.282606,13.2857
CANG,0.5277,0.599,0.599,0.5277,755331.571339,0.5555
HITI,2.41,2.4,2.449,2.4,145636.322771,2.425
ELWT,8.84,8.72,9.59,8.1001,60446.039808,8.5671
TDY,635.96,635.36,640.455,623.5,259871.924534,636.2429
BLIN,0.8802,0.93,0.93,0.8499,44528.0,0.8794
GNLpD,23.73,23.74,23.75,23.56,6112.1268,23.6966
AFCG,2.96,3.25,3.29,2.95,540606.91452,3.1122
UONE,6.47,6.62,6.8,6.37,54704.782074,6.5302
NVST,23.92,24.25,24.625,23.815,2538945.630291,24.0429
TCRX,1.16,1.14,1.17,1.1211,357157.998,1.1508
NVCR,18.1,18.12,18.505,17.84,1153693.527645,18.2105
PBT,28.86,28.33,29.4,27.13,269986.572699,28.6364
LUCK,7.82,8.23,8.43,7.67,87059.825817,7.8857
GPI,327.78,332.82,336.53,327.075,154967.069282,331.196
EGAN,6.48,6.89,7.25,6.4,383332.79951,6.526
PBR,19.59,20.32,20.375,19.5,19823537.485274,19.8449
PANG,15.0361,13.06,15.129,13.06,90555.642589,14.2166
FLNG,31.67,32.1,32.855,30.7501,954586.386164,31.456
PDI,17.12,17.16,17.23,17.07,3241453.604719,17.1489
CGTX,1.2,1.18,1.22,1.165,796406.392019,1.1966
CTAP,32.27,32.41,32.6,32.2,31915.3298,32.4522
MKLYU,10.25,10.21,10.25,10.21,200.0,10.23
FBP,23.09,23.32,23.44,23.045,945442.728519,23.1551
JFR,7.6,7.57,7.6,7.545,632450.26915,7.57
RKNG,27.1873,27.37,27.6,26.49,15932.653,27.118
IIIN,26.59,26.31,26.6,25.91,171467.948752,26.4337
ALH,25.12,25.09,25.375,24.12,1089253.159715,24.988
STTK,6.75,6.6,6.998,6.4819,327984.055335,6.7274
LXP,51.65,51.46,51.91,51.14,300311.526917,51.5418
LAZ,45.25,45.75,46.07,44.6,1091453.31824,45.1509
JPMpC,25.02,25.12,25.12,25.02,68241.3137,25.0657
FTHI,23.85,23.79,23.86,23.765,561169.384311,23.8221
KURA,9.48,8.97,9.54,8.76,2427528.505173,9.2436
AIRS,4.66,4.21,4.67,4.08,1555251.159137,4.45
NMI,10.6,10.6,10.72,10.545,14696.9585,10.6421
CPS,29.08,28.68,29.42,28.5,135920.140932,29.0173
EVCM,9.7,10.09,10.4299,9.34,128328.621266,9.739
TRDA,7.32,7.02,7.35,6.78,674847.454638,7.0359
WDH,1.58,1.57,1.6,1.565,153468.241626,1.5829
WHF,7.24,7.28,7.3388,7.2,80083.669832,7.2537
BCE,24.39,24.55,24.795,24.3,2846419.966932,24.4758
NPKI,15.6,15.14,15.715,15.03,661366.798124,15.5375
BOKF,126.93,128.21,128.21,125.83,310275.73514,126.9636
AWF,10.18,10.19,10.25,10.15,317983.570482,10.1827
HG,30.27,30.55,30.86,29.41,665796.765065,30.086
BC,78.18,77.67,78.52,76.98,479076.190719,78.0584
OPTU,0.9277,0.9732,0.9894,0.91,4336680.759136,0.9358
GDRX,2.61,2.68,2.695,2.58,1152282.647629,2.6282
NBSM,26.3075,26.51,26.51,26.22,9998.9189,26.3065
KBWB,83.56,84.24,84.46,83.54,698990.651127,83.868
MAS,67.48,68.98,70.225,66.56,5098890.116542,67.4776
AMR,179.44,185.48,186.97,174.35,341656.976203,179.2923
ARR,17.39,17.5,17.52,17.215,4269928.495634,17.3584
KF,69.39,68.65,69.39,67.9913,27215.032817,68.5538
CRVO,3.72,3.72,3.79,3.6715,23937.765565,3.7411
BTZ,10.25,10.23,10.27,10.22,194633.75023,10.2475
FLWS,4.27,4.33,4.505,4.23,814992.097997,4.3552
FLN,25.9766,26.69,26.69,25.9201,11977.2978,26.3607
ZSQR,11.3,11.9,12.93,11.1,145623.16386,11.923
TRAW,1.72,1.61,1.77,1.58,1299863.278903,1.6869
CI,300.71,298.29,303.33,296.51,2224480.449515,300.1501
MFAN,25.0999,25.1,25.22,25.0999,26704.9369,25.15
PEBO,33.06,33.39,33.62,32.98,172800.5142,33.1104
IBTG,22.865,22.86,22.87,22.86,469851.74819,22.8657
IQI,9.92,9.92,9.96,9.88,153194.504644,9.925
MMKT,100.225,100.23,100.23,100.2201,4239.439807,100.2255
PCB,23.74,23.48,23.76,23.46,25603.1789,23.6879
IZM,0.4135,0.3931,0.4551,0.387,1016483.652068,0.4512
IOYY,9.4049,9.36,9.405,9.2,8000.258666,9.3282
MDLN,38.71,38.43,38.81,37.645,7703380.7426,38.2754
PLRX,1.17,1.17,1.19,1.16,171742.230762,1.1773
ATMU,54.15,55.5,55.83,53.57,1167748.009502,54.3311
LBTYA,11.67,11.57,11.765,11.49,968053.175011,11.6719
KSA,38.59,38.605,38.63,38.505,170299.887407,38.566
CHSCN,25.3128,25.28,25.335,25.28,6906.1971,25.3071
EVIM,52.87,52.87,52.89,52.75,29906.1042,52.84
FTCI,4.33,4.2,4.37,4.02,114906.403573,4.2428
ETD,18.68,18.68,18.8,18.28,724201.404126,18.5465
EMM,43.0905,42.6,43.1999,42.6,7530.422849,42.9897
VNOpL,17.72,17.81,17.9,17.66,179469.478,17.7749
WEBL,23.8,23.14,23.98,22.49,298235.006586,23.5001
SGVT,100.59,100.59,100.6,100.59,263730.30957,100.5936
OPRA,18.19,17.95,18.39,17.89,312472.879124,18.1657
UDR,37.56,37.16,37.755,36.95,5126461.031831,37.4608
DEI,11.74,11.89,11.925,11.69,2386835.288105,11.7756
USXF,66.4,66.63,66.63,65.89,68317.307114,66.2632
ARAI,0.7019,0.6972,0.7108,0.67,805002.567333,0.691
FTAIM,27.0,26.91,27.08,26.91,3275.0,27.0119
ENLV,10.986,11.3985,12.027,10.821,16636.444639,11.2185
CCCC,3.68,3.19,3.95,3.135,14563913.893318,3.7371
MNR,14.16,14.25,14.3499,14.0,338446.207355,14.1047
PEBK,39.9,40.17,40.35,39.75,16660.98551,40.023
WPACr,0.45,0.49,0.49,0.45,23828.0,0.4921
TCAI,49.95,50.4,50.41,48.955,127461.574293,49.6398
NTGR,25.68,25.91,26.28,25.1,332278.361178,25.5763
CHGG,1.14,1.08,1.15,0.96,11806460.857702,1.0863
MIDD,147.45,150.04,150.36,147.05,729771.889035,148.2429
DJCO,471.52,482.65,483.65,469.315,24758.918164,474.729
VRSK,161.47,164.95,165.12,158.75,1838814.385449,161.1349
VLYPN,25.98,25.96,26.0,25.95,5893.0944,25.9787
TRTNpG,23.87,23.9,23.9278,23.65,15022.477,23.7846
COFpJ,18.2,18.3,18.3,18.2,62188.3763,18.237
SEIC,92.24,91.81,92.595,91.09,535244.293746,91.957
SLB,55.38,55.77,55.83,54.66,13672061.608065,55.3366
BIDG,20.6783,18.38,21.11,18.38,57252.541,20.3928
ABNY,40.49,41.0,41.0,40.49,5145.264652,40.7064
SUJA,17.03,17.79,17.865,17.0,511746.639034,17.4417
PLUL,32.37,26.31,34.47,24.38,179262.665241,28.6448
SAM,179.19,180.99,184.2,176.77,401483.347047,179.4183
CHW,8.8,8.82,8.84,8.765,163895.714337,8.8065
BACpN,20.39,20.49,20.49,20.39,54943.4616,20.4114
RDGT,1.42,1.45,1.49,1.3901,78340.809891,1.4379
COFpK,17.6101,17.7,17.7,17.57,14017.5178,17.6215
LOMA,10.48,10.61,10.73,10.33,729949.11838,10.4201
IGD,6.04,6.03,6.07,5.995,160219.051061,6.0425
WAGN,14.59,14.59,14.6299,14.46,114335.248224,14.5308
APLM,13.5273,14.21,14.21,13.5273,2322.0,13.692
FF,4.06,4.05,4.085,3.95,750743.995206,4.0226
MPLX,54.81,54.34,54.83,53.94,1970896.045293,54.5206
SMP,38.31,38.54,39.09,38.11,71737.81794,38.3824
CRBD,23.54,23.86,23.86,23.46,46328.483,23.5959
FIVE,209.99,208.2,211.9999,205.1407,851835.431074,209.6438
ACI,16.54,15.8,16.58,15.79,6022174.696882,16.3584
TWIN,18.11,18.47,18.95,17.81,55096.974524,18.1111
TBBB,35.65,35.54,35.75,34.65,215311.117458,35.4938
FENC,6.77,6.99,7.12,6.75,149432.225081,6.8725
REXR,35.6,35.26,35.64,35.04,2394915.049554,35.4995
UNB,23.6,23.41,23.622,23.41,5778.5394,23.5474
FERG,233.62,237.93,237.93,231.0,941940.464892,233.6973
ICG,1.26,1.2,1.3,1.2,42761.703347,1.2518
PSApF,20.62,20.55,20.6647,20.49,8223.9587,20.5846
KOID,40.97,40.6,41.08,40.435,100551.872447,40.826
NRP,107.13,107.37,108.755,105.59,27567.2421,106.8398
NC,48.73,48.5,49.29,48.5,18547.8994,48.8624
AAPG,21.38,20.01,21.38,20.01,3605.871553,20.8936
JKS,26.04,25.42,26.75,25.2,1556819.656969,26.0417
PMTS,15.78,15.61,16.15,15.48,51808.029886,15.8713
GLDN,18.3804,18.39,18.52,18.3064,4939.1273,18.4259
EGO,35.54,35.25,35.88,34.93,3285887.089979,35.4773
PCMM,49.65,49.77,49.8,49.5,36149.80147,49.6917
ALVO,3.67,3.51,3.73,3.44,528253.449064,3.6687
OPK,1.11,1.1,1.12,1.1,1729829.141096,1.1075
SSP,3.48,3.56,3.575,3.425,780757.058228,3.4872
CTXR,0.65,0.6125,0.669799,0.6013,719142.311627,0.6358
PCSA,2.55,2.58,2.64,2.52,14834.669851,2.5936
CGEM,16.33,16.0,16.475,15.66,971915.184838,16.1185
ABVE,0.5128,0.5303,0.55,0.49,1852474.237137,0.5179
DFSV,36.74,36.95,36.95,36.62,752124.919159,36.7321
GRCE,2.25,2.3,2.33,2.19,519995.718157,2.2432
ADNT,22.03,22.09,22.87,21.925,1139333.615243,22.2201
VIST,68.4,69.49,69.78,68.12,923335.132503,68.9249
OPPJ,60.89,60.66,61.12,60.54,46533.700252,60.9141
AUID,1.19,1.19,1.23,1.1502,141186.558817,1.1959
TTXD,18.2478,18.27,18.6,18.2478,1161.2091,18.4406
FDBC,45.4,45.08,45.63,45.01,5324.17121,45.3836
COFpI,19.155,19.19,19.19,19.12,67516.1637,19.1569
HLIT,13.35,13.06,13.525,12.68,3278082.873051,13.2849
MKTX,139.28,140.4,140.4,137.27,549850.395492,139.1002
LCII,110.96,112.31,112.78,110.35,250927.964397,111.1121
OC,118.56,118.4,119.86,117.63,1018311.106249,118.592
CELZ,2.21,2.33,2.33,2.2,33035.5342,2.2325
WEYS,33.91,33.2,34.01,33.17,18266.9313,33.6947
TSN,66.89,67.47,68.0372,66.1,2466096.788601,66.7004
NSP,29.19,30.97,31.2,28.04,502976.17298,29.0981
NE,51.24,51.54,51.97,50.91,1311781.470821,51.3572
HURN,103.47,109.3,109.3,101.4901,360111.817533,103.468
HQI,12.47,11.12,12.575,11.0,18155.532,12.0426
GIII,29.43,29.64,29.73,29.07,479741.41339,29.4101
HCC,85.08,88.51,89.0,84.59,743502.532514,85.798
GNSS,1.85,1.93,1.93,1.81,306005.629853,1.844
THG,189.3,188.61,190.79,186.665,281620.06182,188.8125
TRP,67.06,66.38,67.32,66.16,2912927.297827,66.798
PLSE,23.96,23.16,24.0,22.82,301157.126246,23.649
BTX,8.63,8.37,8.67,8.265,1541937.521593,8.5351
NPO,317.78,311.95,318.48,303.995,243125.815103,311.9984
GDL,8.46,8.51,8.51,8.46,4635.3239,8.4702
STNG,82.13,83.84,84.11,80.14,1215330.66853,81.617
OTTR,89.33,89.38,89.5201,87.13,322628.507096,88.9256
RDAGU,10.5,10.5,10.5,10.5,1000.0,10.5
PCAR,111.78,112.46,113.13,111.56,1965255.512704,111.9219
BRLT,1.23,1.34,1.395,1.23,145549.605146,1.2741
VSH,38.5,36.39,40.07,35.3,11895716.576069,37.7633
CC,25.18,24.8,25.62,24.275,3910050.532574,25.1408
M,18.43,18.35,18.47,17.985,5229363.196099,18.2839
ICU,4.6,4.89,4.89,4.56,73793.3544,4.7398
DWSN,3.41,3.46,3.53,3.36,19822.278711,3.45
KIM,23.08,23.42,23.46,22.995,3759842.75446,23.1179
RPGL,15.112,18.36,19.388,15.112,89295.056016,17.212
FMB,51.0567,51.09,51.0999,51.03,115410.6569,51.0587
GPK,9.8,10.05,10.17,9.78,8087909.898165,9.9181
RCKY,33.18,32.93,33.25,32.01,101721.381575,32.7431
TGLS,38.54,37.73,39.055,37.52,333570.49793,38.4579
SBLK,26.69,27.57,27.69,26.4,1048848.079104,26.7099
WRBY,28.49,26.5,28.53,26.5,3330955.059738,27.9757
SAFE,14.72,15.2,15.3,14.59,299869.285531,14.8708
FTDS,58.5565,59.39,59.39,58.47,2252.178003,58.9641
IIF,21.65,21.41,21.71,21.4,31601.540293,21.5748
FDX,369.7,378.31,379.9,367.095,1577782.337146,370.5017
NEWZ,29.2322,29.79,29.79,29.08,6032.6027,29.1288
YI,6.1,6.07,6.165,5.79,26607.672263,5.985
DLRpK,22.6299,22.7,22.7,22.56,14525.8073,22.6316
IONL,34.12,34.9,35.2658,31.2,899109.522087,34.0066
CCNE,30.31,30.26,31.075,30.18,119385.30731,30.3455
IBOT,66.0525,65.64,66.16,65.3701,29676.08746,65.8133
FYX,130.6853,131.52,131.52,129.6,42601.0031,130.7949
OLPX,2.04,2.04,2.04,2.03,3727826.702336,2.0352
PDCC,11.4,11.66,11.675,11.4,3881.62146,11.5569
SCHWpJ,18.19,18.23,18.27,18.15,32731.0109,18.2059
WFCpA,18.71,18.8,18.8,18.68,38768.3315,18.7248
MKTW,18.22,18.92,18.92,17.865,21985.18092,18.3567
WBS,71.67,71.76,71.93,71.495,2729206.708563,71.7152
TWN,94.95,93.39,96.25,93.31,40985.916007,94.9816
FDMT,10.45,10.34,10.55,10.22,362770.738508,10.4276
PBM,5.16,5.45,5.515,5.05,365438.703814,5.6752
GEME,43.0278,42.88,43.055,42.41,11772.231,42.8438
SAIA,431.42,436.33,440.45,426.86,257013.35221,430.7088
PODD,148.84,156.11,159.3462,145.585,1990896.428692,150.3406
AVB,186.46,186.23,186.84,184.79,948602.064852,186.0509
FSM,10.69,10.67,10.765,10.38,4305817.144212,10.6443
KWR,141.99,140.12,142.02,138.44,128259.70391,140.4748
FBNC,57.82,58.44,58.9499,57.74,285812.485802,58.0184
BULL,7.08,6.945,7.14,6.73,8954532.309129,7.0002
IP,31.98,32.76,33.265,31.94,5726884.493211,32.3564
MLCO,5.45,5.49,5.52,5.33,2190920.452014,5.4123
GXO,49.92,50.23,50.555,49.24,943157.082475,49.8287
BSTZ,28.29,27.97,28.32,27.59,307528.767032,28.0381
JPMpL,19.03,19.1,19.12,19.03,113656.5736,19.0902
QTTB,5.94,5.82,6.21,5.76,182337.245292,5.9949
ELTK,7.75,7.54,8.0,7.3,20924.638445,7.6484
FLC,16.94,16.99,17.01,16.91,13758.0266,16.9569
DNUT,3.31,3.25,3.32,3.205,2474495.441625,3.2633
AIHS,1.08,1.09,1.1199,0.85,46811.7,1.055
GLOB,32.75,35.11,35.19,32.5,3091800.650403,33.2541
CBRE,140.65,142.8,143.47,139.39,1580302.123824,140.6788
AVTR,7.87,8.08,8.15,7.835,9128003.860164,7.9429
METCB,10.0002,10.2769,10.2868,9.9508,18468.551758,10.0795
VNOM,48.36,48.09,48.595,47.68,1335925.22831,48.2852
VNOpM,17.69,17.75,17.75,17.4827,3124.9144,17.6499
FPWR,37.1547,37.13,37.199,37.0401,4224.6835,37.0959
GCL,0.4655,0.451,0.48,0.4501,24271.0,0.4552
IMVT,29.25,28.5,29.35,28.29,1222972.634204,29.1004
SMTK,0.271,0.295,0.295,0.2622,173671.37231,0.2789
FHI,55.85,55.77,56.12,55.025,704878.688917,55.6908
FOA,20.03,19.62,20.29,19.62,51438.162779,20.0014
NMT,13.28,13.1,13.39,13.1,14623.9665,13.252
FCNCO,21.3999,21.37,21.44,21.31,7850.4831,21.3742
FIGS,12.21,11.62,12.31,11.55,4976090.001749,12.0705
SLVR,71.5,71.0,72.59,69.06,221474.708948,71.4796
DAKT,20.01,20.53,20.87,19.96,406029.561453,20.1903
EDUC,1.48,1.38,1.54,1.38,51152.7996,1.4812
AHG,1.93,2.12,2.12,1.92,189551.441907,2.0676
MPA,11.39,11.46,11.46,11.36,25809.719,11.4021
HAS,94.01,94.78,95.41,93.48,1243128.849099,94.2192
HWC,65.19,65.74,66.15,65.03,945408.100216,65.3713
ATEX,55.29,54.25,55.51,53.155,331241.453664,54.6625
UTL,50.94,50.68,51.01,50.4,117170.544861,50.7748
PEO,26.12,26.17,26.2,25.9,56664.449367,26.0519
EMBJ,58.26,58.53,59.94,57.5,1952461.72416,58.683
GMM,65.0,57.5,67.5,57.0,173470.71,61.255
HRMY,30.83,30.01,31.0,29.74,646949.14806,30.6237
MANH,125.56,132.93,133.505,124.3301,738675.182171,126.5879
CARR,65.57,65.85,66.2,65.0,3660800.119762,65.5548
AN,191.11,193.93,195.27,190.08,311940.784445,192.0012
BDX,144.18,146.59,146.59,142.83,3830200.78011,143.9609
HAFC,29.05,29.32,29.32,28.98,192213.97833,29.0904
MT,64.47,62.69,65.0,62.64,1964098.697,64.1942
SUPV,7.63,7.82,7.89,7.51,1020511.159946,7.6631
CART,39.95,39.0,40.19,38.34,4884526.69765,39.6906
PBQQ,31.115,31.14,31.1883,31.085,15303.3612,31.1489
EPRT,30.68,31.03,31.17,30.6,1539825.405883,30.7398
KWM,0.2822,0.2889,0.2984,0.2779,249656.796,0.2868
BApA,75.93,75.31,76.2599,74.44,915988.05,75.4679
AD,50.84,51.43,51.786,50.78,237831.190687,51.0938
WY,23.1,23.4,23.45,22.925,7638947.660008,23.1822
DORM,116.32,119.0,122.395,116.24,212430.834517,117.2657
PII,63.59,64.83,64.83,63.35,579332.194771,63.8114
IGBH,24.5679,24.54,24.57,24.5201,32010.182561,24.5357
ACHV,5.96,5.98,6.0958,5.63,1312518.31477,5.9428
CHEF,80.5,80.0,81.615,78.795,393883.88647,80.5454
NEE,94.85,94.1,95.395,93.32,6775662.619377,94.7807
CVEO,33.27,32.0,34.0,31.1701,95166.035581,33.2249
FGL,2.08,1.995,2.19,1.86,97185.830321,2.0436
TKR,115.74,117.14,118.27,114.98,1265117.491144,116.2067
TRTXpC,19.36,19.22,19.38,19.2001,2226.5125,19.2918
STRT,62.45,62.21,64.725,60.92,73304.957693,62.4318
KOPN,5.02,5.5,5.6999,4.81,13151566.951686,5.0787
EEFT,69.87,69.64,70.89,69.07,749318.899405,69.756
SOS,1.1,1.14,1.155,1.1,17478.936747,1.1306
PAI,12.16,12.2,12.217,12.1332,7309.67654,12.1864
ARKO,6.94,6.87,7.0,6.72,902058.861294,6.859
ADEA,31.72,32.895,33.1895,31.14,3939263.28639,31.8725
FVR,17.84,18.01,18.155,17.7701,161058.515915,17.9589
CHCT,17.0,16.93,17.02,16.8,237782.375747,16.9293
EFXT,27.39,27.16,27.56,26.58,1157167.590845,27.2846
FSV,129.13,130.02,131.335,128.5,150933.441304,129.6134
HMH,21.0,20.91,21.5,20.89,112199.491796,21.094
EXC,44.27,44.5,44.61,43.91,9424616.079615,44.26
SVAC,10.45,10.42,10.47,10.405,122203.458677,10.4501
FCCO,29.49,29.6,30.3,29.32,58070.6009,29.5036
NAC,11.96,11.94,11.96,11.915,881061.1455,11.9395
MUX,25.92,25.88,26.36,25.12,787992.35941,25.9333
ROK,454.99,457.41,459.45,451.265,732747.927539,455.8636
ETO,30.55,30.19,30.6,30.02,47213.808075,30.3211
MCS,17.18,17.19,17.24,16.925,137907.502575,17.0986
EDAP,4.16,4.07,4.3,3.89,15283.675277,4.0944
BXMT,18.43,18.18,18.51,18.18,1235614.646321,18.428
JPSE,57.49,57.61,57.61,57.17,11882.095277,57.351
NZAC,45.85,45.66,45.93,45.644,2627.106925,45.7513
MP,63.73,64.78,65.61,62.17,6381300.704109,64.2243
LOCO,13.14,13.48,13.56,12.92,431745.183618,13.1584
FTXL,245.28,245.605,246.955,239.64,226092.261078,244.6157
GIPR,0.2631,0.2561,0.2698,0.2559,322032.849232,0.2617
DLPN,1.41,1.4,1.41,1.3716,42152.6,1.3993
DBVT,19.6,19.7,19.91,19.0,196256.72361,19.6352
PTNQ,86.1178,85.64,86.3639,85.1709,177892.061534,85.7628
NRC,18.67,19.12,19.22,18.3,78453.634622,18.7028
IRWD,3.68,4.045,4.045,3.57,4412273.569423,3.6962
AMTM,23.15,24.55,24.6,22.6,3975249.604879,23.1436
LUV,39.41,39.12,39.72,38.87,4796583.44434,39.4139
FSCO,5.13,5.09,5.15,5.08,833948.564575,5.1222
HTLM,1.69,1.8,1.8599,1.6801,3315.701598,1.7459
LEGH,22.41,22.0,22.47,21.88,65163.6664,22.2366
GUT,6.31,6.25,6.325,6.2165,305307.048475,6.2789
KFY,64.51,65.42,65.42,62.56,568466.748662,63.993
YSXT,1.12,1.08,1.215,1.04,57660.830316,1.1696
VERU,2.26,2.29,2.2901,2.21,58128.986362,2.2678
BBHM,11.55,11.62,11.7,11.52,69377.0,11.5745
HYZD,22.53,22.57,22.58,22.43,56138.96876,22.5315
LABT,29.5,31.5,32.093,29.5,10979.241139,30.199
HARD,36.3987,36.69,36.78,36.3987,9405.21711,36.5761
PJT,154.79,152.57,154.98,150.0298,211185.97964,153.8322
AIT,310.87,313.77,314.35,307.36,210897.37027,310.3378
LOBO,0.5128,0.56,0.56,0.5117,2630108.484247,0.6765
GBAB,14.14,14.12,14.2,14.1,57387.5615,14.142
SII,142.66,146.51,146.51,141.38,96121.881021,143.5202
BLDP,4.14,4.15,4.275,4.01,12995448.34421,4.1543
ORC,6.96,6.95,6.99,6.92,3034153.111003,6.9586
XERS,6.43,6.21,6.475,6.14,1630958.267268,6.3881
SRCE,71.57,72.2,72.23,71.08,118648.763976,71.5096
AUBpA,25.03,24.97,25.11,24.97,2015.09,25.0478
DLTH,3.05,2.99,3.07,2.875,90802.423532,2.9943
PAA,21.89,21.99,22.075,21.585,1853645.801619,21.8545
SIBN,14.16,13.7,14.94,13.562,1544296.56666,14.307
SMMT,18.79,18.81,19.08,18.43,2207586.603362,18.7427
ASIC,19.37,19.15,19.58,19.12,77436.932417,19.3483
DBX,26.2,25.6,26.29,25.485,4147996.508382,25.9717
DRH,10.47,10.53,10.625,10.41,1229424.778662,10.4764
HESM,38.82,38.96,39.26,38.495,2150297.807041,38.9511
TPST,1.84,1.9,2.015,1.81,109907.272872,1.8856
CNK,26.29,26.14,26.44,25.89,1739051.283088,26.2225
HSHP,15.96,16.5,16.69,15.75,296606.171253,16.0947
CLIR,4.45,4.49,4.735,4.35,16132.494283,4.5463
MHK,97.92,98.2,99.475,97.63,666441.498933,98.1749
RITMpF,24.46,24.63,24.63,24.3,36851.0,24.4242
FRAF,55.8,55.6,56.55,55.5,20059.284714,56.025
XRX,2.54,2.73,2.75,2.51,6030372.551806,2.5837
STRC,100.0,100.0,100.01,99.99,5303032.265408,100.0032
SLGpI,21.89,21.8,22.06,21.8,25539.222,21.9509
ALKS,38.91,38.5,39.56,38.01,3250711.67489,38.8005
AGZD,22.5905,22.56,22.66,22.56,21503.4559,22.6327
EXTR,22.77,22.96,23.0,22.33,2717442.733925,22.6628
AMST,0.831,0.8,0.867,0.8,74710.992516,0.8312
BAH,71.59,75.43,75.54,68.835,3552025.221832,71.4518
ENJ,20.17,20.24,20.24,20.17,307.0,20.1973
FTNY,7.862,7.9,7.9,7.85,87203.168094,7.8714
EVG,10.83,10.82,10.863,10.8,9851.272339,10.8345
PAMT,10.63,10.1,10.7,10.1,10659.862377,10.5431
DDD,3.2,3.22,3.325,3.045,7901074.5359,3.1874
NN,21.03,20.2,21.15,19.9,2830326.632986,20.6219
WLKP,23.57,23.59,23.77,23.48,38247.0058,23.6217
TFC,46.54,47.69,47.72,46.35,12525713.021272,46.7795
GDV,29.2,29.22,29.36,28.92,77727.376263,29.1147
CCRN,13.12,13.12,13.13,13.11,681834.770722,13.1231
MEXX,34.4582,34.16,35.33,34.16,11321.229064,34.6903
AUTL,1.71,1.59,1.7499,1.57,1996015.303328,1.6975
RAL,61.36,60.88,62.35,59.0,3685730.59528,60.7221
GEV,1062.57,1084.65,1085.0,1047.3,1588376.261329,1063.6814
GOSS,0.3436,0.3409,0.355,0.33,3320912.001531,0.3432
JELD,1.51,1.57,1.57,1.44,1430045.276073,1.5025
CYD,51.02,49.05,51.185,49.01,190914.262487,50.5239
VACI,10.16,10.16,10.17,10.15,108337.215,10.161
DEFT,0.6888,0.73,0.740499,0.6888,4655350.555635,0.705
KEYpL,25.0,24.97,25.05,24.95,10589.8881,24.9975
FMSTW,0.92,0.7551,0.92,0.7551,2573.0,0.8592
MCY,99.57,101.75,102.17,99.0,243531.82452,100.0231
GBCI,46.12,46.42,46.8,46.0675,900361.4697,46.2949
VOXR,6.28,6.09,6.33,5.99,477753.296871,6.2186
VVR,3.04,3.07,3.07,3.04,618738.048196,3.0471
TR,40.57,40.66,40.96,39.3,206535.312918,40.2299
AVTX,19.85,20.21,20.21,19.39,1565215.042492,19.7324
NXG,59.67,59.7,59.8999,59.425,166950.161444,59.6979
DRVN,12.68,12.73,13.05,12.62,1373443.711432,12.7855
RKTL,11.2554,12.5,12.5,11.2554,34794.348102,11.8337
ASLE,6.48,6.44,6.57,6.29,281055.804529,6.4732
HTD,25.46,25.49,25.59,25.26,31735.82098,25.4672
FRHC,141.89,140.97,142.88,138.86,106541.750735,141.2233
SMFG,22.33,22.4,22.515,22.06,3352351.522332,22.3359
WSHP,7.17,6.95,8.25,6.7015,295923.337813,7.5463
SITE,118.06,119.0,120.32,116.87,1248249.05256,117.8957
DE,580.65,588.34,591.01,580.16,961527.487195,582.0332
ACV,27.515,27.22,27.66,26.77,26686.175732,27.3
FTNJ,8.735,8.76,8.76,8.735,59323.0385,8.7434
GRDN,35.67,34.8,35.81,34.3,379369.606992,35.4962
BSVN,41.78,42.24,42.4775,41.4,7894.6244,41.8227
ARX,12.53,13.29,13.38,12.325,1721187.056708,12.6527
FINS,12.8199,12.88,12.915,12.79,24723.00679,12.8325
ESTA,69.08,69.08,70.505,64.98,427929.654209,69.1877
AIV,4.26,4.28,4.29,4.23,1004973.056456,4.2514
ALLT,7.48,8.46,8.5,7.37,1018454.89068,7.6185
HYLS,40.94,40.96,41.04,40.8563,100414.8703,40.9307
VTGN,0.6557,0.611,0.664,0.61,885034.921,0.6407
TEI,6.46,6.42,6.47,6.385,148834.8436,6.4366
EPRX,7.55,7.83,7.83,7.5,85226.814866,7.5926
EQNR,38.28,38.13,38.35,37.874,1978069.57987,38.1618
MSpI,25.06,25.07,25.1499,25.05,20476.399,25.0989
POLA,1.68,1.63,1.6999,1.585,115310.698872,1.622
FpB,21.59,21.59,21.63,21.56,48115.3197,21.5898
NRDY,0.831,0.84,0.865,0.831,311865.722582,0.8488
TSDD,6.85,7.1,7.34,6.57,31654409.550619,6.8048
ARAY,0.302,0.313,0.3158,0.2821,2591213.534426,0.2918
CMRE,16.8,17.26,17.26,16.65,721235.034605,16.8295
MZTI,114.25,113.47,115.57,112.645,364588.825812,114.2698
HXL,92.57,92.7,94.01,90.545,985519.775741,92.6498
USCB,18.2,18.25,18.33,18.0,71925.7734,18.1196
CIVB,24.45,24.45,25.145,24.28,60741.548401,24.4811
MANU,18.84,18.57,18.925,18.52,230494.078955,18.7516
HOLO,1.7,1.7,1.74,1.6692,351262.202425,1.7009
BW,19.35,20.06,20.75,18.5753,4756036.092168,19.5898
DINO,69.38,72.06,72.52,68.48,2720126.800361,69.4344
IBTA,32.31,32.28,34.04,31.8,224814.532958,32.7049
DCI,83.93,84.95,85.465,83.89,513580.847617,84.1619
AIIOW,0.0898,0.0776,0.1,0.0712,1015410.0,0.08831
FTGS,35.95,36.08,36.08,35.835,72640.7214,35.9525
BMA,71.51,72.92,74.43,71.02,187275.915259,72.1665
REBN,2.06,2.03,2.15,2.0,31336.398,2.0823
ANAB,62.685,65.1,65.1,57.85,844570.270117,62.6517
SKOR,48.47,48.43,48.48,48.405,31931.652464,48.4528
EXPD,155.8,155.1,156.38,153.67,792775.76697,155.6479
TDSpV,20.22,20.05,20.22,20.05,15485.1601,20.15
ACB,3.34,3.35,3.41,3.3094,551419.309412,3.3651
PRVA,22.63,22.8,22.88,22.35,1007566.145653,22.5546
IOT,27.52,27.7,27.88,26.78,4533143.232835,27.4978
TECK,66.84,66.37,67.67,65.67,3116958.631419,66.8538
AM,21.56,21.31,21.66,21.29,2355186.265686,21.5395
BZUN,2.76,2.68,2.78,2.67,575488.477104,2.7077
CGCB,26.17,26.15,26.2,26.105,983242.462883,26.1542
NUE,232.34,231.38,235.45,230.0,1351694.95282,233.2231
GNMA,44.13,44.19,44.21,44.0401,31792.8416,44.1143
SITM,835.31,859.9,859.9,804.34,471966.730479,831.9412
LWLG,18.215,16.86,18.709,15.9,12654779.373719,17.5949
JMUB,50.22,50.24,50.265,50.195,526942.344343,50.2182
XMTR,86.19,83.97,89.79,83.1001,1216919.558638,87.0008
FEX,131.6685,132.04,132.04,131.1901,19286.163121,131.5074
MPG,8.3549,8.51,8.785,7.95,101981.716149,8.4009
BBCQ,10.36,10.46,10.47,10.36,186851.754879,10.4034
TBIL,49.91,49.91,49.92,49.91,2148908.346281,49.9159
BDCIU,10.18,10.18,10.18,10.18,103.0,10.1786
SEG,23.28,21.85,23.515,21.8,125309.928318,23.1691
XPEV,16.68,15.94,16.875,15.85,9599508.916585,16.5904
STRS,30.01,29.46,30.01,29.46,6798.021047,29.9382
RNP,20.84,21.0,21.1,20.8,80480.3725,20.9029
PVLA,120.57,126.47,126.47,119.59,184730.431557,121.0151
COAL,25.05,25.5,25.5,24.95,59765.066039,25.0753
ONIT,37.05,36.71,37.56,36.22,62909.7918,36.9786
PEB,14.3,14.26,14.545,14.16,1797389.136983,14.3587
ATLO,27.74,27.8,28.32,27.66,51859.592295,27.8602
NUVL,105.22,102.5,106.21,101.5,400986.539916,104.0764
NGLpB,25.43,25.44,25.44,25.3,3917.5916,25.3808
EYPT,13.43,13.45,13.595,13.21,838320.210604,13.4147
CSHR,6.22,6.4,6.48,5.99,362104.0,6.2788
NXP,14.34,14.37,14.37,14.29,105027.110786,14.329
AMIX,6.9195,6.93,7.14,6.7221,3724.288095,6.9216
XRXDW,0.3287,0.3597,0.3631,0.32,216827.621528,0.3318
CDP,31.7,31.54,31.73,31.36,737677.42572,31.6207
PYPU,25.2887,24.7,25.68,24.7,3431.704,25.1181
XOS,2.03,1.96,2.07,1.752,639510.105939,1.9155
WDS,22.45,22.52,22.53,22.34,572669.003599,22.4376
WWD,369.78,366.35,370.425,358.56,575052.917456,366.416
CNP,42.16,41.83,42.52,41.555,6714944.215856,42.1992
TGL,4.2,4.31,4.42,4.2,9385.5,4.2436
COIG,8.6544,8.87,8.87,8.3,128982.248109,8.6613
CM,110.07,111.41,112.21,109.7,673646.722686,110.4456
KKRS,16.75,16.6,16.75,16.6,5665.66,16.6863
USBpP,22.39,22.31,22.42,22.28,50325.8051,22.3385
OZKAP,16.315,16.38,16.46,16.3,25091.966,16.386
ATHpD,16.585,16.55,16.63,16.5,34103.581,16.5696
SLXN,5.5,5.95,5.99,5.303,34889.345749,5.921
FULT,20.67,21.07,21.1,20.64,1485340.322985,20.7465
UFCS,48.68,48.09,49.215,48.04,157471.531629,48.5676
VALQ,66.4742,66.43,66.5227,66.185,6780.2477,66.3189
HY,36.31,36.2,37.02,35.39,111641.187366,36.2344
ITDH,41.519,41.33,41.519,41.23,2710.923935,41.4054
NNI,123.4,120.91,124.51,120.75,167735.806197,123.1728
JG,6.42,6.51,6.5701,6.42,4533.5,6.5441
AIIO,2.61,1.445,2.79,1.4,85701892.12172,2.1877
TWLO,192.61,193.02,196.31,189.55,2670159.196418,192.3465
CTRM,1.95,1.94,1.95,1.94,12792.028425,1.9432
COCO,74.77,74.61,76.35,73.83,1763249.533319,75.0419
ACKY,19.0744,19.03,19.0799,18.83,20201.5457,18.9764
E,55.52,55.5,55.54,55.16,264914.265539,55.3781
BKDV,32.29,32.3,32.355695,32.125,262608.394,32.2627
BCYC,4.74,4.75,4.78,4.645,252154.905032,4.7179
AHR,51.61,51.2,51.99,50.77,2140327.951683,51.4511
JLS,18.55,18.55,18.575,18.4444,25327.981606,18.5458
WH,81.21,81.49,83.61,80.48,957889.112559,81.447
HNVR,22.65,22.71,22.96,22.54,24578.2376,22.7537
ADVB,4.75,5.11,5.325,4.4274,28978.218,4.6518
GDO,10.88,10.95,10.95,10.87,9968.346561,10.8883
ALGS,6.67,6.47,6.875,6.38,120702.930672,6.6579
ITT,203.39,206.2,208.13,203.16,774761.806321,204.3042
VNOpO,15.3,15.36,15.36,15.3,2142.7135,15.3139
CCGWW,0.0192,0.0192,0.0192,0.0192,200.0,0.0192
CRS,436.34,427.8,438.2,419.3863,447832.79251,433.5859
KMLI,7.2702,7.0,7.295,6.74,289478.836314,7.0406
QGRW,65.53,65.09,65.72,64.46,625026.191725,65.3525
QLDY,47.3526,47.08,47.4999,46.69,31597.684831,47.2746
JOE,63.54,63.54,64.3899,62.86,212912.077953,63.5244
SBRA,21.1,20.87,21.11,20.755,1649175.799555,20.9961
AMZP,30.1866,29.45,30.2286,29.39,7369.2455,29.8495
SOMN,50.75,50.75,50.75,50.35,24671.0,50.4938
HASI,40.64,41.17,41.47,40.61,1056907.071443,40.8341
CFBK,26.79,26.86,27.365,26.65,18508.9756,26.8076
USIG,51.09,51.05,51.1,50.985,1159064.879018,51.06
DLRpJ,20.46,20.63,20.63,20.34,17097.6694,20.4865
SHO,10.24,10.2,10.31,10.18,1127024.304034,10.2364
RANG,10.6,10.61,10.61,10.6,33353.0,10.6002
AXGN,40.29,40.93,41.14,40.09,629450.070445,40.5174
NYXH,3.08,3.02,3.15,3.0,26813.465526,3.0663
PECO,39.36,39.4,39.525,39.04,654533.479436,39.3208
MRVI,4.37,4.66,4.75,4.34,2144330.930205,4.4239
TXNM,59.35,59.22,59.35,59.14,1185504.12,59.3137
CIMpB,24.65,24.56,24.655,24.5501,17352.6953,24.6059
SHOO,38.51,38.52,38.85,37.83,983647.047876,38.4982
NVT,172.91,173.76,173.82,168.5,1635472.109875,172.507
GLpD,15.89,15.91,15.98,15.875,6093.058,15.9245
MCN,5.92,5.93,5.93,5.88,15035.4062,5.907
BMEZ,14.27,14.18,14.28,14.1,229281.697038,14.2094
OTF,10.89,10.84,11.03,10.775,1629378.73012,10.8957
VGM,10.34,10.38,10.4,10.34,126118.922866,10.3764
VNT,29.02,29.26,29.52,28.61,4028609.755497,28.9176
SNOA,1.15,1.18,1.18,1.13,67491.729549,1.1462
CTS,59.48,59.38,60.0,58.48,233682.703822,59.3534
GLIBA,27.44,29.0,29.0,27.44,49491.822421,27.9555
PSCH,45.3752,45.24,45.39,45.05,5914.4004,45.1861
TMCR,13.71,13.79,14.5,13.6,17672.778119,13.8636
LIVN,72.44,71.7,72.69,71.24,774157.548912,72.3098
BZQ,21.14,20.08,21.24,19.66,20826.487239,20.6968
RUNN,32.0019,32.17,32.17,31.87,30083.029489,31.9223
COUR,5.31,5.61,5.73,5.24,11214562.986637,5.3398
BKCH,87.42,87.17,88.62,84.36,61523.858023,86.8561
BRR,1.92,1.83,1.96,1.82,753963.579656,1.8994
REAX,1.75,1.85,1.88,1.74,4477547.677931,1.7905
SCSB,24.98,24.96,24.98,24.96,639.4307,24.9734
BAX,17.31,17.71,17.95,17.09,7899497.934396,17.4742
JRVR,4.1,4.16,4.18,4.02,419168.248681,4.0815
EOI,19.98,19.93,20.05,19.8622,55035.30376,19.9488
MDB,303.0,307.19,310.96,296.27,1546583.584423,303.3477
ALTL,46.16,46.41,46.41,45.8,5263.0919,46.2297
MET,78.08,78.41,78.83,77.925,4316513.401708,78.1684
ANGL,29.01,28.97,29.03,28.955,1653195.111797,29.0061
OHI,48.0,47.67,48.03,47.0,2871038.574517,47.7441
KRG,26.21,26.58,26.62,26.08,2211291.752579,26.2331
VANI,1.16,1.16,1.175,1.122,112392.62112,1.1554
TDF,11.78,11.46,11.87,11.41,82555.8615,11.6432
NOG,23.34,23.65,23.9765,22.965,2196101.512316,23.2447
MSpP,25.32,25.32,25.35,25.2601,44983.5204,25.2937
MTNE.U,10.0,9.96,10.03,9.96,1252.0,10.0112
BKEM,94.0237,91.33,94.0237,91.33,666.1696,93.3759
QQQT,18.755,18.61,18.8,18.58,25623.628741,18.7025
JDZG,16.9,20.7,21.6,15.2,40592.567444,18.55
PEP,149.27,150.69,153.24,148.96,5524860.682624,149.6834
COLM,58.05,58.47,58.8,57.49,504414.394678,58.0761
DMAC,6.26,6.21,6.34,6.19,145370.161502,6.2638
HPP,11.6,11.8,11.99,11.46,1194157.52102,11.7138
NWFL,29.32,29.63,29.95,29.22,14742.658068,29.3929
ASO,49.97,50.66,50.66,48.75,1674166.889859,49.8585
ISD,13.21,13.25,13.4538,13.16,92227.206733,13.253
CARY,20.795,20.82,20.82,20.78,132149.4797,20.7922
AEFC,19.64,19.7,19.7,19.59,27116.167,19.6407
QUIK,21.83,18.5,22.1,18.365,1437749.633032,20.9889
MAX,8.47,8.65,8.72,8.36,477442.087113,8.477
MRNO,0.3067,0.2791,0.35,0.2791,517405.226696,0.3146
LMND,52.87,54.31,54.5,52.1501,1306461.963179,53.3685
ALDX,1.7,1.7,1.72,1.65,1331330.6434,1.6853
AIRE,2.26,2.25,2.28,2.2,123642.187811,2.2451
EZRA,6.2,6.0,6.204,5.88,25570.854753,6.016
KE,24.95,25.32,25.58,24.93,135348.55453,25.1261
ENS,232.98,235.71,236.835,231.105,412262.079745,234.166
GUSE,44.0953,43.76,44.12,43.76,15229.2177,43.9374
PHR,9.19,9.44,9.57,8.98,1142077.590466,9.1693
ASR,305.21,310.27,310.27,303.88,76676.676214,306.1533
COFS,30.42,30.63,30.815,30.235,46830.7721,30.4284
BKT,10.58,10.6,10.6299,10.56,88873.388467,10.5952
BHC,5.29,5.41,5.41,5.25,2102528.283702,5.2931
DLY,14.07,14.08,14.0807,14.0302,119777.6802,14.0713
BNZI,5.05,5.02,5.65,4.9,329441.812461,5.137
EVTV,2.33,2.2,2.37,2.13,778937.4184,2.2893
JBTM,125.12,128.5,129.9,125.04,449158.186732,126.8084
MAGN,10.47,10.92,11.165,10.195,507575.730079,10.4403
CVSA,128.8,127.57,129.84,124.29,322069.155916,128.076
TARA,5.2,5.3,5.35,5.0,567430.575329,5.2117
ZETA,16.04,16.11,16.16,15.6,7395021.06073,15.9525
CINT,3.6,3.82,3.86,3.6,126262.463228,3.713
ADCpA,17.2,17.04,17.25,17.04,18163.3113,17.1317
VMET,13.25,12.61,13.3299,12.5,181563.8113,13.0829
CMDB,18.9,18.35,19.04,18.35,26077.649708,18.7843
RMSGW,0.0501,0.05,0.07,0.05,5345.758795,0.06144
VTS,18.13,18.05,18.13,17.86,219345.054007,18.029
GHM,102.03,99.95,103.24,98.52,150225.476398,101.181
KELYA,9.77,9.75,9.82,9.48,645536.300291,9.706
CCM,5.35,5.33,5.49,5.24,58682.0,5.3647
GSBD,8.92,8.98,9.095,8.92,2300688.963439,8.997
SILO,5.8545,5.9265,6.15,5.643,18479.533333,5.979
AXR,24.8,24.5,24.82,24.5,6774.232163,24.7123
IQST,1.26,1.28,1.33,1.23,316709.083362,1.2844
CSCL,49.34,46.86,49.34,46.57,406296.0545,54.8776
APYX,3.84,4.04,4.04,3.82,88393.801265,3.8953
UTHR,579.54,581.17,584.71,574.84,329510.401794,578.7947
TEVA,36.25,35.8,36.3759,35.4153,4458384.251532,36.118
BOH,75.76,77.06,77.28,75.73,586681.379983,76.2105
NRGV,5.94,5.52,5.94,5.25,7149260.249721,5.6926
BBW,35.74,35.59,35.895,34.29,376162.607286,35.1968
NWL,4.04,4.11,4.13,3.99,6750954.984683,4.0433
TCBI,95.99,97.14,97.83,95.695,399731.727466,96.2792
UZF,17.92,17.85,17.94,17.8102,6621.0,17.8931
SORA,2.64,2.53,2.64,2.3,2824.970211,2.4417
MDXG,3.52,3.49,3.565,3.45,1978348.315788,3.5301
EWQ,45.14,44.75,45.16,44.66,690849.421577,45.0604
DFLIW,0.0416,0.0418,0.0418,0.04,20634.0,0.04128
HIG,132.63,132.37,134.3,131.44,1382678.863608,132.5885
CCU,11.82,11.82,11.87,11.6705,102774.479592,11.8023
NATH,101.22,101.1,101.37,100.69,41161.3611,101.1718
CTO,19.92,20.13,20.13,19.68,285823.29961,19.8601
TRUG,1.65,1.7161,1.7401,1.57,58438.183245,1.6476
SID,1.28,1.34,1.37,1.28,3800388.09766,1.3338
UAMY,9.97,10.31,10.55,9.79,9301259.292359,10.0394
DFSC,4.84,5.0,5.04,4.72,142515.832888,4.9232
FMNB,13.76,13.87,13.98,13.72,307775.685204,13.791
SARK,28.39,28.21,28.83,28.1,150465.160254,28.3092
VONG,127.98,126.89,128.335,126.23,2761244.475469,126.829
CCTG,0.469,0.4248,0.4728,0.4001,71062.5,0.4497
EMBC,3.12,3.36,3.37,3.11,4930550.110618,3.1904
DPRO,5.31,5.315,5.35,5.125,1090038.828556,5.2604
USOY,8.83,8.93,8.97,8.79,345899.182882,8.8783
WTRG,37.9,37.61,37.99,37.35,2063953.239251,37.8357
IBP,206.36,201.82,206.39,197.8,830757.477295,202.8115
PSUS,42.24,40.55,42.365,40.5301,1219515.53382,41.8379
ANGI,4.9,5.13,5.13,4.85,1477991.020867,4.9272
AEE,109.09,108.83,109.45,107.94,1647072.554301,109.0405
ESCA,18.37,17.99,18.67,17.68,76061.13411,18.195
LKQ,26.37,26.87,26.87,26.34,3616000.639919,26.5022
DTEC,46.435,46.5,46.55,46.19,12611.145023,46.3854
ALSN,122.47,120.37,123.18,118.65,1136106.345498,121.2647
CBTJ,20.3012,20.32,20.37,20.22,6968.3295,20.3204
BSL,13.21,13.17,13.245,13.17,37596.8153,13.2208
CHE,424.04,418.88,424.61,404.26,323498.631468,420.0001
SMHX,56.83,56.45,57.225,55.445,102266.592784,56.6304
CMSpC,17.12,17.16,17.25,17.1,8107.3007,17.1581
TOL,132.88,133.47,133.91,131.65,915489.51006,132.8179
IX,37.96,37.64,38.09,37.59,298734.107877,37.9156
MDA,38.3,37.7,38.61,36.3413,703364.994936,37.7704
ADAMN,23.45,23.39,23.45,23.39,6340.3731,23.4256
WNC,6.86,6.95,6.98,6.805,680144.324654,6.8633
PRGO,10.91,11.11,11.235,10.825,2266114.738896,10.9407
HLF,13.0,13.46,13.46,12.85,1637530.999689,13.0684
RGEN,107.03,113.67,115.4,106.92,1676494.939332,109.2944
BSCQ,19.565,19.57,19.57,19.56,637838.611132,19.5647
ACTG,4.72,4.67,4.74,4.655,232597.066419,4.7108
YSWY,26.52,26.0,27.33,25.83,152809.819208,26.6862
BEPC,37.21,36.79,37.62,36.19,1481827.903278,37.2525
ORN,15.35,14.96,15.47,14.66,446108.598077,15.1816
EDIT,2.9,2.93,2.945,2.86,925926.177175,2.9015
ELAN,21.8,21.45,22.09,21.4,8468820.278665,21.8373
EARN,4.81,4.78,4.82,4.76,227981.736059,4.784
QQEW,144.1,143.58,144.53,142.51,30873.110602,143.6601
EMN,73.83,74.54,74.91,73.72,1044052.101691,74.0428
COCP,1.28,1.29,1.3,1.28,90166.667,1.2875
CBNK,30.1,30.47,30.65,30.05,41984.0149,30.1667
NWG,15.28,15.12,15.345,15.105,3654233.059605,15.2421
BANF,108.4,109.8,110.6,107.98,118786.329515,108.9708
THMZ,33.03,33.03,33.03,32.79,4585.0497,32.823
W,60.06,60.0,60.56,58.46,5233947.96759,59.5411
EEX,4.99,5.0,5.0,4.98,1425738.1623,4.9927
BF.A,27.02,27.37,27.509,26.41,176163.748112,26.9875
TSPY,25.68,25.6,25.73,25.4501,166795.18,25.6356
TAOX,5.7,6.0,6.3353,5.7,119649.087321,5.8924
RMT,13.61,13.6,13.7,13.46,117968.558141,13.5663
SKLZ,6.22,6.28,6.55,6.0,409167.497633,6.2636
IPM,1.95,1.83,2.01,1.812,100887.126,1.9172
GPC,98.87,100.5,101.0,98.56,1526845.941974,99.2844
PRME,3.27,3.25,3.35,3.23,2441808.638125,3.2895
ZNB,1.65,1.68,1.71,1.6,24529.700001,1.6613
CACC,525.0,523.33,530.74,520.32,136202.079282,524.7341
FNF,47.47,47.06,48.005,46.93,2022102.75015,47.4365
YOOV,0.6925,1.01,1.01,0.62,141448.91598,0.7735
MSpF,25.28,25.29,25.29,25.275,24658.8298,25.2853
DFUV,52.63,52.67,52.725,52.45,374945.75828,52.602
EOS,22.65,22.55,22.7107,22.3401,63115.168608,22.6046
BXP,58.4,58.71,58.785,57.82,1449421.731435,58.2697
PAX,11.29,11.5,11.56,11.255,1139480.387923,11.3969
VMBS,46.69,46.6,46.705,46.56,916377.874528,46.6424
CVE,29.67,30.04,30.28,29.315,8578500.500036,29.6814
VBF,14.98,14.93,15.02,14.9174,33805.5027,14.9741
TXO,13.06,12.86,13.07,12.695,284053.087898,12.9085
RVI,73.71,63.54,77.39,60.0,4383832.853123,69.1885
BBLU,16.33,16.28,16.35,16.22,267821.796445,16.307
QNTM,5.47,5.19,5.7,5.08,157563.19515,5.4589
TXRH,179.3,183.45,183.45,176.52,1423654.909381,179.2528
BUSE,25.93,26.09,26.235,25.85,527758.947119,25.9673
CRC,59.32,59.6,59.68,57.985,1061011.218777,58.8047
CNTA,39.58,39.61,39.62,39.53,1791756.993738,39.5928
BWG,7.97,8.02,8.03,7.96,68842.6278,7.9916
ARDT,9.91,9.96,10.015,9.7322,420617.053972,9.8921
LENZ,8.05,7.92,8.13,7.495,1076775.600494,7.9038
DRUG,84.58,83.63,86.0,82.0101,147125.713041,84.2317
MSS,1.06,1.11,1.1516,1.04,62482.161611,1.0808
XNDU,14.89,14.375,15.55,13.66,4949801.937986,14.6841
SHLD,63.79,63.79,63.975,62.925,1944020.420081,63.6291
CRON,2.73,2.76,2.79,2.715,1376394.337331,2.7481
SBSW,13.61,13.34,13.84,13.18,3879125.917023,13.5835
BNS,76.45,77.18,77.61,76.245,2595071.257214,76.6006
ASTL,5.0,4.67,5.44,4.65,3105313.452715,5.0803
IGR,4.76,4.75,4.79,4.71,515493.914479,4.7636
FPS,45.52,43.55,46.1,42.81,7094954.683371,45.1723
HWCPZ,22.4381,22.29,22.4381,22.15,15290.112,22.2413
MPL,23.08,23.75,24.0721,21.79,31117.0203,22.9366
CRUS,166.445,170.2,170.44,164.44,597265.073736,166.8469
AVLN,30.83,29.92,32.225,28.3575,402327.102389,30.8629
USAC,28.71,29.11,29.5,28.62,135551.978834,28.9239
ALLpB,25.76,25.81,25.81,25.67,17610.543,25.7278
PDYNW,0.0567,0.06,0.0606,0.0514,84115.0,0.05811
LII,507.5,506.62,509.935,499.815,393231.245659,505.446
GEF,65.37,65.49,66.05,64.62,197236.295276,65.3683
AMC,1.33,1.32,1.38,1.31,18446368.734223,1.3443
RPT,14.77,14.72,14.97,14.54,17448.3637,14.7787
PRG,33.71,34.49,34.79,33.44,353632.181482,33.8301
DOLE,14.57,14.38,14.795,14.17,1113912.9335,14.5764
FBRT,9.02,8.77,9.025,8.74,1039879.777771,8.9464
NCMI,2.98,3.2,3.2,2.86,920125.345213,3.0139
ZNTL,4.28,4.15,4.345,4.06,637278.019215,4.2233
IBTL,20.1997,20.18,20.2073,20.17,135161.3956,20.1868
DBGI,1.14,1.17,1.24,1.12,622788.560243,1.1794
PNC,209.86,214.14,215.09,209.7,1661147.987145,211.1437
BKLC,142.07,141.27,142.41,140.85,61087.576469,141.8473
ALMR,23.01,22.99,24.88,22.75,222262.002606,23.5702
CNXN,62.84,63.85,63.85,61.27,123199.365659,62.374
ONEW,10.94,11.07,11.35,10.7,76124.932,10.9985
KODK,10.33,10.42,10.6398,10.0101,1184947.820672,10.3359
SEER,1.77,1.82,1.83,1.77,358622.035258,1.7791
UIS,3.1,3.2,3.23,3.09,861425.869634,3.1417
UMH,15.33,15.39,15.43,15.275,709491.767117,15.3363
DGRS,55.0694,55.44,55.44,54.83,20333.523898,55.0206
CPT,105.35,104.6,105.54,104.03,710653.828465,105.0676
AIZN,19.7138,19.7,19.72,19.52,5270.0,19.672
AMPG,2.48,2.7,2.74,2.45,1766577.480688,2.5468
RNGR,16.23,16.09,16.26,15.78,150197.3816,16.1411
BNL,19.82,19.93,20.015,19.705,1295018.665548,19.8486
CDIO,1.79,1.83,1.83,1.7701,35798.811891,1.7968
MWH,46.77,47.05,48.1902,45.5,1340477.610231,46.681
MLPD,25.3801,25.55,25.55,25.3,3297.2709,25.4679
PNW,99.08,99.13,99.425,97.9,1358051.170222,98.8531
KBWY,17.0175,17.09,17.09,16.925,89070.938563,17.0129
LINE,39.81,39.01,39.85,38.57,1440892.611562,39.5412
GMED,75.57,75.45,77.14,74.5,1680892.928339,76.0409
AVIR,4.57,5.25,5.25,4.515,971396.844949,4.711
SLP,13.57,13.84,14.2,13.4,335922.033487,13.6722
ONTO,276.97,285.73,285.73,269.13,1102529.957767,275.5948
EE,36.22,36.6,36.99,35.64,413460.109477,36.0944
JPMpK,18.75,18.84,18.84,18.74,98686.9476,18.7664
CNA,42.65,43.26,43.62,42.48,651426.194659,42.7213
CCO,2.39,2.39,2.39,2.38,6774389.026357,2.3875
JACK,12.79,13.62,13.628,12.565,1444925.914461,13.0058
PBF,40.93,42.69,42.745,40.75,2441312.986265,41.321
KLRS,4.83,4.66,4.91,4.52,119522.362182,4.7541
AMCI,5.06,5.47,5.47,4.8637,44777.617,5.0991
GKOS,137.29,135.18,138.34,133.22,490229.070013,137.0798
SHW,306.34,309.87,310.574,302.87,3838049.382723,306.1012
SWK,77.66,78.86,78.86,76.75,1641959.642724,77.6561
GPCR,38.08,37.69,38.185,36.92,458369.356267,37.6737
ULTI,14.2922,14.19,14.39,13.82,53497.4995,14.187
OLED,90.79,93.62,93.998,90.01,1182145.94968,91.3606
CNSP,5.52,6.05,6.1673,5.0,145570.138931,5.4829
NRXPW,0.01,0.0055,0.0128,0.0055,18497.0,0.01002
SAMG,12.02,12.5,12.5,11.8,70091.338734,12.0004
TSMZ,8.78,8.78,8.945,8.67,37636.6248,8.8115
NRIX,16.18,15.96,16.45,15.75,979109.772812,16.2357
MANE,107.14,104.0,110.13,102.7,341838.607974,107.4656
BIPI,16.41,16.48,16.595,16.37,20473.0784,16.4395
ARTNA,32.37,32.67,32.84,32.18,51526.853495,32.4791
ETSY,57.4,57.0,58.44,56.29,2896715.471015,57.4378
WEN,8.19,8.15,8.44,7.9401,22806852.669992,8.124
BCC,66.98,67.3,67.89,65.5,578180.416462,66.5215
SOTK,5.05,4.91,5.2,4.91,18802.9581,5.057
ETB,15.4,15.41,15.49,15.36,42436.7519,15.4087
UHAL.B,45.96,46.88,46.88,45.39,331546.7432,45.958
NAZ,12.74,12.75,12.75,12.65,17738.6214,12.735
BIPpB,16.61,16.4,16.755,16.4,8994.5,16.6264
CONL,8.8,8.985,9.0,8.41,20758565.721665,8.8008
LKFN,58.11,59.44,60.18,57.76,403048.815608,58.4973
BMGL,8.6784,9.12,9.2976,8.64,1531.25,9.018
AX,82.82,83.74,84.035,82.56,428320.233764,82.959
AVBH,29.2,29.2,29.65,29.1,49770.0,29.25
BLX,52.29,52.46,52.8402,51.96,89002.733766,52.3087
FWONA,83.87,82.5,84.07,82.205,125236.160274,83.5225
QQQX,30.69,30.72,30.74,30.495,75366.399725,30.612
BEN,32.04,31.56,32.235,31.25,3526280.485706,31.9497
DYNC,10.75,10.74,10.76,10.74,78097.76051,10.7438
PSMT,158.11,155.78,158.65,153.6301,209549.224743,156.6843
ATNI,26.91,26.38,27.18,25.93,101574.135726,26.633
RRX,205.72,211.77,211.77,202.61,1055471.934139,205.235
NCPL,0.386,0.4048,0.408,0.3811,220770.0,0.3949
COYA,4.54,4.2,4.645,4.1416,273639.906545,4.4666
HGV,45.2,45.15,46.26,44.94,574778.064785,45.2165
COIO,8.4298,8.5,8.5,8.39,1014.0,8.418
HODU,7.97,7.96,8.13,7.7,138650.036771,8.0626
PPC,27.86,28.29,28.57,27.32,1519981.574816,27.7485
GPRK,9.68,9.96,9.96,9.56,606642.580791,9.6863
PDT,12.91,12.93,12.95,12.86,100543.172895,12.9201
YYAI,27.352,27.024,27.792,25.668,12421.218274,26.888
VTMX,34.49,34.67,34.84,33.5247,144587.574138,34.3235
WAL,74.97,76.96,77.385,74.87,1294994.502762,75.5914
GIBO,32.5,32.8125,33.25,32.5,639.4,32.665
TECH,44.89,47.07,47.13,44.12,3904911.147452,45.0058
USEA,2.28,2.3,2.3372,2.2701,31793.25604,2.304
ELC,20.65,20.6,20.65,20.5691,4501.244,20.5954
FOXA,66.47,66.35,66.51,65.545,3304397.101997,66.1731
RCS,5.47,5.59,5.59,5.46,149445.154997,5.5179
BVFL,19.82,19.52,19.88,19.5,11878.9818,19.8138
SNA,366.6,369.35,370.425,364.4615,264483.748053,366.409
VALU,33.55,33.91,34.7,33.55,2017.847175,34.2343
ALMU,31.49,28.17,31.79,27.59,2971349.77818,29.5608
OMEX,1.14,1.08,1.14,1.0604,787434.389325,1.103
BPRN,34.6,34.15,34.91,34.15,9097.0702,34.5735
GAMpB,24.85,25.03,25.04,24.85,4673.9155,24.9948
BBCP,7.3,7.23,7.5,7.0901,96401.022191,7.2381
NAVI,7.89,8.27,8.27,7.88,1105706.09513,7.9801
OPAL,2.03,2.1,2.19,1.87,442407.800618,1.9926
PBIpB,21.66,21.72,21.72,21.5001,8393.209,21.6143
PDX,21.38,21.39,21.43,21.2,73022.56221,21.3705
VSDA,54.7268,54.9,54.9,54.448,7887.285266,54.7212
TPGXL,24.6,24.58,24.67,24.565,2565.442,24.6058
HEPS,2.62,2.65,2.695,2.62,243056.8616,2.6543
WLY,39.23,39.76,40.02,38.475,401039.735185,39.1522
WEA,10.54,10.57,10.62,10.53,22334.04546,10.5647
FMN,11.23,11.22,11.28,11.19,2201.017,11.2308
DB,31.86,31.39,31.965,31.3,1663612.708495,31.7601
RCL,264.2,259.01,265.01,256.6,2014930.317856,262.7195
URAA,38.31,40.0,40.0,37.29,117547.091441,38.4623
HSCS,1.89,1.96,1.96,1.8601,8186.655056,1.9029
APOS,26.02,26.07,26.14,26.0,7942.4605,26.0625
AP,11.22,10.53,11.48,10.45,170522.754932,11.092
IGA,9.63,9.59,9.68,9.58,54288.709,9.6467
EDD,5.6,5.52,5.6,5.4745,393874.49392,5.5623
OLOX,4.72,4.5,5.0999,4.3955,40638.20037,4.7959
QCLN,62.64,62.06,63.3,61.0,227437.633323,62.5701
ABVX,121.91,121.0,123.53,118.815,732312.66479,121.8084
SUNE,1.6,1.52,1.63,1.5006,116267.694548,1.5706
BKpK,25.63,25.72,25.73,25.62,28632.1162,25.6572
FITBM,26.02,26.12,26.19,25.99,21450.0,26.0744
GUTS,0.9483,0.785,0.9495,0.752,9788429.490754,0.8884
CGO,13.65,13.6,13.665,13.45,29483.029667,13.5966
NPCE,15.81,14.83,15.815,13.6501,434904.840237,15.1217
CDRE,31.28,27.92,31.31,27.475,937442.592524,30.5011
USSG,69.0597,68.65,69.17,68.65,6497.1208,68.9864
WLK,92.27,97.34,98.2984,92.22,1364456.599164,93.6248
ACVA,5.65,5.74,5.815,5.55,3657858.146133,5.6633
LINC,52.02,50.27,53.5,49.4269,880632.42118,52.1747
BTCC,17.331,17.45,17.45,17.1764,10733.563841,17.2827
SQM,91.62,94.63,95.74,90.551,917265.360391,91.9692
HNST,3.31,3.35,3.355,3.265,1182320.125794,3.3094
CON,25.87,25.54,25.87,25.14,992283.950929,25.6065
SIHY,45.295,45.22,45.3,45.22,3136.862172,45.2702
WTFC,146.63,148.16,148.8999,145.645,342628.578014,146.9901
AEM,195.97,194.79,196.6199,192.8,2173370.695983,194.9952
BTM,2.62,4.34,4.4405,2.61,1095671.753903,3.081
ROBO,87.26,86.96,87.4999,86.28,485747.248617,87.1467
LZM,5.63,5.83,5.86,5.4596,550707.970727,5.6373
FRGT,4.645,4.95,4.9925,4.412,36667.342284,4.6465
CG,49.16,50.04,50.09,48.44,2484944.368223,49.0236
MSFW,28.3882,28.1,28.4899,28.09,57473.472755,28.3808
CHSN,1.53,1.3,1.5792,1.22,508063.504821,1.3884
XXI,7.96,8.35,8.35,7.95,962690.363931,8.101
KALA,3.06,2.9,3.45,2.9,79980.567179,3.1351
NYC,8.57,8.56,9.245,8.56,12224.3388,8.842
SGMT,7.6,7.63,7.73,7.33,775855.817468,7.5304
BACpS,19.06,19.11,19.11,19.03,49223.26,19.088
MATX,181.72,177.38,183.25,177.38,188433.32723,180.7027
BBUC,32.63,33.1,33.43,32.42,287949.254908,32.8253
AVXX,7.56,8.17,8.17,7.1,465266.260543,7.4729
GEL,15.74,15.9,15.91,15.55,254709.2434,15.6943
ABG,192.85,192.11,195.88,191.56,356599.635243,193.8279
GGT,4.29,4.34,4.37,4.28,544100.314875,4.3448
GEN,23.29,22.14,23.38,22.05,12484178.288323,23.0624
DNA,8.59,8.28,8.72,8.11,1228636.406582,8.4744
HCI,153.76,152.53,156.76,151.92,147639.137793,153.4864
APXT,10.0,9.995,10.0,9.995,528862.0,10.0
AMWL,7.73,7.89,7.89,7.485,35466.436845,7.6872
CING,4.92,4.84,5.0244,4.75,374674.978287,4.8992
BIPJ,25.06,25.04,25.19,24.8501,8035.0,24.9514
YPF,43.53,44.95,45.18,43.47,1484412.407311,44.0134
CWK,13.04,13.29,13.385,12.87,1202767.532094,13.0069
CNC,58.81,59.32,59.74,58.03,6467832.969171,59.0302
GDC,38.75,40.3,43.75,35.0,408642.594802,37.775
ITGR,89.39,86.8,91.315,86.25,1198495.219064,89.5694
DGICA,17.01,16.94,17.11,16.72,134774.541624,16.9024
SYF,69.81,70.48,70.71,69.35,3288266.156054,69.8278
XJR,47.62,47.87,47.87,47.53,3070.97298,47.6037
GNLX,3.19,2.99,3.25,2.99,279947.897483,3.1411
EFOI,3.92,4.07,4.1953,3.9,60434.526042,4.0036
AIG,75.78,76.35,77.37,75.28,6537187.451991,75.8397
PNNT,4.29,4.47,4.47,4.255,1040101.24154,4.3446
REFI,11.34,11.38,11.38,11.21,213378.69041,11.2848
NU,12.82,13.21,13.27,12.765,54259687.740621,12.9928
ACFN,17.525,17.01,17.76,16.64,7781.311121,16.9526
UNMA,23.3499,23.29,23.35,23.29,8737.381,23.3152
OIA,6.11,6.12,6.15,6.1,77454.073409,6.119
ATER,1.06,1.15,1.15,1.06,324306.692172,1.1026
SKT,35.41,35.88,36.1,35.295,1037850.385436,35.4424
VLO,244.1,248.1,249.56,240.33,2240802.861439,243.8394
ESPO,90.9749,90.18,91.1,89.84,14399.354168,90.7897
QLEP.U,10.005,9.99,10.005,9.99,764.248,10.0006
RGCO,23.24,23.17,23.58,23.1,8938.3885,23.33
LIND,18.88,18.91,19.275,18.55,616325.057994,18.9591
ASTE,49.05,49.78,50.08,48.7,306708.89648,49.1141
EMDM,41.565,41.42,41.8261,41.33,4599.762678,41.594
JMST,50.88,50.89,50.9,50.88,746536.43898,50.8939
UHAL,49.55,50.77,50.77,49.22,189402.518262,49.7354
JHX,20.01,20.11,20.17,19.705,4500134.207826,19.9345
BAC,49.84,50.36,50.78,49.8,29838010.534682,50.1894
ARB,29.59,29.84,29.84,29.48,10864.7494,29.5449
CMC,70.33,69.86,71.2299,69.59,778948.88074,70.3764
ABRpD,16.76,16.68,16.91,16.6,17422.3171,16.679
THR,66.6,65.89,67.46,64.05,501067.888257,66.2249
CBLL,17.91,16.6,17.94,15.84,668692.080297,17.2918
IUSG,187.5,185.9,188.055,184.66,413439.447081,186.8416
BP,44.14,44.25,44.3,43.9,4760883.229694,44.0857
RMM,14.44,14.46,14.46,14.3,13230.9908,14.4257
PFO,9.14,9.13,9.1799,9.13,5904.9665,9.1483
IBIE,26.425,26.41,26.43,26.41,15727.6565,26.4237
CANC,38.1165,37.76,38.2999,37.23,21422.34084,37.721
AGBK,7.18,7.5,7.705,7.18,1691042.162856,7.3598
KEYpI,25.235,25.22,25.2894,25.22,14012.9769,25.234
MMYT,43.13,44.39,44.755,42.7,744660.111329,43.213
CERY,38.3,38.49,38.5899,38.2,199614.646539,38.3812
TMSL,40.91,41.15,41.196919,40.71,296380.046084,41.0407
DBRG,15.65,15.65,15.65,15.62,2689916.160428,15.6413
DLXY,0.471,0.5,0.519501,0.471,63851.0,0.4935
VONE,334.61,332.6,335.17,331.44,67069.874472,333.7541
MLYS,26.86,29.0,29.11,26.705,1630150.746125,27.3785
DNOW,13.14,13.22,13.43,12.9,3239960.937041,13.1043
BNDW,68.034,67.96,68.035,67.925,74903.792859,67.9781
BACpP,16.65,16.69,16.7,16.635,49978.6461,16.6569
TNK,77.57,80.56,80.79,76.45,495245.570457,77.6625
OWLT,5.62,5.92,5.92,5.51,136620.554113,5.6714
XFLT,19.34,19.3,19.3699,19.1501,70190.358,19.2752
CWD,0.991,0.9967,1.02,0.9689,78464.863049,0.9964
USGO,13.19,13.16,13.33,13.05,24011.00719,13.1985
BOEU,43.57,42.6,44.03,41.25,169016.8221,42.9481
FITBO,18.91,19.0,19.0799,18.86,19070.4391,18.9343
BLBD,71.0,69.33,71.58,69.31,468860.900356,70.5932
LDP,20.83,20.94,21.01,20.8,56189.361,20.8604
PRQR,1.7,1.61,1.72,1.58,626021.372719,1.6595
BIT,12.69,12.72,12.72,12.635,252694.333704,12.6743
OSG,5.61,5.8,5.828,5.59,393801.443067,5.6606
BFAM,68.62,68.82,69.805,67.61,10150777.449935,68.6465
VDG,77.591,77.12,77.591,77.07,10752.692736,77.2186
DRIV,40.7498,40.11,40.9,39.7,121957.537826,40.2118
FRO,37.19,39.07,39.2,36.43,3863308.972955,37.2333
EPRpE,32.68,33.09,33.09,32.68,1616.8667,32.8328
ASX,35.47,35.01,35.71,34.545,6657740.921752,35.2683
GNK,25.48,26.85,26.955,25.4,481978.123053,25.6861
PFH,16.84,16.85,16.875,16.81,11968.33,16.8346
SOGP,14.91,14.802,14.99,14.475,12988.719078,14.8211
ATHpA,24.53,24.7,24.7,24.47,24575.544,24.5992
INSG,15.06,14.74,15.2,14.1551,318118.429485,14.7439
EMISR,0.1001,0.1001,0.1001,0.1001,1999.0,0.1001
SMX,19.6053,19.9252,22.8272,18.9655,215215.321061,20.2844
BDC,108.89,110.77,111.69,108.39,585750.969417,109.5645
BIS,16.4636,16.62,16.78,16.42,5147.62352,16.4966
EVEX,3.25,3.21,3.35,3.204,1515631.491905,3.2878
AROC,36.8,37.27,37.4,36.23,2284879.121537,36.6863
CTRN,41.5,42.93,44.24,40.955,135322.26254,42.2951
AIN,63.27,61.69,64.0,60.65,277673.426063,63.1791
TLSI,2.67,3.6,3.72,2.2,6790225.400479,2.5251
AMUU,186.76,195.39,197.35,176.0,123001.255939,186.3098
BTDR,13.22,12.66,13.39,12.48,6986267.959877,13.0549
GPJA,22.4438,22.49,22.49,22.3923,4352.804,22.4393
BRKR,43.85,44.69,45.2399,43.76,6124374.517855,44.5469
CDL,74.8075,74.97,75.0118,74.58,6053.561856,74.7781
RONB,22.85,22.985,23.05,22.6916,434085.175021,22.8263
HTB,45.71,45.25,46.135,45.25,64764.440282,45.7154
VOYG,33.6,29.75,34.93,29.55,3109291.731952,33.1684
UTI,39.75,37.58,40.32,36.585,1290437.95585,39.233
CRSP,52.75,52.83,53.81,52.36,924858.493342,53.0079
NEON,1.64,1.68,1.7259,1.6399,71956.758898,1.6648
FTXR,41.4335,41.02,41.6,41.02,65659.278327,41.4531
CFR,134.65,136.0,137.15,134.42,891671.73777,135.1761
ANY,2.13,1.85,2.17,1.8,268029.923763,2.0595
IFF,77.48,78.09,78.64,76.82,1769548.100026,77.5018
DOC,19.55,19.62,19.71,19.28,10299360.943543,19.4833
ABLV,1.04,1.01,1.04,1.0,125755.89743,1.0193
SCZ,85.56,85.24,85.65,85.01,666792.390914,85.4014
PNR,73.63,74.69,75.24,73.465,1317829.094324,73.8135
TPR,132.7,132.07,134.29,130.38,4197180.74303,132.8966
XFOR,4.23,4.32,4.365,4.21,245393.823636,4.2934
ULH,12.34,12.05,12.37,11.7302,70123.91009,12.1227
UNM,80.43,80.89,81.44,80.1,919396.068072,80.4258
RLMD,7.49,7.45,7.665,7.0,1043391.747208,7.4188
OIO,1.75,1.85,1.905,1.74,67174.318072,1.8304
EME,923.01,939.42,939.99,908.76,328036.10644,923.8013
OKE,88.79,88.3,88.94,87.26,2944932.269228,88.315
KSPY,28.67,28.6,28.7099,28.57,25243.3751,28.6365
GF,11.82,11.69,11.82,11.63,151137.3293,11.7176
IH,1.6755,1.65,1.7,1.65,11770.851966,1.6672
SPNT,22.44,22.75,22.98,22.32,694384.43444,22.5084
FLGT,15.96,15.8,16.03,15.58,435845.376218,15.8694
EJH,1.42,1.3647,1.5,1.32,31341.952,1.4064
GRAG,6.6269,6.7,6.7,6.39,46600.663112,6.4672
HNDL,22.74,22.66,22.79,22.646,77730.812988,22.7019
ONDG,4.79,4.79,5.1,4.5659,627467.64359,4.8354
RY,179.92,181.72,183.125,179.08,2336682.593983,180.1823
QRFT,69.1265,68.495,69.255,68.495,882.977735,68.6918
FG,28.09,27.72,28.205,27.68,407438.574407,28.0288
ICL,6.82,6.64,6.97,6.64,3349676.655154,6.8197
VTWV,184.31,184.91,184.91,183.6,21260.911061,184.1423
NVDB,37.3315,37.13,38.0,36.6748,19532.228045,37.4404
ACDC,7.11,6.84,7.215,6.72,1266913.777549,7.0004
KEYpJ,21.33,21.43,21.43,21.3243,16956.8378,21.3999
JSPR,0.9201,0.95,0.95,0.88,264466.624464,0.9139
AZTA,17.03,17.31,17.345,16.79,1390973.762183,17.0121
KR,66.24,64.81,66.47,64.36,8324138.799719,65.9871
LCTU,78.9908,78.69,79.16,78.451,24589.745883,78.8491
BUZZ,37.14,37.34,37.47,36.425,102220.692778,37.0621
PAG,166.58,168.34,169.62,166.16,237310.422742,167.0778
BWZ,27.3316,27.31,27.37,27.28,22199.37735,27.3292
CGCP,22.33,22.29,22.33,22.2701,1952485.50785,22.3073
MUU,622.86,635.0,639.9,587.4401,3597776.407573,617.3764
JBL,355.43,358.6,360.73,352.14,990456.050527,356.8139
VYX,6.93,7.44,7.44,6.84,2446400.439801,7.0089
BOX,23.72,23.82,23.825,23.34,1835922.115301,23.6146
ENTX,1.29,1.28,1.29,1.245,64854.903344,1.2775
BMY,56.39,55.9,56.83,55.85,7997461.566374,56.393
AJG,192.0,194.78,197.22,190.75,2543365.15725,192.8994
LAW,3.52,3.7,3.7393,3.45,540205.135683,3.5553
RMBI,14.3,14.45,14.51,14.295,33098.6172,14.3726
ANGO,10.84,10.8,10.99,10.72,250644.59734,10.8805
JL,6.4,6.5,6.89,6.2679,6726.611965,6.4225
FA,15.68,15.35,15.725,14.76,1483547.086578,15.4706
BGB,11.49,11.44,11.51,11.44,144825.960106,11.4849
SKE,34.31,33.5,34.56,32.86,634944.436886,34.1246
RXO,19.81,20.1,20.21,19.76,1138114.562811,19.8791
LHX,304.93,306.57,307.585,298.04,842924.718835,303.8474
GJAN,44.5552,44.4701,44.59,44.47,39746.346,44.5799
PTCT,73.46,75.0,75.0,72.1,1240522.081854,73.28
JHCB,21.2069,21.2,21.23,21.1801,14594.0424,21.1982
PPIH,32.61,32.94,33.23,32.22,89145.703717,32.7862
MSAIW,0.028,0.03,0.033,0.021,19036.0,0.02789
NSA,42.57,43.38,43.38,42.45,1121146.163879,42.7647
WHLR,4.76,4.56,5.32,4.4804,57399.202097,4.9132
MLP,15.16,15.05,15.24,15.05,11223.0,15.1526
HDL,14.41,14.5,14.5,14.41,5094.0,14.4568
TYGO,3.87,4.12,4.12,3.81,443201.882139,3.8872
SDAWW,0.094899,0.0925,0.095,0.0925,1245.0,0.09289
GLXG,1.01,0.96,1.0799,0.92,40509.448066,0.9591
FCUV,3.204,3.024,3.496,3.024,16482.525099,3.3076
IBN,25.68,25.63,25.93,25.62,8101937.301134,25.7363
RZC,25.38,25.37,25.41,25.34,16530.684,25.3743
PLAB,51.86,53.533,54.055,51.7,693926.218951,52.2446
GUTpC,22.565,22.45,22.565,22.45,3484.6322,22.5074
MCRI,116.14,115.0,116.4,113.84,133889.135686,115.5359
NREF,15.61,15.4,15.63,15.39,37903.9948,15.5136
FFAIW,0.0115,0.0136,0.0136,0.01,296809.0,0.01015
MDU,22.62,22.75,22.8,22.405,1416867.333956,22.5748
RDZNW,0.1976,0.19,0.2301,0.185,8009.0,0.1974
FOURpA,53.3,53.37,53.6331,52.7,7433.2787,53.2282
EFSI,36.79,37.02,37.37,36.74,9739.0787,36.9434
BKH,74.05,73.69,74.17,72.98,778899.291944,73.8705
VTR,90.35,88.62,90.46,88.0,6455760.758267,89.8264
ARI,10.95,10.73,10.99,10.7,1206986.528702,10.9239
PIPR,80.55,79.72,80.58,79.035,639448.616329,80.2348
FC,21.28,21.16,21.56,20.82,62646.9744,21.2085
TE,5.61,5.94,5.95,5.26,18041081.298723,5.5591
MTUS,17.93,17.7,17.94,17.7,289391.049705,17.8796
BFRG,0.63,0.629,0.6392,0.6007,329052.292932,0.6178
HBAN,15.35,15.75,15.78,15.335,24787672.174111,15.4769
TSUI,24.2134,24.48,24.48,23.84,15968.302,24.2188
CSR,68.49,68.76,69.0,67.0,100988.197428,68.3547
BMLpH,19.52,19.6816,19.69,19.52,33848.6618,19.5962
WFCpZ,18.888,18.92,18.9496,18.84,88718.5871,18.8855
CSQ,20.45,20.33,20.4763,20.21,189313.153032,20.3802
NIVF,3.15,3.27,3.327,3.03,47853.465846,3.1644
KW,10.97,11.0,11.01,10.97,2005545.262473,10.9895
TKC,6.32,6.35,6.35,6.305,891984.168947,6.3281
TDOT,16.0048,16.46,16.46,16.0048,912.197,16.3824
BENF,3.21,3.31,3.31,3.15,11888.441657,3.2253
OPP,7.79,7.82,7.82,7.75,83281.8831,7.7756
BBT,28.38,28.23,28.52,28.13,896619.796609,28.366
SFTX,31.067,30.66,31.07,30.66,40803.0,31.0254
HOOX,21.99,21.8,22.42,21.2,73598.369062,21.9762
NBHC,40.88,41.32,41.575,40.85,310723.467426,41.0016
VIV,14.24,14.64,14.69,14.19,1132058.292864,14.4125
ALLpI,19.06,19.1,19.1372,19.01,28428.2449,19.0688
PROP,0.9354,0.97,0.980999,0.885,4345392.198574,0.9136
RA,12.73,12.72,12.7499,12.68,147150.984376,12.7182
EDF,5.34,5.32,5.34,5.28,126547.026008,5.3197
FRPT,48.63,50.63,51.13,47.95,2220993.286667,48.7709
JOUT,39.43,43.02,43.47,39.25,76377.172909,40.458
TYG,46.08,46.34,46.46,45.87,468299.088771,46.0766
APG,43.26,43.35,43.51,42.92,1967299.555118,43.194
TRFK,90.38,90.08,90.8,88.4,137723.32207,89.8347
RIV,11.65,11.62,11.7189,11.62,53923.48752,11.6765
MIDU,64.9,65.67,65.67,64.2,24244.828513,65.3387
TNL,63.16,63.01,63.93,62.51,908924.09656,63.0928
DMA,7.29,7.23,7.3,7.2,22577.1977,7.2383
JPMpJ,19.59,19.69,19.7,19.58,40216.0399,19.6151
HYT,8.69,8.65,8.7,8.645,805084.847273,8.6806
JPIE,45.99,45.95,45.99,45.93,875195.235384,45.9642
CPF,33.66,33.93,34.245,33.535,115968.363776,33.7096
NFBK,13.97,13.92,14.005,13.85,242274.795328,13.9389
YDDL,4.22,4.2,4.33,4.06,90047.056,4.1467
LNGX,43.365,43.44,43.5501,43.08,16525.066698,43.4438
SF,74.47,74.64,74.78,73.53,1587160.521658,74.3335
LFGY,24.15,24.25,24.41,23.6628,112766.656216,24.0964
GE,294.71,295.97,298.4,291.31,4219931.509386,295.191
OTAI.U,10.025,10.03,10.03,10.0,245645.338923,10.0129
OFG,44.14,44.15,44.51,43.835,300515.399284,44.121
CNM,47.38,47.14,47.61,46.07,3900409.949001,47.0123
OGE,47.34,47.34,47.43,46.95,1575755.675285,47.2307
HFROpB,16.3,16.39,16.41,16.26,11307.665,16.3273
CTSH,45.97,47.42,47.5505,45.48,8992071.811515,45.9788
ARQQW,0.0859,0.072,0.0879,0.072,15849.0,0.08575
MDCX,0.3201,0.3117,0.3229,0.3086,1312392.621873,0.314
H,167.26,166.0,167.9699,164.18,597069.081981,166.7128
MASK,1.9,1.89,2.03,1.71,389015.933296,1.9051
ATI,164.83,161.32,166.96,159.02,1987345.561406,164.7567
BLCO,16.25,15.96,16.38,15.735,629178.229794,16.1811
RADX,4.52,4.2529,4.55,4.2201,67167.0156,4.4312
ESGE,53.59,53.12,53.77,52.85,982552.419282,53.5272
MCI,17.08,17.06,17.17,16.7655,33257.660564,17.0496
AFB,11.13,11.14,11.14,11.06,118250.500152,11.0928
SLE,3.95,4.2,4.2,3.88,17487.007681,4.0652
PFL,7.85,7.85,7.89,7.85,98299.52196,7.8701
VOYApB,24.1,24.11,24.18,23.99,6827.0116,24.0639
LEVI,21.37,21.52,21.53,21.0446,3674366.751147,21.2929
GDOT,12.64,12.51,12.74,12.51,498441.706974,12.6325
OWL,9.77,9.72,9.8,9.35,22293065.01384,9.6487
ITRI,82.22,81.57,82.71,80.495,612455.270609,82.0917
ADV,34.95,34.42,35.29,32.3901,59932.80442,34.4987
SB,7.27,7.31,7.38,7.125,598713.981844,7.2433
STTpG,22.31,22.33,22.33,22.22,53185.2735,22.2818
WVVI,2.76,2.8,2.9499,2.6,5255.732573,2.7871
LTTI,18.2572,18.39,18.39,18.2,14147.098,18.2467
IPSC,2.28,2.3,2.33,2.225,681079.292076,2.2973
SNTI,0.963,0.97,0.9899,0.96,122734.095169,0.9699
CMBT,14.98,15.47,15.57,14.845,1864517.237338,15.036
BOC,11.22,11.22,11.34,10.94,225036.268869,11.1135
SBIO,55.72,55.06,55.72,54.87,11651.806138,55.3111
AFRI,10.1,9.9,10.1,9.87,22354.839834,10.03
FNDE,41.35,41.08,41.565,41.0,741593.615503,41.4212
PPI,22.2433,22.33,22.33,22.155,21459.353597,22.2266
CCS,51.95,52.52,53.195,51.4,247896.011253,51.9176
ENR,17.02,17.52,17.71,17.01,1211404.528791,17.221
IEP,8.01,8.14,8.2,7.97,1729398.513231,8.0234
ARM,221.21,212.0,222.4699,207.87,8699995.563063,217.446
BTAI,1.19,1.2,1.2,1.17,347737.971489,1.182
MAGG,20.21,20.21,20.21,20.18,423.0,20.189
SJM,100.87,100.32,101.26,99.49,2876023.347139,100.5977
VPV,11.05,11.08,11.14,11.047,44992.8286,11.093
AGPU,6.48,6.66,6.8,6.23,347794.591614,6.5144
WLFC,211.67,213.0,217.31,211.34,38817.670339,213.5383
PDYN,6.65,6.64,6.84,6.375,1654255.151133,6.6689
FNDB,29.76,29.7,29.795,29.59,326680.0777,29.6981
CLDT,9.89,9.82,9.99,9.7655,365203.500174,9.8566
BCAX,20.99,22.36,22.4,20.96,1364799.927838,21.2771
TELO,1.23,1.3,1.3,1.2218,104220.0,1.2458
HLI,150.55,148.02,150.94,147.735,530373.265477,149.9886
CWH,6.68,6.6,6.805,6.46,2218800.905038,6.6613
BH,253.29,257.0,265.8599,250.9,82248.815687,259.4922
LAKE,10.52,10.57,10.85,10.02,96911.493292,10.5195
JOBY,11.06,10.33,11.19,10.18,33015748.2768,10.949
RCTR,36.7041,37.45,37.45,36.54,3055.858634,36.8562
BRNS,0.6801,0.716,0.726,0.6801,11984.545695,0.6979
VTSI,3.51,3.44,3.6035,3.35,67147.723797,3.4959
YUMC,46.92,47.65,48.0,46.9,1006025.751014,47.2234
BOTT,56.8,55.68,57.05,55.48,96121.634956,56.6668
BIPH,16.58,16.57,16.64,16.3,2672.0,16.5605
ISSC,20.59,21.35,21.375,20.08,654281.773866,20.6228
APLE,13.79,13.82,13.93,13.71,2100590.635252,13.8052
OPENL,0.2866,0.3087,0.32,0.28005,216504.635467,0.2975
RVPH,0.3521,0.3321,0.4442,0.262,13180565.624691,0.3575
NUVB,4.78,4.84,4.865,4.7,5395136.313425,4.7671
DHI,140.73,142.35,143.355,139.02,2256772.728824,140.5826
TOST,22.33,23.1,23.11,22.26,16465817.906354,22.5185
VCTR,87.0,87.07,87.25,85.92,484032.553929,86.7827
IMMR,6.39,6.38,6.54,6.31,526304.705482,6.3968
HCSG,21.5,22.12,22.145,21.165,637787.070755,21.4671
QQQY,24.43,24.26,24.51,24.1402,141272.46309,24.3718
SPMC,11.12,11.29,11.3499,11.07,35025.4477,11.2098
JGLO,70.98,70.46,71.08,70.4032,29752.127356,70.8609
MIAX,55.21,52.52,55.9,51.4001,1698767.223847,54.7063
PUBM,9.48,9.72,9.92,9.37,993675.586185,9.6074
UAA,5.11,4.94,5.26,4.85,14934672.977865,5.0816
USBpS,17.855,17.82,17.87,17.7307,272750.4453,17.8149
AMDD,3.72,3.63,3.83,3.61,18129390.13043,3.7211
PFN,6.95,6.94,6.96,6.905,378814.9768,6.9316
IMOM,45.8493,45.52,45.85,45.39,22527.7434,45.5901
LFMD,4.54,4.25,4.585,4.25,1101407.434696,4.4917
FNV,240.79,236.09,243.72,232.18,1110392.672823,239.8134
CSPF,26.0762,26.02,26.81,26.0199,102322.897871,26.0867
HUBG,37.95,37.11,38.28,36.97,757278.203242,37.8586
IR,71.39,73.14,73.15,70.97,5484510.439393,71.6335
MCR,6.03,6.06,6.07,6.01,55979.108,6.0325
MOB,5.83,5.9,5.92,5.6,186839.870112,5.7392
GAINI,25.505,25.6,25.6,25.38,6931.0,25.4762
CRBP,12.15,11.45,12.24,11.11,316096.644338,11.8995
CXE,3.75,3.78,3.78,3.74,25271.5103,3.7605
CBL,45.79,46.47,46.6,45.01,234172.482795,45.713
PEJ,58.91,58.73,58.91,58.34,42034.023765,58.7046
LAMR,146.62,148.11,150.99,145.325,1206339.855813,147.188
INGR,105.99,106.44,107.53,105.33,780792.375018,106.1133
MBIO,0.6501,0.6582,0.6719,0.6444,42954.271,0.6558
SOFA,11.5898,12.12,12.12,11.485,56123.736616,11.8153
PERF,1.69,1.72,1.72,1.68,55286.022209,1.6975
JADE,77.5406,77.13,77.77,76.83,710.308042,77.2343
THRY,3.44,3.47,3.48,3.305,959049.717725,3.3976
RTXG,20.1637,20.0,20.4199,19.4,25000.0268,20.0675
USBpQ,15.08,14.98,15.085,14.94,67623.0452,15.0518
BBAI.WS,0.53,0.5755,0.5755,0.5256,48036.936,0.5393
FEMY,7.628,7.802,7.996,7.4,24920.396397,7.612
GEMD,42.0002,42.08,42.09,42.0002,2668.976981,42.0554
DFH,13.43,12.93,13.45,12.71,1046180.883244,13.1511
AMT,173.87,176.77,176.81,171.01,3271248.613076,173.4224
ALLR,1.54,1.55,1.59,1.51,100893.367433,1.5418
CMTG,2.1,2.22,2.235,2.1,577294.663358,2.1717
GSpA,19.71,19.75,19.83,19.6002,48489.7229,19.7476
DFMC,55.3794,55.47,55.5,55.22,256325.388,55.2376
INTF,41.44,41.15,41.44,41.05,177749.768771,41.3181
GOAU,46.314,46.36,46.4333,45.505,18860.741431,46.2363
DTE,142.0,141.67,142.19,140.6701,1463191.969564,141.7507
BDN,3.02,3.02,3.03,2.99,1227217.50153,3.0071
WPM,142.22,141.19,144.0816,139.4,1537791.286536,141.9964
MBBC,15.46,15.47,15.47,15.46,587.6455,15.3064
ETG,23.0,22.63,23.03,22.63,185726.67912,22.9611
GME,22.08,22.33,22.475,21.975,7356934.102908,22.2138
SXT,115.76,115.87,116.985,115.33,345605.1881,116.0766
CL,87.87,86.92,87.955,86.31,5590963.450284,87.3961
IMNN,2.6,2.7,2.7,2.5,44091.015433,2.5694
RVLV,17.51,18.22,18.285,17.35,4226953.09471,17.5978
EHC,107.49,107.56,109.8899,107.21,757742.176454,107.8102
INFL,53.48,53.53,53.6599,52.9,259559.526119,53.2924
THQ,18.45,18.54,18.62,18.4,80336.1132,18.5276
HUN,14.39,14.6,14.93,14.32,4732487.014739,14.4707
RVT,18.47,18.43,18.6299,18.25,163089.160249,18.3967
CIB,63.6,64.03,64.91,62.685,327792.172595,63.8628
GANX,1.78,1.82,1.83,1.78,310265.240188,1.8055
CODIpC,21.85,22.12,22.12,21.85,9766.6203,22.003
CGDG,37.33,37.21,37.3611,37.14,634797.660422,37.26
TFII,134.12,135.16,136.62,133.71,210720.882392,134.3908
LSBK,15.77,15.95,15.95,15.77,19916.0,15.8255
ASC,18.75,19.02,19.03,18.1419,878755.53383,18.515
SVCO,10.67,10.61,10.76,10.23,323161.837012,10.6333
CRL,162.85,167.04,167.04,160.08,734993.877943,162.4342
BUR,4.51,4.54,4.61,4.435,2485315.341849,4.525
FBIN,35.79,36.4,36.44,35.12,2943373.927873,35.6832
GLWG,34.025,34.62,35.71,30.7331,2065240.863849,33.5817
TSI,4.53,4.53,4.56,4.53,106915.7957,4.5417
NRT,7.8,7.94,8.1201,7.77,70602.218792,7.891
BITX,19.83,20.09,20.12,19.35,7166248.873297,19.8053
SA,33.26,32.71,33.58,32.1,613346.37232,33.0504
DTST,4.55,4.53,4.55,4.3506,58154.48617,4.6156
ETX,18.9075,18.8,18.99,18.8,3144.4626,18.918
OKLL,10.0,11.1,11.1,9.53,18928745.821878,10.2983
GD,341.36,343.94,343.94,339.98,898326.304474,341.7348
XLVI,24.8555,24.7,24.87,24.63,12847.677813,24.767
ESS,271.94,267.26,271.96,265.68,427164.173988,270.3228
IPI,45.4,47.14,48.0,44.2801,319622.961934,45.532
KBH,46.65,46.38,47.0,45.765,1115497.672458,46.4424
ESQ,104.42,104.79,105.99,104.01,87488.5731,104.7507
NRG,131.08,137.15,137.99,129.2379,5065237.287498,131.6404
AEO,15.42,15.43,15.515,15.03,5008277.452167,15.3221
NHP,13.16,13.33,13.47,13.0001,402332.149,13.2572
FIGR,40.51,38.289,40.94,35.131,6632959.726838,38.4928
SETM,38.74,38.89,39.16,37.9901,266538.899275,38.7798
UHS,171.01,172.08,173.08,166.915,934005.726189,170.7593
AQB,0.861,0.88,0.9109,0.861,24222.269744,0.8826
SMHI,7.27,7.28,7.35,7.1,75455.626,7.2048
CERT,4.79,5.05,5.145,4.775,5354583.790832,4.8893
VGLT,54.28,54.35,54.41,54.15,1210410.42648,54.2733
PDDL,20.1085,18.73,20.5903,18.73,56231.937593,19.861
MPX,8.23,8.16,8.27,8.14,123243.310281,8.2289
SMSI,4.1675,4.29,4.29,4.052,24719.07881,4.155
TBCH,10.99,11.31,11.44,10.59,321901.890314,10.9555
BEKE,19.59,18.79,19.765,18.72,7584806.018607,19.528
ONCY,0.871,0.8827,0.9,0.8707,562133.095584,0.8873
TWOpC,24.78,24.79,24.84,24.72,26518.4879,24.7732
MBC,6.99,7.09,7.09,6.805,4141645.721775,6.943
UTWY,42.2622,42.31,42.31,42.2622,929.1992,42.2946
SLGN,39.15,39.46,39.8999,38.98,741870.874006,39.2506
KT,20.41,20.59,20.765,20.38,711690.82626,20.4701
SUI,124.28,124.18,125.19,123.79,721858.910052,124.5121
CCJ,115.39,115.77,116.75,112.02,3366196.767479,115.0825
OBK,45.72,46.36,46.525,45.7,169634.795315,45.8679
HPPpC,15.55,15.54,15.56,14.29,3517.6126,15.2128
CVLG,31.95,31.68,32.34,31.56,118536.702117,31.9057
HBANL,25.455,25.54,25.5836,25.45,16277.606,25.5166
CDNL,54.895,61.01,61.01,53.7501,827091.557174,56.3243
BKKT,8.02,8.81,8.8881,8.01,1669617.816375,8.2947
TBLD,21.94,21.83,22.0799,21.6701,45523.691,21.8813
PGHY,19.82,19.91,19.98,19.82,59977.141972,19.8957
GSL,41.25,41.97,42.0775,40.92,292402.998316,41.1961
DASH,149.07,153.76,154.26,148.0,6118651.19901,150.7271
THC,195.86,195.23,199.2,194.12,1120294.268612,196.5948
BDJ,9.16,9.13,9.17,9.1,327845.43343,9.1426
PHIN,79.07,78.82,80.03,78.265,390844.189494,79.1046
CRT,10.79,10.65,10.99,10.6,23937.157889,10.7507
PAY,24.66,26.17,26.39,24.66,564496.679218,25.1096
INCE,66.8,66.92,66.92,66.545,6771.399787,66.7611
VSOL,12.074,12.3899,12.3899,12.01,28365.0666,12.1093
CSV,43.11,43.03,43.75,42.58,76948.574879,43.1385
GAIN,15.74,17.0,17.09,14.615,2332923.597158,15.5342
GFAI,0.4554,0.452,0.4699,0.4301,547967.094408,0.4559
MCW,7.08,7.06,7.09,7.05,8415576.235358,7.0741
KGS,75.74,76.5,76.5,73.89,1308493.347457,75.3079
NFE,0.7443,0.7289,0.7518,0.6806,3821766.17295,0.7345
ACGL,93.32,93.51,95.1325,92.79,2376943.390843,93.4748
TRAK,9.02,9.21,9.245,8.94,121977.277051,9.0653
AOS,56.98,57.84,58.225,56.77,1558184.07739,57.1578
MSBI,26.67,26.79,27.21,26.43,132333.231021,26.6943
YTRA,0.94,0.94,0.9799,0.930001,15691.0,0.9497
STRD,76.99,77.0,77.0,76.4,45208.995463,76.6332
TLIH,3.4,3.58,3.69,3.34,68527.676277,3.542
DMO,11.17,11.15,11.175,11.0902,20749.6037,11.1302
RAAQ,11.28,11.2,11.44,10.98,215220.081236,11.2017
AMRN,15.02,14.95,15.29,14.81,48773.127355,15.0095
DOMO,3.44,3.65,3.66,3.4,646126.443493,3.45
AVGX,61.24,61.12,61.74,57.6501,337019.858787,60.4977
PTRB,41.46,41.43,41.46,41.38,148689.735049,41.435
BALL,56.45,57.47,58.25,56.41,2076769.186987,56.7147
AFG,132.37,133.33,133.847,131.455,458598.564315,132.3265
CION,6.79,6.74,6.865,6.64,630142.896692,6.7599
JOYT,56.16,56.0,56.4799,56.0,4402.4422,56.1394
BBAI,4.21,4.19,4.34,4.06,39052987.064378,4.2328
BKMC,117.6978,118.05,118.05,117.3601,4831.4241,117.6042
SNY,42.42,42.48,42.99,42.325,3179189.579818,42.4769
SAEF,29.1359,29.29,29.29,29.051,1245.1121,29.0849
DJTWW,4.25,4.15,4.3,4.12,13801.364643,4.2194
MUJ,12.38,12.39,12.39,12.31,81180.0713,12.3454
MBB,94.35,94.13,94.35,94.055,1322999.729789,94.2297
RVTY,95.01,98.97,99.5,94.86,1136018.054002,96.0452
RLAY,13.22,12.82,13.29,12.745,2310927.211341,13.062
ATYR,0.3959,0.543,0.543,0.395,13336688.099583,0.4367
ZVIA,1.21,1.34,1.36,1.21,1172437.379882,1.253
DAMD,3.03,2.86,3.2,2.8451,12398603.68112,3.0305
CABO,52.27,50.29,53.94,50.0,207919.051794,51.8941
IMKTA,85.24,83.77,85.67,83.26,152043.590162,84.4716
ISPC,4.21,4.465,4.47,4.065,189279.58994,4.1893
CACI,503.87,495.72,507.2,485.5,528268.224056,497.3529
MLR,46.96,46.53,47.69,46.53,130480.145256,46.9706
ALBpA,80.11,81.02,82.0,78.445,233362.248287,80.8146
VSECU,48.21,47.91,48.28,46.86,12802.0,47.6422
XOVR,18.87,18.86,18.935,18.5801,2149669.938711,18.8244
MAA,129.34,128.44,129.5,127.935,700226.327885,129.0696
LZ,5.91,6.01,6.01,5.6,4848970.247748,5.8382
GRMN,232.02,236.47,238.0,231.59,914537.863282,233.3622
UCL,1.05,1.16,1.16,1.04,11490.0,1.0786
ORI,38.8,38.92,39.4,38.45,1130461.951097,38.7824
MBIN,45.08,45.46,46.28,44.71,129946.462119,45.1256
METL,31.095,31.35,31.35,30.6301,21913.345049,31.1587
AAXJ,116.8,115.2,116.9775,114.88,223190.239312,116.36
ETON,30.82,29.51,30.89,29.51,274922.950814,30.5089
FIXD,43.5377,43.53,43.95,43.47,501344.837748,43.5205
MBLY,10.53,9.35,10.81,9.32,17216944.160815,10.2587
PPH,102.12,101.22,102.27,100.82,139622.361593,101.9421
COM,35.4,35.47,35.62,35.36,409203.484108,35.5076
RAY,3.79,3.76,3.87,3.67,14992.521659,3.8081
NFG,80.66,80.2,81.19,79.7701,808331.217578,80.4942
IRIX,1.03,1.04,1.05,1.0143,58055.0896,1.0327
DVA,198.1,201.1,201.93,196.88,638554.267402,198.5145
NIO,6.54,6.09,6.58,6.06,56887153.446907,6.461
VOR,15.91,16.23,16.82,15.75,692005.633097,16.1488
THW,12.93,12.93,13.0,12.8544,73307.72326,12.9514
HP,38.24,39.24,39.24,37.64,984389.483624,38.2027
NNNN,25.24,24.59,26.0,24.0,17654.347519,25.0258
PKOH,30.07,29.43,30.31,29.32,138633.315452,29.7924
BITU,15.58,15.79,15.8199,15.22,3363314.593422,15.5398
OFRM,16.55,16.09,17.38,16.047,608069.945622,16.821
NPFD,19.31,19.32,19.38,19.2301,44809.1258,19.4061
FSCC,34.2425,34.45,34.45,33.8301,68224.0513,34.2741
MGR,20.7,20.84,20.84,20.69,7348.923,20.7423
LIQT,2.19,2.12,2.37,2.1001,34644.2287,2.213
DKI,5.91,5.48,6.19,5.48,85444.6975,5.8427
IBM,214.64,218.27,218.31,212.34,8361214.992543,214.0514
KREFpA,18.3201,18.27,18.34,18.27,16089.3125,18.3219
NIM,9.29,9.27,9.39,9.24,10273.9528,9.281
PSTL,23.34,23.4,23.81,23.14,414317.850339,23.4038
EIC,10.77,10.56,10.77,10.49,108712.129404,10.6745
BJRI,41.34,41.45,41.93,40.76,395235.85845,41.2345
FGMC,10.31,10.27,10.33,10.2627,123649.648068,10.3049
HTO,56.52,56.81,57.02,55.9101,494531.83214,56.392
FOR,26.55,26.37,26.75,26.09,185874.88462,26.4471
SHRT,6.49,6.57,6.57,6.49,1927.3536,6.5232
PEN,322.59,322.5,323.28,321.385,273707.604923,322.527
SUNC,70.14,69.64,70.14,69.01,477643.637152,69.6713
TDW,81.09,81.55,82.65,79.05,516305.997489,81.0753
SOLZ,9.165,9.42,9.42,9.1,1717736.684076,9.2314
NVDG,22.54,22.42,22.97,21.78,338928.094933,22.5457
WRBpF,19.3631,19.42,19.42,19.32,19988.095,19.3926
PMNT,0.2195,0.2318,0.235,0.2156,363107.9798,0.2221
CGCT,10.38,10.38,10.4,10.37,704590.408682,10.3814
LAR,10.81,11.5,11.85,10.61,4229300.784885,10.8877
EMNT,98.82,98.83,98.83,98.7901,3059.486517,98.8117
FGNX,6.52,6.05,6.52,5.6101,262440.663,6.1527
IDT,51.96,52.39,52.73,51.72,138411.31314,52.0402
JPRE,51.98,51.9,52.07,51.705,5776.644446,51.9552
BOE,11.88,11.9,11.9,11.8,123586.143915,11.8493
UP,5.37,4.89,5.445,4.8601,294032.566561,5.2844
AGM,171.28,177.61,178.28,170.965,115125.778537,173.1245
ORGN,1.25,1.24,1.27,1.2251,55824.300328,1.2521
ABCB,82.87,83.8,84.06,82.67,457774.713463,83.0964
AENT,6.87,6.89,6.89,6.45,21211.917315,6.7626
FMDE,38.73,38.84,38.84,38.43,691715.754201,38.6672
GGZ,15.601,15.66,15.69,15.42,9953.86,15.5466
CARE,26.6,26.12,26.635,25.8,485857.434062,26.4163
PYPY,27.37,27.39,27.8,27.26,7963.008969,27.4414
DLX,22.94,25.01,25.34,22.69,1209028.075965,23.4866
IRD,5.03,5.09,5.19,4.85,1436215.061059,5.0097
ABR,5.88,5.81,6.0,5.69,5628942.624446,5.8658
CGCTW,1.17,1.35,1.35,1.12,51793.0,1.1774
JXNpA,26.11,26.1,26.19,25.98,59351.3003,26.0488
HFRO,6.15,6.2,6.2,6.130506,74742.49668,6.1558
KN,36.62,35.81,37.08,35.35,1214022.794754,36.587
ASRV,3.75,3.7,3.82,3.7,18688.1139,3.7999
FPI,10.4,10.35,10.42,10.285,434385.980535,10.3694
BHFAN,13.05,13.08,13.08,13.02,113834.0639,13.0508
CNDT,1.44,1.5,1.5094,1.4,1446857.972767,1.4551
NCNA,1.87,1.85,1.9131,1.85,16189.275719,1.8874
NIC,140.18,141.88,143.3499,139.475,135075.619182,140.6727
NEEpN,23.87,23.94,23.96,23.8101,26191.345187,23.8879
SUSB,24.98,24.96,24.98,24.94,130708.593327,24.9582
PHVS,32.94,32.04,33.33,31.22,231136.889518,32.7242
IHS,8.25,8.25,8.2501,8.21,1853488.661938,8.2365
ALAI,42.72,42.53,42.89,41.945,76934.357,42.5575
ARES,123.18,122.15,124.79,120.11,2765568.045072,123.2703
SRV,49.65,49.12,49.79,49.0907,27936.631307,49.4966
DMB,11.11,11.03,11.11,11.02,7280.1521,11.0406
CADL,8.94,8.65,8.945,8.48,1824379.858372,8.7115
ACXP,1.99,1.97,2.02,1.95,106966.9202,1.973
EXK,11.28,11.45,11.595,10.995,8434007.419689,11.3341
QGEN,32.7,33.31,33.78,32.53,4032489.335313,33.0155
HOOG,19.3,19.31,19.776,18.61,398075.194452,19.3824
AGH,4.06,4.13,4.23,3.81,703248.43399,3.9745
FOSL,4.1,4.05,4.14,3.73,1517862.748255,4.0266
UPSX,14.52,15.0,15.0,13.63,121478.555182,14.1783
APD,306.2,304.83,307.96,302.26,1149315.540248,306.1214
ADPT,13.13,13.54,13.57,12.945,1285899.003991,13.1405
FDIV,27.03,27.12,27.12,26.92,20070.5497,27.023
MSIF,12.21,12.41,12.76,12.21,254843.979382,12.2888
XNDX,24.24,22.03,26.0,20.43,216594.415464,23.6655
JJSF,71.57,69.9,72.57,69.9,395311.241649,71.2297
KNX,59.77,59.59,60.855,59.43,3734842.932201,59.8329
BANX,19.62,19.7,19.7239,19.44,30406.791,19.5678
GPTY,44.78,44.82,45.33,44.515,49455.85674,44.9979
RHLD,105.97,107.74,109.72,104.46,172827.917952,107.191
RVNL,24.6987,23.44,25.75,23.44,37452.091869,24.6444
BLZR,10.1,10.1,10.105,10.09,16332.0,10.0981
SUNB,76.07,73.37,76.49,73.33,4150471.655588,75.8171
ALTI,3.26,3.42,3.46,3.25,162246.876193,3.311
UNH,401.16,396.5,404.15,393.0,8454062.849723,400.2662
SNWV,18.94,16.9,20.075,16.9,412358.3834,18.869
RILYT,20.95,20.79,21.11,20.75,85857.747,20.931
KGRN,29.84,28.96,30.0,28.9,14424.655444,29.7039
FT,8.0697,8.08,8.11,8.02,94852.049728,8.0484
IFN,11.59,11.5,11.6282,11.5,157295.063752,11.5773
NTB,54.55,54.62,55.18,54.47,241803.81934,54.678
LOB,35.73,36.37,36.45,35.73,207467.210478,35.9003
STUB,7.52,7.3,7.64,6.895,10056938.938342,7.4861
BMNG,26.04,26.91,27.34,25.75,199860.0003,26.6822
UTZ,6.95,7.3,7.32,6.93,2840430.187159,7.0138
PRTS,6.611,7.382,7.382,6.5,94438.16746,6.832
CGNT,9.7,10.595,10.595,9.68,965369.058622,9.8923
Q,162.02,170.72,171.52,160.22,2660609.725825,164.0477
SCNI,0.506,0.5305,0.533,0.4982,133768.0,0.5144
CE,59.97,60.25,61.0,59.03,2017527.216673,60.1479
PMT,10.51,10.37,10.57,10.295,1050995.762998,10.4792
GTEC,0.5472,0.55,0.5707,0.52,120154.614828,0.5361
LOGI,103.99,103.12,104.01,101.67,958940.596849,103.3479
CSW,259.87,260.66,262.58,251.45,198314.960195,257.3844
TDI,45.3144,45.14,45.41,44.9679,173097.5118,45.3281
VSEC,180.53,180.2,181.81,172.72,437327.427833,178.318
CCLDO,27.5,27.5,27.51,27.49,57278.0842,27.4938
VRIG,25.12,25.1,25.12,25.1,295003.375798,25.1097
UAE,18.97,19.05,19.18,18.835,533873.827391,18.9428
CONY,27.5,27.79,27.79,27.09,603461.207673,27.5216
MGRE,24.1,24.04,24.1,24.0,59329.469,24.0405
HYXF,46.62,46.56,46.65,46.48,15973.7738,46.5715
EIG,41.45,40.81,41.5899,40.81,181214.171325,41.2883
MLTX,18.41,18.25,18.58,18.02,1188090.279004,18.3487
EAGL,32.38,32.34,32.42,32.0,137985.712186,32.2256
MOVE,19.25,15.17,19.735,14.06,177355.411065,17.1149
TYL,298.59,304.48,307.4617,294.36,848293.401287,299.5405
CNMD,35.55,35.4,36.195,35.3,328138.340841,35.6152
MSDL,15.12,15.16,15.255,15.06,434133.798872,15.1581
SYK,302.09,290.46,303.725,290.0,3800441.398886,299.9758
ONEQ,103.83,103.02,104.22,102.39,395687.243607,103.6328
CD,6.17,5.87,6.26,5.8,68719.802096,6.0805
IPAC,83.15,82.71,83.27,82.6,63573.31631,83.0743
APOG,35.21,35.03,35.43,34.575,167712.104372,35.1363
CMGG,13.8405,14.4,14.4,13.8,1804.8792,13.9884
HRTX,0.9144,0.964,0.98,0.9144,2425605.426662,0.9318
AMZU,44.2,42.36,44.405,42.0,2513899.467095,43.2988
CLPR,3.01,3.0,3.05,3.0,57576.2561,3.0149
GECC,5.75,5.68,5.8,5.68,34319.940858,5.7404
HCM,12.67,12.64,12.79,12.63,28756.988036,12.6806
TMUS,190.28,193.2,195.775,190.0,3584460.689999,191.3733
SVRA,5.27,4.82,5.275,4.82,1527362.482694,5.192
MDT,76.21,75.93,76.48,75.4,10975166.757771,76.1423
EMCR,44.1836,43.3,44.1836,43.3,2463.6848,43.975
GAIA,2.53,2.48,2.56,2.4015,80447.859039,2.5087
KFS,11.19,11.25,11.25,11.04,35104.271,11.1434
LNC,34.07,35.14,35.275,34.055,1925052.079557,34.3632
IYW,240.66,239.16,241.72,236.19,720402.713377,239.8842
STWD,17.11,17.1,17.24,17.0837,3661636.709789,17.1527
WCC,360.5,365.87,365.87,356.47,526199.41917,360.7511
WPAC,10.0,9.99,10.78,9.96,4236.0,10.1318
SPGI,406.55,419.44,420.0729,401.0,2603757.708658,406.4524
QPUX,33.3775,35.85,36.01,31.7,168459.70012,33.3934
SUN,69.99,69.12,70.0,68.8601,396701.114548,69.6538
VNQI,47.16,46.97,47.21,46.89,225826.360183,47.09
AVNV,85.3699,84.79,85.54,84.79,5234.988085,85.2646
PASG,5.52,5.04,5.74,5.0,97025.097,5.4763
NXTT,1.53,1.55,1.55,1.45,72794.136918,1.5342
BEAM,31.85,31.0,32.53,31.0,2823637.869821,31.9032
SFWL,0.88,0.88,0.9031,0.88,9640.0,0.8943
PPG,105.46,106.4,107.72,105.09,1352226.284285,105.7692
AZZ,144.31,148.35,149.0,143.61,236923.653202,145.6383
RWEM,35.85,35.2,35.9,35.06,50593.194426,35.5823
CpN,29.25,29.07,29.3,29.06,131622.274,29.1585
MVO,2.08,2.06,2.11,2.01,84026.47426,2.0691
CNTB,2.45,2.59,2.7,2.43,210487.143285,2.5362
HLXC,10.16,10.16,10.16,10.16,288.0,10.1753
MRX,58.25,55.5,58.49,55.0,1118648.973364,57.4271
MPLT,30.67,30.13,31.34,29.435,190211.645849,30.6379
MPAA,11.19,11.19,11.33,11.04,39808.42322,11.1594
WDEF,28.29,28.01,28.33,27.7001,50421.40841,28.1059
EMBX,51.3636,51.42,51.48,51.35,72159.3331,51.456
CLNE,2.05,2.05,2.085,2.01,1508170.399332,2.0462
REVS,30.8879,30.81,30.905,30.775,13288.072644,30.8289
JFB,5.44,5.7,5.7,5.36,189007.494507,5.5126
VRCA,7.37,6.91,8.2,6.81,248701.605939,7.8969
GAM,64.27,63.94,64.46,63.86,20434.094401,64.0652
TRMD,32.64,35.0,35.33,32.14,2161523.477167,32.9887
IPKW,58.945,58.37,59.07,58.37,20648.847346,58.8547
VNCE,4.22,4.31,4.4147,4.16,111933.6568,4.2379
ANTX,4.31,4.27,4.63,3.94,263434.239221,4.2789
COOT,0.629,0.6175,0.64,0.6099,47235.07491,0.6242
TAYD,50.4,50.28,50.87,49.07,35999.625088,50.1699
PCG,16.6,16.62,16.67,16.5,16035388.406401,16.5939
URI,935.26,949.43,953.96,930.77,649988.935423,938.3996
ARWR,77.88,78.52,80.67,77.05,2120807.831286,78.3156
JPME,120.34,121.1,121.1,120.01,4166.904349,120.3402
HUM,304.85,298.34,308.5,292.07,3077816.068735,303.7058
ASBpE,21.15,21.11,21.26,21.11,6999.8419,21.2022
MUFG,18.61,18.43,18.8,18.43,4110866.65982,18.6912
SIOO,19.8402,19.88,19.89,19.79,4389.8391,19.8539
AVAL,4.22,4.37,4.42,4.19,239337.418384,4.2935
FDVV,59.41,59.31,59.52,59.14,730854.548588,59.3482
CCLD,2.12,2.25,2.25,2.09,723430.857187,2.1533
WEAV,5.19,5.37,5.37,5.14,949243.903745,5.2323
SOLT,53.29,56.07,56.205,52.4312,641459.525364,54.4764
UBSI,42.15,42.42,43.0,41.99,830219.743229,42.1663
TG,8.2,8.3,8.3883,8.13,258876.81809,8.2506
NUKZ,71.96,72.62,72.62,71.0201,133623.956696,71.9137
SFpD,16.995,16.93,17.0299,16.93,20012.74,16.9893
AQN,5.91,5.94,5.99,5.9,2735800.741524,5.9229
SILA,30.56,30.56,30.58,30.5425,479977.484421,30.5592
MQY,11.38,11.43,11.45,11.36,372072.6235,11.3846
PALD,18.26,19.84,19.84,18.26,27074.103,19.2985
FDUS,18.6,18.94,18.955,18.52,250836.853785,18.6981
AMP,469.18,467.85,471.94,465.63,521440.299871,469.1336
FBIO,2.23,2.25,2.3,2.185,349463.711651,2.2167
IMCC,0.2512,0.2551,0.2566,0.241,182494.333333,0.2501
PRIM,112.94,113.7,116.19,111.18,2017701.685018,112.9965
NMG,1.94,2.01,2.01,1.9,937886.496525,1.9536
VTRS,17.37,17.13,17.39,16.96,14317223.728397,17.3008
MARO,6.48,6.49,6.64,6.3349,508800.235978,6.5368
BRSL,10.97,11.3,11.49,10.75,3846021.233721,10.9705
DHF,2.44,2.43,2.44,2.41,264545.1308,2.427
MBSD,20.63,20.57,20.63,20.57,7973.6101,20.5957
IOTR,2.135,1.97,2.42,1.7531,51453.367284,2.0374
LEU,192.31,205.38,205.75,192.31,725113.840184,196.6137
IESC,677.78,694.76,696.0,667.885,231832.148068,684.7554
TC,9.38,9.72,9.72,9.1562,13730.0,9.2765
SPFI,38.99,39.1,39.325,38.64,65609.062538,38.9177
DD,153.48,152.61,154.92,151.11,1483494.238364,153.4524
CLBT,12.1,12.88,12.88,12.09,3012371.585957,12.2989
CHD,95.09,93.0,95.91,92.99,3043040.854793,95.0075
PTIR,12.37,13.155,13.74,12.12,6623924.502706,12.6456
AEIS,339.19,332.18,342.88,331.2774,1178105.244566,339.3808
ATO,179.95,181.08,181.08,178.03,1379331.00814,179.7829
IMNM,22.2,23.39,23.39,21.85,1030478.409431,22.3144
WATT,23.62,26.35,26.5,23.61,707283.410317,24.6923
CGGO,39.71,39.54,39.825,39.17,1256113.112938,39.6339
PTA,19.69,19.68,19.69,19.5,110313.9702,19.6423
TKO,183.7,182.96,186.495,182.0,885838.745688,183.9541
RDTL,18.1,17.56,18.15,16.82,361837.372482,17.7497
MSpQ,25.605,25.59,25.61,25.57,21108.317,25.592
FOFO,2.45,2.4,2.48,2.36,43217.175,2.4014
NVIT,54.2784,54.22,54.635,53.9574,3241.340433,54.3002
MMSI,62.62,60.37,63.13,59.985,1048148.063392,62.4434
KNTK,49.75,49.0,49.76,48.395,970226.593056,49.205
VWOB,66.6,66.67,66.72,66.58,362230.430141,66.6373
TDS,42.23,42.76,43.13,41.34,1270701.253817,42.167
PUMP,16.55,16.21,16.59,16.01,3045596.539165,16.3931
VEXC,92.02,91.54,92.28,91.51,17862.002669,91.8888
ZIM,25.75,25.85,26.05,25.7,1075228.561851,25.8358
SOLS,88.57,90.75,90.7999,86.51,3440156.528201,88.8731
TELA,0.96,1.0,1.02,0.9018,126490.615,0.9702
PSECpA,17.3366,17.7,17.7,17.3366,574.3999,17.4729
CF,125.5,129.25,130.02,125.08,3036033.897655,126.5142
WABC,53.85,53.77,54.368,53.61,187780.92522,53.8711
WVE,6.99,6.78,7.13,6.75,7305725.104346,6.9292
VLN,2.95,2.79,3.07,2.7382,5580857.782669,2.8734
DOO,54.87,55.98,56.26,54.415,176119.202067,55.0972
MYI,10.9,10.94,10.95,10.87,191429.245313,10.9128
BBYY,12.66,11.89,12.71,11.87,14179.3447,12.3018
YSPY,15.635,15.56,15.66,15.49,11386.1716,15.5995
SKYH,9.43,9.5,9.57,8.74,348304.693379,9.1989
LAND,9.53,9.39,9.54,9.23,713889.612962,9.4228
PWR,773.72,781.36,781.52,753.26,1147352.420363,771.5481
CGHM,25.56,25.58,25.58,25.53,247464.71469,25.5491
TGHL,0.3699,0.3497,0.408,0.3322,250374.0,0.3792
ETY,15.04,14.86,15.08,14.83,418588.67075,15.0271
LOPE,160.74,160.85,161.46,157.39,351977.672875,159.6648
RLTY,15.71,15.75,15.7565,15.67,17444.582908,15.7251
GLGG,11.23,11.7,11.99,11.03,14406.6879,11.4624
GWRS,6.66,6.9,6.965,6.55,171215.60652,6.6671
EEA,10.66,10.6,10.915,10.57,64489.529117,10.6952
OVID,2.8,2.86,2.9,2.73,1830930.320648,2.7931
VECO,60.26,63.33,63.69,60.0,1429661.747423,61.0402
MULL,21.872,22.16,22.4,20.6,12563037.600075,21.6548
FRWD,30.49,30.68,30.68,30.16,26441.393,30.3787
PSCI,167.9644,169.17,169.17,166.98,6878.925764,167.7539
MSpO,17.24,17.26,17.3,17.18,40420.8057,17.2112
EMPD,5.22,5.28,5.3,5.15,197663.984567,5.2326
HXHX,0.4299,0.459,0.468,0.42,75758.0,0.4455
SCKT,0.88,0.9043,0.9043,0.8702,8787.163478,0.8856
CGIE,36.25,35.94,36.26,35.89,380372.00519,36.1501
CWCO,30.04,30.31,31.0,29.48,145112.386242,29.9354
BQ,0.8786,0.769,0.88,0.7206,1125912.096816,0.8121
FLG,13.7,13.79,13.905,13.655,2781713.424162,13.7333
MDIV,16.5888,16.65,16.65,16.54,43119.881,16.5822
ISTB,48.25,48.25,48.29,48.2126,207325.087816,48.2421
HQH,20.28,20.35,20.44,20.18,121381.708763,20.2807
CHRN,16.63,13.76,17.0,13.02,729646.911896,15.7031
ENOV,25.7,25.48,25.975,25.265,1089172.177968,25.6891
JOBY.WS,1.34,1.0,1.41,0.94,351401.753,1.19
ABOS,2.49,2.48,2.535,2.465,178329.983804,2.4996
ARCB,111.48,113.09,114.24,110.64,371088.406281,111.7201
BRC,73.24,74.6,75.495,72.79,392454.118907,73.41
HVT,20.53,20.51,20.6857,20.1,117644.061806,20.4094
CELUW,0.0066,0.0066,0.0066,0.0066,300.0,0.0066
R,227.3,228.58,230.33,225.73,348824.840996,227.1349
PDBA,38.31,38.01,38.43,37.95,1158741.677053,38.3057
PINE,18.9,19.05,19.1936,18.8,117663.934292,18.9149
ALLpJ,26.085,26.04,26.1513,26.03,13962.5122,26.0713
ARDX,6.38,6.44,6.5,6.1675,7236325.258226,6.3601
CODI,11.87,11.87,12.12,11.685,570384.013401,11.876
HPK,6.69,6.9,7.3,6.67,971027.568184,6.9185
MOD,279.2,280.29,287.15,270.0,795564.0098,281.4436
CTRI,32.07,32.05,32.56,31.06,1724085.773145,32.0444
SNEX,116.03,116.12,117.95,114.5301,509591.963015,116.1099
AMCR,39.1,39.31,39.73,39.06,3425352.866145,39.3208
PAGS,8.63,9.6,9.6,8.6,10539232.087073,9.0142
ALTO,4.59,4.65,4.6999,4.44,2415091.245376,4.5119
RNRpG,15.52,15.49,15.57,15.465,12743.824,15.4932
BCML,30.36,30.35,30.505,30.125,35275.932988,30.3734
MTW,12.67,12.74,12.91,12.53,207294.3873,12.699
FNWD,31.6,31.5,31.86,31.035,10304.1186,31.5538
IQV,172.38,174.16,176.26,168.07,1516047.444192,171.4472
DFEV,42.04,41.67,42.09,41.54,129797.80179,41.938
SNSR,47.56,47.28,47.6999,46.93,11920.79375,47.4062
XZO,13.38,13.63,13.925,13.37,179964.789643,13.5219
HMY,17.55,17.48,17.59,17.205,3670519.420131,17.4595
ACCO,3.87,3.9,3.94,3.805,863988.548365,3.8555
RNRpF,21.53,21.53,21.53,21.405,15502.721,21.4565
RFIX,38.0685,37.75,38.41,37.75,176334.4781,38.122
VCV,10.73,10.75,10.76,10.73,82988.1069,10.7496
TFIN,64.37,63.98,64.64,63.16,293286.692973,64.1023
AVD,2.95,2.92,3.0045,2.8763,191019.531741,2.9362
BMLpL,19.73,19.68,19.75,19.65,9770.9082,19.6739
AEG,8.42,8.36,8.4499,8.345,2846378.42568,8.4139
LDOS,124.17,126.62,127.742,121.53,1589573.958867,124.2539
IMDX,5.1,4.99,5.39,4.93,288464.838464,5.1131
IIIV,18.885,19.05,19.9,18.588,647480.315667,18.9673
CAPL,22.67,22.19,22.7,22.12,61371.37136,22.4651
FLOC,26.53,27.22,27.39,26.29,859226.003441,26.7117
MSFL,17.84,17.565,17.96,17.486,879872.701967,17.7443
EPAC,34.11,34.22,34.515,33.94,346237.034896,34.1308
ILS,19.89,19.89,19.9,19.865,33034.211707,19.8893
EQT,55.93,55.79,55.97,55.111,4418757.019682,55.7339
HAFN,8.7,9.0,9.038,8.56,1311477.348966,8.6853
ARBB,4.87,4.69,4.89,4.5837,10686.223,4.6936
CCEC,20.37,20.21,20.89,19.97,12358.908424,20.4674
PURR,6.07,6.09,6.3,5.955,5395290.729375,6.0935
PD,6.67,6.69,6.76,6.41,2187890.208793,6.6137
IVA,5.54,5.74,5.74,5.52,106482.893922,5.6002
DCOMp,18.95,19.08,19.08,18.66,1733.3773,18.7931
ASB,27.44,27.79,27.9,27.39,1494837.908574,27.5331
HVMCW,0.31,0.3499,0.35,0.31,14696.0,0.3494
ATAT,37.06,37.16,39.03,36.04,1847168.968578,37.2474
SABA,8.46,8.4,8.46,8.39,57463.1872,8.4353
BRAG,2.12,2.07,2.2408,2.0602,21747.1076,2.1227
IIPRpA,23.88,23.92,23.99,23.69,77854.3558,23.766
FPH,4.83,4.76,4.99,4.7202,225763.052001,4.7815
GSpC,19.8,19.76,19.84,19.76,13207.1021,19.813
UTHY,40.0609,40.12,40.1699,40.0,26254.4712,40.0563
ACEL,11.52,11.45,11.53,11.3,333321.387579,11.4509
ITW,250.1,250.82,252.64,249.07,1137725.592194,250.2147
CODA,11.67,11.83,11.95,11.45,58301.361492,11.6895
NRK,10.62,10.6,10.63,10.58,191189.52088,10.6076
ETW,9.43,9.39,9.455,9.35,162911.54781,9.4239
LZMH,1.798,1.736,1.854,1.6,101068.090719,1.7164
RENX,2.17,2.05,2.1899,2.05,144677.6,2.1478
KBR,30.5,31.66,31.8,30.415,2518877.167225,30.7003
DLNGpA,26.17,26.29,26.29,25.9592,4507.272,26.1518
SOLV,74.41,74.63,75.4,74.01,2454843.213626,74.5533
UFI,4.11,4.15,4.2079,4.1,18631.5413,4.1419
HIGpG,24.84,24.93,24.965,24.84,9962.1245,24.9191
USGOW,0.28,0.34,0.34,0.25,58822.0,0.3024
CLOX,25.535,25.51,25.546,25.51,104381.0401,25.5352
FICS,40.3096,40.11,40.36,40.11,147121.5188,40.2175
FTHAU,9.96,10.15,10.15,9.96,19455.0,9.9634
BTTC,1.27,1.36,1.36,1.21,51823.0,1.2715
TD,106.54,107.65,108.578,105.86,1331572.299466,106.7514
XRPC,15.08,15.27,15.34,15.02,217388.604889,15.1472
TVC,24.18,24.16,24.24,24.09,6035.951,24.155
DGT,185.0946,184.56,185.21,183.96,9398.533148,184.8486
SPOK,10.94,10.81,11.02,10.75,209781.072202,10.8949
GSpD,19.28,19.25,19.33,19.2287,109963.6562,19.2713
LPL,4.97,4.85,5.03,4.7501,3668189.799196,4.9222
CSIQ,20.05,19.7,20.6999,19.4,2843146.950582,20.248
DK,43.88,47.07,47.07,43.4014,1438237.997957,44.2832
NIXXW,0.01,0.0114,0.0114,0.01,852.0,0.01058
GRNJ,30.92,30.95,31.098,30.55,107331.457597,30.8959
TRC,19.29,19.45,19.62,19.29,98857.5181,19.3864
EDRY,22.085,22.0,22.2,21.75,16583.5427,21.9894
FNB,17.24,17.5,17.52,17.185,3910196.042903,17.2996
GTLS,206.96,207.36,207.6,206.96,1347880.609453,207.1192
QQQU,62.35,59.945,62.8,59.82,60380.339353,61.7598
SNX,231.75,235.16,236.76,231.65,747930.886102,233.0078
ETHD,52.06,51.0,53.0903,50.85,250596.442098,51.8687
HLMN,7.49,7.48,7.55,7.33,1231835.827921,7.4462
MFG,8.89,8.84,8.98,8.83,2994011.360219,8.9247
METC,15.31,16.31,16.41,14.6021,3301252.033707,15.3444
VIA,13.31,14.01,14.46,13.265,837889.165022,13.7202
CSX,44.4,44.38,45.105,44.24,13360747.219299,44.5068
LASE,0.8813,0.85,0.9099,0.84001,1603296.728265,0.8865
ALX,226.85,232.68,232.68,225.5,29209.671194,228.0161
KTF,9.07,9.07,9.1,9.05,112825.6087,9.0783
XCUR,3.14,3.18,3.295,3.0006,11531.0,3.156
SILC,46.93,42.42,47.25,42.01,278948.421371,44.2052
EXPO,54.54,56.66,56.83,51.91,972647.802168,53.9194
JNJ,230.42,225.82,230.797,225.4382,7464490.553,229.3779
FLO,7.73,8.03,8.05,7.66,9828287.347789,7.7576
DCO,151.15,145.08,153.955,144.735,450794.878049,151.1641
FKU,53.345,52.82,53.345,52.82,3757.7746,53.0935
UECG,10.22,10.01,10.55,9.53,17956.0,10.1756
USLM,109.35,108.9,110.79,107.02,101895.395337,109.173
GCTK,0.7,0.72,0.73,0.58,820514.171747,0.6829
MICC,14.76,14.94,15.055,14.748,677874.460308,14.8228
BACpQ,16.92,16.95,16.9701,16.9,73492.73802,16.9277
BILD,30.5407,30.45,30.5407,30.45,255.2098,30.4514
RNAZ,6.97,6.86,7.44,6.7,10915.318405,7.0161
TAFI,25.13,25.15,25.16,25.13,637159.527644,25.155
AORT,22.23,22.74,23.0,21.94,796258.292903,22.3526
SHY,82.19,82.18,82.2,82.14,2667479.461236,82.183
NUAI,4.99,5.0,5.11,4.715,8512338.234161,4.9506
SRPT,18.84,19.005,19.33,18.65,3415231.005619,18.9144
SKIL,7.44,7.56,8.05,7.28,101777.11882,7.5648
KXIN,5.71,5.5,6.06,5.401,1374829.778073,5.7152
ABSI,5.3,5.42,5.56,5.26,3481428.578329,5.3992
RELX,31.62,32.07,32.11,31.02,2947733.706351,31.5594
SAGT,1.22,1.25,1.25,1.22,78792.8533,1.2381
NXPI,298.41,300.02,302.41,293.24,3250433.822948,298.1452
CIA,5.13,5.05,5.28,5.05,69717.0,5.1334
FAD,183.73,184.27,184.27,181.4635,10349.35038,183.2127
OWLS,5.79,5.75,5.85,5.745,30832.206123,5.7915
TBB,21.53,21.57,21.58,21.5,42895.51349,21.5229
CDNA,20.61,21.21,21.41,20.37,449739.343929,20.6781
DFNSW,0.0707,0.0709,0.0815,0.0633,247026.0,0.0715
BRHY,50.93,50.87,50.95,50.87,2081.661743,50.93
KLIC,104.27,100.67,105.24,98.36,1029640.245547,103.0057
ADUR,12.75,13.25,13.25,12.65,329517.13024,12.8862
TSBK,39.61,39.01,39.87,38.7503,31851.8391,39.5536
AVEX,25.89,28.12,28.295,25.28,1738154.50853,26.1286
TAP,41.42,41.35,41.73,41.11,2963927.282366,41.3794
XOMA,41.8,41.89,41.89,41.75,74427.457667,41.8141
FND,45.61,47.25,47.365,44.28,5178353.403183,45.4458
SLS,6.53,6.315,6.72,5.685,30684243.312049,6.2233
CUPR,2.096,1.9312,3.0704,1.76,1887363.247526,2.492
MLCI,3.57,3.69,3.7347,3.56,32507.933671,3.6446
PYPD,4.22,4.33,4.59,4.18,127993.720148,4.3053
QLYS,86.5,89.22,90.0,85.27,792007.320105,86.6299
EMXC,96.14,95.76,96.495,94.97,1494638.322961,95.983
XNET,6.33,6.03,6.35,5.87,206287.450232,6.2177
RNWWW,0.0074,0.0059,0.0074,0.0059,4202.0,0.005972
VGSR,11.24,11.29,11.29,11.148,73261.301,11.214
ATHpB,19.6,19.6,19.75,19.5,23077.328,19.6358
AGCO,115.96,118.61,118.61,115.9,607874.216608,116.4542
HRB,36.04,36.09,36.31,35.1912,2410557.863748,35.8956
GLNDW,1.21,1.24,1.25,1.13,28004.0,1.2076
REXC,22.71,22.93,23.0,22.4063,90012.870153,22.7267
UMHpD,22.08,22.42,22.4704,22.08,11869.7038,22.3511
DG,101.75,102.19,103.38,100.81,4618228.152062,101.691
LSTR,174.99,176.23,178.3,173.88,299620.847205,175.04
RAPP,38.08,37.49,38.3,36.31,302459.402228,37.7277
NANR,85.0845,85.02,85.2099,84.5201,22365.575663,84.998
VLTO,85.85,86.04,86.605,85.11,2513307.902436,85.7579
DGX,190.85,188.81,191.11,187.51,693146.024692,189.9462
XMAG,24.325,24.4,24.41,24.2178,17991.9714,24.325
AMTX,2.21,2.24,2.29,2.15,1241530.339498,2.1995
FXNC,26.68,26.85,27.22,26.6,46493.7568,26.7984
NLYpJ,26.09,26.09,26.1,26.08,17715.6896,26.0854
NOC,551.8,554.35,554.35,544.1,568213.299598,550.6131
BTC,35.2,35.43,35.455,34.8,1528370.162203,35.1293
CNO,46.02,45.95,46.23,45.72,693369.984911,46.0361
PSF,19.67,19.75,19.75,19.5521,56946.6732,19.6348
WEC,112.2,111.97,112.48,110.855,1429930.165356,112.009
CTEC,72.5302,70.58,73.04,70.58,7787.8682,71.4375
CBIO,19.61,18.25,20.41,17.91,251894.993755,19.1891
ZKH,2.99,3.03,3.06,2.97,432447.515463,3.0201
DRCT,3.61,3.17,3.7,3.08,53004.905165,3.4062
CTOR,0.987,0.8963,0.987,0.89,124739.194534,0.9475
CYTK,77.22,74.76,77.35,74.305,2214747.139389,76.5818
WRLD,149.88,147.48,149.88,145.1,109250.196,148.271
AGD,12.59,12.67,12.6886,12.49,130741.218585,12.5674
WMS,137.94,139.06,139.39,134.45,1015765.75753,136.7107
BYRN,5.0,5.02,5.0625,4.84,341622.032251,4.9804
MGM,37.41,37.08,37.82,36.845,3945512.769376,37.4425
SARO,26.74,26.68,27.155,26.15,3139505.603814,26.7827
BEEM,1.85,1.67,1.875,1.58,1132698.394743,1.7247
MNSO,14.88,14.21,14.92,14.11,721960.897514,14.7403
JBI,5.09,4.84,5.11,4.82,2186848.606465,5.0177
CPB,20.35,20.36,20.57,20.095,6092227.190381,20.3045
PYXS,2.62,2.59,2.73,2.555,355836.912721,2.6247
BR,143.93,147.34,147.96,139.79,2264873.698968,142.6505
LSAK,4.81,4.86,4.9,4.7,66706.1674,4.8499
JTAI,6.29,6.3,6.41,6.0,94310.468154,6.2613
IUS,64.5981,64.31,64.7099,64.135,34339.003461,64.4227
BCRX,9.6,8.68,9.79,8.65,18948874.803181,9.5113
LBTYK,11.37,11.23,11.455,11.19,772803.026088,11.356
XRAY,10.44,10.91,10.935,10.43,4408224.970824,10.6025
MCO,438.32,446.87,447.35,432.35,1044065.548047,438.0324
XBIL,50.09,50.09,50.1,50.09,126433.956386,50.0927
TK,13.17,13.45,13.46,12.965,729226.28617,13.1519
LZB,34.47,35.18,35.43,34.47,394598.598961,34.7062
GRML,0.425,0.4275,0.4575,0.41,3852256.75894,0.4338
ORA,133.39,132.32,135.33,130.0,2722493.763896,133.4433
ECOR,6.32,6.75,6.75,6.165,59001.176525,6.3428
KRP,15.32,15.43,15.4608,15.11,1236912.951459,15.275
NTRS,162.97,161.42,163.665,160.54,1000047.013416,162.7824
WD,53.84,54.7,55.01,53.6,454851.482731,54.1906
OILT,30.464,30.4,30.464,30.23,1401.2025,30.3008
PCVX,54.25,54.03,54.74,53.46,1423838.729168,54.2596
SFB,20.24,20.25,20.29,20.2,9786.0,20.2772
MXF,22.145,21.84,22.22,21.71,25819.97252,22.1092
USBpR,15.86,15.87,15.8751,15.8,575965.8461,15.8176
PWP,17.98,17.68,18.01,17.3,966194.120304,17.8084
GIGM,1.48,1.47,1.48,1.41,14098.0,1.4576
CGAU,18.88,18.7,19.11,18.6,1011460.106428,18.8709
MVBF,25.62,25.37,25.77,25.37,33039.8532,25.6563
TNET,39.64,40.8,40.8,38.36,471354.938865,39.353
BGC,11.16,10.93,11.195,10.93,3427876.663884,11.1284
FRTpC,19.39,19.47,19.4702,19.39,11602.5508,19.4336
NCZ,15.67,15.52,15.7296,15.52,214856.0462,15.6738
CONX,10.6603,10.94,10.94,10.2341,75205.758571,10.5454
ROCK,38.22,37.42,38.252,37.01,339333.742814,37.8999
LMNX,11.8004,12.25,12.41,11.46,18303.3663,11.9725
TLT,84.8,84.94,85.05,84.59,26295099.652026,84.7707
UCB,32.19,32.59,32.795,32.13,570486.86258,32.2802
TRIP,9.63,9.33,9.775,9.11,4729544.291421,9.4882
RBIL,50.325,50.34,50.34,50.31,51301.6107,50.3288
GIWWR,0.3,0.29,0.32,0.28,17861.0,0.3088
HOOZ,27.34,27.25,28.17,26.78,62387.696039,27.4279
GRBK,63.41,63.75,64.08,62.4781,221936.435392,63.2792
KMX,37.07,37.9,37.9,36.4322,3338671.166694,37.2216
VGI,7.43,7.45,7.49,7.4001,24997.6556,7.4343
GLW,206.51,207.84,211.79,196.084,15450499.159848,204.4772
IRON,70.03,68.12,70.375,66.64,766248.425891,69.4622
SPOT,430.9,432.89,437.645,423.68,1972942.816807,430.0476
MEI,13.87,9.57,15.55,9.475,12633495.25222,13.6954
DSX.WS,0.66,0.8,0.8,0.6,20572.336687,0.6684
BIP,38.31,38.22,38.385,37.83,740405.208203,38.169
HTH,36.6,37.01,37.31,36.39,367870.81243,36.6579
SIDU,3.26,3.35,3.45,3.23,13232015.480319,3.3637
BSAC,29.97,30.3,30.71,29.83,728191.255453,30.1785
SEI,77.19,77.22,78.84,73.6675,2506388.824826,76.1561
SHV,110.19,110.19,110.2,110.19,3562304.624134,110.1967
ENHA,5.28,6.3,6.54,5.03,393116.361487,5.7935
MENS,2.02,2.1,2.1,2.0,32946.254148,2.042
NXDT,5.16,4.95,5.27,4.8801,261329.156479,5.1438
ISMD,44.93,44.99,45.0199,44.72,13889.607395,44.8325
NTST,20.46,20.68,20.7,20.395,867187.183772,20.537
ICMB,1.44,1.51,1.51,1.4,55426.819168,1.4524
EC,12.87,13.08,13.44,12.84,3741272.668082,13.1183
OII,38.87,38.17,38.96,37.54,1065926.730439,38.4618
CISO,0.2898,0.298,0.298,0.28,169083.251842,0.2872
CZNC,20.75,20.79,21.02,20.5201,60673.205301,20.7926
SPXX,17.97,17.97,17.99,17.85,235136.028134,17.9234
AVA,40.79,40.63,40.84,40.26,515672.199937,40.6928
CCI,89.62,90.71,90.71,87.295,5158985.838505,88.7188
ZOOZ,5.828,6.0,6.0,5.642,35618.99895,5.886
FLUT,95.01,94.53,96.01,92.22,2386626.557762,94.8089
BGM,0.2621,0.2572,0.28,0.2572,98655.343846,0.2664
SBUX,105.95,106.77,108.05,105.47,8638887.386548,106.4054
OXM,39.87,41.39,41.395,39.0,361358.710481,39.7608
SAY,25.5,25.55,25.5658,25.5,5472.0,25.5308
FUBO,9.91,9.68,10.08,9.538,998433.927903,9.8766
EFX,159.94,164.41,165.805,157.59,1948902.526414,160.2262
CENT,38.23,37.9,38.5,37.69,60355.534427,38.0735
MX,4.07,4.04,4.175,3.91,1106816.543944,4.0552
CMG,32.11,32.42,32.595,31.97,13237170.631454,32.1923
HIX,3.97,3.95,3.97,3.905,332386.3284,3.9469
GHY,12.08,11.98,12.08,11.905,268963.283409,12.03
DXpC,25.95,25.78,25.95,25.69,5651.4174,25.8368
AMTB,22.5,22.73,23.01,22.253,206614.3442,22.5706
GWW,1252.85,1238.44,1253.14,1229.3101,230509.547476,1247.7731
MG,17.18,16.93,17.41,16.64,287340.55671,17.1313
ASND,243.58,236.11,245.69,235.52,432458.764341,241.8574
TTEC,2.56,2.45,2.75,2.43,877802.54719,2.6117
MGOV,20.14,20.155,20.16,20.095,34984.9958,20.1269
NESR,26.69,27.0,27.25,26.51,2337709.999096,26.8255
HEQ,11.42,11.4,11.55,11.39,57298.5423,11.443
OABI,2.01,1.84,2.02,1.8007,1252511.005203,1.9269
CRTC,38.313,38.13,38.313,38.09,11366.5023,38.2322
V,320.31,323.79,325.42,319.8,7950446.276281,321.177
PB,66.29,67.46,67.635,66.055,955808.27989,66.4364
LPCN,2.32,2.33,2.36,2.3,37804.723456,2.3274
MSGE,66.22,64.35,67.69,63.95,927125.041424,66.236
RPM,97.15,98.62,99.16,96.84,742086.829588,97.5076
SKK,4.0,4.54,4.54,3.8873,136963.540208,4.1326
POR,48.21,48.12,48.39,47.69,978217.648971,48.1129
MASI,178.41,178.65,178.67,178.28,752775.124591,178.4529
PXED,28.69,30.31,30.55,28.0,146864.760007,29.2887
JTEK,103.65,102.87,104.32,101.265,238629.521175,103.1426
DFAE,39.75,39.36,39.86,39.22,3616745.245273,39.7202
VCX,246.01,280.25,288.78,240.01,435720.638059,265.7499
IGI,16.15,16.16,16.16,16.08,12265.6708,16.1034
GERN,1.41,1.4,1.45,1.4,25244730.105264,1.4247
AVDE,91.37,90.82,91.4,90.71,912587.47556,91.1758
NSTS,13.64,13.71,13.75,13.64,282848.688393,13.6673
VRRM,13.43,13.41,13.46,13.005,2587863.848456,13.2296
TSHA,6.67,6.78,6.9,6.5,3497521.514187,6.6379
AXS,97.26,98.48,99.33,96.795,601913.487691,97.3628
CGIC,36.24,35.96,36.245,35.89,372112.463949,36.1264
HPI,16.11,16.05,16.1867,16.0151,26556.1201,16.1243
IDCC,270.21,269.29,272.0,263.1,303657.620773,267.5248
APPX,33.58,38.59,38.95,33.11,1288811.341564,34.4823
BLSH,41.81,42.44,42.5,40.41,910848.323157,41.7566
P,84.43,85.0,85.64,81.61,2637329.162564,84.0752
SCOP,12.7,12.66,12.74,12.6,114530.013374,12.6929
TMCI,2.53,2.31,2.56,2.24,797305.573871,2.4532
WRAP,1.44,1.44,1.48,1.41,194911.577203,1.483
AXP,309.61,311.12,312.1,307.76,2966988.9408,309.4098
STEL,36.31,36.61,36.82,36.24,231767.674029,36.3839
TFCpI,19.335,19.34,19.385,19.1201,31495.5221,19.2563
CCNR,42.1581,41.96,42.272,41.78,9734.960104,42.0384
NERV,5.55,5.54,5.83,5.54,351806.536121,5.5909
FBIOP,13.6,13.27,13.62,13.25,15837.0,13.4312
IGIB,53.08,53.05,53.09,52.955,2456657.600181,53.0425
NVNO,9.45,9.5,9.75,9.38,12818.415465,9.5874
PFSI,87.74,87.51,88.95,86.25,364090.032429,87.8642
MSFD,13.44,13.52,13.56,13.3999,1541644.812362,13.4633
DFIN,38.6,40.12,40.375,38.45,314624.52622,39.0285
LPG,40.63,40.8,41.15,39.99,697150.335109,40.5168
AIDX,1.4,1.42,1.45,1.36,65965.6678,1.4084
PMVP,1.29,1.4,1.42,1.29,985708.315351,1.3422
GBTG,9.39,9.39,9.41,9.37,2574524.615011,9.3881
YMM,9.27,8.85,9.35,8.83,13336879.131368,9.1524
BEG,94.65,91.64,98.529,82.17,84509.649126,92.268
RCT,0.6511,0.6635,0.77,0.6501,704089.558211,0.6876
ERNA,12.14,14.37,14.59,11.7,1781916.066721,13.017
CVGW,26.9,27.05,27.2,26.83,189994.324299,26.9266
EOT,17.05,17.0,17.0815,16.9168,11264.7363,17.0242
RJF,153.96,152.42,154.35,151.99,781269.285381,153.7434
SCHW,91.17,89.45,91.78,89.26,9299812.086083,91.161
TBLA,5.13,5.17,5.2,5.08,2912155.829653,5.1335
CQP,62.79,62.74,63.21,62.25,31223.757267,62.6851
CATO,2.9,2.94,2.9799,2.88,8189.6523,2.9168
DKL,51.0,51.96,51.96,50.7,34168.379223,51.1152
RNW,5.44,5.45,5.46,5.27,1073139.193029,5.3921
PACB,1.27,1.28,1.32,1.25,4997868.580018,1.2832
OXY.WS,34.21,33.81,34.25,33.5,27874.333,33.8774
BIRD,4.63,5.14,5.17,4.62,498480.951989,4.7731
CNEY,0.7529,0.73,0.7742,0.7101,13720.729139,0.7465
NRXP,2.95,2.93,3.02,2.89,757903.646058,2.9701
KYN,14.12,14.04,14.12,13.87,223757.83483,14.0114
REGN,719.88,721.29,730.59,709.51,879367.990626,719.4423
FN,696.07,652.2,708.085,640.0,1062199.281862,682.3494
ETV,14.75,14.72,14.8,14.68,145691.91246,14.7567
FISV,52.37,54.11,54.27,52.17,7345356.040025,52.5742
RBRK,59.48,59.61,60.47,58.04,2769025.279203,59.3934
MGTX,9.97,9.76,10.11,9.76,365972.401024,9.9852
NRSN,0.8325,0.83,0.835,0.81,106329.816753,0.8212
NOA,14.34,14.5,14.68,14.31,104523.582754,14.4273
FTHY,13.5,13.42,13.52,13.42,71353.2201,13.479
CHMI,2.52,2.52,2.57,2.52,121548.302011,2.5396
SMU,14.09,14.23,15.1999,13.515,1316427.789892,14.4942
FORA,2.16,2.16,2.165,2.16,19702.0364,2.1614
FTMA,9.015,8.99,9.03,8.99,47026.9099,9.0152
CYH,2.91,2.84,2.915,2.835,946911.195824,2.8881
PSX,171.82,176.16,177.02,170.84,3347001.061915,172.1773
AVNS,24.72,24.78,24.78,24.71,938383.425552,24.7296
FSSL,11.77,11.68,11.85,11.65,295201.1049,11.7189
PHOE,15.08,15.4,17.43,14.2,74071.371115,15.9045
PSCC,32.3473,32.41,32.41,32.12,6307.7661,32.299
SYPR,3.15,3.16,3.23,3.09,43103.8643,3.1516
LEN.B,82.99,84.0,84.03,82.26,70994.58777,83.1585
EBF,20.19,20.09,20.26,19.96,144331.263799,20.145
CMCO,15.02,15.47,15.47,14.91,271283.451574,15.0669
NXE,12.18,12.33,12.405,11.755,6642285.62775,12.1549
FXR,85.35,86.0,86.0,85.09,61535.848918,85.3076
HTFC,25.0101,25.0,25.06,24.91,3697.0,25.0054
BRX,29.34,29.82,29.865,29.24,2812761.814416,29.386
VEON,56.89,53.41,57.0,52.5001,302702.551964,55.3918
NKX,12.56,12.52,12.58,12.4807,158282.9922,12.5377
ATHS,25.15,25.12,25.1991,25.12,12723.0,25.1487
AVNT,34.33,35.28,35.285,34.29,1348956.071207,34.6212
WMK,69.92,68.34,70.14,68.21,159636.554631,69.2847
ABX,9.25,9.38,9.5,9.09,535705.788009,9.2676
NIE,26.79,26.64,26.87,26.55,40493.528113,26.7103
QGRO,112.17,112.63,112.63,111.64,244521.45597,112.2843
NAN,11.52,11.47,11.55,11.46,131701.295,11.5105
AVK,12.87,12.8,12.87,12.77,148474.7358,12.8281
AIA,136.84,134.87,137.52,134.43,613391.311872,136.749
FNUC,2.08,2.0,2.17,1.98,344321.4895,2.0847
ESGD,102.35,101.42,102.35,101.4,283408.947356,102.0817
FABC,4.8,4.93,5.415,4.02,1297075.862457,4.7307
TXXD,8.6746,8.53,8.9,8.21,65346.427,8.4766
EG,347.97,350.25,353.65,343.97,272723.118465,348.2619
NP,27.94,28.5,28.5,26.01,966572.919791,27.3368
NAVN,18.07,18.38,19.395,17.8,5747881.218747,18.5192
BH.A,1349.92,1331.12,1399.0,1319.665,19035.969235,1375.4755
CLIK,1.68,1.71,1.78,1.5901,438752.77584,1.6993
CVNX,14.4875,15.78,15.78,14.170652,83550.6291,14.61
IFGL,23.605,23.41,23.65,23.41,7295.597341,23.5542
BROS,48.4,50.34,50.85,48.32,3310660.785169,49.2726
GAB,5.59,5.61,5.61,5.55,1062908.610111,5.5766
BCG,1.9,2.02,2.0536,1.82,96799.9487,1.9024
AMDG,90.2106,95.2,95.27,85.02,55965.603787,90.8937
IDU,112.75,113.14,113.14,111.9864,68939.728418,112.6313
PMTpC,18.33,18.32,18.3885,18.25,26956.9605,18.3088
BKMI,26.2225,26.27,26.32,26.2,72184.0,26.232
LGVN,0.755,0.75,0.77,0.75,446356.466922,0.7624
EMD,10.75,10.73,10.7799,10.66,179054.617446,10.7139
IART,14.9,13.82,14.93,13.69,1381206.608227,14.7022
NBN,118.61,120.94,121.58,117.59,90862.242236,119.6564
WF,63.68,63.28,63.92,61.855,231605.7641,63.2738
SRJN,24.78,24.91,24.91,24.771,14326.0,24.8394
NSC,310.58,312.27,315.219,310.29,675414.992953,311.1408
QVAL,53.27,53.52,53.52,53.1432,14357.166496,53.2675
EVSD,50.9871,50.99,51.0,50.95,155061.419418,50.9808
MYE,22.76,22.35,23.04,22.11,352435.487707,22.689
PRSU,42.2,41.51,42.68,40.94,181403.300696,42.1691
QGRD,29.6062,29.14,29.65,29.14,9097.0,29.5728
NEXA,14.77,13.7,14.96,13.65,1365417.89282,14.5424
NTRA,195.32,204.08,204.08,194.03,1664304.880196,196.9716
SOR,46.25,46.3,46.4,45.9701,4313.8093,46.2157
QBUF,30.5437,30.58,30.58,30.51,10677.0,30.56
ALV,121.38,119.41,122.69,119.41,670310.253531,121.3888
SAMT,45.74,45.37,45.845,44.89,105574.120213,45.5084
ASTC,2.69,2.62,2.71,2.6112,15968.481745,2.6606
USEG,0.8998,0.9249,0.9249,0.854,1194295.506561,0.8818
STAG,38.37,38.48,38.63,38.16,922670.781956,38.3479
FMS,21.39,21.71,21.71,21.175,1378614.192437,21.3624
LION,12.53,12.08,12.57,11.95,6508503.902397,12.2271
THO,74.86,74.37,75.88,73.54,616807.737282,74.9232
EFT,11.05,10.95,11.05,10.95,46520.777771,10.9988
WDFC,199.56,203.79,203.85,198.3701,106345.7933,200.0287
ELPC,11.61,11.98,12.15,11.57,429897.440488,11.8615
WFRD,109.08,107.78,109.455,107.0101,927263.149072,108.5871
ORMP,4.56,4.45,4.63,4.445,183573.622601,4.5301
RDVT,45.69,46.92,47.405,43.9816,142616.144515,45.3822
BRUNW,9.91,9.94,10.2475,8.27,219229.611856,9.5394
CLB,13.13,13.18,13.45,12.86,664423.441186,13.0813
NCIQ,19.8624,20.03,20.03,19.695,30687.998136,19.8418
ARQQ,13.83,14.1,14.24,13.5,406058.086041,13.8927
AHMA,1.23,1.25,1.2921,1.22,137091.042017,1.252
IGOV,41.74,41.78,41.79,41.562,59241.975267,41.7045
HUBB,483.79,489.82,491.89,480.44,803413.224258,483.9344
ORGO,2.7,2.37,2.71,2.365,1958202.292129,2.6348
STEM,8.99,8.91,9.275,8.7535,118948.778991,8.9476
GNL,9.12,9.08,9.17,9.05,1928355.995594,9.1269
TVE,23.63,23.7,23.9,23.63,6060.6748,23.7312
FTFT,1.18,1.14,1.2199,1.0947,85022.5048,1.1423
HAWK,33.69,34.58,35.1,33.4,2656142.077888,34.0481
ULTA,492.145,499.2,500.0,487.441,829539.32664,493.6116
VAC,72.69,72.03,73.64,70.77,462627.697855,72.7505
EGHT,2.44,2.46,2.495,2.35,1224835.035864,2.4349
HMR,0.8678,0.8695,0.9444,0.86,211325.711943,0.8938
AMTD,1.04,1.04,1.045,0.96,20896.735364,1.0077
BFRI,0.9598,0.97,1.01,0.9253,496334.635942,0.9714
DTK,24.58,24.7,24.7,24.56,24686.0,24.6162
KNRX,0.836,0.89798,0.91,0.8301,77485.5567,0.8595
PLDR,38.3101,38.0,38.3101,38.0,532.9963,38.0021
UNX,42.9452,43.2,43.2,39.6,4357.976897,42.2041
WENC.U,10.02,10.01,10.03,10.01,930253.0,10.0197
XYLG,28.6558,28.52,28.72,28.52,11361.991096,28.6465
NBET,40.7381,40.64,40.7381,40.41,7522.091,40.4818
CAM,24.99,25.02,25.02,24.98,181851.896,24.988
SSM,3.61,4.205,4.2262,3.505,11079.0,3.8637
SMHB,3.7715,3.88,3.97,3.74,16947.275889,3.8162
SMIZ,41.8868,42.2199,42.2199,41.66,14444.1216,41.8566
GROZ,31.8198,31.59,31.8999,31.44,24566.5007,31.7143
OBIL,50.095,50.095,50.1,50.0843,63253.178719,50.0885
PLAG,1.78,1.95,1.95,1.73,15358.0,1.9636
BEEX,27.1049,27.04,27.935,27.03,18883.963155,27.1072
XA,28.812,28.16,28.812,28.16,401.175,28.5751
EETH,27.75,28.03,28.0836,27.5,24934.712426,28.0167
MCGA,10.2,10.2,10.21,10.2,16658.0,10.2017
SINT,2.38,2.365,2.41,2.3,11304.263535,2.3538
CLSKW,0.277,0.274499,0.2864,0.256,95507.0,0.2709
CUBWW,0.15999,0.1499,0.1601,0.1499,3923.733857,0.1571
UYM,31.45,31.54,31.78,31.45,6454.712131,31.5565
TYO,14.05,14.075,14.13,14.04,13346.4792,14.0687
YGLD,40.55,40.322,40.7,40.01,13064.860002,40.3077
FTWO,46.0343,46.25,46.25,45.77,11988.668198,45.9622
SONM,5.07,5.33,5.64,5.07,17652.963355,5.3624
GIGGW,0.411,0.4,0.411,0.33,107579.0,0.3892
DWAS,114.9083,113.91,115.04,113.0678,8390.9602,114.1485
NBDS,37.9376,37.59,38.08,37.59,28500.3417,37.9932
TMET,34.365,34.33,34.68,34.29,5217.332615,34.5007
BCGD,26.0748,25.95,26.115,25.78,1296.855,26.033
NCTY,6.24,6.33,6.8,6.22,22160.123761,6.4111
RJMI,25.545,25.53,25.55,25.53,7001.7166,25.5483
ORIO,0.9413,0.954951,0.9599,0.94,25198.794632,0.9511
APUS,1.3,1.3287,1.3909,1.3,50525.745236,1.3321
PLTA,12.89,14.1,14.29,12.63,92831.801953,13.1905
NEMD,52.87,52.77,52.96,52.77,6613.0193,52.866
CORZZ,23.94,23.73,24.25,23.13,72385.222923,23.335
CUBB,22.6,22.62,22.62,22.6,919.0108,22.613
ABIG,33.6804,33.39,33.685,33.39,1687.15746,33.4672
XPP,25.1005,23.75,25.15,23.75,12849.524877,24.5161
BWpA,22.88,22.75,23.25,22.75,20086.1219,23.0025
NWAX.U,10.36,10.34,10.36,10.32,5901.0,10.343
BGSI,98.12,117.52,117.52,94.77,142289.923038,98.7779
TOPP,0.97,1.0,1.05,0.97,28907.0,0.9949
AEAQW,0.35,0.36,0.36,0.35,56177.666666,0.35
COPZ,21.23,20.64,24.0,20.42,101702.263461,21.1035
DBND,45.5367,45.5,45.5507,45.4801,19786.0744,45.5158
DUKH,24.0398,24.07,24.08,24.0398,469.0,24.0776
COSW,46.9497,46.07,46.9497,46.07,2587.1197,46.6497
AAAC,20.055,20.07,20.07,20.05,604.0,20.0533
NAMI,9.0375,8.7375,9.0375,8.5025,302.28,8.9
DIVP,26.1936,26.2186,26.312602,26.15,14944.948,26.2204
IONQ.WS,43.4,43.38,43.8901,42.915,6701.0,43.2929
EVTR,50.74,50.71,50.76,50.62,347909.7705,50.6957
EPOW,0.71,0.715654,0.729999,0.6801,231468.690257,0.7062
ARMW,48.6024,45.59,48.6024,45.3701,17509.363976,47.4783
GMF,154.6565,152.37,154.6565,152.35,1810.86084,153.7267
SIXS,53.5106,53.4,53.5106,53.24,766.019,53.3694
NXTI,32.3163,32.44,32.44,32.3163,133.3883,32.4316
EEV,11.8366,12.11,12.11,11.7816,53646.26164,11.8482
NCRA,5.742,5.487,6.0,5.388,14907.7,5.562
APHU,16.3302,17.2,17.27,16.0001,56665.903233,16.5225
ZECP,36.62,36.3994,36.66,36.3566,24117.1443,36.5024
SPTB,29.97,29.97,29.9867,29.93,21382.334,29.962
NPT,1.22,1.29,1.29,1.14,162248.231924,1.1922
MFSV,27.47,27.44,27.51,27.388,126838.2905,27.4536
MBBB,21.35,21.32,21.35,21.315,885.0921,21.3192
IBTO,24.105,24.09,24.12,24.055,87657.76587,24.0976
SDHC,11.54,11.875,11.98,11.44,54891.0991,11.608
LTCC,13.87,14.1,14.1,13.82,7456.4588,13.9063
GWH.WS,0.0125,0.0101,0.0125,0.0101,10350.0,0.01202
KTCC,3.12,3.2,3.2,3.105,6957.42,3.1699
ACII,25.71,25.729,25.73,25.6019,33827.3705,25.7107
FDG,138.243,136.905,138.69,135.7721,15930.276856,137.885
XLRI,23.4858,23.485,23.495,23.41,2527.3374,23.471
ARMK,50.75,48.38,50.88,48.38,6154020.942305,50.101
YOUL,0.84,0.8635,0.957699,0.84,14548.0,0.9307
DARP,59.3531,58.69,59.55,58.5799,3993.0645,59.0387
ROSC,51.7916,52.06,52.06,51.62,11990.5221,52.0043
FLAU,34.7107,34.67,34.77,34.67,1529.208016,34.701
DSY,1.9923,1.995,2.1,1.89,15669.55,1.9364
OSCX,77.9625,74.39,82.18,74.34,11021.920505,77.7217
MRNX,24.3242,26.08,26.08,24.0,40836.83,24.6616
ALPS,0.8401,0.8199,0.844951,0.8199,4430.0,0.8309
LGPS,0.7,0.699899,0.7198,0.6811,14489.0,0.7031
BNDS,51.07,51.05,51.1,50.96,26533.182089,51.0648
LOCL,1.47,1.42,1.52,1.36,54503.144985,1.4295
NTZ,2.95,2.86,2.95,2.685,8116.927,2.8269
SMID,29.61,30.375,32.0,29.61,21672.4262,30.4928
AURE,2.27,2.285,2.385,2.27,93297.0,2.3069
CORB,29.43,29.41,29.43,29.4,139987.0,29.4124
EEMS,77.7342,77.13,77.75,77.07,6875.130692,77.4655
COCHW,0.0699,0.075,0.075,0.0699,6183.0,0.07014
DRLL,36.3074,36.37,36.37,35.905,10031.0585,36.0831
IBIJ,26.2968,26.31,26.31,26.2889,2571.5607,26.2928
TLTD,100.8463,100.26,100.89,100.26,7856.788292,100.6068
GGR,3.86,3.85,3.9999,3.8,13387.50335,3.911
UNHW,53.9015,52.79,54.171,52.79,3134.2217,53.9196
EWV,18.3148,18.51,18.59,18.18,81639.841907,18.3522
WFF,1.97,1.99,2.08,1.96,2538.8,1.9983
IZRL,30.4347,30.505,30.505,30.081,61009.044246,30.157
AAPW,40.4793,39.49,40.66,39.49,21276.760969,40.5058
MTZ,423.79,431.04,433.0,411.86,1005542.459686,420.5383
SLAI,5.6,5.2941,5.6,4.9077,61550.611506,5.4761
IBID,26.285,26.3,26.3,26.275,13306.275837,26.2908
INFQ.WS,6.81,6.83,6.88,6.5,104845.0,6.696
QUIZ,29.26,28.96,29.375,28.93,11609.256486,29.1052
AZYY,17.1718,16.69,17.1718,16.69,1092.828879,16.8838
PSFE,9.34,9.9,10.04,8.99,538511.199608,9.4066
MBSF,25.635,25.7099,25.7099,25.6001,27765.01319,25.646
EMOP,51.54,51.22,51.81,51.22,63554.4351,51.5472
FFLS,23.058,22.79,23.12,22.79,7734.9504,23.0925
IPDN,0.5801,0.6194,0.6194,0.5711,113593.759776,0.5928
GENT,10.255,10.2599,10.27,10.22,68119.5242,10.2543
DGP,181.53,182.12,183.514,177.07,306253.673152,182.0086
CLOB,50.44,50.408,50.45,50.4,4002.5732,50.4375
FEGE,49.95,49.65,49.97,49.625,241116.4857,49.8416
SEEM,38.95,38.545,39.07,38.44,30423.718,38.8468
VLN.WS,0.04,0.045,0.05,0.0365,14144.0,0.04021
KBAB,12.6735,10.305,12.82,10.305,83319.8564,12.3322
ILAG,4.11,3.88,4.49,3.84,18675.0,4.2198
AII,16.87,18.25,18.86,16.69,280073.730308,17.1563
DUKZ,25.47,25.53,25.53,25.42,1206.3686,25.4936
NODE,45.4,45.113,45.59,44.665,7551.887239,45.3016
VDIG,60.2875,60.06,60.2875,60.05,1472.3839,60.0884
SGRP,0.6705,0.68,0.693,0.6503,36105.953,0.6691
TRSY,30.145,30.135,30.1499,30.135,3090.9466,30.1434
TINT,41.9149,41.95,41.95,41.81,1285.4562,41.8838
GAEM,26.665,26.71,26.75,26.665,6273.4632,26.7299
CRDX,22.9825,23.7,23.7,22.955,1552.129,23.2395
BRIA,1.6964,1.7,1.7,1.65,4444.0,1.6853
MINN,22.3,22.29,22.3275,22.29,2956.040119,22.299
CDTG,8.9175,8.375,8.925,7.7525,2538.352537,8.2325
THMR,26.9555,26.8,26.99,26.79,6306.727,26.8851
USG,37.3076,37.215,37.38,37.1,9558.5809,37.1834
TAXS,50.185,50.19,50.19,50.17,67104.881029,50.1888
QVOL,100.0985,99.06,100.37,99.06,18569.302,100.1481
EWK,26.4886,26.34,26.53,26.33,8464.026771,26.4461
RWTP,25.05,25.13,25.14,25.0,4912.0,25.1079
VAL.WS,17.95,17.485,17.95,16.6601,24526.0,17.3675
BASV,28.7544,28.86,28.86,28.745,101364.034,28.8171
EDBLW,0.072,0.08,0.0829,0.0602,4461.0,0.07522
KKRpD,42.67,43.17,43.17,42.48,43725.0286,42.8413
BAIV,24.935,24.86,24.94,24.8,11327.920414,24.9126
BTMWW,0.0195,0.0325,0.0325,0.0181,1581765.371186,0.02103
NDIV,35.602,35.94,35.94,35.5,13730.430463,35.6085
LQDI,26.485,26.53,26.53,26.48,5903.0028,26.5028
CIX,23.69,23.94,24.0,23.5523,3768.932,23.7278
ABT,83.83,83.4,84.2625,82.69,11826745.079801,83.6533
WXM,5.267,5.151,5.314,5.151,40679.5,6.681
DFDVW,0.624899,0.625,0.625,0.58,2184.062009,0.6046
QTR,34.353,34.04,34.36,33.99,3121.9579,34.1624
GFLW,30.5257,30.725,30.725,30.29,136613.7989,30.5688
THEQ,29.705,29.52,29.72,29.52,6134.7216,29.587
SGLY,0.437,0.424,0.4585,0.422,33822.0,0.4325
ASHS,47.5498,47.03,47.715,47.03,47273.109935,47.3096
RAAQW,2.64,2.61,2.7,2.55,100016.0,2.6388
GHI,5.2,5.2,5.33,5.1,70285.9576,5.1831
DSS,0.5251,0.53,0.5456,0.52,25159.0,0.5306
GLIN,44.692,44.2609,44.72,44.26,6657.336622,44.5251
CVRT,51.9149,51.62,52.11,51.145,5776.301754,51.6052
BCSM,22.6815,22.595,22.6815,22.43,6393.514,22.5843
TAXT,51.385,51.42,51.42,51.38,6902.0,51.398
PFIG,24.018,23.99,24.02,23.9401,10879.825198,23.9891
BRFH,2.31,2.45,2.45,2.2519,18840.0,2.3609
JDVL,29.67,29.66,29.68,29.51,4414.0,29.6116
IBIK,26.025,26.03,26.04,26.02,8619.1785,26.0377
PEBpG,19.78,19.8,19.9,19.74,71650.7898,19.8338
MGF,2.9,2.9,2.9,2.88,34443.61981,2.8943
GVIP,174.9202,175.11,175.6294,173.15,8204.285116,174.5116
EWN,65.34,64.56,65.51,64.29,75483.140012,65.1826
GBR,0.7526,0.7675,0.7699,0.7502,21412.997835,0.7589
TIPB,101.0895,101.14,101.14,101.0895,247.0,101.14
CAST,1.42,1.4745,1.49,1.36,138922.89507,1.4114
LEUX,18.25,20.4,20.4,18.25,43587.868,19.0235
GMUN,50.245,50.25,50.25,50.245,13503.6943,50.25
HPEpC,85.11,81.6,86.2,80.63,81607.3135,82.8868
NVOH,25.8097,25.66,25.8097,25.65,1650.4664,25.7082
IBIG,26.4915,26.52,26.52,26.49,14438.4872,26.5008
JHCP,25.0809,25.075,25.119,24.97,18797.611,25.0463
RAAR,50.655,50.67,50.69,50.655,10706.78,50.68
RBLD,88.2914,88.39,88.5,88.2585,4289.5863,88.31
FLXR,39.18,39.17,39.19,39.12,488202.34951,39.1676
ITOC,0.3101,0.2932,0.3257,0.2932,60846.491534,0.3114
ONEH,24.59,24.59,24.67,24.58,1115.0,24.6133
CMCM,5.29,5.02,5.37,5.02,12838.084161,5.1558
LANDO,20.93,21.15,21.16,20.8501,29291.3233,20.9993
ZSTK,4.44,5.5,5.51,4.44,25548.170241,4.8252
ORCLpD,56.38,55.67,56.665,55.14,66005.9036,55.9436
LUCY,0.9959,0.99,0.9999,0.9503,109888.571809,0.9828
SELX,0.242,0.2201,0.2771,0.2199,162654.0,0.2355
EUDA,14.38,13.73,15.0,13.3,21954.670346,14.2726
FCRS,10.21,10.24,10.24,10.205,132011.0,10.2147
CLOO,25.1,25.12,25.12,25.1,102.0,25.1244
KROP,36.2163,36.35,36.36,36.15,3691.2744,36.2442
XLII,25.2011,25.25,25.28,25.0801,4909.1417,25.1747
QWLD,151.6152,150.85,151.82,150.85,7566.903698,151.4184
TNONW,0.008,0.008,0.008,0.008,100.0,0.008
STRV,47.8388,47.54,47.915,47.41,23399.077372,47.6805
GSUS,102.43,101.66,102.64,101.43,204206.513152,101.9055
NUKX,46.1251,47.03,47.03,45.97,7918.964725,46.3717
TEXU,40.0927,39.74,40.0927,39.665,1663.659,39.7575
FPAS,24.76,24.79,24.79,24.76,468.0,24.7734
XBB,40.79,40.81,40.86,40.71,1283208.4267,40.7951
FUMB,20.045,20.06,20.06,20.0405,60666.8072,20.0519
ATHE,4.62,4.66,4.76,4.6,13898.5338,4.6786
STSS,1.96,2.03,2.05,1.9395,143491.022232,1.9762
NRUC,24.2501,24.155,24.33,24.0501,10381.926,24.233
KPDD,8.1797,7.7,8.411,7.7,364318.373337,8.1214
NEMG,23.1014,23.46,23.55,22.95,13651.203947,23.2767
FTRB,25.075,25.06,25.09,25.03,65043.68055,25.0623
PETZ,0.9801,0.9602,0.9801,0.9601,4316.0,0.9771
GINN,77.3218,76.63,77.51,76.63,647.386793,77.1617
SPYH,56.0739,55.865,56.095,55.865,13740.050394,55.9685
FCRX,25.14,25.14,25.14,25.14,686.0,25.1389
GDTC,0.755,0.75,0.7576,0.6995,6348.0,0.7271
FTPA,8.645,8.655,8.66,8.63,210705.6082,8.645
MAGX,62.19,59.97,62.77,59.58,99336.067707,61.7498
SATLW,2.2599,2.01,2.32,2.0,41015.0,2.1743
QMAR,36.885,36.845,36.92,36.79,25656.0,36.8893
APCB,29.3384,29.31,29.34,29.28,43723.847111,29.3049
AVOS,26.8146,26.48,26.8146,26.42,33629.901,26.6811
AVRY,23.3426,23.46,23.46,23.26,19754.915326,23.402
SCEC,24.945,24.955,24.965,24.94,101878.2051,24.9442
MPWX,26.392,25.78,27.1282,25.3501,36144.659,26.9031
GIFT,0.8452,0.83,0.8993,0.81,33487.659456,0.8422
GSWO,62.92,62.62,62.99,62.42,54920.392096,62.7772
CIFG,11.91,10.961,12.34,10.4741,130752.135624,11.5403
PRCS,27.674,27.53,27.69,27.4301,16238.6368,27.503
IVRpC,24.2,24.05,24.2,24.0,6428.5508,24.1217
NUSA,23.155,23.16,23.16,23.155,291.7688,23.1558
MDBH,3.65,3.7,3.85,3.62,3280.0,3.6375
CATG,14.1833,14.54,14.54,14.03,6906.139,14.3368
USAI,46.74,46.77,46.77,46.44,2669.964194,46.6103
OSRHW,0.0641,0.0661,0.0709,0.0581,24762.0,0.06504
MFSB,24.93,24.91,25.0,24.87,66557.69779,24.9145
SIXO,35.4646,35.42,35.465,35.415,5217.0,35.4416
ISCB,70.8245,70.88,70.9,70.58,4183.5634,70.7419
VBCC,75.54,75.49,75.54,75.46,1635.2824,75.4896
NNAVW,9.58,9.12,9.63,8.76,549922.0,9.1142
EBIZ,27.576,27.415,27.6451,27.3,1362.25455,27.4288
OPER,100.13,100.14,100.15,100.13,13919.421064,100.1175
TRND,36.3007,36.1599,36.31,36.1599,891.8515,36.2658
XELB,1.88,2.03,2.03,1.84,13026.0198,1.9144
QXOpB,48.56,49.32,49.86,48.355,137251.1505,48.5219
MXC,9.18,9.38,9.4621,9.18,2921.566158,9.3535
AIBU,61.5331,60.95,61.78,60.13,14463.75866,60.7016
SOLM,11.6999,12.0299,12.0299,11.6799,20046.922985,11.8862
BNDP,73.9999,73.995,73.9999,73.895,4583.154172,73.9401
QQUP,68.5286,66.32,68.68,66.27,16691.0413,68.0353
PFRL,49.445,49.4101,49.455,49.4101,4583.739,49.4366
JHDG,27.045,26.96,27.15,26.93,1041321.0,27.0851
FTRI,17.8671,17.84,17.93,17.79,25356.7707,17.8755
HUHU,9.67,9.71,9.8,9.615,55183.0,9.7027
TEKX,60.7172,60.02,60.86,59.535,5268.450085,60.1599
BRLN,50.915,50.975,50.975,50.8763,2568.615,50.9307
WBUY,1.16,1.21,1.21,1.15,30869.1068,1.1673
SIXJ,35.9306,35.865,35.9306,35.865,829.0359,35.8996
VPG,99.6,92.37,104.5,91.85,1453363.68108,99.0479
BCCC,14.858,14.95,14.95,14.71,18975.124495,14.8305
BUSA,38.27,38.33,38.4,38.27,8661.083889,38.3331
GRABW,0.0418,0.041,0.041851,0.04025,5659.0,0.04121
NOVTU,66.22,69.35,69.35,66.22,46636.594,66.6035
HEFT,27.2601,27.18,27.298,27.12,15657.1097,27.2271
CRPT,15.4532,15.83,15.83,15.2532,23948.776724,15.4958
XUDV,30.3035,30.35,30.43,30.24,6517.5382,30.3275
BUFB,38.78,38.7737,39.0299,38.6701,212670.692,38.8145
CHSCL,25.78,25.7621,25.83,25.7301,3904.4408,25.7883
BPI,26.3774,26.575,26.575,26.265,1280.5734,26.3173
EVLN,48.92,48.925,48.975,48.9104,11946.207717,48.9395
HERD,47.565,47.53,47.792177,47.36,5444.5354,47.5309
AGMpF,18.835,18.79,18.8799,18.7701,5170.0357,18.8183
RISR,36.39,36.42,36.55,36.3601,41121.0362,36.4662
ARMH,92.55,89.07,92.6899,88.26,8150.8181,91.3922
EALT,35.4298,35.45,35.4699,35.3701,10709.0,35.4257
VTP,76.92,76.97,76.98,76.85,12529.4075,76.9109
ARESpB,41.06,40.86,41.49,40.28,46033.9492,40.9722
BAYA,11.96,11.882,12.015,11.85,4837.0,11.9459
EURKR,0.4258,0.3452,0.4324,0.3403,2275.0,0.39
BUFC,42.16,42.07,42.23,42.07,35069.0,42.2218
HFND,24.4092,24.33,24.46,24.3,7531.779,24.4097
AKAF,31.9488,31.87,31.9488,31.87,249.9553,31.8239
FBGL,0.5461,0.5757,0.62435,0.4499,545250.0,0.5447
SVIVU,10.19,11.0,11.0,10.19,417.0,10.5953
COOTW,0.0333,0.0299,0.0359,0.021,32470.0,0.02959
AGMpE,20.8799,20.91,20.9101,20.66,33986.4024,20.7522
WLTG,37.4427,37.21,37.52,37.07,118210.0145,37.4527
AGMB,11.18,11.95,12.055,10.905,50373.0,11.2709
MDST,29.4,29.18,29.4,29.1,75385.4926,29.2285
IMSRW,3.48,3.65,3.65,3.38,7378.0,3.5621
MSGY,0.43,0.4668,0.4668,0.43,2201680.736702,0.579
FEOE,54.4,54.2,54.4799,54.0217,164674.6718,54.3409
DWSH,6.695,6.65,6.7332,6.65,70327.718017,6.7109
PJUL,48.25,48.23,48.32,48.2,65331.103321,48.2435
BLSG,6.1266,6.16,6.31,5.79,13533.407,6.1803
RITA,20.8744,20.85,20.8744,20.85,338.354445,20.8677
SOLC,18.0192,18.52,18.52,18.0192,3494.003,18.1778
VIOT,0.974,0.9726,1.01,0.9645,151337.0,0.9819
BBCQW,1.56,1.52,1.6,1.45,86899.216904,1.5027
SXTC,1.59,1.5,1.59,1.5,19379.848165,1.5845
CGHY,25.3545,25.359,25.37,25.335,4802.2535,25.3578
NBOS,27.96,27.89,27.96,27.81,204904.940243,27.8803
TMAR,26.07,25.9,26.07,25.89,3604.0,25.8998
PBL,32.9933,32.8,32.9933,32.77,1074.978151,32.8448
CCG,0.6822,0.72,0.75,0.66,57388.773938,0.6826
DIAL,18.145,18.14,18.15,18.12,46093.879423,18.1404
AMKL,21.705,21.975,22.1555,20.86,29508.2082,21.6368
FFUT,59.795,60.17,60.2,59.795,5645.766123,60.0135
TLTI,44.8402,44.93,44.93,44.77,19668.973,44.8243
BFRZ,26.86,26.81,26.86,26.77,8876.2342,26.811
VETZ,19.75,19.7425,19.76,19.7,51643.0067,19.7013
QRMI,15.5613,15.55,15.58,15.55,2334.37019,15.5607
SPCI,38.1875,38.22,39.14,36.0001,10804.7578,38.0871
XBFR,26.0703,25.993,26.09,25.91,14531.0,25.9812
VBNK,17.31,17.728,17.728,17.04,61628.6522,17.2768
CBTL,18.8501,18.9,18.9,18.8501,1736.0,18.8845
ROCY,53.8354,53.59,53.91,53.535,99444.231131,53.7448
ISUL,20.56,20.065,21.12,20.01,26148.6424,20.7179
FUN,19.32,18.76,20.16,18.64,1917818.290107,19.4637
IBTQ,24.98,24.995,25.0,24.945,68564.8669,24.9803
SMCO,29.3202,29.33,29.39,29.29,18144.2009,29.3551
SQS,28.015,27.78,28.015,27.78,26400.0,27.8756
SRPU,8.69,8.9299,9.18,8.61,33487.732729,8.8218
BRTR,50.0773,50.055,50.0875,50.0201,31758.398264,50.0647
OKTG,10.6347,11.02,11.1,10.52,3145.532,10.7882
EMKT,30.8489,30.57,31.0,30.57,71351.726,30.8456
DYFI,22.79,22.7867,22.79,22.78,4015.1411,22.7876
TENpF,27.16,27.25,27.25,27.02,4979.184,27.1017
GXPD,27.0025,26.665,27.1,26.66,4715.0664,26.9664
TSXU,53.55,52.64,54.3,51.055,11751.78682,52.738
FUSI,50.4194,50.4,50.4899,50.35,10162.699,50.4474
RHRX,21.7212,21.645,21.85,21.645,3773.0911,21.7721
GMAY,42.61,42.6899,42.6899,42.58,100768.468,42.6078
KNRG,25.82,25.81,25.82,25.79,6316.2262,25.8085
ORCS,25.3864,25.52,26.0,25.19,44010.8656,25.4867
TECY,25.0,25.0,25.015,24.88,588.483615,24.9636
GCDT,0.7829,0.702718,0.7829,0.702718,18949.210905,0.7775
GELS,0.4486,0.40403,0.4486,0.404,98678.0,0.4183
WTM,2119.91,2105.14,2150.0,2105.14,22999.304243,2124.163
STXU,14.2793,14.329,14.67,13.82,30727.200066,14.4371
ISRA,68.3,68.255,68.6941,67.8579,2816.989742,68.1033
HYIN,14.492,14.49,14.56,14.45,25626.5117,14.4937
MFSM,25.04,25.04,25.07,25.025,8348.4928,25.042
UBND,21.635,21.625,21.64,21.5901,653734.968,21.6215
NVR,5720.1,5749.12,5805.4499,5650.1704,21514.540971,5714.6691
PAAU,25.0985,24.82,25.0985,24.82,622.0,25.0463
UBR,33.2859,35.04,35.65,33.2859,4615.378988,33.8871
CVSB,50.695,50.69,50.74,50.67,12042.6319,50.6272
RGTIW,8.49,8.42,8.79,8.09,74396.786,8.4338
JXG,4.85,4.03,4.93,4.01,10064.902718,4.6268
TPYP,42.6946,42.6,42.75,42.275,140729.077773,42.6073
OPEG,4.6499,5.22,5.22,4.62,40706.8,4.8071
ELIL,22.88,22.12,23.22,21.98,246767.053197,22.7113
CQTM,26.9324,26.88,27.35,26.4,6246.473,26.8274
EVLU,40.3665,40.05,40.46,39.95,2018.358991,40.2275
MSpL,20.35,20.388,20.44,20.32,17768.336,20.3607
RECT,1.28,1.299,1.3,1.28,7206.4206,1.2845
PLTI,13.8316,14.45,14.45,13.73,10121.845,13.9205
CBON,23.8117,23.78,23.85,23.78,43620.160546,23.8441
EDTK,1.02,1.02,1.02,1.02,632.0,1.0164
MADE,37.4844,37.3866,37.67,37.13,17262.237199,37.4562
KEEX,67.1265,63.46,71.6001,59.7167,15801.093,65.8436
BNDC,22.06,22.0301,22.06,22.0133,23331.6534,22.0314
DCX,2.22,2.18,2.365,2.11,27184.083333,2.2276
MNZL,57.9597,57.79,58.13,57.74,2253.7608,57.9503
CPAI,47.02,47.3,47.3,46.575,51079.0062,46.8742
DNNG,10.5756,10.99,10.99,10.5003,259.7754,10.7298
IBTP,25.335,25.3362,25.3473,25.29,41362.6966,25.3276
DRAI,35.59,35.35,35.59,35.266887,11788.9696,35.3788
BKHY,47.51,47.45,47.54,47.45,12781.292595,47.4984
BON,1.22,1.1909,1.22,1.1909,12567.7876,1.2154
KMAY,29.37,29.38,29.45,29.23,15864.0,29.3605
BOF,3.23,3.25,3.26,3.1334,61622.496696,3.2269
PXE,36.55,36.57,36.57,36.1001,34225.327325,36.4064
BFHpA,25.15,25.21,25.21,25.09,7851.04,25.1675
NOMA,3.3,3.405,3.42,3.2401,8680.0,3.384
MFSI,31.78,31.51,31.84,31.51,152261.9809,31.7376
VACHW,0.1603,0.15,0.1603,0.15,21007.0,0.1578
HRTS,33.9574,33.59,34.04,33.59,4973.4567,33.8049
PTHS,26.01,27.05,29.6365,26.01,44257.148,27.5133
BSMQ,23.605,23.58,23.62,23.58,23407.7332,23.6002
ITDB,34.6947,34.57,34.72,34.56,43561.495138,34.6765
PTLE,5.4,6.05,6.05,5.11,12286.13624,5.3617
FMAY,55.5748,55.575,55.6,55.55,28123.96,55.5783
RSSY,25.3587,25.309,25.41,25.2022,31876.9652,25.293
XPEG,8.61,8.07,8.799,8.07,30705.0,8.5459
TIL,8.02,8.0501,8.175,8.0,35287.324678,8.0655
IBGA,24.0936,24.1293,24.14,24.06,3714.275793,24.0969
BPYPO,15.2399,15.2564,15.3,15.2,3769.638,15.237
RVP,0.7,0.6601,0.7319,0.6601,96327.184,0.6996
LDRI,25.665,25.67,25.7,25.665,3098.8105,25.6755
GREEL,20.144,19.8,20.2,19.65,12908.0,19.9686
MFUT,20.128,20.1,20.27,20.055,11091.721,20.2002
BUFH,21.28,21.275,21.3,21.27,9936.618,21.7471
SNAG,6.8156,6.55,6.975,6.16,100569.777,6.6702
CSM,84.7563,84.23,84.83,84.16,4415.889633,84.5042
TENJ,27.0139,26.93,27.0139,26.93,375.0,26.93
LENS,46.5566,46.46,46.76,46.32,3488.7018,46.6306
ACAAU,10.1,10.15,10.3,10.0,6903.0,10.0906
GCC,26.33,26.36,26.4989,26.3042,26607.359724,26.3855
IRHO,9.99,9.985,9.99,9.98,13591.0,9.9866
AMHpG,23.25,23.1899,23.2501,23.18,3028.4379,23.2346
GAVA,23.4635,23.82,23.82,23.411,1719.505,23.6026
QNRX,5.91,6.05,6.1576,5.91,5222.4944,5.9441
CGIB,25.2084,25.19,25.25,25.19,63876.4788,25.2129
DFGX,52.6,52.5598,52.6199,52.51,103669.580757,52.5651
SCPQW,0.273,0.39,0.4,0.273,515.0,0.369
AUSF,48.37,48.18,48.39,48.1,120218.145733,48.2325
NHIC,10.56,10.53,10.56,10.53,2501.0,10.554
FHNpH,24.93,24.935,24.9699,24.9,24351.049,24.9353
SHOC,107.6212,107.15,108.39,105.63,19951.199634,107.3091
DWX,46.6421,46.48,46.7199,46.48,16082.382401,46.6086
EHGO,1.81,1.8502,1.88,1.81,9459.25,1.8493
CWII,14.4166,14.35,14.52,13.95,3615.785082,14.2638
QQQG,29.1058,28.95,29.1058,28.77,2491.759096,28.944
TMUSZ,22.49,22.3799,22.5,22.12,8227.0,22.3803
GSID,74.9353,74.53,75.02,74.465,4050.820803,74.7852
NJUL,76.6178,76.54,76.66,76.54,3122.448104,76.6054
WCPB,25.2662,25.26,25.2794,25.2399,13936.3904,25.2589
JHAI,32.9014,32.61,33.065,32.27,3205.8784,32.8476
CBXA,22.7795,22.825,22.825,22.7795,1438.2969,22.8134
BLTE,153.52,150.0001,158.5,150.0001,154459.53452,155.1769
HCAI,9.86,10.19,10.4,9.69,27613.343148,10.0536
QUSA,18.68,18.52,18.71,18.52,11460.7031,18.6227
UPC,2.67,2.6,2.72,2.6,15181.333083,2.6586
XCCC,36.77,36.82,36.85,36.77,1510182.769228,36.7765
UZD,20.08,19.94,20.08,19.85,5855.5669,19.9623
FGBIP,20.54,20.23,20.54,20.11,682.0,20.228
NVNI,1.14,1.12,1.1974,1.11,65049.787164,1.1522
HDGE,17.52,17.415,17.585,17.415,51392.307056,17.5265
DGIN,33.4188,33.11,33.46,33.11,5498.4654,33.1842
BIOY,25.17,25.07,25.17,25.07,646.75,25.0981
WTBN,25.185,25.17,25.185,25.15,4411.4058,25.1635
CGV,16.89,16.74,16.9,16.7,34078.692736,16.8328
AVMV,77.8703,77.98,78.08,77.55,43890.793877,77.8889
FXED,17.63,17.66,17.709,17.55,9051.3788,17.6389
PSQO,20.7475,20.77,20.8,20.71,26072.0317,20.7844
XSLV,48.8893,48.99,49.11,48.73,18134.13275,48.8929
MATH,0.9591,0.9701,1.0461,0.9478,107644.2881,0.9861
DUSL,88.2954,88.26,88.78,87.235,7008.338579,88.2744
HYTR,21.445,21.42,21.45,21.4182,47776.1007,21.4441
AHLT,29.8466,29.745,29.9499,29.745,20475.3188,29.924
WINN,32.57,32.29,32.65,32.098723,73441.107631,32.4329
TIME,27.0666,26.77,27.12,26.76,10544.0853,27.05
PSBD,10.61,10.69,10.71,10.37,140507.4083,10.5516
GOEX,89.8754,88.49,90.4855,88.3,5851.91258,89.7041
RITMpD,24.89,24.895,24.9199,24.8543,19929.5167,24.884
HFGM,34.475,34.33,34.58,34.265,23095.250659,34.5034
RAINW,0.1975,0.1975,0.1975,0.1975,8200.0,0.1981
FTEK,1.44,1.44,1.5,1.4,147107.699955,1.4481
BCEM,28.09,27.83,28.1099,27.755,4057.941158,27.9065
SNSE,21.08,21.0,21.96,20.4,39185.1778,21.1411
ARCX,22.15,21.35,23.77,21.005,112393.396717,22.6109
COLA,11.05,10.7,11.08,10.7,175435.0,10.9137
DDFN,19.8904,19.895,19.91,19.85,12681.169,19.8874
NEXM,3.23,2.93,3.36,2.85,105672.785522,3.1001
EGGQ,57.4137,57.03,57.86,55.84,4773.042307,57.1787
HYNE,15.53,15.56,15.65,15.52,21479.0779,15.5787
AEXA,11.7,11.34,11.75,11.08,245289.927452,11.5355
ARMY,24.1246,23.8,24.1999,23.8,1622.082,24.0754
KEMQ,26.0844,25.525,26.115,25.525,6354.333,25.9777
PRSD,25.03,25.03,25.03,24.99,11296.9776,25.0119
STSM,23.9196,24.3907,24.75,23.44,7242.317907,23.7269
LICN,8.33,8.79,8.98,8.0,100532.406335,8.5705
UPW,23.2,23.01,23.475,23.0,26297.538741,23.2637
HGRO,31.2852,31.01,31.3795,30.9,165357.53,31.077
EVPF,50.2543,50.2,50.31,50.2,2052.0,50.2707
SCDV,26.75,26.5,26.75,26.47,12431.947642,26.5138
LKSP,10.1099,10.1,10.1099,10.1,2896.0,10.1007
COTG,15.805,15.61,16.08,15.45,51897.106,15.7302
INKT,11.05,11.345,11.525,10.95,33919.588175,11.3303
NIOBW,2.035,2.08,2.08,1.97,18636.049504,2.0242
MI,16.336,17.048,17.048,16.336,750.2875,16.752
SSSSL,25.085,25.0999,25.0999,25.085,512.0,25.0934
PQDI,19.46,19.43,19.46,19.43,2475.9936,19.4456
FIXT,37.535,37.52,37.55,37.51,4997.6438,37.5275
JABS,49.955,50.09,50.09,49.77,6991.8676,50.0052
DMAY,46.74,46.7499,46.7599,46.68,45379.44,46.7465
TPZ,22.08,22.0,22.15,21.93,12544.2515,22.0966
DEEF,39.925,39.63,39.925,39.63,1263.6623,39.7304
LOTI,25.765,25.68,25.78,25.68,6513.0,25.7527
AMID,34.7785,34.66,34.82,34.52,19480.298,34.6192
DAAQ,10.31,10.29,10.31,10.29,59727.114803,10.2981
TTT,70.92,70.65,71.12,70.4211,5024.597484,70.9028
MVV,83.27,83.2,83.43,82.6,4099.28165,83.063
JPIN,74.778,74.24,74.778,74.2,5512.983157,74.4864
FFLV,26.6254,26.51,26.6254,26.51,2492.8679,26.551
KBWP,116.6,117.4069,118.67,115.84,9266.123892,117.2366
ERET,29.045,28.95,29.045,28.92,1852.205,28.9652
NAUG,31.2766,31.245,31.3199,31.22,3247.0,31.2554
FEMV,25.3013,25.33,25.33,25.18,824.0,25.2573
BGDV,30.0541,29.83,30.0541,29.83,770.940267,29.8881
TNGY,10.158,10.18,10.18,10.045,22167.5371,10.1155
BRZU,101.03,106.3,108.8699,100.98,61680.925252,103.2975
CRMLW,5.0,5.235,5.235,4.91,9346.0,5.036
RINT,31.405,31.14,32.44,31.14,26146.968,31.3923
GLOPpB,25.67,25.7,25.7001,25.67,3604.0,25.6963
WENC,9.88,9.86,9.89,9.86,427531.0,9.873
TRINZ,25.41,25.38,25.43,25.35,13194.0,25.4032
KTTAW,0.0051,0.0061,0.0061,0.0051,15000.0,0.006009
TRTNpA,25.96,25.76,25.96,25.76,2006.0,25.8936
EWX,74.6958,74.17,74.75,74.17,22213.173135,74.5525
QTPI,25.5021,25.64,25.66,25.4601,4637.9756,25.5407
MSTB,43.022,42.835,43.15,42.78,4230.1596,42.9222
QXL,3.37,3.295,3.47,3.1,37098.493647,3.2608
AMZO,14.6512,15.34,15.34,14.6,5405.1923,14.9307
BAMA,36.4203,36.18,36.45,36.18,1915.9969,36.3796
JZ,27.93,21.321,28.5,21.321,3786.3,24.396
DWLD,48.3728,47.755,48.3728,47.75,19494.0008,48.1263
EMCB,66.395,66.3,66.53,66.24,1565.2532,66.3335
CHECW,0.165,0.1576,0.165,0.1576,3779.0,0.1621
EGHA,10.27,10.26,10.27,10.26,4350.0,10.2605
SVRN,6.9,7.43,8.14,6.9,10672.079613,7.3819
WENCr,0.161,0.2,0.2,0.16,815778.0,0.1695
POLE,10.71,10.7,10.71,10.7,7419.0,10.7055
BULX,4.803,4.5,4.84,4.46,10937.987658,4.7199
CLUB,25.2844,25.11,25.43,25.1,50644.0,25.2132
JLHL,17.0,17.0,20.9,16.41,50642.186306,18.495
OAEM,47.705,47.43,48.0,47.25,15540.23296,47.8154
RAAQU,13.8,13.75,13.8,13.75,300.0,13.7667
SLTY,25.455,25.52,25.54,25.26,19079.8149,25.4407
TSEL,28.5664,28.41,28.66,28.18,5080.0,28.4551
PMTpA,23.085,22.9,23.1,22.9,2328.3257,23.0009
EASG,37.78,37.42,37.78,37.42,501.2015,37.5714
AKA,11.49,12.4,12.4,11.25,7543.067143,11.9994
LACG,12.4607,12.66,12.735,12.0,22654.433,12.4476
XC,31.6268,31.54,31.781,31.54,21777.0251,31.5763
PSQA,20.59,20.58,20.64,20.54,31985.0204,20.6124
ZHDG,23.4301,23.345,23.445,23.2,3200.3094,23.3146
LBO,25.5506,25.6,25.6,25.5506,615.679,25.5894
APRE,0.88,0.9201,0.9507,0.86,241008.0,0.9079
DSMC,38.2829,38.36,38.36,38.03,2907.9552,38.1555
AFOS,44.1722,43.86,44.28,43.61,47570.656109,44.1849
GSIW,28.95,29.16,29.5,28.02,3992.38,29.0884
BRRR,22.44,22.545,22.545,22.21,178529.918832,22.4205
STXD,37.8566,37.78,37.8925,37.6701,2276.7424,37.7712
PFOE,22.9109,22.81,23.09,22.81,267057.0,22.9675
CUSD,19.27,18.07,19.27,18.07,1108.2874,18.4642
LHSW,3.4592,3.5728,3.7568,3.28,33118.375,3.5104
QQH,84.6889,83.34,85.01,83.34,21118.401946,84.0213
CRY,25.785,25.52,25.835,25.52,922.004,25.6276
GMHS,0.9999,0.9231,1.03,0.9231,18237.153846,0.9716
SOLR,35.1737,34.86,35.1737,34.86,648.9636,35.0047
BINT,32.2273,31.93,32.2301,31.93,13080.5934,32.1761
IRTR,31.8875,31.82,31.89,31.79,13064.8735,31.8383
DWUS,59.7024,59.34,59.76,59.196,12824.175555,59.6505
STXK,35.9835,35.97,35.9835,35.8699,3072.877695,35.9317
ATIIW,1.97,2.1,2.1,1.842,276827.978591,1.9691
DVDN,16.6924,16.9,16.9,16.6924,1065.6857,16.7993
WAI,1.85,1.84,1.85,1.82,17640.184782,1.8224
AMPGZ,0.1,0.1099,0.12,0.0999,10744.411492,0.109
MRNOW,0.0399,0.041,0.041,0.0351,5142.0,0.03818
AUGU,31.5618,31.31,31.58,31.31,3946.0,31.4599
MYPSW,0.0048,0.0032,0.0049,0.0032,10610.0,0.00325
YIBO,0.88,1.07,1.07,0.6931,129483.380886,0.8301
TKLF,2.08,2.1108,2.14,2.0001,10837.1,2.0831
AISPW,0.73,0.73,0.74,0.64,26648.676,0.7147
SWVL,1.67,1.855,1.855,1.67,9885.822406,1.7293
TWOD,25.11,25.24,25.29,25.11,39525.0,25.2216
BYSI,1.45,1.5408,1.62,1.43,44416.0,1.5146
OVS,39.5153,39.5,39.6499,39.395,11109.0481,39.5944
GJH,9.74,9.7,9.74,9.59,3271.0,9.6761
VLYPP,25.22,25.23,25.24,25.22,3353.9476,25.2337
STXE,48.8512,48.29,48.9099,48.29,4603.835792,48.6786
INDH,39.0864,38.6801,39.0864,38.6801,1250.1262,38.9014
REK,15.7321,15.86,15.86,15.71,8926.647497,15.7365
QSEA,10.46,10.4,10.46,10.4,3165.0,10.4056
NPWR.WS,0.38,0.36,0.38,0.32,6955.0,0.3358
TRBF,49.35,49.27,49.37,49.23,2751.0,49.2875
SLVX,21.5196,21.14,21.94,21.0396,14681.860063,21.6619
ASBpF,20.42,20.63,20.63,20.41,5440.0,20.48
BEDY,28.0834,28.0,28.14,28.0,40615.2082,28.0805
STXG,54.9613,54.55,55.03,54.46,1643.106228,54.7238
HSPT,8.81,8.15,10.02,8.15,38701.4711,8.9986
SLNZ,45.535,45.51,45.535,45.4201,5605.3021,45.533
NELS,28.0202,27.75,28.0202,27.73,26225.0,27.8768
QQXL,58.6635,57.5,58.8,57.2199,4829.4186,57.6889
CMTL,3.73,3.59,3.78,3.522,161910.371199,3.6846
BTOP,30.144,30.32,30.33,29.89,5438.4028,30.1298
OCTW,40.5,40.43,40.52,40.43,20655.0,40.4707
PIE,31.69,31.1001,31.74,31.1001,34774.125801,31.5867
ZDAI,1.83,1.94,1.94,1.79,15415.6875,1.8377
HUMAW,0.1,0.0757,0.1001,0.0757,119149.0,0.09608
KPLT,6.71,6.707,6.84,6.7,15546.017368,6.7216
PIII,3.57,3.8,3.8,3.4,32795.152603,3.5785
HEQQ,61.225,61.11,61.2649,61.11,2168.0,61.2026
JF,1.011,1.025,1.025,1.0,1485.0,1.0077
CRD.B,9.73,9.45,9.73,9.45,3887.864921,9.6745
KNCT,190.5337,188.46,190.54,188.46,2661.273905,189.6715
RAUS,29.005,28.79,29.07,28.79,5723.874,28.9924
BBC,44.96,44.17,45.0,44.06,6903.390404,44.4913
PAVM,6.31,6.55,6.55,6.2824,11603.426676,6.4344
VTEL,103.22,103.48,103.4983,103.14,69804.9332,103.2841
SEIQ,39.058,38.82,39.11,38.82,30785.5584,38.9548
MHH,7.18,7.1799,7.18,7.07,4713.6149,7.1258
AUMI,100.148,99.36,100.57,99.36,4303.5935,100.1351
BKMS,25.47,25.51,25.51,25.47,16939.921478,25.4891
SELV,32.197,32.03,32.2,32.005,9333.9633,32.0934
RFLR,30.2577,30.215,30.29,30.19,3065.0323,30.2237
PATN,34.97,34.3,35.585,34.3,53941.829392,34.7818
BPYPN,13.97,13.975,13.975,13.91,9994.0,13.9536
QALT,25.9755,25.88,25.99,25.86,5402.9109,25.9561
BBHL,16.7403,16.58,16.77,16.58,18948.939796,16.6463
AAPR,29.415,29.395,29.46,29.38,226010.019,29.4512
SEIE,35.195,34.925,35.21,34.88,75222.1429,35.0794
BAGY,31.033,31.11,31.11,30.77,4436.817,31.0149
HFMF,22.9692,22.94,23.059,22.94,12253.134,22.9955
NFLT,23.02,22.98,23.02,22.95,112992.863413,22.9873
LLYVA,96.49,94.915,97.27,93.4,170274.216965,96.4435
OPTXW,0.99,1.02,1.16,0.87,251791.0,0.973
FCBD,25.38,25.35,25.38,25.35,738.5207,25.3524
EPSM,1.3,1.2601,1.31,1.2402,11010.416666,1.2853
SSAC,9.9498,9.95,9.95,9.9498,2691.0,9.9494
BUXX,20.23,20.23,20.24,20.23,228206.005707,20.2333
CRE,2.41,2.37,2.5071,2.35,21460.384792,2.3916
HCOW,23.3363,23.43,23.52,23.2606,7996.373,23.3358
BOBP,31.3486,31.18,31.3486,31.07,4708.0,31.1759
EGHAR,0.35,0.35,0.35,0.35,5700.0,0.35
REMG,36.585,36.1,36.9,36.1,20819.0,36.4114
LGCL,1.88,1.8,1.9,1.76,3150.5,1.8201
FTW,11.12,11.15,11.39,11.06,23792.8781,11.1996
NUAIW,2.195,2.21,2.25,2.01,56834.0,2.1258
CREX,3.605,3.6,3.7,3.56,10981.795346,3.6283
UFIV,48.485,48.48,48.49,48.42,2434.1664,48.4615
GVLU,25.6642,25.69,25.71,25.59,1755.6168,25.6416
RYM,27.04,26.75,28.08,26.75,8573.993756,27.8982
RSPM,39.7271,39.89,40.09,39.7271,10787.414238,39.9527
IWLG,56.33,55.73,56.4499,55.4717,295441.3164,56.4034
RYET,0.9999,1.0476,1.0554,0.97,27797.974925,0.9798
ICRC,30.5499,29.74,30.5499,29.74,189.411663,30.1853
BKFI,23.825,23.8,23.825,23.79,60162.0,23.7922
PDP,142.1803,140.75,142.6,140.67,16928.873344,141.7006
SEIS,31.2857,31.22,31.415,31.2,47179.9597,31.2716
RFAI,10.93,10.93,10.93,10.93,317.0,10.93
BMED,27.8514,27.745,27.8514,27.69,525.116282,27.7379
TLPH,0.9013,0.8795,0.913,0.8505,148916.0,0.8972
WTF,4.15,4.4,4.5,4.06,522462.0,4.235
TAVIR,0.13,0.1427,0.1427,0.13,800.0,0.1379
LQID,25.025,25.02,25.0398,25.01,9929.186079,25.0252
BNOV,47.31,47.135,47.31,47.135,3891.0,47.2716
MILK,24.495,24.4799,24.5,24.4597,10987.9608,24.4761
TLSIW,0.739,0.8,0.8784,0.6504,7778.0,0.752
POWWP,24.92,24.885,24.92,24.87,812.154764,24.8806
FCRS.U,10.43,10.455,10.455,10.355,64710.0,10.3954
SMRI,38.7814,38.73,38.81,38.66,3490.934792,38.7326
KYIVW,5.71,5.63,5.98,5.47,78199.0,5.6269
CFGpE,19.11,19.135,19.14,19.03,29527.4993,19.0746
DMII,10.03,10.025,10.03,10.02,69304.0,10.021
USAF,27.665,27.6,27.665,27.6,341.001,27.6346
ODTE,27.355,27.21,27.37,27.21,887.641,27.2998
DFVX,80.9962,80.325,81.11,80.325,4894.64368,80.9116
HIDE,24.6053,24.605,24.66,24.5999,6645.143,24.6341
BWIV.U,10.13,10.15,10.175,10.12,13447.0,10.1464
DHLX,12.99,12.95,13.02,12.93,16264.1354,12.9813
CGVV,30.1591,29.99,30.22,29.99,28801.8446,30.1537
QRHC,1.07,1.055,1.0899,1.05,31268.0,1.0626
LSH,0.566,0.601,0.635,0.52,35443.491525,0.5812
SVRE,4.7,5.19,5.2766,4.6257,31031.4137,4.852
FTC,179.325,177.725,179.955,177.22,10295.039841,178.9872
CURR,4.46,4.4,4.53,4.3,213728.176095,4.4174
BLCN,26.131,25.1001,26.325,25.1001,41383.48678,26.0725
TCRT,2.52,2.61,2.61,2.52,12105.23924,2.5538
PTOR,9.885,9.89,9.89,9.885,732.0,9.8858
SEPI,27.8069,27.66,27.869,27.6543,17347.840534,27.7577
BNKU,30.11,29.97,30.48,29.97,2925.147172,30.2014
BPYPP,15.92,15.93,16.05,15.84,11996.0,15.9152
FHNpE,24.63,24.85,24.85,24.63,9207.8465,24.7425
MIMI,2.99,2.74,3.15,2.64,173047.722029,2.9833
YB,14.3,15.2,15.26,14.075,46937.6,14.6663
HSBH,100.8869,99.75,100.8869,99.75,204.9613,99.8918
PLMKW,0.6145,0.5724,0.62,0.5724,16355.0,0.6097
AMJB,36.1157,36.089,36.14,35.815,16742.365178,35.9763
DAVEW,0.61,0.63,0.66,0.56,17486.0,0.6001
YAAS,0.9115,0.899951,0.94,0.899951,48675.5903,0.9145
XHLD,1.41,1.23,1.66,1.23,322370.0,1.4626
QETH,22.46,22.59,22.59,22.25,22089.001043,22.3762
SFpB,23.81,23.7,23.81,23.59,13074.0,23.7377
BRF,17.7322,18.5,18.5,17.7322,2879.223623,18.2096
RSSB,30.43,30.182,30.49,30.182,44077.288361,30.364
RGNT,2.055,2.02,2.09,2.02,4867.0,2.0478
ELOG,0.8301,0.8954,0.949,0.8008,4368.0,0.8492
WALDW,0.05,0.0467,0.06,0.0466,3783.0,0.05039
TPCS,3.99,4.1,4.1,3.99,39597.0,4.0416
BCARW,1.38,1.31,1.405,1.25,167991.312775,1.3451
CPII,19.505,19.52,19.52,19.49,568.012,19.4992
RDFI,23.58,23.53,23.58,23.52,28202.3978,23.5536
BBCB,45.125,45.1115,45.16,45.1115,3429.981988,45.1287
FCTE,26.4955,26.36,26.54,26.28,10575.3804,26.4685
HIDV,87.4668,86.91,87.6,86.9099,3964.1988,87.1988
SPXD,27.7278,27.64,27.75,27.64,563.4112,27.7044
MOTI,34.64,34.555,34.76,34.45,26582.4953,34.6434
AVGU,45.6991,44.45,45.95,43.1349,35351.97841,44.8414
MACI,10.83,10.825,10.83,10.825,1875.168,10.8288
RFpE,16.57,16.65,16.65,16.55,25205.9055,16.5836
AGRZ,0.3334,0.33,0.37,0.33,136652.319399,0.3445
EXUS,27.475,27.31,27.59,27.31,3479.2123,27.475
COE,25.6999,25.75,26.0,25.62,3548.016629,25.2425
NTSE,47.0613,46.38,47.16,46.38,2107.6982,46.9891
URSP,44.8936,44.69,45.04,44.61,26758.5918,44.7889
BAMD,32.1475,32.14,32.18,32.05,7971.2742,32.1532
MCRP,2.91,2.595,3.1,2.54,357882.139266,2.8941
MIY,11.93,11.946,12.03,11.89,60792.771,11.9608
GMOV,29.6333,29.48,29.67,29.48,22430.926,29.6049
DMXF,82.4336,81.84,82.53,81.84,271930.396526,82.2008
DNMX,9.985,9.99,9.99,9.98,1125.0,9.9881
FHEQ,33.0303,32.815,33.12,32.815,51789.4194,33.0651
YCS,52.86,52.868,52.93,52.86,11707.393469,52.8642
SLDPW,0.2139,0.2237,0.294,0.1815,51722.0,0.2246
FITBP,23.6899,23.6,23.695,23.582,5928.5491,23.6503
TIPA,101.3512,101.36,101.36,101.31,600.0,101.3217
STG,3.1,3.25,3.25,2.97,10547.3475,3.0388
WYHG,3.08,2.8796,3.5036,2.8,19741.75,3.132
PBTP,26.4348,26.439,26.44,26.43,66057.9689,26.4365
RAYJ,41.61,41.45,41.68,41.38,14326.12,41.5965
BPH,67.6876,67.57,67.73,67.5,503.0,67.5888
ACTS,27.7802,27.6224,27.88,27.4501,1408.7525,27.6051
CNQQ,26.3081,25.77,26.35,25.77,17512.5497,26.2502
HUIZ,1.5,1.43,1.6,1.4291,17718.4197,1.5028
ITIC,232.0,236.3,237.55,228.1,22743.362,230.8264
MGIH,1.79,1.52,1.79,1.485,45796.0,1.6464
CDC,71.7144,71.725,71.8725,71.525,19451.719881,71.7265
CXRN,20.7949,20.85,21.06,20.73,21148.6064,20.8893
JA,50.145,50.15,50.15,50.13,1593.1985,50.1362
TPAY,53.6962,53.2,53.73,53.2,1059.5637,53.359
RCLO,24.95,24.98,24.99,24.945,21492.4774,24.956
AOTG,59.9738,59.52,60.21,59.52,53044.928006,59.8622
ALBG,17.58,18.0,18.185,16.95,27321.678537,17.5987
TCPB,50.715,50.65,50.72,50.5901,11560.9467,50.6731
UNHU,52.1936,51.1,53.16,51.1,9036.0,52.3586
INDE,26.7261,26.57,26.7261,26.57,1700.5488,26.6549
COWS,34.1556,34.255,34.31,34.02,2490.942051,34.1216
BSMZ,25.38,25.41,25.42,25.3501,8072.0099,25.3927
QSEAR,0.1451,0.1102,0.1651,0.1101,101648.0,0.1334
SBTU,3.4816,3.6663,3.6663,3.4816,35311.156253,3.5715
TTRX,4.01,3.845,4.07,3.71,40454.0,3.9199
CTEX,44.3344,43.105,44.3344,43.095,846.3264,43.6009
ONFOW,0.0646,0.061,0.08,0.0601,6240.0,0.06839
NCLO,24.9787,25.03,25.03,24.96,17819.164188,24.9979
EURK,11.51,11.95,12.66,11.3201,6861.0,11.6372
XLO,7.76,7.9,7.93,7.75,23044.432,7.8196
BSMY,24.495,24.495,24.51,24.47,19376.0684,24.4917
SVIVW,0.9,0.99,1.0,0.9,2549.883506,0.957
LIDRW,0.0446,0.0458,0.0495,0.038,53940.0,0.04351
GLDW,51.298,51.091,51.51,51.091,10191.704336,51.2948
EURL,44.29,43.2171,44.29,43.17,21161.445741,43.949
BANL,0.4681,0.4699,0.4777,0.456,68349.0,0.4646
LPRE,28.5566,28.46,28.57,28.46,3009.0,28.5165
AGNCL,25.1,24.945,25.1,24.8501,10975.2795,24.9938
RSMV,28.86,28.63,28.865,28.61,10793.8702,28.7446
PAYR,52.7536,52.89,53.59,52.675,16916.5748,52.7883
ELSE,7.63,7.63,7.64,7.63,7895.0,7.6332
ANV,25.405,25.46,25.5,25.405,3513.37,25.5266
SOUL,10.33,10.32,10.33,10.32,39324.0,10.3204
ORKT,1.02,1.02,1.05,1.0017,102730.5,1.0376
PRMR,26.3042,26.12,26.335,26.1,30137.0,26.2048
RNXT,0.8486,0.8802,0.8802,0.8416,175514.0,0.8653
ULE,13.0103,13.03,13.03,12.98,1610.0,13.0154
AQWA,18.885,18.91,18.92,18.82,3372.072191,18.8828
KWIN,25.5207,25.59,25.65,25.382,48096.15,25.5426
PPLC,48.25,48.27,48.42,48.0,217566.0,48.1575
GLDI,167.44,167.01,168.0,167.0,20045.727986,167.3876
STI,5.72,5.14,5.9027,5.12,78398.312857,5.5965
DABS,50.53,50.49,50.555,50.485,27013.26,50.5206
CPHC,15.93,16.005,16.08,15.93,979.2879,16.01
SHE,151.4103,151.195,151.88,151.195,2089.338644,151.4791
QQWZ,28.575,28.311,28.63,28.311,951.4144,28.5125
XV,24.6446,24.66,24.7089,24.52,11017.641924,24.625
MFVL,19.885,19.87,19.91,19.81,25443.75,19.8667
NXTS,4.71,4.62,4.97,4.6,16594.781859,4.6894
TSYW,43.9,44.01,44.0101,43.76,5174.5698,43.8945
AUBN,23.73,24.0,24.03,23.73,6851.0506,23.9174
FLAX,36.726,36.2,36.76,36.2,2671.9383,36.6793
RVSN,6.87,6.72,6.98,6.61,9894.212193,6.7978
YHGJ,3.04,3.13,3.35,2.96,31157.374631,3.0876
GSEU,48.0334,47.67,48.04,47.67,6317.2961,47.8758
GARY,24.8457,24.67,24.91,24.64,2242.050182,24.7619
PJIO,63.976,63.25,63.976,63.25,605.9351,63.6173
JMMF,100.145,100.16,100.16,100.12,8236.960056,100.123
TSLI,31.32,29.97,32.341,29.41,17571.359,31.0906
MEDI,30.5949,30.28,30.5949,30.28,512.0737,30.5165
DTSS,0.84,0.8379,0.87,0.8378,14164.068108,0.8509
SNT,2.77,2.71,2.78,2.71,14122.977838,2.7445
MDCXW,0.5,0.3762,0.5,0.3424,2428.303592,0.4565
CVIE,81.2991,80.78,81.4,80.78,12229.1069,81.1883
ALCY,11.8,11.8,11.8,11.7,2511.816786,11.7873
NEXRW,0.018,0.0133,0.018,0.0133,5635.0,0.0172
BBBS,51.015,51.0,51.0207,50.955,38048.3734,50.9756
AYTU,2.25,2.3,2.305,2.23,100094.0,2.2582
FLCV,34.2088,34.061,34.245,34.061,8464.6296,34.1327
CEFZ,8.31,8.3,8.32,8.2902,8841.325365,8.3096
TPLC,48.14,48.02,48.19,47.99,140103.914001,47.996
USL,54.35,54.585,54.86,54.0,16172.005343,54.3845
XOMX,43.4332,42.75,43.4332,42.62,14334.169733,42.9997
SPD,41.1821,40.86,41.2649,40.73,12490.3337,41.0555
POCI,4.6,4.565,4.8,4.33,54251.083636,4.9187
STHH,124.8984,120.75,124.8984,119.79,1379.343,122.1189
IG,20.57,20.57,20.58,20.55,24937.2158,20.5604
GRVY,62.71,62.67,62.9652,61.5,24673.04847,62.487
TCAN,26.3731,25.89,26.58,25.8359,16455.0595,26.3057
BUFY,23.145,23.1,23.17,23.1,17325.873,23.1506
BUL,57.955,57.855,58.13,57.855,3917.899,57.9817
FLCC,34.7488,34.4301,34.8,34.4301,6662.4357,34.5683
DFSU,45.72,45.4238,45.795,45.4238,105494.607215,45.7051
ITEQ,63.064,62.33,63.1,61.93,6055.856622,62.6505
MITN,25.225,25.31,25.31,25.15,2390.0,25.2589
LPA,3.37,3.65,3.7744,3.31,24273.461583,3.5215
DWAW,49.533,49.13,49.61,49.1202,14576.772,49.5096
PNFPpA,25.7097,25.75,25.75,25.57,11163.6458,25.666
JPY,36.8656,36.7,36.9199,36.7,3796.367973,36.8325
SOUNW,2.7,2.47,2.71,2.4,50624.0,2.5395
SJ,1.11,1.08,1.14,1.02,43149.0,1.0663
IBG,0.88,0.800301,0.8901,0.800301,84422.525599,0.8559
CEE,21.17,20.69,21.18,20.3,27336.779315,20.9139
BSSX,25.705,25.655,25.8399,25.655,21904.4685,25.7305
PCF,5.64,5.65,5.67,5.6,41420.28177,5.6544
TRINI,25.4,25.42,25.42,25.38,5433.0,25.3966
INEQ,40.4543,40.29,40.4763,40.29,5562.124223,40.3752
ADBU,23.5883,23.49,23.6917,22.92,12242.681897,23.3908
CODIpB,22.3,21.7951,22.4499,21.7951,2220.903,22.1753
NHPAP,21.205,21.25,21.49,21.205,1972.414,21.2477
BTSGU,186.42,183.14,187.59,183.14,5340.0,185.5455
IVSI,28.1022,27.96,28.17,27.96,4179.0,28.0949
FEMG,25.2076,25.05,25.2076,25.0,637.0,25.0159
SOVF,27.9194,27.975,27.975,27.79,10342.034799,27.9131
GDMA,42.29,41.92,42.39,41.81,14419.25595,42.1709
ITDE,39.4316,39.2,39.46,39.2,4927.955689,39.4222
ARTW,2.58,2.61,2.65,2.55,6080.5806,2.6056
PMBS,49.34,49.285,49.3599,49.21,129906.523,49.3243
TXBC,16.1436,16.295,16.295,16.1,3011.796,16.1346
WRBpE,21.7599,21.65,21.7599,21.6244,5059.139,21.717
KAT,54.8319,54.64,54.8319,54.5804,6972.3915,54.6717
BLUC,31.0547,30.81,31.1,30.7808,12567.63108,30.9944
WETO,0.51,0.515,0.5257,0.4877,24777.0,0.5122
TSSD,25.3382,24.94,25.3382,24.8602,3285.537,25.1065
LPAAW,0.13,0.12,0.13,0.12,8510.0,0.1203
CGGG,28.89,28.62,28.95,28.62,42123.7475,28.8651
JDIV,55.7052,55.435,55.72,55.435,3405.8312,55.5959
EPIN,26.6364,26.47,26.6364,26.47,150.0,26.47
PSApK,18.87,18.8,18.88,18.69,10896.8058,18.8263
FLV,79.61,79.68,79.9,79.4,35330.790841,79.5957
MFAO,25.22,25.22,25.25,25.1816,5432.0,25.2245
ACGLO,20.1501,20.285,20.285,20.15,12290.781528,20.2237
USMF,51.9,51.64,51.945,51.63,12269.920001,51.6917
RSPN,60.11,59.98,60.23,59.9288,31878.109827,60.0923
NNY,8.53,8.4913,8.56,8.4913,7018.4735,8.5404
TSRS,26.6942,26.79,26.79,26.6,1124.6867,26.7332
VNTG,0.7722,0.756,0.796,0.756,15942.0,0.7598
FTXO,36.9547,37.39,37.5387,36.948,46048.710458,37.1413
UPSD,28.153,27.88,28.2,27.88,17479.735,28.1602
AUAU,41.7758,41.21,41.95,41.21,765.314,41.725
SQFTP,6.45,6.45,6.45,6.45,724.0,6.4068
NBIE,25.8912,25.76,25.895,25.76,6659.0,25.8429
MPU,0.5002,0.55,0.5799,0.4999,95666.0,0.5339
MOG.B,312.27,309.93,315.83,309.93,326.929635,312.5019
SBB,24.3632,24.36,24.4,24.33,1810.941,24.364
DISO,10.1023,10.08,10.14,10.04,2358.0048,10.0834
DBRGpJ,16.1838,16.28,16.3,16.0801,5057.5443,16.1825
TRUH,25.5844,25.48,25.5844,25.48,994.0,25.5625
QREDr,0.22,0.22,0.22,0.22,185047.454545,0.22
NIXT,30.765,30.51,30.8499,30.51,1377.2473,30.7435
CGRO,25.297,24.73,25.33,24.73,5523.1113,25.0347
SNPD,28.4111,28.42,28.42,28.4111,295.558457,28.381
BBBI,51.39,51.325,51.39,51.24,6567.2757,51.3227
DZZ,1.9314,2.0,2.0,1.75,4316.6,1.9427
BCTXL,1.05,1.04,1.05,1.0099,885.0,1.0432
BAOS,3.0199,2.6535,3.07,2.6101,78239.4342,2.9882
SHDG,32.385,32.3,32.4,32.3,441.4775,32.362
AFGC,18.56,18.6006,18.67,18.52,17302.137,18.5992
BBAG,45.82,45.81,45.82,45.71,37709.41301,45.77
CNF,3.1,3.04,3.175,2.75,20675.8,2.9698
PWER,44.53,44.205,44.53,44.205,277.7971,44.3604
MDLV,30.5984,30.5,30.5984,30.49,7331.0,30.5557
EZRO,26.4018,26.17,26.48,26.17,38444.0,26.2902
TPOR,32.74,32.685,33.46,32.685,3676.160978,33.0228
TDAC,10.635,10.64,10.64,10.635,10498.0,10.6398
BASG,25.455,25.34,25.53,25.34,24147.0,25.4416
AVXC,81.3729,80.855,81.7099,80.855,26286.5268,81.3377
SIXL,37.9783,37.705,37.9783,37.695,1026.026,37.7874
BUFG,28.995,28.93,29.03,28.915,18811.0,28.969
DURA,37.7526,37.84,37.9,37.71,590.0195,37.7866
SSBI,13.52,13.67,13.6972,13.5,15331.4738,13.6088
CIMpD,24.6,24.58,24.66,24.5501,21180.5784,24.5854
EFZ,23.54,23.7,23.72,23.54,7239.845543,23.5646
SKF,29.03,28.9652,29.09,28.75,24954.438704,28.9805
BHFAP,15.91,15.94,15.96,15.85,16017.2009,15.9068
JFU,3.94,3.66,4.69,3.65,29664.79644,4.2274
MNRS,43.7831,42.77,44.435,42.77,17198.735648,43.8983
SIO,25.669,25.64,25.7,25.6301,14318.058,25.654
ZJYL,2.45,2.55,2.65,2.45,17865.0,2.5393
AIRTP,20.449,20.05,20.45,19.875,6034.0,20.3637
EWO,39.548,39.17,39.58,39.17,14428.130717,39.3696
CWY,22.59,22.485,22.59,22.425,1206.273311,22.4724
REGS,11.3285,11.2007,11.3285,11.2007,4215.635248,11.2499
FIVY,26.7844,26.37,26.95,26.285,5645.8057,26.7058
BAFE,28.2853,28.12,28.34,28.12,50295.01544,28.2534
BLZRU,10.22,10.22,10.22,10.22,512.0,10.2207
UMDD,32.6003,32.15,32.75,32.15,1644.043554,32.464
XLBI,24.3171,24.26,24.52,24.22,4649.3683,24.3346
NUG,8.5479,8.71,9.03,8.5479,4594.37412,8.9902
TWOpB,24.54,24.67,24.685,24.42,12351.2531,24.5808
HYSD,20.17,20.14,20.17,20.14,1896.2287,20.159
FNWB,9.22,9.44,9.5,9.205,12041.2811,9.2774
SPUU,213.86,210.36,214.28,210.36,8836.101374,213.2084
HBANM,22.54,22.64,22.64,22.5201,9469.0,22.5843
GAMR,89.1421,88.58,89.1421,88.58,682.824521,88.8936
SMCP,24.6986,24.76,24.78,24.6001,3841.0,24.7298
JOET,43.2951,43.0244,43.3552,43.0244,14100.8706,43.2532
DRDB,10.52,10.53,10.53,10.52,276452.0,10.5272
ABEQ,37.4241,37.3386,37.44,37.32,5073.328798,37.3827
SMLV,144.1147,144.38,144.49,143.75,2333.050795,144.085
CET,53.21,53.29,53.49,52.66,34705.0862,53.105
EUHY,53.425,53.3,53.43,53.27,34053.758079,53.3557
MAGA,53.9134,53.82,53.9134,53.82,420.603578,53.8737
CIMP,25.1199,25.12,25.14,25.1,5349.0,25.1109
ZVOL,8.41,8.47,8.495,8.41,24353.477803,8.4472
ATPC,2.1,2.25,2.4252,2.1,24043.47992,2.1858
PBRG,40.6635,42.99,43.82,40.42,6722.555359,41.6899
HELS,24.4738,24.31,24.4991,24.31,8244.5558,24.4203
MYHA,24.9885,24.97,24.9885,24.97,7504.0,24.97
SRGpA,20.9,20.75,21.05,20.75,8293.0711,20.8968
GRRRW,0.27,0.26995,0.2851,0.25,22845.0,0.2596
TILT,269.4067,267.68,269.65,267.68,5904.403958,269.1696
BESF,40.6349,40.4297,40.69,40.4297,566.7826,40.5129
VGASW,0.0353,0.0429,0.0429,0.0313,317709.291179,0.04184
AWRE,1.25,1.3,1.31,1.25,66528.587463,1.2638
LRE,1.285,1.3,1.3001,1.24,8823.0,1.2861
NULC,52.5682,52.27,52.66,52.23,1388.4842,52.582
XTWO,49.005,49.01,49.011367,48.9843,13423.908,48.9997
MBINN,20.9,20.89,20.9637,20.63,2286.0,20.8449
APM,0.8001,0.84305,0.865,0.79,24687.0,0.8204
NUMI,25.045,25.08,25.08,25.045,1576.28,25.058
ANGH,3.61,3.36,3.79,3.0,19943.801802,3.5264
VBND,43.58,43.59,43.6171,43.4901,31885.1872,43.5334
BAMB,26.13,26.12,26.13,26.09,5364.7269,26.1207
TLTE,77.52,76.74,77.7595,76.74,3363.232097,77.4669
MSOO,8.1575,8.13,8.17,8.12,898.6779,8.1364
FLMX,39.1698,39.11,39.38,39.11,12681.706397,39.2638
VTN,11.12,11.1509,11.2,11.12,20287.25796,11.1614
PIPE,30.2262,29.99,30.2262,29.905,1323.3991,30.0346
IBHK,25.6454,25.62,25.655,25.59,17145.2253,25.6377
ENGNW,0.2085,0.177825,0.229,0.177825,75039.0,0.1996
SDMF,25.83,25.78,25.86,25.78,94461.0,25.8588
EDGI,31.0,30.81,31.0,30.81,11311.0,30.9671
SERA,1.59,1.65,1.72,1.58,83609.857217,1.6354
PLYX,3.365,3.45,3.6,3.36,86818.071239,3.4245
AVSF,46.595,46.57,46.595,46.545,32665.113568,46.5709
APIE,38.0699,37.74,38.23,37.74,50862.181,38.0559
SFHG,2.44,2.4,2.5,2.4,8131.0,2.4705
LCOW,24.7,24.52,24.72,24.5,2457.1352,24.5596
NTWOW,0.1843,0.252,0.252,0.1801,1097.192705,0.2112
KRMA,46.6188,46.25,46.6225,46.25,5873.9435,46.4334
GENW,14.857,14.784,14.8599,14.784,1437.7185,14.8366
GEG,2.2,2.12,2.22,2.12,7800.0,2.1922
CBTO,20.2471,20.25,20.25,20.215,3704.0265,20.2405
AOMN,25.11,25.05,25.15,25.05,1479.0,25.1069
MSC,2.5,2.32,3.04,2.32,20993.0,2.5925
HCXY,24.8,24.92,24.9803,24.8,7305.0,24.8741
PLUR,3.51,3.7077,3.76,2.9184,21370.6363,3.4615
XB,39.115,39.08,39.1399,39.08,4374.1609,39.1201
QPX,48.0906,47.7,48.21,47.68,3826.0,48.0627
APRW,36.835,36.78,36.85,36.78,15187.336,36.8195
DDT,26.07,26.14,26.15,26.05,8689.1725,26.1215
MYY,15.88,15.92,15.92,15.86,1954.0,15.8833
KJUN,29.14,29.13,29.14,29.121,3984.0,29.1307
INDZ,23.9541,23.85,23.9541,23.85,3103.0,23.8837
TSIC,25.1593,25.14,25.19,25.0299,3318.5035,25.0993
WDGF,31.7871,31.37,31.7871,31.345,917.562378,31.407
GGTpE,20.48,20.35,20.48,20.3,10399.8102,20.4119
KMPB,24.0,24.05,24.1899,23.9583,27243.671,24.0232
BSMT,23.0753,23.0701,23.08,23.06,48203.75,23.0704
BSMS,23.435,23.44,23.4492,23.43,60040.6371,23.4358
GLU,19.68,19.63,19.68,19.44,4882.4295,19.5284
BSMR,23.6254,23.635,23.64,23.62,29047.4027,23.6322
JULW,40.4307,40.41,40.44,40.32,127835.0,40.3697
MAYT,38.625,38.45,38.67,38.45,96130.0,38.5333
FBRTpE,19.9201,19.88,20.0051,19.77,18954.348,19.9632
JANW,38.33,38.2786,38.36,38.2786,82643.8936,38.3163
RSSX,28.0716,27.83,28.13,27.82,9241.502294,27.9906
BULG,42.1683,38.99,42.86,38.74,9259.913521,41.6333
LANDP,20.58,20.72,20.8269,20.52,16656.4899,20.7062
BEEP,1.935,1.945,1.945,1.93,9544.597665,1.9385
GLPpB,25.3302,25.34,25.38,25.31,6807.352,25.3221
UIVM,73.455,72.91,73.54,72.91,5971.8867,73.2933
VAVX,20.2519,20.4,20.4,20.1,3413.077963,20.2837
VEEA,0.521,0.5155,0.552999,0.515,139610.052876,0.5327
EMSF,39.8349,39.43,39.97,39.36,7021.8333,39.7879
DMX,50.13,50.1,50.1495,50.06,11475.482442,50.0982
VHCP,9.95,9.935,9.95,9.935,8404.5035,9.9396
NPFI,26.013,26.005,26.02,25.96,32895.5658,26.0142
QSOL,9.1547,9.27,9.3,9.12,20323.217776,9.2093
DSPY,63.7246,63.35,63.84,63.35,7961.3943,63.6626
MBVI,10.13,10.12,10.13,10.12,232.0,10.1257
YALL,43.95,43.71,44.04,43.71,7327.4973,43.9179
BTYB,24.67,24.66,24.675,24.6,1276.8557,24.6499
ESIM,28.2581,28.12,28.28,28.08,3065.7428,28.1248
RMCOW,0.1901,0.1902,0.1902,0.1901,5305.0,0.1902
SACHpA,18.455,18.02,18.6499,18.02,1643.5026,18.3921
INM,0.634,0.64,0.664701,0.634,24630.574,0.6554
OVT,22.0543,22.04,22.0543,21.99,18522.7023,22.0307
EHY,11.108,11.16,11.17,11.06,5640.4307,11.14
AHT,2.99,2.985,3.0,2.9514,20471.3679,2.9855
MAXJ,28.8702,28.875,28.91,28.85,4575.8762,28.8728
WLDU,17.2476,16.9504,17.26,16.9501,21216.602,17.1182
DUKB,24.06,24.11,24.14,24.04,23077.967,24.0725
MAKX,67.8632,66.29,68.03,66.29,5096.1895,67.5672
QXQ,31.7938,31.46,31.89,31.46,16292.1431,31.851
BJAN,58.255,58.04,58.265,58.0094,12211.0,58.1823
PABU,76.4112,75.7,76.42,75.7,49941.183659,75.7405
NAII,2.71,2.75,2.75,2.7,13694.4119,2.72
GDEV,15.9305,15.54,16.1701,15.54,2705.103822,15.9123
RAIN,1.51,1.49,1.575,1.48,14079.776,1.5243
ORLG,12.515,13.13,13.13,12.515,1938.75,13.0912
USIO,1.31,1.2701,1.335,1.2701,216323.3976,1.4193
IBHL,25.3702,25.35,25.39,25.33,5489.3822,25.3692
RFAMU,9.97,9.95,9.97,9.95,45500.0,9.9653
GABpK,20.46,20.4,20.55,20.37,5392.0137,20.43
RDAC,8.12,7.98,8.15,7.75,8613.5792,7.9793
SWAGW,0.049799,0.026,0.0498,0.0201,5967.0,0.02724
RNIN,30.42,30.32,30.46,30.295,3905.000072,30.4041
PSQH.WS,0.0765,0.085,0.085,0.0765,323.0,0.08206
IMTB,43.55,43.5676,43.5799,43.486953,17148.892007,43.5268
EMPB,31.841,31.61,31.92,31.61,13967.0501,31.788
PGYWW,0.0662,0.06,0.0686,0.06,139696.0,0.06629
RXL,45.43,45.5,45.55,44.94,9081.917247,45.4357
KMAR,31.135,30.991,31.2,30.991,12907.0,31.1596
JBK,27.8,27.4,27.8,25.99,9667.0,27.2441
YQQQ,10.35,10.445,10.46,10.32,20948.82066,10.3759
BSMW,24.9905,25.02,25.05,24.97,36489.7153,25.0018
BCAB,4.4,4.51,4.72,4.4,11601.651742,4.538
JSPRW,0.0106,0.0151,0.0151,0.0101,73976.0,0.01217
TOLZ,60.77,60.43,60.78,60.27,5428.855129,60.5781
SSCP,24.9625,24.78,25.0299,24.78,1516.90028,24.8716
SPKLW,0.5047,0.5399,0.57,0.4921,69947.0,0.5256
KRKR,3.75,3.9157,3.9157,3.5,22962.0,3.6335
NICO,26.4954,25.5,26.4954,25.5,516.74,25.5374
FULTP,18.39,18.3,18.4,18.2551,27869.1964,18.3454
OVB,20.595,20.53,20.6,20.52,4612.3543,20.5582
FTAG,30.1682,30.14,30.209,30.11,1275.7788,30.1603
PFDE,27.5154,27.29,27.6,27.28,263187.0,27.5355
ARWG,24.5857,24.395,24.8,24.395,409.04,24.494
HLLY.WS,0.0302,0.0599,0.0599,0.0301,3291.0,0.05123
ZKIN,1.38,1.41,1.5824,1.37,19291.7526,1.3928
MBOX,38.8168,38.73,38.8168,38.6499,5999.1752,38.7085
RSBA,20.7352,20.74,20.75,20.71,19673.4497,20.7275
EDOW,42.7546,42.68,42.83,42.5634,7870.7835,42.664
RSEE,38.6916,38.29,38.74,38.29,14041.1065,38.53
QBER,23.8,23.796,23.84,23.78,9043.1776,23.8169
MUND,102.71,103.25,103.36,102.45,22204.5326,103.0438
RFAM,9.86,9.86,9.86,9.86,47378.0,9.86
UONEK,5.49,5.9,6.16,5.49,8626.524037,5.6991
PRHI,4.69,4.41,4.69,4.41,6332.006857,4.6907
NTSD,45.033,44.52,45.033,44.52,1446.743956,44.595
HUDI,1.12,1.17,1.17,1.12,363046.0,1.4103
SAAQU,10.4201,10.42,10.4201,10.42,270.689655,10.4256
NNOV,30.9852,30.86,31.0,30.86,4754.446,30.9417
MSLE,7.28,7.26,7.55,7.23,12122.823152,7.3587
ZEO,0.83,0.8301,0.9097,0.83,43941.141488,0.8391
ANPA,6.355,6.13,6.88,6.13,17604.102833,6.4058
DMAX,27.195,27.1534,27.195,27.1534,4830.0988,27.175
RSSS,2.51,2.54,2.58,2.5,353360.316224,2.5409
GSJY,53.0826,52.85,53.12,52.85,3993.0648,53.0319
FFOX,27.65,27.52,27.6697,27.52,10682.3435,27.6399
BWIV,9.93,9.93,9.93,9.93,1305.0,9.9301
TMFX,21.0669,20.93,21.0669,20.92,8916.271199,21.0067
KEAT,34.1748,34.09,34.18,34.075,776.2441,34.096
OSCV,40.42,40.45,40.48,40.29,21472.64563,40.4172
MTNB,0.564,0.57,0.59,0.564,35672.407124,0.5822
WEPN,44.666,44.17,44.67,44.17,3008.085942,44.5303
CLOC,25.02,25.03,25.03,25.02,1114.0,25.0299
RITMpB,25.25,25.23,25.3,25.19,51133.5766,25.2627
OXLCM,25.3299,25.3299,25.33,25.2901,3418.0,25.3168
PRFD,51.085,51.13,51.13,51.0,8976.9557,51.0927
ASBA,25.15,25.06,25.19,25.06,6141.0,25.1482
QRED,9.9,9.9,9.91,9.9,22095.0,9.9001
ARP,33.78,33.63,33.82,33.63,5179.28652,33.7605
ZYBT,0.9593,0.9898,0.99425,0.93,17063.0,0.96
CRGO,2.05,2.05,2.075,2.03,47685.6348,2.051
SPIT,32.0402,31.749,32.0402,31.749,2028.7695,31.8929
DXUV,64.7481,64.54,64.8799,64.52,12615.8432,64.7705
EVSB,50.825,50.83,50.83,50.81,23568.070201,50.8238
DUSA,56.24,56.03,56.27,55.91,63652.9537,56.1575
KJD,25.2552,24.29,25.8,24.28,8746.519262,25.1158
BABW,32.677,30.61,33.345,30.61,3650.725263,31.8297
EFO,71.7427,70.77,71.94,70.77,5260.615822,71.3331
CCEF,29.5071,29.44,29.5071,29.4001,674.918,29.4267
SURI,18.3,18.2,18.3,18.195,1299.933,18.2451
LOBpA,25.305,25.28,25.35,25.28,9178.0,25.3075
NBFR,26.1698,26.02,26.19,25.961,2824.159,26.1205
CODIpA,21.015,20.58,21.04,20.58,4316.5679,20.8659
GCAD,52.42,51.57,52.42,51.57,5110.049451,52.1502
DEEP,39.0936,39.0,39.17,38.895,1541.9633,38.9788
WCME,19.507,19.29,19.61,19.29,9104.7654,19.5758
VFQY,158.9224,158.83,159.1999,158.2601,6411.837289,158.9526
ISSB,23.9077,23.68,23.9077,23.2801,3073.8775,23.6487
FRTY,22.2665,22.01,22.4,22.01,18244.9185,21.9973
PRIV,25.185,25.16,25.185,25.0967,14633.83009,25.147
GIW,10.0299,10.03,10.04,10.02,13865.165,10.0304
ACLC,82.8196,82.44,82.93,82.2901,19389.54,82.736
HOMZ,42.9159,43.21,43.23,42.73,5300.0248,42.8562
XCLR,27.369,27.35,27.369,27.35,143.7098,27.343
VTVT,31.665,31.18,32.0599,30.0,43204.352982,31.0893
JULT,47.1396,47.06,47.14,47.06,940.0,47.1043
IRAB,9.895,9.895,9.895,9.895,114.0,9.8976
TRTY,31.2514,31.2,31.3,31.2,6068.9681,31.2564
DINT,29.8891,29.54,29.94,29.54,11304.7285,29.8419
AQLT,31.1689,30.9241,31.25,30.9241,14135.454538,31.0091
PDEC,45.4101,45.2901,45.455,45.2901,29478.0,45.4221
CCOR,25.5422,25.485,25.5422,25.41,1309.98214,25.4366
IDEC,33.8869,33.751,33.8869,33.751,8477.851,33.8565
TLA,25.025,24.94,25.025,24.94,897.1418,24.9916
DAPR,40.64,40.51,40.66,40.51,28637.0,40.5967
MYCJ,24.705,24.69,24.71,24.66,3597.0,24.6875
NSYS,13.96,13.975,14.2,13.85,16838.431,13.6541
SLNG,3.94,3.8301,4.06,3.6851,29655.452642,3.8875
LFSC,38.7042,38.265,38.85,38.26,1569.539864,38.663
LVWR.WS,0.03,0.031,0.0334,0.03,23405.0,0.03133
ASPC,11.3,11.31,11.31,11.0,4885.8725,11.2249
TWOpA,24.79,24.6126,24.79,24.59,8928.8774,24.6999
ASLV,29.4746,29.48,29.52,29.44,1902.0,29.4661
FpC,20.98,20.96,21.03,20.91,42150.2308,20.9801
OVF,31.9731,31.77,32.04,31.77,9785.230355,31.9544
PMN,10.57,10.3612,10.8,10.3612,8778.771704,10.6658
SBIL,100.18,100.195,100.2,100.18,123163.0,100.1919
JSM,18.77,18.8,18.83,18.76,5557.219,18.7928
AAPY,26.2199,25.9,26.3,25.84,2765.003461,26.0591
AIRJW,0.755,0.7505,0.761,0.7505,18205.388021,0.7554
MEGL,1.12,1.11,1.26,1.11,51564.0,1.1864
KDEC,27.4885,27.42,27.54,27.42,7688.0,27.4784
IBCB,25.065,25.07,25.07,25.025,116737.86,25.0617
VBCA,75.495,75.5,75.5,75.49,1953.944,75.4925
TLF,2.32,2.35,2.35,2.2,19988.0,2.2842
PSR,101.43,101.46,101.6,101.29,4269.5724,101.4436
LST,45.2349,45.03,45.36,44.955,28036.8085,45.1959
ATGL,16.35,17.5,17.9,16.2,3343.5533,16.9649
BJUL,53.4977,53.3938,53.4977,53.3938,899.0934,53.434
CLRO,3.3,3.1,3.3,3.1,4635.0,3.213
TMVE,16.9304,16.94,16.95,16.91,5358.388254,16.9185
CBOA,24.6,24.57,24.6,24.57,169.0,24.5709
GSRF,10.11,10.105,10.11,10.105,6559.0,10.1102
PRXV,33.1356,33.14,33.14,33.03,1216.282,33.0875
NWGL,0.8416,0.85,0.89,0.8,25340.0,0.841
SNTG,2.38,2.0023,2.38,1.96,30551.0,2.2067
LGRO,42.1655,41.83,42.24,41.83,14629.7873,42.2295
AIVI,57.3792,57.21,57.3792,57.195,491.804,57.2232
USNG,36.6819,36.13,36.6819,36.13,2505.876291,36.3806
CARZ,115.0655,113.42,116.0699,113.42,2688.731851,114.3788
OVLH,41.8412,41.558,41.9699,41.558,7183.8579,41.8333
BAPR,52.6502,52.51,52.655,52.51,3179.094906,52.6193
ATHR,3.7042,3.71,3.87,3.6,8979.133334,3.8292
MDAIW,0.6302,0.6991,0.7999,0.6301,34171.0,0.6899
SMAP,26.0743,25.97,26.0743,25.97,712.0,25.9973
FEAC,31.7352,31.415,31.8,31.415,6589.3031,31.6274
PRXG,39.4349,38.91,39.4349,38.91,1313.6718,39.1193
MITP,25.16,25.21,25.21,25.12,9318.0,25.1572
BOCT,52.28,52.1899,52.35,52.18,9333.0,52.3124
PJAN,48.995,48.93,49.08,48.93,62724.917,49.0261
BITS,70.8916,69.54,70.8916,69.54,914.690435,70.0982
TOPC,33.65,33.4208,33.655,33.4208,7034.888864,33.6053
ADACW,0.38,0.3892,0.4698,0.38,2709.0,0.413
NCT,2.65,2.4,2.82,2.4,26724.236688,2.5606
SNTH,30.08,29.78,30.1,29.6901,24996.2196,30.035
SBU,21.493,21.86,22.25,21.33,9452.292,22.0146
LCLG,69.6715,69.245,69.89,69.245,1655.9347,69.6211
TMAT,28.3618,28.04,28.452,28.0318,13609.3295,28.2923
BCTXZ,0.0885,0.0855,0.0889,0.081,18111.0,0.08319
QUS,183.403,182.87,183.59,182.5,12558.6402,183.0266
GPT,33.4915,33.42,33.56,33.42,1152.8644,33.4905
DBRGpI,16.285,16.1,16.285,15.95,9280.6696,16.0883
HMYY,7.235,7.24,7.24,7.235,772.592,7.2217
CDRpB,19.57,19.53,19.99,19.53,2928.1688,19.7741
CDRpC,19.78,19.75,20.325,19.75,3200.6913,20.0126
FIEE,6.6,6.7326,6.8,6.6,1817.006,6.7072
FBCV,38.6053,38.5,38.75,38.38,5936.595874,38.4826
PHDG,41.9909,41.3901,41.9909,41.3901,1899.717035,41.7458
DTSTW,0.0148,0.0297,0.0297,0.0035,614512.0,0.009907
SDP,22.562,22.65,22.788,21.56,2817.58915,22.4088
MLECW,0.0199,0.019,0.0201,0.0172,116032.0,0.02079
GABF,43.2554,43.36,43.4,43.19,3334.1196,43.2833
ECON,34.6543,34.33,34.77,34.33,5505.1106,34.667
FTW.WS,1.095,1.081,1.11,1.03,26949.0,1.0927
BACCR,0.3515,0.33,0.37,0.33,38409.0,0.3381
UTRE,49.2737,49.275,49.275,49.23,2138.6726,49.2594
ECCU,25.28,25.3,25.375,25.25,9004.0,25.2858
JIII,49.77,49.75,49.95,49.72,3662.609917,49.8064
FLNT,2.62,2.79,2.8,2.5103,47584.431748,2.6598
PDN,46.9729,46.7149,46.9729,46.6602,5593.577304,46.7689
BNZIW,0.0102,0.0095,0.0133,0.0095,24926.0,0.01104
EAOA,44.5262,44.23,44.5262,44.23,439.307819,44.4046
IACOW,0.35,0.35,0.35,0.35,300.0,0.35
ESN,19.3664,19.22,19.39,19.22,66261.95049,19.3366
DRIO,8.1,7.985,8.5197,7.2,8790.0,8.0497
BPRO,23.67,23.33,23.74,23.33,13480.669538,23.6216
QVOY,30.1223,29.96,30.16,29.96,3156.541,30.0942
FTRK,0.43,0.400001,0.44,0.4,26063.0,0.4149
AVTM,53.02,52.61,53.08,52.61,5798.0311,53.0403
VXZ,56.24,55.62,56.24,55.56,27504.8696,56.0857
QLVD,33.04,33.02,33.04,33.02,230.754112,33.0306
VEEAW,0.0727,0.055,0.0727,0.055,10822.0,0.05538
LGHL,0.759,0.67,0.788,0.67,110625.292121,0.7402
WATS,28.4145,27.58,28.63,27.58,1222.351,28.2142
TSES,31.0791,30.82,31.0791,30.82,1938.9503,30.9472
TAFL,24.9771,25.0,25.035,24.96,10504.0,25.0008
WEEL,20.405,20.3799,20.4492,20.36,58265.9117,20.4127
TIPZ,53.06,53.07,53.08,53.01,34116.7039,53.0687
SEPU,30.93,30.75,31.0,30.7499,11180.0,30.9435
QMFE,24.065,24.01,24.0897,24.01,2412.0,24.0464
ACRpC,25.09,25.06,25.1398,25.06,2742.5797,25.0883
CEPF,10.29,10.28,10.31,10.27,160859.0,10.2876
OYSE,10.23,10.23,10.255,10.23,24956.0,10.2305
THNR,25.0296,25.04,25.05,24.85,2758.0257,24.9818
ION,67.425,66.59,67.425,66.34,6202.9792,66.8948
ABCS,31.6991,31.63,31.75,31.63,2094.4663,31.6985
KEMX,49.18,48.85,49.33,48.8407,6305.993824,49.1841
LDRC,25.1499,25.145,25.16,25.1301,4265.9625,25.1461
YXI,20.3532,20.69,20.69,20.25,1647.0,20.3922
VWAVW,0.999,1.03,1.03,0.95,50788.0,0.9879
SLNHP,10.25,9.5,10.8,9.5,35538.9513,10.3381
YQ,2.4,2.44,2.485,2.4,9901.936744,2.44
INAC,10.2,10.2,10.2,10.2,105.0,10.2019
ONEY,124.8987,124.7,125.04,124.465,215176.809963,124.8541
AACIW,0.24001,0.24001,0.24001,0.24001,112.0,0.2413
BIXIW,0.26,0.26,0.26,0.26,665.071428,0.26
BNR,16.76,16.76,16.76,16.76,2957.363416,17.0437
PCGpX,41.87,41.94,42.07,41.72,78123.6114,41.8188
NTRP,2.51,2.4403,2.69,2.35,50483.031,2.4508
AGNCO,25.55,25.5,25.58,25.5,8835.7206,25.5626
PNOV,43.84,43.77,43.93,43.75,39782.0,43.8714
RTAC,10.47,10.3807,10.47,10.3807,94400.916,10.4275
TNUK,26.3727,26.23,26.485,26.1,494.335,26.3429
IMAY,31.3963,31.34,31.42,31.34,35871.0,31.3725
VBCJ,75.41,75.39,75.43,75.335,2657.1569,75.3747
TCI,35.01,35.0,35.01,34.63,3771.0,34.9577
UDI,34.15,34.185,34.185,34.07,657.4317,34.1258
ABXB,19.475,19.46,19.475,19.46,16979.2675,19.46
TACK,31.13,31.03,31.15,30.963,10577.8941,31.0841
PRVS,30.6706,30.55,30.72,30.535,2963.575,30.6395
UDEC,41.3221,41.22,41.34,41.22,2156.70933,41.3108
RFAMR,0.125,0.12,0.125,0.12,58000.0,0.1222
YHC,0.9495,0.9004,0.98,0.9,74305.528571,0.9467
DRKY,20.0571,19.98,20.15,19.98,2977.8212,20.0724
RZB,25.24,25.24,25.25,25.24,239448.0,25.2419
MCGAU,10.2701,10.26,10.2701,10.26,1701.0,10.2654
CPSP,26.815,26.8,26.8499,26.75,7534.17,26.7836
GAINZ,24.1,24.16,24.18,24.07,16342.0,24.1084
JPSV,63.0789,62.96,63.19,62.81,2731.795,62.9743
RAVE,2.69,2.82,2.82,2.69,4235.908758,2.7365
PMTV,25.28,25.27,25.295,25.2301,23540.7457,25.2826
FGBI,9.105,8.725,9.11,8.705,8382.517412,8.9598
AIFU,33.4,31.8,34.0,31.8,189.951448,33.12
FCAP,55.78,57.25,57.25,55.78,3664.8709,56.4464
FLUD,24.99,24.9701,24.99,24.96,65359.2088,24.9709
MTEX,5.2,4.89,5.46,4.82,24500.694493,4.8459
PLUT,2.75,2.2434,2.75,2.2434,30434.22905,2.5924
ALOT,14.55,14.66,14.66,14.4896,14842.741502,14.5612
MINV,52.323,51.838,52.6,51.838,20335.943275,52.2669
BLGR,31.7771,31.42,31.82,31.42,11411.967838,31.7148
UCOP,46.5301,47.26,47.68,46.13,5185.0,47.2151
NFLP,23.0439,22.85,23.285,22.8,3599.7113,22.8991
HYUP,41.685,41.625,41.69,41.625,7418.375405,41.668
MODL,50.1525,49.8299,50.245,49.8217,32036.873,50.0801
HYP,30.7539,30.235,30.78,30.235,2365.3392,30.5877
MMCA,21.6588,21.69,21.69,21.64,74607.9653,21.6418
PEBpE,19.95,20.11,20.11,19.901,4532.3276,19.9907
BUFS,24.32,24.27,24.34,24.27,14002.814,24.3161
ABLD,32.0752,31.89,32.0752,31.85,4688.3448,31.9604
GENZ,35.2,34.64,35.2,34.64,941.608,34.9322
SOCL,46.93,46.1449,46.935,46.1449,4345.9478,46.6368
CPRA,27.425,27.36,27.46,27.36,6219.0,27.4044
RISE,18.9333,18.985,19.13,18.9333,2623.0,19.0257
JUNM,34.92,34.89,34.92,34.89,543.0,34.8909
SWZ,6.005,6.03,6.0399,6.0,54530.7256,6.0091
PCIG,8.25,8.1825,8.25,8.1825,3528.5109,8.2104
SAPH,30.128,29.96,30.128,29.9,1366.199,29.9874
EBUF,31.3757,31.33,31.3757,31.33,1828.0,31.3611
COPL,10.38,10.38,10.38,10.38,150.0,10.3817
AHYB,46.21,46.15,46.24,46.145,2388.8514,46.1898
TISI,15.75,15.99,16.55,15.75,5188.592345,15.9503
WFCpY,23.78,23.83,23.9399,23.78,27123.3584,23.8316
INTG,38.94,40.025,40.26,38.005,21193.7997,39.1876
ADPV,45.85,45.54,45.86,45.54,13802.0101,45.796
HIGH,21.63,21.605,21.7,21.5872,20510.2117,21.6481
AGCC,19.78,19.6,19.95,19.26,9328.018283,19.5173
AVMU,46.1312,46.15,46.15,46.1,16532.3062,46.1192
DLFE,31.3951,31.32,31.43,31.32,11394.0,31.3871
FBDC,17.21,17.25,17.34,17.1975,7905.7793,17.2479
PBMWW,0.0248,0.0202,0.0259,0.0201,11330.0,0.02266
MCGAW,0.31,0.3316,0.35,0.31,4387.091108,0.3407
YDES,5.2,5.19,5.25,5.0,15294.214647,5.2175
IBIF,26.4605,26.48,26.48,26.46,11531.3152,26.4698
LIMI,61.4481,61.5,61.5,61.4481,403.876832,61.5419
KITTW,0.026,0.0271,0.027987,0.0251,45415.0,0.02719
PVI,24.845,24.93,24.95,24.845,1356.950708,24.9155
VBCI,75.57,75.53,75.57,75.431,1757.5425,75.5368
OAKpB,20.53,20.9007,20.9007,20.5,3859.9713,20.6079
ABRpE,16.57,16.61,16.6999,16.46,8753.6385,16.4757
FTCE,26.16,25.99,26.2,25.99,4087.3029,26.1603
JDOC,56.23,55.87,56.23,55.8,1525.8748,55.83
FAAR,34.005,34.21,34.24,33.94,19865.283897,34.0777
NXTC,9.8,9.775,10.05,9.6,8471.0,9.8286
STRN,26.905,26.32,26.91,26.32,9220.562,26.7329
GFEB,43.6099,43.525,43.625,43.525,7791.0,43.5878
FJAN,54.56,54.3665,54.62,54.3665,15245.0,54.5275
BHM,10.83,11.05,11.375,10.61,3784.009449,10.9887
EFCpC,25.58,25.46,25.6099,25.46,603.7084,25.5067
XLSI,23.5879,23.6,23.6,23.575,5530.4868,23.5924
PLBL,7.02,7.325,7.5,6.8,6923.265,7.1526
QSIG,48.515,48.5,48.515,48.5,796.3528,48.5043
MNYWW,0.054499,0.0593,0.06,0.0469,28416.248188,0.05134
IPOS,22.0358,21.82,22.04,21.815,3639.667041,21.946
GYLD,14.15,14.35,14.5516,14.135,69681.247935,14.3254
VBCH,75.515,75.485,75.515,75.415,985.7681,75.4665
XTJL,40.74,40.671,40.7699,40.671,1773.0,40.7231
LEGT,11.07,11.055,11.09,11.055,5935.0,11.0719
ALUB.U,10.15,10.15,10.15,10.15,212.0,10.1498
QAT,18.76,18.75,18.8,18.695,6140.612802,18.7344
DEED,21.3239,21.32,21.35,21.31,2459.9355,21.325
XPND,38.4855,38.22,38.4855,38.22,5549.7042,38.2643
JWEL,2.38,2.27,2.52,2.25,2931.782118,2.3068
XCOR,88.6333,87.96,88.6333,87.96,666.245792,86.7949
PY,53.3494,53.33,53.41,53.19,8237.77432,53.3475
SELF,5.32,5.3399,5.3399,5.31,5312.3399,5.3258
CXIIU,10.15,10.12,10.15,10.12,296182.0,10.1276
FDFF,33.045,32.76,33.13,32.76,3878.0976,32.9638
RZLVW,0.99,0.9801,1.0,0.98,33986.0,0.9899
JHMU,26.1295,26.16,26.16,26.11,21183.0839,26.1114
TPFC,24.6819,24.63,24.71,24.63,143150.7212,24.6797
TSOL,8.83,8.9,8.93,8.79,11664.201,8.8533
LTL,27.2212,26.85,27.42,26.85,1872.697496,27.2486
NAAS,2.76,2.525,2.99,2.505,33839.986927,2.7131
GVUS,60.2619,60.14,60.2619,60.14,158.5006,60.1432
CNOBP,25.0,24.99,25.0,24.975,2566.0,24.9855
ECML,38.1337,38.08,38.16,38.0799,2857.0,38.1006
MZZ,6.4159,6.46,6.46,6.39,587.0011,6.4271
SMN,19.6416,19.52,19.98,19.52,738.26815,19.8052
UFOD,26.38,25.9,26.49,25.9,4870.857688,26.3786
OBOR,28.921,28.76,28.921,28.76,237.0487,28.7633
TRAD,9.92,9.92,9.92,9.92,121.324189,9.9189
TLCI,25.4555,25.48,25.48,25.39,2541.039,25.4519
LLDR,44.2454,44.275,44.275,44.2454,180.717982,44.2702
EFAX,53.4438,53.14,53.4438,53.14,11001.328073,53.3109
MINE,3.02,3.06,3.1299,2.98,22495.369,3.0164
ELUT,1.05,1.0709,1.0709,1.04,48210.81,1.0539
AVSD,79.61,79.16,79.61,79.16,5692.2347,79.5362
BLUX,31.0494,30.86,31.11,30.86,20935.992596,31.0158
SAT,25.1484,25.13,25.1484,25.1001,1932.0,25.1396
CEPS,10.17,10.14,10.17,10.14,5960.0,10.1593
ATIIU,12.9111,12.32,13.0,12.32,1012.0,12.823
THYF,51.775,51.7099,51.85,51.69,9566.769,51.7628
AGNCP,24.95,24.9751,24.9751,24.94,24537.7784,24.9532
KBUF,29.0004,28.76,29.0999,28.76,796.0,28.9127
EPpC,50.81,50.65,50.81,50.6,2074.101,50.7326
GSIG,47.32,47.29,47.32,47.29,310.61,47.2839
HAUS,18.75,18.71,18.75,18.67,2287.486,18.6908
NLYpG,25.32,25.41,25.41,25.25,18404.2044,25.3212
INVN,20.0228,19.84,20.0228,19.84,3008.3717,19.9107
WTRE,25.3038,25.105,25.335,25.05,1440.7018,25.244
CSBR,6.02,6.247,6.26,6.02,13227.0,6.166
RDAG,10.26,10.27,10.275,10.26,247200.0,10.2687
DRES,29.55,29.59,29.66,29.55,1362.5023,29.5633
NACP,57.7065,57.24,57.7201,57.24,2520.75517,57.6585
BANCpF,25.6,25.6,25.62,25.55,12169.0041,25.5893
SDEM,32.4805,32.6723,32.75,32.4805,4082.0873,32.6075
DDTL,21.72,21.7,21.78,21.69,58888.0,21.7308
GMUB,51.13,51.1203,51.229,51.12,19185.4139,51.1469
EEMX,52.6648,52.1903,52.84,52.1903,4625.904482,52.5838
GTIP,49.515,49.5047,49.56,49.4901,22724.162842,49.5115
PLOO,13.1358,13.39,13.39,13.1358,1228.0,13.3338
RWTO,25.15,25.07,25.2012,25.07,2156.0,25.1556
SCNM,24.91,24.97,24.97,24.83,36499.3034,24.9444
BSJX,25.195,25.16,25.33,25.16,7388.253,25.2097
PDEX,57.44,57.18,57.98,56.21,18161.749274,57.1028
USDX,25.74,25.7601,25.78,25.73,19869.3774,25.7508
ALCYW,0.091,0.118,0.118,0.091,13272.0,0.1034
PEPS,31.475,31.17,31.475,31.17,789.988569,31.1952
QBSF,26.785,26.81,26.81,26.785,2106.0,26.7874
TMNL,50.0866,50.19,50.19,50.0866,1000.271,50.134
STRRP,10.14,10.08,10.14,10.08,3711.1589,10.1353
AMUB,22.7023,22.6,22.7023,22.58,565.893363,22.5917
MFICL,25.425,25.4,25.44,25.39,8671.0,25.4042
AVEE,71.4772,71.27,71.5597,71.27,1309.9605,71.4242
DTD,91.472,91.2313,91.5618,91.11,11162.518754,91.3425
IBIH,26.48,26.49,26.49,26.475,8809.8015,26.48
IBIM,25.46,25.48,25.4999,25.41,5518.707,25.4471
EQLT,39.453,39.25,39.57,39.25,5416.933861,39.4424
SQLV,47.2404,47.14,47.2404,47.02,731.735483,47.1134
DSXpB,27.05,27.05,27.05,27.05,295.0,27.1035
LODI,25.235,25.23,25.3383,25.21,48123.9202,25.2444
NMAR,31.9066,31.89,31.93,31.855,3570.0,31.8916
FRI,31.0,31.0001,31.12,30.875,26790.158391,30.9903
CLPS,0.9999,0.9499,1.03,0.94,125262.555,0.985
IBTR,24.76,24.76,24.765,24.7356,5964.056,24.7539
BAMY,27.71,27.69,27.715,27.69,2758.4577,27.7068
RYLG,23.8129,23.78,23.8129,23.78,1097.467,23.7813
XOEF,28.4291,28.39,28.46,28.35,1489.075266,28.4256
BU,23.9361,23.93,23.9361,23.8,676.6649,23.9967
MATE,30.8406,30.62,30.88,30.61,2177.17613,30.7079
MFEM,29.0837,28.89,29.16,28.89,13441.5869,29.1248
HYDW,46.725,46.69,46.725,46.6501,1126.3764,46.6743
RMOP,25.13,25.17,25.17,25.1,20455.0619,25.1387
NCEL,3.2399,3.2,3.32,3.16,8681.0,3.2204
SIGIP,16.725,16.725,16.725,16.725,1048.0,16.7142
EMBD,23.715,23.735,23.7395,23.66,10110.926437,23.7128
THIR,33.75,33.5,33.85,33.4932,41895.63,33.7135
PHEQ,34.145,34.0623,34.18,34.0623,21661.2028,34.1398
IQM,114.4868,112.49,114.4868,112.49,1623.699003,113.6648
GKAT,43.425,43.28,43.45,43.28,3675.068,43.4105
MODD,3.3,3.68,3.95,3.28,18743.0001,3.4634
EVMT,19.505,19.67,19.6789,19.4501,3968.1946,19.5818
IBII,26.2,26.22,26.22,26.195,2128.2408,26.2021
GPRF,50.285,50.43,50.43,50.285,278.1756,50.3352
TCBS,16.82,16.65,16.93,16.65,2988.7902,16.7528
ASBPW,0.0191,0.0181,0.019449,0.0181,3342.0,0.01908
BRNY,55.5555,55.21,55.77,55.21,38136.870555,55.6803
ORIS,1.6812,1.568,1.6988,1.4948,50197.426573,1.7012
SFYF,62.87,62.14,63.18,62.14,3298.711614,62.8465
IIGD,24.5637,24.56,24.5711,24.555,38362.4816,24.5631
IYLD,22.2202,22.205,22.23,22.196,4603.883556,22.2176
EINC,119.8792,119.67,119.8792,118.797,2361.760393,119.2176
TSLO,19.3052,19.15,19.3052,19.15,1016.0,19.1519
IMTE,0.545,0.533,0.5899,0.516,209269.877906,0.5499
SIMS,45.7917,45.58,45.7917,45.58,238.6981,45.7027
FMACU,10.04,10.04,10.05,10.035,18549.0,10.0399
ICRpA,21.55,21.55,21.55,21.55,186.4505,21.5684
QVML,43.8213,43.48,43.8213,43.48,1559.485503,43.6189
APUE,45.4,45.085,45.44,45.085,78630.579,45.2498
NHIVU,10.1079,10.06,10.11,10.06,2284.0,10.0903
CAIIU,9.97,9.97,9.97,9.97,200.0,9.97
SAC,10.1,10.0501,10.1,10.0501,11700.0,10.0569
HBDC,24.7,24.72,24.8,24.675,4417.3947,24.6828
ACIO,46.37,46.0401,46.4399,46.0401,64462.2326,46.329
VALG,23.3846,24.12,24.12,23.3846,336.0,24.0549
CHCI,17.02,17.17,17.44,16.9,2331.344541,17.1077
MYCI,24.7752,24.77,24.79,24.75,3421.0,24.7597
ZSB,24.77,24.81,24.9,24.77,1518.6331,24.8293
SHEH,60.9375,61.13,61.13,60.9375,221.9426,61.0587
DRSK,29.34,29.1764,29.39,29.1764,58131.5399,29.3223
CPBI,17.53,17.57,17.57,17.53,776.0,17.5656
XRPNW,0.965,0.95,0.999,0.9101,60942.0,0.944
BRKRP,340.625,347.315,347.315,340.59,586443.36942,345.7915
VAIE,25.1165,25.02,25.2,25.02,7626.5408,25.1064
WDIG,56.2101,55.805,56.805,55.52,3336.644,56.3686
OVM,21.725,21.735,21.77,21.69,27425.9925,21.7103
ANNAW,0.38,0.37,0.401899,0.37,45624.0,0.3872
VAMO,34.8794,34.98,35.0,34.82,2084.7659,34.9055
CDIOW,0.013538,0.0144,0.0144,0.0115,34618.0,0.01237
STXV,36.6372,36.675,36.675,36.6102,1395.9541,36.6262
EDGH,35.83,35.86,35.92,35.83,17391.081085,35.8958
XLCI,24.8949,24.71,24.92,24.71,3041.378975,24.854
WBIY,33.4671,33.57,33.57,33.3,1792.555587,33.4642
GINX,34.2509,34.25,34.3162,34.2201,8384.9772,34.2772
KBON,10.08,10.085,10.085,10.08,9111.0,10.0809
EDGF,24.798,24.7998,24.8,24.78,70633.0,24.7988
REGCP,23.425,23.53,23.555,23.425,17548.0,23.5333
AOTS,22.9737,22.87,22.9737,22.85,728.436,22.8864
ADAMH,25.67,25.71,25.72,25.61,8054.237,25.6537
EDGU,30.9016,30.74,30.95,30.7399,25022.2183,30.908
FUND,10.26,10.19,10.43,10.19,23750.413564,10.3251
RYOJ,1.8377,1.89,1.9,1.8377,3237.0,1.8853
GIND,23.475,23.37,23.475,23.37,1400.0,23.366
RCON,0.69,0.75,0.75,0.66,76266.0,0.7073
HTT,2.13,2.198,2.198,2.12,75233.701312,2.1483
SPBX,28.8,28.7893,28.84,28.7571,10470.0,28.7952
GRAN,0.9639,0.91,0.9639,0.91,1544.0,0.9236
MFApB,20.744,20.8,20.8359,20.71,18365.2611,20.7946
CRAQ,10.23,10.23,10.23,10.23,5004.0,10.23
COII,10.191,10.11,10.225,10.04,4616.937399,10.2162
PSNYW,3.01,3.48,3.51,3.0,6809.933333,3.1688
FID,22.01,21.93,22.05,21.9267,22515.34713,21.9928
IROC,50.825,50.8,50.87,50.8,7567.8557,50.8163
QDF,87.2,86.6501,87.26,86.6501,25963.53896,87.0119
GVLE,44.4865,44.375,44.5501,44.375,1055.0,44.4529
ZHOG,51.42,51.41,51.42,51.39,912.8389,51.399
EMXF,56.1985,55.7854,56.25,55.7854,2096.457065,56.1565
PCEB,24.8954,24.96,25.0,24.8954,970.0045,24.9684
ACVF,52.5875,52.37,52.63,52.37,6193.3835,52.4277
IAPR,32.8598,32.83,32.9,32.8099,5349.0,32.8231
PBMY,30.94,30.88,30.95,30.88,32074.7712,30.9175
GOLS,25.54,25.35,25.54,25.315,1035.560297,25.3672
MMLG,36.0655,35.76,36.15,35.74,5112.0,35.936
AAAA,30.1496,29.99,30.1496,29.99,107.3257,29.9935
JETU,26.7829,26.67,26.82,26.45,798.4528,26.6872
RB,46.2593,46.32,46.32,46.2593,110.0,46.315
KNGZ,39.0024,38.93,39.01,38.93,6095.5418,38.9698
TVGNW,0.0402,0.0315,0.0402,0.0315,203856.0,0.03527
QVMT,65.3939,65.1117,65.505,65.1,1759.783284,65.2923
CPSM,29.17,29.17,29.17,29.1201,3187.55851,29.1444
AGEM,48.4908,48.12,48.5914,48.12,6575.1027,48.3675
TYA,12.79,12.77,12.79,12.74,9740.3406,12.7638
QQXT,96.5963,96.68,96.74,96.27,2311.2167,96.5339
IFEB,30.9634,30.89,30.99,30.89,25824.0,30.9344
TULP,3.92,4.0,4.0,3.92,3416.551191,3.9679
BAMG,42.42,42.1,42.53,42.1,6545.8693,42.4845
FAB,95.8331,96.249,96.249,95.595,2508.2399,95.7994
GIGL,50.3,50.28,50.3,50.215,10723.929527,50.2556
ANTA,8.65,9.2,9.2,8.21,6057.081081,8.6488
GBND,50.3853,50.37,50.5,50.2,31488.397,50.3494
SPBU,30.13,29.93,30.16,29.87,22041.444,30.0612
METCI,25.3,25.3,25.31,25.27,5661.978,25.3002
ADAMZ,18.49,18.65,18.65,18.48,5569.865,18.5578
NEWTP,24.4526,24.43,24.4526,24.43,1190.7694,24.4712
LPCVW,0.33,0.304,0.365,0.268,4657.694443,0.319
XHS,113.9845,113.58,113.9845,113.45,1413.5,113.5943
SDD,9.78,9.78,9.82,9.78,770.1363,9.8059
GABpG,20.13,20.3,20.33,20.01,7293.0,20.19
TOS,29.5902,29.17,29.5902,29.17,560.0,29.4531
AHTpH,5.4899,5.855,5.855,5.0866,3074.4886,5.5186
NEPH,3.55,3.015,3.63,2.95,114974.28627,3.3417
AHTpG,4.9902,4.66,5.3,4.47,26596.792,4.9159
PRTO,27.7575,27.6,27.7575,27.6,606.0,27.634
RGLO,32.355,32.05,32.585,32.05,41956.042,32.266
MIGO,28.1674,27.86,28.1674,27.86,100.0,27.86
APOpA,67.44,67.02,67.76,67.02,26633.0,67.5818
RIFR,28.305,28.25,28.33,28.13,9197.156,28.2693
RUSC,36.06,35.84,36.095,35.75,5196.178965,35.888
YNOT,33.0521,32.68,33.1301,32.68,10917.0,33.025
DHDG,36.0589,35.9505,36.06,35.9505,7380.055216,36.0274
ACCS,6.93,7.9,7.91,6.93,24531.0556,7.3108
WBIG,24.1998,24.11,24.1998,23.97,1265.9992,24.0307
BKF,42.5275,42.59,42.6,42.4701,2166.701226,42.534
XTWY,36.5616,36.605,36.64,36.51,17972.6485,36.5527
TAXX,50.6158,50.59,50.65,50.58,14967.7143,50.6234
GCTS.WS,0.2865,0.28,0.33,0.2789,87265.55694,0.2841
QTAC,24.52,24.21,24.6,24.21,40632.849,24.4747
OABIW,0.09,0.07,0.09,0.07,13549.0,0.08877
EMTY,25.101,24.94,25.28,24.92,6436.04995,25.1698
TACOU,10.64,10.64,10.65,10.54,30812.0,10.6315
RDTY,38.24,38.035,38.44,38.035,4995.318569,38.2269
LRND,44.4626,43.94,44.55,43.94,708529.7123,44.5499
CLCV,28.601,28.58,28.601,28.5799,238.6417,28.584
CBOJ,24.0836,24.1,24.12,24.0836,1412.5797,24.1008
DCMT,35.875,36.2199,36.2199,35.845,3182.1754,36.0382
XDEC,42.4102,42.355,42.49,42.3317,3309.5,42.3769
SPMA,25.15,25.1262,25.27,25.125,13768.0,25.2058
FMAR,51.7234,51.6,51.76,51.6,10555.0,51.6895
UPAL,36.3825,36.19,36.3825,36.19,116.741778,36.2476
DGICB,17.59,17.59,17.59,17.59,1258.9014,18.1014
PCTTW,2.57,2.49,2.57,2.34,12889.0,2.4862
NAMMW,0.1777,0.1648,0.1895,0.1631,10348.0,0.1695
FFEB,60.359,60.1874,60.43,60.1874,15313.0,60.346
DFII,14.9947,15.03,15.03,14.865,4427.3815,15.0103
VIASP,25.39,25.3944,25.45,25.31,2822.0,25.3922
DTW,21.745,21.79,21.82,21.73,14428.362,21.7718
AVMC,77.26,77.255,77.425,77.02,21704.6956,77.3159
XDEF,21.2122,21.01,21.26,21.01,3042.791,21.1276
TOGA,28.4116,28.355,28.4116,28.26,1980.0,28.3208
GMOD,27.2303,27.18,27.24,27.18,3422.4213,27.2119
DMAR,44.3732,44.3,44.418,44.3,19019.0,44.3683
RWTpA,25.26,25.26,25.37,25.26,6946.5327,25.3355
PQJA,31.305,31.27,31.305,31.27,814.0,31.2717
QCLR,28.625,28.58,28.625,28.57,3157.9733,28.5795
DEXC,78.2,77.855,78.4611,77.855,50482.355997,78.2622
DDSQ,20.82,20.87,20.88,20.82,10165.0,20.8615
JANP,34.35,34.29,34.3884,34.265,2381.0,34.3337
CLCG,28.8038,28.589,28.88,28.589,875.0,28.7811
SPHL,2.675,2.6,2.675,2.6,5410.577,2.6188
SAGP,34.8697,34.745,34.88,34.6533,3784.2043,34.7775
BITY,33.9043,33.97,33.97,33.64,2643.9858,33.8514
CEFA,39.5044,39.33,39.61,39.3,3574.291632,39.4839
SCII,10.0,9.99,10.0,9.99,16404.0,9.9978
EJUL,30.9804,30.97,31.02,30.93,4911.0,30.9463
SQLT,27.2011,27.23,27.23,27.2011,421.0,27.2213
THLV,32.4152,32.35,32.46,32.3499,34932.8655,32.4017
KOCT,36.2,36.17,36.24,36.14,8226.0,36.1985
NAPR,58.8048,58.715,58.84,58.715,2892.084924,58.7659
GRI,2.26,2.24,2.27,2.23,9014.071428,2.2457
PMTpB,22.97,22.99,23.0,22.895,2344.1922,22.9598
MMLP,2.67,2.545,2.6899,2.5129,31816.7172,2.628
EFAD,42.3084,42.175,42.3084,42.175,824.1386,42.2392
EJAN,35.9637,35.9499,35.9637,35.89,10767.0774,35.9066
NOCT,61.7098,61.6,61.799,61.6,3795.8068,61.6856
HCMT,40.13,39.615,40.28,39.615,16854.6912,40.0969
FCA,34.6,34.08,34.6,34.08,51340.610124,34.3333
STRR,9.51,9.5,9.6,9.5,1182.89,9.5765
TCV,30.5141,30.1,30.5949,30.1,5557.0,30.3902
TSNF,30.89,30.44,30.9,30.44,3567.96745,30.7036
OASC,33.5768,33.47,33.669,33.47,21783.148566,33.5783
EDOG,24.4873,24.53,24.53,24.4873,316.2391,24.5888
CPSR,25.745,25.7,25.745,25.7,309.0,25.7204
HFEQ,23.2709,23.01,23.5999,23.01,1959.5655,23.4392
CARD,2.895,2.97,2.98,2.84,5391.0,2.9137
IJAN,37.6296,37.58,37.63,37.51,22527.525,37.5869
EWUS,41.9084,41.57,41.9084,41.57,3419.573513,41.7379
IOCT,36.4531,36.449,36.5,36.39,23985.0,36.4074
UMAY,37.765,37.67,37.7999,37.66,56313.0,37.7219
PSCU,63.4725,62.78,63.4725,62.78,233.368498,63.1052
CPSL,27.8121,27.805,27.8299,27.765,13777.057,27.8139
NSI,38.725,38.52,38.91,38.52,519.0,38.6119
FSCS,35.4494,35.57,35.57,35.218,1477.6612,35.4268
CSIO,28.4502,28.53,28.53,28.42,997.7332,28.4629
BREE,26.515,26.4,26.64,26.4,9127.290782,26.5748
SAWG,23.7834,23.55,23.7834,23.55,10203.0,23.5549
AVSE,79.1558,78.725,79.24,78.63,3597.35516,78.8705
GSEE,68.73,68.64,69.06,68.6,3795.955,68.8413
ESSC,29.37,29.27,29.43,29.27,2323.5597,29.3617
NMFCZ,25.1801,25.23,25.25,25.18,13887.0,25.2039
SVIV,10.05,10.05,10.0681,10.034,23951.0,10.0494
MAYU,34.0172,33.86,34.06,33.825,17945.7446,33.9746
WUGI,84.2187,83.25,84.82,83.25,1776.8913,84.0569
BWEB,76.3465,75.187319,76.8401,75.187319,1223.181,76.0319
KVLE,27.2561,27.18,27.2561,27.18,1681.762,27.1937
GSGO,43.3704,42.94,43.47,42.94,9423.0,43.2743
GTR,26.917,26.815,26.94,26.81,6436.0,26.8746
LIXT,5.0,5.09,5.16,4.85,40999.1761,5.0435
BVAL,30.36,30.27,30.4,30.26,7927.3178,30.33
BYRE,27.2848,27.18,27.37,27.12,1947.8449,27.2424
SCEP,24.9799,24.83,25.02,24.83,27148.2751,24.9541
SOFR,100.26,100.25,100.28,100.24,2842.672235,100.2591
ATMP,35.31,35.19,35.31,34.93,8562.1102,35.0634
JOJO,15.5999,15.59,15.6,15.58,40217.4716,15.5977
SIXH,41.7222,41.99,42.0,41.7222,6550.4815,41.7952
CPRY,27.7111,27.651,27.7111,27.65,594.0,27.6598
EASY,26.3147,26.26,26.33,26.2,17413.4533,26.2675
BCUS,35.05,34.91,35.12,34.91,4737.7936,35.038
KMID,24.395,24.53,24.54,24.34,11085.5189,24.369
BBLG,1.2995,1.341,1.341,1.2995,3060.037341,1.3111
STSSW,0.034,0.0344,0.04155,0.0338,3942.0,0.03717
INDS,39.7117,39.9154,39.92,39.61,5259.202732,39.8309
BUSEP,26.0,26.0,26.0,25.95,3574.1659,25.9858
SSUS,54.1976,53.795,54.3398,53.785,15220.4895,54.1591
MID,63.9273,63.83,64.05,63.83,3592.8006,63.8902
AFGD,20.43,20.44,20.52,20.43,10288.0,20.4867
IBIC,26.085,26.085,26.11,26.0601,5065.954411,26.0938
RWAYL,25.5,25.47,25.5,25.47,1106.08,25.4797
ESLA,1.2,1.2694,1.27,1.1301,24569.209,1.2346
INBKZ,25.2,25.035,25.2,25.035,4710.0,25.0664
ACGR,69.3693,68.86,69.3693,68.86,1589.7741,69.1153
XOSWW,0.0026,0.0027,0.0027,0.0023,3716.0,0.002687
AZI,1.23,1.26,1.27,1.23,11156.393718,1.2516
SMXWW,0.0492,0.05,0.05,0.042,5317.0,0.0453
RDHL,0.99,0.994951,1.04,0.9606,55760.649032,1.0186
SATO,19.3143,19.02,19.45,19.02,10621.6872,19.0861
BETE,37.3935,37.5,37.535,37.3935,1246.026612,37.4368
SIZE,171.02,170.92,171.295,170.69,1986.524193,171.0184
CLLS,3.98,3.96,4.07,3.9208,29330.142012,4.0256
OCIO,37.09,37.03,37.17,36.87,12159.864426,36.9538
AINT,29.2716,28.96,29.36,28.96,588.034,29.1613
EGUS,57.439,56.91,57.555,56.91,2854.718809,57.3518
CBXO,22.2351,22.21,22.236,22.2,1981.0,22.2255
APXM,31.59,31.555,31.6386,31.54,15573.220172,31.5813
NXUS,24.78,24.75,24.78,24.75,516.037,24.7552
JAPN,23.0693,23.05,23.1,23.018,20023.7133,23.0557
HVII,10.41,10.4199,10.4199,10.41,3490.0,10.4104
OPFI.WS,0.1201,0.1551,0.16,0.1201,17510.0,0.1431
GWAV,3.75,3.805,3.89,3.72,19159.192148,3.7803
JANT,43.52,43.37,43.535,43.37,628.0,43.4315
SIXZ,31.1798,31.11,31.21,31.09,89482.0,31.1426
SAMM,32.1533,31.92,32.23,31.92,4617.3138,32.1189
MEM,44.6469,44.43,44.85,44.43,1089.3682,44.6926
BCDF,32.88,32.605,32.88,32.605,1122.9665,32.6641
BENJ,52.53,52.53,52.54,52.52,11774.98096,52.5353
FTIF,28.245,28.3,28.31,28.14,2298.3266,28.2116
PBOT,29.2792,28.7508,29.2792,28.7508,425.3895,28.8207
RWLC,36.55,36.19,36.61,36.19,36012.032,36.3918
INNpE,18.22,18.34,18.41,18.09,10848.4814,18.2977
PCLG,22.1,22.06,22.1,22.055,1765.39793,22.0637
SAGU.U,10.005,10.005,10.01,10.005,34541.0,10.009
CDIG,25.4598,25.35,25.52,25.33,7274.472151,25.4059
CPLB,20.94,20.91,20.94,20.905,693240.29,20.9299
DRUP,59.7098,59.125,59.7098,59.1,1594.3014,59.3986
KRYP,22.7651,22.6501,22.85,22.44,1592.2226,22.7459
LSEQ,35.7303,35.68,35.84,35.525,2127.5965,35.7437
SWKHL,25.4,25.43,25.4402,25.3882,33508.039,25.396
DDNQ,20.53,20.58,20.59,20.53,4580.0,20.5446
PQUS,27.3492,27.19,27.38,27.18,1792.735,27.3267
AGMpD,20.6001,20.45,20.62,20.41,14611.2561,20.5207
BAVA,26.1125,26.31,26.31,26.1125,476.0,26.2985
NUDM,38.76,38.52,38.7887,38.49,27112.252413,38.676
UJB,78.334,78.16,78.334,78.16,66557.912574,78.16
SIXA,55.11,55.06,55.11,54.93,3108.4643,54.9987
NHYB,24.72,24.69,24.735,24.67,4510.0,24.6734
IDMY,24.8405,24.69,24.8405,24.69,1006.0,24.7618
CLIM,26.0113,26.0,26.0113,25.97,300.0,25.99
SPCT,27.3203,27.27,27.34,27.27,27385.4754,27.3093
PUI,46.625,46.46,46.76,46.395,2501.19161,46.6059
HWH,1.04,1.0602,1.061,1.04,343643.268,1.2289
KOOL,14.6673,14.51,14.6673,14.51,6830.418,14.5773
SPYQ,185.0334,182.83,185.0334,182.83,305.2706,183.705
HQWWW,3.15,3.1,3.29,3.1,65367.0,3.1328
OSEA,30.38,30.13,30.399,30.08,46281.87611,30.2595
NUAG,20.935,20.93,20.935,20.91,9604.808573,20.9294
HISF,44.465,44.448,44.465,44.448,765.2227,44.4458
LIVE,13.75,13.3754,14.0,13.3754,2990.224489,13.7242
SCAP,37.8143,37.82,37.97,37.7999,8361.3266,37.8286
BHV,11.375,11.35,11.41,11.35,3041.7366,11.3809
GNLpA,22.9001,23.07,23.07,22.86,9878.0055,22.9202
MSSS,33.3723,33.2114,33.4292,33.2114,8883.3914,33.3567
IDVZ,35.1325,34.965,35.18,34.965,28483.5857,35.0741
PCHI,24.66,24.57,24.7,24.51,35451.824,24.6852
BHAVU,10.105,10.05,10.105,10.05,4915.637338,10.097
INFO,26.8257,26.6501,26.86,26.6501,7824.847893,26.8502
MPRO,32.4044,32.32,32.42,32.29,12882.0,32.3749
PTORW,0.3,0.3,0.3,0.295,5859.0,0.2991
DYAI,0.7105,0.7348,0.7495,0.7101,124868.0,0.7197
IBMQ,25.48,25.486,25.49,25.48,46853.905,25.4875
IBMO,25.62,25.625,25.64,25.61,38882.470157,25.6192
BDVG,13.6432,13.605,13.6432,13.605,523.422985,13.6177
GSC,60.6645,60.51,60.73,60.51,4866.3188,60.5514
MMSD,25.3,25.31,25.31,25.3,7934.0,25.31
ROPE,28.8141,28.82,28.82,28.8141,180.0,28.7922
CPLS,35.105,35.07,35.1194,35.07,3022.820082,35.0903
SCEpL,17.8899,17.79,17.895,17.79,10228.743,17.8759
ADFI,8.47,8.47,8.48,8.46,19641.9895,8.4733
IBMR,25.305,25.295,25.31,25.2902,34863.9164,25.301
HIHO,0.79735,0.785716,0.8325,0.78,24337.176,0.7977
USNZ,46.858,46.47,46.858,46.47,126007.4866,46.47
DECM,33.545,33.49,33.545,33.49,400.0,33.4925
BCIL,30.2164,29.995,30.2164,29.995,873.099278,30.1006
JUSA,66.9,66.45,66.99,66.45,19856.9088,66.8288
ETNG,14.1536,13.87,14.27,13.87,6813.351,14.1227
MBNKO,25.56,25.45,25.65,25.45,1043.9778,25.5675
XISE,30.4,30.37,30.4,30.37,1293.5247,30.383
DDFO,22.315,22.31,22.34,22.27,16536.871,22.2973
AXIAp,12.11,12.5,12.585,12.035,17700.321,12.2131
AVMA,72.2269,72.0,72.29,72.0,2025.066182,72.1403
KRAQU,10.06,10.06,10.06,10.05,4466.0,10.0594
CAMX,33.8428,33.78,33.8428,33.71,2828.7397,33.7819
BCHI,39.4852,39.06,39.4852,39.06,173.326455,39.1535
DVND,37.6241,37.515,37.6241,37.515,848.6928,37.5156
DYTA,30.94,30.7901,31.0,30.7901,8151.3821,30.958
XBJA,33.4,33.31,33.4,33.31,383.0,33.3572
RVNU,24.86,24.84,24.9,24.82,14899.2828,24.8423
FOCT,51.6523,51.525,51.73,51.525,17088.0,51.6297
EQTY,27.181,27.18,27.19,27.115,11709.0741,27.146
RFDI,86.8453,86.44,86.86,86.44,2249.0,86.6429
KTTA,0.785,0.76,0.7929,0.75,33119.513255,0.7752
HUBCZ,0.0109,0.0067,0.0161,0.0067,19502.0,0.01067
RIGS,22.7891,22.88,22.8899,22.7891,2045.0759,22.822
HURC,16.48,16.95,17.39,16.2724,50254.0318,16.8212
DDTO,22.6555,22.64,22.6555,22.64,3369.0,22.6414
ONEZ,27.48,27.4,27.63,27.3601,39936.2498,27.5006
LCF,44.21,43.95,44.38,43.905,5118.1355,44.1815
SCOR,7.01,7.19,7.25,7.01,6398.2158,7.1581
DDTS,22.295,22.28,22.304,22.25,8881.0,22.2848
RFCI,22.295,22.2999,22.2999,22.295,202.2071,22.3033
YLDW,25.51,25.3799,25.52,25.37,38672.0,25.4369
DDTN,20.19,20.15,20.19,20.14,4261.0,20.1557
RFDA,68.6444,68.415,68.66,68.35,1893.889,68.3934
BKCG,38.1975,37.88,38.1975,37.88,512.2459,37.8746
KBDU,35.6209,35.885,36.28,35.1,2437.066,35.8066
CCIXW,0.4,0.36,0.412497,0.337899,6885.0,0.3591
SYZ,29.02,29.03,29.08,28.91,7861.997,28.9871
TUSB,50.4161,50.44,50.45,50.4,11239.0,50.4297
BREW,25.799,26.06,26.06,25.799,251.0,26.0476
FUSB,15.9,15.9,16.0,15.8001,2526.5638,15.8927
AAUA,56.2085,55.75,56.2085,55.75,2334.86,56.1518
AFJKR,0.31,0.32,0.32,0.31,200.0,0.315
DIVZ,37.84,37.7,37.86,37.6,25019.9479,37.7184
UJAN,44.99,44.88,44.99,44.88,3565.0,44.9242
XJUL,40.35,40.34,40.35,40.3,3171.0,40.3126
INTJ,10.15,10.21,10.21,9.6275,1862.0,9.9587
FEBU,29.58,29.43,29.645,29.43,861.0,29.5508
OEI,25.7747,25.8,25.84,25.71,14428.9839,25.8053
INKM,34.4218,34.41,34.45,34.38,2932.2116,34.4281
MUZEW,0.3,0.3,0.3,0.29,14150.0,0.2986
PBAU,31.055,31.04,31.07,31.04,1102.0,31.0637
AFRIW,0.75,0.61,0.7725,0.54,27936.0,0.6497
APRJ,24.9852,25.02,25.02,24.9401,5482.6433,24.9548
FACTW,0.65,0.6999,0.6999,0.6201,14183.333333,0.6833
GLOPpA,25.65,25.9878,25.9878,25.65,3822.812,25.6889
FNOV,57.73,57.59,57.77,57.59,12642.8,57.7044
SOJC,21.79,21.75,21.79,21.74,16639.76,21.768
BDCX,20.1333,20.17,20.17,20.1333,1825.2668,20.1675
JANU,30.0,29.855,30.04,29.855,22299.699,29.9579
BESO,25.69,25.96,25.96,25.4818,3197.154578,25.7301
XJUN,44.125,44.18,44.18,44.11,1167.0,44.1473
JELM,25.175,25.23,25.23,25.175,133.152,25.2191
SPBC,48.1965,47.9,48.1965,47.8415,2315.222763,47.9514
IND,22.1484,22.06,22.23,22.06,338.81,22.1494
FDAT,22.118,22.07,22.118,22.07,104.0,22.07
ZBAI,8.3,8.0,8.35,8.0,6928.0,8.0349
FLDB,50.36,50.35,50.4,50.3101,3128.8376,50.3442
TOIIW,0.04,0.0425,0.057,0.04,3319.0,0.04698
FEBW,35.265,35.1969,35.29,35.1969,8949.6916,35.2396
XAUG,38.69,38.675,38.69,38.675,310.0397,38.6754
XSEP,43.935,43.875,43.935,43.871,1594.0,43.8893
SPCL,32.64,31.37,32.64,31.37,779.5,32.224
DUKQ,30.3719,30.25,30.3719,30.24,1089.2595,30.2579
BESS.WS,0.96,0.75,0.96,0.75,314980.0,0.9175
SPKL,11.895,11.98,11.98,11.65,32923.0,11.8698
GNLpB,21.725,21.615,21.725,21.615,810.128,21.7082
DUKX,28.3834,28.34,28.3834,28.34,205.7812,28.3392
NMB,24.63,24.62,24.63,24.575,772.8408,24.5935
RVER,31.6074,31.13,31.71,31.13,4041.2828,31.5083
GDVpK,17.96,17.99,18.04,17.85,11680.2362,17.9223
PWS,32.2287,32.13,32.2287,32.13,1387.023,32.1657
FIXP,19.875,19.88,19.88,19.86,723.415,19.8628
TLG,27.382,27.27,27.405,27.27,4126.397,27.3696
GGTL,37.3686,37.32,37.46,37.32,406.089,37.425
CIMO,25.26,25.21,25.29,25.183,4952.0,25.2281
ALIL,30.5689,30.33,30.5689,30.33,821.038493,30.4019
MOBBW,2.1,2.06,2.11,2.0499,3057.0,2.0697
MBND,27.17,27.18,27.18,27.17,7451.3202,27.1763
USEW,53.7008,53.55,53.7008,53.55,934.215,53.6132
CINGW,0.018,0.0217,0.0217,0.0161,81718.0,0.02052
MOLN,4.0,3.93,4.0336,3.93,4261.0,3.9784
EPAI,28.2481,27.92,28.31,27.92,742.8793,28.2556
KLMN,30.385,30.22,30.385,30.22,107.800214,30.2296
MGYR,17.46,17.67,17.67,17.46,1085.0,17.5975
PRAY,35.45,35.33,35.76,35.29,4305.296233,35.3811
ZJAN,27.88,27.85,27.88,27.85,6298.0,27.8506
BELT,39.9161,39.57,40.09,39.57,7780.75,39.9965
MLPR,73.4878,73.34,73.4878,72.56,805.6308,72.9261
SSACW,0.07,0.08,0.08,0.07,54100.0,0.07998
BAMU,25.31,25.301,25.32,25.3,3693.3536,25.3133
DECW,35.3077,35.275,35.34,35.25,9451.3461,35.2982
BSTP,38.945,38.81,38.9855,38.81,2203.0,38.9163
SEPZ,45.2316,44.93,45.2999,44.9178,5295.8553,45.1359
ZNOV,27.305,27.28,27.329,27.251,5155.0,27.2822
PVEX,30.6366,30.49,30.69,30.46,2877.0,30.5457
DUBS,41.45,41.1212,41.4899,41.1212,11753.9258,41.4158
KNOV,30.7244,30.64,30.75,30.64,87512.0,30.7472
DDFS,21.825,21.83,21.83,21.79,4769.0,21.807
UNOV,39.7735,39.7,39.79,39.7,3815.0,39.7665
MKTN,25.52,25.49,25.53,25.41,5906.4265,25.51
DVXE,38.0682,37.86,38.0682,37.65,400.0,37.7129
NSApA,23.03,23.075,23.14,23.03,6472.4394,23.0744
SCMC,25.04,25.03,25.06,25.02,20867.0,25.045
APOC,26.14,26.135,26.18,26.09,4861.973,26.1508
IDUB,27.4511,27.3113,27.49,27.3113,15841.3563,27.4518
PBDE,30.6498,30.61,30.6799,30.61,2651.0,30.6583
DECT,38.8154,38.73,38.86,38.7,16123.0,38.7887
NGHT,26.7162,26.79,26.815,26.53,3108.806,26.7038
XUSP,52.48,52.09,52.61,52.02,5599.156,52.4754
MDPL,25.57,25.6919,25.6919,25.46,7122.078,25.5351
PAYM,25.565,25.505,25.79,25.27,24941.7068,25.6088
BHDG,22.98,22.94,23.0,22.94,777.0,22.9769
SPBW,28.4602,28.47,28.5299,28.43,75013.0,28.4706
JELH,25.29,25.27,25.349,25.25,6685.951,25.288
MYMK,24.975,24.955,25.04,24.955,4427.0,24.9927
BSMU,21.91,21.92,21.92,21.89,39997.0946,21.8996
FEBT,40.65,40.56,40.6907,40.53,19431.0,40.5785
FLJJ,33.35,33.28,33.35,33.28,11983.0,33.2815
QMNV,24.815,24.79,24.8599,24.79,4573.0,24.8025
MYMJ,24.755,24.765,24.78,24.755,3344.0,24.7766
PSTP,36.4699,36.35,36.4999,36.35,5203.0,36.4236
AESR,19.7831,19.66,19.83,19.66,16215.9701,19.779
PAYH,25.46,25.468,25.7999,25.41,3306.6261,25.5931
MBINM,25.6,25.555,25.64,25.49,6864.0,25.5556
SEPT,36.9991,36.94,37.05,36.94,12250.0904,36.9918
TRUD,26.8313,26.64,26.93,26.64,35996.906812,26.8499
MYMI,24.62,24.625,24.64,24.62,2844.0,24.6351
ACSG,46.2034,45.96,46.2034,45.9599,6979.0,46.1573
RWTQ,25.26,25.55,25.55,25.18,11057.0,25.3114
IBMX,25.005,25.05,25.0999,25.005,1399.204,25.0599
BFEB,52.0516,51.92,52.09,51.92,16644.0,52.0621
FGII,9.94,9.895,9.94,9.895,28700.0,9.9
EMIF,28.09,28.31,28.34,28.01,10145.0048,28.2101
SAZ,25.635,25.62,25.695,25.61,3581.0,25.6482
KRSP,10.39,10.4,10.4,10.39,3504.0,10.3906
DDTD,20.11,20.09,20.11,20.09,262.0,20.0912
TAXI,51.12,51.12,51.12,51.1,6089.0,51.1146
JXX,31.2063,30.9,31.325,30.9,1353.092548,31.1818
XRNpB,24.5,24.6,24.6,24.5,943.19,24.5189
CICC,24.99,25.01,25.13,24.8,16951.0,24.8918
XCHG,26.5996,26.44,26.63,26.44,9544.0,26.6104
QARP,65.06,64.73,65.09,64.73,1044.8194,64.997
EDHL,2.67,2.3,2.9001,2.3,98882.983673,2.6801
ZAPR,26.54,26.52,26.57,26.52,4577.0,26.5475
CPAG,102.1119,102.01,102.1119,102.01,4139.951005,102.0753
AMHpH,24.295,24.15,24.3699,24.15,6450.4286,24.2709
APRT,45.3256,45.29,45.33,45.29,1300.005,45.3104
SANG,4.09,4.0,4.15,4.0,3225.0,4.1273
OEFA,33.1348,32.91,33.1348,32.91,577.5264,33.0137
GUMI,50.28,50.2701,50.29,50.2701,2466.3463,50.2757
GNLpE,23.17,23.11,23.22,23.1012,1954.0,23.1762
CHEC,10.11,10.11,10.11,10.11,14007.0,10.1102
RSPC,37.762,37.755,37.78,37.59,1152.5277,37.7277
IBIL,25.755,25.77,25.77,25.7532,2391.277,25.7578
MTR,4.17,4.2,4.2,4.1401,3230.4867,4.19
SCEpG,18.58,18.675,18.74,18.53,25506.4605,18.5962
ADAMI,25.32,25.345,25.345,25.29,4079.0,25.3178
LWAC,10.1801,10.181,10.181,10.1801,1595.0,10.1808
PZIV,27.5449,27.4,27.5449,27.4,2112.0,27.4942
INOV,36.2733,36.12,36.3,36.12,15561.7971,36.2402
ARLU,31.8182,31.62,31.8182,31.62,1400.0,31.7725
MEVO,9.89,9.89,9.8934,9.89,2998.0,9.8914
UAPR,34.76,34.785,34.83,34.73,7860.0,34.786
RAC.WS,0.6475,0.628,0.675,0.6106,3009.0,0.6477
OIM,9.99,9.9901,9.9901,9.99,1350.093718,9.9902
KRSP.U,10.53,10.49,10.5399,10.49,1808.0,10.5075
FGM,65.8488,65.485,65.8488,65.485,1700.7772,65.5183
JGRW,26.7191,26.52,26.75,26.52,6811.8685,26.6988
FMCE,27.8457,27.84,27.8457,27.84,162.0,27.8403
ATC,24.775,24.84,24.84,24.775,153.89,24.8313
APRH,25.24,25.23,25.24,25.181,3597.0753,25.2188
SLDR,49.805,49.78,49.805,49.78,506.799514,49.7863
AUGZ,45.1665,44.98,45.1665,44.9,2308.0,44.9462
UOCT,40.6763,40.619,40.7229,40.61,3275.0,40.6417
KEYpK,21.3799,21.3,21.39,21.2614,8036.7182,21.3205
CHGX,31.0146,30.95,31.09,30.9099,4339.6718,30.9954
UJUL,40.27,40.3,40.31,40.24,2714.0,40.2704
GSIB,56.0688,56.05,56.18,56.01,9661.717758,56.0455
MITTpC,25.35,25.35,25.4,25.275,3580.7985,25.3665
ZTWO,50.465,50.4303,50.465,50.4303,1013.4107,50.4456
DDFA,20.02,19.99,20.05,19.98,16850.399,20.0073
RFM,14.5199,14.53,14.67,14.5199,10631.4089,14.5737
WTIB,33.6103,34.34,34.34,33.56,781.088911,33.7053
PJFV,92.9979,92.56,93.1,92.475,10520.34488,92.9629
FMCX,36.4218,36.35,36.4218,36.35,325.01,36.3237
CKX,10.45,10.42,10.775,10.4,2876.0,10.5926
ZTRE,50.71,50.67,50.71,50.67,570.019,50.6765
SVACW,1.8,1.7,1.93,1.7,65067.0,1.8177
SAIH,12.0,11.69,12.3,11.2001,4992.0,11.9565
QBKF,25.83,25.8,25.83,25.8,264.0,25.8024
MSR,24.5,24.63,24.63,24.5,143.04,24.6027
NVBT,39.155,39.015,39.155,39.015,1564.0,39.0271
PTBD,19.18,19.155,19.18,19.14,289219.3783,19.1403
RPAR,22.958,22.94,22.96,22.94,4034.957657,22.9437
CBSE,49.7874,49.62,49.99,49.62,3053.705,49.858
KTWOR,0.2,0.2,0.2,0.2,5000.0,0.2
CSNR,37.6822,37.59,37.71,37.5626,3260.032,37.6175
AFGE,16.8,16.92,16.92,16.78,1453.1596,16.8084
BRCE,28.3806,28.31,28.46,28.31,931.307665,28.4081
SABSW,0.0228,0.021,0.025,0.0209,18039.0,0.02131
GQI,58.2851,58.009,58.35,57.99,19612.0696,58.2123
MBINL,24.8,24.75,24.83,24.75,13324.0,24.7835
DUTY,24.9615,24.7,25.0,24.7,1167.73,24.7702
GIXXR,0.29,0.28362,0.29,0.28362,1150.0,0.2825
SSEA,10.17,10.17,10.17,10.17,147.0,10.1825
DANA,25.155,25.13,25.155,25.13,108.0,25.1306
IBACR,0.11,0.11,0.11,0.11,552.0,0.1109
VSLU,46.1967,45.8793,46.3799,45.8793,89780.3193,46.0821
QBIG,42.7577,42.28,42.83,42.28,5966.918514,42.5023
UCC,49.68,49.3,50.195,49.3,4831.75878,49.8691
KPRO,27.7302,27.64,27.7302,27.64,274.5506,27.6805
MYCF,25.02,25.011,25.02,25.0,12376.7518,25.0184
DGAP,30.17,30.18,30.18,30.17,448.0,30.1778
OCTM,33.385,33.365,33.385,33.365,300.0,33.365
TBX,28.405,28.4369,28.45,28.405,27022.760383,28.4213
DECZ,43.055,42.77,43.055,42.77,182.5205,42.8147
RREVU,9.9701,9.9701,9.9701,9.9701,1376.0,9.9719
MLAA,10.0001,10.01,10.0495,9.99,1516.7162,10.0077
GAA,35.2324,35.135,35.24,35.135,4466.989321,35.1967
KCAI,33.2499,33.151,33.28,33.151,776.461517,33.1914
XFLX,22.5621,22.54,22.58,22.54,26957.5365,22.57
ISEP,34.0385,33.995,34.05,33.995,9598.0,34.0156
TOAK,28.745,28.75,28.78,28.74,10505.0,28.75
ICCC,8.36,8.62,8.78,8.36,17977.863342,8.5368
CAML,39.0839,38.93,39.1801,38.9,11707.222,39.0725
GNMX,25.1186,25.04,25.1186,25.04,826.199,25.0812
KYNB,7.0,7.08,7.14,7.0,9527.73749,7.0436
QQMY,25.5839,25.625,25.64,25.5839,1500.0,25.622
GTOH,25.525,25.475,25.54,25.475,5896.9958,25.5165
FAI,50.67,50.26,50.98,50.22,88872.067984,50.5487
EMTL,42.7489,42.755,42.79,42.74,8565.190001,42.7717
CSHRW,1.47,1.5,1.5,1.47,2764.0,1.4698
CCII,10.23,10.23,10.23,10.22,4265.0,10.2253
JHHY,25.6405,25.64,25.66,25.625,2080.784,25.6412
KIDZW,0.0138,0.01341,0.016,0.01341,10766.162508,0.01538
NXTG,145.6432,144.46,146.04,144.46,8489.1232,145.2191
MBSX,26.155,26.77,27.0,26.155,1480.7476,26.7381
NVBU,30.7989,30.61,30.82,30.61,779.0,30.7903
DFSE,49.196,49.14,49.4099,49.0301,23912.1006,49.2289
AGMI,80.3249,79.9,80.33,79.9,2045.5327,80.2184
STLU,17.5138,17.94,17.94,17.5138,540.0,17.785
CHARR,0.1288,0.09,0.1288,0.0808,2080.400769,0.1062
BACC,10.41,10.38,10.42,10.3711,128151.0,10.3818
GGUS,66.75,66.25,66.89,66.25,8861.0247,66.5793
SPEG,10.2147,10.2147,10.2147,10.2147,1516.0,10.2147
ITDI,41.4956,41.32,41.55,41.32,6468.036183,41.4649
QSPT,34.27,34.19,34.27,34.18,5484.0,34.2333
GDHG,1.75,1.6501,1.75,1.6501,978.417867,1.6768
DNOV,50.77,50.69,50.86,50.69,10903.0,50.7553
BMRA,2.25,2.28,2.3437,2.25,6563.558,2.2864
VIDI,40.125,40.165,40.3299,40.07,10367.1959,40.1759
DFVE,34.1504,34.21,34.21,34.1089,1758.75,34.1465
DDFM,19.635,19.62,19.65,19.57,15263.0,19.629
THY,22.0658,22.07,22.09,22.0405,20206.945371,22.0715
ACGCU,10.0,10.0,10.0,10.0,100196.0,10.0
CFND,3.34,3.325,3.37,3.2,39228.598,3.2498
EPRpC,25.94,26.01,26.01,25.94,706.2999,25.9629
VUSE,70.1,69.72,70.185,69.608,2781.0062,69.8869
AWX,2.53,2.53,2.53,2.53,1034.0,2.528
REMC,21.36,21.36,21.36,21.36,365.0,21.36
TVA,10.49,10.505,10.505,10.48,7703.0,10.5083
TMLP,29.0599,29.03,29.0599,28.9,2829.672,28.9148
UPSG,13.7926,13.85,13.85,13.7926,252.0,13.8337
GLDB,25.5026,25.58,25.58,25.4601,2079.80783,25.5133
FLGpA,23.13,23.14,23.15,23.0,29613.2579,23.0725
WLIIU,10.1367,10.1367,10.1367,10.1367,1243.0,10.1367
ITOL,26.57,26.49,26.65,26.49,327.039,26.5411
AXPG,11.381,11.4,11.42,11.3,2372.264,11.3918
JUNT,37.845,37.7901,37.845,37.7901,397.0,37.8128
LDRT,25.12,25.0801,25.13,25.05,14981.5314,25.0857
TEXN,32.7178,32.71,32.7178,32.68,903.2825,32.6672
AFSM,37.41,37.3494,37.47,37.165,10094.3546,37.3626
TAOZ,84.8028,84.21,84.8028,84.21,202.0,84.3037
TPRY,20.7885,20.62,20.88,20.62,1051.764,20.8891
DECU,29.1648,29.0,29.1749,29.0,127999.0,29.0112
WFCF,11.01,12.5,12.5,11.01,28198.6128,11.5692
LOWV,80.11,79.69,80.14,79.69,3251.078994,80.1
MCHX,1.6,1.56,1.63,1.56,8806.2409,1.623
SOCAU,10.31,10.31,10.31,10.31,110.0,10.3118
EZMO,27.1567,27.12,27.1567,27.12,620.0,27.1263
SFpC,23.2504,23.32,23.32,23.2504,2548.646,23.2652
XOMAO,25.274,25.27,25.2999,25.27,1713.1934,25.2806
HOII,10.4852,10.52,10.5499,10.4852,1095.696,10.4993
MDEV,18.095,18.1,18.12,18.095,1256.11,18.1128
APMU,24.925,24.9,24.94,24.88,31571.968,24.9159
ARBEW,0.059799,0.0499,0.0599,0.0449,31781.0,0.05107
EVEX.WS,0.305,0.3,0.32999,0.3,3400.0,0.3016
QTAP,50.725,50.67,50.8,50.67,8551.132,50.7423
PLRZ,15.18,15.02,15.9,14.8,29365.698664,15.4042
CNCKW,0.2701,0.231,0.2701,0.2201,1520.0,0.2501
OPPpC,10.13,10.13,10.13,10.13,576.0,10.1331
XBAP,41.4149,41.37,41.46,41.37,8298.948,41.4285
SEED,1.15,1.148,1.19,1.14,11382.084124,1.1531
NWAX,10.08,10.08,10.1,10.08,14166.0,10.0861
VBCB,75.495,75.489,75.52,75.46,2358.8192,75.484
LEGR,64.5116,64.35,64.5651,64.22,8358.6545,64.3927
IJUN,30.765,30.68,30.765,30.68,6095.967522,30.7288
YBST,15.385,15.32,15.4101,15.31,2385.453397,15.3794
PPBT,3.9483,3.812,3.99,3.81,5185.422889,3.8622
RILA,11.4921,11.44,11.51,11.44,10297.742583,11.5041
MFLX,17.145,17.175,17.175,17.145,1926.3395,17.1645
MITTpA,23.0193,22.98,23.0193,22.98,397.2728,23.0138
PXI,59.321,59.15,59.321,58.77,1190.483628,59.0329
WSGE,27.4441,27.34,27.46,27.34,564.557,27.4014
BRIF,34.3062,34.17,34.3501,34.17,5242.7526,34.1989
BBSC,84.3879,83.94,84.3879,83.87,7131.629083,84.0095
XDAT,23.4566,23.27,23.4566,23.27,297.3131,23.3132
NPFE,26.2249,26.03,26.2249,26.03,6443.848,26.1222
CHRI,88.1848,87.74,88.22,87.74,404.7229,88.0233
CTMA,25.345,25.27,25.345,25.27,203.0,25.2456
OCTP,31.895,31.81,31.895,31.81,101.0,31.8101
LDRH,24.6661,24.64,24.6661,24.63,1461.9678,24.6385
IVSS,27.841,27.86,27.87,27.78,2161.0,27.797
VEGA,52.17,51.97,52.17,51.92,7482.8942,52.0533
NWAX.WS,0.56,0.55,0.6,0.55,1600.0,0.5819
LPAA,10.78,10.75,10.78,10.75,723.605732,10.7662
FSZ,81.4419,80.95,81.4419,80.86,1091.984,80.9661
TOXR,13.8289,13.91,13.93,13.78,2493.243054,13.8681
CDZIP,20.14,20.4,20.4,20.14,2196.0,20.2801
ACEI,24.5067,24.44,24.52,24.4,8506.6632,24.4832
LXEH,1.07,1.04,1.1,1.0112,8324.99,1.0623
KAMO,24.72,24.6999,24.72,24.69,19236.534,24.7025
IPAV,34.5908,34.6,34.65,34.535,1251.576,34.5924
FVAV,10.1,10.0715,10.1,10.0715,2128.484319,10.0729
TDOG,22.754,22.48,22.754,22.34,663.043997,22.6049
BIB,86.0002,84.31,86.18,83.91,4630.741323,84.7381
CUT,27.28,27.515,27.54,27.28,3811.051417,27.4145
ITAN,40.0855,39.96,40.155,39.9201,2945.018082,40.0237
WBSpG,24.24,24.44,24.44,24.24,728.9718,24.3488
NSEP,30.9,30.885,30.9,30.85,493.0,30.8775
GEGGL,24.558,24.525,24.558,24.525,1005.0,24.5317
FCRS.WS,0.8288,0.77,0.86,0.7301,48100.0,0.8465
SECR,25.4499,25.44,25.57,25.415,291860.355744,25.4698
TALV,27.1435,27.08,27.15,27.08,3563.0,27.146
PEBpF,19.7,19.955,19.955,19.67,25640.906,19.7829
QBUL,24.31,24.25,24.34,24.24,1814.603,24.2802
EPRpG,20.5242,20.5,20.72,20.4401,6528.5752,20.5661
IQSU,60.34,59.95,60.44,59.95,89642.1856,60.3853
VSMV,59.7126,59.5,59.8,59.45,5303.566722,59.5842
BBP,89.012,88.29,89.29,88.29,4158.5058,88.8663
SMOX,29.1148,29.11,29.21,28.98,6487.0,29.1089
TOT,23.2556,23.16,23.2556,23.16,702.0,23.1678
OCTT,45.9757,45.9,46.03,45.89,2147.0,45.9645
SIXF,33.6216,33.56,33.65,33.55,58656.0,33.5707
XDSQ,42.4407,42.48,42.49,42.435,4890.76798,42.479
HUSV,38.7745,38.583499,38.7745,38.53,2426.4332,38.6771
CABZ,25.4651,25.06,25.62,25.06,2008.281,25.2352
FRGN,31.6011,31.46,31.6011,31.46,9538.0,31.55
AUGW,33.675,33.64,33.675,33.63,15179.0,33.6447
GENM,10.28,10.2987,10.32,10.25,16280.0,10.2894
TAVI,10.6,10.6,10.6,10.6,250308.0,10.6
HVIIR,0.455,0.4675,0.48,0.455,5830.0,0.4773
FMET,38.0197,37.7,38.11,37.7,3366.043235,37.9509
SEPW,33.045,33.01,33.06,33.0,40331.0,33.0105
AQNB,26.19,26.2,26.3,26.11,3565.48,26.193
OCTZ,45.4885,45.275,45.4885,45.275,630.6043,45.3015
BOXA,105.095,104.995,105.095,104.74,1349.033,104.9378
BBEM,77.3286,77.28,77.4499,77.2,3447.7617,77.3296
ZSEP,27.375,27.35,27.375,27.34,18168.0,27.352
ONBPO,24.7528,24.7516,24.8,24.6601,9487.0,24.7426
MKLY,10.14,10.14,10.14,10.14,203.0,10.14
FCLO,50.26,50.22,50.29,50.22,3861.3554,50.2772
BRIB,25.03,25.01,25.03,25.01,1387.960032,25.0155
COLAR,0.52,0.4,0.5593,0.3997,163332.0,0.4914
CMSA,22.125,22.075,22.15,22.05,13558.421923,22.1112
DIPR,27.9671,27.88,27.9671,27.88,228.389,27.8955
BLDG,25.96,25.8818,25.96,25.8818,1948.3261,25.9384
JULP,32.235,32.1801,32.235,32.1801,1102.0,32.1828
BPAC,10.03,10.03,10.03,10.03,501.0,10.0303
RFV,137.1447,137.3969,137.3969,136.5798,4777.993676,136.98
OWNB,22.5859,22.53,22.5859,22.42,2122.786786,22.5109
BSMV,20.965,21.0,21.0,20.94,27574.4528,20.9663
XHYH,35.4,35.41,35.41,35.3,1516.8301,35.3452
TLNCW,0.55,0.4258,0.55,0.3875,103164.066907,0.5254
FBUF,32.0047,31.91,32.01,31.91,2156.6816,31.9855
OCTJ,24.1,24.07,24.1,24.0501,3903.0754,24.0788
JULJ,25.0,24.9701,25.0,24.9701,184.6374,24.971
USSH,50.44,50.42,50.44,50.42,1137.0164,50.42
WLDR,42.7214,42.66,42.8999,42.3501,5380.4642,42.6762
CDROW,0.7497,0.7498,0.7498,0.7018,1900.0,0.73
WSBK,12.77,12.82,12.82,12.77,399.0,12.7783
MYLD,29.3025,29.255,29.3025,29.255,2543.8161,29.2644
QBIV,26.355,26.32,26.355,26.32,232.0,26.32
HAKY,25.3323,25.1,25.34,25.0999,2893.8511,25.1637
HYGM,24.95,24.925,24.9699,24.925,272.407,24.9437
BDEC,52.61,52.5,52.66,52.44,7649.0,52.5614
DEFR,26.5699,26.54,26.57,26.53,9538.0,26.5607
IBMV,25.26,25.27,25.27,25.26,1211.0,25.2696
QTJL,41.895,41.87,41.895,41.87,1201.0,41.87
TBJL,19.755,19.73,19.79,19.72,4451.0,19.7523
TJUL,30.15,30.09,30.15,30.09,8840.4198,30.1212
QB,46.395,46.22,46.46,46.22,1682.0,46.3631
PQJL,30.85,30.86,30.87,30.85,552.0,30.8595
FLQS,44.7098,44.57,44.7098,44.52,3511.639,44.556
COPA,54.5,54.55,54.615,54.46,6082.977845,54.4758
LSE,4.82,4.96,5.08,4.82,2554.971135,4.9702
EQRR,76.516,76.195,76.6899,75.96,7964.54498,76.2791
BMAR,56.995,56.833,57.0699,56.833,3665.0,56.948
AIUP,27.1712,27.12,27.32,27.12,4866.036,27.2936
TPLS,25.095,25.075,25.11,25.075,1448.9395,25.0907
AUGT,37.52,37.4101,37.52,37.4101,615.051,37.4233
LQDM,24.8352,24.785,24.85,24.785,1368.644,24.8253
GSLpB,26.9767,27.34,27.36,26.9001,1151.9531,27.1164
TJAN,27.975,27.92,28.0,27.92,6225.0,27.9771
AOCT,27.13,27.15,27.15,27.1,297792.0001,27.1299
RFEM,93.8284,93.54,93.94,93.54,2272.538386,93.6761
BTOT,49.495,49.445,49.495,49.445,256.87498,49.4685
XBJL,39.66,39.625,39.66,39.625,650.0,39.6453
WSML,34.175,34.1,34.175,34.095,2982.0963,34.1098
FLSW,42.6668,42.52,42.6668,42.49,3575.737901,42.5433
MTAL,10.07,10.04,10.07,10.04,13299.0,10.0557
KPLTW,0.0018,0.0015,0.0018,0.0015,1074.0,0.001684
ZMAR,28.1202,28.0801,28.1375,28.0801,2167.0,28.1123
SMAY,27.1948,27.18,27.215,27.13,66619.0,27.1683
KNOW,12.6399,12.63,12.6399,12.63,119.0,12.6303
HNNA,9.86,10.0,10.1635,9.86,4393.546,9.917
BGSF,5.11,5.35,5.35,5.105,14267.54158,5.2038
XBOC,35.07,35.003,35.07,35.0,694.0,35.0372
OAKpA,20.7,20.7,20.8,20.7,4345.3062,20.7468
CLWT,1.1801,1.2365,1.2365,1.1801,11166.3919,1.1967
PYT,22.97,23.22,23.22,22.97,3309.0,23.1985
KBONW,0.62,0.62,0.62,0.6199,5131.0,0.62
DDTM,19.89,19.83,19.9,19.7901,1212.0,19.8458
BREZU,9.995,10.02,10.02,9.99,3425149.0,10.0056
QSIX,42.4933,42.235,42.63,42.235,2491.9213,42.445
FMKT,22.63,22.525,22.67,22.525,4730.7025,22.6304
CCEL,3.5,3.655,3.9,3.4101,3959.2061,3.6183
AACOU,9.96,9.96,9.96,9.96,483.0,9.96
FEMD,35.927,35.78,35.927,35.78,1325.0,35.8984
EICA,24.9,24.95,24.95,24.9,354.3427,24.9232
BMN,25.475,25.65,25.65,25.3217,3178.8262,25.5147
TRTNpE,19.23,19.205,19.26,19.205,2040.0,19.2389
LJUL,23.95,23.93,23.95,23.93,1652.023761,23.9301
TFGZ,34.7675,34.46,34.7675,34.46,203.0,34.4645
LSAF,48.34,48.41,48.41,48.2,5570.0643,48.2563
SNAV,37.68,37.5,37.68,37.5,7646.9281,37.5063
DTF,11.44,11.445,11.475,11.42,15480.3021,11.4487
FDND,21.24,21.11,21.31,21.11,5019.4804,21.2703
MAYP,32.145,32.09,32.175,32.09,1683.0,32.1696
GHTA,30.9193,30.96,30.96,30.9193,7556.2278,30.9595
RMRC,25.1412,25.06,25.1412,25.06,300.0,25.0633
IBGB,24.0201,23.995,24.0201,23.98,984.0,23.9943
PFXNZ,23.9,23.855,23.96,23.84,10553.0,23.9029
CRAC,10.075,10.08,10.08,10.075,25102.0,10.0784
NDOW,29.5138,29.41,29.5138,29.41,23836.5909,29.411
TDWDR,0.1102,0.16,0.16,0.1102,319.0,0.1444
CRANR,0.22,0.24,0.24,0.22,441.526469,0.2351
SIMAW,0.1502,0.1982,0.1982,0.1502,965.0,0.1879
UMAR,41.9257,41.88,41.9257,41.8128,3013.0,41.8489
PLUN.U,10.03,10.06,10.06,10.03,23594.0,10.0386
MGMT,47.46,47.54,47.5699,47.45,2161.8331,47.5101
SCAG,0.8023,0.8249,0.8249,0.7553,6124.0,0.7998
HAVA,10.07,10.07,10.07,10.07,103.0,10.07
MLACR,0.208,0.26,0.27,0.208,1140.0,0.2374
TOCT,26.975,26.955,27.02,26.94,1811.0,26.9782
ROMO,33.4593,33.28,33.46,33.28,1062.29,33.43
ARKT,18.892,18.85,18.94,18.85,614.437,18.8906
XTOC,35.5302,35.49,35.55,35.471,740.0,35.5174
GPATW,0.1503,0.1616,0.2,0.15,3432.0,0.1625
GTERW,0.099,0.099,0.099,0.099,210.0,0.099
SBCWW,0.2199,0.2256,0.2256,0.2001,3901.0,0.2168
PAACW,0.325,0.32,0.325,0.32,1330.0,0.3246
KOYN,10.12,10.12,10.12,10.11,422.0,10.1176
ATLCP,24.0,24.0,24.0,24.0,306.6114,23.9654
HAIL,40.196,39.9,40.355,39.9,1639.5596,40.0129
IDYN,31.0491,30.85,31.0491,30.84,2923.1779,30.8686
BILT,28.9627,28.88,29.0,28.85,5066.633,28.9208
SFGV,34.41,34.3,34.41,34.275,6434.1601,34.3006
DLHC,5.5,5.56,5.57,5.5,126409.7945,5.5113
BWIV.WS,0.35,0.45,0.45,0.35,113781.0,0.3506
DVLU,37.3363,37.39,37.39,37.3201,928.4403,37.3541
AINP,25.015,24.9999,25.015,24.99,17071.0,24.9994
IBHM,25.3084,25.28,25.34,25.28,2375.0,25.3258
BMLpJ,20.57,20.42,20.6399,20.39,17285.435,20.5028
CAFX,24.75,24.735,24.76,24.73,14458.893,24.7537
NPV,11.43,11.41,11.4599,11.41,16406.1977,11.431
SPEpC,25.01,25.01,25.01,25.01,511.0,25.007
MKDW,7.11,7.11,7.11,7.11,521.66666,7.1452
MLAC,10.6,10.59,10.6,10.58,151768.0,10.59
PEX,22.0349,22.04,22.06,22.03,387.0219,22.0448
ALTGpA,25.0593,25.13,25.14,25.0593,897.9923,25.0854
PDPA,24.99,25.15,25.1801,24.8742,3507.0,25.0952
OOSP,10.1225,10.17,10.18,10.12,5627.5092,10.166
SMOM,27.5884,27.49,27.64,27.48,7306.0,27.5823
SWAN,33.6159,33.4499,33.6159,33.4499,2248.863738,33.4833
DYNB,39.3099,39.29,39.32,39.285,2289.7525,39.3065
DFTT,30.08,29.95,30.08,29.95,1975.0,30.0236
HOLOW,0.0799,0.0603,0.0799,0.06,6172.124744,0.06053
SPLS,53.702,53.415,53.77,53.415,884.9901,53.5451
ZJUN,27.365,27.3412,27.365,27.34,2243.0,27.3453
EVYM,50.3009,50.3,50.3009,50.295,2061.965265,50.2972
COMD,29.38,29.59,29.59,29.38,1629.392,29.439
TFFI,20.205,20.24,20.24,20.205,2310.0,20.2262
ADSEW,0.4895,0.4307,0.57,0.4307,3696.0,0.4724
BFRGW,0.225,0.19,0.26,0.1886,1413.0,0.2137
PIIIW,0.0045,0.0038,0.0045,0.0038,56908.0,0.004176
GSKH,70.8634,70.53,70.9,70.53,519.296,70.7796
NVBW,35.255,35.2,35.285,35.2,2057.0,35.2431
GCLWW,0.0205,0.0206,0.0241,0.0205,19757.0,0.02175
BEATW,0.0753,0.0838,0.0849,0.0753,4497.0,0.08254
SXTPW,0.0518,0.0518,0.0518,0.0518,3569.0,0.0518
AOMD,25.59,25.67,25.67,25.52,1607.6452,25.565
NEWTG,25.554,25.55,25.554,25.55,530.0,25.5515
SBFMW,0.1239,0.0751,0.1239,0.0751,3609.0,0.07655
PIM,3.2,3.2,3.21,3.195,16155.3133,3.2011
NIVFW,0.0229,0.0235,0.0235,0.0194,28201.0,0.02295
FPA,54.0814,53.91,55.1369,53.85,15067.117121,54.4874
SCLXW,0.1699,0.1699,0.1699,0.1401,3733.0,0.159
NVNIW,0.043899,0.0419,0.0439,0.037347,17772.0,0.03703
LEXI,39.4719,39.32,39.53,39.32,4754.9824,39.4503
NCPLW,0.0282,0.0282,0.0282,0.0282,622.0,0.02783
BKHAR,1.36,1.35,1.36,1.15,23007.0,1.2754
OPPpB,18.36,18.16,18.5881,18.16,2302.0,18.4977
REVBW,0.0089,0.0065,0.0089,0.0062,55861.0,0.006789
ATLCL,25.045,25.045,25.045,25.045,219.043,25.0352
LEGT.WS,0.6922,0.66,0.7,0.66,600.0,0.6894
BMVP,50.8095,50.55,50.8095,50.55,1813.0758,50.6047
VBCE,75.6,75.49,75.62,75.49,1000.4002,75.568
XBPEW,0.065,0.067,0.067,0.065,3272.0,0.0663
MITTpB,22.735,22.58,22.735,22.58,819.273,22.7027
BFRIW,0.0303,0.0303,0.0304,0.0303,6002.0,0.03038
CATF,50.035,50.05,50.05,50.0,627.283205,50.0299
VBCF,75.655,75.535,75.655,75.49,1203.2997,75.5566
SLGL,73.05,66.17,74.8,66.0,14718.285961,69.054
FDTS,71.4816,71.12,71.4816,71.12,388.2826,71.277
LCFY,4.325,4.25,4.325,4.25,5490.0,4.3011
GEW,54.2948,53.375,54.2948,53.375,189.82157,53.7061
CIMN,25.348,25.28,25.348,25.255,721.0,25.2758
VDV,77.4379,77.245,77.4379,77.17,2385.714,77.2851
HSPTR,0.3,0.3,0.3236,0.3,7080.0,0.3012
ABLG,32.6235,32.45,32.6235,32.45,410.4346,32.4696
JANZ,40.7016,40.51,40.7016,40.51,446.5054,40.6465
RWTN,25.41,25.202,25.5,25.202,3975.688,25.4635
CLDTpA,20.1501,20.22,20.4999,20.0999,37421.5054,20.1982
TFPN,32.23,32.14,32.359,32.14,11035.1362,32.2278
AHRTpA,21.98,21.7875,22.0,21.7801,8939.0653,21.9297
LCCC,10.35,10.35,10.36,10.35,16503.0,10.356
PBSE,30.525,30.52,30.55,30.51,1582.0,30.5286
PRAB,25.0,24.99,25.0,24.99,322.0,24.9916
DBEZ,58.7262,58.39,58.735,58.39,3531.646,58.6716
VECA.U,9.98,9.98,9.99,9.975,104678.0,9.9798
MVRL,13.7339,13.7,13.75,13.7,1475.1451,13.748
BUFT,25.755,25.75,25.77,25.7401,9100.0,25.7574
TYLG,40.7055,40.65,40.819,40.64,3182.8234,40.6956
TBLU,50.3667,50.45,50.5,50.3667,2548.539342,50.4572
HOVNP,20.9,20.99,20.99,20.9,799.1498,20.9102
IOPP,24.648,24.51,24.648,24.5,833.6667,24.5134
ASTLW,0.025,0.0338,0.05,0.025,70675.0,0.04473
PARK,18.3,18.7,18.75,18.1,9557.0,18.4899
UPGR,28.1557,27.97,28.22,27.88,3435.9544,27.956
BRES,26.5622,26.435,26.6,26.4165,6180.732165,26.5165
ACCL,1.44,1.4394,1.46,1.41,8424.0,1.4293
SDG,92.28,92.03,92.315,92.03,8321.617619,92.2229
EHLS,27.5141,27.32,27.54,27.32,1910.0,27.4361
VGVT,74.995,75.01,75.01,74.9301,1785.3621,74.9817
ABLS,20.5527,20.47,20.5527,20.47,585.9989,20.4951
VBCG,75.39,75.27,75.39,75.27,597.688,75.3406
JPMB,39.8278,39.86,39.89,39.81,3354.028571,39.8513
FLDDW,0.14,0.1449,0.1449,0.1322,70281.0,0.1407
DMIIR,0.08,0.0808,0.0808,0.08,760.0,0.08024
HBNB,6.06,6.04,6.09,5.99,3606.0,6.059
APRB,26.58,26.58,26.59,26.57,5173.0,26.5883
OMH,0.89,0.91,0.93,0.89,2401.0,0.9185
NMS,12.28,12.2801,12.43,12.28,13116.4841,12.3346
INRO,35.5731,35.45,35.62,35.436656,1137.6678,35.4943
PCGG,10.855,10.8,10.855,10.8,254.92,10.8003
PBHC,13.5,13.5,13.5,13.5,1250.0,13.4978
RSMC,27.889,27.9004,27.9004,27.825,1149.0,27.879
TABD,24.9401,24.94,24.9401,24.94,120.291,24.9394
ICPI,50.935,50.9299,50.97,50.91,6975.659,50.9364
PEMX,83.8627,83.765,83.8627,83.765,323.932777,83.5912
CSSD,25.2083,25.19,25.26,25.1899,7313.0,25.2105
TAPR,26.345,26.35,26.35,26.345,2630.0,26.3497
OCTB,26.8439,26.79,26.85,26.79,1056.0,26.8182
RSSL,110.59,110.17,110.905,110.17,4029.467171,110.505
TEK,39.7524,39.595,39.89,39.5,3831.078113,39.7095
TSCM,19.3278,19.21,19.3278,19.21,1063.324,19.2039
MSSM,57.8502,57.73,58.07,57.73,8295.5,57.8063
XMAR,42.31,42.3,42.33,42.25,11512.25,42.3011
FMQQ,11.329,11.3,11.34,11.3,3599.8067,11.3202
MAYC,25.4629,25.47,25.52,25.4629,1104.0,25.4792
BRAI,7.0983,7.035,7.1,6.94,7817.133724,7.055
USEP,40.8776,40.81,40.9037,40.81,4171.0,40.8442
DSEP,46.87,46.81,46.9299,46.8,4380.0,46.8699
BAUG,52.7885,52.69,52.7885,52.69,2867.54,52.7575
SPIN,32.0656,31.99,32.1,31.99,9027.0404,32.0311
MEMY,22.3794,22.22,22.39,22.21,1709.8572,22.3239
LNZAW,0.0153,0.0141,0.0153,0.014,24221.0,0.01405
NXDTpA,13.25,13.95,14.2604,13.16,3998.7465,13.4024
LOKVW,1.775,1.775,1.775,1.775,610.0,1.774
FEDM,61.7739,61.52,61.7739,61.52,1786.502398,61.6538
ESK,13.7769,13.78,13.78,13.751,1023.288325,13.7802
UXJA,37.8012,37.55,37.8012,37.55,1022.0,37.6162
UFEB,38.335,38.27,38.41,38.27,8380.0,38.299
DLUX,50.3,50.31,50.31,50.3,5000.0,50.3093
GROY.WS,1.71,1.73,1.73,1.71,334.137142,1.7136
TXS,39.33,39.18,39.43,39.18,1325.419838,39.2911
ACPpA,20.04,19.87,20.04,19.87,1377.0,19.8961
GQQQ,35.3179,35.18,35.35,35.14,19762.395658,35.2174
AGGA,25.08,25.09,25.1,25.0751,28751.8457,25.0816
PSCW,29.775,29.71,29.775,29.71,2219.0,29.7349
MEMS,31.3238,31.2401,31.3238,31.2401,760.3142,31.2819
DDXX,27.61,27.51,27.61,27.5,924.0,27.5752
GASZ,24.7261,24.63,24.7261,24.61,718.018,24.631
QOWZ,33.1013,32.985,33.1013,32.95,831.1616,33.021
OXLCZ,24.765,24.85,24.85,24.765,4217.0,24.7743
RUMBW,1.8399,1.6,1.84,1.5999,20271.0,1.7205
FIAX,17.68,17.65,17.68,17.65,7364.8042,17.6653
TRSG,1.3064,1.2183,1.3064,1.2183,3036.0,1.2742
DDTA,20.2352,20.18,20.2352,20.18,601.0,20.2089
DTRE,42.558,42.41,42.558,42.41,757.8351,42.4221
ZJUL,29.71,29.69,29.71,29.68,5281.924,29.6912
ADAMG,25.22,25.21,25.26,25.2,5856.7943,25.2305
GOODN,22.3,22.3,22.345,22.1713,7109.4799,22.2461
BLUI,25.79,25.74,25.7929,25.74,1157.7609,25.7771
OGCP,5.2,5.0601,5.25,5.0601,9512.0328,5.1228
FINT,35.9781,35.9,35.9781,35.8506,1419.0,35.903
NTRB,3.5,3.645,3.645,3.5,2541.183665,3.6023
RPTpC,24.7927,24.75,25.0499,24.75,1052.0,24.8636
PSMO,32.15,32.09,32.15,32.09,100.0,32.09
DVXK,35.5086,35.4,35.57,35.4,2650.0,35.4535
BLDX,26.6914,26.605,26.6914,26.605,1618.488,26.6295
GXDW,29.2972,29.1,29.39,29.08,35008.819734,29.3094
AGQI,17.901,17.84,17.901,17.84,1492.1928,17.8447
NUSB,25.225,25.229,25.229,25.225,413.0745,25.2289
QBF,18.9993,18.99,18.9993,18.99,407.394,19.0062
SSACU,10.07,10.07,10.07,10.07,146.0,10.0921
PALC,55.25,55.2888,55.41,55.25,11541.7446,55.3352
IPCX,10.3,10.3,10.3,10.29,152721.0,10.2999
OPPpA,16.7699,16.75,16.77,16.6729,1529.0,16.7282
OCTU,30.3552,30.18,30.38,30.18,779.0,30.3161
BENFW,0.0101,0.01,0.0101,0.01,21419.0,0.01005
BGLC,1.975,1.99,1.99,1.97,5697.5,1.98
SIMA,11.0,11.346726,11.346726,10.95,810.0,11.3017
CRED,22.47,22.36,22.47,22.36,577.208734,22.4429
AFIX,24.795,24.76,24.795,24.76,998.0,24.7759
EBIT,37.0031,36.89,37.0031,36.89,173.9248,36.9409
PEZ,95.3834,94.82,95.3834,94.82,634.793395,94.9741
BPOPM,25.33,25.33,25.33,25.33,1699.0,25.3308
MNSBP,25.005,25.005,25.005,25.005,539.0,25.0057
MYCG,24.9509,24.94,24.97,24.94,1935.6017,24.9496
HLpB,73.5,74.99,74.99,73.5,982.3536,74.5362
ZMUN,50.145,50.16,50.16,50.14,6790.9936,50.1597
AVBC,19.26,19.79,19.79,19.14,27566.427,19.3547
PCGpD,18.3,18.5,18.5,18.3,3469.091,18.3197
BCSS.U,10.25,10.25,10.25,10.25,112.0,10.2513
JHLN,24.7087,24.71,24.71,24.7,1895.0,24.7066
BFAP,15.42,15.43,15.43,15.42,108.1216,15.427
RANGR,0.29,0.29,0.29,0.23,820.0,0.2532
ANEW,49.8799,49.61,49.8799,49.61,298.8311,49.7197
NHICW,0.72,0.79,0.79,0.6491,2586.0,0.7176
RDOG,39.5237,39.34,39.5237,39.34,325.3883,39.4993
ARKR,6.61,6.95,6.95,6.61,7721.5544,6.6165
OPTZ,44.172,44.125,44.172,43.91,2341.9136,43.9598
BSJW,25.4,25.36,25.42,25.36,13610.107,25.3981
QABA,60.173,60.28,60.315,60.091,1749.8976,60.2263
TMH,50.6997,50.82,50.84,50.6997,324.0,50.8121
UXOC,38.945,38.76,38.95,38.76,1195.0,38.8982
TPFG,25.42,25.41,25.45,25.39,104090.0,25.4101
ACEP,19.4564,19.39,19.47,19.3832,562.948902,19.4329
IPB,25.98,25.8,26.15,25.7,3845.0,25.9027
GTOQ,22.365,22.35,22.367,22.34,7054.427,22.3482
TINY,84.0928,83.03,84.0928,83.03,1017.972317,83.8112
HFROpA,16.4101,16.52,16.62,16.41,22647.0608,16.4804
KWT,38.2098,38.03,38.33,38.03,1124.606788,38.2945
LBRDP,21.67,21.81,21.81,21.67,3517.1929,21.7818
CTW,2.9,3.0,3.1,2.9,77649.4611,2.98
GMOM,37.8012,37.82,37.9499,37.7714,3346.233028,37.8307
FVC,40.3902,40.17,40.3902,40.17,1640.8006,40.2181
PACHW,0.2099,0.209,0.2099,0.209,1076.0,0.2096
MANI,25.65,25.61,25.65,25.61,2091.5824,25.6196
MFUS,63.5415,63.34,63.605,63.31,1957.099525,63.4418
MCH,30.1038,30.07,30.11,30.07,1061.815733,30.0898
SIXP,33.325,33.27,33.33,33.27,217.0,33.3018
PMNV,25.7618,25.73,25.7618,25.73,300.0,25.74
PCAPW,0.35,0.31,0.35,0.2901,3442.0,0.3152
TLNC,10.2,10.2,10.2,10.2,84808.888666,10.2
RDI,1.05,1.0752,1.0752,1.05,4582.0,1.0624
SWP,28.36,28.27,28.4086,28.27,4846.3066,28.2963
THYM,50.4404,50.44,50.45,50.44,1978.041,50.4418
FLGpU,41.97,41.98,41.98,41.51,4407.0,41.7509
BUFI,41.8666,41.81,41.92,41.81,22795.0,41.9153
AACI,9.93,9.93,9.93,9.93,206.0,9.9302
SGRW,21.9732,21.9999,22.01,21.9732,1201.0,22.0015
FGMCR,0.7399,0.624999,0.7399,0.624999,182786.0,0.675
LDRX,35.7773,35.61,35.92,35.61,6812.7666,35.8522
IBMU,25.28,25.265,25.28,25.265,101.0,25.265
IVAL,35.565,35.539,35.61,35.52,3811.34703,35.5517
DAT,38.4063,38.27,38.4063,38.27,1213.05,38.3283
WCT,2.1,2.06,2.32,1.9201,14186.4,2.1011
NBCE,42.1243,42.13,42.13,42.1232,298.9641,42.1309
ECCpD,18.9,18.95,19.0,18.8,4045.51419,18.9473
BIII.U,10.1,10.1,10.1,10.1,1895.0,10.0986
DIVD,42.235,42.26,42.26,42.23,1366.5625,42.2424
PPEM,22.8454,22.77,22.86,22.77,8126.05,22.794
CPAC,10.51,10.69,10.69,10.46,11948.098,10.5546
UZE,18.17,18.0,18.17,18.0,3591.7431,18.0255
BDIV,24.2117,24.0801,24.2117,24.08,853.9965,24.0952
DDFL,21.07,21.02,21.08,21.02,7644.0,21.0538
UTSI,2.7316,2.705,2.74,2.705,8142.0,2.7156
FGSM,33.8868,33.81,33.8868,33.78,1760.0,33.7927
FLCE,30.5214,30.395,30.545,30.395,702.8831,30.4614
QCAP,24.7146,24.71,24.74,24.695,19079.6472,24.7183
MZYX.WS,0.45,0.41,0.45,0.41,9050.0,0.4253
ESLV,27.0563,26.9799,27.0563,26.9799,2094.0504,26.9951
HACQW,0.615,0.5302,0.6431,0.5302,3921.0,0.575
MYHC,25.0328,25.0,25.05,25.0,1264.0,25.0429
VMAX,59.3987,59.13,59.42,59.13,306.174,59.3188
AMUN,26.03,26.0391,26.0391,26.03,127.934,26.0376
BYFC,9.96,10.46,10.46,9.96,2239.875,10.1544
MYCN,24.475,24.46,24.475,24.43,1064.0,24.4607
JBDI,1.18,1.174,1.18,1.14,3478.5,1.1454
IBMW,25.22,25.22,25.28,25.22,1199.864,25.2283
BFLB,53.72,53.65,53.77,53.65,4497.572,53.716
LDSF,18.9654,18.97,18.99,18.95,22078.5995,18.9556
MMAX,26.945,26.92,26.98,26.9101,3317.6151,26.9403
FDSB,15.12,15.1,15.15,15.0901,5610.9367,15.1241
PLGI,24.31,24.46,24.48,24.31,9724.081,24.4167
SMLL,20.102,20.07,20.102,20.07,21283.0,20.0699
TEST,48.3779,48.96,48.96,48.3779,690.6806,48.4853
SHMDW,1.72,1.7,1.805,1.61,28915.0,1.7282
CPRO,27.8178,27.84,27.87,27.8178,2505.0,27.8433
XIJN,30.8,30.81,30.8387,30.8,2331.854944,30.8169
IVVB,34.3111,34.31,34.34,34.195,15162.796444,34.3161
TRUC,27.405,27.195,27.49,27.195,5277.0,27.4099
CRGOW,0.12,0.12,0.14,0.11,3302.0,0.1187
UPV,95.7235,94.78,95.7235,94.78,605.9782,94.9067
RIVpA,22.7299,22.7,22.7299,22.7,1345.864,22.7172
PFX,39.01,39.72,39.72,39.01,815.0,39.3053
CPNM,26.6753,26.67,26.6753,26.67,1235.0,26.6694
MFI,10.1101,10.15,10.15,10.1101,725.0,10.203
THRV,24.5394,24.56,24.565,24.515,5969.426,24.5562
BLCK,27.9249,27.74,27.9249,27.48,1388.071,27.6836
SMAX,27.6402,27.61,27.645,27.61,3669.0,27.6218
BUFX,21.965,21.955,21.98,21.95,12216.0,21.976
PPIE,28.0701,27.95,28.0701,27.95,719.046,27.9531
EZJ,65.2805,65.02,65.44,65.01,10577.001252,65.1915
SNPG,56.6967,56.3401,56.6967,56.3401,708.189186,56.4665
AVUQ,65.8172,65.58,65.8172,65.57,2579.7129,65.7426
ZTEN,50.4697,50.36,50.4697,50.36,519.019,50.4062
VEMY,28.655,28.67,28.82,28.63,8591.9448,28.7066
MYCK,24.8059,24.765,24.8059,24.765,1251.0,24.7755
NXPL,6.41,6.57,6.8399,6.3501,7264.0,6.5809
SEALpB,25.5898,25.51,25.59,25.49,4330.0949,25.5521
CSTK,31.7011,31.65,31.7498,31.64,3233.2525,31.6789
CPSD,26.58,26.54,26.58,26.54,2191.8604,26.5466
KJAN,44.3784,44.29,44.445,44.28,3233.0,44.3361
RAFE,45.4599,45.36,45.54,45.36,4874.8855,45.4391
PCSC,11.3,11.3,11.345,11.3,11882.0,11.2948
BLTD,25.0385,24.99,25.04,24.99,4765.814268,25.0293
ABNG,15.9659,16.16,16.16,15.9659,692.0,16.2734
NRSNW,0.14,0.13,0.14,0.13,552.0,0.1435
BLST,25.0576,25.02,25.06,25.02,4303.541752,25.0443
ARTCW,0.34,0.35,0.35,0.34,29300.0,0.348
DVIN,29.3867,29.405,29.405,29.3867,151.0,29.405
STXT,19.885,19.91,19.9199,19.885,3857.5695,19.909
DFEB,50.075,50.03,50.1199,50.03,4674.0,50.0636
CTEF,81.8594,81.485,81.8594,81.485,169.7736,81.5014
QSIAW,0.041101,0.04,0.041101,0.04,3566.0,0.04099
USIN,49.635,49.55,49.635,49.55,210.0,49.5757
GCGRU,10.17,10.14,10.17,10.135,184853.0,10.1496
BCFN,20.94,20.88,20.98,20.88,4996.095,20.9121
SAV,25.4,25.39,25.4599,25.36,2869.0,25.3878
RCLR,50.265,50.28,50.34,50.265,2601.0,50.2938
ACONW,0.03245,0.03245,0.03245,0.03245,571.0,0.03222
FLMB,23.815,23.83,23.8349,23.815,13293.8824,23.8212
PRENW,0.0179,0.0179,0.0179,0.0177,11305.0,0.01787
TRTNpB,25.37,25.35,25.44,25.305,6076.0,25.3604
IBUF,30.64,30.57,30.66,30.56,83635.0,30.5799
SKYU,32.3586,32.1,32.4,32.04,1889.7427,32.2135
QBSV,26.365,26.36,26.365,26.36,769.0,26.36
ZOCT,27.4366,27.414,27.44,27.41,4040.0,27.4279
ACRpD,22.035,21.995,22.035,21.995,986.4683,22.0152
LAPR,25.365,25.32,25.38,25.32,965.8936,25.3622
BSEP,52.025,51.92,52.025,51.92,1396.3186,51.968
LOCT,23.925,23.925,23.94,23.911,933.9617,23.9186
ETEC,30.8955,31.09,31.09,30.8955,1679.4993,31.0817
BZZ,25.2402,25.17,25.2402,25.17,430.354,25.0534
SAAQ,10.195,10.195,10.195,10.195,410.557726,10.1976
KMRK,2.63,2.75,2.8,2.6,19515.9772,2.7037
FPRO,24.6397,24.65,25.04,24.615,62342.698,24.676
GTOS,25.02,25.01,25.06,25.01,660.0,25.0479
ABUF,26.69,26.68,26.71,26.64,4950.0,26.6949
HONG,14.8311,14.68,14.8311,14.68,236.0,14.8253
EPSV,29.1868,29.23,29.23,29.18,2384.0,29.1984
DVXB,29.4163,29.61,29.62,29.4163,652.0,29.5963
QTJA,32.4816,32.49,32.53,32.4816,712.0,32.5138
JUDB,25.635,25.595,25.635,25.595,2016.0,25.5967
XMAY,35.755,35.755,35.8,35.71,1757.0,35.785
ORIQ,10.26,10.26,10.26,10.24,62400.0,10.2502
OCCIM,25.45,25.2001,25.72,25.2,5201.0,25.4277
PTEU,32.1356,32.11,32.1356,32.11,778.437364,32.1124
WAFU,1.66,1.623,1.66,1.6,60762.0,1.6734
WHFCL,25.42,25.405,25.42,25.405,2736.0,25.4173
BDGS,36.5,36.5199,36.54,36.5,12047.0,36.5278
IPEXR,0.56,0.56,0.6285,0.56,3607.0,0.5726
WZRD,8.9423,9.15,9.15,8.87,3366.924771,8.9289
TFJL,19.23,19.245,19.245,19.22,2347.0,19.2383
SEPM,32.59,32.55,32.59,32.55,222.0,32.5675
MMID,24.8146,24.81,24.8146,24.81,473.392,24.8133
QETAR,0.86,0.8598,1.09,0.68,6763.0,0.8571
BAERW,0.28,0.283,0.3,0.2501,61510.0,0.2707
MLCIL,23.0,23.28,23.48,23.0,2723.0,23.1647
HSMV,37.136,37.08,37.136,37.05,1443.053,37.071
LDEM,63.0447,63.11,63.17,63.0447,1458.52,63.0857
IWFG,53.9875,53.85,54.05,53.85,2461.092,54.0161
JNEU,32.8332,32.75,32.8332,32.75,374.0,32.7832
CPSF,26.115,26.08,26.115,26.08,419.0,26.0809
ZDEK,26.29,26.26,26.31,26.26,4097.0,26.2962
XXX,20.9728,20.94,21.02,20.94,3063.0,21.0054
PBOC,30.34,30.31,30.34,30.31,6848.0,30.3236
INNpF,17.3891,17.43,17.47,17.065,18244.97441,17.3659
MBAV,10.85,10.78,10.85,10.78,3066.96,10.7859
RFFC,73.0353,72.785,73.0353,72.785,1402.8509,72.7843
CPSO,27.6786,27.675,27.6786,27.675,424.0,27.6751
CPSN,27.535,27.491,27.535,27.491,632.0,27.4991
SPUC,49.4428,49.25,49.4428,49.25,3466.3698,49.2668
HERZ,18.31,17.56,18.55,17.5,5912.044486,18.1626
ASPSW,0.419,0.396101,0.4205,0.3952,35531.0,0.3967
DSACW,0.419999,0.42,0.42,0.419701,500.0,0.4199
PSFO,34.1805,34.13,34.1805,34.13,202.0,34.13
ONOF,39.6679,39.48,39.79,39.48,9949.4024,39.697
PSTR,30.5579,30.54,30.5579,30.43,1909.0,30.5005
LFTpA,19.96,19.75,19.96,19.2,3996.0702,19.5231
BIPpA,17.17,17.25,17.25,17.165,3797.0,17.1868
MSST,41.82,41.75,42.3801,41.7,3748.2915,41.8075
PTIN,35.93,35.86,35.95,35.8307,2752.144618,35.8955
ASPSZ,0.2299,0.207101,0.23,0.200991,12921.315315,0.2104
RULE,30.8301,30.67,30.8301,30.67,567.512,30.7432
CPSU,27.615,27.66,27.66,27.615,101.0,27.6597
BIVIW,0.2713,0.3,0.3,0.2713,4350.0,0.3046
QIS,13.7561,13.87,13.87,13.7561,532.3191,13.8364
CPSY,25.57,25.565,25.57,25.565,405.0,25.565
BDL,30.4999,30.5,30.5,30.4999,439.7128,30.3759
KFEB,30.02,30.0,30.085,30.0,3620.0,30.0426
ZEOWW,0.0422,0.0497,0.0497,0.041967,22801.0,0.04872
DSYWW,0.0138,0.0173,0.0173,0.01351,5844.306532,0.01401
IPEXU,10.79,10.79,10.79,10.79,190.0,10.79
HVMC,10.11,10.11,10.11,10.11,109.0,10.1133
DDFJ,19.5898,19.531,19.63,19.531,7115.613,19.5877
JANB,26.94,26.92,26.94,26.92,2077.892623,26.9216
CCIX,10.78,10.77,10.78,10.77,1914.337255,10.7723
OCTH,24.17,24.13,24.17,24.12,3678.3904,24.1427
DEMZ,44.0075,43.89,44.0075,43.8899,641.880587,43.9122
MAApI,53.9,54.7457,54.7457,53.465,1292.1991,54.0588
GRW,30.2841,30.155,30.335,30.155,1486.902,30.2497
EVAC.WS,0.3482,0.301,0.3482,0.301,420.0,0.315
DMAAR,0.122201,0.122701,0.1394,0.1211,89568.014832,0.1319
ARLI,25.9784,25.92,25.98,25.92,750.0,25.9552
FCSH,24.24,24.231692,24.24,24.231692,893.9035,24.2331
XBOX,99.5,99.48,99.5,99.46,7619.046,99.4795
CARK,46.7053,46.59,46.7053,46.59,108.0,46.5797
FFND,31.6937,31.6,31.735,31.6,1196.3542,31.6446
PCR,20.0947,20.11,20.23,20.0947,1678.0,20.2172
TPFI,24.885,24.86,24.89,24.8459,4790.619,24.8624
BWTG,40.8088,40.73,40.8088,40.73,241.0,40.7842
DIME,9.565,9.5,9.6,9.392,2079.648804,9.4972
ZIG,38.6723,38.4102,38.6723,38.41,1155.8508,38.4744
BFOC,17.265,17.22,17.265,17.22,2500.0,17.224
IEDI,54.57,54.38,54.62,54.365,2195.610835,54.5158
XRLX,48.7333,48.63,48.76,48.6299,504.5139,48.7078
ULVM,101.8117,101.67,101.99,101.6428,824.6103,101.7909
RFAIR,0.095,0.1,0.1,0.095,236.0,0.09718
NGLpC,25.4099,25.4,25.415,25.37,1294.1847,25.3993
ADSE,11.32,10.09,11.3531,10.09,4074.001106,10.9301
JMID,30.7233,30.745,30.805,30.72,2531.999,30.774
BHRpD,16.475,16.5,16.5,16.475,2738.187,16.4931
CICB,24.98,24.98,25.0499,24.98,2410.0,25.0051
MCAHU,10.04,10.04,10.04,10.04,220.0,10.0399
EBI,63.3621,63.13,63.3621,63.13,2317.413,63.3192
SRHQ,42.9297,42.59,42.9297,42.59,350.17285,42.599
NBJP,36.914,36.9,36.95,36.82,7871.5491,36.9193
FTKI,19.7137,19.66,19.7137,19.66,548.768,19.6845
PFAI,3.74,3.74,3.74,3.74,380.476894,3.7275
BHAV,9.9,9.88,9.91,9.88,172945.0,9.8824
FTBI,21.61,21.575,21.64,21.575,1762.3736,21.5958
TEKY,44.3909,44.1199,44.3909,44.1199,836.570923,44.1763
MYCM,24.657,24.62,24.67,24.62,1841.385,24.652
CHECU,10.15,10.14,10.15,10.14,360.0,10.1472
PBAP,30.78,30.76,30.78,30.76,1696.999843,30.7651
MRCP,34.03,34.02,34.04,34.02,2263.0,34.0434
HTAX,24.5,24.495,24.51,24.495,627.9849,24.5074
CTWO,16.775,16.8,16.8,16.775,203.118,16.7997
MARZ,36.51,36.37,36.55,36.37,673.583,36.465
LANV.WS,0.0102,0.0102,0.0102,0.0102,7600.0,0.0102
LFACW,0.27,0.26,0.27,0.26,50500.0,0.2601
ETHO,73.0562,72.848,73.18,72.848,3742.2041,73.0069
HPAIW,0.087,0.0606,0.0875,0.0501,19284.0,0.05804
WBIF,32.2893,32.03,32.2893,32.03,307.998716,32.0735
CCSO,28.9378,28.99,28.99,28.9378,973.744344,28.9588
CFFI,74.74,72.2,74.74,72.2,4743.604373,73.6152
WBIL,36.6712,36.26,36.6712,36.26,297.971236,36.3276
QBQV,26.79,26.78,26.79,26.78,196.0,26.7946
KEQU,37.67,37.4905,37.67,37.1,1945.4221,37.3934
UCIB,35.625,36.44,36.44,35.625,1038.0,35.7335
FDRV,20.35,20.245,20.42,20.245,7567.594823,20.3376
RSSE,22.3351,22.31,22.3351,22.29,2286.0,22.3077
PMTU,25.5,25.5,25.5,25.5,182.098,25.5118
AHTpF,5.3501,5.7,6.05,5.3501,8465.7783,5.6444
ADAML,24.15,24.24,24.24,24.15,1250.468,24.2013
AHTpD,6.565,6.36,6.565,5.98,8364.5554,6.2383
TRAD.U,10.06,10.06,10.06,10.06,139.0,10.0656
LIAE,208.368,208.25,208.368,208.25,446.0,208.2546
DDFD,19.78,19.78,19.805,19.78,4281.423,19.792
KCAC.WS,0.5767,0.5091,0.7338,0.5091,6540.0,0.6172
ALDB,25.06,25.04,25.06,25.04,235.0,25.0219
ITHAW,0.23,0.23,0.23,0.23,9800.0,0.23
TIIV,29.4101,29.4499,29.47,29.4101,1729.0,29.45
BDBT,25.165,25.1299,25.1699,25.125,15492.052031,25.1516
GMNY,49.92,49.95,49.97,49.92,4884.1893,49.9505
EVHY,52.32,52.279,52.4,52.279,2211.455,52.3263
MVFG,34.3216,34.3,34.34,34.26,5824.7058,34.311
BGRO,42.3834,42.29,42.3834,42.2899,1684.9979,42.2749
MHNC,13.88,13.9431,14.49,13.742,5128.0,13.9969
PEVC,29.63,29.44,29.63,29.44,1629.9574,29.5773
CTApA,53.0001,53.0,53.0001,53.0,224.8658,53.0465
TACOW,0.6,0.6,0.6001,0.6,24660.0,0.6001
IAUX.WS,0.98,1.01,1.01,0.98,2787.201036,0.9998
PWpA,8.85,8.24,8.85,8.24,640.0,8.4407
SBpD,26.3099,26.3099,26.3099,26.3099,203.0,26.274
QEMM,80.0701,80.01,80.785,80.01,3561.317965,80.3493
GXLC,89.2131,89.01,89.2131,89.01,172.0,89.0088
UXI,56.3392,56.23,56.365,56.09,2117.984521,56.2202
DOCT,46.1689,46.1,46.1894,46.1,3249.0,46.1441
WCEO,35.4448,35.3,35.58,35.2999,5198.406337,35.4335
LOKV,10.47,10.46,10.47,10.46,188291.0,10.462
KTN,26.0949,26.12,26.12,26.07,401.0,26.0919
CBTY,19.9571,19.91,19.9571,19.88,13280.3607,19.8906
ACSV,45.7807,45.625,45.7807,45.625,8138.0,45.7358
EFCpB,24.7,24.74,24.74,24.7,639.8828,24.7249
DCOY,4.82,5.1201,5.63,4.82,14337.680241,5.0885
MLAAU,10.3,10.3,10.3,10.3,965.0,10.2955
MAYM,32.825,32.83,32.8499,32.81,34096.0,32.8158
FNK,57.9017,57.74,57.95,57.74,6026.6133,57.9035
DDX,25.05,25.04,25.06,25.04,826.898,25.0523
MNBD,25.905,25.92,25.92,25.905,1659.1521,25.9096
PTORU,9.99,9.99,9.99,9.99,826.0,9.9913
PFI,58.395,58.255,58.4595,58.255,525.609,58.3428
RBUF,30.68,30.67,30.68,30.645,1180.0,30.6688
FLGR,33.1686,33.08,33.1686,33.06,1679.999375,33.0816
SCCE,24.07,24.0,24.085,23.93,1562.0,24.0264
SLXNW,0.012,0.012,0.012,0.012,5000.0,0.012
PSFD,39.36,39.35,39.39,39.31,7515.0,39.366
RTACU,10.77,10.77,10.77,10.77,214.0,10.745
BWOW,18.5146,18.22,18.5146,18.22,1097.0,18.2281
BAMV,34.39,34.4,34.52,34.39,3819.9798,34.4075
HF,21.8533,21.82,21.89,21.82,213.0881,21.8532
LOTWW,0.0798,0.0501,0.08,0.05,2400.0,0.07609
NOVP,32.1779,32.17,32.2,32.17,2503.0,32.1902
ARVR,55.2898,54.86,55.33,54.86,640.579521,55.2428
NXTE,47.5712,47.74,47.74,47.5712,596.6624,47.6905
TEND,26.87,26.87,26.89,26.86,7178.0,26.8667
RSMR,22.942,22.91,22.942,22.91,2934.0,22.919
ASMF,26.585,26.61,26.61,26.58,273.6594,26.5919
QCJA,23.14,23.14,23.17,23.14,18093.0,23.167
UXAP,42.68,42.64,42.68,42.64,400.0,42.64
BDMDW,0.0552,0.0552,0.0552,0.0552,10000.0,0.0552
XFEB,37.045,37.01,37.045,37.01,3055.0,37.0331
EAPR,32.99,32.94,33.0,32.91,4914.0,32.9622
BSAA,10.33,10.33,10.33,10.33,270.0,10.2902
MOTG,38.6421,38.61,38.69,38.52,2271.1739,38.6614
QTOC,37.3734,37.37,37.39,37.37,904.0,37.3793
MYCH,24.885,24.88,24.89,24.88,289031.1212,24.8899
EOCT,33.9452,33.91,34.019,33.91,3562.774,33.938
ESBA,5.28,5.6791,5.6791,5.28,568.2135,5.4715
WOMN,42.1287,41.99,42.1287,41.99,1091.3461,42.0587
XTJA,33.493,33.44,33.54,33.44,816.56598,33.5031
ACSI,70.9095,70.75,70.9095,70.75,775.4854,70.77
SMCF,37.1897,37.025,37.1897,37.025,357.123,37.095
MYCL,24.69,24.64,24.69,24.64,302.0,24.6655
MUZE,9.88,9.89,9.89,9.88,922.12,9.8853
BIXI,9.97,9.97,9.97,9.97,621.0,9.9699
TAXM,50.17,50.135,50.17,50.135,6353.1845,50.1594
PSAI,25.9367,25.88,25.97,25.88,792.233,25.9414
BAMO,34.0604,34.03,34.0801,34.03,1818.2314,34.0642
IRHOR,0.1601,0.1601,0.1601,0.1601,2622.0,0.1601
DYNCW,0.1335,0.12,0.1367,0.12,13194.0,0.1203
FEBP,33.69,33.66,33.69,33.66,144.0,33.6544
AUGP,32.59,32.56,32.59,32.5599,215.0,32.5599
DDV,25.33,25.33,25.34,25.33,740.0,25.326
BITK,12.4768,12.4,12.4768,12.4,385.3811,12.4343
SBXE.WS,0.38,0.38,0.38,0.38,200.0,0.38
DIVG,35.2173,35.1294,35.22,35.12,2792.018017,35.184
APLMW,0.016705,0.016398,0.0168,0.0144,3300.0,0.01644
EMOT,25.1813,25.13,25.1813,25.13,11986.9761,25.13
DIVY,27.8296,27.67,27.8296,27.67,3280.6514,27.7482
WILC,35.75,33.5911,36.79,33.5911,3390.870432,35.9603
URE,69.3254,69.311,69.35,69.3001,1626.02166,69.3133
CCNEP,25.05,24.99,25.1,24.99,1015.5846,25.0428
HSCSW,0.0596,0.0606,0.0606,0.0596,5494.0,0.0601
WRND,42.2062,42.13,42.2062,42.13,223.4632,42.0722
FINY,25.035,25.06,25.06,25.035,145.5,25.0501
APRP,32.255,32.2488,32.255,32.2488,1384.0,32.2491
IBGC,24.6251,24.62,24.63,24.61,5185.0,24.6196
CGCTU,11.1,10.83,11.1,10.83,666.0,10.9462
HCMAU,10.3,10.28,10.3,10.25,15055.0,10.2777
JHCR,25.234,25.21,25.234,25.21,792565.0,25.21
HCMA,10.145,10.15,10.15,10.145,4805.0,10.1494
CANQ,30.9514,30.83,30.9514,30.83,602.7379,30.876
NEN,58.44,58.41,58.44,58.41,1183.84,58.1848
IETH,22.0902,22.0,22.24,22.0,728.1457,22.0729
HCMAW,0.5,0.5,0.5,0.5,2127.0,0.5
PMIO,50.8,50.8399,50.855,50.76,14795.8408,50.7886
DECP,32.135,32.15,32.18,32.13,6126.0,32.158
MYCO,24.4383,24.43,24.4383,24.4299,403.0,24.4299
MZYX,9.9,9.89,9.915,9.89,1811262.0,9.9002
BCVpA,21.25,21.25,21.25,21.25,204.0,21.2499
FCTR,38.858,38.88,38.988,38.858,1070.5291,38.868
LPBB,10.66,10.66,10.66,10.66,25558.0,10.6601
KCA.U,10.0,9.99,10.0,9.99,3301.0,9.9954
MVFD,30.2669,30.105,30.2669,30.105,5674.8988,30.2045
GPUSpD,19.125,19.95,19.95,19.125,844.0,19.3538
CRAQR,0.23,0.19,0.2412,0.19,14313.555555,0.233
PSMR,31.905,31.87,31.905,31.86,4445.0,31.8678
NPAC,10.335,10.33,10.335,10.33,16184.0,10.3297
RKSG,27.823,27.81,27.823,27.81,530.0,27.8091
EET,115.2776,115.665,115.83,99.2901,3201.967558,112.5039
SVREW,0.0098,0.0157,0.0157,0.009,85501.0,0.01158
BFSpE,23.11,23.0,23.11,23.0,2106.7,23.1069
NJNK,20.04,20.0398,20.0401,20.035,1545.1044,20.0394
PZLV,26.431,26.4,26.431,26.4,199.0,26.4278
SUIS,31.3475,31.36,31.8,31.3475,4135.121461,31.4262
JEMB,53.5395,53.17,53.8,52.9,2072.7834,53.2438
GDOC,32.0788,32.07,32.08,32.03,12996.6712,32.039
VGRO,26.115,26.105,26.115,26.105,140.6481,26.1034
PMMY,26.7,26.69,26.7,26.69,514.0,26.6937
BDCI,10.03,10.03,10.03,10.03,146.0,10.03
DVGR,26.125,26.07,26.125,26.07,1579.0,26.0872
MZYX.U,10.01,9.9831,10.1446,9.96,14089.0,10.0378
FFF,23.22,23.19,23.31,23.19,12881.752833,23.2606
GGTpG,20.44,20.44,20.44,20.44,402.0,20.4414
SVCCW,0.2311,0.231,0.2311,0.231,200.0,0.2311
EFSCP,21.3,20.775,21.3,20.6689,1487.0,21.0331
ARCI,9.94,9.94,9.94,9.94,7201.0,9.9399
ALISR,0.56,0.5504,0.56,0.5504,5724.0,0.5553
UJUN,38.531,38.531,38.565,38.531,2446.0,38.5479
NBFC,50.765,50.77,50.77,50.765,227.963308,50.7684
WCAP,9.3006,9.28,9.3006,9.28,282.0,9.2923
ARCIU,10.05,10.05,10.05,10.04,1466.0,10.0492
AFJK,41.15,40.0,42.5,40.0,1599.0,41.5753
MART,41.4552,41.45,41.48,41.45,964.49132,41.4697
MTRA,26.1618,26.11,26.1618,26.11,273.0,26.1096
FUFUW,0.1949,0.198,0.1981,0.1949,5829.0,0.1979
QCJL,24.8249,24.81,24.8249,24.8,2611.0,24.8078
ECFpA,21.4403,21.15,21.4403,21.15,1097.0524,21.3054
NUGO,43.1256,43.128842,43.195,43.1256,711.660749,43.0576
CDEI,88.7007,88.5,88.7007,88.49,711.028,88.4324
SCAGW,0.0449,0.0402,0.045,0.038,17330.0,0.04026
WRBpG,16.54,16.57,16.58,16.54,1133.0,16.5554
JFLI,53.4245,53.39,53.46,53.39,697.35446,53.3378
INLX,7.79,7.15,7.79,6.91,5461.0,7.3871
ESLG,26.5817,26.52,26.635,26.52,1976.0608,26.5343
SZZL,10.31,10.32,10.32,10.31,33994.0,10.3155
CSCS,15.78,16.07,16.09,15.78,209329.265,13.5683
SAUG,27.19,27.2,27.2,27.19,700.0,27.2065
OXLCL,24.4001,24.41,24.41,24.4,2490.04,24.3831
DTSQR,0.1301,0.14,0.14,0.13,11908.0,0.1332
APRZ,39.675,39.59,39.675,39.59,795.0,39.5902
SSPY,93.3253,93.28,93.3253,93.28,222.5597,93.2742
GSPY,40.0686,40.0514,40.0686,40.0514,315.40759,40.041
LEE,7.82,7.94,8.017,7.82,41006.0725,7.9355
LFEQ,58.9816,58.98,58.9816,58.98,616.0,58.9433
AHTpI,5.2728,5.2,5.2728,5.125,1710.0058,5.1897
XIDV,38.0549,38.02,38.0549,38.0184,1523.6276,38.0161
OXLCI,25.7499,25.74,25.75,25.74,1620.2968,25.7338
AIOO,26.195,26.2,26.22,26.18,77756.0,26.2091
MMMA,25.2854,25.29,25.29,25.2854,206.0,25.2901
MRGR,45.076,45.09,45.09,45.04,2094.0,45.0792
EMCS,44.829,44.81,44.829,44.75,1518.5876,44.7254
TBFC,29.4,29.38,29.4,29.38,254.0,29.3996
PCLA,1.58,1.66,1.66,1.35,18171.166666,1.4886
FRVO,36.54,36.0,38.41,36.0,35164300.993173,36.8549
OXSQG,24.1899,24.19,24.19,24.1899,1204.0,24.1925
AXIN,10.19,10.18,10.19,10.175,362275.0,10.1872
AACBR,0.2776,0.2776,0.2776,0.2776,139.0,0.2807
XDQQ,40.3154,40.31,40.3154,40.31,725.7587,40.3087
TXXH,23.0473,23.2882,23.2882,23.0473,873.928,23.2344
IAUG,29.68,29.645,29.68,29.62,27943.470389,29.6304
UAUG,41.545,41.5404,41.545,41.54,1578.0,41.5403
KVACW,0.0122,0.0122,0.0137,0.0122,13074.0,0.0124
DSTX,34.3333,34.26,34.3333,34.26,1155.0974,34.2837
OXLCG,25.15,25.39,25.39,25.15,1836.2677,25.2957
PFFL,8.0848,8.1,8.1,8.0848,380.0,8.0911
AVIE,74.2589,74.1,74.2589,74.1,248.1877,74.1149
BBIB,97.7449,97.69,97.7449,97.68,9177.010226,97.6961
ONMDW,0.0453,0.0402,0.0453,0.0402,1923.0,0.04253
GOODO,20.315,20.2047,20.315,20.2047,1258.7805,20.2846
DLNV,32.55,32.55,32.55,32.52,7706.0,32.5238
BDCZ,14.9629,14.99,15.015,14.9629,1611.0,14.9754
ONCH,10.2,10.2,10.2,10.2,12030.097954,10.2
ASCI,37.2488,37.2,37.2488,37.19,1178.4156,37.1858
LXPpC,46.2,46.165,46.2399,46.165,783.8104,46.2068
EKG,15.941,16.01,16.01,15.941,308.664,16.0457
TXXI,50.445,50.455,50.49,50.4,2017.2312,50.4546
PRAE,40.5544,40.49,40.5544,40.49,608.024,40.4953
JULH,25.015,25.01,25.015,25.0,701.7086,25.0078
SOUL.U,10.45,10.71,10.71,10.45,250.0,10.606
BUYB,38.9688,38.98,39.02,38.9688,1235.256,38.9824
QBIF,25.675,25.62,25.73,25.62,250.0,25.674
CPNJ,27.5886,27.571,27.6,27.57,3141.0,27.578
CTApB,68.1794,68.08,68.1794,68.0461,1425.1983,68.1264
SSFI,21.32,21.33,21.33,21.31,993.0082,21.3098
HYBX,29.86,29.8,29.94,29.7601,7103.5473,29.8482
ONCHW,0.4601,0.46,0.465,0.46,3469.0,0.4611
EONR.WS,0.0923,0.1099,0.12,0.0923,13071.0,0.1157
OZ,50.1162,50.1162,50.1162,50.1162,299.0891,50.1079
FSML,27.9197,27.9,27.9197,27.9,107.035,27.8956
NSCI,25.155,25.16,25.19,25.155,1185.9102,25.165
AIMS,26.6496,26.6299,26.65,26.5745,1903.9259,26.6068
STNC,35.7882,35.79,35.79,35.7882,114.2735,35.7866
CCIIW,0.7501,0.7501,0.7876,0.75,3554.0,0.755
PMSE,26.1337,26.15,26.15,26.1337,100.0,26.15
DIT,80.46,80.46,80.46,80.46,396.5817,80.0041
TEXX,28.52,28.35,28.52,28.35,601.0,28.4072
DYLD,22.4513,22.4149,22.4513,22.4149,641.3215,22.4281
TACN,27.7632,27.75,27.7632,27.75,400.0,27.75
IVDAW,0.0491,0.0333,0.0491,0.0331,3100.0,0.03578
OXLCO,24.15,24.15,24.15,24.15,281.0,24.1131
OXLCP,25.075,25.06,25.075,25.06,1703.0851,25.068
KONG,30.8003,30.79,30.8003,30.79,119.0,30.7686
BKSE,123.7815,123.55,123.7815,123.55,1346.8808,123.6778
GGRW,36.9124,36.83,36.9124,36.83,223.0,36.8243
GRMLW,0.254,0.25875,0.28,0.254,4618.548125,0.26
XHG,1.0136,1.025,1.025,1.01,933.113462,1.024
JUNW,34.35,34.32,34.39,34.32,587.0,34.3569
RAND,10.885,10.9,10.9,10.7732,937.582278,10.8863
ICUCW,0.0196,0.0197,0.0197,0.0196,4701.0,0.01962
CELGr,0.1159,0.1148,0.135,0.1148,51847.0,0.1271
RCpC,12.25,12.25,12.25,12.035,952.8066,12.2337
WR,25.2546,25.22,25.2546,25.22,398.946,25.1797
IBGM,24.49,24.49,24.49,24.45,361.0,24.4704
LGCF,34.8779,34.89,34.89,34.8779,797.0,34.888
CRACR,0.16,0.16,0.16,0.159999,1002.0,0.16
OIMAW,0.584,0.5733,0.7,0.5256,6951.0,0.6237
LBTYB,14.8346,14.8346,14.8346,14.8346,1035.506395,14.6614
GMRS,13.98,13.5,15.0,13.15,11388027.226021,13.5276
HLXX,32.6069,32.67,32.79,32.6069,639.9238,32.5901
LUCYW,0.0599,0.0495,0.06,0.039,912.0,0.05291
ZKPW,0.292725,0.28,0.3,0.27,50200.0,0.2871
FDIQ,69.255,68.37,69.255,68.33,890.8057,68.6146
EUDV,52.8737,52.72,52.8737,52.72,618.324378,52.7073
FARX,29.5101,29.56,29.56,29.5101,275.0,29.5281
SSXU,36.4601,36.56,36.56,36.4601,595.2357,36.5288
JOUL,25.7418,25.7,25.7418,25.7,275.649,25.7163
HCICU,10.03,10.03,10.0304,10.03,1489.0,10.03
MEMX,47.3726,47.57,47.57,47.3726,1419.879481,47.4244
ISWN,22.2313,22.18,22.2313,22.16,2103.6012,22.1907
PSFM,34.48,34.45,34.48,34.45,1110.0,34.4499
MAGO,24.8558,24.79,24.8558,24.79,578.498,24.7779
JANI,25.5072,25.46,25.5072,25.46,1032.0,25.4625
DDTF,20.0311,20.0,20.0311,20.0,2275.0,20.0073
PSCX,32.345,32.31,32.345,32.31,1653.0,32.315
PSMD,33.955,33.92,33.955,33.92,2620.0,33.9252
NOVM,33.5352,33.51,33.5352,33.51,1180.0,33.5152
PBNV,30.655,30.65,30.67,30.65,651.0,30.6618
NFEB,30.0266,29.975,30.0321,29.975,1022.0,30.0042
XBNB,28.5149,28.43,28.5149,28.43,341.0,28.4258
EVOXU,10.15,10.15,10.15,10.15,205.0,10.15
NERD,20.661,20.6101,20.661,20.6101,1298.578764,20.6233
MEVOU,10.05,10.05,10.065,10.05,2900.0,10.0505
BHYB,54.1266,54.1,54.16,54.1,181610.0,54.1005
ARL,13.03,13.4999,13.4999,13.01,1586.468762,12.9059
BRRWW,0.2801,0.28792,0.29,0.28,6030.0,0.2881
BUYZ,33.6878,33.71,33.71,33.6878,730.7066,33.7108
ELLA,25.7,25.7,25.7,25.6,2984.0,25.6541
QLV,75.3438,75.2299,75.3438,75.2299,653.579789,75.2389
SDSTW,0.12,0.1189,0.1228,0.1189,2852.0,0.1195
KBFR,25.4717,25.415,25.49,25.4001,3466.0,25.4302
LOGO,20.7009,20.72,20.73,20.7009,3366.7955,20.7264
SCMY,24.9452,24.97,24.97,24.9452,1500.0,24.9697
PCAPU,10.32,10.32,10.3201,10.32,1758.0,10.32
BNCWZ,0.35,0.2708,1.67,0.225,18001.104181,0.5811
BEAGU,10.76,10.76,10.76,10.76,490.0,10.76
DXIV,72.3186,72.31,72.54,72.26,6497.450906,72.3747
OTGL,10.7104,10.87,10.87,10.71,1004.3662,10.7601
CTAAR,0.2198,0.199999,0.2198,0.199999,2012.0,0.2098
BULLW,2.23,2.23,2.23,2.23,316.0,2.2599
NOVZ,46.82,46.76,46.82,46.76,583.4605,46.76
BIAFW,0.24,0.2372,0.24,0.2206,1775.0,0.2333
DGZ,5.3678,5.07,5.43,5.07,810.0,5.286
RVSNW,0.022346,0.022346,0.022346,0.022346,200.0,0.02235
GBLI,28.04,27.6602,28.05,27.6602,1976.0577,27.971
DEFI,90.1681,89.99,90.1681,89.99,252.714711,90.0311
KOKU,129.25,128.96,129.35,128.96,1289.1517,129.0375
GJO,24.8484,24.8484,24.8484,24.8484,200.0,24.8484
FEUZ,68.5188,68.34,68.5188,68.2201,1261.8147,68.23
ADME,55.57,55.57,55.74,55.57,8429.9568,55.6465
IWFL,61.0019,60.87,61.0019,60.87,103.2325,60.8583
TRIO,63.935,63.95,63.98,63.875,5742.539,63.9366
REGCO,22.48,22.45,22.48,22.44,1269.0,22.4565
WENN,10.25,10.25,10.25,10.25,5472.0,10.2459
STLR,19.03,19.1799,19.1799,19.03,929.0,19.1246
BRBI,13.8,13.8,13.8,13.8,469.0,14.0231
BHAVR,0.22,0.215,0.22,0.215,3500.0,0.2154
VRM,11.62,11.89,12.11,11.42,4442.638684,11.8302
MHIG,20.2051,20.2,20.2051,20.2,113.0,20.2008
GEND,12.5681,12.56,12.5681,12.56,626.4497,12.6069
NHPBP,20.5,20.3,20.5,20.2601,9777.0,20.4668
SPTU,25.035,25.035,25.04,25.035,3484.5599,25.0379
XOEX,38.6014,38.63,38.63,38.6014,348204.9562,38.63
VACH,10.63,9.56,11.18,9.5,4379.248349,10.1492
RCKTW,0.0099,0.0082,0.0099,0.0082,1640.0,0.008615
KDVD,27.2168,27.23,27.23,27.2168,102.0,27.2306
BBBL,47.4936,47.4905,47.4936,47.4905,424.458,47.49
SRZNW,0.0254,0.0254,0.0254,0.0254,237.814229,0.02534
PSCD,102.0605,102.14,102.14,102.0605,295.0851,102.0715
FPXE,34.695,34.61,34.695,34.61,632.7991,34.6102
YFYA,9.83,9.84,9.84,9.83,28703.0248,9.8399
SGLC,43.12,43.115,43.18,43.07,18477.5468,43.1367
MVPL,42.1413,42.15,42.1501,42.1413,252.9087,42.1471
XJAN,38.06,38.06,38.06,38.02,729.0,38.0326
IWML,30.1328,29.9401,30.1328,29.9401,169.1,29.9429
ZKP,9.91,9.91,9.91,9.91,110.0,9.9091
GRBKpA,23.42,23.02,23.91,23.02,24915.249,23.2534
RNTY,50.0402,50.05,50.05,50.0402,292.3282,50.0308
TEMD,24.81,24.84,24.84,24.81,106.955485,24.8388
LCR,39.1801,39.18,39.21,39.18,1711.8013,39.1827
GTOC,25.0797,25.07,25.0797,25.07,527.6239,25.0688
BTR,27.3807,27.35,27.3807,27.35,1723.0,27.3502
KSEP,30.0383,30.01,30.0383,30.01,454.0,30.0006
OAKI,25.3145,25.31,25.32,25.31,1423.381,25.3131
ARTC,9.86,9.86,9.86,9.86,4028.0,9.86
JUNP,31.705,31.72,31.73,31.705,2170.0,31.722
PBJL,31.0001,31.01,31.02,31.0,4451.0,31.009
TIER,31.72,31.715,31.8,31.715,1464.063,31.6913
OTGA,10.11,10.12,10.12,10.11,11236.0,10.1196
UPLT,41.6315,42.12,42.12,41.6315,241.0,42.0351
LATA,10.05,10.07,10.07,10.05,668.0,10.0563
ARCIW,0.495,0.545,0.55,0.495,34508.0,0.5468
MLAAW,0.5,0.5253,0.54,0.5,29852.945668,0.5139
VCLN,33.676,33.33,33.74,33.33,2603.0,33.4418
SDHI,10.38,10.38,10.38,10.38,150006.0,10.38
SCCF,23.9034,23.9034,23.9034,23.9034,384.0,23.9078
PONO,9.87,9.87,9.87,9.87,12908.0,9.8706
HWAY,37.31,37.5699,37.5699,37.31,753.4194,37.4245
SPDG,44.7964,44.84,44.84,44.7964,2055.2282,44.8145
HDMV,37.5891,37.51,37.5891,37.51,115.0273,37.5135
EDGE,48.5058,48.5999,48.6,48.5058,1933.291,48.5775
GTERR,0.1188,0.1188,0.1188,0.1188,213.0,0.1151
MHLA,13.0001,12.9,13.0001,12.9,829.0,12.9707
NEWTI,25.411,25.411,25.411,25.411,198.0,25.4097
FGNXP,25.75,25.66,25.75,25.66,1617.2419,25.7117
CCIIU,10.38,10.38,10.38,10.38,1076.0,10.38
XLYI,23.3166,23.37,23.3701,23.3166,1033.8438,23.3655
PCGpC,18.48,18.48,18.48,18.48,208.9037,18.4815
PMTR,10.3,10.3,10.3,10.3,972.0,10.3065
XHYI,37.58,37.59,37.59,37.58,761.0,37.5843
SFBC,41.54,41.52,41.625,41.52,2508.9506,41.6231
AENTW,0.6,0.59,0.6054,0.59,40334.0,0.6003
PALO,9.86,9.86,9.86,9.86,450.473,9.8601
TRGS,9.87,9.87,9.87,9.87,42148.0,9.87
AFSC,35.4201,35.47,35.47,35.4201,862.6594,35.4684
BJUN,48.74,48.74,48.82,48.74,1992.0,48.7678
GSHR,10.385,10.38,10.385,10.38,15423.0,10.3801
CEFD,18.9474,19.04,19.06,18.9474,627.3041,19.0265
EUDAW,0.0449,0.0345,0.0449,0.0331,23230.084639,0.03354
DECO,68.2925,68.625,68.625,68.2925,359.633,68.1073
BCLO,49.59,49.53,49.63,49.53,1648.071593,49.5821
DIVE,25.59,25.59,25.61,25.59,4820.563475,25.5898
BFIX,25.3,25.284,25.37,25.284,462.8618,25.3163
PBJA,32.0,32.0,32.01,32.0,3595.0,32.002
JANH,24.9,24.905,24.905,24.9,233.1535,24.9036
KRSP.WS,0.84,0.84,0.84,0.84,359.0,0.8407
CLBR.WS,0.81,0.7223,0.81,0.6697,1030.0,0.7357
RMME,100.0,100.19,100.19,100.0,9896.0,100.1221
TJUN,23.525,23.54,23.54,23.525,100.0,23.54
SDFI,35.575,35.535,35.575,35.535,433.1436,35.5465
FLOW,36.4849,36.38,36.6,36.38,279.8095,36.4712
AVGB,50.975,50.96,50.975,50.96,1804.0,50.9602
PALOW,0.38,0.38,0.38,0.38,100.0,0.38
GLED,9.9,9.91,9.91,9.9,28523.0,9.9032
HBTC,20.7425,20.81,20.81,20.7425,106.293,20.8084
PMMR,26.975,26.975,26.975,26.975,300.0,26.975
IVSX,24.588,24.6,24.6,24.588,104.0,24.5988
PCPI,50.65,50.65,50.65,50.65,292.0,50.6555
MAPP,28.0071,27.98,28.0598,27.98,1171.0,28.0369
OXSQH,25.3,25.3,25.3,25.3,200.0,25.3
WAMA,26.065,26.1099,26.1099,26.065,564.0,26.0725
VHC,12.72,13.45,13.45,12.72,6590.1435,13.5436
CBOY,24.4351,24.435,24.45,24.435,5503.0,24.4419
HAPI,43.69,43.72,43.72,43.69,386.2478,43.6765
VLLU,25.1061,25.07,25.1061,25.07,220.199,25.0824
CDTTW,0.0122,0.0093,0.0122,0.0093,83100.0,0.01142
BTRN,28.3454,28.34,28.3454,28.34,453.0971,28.3929
PGAC,10.54,10.53,10.54,10.53,2332.0,10.5391
NCPB,24.885,24.88,24.885,24.87,1865.1262,24.8742
DNMXU,10.13,10.13,10.13,10.1299,312.0,10.1296
WIMA,41.8025,41.7699,41.8025,41.7699,807.0,41.8101
USVN,47.7247,47.685,47.7247,47.685,1096.4278,47.6853
TFNS,26.0173,26.05,26.05,26.0173,1453.8928,26.0521
SPUT,28.3952,28.3402,28.48,28.34,11618.869605,28.4249
RMCA,24.195,24.2,24.2,24.175,1490.0,24.1854
FEIG,40.75,40.73,40.75,40.73,269.9523,40.73
ADVE,47.0932,47.14,47.14,47.0932,186.0674,47.1352
NYNY,25.2462,25.29,25.29,25.2462,401.198,25.2898
LVIG,98.3454,98.33,98.3454,98.33,380.0,98.33
GMEY,30.284,30.45,30.45,30.284,928.8225,30.4742
MFUL,22.325,22.33,22.33,22.325,342.1637,22.3288
AETH,32.5783,32.59,32.59,32.5783,290.013683,32.6666
TMSF,50.145,50.13,50.145,49.9476,768.0,50.1052
PCCE,13.9439,13.61,13.9439,13.56,867.5592,13.6027
GECCG,25.075,25.02,25.075,25.02,882.0,25.0437
GTERU,10.4,10.4,10.4,10.4,207.0,10.3994
SASS,24.1169,24.12,24.12,24.1169,110.0,24.12
HOLD,34.22,34.24,34.278,34.22,1769.9139,34.2583
BAY,26.8623,26.9,26.9,26.8623,104.187,26.8995
MMTXW,0.14,0.14,0.14,0.14,296.0,0.14
AGGS,40.585,40.6,40.6,40.585,2123.0,40.5972
SUMAR,0.22,0.25,0.25,0.22,300.0,0.24
NSApB,30.9799,30.96,30.9799,30.96,553.7294,30.6348
BLUWW,0.42,0.35,0.42,0.35,200.0,0.385
ACLO,50.38,50.4,50.4,50.38,349.8554,50.398
ANSC,11.34,11.34,11.34,11.34,4985.57686,11.34
SHAG,47.51,47.51,47.53,47.505,1096.9856,47.512
IRAB.WS,0.2902,0.32,0.32,0.29,901.0,0.2983
OBA,10.18,10.18,10.18,10.18,15802.0,10.18
SEALpA,25.63,25.65,25.65,25.63,977.8699,25.6423
MEDX,33.3952,33.3502,33.3952,33.31,480.5763,33.3217
AACPU,10.05,10.05,10.05,10.05,505.0,10.0501
SHOpH,21.44,21.5,21.5099,21.44,3851.7977,21.4731
CPSJ,27.475,27.485,27.485,27.475,1660.57661,27.485
CBOO,24.465,24.46,24.465,24.43,819.2713,24.4387
CMCI,30.2968,30.41,30.41,30.2968,607.0,30.398
PULT,50.34,50.3312,50.345,50.33,1640.7618,50.3328
SIXD,30.605,30.62,30.62,30.6,5254.0,30.6106
PSFJ,34.745,34.745,34.77,34.745,8552.0,34.7569
PIFI,94.14,94.13,94.14,94.13,143.0654,94.1109
PMDE,25.7,25.79,25.79,25.7,194.0,25.79
RTACW,0.81,0.8396,0.8396,0.81,502.0,0.8142
TMYY,24.905,24.97,24.97,24.905,715.58,24.8853
GTENU,10.47,10.47,10.47,10.43,11354.0,10.4631
BUFM,40.12,40.17,40.17,40.12,35976.0,40.1685
TWLV,9.92,9.945,9.945,9.92,40002.0,9.9233
CSHP,99.445,99.4308,99.445,99.4308,188.0119,99.4349
DVQQ,31.4561,31.48,31.525,31.4561,2318.9867,31.465
CUB,10.8,10.8,10.8,10.8,197.092261,10.7959
IMF,52.7743,52.77,53.035,52.77,895.134,52.855
GTEN,10.36,10.36,10.36,10.36,11522.0,10.36
GTENW,0.7,0.65,0.7,0.65,2600.0,0.6596
CCSB,20.005,20.005,20.005,20.005,315.8792,20.0043
PCGpE,18.8,18.8,18.8,18.8,816.9845,18.8055
ABLVW,0.017201,0.0172,0.017201,0.0172,200.0,0.0172
CNCG,28.6676,29.2599,29.27,28.6676,7168.593922,29.2489
GLCR,26.82,26.82,26.82,26.82,316.384,26.8738
KYC,23.7319,23.77,23.77,23.7319,102.21,23.7698
SZK,21.5422,21.5208,21.5422,21.5208,232.8884,21.4982
XFLH.U,10.05,10.01,10.05,10.01,607.0,10.0287
WNDR,25.1295,25.15,25.15,25.1295,102.397,25.1489
EVNT,11.85,11.84,11.85,11.835,2984.075,11.8429
PAACU,10.03,10.03,10.03,10.03,100.0,10.03
CCXI,10.24,10.24,10.24,10.24,119.001,10.2398
INVG,25.375,25.37,25.375,25.3699,472.8735,25.3709
CBXY,22.0503,22.04,22.0503,22.04,433.8847,22.0412
LQ,25.2162,25.2,25.2162,25.2,128.09,25.2138
USCA,43.6721,43.75,43.75,43.6721,316.8087,43.6001
CXAIW,0.034,0.0333,0.0342,0.031249,4991.0,0.03322
SVACU,10.79,10.79,10.79,10.79,100.0,10.79
KBONU,10.23,10.23,10.23,10.21,4723.0,10.2288
LKSPR,1.0,1.0,1.0,1.0,606.0,0.9342
FDRS,23.13,23.2,23.2,23.1,23109.237,23.1274
SVAQ,9.95,9.95,9.95,9.95,995.0,9.9499
FSGS,30.3403,30.35,30.3501,30.3403,300.9962,30.3326
JULM,34.35,34.35,34.35,34.35,1518.0,34.3497
TSCV,30.1939,30.24,30.24,30.1939,615.0,30.2535
CBOX,100.2751,100.25,100.2751,100.25,41366.0,100.275
MARU,29.5765,29.59,29.59,29.5765,2500.0,29.59
OXLCN,24.9136,24.9136,24.9136,24.9136,333.6618,24.9234
NTRBW,1.12,1.14,1.14,1.12,2136.0,1.1211
MEVOW,0.39,0.37,0.39,0.37,400.0,0.375
CHNU,25.8627,25.92,25.92,25.8627,501.191,26.0141
ACAAW,0.6,0.4721,0.6,0.4721,408.0,0.5368
GMMA,21.5051,21.56,21.56,21.5051,122.0,21.5373
BEMB,53.1866,53.2,53.2,53.1866,4248.966904,53.2016
MCVT,26.7037,26.83,26.83,26.7037,958.0,26.8296
LEAD,85.4104,85.56,85.56,85.4104,412.8467,85.4147
INACR,0.1201,0.1201,0.1201,0.1201,440.75791,0.1218
IBFR,49.6569,49.665,49.665,49.655,681.0,49.6519
MSTQ,39.2933,39.39,39.39,39.2933,217.3449,39.3478
IMPPP,26.0395,26.0395,26.0395,26.0395,196.208292,26.0313
PBFB,31.635,31.65,31.65,31.635,594.0,31.65
PBMR,31.82,31.83,31.83,31.82,629.0,31.8296
PBJN,30.835,30.83,30.835,30.83,1864.0,30.8301
XHYE,39.185,39.1101,39.185,39.1101,263.1169,39.1188
BEGS,21.32,21.28,21.32,21.28,1398.6287,21.2924
SCCG,23.975,23.95,23.975,23.95,977.0,23.9727
BIII,9.89,9.91,9.91,9.88,12215.0,9.8924
QQDN,20.1952,20.1799,20.1952,20.15,780.7365,20.1819
UNIY,48.38,48.36,48.38,48.36,134.996283,48.3598
TMNS,50.005,50.0,50.005,50.0,1060.408,50.0
DMAA,10.6,10.6,10.6,10.6,107.0,10.5992
EFU,7.62,7.75,7.75,7.49,2613.9506,7.5661
XNAV,96.8882,97.02,97.02,96.8882,231.9517,97.0061
JRE,26.7887,26.785,26.7887,26.785,161.475,26.8436
RHTX,20.5049,20.525,20.525,20.5049,572.78,20.5257
FEDU,9.5,9.5,9.5,9.5,773.0,10.511
TOK,149.17,149.36,149.36,149.17,1815.225493,149.1208
CPSA,27.5683,27.585,27.585,27.5683,2060.0,27.585
IQSM,37.5185,37.58,37.58,37.5185,142229.25,37.5634
FGSI,19.805,19.81,19.81,19.805,943.3076,19.8082
HFBL,19.75,19.75,19.75,19.75,4119.536425,19.737
DSAC,9.95,9.95,9.95,9.95,20106.0,9.95
GRN,29.6716,29.651,29.6716,29.651,2998.5275,29.6499
KELYB,16.15,15.445,16.15,15.445,4159.146731,15.9718
BEAGR,0.2211,0.2211,0.2211,0.2211,195.0,0.2213
XCNY,32.2649,32.31,32.31,32.2649,201.9918,32.2696
REAI,21.5836,21.57,21.5836,21.57,134.5342,21.5453
YOKE,31.338,31.395,31.395,31.338,366.1175,31.391
GIX,9.87,9.87,9.87,9.87,15011.0,9.87
CBOT,27.26,27.31,27.31,27.26,353.856,27.1838
BLUW,10.25,10.25,10.25,10.25,19728.0,10.2499
FORTY,138.89,138.89,138.89,138.89,236.008,139.2268
HNNAZ,24.96,24.96,24.96,24.96,217.0,24.9572
BETH,44.2755,44.19,44.2755,44.19,742.153351,44.2362
BNCWW,0.0205,0.023851,0.023851,0.0205,10744.0,0.02157
BEAG,10.5409,10.5409,10.5409,10.5409,1160.0,10.5425
DRMAW,0.0112,0.0112,0.0112,0.0112,1400.0,0.0112
LFMDP,23.86,23.86,23.86,23.86,162.0,23.8379
FLAO,28.05,28.03,28.05,28.03,129.0,28.03
AGRW,31.9101,31.89,31.9101,31.89,675.540185,31.8649
SVAQW,0.3099,0.28,0.31,0.28,985.0,0.2929
XHYT,33.7688,33.76,33.7688,33.76,115.9042,33.7609
RNGT,10.05,10.05,10.05,10.05,482.0,10.0497
XFLH,9.95,9.95,9.95,9.95,352.0,9.95
IPEX,10.445,10.445,10.445,10.445,4345.0,10.4407
MBVIW,0.3601,0.36,0.3601,0.36,201.0,0.36
CPNS,27.9339,27.93,27.9339,27.93,1230.0,27.93
TENM,26.73,26.67,26.73,26.67,381.0,26.6857
EAFG,26.17,26.17,26.17,26.17,658.0082,26.1561
IBGK,22.925,22.91,22.925,22.91,1290.7308,22.9116
MBVIU,10.2,10.2,10.2,10.2,109.0,10.2
QSML,30.3392,30.38,30.38,30.3392,1003.2236,30.3816
LQDB,86.1695,86.1625,86.175,86.1625,738.9901,86.1208
FACT,10.58,10.58,10.58,10.58,14182.134215,10.5742
EFFI,25.04,25.04,25.04,25.04,508.0,25.0379
TUG,45.57,45.57,45.57,45.57,1486.8145,45.5684
ECCV,23.98,24.02,24.06,23.98,2133.924,24.0246
KFFB,4.29,4.29,4.29,4.29,1419.0,4.4917
PSET,74.6294,74.58,74.6294,74.58,1083.2163,74.5757
SENEB,138.75,138.75,138.75,138.75,217.0,138.7597
IACO,9.86,9.86,9.86,9.86,285.0,9.8601
RMIF,24.23,24.23,24.23,24.23,365.6783,24.2297
BRID,7.46,7.46,7.46,7.46,225.0,7.619
BLRK,9.94,9.94,9.94,9.94,120.0,9.94
NDAA,23.97,24.0,24.0,23.97,228.0,23.9075
ABVEW,0.14,0.14,0.14,0.14,393.0,0.1413
HHS,2.81,2.81,2.81,2.81,384.616,2.8182
KRAQ,9.89,9.89,9.89,9.89,382.0,9.8909
MCOW,20.28,20.28,20.28,20.28,212.0,20.2784
SPXE,79.9231,79.91,79.9231,79.91,202.5622,79.753
GLED.U,10.11,10.11,10.11,10.11,132.0,10.11
RTAI,21.23,21.23,21.23,21.23,974.0,21.2311
CLBR,10.12,10.12,10.12,10.12,259.0,10.1207
PHYD,50.92,50.92,50.92,50.92,140.0,50.9109
RND,31.7113,31.7113,31.7113,31.7113,121.552,31.4824
VNIE,26.6467,26.6467,26.6467,26.6467,2.0,26.6322
USFE,34.5886,34.5886,34.5886,34.5886,18.0,34.4947
IGGY,27.8316,27.8316,27.8316,27.8316,0.071,27.835
RAAY,101.3399,101.3399,101.3399,101.3399,0.0,
BUYO,30.7565,30.7565,30.7565,30.7565,31.0,30.7314
JHAC,14.83,14.83,14.83,14.83,0.0,
JHID,43.3203,43.3203,43.3203,43.3203,14.7515,43.087
CRXP,19.83,19.83,19.83,19.83,2.0,19.8295
GEOA,35.9209,35.9209,35.9209,35.9209,2.8169,35.8169
MIDE,36.5732,36.5732,36.5732,36.5732,7.9742,36.628
OGSP,10.01,10.01,10.01,10.01,24.7742,9.9917
GAUD,24.1086,24.1086,24.1086,24.1086,0.0,
SURE,135.7762,135.7762,135.7762,135.7762,41.2581,135.5729
EPMV,26.0381,26.0381,26.0381,26.0381,5.0,26.07
MUSQ,25.8063,25.8063,25.8063,25.8063,62.9402,25.7475
PCRB,46.015,46.015,46.015,46.015,2.0,46.0092
DPRE,25.6071,25.6071,25.6071,25.6071,0.0,
SRHR,57.378,57.378,57.378,57.378,22.539,57.2737
ACVT,27.3973,27.3973,27.3973,27.3973,52.0,27.4284
IGCB,45.6803,45.6803,45.6803,45.6803,6.4049,45.6802
BEDZ,33.2768,33.2768,33.2768,33.2768,132.1069,33.2241
BCGS,27.1317,27.1317,27.1317,27.1317,0.0,
EPSB,26.6271,26.6271,26.6271,26.6271,2.0,26.54
USMD,30.9051,30.9051,30.9051,30.9051,0.0,
GBHI,25.365,25.365,25.365,25.365,32.0,25.34
KLMT,33.89,33.89,33.89,33.89,19.6885,33.8676
JHDV,45.3568,45.3568,45.3568,45.3568,12.0,45.3567
AZTD,32.5062,32.5062,32.5062,32.5062,7.0,32.2831
EMFI,50.09,50.09,50.09,50.09,0.0,
YFFI,10.01,10.01,10.01,10.01,35.0,10.0623
FEUS,80.4124,80.4124,80.4124,80.4124,4.904,80.2423
APDB,25.52,25.52,25.52,25.52,0.0,
LOPP,37.7583,37.7583,37.7583,37.7583,6.053005,37.7578
AAUM,21.2564,21.2564,21.2564,21.2564,41.0,21.2302
LGDX,24.63,24.63,24.63,24.63,5.0,24.475
NRSH,31.5983,31.5983,31.5983,31.5983,145.9798,31.4749
YYYM,19.8952,19.8952,19.8952,19.8952,23.4003,19.9194
SIFI,43.56,43.56,43.56,43.56,13.8871,43.5453
HAPS,34.0283,34.0283,34.0283,34.0283,5.5404,34.0187
ZCBF,49.3047,49.3047,49.3047,49.3047,0.0,
MOTO,66.9671,66.9671,66.9671,66.9671,145.244433,66.8478
DTAN,32.1624,32.1624,32.1624,32.1624,117.0,32.144
MMK,100.12,100.12,100.12,100.12,120.0,100.1187
VCOB,49.475,49.475,49.475,49.475,3.979786,49.468
EPEM,29.1426,29.1426,29.1426,29.1426,4.0,29.1273
ARKD,20.0582,20.0582,20.0582,20.0582,9.0,20.0098
ZSC,31.5399,31.5399,31.5399,31.5399,31.3704,31.7842
PQNT,22.4906,22.4906,22.4906,22.4906,4.0,22.4689
CBLS,33.4253,33.4253,33.4253,33.4253,8.702381,33.2578
KCSH,25.08,25.08,25.08,25.08,98.960144,25.0753
BRAZ,31.1415,31.1415,31.1415,31.1415,183.972545,32.0683
BCKT,42.5947,42.5947,42.5947,42.5947,5.2589,42.5766
VPX,27.9735,27.9735,27.9735,27.9735,13.0,27.9788
FOPC,25.505,25.505,25.505,25.505,190.0,25.4899
EXEQ,25.7558,25.7558,25.7558,25.7558,0.0,
TKNQ,24.037,24.037,24.037,24.037,77.0,23.9894
KDRN,23.27,23.27,23.27,23.27,4.0,23.2665
CARU,22.7824,22.7824,22.7824,22.7824,58.0,22.3738
EFFE,27.4027,27.4027,27.4027,27.4027,7.0,27.2433
SCDL,52.3863,52.3863,52.3863,52.3863,58.0,52.3375
ONEO,145.3674,145.3674,145.3674,145.3674,33.280782,145.3423
GBF,103.4232,103.4232,103.4232,103.4232,188.124383,103.3688
DIVL,24.8814,24.8814,24.8814,24.8814,11.4387,24.8083
VUS,29.5138,29.5138,29.5138,29.5138,113.03,29.5804
FCFY,26.5477,26.5477,26.5477,26.5477,27.037,26.4572
SHUS,48.7057,48.7057,48.7057,48.7057,0.0,
RESM,22.6697,22.6697,22.6697,22.6697,310.0,22.6268
TIPC,100.672,100.672,100.672,100.672,0.0,
VYLD,28.139,28.139,28.139,28.139,100.0,28.178
RJVI,24.97,24.97,24.97,24.97,0.0,
AGRH,26.215,26.215,26.215,26.215,4.8574,26.2071
ZCBE,49.4003,49.4003,49.4003,49.4003,0.0,
FSEV,25.1294,25.1294,25.1294,25.1294,115.714,25.1256
GAID,24.4108,24.4108,24.4108,24.4108,0.0,
WCMG,20.7051,20.7051,20.7051,20.7051,24.0,20.6071
JLQD,41.22,41.22,41.22,41.22,22.3169,41.1991
PCFI,22.945,22.945,22.945,22.945,18.0,22.9938
VEM,27.4729,27.4729,27.4729,27.4729,500.0,27.5615
PCLN,30.1808,30.1808,30.1808,30.1808,84.9964,30.0292
AV,25.9732,25.9732,25.9732,25.9732,34.136,25.8607
LGHT,8.0583,8.0583,8.0583,8.0583,3.198,7.9999
NITE,37.6678,37.6678,37.6678,37.6678,76.026,37.5858
FLSA,33.337,33.337,33.337,33.337,113.5069,33.3895
MLDR,48.67,48.67,48.67,48.67,5.9664,48.6595
FLYU,38.015,38.015,38.015,38.015,587.6861,37.9567
TGLB,28.285,28.285,28.285,28.285,23.068,28.1662
SPYC,45.1792,45.1792,45.1792,45.1792,930.448209,45.117
KNO,60.4699,60.4699,60.4699,60.4699,38.054,60.3601
BFJL,16.845,16.845,16.845,16.845,2.0,16.8441
TROT,24.72,24.72,24.72,24.72,2.0,24.73
ASGM,31.705,31.705,31.705,31.705,7.3304,31.6041
FTHB,25.235,25.235,25.235,25.235,0.0,
ARKI,21.825,21.825,21.825,21.825,7.0,21.8031
JIDE,49.8508,49.8508,49.8508,49.8508,5.0,49.63
NBTR,49.945,49.945,49.945,49.945,110.0,49.8922
VNSE,41.5095,41.5095,41.5095,41.5095,0.0,
MUSE,49.745,49.745,49.745,49.745,8.02,49.7087
NBGX,29.3876,29.3876,29.3876,29.3876,6.0,29.1901
REFA,22.1403,22.1403,22.1403,22.1403,0.0,
NVIR,39.6109,39.6109,39.6109,39.6109,147.2374,39.3602
GXPE,33.754,33.754,33.754,33.754,36.0,33.5761
CPRJ,27.4478,27.4478,27.4478,27.4478,0.0,
SROI,36.7778,36.7778,36.7778,36.7778,82.4782,36.7978
SUPL,44.4751,44.4751,44.4751,44.4751,42.6754,44.4906
IVRS,32.9665,32.9665,32.9665,32.9665,24.097,32.9874
MHY,25.3003,25.3003,25.3003,25.3003,8.0,25.282
XHYC,36.865,36.865,36.865,36.865,107.6843,36.8691
MAVF,133.0298,133.0298,133.0298,133.0298,41.1217,132.6989
AUSM,25.06,25.06,25.06,25.06,94.673,25.0695
BNDD,97.3213,97.3213,97.3213,97.3213,70.165,97.1918
SAWS,23.3819,23.3819,23.3819,23.3819,13.4543,23.3476
LBAY,26.6907,26.6907,26.6907,26.6907,150.247263,26.6328
BSR,30.1007,30.1007,30.1007,30.1007,46.0,30.0813
DHSB,26.9099,26.9099,26.9099,26.9099,9.582861,26.8728
BFJA,19.2042,19.2042,19.2042,19.2042,0.0,
STBQ,22.355,22.355,22.355,22.355,219.1,22.4172
MTUL,57.1783,57.1783,57.1783,57.1783,1303.0,56.5862
ZCBA,49.4255,49.4255,49.4255,49.4255,0.0,
ODHY,9.985,9.985,9.985,9.985,6.0,10.115
BCOR,27.1896,27.1896,27.1896,27.1896,51.5695,28.0731
AJUL,29.86,29.86,29.86,29.86,22.5037,29.8342
JPAN,41.965,41.965,41.965,41.965,35.0,41.8876
WMSB,25.055,25.055,25.055,25.055,2.0,25.051
GXUS,62.7371,62.7371,62.7371,62.7371,217.171,62.5849
IQSZ,31.156,31.156,31.156,31.156,4.079,31.0841
LITL,30.7718,30.7718,30.7718,30.7718,6.8349,30.7978
QLVE,33.4109,33.4109,33.4109,33.4109,5.5514,33.3178
CPNQ,27.255,27.255,27.255,27.255,141.0,27.21
RSJN,36.052,36.052,36.052,36.052,108.0,36.0221
HBRD,24.7178,24.7178,24.7178,24.7178,0.0,
USML,41.4973,41.4973,41.4973,41.4973,32.0,41.2937
CLIX,59.4436,59.4436,59.4436,59.4436,69.0045,59.3634
LCO,28.5657,28.5657,28.5657,28.5657,0.0,
LTAX,24.9959,24.9959,24.9959,24.9959,5.0,24.985
PGRI,27.1249,27.1249,27.1249,27.1249,0.0,
QDIV,36.3807,36.3807,36.3807,36.3807,169.6622,36.4312
RW,24.5635,24.5635,24.5635,24.5635,98.5841,24.3923
TEC,31.4985,31.4985,31.4985,31.4985,90.941,31.2528
ETFT,9.6296,9.6296,9.6296,9.6296,22.378,9.6586
NOEQ,28.5013,28.5013,28.5013,28.5013,0.0,
VMSB,49.6,49.6,49.6,49.6,0.0,
NISM,25.0107,25.0107,25.0107,25.0107,150.0,24.9264
VDI,35.4561,35.4561,35.4561,35.4561,51.0,35.2726
CPST,27.6353,27.6353,27.6353,27.6353,94.0,27.5874
WISD,101.14,101.14,101.14,101.14,14.9957,101.1446
BNKD,45.9476,45.9476,45.9476,45.9476,159.167,45.4741
ZCBC,49.43,49.43,49.43,49.43,2.0,49.4298
WSDB,24.9952,24.9952,24.9952,24.9952,0.0,
ZCBB,49.3678,49.3678,49.3678,49.3678,0.0,
IQRA,30.4667,30.4667,30.4667,30.4667,2.0,30.4664
EGLE,29.7279,29.7279,29.7279,29.7279,5.0,29.714
NMBL,20.9601,20.9601,20.9601,20.9601,70.114,21.0499
SMDX,25.4165,25.4165,25.4165,25.4165,0.0,
OND,35.3223,35.3223,35.3223,35.3223,273.3,35.2459
AJAN,28.3304,28.3304,28.3304,28.3304,71.0,28.3127
BNGE,31.0196,31.0196,31.0196,31.0196,146.4075,30.9183
ATTR,94.103,94.103,94.103,94.103,55.0,94.097
TINS,28.8533,28.8533,28.8533,28.8533,0.0,
MUNX,24.9595,24.9595,24.9595,24.9595,66.0,24.955
TIPD,100.116,100.116,100.116,100.116,0.0,
ARCM,100.2,100.2,100.2,100.2,171.2509,100.2364
CVRD,18.3675,18.3675,18.3675,18.3675,11.5496,18.3551
UPAR,16.884,16.884,16.884,16.884,29.465344,16.8549
MHIP,20.0069,20.0069,20.0069,20.0069,36.0,21.1175
IFED,42.2021,42.2021,42.2021,42.2021,1.0,42.1001
SSMG,26.5799,26.5799,26.5799,26.5799,2.0,26.4997
GRPZ,29.3371,29.3371,29.3371,29.3371,14.5609,29.2751
VUSI,50.16,50.16,50.16,50.16,2.0,50.16
VICE,32.7249,32.7249,32.7249,32.7249,285.760477,32.7367
MUNC,102.04,102.04,102.04,102.04,5.022,102.1003
QIDX,11.1601,11.1601,11.1601,11.1601,85.178822,11.1534
BBLB,80.2351,80.2351,80.2351,80.2351,58.185155,80.2969
UPGD,76.6256,76.6256,76.6256,76.6256,182.0,76.6764
QULL,62.5573,62.5573,62.5573,62.5573,0.0,
GUSA,64.041,64.041,64.041,64.041,0.05,64.03
QVMS,31.6856,31.6856,31.6856,31.6856,10.7502,31.7089
EPMB,25.8319,25.8319,25.8319,25.8319,2.0,25.86
TBFG,32.3799,32.3799,32.3799,32.3799,4.887132,32.2987
DESK,36.767,36.767,36.767,36.767,6.1416,36.5999
XITK,187.6505,187.6505,187.6505,187.6505,277.9159,186.6285
STAX,25.38,25.38,25.38,25.38,111.2311,25.3935
GMOC,50.125,50.125,50.125,50.125,4.9948,50.1211
LSVD,33.7574,33.7574,33.7574,33.7574,68.72738,33.6545
MDAA,118.4166,118.4166,118.4166,118.4166,1.0,118.2
USE,33.765,33.765,33.765,33.765,124.6567,34.1431
IRVH,19.74,19.74,19.74,19.74,6.9779,19.7371
MUNA,100.295,100.295,100.295,100.295,0.0,
LVLN,24.79,24.79,24.79,24.79,400027.0,24.81
SXQG,31.5138,31.5138,31.5138,31.5138,112.9994,31.5357
TOV,31.1896,31.1896,31.1896,31.1896,71.967233,31.1843
QVMM,34.2354,34.2354,34.2354,34.2354,99.6137,34.165
AUGM,34.8,34.8,34.8,34.8,204.0,34.781
GGM,28.7898,28.7898,28.7898,28.7898,11.0,28.724
OAKG,24.9365,24.9365,24.9365,24.9365,46.4371,24.8804
GURU,65.0115,65.0115,65.0115,65.0115,356.4133,64.8403
MUNB,100.525,100.525,100.525,100.525,0.0,
SZNE,38.2094,38.2094,38.2094,38.2094,207.8813,38.176
ESBG,22.8951,22.8951,22.8951,22.8951,29.9829,22.784
TTOP,18.5456,18.5456,18.5456,18.5456,27.0,18.5194
MJSC,61.3991,61.3991,61.3991,61.3991,57.0,61.5675
TEMR,28.5302,28.5302,28.5302,28.5302,38.069,28.5443
SHPP,33.0943,33.0943,33.0943,33.0943,28.9749,33.0666
RCLY,100.5602,100.5602,100.5602,100.5602,0.027,100.72
CCRP,19.72,19.72,19.72,19.72,4.0,19.715
XHYF,37.11,37.11,37.11,37.11,24.259,37.0662
PCLO,24.975,24.975,24.975,24.975,14.0,24.9746
SDCP,25.6398,25.6398,25.6398,25.6398,6.0,25.6173
FRIZ,25.9009,25.9009,25.9009,25.9009,8.0,25.8215
ABOT,37.1823,37.1823,37.1823,37.1823,8.4615,36.9576
GARA,27.77,27.77,27.77,27.77,0.0,
IWDL,58.7774,58.7774,58.7774,58.7774,0.0,
GGOV,49.875,49.875,49.875,49.875,88.979984,49.7574
EMES,28.0228,28.0228,28.0228,28.0228,0.0,
ZCBG,49.2975,49.2975,49.2975,49.2975,0.0,
FLAG,27.1093,27.1093,27.1093,27.1093,20.8226,27.0781
RNWZ,32.4393,32.4393,32.4393,32.4393,89.9056,32.4733
HULL,25.3698,25.3698,25.3698,25.3698,103.823,25.3155
ODDZ,24.3821,24.3821,24.3821,24.3821,33.205,24.3892
HMAY,25.23,25.23,25.23,25.23,0.0,
CVAR,28.407,28.407,28.407,28.407,2.0,28.41
DVVY,26.0028,26.0028,26.0028,26.0028,2.0,26.0066
CBXL,20.615,20.615,20.615,20.615,4.0,20.6478
FLDZ,29.983,29.983,29.983,29.983,37.8286,29.8921
QIG,44.4117,44.4117,44.4117,44.4117,62.05347,44.3887
QFRD,26.7102,26.7102,26.7102,26.7102,23.0,26.6322
NVDO,21.316,21.316,21.316,21.316,12.0,21.3458
SPCZ,25.813,25.813,25.813,25.813,2.0,25.8078
HELX,33.799,33.799,33.799,33.799,8.4714,33.8232
QFHD,25.7225,25.7225,25.7225,25.7225,10.0,25.6852
JANJ,24.84,24.84,24.84,24.84,7.9335,24.8289
PMFB,27.155,27.155,27.155,27.155,1.0,27.15
XIDE,30.285,30.285,30.285,30.285,70.6744,30.2788
GOVM,25.01,25.01,25.01,25.01,10.0,25.01
PMJL,26.445,26.445,26.445,26.445,0.0,
MMAY,32.4,32.4,32.4,32.4,0.0,
PMAU,26.39,26.39,26.39,26.39,0.0,
SPYA,29.8805,29.8805,29.8805,29.8805,6.9627,29.7473
MFEB,32.36,32.36,32.36,32.36,0.0,
LIFT,24.9664,24.9664,24.9664,24.9664,9.6458,24.9583
TDEC,26.2473,26.2473,26.2473,26.2473,55.0,26.23
STYL,23.9658,23.9658,23.9658,23.9658,168.0,23.8836
MNVR,32.305,32.305,32.305,32.305,0.0,
LFAW,173.5722,173.5722,173.5722,173.5722,0.0,
UXJL,36.1616,36.1616,36.1616,36.1616,48.0,36.0065
FEBM,31.09,31.09,31.09,31.09,173.0,31.0604
LFAO,162.773,162.773,162.773,162.773,2.0,162.8822
JUDO,27.4887,27.4887,27.4887,27.4887,91.0,27.3888
LFAI,149.4516,149.4516,149.4516,149.4516,11.1835,149.3666
HEMI,42.0793,42.0793,42.0793,42.0793,8.0,41.8429
BUFE,21.445,21.445,21.445,21.445,2068.0,21.4599
PMAP,27.17,27.17,27.17,27.17,0.0,
PTNT,25.5748,25.5748,25.5748,25.5748,12.196,25.45
OCDB,25.525,25.525,25.525,25.525,0.0,
TWOX,28.5748,28.5748,28.5748,28.5748,278.5267,28.5587
PMOC,25.8615,25.8615,25.8615,25.8615,0.0,
EAOK,28.0851,28.0851,28.0851,28.0851,120.5331,28.0363
JULZ,45.22,45.22,45.22,45.22,208.5173,45.0171
TSEP,25.825,25.825,25.825,25.825,31.0,25.8
LATR,23.8452,23.8452,23.8452,23.8452,19.209,24.0212
LIAM,236.118,236.118,236.118,236.118,0.0,
PJFM,66.8,66.8,66.8,66.8,2.0,66.8733
JADB,25.5,25.5,25.5,25.5,0.0,
PCL,49.4202,49.4202,49.4202,49.4202,2.0,49.421
GDT,39.714,39.714,39.714,39.714,403.051,39.834
ESG,170.8366,170.8366,170.8366,170.8366,118.3431,170.4241
ORO,20.1705,20.1705,20.1705,20.1705,58.090283,20.0586
EUIG,49.685,49.685,49.685,49.685,2.0201,49.75
PMJA,27.2995,27.2995,27.2995,27.2995,0.0,
CHNL,23.3965,23.3965,23.3965,23.3965,53.0,23.6598
PCI,50.014,50.014,50.014,50.014,0.0,
JANM,33.69,33.69,33.69,33.69,0.0,
VOXP,38.3443,38.3443,38.3443,38.3443,10.0,38.275
XTAP,44.705,44.705,44.705,44.705,1.0,44.6
JULB,26.955,26.955,26.955,26.955,3.0,26.9553
TMDV,48.7457,48.7457,48.7457,48.7457,7.5704,48.7476
XNOV,39.185,39.185,39.185,39.185,43.4853,39.1605
LJAN,24.685,24.685,24.685,24.685,102.0418,24.6852
TEMX,35.7257,35.7257,35.7257,35.7257,17.205818,35.7643
MVAL,35.1108,35.1108,35.1108,35.1108,205.6981,35.1895
QBQF,25.805,25.805,25.805,25.805,99.0,25.8399
EYES,25.0527,25.0527,25.0527,25.0527,105.4,25.1476
CBOL,23.615,23.615,23.615,23.615,36.0,23.6151
PMJN,26.6613,26.6613,26.6613,26.6613,0.0,
DGOC,32.14,32.14,32.14,32.14,0.0,
EMDV,47.0987,47.0987,47.0987,47.0987,191.2521,46.9842
LFDR,182.9081,182.9081,182.9081,182.9081,4.9206,182.9022
LFBE,182.8206,182.8206,182.8206,182.8206,0.0,
SCLZ,55.9231,55.9231,55.9231,55.9231,59.0,55.8268
PJBF,67.8697,67.8697,67.8697,67.8697,11.7131,67.3271
FB,44.4983,44.4983,44.4983,44.4983,41.427779,44.3633
JUNZ,34.9567,34.9567,34.9567,34.9567,76.574,34.8992
BFXU,23.045,23.045,23.045,23.045,12.0,22.91
PSMJ,33.47,33.47,33.47,33.47,2.0,33.45
PIEL,27.8175,27.8175,27.8175,27.8175,0.0,
PSCQ,30.8395,30.8395,30.8395,30.8395,0.0,
SCUB,25.05,25.05,25.05,25.05,2.0,25.0469
GLAM,24.6708,24.6708,24.6708,24.6708,2.0,24.59
EAOM,31.04,31.04,31.04,31.04,17.1906,30.9494
WDAI,25.8449,25.8449,25.8449,25.8449,27.0,25.843
USLN,50.85,50.85,50.85,50.85,7.0,50.8911
TOAO,25.3593,25.3593,25.3593,25.3593,0.0,
LIBD,275.7725,275.7725,275.7725,275.7725,4.7829,275.8908
EAOR,37.2797,37.2797,37.2797,37.2797,142.1004,37.2408
QBKV,26.955,26.955,26.955,26.955,0.0,
EHCC,25.4925,25.4925,25.4925,25.4925,17.1369,25.6558
NLSI,49.3584,49.3584,49.3584,49.3584,229.4624,49.1554
DOCK,25.2696,25.2696,25.2696,25.2696,14.647,25.3896
PCS,50.05,50.05,50.05,50.05,42.0,50.0267
SCOW,19.8254,19.8254,19.8254,19.8254,26.508,19.7176
CMAG,26.5152,26.5152,26.5152,26.5152,14.189,26.1285
DLAG,32.655,32.655,32.655,32.655,3.2671,32.6412
DGJA,31.26,31.26,31.26,31.26,0.0,
LYLD,29.7539,29.7539,29.7539,29.7539,51.9934,29.8282
EMMY,24.8283,24.8283,24.8283,24.8283,0.0,
FORH,24.9635,24.9635,24.9635,24.9635,5.2192,24.9133
CRDD,21.557,21.557,21.557,21.557,79.06,21.6283
MAUG,32.205,32.205,32.205,32.205,2.0,32.23
SMQ,42.6496,42.6496,42.6496,42.6496,0.0,
GLBL,27.7809,27.7809,27.7809,27.7809,0.0,
MAYZ,35.835,35.835,35.835,35.835,2.0,35.7601
CTIF,51.1676,51.1676,51.1676,51.1676,10.4358,51.1968
FLXI,49.1,49.1,49.1,49.1,0.0,
PSCJ,31.33,31.33,31.33,31.33,0.0,
TSPX,29.6007,29.6007,29.6007,29.6007,90.0,29.5011
STEN,27.1889,27.1889,27.1889,27.1889,203.3335,27.1845
ESGG,225.0599,225.0599,225.0599,225.0599,218.631638,224.5441
SQMX,33.98,33.98,33.98,33.98,10.0,33.98
QMY,25.735,25.735,25.735,25.735,0.0,
XEML,25.4265,25.4265,25.4265,25.4265,1.0,25.43
FEBZ,40.14,40.14,40.14,40.14,2.9877,40.0697
LIAU,260.4869,260.4869,260.4869,260.4869,0.0,
IMTG,49.245,49.245,49.245,49.245,0.0,
CMAY,25.3684,25.3684,25.3684,25.3684,0.0,
SEPP,32.0699,32.0699,32.0699,32.0699,105.0,32.017
MIG,21.2808,21.2808,21.2808,21.2808,95.7152,21.2749
INTM,51.75,51.75,51.75,51.75,0.0,
YUNG,25.3804,25.3804,25.3804,25.3804,164.198,25.1279
MEMA,31.8826,31.8826,31.8826,31.8826,8.0,31.9
QMID,28.09,28.09,28.09,28.09,89.9948,27.9684
QQLV,24.1815,24.1815,24.1815,24.1815,54.0,24.1126
BREM,51.2867,51.2867,51.2867,51.2867,33.612523,51.3537
PQOC,30.795,30.795,30.795,30.795,1.0,30.8
SSS,20.7776,20.7776,20.7776,20.7776,126.048,20.7679
FBYY,13.145,13.145,13.145,13.145,272.118979,13.0454
HQGO,64.0231,64.0231,64.0231,64.0231,12.9952,63.7531
DINE,25.145,25.145,25.145,25.145,5.0,25.21
MYMF,24.83,24.83,24.83,24.83,2.0,24.8295
SPAQ,92.0799,92.0799,92.0799,92.0799,4.0,92.1349
DAK,28.9791,28.9791,28.9791,28.9791,75.0,28.8057
PQAP,31.75,31.75,31.75,31.75,0.0,
GFGF,35.2253,35.2253,35.2253,35.2253,32.9644,35.1619
BEEZ,32.3401,32.3401,32.3401,32.3401,35.0,32.3515
HFSP,14.355,14.355,14.355,14.355,4.0,14.2804
SUPP,81.2928,81.2928,81.2928,81.2928,15.0412,81.087
SJCP,25.175,25.175,25.175,25.175,17.0,25.1242
FIYY,25.02,25.02,25.02,25.02,44.0,25.0151
DVSP,29.004,29.004,29.004,29.004,27.0,28.92
NRES,34.88,34.88,34.88,34.88,133.111213,34.8739
TRUF,26.6225,26.6225,26.6225,26.6225,1.0,26.76
DVXY,23.6107,23.6107,23.6107,23.6107,1.0,23.625
CPHY,51.2697,51.2697,51.2697,51.2697,2.0,51.2125
AAEQ,52.9939,52.9939,52.9939,52.9939,9.962013,52.914
MYHD,24.945,24.945,24.945,24.945,275.0,24.9548
ABI,24.8,24.8,24.8,24.8,7.0,24.7942
MYHE,24.855,24.855,24.855,24.855,140.0,24.8528
TXUG,25.9355,25.9355,25.9355,25.9355,5.823,25.8987
MYMG,24.69,24.69,24.69,24.69,0.0,
LCDS,70.8719,70.8719,70.8719,70.8719,2.0,70.6201
IDVY,25.9808,25.9808,25.9808,25.9808,5.0,25.96
WTMU,25.65,25.65,25.65,25.65,6.0,25.6498
VEFA,77.927,77.927,77.927,77.927,0.025,77.84
SHRY,43.281,43.281,43.281,43.281,39.8572,43.3133
CMBO,102.13,102.13,102.13,102.13,0.0,
QHDG,30.02,30.02,30.02,30.02,80.0,29.9914
USCL,82.9528,82.9528,82.9528,82.9528,16.1878,82.6181
DVXV,28.9885,28.9885,28.9885,28.9885,1.0,29.01
PABD,68.2026,68.2026,68.2026,68.2026,9.0,67.9337
AAUS,59.4572,59.4572,59.4572,59.4572,14.1305,59.2526
ESMV,29.2592,29.2592,29.2592,29.2592,18.2566,29.2114
MYMH,24.52,24.52,24.52,24.52,0.0,
USFI,24.56,24.56,24.56,24.56,2.0,24.5589
DUSG,49.2308,49.2308,49.2308,49.2308,391.453,49.1793
DGLO,22.8141,22.8141,22.8141,22.8141,3.0,22.7623
EYEG,35.2036,35.2036,35.2036,35.2036,132.7053,35.1299
HWSM,28.6593,28.6593,28.6593,28.6593,0.0,
RCGE,28.7252,28.7252,28.7252,28.7252,0.064,28.715
HECO,58.2835,58.2835,58.2835,58.2835,97.445,57.6731
UCRD,21.415,21.415,21.415,21.415,7.0962,21.4136
FDRX,21.3891,21.3891,21.3891,21.3891,69.234,21.1014
RWIN,26.2149,26.2149,26.2149,26.2149,10.0,26.2
MCDS,63.945,63.945,63.945,63.945,58.0408,63.7193
AAVM,34.3912,34.3912,34.3912,34.3912,123.9031,34.3716
SCLS,25.4521,25.4521,25.4521,25.4521,0.0,
NFRX,26.7741,26.7741,26.7741,26.7741,19.803,26.7139
DVXF,22.7851,22.7851,22.7851,22.7851,2.0,22.855
ENHU,27.5069,27.5069,27.5069,27.5069,62.0,27.5108
QQHG,65.0405,65.0405,65.0405,65.0405,7.9154,65.006
ODDS,24.08,24.08,24.08,24.08,95.6313,23.8674
ZTOP,51.9,51.9,51.9,51.9,5.019,51.878
ISHP,34.5163,34.5163,34.5163,34.5163,7.2635,34.4214
DVXC,27.3571,27.3571,27.3571,27.3571,1.0,27.02
IBGL,23.58,23.58,23.58,23.58,29.6416,23.6025
CCFE,26.5281,26.5281,26.5281,26.5281,0.0,
XEY,24.84,24.84,24.84,24.84,67.83,24.8895
WTMY,25.28,25.28,25.28,25.28,28.0,25.2978
EEE,21.1173,21.1173,21.1173,21.1173,180.0,21.1168
SCDS,71.5071,71.5071,71.5071,71.5071,4.9958,71.4937
DVXP,25.6741,25.6741,25.6741,25.6741,5.0,25.648
WABF,24.99,24.99,24.99,24.99,138.0081,24.9582
PSWD,35.1211,35.1211,35.1211,35.1211,81.997,34.8142
RNEM,55.53,55.53,55.53,55.53,24.016,55.6629
MULT,25.11,25.11,25.11,25.11,3.0,25.1144
ENHI,26.415,26.415,26.415,26.415,17.0,26.4106
DVUT,26.8587,26.8587,26.8587,26.8587,3.0,26.7365
USRD,35.9156,35.9156,35.9156,35.9156,10.2852,35.8306
SPCK,21.985,21.985,21.985,21.985,534.074647,21.8327
DVRE,24.4586,24.4586,24.4586,24.4586,0.0,
BBB,30.7301,30.7301,30.7301,30.7301,169.5258,30.6838
CZAR,31.4,31.4,31.4,31.4,4.0,31.3831
KIQQ,25.73,25.73,25.73,25.73,0.0,
DADS,21.195,21.195,21.195,21.195,109.0,21.152
SJLD,25.49,25.49,25.49,25.49,10.0,25.5458
QNXT,29.3418,29.3418,29.3418,29.3418,318.7687,29.3221
INDQ,26.5273,26.5273,26.5273,26.5273,95.3769,26.4871
TAX,29.84,29.84,29.84,29.84,20.9966,29.8128
MYHB,24.9846,24.9846,24.9846,24.9846,0.0,
EFRA,35.0757,35.0757,35.0757,35.0757,47.5283,35.09
MKAM,31.79,31.79,31.79,31.79,15.034073,31.7319
GTPE,58.0565,58.0565,58.0565,58.0565,53.046,57.792
MTEST.A,25.074,25.074,25.074,25.074,85000.0,25.0666
MTEST,25.0755,25.0755,25.0755,25.0755,77900.0,25.0823
NTEST,25.04,25.0,25.04,25.0,13021.0,25.0232
NTEST.H,25.02,25.02,25.02,25.02,1760.0,25.03
NTEST.I,25.065,25.04,25.065,25.04,2240.0,25.0588
ZIEXT,1.0,1.0,1.0,1.0,1000.0,1.0
ZTEST,7616.1492,7616.1492,7616.1492,7616.1492,0.0,
ZVZZT,30.0,28.16,30.0,25.25,294542.12345,24.7206
ZBZX,25.0723,25.0723,25.0723,25.0723,0.0,
ZTST,12345.0,12345.0,12345.0,12345.0,0.0,
ZXIET,100.0,100.0,100.0,100.0,2000.0,100.0
ZEXIT,10.0,10.0,10.0,10.0,2000.0,10.0
